season,site,school,team,band_slots,school_teams,school_online_rank,school_channels,linked,online_rank,gold,admission,channel,medal
2023,hangzhou,National University of Mongolia,NUM-DSE,0,1,,non_mainland,none,,0,quota,non_mainland,
2023,hangzhou,安徽大学,三条可怜（冬季限定）,1,1,104,,roster,289.7,0,band,,
2023,hangzhou,安徽工业大学,安工大今年最后在ICPC上睡觉,1,1,138,,roster,668.3,0,band,,silver
2023,hangzhou,北方工业大学,全靠外卡,0,1,237,,none,,0,quota,unexplained,silver
2023,hangzhou,北京大学,摆烂人,3,4,1,wf,name,2.0,1,band,,gold
2023,hangzhou,北京大学,暂时不能给你明确的队名！,3,4,1,wf,name,23.1,1,band,,gold
2023,hangzhou,北京大学,暂时不能给你明确的队名,3,4,1,wf,name,23.1,1,band,,gold
2023,hangzhou,北京大学,undefined,3,4,1,wf,name,27.3,0,quota,wf,silver
2023,hangzhou,北京电子科技学院,颗粒不知道阿,0,1,197,,roster,727.5,0,quota,unexplained,
2023,hangzhou,北京工业大学,Sis puella magica!,1,1,140,,name,369.9,0,band,,silver
2023,hangzhou,北京航空航天大学,电脑配置低，一打ICPC就死机,3,4,7,wf,roster,35.0,1,band,,gold
2023,hangzhou,北京航空航天大学,口嗨战神,3,4,7,wf,name,35.1,1,band,,gold
2023,hangzhou,北京航空航天大学,不可计算,3,4,7,wf,name,107.4,1,band,,gold
2023,hangzhou,北京航空航天大学,哟哟,3,4,7,wf,roster,221.0,0,quota,wf,silver
2023,hangzhou,北京化工大学,祝你好运玩得开心,1,2,79,,roster,287.8,0,band,,silver
2023,hangzhou,北京化工大学,艾克斯,1,2,79,,roster,629.3,0,quota,unexplained,bronze
2023,hangzhou,北京建筑大学,三只袋鼠,1,1,61,,roster,148.3,1,band,,gold
2023,hangzhou,北京交通大学,羊羊羊,3,3,14,,name,25.3,1,band,,gold
2023,hangzhou,北京交通大学,三位一体,3,3,14,,name,828.4,0,band,,bronze
2023,hangzhou,北京交通大学,绽放,3,3,14,,roster,1070.5,0,band,,
2023,hangzhou,北京科技大学,我再试试,1,1,159,,roster,768.6,0,band,,bronze
2023,hangzhou,北京理工大学,ddl战神,3,4,15,wf,name,88.1,1,band,,gold
2023,hangzhou,北京理工大学,雪崩团灭清一色,3,4,15,wf,name,122.0,0,band,,silver
2023,hangzhou,北京理工大学,秋秋粉丝团,3,4,15,wf,name,127.7,0,band,,bronze
2023,hangzhou,北京理工大学,脸滚键盘企图AC,3,4,15,wf,roster,767.9,0,quota,wf,bronze
2023,hangzhou,北京理工大学珠海学院,先行者,1,1,170,,roster,1763.4,0,band,,
2023,hangzhou,北京林业大学,可持久化猫猫虫咖波,1,1,73,,none,,0,band,,
2023,hangzhou,北京师范大学,异或小姐的狗,1,1,88,,name,425.3,0,band,,bronze
2023,hangzhou,北京师范大学珠海分校,山脉震撼明星之薪,0,1,300,,roster,1370.7,0,quota,unexplained,
2023,hangzhou,北京信息科技大学,开局起内格夫的冰瓜投手打国王峡谷能变鬼吗,0,1,248,,roster,775.0,0,quota,unexplained,
2023,hangzhou,北京邮电大学,六目相对,3,3,35,,name,96.0,0,band,,silver
2023,hangzhou,北京邮电大学,野鸡大队,3,3,35,,name,105.7,0,band,,silver
2023,hangzhou,北京邮电大学,你说的队,3,3,35,,name,231.8,0,band,,silver
2023,hangzhou,常熟理工学院,老默我想吃坤了,0,1,213,,roster,1765.9,0,quota,unexplained,
2023,hangzhou,成都大学,倚楼听风雨,0,1,277,,roster,1582.5,0,quota,unexplained,
2023,hangzhou,成都东软学院,香奈美，带我走吧,0,1,257,,roster,1126.8,0,quota,unexplained,
2023,hangzhou,成都理工大学,对对对你说的都对,1,1,127,,roster,1367.3,0,band,,
2023,hangzhou,成都信息工程大学,你是我未曾拥有无法捕捉的亲昵,1,1,90,,roster,703.2,0,band,,bronze
2023,hangzhou,重庆大学,第四天灾,3,3,44,,name,358.0,0,band,,bronze
2023,hangzhou,重庆大学,这个队名出现在21世纪还是太超前了,3,3,44,,name,410.2,0,band,,bronze
2023,hangzhou,重庆大学,你不曾注意到孩子们在悲鸣着分崩离析！,3,3,44,,roster,862.4,0,band,,
2023,hangzhou,重庆工程学院,十年单身换区预赛铜牌,0,1,278,,roster,943.0,0,quota,unexplained,
2023,hangzhou,重庆交通大学,拿舍友十年单身换铜,0,1,262,,roster,1368.0,0,quota,unexplained,
2023,hangzhou,重庆科技学院,一路走来，辛苦了,0,1,255,,roster,951.2,0,quota,unexplained,
2023,hangzhou,重庆理工大学,西唯兵打铁匠,0,1,330,,roster,1463.0,0,quota,unexplained,bronze
2023,hangzhou,重庆邮电大学,我们仍未知道那天AC的原因,1,1,80,,name,420.7,0,band,,
2023,hangzhou,大连大学,猫猫虫饼干,1,1,132,,name,430.1,0,band,,
2023,hangzhou,大连理工大学,灼灼韶华,2,2,81,,roster,204.3,0,band,,bronze
2023,hangzhou,大连理工大学,对无名,2,2,81,,name,697.0,0,band,,
2023,hangzhou,大连理工大学（盘锦校区）,小蓝鸭,0,1,198,,roster,970.3,0,quota,unexplained,
2023,hangzhou,电子科技大学,UESTC_会编程到底是什么感觉_jpg,3,4,34,wf,roster,181.4,1,band,,gold
2023,hangzhou,电子科技大学,UESTC_扭转乾坤,3,4,34,wf,roster,263.7,0,band,,silver
2023,hangzhou,电子科技大学,UESTC_篝月明火,3,4,34,wf,roster,349.7,0,band,,silver
2023,hangzhou,电子科技大学,UESTC_忒修斯之船,3,4,34,wf,roster,352.6,1,quota,wf,gold
2023,hangzhou,电子科技大学中山学院,澄净闪耀,0,1,216,,name,791.1,0,quota,unexplained,bronze
2023,hangzhou,东北大学,东北大学_天狐座,3,4,27,host,roster,65.3,1,band,,gold
2023,hangzhou,东北大学,东北大学_礻亻牜,3,4,27,host,name,404.8,0,band,,silver
2023,hangzhou,东北大学,东北大学_好果汁,3,4,27,host,roster,661.5,0,band,,
2023,hangzhou,东北大学,东北大学_1234566,3,4,27,host,name,787.8,0,quota,host,
2023,hangzhou,东北大学秦皇岛分校,小饼卷大葱,2,1,83,,name,274.7,0,band,,silver
2023,hangzhou,东北农业大学,四级合砍1000分,1,1,162,,roster,742.6,0,band,,
2023,hangzhou,东北师范大学,网瘾三人组,0,1,236,,none,,0,quota,unexplained,
2023,hangzhou,东莞理工学院,想好队名了吗？,0,1,187,,name,629.4,0,quota,unexplained,bronze
2023,hangzhou,东华大学,#不可视境界线#,2,2,67,,name,151.0,0,band,,silver
2023,hangzhou,东华大学,陈晓剑舞,2,2,67,,name,403.9,0,band,,silver
2023,hangzhou,东华理工大学,东理第一大队,0,1,275,,name,865.0,0,quota,unexplained,bronze
2023,hangzhou,东南大学,打ACM打的,3,4,59,,name,401.2,0,band,,
2023,hangzhou,东南大学,UKE自动机,3,4,59,,none,,0,band,,bronze
2023,hangzhou,东南大学,扬帆续新辰,3,4,59,,none,,0,band,,
2023,hangzhou,东南大学,大小姐的下午茶时光,3,4,59,,none,,0,quota,unexplained,
2023,hangzhou,佛山科学技术学院,去年打铁一整年,0,1,230,,name,642.4,0,quota,unexplained,silver
2023,hangzhou,福建理工大学,凛冬将至,1,1,124,,name,859.8,0,band,,
2023,hangzhou,福建农林大学,轻舟已过万重山,0,1,219,,roster,633.1,0,quota,unexplained,bronze
2023,hangzhou,福建师范大学,哇哦!金色传说!,1,1,131,,roster,643.0,0,band,,bronze
2023,hangzhou,福州大学,浴室踩订书机,3,4,60,,roster,189.5,0,band,,silver
2023,hangzhou,福州大学,三年之期，今日AC,3,4,60,,roster,952.5,0,band,,bronze
2023,hangzhou,福州大学,不AC不睡觉,3,4,60,,none,,0,band,,bronze
2023,hangzhou,福州大学,四年老兵,3,4,60,,none,,0,quota,unexplained,silver
2023,hangzhou,阜阳师范大学,人从众,0,1,264,,name,1075.0,0,quota,unexplained,
2023,hangzhou,复旦大学,你先别急，让我调DP,3,3,19,,name,186.8,0,band,,bronze
2023,hangzhou,复旦大学,再多一眼看一眼就会 AC,3,3,19,,roster,232.0,0,band,,silver
2023,hangzhou,复旦大学,黑莲,3,3,19,,name,267.2,0,band,,silver
2023,hangzhou,广东工业大学,漫游者,3,3,51,,name,415.1,0,band,,bronze
2023,hangzhou,广东工业大学,睡觉最舒服了,3,3,51,,roster,436.6,0,band,,bronze
2023,hangzhou,广东工业大学,这不是BUG，是特性,3,3,51,,name,889.3,0,band,,
2023,hangzhou,广东工业大学揭阳校区,彼岸之约,1,1,147,,roster,558.4,0,band,,bronze
2023,hangzhou,广东技术师范大学,GPNU-Awei,0,1,289,,none,,0,quota,unexplained,
2023,hangzhou,广东金融学院,评测机上抹点绿,0,1,327,,roster,1207.7,0,quota,unexplained,
2023,hangzhou,广东外语外贸大学,WA1forever,0,1,207,,none,,0,quota,unexplained,
2023,hangzhou,广西大学,知耻而后勇,1,1,74,,name,183.0,0,band,,silver
2023,hangzhou,广州大学,虚虚得实,2,2,134,,name,444.1,0,band,,bronze
2023,hangzhou,广州大学,奇迹于你,2,2,134,,name,515.2,0,band,,bronze
2023,hangzhou,广州华立学院,少壮不努力，长大靠翻译,0,1,281,,roster,1364.3,0,quota,unexplained,
2023,hangzhou,广州南方学院,狂怒,0,1,378,,none,,0,quota,unexplained,
2023,hangzhou,贵州大学,糯米锅巴,0,1,183,,name,1038.6,0,quota,unexplained,bronze
2023,hangzhou,桂林电子科技大学,Dreamboat,0,1,181,,name,689.0,0,quota,unexplained,bronze
2023,hangzhou,国防科技大学,青铜时代号,2,2,12,,name,223.0,0,band,,silver
2023,hangzhou,国防科技大学,冲冲冲,2,2,12,,none,,0,band,,bronze
2023,hangzhou,哈尔滨工程大学,圣马家沟修船工,2,3,82,,name,637.0,0,band,,bronze
2023,hangzhou,哈尔滨工程大学,可持久化阿兹弗特维修会沙勒人理旅游空想树,2,3,82,,roster,776.7,0,band,,bronze
2023,hangzhou,哈尔滨工程大学,goto:希腊奶,2,3,82,,name,1092.0,0,quota,unexplained,bronze
2023,hangzhou,哈尔滨工业大学,北风与秋水,3,3,9,,name,93.0,0,band,,bronze
2023,hangzhou,哈尔滨工业大学,烨叶知秋,3,3,9,,name,102.2,0,band,,silver
2023,hangzhou,哈尔滨工业大学,都是方舟惹的祸,3,3,9,,name,212.8,0,band,,silver
2023,hangzhou,哈尔滨工业大学（深圳）,老年旅行社,3,3,40,,name,185.0,0,band,,bronze
2023,hangzhou,哈尔滨工业大学（深圳）,博德之门,3,3,40,,none,,0,band,,bronze
2023,hangzhou,哈尔滨工业大学（深圳）,又被队友带飞了,3,3,40,,none,,0,band,,bronze
2023,hangzhou,哈尔滨工业大学（威海）,唐可可后援会,2,2,69,,name,604.0,0,band,,silver
2023,hangzhou,哈尔滨工业大学（威海）,冬天的尾声,2,2,69,,name,627.0,0,band,,
2023,hangzhou,哈尔滨理工大学,哈理工05队HZ,3,3,42,,roster,319.4,0,band,,bronze
2023,hangzhou,哈尔滨理工大学,哈理工12队HZ,3,3,42,,roster,399.7,0,band,,
2023,hangzhou,哈尔滨理工大学,哈理工10队HZ,3,3,42,,roster,1197.3,0,band,,bronze
2023,hangzhou,哈尔滨信息工程学院,开拓者,0,1,459,,none,,0,quota,unexplained,
2023,hangzhou,海南大学,死者蘇生,0,1,234,,roster,668.0,0,quota,unexplained,bronze
2023,hangzhou,韩山师范学院,玫瑰常开警告常在,0,1,315,,name,1228.7,0,quota,unexplained,
2023,hangzhou,汉口学院,扬州炒饭,0,1,298,,none,,0,quota,unexplained,
2023,hangzhou,杭州电子科技大学,Slayers Come,3,4,16,wf|local,roster,23.0,1,band,,gold
2023,hangzhou,杭州电子科技大学,杏花疏影林,3,4,16,wf|local,roster,150.0,0,band,,silver
2023,hangzhou,杭州电子科技大学,老年活动中心,3,4,16,wf|local,roster,290.0,0,band,,bronze
2023,hangzhou,杭州电子科技大学,重生之我是吉吉国王,3,4,16,wf|local,none,,0,quota,wf,silver
2023,hangzhou,杭州电子科技大学信息工程学院,清蒸狮子头,1,2,75,local,roster,164.0,1,band,,gold
2023,hangzhou,杭州电子科技大学信息工程学院,BugGPT,1,2,75,local,name,2185.0,0,quota,local,
2023,hangzhou,合肥工业大学,天天做早操队,1,1,142,,name,1496.4,0,band,,
2023,hangzhou,合肥工业大学宣城校区,Please,1,1,94,,name,915.6,0,band,,bronze
2023,hangzhou,合肥学院,打个表吧,1,1,112,,name,813.8,0,band,,bronze
2023,hangzhou,河北工业大学,我来写你们别走,1,1,126,,name,1092.2,0,band,,
2023,hangzhou,河北师范大学,键上翻花,0,1,187,,name,944.8,0,quota,unexplained,silver
2023,hangzhou,河海大学,三个绿名,1,1,102,,roster,317.1,0,band,,bronze
2023,hangzhou,河南大学,零异事件,1,1,110,,roster,574.8,0,band,,bronze
2023,hangzhou,河南工业大学,过不了四级怎么办,1,1,120,,roster,324.0,0,band,,silver
2023,hangzhou,河南理工大学,愿此行，终抵群星,1,1,158,,roster,705.0,0,band,,
2023,hangzhou,河南农业大学,十年算竞一场空,1,1,117,,roster,1200.3,0,band,,
2023,hangzhou,黑龙江大学,宇宙无敌暴龙战士,0,1,235,,none,,0,quota,unexplained,bronze
2023,hangzhou,湖北第二师范学院,壮志凌云,0,1,353,,none,,0,quota,unexplained,
2023,hangzhou,湖北工业大学,长生,0,1,182,,roster,1639.9,0,quota,unexplained,
2023,hangzhou,湖南城市学院,博学丁真,0,1,230,,roster,632.0,0,quota,unexplained,bronze
2023,hangzhou,湖南大学,金色传说,1,2,65,wf,roster,116.0,1,band,,gold
2023,hangzhou,湖南大学,一眼铁木真，假不了一点,1,2,65,wf,name,770.0,0,quota,wf,
2023,hangzhou,湖南科技大学,厵神高手,1,1,163,,name,512.0,0,band,,bronze
2023,hangzhou,湖南理工学院,流泪猫猫头,2,2,57,,name,887.0,0,band,,silver
2023,hangzhou,湖南理工学院,欢乐斗地组,2,2,57,,name,1562.0,0,band,,
2023,hangzhou,湖南农业大学,杭州真的是美食荒漠吗？,0,1,196,,roster,491.0,0,quota,unexplained,
2023,hangzhou,湖南师范大学,不想努力了,1,1,84,,roster,301.5,0,band,,bronze
2023,hangzhou,湖南文理学院,我在理塘玩原神,1,1,128,,roster,320.0,0,band,,
2023,hangzhou,湖南中医药大学,取个队名这么难还能不能好好做题了,0,1,317,,roster,1107.0,0,quota,unexplained,
2023,hangzhou,湖州师范学院,我不知道该跟你怎么说，因为我只是一个灰名,0,1,260,local,roster,1532.1,0,quota,local,
2023,hangzhou,华北理工大学,难铜+难铜+队内唯一女队员,0,1,184,,none,,0,quota,unexplained,
2023,hangzhou,华东理工大学,想队名比过题还难,1,1,63,,roster,115.0,0,band,,
2023,hangzhou,华东师范大学,英文队名逆序队,3,4,53,,name,301.0,0,band,,bronze
2023,hangzhou,华东师范大学,遥遥领先,3,4,53,,roster,634.5,0,band,,bronze
2023,hangzhou,华东师范大学,AC进度加载中,3,4,53,,roster,829.8,0,band,,
2023,hangzhou,华东师范大学,与夏之花,3,4,53,,none,,0,quota,unexplained,silver
2023,hangzhou,华南理工大学,取乎其上,2,3,71,,name,200.1,0,band,,bronze
2023,hangzhou,华南理工大学,bb84,2,3,71,,name,304.3,0,band,,bronze
2023,hangzhou,华南理工大学,EssenceWFern,2,3,71,,name,330.4,0,quota,unexplained,silver
2023,hangzhou,华南农业大学,天天原神启动不训练，icpc还想拿牌子?,1,1,111,,roster,899.9,0,band,,bronze
2023,hangzhou,华南师范大学,开摆队,1,2,114,,name,579.7,0,band,,bronze
2023,hangzhou,华南师范大学,仙人掌套树构造AC自动机,1,2,114,,none,,0,quota,unexplained,bronze
2023,hangzhou,华侨大学,潜龙腾渊,2,1,36,,roster,1268.4,0,band,,
2023,hangzhou,华中科技大学,小鲤鱼历险记,3,4,17,wf,roster,27.8,1,band,,gold
2023,hangzhou,华中科技大学,原神怎么你了,3,4,17,wf,name,202.0,1,band,,gold
2023,hangzhou,华中科技大学,打铁打的,3,4,17,wf,name,378.9,0,band,,bronze
2023,hangzhou,华中科技大学,想好队名再改,3,4,17,wf,none,,0,quota,wf,silver
2023,hangzhou,华中农业大学,最后一舞,0,1,203,,roster,711.7,0,quota,unexplained,
2023,hangzhou,华中师范大学,梅狸猫,3,2,50,,roster,401.0,0,band,,bronze
2023,hangzhou,华中师范大学,热爱生活,3,2,50,,roster,632.9,0,band,,silver
2023,hangzhou,怀化学院,怀化学院1队,0,1,271,,roster,1048.0,0,quota,unexplained,
2023,hangzhou,惠州学院,永远的难题,0,1,214,,name,787.1,0,quota,unexplained,bronze
2023,hangzhou,吉林大学,烈冕号,3,3,29,,name,73.8,1,band,,gold
2023,hangzhou,吉林大学,三只凇鼠,3,3,29,,name,562.0,0,band,,bronze
2023,hangzhou,吉林大学,随便,3,3,29,,name,705.6,0,band,,bronze
2023,hangzhou,吉首大学,猪猪队,0,1,199,,roster,526.0,0,quota,unexplained,bronze
2023,hangzhou,集美大学,罚时糕手,0,1,190,,roster,491.3,0,quota,unexplained,bronze
2023,hangzhou,集宁师范学院,我不知道,0,1,,,none,,0,quota,unexplained,
2023,hangzhou,济南大学,天下无人不识君,1,1,156,,roster,1174.5,0,band,,
2023,hangzhou,暨南大学,V你50罚时,1,2,95,wf,name,411.0,0,band,,
2023,hangzhou,暨南大学,广州市第六中学一队,1,2,95,wf,none,,1,quota,wf,gold
2023,hangzhou,嘉兴学院,我有一个商单，但这里太小放不下甲方的文案,0,1,,local,none,,0,quota,local,
2023,hangzhou,嘉应学院,神狗之争,1,1,173,,roster,744.1,0,band,,bronze
2023,hangzhou,江南大学,糯叽糯叽猫猫队,1,1,166,,none,,0,band,,bronze
2023,hangzhou,江苏大学,闪耀之所在,0,1,267,,none,,0,quota,unexplained,silver
2023,hangzhou,江西财经大学,从第一个WA开始,1,2,175,,roster,490.5,0,band,,
2023,hangzhou,江西财经大学,Jtrip,1,2,175,,roster,1532.0,0,quota,unexplained,
2023,hangzhou,江西理工大学,重生之不用考试也有编制,1,1,118,,roster,744.7,0,band,,bronze
2023,hangzhou,江西农业大学,网瘾犯了,0,1,342,,name,1383.3,0,quota,unexplained,bronze
2023,hangzhou,江西师范大学,Watch A-SOUL and become Au,1,2,116,,name,340.9,1,band,,gold
2023,hangzhou,江西师范大学,逸一时误一时,1,2,116,,name,704.0,0,quota,unexplained,
2023,hangzhou,昆山杜克大学,123,1,1,70,,none,,1,band,,gold
2023,hangzhou,兰州大学,ID Smile,2,2,55,,roster,507.0,0,band,,bronze
2023,hangzhou,兰州大学,艾克·尤里卡,2,2,55,,none,,0,band,,
2023,hangzhou,乐山师范学院,超时重连,1,1,172,,none,,0,band,,bronze
2023,hangzhou,辽宁大学,云里雾里,1,1,161,,name,417.0,0,band,,silver
2023,hangzhou,聊城大学,未来算法研究所,0,1,296,,name,1094.1,0,quota,unexplained,
2023,hangzhou,龙岩学院,小甜妹不想难铜,0,1,,,none,,0,quota,unexplained,bronze
2023,hangzhou,鲁东大学,星星之火 - 重生,1,1,106,,roster,490.7,0,band,,silver
2023,hangzhou,闽南师范大学,rank++の速度系ka速五厘米death,0,1,292,,name,1086.9,0,quota,unexplained,
2023,hangzhou,南昌大学,不可思议,0,2,256,,none,,0,quota,unexplained,silver
2023,hangzhou,南昌大学,ACkeeper,0,2,256,,none,,0,quota,unexplained,
2023,hangzhou,南昌航空大学,雀食蟀但是菜,1,1,169,,name,1347.4,0,band,,bronze
2023,hangzhou,南昌理工学院,参宿四,0,1,340,,roster,1550.0,0,quota,unexplained,
2023,hangzhou,南方科技大学,南方科技大学-赫尔辛基,3,3,11,wf,name,30.5,1,band,,gold
2023,hangzhou,南方科技大学,南方科技大学-万塔,3,3,11,wf,name,219.1,0,band,,silver
2023,hangzhou,南方科技大学,科科拉,3,3,11,wf,roster,508.4,0,band,,bronze
2023,hangzhou,南华大学,昨天刚学cpp,1,1,121,,name,306.0,0,band,,bronze
2023,hangzhou,南京大学,优质解答：我不知道,3,4,5,wf,name,50.2,1,band,,gold
2023,hangzhou,南京大学,平流层,3,4,5,wf,name,120.7,0,band,,silver
2023,hangzhou,南京大学,南小鸟,3,4,5,wf,name,130.0,0,band,,silver
2023,hangzhou,南京大学,明明是我先来的,3,4,5,wf,roster,141.9,1,quota,wf,gold
2023,hangzhou,南京工业大学,像我们一样爆零就泰裤辣,1,1,145,,name,882.5,0,band,,
2023,hangzhou,南京航空航天大学,林克时间,1,4,64,host,name,799.7,0,band,,
2023,hangzhou,南京航空航天大学,不知道什么是算法,1,4,64,host,name,938.0,0,quota,host,
2023,hangzhou,南京航空航天大学,我的XCPC物语果然有问题,1,4,64,host,name,939.4,0,quota,host,
2023,hangzhou,南京航空航天大学,金牌锅贴,1,4,64,host,none,,0,quota,unexplained,
2023,hangzhou,南京理工大学,平和猫猫头,3,3,24,,name,76.3,1,band,,gold
2023,hangzhou,南京理工大学,赤豹纹狸,3,3,24,,name,216.4,0,band,,silver
2023,hangzhou,南京理工大学,流满猫猫头,3,3,24,,roster,289.3,0,band,,silver
2023,hangzhou,南京林业大学,林带观光团,1,1,151,,name,971.6,0,band,,bronze
2023,hangzhou,南京师范大学,石砖のicpc == 篮球省赛,1,1,119,,roster,1137.3,0,band,,
2023,hangzhou,南京信息工程大学,跟不上榜,2,2,25,,name,274.4,0,band,,silver
2023,hangzhou,南京信息工程大学,蒟蒻果冻,2,2,25,,name,820.8,0,band,,bronze
2023,hangzhou,南京邮电大学,梦里也会觉得AC难求,3,4,18,wf,roster,398.8,0,band,,
2023,hangzhou,南京邮电大学,你别急，我先看看榜,3,4,18,wf,roster,552.2,0,band,,
2023,hangzhou,南京邮电大学,苟分小队,3,4,18,wf,roster,785.8,0,band,,bronze
2023,hangzhou,南京邮电大学,黎明彼岸,3,4,18,wf,none,,0,quota,wf,
2023,hangzhou,南京邮电大学通达学院,td 启动！,0,1,279,,roster,1009.8,0,quota,unexplained,bronze
2023,hangzhou,南开大学,强基计划我爱你,3,3,30,,roster,256.9,0,band,,silver
2023,hangzhou,南开大学,又到了想队伍名的时间,3,3,30,,roster,820.2,0,band,,bronze
2023,hangzhou,南开大学,斌斌全球粉丝后援会,3,3,30,,roster,919.4,0,band,,
2023,hangzhou,南通大学,抱歉，这没有南通,1,1,123,,roster,338.5,0,band,,silver
2023,hangzhou,南阳师范学院,随便吧,0,1,204,,name,662.0,0,quota,unexplained,
2023,hangzhou,内蒙古师范大学,IMNU1,0,1,439,,none,,0,quota,unexplained,
2023,hangzhou,宁波财经学院,下水管道疏通半小时上门,0,1,218,local,name,625.7,0,quota,local,bronze
2023,hangzhou,宁波大学,ACtor,1,2,105,local,name,533.7,0,band,,bronze
2023,hangzhou,宁波大学,Nullpo后要接Ga,1,2,105,local,roster,1112.0,0,quota,local,
2023,hangzhou,宁波工程学院,酸 梅 汤,0,1,337,local,roster,1286.5,0,quota,local,
2023,hangzhou,宁波职业技术学院,寻人启事:宁职王某,0,1,266,local,roster,1108.1,0,quota,local,bronze
2023,hangzhou,莆田学院,葡萄菜菜子,1,1,176,,roster,650.4,0,band,,bronze
2023,hangzhou,齐鲁工业大学,我是一颗二叉树，又二又差又上树,1,3,109,,roster,1459.2,0,band,,bronze
2023,hangzhou,齐鲁工业大学,人见人爱花见花开车见车爆胎的猪猪侠男神赐予我力量吧！,1,3,109,,roster,1670.3,0,quota,unexplained,
2023,hangzhou,齐鲁工业大学（山东省科学院）,关于我转生变成孙笑川打算竞这档事,1,3,109,,none,,0,quota,unexplained,
2023,hangzhou,青岛大学,三个东营人,1,1,150,,name,576.2,0,band,,
2023,hangzhou,青岛科技大学,斯卡布罗集市,0,1,186,,name,552.0,0,quota,unexplained,bronze
2023,hangzhou,青岛理工大学,风起微澜,1,1,165,,name,1188.9,0,band,,
2023,hangzhou,青岛农业大学,在西湖湖畔看V玩原神,0,1,329,,none,,0,quota,unexplained,
2023,hangzhou,清华大学,顶针的约克5,3,4,4,wf,name,21.0,1,band,,gold
2023,hangzhou,清华大学,QDEZ214驻清办,3,4,4,wf,name,26.9,1,band,,gold
2023,hangzhou,清华大学,循环不止，优化不息,3,4,4,wf,none,,1,band,,gold
2023,hangzhou,清华大学,一路向北,3,4,4,wf,none,,1,quota,wf,gold
2023,hangzhou,衢州学院,拿不到牌就给三国杀好评,0,1,,local,none,,0,quota,local,
2023,hangzhou,曲阜师范大学,失踪的天鹅本鹅,0,1,223,,roster,1691.1,0,quota,unexplained,
2023,hangzhou,山东大学,世伊鸾涧渊,3,4,23,wf,name,155.8,0,band,,silver
2023,hangzhou,山东大学,玩原神玩的,3,4,23,wf,name,531.5,0,band,,bronze
2023,hangzhou,山东大学,梦天使,3,4,23,wf,none,,0,band,,silver
2023,hangzhou,山东大学,其实，我们早就是世一大了,3,4,23,wf,none,,0,quota,wf,silver
2023,hangzhou,山东大学（威海）,主打一个陪伴,1,1,92,,name,193.0,1,band,,gold
2023,hangzhou,山东管理学院,花开富贵队,0,1,376,,roster,1660.0,0,quota,unexplained,
2023,hangzhou,山东建筑大学,大明湖的神秘生物,0,1,313,,roster,1178.8,0,quota,unexplained,
2023,hangzhou,山东科技大学,亚特兰蒂斯号,1,1,144,,name,1015.3,0,band,,
2023,hangzhou,山东理工大学,张鱼小丸子,1,1,101,,roster,316.0,0,band,,silver
2023,hangzhou,山东女子学院,一小瓶果粒橙,0,1,303,,roster,1159.4,0,quota,unexplained,
2023,hangzhou,山东师范大学,首充奖励,1,1,179,,roster,1182.2,0,band,,
2023,hangzhou,陕西科技大学,昼夜平分时,0,1,271,,roster,1498.4,0,quota,unexplained,bronze
2023,hangzhou,上海财经大学,iDLEM@STER O149,1,1,93,,name,224.9,1,band,,gold
2023,hangzhou,上海大学,鼠shu,3,4,39,,roster,207.0,0,band,,
2023,hangzhou,上海大学,夜航星,3,4,39,,name,675.0,0,band,,bronze
2023,hangzhou,上海大学,海底小纵队,3,4,39,,roster,1418.0,0,band,,
2023,hangzhou,上海大学,离群者队,3,4,39,,none,,0,quota,unexplained,bronze
2023,hangzhou,上海电机学院,上海电机之星,0,1,252,,roster,863.6,0,quota,unexplained,
2023,hangzhou,上海海事大学,我推的难铜,1,1,177,,none,,0,band,,bronze
2023,hangzhou,上海海洋大学,想想布鲁特福斯怎么做,1,1,178,,name,503.2,0,band,,silver
2023,hangzhou,上海交通大学,逆命,3,4,6,wf,roster,21.1,1,band,,gold
2023,hangzhou,上海交通大学,蒸蒸日上,3,4,6,wf,roster,54.8,0,band,,silver
2023,hangzhou,上海交通大学,涡状银河,3,4,6,wf,name,73.3,1,band,,gold
2023,hangzhou,上海交通大学,星尘幻想,3,4,6,wf,name,78.0,1,quota,wf,gold
2023,hangzhou,上海科技大学,以上成绩全部无效,1,1,130,,roster,337.0,0,band,,silver
2023,hangzhou,上海理工大学,安云染街 客语佳辰,1,1,91,,name,342.1,0,band,,silver
2023,hangzhou,韶关学院,我看队友打代码,0,1,191,,name,546.4,0,quota,unexplained,
2023,hangzhou,绍兴文理学院,破晓,0,1,210,local,name,628.7,0,quota,local,bronze
2023,hangzhou,绍兴文理学院元培学院,菜地卷狗,1,2,139,local,name,1928.4,0,band,,
2023,hangzhou,绍兴文理学院元培学院,明日香,1,2,139,local,roster,2046.9,0,quota,local,
2023,hangzhou,深圳北理莫斯科大学,拽姐带带我,0,1,211,,none,,0,quota,unexplained,bronze
2023,hangzhou,深圳大学,SZU_HuiFei,3,3,38,,name,268.6,0,band,,bronze
2023,hangzhou,深圳大学,SZU_NicklausWirth,3,3,38,,name,696.5,0,band,,
2023,hangzhou,深圳大学,Ave Mujica,3,3,38,,roster,797.8,0,band,,bronze
2023,hangzhou,深圳技术大学,SZTU_小呆猫猫,0,1,209,,name,611.0,0,quota,unexplained,silver
2023,hangzhou,沈阳化工大学,别挡我的路,0,1,265,,roster,1334.1,0,quota,unexplained,bronze
2023,hangzhou,石家庄铁道大学,fLoWerS,0,1,280,,roster,1349.0,0,quota,unexplained,
2023,hangzhou,四川大学,树上莫队,3,3,3,,name,121.8,0,band,,silver
2023,hangzhou,四川大学,雨,3,3,3,,roster,135.1,0,band,,silver
2023,hangzhou,四川大学,铜境无敌越境伐上,3,3,3,,roster,362.2,0,band,,bronze
2023,hangzhou,苏州大学,Blowback,3,3,21,,name,71.0,0,band,,silver
2023,hangzhou,苏州大学,家人们早八谁懂啊,3,3,21,,name,835.0,0,band,,
2023,hangzhou,苏州大学,做AC梦,3,3,21,,name,1368.2,0,band,,
2023,hangzhou,苏州科技大学,雨霖铃,0,1,208,,name,1477.9,0,quota,unexplained,
2023,hangzhou,台州学院,沧浪之水--为梦而战,1,2,106,local,name,309.2,0,band,,silver
2023,hangzhou,台州学院,别垂头丧气,1,2,106,local,roster,1301.1,0,quota,local,bronze
2023,hangzhou,太原理工大学,AC中,1,1,108,,none,,0,band,,
2023,hangzhou,天津大学,原神、道和篮球,2,3,77,wf,name,176.0,0,band,,silver
2023,hangzhou,天津大学,气球批发队,2,3,77,wf,roster,303.6,0,band,,silver
2023,hangzhou,天津大学,铜的三次方,2,3,77,wf,roster,912.3,0,quota,wf,
2023,hangzhou,天津理工大学,100.7进尾杀，优势在我,1,1,133,,roster,1246.4,0,band,,
2023,hangzhou,同济大学,本来挺喜欢ACM的,3,3,52,,name,101.2,0,band,,silver
2023,hangzhou,同济大学,长日将尽,3,3,52,,name,395.3,1,band,,gold
2023,hangzhou,同济大学,WA真的是你啊,3,3,52,,name,657.1,0,band,,bronze
2023,hangzhou,潍坊学院,此处无队名,0,1,344,,name,1697.5,0,quota,unexplained,
2023,hangzhou,温州大学,猫娘特工队,2,3,48,local,roster,178.0,0,band,,
2023,hangzhou,温州大学,温大二队,2,3,48,local,name,512.1,0,band,,bronze
2023,hangzhou,温州大学,超有意义队,2,3,48,local,none,,0,quota,local,bronze
2023,hangzhou,武汉大学,背水一战,3,3,56,,roster,223.4,1,band,,gold
2023,hangzhou,武汉大学,revenge fire,3,3,56,,roster,235.1,0,band,,silver
2023,hangzhou,武汉大学,单身十年换金牌,3,3,56,,roster,265.0,0,band,,silver
2023,hangzhou,武汉工程大学,珊瑚宫心海,0,1,206,,name,824.4,0,quota,unexplained,
2023,hangzhou,武汉科技大学,再取一年真经,1,1,98,,name,545.0,0,band,,bronze
2023,hangzhou,武汉理工大学,深海古代鱼,3,3,43,,roster,87.5,1,band,,gold
2023,hangzhou,武汉理工大学,幻想乡旅行团,3,3,43,,name,252.9,0,band,,bronze
2023,hangzhou,武汉理工大学,！动起，神原,3,3,43,,roster,460.7,0,band,,
2023,hangzhou,武汉商学院,线段树维护图上DP网络流自动机,0,1,201,,roster,526.1,0,quota,unexplained,
2023,hangzhou,厦门大学,点分治分点,2,2,47,,name,93.9,0,band,,silver
2023,hangzhou,厦门大学,恋剖分剖恋,2,2,47,,name,766.0,0,band,,bronze
2023,hangzhou,厦门大学嘉庚学院,asdadasd,0,1,297,,roster,1250.0,0,quota,unexplained,bronze
2023,hangzhou,厦门理工学院,理工路600号,0,1,284,,name,1020.1,0,quota,unexplained,bronze
2023,hangzhou,西安电子科技大学,红枣树,3,4,32,,name,285.8,0,band,,bronze
2023,hangzhou,西安电子科技大学,超额剩余价值,3,4,32,,name,366.9,0,band,,bronze
2023,hangzhou,西安电子科技大学,队名是啥,3,4,32,,name,461.4,0,band,,silver
2023,hangzhou,西安电子科技大学,夜之向日葵,3,4,32,,name,483.0,0,quota,unexplained,
2023,hangzhou,西安交通大学,天狼星的心脏,3,4,46,wf,name,168.4,0,band,,silver
2023,hangzhou,西安交通大学,写都写了，交一发吧,3,4,46,wf,name,171.0,0,band,,silver
2023,hangzhou,西安交通大学,现在需要一个队伍名,3,4,46,wf,name,604.4,0,band,,bronze
2023,hangzhou,西安交通大学,一千四光年之外,3,4,46,wf,roster,621.2,0,quota,wf,bronze
2023,hangzhou,西安理工大学,神秘的力量,0,1,195,,name,682.4,0,quota,unexplained,bronze
2023,hangzhou,西安邮电大学,思考了很久，还是决定出国啦,0,1,261,,roster,957.3,0,quota,unexplained,
2023,hangzhou,西北大学,打铁转生，在区域赛要拿出真本事,1,1,149,,roster,597.8,0,band,,bronze
2023,hangzhou,西北工业大学,蒸羊羔蒸鹿尾烧花鸭烧雏鸡烧子鹅卤煮卤鸭酱鸡腊肉松花小肚晾肉香肠,2,4,37,wf,roster,367.0,0,band,,bronze
2023,hangzhou,西北工业大学,往生堂,2,4,37,wf,name,513.0,0,band,,bronze
2023,hangzhou,西北工业大学,亿烟丁真，鉴定为：王源剩太多导致的,2,4,37,wf,none,,0,quota,wf,bronze
2023,hangzhou,西北工业大学,就在今天,2,4,37,wf,none,,0,quota,unexplained,bronze
2023,hangzhou,西北农林科技大学,被抛弃的野孩子不配拿牌子,1,1,134,,roster,656.0,0,band,,
2023,hangzhou,西藏民族大学,秦汉1,0,1,428,,roster,1983.0,0,quota,unexplained,
2023,hangzhou,西湖大学,西湖,1,1,129,local,none,,0,band,,
2023,hangzhou,西南财经大学,旅行者,0,1,217,,roster,610.0,0,quota,unexplained,silver
2023,hangzhou,西南大学,AutoC++,1,1,134,,name,466.2,0,band,,silver
2023,hangzhou,西南交通大学,队名啥的问他吧,3,3,13,,roster,544.0,0,band,,
2023,hangzhou,西南交通大学,公主殿下后卫队,3,3,13,,none,,0,band,,silver
2023,hangzhou,西南交通大学,花,3,3,13,,none,,0,band,,
2023,hangzhou,西南科技大学,凭阑西望，潇潇雨歇,1,2,137,,roster,1200.3,0,band,,
2023,hangzhou,西南科技大学,能别挂我java/计基/概率论吗,1,2,137,,roster,1591.8,0,quota,unexplained,silver
2023,hangzhou,西南民族大学,天府大木灵,0,1,205,,roster,1182.6,0,quota,unexplained,
2023,hangzhou,西南石油大学,上限冠军,1,1,89,,none,,0,band,,
2023,hangzhou,香港城市大学,导师叫我们来打比赛,2,1,41,non_mainland,roster,71.0,1,band,,gold
2023,hangzhou,香港科技大学,KUSHT,0,1,,non_mainland,none,,1,quota,non_mainland,gold
2023,hangzhou,香港中文大学（深圳）,稳中向好,2,2,20,wf|non_mainland,name,587.4,0,band,,bronze
2023,hangzhou,香港中文大学（深圳）,新生,2,2,20,wf|non_mainland,roster,1164.0,0,band,,
2023,hangzhou,香港中文大學,麥當勞5G炸雞,3,3,33,non_mainland,none,,1,band,,gold
2023,hangzhou,香港中文大學,逆命,3,3,33,non_mainland,none,,0,band,,silver
2023,hangzhou,香港中文大學,準備搖滾,3,3,33,non_mainland,none,,0,band,,
2023,hangzhou,湘潭大学,Tomato,1,2,62,,roster,569.0,0,band,,
2023,hangzhou,湘潭大学,Dream Ntt,1,2,62,,name,691.0,0,quota,unexplained,bronze
2023,hangzhou,新疆大学,求求了赏个铜吧,1,2,125,,none,,0,band,,
2023,hangzhou,新疆大学,OI学弟带带我,1,2,125,,none,,0,quota,unexplained,
2023,hangzhou,信阳农林学院,脑洞大爆炸,0,1,245,,name,803.7,0,quota,unexplained,bronze
2023,hangzhou,烟台大学,在大大的ICPC里WA呀WA呀WA,0,1,259,,roster,1051.3,0,quota,unexplained,
2023,hangzhou,云南大学,穿越之我在太空,1,1,146,,roster,1148.0,0,band,,
2023,hangzhou,长安大学,可达鸭今天什么都吃,0,1,192,,name,908.2,0,quota,unexplained,
2023,hangzhou,长春理工大学,杭州游,1,1,164,,none,,0,band,,
2023,hangzhou,长沙理工大学,终旅,1,1,141,,roster,407.9,0,band,,silver
2023,hangzhou,肇庆学院,北岭山下信步,0,1,251,,name,921.8,0,quota,unexplained,bronze
2023,hangzhou,浙大城市学院,星辰雨,2,4,72,local,name,214.3,1,band,,gold
2023,hangzhou,浙大城市学院,f1rst d4nce,2,4,72,local,name,868.8,0,band,,
2023,hangzhou,浙大城市学院,夜曲一响……,2,4,72,local,name,1113.0,0,quota,local,
2023,hangzhou,浙大城市学院,爱丽丝的茶话会,2,4,72,local,name,1204.0,0,quota,unexplained,
2023,hangzhou,浙大宁波理工学院,快乐猫不快乐,1,2,153,local,roster,899.8,0,band,,
2023,hangzhou,浙大宁波理工学院,大橘.exe未响应,1,2,153,local,roster,1204.4,0,quota,local,silver
2023,hangzhou,浙江财经大学,寒星孤月,1,2,174,local,name,450.5,0,band,,bronze
2023,hangzhou,浙江财经大学,令人愉悦XCPC，我大概一生都不会忘了你吧,1,2,174,local,roster,528.3,0,quota,local,bronze
2023,hangzhou,浙江工商大学,咱们弎plus,2,3,45,local,roster,817.8,0,band,,
2023,hangzhou,浙江工商大学,噫叁柒陆,2,3,45,local,name,914.5,0,band,,
2023,hangzhou,浙江工商大学,宝宝巴士,2,3,45,local,roster,1011.7,0,quota,local,
2023,hangzhou,浙江工商大学杭州商学院,树下猫猫虫,0,1,385,local,name,1549.0,0,quota,local,
2023,hangzhou,浙江工业大学,灵光乍现,2,4,68,local,roster,226.6,0,band,,bronze
2023,hangzhou,浙江工业大学,无翼鸾冕,2,4,68,local,name,300.2,1,band,,gold
2023,hangzhou,浙江工业大学,苦思冥想,2,4,68,local,roster,346.9,0,quota,local,silver
2023,hangzhou,浙江工业大学,ZJUT6,2,4,68,local,name,390.5,0,quota,unexplained,bronze
2023,hangzhou,浙江工业大学之江学院,今天要干亿碗饭,0,1,224,local,none,,0,quota,local,
2023,hangzhou,浙江广厦建设职业技术大学,东阳市老年开放大学1队,0,1,305,local,roster,1132.7,0,quota,local,bronze
2023,hangzhou,浙江机电职业技术学院,机电八队,0,1,370,local,none,,0,quota,local,bronze
2023,hangzhou,浙江金融职业学院,我文盲呀老师,0,1,328,local,roster,1460.6,0,quota,local,
2023,hangzhou,浙江警官职业学院,摸到铜即是胜利✌,0,1,375,local,roster,1735.2,0,quota,local,
2023,hangzhou,浙江科技学院,djwcb,1,2,168,local,name,652.0,0,band,,silver
2023,hangzhou,浙江科技学院,咸鱼干,1,2,168,local,name,1440.4,0,quota,local,
2023,hangzhou,浙江理工大学,小喷菇喷喷大喷菇咕咕咕,1,2,100,local,roster,673.5,0,band,,
2023,hangzhou,浙江理工大学,签到：从样例到罚时,1,2,100,local,none,,0,quota,local,bronze
2023,hangzhou,浙江农林大学,夜的命名术,1,3,85,local,name,670.2,0,band,,bronze
2023,hangzhou,浙江农林大学,⑨这样吧,1,3,85,local,roster,1248.9,0,quota,local,
2023,hangzhou,浙江农林大学,在区域赛寻求AC是否搞错了什么,1,3,85,local,none,,0,quota,unexplained,
2023,hangzhou,浙江农林大学暨阳学院,蟒蛇仙草咖啡馆,1,1,99,local,name,310.4,0,band,,silver
2023,hangzhou,浙江师范大学,ZJNU_CodeGPT,3,4,22,wf|local,name,347.9,0,band,,
2023,hangzhou,浙江师范大学,羊村王中王,3,4,22,wf|local,name,395.0,0,band,,silver
2023,hangzhou,浙江师范大学,白洞、白色的明天在等着我们,3,4,22,wf|local,name,570.0,0,band,,silver
2023,hangzhou,浙江师范大学,天上飞来一只猪,3,4,22,wf|local,name,796.1,0,quota,wf,silver
2023,hangzhou,浙江万里学院,原来你们都是原神高手,1,2,155,local,roster,470.5,0,band,,silver
2023,hangzhou,浙江万里学院,彻夜之歌,1,2,155,local,roster,1138.3,0,quota,local,
2023,hangzhou,浙江育英职业技术学院,育英10086队,0,1,293,local,roster,1731.8,0,quota,local,
2023,hangzhou,浙江中医药大学,胖头切丁味更佳,0,2,339,local,roster,1509.0,0,quota,local,
2023,hangzhou,浙江中医药大学,重生之我是原神高手,0,2,339,local,roster,1514.1,0,quota,unexplained,
2023,hangzhou,郑州大学,绝体绝命,1,1,76,,name,358.4,0,band,,bronze
2023,hangzhou,郑州轻工业大学,VP Master,1,1,167,,roster,549.6,0,band,,
2023,hangzhou,郑州升达经贸管理学院,捌玖拾,0,1,348,,none,,0,quota,unexplained,
2023,hangzhou,中北大学,"银牌: 队长 cos maple, 原神 考研, 小丑 acm 烧烤;",1,1,151,,roster,648.6,0,band,,
2023,hangzhou,中国传媒大学,打铁两年半的练习生,0,1,239,,name,923.8,0,quota,unexplained,
2023,hangzhou,中国地质大学（北京）,不会dp,2,2,86,,roster,355.6,0,band,,bronze
2023,hangzhou,中国地质大学（北京）,AC，启动！,2,2,86,,name,983.1,0,band,,bronze
2023,hangzhou,中国地质大学（武汉）,白色基地,1,1,154,,name,901.4,0,band,,
2023,hangzhou,中国海洋大学,西游记之大错归来,1,1,143,,roster,1268.0,0,band,,
2023,hangzhou,中国计量大学,TB浪子,1,2,159,local,name,655.7,0,band,,bronze
2023,hangzhou,中国计量大学,(c102)不AC就會入夜狂飆(GenShin Impart)[Chinese],1,2,159,local,name,1002.6,0,quota,local,
2023,hangzhou,中国计量大学现代科技学院,燃烧你的梦,0,1,319,local,roster,1210.4,0,quota,local,
2023,hangzhou,中国科学技术大学,丝路市西套村代表队,3,4,8,host|wf,name,25.2,1,band,,gold
2023,hangzhou,中国科学技术大学,cls,3,4,8,host|wf,name,39.8,1,band,,gold
2023,hangzhou,中国科学技术大学,Firezox,3,4,8,host|wf,name,50.4,0,band,,silver
2023,hangzhou,中国科学技术大学,调查兵团,3,4,8,host|wf,roster,543.3,0,quota,host,silver
2023,hangzhou,中国科学院大学,原神，启动,3,4,54,,roster,887.5,0,band,,bronze
2023,hangzhou,中国科学院大学,啥,3,4,54,,name,1038.2,0,band,,
2023,hangzhou,中国科学院大学,十一万四千五百一十四维介质,3,4,54,,none,,0,band,,bronze
2023,hangzhou,中国科学院大学,杭州摆烂旅游团,3,4,54,,none,,0,quota,unexplained,
2023,hangzhou,中国矿业大学,宇宙兄弟,0,1,215,,roster,1230.3,0,quota,unexplained,
2023,hangzhou,中国矿业大学（北京）,宇宙究极无敌龙神变身,0,1,227,,roster,1689.0,0,quota,unexplained,
2023,hangzhou,中国民航大学,想与写与蛙,1,1,122,,roster,458.4,0,band,,bronze
2023,hangzhou,中国农业大学,原来农专也能打ACM,0,1,247,,roster,927.0,0,quota,unexplained,
2023,hangzhou,中国人民大学,旋涡,1,1,66,,roster,575.1,0,band,,bronze
2023,hangzhou,中国石油大学（北京）,我当个石油工人,0,1,270,,roster,854.0,0,quota,unexplained,
2023,hangzhou,中国石油大学（华东）,中石大1988,0,1,189,,name,1249.6,0,quota,unexplained,bronze
2023,hangzhou,中南大学,Ciallo_World,3,3,26,wf,name,499.0,0,band,,silver
2023,hangzhou,中南大学,你若安好便是AC,3,3,26,wf,roster,561.0,0,band,,
2023,hangzhou,中南大学,我吃麦当劳,3,3,26,wf,roster,894.0,0,band,,bronze
2023,hangzhou,中南民族大学,温柔换不来温柔,1,2,113,,name,305.0,0,band,,bronze
2023,hangzhou,中南民族大学,起名废物队,1,2,113,,roster,1227.0,0,quota,unexplained,
2023,hangzhou,中山大学,中山大学_破晓之旅,3,4,10,wf,name,68.0,1,band,,gold
2023,hangzhou,中山大学,中山大学_天选打工人,3,4,10,wf,name,214.7,0,band,,silver
2023,hangzhou,中山大学,中山大学_testWA,3,4,10,wf,roster,299.1,0,band,,silver
2023,hangzhou,中山大学,中山大学_教练我想拿金牌,3,4,10,wf,roster,349.0,0,quota,wf,silver
2023,hangzhou,仲恺农业工程学院,必拿下！,0,1,268,,none,,0,quota,unexplained,
2023,hangzhou,周口师范学院,神里绫华,1,1,157,,name,556.6,0,band,,silver
2023,hefei,复旦大学,有密码,3,2,19,,name,42.2,1,band,,gold
2023,hefei,复旦大学,提莫觉得你说的对,3,2,19,,name,187.3,0,band,,
2023,hefei,湖南大学,如对,2,2,65,wf,roster,612.0,0,band,,
2023,hefei,湖南大学,重wa一千次反方向的钟能否回到初见,2,2,65,wf,roster,748.0,0,band,,
2023,hefei,绍兴文理学院元培学院,艾欧尼亚专业团队,1,1,139,,none,,0,band,,silver
2023,hefei,华东师范大学,TLE&&WA自动机,2,3,53,,name,733.7,0,band,,
2023,hefei,华东师范大学,SEI4,2,3,53,,name,799.2,0,band,,
2023,hefei,华东师范大学,会员制餐厅,2,3,53,,name,1003.3,0,quota,unexplained,
2023,hefei,南京大学,太平,3,4,5,wf,name,75.7,1,band,,gold
2023,hefei,南京大学,南小鸟,3,4,5,wf,name,130.0,0,band,,silver
2023,hefei,南京大学,林间雨月,3,4,5,wf,name,199.8,0,band,,silver
2023,hefei,南京大学,不知道什么队,3,4,5,wf,name,215.5,0,quota,wf,silver
2023,hefei,合肥学院,白裤裆寒冬一击,1,3,112,,name,1419.5,0,band,,
2023,hefei,合肥学院,甘！文！！崔！！！,1,3,112,,roster,1490.2,0,quota,unexplained,
2023,hefei,合肥学院,候鸟,1,3,112,,roster,2057.0,0,quota,unexplained,
2023,hefei,上海交通大学,涡状银河,3,3,6,wf,name,73.3,1,band,,gold
2023,hefei,上海交通大学,星尘幻想,3,3,6,wf,name,78.0,1,band,,gold
2023,hefei,上海交通大学,希冀之翼,3,3,6,wf,name,129.0,1,band,,gold
2023,hefei,山东大学,应用随机过程,3,4,23,wf,name,216.0,1,band,,gold
2023,hefei,山东大学,追光者,3,4,23,wf,name,286.3,0,band,,silver
2023,hefei,山东大学,肯三篮球赛,3,4,23,wf,roster,593.0,0,band,,silver
2023,hefei,山东大学,你说的对，但是...,3,4,23,wf,name,733.0,0,quota,wf,bronze
2023,hefei,大连理工大学,共跳最后一支舞,2,2,81,,roster,204.3,0,band,,bronze
2023,hefei,大连理工大学,樱岛麻衣：ni xian kai de,2,2,81,,roster,589.0,0,band,,
2023,hefei,河北工业大学,全都做队,1,1,126,,name,907.0,0,band,,
2023,hefei,河南工业大学,WA常有，AC不常有,1,1,120,,roster,838.5,0,band,,
2023,hefei,贵州大学,广告位招租,0,1,183,,roster,1234.3,0,quota,unexplained,
2023,hefei,韶关学院,三个蒟蒻,0,1,191,,none,,0,quota,unexplained,
2023,hefei,浙江大学,十发罚时,3,4,2,wf,roster,8.9,1,band,,gold
2023,hefei,浙江大学,nameless story,3,4,2,wf,name,9.8,1,band,,gold
2023,hefei,浙江大学,随机下雨,3,4,2,wf,roster,47.0,1,band,,gold
2023,hefei,浙江大学,星尘幻想,3,4,2,wf,roster,63.2,1,quota,wf,gold
2023,hefei,华中师范大学,落叶飘零,2,2,50,,name,113.3,0,band,,silver
2023,hefei,华中师范大学,因你AC的题目,2,2,50,,name,698.3,0,band,,
2023,hefei,香港中文大学（深圳）,稳中向好,3,2,20,wf|non_mainland,name,587.4,0,band,,bronze
2023,hefei,香港中文大学（深圳）,新生,3,2,20,wf|non_mainland,roster,1164.0,0,band,,
2023,hefei,四川大学,难题肉搏小队,3,3,3,,name,12.5,1,band,,gold
2023,hefei,四川大学,刀削面的疲倦,3,3,3,,name,32.0,1,band,,gold
2023,hefei,四川大学,麦香鱼,3,3,3,,name,465.1,0,band,,silver
2023,hefei,哈尔滨工业大学,北风与秋水,3,3,9,,name,93.0,1,band,,gold
2023,hefei,哈尔滨工业大学,烨叶知秋,3,3,9,,name,102.2,0,band,,bronze
2023,hefei,哈尔滨工业大学,都是方舟惹的祸,3,3,9,,name,212.8,0,band,,silver
2023,hefei,中南大学,普普三人组,3,4,26,wf,name,68.4,1,band,,gold
2023,hefei,中南大学,沉淀才能顶峰相见,3,4,26,wf,roster,279.0,0,band,,bronze
2023,hefei,中南大学,Ciallo_World,3,4,26,wf,name,499.0,0,band,,silver
2023,hefei,中南大学,勿忘花与勿忘我,3,4,26,wf,name,572.0,0,quota,wf,bronze
2023,hefei,齐鲁工业大学,偏远放逐者,1,3,109,,name,333.6,0,band,,silver
2023,hefei,齐鲁工业大学,完结撒花,1,3,109,,roster,776.4,0,quota,unexplained,bronze
2023,hefei,齐鲁工业大学,VP了20场，只进了两场铜牌线,1,3,109,,roster,1086.1,0,quota,unexplained,
2023,hefei,东北大学,东北大学_哇哦,3,4,27,host,roster,217.9,0,band,,bronze
2023,hefei,东北大学,东北大学_环形枯竭,3,4,27,host,name,259.0,0,band,,bronze
2023,hefei,东北大学,看看你的,3,4,27,host,roster,306.8,0,band,,silver
2023,hefei,东北大学,礻亻牜,3,4,27,host,roster,404.8,0,quota,host,silver
2023,hefei,浙江财经大学,幻想家在幻想时间幻想ac,0,1,174,,name,890.9,0,quota,unexplained,
2023,hefei,西南交通大学,这次是真的回家了,3,3,13,,roster,998.0,0,band,,bronze
2023,hefei,西南交通大学,打铁自动机,3,3,13,,roster,1028.0,0,band,,
2023,hefei,西南交通大学,公主殿下后卫队,3,3,13,,none,,0,band,,bronze
2023,hefei,香港科技大学（广州）,起洞,2,2,78,non_mainland,name,268.2,0,band,,silver
2023,hefei,香港科技大学（广州）,原始人,2,2,78,non_mainland,name,528.3,0,band,,silver
2023,hefei,电子科技大学,UESTC_馄饨之子风扇俱乐部,3,4,34,wf,roster,100.7,1,band,,gold
2023,hefei,电子科技大学,UESTC_BetaCode,3,4,34,wf,name,396.8,0,band,,silver
2023,hefei,电子科技大学,UESTC_如名,3,4,34,wf,name,475.8,0,band,,silver
2023,hefei,电子科技大学,UESTC_Guest_WiFi,3,4,34,wf,none,,1,quota,wf,gold
2023,hefei,福州大学,八年老兵,2,3,60,,name,218.5,0,band,,bronze
2023,hefei,福州大学,在ACM寻求暴力是否搞错了什么,2,3,60,,name,360.2,0,band,,silver
2023,hefei,福州大学,提瓦特玄学抽卡学院最弱小队,2,3,60,,roster,651.6,0,quota,unexplained,
2023,hefei,南开大学,强基计划我爱你,3,4,30,,roster,256.9,1,band,,gold
2023,hefei,南开大学,幻视之夜,3,4,30,,name,454.5,0,band,,bronze
2023,hefei,南开大学,保铜争银,3,4,30,,roster,979.3,0,band,,
2023,hefei,南开大学,恭喜以上获奖队伍,3,4,30,,roster,1279.0,0,quota,unexplained,bronze
2023,hefei,山东理工大学,开发9G,1,2,101,,roster,600.0,0,band,,bronze
2023,hefei,山东理工大学,这个题PJD先测,1,2,101,,roster,1011.8,0,quota,unexplained,
2023,hefei,天津理工大学,目标彩虹海！,1,1,133,,none,,0,band,,
2023,hefei,西安电子科技大学,喵喵喵,3,4,32,,name,56.0,1,band,,gold
2023,hefei,西安电子科技大学,三分之二去零点,3,4,32,,name,264.0,0,band,,silver
2023,hefei,西安电子科技大学,什么也不会也能参加ACM吗？,3,4,32,,name,292.9,0,band,,silver
2023,hefei,西安电子科技大学,超额剩余价值,3,4,32,,name,366.9,0,quota,unexplained,silver
2023,hefei,武汉大学,不要找我打什么原神我要学算法打比赛OK？,2,2,56,,roster,186.8,0,band,,silver
2023,hefei,武汉大学,武带锐刻,2,2,56,,roster,343.2,0,band,,bronze
2023,hefei,中国地质大学（北京）,举杯邀明月,2,2,86,,name,295.9,0,band,,bronze
2023,hefei,中国地质大学（北京）,二次元给俺滚！,2,2,86,,name,360.3,0,band,,bronze
2023,hefei,哈尔滨理工大学,哈理工10队HF,2,2,42,,roster,1197.3,0,band,,
2023,hefei,哈尔滨理工大学,哈理工15队HF,2,2,42,,roster,1476.8,0,band,,
2023,hefei,浙江农林大学,这个彬彬交题超勇的,2,2,85,,name,169.5,0,band,,silver
2023,hefei,浙江农林大学,浙农专旅行者,2,2,85,,name,382.0,0,band,,
2023,hefei,衡阳师范学院,与夜色共眠,1,1,148,,roster,839.0,0,band,,bronze
2023,hefei,苏州大学,Blowback,3,3,21,,name,71.0,1,band,,gold
2023,hefei,苏州大学,韩氏空指针上可持久化自动机,3,3,21,,roster,259.7,0,band,,silver
2023,hefei,苏州大学,AK自动机,3,3,21,,roster,363.3,0,band,,bronze
2023,hefei,河南农业大学,0.o,1,1,117,,name,319.5,0,band,,silver
2023,hefei,南京航空航天大学,水冷头不撕膜,2,4,64,host,name,588.1,0,band,,bronze
2023,hefei,南京航空航天大学,逆风之旅,2,4,64,host,roster,824.5,0,band,,bronze
2023,hefei,南京航空航天大学,不知道什么是算法,2,4,64,host,name,938.0,0,quota,host,
2023,hefei,南京航空航天大学,米兰的铁匠铺,2,4,64,host,name,1266.1,0,quota,host,
2023,hefei,长沙理工大学,提瓦特国立大学一队,1,2,141,,roster,622.0,0,band,,
2023,hefei,长沙理工大学,遇到困难睡大觉,1,2,141,,roster,883.8,0,quota,unexplained,bronze
2023,hefei,西北大学,流萤断续光，一明一灭一尺间,1,2,149,,roster,630.8,0,band,,
2023,hefei,西北大学,傅里叶变换,1,2,149,,name,957.5,0,quota,unexplained,
2023,hefei,北京林业大学,地大（北京）栋梁,2,2,73,,roster,593.5,0,band,,silver
2023,hefei,北京林业大学,琪露诺·YY保佑·可回收垃圾,2,2,73,,none,,0,band,,
2023,hefei,河海大学,这个世界上没有一个while循环是值得信任的,1,2,102,,roster,645.0,0,band,,
2023,hefei,河海大学,为什么要演奏春日影,1,2,102,,roster,1087.6,0,quota,unexplained,
2023,hefei,华中科技大学,心平气和.jpg,3,4,17,wf,name,162.6,0,band,,silver
2023,hefei,华中科技大学,三缺一,3,4,17,wf,roster,314.1,0,band,,silver
2023,hefei,华中科技大学,打铁打的,3,4,17,wf,name,378.9,0,band,,bronze
2023,hefei,华中科技大学,实力趋稳回升的势头更加明显,3,4,17,wf,none,,0,quota,wf,silver
2023,hefei,南方科技大学,南方科技大学-埃斯波,3,4,11,wf,name,92.2,1,band,,gold
2023,hefei,南方科技大学,南方科技大学-伊卡利宁,3,4,11,wf,roster,122.9,1,band,,gold
2023,hefei,南方科技大学,南方科技大学-罗瓦涅米,3,4,11,wf,name,260.6,0,band,,
2023,hefei,南方科技大学,科科拉,3,4,11,wf,roster,508.4,0,quota,wf,
2023,hefei,河北师范大学,指尖破晓,0,1,187,,roster,1626.3,0,quota,unexplained,
2023,hefei,香港大学,遥遥领先,3,4,31,wf|non_mainland,roster,74.1,0,band,,silver
2023,hefei,香港大学,不如摸萨卡班甲鱼,3,4,31,wf|non_mainland,none,,0,band,,bronze
2023,hefei,香港大学,什么神什么启动,3,4,31,wf|non_mainland,none,,0,band,,bronze
2023,hefei,香港大学,開門呀呀呀,3,4,31,wf|non_mainland,none,,0,quota,wf,bronze
2023,hefei,中国地质大学（武汉）,地能儿是这样的,1,1,154,,name,744.4,0,band,,bronze
2023,hefei,成都信息工程大学,黄瑞鑫太可爱了吧！,2,3,90,,roster,650.6,0,band,,bronze
2023,hefei,成都信息工程大学,你是我未曾拥有无法捕捉的亲昵,2,3,90,,roster,703.2,0,band,,
2023,hefei,成都信息工程大学,石材古生物,2,3,90,,name,861.4,0,quota,unexplained,
2023,hefei,成都理工大学,三个灰名,1,1,127,,name,381.8,0,band,,bronze
2023,hefei,台州学院,佛罗里达州仨闲人,1,1,106,,roster,1005.9,0,band,,
2023,hefei,清华大学,QDEZ214驻清办,3,4,4,wf,name,26.9,0,band,,silver
2023,hefei,清华大学,xpp在线征婚,3,4,4,wf,name,40.0,1,band,,gold
2023,hefei,清华大学,三杯两盏咸酒,3,4,4,wf,none,,1,band,,gold
2023,hefei,清华大学,一路向北,3,4,4,wf,none,,1,quota,wf,gold
2023,hefei,吉林大学,rand,3,3,29,,name,280.9,0,band,,silver
2023,hefei,吉林大学,笨鸟先飞,3,3,29,,name,601.0,0,band,,
2023,hefei,吉林大学,捏猫猫的,3,3,29,,name,1047.7,0,band,,
2023,hefei,西北工业大学,偏爱,3,4,37,wf,roster,93.3,0,band,,silver
2023,hefei,西北工业大学,蒸羊羔蒸鹿尾烧花鸭烧雏鸡烧子鹅卤煮卤鸭酱鸡腊肉松花小肚晾肉香肠,3,4,37,wf,roster,367.0,0,band,,silver
2023,hefei,西北工业大学,山里灵活的狗,3,4,37,wf,none,,0,band,,bronze
2023,hefei,西北工业大学,坚~如~磐~石~,3,4,37,wf,none,,0,quota,wf,
2023,hefei,北京邮电大学,打完去超市买点东西吃,3,4,35,,name,256.9,0,band,,bronze
2023,hefei,北京邮电大学,我有起名困难症,3,4,35,,name,291.0,0,band,,bronze
2023,hefei,北京邮电大学,你们队得过什么奖,3,4,35,,name,359.0,0,band,,bronze
2023,hefei,北京邮电大学,忘忧草,3,4,35,,roster,555.0,0,quota,unexplained,bronze
2023,hefei,东南大学,不休独舞,2,4,59,,roster,113.0,1,band,,gold
2023,hefei,东南大学,嘟噜噜,2,4,59,,name,338.3,0,band,,silver
2023,hefei,东南大学,你也不想别人知道你在打ACM吧,2,4,59,,name,373.5,0,quota,unexplained,silver
2023,hefei,东南大学,猫和老鼠,2,4,59,,none,,0,quota,unexplained,bronze
2023,hefei,宁波大学,我们一起去提瓦特大陆冒险,1,1,105,,roster,600.6,0,band,,
2023,hefei,北京航空航天大学,刮风这天，我试过握着你手,3,4,7,wf,none,,0,band,,bronze
2023,hefei,北京航空航天大学,牛油果,3,4,7,wf,none,,0,band,,bronze
2023,hefei,北京航空航天大学,关注你了：（,3,4,7,wf,none,,0,band,,silver
2023,hefei,北京航空航天大学,帮帮我！肯德基爷爷,3,4,7,wf,none,,1,quota,wf,gold
2023,hefei,哈尔滨工业大学（深圳）,dp自动机,3,3,40,,none,,0,band,,
2023,hefei,哈尔滨工业大学（深圳）,不可知论教派哈神功分部,3,3,40,,none,,0,band,,
2023,hefei,哈尔滨工业大学（深圳）,深圳原神大学,3,3,40,,none,,0,band,,
2023,hefei,武汉理工大学,无限幻想,2,3,43,,roster,421.0,0,band,,bronze
2023,hefei,武汉理工大学,牧马人,2,3,43,,name,422.4,0,band,,bronze
2023,hefei,武汉理工大学,大三学姐在线温柔,2,3,43,,name,587.5,0,quota,unexplained,
2023,hefei,北京理工大学,绫波丽请你喝东北好果汁,3,4,15,wf,name,135.0,0,band,,bronze
2023,hefei,北京理工大学,epsilon,3,4,15,wf,roster,243.0,0,band,,silver
2023,hefei,北京理工大学,咖波脆,3,4,15,wf,name,261.7,0,band,,silver
2023,hefei,北京理工大学,锐刻六代,3,4,15,wf,name,387.2,0,quota,wf,silver
2023,hefei,北京工业大学,木方,1,1,140,,roster,818.1,0,band,,bronze
2023,hefei,南京邮电大学,去末地整点袋鼠,3,4,18,wf,roster,249.1,0,band,,bronze
2023,hefei,南京邮电大学,谢谢贝拉,3,4,18,wf,roster,409.4,0,band,,silver
2023,hefei,南京邮电大学,你别急，我先看看榜,3,4,18,wf,roster,552.2,0,band,,
2023,hefei,南京邮电大学,64bit的感动+,3,4,18,wf,roster,696.2,0,quota,wf,bronze
2023,hefei,湘潭大学,金色时光,2,2,62,,roster,109.0,1,band,,gold
2023,hefei,湘潭大学,提瓦特一日游,2,2,62,,name,426.0,0,band,,bronze
2023,hefei,中国科学院大学,你说的队,2,3,54,,name,816.3,0,band,,bronze
2023,hefei,中国科学院大学,原神启动队,2,3,54,,name,887.5,0,band,,
2023,hefei,中国科学院大学,啥,2,3,54,,name,1038.2,0,quota,unexplained,
2023,hefei,哈尔滨工业大学（威海）,当心眼睛,2,2,69,,roster,382.0,0,band,,
2023,hefei,哈尔滨工业大学（威海）,威我伍拾,2,2,69,,name,801.0,0,band,,
2023,hefei,昆山杜克大学,正在找座中,2,2,70,,none,,0,band,,
2023,hefei,昆山杜克大学,RJL,2,2,70,,none,,0,band,,
2023,hefei,华东理工大学,希望能队,2,2,63,,roster,1060.5,0,band,,bronze
2023,hefei,华东理工大学,新世纪战士,2,2,63,,roster,1819.7,0,band,,
2023,hefei,国防科技大学,青铜时代号,3,3,12,,name,223.0,0,band,,bronze
2023,hefei,国防科技大学,锦鲤,3,3,12,,name,1197.0,0,band,,
2023,hefei,国防科技大学,终极规律号,3,3,12,,none,,0,band,,
2023,hefei,浙江师范大学,ZJNU_7队,3,4,22,wf,name,53.4,0,band,,silver
2023,hefei,浙江师范大学,ZJNU_遵纪守法,3,4,22,wf,roster,152.7,0,band,,silver
2023,hefei,浙江师范大学,分秒易逝，V我5时,3,4,22,wf,name,229.0,0,band,,bronze
2023,hefei,浙江师范大学,我要漂亮姐姐教我写代码,3,4,22,wf,name,327.8,0,quota,wf,bronze
2023,hefei,东华大学,览尽千山,2,2,67,,roster,330.7,0,band,,bronze
2023,hefei,东华大学,抓马冬瓜,2,2,67,,roster,360.6,0,band,,bronze
2023,hefei,中北大学,水泥工人再就业,1,1,151,,none,,0,band,,
2023,hefei,北京交通大学,杰哥还有吗,3,3,14,,name,263.0,0,band,,bronze
2023,hefei,北京交通大学,黎明破晓时,3,3,14,,roster,391.3,0,band,,bronze
2023,hefei,北京交通大学,我要成为原神高手,3,3,14,,roster,1072.8,0,band,,
2023,hefei,厦门大学,瞎打XCPC,2,2,47,,roster,721.9,0,band,,bronze
2023,hefei,厦门大学,我推的Acmer！,2,2,47,,name,934.1,0,band,,
2023,hefei,中国人民大学,嘉然今天创什么,2,2,66,,name,251.9,0,band,,silver
2023,hefei,中国人民大学,面向变形金刚编程,2,2,66,,name,587.0,0,band,,silver
2023,hefei,华南理工大学,打xcpc不喊我,2,3,71,,name,194.2,0,band,,bronze
2023,hefei,华南理工大学,某不科学的AC,2,3,71,,name,215.5,0,band,,bronze
2023,hefei,华南理工大学,甘文崔,2,3,71,,name,507.0,0,quota,unexplained,
2023,hefei,西南民族大学,三川赴海,0,1,205,,name,1162.7,0,quota,unexplained,
2023,hefei,集美大学,凪,0,1,190,,name,1274.2,0,quota,unexplained,bronze
2023,hefei,云南大学,下水道蚂蚁,1,1,146,,name,1158.8,0,band,,
2023,hefei,天津大学,因特,2,3,77,wf,roster,303.6,0,band,,silver
2023,hefei,天津大学,保铁争铜,2,3,77,wf,name,617.4,0,band,,bronze
2023,hefei,天津大学,joker？JOKER！,2,3,77,wf,name,1145.5,0,quota,wf,
2023,hefei,广州大学,奇迹于你,1,1,134,,name,515.2,0,band,,silver
2023,hefei,山东大学（威海）,深藏blue队,1,1,92,,roster,403.0,0,band,,bronze
2023,hefei,西北农林科技大学,冒充ACM选手,1,1,134,,roster,503.6,0,band,,silver
2023,hefei,济南大学,樱之重生,1,1,156,,name,408.0,0,band,,bronze
2023,hefei,河南大学,恭喜队友六级426,1,2,110,,roster,1051.0,0,band,,
2023,hefei,河南大学,WA转生，RE也要认真AC,1,2,110,,none,,0,quota,unexplained,
2023,hefei,桂林电子科技大学,编译报错一定是主办方动我机子了,0,1,181,,roster,792.0,0,quota,unexplained,
2023,hefei,上海科技大学,新建文件夹,1,1,130,,name,548.5,0,band,,silver
2023,hefei,江西师范大学,卡奇卡,1,2,116,,name,385.8,0,band,,
2023,hefei,江西师范大学,青春acm少年不会梦到兔女郎gkjj,1,2,116,,roster,930.1,0,quota,unexplained,
2023,hefei,江西理工大学,起名真费劲,1,1,118,,roster,539.7,0,band,,bronze
2023,hefei,安徽大学,三条可怜（秋季限定）,1,2,104,,roster,289.7,0,band,,bronze
2023,hefei,安徽大学,码码我呀，今天必须得写下去,1,2,104,,name,1136.4,0,quota,unexplained,
2023,hefei,合肥工业大学宣城校区,与移风易俗者同行,1,2,94,,name,932.2,0,band,,
2023,hefei,合肥工业大学宣城校区,负数取对模了嘛,1,2,94,,roster,1004.1,0,quota,unexplained,
2023,hefei,北京师范大学,苹果狗,2,2,88,,roster,297.9,0,band,,silver
2023,hefei,北京师范大学,内测度,2,2,88,,none,,0,band,,silver
2023,hefei,浙江工商大学,希望代码一次敲队,2,3,45,,name,108.9,0,band,,bronze
2023,hefei,浙江工商大学,七月三,2,3,45,,name,378.2,0,band,,bronze
2023,hefei,浙江工商大学,拿牌是什么感觉,2,3,45,,roster,1139.9,0,quota,unexplained,
2023,hefei,广东工业大学,三地鼠,2,3,51,,name,366.7,0,band,,bronze
2023,hefei,广东工业大学,茶餐厅,2,3,51,,name,702.4,0,band,,
2023,hefei,广东工业大学,登鲤,2,3,51,,name,932.1,0,quota,unexplained,
2023,hefei,上海大学,鼠shu队,3,4,39,,name,207.0,0,band,,bronze
2023,hefei,上海大学,日薪越亿,3,4,39,,name,464.2,0,band,,bronze
2023,hefei,上海大学,芝士狗狗队,3,4,39,,roster,1225.0,0,band,,
2023,hefei,上海大学,SHU-10,3,4,39,,none,,0,quota,unexplained,silver
2023,hefei,浙江科技学院,420拿下科软,1,1,168,,none,,0,band,,
2023,hefei,深圳大学,SZU_HuiFei,3,3,38,,name,268.6,0,band,,
2023,hefei,深圳大学,SZU_Kevin,3,3,38,,name,273.9,0,band,,bronze
2023,hefei,深圳大学,SZU_Manacher,3,3,38,,name,541.6,0,band,,bronze
2023,hefei,哈尔滨工程大学,奇怪队名gkd,2,3,82,,name,247.5,0,band,,silver
2023,hefei,哈尔滨工程大学,原来名字超过了二十字只能叫王老板爆杀了（,2,3,82,,roster,342.0,0,band,,silver
2023,hefei,哈尔滨工程大学,可持久化阿兹弗特维修会沙勒人理旅游空想树,2,3,82,,roster,776.7,0,quota,unexplained,
2023,hefei,福建师范大学,三个人凑不出一个队名,1,1,131,,roster,648.5,0,band,,
2023,hefei,江西财经大学,谱出一首诗,0,1,175,,roster,977.1,0,quota,unexplained,
2023,hefei,杭州师范大学,ACM再爱我一次,1,2,96,host,name,848.5,0,band,,
2023,hefei,杭州师范大学,杭師最速伝説と飛翔の雄鷹腦話真一郎！,1,2,96,host,roster,1007.9,0,quota,host,
2023,hefei,重庆大学,传说天启启元星迹梦之队,2,2,44,,name,724.8,0,band,,
2023,hefei,重庆大学,原，妙不可言,2,2,44,,name,1102.7,0,band,,
2023,hefei,杭州电子科技大学,Slayers Come,3,4,16,wf,roster,23.0,1,band,,gold
2023,hefei,杭州电子科技大学,雪色光晕,3,4,16,wf,roster,170.0,0,band,,
2023,hefei,杭州电子科技大学,勿忘草,3,4,16,wf,roster,208.0,1,band,,gold
2023,hefei,杭州电子科技大学,重生之我是急急国王,3,4,16,wf,none,,0,quota,wf,silver
2023,hefei,南京信息工程大学,砌砖嘴犟,3,3,25,,name,711.6,0,band,,bronze
2023,hefei,南京信息工程大学,蒟蒻果冻,3,3,25,,name,820.8,0,band,,
2023,hefei,南京信息工程大学,东风祝酒,3,3,25,,name,976.5,0,band,,
2023,hefei,浙大城市学院,来三杯拿铁,2,3,72,,name,177.1,0,band,,silver
2023,hefei,浙大城市学院,广告位招租,2,3,72,,name,636.4,0,band,,bronze
2023,hefei,浙大城市学院,爱丽丝的茶话会,2,3,72,,name,1204.0,0,quota,unexplained,
2023,hefei,华南师范大学,虾虎遨游直至AC,1,2,114,,name,549.4,0,band,,
2023,hefei,华南师范大学,厕所战神,1,2,114,,roster,947.3,0,quota,unexplained,
2023,hefei,同济大学,黄渡理工的newbie~,2,2,52,,name,211.4,0,band,,silver
2023,hefei,同济大学,可燃冰,2,2,52,,name,268.0,0,band,,bronze
2023,hefei,中南民族大学,柴郡猫猫头,1,2,113,,name,1150.0,0,band,,
2023,hefei,中南民族大学,芳芳博博神奇小队,1,2,113,,name,1227.0,0,quota,unexplained,
2023,hefei,安徽工业大学,到处睡觉,1,1,138,,roster,1636.5,0,band,,
2023,hefei,湖南理工学院,我们是弱队,2,2,57,,name,1562.0,0,band,,
2023,hefei,湖南理工学院,字节破解者,2,2,57,,roster,1882.0,0,band,,
2023,hefei,杭州电子科技大学信息工程学院,清蒸狮子头,2,1,75,,roster,164.0,0,band,,silver
2023,hefei,西安交通大学,写都写了，交一发吧,2,3,46,wf,name,171.0,0,band,,silver
2023,hefei,西安交通大学,唐人,2,3,46,wf,name,196.2,1,band,,gold
2023,hefei,西安交通大学,Aqm今天买什么,2,3,46,wf,name,444.6,0,quota,wf,silver
2023,hefei,浙江理工大学,附魔金苹果,1,2,100,,name,367.8,0,band,,bronze
2023,hefei,浙江理工大学,汪汪队立大功,1,2,100,,name,858.3,0,quota,unexplained,
2023,hefei,上海海事大学,打铁难铜首银摄金,0,1,177,,none,,0,quota,unexplained,
2023,hefei,安徽农业大学,题题不歪真君,0,1,254,,name,841.7,0,quota,unexplained,
2023,hefei,南京理工大学,赤豹纹狸,3,3,24,,name,216.4,0,band,,bronze
2023,hefei,南京理工大学,猫猫头想吃鱼,3,3,24,,name,581.0,0,band,,
2023,hefei,南京理工大学,"ICPC,启动",3,3,24,,none,,0,band,,bronze
2023,hefei,浙江工业大学,爱喝牛奶的猫猫酱,2,2,68,,name,143.1,0,band,,silver
2023,hefei,浙江工业大学,无翼鸾冕,2,2,68,,name,300.2,0,band,,silver
2023,hefei,暨南大学,空白格,1,2,95,wf,name,1143.0,0,band,,
2023,hefei,暨南大学,先WA一发再说,1,2,95,wf,name,1207.0,0,quota,wf,
2023,hefei,安徽工程大学,这样例保熟吗,0,1,283,,roster,1421.1,0,quota,unexplained,
2023,hefei,北京化工大学,高质量普信男,2,2,79,,name,839.4,0,band,,
2023,hefei,北京化工大学,漫步经心,2,2,79,,name,898.2,0,band,,
2023,hefei,北京大学,思路打开,3,4,1,wf,name,4.9,1,band,,gold
2023,hefei,北京大学,大黄鸭信徒,3,4,1,wf,name,6.0,1,band,,gold
2023,hefei,北京大学,人偶妹妹,3,4,1,wf,name,14.1,1,band,,gold
2023,hefei,北京大学,兄弟们，有队名吗,3,4,1,wf,name,24.9,1,quota,wf,gold
2023,hefei,江南大学,远坂凛粉丝队,1,2,166,,name,446.5,0,band,,silver
2023,hefei,江南大学,坂田金银铜时,1,2,166,,roster,832.2,0,quota,unexplained,bronze
2023,hefei,长安大学,无金冲击波,0,1,192,,none,,0,quota,unexplained,
2023,hefei,浙大宁波理工学院,青梅绿茶,1,1,153,,name,610.4,0,band,,bronze
2023,hefei,东北农业大学,红颜近晚霞,1,2,162,,name,449.5,0,band,,bronze
2023,hefei,东北农业大学,一个志向要拿奖牌，一个挖空心思办赛，一个需求多到实在有点想狗带,1,2,162,,none,,0,quota,unexplained,bronze
2023,hefei,广西大学,这一发，贯穿星辰,2,2,74,,name,309.9,0,band,,silver
2023,hefei,广西大学,IRAS 17514,2,2,74,,roster,694.9,0,band,,bronze
2023,hefei,重庆邮电大学,高冷的6g大小姐与3g小雏男的恋爱攻防战,2,2,80,,roster,1046.1,0,band,,bronze
2023,hefei,重庆邮电大学,撒卡班龙鱼,2,2,80,,roster,1288.8,0,band,,
2023,hefei,湖南师范大学,师大下等马,2,2,84,,name,531.0,0,band,,
2023,hefei,湖南师范大学,Three Body,2,2,84,,name,1107.0,0,band,,bronze
2023,hefei,鲁东大学,星星之火 - 登云,1,1,106,,name,490.7,0,band,,bronze
2023,hefei,福建理工大学,晓之圣龙骑士团,1,1,124,,name,1416.5,0,band,,bronze
2023,hefei,东北大学秦皇岛分校,可导必可积,2,2,83,,name,326.1,0,band,,bronze
2023,hefei,东北大学秦皇岛分校,未命名,2,2,83,,name,437.9,0,band,,bronze
2023,hefei,西湖大学,westlake1,1,1,129,,roster,565.3,0,band,,silver
2023,hefei,中国民航大学,多快好省地AC,1,2,122,,roster,747.2,0,band,,
2023,hefei,中国民航大学,不要罚时,1,2,122,,none,,0,quota,unexplained,
2023,hefei,上海理工大学,七遇绮迹 未来会来,1,2,91,,name,193.0,0,band,,silver
2023,hefei,上海理工大学,安云染街 客语佳辰,1,2,91,,name,342.1,0,quota,unexplained,
2023,hefei,广东工业大学揭阳校区,GDUTJY_今天拿奖了吗,1,1,147,,roster,1098.7,0,band,,
2023,hefei,武汉科技大学,你与我最后的战场亦或是世界起始,1,1,98,,roster,668.8,0,band,,
2023,hefei,南京师范大学,三人成行,1,1,119,,name,989.6,0,band,,
2023,hefei,郑州轻工业大学,最近公共祖先,1,1,167,,roster,1121.1,0,band,,
2023,hefei,长春理工大学,那就好好道个别吧,1,2,164,,name,426.0,0,band,,bronze
2023,hefei,长春理工大学,六个句号,1,2,164,,roster,1094.5,0,quota,unexplained,
2023,hefei,合肥工业大学,过了样例就算对,1,2,142,,roster,494.2,0,band,,bronze
2023,hefei,合肥工业大学,天天做早操队,1,2,142,,name,1496.4,0,quota,unexplained,
2023,hefei,嘉应学院,开搞！,0,1,173,,name,1079.8,0,quota,unexplained,bronze
2023,hefei,郑州大学,废弃车站下车之旅,2,2,76,,roster,358.4,0,band,,bronze
2023,hefei,郑州大学,孔乙己在流水线上哭着要回古代,2,2,76,,none,,0,band,,
2023,hefei,华南农业大学,过不了六级,1,2,111,,roster,433.4,0,band,,
2023,hefei,华南农业大学,记得开LL,1,2,111,,name,676.8,0,quota,unexplained,bronze
2023,hefei,西南科技大学,多个学弟少个猪,1,2,137,,roster,497.8,0,band,,bronze
2023,hefei,西南科技大学,贡嘎雪山,1,2,137,,roster,695.7,0,quota,unexplained,
2023,hefei,南京工业大学,石上三年,1,1,145,,name,846.7,0,band,,
2023,hefei,兰州大学,我真不会取名啊,2,2,55,,name,464.0,0,band,,bronze
2023,hefei,兰州大学,ID Smile,2,2,55,,roster,507.0,0,band,,bronze
2023,hefei,南昌航空大学,Debug都队2.0,1,1,169,,name,515.2,0,band,,
2023,hefei,湖南科技大学,压力给到全队,1,1,163,,name,415.0,0,band,,bronze
2023,hefei,青岛大学,三个东营人,1,1,150,,name,576.2,0,band,,
2023,hefei,西南石油大学,十四夜月明,2,2,89,,roster,1171.8,0,band,,
2023,hefei,西南石油大学,坐牢了不如玩三人小游戏,2,2,89,,none,,0,band,,
2023,hefei,南华大学,想名字太麻烦,1,1,121,,name,722.0,0,band,,
2023,hefei,华侨大学,潜龙腾渊,3,1,36,,roster,1268.4,0,band,,
2023,hefei,山东科技大学,阿尔-巴塔尼号,1,1,144,,name,1615.6,0,band,,
2023,hefei,东北师范大学,RuntimeError,0,1,236,,name,819.2,0,quota,unexplained,bronze
2023,hefei,太原理工大学,AC中,1,1,108,,roster,753.0,0,band,,
2023,hefei,新疆大学,为美好的ACM献上祝福,1,1,125,,roster,1007.1,0,band,,bronze
2023,hefei,中山大学,中山大学_破晓之旅,3,4,10,wf,name,68.0,1,band,,gold
2023,hefei,中山大学,中山大学_破空之势,3,4,10,wf,name,242.3,0,band,,bronze
2023,hefei,中山大学,中山大学_三轮车,3,4,10,wf,roster,329.9,0,band,,silver
2023,hefei,中山大学,中山大学_懂又不懂,3,4,10,wf,none,,1,quota,wf,gold
2023,hefei,中国计量大学,我不想加入Ranking俯冲,1,1,159,,name,593.3,0,band,,bronze
2023,hefei,湖北工业大学,琵琶拨尽四弦悲,0,1,182,,roster,1525.0,0,quota,unexplained,
2023,hefei,青岛理工大学,一执而已,1,1,165,,name,460.5,0,band,,
2023,hefei,中国海洋大学,划水,1,1,143,,roster,1885.0,0,band,,
2023,hefei,浙江万里学院,歪比巴卜,1,1,155,,roster,618.6,0,band,,bronze
2023,hefei,湖南文理学院,狂点技能树,1,1,128,,name,499.0,0,band,,bronze
2023,hefei,山东师范大学,大三难铜的最后一舞,0,1,179,,roster,1156.7,0,quota,unexplained,
2023,hefei,中国石油大学（华东）,中石大2021,0,1,189,,name,554.3,0,quota,unexplained,silver
2023,hefei,浙江农林大学暨阳学院,薄荷加冰可乐水,1,1,99,,name,748.0,0,band,,bronze
2023,hefei,阜阳师范大学,人从众,0,1,264,,name,1075.0,0,quota,unexplained,
2023,hefei,南京林业大学,不玩原神，失败人生,1,1,151,,name,827.0,0,band,,
2023,hefei,长沙学院,三脸懵逼,1,1,97,,roster,798.0,0,band,,bronze
2023,jinan,安徽大学,"依古比古,你相信引力吗? [Made in Havean]!",1,1,104,,roster,567.5,0,band,,
2023,jinan,安徽工业大学,积极向上到处睡觉,1,1,138,,name,518.3,0,band,,bronze
2023,jinan,北京大学,重生之我是菜狗,2,4,1,wf,name,1.0,1,band,,gold
2023,jinan,北京大学,呆呆鸟,2,4,1,wf,name,2.4,1,band,,gold
2023,jinan,北京大学,思路打开,2,4,1,wf,name,4.9,1,quota,wf,gold
2023,jinan,北京大学,人偶妹妹,2,4,1,wf,name,14.1,1,quota,unexplained,gold
2023,jinan,北京工业大学,木方,1,1,140,,roster,818.1,0,band,,
2023,jinan,北京航空航天大学,吃得真香,2,3,7,wf,roster,172.9,1,band,,gold
2023,jinan,北京航空航天大学,不ak不改名,2,3,7,wf,roster,210.2,0,band,,bronze
2023,jinan,北京航空航天大学,哟哟,2,3,7,wf,roster,221.0,0,quota,wf,silver
2023,jinan,北京化工大学,艾克斯,1,2,79,,roster,629.3,0,band,,bronze
2023,jinan,北京化工大学,大烟杆嘴里塞_我只抽第五代,1,2,79,,roster,1127.4,0,quota,unexplained,
2023,jinan,北京交通大学,想跟上榜,2,2,14,,roster,254.2,0,band,,bronze
2023,jinan,北京交通大学,风追夜白,2,2,14,,none,,0,band,,silver
2023,jinan,北京科技大学,我不行了,1,1,159,,roster,491.7,0,band,,bronze
2023,jinan,北京理工大学,ddl战神,2,3,15,wf,name,88.1,1,band,,gold
2023,jinan,北京理工大学,锐刻六代,2,3,15,wf,name,387.2,0,band,,silver
2023,jinan,北京理工大学,逸一时误一世 逸久逸久罢一龄,2,3,15,wf,none,,0,quota,wf,
2023,jinan,北京林业大学,地大（北京）栋梁,1,1,73,,roster,593.5,0,band,,silver
2023,jinan,北京师范大学,苹果狗,1,1,88,,roster,297.9,0,band,,silver
2023,jinan,北京邮电大学,来了去了,2,3,35,,name,121.0,0,band,,silver
2023,jinan,北京邮电大学,你说的队,2,3,35,,name,231.8,0,band,,bronze
2023,jinan,北京邮电大学,打完去超市买点东西吃,2,3,35,,name,256.9,0,quota,unexplained,silver
2023,jinan,常熟理工学院,求求你给个铜牌吧，我真的什么都能做,0,1,213,,roster,951.0,0,quota,unexplained,
2023,jinan,成都理工大学,动物世界,1,1,127,,name,1290.0,0,band,,bronze
2023,jinan,成都信息工程大学,指引明路的苍蓝星,1,1,90,,name,278.3,0,band,,silver
2023,jinan,大连大学,叫什么名字捏,1,1,132,,roster,990.2,0,band,,
2023,jinan,大连海事大学,愿,0,1,,,none,,0,quota,unexplained,bronze
2023,jinan,大连理工大学,一带三,1,1,81,,name,226.7,0,band,,silver
2023,jinan,电子科技大学,UESTC_十夏花火,2,3,34,wf,name,119.8,1,band,,gold
2023,jinan,电子科技大学,UESTC_三只雄性,2,3,34,wf,roster,183.4,0,band,,bronze
2023,jinan,电子科技大学,UESTC_Guest_WiFi,2,3,34,wf,none,,1,quota,wf,gold
2023,jinan,电子科技大学中山学院,倚楼听雨,0,1,216,,roster,721.9,0,quota,unexplained,
2023,jinan,东北大学,东北大学_次元魔女,2,4,27,host,name,131.8,1,band,,gold
2023,jinan,东北大学,东北大学_依言定真，鉴定为，你也万援申,2,4,27,host,roster,456.2,0,band,,
2023,jinan,东北大学,东北大学_海底,2,4,27,host,roster,818.1,0,quota,host,
2023,jinan,东北大学,东北大学_爱的抱抱,2,4,27,host,none,,0,quota,host,
2023,jinan,东北大学秦皇岛分校,专业团队,1,2,83,,name,674.3,0,band,,
2023,jinan,东北大学秦皇岛分校,搭个郊县,1,2,83,,none,,0,quota,unexplained,
2023,jinan,东北电力大学,"No, Thank You!",1,1,103,,name,324.8,0,band,,bronze
2023,jinan,东北林业大学,太阳花,0,1,,,none,,0,quota,unexplained,
2023,jinan,东北农业大学,红颜近晚霞,1,1,162,,name,449.5,0,band,,
2023,jinan,东北师范大学,巨大喷流,0,1,236,,name,1387.7,0,quota,unexplained,
2023,jinan,东华大学,互联网六艺,1,2,67,,roster,995.0,0,band,,
2023,jinan,东华大学,狗熊岭之光,1,2,67,,name,1020.9,0,quota,unexplained,bronze
2023,jinan,东南大学,打ACM打的↑↓,1,1,59,,name,401.2,0,band,,bronze
2023,jinan,福建理工大学,哪有小孩天天哭哪有acmer天天输,1,1,124,,roster,471.1,0,band,,bronze
2023,jinan,福建农林大学,轻舟已过万重山,0,1,219,,roster,633.1,0,quota,unexplained,
2023,jinan,福建师范大学,哇哦！金色传说！,1,1,131,,roster,643.0,0,band,,silver
2023,jinan,福州大学,飞鱼与蝉,1,2,60,,roster,246.8,0,band,,bronze
2023,jinan,福州大学,很多鸽子,1,2,60,,none,,0,quota,unexplained,bronze
2023,jinan,复旦大学,秒速1E9,2,1,19,,name,277.4,0,band,,silver
2023,jinan,广东工业大学,绿豆沙,1,3,51,,name,146.9,1,band,,gold
2023,jinan,广东工业大学,喜欢睡觉,1,3,51,,name,780.4,0,quota,unexplained,
2023,jinan,广东工业大学,原神高手,1,3,51,,roster,1123.5,0,quota,unexplained,
2023,jinan,广东工业大学揭阳校区,GDUTJY_天依不加糖,1,1,147,,roster,524.4,0,band,,
2023,jinan,广西大学,IRAS 17514,1,1,74,,roster,694.9,0,band,,bronze
2023,jinan,广州大学,虚虚得实,1,1,134,,name,444.1,0,band,,bronze
2023,jinan,贵州大学,青春NovelAI不会梦到AlphaCode,1,1,183,,name,569.9,0,band,,
2023,jinan,桂林电子科技大学,Dreamboat,1,2,181,,name,689.0,0,band,,silver
2023,jinan,桂林电子科技大学,编译报错一定是主办方动我机子了,1,2,181,,roster,792.0,0,quota,unexplained,
2023,jinan,国防科技大学,宇宙警备队,2,2,12,,name,959.0,0,band,,
2023,jinan,国防科技大学,十四方飞鸟,2,2,12,,none,,0,band,,
2023,jinan,哈尔滨工程大学,奇怪队名gkd,1,1,82,,name,247.5,0,band,,silver
2023,jinan,哈尔滨工业大学,三个不会起名的人,2,2,9,,name,347.5,0,band,,bronze
2023,jinan,哈尔滨工业大学,假嘟尊嘟,2,2,9,,name,349.1,0,band,,bronze
2023,jinan,哈尔滨工业大学（深圳）,机房猫猫大队,2,2,40,,roster,133.3,1,band,,gold
2023,jinan,哈尔滨工业大学（深圳）,全都做不队,2,2,40,,name,534.5,0,band,,bronze
2023,jinan,哈尔滨工业大学（威海）,地心引力,1,2,69,local,name,136.0,0,band,,bronze
2023,jinan,哈尔滨工业大学（威海）,海底小纵队,1,2,69,local,name,941.0,0,quota,local,
2023,jinan,哈尔滨理工大学,哈理工02队JN,2,2,42,,roster,136.0,0,band,,silver
2023,jinan,哈尔滨理工大学,哈理工12队JN,2,2,42,,roster,399.7,0,band,,
2023,jinan,杭州电子科技大学,对称起源,2,4,16,wf,roster,32.0,1,band,,gold
2023,jinan,杭州电子科技大学,原铁杀,2,4,16,wf,roster,300.0,0,band,,bronze
2023,jinan,杭州电子科技大学,天地万象皆随我意,2,4,16,wf,roster,364.0,0,quota,wf,silver
2023,jinan,杭州电子科技大学,原始人，启洞,2,4,16,wf,roster,713.0,0,quota,unexplained,bronze
2023,jinan,杭州师范大学,Ctrl c v 复制金牌,1,3,96,host,roster,409.6,0,band,,silver
2023,jinan,杭州师范大学,注意间隙,1,3,96,host,roster,490.6,0,quota,host,bronze
2023,jinan,杭州师范大学,渡我者何人？,1,3,96,host,roster,795.6,0,quota,host,
2023,jinan,合肥工业大学,没有名字,1,1,142,,roster,1333.1,0,band,,
2023,jinan,合肥工业大学宣城校区,Knights of the Eastern Calculus,1,1,94,,name,898.6,0,band,,
2023,jinan,合肥学院,打个表吧,1,1,112,,name,813.8,0,band,,bronze
2023,jinan,河北大学,河北大学云帆一队,0,1,,,none,,0,quota,unexplained,bronze
2023,jinan,河北工业大学,只会写暴力,1,1,126,,name,1672.0,0,band,,
2023,jinan,河北师范大学,指尖破晓,0,1,187,,roster,1626.3,0,quota,unexplained,
2023,jinan,河海大学,我的ACM铁牌物语果然有问题,1,2,102,,name,301.8,0,band,,silver
2023,jinan,河海大学,千禧年の真理社,1,2,102,,none,,0,quota,unexplained,bronze
2023,jinan,河南大学,北极星,1,1,110,,roster,483.1,0,band,,bronze
2023,jinan,河南工业大学,因为我已触碰过天空,1,1,120,,name,761.4,0,band,,bronze
2023,jinan,河南理工大学,还真是,1,1,158,,name,649.0,0,band,,bronze
2023,jinan,河南农业大学,0.o,1,1,117,,name,319.5,0,band,,silver
2023,jinan,衡阳师范学院,无留意,1,1,148,,name,386.0,0,band,,bronze
2023,jinan,湖北工业大学,次次大保底,1,1,182,,roster,811.7,0,band,,
2023,jinan,湖南城市学院,益阳丁真,0,1,230,,name,632.0,0,quota,unexplained,
2023,jinan,湖南大学,金色传说,1,2,65,wf,roster,116.0,1,band,,gold
2023,jinan,湖南大学,渡,1,2,65,wf,none,,0,quota,wf,bronze
2023,jinan,湖南警察学院,完蛋！我被大佬包围了！,0,1,306,,roster,1117.0,0,quota,unexplained,
2023,jinan,湖南科技大学,喵喵队要去奋斗,1,1,163,,name,470.8,0,band,,
2023,jinan,湖南理工学院,宝宝巴士,1,1,57,,none,,0,band,,
2023,jinan,湖南师范大学,师大之鑫,1,1,84,,roster,301.5,0,band,,bronze
2023,jinan,湖南文理学院,狂点技能树,1,1,128,,name,499.0,0,band,,silver
2023,jinan,华北科技学院,混沌大魔KING,0,1,,,none,,0,quota,unexplained,
2023,jinan,华北理工大学,这是最后的机会了,1,1,184,,roster,460.0,0,band,,bronze
2023,jinan,华东理工大学,别急我还在藏东西队,1,1,63,,roster,812.9,0,band,,bronze
2023,jinan,华东师范大学,风一样,1,2,53,,roster,299.0,0,band,,silver
2023,jinan,华东师范大学,百折不挠，合作共赢,1,2,53,,none,,0,quota,unexplained,silver
2023,jinan,华南理工大学,某不科学的AC,1,2,71,,name,215.5,0,band,,silver
2023,jinan,华南理工大学,伯兰特州U：燃烧的西红柿,1,2,71,,name,453.1,0,quota,unexplained,silver
2023,jinan,华南农业大学,SCAU_3,1,1,111,,roster,416.1,0,band,,bronze
2023,jinan,华南师范大学,虾虎遨游直至AC,1,1,114,,name,549.4,0,band,,bronze
2023,jinan,华侨大学,红日初升,2,1,36,,roster,99.8,1,band,,gold
2023,jinan,华中科技大学,小鲤鱼历险记,2,3,17,wf,roster,27.8,1,band,,gold
2023,jinan,华中科技大学,轻语,2,3,17,wf,roster,92.3,1,band,,gold
2023,jinan,华中科技大学,队里有人被压力导致的,2,3,17,wf,roster,199.0,0,quota,wf,silver
2023,jinan,华中农业大学,金银铜,0,1,203,,name,637.0,0,quota,unexplained,
2023,jinan,华中师范大学,落叶飘零,2,2,50,,name,113.3,0,band,,silver
2023,jinan,华中师范大学,借点金充星穹铁道,2,2,50,,name,340.9,0,band,,silver
2023,jinan,惠州学院,鶸巢,0,1,214,,name,1146.9,0,quota,unexplained,
2023,jinan,吉林大学,Nan上加Nan,2,2,29,,name,170.7,0,band,,silver
2023,jinan,吉林大学,划船全靠浪,2,2,29,,name,467.3,0,band,,
2023,jinan,集美大学,凪,0,1,190,,name,1274.2,0,quota,unexplained,
2023,jinan,济南大学,世界之隙,1,4,156,local,roster,1025.9,0,band,,
2023,jinan,济南大学,ICPC哪里跪了,1,4,156,local,roster,1448.6,0,quota,local,
2023,jinan,济南大学,今天,1,4,156,local,roster,2234.0,0,quota,unexplained,
2023,jinan,济南大学,飞龙骑脸怎么输之我是爱莉希雅的团子大仓鼠,1,4,156,local,none,,0,quota,unexplained,
2023,jinan,暨南大学,这是我最后的波纹了,1,2,95,wf,roster,629.7,0,band,,
2023,jinan,暨南大学,胜天半子,1,2,95,wf,name,807.5,0,quota,wf,
2023,jinan,嘉应学院,可燃冰,1,1,173,,roster,1237.8,0,band,,
2023,jinan,江汉大学,不动的大图书馆,0,1,316,,roster,1169.0,0,quota,unexplained,
2023,jinan,江南大学,求求你给我块牌吧，队长会玩崩坏星穹铁道的,1,1,166,,roster,749.9,0,band,,bronze
2023,jinan,江西财经大学,从第一个WA开始,1,2,175,,roster,490.5,0,band,,silver
2023,jinan,江西财经大学,Jtrip,1,2,175,,roster,1532.0,0,quota,unexplained,
2023,jinan,江西理工大学,码海中的幻境之旅,1,1,118,,none,,0,band,,
2023,jinan,江西农业大学,网瘾犯了,0,1,342,,name,1383.3,0,quota,unexplained,bronze
2023,jinan,江西师范大学,辣子鸡,1,1,116,,name,1315.4,0,band,,
2023,jinan,昆山杜克大学,整个龙江,1,1,70,,none,,0,band,,
2023,jinan,兰州大学,CCPC忘记报名了,1,1,55,,roster,337.0,0,band,,silver
2023,jinan,乐山师范学院,原地踏步者,1,1,172,,none,,0,band,,bronze
2023,jinan,聊城大学,未来算法研究所,0,1,296,local,name,1094.1,0,quota,local,
2023,jinan,临沂大学,罚坐队,0,1,335,local,roster,1262.0,0,quota,local,bronze
2023,jinan,鲁东大学,星星之火 - 银狼,1,1,106,local,name,480.0,0,band,,
2023,jinan,南昌航空大学,雀食蟀三队,1,1,169,,name,965.5,0,band,,
2023,jinan,南方科技大学,南方科技大学-坦佩雷,2,3,11,wf,name,69.9,0,band,,silver
2023,jinan,南方科技大学,南方科技大学-伊卡利宁,2,3,11,wf,roster,122.9,0,band,,silver
2023,jinan,南方科技大学,南方科技大学-罗瓦涅米,2,3,11,wf,name,260.6,0,quota,wf,bronze
2023,jinan,南华大学,￥inculde《iosteam》\n_using_namespece_\n_itn_mian_{count《《“hellow_word”;retrun_o},1,1,121,,roster,725.0,0,band,,
2023,jinan,南京大学,虚幻黄昏,2,4,5,wf,roster,15.9,1,band,,gold
2023,jinan,南京大学,明明是我先来的,2,4,5,wf,roster,141.9,0,band,,silver
2023,jinan,南京大学,乱敲键盘,2,4,5,wf,name,375.3,0,quota,wf,bronze
2023,jinan,南京大学,荆棘黄昏,2,4,5,wf,name,581.5,0,quota,unexplained,
2023,jinan,南京工业大学,三相之力,1,1,145,,name,439.9,0,band,,bronze
2023,jinan,南京航空航天大学,水冷头不撕膜,1,3,64,host,name,588.1,0,band,,bronze
2023,jinan,南京航空航天大学,甘雨想打ACM,1,3,64,host,name,591.5,0,quota,host,bronze
2023,jinan,南京航空航天大学,林克时间,1,3,64,host,name,799.7,0,quota,host,
2023,jinan,南京理工大学,平和猫猫头,2,3,24,,name,76.3,1,band,,gold
2023,jinan,南京理工大学,睿智猫猫头,2,3,24,,roster,354.8,0,band,,bronze
2023,jinan,南京理工大学,珂朵莉也能持久化,2,3,24,,none,,0,quota,unexplained,
2023,jinan,南京林业大学,林带观光团,1,1,151,,name,971.6,0,band,,
2023,jinan,南京师范大学,我Python怎么又超时了,1,1,119,,roster,395.2,0,band,,silver
2023,jinan,南京信息工程大学,砌砖嘴犟,2,2,25,,name,711.6,0,band,,
2023,jinan,南京信息工程大学,小砌砖大震撼,2,2,25,,name,1270.6,0,band,,
2023,jinan,南京邮电大学,我负责WA十发带队友坐牢,2,3,18,wf,roster,646.3,0,band,,
2023,jinan,南京邮电大学,希望有一个友好的结尾,2,3,18,wf,roster,730.6,0,band,,
2023,jinan,南京邮电大学,指望另一队,2,3,18,wf,roster,787.8,0,quota,wf,
2023,jinan,南开大学,给毕达哥拉斯以计算机,2,2,30,,name,379.1,0,band,,bronze
2023,jinan,南开大学,对他使用dijkstra吧,2,2,30,,name,416.1,0,band,,bronze
2023,jinan,南通大学,没有队名,1,1,123,,name,1168.4,0,band,,
2023,jinan,宁波大学,樱白之歌,1,1,105,,name,429.1,0,band,,bronze
2023,jinan,宁夏大学,那你想叫啥就叫啥吧,0,1,,,none,,0,quota,unexplained,bronze
2023,jinan,莆田学院,拿牌了就退役和队友玩原神&队长单身十年,1,1,176,,roster,1229.7,0,band,,
2023,jinan,齐齐哈尔大学,欢迎报考齐齐哈尔大学,1,1,171,,name,446.0,0,band,,bronze
2023,jinan,青岛大学,老年艺术团,1,2,150,local,name,635.4,0,band,,
2023,jinan,青岛大学,养发旅游团,1,2,150,local,name,1076.2,0,quota,local,
2023,jinan,青岛科技大学,她与金牌皆失,0,2,186,local,name,783.0,0,quota,local,bronze
2023,jinan,青岛科技大学,VT 彩铅,0,2,186,local,roster,1788.0,0,quota,unexplained,
2023,jinan,青岛理工大学,陟暇自迩,1,1,165,local,roster,476.5,0,band,,bronze
2023,jinan,青岛农业大学,翻斗花园突击手,0,2,329,local,roster,1248.0,0,quota,local,
2023,jinan,青岛农业大学,R_C_N.风信子,0,2,329,local,none,,0,quota,unexplained,
2023,jinan,青岛农业大学海都学院,紫罗兰永恒花园,0,1,406,local,roster,1814.8,0,quota,local,
2023,jinan,清华大学,有手有脚,2,3,4,wf,name,5.9,1,band,,gold
2023,jinan,清华大学,一鼠两赢,2,3,4,wf,name,40.2,1,band,,gold
2023,jinan,清华大学,时来运转观光团,2,3,4,wf,name,43.4,0,quota,wf,silver
2023,jinan,曲阜师范大学,失踪的天鹅之考研怎么你了,0,1,223,local,name,918.1,0,quota,local,
2023,jinan,厦门大学,攻城狮,2,2,47,,name,1295.9,0,band,,
2023,jinan,厦门大学,瞎打XCPC,2,2,47,,none,,0,band,,silver
2023,jinan,山东财经大学,参与奖掠夺者,0,2,301,local,name,1190.9,0,quota,local,
2023,jinan,山东财经大学,烈火战神中门端大狙,0,2,301,local,roster,1445.5,0,quota,unexplained,
2023,jinan,山东大学,黄老师的粉丝团,2,4,23,wf|local,roster,216.0,0,band,,silver
2023,jinan,山东大学,她还是爱我的对不队,2,4,23,wf|local,roster,503.0,0,band,,bronze
2023,jinan,山东大学,给大哥端茶倒水的小弟,2,4,23,wf|local,name,515.0,0,quota,wf,bronze
2023,jinan,山东大学,ACM最强传说绝凶的猛虎,2,4,23,wf|local,roster,1199.0,0,quota,local,
2023,jinan,山东大学（威海）,16MB的感动,1,1,92,local,roster,521.0,0,band,,
2023,jinan,山东第一医科大学,做的都队,0,1,,,roster,2357.0,0,quota,unexplained,
2023,jinan,山东工商学院,好好好,0,1,320,local,none,,0,quota,local,
2023,jinan,山东管理学院,一院丁真,0,1,376,local,roster,1523.0,0,quota,local,
2023,jinan,山东建筑大学,映雪湖的神秘生物,0,1,313,local,roster,1178.8,0,quota,local,
2023,jinan,山东科技大学,柏林队,1,2,144,local,roster,515.5,0,band,,bronze
2023,jinan,山东科技大学,奋进号,1,2,144,local,none,,0,quota,local,bronze
2023,jinan,山东理工大学,开发9G,1,2,101,local,roster,600.0,0,band,,bronze
2023,jinan,山东理工大学,清纯白毛小萝莉,1,2,101,local,name,617.4,0,quota,local,bronze
2023,jinan,山东农业大学,羊村护卫队,0,1,263,local,name,892.3,0,quota,local,
2023,jinan,山东女子学院,一块牛奶栗子糕,0,1,303,local,roster,1159.4,0,quota,local,
2023,jinan,山东师范大学,二原组,1,3,179,local,name,668.5,0,band,,
2023,jinan,山东师范大学,队长没过四级,1,3,179,local,roster,800.9,0,quota,local,
2023,jinan,山东师范大学,大蜗蜗&江欣婷&LDX的奇幻冒险,1,3,179,local,roster,1349.6,0,quota,unexplained,
2023,jinan,山东协和学院,不是北京协和,0,1,392,local,roster,1637.0,0,quota,local,
2023,jinan,山西大学,壱雫空,1,1,185,,roster,472.0,0,band,,bronze
2023,jinan,上海大学,只要微笑就好,2,4,39,,roster,283.0,0,band,,bronze
2023,jinan,上海大学,启云力,2,4,39,,name,679.9,0,band,,
2023,jinan,上海大学,芝士狗狗队,2,4,39,,roster,1225.0,0,quota,unexplained,
2023,jinan,上海大学,SHU-10,2,4,39,,none,,1,quota,unexplained,gold
2023,jinan,上海海事大学,打铁之我是菜狗,1,1,177,,roster,514.5,0,band,,silver
2023,jinan,上海交通大学,春日影,2,3,6,wf,name,56.7,1,band,,gold
2023,jinan,上海交通大学,黎明随想曲,2,3,6,wf,name,60.9,0,band,,silver
2023,jinan,上海交通大学,希冀之翼,2,3,6,wf,name,129.0,1,quota,wf,gold
2023,jinan,上海科技大学,重生之我是通配符,1,1,130,,name,696.0,0,band,,
2023,jinan,韶关学院,我看队友打代码,0,1,191,,name,546.4,0,quota,unexplained,bronze
2023,jinan,绍兴文理学院元培学院,艾欧尼亚专业团队,1,1,139,,none,,0,band,,bronze
2023,jinan,深圳北理莫斯科大学,CCA,0,1,211,,none,,0,quota,unexplained,bronze
2023,jinan,深圳大学,SZU_Kevin,2,2,38,,name,273.9,0,band,,
2023,jinan,深圳大学,橙色奇迹,2,2,38,,roster,336.9,0,band,,bronze
2023,jinan,四川大学,刀削面的疲倦,2,2,3,,name,32.0,1,band,,gold
2023,jinan,四川大学,自费旅游三小丑,2,2,3,,roster,440.8,0,band,,bronze
2023,jinan,四川师范大学,就算是中二病也要谈恋爱,0,1,,,none,,0,quota,unexplained,
2023,jinan,苏州大学,金闪闪,2,2,21,,name,95.2,0,band,,silver
2023,jinan,苏州大学,韩氏空指针上可持久化雨自动机,2,2,21,,name,259.7,0,band,,bronze
2023,jinan,台州学院,沧浪之水--为梦而战,1,1,106,,name,309.2,0,band,,silver
2023,jinan,太原理工大学,一路向上,1,1,108,,roster,1182.0,0,band,,
2023,jinan,天津大学,人菜码多,1,2,77,wf,name,154.1,0,band,,
2023,jinan,天津大学,为什么要演奏春日影,1,2,77,wf,name,454.3,0,quota,wf,bronze
2023,jinan,天津理工大学,转生成为了只有音乐游戏破灭flag的乌蒙地插吃,1,1,133,,none,,0,band,,
2023,jinan,天津仁爱学院,梦幻小丑,1,1,115,,roster,380.3,0,band,,bronze
2023,jinan,同济大学,本来挺喜欢ACM的,1,1,52,,name,101.2,0,band,,silver
2023,jinan,潍坊学院,此处无队名,0,1,344,local,name,1697.5,0,quota,local,
2023,jinan,武汉大学,夏三角,1,2,56,,roster,109.0,1,band,,gold
2023,jinan,武汉大学,天台的月光,1,2,56,,roster,397.0,0,quota,unexplained,silver
2023,jinan,武汉工程大学,会有奇迹吗？3.0,0,1,206,,roster,555.9,0,quota,unexplained,bronze
2023,jinan,武汉科技大学,RELX悦刻幻影五代PRO,1,1,98,,roster,335.9,0,band,,silver
2023,jinan,武汉理工大学,牧马人,2,2,43,,name,422.4,0,band,,bronze
2023,jinan,武汉理工大学,！动启，神原,2,2,43,,name,460.7,0,band,,
2023,jinan,西安电子科技大学,三分之二去零点,2,2,32,,name,264.0,0,band,,silver
2023,jinan,西安电子科技大学,神里流:AC,2,2,32,,name,316.8,0,band,,silver
2023,jinan,西安交通大学,WQY竟不从之,2,3,46,wf,name,222.7,0,band,,bronze
2023,jinan,西安交通大学,拜登跳动,2,3,46,wf,roster,281.0,0,band,,bronze
2023,jinan,西安交通大学,AI告诉我这是一个好名字,2,3,46,wf,roster,295.4,0,quota,wf,bronze
2023,jinan,西安理工大学,二进制文豪,0,1,195,,name,863.8,0,quota,unexplained,
2023,jinan,西安邮电大学,江郎才尽,0,1,261,,name,1092.0,0,quota,unexplained,
2023,jinan,西北大学,一定是那ICPC，它把大哥打至跪地。可能是迫大哥跟它回去打CF口牙！,1,1,149,,roster,763.2,0,band,,
2023,jinan,西北工业大学,啊对对队,2,4,37,wf,name,411.0,0,band,,bronze
2023,jinan,西北工业大学,野犬牧行,2,4,37,wf,name,619.0,0,band,,bronze
2023,jinan,西北工业大学,Undo,2,4,37,wf,none,,0,quota,wf,bronze
2023,jinan,西北工业大学,苦瓜大王,2,4,37,wf,none,,0,quota,unexplained,bronze
2023,jinan,西北农林科技大学,华丽收场,1,1,134,,none,,0,band,,bronze
2023,jinan,西湖大学,西湖,1,1,129,,none,,0,band,,bronze
2023,jinan,西南交通大学,MyGO!!!,2,2,13,,roster,544.0,0,band,,bronze
2023,jinan,西南交通大学,tfBugs,2,2,13,,name,1822.0,0,band,,
2023,jinan,西南科技大学,荧光闪烁,1,1,137,,roster,491.8,0,band,,
2023,jinan,西南民族大学,我觉得我是,0,1,205,,name,560.6,0,quota,unexplained,silver
2023,jinan,西南石油大学,汉水嘉陵,1,1,89,,roster,341.7,0,band,,bronze
2023,jinan,香港城市大学,九龙塘妙妙屋,2,2,41,non_mainland,name,583.6,0,band,,
2023,jinan,香港城市大学,导师叫我们来打比赛,2,2,41,non_mainland,roster,583.6,0,band,,silver
2023,jinan,香港大学,開門呀呀呀,2,2,31,wf|non_mainland,none,,0,band,,
2023,jinan,香港大学,什么神什么启动,2,2,31,wf|non_mainland,none,,0,band,,bronze
2023,jinan,香港浸会大学,HKBU,1,1,58,non_mainland,none,,1,band,,gold
2023,jinan,香港科技大学（广州）,起洞,1,1,78,non_mainland,name,268.2,0,band,,silver
2023,jinan,香港中文大学（深圳）,CUHK-SZ (TBD),2,1,20,wf|non_mainland,name,32.9,1,band,,gold
2023,jinan,香港中文大學,好有諗法,2,2,33,non_mainland,roster,387.0,0,band,,silver
2023,jinan,香港中文大學,失敗終結符,2,2,33,non_mainland,none,,1,band,,gold
2023,jinan,湘潭大学,洋灰三角,1,1,62,,name,405.0,0,band,,
2023,jinan,新疆大学,Yep,1,2,125,,name,413.7,0,band,,silver
2023,jinan,新疆大学,扑克牌里最大牌,1,2,125,,roster,1097.1,0,quota,unexplained,
2023,jinan,信息工程大学,一道杠的青春,0,1,,,none,,0,quota,unexplained,bronze
2023,jinan,徐州工程学院,dev启动,0,1,276,,name,1283.0,0,quota,unexplained,
2023,jinan,烟台大学,别人AC，我们寄,0,1,259,local,roster,1006.7,0,quota,local,
2023,jinan,烟台科技学院,we rock,0,1,397,local,name,1696.0,0,quota,local,
2023,jinan,烟台理工学院,天晨破晓,0,1,418,local,roster,1871.5,0,quota,local,
2023,jinan,燕山大学,都说了是树形DP不是球形DP,2,1,49,,none,,0,band,,
2023,jinan,云南大学,!再见YNU,1,1,146,,roster,451.0,0,band,,bronze
2023,jinan,长安大学,你就说样例过了对不队,0,1,192,,roster,894.5,0,quota,unexplained,
2023,jinan,长春理工大学,我绝不和煎蛋不放糖的家伙结婚！,1,1,164,,name,713.3,0,band,,
2023,jinan,长沙理工大学,苍蝇附骥，萝茑依松,1,1,141,,roster,508.0,0,band,,
2023,jinan,长沙学院,最后一舞,1,1,97,,name,323.4,0,band,,silver
2023,jinan,浙大城市学院,来三杯拿铁,1,1,72,,name,177.1,0,band,,silver
2023,jinan,浙大宁波理工学院,现场队,1,1,153,,roster,575.6,0,band,,bronze
2023,jinan,浙江财经大学,寒星孤月,1,1,174,,name,450.5,0,band,,
2023,jinan,浙江大学,虚空之梦,2,4,2,wf,name,5.9,1,band,,gold
2023,jinan,浙江大学,nameless story,2,4,2,wf,name,9.8,1,band,,gold
2023,jinan,浙江大学,九衢尘,2,4,2,wf,roster,38.9,0,quota,wf,silver
2023,jinan,浙江大学,复仇之魂,2,4,2,wf,roster,173.1,0,quota,unexplained,silver
2023,jinan,浙江工商大学,理塘最速WA传说,2,2,45,,name,651.3,0,band,,
2023,jinan,浙江工商大学,空花阳焰,2,2,45,,name,659.2,0,band,,bronze
2023,jinan,浙江工业大学,奇思妙想,1,3,68,,name,352.9,0,band,,silver
2023,jinan,浙江工业大学,才思泉涌,1,3,68,,roster,362.3,0,quota,unexplained,silver
2023,jinan,浙江工业大学,ZJUT6,1,3,68,,name,390.5,0,quota,unexplained,
2023,jinan,浙江理工大学,邪恶泡泡与射线恶魔,1,2,100,,name,566.0,0,band,,bronze
2023,jinan,浙江理工大学,不死图腾,1,2,100,,name,778.0,0,quota,unexplained,bronze
2023,jinan,浙江农林大学,浙农专旅行者,1,1,85,,name,382.0,0,band,,
2023,jinan,浙江师范大学,ZJNU_7队,2,3,22,wf,name,53.4,1,band,,gold
2023,jinan,浙江师范大学,ZJNU_遵纪守法,2,3,22,wf,roster,152.7,0,band,,silver
2023,jinan,浙江师范大学,三幻神,2,3,22,wf,name,339.3,0,quota,wf,
2023,jinan,浙江万里学院,贞德食泥鸭,1,1,155,,roster,413.4,0,band,,
2023,jinan,郑州大学,仲夏夜之梦,1,1,76,,roster,502.5,0,band,,
2023,jinan,郑州轻工业大学,VP Master,1,1,167,,roster,549.6,0,band,,bronze
2023,jinan,中北大学,水泥工人再就业,1,1,151,,none,,0,band,,
2023,jinan,中国地质大学（北京）,打acm没对象,1,1,86,,roster,647.3,0,band,,bronze
2023,jinan,中国地质大学（武汉）,后会无期,1,1,154,,name,1020.1,0,band,,
2023,jinan,中国海洋大学,递归师傅,1,2,143,local,roster,891.3,0,band,,bronze
2023,jinan,中国海洋大学,交啥啥队,1,2,143,local,roster,1958.0,0,quota,local,
2023,jinan,中国计量大学,我不想加入Ranking俯冲,1,1,159,,name,593.3,0,band,,bronze
2023,jinan,中国科学技术大学,Firezox,2,4,8,host|wf,name,50.4,0,band,,silver
2023,jinan,中国科学技术大学,末日时在做什么？有没有空？可以来烤苕皮么？,2,4,8,host|wf,roster,65.3,1,band,,gold
2023,jinan,中国科学技术大学,至少看起来像个女队,2,4,8,host|wf,name,179.1,0,quota,host,silver
2023,jinan,中国科学技术大学,布吉岛,2,4,8,host|wf,name,327.0,0,quota,host,silver
2023,jinan,中国科学院大学,果壳挂科王,1,1,54,,name,120.2,0,band,,silver
2023,jinan,中国矿业大学,不许玩原神,0,3,215,,roster,863.3,0,quota,unexplained,
2023,jinan,中国矿业大学,原神异闻录,0,3,215,,roster,945.2,0,quota,unexplained,
2023,jinan,中国矿业大学,码的都队,0,3,215,,roster,1081.1,0,quota,unexplained,
2023,jinan,中国矿业大学（北京）,北矿7队,0,2,227,,roster,620.0,0,quota,unexplained,silver
2023,jinan,中国矿业大学（北京）,wa自动机,0,2,227,,roster,1061.0,0,quota,unexplained,
2023,jinan,中国民航大学,大四打基础,1,1,122,,name,518.2,0,band,,bronze
2023,jinan,中国人民大学,面向变形金刚编程,1,1,66,,name,587.0,0,band,,bronze
2023,jinan,中国石油大学（华东）,中石大1953,0,1,189,,name,588.6,0,quota,unexplained,bronze
2023,jinan,中南大学,普普三人组,2,3,26,wf,name,68.4,1,band,,gold
2023,jinan,中南大学,美滋滋,2,3,26,wf,name,131.0,0,band,,silver
2023,jinan,中南大学,楼下就这？差一题不凹,2,3,26,wf,name,396.0,0,quota,wf,bronze
2023,jinan,中南民族大学,柴郡猫猫头,1,2,113,,name,1150.0,0,band,,
2023,jinan,中南民族大学,玛卡巴卡和它的秘密花园,1,2,113,,name,1420.0,0,quota,unexplained,
2023,jinan,中山大学,中山大学_有好有坏有点呆,2,4,10,wf,name,395.8,0,band,,silver
2023,jinan,中山大学,中山大学_大三元,2,4,10,wf,roster,497.4,0,band,,silver
2023,jinan,中山大学,中山大学_干完这杯卡布奇诺！,2,4,10,wf,none,,0,quota,wf,silver
2023,jinan,中山大学,中山大学_OMS维修队,2,4,10,wf,none,,1,quota,unexplained,gold
2023,jinan,重庆大学,拒绝精神内耗，WA了直接发疯,2,2,44,,name,147.8,0,band,,silver
2023,jinan,重庆大学,这个队名出现在21世纪还是太超前了,2,2,44,,name,410.2,0,band,,silver
2023,jinan,重庆邮电大学,前面的题面以后再来探索吧？,1,1,80,,roster,173.2,0,band,,bronze
2023,nanjing,安徽大学,融合巨怪,2,2,104,,roster,321.0,0,band,,silver
2023,nanjing,安徽大学,码码我呀，今天必须得写下去,2,2,104,,name,1136.4,0,band,,
2023,nanjing,安徽工业大学,算我一个,1,1,138,,roster,1026.9,0,band,,
2023,nanjing,北京大学,重生之我是菜狗,2,4,1,wf,name,1.0,1,band,,gold
2023,nanjing,北京大学,不是 很菜,2,4,1,wf,name,62.1,0,band,,silver
2023,nanjing,北京大学,自己衡量,2,4,1,wf,name,77.9,1,quota,wf,gold
2023,nanjing,北京大学,咕咕咕,2,4,1,wf,name,79.0,0,quota,unexplained,silver
2023,nanjing,北京工业大学,原神启动！,1,1,140,,name,753.4,0,band,,
2023,nanjing,北京航空航天大学,电脑配置低，一打ICPC就死机,2,3,7,wf,roster,35.0,1,band,,gold
2023,nanjing,北京航空航天大学,口嗨战神,2,3,7,wf,name,35.1,1,band,,gold
2023,nanjing,北京航空航天大学,不可计算,2,3,7,wf,name,107.4,1,quota,wf,gold
2023,nanjing,北京化工大学,祝你好运玩的开心,2,2,79,,roster,287.8,0,band,,silver
2023,nanjing,北京化工大学,北京化工大学蔚蓝档案沙勒支教分部,2,2,79,,roster,295.7,0,band,,bronze
2023,nanjing,北京建筑大学,谐振,1,1,61,,roster,148.3,1,band,,gold
2023,nanjing,北京交通大学,蓝色线段树,2,1,14,,name,139.6,1,band,,gold
2023,nanjing,北京科技大学,我不行了,1,1,159,,roster,491.7,0,band,,bronze
2023,nanjing,北京理工大学,阿夸滑滑蛋喝冰红茶,2,3,15,wf,name,55.7,0,band,,bronze
2023,nanjing,北京理工大学,内核恐慌,2,3,15,wf,name,59.0,1,band,,gold
2023,nanjing,北京理工大学,仲夏夜之银牌,2,3,15,wf,name,180.7,0,quota,wf,silver
2023,nanjing,北京理工大学珠海学院,翻译鬼才,1,1,170,,name,837.9,0,band,,
2023,nanjing,北京林业大学,杂毛小鸡,1,1,73,,none,,0,band,,bronze
2023,nanjing,北京师范大学,给个AC吧！,1,2,88,,roster,473.3,0,band,,
2023,nanjing,北京师范大学,都报名了要什么自行车,1,2,88,,name,860.0,0,quota,unexplained,
2023,nanjing,北京邮电大学,未闻队名,2,3,35,,roster,409.6,0,band,,bronze
2023,nanjing,北京邮电大学,鹰之一手,2,3,35,,name,469.0,0,band,,bronze
2023,nanjing,北京邮电大学,逆转结局,2,3,35,,name,676.9,0,quota,unexplained,bronze
2023,nanjing,常熟理工学院,CCZ,0,1,213,local,roster,794.0,0,quota,local,bronze
2023,nanjing,常州大学,WA你走开 我怕AC误会,0,1,228,local,name,712.7,0,quota,local,bronze
2023,nanjing,成都理工大学,还在整薯条的摸鱼队！,1,1,127,,name,1309.7,0,band,,
2023,nanjing,成都信息工程大学,恶行易施,1,1,90,,roster,854.8,0,band,,bronze
2023,nanjing,大连理工大学,一带三,2,2,81,,name,226.7,0,band,,bronze
2023,nanjing,大连理工大学,爱喝果粒橙,2,2,81,,none,,0,band,,bronze
2023,nanjing,电子科技大学,UESTC_猫猫队,2,4,34,wf,roster,117.0,0,band,,silver
2023,nanjing,电子科技大学,UESTC_十夏花火,2,4,34,wf,name,119.8,0,band,,silver
2023,nanjing,电子科技大学,UESTC_xxx,2,4,34,wf,name,237.2,0,quota,wf,silver
2023,nanjing,电子科技大学,UESTC_计算几何我来写但是你必须替我睡觉,2,4,34,wf,roster,308.5,0,quota,unexplained,silver
2023,nanjing,东北大学,东北大学_天狐座,2,4,27,host,roster,65.3,1,band,,gold
2023,nanjing,东北大学,东北大学_环形枯竭,2,4,27,host,name,259.0,0,band,,silver
2023,nanjing,东北大学,东北大学_收收味,2,4,27,host,roster,306.8,0,quota,host,bronze
2023,nanjing,东北大学,东北大学_哪里错了？有的时候找找评测机的原因好吧！,2,4,27,host,none,,0,quota,host,
2023,nanjing,东北大学秦皇岛分校,可导必可积,2,2,83,,name,326.1,0,band,,silver
2023,nanjing,东北大学秦皇岛分校,无名,2,2,83,,roster,660.5,0,band,,bronze
2023,nanjing,东北电力大学,"No, Thank You!",1,1,103,,name,324.8,0,band,,bronze
2023,nanjing,东北农业大学,异世界泥头车司机,1,1,162,,roster,450.2,0,band,,bronze
2023,nanjing,东北师范大学,炫我嘴里,0,1,236,,name,1188.5,0,quota,unexplained,
2023,nanjing,东华大学,?不可视境界线?,2,2,67,,name,151.0,0,band,,silver
2023,nanjing,东华大学,抓马西瓜,2,2,67,,name,360.6,0,band,,bronze
2023,nanjing,东南大学,你也不想别人知道你在打ACM吧,2,3,59,local,name,373.5,0,band,,silver
2023,nanjing,东南大学,神奇海螺,2,3,59,local,name,779.9,0,band,,
2023,nanjing,东南大学,猫和老鼠,2,3,59,local,none,,0,quota,local,
2023,nanjing,福建理工大学,依靠时间钳形攻势混上福理工,1,1,124,,roster,1044.6,0,band,,
2023,nanjing,福建师范大学,凉拌玛卡巴卡,1,1,131,,name,657.8,0,band,,bronze
2023,nanjing,福州大学,浴室踩订书机,2,3,60,,roster,189.5,0,band,,silver
2023,nanjing,福州大学,八年老兵,2,3,60,,name,218.5,0,band,,silver
2023,nanjing,福州大学,不ac不睡觉,2,3,60,,roster,583.1,0,quota,unexplained,
2023,nanjing,复旦大学,再多一眼看一眼就会 AC,2,2,19,,roster,232.0,0,band,,silver
2023,nanjing,复旦大学,黑莲,2,2,19,,name,267.2,0,band,,silver
2023,nanjing,广东工业大学,遇到问题先喝茶,2,3,51,,roster,307.2,0,band,,
2023,nanjing,广东工业大学,三地鼠,2,3,51,,name,366.7,0,band,,bronze
2023,nanjing,广东工业大学,茶餐厅,2,3,51,,name,702.4,0,quota,unexplained,
2023,nanjing,广东工业大学揭阳校区,GDUTJY_天依不加糖,1,1,147,,roster,524.4,0,band,,bronze
2023,nanjing,广西大学,这一发，贯穿星辰,2,2,74,,name,309.9,0,band,,bronze
2023,nanjing,广西大学,慢慢变强,2,2,74,,roster,568.9,0,band,,
2023,nanjing,广州大学,海底食碗米,2,2,134,,name,422.0,0,band,,bronze
2023,nanjing,广州大学,疯猾绝代,2,2,134,,name,521.4,0,band,,bronze
2023,nanjing,贵州大学,青春NovelAI不会梦到AlphaCode,0,1,183,,name,569.9,0,quota,unexplained,bronze
2023,nanjing,桂林电子科技大学,hh,0,1,181,,none,,0,quota,unexplained,
2023,nanjing,国防科技大学,都可以吧,1,1,12,,name,945.0,0,band,,
2023,nanjing,哈尔滨工程大学,我推的七海爆吃0721次罚时因为在原神启动,2,3,82,,roster,192.7,0,band,,silver
2023,nanjing,哈尔滨工程大学,三只也熊,2,3,82,,name,492.5,0,band,,bronze
2023,nanjing,哈尔滨工程大学,月色真美,2,3,82,,name,535.3,0,quota,unexplained,bronze
2023,nanjing,哈尔滨工业大学,玩原神玩的,2,2,9,,name,35.1,1,band,,gold
2023,nanjing,哈尔滨工业大学,月间天路,2,2,9,,name,43.8,1,band,,gold
2023,nanjing,哈尔滨工业大学（深圳）,博德之门,2,2,40,,none,,0,band,,silver
2023,nanjing,哈尔滨工业大学（深圳）,做题先疯队,2,2,40,,none,,0,band,,
2023,nanjing,哈尔滨工业大学（威海）,leaf,2,2,69,,name,382.0,0,band,,bronze
2023,nanjing,哈尔滨工业大学（威海）,唐可可后援会,2,2,69,,name,604.0,0,band,,bronze
2023,nanjing,哈尔滨理工大学,哈理工06队NJ,2,3,42,,roster,730.7,0,band,,
2023,nanjing,哈尔滨理工大学,哈理工01队NJ,2,3,42,,roster,1251.9,0,band,,
2023,nanjing,哈尔滨理工大学,哈理工09队NJ,2,3,42,,roster,1459.6,0,quota,unexplained,
2023,nanjing,杭州电子科技大学,今天企鹅不在家,2,4,16,wf,roster,100.0,0,band,,silver
2023,nanjing,杭州电子科技大学,杏花疏影林,2,4,16,wf,roster,150.0,1,band,,gold
2023,nanjing,杭州电子科技大学,勿忘草,2,4,16,wf,roster,208.0,1,quota,wf,gold
2023,nanjing,杭州电子科技大学,广告位招租,2,4,16,wf,roster,270.0,0,quota,unexplained,bronze
2023,nanjing,杭州师范大学,注意差距,2,4,96,host,roster,490.6,0,band,,
2023,nanjing,杭州师范大学,这题A不A，交一发就知道了,2,4,96,host,name,713.2,0,band,,
2023,nanjing,杭州师范大学,自由之翼,2,4,96,host,name,797.8,0,quota,host,
2023,nanjing,杭州师范大学,ACM再爱我一次,2,4,96,host,name,848.5,0,quota,host,
2023,nanjing,合肥工业大学,过了样例就算对,1,1,142,,roster,494.2,0,band,,silver
2023,nanjing,合肥工业大学宣城校区,吃饱饱,1,1,94,,name,311.5,0,band,,silver
2023,nanjing,合肥学院,想要变成猫猫虫,1,1,112,,name,676.8,0,band,,bronze
2023,nanjing,河北工业大学,我来写你们别走,1,1,126,,name,1092.2,0,band,,
2023,nanjing,河北师范大学,黎明之光,0,1,187,,name,511.1,0,quota,unexplained,
2023,nanjing,河海大学,唱支山歌给党听,1,3,102,local,roster,931.0,0,band,,
2023,nanjing,河海大学,重生之我是O始人,1,3,102,local,roster,1013.5,0,quota,local,
2023,nanjing,河海大学,移欲丁真，鉴定为：万缘生万德,1,3,102,local,roster,1224.4,0,quota,unexplained,
2023,nanjing,河南大学,华为15遥遥领先,1,1,110,,roster,483.1,0,band,,silver
2023,nanjing,河南工业大学,Decretum,1,1,120,,name,324.0,0,band,,silver
2023,nanjing,河南理工大学,榜歪了吗？如歪,1,2,158,,roster,597.9,0,band,,
2023,nanjing,河南理工大学,三个猛男,1,2,158,,roster,1045.6,0,quota,unexplained,
2023,nanjing,河南农业大学,5+2那维莱特,1,1,117,,roster,964.7,0,band,,
2023,nanjing,衡阳师范学院,无留意,1,1,148,,name,386.0,0,band,,silver
2023,nanjing,湖北工业大学,队里有神，但是原神,0,1,182,,name,671.4,0,quota,unexplained,bronze
2023,nanjing,湖南大学,古名地觉,1,2,65,wf,roster,664.0,0,band,,
2023,nanjing,湖南大学,一眼铁木真，假不了一点,1,2,65,wf,name,770.0,0,quota,wf,
2023,nanjing,湖南科技大学,压力给到全队,1,1,163,,name,415.0,0,band,,bronze
2023,nanjing,湖南理工学院,流泪猫猫头,1,1,57,,name,887.0,0,band,,bronze
2023,nanjing,湖南师范大学,栀晓,1,1,84,,name,214.5,0,band,,silver
2023,nanjing,湖南文理学院,我在理塘玩原神,1,1,128,,roster,320.0,0,band,,bronze
2023,nanjing,华东理工大学,不玩原神导致的,1,1,63,,roster,1414.3,0,band,,
2023,nanjing,华东师范大学,风一样,2,3,53,,roster,299.0,0,band,,silver
2023,nanjing,华东师范大学,英文队名逆序队,2,3,53,,name,301.0,0,band,,bronze
2023,nanjing,华东师范大学,与夏之花,2,3,53,,none,,0,quota,unexplained,silver
2023,nanjing,华南理工大学,鴏麚讏纔驆,2,4,71,,name,363.7,0,band,,bronze
2023,nanjing,华南理工大学,答应我不要用endl好吗,2,4,71,,name,404.6,0,band,,bronze
2023,nanjing,华南理工大学,1mparter,2,4,71,,name,435.5,0,quota,unexplained,
2023,nanjing,华南理工大学,伯兰特州U：燃烧的西红柿,2,4,71,,name,453.1,0,quota,unexplained,bronze
2023,nanjing,华南农业大学,怎么越睡越困,1,2,111,,name,318.6,0,band,,bronze
2023,nanjing,华南农业大学,吃饱就睡,1,2,111,,name,653.0,0,quota,unexplained,
2023,nanjing,华南师范大学,梭哈队,1,1,114,,name,482.7,0,band,,
2023,nanjing,华侨大学,红日初升,1,1,36,,roster,99.8,1,band,,gold
2023,nanjing,华中科技大学,心平气和.jpg,2,4,17,wf,name,162.6,0,band,,silver
2023,nanjing,华中科技大学,队里有人被压力导致的,2,4,17,wf,roster,199.0,0,band,,silver
2023,nanjing,华中科技大学,不管打不打实习都要旅游,2,4,17,wf,name,336.1,0,quota,wf,silver
2023,nanjing,华中科技大学,想好队名再改,2,4,17,wf,none,,0,quota,unexplained,bronze
2023,nanjing,华中农业大学,三人成行,0,1,203,,roster,847.0,0,quota,unexplained,
2023,nanjing,华中师范大学,因你AC的题目,2,2,50,,name,698.3,0,band,,
2023,nanjing,华中师范大学,一笑AC,2,2,50,,name,818.4,0,band,,
2023,nanjing,吉林大学,烈冕号,2,2,29,,name,73.8,0,band,,silver
2023,nanjing,吉林大学,adrnin,2,2,29,,name,312.9,0,band,,silver
2023,nanjing,集美大学,For++,0,1,190,,roster,838.0,0,quota,unexplained,bronze
2023,nanjing,济南大学,ICPC哪里跪了,1,1,156,,roster,1448.6,0,band,,
2023,nanjing,暨南大学,胜天半子,1,2,95,wf,name,807.5,0,band,,
2023,nanjing,暨南大学,空白格,1,2,95,wf,name,1143.0,0,quota,wf,
2023,nanjing,江南大学,心慌则褒姒，心泰则香槟,1,2,166,local,roster,783.5,0,band,,
2023,nanjing,江南大学,这一次南京！,1,2,166,local,roster,832.2,0,quota,local,
2023,nanjing,江苏大学,闪耀之所在,0,1,267,local,none,,0,quota,local,bronze
2023,nanjing,江苏科技大学,逻各斯,0,1,250,local,name,1028.1,0,quota,local,
2023,nanjing,江西财经大学,彩虹海,0,1,175,,name,638.9,0,quota,unexplained,
2023,nanjing,江西理工大学,原神从这里启航,1,1,118,,roster,1196.2,0,band,,
2023,nanjing,江西师范大学,Watch A-SOUL and become Au,1,2,116,,name,340.9,0,band,,bronze
2023,nanjing,江西师范大学,Last,1,2,116,,name,859.9,0,quota,unexplained,
2023,nanjing,昆明理工大学,冬天打比赛,0,1,,,none,,0,quota,unexplained,
2023,nanjing,昆山杜克大学,奖金什么时候发,1,1,70,,roster,132.0,1,band,,gold
2023,nanjing,兰州大学,CCPC忘记报名了,1,1,55,,roster,337.0,0,band,,silver
2023,nanjing,鲁东大学,星星之火 - 银狼,1,1,106,,name,480.0,0,band,,bronze
2023,nanjing,南昌大学,欺骗女性这种事情我做不到,0,1,256,,none,,0,quota,unexplained,
2023,nanjing,南昌航空大学,发际线和我作队,1,1,169,,name,1707.7,0,band,,
2023,nanjing,南方科技大学,南方科技大学-埃斯波,2,3,11,wf,name,92.2,0,band,,silver
2023,nanjing,南方科技大学,南方科技大学-万塔,2,3,11,wf,name,219.1,0,band,,silver
2023,nanjing,南方科技大学,奥卢,2,3,11,wf,none,,0,quota,wf,silver
2023,nanjing,南华大学,昨天刚学cpp,1,1,121,,name,306.0,0,band,,silver
2023,nanjing,南京大学,优质解答：我不知道,2,4,5,wf|local,name,50.2,1,band,,gold
2023,nanjing,南京大学,平流层,2,4,5,wf|local,name,120.7,0,band,,silver
2023,nanjing,南京大学,菜茎合作社,2,4,5,wf|local,name,310.8,0,quota,wf,silver
2023,nanjing,南京大学,重生之我不晕3D,2,4,5,wf|local,none,,0,quota,local,bronze
2023,nanjing,南京工程学院,NJIT_0队,0,1,299,local,roster,1453.4,0,quota,local,
2023,nanjing,南京工业大学,像我们一样爆零就泰裤辣,1,1,145,local,name,882.5,0,band,,
2023,nanjing,南京理工大学,睿智猫猫头,2,3,24,local,roster,354.8,0,band,,silver
2023,nanjing,南京理工大学,"ICPC,启动",2,3,24,local,none,,0,band,,
2023,nanjing,南京理工大学,死亡一刀斩,2,3,24,local,none,,0,quota,local,
2023,nanjing,南京林业大学,reji3tr,1,1,151,local,name,436.8,0,band,,bronze
2023,nanjing,南京师范大学,喜欢旅行的开拓者,1,2,119,local,roster,1215.3,0,band,,
2023,nanjing,南京师范大学,第六人格,1,2,119,local,roster,2087.5,0,quota,local,
2023,nanjing,南京晓庄学院,一切为了队友女装梦,0,1,287,local,roster,934.0,0,quota,local,
2023,nanjing,南京信息工程大学,跟不上榜,1,1,25,local,name,274.4,0,band,,bronze
2023,nanjing,南京邮电大学,Cirtrus,2,4,18,wf|local,name,27.0,1,band,,gold
2023,nanjing,南京邮电大学,星球移居者_ACM分部,2,4,18,wf|local,roster,931.6,0,band,,
2023,nanjing,南京邮电大学,鲜葱大队,2,4,18,wf|local,roster,981.3,0,quota,wf,
2023,nanjing,南京邮电大学,明天会更好,2,4,18,wf|local,roster,1013.6,0,quota,local,
2023,nanjing,南京邮电大学通达学院,求求了拿个奖吧,0,1,279,local,roster,1009.8,0,quota,local,
2023,nanjing,南开大学,又到了想队伍名的时间,2,2,30,,roster,820.2,0,band,,bronze
2023,nanjing,南开大学,保铜争银,2,2,30,,roster,979.3,0,band,,
2023,nanjing,南通大学,集思广益,1,1,123,local,roster,338.5,0,band,,bronze
2023,nanjing,宁波大学,樱白之歌,1,1,105,,name,429.1,0,band,,silver
2023,nanjing,莆田学院,雪王不wa队,0,1,176,,name,1464.2,0,quota,unexplained,
2023,nanjing,齐鲁工业大学,小心超人不小心超人了,1,2,109,,name,1459.2,0,band,,
2023,nanjing,齐鲁工业大学,打一块炙热的铁,1,2,109,,none,,0,quota,unexplained,
2023,nanjing,青岛大学,老年艺术团,1,2,150,,name,635.4,0,band,,bronze
2023,nanjing,青岛大学,养发旅游团,1,2,150,,name,1076.2,0,quota,unexplained,
2023,nanjing,青岛科技大学,斯卡布罗集市,0,1,186,,name,552.0,0,quota,unexplained,bronze
2023,nanjing,青岛理工大学,陟遐自迩,1,1,165,,name,476.5,0,band,,silver
2023,nanjing,清华大学,有手有脚,2,3,4,wf,name,5.9,1,band,,gold
2023,nanjing,清华大学,JSOI 摸鱼队,2,3,4,wf,name,15.3,1,band,,gold
2023,nanjing,清华大学,顶针的约克5,2,3,4,wf,name,21.0,1,quota,wf,gold
2023,nanjing,厦门大学,点分治分点,1,1,47,,name,93.9,1,band,,gold
2023,nanjing,山东大学,cjb 粉丝团,2,3,23,wf,name,277.6,0,band,,silver
2023,nanjing,山东大学,给大哥端茶倒水的小弟,2,3,23,wf,name,515.0,0,band,,bronze
2023,nanjing,山东大学,原始人起洞,2,3,23,wf,name,696.7,0,quota,wf,bronze
2023,nanjing,山东大学（威海）,主打一个陪伴,1,1,92,,name,193.0,0,band,,silver
2023,nanjing,山东科技大学,阿贾克斯号,1,1,144,,roster,1219.4,0,band,,
2023,nanjing,山东理工大学,WA哈哈,1,1,101,,roster,707.6,0,band,,bronze
2023,nanjing,山东农业大学,羊村护卫队,0,1,263,,name,892.3,0,quota,unexplained,
2023,nanjing,山东师范大学,南风,0,1,179,,roster,1114.8,0,quota,unexplained,
2023,nanjing,上海财经大学,iDLEM@STER O149,1,1,93,,name,224.9,0,band,,bronze
2023,nanjing,上海大学,只要微笑就好,2,4,39,,roster,283.0,0,band,,bronze
2023,nanjing,上海大学,夜航星,2,4,39,,name,675.0,0,band,,bronze
2023,nanjing,上海大学,地球三体组织,2,4,39,,name,856.0,0,quota,unexplained,
2023,nanjing,上海大学,她与铜牌皆失,2,4,39,,name,1300.0,0,quota,unexplained,
2023,nanjing,上海交通大学,黎明随想曲,2,1,6,wf,name,60.9,0,band,,silver
2023,nanjing,上海科技大学,张理工514队,1,1,130,,name,1007.4,0,band,,
2023,nanjing,上海理工大学,七遇绮迹 未来会来,1,2,91,,name,193.0,0,band,,bronze
2023,nanjing,上海理工大学,她与AC皆遗憾,1,2,91,,name,712.4,0,quota,unexplained,bronze
2023,nanjing,上海应用技术大学,彼岸葬送！,0,1,202,,name,828.4,0,quota,unexplained,
2023,nanjing,绍兴文理学院元培学院,保一争二,1,1,139,,name,1127.0,0,band,,
2023,nanjing,深圳大学,SZU_Nyaru,2,2,38,,name,453.4,0,band,,bronze
2023,nanjing,深圳大学,SZU_Manacher,2,2,38,,name,541.6,0,band,,bronze
2023,nanjing,深圳技术大学,"SZTU_为了我,对他使用ac吧",0,1,209,,roster,1104.7,0,quota,unexplained,
2023,nanjing,四川大学,雨,2,3,3,,roster,135.1,0,band,,bronze
2023,nanjing,四川大学,纹化输出自动鸡,2,3,3,,name,362.2,0,band,,bronze
2023,nanjing,四川大学,自费旅游三小丑,2,3,3,,roster,440.8,0,quota,unexplained,bronze
2023,nanjing,苏州大学,提瓦特大陆的光之队,2,3,21,local,roster,1061.8,0,band,,
2023,nanjing,苏州大学,不管三七二十一我嘎嘎炫饭,2,3,21,local,name,1217.6,0,band,,
2023,nanjing,苏州大学,错误禁止,2,3,21,local,roster,1813.2,0,quota,local,
2023,nanjing,台州学院,别急,1,1,106,,name,327.9,0,band,,bronze
2023,nanjing,太原理工大学,参宿一,1,1,108,,name,1968.0,0,band,,
2023,nanjing,天津大学,为什么要演奏春日影,2,3,77,wf,name,454.3,0,band,,bronze
2023,nanjing,天津大学,愤怒的小鸟,2,3,77,wf,name,502.9,0,band,,
2023,nanjing,天津大学,失物招领处,2,3,77,wf,name,1036.9,0,quota,wf,
2023,nanjing,天津理工大学,BMS：不为所动，做更闪耀的自己,1,1,133,,roster,1246.4,0,band,,bronze
2023,nanjing,天津仁爱学院,只因,1,1,115,,name,1866.7,0,band,,
2023,nanjing,同济大学,登神长阶,2,2,52,,name,261.2,0,band,,silver
2023,nanjing,同济大学,Ciallo,2,2,52,,name,694.4,0,band,,
2023,nanjing,温州大学,温大一队,1,2,48,,name,178.0,0,band,,bronze
2023,nanjing,温州大学,温大三队,1,2,48,,name,1497.4,0,quota,unexplained,
2023,nanjing,武汉大学,会编程到底是什么感觉,2,3,56,,roster,186.8,1,band,,gold
2023,nanjing,武汉大学,褪色记忆,2,3,56,,name,265.0,0,band,,silver
2023,nanjing,武汉大学,ICPC，启动！,2,3,56,,name,1030.0,0,quota,unexplained,bronze
2023,nanjing,武汉工程大学,深藏blue,0,1,206,,roster,551.3,0,quota,unexplained,
2023,nanjing,武汉科技大学,长征之我要成神,1,2,98,,name,668.8,0,band,,bronze
2023,nanjing,武汉科技大学,以上队伍成绩全部无效,1,2,98,,roster,893.6,0,quota,unexplained,
2023,nanjing,武汉理工大学,深海古代鱼,2,2,43,,roster,87.5,1,band,,gold
2023,nanjing,武汉理工大学,幻想乡旅行团,2,2,43,,name,252.9,0,band,,
2023,nanjing,西安电子科技大学,队名是啥,2,3,32,,name,461.4,0,band,,bronze
2023,nanjing,西安电子科技大学,夜之向日葵,2,3,32,,name,483.0,0,band,,bronze
2023,nanjing,西安电子科技大学,紫罗兰,2,3,32,,name,507.1,0,quota,unexplained,bronze
2023,nanjing,西安交通大学,唐人,2,3,46,wf,name,196.2,0,band,,silver
2023,nanjing,西安交通大学,WQY竟不从之,2,3,46,wf,name,222.7,0,band,,bronze
2023,nanjing,西安交通大学,AI说这个名字很好,2,3,46,wf,roster,295.4,0,quota,wf,bronze
2023,nanjing,西北大学,一定是那ICPC，它把大哥打至跪地。可能是迫大哥跟它回去打CF口牙！,1,1,149,,roster,763.2,0,band,,
2023,nanjing,西北工业大学,偏爱,2,4,37,wf,roster,93.3,1,band,,gold
2023,nanjing,西北工业大学,南京风味,2,4,37,wf,none,,0,band,,bronze
2023,nanjing,西北工业大学,徐浩洋粉丝团,2,4,37,wf,none,,0,quota,wf,bronze
2023,nanjing,西北工业大学,就在今天,2,4,37,wf,none,,0,quota,unexplained,silver
2023,nanjing,西北农林科技大学,诀别之旅,1,1,134,,roster,503.6,0,band,,silver
2023,nanjing,西湖大学,西湖2队,2,2,129,,roster,565.3,0,band,,bronze
2023,nanjing,西湖大学,西湖1队,2,2,129,,none,,0,band,,bronze
2023,nanjing,西南大学,AutoC++,1,1,134,,name,466.2,0,band,,silver
2023,nanjing,西南交通大学,猫猫生的,2,2,13,,roster,389.9,0,band,,bronze
2023,nanjing,西南交通大学,应季水果批发,2,2,13,,roster,1822.0,0,band,,
2023,nanjing,西南科技大学,障百川而东之，回狂澜于既倒,2,2,137,,roster,413.4,0,band,,bronze
2023,nanjing,西南科技大学,劲脆铁牌堡,2,2,137,,name,668.9,0,band,,
2023,nanjing,西南民族大学,反恐精英全球购,0,1,205,,roster,1426.0,0,quota,unexplained,
2023,nanjing,西南石油大学,原神，启动！,1,1,89,,name,1217.7,0,band,,
2023,nanjing,香港城市大学,原神，启动！,1,2,41,non_mainland,name,860.0,0,band,,
2023,nanjing,香港城市大学,南京妙妙屋,1,2,41,non_mainland,roster,1583.6,0,quota,non_mainland,
2023,nanjing,香港科技大学,HKUST1,0,1,,non_mainland,none,,0,quota,non_mainland,silver
2023,nanjing,香港科技大学(广州),原始人,1,1,78,non_mainland,name,528.3,0,band,,bronze
2023,nanjing,香港中文大学,安卓包,2,3,33,non_mainland,none,,0,band,,bronze
2023,nanjing,香港中文大学,只會一坤題,2,3,33,non_mainland,none,,0,band,,
2023,nanjing,香港中文大学,自僱打手,2,3,33,non_mainland,none,,0,quota,non_mainland,silver
2023,nanjing,香港中文大学（深圳）,dimension^3,1,1,20,wf|non_mainland,name,139.5,1,band,,gold
2023,nanjing,湘潭大学,提瓦特一日游,2,3,62,,name,426.0,0,band,,
2023,nanjing,湘潭大学,偷妈头,2,3,62,,name,569.0,0,band,,bronze
2023,nanjing,湘潭大学,随便起一个,2,3,62,,roster,919.9,0,quota,unexplained,
2023,nanjing,新疆大学,XJU01,1,2,125,,roster,1007.1,0,band,,bronze
2023,nanjing,新疆大学,XJU02,1,2,125,,none,,0,quota,unexplained,
2023,nanjing,徐州工程学院,"抱歉,这集没有美少女",0,1,276,local,roster,937.9,0,quota,local,
2023,nanjing,烟台大学,别人AC，我们寄,0,1,259,,roster,1006.7,0,quota,unexplained,
2023,nanjing,盐城工学院,北巷清风,0,1,233,local,name,715.3,0,quota,local,bronze
2023,nanjing,长春理工大学,给个牌吧，球球了QvQ,1,1,164,,roster,1598.6,0,band,,
2023,nanjing,长沙理工大学,干饭第一名,2,2,141,,name,372.0,0,band,,silver
2023,nanjing,长沙理工大学,初旅,2,2,141,,roster,407.9,0,band,,
2023,nanjing,浙大城市学院,星辰雨,2,3,72,,name,214.3,0,band,,bronze
2023,nanjing,浙大城市学院,业余码手,2,3,72,,name,386.9,0,band,,bronze
2023,nanjing,浙大城市学院,WA：wonderful answer,2,3,72,,name,728.0,0,quota,unexplained,
2023,nanjing,浙大宁波理工学院,芜湖糊,1,1,153,,roster,441.3,0,band,,bronze
2023,nanjing,浙江财经大学,秃如其来,0,1,174,,name,528.3,0,quota,unexplained,bronze
2023,nanjing,浙江大学,十发罚时,2,4,2,wf,roster,8.9,1,band,,gold
2023,nanjing,浙江大学,咕五分钟,2,4,2,wf,name,31.0,1,band,,gold
2023,nanjing,浙江大学,随机下雨,2,4,2,wf,roster,47.0,1,quota,wf,gold
2023,nanjing,浙江大学,星尘幻想,2,4,2,wf,roster,63.2,1,quota,unexplained,gold
2023,nanjing,浙江工商大学,又是看不懂题的一天,1,1,45,,roster,725.2,0,band,,
2023,nanjing,浙江工业大学,爱喝牛奶的猫猫酱,2,3,68,,name,143.1,0,band,,silver
2023,nanjing,浙江工业大学,ZJUT11,2,3,68,,name,348.0,0,band,,
2023,nanjing,浙江工业大学,ZJUT14,2,3,68,,name,502.4,0,quota,unexplained,
2023,nanjing,浙江科技学院,随便白给,1,1,168,,name,1156.7,0,band,,
2023,nanjing,浙江理工大学,附魔金苹果,1,2,100,,name,367.8,0,band,,bronze
2023,nanjing,浙江理工大学,下次提交一定队,1,2,100,,name,660.0,0,quota,unexplained,silver
2023,nanjing,浙江农林大学,夜的命名术,1,2,85,,name,670.2,0,band,,bronze
2023,nanjing,浙江农林大学,带带带带花树,1,2,85,,name,1381.5,0,quota,unexplained,
2023,nanjing,浙江农林大学暨阳学院,重生之来到icpc打铁,1,1,99,,none,,0,band,,
2023,nanjing,浙江师范大学,ZJNU_CodeGPT,2,3,22,wf,name,347.9,0,band,,bronze
2023,nanjing,浙江师范大学,羊村王中王,2,3,22,wf,name,395.0,0,band,,silver
2023,nanjing,浙江师范大学,星期天彻底疯狂,2,3,22,wf,name,910.7,0,quota,wf,
2023,nanjing,浙江万里学院,歪比巴卜,1,1,155,,roster,618.6,0,band,,
2023,nanjing,郑州大学,仲夏夜之梦,1,2,76,,roster,502.5,0,band,,
2023,nanjing,郑州大学,哈哈哈哈,1,2,76,,none,,0,quota,unexplained,bronze
2023,nanjing,郑州轻工业大学,alt+f4 一键榜一,1,1,167,,roster,1645.6,0,band,,
2023,nanjing,中北大学,队友算法挂了还能打XCPC吗,1,1,151,,name,410.2,0,band,,bronze
2023,nanjing,中国传媒大学,定福庄好果汁.定福庄好梅汁,0,1,239,,name,729.7,0,quota,unexplained,
2023,nanjing,中国地质大学（北京）,举杯邀明月,2,2,86,,name,295.9,0,band,,bronze
2023,nanjing,中国地质大学（北京）,二次元给俺滚！,2,2,86,,name,360.3,0,band,,silver
2023,nanjing,中国地质大学（武汉）,顺十字,1,1,154,,name,480.0,0,band,,silver
2023,nanjing,中国海洋大学,白洲梓理发店,1,1,143,,roster,1744.0,0,band,,
2023,nanjing,中国计量大学,(c102)不AC就會入夜狂飆(GenShin Impart)[Chinese],1,1,159,,name,1002.6,0,band,,
2023,nanjing,中国科学技术大学,末日时在做什么？有没有空？可以来烤苕皮么？,2,4,8,host|wf,roster,65.3,1,band,,gold
2023,nanjing,中国科学技术大学,随机化,2,4,8,host|wf,roster,93.0,1,band,,gold
2023,nanjing,中国科学技术大学,404 Not Found,2,4,8,host|wf,name,391.7,0,quota,host,bronze
2023,nanjing,中国科学技术大学,杂鱼队,2,4,8,host|wf,name,646.1,0,quota,host,
2023,nanjing,中国科学院大学,果壳挂科王,2,1,54,,name,120.2,0,band,,silver
2023,nanjing,中国矿业大学,三条菜狗,0,3,215,local,name,824.8,0,quota,local,
2023,nanjing,中国矿业大学,原神异闻录,0,3,215,local,roster,945.2,0,quota,unexplained,
2023,nanjing,中国矿业大学,Altanik,0,3,215,local,roster,1019.2,0,quota,unexplained,
2023,nanjing,中国民航大学,想与写与蛙,1,2,122,,roster,458.4,0,band,,silver
2023,nanjing,中国民航大学,最后之舞,1,2,122,,name,976.6,0,quota,unexplained,
2023,nanjing,中国农业大学,农大之光,0,1,247,,roster,755.0,0,quota,unexplained,
2023,nanjing,中国人民大学,养老人员专属薏米茶,1,2,66,,name,605.0,0,band,,
2023,nanjing,中国人民大学,我推的ICPC,1,2,66,,name,1092.2,0,quota,unexplained,
2023,nanjing,中国石油大学（华东）,中石大1953,0,1,189,,name,588.6,0,quota,unexplained,bronze
2023,nanjing,中南大学,千帆星河,2,3,26,wf,name,62.4,1,band,,gold
2023,nanjing,中南大学,怎么才能做对,2,3,26,wf,name,894.0,0,band,,
2023,nanjing,中南大学,Start Dash,2,3,26,wf,roster,923.0,0,quota,wf,silver
2023,nanjing,中南民族大学,offer不饱三战士,1,1,113,,roster,854.0,0,band,,
2023,nanjing,中山大学,中山大学_天选打工人,2,4,10,wf,name,214.7,1,band,,gold
2023,nanjing,中山大学,中山大学_testWA,2,4,10,wf,roster,299.1,0,band,,silver
2023,nanjing,中山大学,中山大学_大三元,2,4,10,wf,roster,497.4,0,quota,wf,silver
2023,nanjing,中山大学,中山大学_OMS维修队,2,4,10,wf,none,,0,quota,unexplained,silver
2023,nanjing,重庆大学,今年欢笑复明年，不知退役在眼前,2,1,44,,roster,862.4,0,band,,
2023,nanjing,重庆邮电大学,转生成华为手机拍出金牌,1,1,80,,roster,739.0,0,band,,
2023,nanjing,周口师范学院,神里绫华,1,1,157,,name,556.6,0,band,,bronze
2023,shenyang,安徽大学,众梦之聚,1,1,104,,name,691.7,0,band,,
2023,shenyang,安徽工业大学,不迷路也不记路,1,1,138,,roster,1792.8,0,band,,
2023,shenyang,北方工业大学,好坏小姐,0,1,237,,name,1062.0,0,quota,unexplained,silver
2023,shenyang,北京大学,呆呆鸟,2,4,1,wf,name,2.4,1,band,,gold
2023,shenyang,北京大学,大黄鸭信徒,2,4,1,wf,name,6.0,1,band,,gold
2023,shenyang,北京大学,退学申请的退字怎么写,2,4,1,wf,name,7.1,1,quota,wf,gold
2023,shenyang,北京大学,我有鱼鱼症,2,4,1,wf,name,52.0,1,quota,unexplained,gold
2023,shenyang,北京工业大学,Sis puella magica!,1,1,140,,name,369.9,0,band,,bronze
2023,shenyang,北京航空航天大学,砍瓜切菜,2,3,7,wf,roster,119.7,0,band,,silver
2023,shenyang,北京航空航天大学,这是一场豪赌,2,3,7,wf,name,172.9,0,band,,silver
2023,shenyang,北京航空航天大学,会挽雕弓如满月,2,3,7,wf,name,201.2,1,quota,wf,gold
2023,shenyang,北京化工大学,异世相遇，尽享美wa,1,1,79,,name,302.6,0,band,,bronze
2023,shenyang,北京交通大学,羊羊羊,2,2,14,,name,25.3,1,band,,gold
2023,shenyang,北京交通大学,Default 404,2,2,14,,roster,1070.5,0,band,,
2023,shenyang,北京理工大学,秋秋粉丝团,2,3,15,wf,name,127.7,1,band,,gold
2023,shenyang,北京理工大学,绫波丽请你喝东北好果汁,2,3,15,wf,name,135.0,0,band,,silver
2023,shenyang,北京理工大学,仲夏夜之银牌,2,3,15,wf,name,180.7,0,quota,wf,silver
2023,shenyang,北京理工大学珠海学院,星火燎原,1,1,170,,name,489.9,0,band,,silver
2023,shenyang,北京林业大学,Misaka·Kiana·Tankuku,1,1,73,,name,271.6,0,band,,bronze
2023,shenyang,北京师范大学,都报名了还要什么自行车,1,2,88,,name,345.0,0,band,,
2023,shenyang,北京师范大学,内测度,1,2,88,,none,,1,quota,unexplained,gold
2023,shenyang,北京邮电大学,三只蒟蒻,2,3,35,,name,117.2,1,band,,gold
2023,shenyang,北京邮电大学,再做一道就开摆,2,3,35,,name,565.5,0,band,,bronze
2023,shenyang,北京邮电大学,最佳柴郡,2,3,35,,name,1083.0,0,quota,unexplained,bronze
2023,shenyang,成都理工大学,三个灰名,1,2,127,,name,381.8,0,band,,bronze
2023,shenyang,成都理工大学,对对对你说的都对,1,2,127,,none,,0,quota,unexplained,
2023,shenyang,成都信息工程大学,石材古生物,1,2,90,,name,861.4,0,band,,bronze
2023,shenyang,成都信息工程大学,老人与海,1,2,90,,none,,0,quota,unexplained,bronze
2023,shenyang,大连大学,猫猫虫饼干,1,2,132,local,name,430.1,0,band,,
2023,shenyang,大连大学,队长单身十年换ICPC区域赛铜牌,1,2,132,local,roster,990.2,0,quota,local,
2023,shenyang,大连东软信息学院,气氛组,0,1,433,local,roster,2174.0,0,quota,local,
2023,shenyang,大连海事大学,中街大果,0,1,,local,none,,0,quota,local,
2023,shenyang,大连理工大学,二保一,1,3,81,local,name,229.0,0,band,,silver
2023,shenyang,大连理工大学,关注带工喵，关注带工谢谢喵(≧^.^≦),1,3,81,local,name,446.2,0,quota,local,
2023,shenyang,大连理工大学,三只复健小蒟蒻,1,3,81,local,none,,0,quota,unexplained,
2023,shenyang,大连理工大学盘锦校区,罚时自动机,0,1,198,local,roster,970.3,0,quota,local,bronze
2023,shenyang,电子科技大学,UESTC_扭转乾坤,2,4,34,wf,roster,263.7,0,band,,bronze
2023,shenyang,电子科技大学,UESTC_篝月明火,2,4,34,wf,roster,349.7,1,band,,gold
2023,shenyang,电子科技大学,UESTC_忒修斯之船,2,4,34,wf,roster,352.6,0,quota,wf,bronze
2023,shenyang,电子科技大学,UESTC_如名,2,4,34,wf,name,475.8,0,quota,unexplained,silver
2023,shenyang,东北大学秦皇岛分校,小饼卷大葱,1,2,83,,name,274.7,0,band,,bronze
2023,shenyang,东北大学秦皇岛分校,提前下班,1,2,83,,name,311.7,0,quota,unexplained,bronze
2023,shenyang,东北电力大学,然然可爱捏,1,1,103,,none,,0,band,,
2023,shenyang,东北林业大学,打完就吃藤原妹红烧烤摊,0,1,,,none,,0,quota,unexplained,
2023,shenyang,东北农业大学,重生之我们三个人跑了八个队友,1,2,162,,name,1668.4,0,band,,bronze
2023,shenyang,东北农业大学,双萃兑百事,1,2,162,,none,,0,quota,unexplained,
2023,shenyang,东北师范大学,RuntimeError,0,1,236,,name,819.2,0,quota,unexplained,bronze
2023,shenyang,东华大学,自在飞花轻似梦,1,1,67,,roster,330.7,0,band,,bronze
2023,shenyang,东南大学,不休独舞,1,1,59,,roster,113.0,1,band,,gold
2023,shenyang,福建理工大学,原神启动,1,1,124,,roster,1416.5,0,band,,
2023,shenyang,福建师范大学,杰尼龟快使用火箭头槌,1,1,131,,name,613.8,0,band,,bronze
2023,shenyang,福州大学,西南饺子馆,1,1,60,,name,136.4,0,band,,silver
2023,shenyang,复旦大学,有密码,2,2,19,,name,42.2,1,band,,gold
2023,shenyang,复旦大学,你先别急，让我调DP,2,2,19,,name,186.8,0,band,,bronze
2023,shenyang,广东工业大学,绿豆沙,1,2,51,,name,146.9,0,band,,silver
2023,shenyang,广东工业大学,登鲤,1,2,51,,name,932.1,0,quota,unexplained,
2023,shenyang,广东工业大学揭阳校区,GDUTJY_今天拿奖了吗,1,1,147,,roster,1098.7,0,band,,
2023,shenyang,广西大学,知耻而后勇,1,1,74,,name,183.0,0,band,,
2023,shenyang,广州大学,沈阳大街秘闻录,1,1,134,,roster,521.4,0,band,,bronze
2023,shenyang,桂林电子科技大学,无名之辈,0,1,181,,name,457.0,0,quota,unexplained,bronze
2023,shenyang,国防科技大学,自然选择号,2,2,12,,name,19.0,1,band,,gold
2023,shenyang,国防科技大学,万有引力队,2,2,12,,none,,0,band,,
2023,shenyang,哈尔滨工程大学,三只也熊,1,2,82,,name,492.5,0,band,,bronze
2023,shenyang,哈尔滨工程大学,月色真美,1,2,82,,name,535.3,0,quota,unexplained,bronze
2023,shenyang,哈尔滨工业大学,玩原神玩的,2,3,9,,name,35.1,1,band,,gold
2023,shenyang,哈尔滨工业大学,三个不会起名的人,2,3,9,,name,347.5,0,band,,
2023,shenyang,哈尔滨工业大学,假嘟尊嘟,2,3,9,,name,349.1,0,quota,unexplained,bronze
2023,shenyang,哈尔滨工业大学（深圳）,春日霜影,2,2,40,,roster,103.5,0,band,,silver
2023,shenyang,哈尔滨工业大学（深圳）,其实我也不是很想拿奖你真的很装,2,2,40,,none,,0,band,,bronze
2023,shenyang,哈尔滨工业大学（威海）,帅比队长在线征婚QQ2216541094,1,1,69,,name,322.0,0,band,,bronze
2023,shenyang,哈尔滨理工大学,哈理工02队SY,2,3,42,,roster,136.0,0,band,,silver
2023,shenyang,哈尔滨理工大学,哈理工05队SY,2,3,42,,roster,319.4,0,band,,bronze
2023,shenyang,哈尔滨理工大学,哈理工04队SY,2,3,42,,roster,1437.0,0,quota,unexplained,
2023,shenyang,哈尔滨商业大学,哈尔滨商业大学1队,1,1,180,,roster,540.4,0,band,,bronze
2023,shenyang,杭州电子科技大学,对称起源,2,4,16,wf,roster,32.0,1,band,,gold
2023,shenyang,杭州电子科技大学,Moonlight,2,4,16,wf,roster,264.0,0,band,,silver
2023,shenyang,杭州电子科技大学,急急爆炸,2,4,16,wf,roster,278.0,0,quota,wf,silver
2023,shenyang,杭州电子科技大学,老年活动中心,2,4,16,wf,roster,290.0,0,quota,unexplained,bronze
2023,shenyang,杭州师范大学,1s能跑1e9,1,3,96,host,roster,241.3,0,band,,bronze
2023,shenyang,杭州师范大学,cirl c v 复制金牌,1,3,96,host,roster,409.6,0,quota,host,bronze
2023,shenyang,杭州师范大学,bitset一下就过了,1,3,96,host,roster,417.2,0,quota,host,bronze
2023,shenyang,合肥工业大学,我笑了,1,1,142,,name,1207.5,0,band,,
2023,shenyang,合肥工业大学宣城校区,炼铜术士超想首银,1,2,94,,roster,899.9,0,band,,
2023,shenyang,合肥工业大学宣城校区,Please,1,2,94,,name,915.6,0,quota,unexplained,bronze
2023,shenyang,合肥学院,睡觉,1,1,112,,roster,2062.0,0,band,,
2023,shenyang,河北工业大学,不拿铁就算成功,1,1,126,,none,,0,band,,
2023,shenyang,河海大学,Akers,1,2,102,,name,317.1,0,band,,
2023,shenyang,河海大学,给OJ写信的自动手记人偶们会理解爱的真谛吗,1,2,102,,roster,645.0,0,quota,unexplained,
2023,shenyang,河南大学,三铁合一铜,1,1,110,,roster,964.7,0,band,,
2023,shenyang,河南工业大学,因为我已触碰过天空,1,1,120,,name,761.4,0,band,,bronze
2023,shenyang,黑龙江大学,拂晓晨辉,0,1,235,,name,867.6,0,quota,unexplained,bronze
2023,shenyang,衡阳师范学院,与夜色共眠,1,1,148,,roster,839.0,0,band,,bronze
2023,shenyang,湖南大学,渡,1,1,65,wf,none,,0,band,,bronze
2023,shenyang,湖南工业大学,虚无之色,0,1,,,none,,0,quota,unexplained,bronze
2023,shenyang,湖南科技大学,到沈阳指定有你好果汁吃,1,1,163,,roster,599.0,0,band,,bronze
2023,shenyang,湖南理工学院,Triple Xor Sum,1,1,57,,name,99.0,0,band,,silver
2023,shenyang,湖南师范大学,栀晓,1,1,84,,name,214.5,0,band,,silver
2023,shenyang,华东师范大学,东方homo馆,1,1,53,,name,137.7,0,band,,silver
2023,shenyang,华南理工大学,取乎其上,1,1,71,,name,200.1,0,band,,silver
2023,shenyang,华南农业大学,怎么越睡越困,1,2,111,,name,318.6,0,band,,bronze
2023,shenyang,华南农业大学,记得开LL,1,2,111,,name,676.8,0,quota,unexplained,
2023,shenyang,华南师范大学,江南开摆野指针梭哈天江遨游海底直至AC,1,2,114,,name,620.7,0,band,,silver
2023,shenyang,华南师范大学,菜狗冲锋,1,2,114,,name,866.9,0,quota,unexplained,
2023,shenyang,华中科技大学,双爸扶,2,4,17,wf,roster,92.3,1,band,,gold
2023,shenyang,华中科技大学,关注盖亚谢谢喵,2,4,17,wf,roster,253.3,0,band,,bronze
2023,shenyang,华中科技大学,不管打不打实习都要旅游,2,4,17,wf,name,336.1,0,quota,wf,silver
2023,shenyang,华中科技大学,糖果酱,2,4,17,wf,roster,385.0,0,quota,unexplained,bronze
2023,shenyang,华中师范大学,借点金冲星穹铁道,2,3,50,,roster,340.9,0,band,,silver
2023,shenyang,华中师范大学,迷路帖,2,3,50,,name,632.9,0,band,,bronze
2023,shenyang,华中师范大学,垂死病中惊坐起,2,3,50,,none,,0,quota,unexplained,
2023,shenyang,吉林大学,柴郡猫猫QuQ,2,3,29,,name,148.1,0,band,,silver
2023,shenyang,吉林大学,Nan上加Nan,2,3,29,,name,170.7,0,band,,silver
2023,shenyang,吉林大学,adrnin,2,3,29,,name,312.9,0,quota,unexplained,silver
2023,shenyang,集美大学,抱歉，这没有集美,0,1,190,,name,491.3,0,quota,unexplained,
2023,shenyang,济南大学,樱之重生,1,2,156,,name,408.0,0,band,,bronze
2023,shenyang,济南大学,世界之隙,1,2,156,,roster,1025.9,0,quota,unexplained,
2023,shenyang,嘉应学院,神狗之争,1,2,173,,roster,744.1,0,band,,
2023,shenyang,嘉应学院,冰之曜魄,1,2,173,,roster,1237.8,0,quota,unexplained,
2023,shenyang,江南大学,远坂凛粉丝队,1,1,166,,name,446.5,0,band,,bronze
2023,shenyang,江西财经大学,彩虹海,1,1,175,,name,638.9,0,band,,
2023,shenyang,江西理工大学,码海中的奇幻之旅,1,1,118,,none,,0,band,,
2023,shenyang,江西师范大学,Last,1,1,116,,name,859.9,0,band,,
2023,shenyang,兰州大学,艾克·尤里卡,1,1,55,,none,,0,band,,
2023,shenyang,辽宁大学,云里雾里,1,1,161,local,name,417.0,0,band,,bronze
2023,shenyang,辽宁科技大学,"用例,亲爱的",0,1,380,local,roster,1673.8,0,quota,local,
2023,shenyang,鲁东大学,星星之火-黎明,1,1,106,,name,987.1,0,band,,
2023,shenyang,南昌航空大学,极限火花,1,1,169,,name,842.9,0,band,,
2023,shenyang,南华大学,想名字太麻烦,1,1,121,,name,722.0,0,band,,bronze
2023,shenyang,南京大学,太平,2,4,5,wf,name,75.7,0,band,,silver
2023,shenyang,南京大学,林间雨月,2,4,5,wf,name,199.8,0,band,,bronze
2023,shenyang,南京大学,三吴克,2,4,5,wf,name,240.3,0,quota,wf,silver
2023,shenyang,南京大学,菜茎合作社,2,4,5,wf,name,310.8,0,quota,unexplained,silver
2023,shenyang,南京工业大学,三相之力,1,1,145,,name,439.9,0,band,,bronze
2023,shenyang,南京航空航天大学,逆风之旅,1,4,64,host,roster,824.5,0,band,,bronze
2023,shenyang,南京航空航天大学,听取WA声音一片,1,4,64,host,roster,930.1,0,quota,host,
2023,shenyang,南京航空航天大学,我的XCPC物语果然有问题,1,4,64,host,name,939.4,0,quota,host,
2023,shenyang,南京航空航天大学,3.1415926535,1,4,64,host,none,,0,quota,unexplained,
2023,shenyang,南京理工大学,流满猫猫头,2,2,24,,roster,289.3,0,band,,silver
2023,shenyang,南京理工大学,猫猫头启动,2,2,24,,none,,0,band,,bronze
2023,shenyang,南京林业大学,不玩原神，失败人生,1,1,151,,name,827.0,0,band,,bronze
2023,shenyang,南京师范大学,这个签到题不简单,1,1,119,,name,1514.0,0,band,,
2023,shenyang,南京信息工程大学,牧濑红莉栖,2,2,25,,name,88.9,0,band,,silver
2023,shenyang,南京信息工程大学,小砌砖大震撼,2,2,25,,name,1270.6,0,band,,
2023,shenyang,南京邮电大学,内鬼猫猫头,2,3,18,wf,roster,204.3,0,band,,bronze
2023,shenyang,南京邮电大学,去末地整点袋鼠,2,3,18,wf,roster,249.1,0,band,,bronze
2023,shenyang,南京邮电大学,梦里也会觉得AC难求,2,3,18,wf,roster,398.8,0,quota,wf,bronze
2023,shenyang,南开大学,给毕达哥拉斯以计算机,2,2,30,,name,379.1,0,band,,bronze
2023,shenyang,南开大学,对他使用dijkstra吧,2,2,30,,name,416.1,0,band,,
2023,shenyang,南通大学,没有队名,1,1,123,,name,1168.4,0,band,,
2023,shenyang,南阳理工学院,家人们谁懂啊,0,1,221,,name,855.4,0,quota,unexplained,
2023,shenyang,宁波大学,ACtor,1,1,105,,name,533.7,0,band,,bronze
2023,shenyang,莆田学院,葡萄菜菜子,1,2,176,,roster,650.4,0,band,,bronze
2023,shenyang,莆田学院,没有外卡就只能玩原神了啊,1,2,176,,roster,1229.7,0,quota,unexplained,
2023,shenyang,齐鲁工业大学,偏远放逐者,1,3,109,,name,333.6,0,band,,bronze
2023,shenyang,齐鲁工业大学,VP了20场，只进了两场铜牌线,1,3,109,,roster,1086.1,0,quota,unexplained,
2023,shenyang,齐鲁工业大学,猿神，启动,1,3,109,,roster,1256.0,0,quota,unexplained,
2023,shenyang,齐齐哈尔大学,欢迎报考齐齐哈尔大学,1,1,171,,name,446.0,0,band,,silver
2023,shenyang,青岛大学,完颜慧德的狗,1,2,150,,roster,630.0,0,band,,bronze
2023,shenyang,青岛大学,风浪越大题越队,1,2,150,,name,744.0,0,quota,unexplained,bronze
2023,shenyang,青岛科技大学,Black Star,0,1,186,,roster,1396.9,0,quota,unexplained,
2023,shenyang,青岛理工大学,一执而已,1,1,165,,name,460.5,0,band,,bronze
2023,shenyang,泉州师范学院,苦力leader写模拟贼猛,0,1,243,,name,1185.5,0,quota,unexplained,
2023,shenyang,厦门大学,既不说话又不动，我们都是木头人,2,2,47,,name,756.5,0,band,,
2023,shenyang,厦门大学,我推的Acmer！,2,2,47,,name,934.1,0,band,,
2023,shenyang,山东大学,攻击性没有还低能的要死,2,3,23,wf,roster,112.8,1,band,,gold
2023,shenyang,山东大学,世伊鸾涧渊,2,3,23,wf,name,155.8,0,band,,silver
2023,shenyang,山东大学,追光者,2,3,23,wf,name,286.3,0,quota,wf,silver
2023,shenyang,山东大学（威海）,OK 兄弟们 全体目光像我看齐,1,1,92,,roster,403.0,0,band,,
2023,shenyang,山东科技大学,阿贾克斯号,1,2,144,,roster,1219.4,0,band,,
2023,shenyang,山东科技大学,NCC_61947 耶格尔号,1,2,144,,none,,0,quota,unexplained,
2023,shenyang,山东理工大学,清纯白毛小萝莉,1,2,101,,name,617.4,0,band,,silver
2023,shenyang,山东理工大学,这个题PJD先测,1,2,101,,roster,1011.8,0,quota,unexplained,
2023,shenyang,山东师范大学,二原组,1,1,179,,name,668.5,0,band,,
2023,shenyang,上海大学,启云力,2,1,39,,name,679.9,0,band,,
2023,shenyang,上海海事大学,打铁之我是菜狗(,1,1,177,,roster,514.5,0,band,,silver
2023,shenyang,上海海洋大学,想想布鲁特福斯怎么做,1,1,178,,name,503.2,0,band,,
2023,shenyang,上海交通大学,逆命,2,2,6,wf,roster,21.1,1,band,,gold
2023,shenyang,上海交通大学,蒸蒸日上,2,2,6,wf,roster,54.8,1,band,,gold
2023,shenyang,上海科技大学,G！,1,1,130,,roster,337.0,0,band,,bronze
2023,shenyang,深圳大学,twilight illusion,2,3,38,,name,92.2,0,band,,silver
2023,shenyang,深圳大学,橙色奇迹,2,3,38,,roster,336.9,0,band,,
2023,shenyang,深圳大学,我滴女儿天下无敌！,2,3,38,,roster,797.8,0,quota,unexplained,
2023,shenyang,沈阳航空航天大学,镜花水月,0,1,238,local,roster,703.0,0,quota,local,bronze
2023,shenyang,沈阳化工大学,某某某,0,1,265,local,name,894.8,0,quota,local,
2023,shenyang,沈阳理工大学,辽宁省第九十九司空震,0,1,,local,none,,0,quota,local,silver
2023,shenyang,沈阳师范大学,"每一题都当最后一题,然后也不要怕WA TLE RE",0,1,307,local,name,1154.2,0,quota,local,
2023,shenyang,四川大学,超级宇宙无敌暴龙战士,2,3,3,,roster,233.5,0,band,,silver
2023,shenyang,四川大学,麦香鱼,2,3,3,,name,465.1,0,band,,
2023,shenyang,四川大学,此访问越界,2,3,3,,name,495.8,0,quota,unexplained,bronze
2023,shenyang,苏州大学,AK自动机,2,2,21,,roster,363.3,0,band,,silver
2023,shenyang,苏州大学,S属性大爆发,2,2,21,,name,868.1,0,band,,bronze
2023,shenyang,太原理工大学,一日看尽长安花,1,1,108,,roster,753.0,0,band,,
2023,shenyang,天津大学,去年沈阳站刚铁,1,2,77,wf,roster,154.1,0,band,,silver
2023,shenyang,天津大学,原神、道和篮球,1,2,77,wf,name,176.0,0,quota,wf,silver
2023,shenyang,天津工业大学,其实我是起名废物,0,1,,,none,,0,quota,unexplained,bronze
2023,shenyang,天津理工大学,明理湖水怪,1,1,133,,roster,379.6,0,band,,bronze
2023,shenyang,天津仁爱学院,梦幻小丑,1,1,115,,roster,380.3,0,band,,bronze
2023,shenyang,同济大学,长日将尽,1,2,52,,name,395.3,0,band,,silver
2023,shenyang,同济大学,脆脆鲨手,1,2,52,,none,,0,quota,unexplained,
2023,shenyang,武汉大学,Still Alive,1,2,56,,roster,109.0,1,band,,gold
2023,shenyang,武汉大学,放学后茶会,1,2,56,,name,253.0,1,quota,unexplained,gold
2023,shenyang,武汉科技大学,RELX锐刻幻影Pro,1,2,98,,roster,335.9,0,band,,silver
2023,shenyang,武汉科技大学,主要看运气,1,2,98,,name,925.7,0,quota,unexplained,
2023,shenyang,武汉理工大学,"WUT13,出列!",2,2,43,,roster,562.1,0,band,,bronze
2023,shenyang,武汉理工大学,thjj的最后一舞,2,2,43,,roster,570.2,0,band,,
2023,shenyang,西安电子科技大学,神里流AC,2,2,32,,name,316.8,0,band,,bronze
2023,shenyang,西安电子科技大学,紫罗兰,2,2,32,,name,507.1,0,band,,
2023,shenyang,西安交通大学,拜登跳动,2,3,46,wf,roster,281.0,0,band,,silver
2023,shenyang,西安交通大学,现在需要一个队伍名,2,3,46,wf,name,604.4,0,band,,bronze
2023,shenyang,西安交通大学,重振精神,2,3,46,wf,roster,605.1,0,quota,wf,bronze
2023,shenyang,西北大学,傅里叶变换,1,1,149,,name,957.5,0,band,,
2023,shenyang,西北工业大学,野犬牧行,2,4,37,wf,name,619.0,0,band,,
2023,shenyang,西北工业大学,报销就是胜利,2,4,37,wf,none,,0,band,,silver
2023,shenyang,西北工业大学,Undo,2,4,37,wf,none,,0,quota,wf,bronze
2023,shenyang,西北工业大学,苦瓜大王,2,4,37,wf,none,,0,quota,unexplained,
2023,shenyang,西北农林科技大学,急急急急摆摆摆摆,1,2,134,,name,656.0,0,band,,bronze
2023,shenyang,西北农林科技大学,小心柚子厨2,1,2,134,,roster,1029.4,0,quota,unexplained,
2023,shenyang,西藏民族大学,秦汉一,0,1,428,,roster,1983.0,0,quota,unexplained,
2023,shenyang,西湖大学,原神，启动,1,1,129,,name,594.3,0,band,,silver
2023,shenyang,西南交通大学,刷气球爆金币,2,1,13,,none,,0,band,,silver
2023,shenyang,西南科技大学,生如夏花,1,2,137,,name,497.8,0,band,,bronze
2023,shenyang,西南科技大学,劲脆铁牌堡,1,2,137,,name,668.9,0,quota,unexplained,
2023,shenyang,西南石油大学,汉水嘉陵,1,1,89,,roster,341.7,0,band,,silver
2023,shenyang,香港理工大学,幽若商夏,2,1,28,non_mainland,none,,0,band,,bronze
2023,shenyang,湘潭大学,金色时代,1,1,62,,roster,109.0,1,band,,gold
2023,shenyang,燕山大学,塔山一队,2,2,49,,roster,164.5,0,band,,bronze
2023,shenyang,燕山大学,塔山二队,2,2,49,,roster,1158.8,0,band,,
2023,shenyang,新疆大学,Yep,1,2,125,,name,413.7,0,band,,
2023,shenyang,新疆大学,重生之归来仍是小丑,1,2,125,,none,,0,quota,unexplained,
2023,shenyang,信息工程大学,抢我煎饼,0,1,,,none,,0,quota,unexplained,
2023,shenyang,云南大学,穿越之我在太空流浪,1,1,146,,name,1148.0,0,band,,
2023,shenyang,长春理工大学,一期一会,1,2,164,,name,658.5,0,band,,bronze
2023,shenyang,长春理工大学,我绝不和煎蛋不放糖的家伙结婚！,1,2,164,,name,713.3,0,quota,unexplained,
2023,shenyang,长沙理工大学,给我们个奖吧，我们什么都可以做的,1,2,141,,roster,475.7,0,band,,bronze
2023,shenyang,长沙理工大学,遇到困难睡大觉,1,2,141,,roster,883.8,0,quota,unexplained,
2023,shenyang,浙大城市学院,广告位招租,1,2,72,,name,636.4,0,band,,
2023,shenyang,浙大城市学院,终末之舞,1,2,72,,roster,668.7,0,quota,unexplained,
2023,shenyang,浙大宁波理工学院,现场队,1,2,153,,roster,575.6,0,band,,
2023,shenyang,浙大宁波理工学院,锅包肉一口仨,1,2,153,,roster,993.5,0,quota,unexplained,
2023,shenyang,浙江财经大学,幻想家在幻想时间幻想ac,1,1,174,,name,890.9,0,band,,
2023,shenyang,浙江大学,Prismatic Encore,2,4,2,wf,roster,7.5,1,band,,gold
2023,shenyang,浙江大学,随机过题军团,2,4,2,wf,roster,95.9,1,band,,gold
2023,shenyang,浙江大学,复仇之魂,2,4,2,wf,roster,173.1,1,quota,wf,gold
2023,shenyang,浙江大学,从土里挖出来的选手,2,4,2,wf,none,,0,quota,unexplained,silver
2023,shenyang,浙江工商大学,理塘最速WA传说,2,3,45,,name,651.3,0,band,,
2023,shenyang,浙江工商大学,空花阳焰,2,3,45,,name,659.2,0,band,,bronze
2023,shenyang,浙江工商大学,宝宝巴士,2,3,45,,roster,1011.7,0,quota,unexplained,
2023,shenyang,浙江工业大学,ZJUT13,1,1,68,,name,542.2,0,band,,
2023,shenyang,浙江科技学院,重生之我不要当拿铁男孩,1,1,168,,roster,472.1,0,band,,
2023,shenyang,浙江理工大学,飞飞,1,2,100,,name,284.9,0,band,,silver
2023,shenyang,浙江理工大学,邪恶泡泡与射线恶魔,1,2,100,,name,566.0,0,quota,unexplained,silver
2023,shenyang,浙江农林大学,这个彬彬交题超勇的,1,1,85,,name,169.5,1,band,,gold
2023,shenyang,浙江师范大学,我要漂亮姐姐教我写代码,2,3,22,wf,name,327.8,0,band,,
2023,shenyang,浙江师范大学,霸气酷酷伦,2,3,22,wf,name,457.4,0,band,,bronze
2023,shenyang,浙江师范大学,AAA金华蜜雪冰城代购,2,3,22,wf,name,658.9,0,quota,wf,
2023,shenyang,浙江万里学院,原来你们都是原神高手,1,1,155,,roster,470.5,0,band,,silver
2023,shenyang,郑州大学,弗莱斯曼,1,1,76,,none,,0,band,,
2023,shenyang,郑州轻工业大学,我一定会回来的,1,1,167,,roster,1469.3,0,band,,
2023,shenyang,中北大学,银牌: 队长 cos maple， 原神 考研， 小丑 acm烧烤;,1,1,151,,roster,648.6,0,band,,bronze
2023,shenyang,中国地质大学（北京）,唐氏儿童不会dp,1,1,86,,name,355.6,0,band,,
2023,shenyang,中国地质大学（武汉）,地能儿是这样的,1,2,154,,name,744.4,0,band,,
2023,shenyang,中国地质大学（武汉）,网瘾早该电电了,1,2,154,,name,1167.7,0,quota,unexplained,
2023,shenyang,中国海洋大学,我们仍未知那天WA的原因,1,1,143,,roster,414.7,0,band,,
2023,shenyang,中国计量大学,TB浪子,1,2,159,,name,655.7,0,band,,
2023,shenyang,中国计量大学,带恶人组织,1,2,159,,name,657.1,0,quota,unexplained,
2023,shenyang,中国科学技术大学,USTC摸鱼队,2,4,8,host|wf,name,79.0,1,band,,gold
2023,shenyang,中国科学技术大学,中科大少女班,2,4,8,host|wf,name,279.9,0,band,,silver
2023,shenyang,中国科学技术大学,24科软点击就送,2,4,8,host|wf,name,413.9,0,quota,host,silver
2023,shenyang,中国科学技术大学,樱吹雪,2,4,8,host|wf,name,475.6,0,quota,host,silver
2023,shenyang,中国科学院大学,随机分配,1,1,54,,name,97.0,0,band,,bronze
2023,shenyang,中国矿业大学,三条菜狗,0,2,215,,name,824.8,0,quota,unexplained,
2023,shenyang,中国矿业大学,三个翻译,0,2,215,,none,,0,quota,unexplained,silver
2023,shenyang,中国民航大学,头都秃了还没队,1,2,122,,roster,899.0,0,band,,bronze
2023,shenyang,中国民航大学,最后之舞,1,2,122,,name,976.6,0,quota,unexplained,
2023,shenyang,中国人民大学,嘉然今天创什么,1,2,66,,name,251.9,0,band,,silver
2023,shenyang,中国人民大学,高屋倒水,1,2,66,,name,829.0,0,quota,unexplained,
2023,shenyang,中国石油大学（华东）,中石大2021,0,2,189,,name,554.3,0,quota,unexplained,bronze
2023,shenyang,中国石油大学（华东）,中石大1988,0,2,189,,name,1249.6,0,quota,unexplained,
2023,shenyang,中南大学,美滋滋,2,3,26,wf,name,131.0,1,band,,gold
2023,shenyang,中南大学,楼下就这？差一题不凹,2,3,26,wf,name,396.0,0,band,,
2023,shenyang,中南大学,Start Dash,2,3,26,wf,roster,923.0,0,quota,wf,bronze
2023,shenyang,中南民族大学,不会起名,1,2,113,,roster,1420.0,0,band,,
2023,shenyang,中南民族大学,王宝钏挖野菜,1,2,113,,none,,0,quota,unexplained,
2023,shenyang,中山大学,中山大学_N/A,2,4,10,wf,name,116.9,1,band,,gold
2023,shenyang,中山大学,中山大学_无限,2,4,10,wf,name,174.0,0,band,,silver
2023,shenyang,中山大学,中山大学_叉烧凤爪烧卖,2,4,10,wf,name,353.6,0,quota,wf,silver
2023,shenyang,中山大学,中山大学_三人成行,2,4,10,wf,name,954.2,0,quota,unexplained,
2023,shenyang,重庆大学,第四天灾,2,2,44,,name,358.0,0,band,,
2023,shenyang,重庆大学,原，妙不可言,2,2,44,,name,1102.7,0,band,,
2023,shenyang,重庆邮电大学,3G+3G＝6G,1,2,80,,name,656.1,0,band,,bronze
2023,shenyang,重庆邮电大学,我要点名三款回合制游戏你说的对但是我们队里三个人都玩回合制手游,1,2,80,,roster,1046.1,0,quota,unexplained,
2023,xian,阿坝师范学院,火攻Plus,0,1,333,,none,,0,quota,unexplained,bronze
2023,xian,安徽大学,众梦之聚,1,2,104,invitational,name,691.7,0,band,,silver
2023,xian,安徽大学,"依古比古,你相信引力吗? [Made in Havean]！",1,2,104,invitational,none,,0,quota,invitational,bronze
2023,xian,安徽工业大学,积极向上，到处睡觉,1,2,138,,name,518.3,0,band,,silver
2023,xian,安徽工业大学,永远别忘记玩原神,1,2,138,,none,,0,quota,unexplained,bronze
2023,xian,安徽农业大学,题题不歪真君,0,1,254,,name,841.7,0,quota,unexplained,silver
2023,xian,北京大学,摆烂人,2,4,1,wf,name,2.0,1,band,,gold
2023,xian,北京大学,原神,2,4,1,wf,name,55.7,1,band,,gold
2023,xian,北京大学,O神启动,2,4,1,wf,name,64.4,1,quota,wf,gold
2023,xian,北京大学,未闻队名,2,4,1,wf,name,71.4,1,quota,unexplained,gold
2023,xian,北京工业大学,尊嘟假嘟o.O,1,1,140,,name,790.0,0,band,,bronze
2023,xian,北京航空航天大学,会挽雕弓如满月,2,4,7,wf|invitational,name,201.2,0,band,,silver
2023,xian,北京航空航天大学,天一猫猫真可爱,2,4,7,wf|invitational,name,215.4,0,band,,silver
2023,xian,北京航空航天大学,不AK不改名,2,4,7,wf|invitational,none,,0,quota,wf,bronze
2023,xian,北京航空航天大学,牛油果,2,4,7,wf|invitational,none,,0,quota,invitational,bronze
2023,xian,北京化工大学,异世相遇，尽享美wa,2,3,79,invitational,name,302.6,0,band,,bronze
2023,xian,北京化工大学,漫步经心,2,3,79,invitational,name,898.2,0,band,,bronze
2023,xian,北京化工大学,北化蔚蓝档案沙勒支教分部,2,3,79,invitational,none,,0,quota,invitational,silver
2023,xian,北京交通大学,蓝色线段树,2,3,14,,name,139.6,1,band,,gold
2023,xian,北京交通大学,届不到的PY,2,3,14,,name,257.2,0,band,,silver
2023,xian,北京交通大学,杰哥还有吗,2,3,14,,name,263.0,0,quota,unexplained,silver
2023,xian,北京科技大学,我再试试,1,1,159,invitational,none,,0,band,,
2023,xian,北京理工大学,阿夸滑滑蛋喝冰红茶,2,4,15,wf|invitational,name,55.7,0,band,,silver
2023,xian,北京理工大学,内核恐慌,2,4,15,wf|invitational,name,59.0,0,band,,silver
2023,xian,北京理工大学,咖波脆,2,4,15,wf|invitational,name,261.7,0,quota,wf,bronze
2023,xian,北京理工大学,epsilon,2,4,15,wf|invitational,none,,0,quota,invitational,silver
2023,xian,北京林业大学,Misaka·Kiana·Tankuku,2,2,73,,name,271.6,0,band,,bronze
2023,xian,北京林业大学,杂毛小鸡,2,2,73,,none,,0,band,,bronze
2023,xian,北京师范大学,异或小姐的狗,1,1,88,,name,425.3,0,band,,bronze
2023,xian,北京信息科技大学,开局起内格夫的冰瓜投手打国王峡谷能变鬼吗,0,1,248,,none,,0,quota,unexplained,
2023,xian,北京邮电大学,野鸡大队,2,4,35,,name,105.7,1,band,,gold
2023,xian,北京邮电大学,三只蒟蒻,2,4,35,,name,117.2,1,band,,gold
2023,xian,北京邮电大学,啊对对队,2,4,35,,name,275.0,0,quota,unexplained,bronze
2023,xian,北京邮电大学,默认用户名,2,4,35,,name,345.3,0,quota,unexplained,bronze
2023,xian,常熟理工学院,学不会期望,0,2,213,invitational,none,,0,quota,invitational,
2023,xian,常熟理工学院,完美谢幕,0,2,213,invitational,none,,0,quota,unexplained,
2023,xian,成都东软学院,不要惩罚我了，主人,0,2,257,,none,,0,quota,unexplained,
2023,xian,成都东软学院,三个难铜,0,2,257,,none,,0,quota,unexplained,bronze
2023,xian,成都锦城学院,成都第一老六,0,1,310,invitational,name,2236.7,0,quota,invitational,
2023,xian,成都理工大学,动物世界,1,2,127,invitational,name,1290.0,0,band,,
2023,xian,成都理工大学,还在整薯条的摸鱼队！,1,2,127,invitational,name,1309.7,0,quota,invitational,
2023,xian,成都信息工程大学,指引明路的苍蓝星,1,2,90,invitational,name,278.3,0,band,,
2023,xian,成都信息工程大学,黄瑞鑫太可爱了吧！,1,2,90,invitational,none,,0,quota,invitational,bronze
2023,xian,大连海事大学,金色子弹,0,1,,,none,,0,quota,unexplained,
2023,xian,大连理工大学,今天午饭吃了吗,1,3,81,invitational,name,589.0,0,band,,
2023,xian,大连理工大学,香软包,1,3,81,invitational,none,,1,quota,invitational,gold
2023,xian,大连理工大学,盖世嘤熊,1,3,81,invitational,none,,0,quota,unexplained,
2023,xian,电子科技大学,UESTC_BetaCode,2,4,34,wf,name,396.8,0,band,,silver
2023,xian,电子科技大学,UESTC_三只雄性,2,4,34,wf,none,,0,band,,silver
2023,xian,电子科技大学,UESTC_计算几何我来写但是你必须替我睡觉,2,4,34,wf,none,,0,quota,wf,silver
2023,xian,电子科技大学,UESTC_猫猫队,2,4,34,wf,none,,0,quota,unexplained,silver
2023,xian,电子科技大学中山学院,澄净闪耀,0,2,216,invitational,name,791.1,0,quota,invitational,
2023,xian,电子科技大学中山学院,倚楼听雨,0,2,216,invitational,none,,0,quota,unexplained,bronze
2023,xian,东北大学,东北大学_次元魔女,2,4,27,host|invitational,name,131.8,0,band,,bronze
2023,xian,东北大学,东北大学_奉孝不才一轮十牌,2,4,27,host|invitational,none,,0,band,,
2023,xian,东北大学,东北大学_交一发吧反正不会更糟了,2,4,27,host|invitational,none,,0,quota,host,
2023,xian,东北大学,东北大学_哇哦,2,4,27,host|invitational,none,,0,quota,host,bronze
2023,xian,东北大学秦皇岛分校,名字取好了吗,1,1,83,,name,435.6,1,band,,gold
2023,xian,东北林业大学,太阳花,0,1,,,none,,0,quota,unexplained,bronze
2023,xian,东北师范大学,东师第一铁匠,0,2,236,,name,1122.4,0,quota,unexplained,bronze
2023,xian,东北师范大学,这场不AC回家就得AC,0,2,236,,name,1311.2,0,quota,unexplained,
2023,xian,东华大学,陈晓剑舞,2,2,67,,name,403.9,0,band,,silver
2023,xian,东华大学,狗熊岭之乐,2,2,67,,none,,0,band,,
2023,xian,东华理工大学,东理第一大队,0,1,275,invitational,name,865.0,0,quota,invitational,bronze
2023,xian,东南大学,mod998244353,2,2,59,,name,394.0,0,band,,silver
2023,xian,东南大学,无敌暴零战士,2,2,59,,name,807.0,0,band,,
2023,xian,福建理工大学,凛冬将至,1,2,124,,name,859.8,0,band,,
2023,xian,福建理工大学,等到山花烂漫时,1,2,124,,none,,0,quota,unexplained,silver
2023,xian,福建师范大学,狠狠打铁,1,2,131,invitational,name,648.5,0,band,,
2023,xian,福建师范大学,凉拌玛卡巴卡,1,2,131,invitational,name,657.8,0,quota,invitational,
2023,xian,福州大学,十六年老兵,2,2,60,,name,429.2,0,band,,
2023,xian,福州大学,我jio得还可以,2,2,60,,name,432.8,0,band,,bronze
2023,xian,复旦大学,立直提交一发过,2,1,19,,name,331.4,0,band,,bronze
2023,xian,广东工业大学,漫游者,2,3,51,invitational,name,415.1,0,band,,bronze
2023,xian,广东工业大学,喜欢睡觉,2,3,51,invitational,name,780.4,0,band,,
2023,xian,广东工业大学,遇到问题先喝茶,2,3,51,invitational,none,,0,quota,invitational,bronze
2023,xian,广东工业大学揭阳校区,GDUTJY_彼阳的晚意,1,1,147,,none,,0,band,,bronze
2023,xian,广西大学,慢慢变强,2,1,74,,none,,0,band,,silver
2023,xian,广西师范大学,浩栋哥哥粉丝团,0,1,194,,name,520.8,0,quota,unexplained,
2023,xian,广州大学,最后的波纹,1,1,134,,name,433.7,0,band,,
2023,xian,国防科技大学,自然选择号,2,2,12,,name,19.0,1,band,,gold
2023,xian,国防科技大学,冲冲冲,2,2,12,,none,,0,band,,silver
2023,xian,哈尔滨工程大学,有人说亡藜伴白首不如物流部报数那为什么不叫王老板爆杀,1,1,82,,name,342.0,0,band,,bronze
2023,xian,哈尔滨工业大学,月间天路,2,2,9,,name,43.8,0,band,,silver
2023,xian,哈尔滨工业大学,蓬莱人形,2,2,9,,name,47.2,1,band,,gold
2023,xian,哈尔滨工业大学（深圳）,浅水小怪,2,3,40,invitational,name,103.5,1,band,,gold
2023,xian,哈尔滨工业大学（深圳）,机房猫猫大队,2,3,40,invitational,none,,1,band,,gold
2023,xian,哈尔滨工业大学（深圳）,又被队友带飞了,2,3,40,invitational,none,,0,quota,invitational,silver
2023,xian,哈尔滨工业大学（威海）,地心引力,2,2,69,,name,136.0,0,band,,silver
2023,xian,哈尔滨工业大学（威海）,帅比队长在线征婚QQ2216541094,2,2,69,,name,322.0,0,band,,bronze
2023,xian,哈尔滨理工大学,哈理工06队XA,2,2,42,,none,,0,band,,
2023,xian,哈尔滨理工大学,哈理工08队XA,2,2,42,,none,,0,band,,
2023,xian,杭州电子科技大学,三头丧家犬,2,4,16,wf,none,,0,band,,bronze
2023,xian,杭州电子科技大学,今天企鹅不在家,2,4,16,wf,none,,0,band,,silver
2023,xian,杭州电子科技大学,原粥铁律,2,4,16,wf,none,,1,quota,wf,gold
2023,xian,杭州电子科技大学,Moonlight,2,4,16,wf,none,,0,quota,unexplained,silver
2023,xian,杭州师范大学,五月的猫猫,1,3,96,host,name,241.3,0,band,,bronze
2023,xian,杭州师范大学,这题A不A，交一发就知道了,1,3,96,host,name,713.2,0,quota,host,
2023,xian,杭州师范大学,树形DP一下就行了,1,3,96,host,none,,0,quota,host,silver
2023,xian,合肥工业大学,对对队,1,1,142,,name,2003.0,0,band,,
2023,xian,合肥工业大学宣城校区,吃饱饱,1,2,94,invitational,name,311.5,0,band,,silver
2023,xian,合肥工业大学宣城校区,如果拿银就cos舍友最喜欢的原神角色去操场跑个马拉松,1,2,94,invitational,none,,0,quota,invitational,
2023,xian,合肥学院,三核低效率解题机,1,2,112,invitational,name,575.5,0,band,,
2023,xian,合肥学院,想要变成猫猫虫,1,2,112,invitational,name,676.8,0,quota,invitational,bronze
2023,xian,河北工业大学,秩秩斯干,1,1,126,,none,,0,band,,
2023,xian,河北师范大学,黎明之光,0,1,187,invitational,name,511.1,0,quota,invitational,
2023,xian,河海大学,我的ACM铁牌物语果然有问题,1,2,102,invitational,name,301.8,0,band,,silver
2023,xian,河海大学,魂魄妖梦,1,2,102,invitational,name,1189.7,0,quota,invitational,
2023,xian,河南大学,流离之人追逐幻影,1,2,110,invitational,none,,0,band,,
2023,xian,河南大学,伊莉雅之神,1,2,110,invitational,none,,0,quota,invitational,bronze
2023,xian,河南工业大学,我们去西安吃什么？,1,1,120,,none,,0,band,,
2023,xian,河南科技大学,黑键,1,2,87,invitational,none,,0,band,,
2023,xian,河南科技大学,超级菜,1,2,87,invitational,none,,0,quota,invitational,
2023,xian,河南理工大学,还真是,1,4,158,,name,649.0,0,band,,bronze
2023,xian,河南理工大学,Can can need,1,4,158,,none,,0,quota,unexplained,
2023,xian,河南理工大学,在月球的琪猫猫,1,4,158,,none,,0,quota,unexplained,
2023,xian,河南理工大学,三个猛男,1,4,158,,none,,0,quota,unexplained,
2023,xian,河南农业大学,5+2那维莱特,1,1,117,,none,,0,band,,bronze
2023,xian,河南师范大学,原神高手,0,2,286,,none,,0,quota,unexplained,
2023,xian,河南师范大学,泼天富贵何时轮到我,0,2,286,,none,,0,quota,unexplained,
2023,xian,湖北工业大学,队里有神，但是原神,0,2,182,invitational,name,671.4,0,quota,invitational,bronze
2023,xian,湖北工业大学,一拳打破宇宙,0,2,182,invitational,name,811.7,0,quota,unexplained,
2023,xian,湖南科技大学,能和你交流一下吗,0,1,163,,name,599.0,0,quota,unexplained,
2023,xian,湖南理工学院,Triple Xor Sum,2,2,57,invitational,name,99.0,0,band,,silver
2023,xian,湖南理工学院,Goodgood,2,2,57,invitational,none,,0,band,,
2023,xian,湖南农业大学,秋眠不觉晓,0,1,196,invitational,none,,0,quota,invitational,silver
2023,xian,湖南师范大学,three body,1,2,84,invitational,name,1107.0,0,band,,
2023,xian,湖南师范大学,YWY,1,2,84,invitational,name,1896.0,0,quota,invitational,
2023,xian,华东交通大学,花椒炒肉,0,1,273,invitational,none,,0,quota,invitational,
2023,xian,华东师范大学,东方homo馆,2,3,53,invitational,name,137.7,0,band,,silver
2023,xian,华东师范大学,遥遥领先,2,3,53,invitational,none,,0,band,,
2023,xian,华东师范大学,SEI6,2,3,53,invitational,none,,0,quota,invitational,bronze
2023,xian,华南理工大学,打xcpc不喊我,2,2,71,,name,194.2,0,band,,silver
2023,xian,华南理工大学,EssenceWFern,2,2,71,,name,330.4,0,band,,silver
2023,xian,华南农业大学,过不了六级,1,1,111,,none,,0,band,,
2023,xian,华南师范大学,123456,1,1,114,,name,675.5,0,band,,bronze
2023,xian,华中科技大学,波斯布偶折耳新加坡无毛猫,2,4,17,wf|invitational,name,154.1,0,band,,silver
2023,xian,华中科技大学,原神怎么你了,2,4,17,wf|invitational,name,202.0,0,band,,silver
2023,xian,华中科技大学,AAHPH,2,4,17,wf|invitational,name,202.7,0,quota,wf,bronze
2023,xian,华中科技大学,关注盖亚，谢谢喵,2,4,17,wf|invitational,none,,1,quota,invitational,gold
2023,xian,华中农业大学,金银铜,0,1,203,invitational,name,637.0,0,quota,invitational,bronze
2023,xian,华中师范大学,梅狸猫,2,1,50,invitational,none,,0,band,,silver
2023,xian,怀化学院,哈哈哈,0,1,271,invitational,none,,0,quota,invitational,
2023,xian,吉林大学,rand,2,2,29,,name,280.9,0,band,,silver
2023,xian,吉林大学,原神，启动！,2,2,29,,none,,0,band,,
2023,xian,吉首大学,Jsu,0,1,199,invitational,none,,0,quota,invitational,
2023,xian,集美大学,For++,0,1,190,invitational,none,,0,quota,invitational,bronze
2023,xian,暨南大学,V 你 50 罚时,1,2,95,wf,name,411.0,0,band,,silver
2023,xian,暨南大学,追追光者者,1,2,95,wf,none,,0,quota,wf,bronze
2023,xian,江南大学,非常好比赛，爱来自伊比利亚,0,1,166,invitational,none,,0,quota,invitational,bronze
2023,xian,江西财经大学,三只小猪,0,1,175,invitational,name,977.1,0,quota,invitational,bronze
2023,xian,江西理工大学,qfz,1,2,118,invitational,name,744.7,0,band,,bronze
2023,xian,江西理工大学,起名真费劲,1,2,118,invitational,none,,0,quota,invitational,silver
2023,xian,江西理工大学南昌校区,象牙塔,0,1,,invitational,none,,0,quota,invitational,
2023,xian,江西师范大学,卡奇卡,1,3,116,invitational,name,385.8,0,band,,bronze
2023,xian,江西师范大学,逸一时误一时,1,3,116,invitational,name,704.0,0,quota,invitational,
2023,xian,江西师范大学,题目在分崩离析,1,3,116,invitational,none,,0,quota,unexplained,
2023,xian,金陵科技学院,JIT-FZTO,0,1,364,,none,,0,quota,unexplained,
2023,xian,空军工程大学,木落南翔,0,1,,local,none,,0,quota,local,
2023,xian,昆山杜克大学,上海纽约大学,2,2,70,,none,,0,band,,bronze
2023,xian,昆山杜克大学,西交利物浦大学,2,2,70,,none,,0,band,,silver
2023,xian,兰州大学,我真不会取名啊,2,2,55,,name,464.0,0,band,,bronze
2023,xian,兰州大学,真没睡,2,2,55,,none,,1,band,,gold
2023,xian,乐山师范学院,乐师一队,0,2,172,invitational,none,,0,quota,invitational,
2023,xian,乐山师范学院,乐师二队,0,2,172,invitational,none,,0,quota,unexplained,
2023,xian,辽宁大学,星空之下,0,1,161,invitational,none,,0,quota,invitational,
2023,xian,龙岩学院,小甜妹不想难铜,0,1,,,none,,0,quota,unexplained,
2023,xian,鲁东大学,星星之火-饕餮,1,1,106,,name,1029.6,0,band,,
2023,xian,闽南师范学院,粉红小猪在线请求配对,0,1,,,none,,0,quota,unexplained,
2023,xian,南昌大学,难以置信,0,1,256,invitational,none,,1,quota,invitational,gold
2023,xian,南昌航空大学,Debug都队2.0,0,1,169,invitational,name,515.2,0,quota,invitational,bronze
2023,xian,南方科技大学,南方科技大学-赫尔辛基,2,2,11,wf,name,30.5,1,band,,gold
2023,xian,南方科技大学,南方科技大学-奥卢,2,2,11,wf,none,,0,band,,bronze
2023,xian,南华大学,wawawa,1,1,121,,name,725.0,0,band,,bronze
2023,xian,南京大学,Unreal Eventide,2,4,5,wf|invitational,name,15.9,1,band,,gold
2023,xian,南京大学,三人两地一起打铁,2,4,5,wf|invitational,name,304.0,1,band,,gold
2023,xian,南京大学,千里送代码,2,4,5,wf|invitational,name,392.6,0,quota,wf,bronze
2023,xian,南京大学,水仙花队,2,4,5,wf|invitational,name,516.7,0,quota,invitational,bronze
2023,xian,南京工业大学,石上三年,1,1,145,,name,846.7,0,band,,
2023,xian,南京航空航天大学,队长十年单身换区域赛金牌,2,4,64,host|invitational,name,126.1,1,band,,gold
2023,xian,南京航空航天大学,甘雨想打acm,2,4,64,host|invitational,name,591.5,0,band,,bronze
2023,xian,南京航空航天大学,听取WA声一片,2,4,64,host|invitational,name,930.1,0,quota,host,
2023,xian,南京航空航天大学,米兰的铁匠铺,2,4,64,host|invitational,name,1266.1,0,quota,host,
2023,xian,南京理工大学,猫猫头想吃鱼,2,2,24,,name,581.0,0,band,,silver
2023,xian,南京理工大学,死亡一刀斩,2,2,24,,none,,0,band,,
2023,xian,南京林业大学,reji3tr,1,1,151,,name,436.8,0,band,,bronze
2023,xian,南京师范大学,请以上队伍上台领奖,1,1,119,,none,,0,band,,bronze
2023,xian,南京晓庄学院,一切为了队友女装梦,0,1,287,invitational,none,,0,quota,invitational,
2023,xian,南京信息工程大学,牧濑红莉栖,2,3,25,invitational,name,88.9,0,band,,bronze
2023,xian,南京信息工程大学,廉颇老矣，尚能夺金？,2,3,25,invitational,name,819.8,0,band,,
2023,xian,南京信息工程大学,水成文,2,3,25,invitational,name,1530.0,0,quota,invitational,
2023,xian,南京邮电大学,Cirtrus,2,4,18,wf|invitational,name,27.0,1,band,,gold
2023,xian,南京邮电大学,64bit的感动,2,4,18,wf|invitational,none,,0,band,,bronze
2023,xian,南京邮电大学,谢谢贝拉,2,4,18,wf|invitational,none,,0,quota,wf,bronze
2023,xian,南京邮电大学,内鬼猫猫头,2,4,18,wf|invitational,none,,0,quota,invitational,bronze
2023,xian,南开大学,幻视之夜,2,3,30,invitational,name,454.5,0,band,,bronze
2023,xian,南开大学,斌斌全球粉丝后援会（3）,2,3,30,invitational,name,919.4,0,band,,
2023,xian,南开大学,恭喜以上获奖队伍,2,3,30,invitational,none,,0,quota,invitational,bronze
2023,xian,南阳理工学院,幸运星,0,2,221,invitational,none,,0,quota,invitational,
2023,xian,南阳理工学院,已经没有什么可以失去了,0,2,221,invitational,none,,0,quota,unexplained,silver
2023,xian,南阳师范学院,随便吧,0,1,204,,name,662.0,0,quota,unexplained,bronze
2023,xian,宁波大学,我们一起去提瓦特大陆冒险,1,1,105,,none,,0,band,,silver
2023,xian,齐鲁工业大学,若有战，召必回,1,3,109,invitational,name,776.4,0,band,,
2023,xian,齐鲁工业大学,广告位招租,1,3,109,invitational,none,,0,quota,invitational,
2023,xian,齐鲁工业大学,冲天香阵透长安，满城尽带黄金甲,1,3,109,invitational,none,,0,quota,unexplained,
2023,xian,青岛大学,我要成为xcpc糕手,1,2,150,invitational,name,630.0,0,band,,bronze
2023,xian,青岛大学,风浪越大题越队,1,2,150,invitational,name,744.0,0,quota,invitational,
2023,xian,青岛农业大学海都学院,超级棒棒糖,0,1,406,,none,,0,quota,unexplained,
2023,xian,清华大学,xpp在线征婚,2,3,4,wf,name,40.0,1,band,,gold
2023,xian,清华大学,《我是大赢家》,2,3,4,wf,name,45.4,1,band,,gold
2023,xian,清华大学,world.search（you）;,2,3,4,wf,none,,1,quota,wf,gold
2023,xian,厦门大学,攻城狮,2,3,47,invitational,name,1295.9,0,band,,
2023,xian,厦门大学,word-神里绫华-圣15-满昏,2,3,47,invitational,none,,0,band,,
2023,xian,厦门大学,菜狗驿站,2,3,47,invitational,none,,0,quota,invitational,
2023,xian,山东大学,cjb 粉丝团,2,4,23,wf|invitational,name,277.6,0,band,,silver
2023,xian,山东大学,攻击性没有还低能的要死,2,4,23,wf|invitational,none,,1,band,,gold
2023,xian,山东大学,玩原神导致的,2,4,23,wf|invitational,none,,0,quota,wf,
2023,xian,山东大学,不会DP,2,4,23,wf|invitational,none,,0,quota,invitational,silver
2023,xian,山东科技大学,柏林号,1,4,144,invitational,name,515.5,0,band,,
2023,xian,山东科技大学,亚特兰蒂斯号,1,4,144,invitational,name,1015.3,0,quota,invitational,
2023,xian,山东科技大学,奇尔沙治号,1,4,144,invitational,name,1480.0,0,quota,unexplained,
2023,xian,山东科技大学,鹦鹉螺号,1,4,144,invitational,name,1537.1,0,quota,unexplained,
2023,xian,山东理工大学,三重豌豆,1,2,101,invitational,name,1138.0,0,band,,
2023,xian,山东理工大学,黄瑞鑫真有那么可爱嘛,1,2,101,invitational,none,,0,quota,invitational,silver
2023,xian,山东师范大学,求求给个学上吧,0,1,179,invitational,none,,0,quota,invitational,bronze
2023,xian,陕西科技大学,Supernova,0,1,271,local,name,1031.7,0,quota,local,
2023,xian,陕西师范大学,经验丰富的你与经验为零的我组队的故事,0,2,,local,none,,0,quota,local,
2023,xian,陕西师范大学,曼巴永恒,0,2,,local,none,,0,quota,unexplained,
2023,xian,上海大学,涛神时代,2,3,39,invitational,name,310.0,0,band,,bronze
2023,xian,上海大学,日薪越亿,2,3,39,invitational,name,464.2,0,band,,
2023,xian,上海大学,穿越时空的AC,2,3,39,invitational,name,1231.0,0,quota,invitational,
2023,xian,上海建桥学院,建桥,0,1,373,,none,,0,quota,unexplained,
2023,xian,上海交通大学,银色子弹,2,2,6,wf|invitational,name,12.0,1,band,,gold
2023,xian,上海交通大学,柳,2,2,6,wf|invitational,none,,1,band,,gold
2023,xian,上海科技大学,啊对对队,1,1,130,,none,,0,band,,
2023,xian,绍兴文理学院,破晓,0,1,210,,name,628.7,0,quota,unexplained,
2023,xian,深圳大学,twilight illusion,2,3,38,invitational,name,92.2,0,band,,silver
2023,xian,深圳大学,SZU_Nyaru,2,3,38,invitational,name,453.4,0,band,,bronze
2023,xian,深圳大学,SZU_Scientists,2,3,38,invitational,name,1356.2,0,quota,invitational,
2023,xian,深圳技术大学,SZTU_小呆猫猫,0,1,209,invitational,name,611.0,0,quota,invitational,silver
2023,xian,沈阳航空航天大学,镜花水月,0,1,238,invitational,none,,0,quota,invitational,bronze
2023,xian,沈阳化工大学,某某某,0,1,265,,name,894.8,0,quota,unexplained,bronze
2023,xian,沈阳理工大学,沈阳说唱一队,0,1,,invitational,none,,1,quota,invitational,gold
2023,xian,石河子大学,游戏人生,0,1,200,invitational,none,,0,quota,invitational,
2023,xian,四川大学,树上莫队,2,3,3,invitational,name,121.8,0,band,,silver
2023,xian,四川大学,此访问越界,2,3,3,invitational,name,495.8,0,band,,silver
2023,xian,四川大学,超级宇宙无敌暴龙战士,2,3,3,invitational,none,,0,quota,invitational,silver
2023,xian,四川吉利学院,吉利太美,0,1,,,none,,0,quota,unexplained,
2023,xian,四川师范大学,芳心纵火犯,0,1,,invitational,none,,0,quota,invitational,
2023,xian,苏州大学,金闪闪,2,2,21,,name,95.2,1,band,,gold
2023,xian,苏州大学,走陈胡陆到天宫,2,2,21,,name,1282.0,0,band,,
2023,xian,台州学院,别急,1,1,106,,name,327.9,0,band,,bronze
2023,xian,太原理工大学,为嘛黄瓜绿,1,2,108,invitational,name,500.5,0,band,,silver
2023,xian,太原理工大学,不要柯学,1,2,108,invitational,name,753.0,0,quota,invitational,
2023,xian,天津大学,保铁争铜,2,3,77,wf,name,617.4,0,band,,silver
2023,xian,天津大学,西弗勒斯,2,3,77,wf,name,912.3,0,band,,
2023,xian,天津大学,CLAY,2,3,77,wf,none,,0,quota,wf,bronze
2023,xian,天津工业大学,知道,0,2,,invitational,none,,0,quota,invitational,silver
2023,xian,天津工业大学,关于没打网络赛却能永续ICPC这件事。,0,2,,invitational,none,,0,quota,unexplained,
2023,xian,天津理工大学,明理湖水怪,1,1,133,,none,,0,band,,silver
2023,xian,同济大学,黄渡理工的newbie~,2,3,52,invitational,name,211.4,0,band,,bronze
2023,xian,同济大学,拍脑袋,2,3,52,invitational,name,273.4,0,band,,
2023,xian,同济大学,治伤魔法石,2,3,52,invitational,name,592.8,0,quota,invitational,silver
2023,xian,潍坊学院,甘文崔,0,1,344,invitational,none,,0,quota,invitational,
2023,xian,温州大学,温大一队,2,3,48,invitational,name,178.0,0,band,,bronze
2023,xian,温州大学,没拿牌子 郑斌cos,2,3,48,invitational,none,,0,band,,
2023,xian,温州大学,星光站,2,3,48,invitational,none,,0,quota,invitational,
2023,xian,武汉大学,放学后茶会,2,3,56,invitational,name,253.0,1,band,,gold
2023,xian,武汉大学,星辰 * 闪耀,2,3,56,invitational,none,,0,band,,silver
2023,xian,武汉大学,我是秦始皇，V我金牌赐你兵马大元帅,2,3,56,invitational,none,,0,quota,invitational,bronze
2023,xian,武汉科技大学,紧抱蛙蛙在线AC,1,1,98,,name,516.1,0,band,,silver
2023,xian,武汉理工大学,武理十三队,2,3,43,invitational,name,562.1,0,band,,silver
2023,xian,武汉理工大学,最喜欢thjj了,2,3,43,invitational,name,570.2,0,band,,bronze
2023,xian,武汉理工大学,无限幻想,2,3,43,invitational,none,,0,quota,invitational,bronze
2023,xian,武汉学院,不管三七二十一,0,1,,invitational,none,,0,quota,invitational,
2023,xian,西安电子科技大学,喵喵喵,2,3,32,invitational|local,name,56.0,0,band,,bronze
2023,xian,西安电子科技大学,红枣树,2,3,32,invitational|local,name,285.8,0,band,,silver
2023,xian,西安电子科技大学,什么也不会也能参加ACM吗？,2,3,32,invitational|local,name,292.9,0,quota,invitational,bronze
2023,xian,西安工业大学,芝士与你分享,0,2,349,local,name,1612.0,0,quota,local,
2023,xian,西安工业大学,喵喵队,0,2,349,local,none,,0,quota,unexplained,
2023,xian,西安交通大学,Aqm今天买什么,2,4,46,wf|invitational|local,name,444.6,0,band,,bronze
2023,xian,西安交通大学,一千四光年之外,2,4,46,wf|invitational|local,none,,0,band,,bronze
2023,xian,西安交通大学,At Most One,2,4,46,wf|invitational|local,none,,0,quota,wf,bronze
2023,xian,西安交通大学,想养一只布偶猫,2,4,46,wf|invitational|local,none,,0,quota,invitational,
2023,xian,西安科技大学,爱讲笑话,0,2,311,local,none,,0,quota,local,
2023,xian,西安科技大学,随便起个名字吧,0,2,311,local,none,,0,quota,unexplained,
2023,xian,西安理工大学,神秘的力量,0,3,195,invitational|local,name,682.4,0,quota,invitational,bronze
2023,xian,西安理工大学,二进制文豪,0,3,195,invitational|local,name,863.8,0,quota,local,
2023,xian,西安理工大学,礼堂顶针,0,3,195,invitational|local,none,,0,quota,unexplained,
2023,xian,西安明德理工学院,共用电子队,0,2,,local,none,,0,quota,local,
2023,xian,西安明德理工学院,等导员通知,0,2,,local,none,,0,quota,unexplained,
2023,xian,西安石油大学,从还没去学就开始找acm队想一起参加icpc拿银摸金打入world final得到tourist的肯定与jiangly同台竞技,0,1,338,invitational|local,none,,0,quota,invitational,
2023,xian,西安邮电大学,江郎才尽,0,2,261,invitational|local,name,1092.0,0,quota,invitational,
2023,xian,西安邮电大学,我们听力不好请你们大声交流,0,2,261,invitational|local,none,,0,quota,local,
2023,xian,西北大学,牛魔队,1,2,149,invitational|local,none,,0,band,,bronze
2023,xian,西北大学,打铁转生，在区域赛要拿出真本事,1,2,149,invitational|local,none,,0,quota,invitational,bronze
2023,xian,西北工业大学,啊对对队,2,3,37,wf|invitational|local,name,411.0,0,band,,
2023,xian,西北工业大学,山里灵活的狗,2,3,37,wf|invitational|local,none,,0,band,,bronze
2023,xian,西北工业大学,脑门渐秃终不悔,2,3,37,wf|invitational|local,none,,0,quota,wf,
2023,xian,西北农林科技大学,说白了打算法竞赛的就是网瘾青年，早该电电了,1,3,134,invitational|local,name,672.5,0,band,,bronze
2023,xian,西北农林科技大学,小心柚子厨,1,3,134,invitational|local,name,1029.4,0,quota,invitational,bronze
2023,xian,西北农林科技大学,不想AC的Tle不是好Wa,1,3,134,invitational|local,none,,0,quota,local,bronze
2023,xian,西北师范大学,请给我们一枚奖牌,0,1,359,invitational,none,,0,quota,invitational,
2023,xian,西交利物浦大学,西浦A队,0,1,,,none,,0,quota,unexplained,silver
2023,xian,西南财经大学,喷水王八,0,2,217,,none,,0,quota,unexplained,
2023,xian,西南财经大学,西财汪汪队,0,2,217,,none,,0,quota,unexplained,bronze
2023,xian,西南大学,西南大学啦啦队,1,1,134,,none,,0,band,,
2023,xian,西南交通大学,山河1队,2,2,13,,name,333.0,0,band,,bronze
2023,xian,西南交通大学,重生之我是臭SB,2,2,13,,name,389.9,0,band,,bronze
2023,xian,西南科技大学,障百川而东之，回狂澜于既倒,1,3,137,invitational,none,,0,band,,bronze
2023,xian,西南科技大学,荧光闪烁,1,3,137,invitational,none,,0,quota,invitational,bronze
2023,xian,西南科技大学,贡嘎雪山,1,3,137,invitational,none,,0,quota,unexplained,
2023,xian,西南民族大学,我觉得我是,0,2,205,invitational,name,560.6,0,quota,invitational,silver
2023,xian,西南民族大学,1/3（时光倒流 & 反恐精英全球开燃 & 两王带个三）,0,2,205,invitational,none,,0,quota,unexplained,
2023,xian,西南石油大学,丁真德跌,1,1,89,,none,,0,band,,
2023,xian,香港城市大学,奶牛，启动！,2,1,41,non_mainland,name,1000.7,0,band,,
2023,xian,香港理工大学,爱吃叉烧,2,2,28,non_mainland,none,,0,band,,bronze
2023,xian,香港理工大学,鲨蜂树,2,2,28,non_mainland,none,,0,band,,silver
2023,xian,湘潭大学,洋灰三角,2,2,62,,name,405.0,0,band,,
2023,xian,湘潭大学,Dream_Ntt,2,2,62,,name,691.0,0,band,,
2023,xian,新疆大学,XJU01,1,2,125,invitational,none,,0,band,,
2023,xian,新疆大学,XJU02,1,2,125,invitational,none,,0,quota,invitational,
2023,xian,信阳农林学院,脑洞大爆炸,0,1,245,,name,803.7,0,quota,unexplained,bronze
2023,xian,徐州工程学院,"抱歉,这集没有美少女",0,1,276,invitational,none,,0,quota,invitational,
2023,xian,盐城工学院,北巷清风,0,1,233,,name,715.3,0,quota,unexplained,
2023,xian,燕山大学,塔山之巅,2,1,49,,name,164.5,0,band,,silver
2023,xian,云南大学,【B限】ACM还我offer,1,1,146,invitational,none,,0,band,,silver
2023,xian,长安大学,彩虹岛之戮Pro,0,3,192,invitational|local,name,662.0,0,quota,invitational,silver
2023,xian,长安大学,你就说样例过了对不对?,0,3,192,invitational|local,name,894.5,0,quota,local,
2023,xian,长安大学,先入咸阳者赏芙蓉王,0,3,192,invitational|local,none,,0,quota,unexplained,bronze
2023,xian,长春理工大学,一期一会,0,1,164,invitational,name,658.5,0,quota,invitational,bronze
2023,xian,长沙理工大学,干饭第一名,1,2,141,invitational,name,372.0,0,band,,silver
2023,xian,长沙理工大学,提瓦特国立大学一队,1,2,141,invitational,none,,0,quota,invitational,
2023,xian,长沙学院,最后一舞,1,1,97,invitational,name,323.4,0,band,,silver
2023,xian,浙大城市学院,业余码手,2,3,72,invitational,name,386.9,0,band,,bronze
2023,xian,浙大城市学院,WA：wonderful answer,2,3,72,invitational,name,728.0,0,band,,
2023,xian,浙大城市学院,f1rst d4nce,2,3,72,invitational,name,868.8,0,quota,invitational,
2023,xian,浙大宁波理工学院,800,1,2,153,invitational,name,589.2,0,band,,bronze
2023,xian,浙大宁波理工学院,芜湖湖,1,2,153,invitational,none,,0,quota,invitational,bronze
2023,xian,浙江财经大学,赛场睡觉遥遥领先,0,1,174,invitational,none,,0,quota,invitational,bronze
2023,xian,浙江大学,虚空之梦,2,4,2,wf,name,5.9,1,band,,gold
2023,xian,浙江大学,咕五分钟,2,4,2,wf,name,31.0,1,band,,gold
2023,xian,浙江大学,九衢尘,2,4,2,wf,none,,1,quota,wf,gold
2023,xian,浙江大学,S属性大爆发,2,4,2,wf,none,,1,quota,unexplained,gold
2023,xian,浙江工商大学,希望代码一次敲队,2,3,45,invitational,name,108.9,0,band,,bronze
2023,xian,浙江工商大学,七月三,2,3,45,invitational,name,378.2,0,band,,bronze
2023,xian,浙江工商大学,又是看不懂题的一天,2,3,45,invitational,none,,0,quota,invitational,
2023,xian,浙江工业大学,ZJUT5,2,4,68,invitational,name,226.6,0,band,,silver
2023,xian,浙江工业大学,ZJUT4,2,4,68,invitational,name,346.9,0,band,,silver
2023,xian,浙江工业大学,奇思妙想,2,4,68,invitational,name,352.9,1,quota,invitational,gold
2023,xian,浙江工业大学,才思泉涌,2,4,68,invitational,none,,0,quota,unexplained,silver
2023,xian,浙江科技学院,djwcb,0,1,168,invitational,name,652.0,0,quota,invitational,bronze
2023,xian,浙江理工大学,飞飞,1,2,100,invitational,name,284.9,0,band,,bronze
2023,xian,浙江理工大学,下次提交一定队,1,2,100,invitational,name,660.0,0,quota,invitational,silver
2023,xian,浙江农林大学,A不出来,1,2,85,,name,990.0,0,band,,
2023,xian,浙江农林大学,汪汪队,1,2,85,,none,,0,quota,unexplained,
2023,xian,浙江农林大学暨阳学院,蟒蛇仙草咖啡馆,1,2,99,invitational,name,310.4,0,band,,bronze
2023,xian,浙江农林大学暨阳学院,薄荷加冰可乐水,1,2,99,invitational,name,748.0,0,quota,invitational,bronze
2023,xian,浙江师范大学,分秒易逝，V我5时,2,4,22,wf|invitational,name,229.0,0,band,,bronze
2023,xian,浙江师范大学,三幻神,2,4,22,wf|invitational,name,339.3,0,band,,bronze
2023,xian,浙江师范大学,霸气酷酷伦,2,4,22,wf|invitational,name,457.4,0,quota,wf,bronze
2023,xian,浙江师范大学,白洞、白色的明天在等着我们,2,4,22,wf|invitational,name,570.0,0,quota,invitational,bronze
2023,xian,浙江万里学院,你说得对但我们不可阻挡,1,2,155,invitational,none,,0,band,,
2023,xian,浙江万里学院,贞德食泥鸭,1,2,155,invitational,none,,0,quota,invitational,
2023,xian,浙江中医药大学,ZCMU-浙中医特种兵,0,1,339,invitational,none,,0,quota,invitational,
2023,xian,郑州大学,大专爷,2,2,76,,none,,0,band,,
2023,xian,郑州大学,哈哈哈哈,2,2,76,,none,,0,band,,bronze
2023,xian,郑州轻工业大学,秦始皇派蒙恬还原神州大陆为中华为九州实现统一，最钟离奇穿越到罗德岛转生成为C语言糕手,0,1,167,,none,,0,quota,unexplained,
2023,xian,中北大学,队友算法挂了还能打XCPC吗,1,2,151,invitational,name,410.2,0,band,,bronze
2023,xian,中北大学,无损压缩,1,2,151,invitational,none,,0,quota,invitational,
2023,xian,中国传媒大学,GGBond不是死猪，是我的男神,0,1,239,invitational,name,899.2,0,quota,invitational,
2023,xian,中国地质大学（北京）,喵~,1,1,86,invitational,name,1128.0,0,band,,silver
2023,xian,中国地质大学（武汉）,顺十字,1,1,154,,name,480.0,0,band,,bronze
2023,xian,中国海洋大学,白洲梓理发店,1,2,143,,none,,0,band,,
2023,xian,中国海洋大学,我们仍未知道那天WA的原因,1,2,143,,none,,0,quota,unexplained,bronze
2023,xian,中国计量大学,带恶人组织,1,1,159,,name,657.1,0,band,,bronze
2023,xian,中国科学技术大学,丝路市西套村代表队,2,4,8,host|wf|invitational,name,25.2,1,band,,gold
2023,xian,中国科学技术大学,cls,2,4,8,host|wf|invitational,name,39.8,1,band,,gold
2023,xian,中国科学技术大学,USTC摸鱼队,2,4,8,host|wf|invitational,name,79.0,1,quota,host,gold
2023,xian,中国科学技术大学,Randomize,2,4,8,host|wf|invitational,name,93.0,1,quota,host,gold
2023,xian,中国科学院大学,未到场,2,2,54,,name,735.5,0,band,,bronze
2023,xian,中国科学院大学,你说的队,2,2,54,,name,816.3,0,band,,
2023,xian,中国矿业大学,矿远无界,0,3,215,,none,,0,quota,unexplained,
2023,xian,中国矿业大学,不许玩原神,0,3,215,,none,,0,quota,unexplained,
2023,xian,中国矿业大学,三个翻译,0,3,215,,none,,0,quota,unexplained,bronze
2023,xian,中国矿业大学（北京）,再梦一场,0,1,227,invitational,none,,0,quota,invitational,bronze
2023,xian,中国民航大学,多快好省地AC,1,1,122,,none,,0,band,,silver
2023,xian,中国人民大学,养老人员专属薏米茶,2,2,66,,name,605.0,0,band,,silver
2023,xian,中国人民大学,旋涡,2,2,66,,none,,0,band,,silver
2023,xian,中国人民解放军战略支援部队信息工程大学,托塔李天王,0,1,220,invitational,name,752.5,0,quota,invitational,
2023,xian,中南大学,千帆星河,2,4,26,wf|invitational,name,62.4,0,band,,silver
2023,xian,中南大学,勿忘花与勿忘我,2,4,26,wf|invitational,name,572.0,0,band,,bronze
2023,xian,中南大学,沉淀才能顶峰相见,2,4,26,wf|invitational,none,,0,quota,wf,bronze
2023,xian,中南大学,你若安好便是AC,2,4,26,wf|invitational,none,,0,quota,invitational,silver
2023,xian,中南民族大学,温柔换不来温柔,1,2,113,invitational,name,305.0,0,band,,bronze
2023,xian,中南民族大学,我是一个负责任的男人,1,2,113,invitational,none,,0,quota,invitational,
2023,xian,中山大学,中山大学_无限,2,3,10,wf,name,174.0,0,band,,silver
2023,xian,中山大学,中山大学_破空之势,2,3,10,wf,name,242.3,0,band,,silver
2023,xian,中山大学,中山大学_懂又不懂,2,3,10,wf,none,,1,quota,wf,gold
2023,xian,中原工学院,Forerunner,0,1,222,invitational,name,877.2,0,quota,invitational,
2023,xian,重庆大学,拒绝精神内耗，WA了直接发疯,2,2,44,invitational,name,147.8,0,band,,silver
2023,xian,重庆大学,传说天启启元星迹梦之队,2,2,44,invitational,name,724.8,0,band,,
2023,xian,重庆邮电大学,我们仍未知道那天AC的原因,2,4,80,invitational,name,420.7,0,band,,
2023,xian,重庆邮电大学,3G+3G＝6G,2,4,80,invitational,name,656.1,0,band,,
2023,xian,重庆邮电大学,转生成华为手机拍出金牌,2,4,80,invitational,none,,0,quota,invitational,bronze
2023,xian,重庆邮电大学,君与彼ICPC与彼ICPC之恋,2,4,80,invitational,none,,0,quota,unexplained,silver
2024,chengdu,阿坝师范学院,火攻,0,1,231,local,name,677.8,0,quota,local,
2024,chengdu,安徽大学,嗷呜嘎嘎,1,2,112,,name,441.2,0,band,,bronze
2024,chengdu,安徽大学,似乎有着能够令人AC的隐藏指令,1,2,112,,name,1015.8,0,quota,unexplained,
2024,chengdu,安徽农业大学,题题不歪真君,0,1,321,,roster,1117.8,0,quota,unexplained,
2024,chengdu,北京大学,赤橙黄绿蓝紫,2,4,2,wf,name,1.0,1,band,,gold
2024,chengdu,北京大学,小杨树,2,4,2,wf,roster,22.0,1,band,,gold
2024,chengdu,北京大学,饿鳄鱼,2,4,2,wf,name,33.0,1,quota,wf,gold
2024,chengdu,北京大学,去年看错题了。,2,4,2,wf,name,282.0,1,quota,unexplained,gold
2024,chengdu,北京工业大学,双翼翱翔,1,1,132,,name,770.7,0,band,,bronze
2024,chengdu,北京航空航天大学,本科打ACM月薪三千,2,3,10,wf,name,129.0,0,band,,silver
2024,chengdu,北京航空航天大学,逆转光路的fumo,2,3,10,wf,roster,309.5,0,band,,silver
2024,chengdu,北京航空航天大学,不拿金牌不报销,2,3,10,wf,none,,0,quota,wf,silver
2024,chengdu,北京化工大学,#define WA AC,1,1,80,,none,,0,band,,
2024,chengdu,北京交通大学,世纪难题,2,2,32,wf,name,371.8,0,band,,bronze
2024,chengdu,北京交通大学,明湖鸭,2,2,32,wf,none,,0,band,,
2024,chengdu,北京科技大学,我再试试,1,1,102,,name,247.0,0,band,,bronze
2024,chengdu,北京理工大学,卡批炉批和穹批,2,4,21,wf,name,318.0,0,band,,silver
2024,chengdu,北京理工大学,过了样例也不队,2,4,21,wf,name,463.3,0,band,,bronze
2024,chengdu,北京理工大学,你们可以抽象，但是别太抽象,2,4,21,wf,name,464.4,0,quota,wf,bronze
2024,chengdu,北京理工大学,哈哈你也想哈哈吗,2,4,21,wf,none,,0,quota,unexplained,bronze
2024,chengdu,北京理工大学珠海学院,果宝三剑客,1,1,146,,name,1345.1,0,band,,
2024,chengdu,北京林业大学,皓腕凝霜雪,1,1,83,,name,1023.3,0,band,,
2024,chengdu,北京师范大学,云边路,1,2,78,,roster,474.5,0,band,,bronze
2024,chengdu,北京师范大学,打完就回去搬砖,1,2,78,,name,1185.0,0,quota,unexplained,
2024,chengdu,北京邮电大学,好好想想,2,3,6,,name,126.2,1,band,,gold
2024,chengdu,北京邮电大学,网瘾犯了求求你把牌子给我,2,3,6,,name,237.2,0,band,,silver
2024,chengdu,北京邮电大学,4000g_Pt,2,3,6,,name,459.7,0,quota,unexplained,bronze
2024,chengdu,成都东软学院,回复四级的重启人生,0,1,278,local,roster,1244.4,0,quota,local,
2024,chengdu,成都理工大学,我嘞个豆豆啊,0,1,198,local,name,688.2,0,quota,local,bronze
2024,chengdu,成都信息工程大学,在梦里拼凑回忆,1,2,108,local,roster,708.9,0,band,,bronze
2024,chengdu,成都信息工程大学,第一同构定理,1,2,108,local,roster,810.0,0,quota,local,bronze
2024,chengdu,大连大学,选择困难症犯了,0,1,199,,name,1177.4,0,quota,unexplained,
2024,chengdu,大连海事大学,代码演奏家,1,1,121,,roster,453.0,0,band,,bronze
2024,chengdu,大连理工大学,可持久化猫猫虫自动机,1,2,93,,roster,397.5,0,band,,bronze
2024,chengdu,大连理工大学,dut别断电了我要打cf,1,2,93,,roster,503.3,0,quota,unexplained,
2024,chengdu,大连理工大学盘锦校区,这技校真练技术,1,1,71,,name,148.0,0,band,,bronze
2024,chengdu,电子科技大学成都学院,平安喜乐丶,0,1,,local,none,,0,quota,local,
2024,chengdu,东北大学,东北大学_好果汁,2,4,50,host|wf,name,312.0,0,band,,bronze
2024,chengdu,东北大学,东北大学_叫什么随便吧,2,4,50,host|wf,roster,531.4,0,band,,bronze
2024,chengdu,东北大学,东北大学_根本睡不醒,2,4,50,host|wf,name,667.5,0,quota,host,bronze
2024,chengdu,东北大学,东北大学_出毛！,2,4,50,host|wf,none,,1,quota,host,gold
2024,chengdu,东北大学秦皇岛分校,趁他们睡觉偷偷训一题,2,2,57,,roster,791.1,0,band,,silver
2024,chengdu,东北大学秦皇岛分校,空白名称,2,2,57,,roster,816.0,0,band,,
2024,chengdu,东北林业大学,世纪末彼岸花丛中的死之结界,0,1,229,,name,780.2,0,quota,unexplained,
2024,chengdu,东北师范大学,巴别塔,0,1,222,,name,897.3,0,quota,unexplained,bronze
2024,chengdu,东华大学,陈晓剑舞,2,2,122,,name,277.0,0,band,,silver
2024,chengdu,东华大学,虚拟机会梦见赛博纸带吗？,2,2,122,,roster,551.0,0,band,,
2024,chengdu,东南大学,悄然谜响,1,1,42,,name,570.2,0,band,,bronze
2024,chengdu,福建理工大学,AC：从Debug到Accept开始的XCPC生活,1,1,101,,roster,910.4,0,band,,bronze
2024,chengdu,福建师范大学,秘封俱乐部,1,1,72,,name,1281.0,0,band,,
2024,chengdu,福州大学,最佳小丑,2,3,24,,name,211.9,0,band,,silver
2024,chengdu,福州大学,不AC不睡觉,2,3,24,,name,313.7,0,band,,bronze
2024,chengdu,福州大学,苦来兮苦,2,3,24,,roster,469.0,0,quota,unexplained,
2024,chengdu,阜阳师范大学,又双叒叕到了难搞的时候,1,1,157,,name,557.6,0,band,,
2024,chengdu,复旦大学,学海无涯，回头是岸,2,2,15,,name,43.9,1,band,,gold
2024,chengdu,复旦大学,密码八个八,2,2,15,,name,93.9,1,band,,gold
2024,chengdu,广东工业大学,果粒橙,2,3,19,,name,701.8,0,band,,silver
2024,chengdu,广东工业大学,逸误,2,3,19,,name,703.9,0,band,,bronze
2024,chengdu,广东工业大学,我想拿牌子,2,3,19,,name,1032.7,0,quota,unexplained,
2024,chengdu,广东工业大学揭阳校区,GDUTJY_彼岸之约,0,1,202,,roster,590.0,0,quota,unexplained,
2024,chengdu,广西大学,这一发，贯穿星辰,1,2,95,,name,417.0,0,band,,
2024,chengdu,广西大学,众,1,2,95,,name,958.8,0,quota,unexplained,bronze
2024,chengdu,广州大学,i * i = -1,1,1,75,,name,213.6,0,band,,silver
2024,chengdu,贵州大学,只要在这欧庇克莱歌剧院我芙宁娜德枫丹魔神芙卡洛斯就连世间的诸神都可以审判,1,2,144,,roster,827.7,0,band,,
2024,chengdu,贵州大学,猫猫也想要拿牌,1,2,144,,name,1048.3,0,quota,unexplained,
2024,chengdu,国防科技大学,应知其所以然,1,2,33,wf,none,,0,band,,
2024,chengdu,国防科技大学,项王不惘,1,2,33,wf,none,,0,quota,wf,
2024,chengdu,哈尔滨工程大学,我推的七海爆吃0721次罚时因为在原神启动,1,2,97,,roster,384.4,0,band,,silver
2024,chengdu,哈尔滨工程大学,坐岸观海，听十一月雨,1,2,97,,name,651.3,0,quota,unexplained,bronze
2024,chengdu,哈尔滨工业大学,W4p3r Fan Club,2,3,16,wf,name,158.7,1,band,,gold
2024,chengdu,哈尔滨工业大学,海星罐头,2,3,16,wf,name,250.0,0,band,,silver
2024,chengdu,哈尔滨工业大学,加载中，请稍后,2,3,16,wf,name,770.9,0,quota,wf,bronze
2024,chengdu,哈尔滨工业大学（深圳）,潜水小怪,2,2,14,,name,102.0,0,band,,silver
2024,chengdu,哈尔滨工业大学（深圳）,怎么不算队名呢,2,2,14,,name,556.4,0,band,,bronze
2024,chengdu,哈尔滨工业大学（威海）,帅比队长还在征婚QQ2216541094,2,2,59,,name,302.0,0,band,,silver
2024,chengdu,哈尔滨工业大学（威海）,一番断幺,2,2,59,,name,684.4,0,band,,bronze
2024,chengdu,哈尔滨理工大学,哈理工01队CD,1,1,120,,roster,512.5,0,band,,bronze
2024,chengdu,海南大学,聚珍伏虎丸,1,2,153,,name,473.9,0,band,,silver
2024,chengdu,海南大学,暮染烟岚,1,2,153,,name,1737.0,0,quota,unexplained,
2024,chengdu,杭州电子科技大学,杭电3队,2,4,4,wf,name,139.0,1,band,,gold
2024,chengdu,杭州电子科技大学,杭电6队,2,4,4,wf,name,386.0,0,band,,silver
2024,chengdu,杭州电子科技大学,杭电8队,2,4,4,wf,name,482.0,0,quota,wf,silver
2024,chengdu,杭州电子科技大学,杭电9队,2,4,4,wf,name,484.0,0,quota,unexplained,silver
2024,chengdu,杭州师范大学,五月的猫猫,1,2,105,host,roster,448.4,0,band,,bronze
2024,chengdu,杭州师范大学,一隅之梦,1,2,105,host,name,577.0,0,quota,host,silver
2024,chengdu,合肥大学,候鸟,0,1,185,,name,732.6,0,quota,unexplained,
2024,chengdu,合肥工业大学,天天做早操队,0,1,,,none,,0,quota,unexplained,
2024,chengdu,河海大学,不时以暴力算法tle的邻座acm同学,1,1,55,,name,766.5,0,band,,
2024,chengdu,河南大学,狗不理包子,1,2,141,,name,381.0,0,band,,
2024,chengdu,河南大学,604,1,2,141,,name,835.9,0,quota,unexplained,
2024,chengdu,河南工业大学,just do it,0,1,213,,roster,1894.7,0,quota,unexplained,
2024,chengdu,河南理工大学,三皮城连败等收菜,1,1,161,,roster,946.3,0,band,,bronze
2024,chengdu,河南农业大学,青青一果,1,1,163,,roster,433.0,0,band,,silver
2024,chengdu,河南师范大学,帕鲁小队,0,1,227,,name,641.6,0,quota,unexplained,bronze
2024,chengdu,湖南城市学院,看着队友打代码,1,1,114,,name,1622.4,0,band,,
2024,chengdu,湖南大学,对对队,0,1,180,wf,name,1615.7,0,quota,wf,
2024,chengdu,湖南工业大学,贪心肯定队,0,1,193,,name,577.9,0,quota,unexplained,bronze
2024,chengdu,湖南科技大学,梦起云雾时,1,1,137,,name,768.3,0,band,,
2024,chengdu,湖南理工学院,锈湖,1,1,125,,none,,0,band,,
2024,chengdu,湖南师范大学,师大之星,1,1,30,,roster,1524.3,0,band,,
2024,chengdu,华东交通大学,样例过了就算对,0,1,184,,name,1522.0,0,quota,unexplained,
2024,chengdu,华东理工大学,别急我还在藏东西,1,1,150,,name,1049.2,0,band,,
2024,chengdu,华东师范大学,至此，一锤定音,2,3,63,,roster,159.4,0,band,,silver
2024,chengdu,华东师范大学,河东食堂转生队,2,3,63,,name,476.0,0,band,,
2024,chengdu,华东师范大学,OI，启动,2,3,63,,name,607.5,0,quota,unexplained,
2024,chengdu,华南理工大学,Fast Fast TLE,2,3,36,,name,177.7,0,band,,silver
2024,chengdu,华南理工大学,神秘的蛙,2,3,36,,roster,427.7,0,band,,silver
2024,chengdu,华南理工大学,我不知道我不会你们来,2,3,36,,name,637.4,0,quota,unexplained,bronze
2024,chengdu,华南农业大学,公司写题跟nm偷情一样,1,2,115,,name,337.5,0,band,,silver
2024,chengdu,华南农业大学,没有空的桌子了,1,2,115,,roster,801.9,0,quota,unexplained,bronze
2024,chengdu,华南师范大学,最后一页,2,2,96,,name,423.7,0,band,,
2024,chengdu,华南师范大学,野指针,2,2,96,,name,569.3,0,band,,
2024,chengdu,华中科技大学,队里没人有想法导致的,2,4,9,wf,name,72.8,0,band,,silver
2024,chengdu,华中科技大学,零,2,4,9,wf,roster,121.6,0,band,,silver
2024,chengdu,华中科技大学,奇思妙想,2,4,9,wf,name,157.3,0,quota,wf,silver
2024,chengdu,华中科技大学,冒泡猫虫,2,4,9,wf,none,,0,quota,unexplained,silver
2024,chengdu,华中农业大学,吃俺老孙一棒,1,1,169,,roster,629.0,0,band,,bronze
2024,chengdu,华中师范大学,白夜,1,1,69,,roster,821.4,0,band,,
2024,chengdu,吉利学院,吉利太美,0,1,356,local,name,1283.3,0,quota,local,
2024,chengdu,吉林大学,管埋员,2,2,23,,name,224.0,0,band,,bronze
2024,chengdu,吉林大学,高玩派对,2,2,23,,name,834.4,0,band,,bronze
2024,chengdu,集美大学,夏日重现,1,2,88,,name,388.0,0,band,,bronze
2024,chengdu,集美大学,我样例过了,1,2,88,,name,1453.5,0,quota,unexplained,
2024,chengdu,暨南大学,千古AC糕手，还看本队,0,1,251,wf,roster,993.0,0,quota,wf,silver
2024,chengdu,嘉应学院,爱是最强自在法,0,1,177,,name,1774.0,0,quota,unexplained,
2024,chengdu,江苏大学,再见了，所有的ICPC,1,1,82,,roster,596.1,0,band,,
2024,chengdu,江西财经大学,她与银牌见合,1,1,104,,roster,798.0,0,band,,
2024,chengdu,江西理工大学,精英小分队,1,1,142,,name,1845.0,0,band,,
2024,chengdu,江西农业大学,浩~能不能拿牌啊？,1,1,123,,none,,0,band,,
2024,chengdu,昆山杜克大学,明天开始学算法,1,1,103,,none,,0,band,,silver
2024,chengdu,兰州大学,刚学会打字,1,1,106,,name,615.6,0,band,,bronze
2024,chengdu,乐山师范学院,漫云征途,0,1,280,local,name,871.0,0,quota,local,
2024,chengdu,南昌大学,雪月花,0,1,182,,name,570.9,0,quota,unexplained,bronze
2024,chengdu,南昌航空大学,一周17节课艰难打acm,0,1,195,,roster,634.9,0,quota,unexplained,bronze
2024,chengdu,南方科技大学,南风点点,2,3,11,wf,name,20.8,1,band,,gold
2024,chengdu,南方科技大学,南方科技大学-皮尔森,2,3,11,wf,roster,158.7,1,band,,gold
2024,chengdu,南方科技大学,南方科技大学-利贝雷茨,2,3,11,wf,name,626.0,0,quota,wf,bronze
2024,chengdu,南京大学,优质解答：我不知道,2,4,12,wf,name,58.6,1,band,,gold
2024,chengdu,南京大学,智慧之树,2,4,12,wf,name,80.3,1,band,,gold
2024,chengdu,南京大学,食堂难民走线和园卖花,2,4,12,wf,name,136.7,1,quota,wf,gold
2024,chengdu,南京大学,南小鸟,2,4,12,wf,name,231.7,1,quota,unexplained,gold
2024,chengdu,南京航空航天大学,错误,2,3,29,host,name,52.2,1,band,,gold
2024,chengdu,南京航空航天大学,DML,2,3,29,host,name,281.2,0,band,,bronze
2024,chengdu,南京航空航天大学,找对象,2,3,29,host,name,862.6,0,quota,host,bronze
2024,chengdu,南京理工大学,混沌蝴蝶,2,2,38,,name,271.9,0,band,,silver
2024,chengdu,南京理工大学,太空猫猫头,2,2,38,,name,407.0,0,band,,bronze
2024,chengdu,南京信息工程大学,教练提醒我们去成都要保护好自己,1,1,54,,roster,225.5,0,band,,bronze
2024,chengdu,南京邮电大学,天使重构,2,3,81,wf,roster,326.4,0,band,,
2024,chengdu,南京邮电大学,说的道莉,2,3,81,wf,roster,444.4,0,band,,bronze
2024,chengdu,南京邮电大学,吹笛到天明,2,3,81,wf,roster,656.8,0,quota,wf,
2024,chengdu,南开大学,粥畜除三害,2,3,34,,name,302.2,0,band,,silver
2024,chengdu,南开大学,amadeus,2,3,34,,name,497.3,0,band,,silver
2024,chengdu,南开大学,为什么要演奏acm,2,3,34,,name,740.6,0,quota,unexplained,bronze
2024,chengdu,南阳师范学院,因为太菜就把暴力循环点满了,0,1,215,,none,,0,quota,unexplained,
2024,chengdu,宁波大学,泥巴动物园,1,2,135,,name,356.0,0,band,,silver
2024,chengdu,宁波大学,樱白之歌,1,2,135,,roster,644.0,0,quota,unexplained,bronze
2024,chengdu,宁夏大学,超级面包,1,1,168,,name,1238.2,0,band,,
2024,chengdu,莆田学院,口胡金牌题,0,1,207,,name,645.9,0,quota,unexplained,bronze
2024,chengdu,青岛理工大学,醉里挑灯看键盘,1,1,83,,name,1727.0,0,band,,
2024,chengdu,清华大学,Escape,2,3,1,wf,name,4.5,1,band,,gold
2024,chengdu,清华大学,Make 519 great again,2,3,1,wf,name,10.2,1,band,,gold
2024,chengdu,清华大学,报名晚了,2,3,1,wf,none,,1,quota,wf,gold
2024,chengdu,厦门大学,辣味的烧卖,1,1,31,,name,477.0,0,band,,bronze
2024,chengdu,山东财经大学,参与奖掠夺者,0,1,177,,name,984.9,0,quota,unexplained,
2024,chengdu,山东大学,泰山学院代表队,2,3,26,wf,roster,415.8,0,band,,bronze
2024,chengdu,山东大学,黑算竞：打铁,2,3,26,wf,name,599.5,0,band,,bronze
2024,chengdu,山东大学,签到人,2,3,26,wf,name,895.3,0,quota,wf,
2024,chengdu,山东大学（威海）,挽圆神挽的,1,1,92,,roster,710.1,0,band,,
2024,chengdu,山东科技大学,光明号,1,2,134,,name,863.7,0,band,,
2024,chengdu,山东科技大学,西塔克号,1,2,134,,name,1150.9,0,quota,unexplained,
2024,chengdu,山东理工大学,清纯白毛小萝莉,1,2,130,,name,515.5,0,band,,silver
2024,chengdu,山东理工大学,我有铁牌,1,2,130,,name,831.6,0,quota,unexplained,
2024,chengdu,山东师范大学,爆零就去玩原神,1,2,107,,name,906.3,0,band,,bronze
2024,chengdu,山东师范大学,樱高轻音部,1,2,107,,name,1088.9,0,quota,unexplained,
2024,chengdu,上海大学,队名有五字,2,3,52,host,roster,251.8,0,band,,bronze
2024,chengdu,上海大学,清醒后才发现这是XCPC,2,3,52,host,roster,808.2,0,band,,
2024,chengdu,上海大学,塔尖粉丝团,2,3,52,host,roster,1724.6,0,quota,host,
2024,chengdu,上海海洋大学,WA也是A,0,1,186,,name,1823.9,0,quota,unexplained,
2024,chengdu,上海交通大学,电光火石的前奏,2,3,5,wf,name,92.3,0,band,,silver
2024,chengdu,上海交通大学,复活者联盟,2,3,5,wf,name,204.2,0,band,,silver
2024,chengdu,上海交通大学,凌晨烈日晖光,2,3,5,wf,name,348.6,0,quota,wf,silver
2024,chengdu,上海科技大学,耐撞王：牢然,1,1,90,,name,710.0,0,band,,silver
2024,chengdu,上海应用技术大学,ICPC非常好_使我的队名抽象,0,1,206,,roster,1912.7,0,quota,unexplained,
2024,chengdu,绍兴文理学院元培学院,绍立功,1,2,78,,roster,172.0,0,band,,bronze
2024,chengdu,绍兴文理学院元培学院,难铜,1,2,78,,roster,1646.9,0,quota,unexplained,
2024,chengdu,深圳大学,秋秋你给我块金牌吧，我什么都绘做的,2,3,77,,roster,367.0,0,band,,bronze
2024,chengdu,深圳大学,SZU_Wrong answer on test 2,2,3,77,,name,651.4,0,band,,bronze
2024,chengdu,深圳大学,szu_OvO,2,3,77,,name,851.8,0,quota,unexplained,bronze
2024,chengdu,深圳技术大学,SZTU_圆你一个梦,0,1,210,,none,,0,quota,unexplained,
2024,chengdu,四川大学,难题逆转小队,2,3,17,local,name,106.5,0,band,,silver
2024,chengdu,四川大学,在线光速幂,2,3,17,local,name,199.7,0,band,,bronze
2024,chengdu,四川大学,安全三方计算,2,3,17,local,none,,0,quota,local,
2024,chengdu,苏州大学,绫地宁宁公主,1,1,45,,roster,773.6,0,band,,silver
2024,chengdu,台州学院,转生异世界发现自己acm水平下降100倍,0,1,176,,name,787.4,0,quota,unexplained,bronze
2024,chengdu,太原理工大学,一个复杂度n的n的阶乘次方的阶乘的算法,1,1,158,,roster,1862.2,0,band,,
2024,chengdu,天津大学,拼搏百天，我要上天津大学,1,3,47,wf,name,628.6,0,band,,bronze
2024,chengdu,天津大学,少爷和老奴,1,3,47,wf,name,1176.0,0,quota,wf,
2024,chengdu,天津大学,谦虚好学的玛卡巴卡们,1,3,47,wf,name,1278.7,0,quota,unexplained,
2024,chengdu,天津工业大学,兄弟你好香,1,2,148,,roster,955.9,0,band,,
2024,chengdu,天津工业大学,我上早八,1,2,148,,name,1016.3,0,quota,unexplained,
2024,chengdu,天津理工大学,阿米诺斯是小猫的意思,1,1,159,,roster,665.0,0,band,,bronze
2024,chengdu,同济大学,登神长阶,2,2,51,,name,169.0,0,band,,silver
2024,chengdu,同济大学,君与构造与构造之恋,2,2,51,,name,256.6,0,band,,
2024,chengdu,温州大学,温大十一队,1,1,62,,roster,261.2,0,band,,
2024,chengdu,武汉大学,JumPing win,2,3,8,,roster,800.4,0,band,,
2024,chengdu,武汉大学,方块人转生成铁牌选手,2,3,8,,name,975.3,0,band,,
2024,chengdu,武汉大学,重修数理基础,2,3,8,,name,1003.6,0,quota,unexplained,bronze
2024,chengdu,武汉纺织大学,我的青春AC物语果然没有恋爱,0,1,174,,name,1107.4,0,quota,unexplained,
2024,chengdu,武汉工程大学,深藏blue 2.0,0,1,200,,none,,0,quota,unexplained,silver
2024,chengdu,武汉科技大学,RELX悦刻幻影PRO,0,1,189,,name,501.0,1,quota,unexplained,gold
2024,chengdu,武汉理工大学,曼波哈基米大战贤者三异鸟,2,3,86,wf,name,300.6,0,band,,bronze
2024,chengdu,武汉理工大学,*幻想乡旅行团,2,3,86,wf,name,362.7,0,band,,bronze
2024,chengdu,武汉理工大学,样例都没过怎么ac了,2,3,86,wf,name,761.2,0,quota,wf,
2024,chengdu,武汉商学院,冰雪聪明琪露诺,0,1,219,,name,888.5,0,quota,unexplained,bronze
2024,chengdu,西安电子科技大学,便乘计划WA舞台！,2,2,37,,name,584.5,0,band,,bronze
2024,chengdu,西安电子科技大学,关于起名字很随意这件事,2,2,37,,name,585.1,0,band,,bronze
2024,chengdu,西安交通大学,写都写了，交一发吧,2,3,27,wf,name,89.1,0,band,,silver
2024,chengdu,西安交通大学,锦筝叹,2,3,27,wf,name,170.1,0,band,,silver
2024,chengdu,西安交通大学,宇宙将为你闪烁,2,3,27,wf,name,183.4,1,quota,wf,gold
2024,chengdu,西安理工大学,神秘的力量,1,1,133,,name,360.8,0,band,,bronze
2024,chengdu,西安邮电大学,AAC退役小作文批发所,0,1,211,,none,,0,quota,unexplained,
2024,chengdu,西北大学,一定是那ICPC，它把大哥打至跪地，可能是迫大哥跟它回去做题目口牙,1,2,67,,none,,0,band,,
2024,chengdu,西北大学,偶遇公务员强如怪物，拼尽全力无法战胜,1,2,67,,none,,0,quota,unexplained,
2024,chengdu,西北工业大学,智力不太好,1,4,34,wf,name,320.6,0,band,,
2024,chengdu,西北工业大学,不想想队名,1,4,34,wf,name,1008.0,0,quota,wf,
2024,chengdu,西北工业大学,兄弟你不香了,1,4,34,wf,name,1782.0,0,quota,unexplained,
2024,chengdu,西北工业大学,金牌归来，发现妻女流落街头,1,4,34,wf,name,1820.8,0,quota,unexplained,
2024,chengdu,西北农林科技大学,西西务农者不嘻嘻,1,1,159,,roster,1292.4,0,band,,
2024,chengdu,西湖大学,周周酱,1,1,60,,roster,320.1,0,band,,silver
2024,chengdu,西华大学,夏日限定的告白,0,1,336,local,name,1105.0,0,quota,local,
2024,chengdu,西南财经大学,两菜一汤,1,2,129,local,none,,0,band,,
2024,chengdu,西南财经大学,贴上SWUFE，大显神威,1,2,129,local,none,,0,quota,local,
2024,chengdu,西南大学,西大暴龙队,1,1,85,local,name,1248.1,0,band,,
2024,chengdu,西南交通大学,即便转生为美少女也要打ACM,1,2,66,local,roster,1163.0,0,band,,
2024,chengdu,西南交通大学,很内向在电脑前不敢写代码,1,2,66,local,roster,1339.0,0,quota,local,
2024,chengdu,西南科技大学,老东西,1,2,170,local,name,492.1,0,band,,bronze
2024,chengdu,西南科技大学,今天也想见到你,1,2,170,local,name,688.0,0,quota,local,bronze
2024,chengdu,西南民族大学,SCCPC*,1,2,170,local,name,901.0,0,band,,
2024,chengdu,西南民族大学,夜阑风静欲归时，唯有一江明月碧琉璃,1,2,170,local,roster,1614.0,0,quota,local,
2024,chengdu,香港浸会大学,HKNU,1,1,53,non_mainland,roster,134.7,0,band,,silver
2024,chengdu,香港科技大学（广州）,S属性大爆发,1,1,41,non_mainland,name,1064.5,0,band,,
2024,chengdu,香港理工大学,cd CD,1,1,43,host|non_mainland,roster,1010.0,0,band,,silver
2024,chengdu,香港中文大学（深圳）,通顶雪道,2,2,20,wf|non_mainland,name,32.5,1,band,,gold
2024,chengdu,香港中文大学（深圳）,新建文件夹,2,2,20,wf|non_mainland,name,422.4,1,band,,gold
2024,chengdu,湘潭大学,训练两年半，何日上绿名,2,2,58,,name,372.0,0,band,,bronze
2024,chengdu,湘潭大学,数据别和我作队,2,2,58,,name,950.8,0,band,,bronze
2024,chengdu,新疆大学,奇迹与你,1,1,109,,name,1206.0,0,band,,bronze
2024,chengdu,信息工程大学,新旬拔队,0,1,191,,name,904.7,0,quota,unexplained,
2024,chengdu,长安大学,神樱树,0,1,172,,name,522.1,0,quota,unexplained,bronze
2024,chengdu,长春理工大学,yxh 带我飞,0,1,190,,roster,742.0,0,quota,unexplained,
2024,chengdu,长沙理工大学,Sakura,2,2,124,,name,353.2,0,band,,silver
2024,chengdu,长沙理工大学,负优化大湿,2,2,124,,name,1357.4,0,band,,
2024,chengdu,长沙学院,三脸懵逼,1,1,119,,name,460.3,0,band,,silver
2024,chengdu,浙大城市学院,冬雪涟,1,1,65,,name,477.8,0,band,,
2024,chengdu,浙大宁波理工学院,保不齐对,1,1,138,,name,682.3,0,band,,bronze
2024,chengdu,浙江财经大学,幻想家在幻想时间幻想ac,1,2,113,,name,711.1,0,band,,
2024,chengdu,浙江财经大学,踏雪寻梅,1,2,113,,name,744.2,0,quota,unexplained,
2024,chengdu,浙江大学,WF 在逃三人团,2,3,3,wf,name,22.5,1,band,,gold
2024,chengdu,浙江大学,托腮,2,3,3,wf,name,89.8,1,band,,gold
2024,chengdu,浙江大学,乌拉呀哈 呀哈乌拉,2,3,3,wf,name,136.5,0,quota,wf,silver
2024,chengdu,浙江工商大学,理塘最速WA传说,1,2,139,,name,650.1,0,band,,bronze
2024,chengdu,浙江工商大学,猫猫骑士团初探区域赛,1,2,139,,name,787.9,0,quota,unexplained,bronze
2024,chengdu,浙江工业大学,月球猫猫,2,3,25,,name,57.2,1,band,,gold
2024,chengdu,浙江工业大学,我太想进步了,2,3,25,,name,272.8,0,band,,silver
2024,chengdu,浙江工业大学,我们必须想像他们是幸福的,2,3,25,,name,477.1,0,quota,unexplained,bronze
2024,chengdu,浙江理工大学,马拉车算法算车拉马,1,2,61,,name,240.5,0,band,,silver
2024,chengdu,浙江理工大学,小喷菇懒得喷,1,2,61,,name,546.7,0,quota,unexplained,bronze
2024,chengdu,浙江农林大学,我直直直直直接给你坐下,1,2,149,,name,923.6,0,band,,
2024,chengdu,浙江农林大学,再交100罚,1,2,149,,roster,1168.7,0,quota,unexplained,
2024,chengdu,浙江师范大学,该戒网瘾了,2,3,56,wf,name,247.3,0,band,,silver
2024,chengdu,浙江师范大学,使一颗心免于哀伤,2,3,56,wf,name,791.4,0,band,,
2024,chengdu,浙江师范大学,干翻别人队,2,3,56,wf,name,974.0,0,quota,wf,bronze
2024,chengdu,浙江万里学院,MikuFans,1,1,99,,name,450.6,0,band,,silver
2024,chengdu,郑州大学,历史为什么选择了黄前久美子,1,1,73,,name,363.5,0,band,,bronze
2024,chengdu,郑州轻工业大学,VP Expert,1,2,162,,roster,878.1,0,band,,
2024,chengdu,郑州轻工业大学,遇事不决从容应队,1,2,162,,roster,1202.0,0,quota,unexplained,
2024,chengdu,中国传媒大学,憧憬成为AC高手,1,2,98,,name,936.1,0,band,,
2024,chengdu,中国传媒大学,啥,1,2,98,,name,952.1,0,quota,unexplained,bronze
2024,chengdu,中国地质大学（北京）,玩机械动力玩的,1,1,127,,roster,498.0,0,band,,silver
2024,chengdu,中国地质大学（武汉）,地脉恒辉,1,1,140,,roster,1034.0,0,band,,bronze
2024,chengdu,中国海洋大学,错误没有答案,1,1,126,,roster,396.6,0,band,,
2024,chengdu,中国计量大学,兄弟，我想拿牌,1,1,128,,name,402.3,0,band,,silver
2024,chengdu,中国科学技术大学,Ben神，启动,2,4,18,host|wf,name,43.5,1,band,,gold
2024,chengdu,中国科学技术大学,摸鱼之魂终将归来,2,4,18,host|wf,roster,48.8,1,band,,gold
2024,chengdu,中国科学技术大学,随机化,2,4,18,host|wf,name,66.7,0,quota,host,silver
2024,chengdu,中国科学技术大学,五年OI三年IO,2,4,18,host|wf,name,363.7,0,quota,host,bronze
2024,chengdu,中国矿业大学,无名之辈,1,1,118,,name,428.2,0,band,,bronze
2024,chengdu,中国矿业大学（北京）,燐光,1,1,155,,name,1182.2,0,band,,
2024,chengdu,中国民航大学,把思路逆转过来！,1,1,76,,name,1134.1,0,band,,
2024,chengdu,中国人民大学,嘉然今天创什么,2,2,40,,name,163.3,0,band,,silver
2024,chengdu,中国人民大学,数学都交给队友,2,2,40,,name,515.5,0,band,,bronze
2024,chengdu,中国石油大学（华东）,中石大2005,1,2,147,,name,452.8,0,band,,silver
2024,chengdu,中国石油大学（华东）,中石大1997,1,2,147,,name,726.0,0,quota,unexplained,
2024,chengdu,中南大学,新建文件夹,2,2,28,wf,roster,1155.4,0,band,,
2024,chengdu,中南大学,塞尔达天下第一,2,2,28,wf,none,,0,band,,bronze
2024,chengdu,中南民族大学,想队名比过题难,0,1,244,local,roster,1378.1,0,quota,local,
2024,chengdu,中山大学,中山大学_没有想法,2,4,7,wf,name,22.1,1,band,,gold
2024,chengdu,中山大学,中山大学_古希腊掌管罚时的神,2,4,7,wf,name,181.3,1,band,,gold
2024,chengdu,中山大学,中山大学＿Awful＿Choices,2,4,7,wf,roster,295.1,0,quota,wf,bronze
2024,chengdu,中山大学,中山大学_一个小队,2,4,7,wf,name,349.6,0,quota,unexplained,bronze
2024,chengdu,重庆大学,不考计算几何就摆烂,1,2,94,local,name,305.8,0,band,,silver
2024,chengdu,重庆大学,签不来到怎么办吧,1,2,94,local,name,947.7,0,quota,local,silver
2024,chengdu,重庆工程学院,我只选帅康,0,1,209,local,roster,686.9,0,quota,local,bronze
2024,chengdu,重庆交通大学,乌木威尔维恩耶尔吐温威乌温穆本欧萨斯,0,1,203,local,name,519.0,0,quota,local,
2024,chengdu,重庆移通学院,世界の中心、ACCEPTでを叫ぶ,0,1,192,local,name,629.6,0,quota,local,
2024,chengdu,重庆邮电大学,邮电启动,1,2,70,,name,174.8,0,band,,bronze
2024,chengdu,重庆邮电大学,会A吗？会A的！,1,2,70,,name,612.4,0,quota,unexplained,
2024,hangzhou,西安理工大学,庄周梦韩,1,1,133,,name,1247.0,0,band,,
2024,hangzhou,南京工程学院,NJIT_13队_被封了七十六个账号,0,1,214,,roster,673.4,0,quota,unexplained,bronze
2024,hangzhou,沈阳理工大学,不祈者,1,1,188,,roster,1783.0,0,band,,
2024,hangzhou,湖南师范大学,栀晓,1,1,30,,name,127.3,0,band,,bronze
2024,hangzhou,西安交通大学,未铭记何谈淡忘,2,3,27,wf,name,150.8,0,band,,silver
2024,hangzhou,西安交通大学,WA症候群,2,3,27,wf,name,233.5,0,band,,bronze
2024,hangzhou,西安交通大学,正在评测中,2,3,27,wf,name,245.5,0,quota,wf,silver
2024,hangzhou,东北师范大学,海底小纵队,0,1,222,,name,1170.3,0,quota,unexplained,
2024,hangzhou,曲阜师范大学,别闹了老婆，咱们回家吧,0,1,220,,name,761.8,0,quota,unexplained,
2024,hangzhou,南阳师范学院,悬笔一绝,0,1,215,,name,717.1,0,quota,unexplained,
2024,hangzhou,南昌大学,我从来不觉得打ICPC开心过,1,1,182,,none,,0,band,,silver
2024,hangzhou,浙江工商大学,空花阳焰,1,3,139,local,name,438.2,0,band,,silver
2024,hangzhou,浙江工商大学,理塘最速WA传说,1,3,139,local,name,650.1,0,quota,local,bronze
2024,hangzhou,浙江工商大学,了解你的捍卫者,1,3,139,local,name,964.4,0,quota,unexplained,bronze
2024,hangzhou,华东师范大学,假飞了！,2,3,63,,name,241.0,0,band,,silver
2024,hangzhou,华东师范大学,东方 homo 馆,2,3,63,,name,256.0,0,band,,bronze
2024,hangzhou,华东师范大学,河东食堂转生队,2,3,63,,name,476.0,0,quota,unexplained,bronze
2024,hangzhou,浙大宁波理工学院,青梅绿茶,1,2,138,local,name,323.0,0,band,,silver
2024,hangzhou,浙大宁波理工学院,倒头就睡,1,2,138,local,name,998.8,0,quota,local,
2024,hangzhou,南开大学,难开题开题难,2,2,34,,name,167.6,0,band,,silver
2024,hangzhou,南开大学,粥畜除三害,2,2,34,,name,302.2,0,band,,silver
2024,hangzhou,北京理工大学珠海学院,XCPC第一道难题是买机票,1,1,146,,roster,645.6,0,band,,
2024,hangzhou,武汉大学,秘封俱乐部,2,3,8,,name,24.4,1,band,,gold
2024,hangzhou,武汉大学,ACMore,2,3,8,,name,469.2,0,band,,bronze
2024,hangzhou,武汉大学,爱哇tv之哈基米对签到哈气,2,3,8,,roster,1433.8,0,quota,unexplained,
2024,hangzhou,江西师范大学,完蛋！我被原P包围了！,0,2,196,,name,602.1,0,quota,unexplained,bronze
2024,hangzhou,江西师范大学,Wrong_answer_on_test_1,0,2,196,,name,720.5,0,quota,unexplained,
2024,hangzhou,杭州电子科技大学,杭电5队,2,4,4,wf|local,name,203.0,0,band,,silver
2024,hangzhou,杭州电子科技大学,杭电8队,2,4,4,wf|local,name,482.0,0,band,,bronze
2024,hangzhou,杭州电子科技大学,杭电9队,2,4,4,wf|local,name,484.0,0,quota,wf,silver
2024,hangzhou,杭州电子科技大学,杭电0队,2,4,4,wf|local,none,,1,quota,local,gold
2024,hangzhou,上海大学,树上的忍者,2,4,52,host,name,115.7,1,band,,gold
2024,hangzhou,上海大学,黑吗喽：无码,2,4,52,host,roster,1029.7,0,band,,
2024,hangzhou,上海大学,塔尖粉丝团,2,4,52,host,roster,1724.6,0,quota,host,
2024,hangzhou,上海大学,求你让我过一道,2,4,52,host,name,1818.2,0,quota,host,
2024,hangzhou,哈尔滨工业大学,睡到自然醒,2,3,16,wf,name,260.6,0,band,,
2024,hangzhou,哈尔滨工业大学,风灵玉秀,2,3,16,wf,name,279.0,0,band,,silver
2024,hangzhou,哈尔滨工业大学,憂鬱烏龜,2,3,16,wf,name,560.9,0,quota,wf,
2024,hangzhou,绍兴文理学院元培学院,三WA打碎AC梦,1,2,78,local,name,1770.0,0,band,,
2024,hangzhou,绍兴文理学院元培学院,蓝图测绘分队,1,2,78,local,name,2084.0,0,quota,local,
2024,hangzhou,电子科技大学,UESTC_诶多诶多呐呐呐,2,4,22,wf,roster,182.1,0,band,,silver
2024,hangzhou,电子科技大学,UESTC_EndlessEmbrace,2,4,22,wf,name,332.1,0,band,,bronze
2024,hangzhou,电子科技大学,UESTC_牢东西,2,4,22,wf,roster,377.5,0,quota,wf,silver
2024,hangzhou,电子科技大学,UESTC_篝月明火,2,4,22,wf,none,,1,quota,unexplained,gold
2024,hangzhou,中南大学,电子界探寻者,2,3,28,wf,name,75.0,1,band,,gold
2024,hangzhou,中南大学,大鸟ZigZigZag,2,3,28,wf,name,217.4,0,band,,bronze
2024,hangzhou,中南大学,饿饿饿不知道吃什么,2,3,28,wf,roster,353.9,0,quota,wf,silver
2024,hangzhou,重庆交通大学,#define 铁 金,0,1,203,,roster,787.0,0,quota,unexplained,
2024,hangzhou,北京邮电大学,好好想想,2,3,6,,name,126.2,0,band,,silver
2024,hangzhou,北京邮电大学,对了吗？如队,2,3,6,,roster,223.9,0,band,,silver
2024,hangzhou,北京邮电大学,想喝绪山家的药,2,3,6,,none,,0,quota,unexplained,
2024,hangzhou,北京理工大学,香蕉的感觉不奇妙,2,4,21,wf,roster,98.2,1,band,,gold
2024,hangzhou,北京理工大学,打饿了吃隔壁桌,2,4,21,wf,name,149.3,0,band,,silver
2024,hangzhou,北京理工大学,存在证明的自动机械,2,4,21,wf,roster,284.4,0,quota,wf,silver
2024,hangzhou,北京理工大学,卡批炉批和穹批,2,4,21,wf,name,318.0,0,quota,unexplained,silver
2024,hangzhou,西北工业大学,#N/A,1,4,34,wf,name,533.0,0,band,,silver
2024,hangzhou,西北工业大学,牛战士的AK之梦,1,4,34,wf,name,1027.0,0,quota,wf,
2024,hangzhou,西北工业大学,总湿摇篮,1,4,34,wf,name,1394.0,0,quota,unexplained,
2024,hangzhou,西北工业大学,D.D.D.,1,4,34,wf,none,,0,quota,unexplained,silver
2024,hangzhou,天津大学,锐刻没有电,1,2,47,wf,name,96.6,0,band,,silver
2024,hangzhou,天津大学,拼搏百天，我要上天津大学,1,2,47,wf,name,628.6,0,quota,wf,silver
2024,hangzhou,中国科学技术大学,蓝桥春雪,2,4,18,host|wf,name,72.1,0,band,,silver
2024,hangzhou,中国科学技术大学,退休中灯再就业,2,4,18,host|wf,name,424.0,0,band,,bronze
2024,hangzhou,中国科学技术大学,浑水摸奖,2,4,18,host|wf,name,540.4,0,quota,host,bronze
2024,hangzhou,中国科学技术大学,可爱白毛萝莉,2,4,18,host|wf,name,554.7,0,quota,host,
2024,hangzhou,湖州师范学院,老师说拿不到奖就要开除我们,0,2,236,local,roster,676.0,0,quota,local,
2024,hangzhou,湖州师范学院,青春ac少年不会遇到wa学姐,0,2,236,local,roster,1287.4,0,quota,unexplained,
2024,hangzhou,浙江工业大学之江学院,帮Zn刷牙,0,2,347,local,name,1405.4,0,quota,local,
2024,hangzhou,浙江工业大学之江学院,做博丽灵梦，谈古明地恋,0,2,347,local,none,,0,quota,unexplained,
2024,hangzhou,浙江农林大学暨阳学院,永昼2.0,1,1,187,local,roster,610.9,0,band,,bronze
2024,hangzhou,南京航空航天大学,南航猫猫头（队长十年单身换区域赛铜牌版）,2,3,29,host,name,663.4,0,band,,bronze
2024,hangzhou,南京航空航天大学,循序渐WA,2,3,29,host,name,877.7,0,band,,
2024,hangzhou,南京航空航天大学,我也不知道叫什么,2,3,29,host,name,933.3,0,quota,host,
2024,hangzhou,湖南文理学院,五小时战神,1,1,179,,roster,606.9,0,band,,
2024,hangzhou,浙江广厦建设职业技术大学,vivo50,1,2,145,local,name,375.0,0,band,,
2024,hangzhou,浙江广厦建设职业技术大学,六尺之下,1,2,145,local,roster,1503.0,0,quota,local,bronze
2024,hangzhou,中国人民大学,字节无虞,2,2,40,,name,189.5,1,band,,gold
2024,hangzhou,中国人民大学,智算先锋队,2,2,40,,name,1014.1,0,band,,bronze
2024,hangzhou,天津理工大学,一人写，两人睡,1,1,159,,roster,1554.0,0,band,,
2024,hangzhou,南京信息工程大学,CF灰名也有打铁梦,1,1,54,,name,791.0,0,band,,silver
2024,hangzhou,集美大学,鳄鱼也要做鳄梦,1,2,88,,name,672.0,0,band,,
2024,hangzhou,集美大学,Sanagi,1,2,88,,name,840.3,0,quota,unexplained,bronze
2024,hangzhou,中国地质大学（北京）,趁红利学Java狠赚一笔,1,1,127,,roster,324.0,0,band,,
2024,hangzhou,香港城市大学（东莞）,先輩愛♪♡,0,1,264,non_mainland,none,,0,quota,non_mainland,
2024,hangzhou,东北大学,东北大学_好果汁,2,4,50,host|wf,name,312.0,0,band,,
2024,hangzhou,东北大学,东北大学_十三的全排列,2,4,50,host|wf,roster,768.5,0,band,,bronze
2024,hangzhou,东北大学,东北大学_哦莫,2,4,50,host|wf,none,,0,quota,host,
2024,hangzhou,东北大学,东北大学_出毛,2,4,50,host|wf,none,,1,quota,host,gold
2024,hangzhou,中国计量大学,wc又不是正解,1,2,128,local,name,1064.6,0,band,,
2024,hangzhou,中国计量大学,就是你的生活,1,2,128,local,roster,1401.5,0,quota,local,
2024,hangzhou,山东师范大学,多压力队友才会有好成绩,1,1,107,,roster,347.5,0,band,,bronze
2024,hangzhou,哈尔滨工程大学,随风飘游于阳炎热浪,1,2,97,,name,513.9,0,band,,bronze
2024,hangzhou,哈尔滨工程大学,goto: 希腊奶,1,2,97,,name,608.1,0,quota,unexplained,
2024,hangzhou,同济大学,仙银,2,2,51,,name,175.8,0,band,,silver
2024,hangzhou,同济大学,于离别之朝束起约定之花,2,2,51,,name,232.4,0,band,,silver
2024,hangzhou,华北水利水电大学,对WA使用无懈可击,1,1,165,,name,514.3,0,band,,
2024,hangzhou,宁夏大学,能否让我停止这场追逐,1,1,168,,name,585.8,0,band,,
2024,hangzhou,合肥大学,甘！文！！崔！！！,1,1,185,,name,767.9,0,band,,
2024,hangzhou,广东工业大学揭阳校区,GDUTJY_揭宿乐队,0,1,202,,name,1374.0,0,quota,unexplained,
2024,hangzhou,安徽大学,众梦之聚,1,2,112,,name,970.0,0,band,,bronze
2024,hangzhou,安徽大学,WhiteLoneliness,1,2,112,,name,1736.0,0,quota,unexplained,
2024,hangzhou,福建理工大学,猿农舟,1,2,101,,name,255.8,0,band,,silver
2024,hangzhou,福建理工大学,我是外卡三个顶俩,1,2,101,,roster,1318.1,0,quota,unexplained,
2024,hangzhou,浙江师范大学,ZJNU_12队,2,4,56,wf|local,name,276.0,0,band,,bronze
2024,hangzhou,浙江师范大学,分秒易逝，V我5时,2,4,56,wf|local,name,314.5,0,band,,silver
2024,hangzhou,浙江师范大学,AAA蜜雪冰城代购,2,4,56,wf|local,name,546.7,0,quota,wf,bronze
2024,hangzhou,浙江师范大学,总裁，夫人说这签到题写不完，今晚不许回家,2,4,56,wf|local,name,725.6,0,quota,local,silver
2024,hangzhou,上海纽约大学,上海纽约大学队伍1,1,1,48,,none,,0,band,,
2024,hangzhou,暨南大学,想想MJ怎么做,0,1,251,wf,roster,744.3,0,quota,wf,bronze
2024,hangzhou,电子科技大学中山学院,马拉车拉马,1,1,175,,roster,840.9,0,band,,
2024,hangzhou,嘉应学院,治愈ACM致郁我的AC梦,1,1,177,,name,616.1,0,band,,bronze
2024,hangzhou,宁波大学,剑来,1,2,135,local,roster,1423.0,0,band,,
2024,hangzhou,宁波大学,中文队名想不出,1,2,135,local,roster,1437.7,0,quota,local,
2024,hangzhou,大连理工大学,关注带工喵，关注带工谢谢喵(≧^.^≦),1,2,93,,roster,302.4,0,band,,silver
2024,hangzhou,大连理工大学,dlut 06,1,2,93,,name,477.9,0,quota,unexplained,bronze
2024,hangzhou,郑州轻工业大学,VP Expert,1,2,162,,roster,878.1,0,band,,
2024,hangzhou,郑州轻工业大学,小狗怎么叫,1,2,162,,name,1483.5,0,quota,unexplained,
2024,hangzhou,西南科技大学,三人行，必有考研工作教培,1,1,170,,roster,974.4,0,band,,
2024,hangzhou,温州大学,温大一队,1,2,62,local,roster,261.2,0,band,,silver
2024,hangzhou,温州大学,温大二队,1,2,62,local,roster,1129.7,0,quota,local,bronze
2024,hangzhou,大连理工大学(盘锦校区),氪金,1,1,71,,name,2260.0,0,band,,
2024,hangzhou,中山大学,中山大学_无限天堂,2,4,7,wf,name,31.4,1,band,,gold
2024,hangzhou,中山大学,中山大学_可燃乌龙茶,2,4,7,wf,name,140.5,0,band,,silver
2024,hangzhou,中山大学,中山大学_二分对勾函数,2,4,7,wf,roster,167.1,0,quota,wf,bronze
2024,hangzhou,中山大学,中山大学_cutelyou,2,4,7,wf,name,212.8,1,quota,unexplained,gold
2024,hangzhou,中国民航大学,便邀东风揽明月,1,1,76,,roster,1190.3,0,band,,
2024,hangzhou,成都信息工程大学,命运旋律,1,1,108,,name,692.0,0,band,,bronze
2024,hangzhou,华南农业大学,随机队名,1,1,115,,roster,942.8,0,band,,
2024,hangzhou,江西财经大学,她还爱我对不队,1,1,104,,roster,398.9,0,band,,bronze
2024,hangzhou,北京师范大学,自行车,1,1,78,,roster,411.2,0,band,,bronze
2024,hangzhou,东华大学,不可视境界线,2,2,122,,name,328.0,0,band,,silver
2024,hangzhou,东华大学,报告阎王：处死蓝鸟!,2,2,122,,roster,364.0,0,band,,
2024,hangzhou,山东财经大学,"由于该校无XCPC经费,正在联系该队伍教练退赛",1,1,177,,roster,1141.0,0,band,,bronze
2024,hangzhou,中国石油大学（华东）,中石大2011,1,2,147,,name,953.4,0,band,,
2024,hangzhou,中国石油大学（华东）,中石大1969,1,2,147,,name,1142.7,0,quota,unexplained,
2024,hangzhou,四川大学,雍正王朝老太医,2,3,17,,name,29.0,1,band,,gold
2024,hangzhou,四川大学,拼图,2,3,17,,name,325.7,0,band,,bronze
2024,hangzhou,四川大学,猫狗鱼,2,3,17,,name,819.1,0,quota,unexplained,bronze
2024,hangzhou,广东工业大学,jump！！！！,2,2,19,,name,32.4,1,band,,gold
2024,hangzhou,广东工业大学,漫游者,2,2,19,,name,611.0,0,band,,bronze
2024,hangzhou,西安工业大学,超级梦之队,0,1,278,,roster,1230.8,0,quota,unexplained,
2024,hangzhou,National University of Mongolia,NUM-L3,0,2,,non_mainland,none,,0,quota,non_mainland,bronze
2024,hangzhou,National University of Mongolia,NUM-BNTs,0,2,,non_mainland,none,,0,quota,unexplained,bronze
2024,hangzhou,中国矿业大学,chengcheng567_fan,1,1,118,,roster,379.3,0,band,,bronze
2024,hangzhou,太原理工大学,我有一个绝妙的算法，但空白处太少，我写不下,1,1,158,,roster,514.2,0,band,,bronze
2024,hangzhou,无锡学院,WXU_Excalibur,0,1,204,,name,690.9,0,quota,unexplained,silver
2024,hangzhou,西南民族大学,永远都像初次见你那样，使我心荡漾,1,1,170,,name,597.5,0,band,,
2024,hangzhou,西湖大学,轰炸机数学学院,1,2,60,local,name,487.3,0,band,,bronze
2024,hangzhou,西湖大学,家门口的下午茶好喝吗,1,2,60,local,roster,855.0,0,quota,local,
2024,hangzhou,海南大学,全甲野牛突袭派蒙,1,2,153,,name,1847.6,0,band,,
2024,hangzhou,海南大学,这次一定AC,1,2,153,,name,1904.0,0,quota,unexplained,
2024,hangzhou,上海师范大学,你用着二次元头像说我是二次元？,1,1,116,,name,351.9,0,band,,bronze
2024,hangzhou,上海财经大学,尼采说得队,1,1,64,,name,509.7,0,band,,bronze
2024,hangzhou,华中师范大学,不知江月待何人,1,1,69,,roster,152.7,1,band,,gold
2024,hangzhou,湖北工业大学,长生,0,1,258,,name,814.5,0,quota,unexplained,silver
2024,hangzhou,南京大学,嚼菜根队,2,3,12,wf,name,119.8,0,band,,silver
2024,hangzhou,南京大学,食堂难民走线和园卖花,2,3,12,wf,name,136.7,1,band,,gold
2024,hangzhou,南京大学,我打铁牌？真的假的？,2,3,12,wf,name,155.0,1,quota,wf,gold
2024,hangzhou,河南师范大学,阿莫西林,0,1,227,,name,1425.4,0,quota,unexplained,
2024,hangzhou,国防科技大学,空零,1,2,33,wf,name,413.0,0,band,,bronze
2024,hangzhou,国防科技大学,蓝色空间号,1,2,33,wf,roster,810.7,0,quota,wf,bronze
2024,hangzhou,长沙理工大学,代码不能从这一侧AC,2,2,124,,name,338.0,0,band,,bronze
2024,hangzhou,长沙理工大学,深藏不露,2,2,124,,roster,1368.4,0,band,,
2024,hangzhou,哈尔滨工业大学（深圳）,重生之我在哈工深打ACM,2,2,14,,name,218.1,0,band,,silver
2024,hangzhou,哈尔滨工业大学（深圳）,不如加训,2,2,14,,name,440.8,0,band,,bronze
2024,hangzhou,福建农林大学,凌云,0,1,261,,name,803.3,0,quota,unexplained,
2024,hangzhou,长春理工大学,我爱杭师,1,2,190,,roster,742.0,0,band,,
2024,hangzhou,长春理工大学,桃李酥,1,2,190,,name,1269.4,0,quota,unexplained,bronze
2024,hangzhou,中国矿业大学（北京）,我庄严宣誓我不干好事,1,1,155,,name,869.4,0,band,,
2024,hangzhou,浙江理工大学,队名本来超级长但因为太长被ban呜呜呜队,1,3,61,local,roster,345.0,0,band,,silver
2024,hangzhou,浙江理工大学,带带我，我也会挂名,1,3,61,local,roster,685.9,0,quota,local,bronze
2024,hangzhou,浙江理工大学,赛场偶遇沟槽大模拟，三页题面长如怪物，拼尽全力无法AC,1,3,61,local,roster,1117.9,0,quota,unexplained,
2024,hangzhou,北方工业大学,寒春知梦,1,1,117,,name,820.0,0,band,,
2024,hangzhou,浙江财经大学,踏雪寻梅,1,2,113,local,name,744.2,0,band,,
2024,hangzhou,浙江财经大学,炒饭梦想家,1,2,113,local,name,1431.9,0,quota,local,
2024,hangzhou,贵州大学,重生之我在贵大上高中,1,1,144,,roster,827.7,0,band,,
2024,hangzhou,浙江机电职业技术大学,兔八鸽,0,2,235,local,name,721.9,0,quota,local,silver
2024,hangzhou,浙江机电职业技术大学,能和我打一辈子ACM吗,0,2,235,local,name,1291.9,0,quota,unexplained,
2024,hangzhou,武汉理工大学, 突破极限,2,3,86,wf,name,367.0,0,band,,silver
2024,hangzhou,武汉理工大学,打一辈子出你字母能转生为AC高手吗,2,3,86,wf,name,384.0,0,band,,silver
2024,hangzhou,武汉理工大学,黑唐龙 : 暴暴龙,2,3,86,wf,roster,658.1,0,quota,wf,bronze
2024,hangzhou,南方科技大学,布尔诺,2,3,11,wf,name,81.1,1,band,,gold
2024,hangzhou,南方科技大学,南方科技大学-特隆赫姆,2,3,11,wf,name,389.3,0,band,,bronze
2024,hangzhou,南方科技大学,南方科技大学-利贝雷茨,2,3,11,wf,name,626.0,0,quota,wf,
2024,hangzhou,台州学院,别急,1,2,176,local,name,487.6,0,band,,silver
2024,hangzhou,台州学院,转生异世界发现自己acm水平下降100倍,1,2,176,local,name,787.4,0,quota,local,
2024,hangzhou,深圳大学,Twilight Illusion,2,2,77,,name,219.2,0,band,,silver
2024,hangzhou,深圳大学,蓝桥杯深圳总部,2,2,77,,name,405.4,0,band,,silver
2024,hangzhou,西南交通大学,很内向在电脑前不敢写代码,1,1,66,,none,,0,band,,bronze
2024,hangzhou,山东农业大学,搏至无憾,0,1,412,,roster,1861.6,0,quota,unexplained,
2024,hangzhou,苏州大学,RE手动机,1,1,45,,name,560.7,0,band,,bronze
2024,hangzhou,大连海事大学,我们从未知道那天所参加的ICPC的报销日期,1,1,121,,roster,356.2,0,band,,
2024,hangzhou,南京邮电大学,菠萝好吃,2,3,81,wf,roster,214.1,0,band,,silver
2024,hangzhou,南京邮电大学,南京Hero久竞,2,3,81,wf,roster,589.9,0,band,,silver
2024,hangzhou,南京邮电大学,小展小陈小吴,2,3,81,wf,roster,790.5,0,quota,wf,
2024,hangzhou,延安大学西安创新学院,本场比赛所有花销由杨公子买单,0,1,281,,roster,1177.3,0,quota,unexplained,
2024,hangzhou,天津工业大学,祥子帮帮写,1,1,148,,name,1200.2,0,band,,
2024,hangzhou,厦门理工学院,榴莲忘返,1,1,151,,name,1344.0,0,band,,
2024,hangzhou,浙江工业大学,月球猫猫,2,4,25,local,name,57.2,1,band,,gold
2024,hangzhou,浙江工业大学,今亦求金,2,4,25,local,name,126.5,0,band,,silver
2024,hangzhou,浙江工业大学,ZJUT11,2,4,25,local,name,1011.1,0,quota,local,
2024,hangzhou,浙江工业大学,ZJUT12,2,4,25,local,name,1136.1,0,quota,unexplained,
2024,hangzhou,长沙学院,三脸懵逼,1,1,119,,name,460.3,0,band,,bronze
2024,hangzhou,北京航空航天大学,一剑霜寒十四州,2,3,10,wf,name,88.3,1,band,,gold
2024,hangzhou,北京航空航天大学,早知道，还是可口可乐,2,3,10,wf,name,186.1,1,band,,gold
2024,hangzhou,北京航空航天大学,会挽雕弓如满月,2,3,10,wf,name,188.3,1,quota,wf,gold
2024,hangzhou,山东科技大学,柏林号,1,1,134,,name,476.9,0,band,,silver
2024,hangzhou,北京交通大学,今宵露宿何妨,2,2,32,wf,name,317.9,0,band,,bronze
2024,hangzhou,北京交通大学,羊羊羊,2,2,32,wf,name,339.5,1,band,,gold
2024,hangzhou,香港大学,五条牢师,1,2,13,wf|non_mainland,name,150.8,0,band,,bronze
2024,hangzhou,香港大学,Cheeky Chubbies,1,2,13,wf|non_mainland,roster,1600.0,0,quota,wf,bronze
2024,hangzhou,香港科技大学（广州）,S属性大爆发,1,1,41,non_mainland,name,1064.5,0,band,,
2024,hangzhou,南京理工大学,帮帮我，鲍汁锅！,2,2,38,,roster,130.5,1,band,,gold
2024,hangzhou,南京理工大学,茶姬猫猫头,2,2,38,,name,302.8,0,band,,bronze
2024,hangzhou,湖南工业大学,不知道,0,1,193,,name,997.5,0,quota,unexplained,bronze
2024,hangzhou,浙江科技大学,浙科二十队,1,1,87,local,roster,742.0,0,band,,bronze
2024,hangzhou,吉林大学,断桥雪,2,3,23,,name,147.1,0,band,,silver
2024,hangzhou,吉林大学,東雲端,2,3,23,,name,156.3,0,band,,silver
2024,hangzhou,吉林大学,踏月乘歌,2,3,23,,none,,0,quota,unexplained,
2024,hangzhou,河海大学,不时以暴力算法tle的邻座acm同学,1,3,55,,name,766.5,0,band,,bronze
2024,hangzhou,河海大学,可以组一辈子acm队吗,1,3,55,,roster,850.3,0,quota,unexplained,bronze
2024,hangzhou,河海大学,憧憬成为膜法ACMer,1,3,55,,name,897.2,0,quota,unexplained,
2024,hangzhou,江苏大学,再见了，所有的ICPC,1,1,82,,roster,596.1,0,band,,bronze
2024,hangzhou,湖南城市学院,灰姑娘的故事,1,1,114,,roster,395.2,0,band,,silver
2024,hangzhou,浙大城市学院,扫雷爱好者,1,3,65,local,name,162.8,0,band,,silver
2024,hangzhou,浙大城市学院,夏日青空,1,3,65,local,name,569.4,0,quota,local,
2024,hangzhou,浙大城市学院,完美答案,1,3,65,local,roster,1440.0,0,quota,unexplained,
2024,hangzhou,烟台大学,队长啊，你不玩原神，难道原神题会自己ac吗？,0,1,221,,roster,1002.3,0,quota,unexplained,
2024,hangzhou,北京信息科技大学,你猜金城厚不厚,1,1,136,,name,448.2,0,band,,
2024,hangzhou,华南理工大学,打xcpc不喊我,2,3,36,,name,133.8,0,band,,silver
2024,hangzhou,华南理工大学,team_name,2,3,36,,name,533.1,0,band,,bronze
2024,hangzhou,华南理工大学,拔丝地瓜,2,3,36,,name,693.0,0,quota,unexplained,
2024,hangzhou,西安邮电大学,送你一朵邮菜花,0,1,211,,roster,961.9,0,quota,unexplained,bronze
2024,hangzhou,哈尔滨工业大学（威海）,帅哥队长还在征婚QQ2216541094,2,2,59,,roster,302.0,0,band,,silver
2024,hangzhou,哈尔滨工业大学（威海）,为帅哥学长征婚QQ2216541094,2,2,59,,roster,434.1,0,band,,silver
2024,hangzhou,浙江金融职业学院,银从必过队,0,1,,local,none,,0,quota,local,
2024,hangzhou,福州大学,孤高曼波,2,2,24,,name,561.7,0,band,,silver
2024,hangzhou,福州大学,不时以藏语遮羞的邻座丁真同学,2,2,24,,roster,617.8,0,band,,
2024,hangzhou,江南大学,坂田金银铜时,0,1,197,,name,521.0,0,quota,unexplained,bronze
2024,hangzhou,嘉兴大学,幻想成为ICPC糕手,0,1,374,local,roster,2142.0,0,quota,local,
2024,hangzhou,华南师范大学,A了这题就去吃麦旋风,2,2,96,,roster,332.3,0,band,,silver
2024,hangzhou,华南师范大学,会赢的,2,2,96,,name,742.0,0,band,,bronze
2024,hangzhou,云南大学,Ulterior Motive,1,3,166,host,name,1220.8,0,band,,
2024,hangzhou,云南大学,我们只是来吃西湖醋鱼的,1,3,166,host,roster,1662.0,0,quota,host,
2024,hangzhou,云南大学,Must be the right,1,3,166,host,name,1914.2,0,quota,host,
2024,hangzhou,中国传媒大学,开局重伤倒地，激发队友潜力,1,1,98,,name,1111.7,0,band,,
2024,hangzhou,北京化工大学,o1-IOI 中之人,1,2,80,,roster,195.0,0,band,,bronze
2024,hangzhou,北京化工大学,？神？动,1,2,80,,name,846.0,0,quota,unexplained,
2024,hangzhou,山东大学,SDU-TCS,2,3,26,wf,name,139.3,1,band,,gold
2024,hangzhou,山东大学,诺曼底上岸,2,3,26,wf,roster,316.1,0,band,,bronze
2024,hangzhou,山东大学,你有这样高速运转的机械进入软件园,2,3,26,wf,name,414.1,0,quota,wf,bronze
2024,hangzhou,昆山杜克大学,睡觉养神队,1,1,103,,roster,1060.0,0,band,,
2024,hangzhou,青岛理工大学,题不在会，猜对则赢,1,1,83,,roster,1182.5,0,band,,
2024,hangzhou,广州华商学院,疾速命名,0,1,434,,roster,2178.4,0,quota,unexplained,
2024,hangzhou,湖南理工学院,流泪猫猫头,1,1,125,,name,337.4,0,band,,silver
2024,hangzhou,温州商学院,ΨoO,0,1,417,local,roster,1767.0,0,quota,local,
2024,hangzhou,成都锦城学院,樱花泪,1,1,181,,name,587.7,0,band,,
2024,hangzhou,浙江农林大学,找到工作考上研了吗还在打A,1,3,149,local,roster,541.0,0,band,,bronze
2024,hangzhou,浙江农林大学,不拿牌就不能守护你，拿起牌就不能拥抱你,1,3,149,local,name,778.8,0,quota,local,silver
2024,hangzhou,浙江农林大学,别急，再给我五分钟,1,3,149,local,name,1223.0,0,quota,unexplained,
2024,hangzhou,中国科学院大学,Chirp-Z变换,2,2,46,,name,135.0,0,band,,silver
2024,hangzhou,中国科学院大学,啥,2,2,46,,name,426.2,0,band,,bronze
2024,hangzhou,青岛科技大学,一唱雄鸡天下白,0,1,236,,name,821.3,0,quota,unexplained,bronze
2024,hangzhou,哈尔滨理工大学,哈理工12队HZ,1,2,120,,roster,567.1,0,band,,bronze
2024,hangzhou,哈尔滨理工大学,哈理工10队HZ,1,2,120,,roster,1284.6,0,quota,unexplained,bronze
2024,hangzhou,郑州大学,都不玩原神,1,1,73,,name,199.2,0,band,,silver
2024,hangzhou,江西农业大学,领航者,1,1,123,,name,385.6,0,band,,
2024,hangzhou,南昌航空大学,极限水花,0,1,195,,name,787.0,0,quota,unexplained,
2024,hangzhou,浙江育英职业技术学院,育英七队,0,1,296,local,roster,1753.0,0,quota,local,bronze
2024,hangzhou,成都东软学院,糖醋奶龙,0,1,278,,roster,1691.2,0,quota,unexplained,
2024,hangzhou,杭州电子科技大学信息工程学院,无尽的风之轨迹,1,2,49,local,name,443.1,1,band,,gold
2024,hangzhou,杭州电子科技大学信息工程学院,爱鸡TV之我不要爱我要麦,1,2,49,local,name,1863.1,0,quota,local,
2024,hangzhou,北京工业大学,双翼翱翔,1,1,132,,name,770.7,0,band,,
2024,hangzhou,香港城市大学,初心,1,2,89,host|non_mainland,roster,188.0,1,band,,gold
2024,hangzhou,香港城市大学,帰宅部。,1,2,89,host|non_mainland,roster,756.0,0,quota,host,bronze
2024,hangzhou,重庆理工大学,就我们没实力,1,1,68,,name,2260.0,0,band,,
2024,hangzhou,西安电子科技大学,喵亦或鱼,2,2,37,,name,250.2,0,band,,bronze
2024,hangzhou,西安电子科技大学,什么都不会也能参加acm吗,2,2,37,,name,557.8,0,band,,silver
2024,hangzhou,西北大学,越来越好,1,1,67,,name,263.3,0,band,,
2024,hangzhou,北京大学,躺在沙发上变成没知觉的植物沉入泥中蝶泳,2,4,2,wf,name,4.2,1,band,,gold
2024,hangzhou,北京大学,思路打开,2,4,2,wf,name,15.0,1,band,,gold
2024,hangzhou,北京大学,仨人成行,2,4,2,wf,name,57.0,1,quota,wf,gold
2024,hangzhou,北京大学,现充队友太多了！,2,4,2,wf,name,95.0,1,quota,unexplained,gold
2024,hangzhou,复旦大学,学海无涯，回头是岸,2,2,15,,name,43.9,1,band,,gold
2024,hangzhou,复旦大学,杠上林克，队长砍树,2,2,15,,name,191.7,1,band,,gold
2024,hangzhou,武汉科技大学,以上队伍成绩全部无效,1,1,189,,name,1000.8,0,band,,bronze
2024,hangzhou,上海海洋大学,菜鸡的最终幻想,1,1,186,,name,679.0,0,band,,
2024,hangzhou,上海电力大学,一路风光，一路风霜,1,1,154,,name,519.0,0,band,,silver
2024,hangzhou,清华大学,雾里看花,2,2,1,wf,name,4.5,1,band,,gold
2024,hangzhou,清华大学,world. search (you);,2,2,1,wf,name,27.0,1,band,,gold
2024,hangzhou,福建师范大学,最有希望的一集,1,1,72,,name,391.6,0,band,,bronze
2024,hangzhou,武汉工程大学,青青子衿，悠悠我心,0,1,200,,name,676.9,0,quota,unexplained,silver
2024,hangzhou,丽水学院,银钥之门,0,1,395,local,name,1490.7,0,quota,local,
2024,hangzhou,金华职业技术大学,金职1队,0,1,,local,none,,0,quota,local,
2024,hangzhou,天津仁爱学院,miku DAD,1,1,164,,roster,1946.7,0,band,,
2024,hangzhou,东北大学秦皇岛分校,趁他们睡觉偷偷训一题,2,2,57,,roster,791.1,0,band,,silver
2024,hangzhou,东北大学秦皇岛分校,阿尔法,2,2,57,,none,,0,band,,
2024,hangzhou,大连大学,我们队有人延毕才有了这次机会最后一舞,0,1,199,,roster,500.0,0,quota,unexplained,bronze
2024,hangzhou,湖南科技大学,求求给个昆明牌牌和白毛萝莉吧我们什么都可以做的,1,1,137,,roster,381.0,0,band,,bronze
2024,hangzhou,宁波职业技术学院,你不能拿我们和那些本科队伍比,0,1,212,local,name,682.0,0,quota,local,bronze
2024,hangzhou,华东交通大学,乱搞一下就对了,1,1,184,,name,523.7,0,band,,bronze
2024,hangzhou,香港理工大学,Ad Astra Abyssosque,1,1,43,host|non_mainland,roster,656.0,0,band,,
2024,hangzhou,武汉纺织大学,别质疑我们了好吗好的乖摸摸头,1,1,174,,name,555.1,0,band,,bronze
2024,hangzhou,江苏科技大学,粉毛大香蕉,1,1,143,,name,528.2,0,band,,bronze
2024,hangzhou,重庆邮电大学,蓝桥杯梦之队,1,2,70,,roster,601.2,0,band,,bronze
2024,hangzhou,重庆邮电大学,在ACM校赛中被大一oi爷暴虐的大二蒟蒻能打xcpc吗?,1,2,70,,name,796.0,0,quota,unexplained,
2024,hangzhou,惠州学院,重生之道,0,1,207,,name,1506.1,0,quota,unexplained,
2024,hangzhou,湖南大学,凌空摘星,1,1,180,wf,roster,881.3,0,band,,
2024,hangzhou,莆田学院,口胡金牌题,0,1,207,,name,645.9,0,quota,unexplained,bronze
2024,hangzhou,华中科技大学,武汉希区柯克亲手操办邹知秋退役仪式,2,3,9,wf,roster,18.0,1,band,,gold
2024,hangzhou,华中科技大学,和平讨论不带节奏,2,3,9,wf,roster,71.0,1,band,,gold
2024,hangzhou,华中科技大学,懒大王,2,3,9,wf,name,416.0,0,quota,wf,bronze
2024,hangzhou,浙江警官职业学院,打火匣之队,0,1,394,local,roster,1474.0,0,quota,local,
2024,hangzhou,上海交通大学,电光火石的前奏,2,2,5,wf,name,92.3,0,band,,silver
2024,hangzhou,上海交通大学,夏日影,2,2,5,wf,name,146.5,1,band,,gold
2024,hangzhou,青岛大学,风浪越大题越队,0,1,250,,name,972.9,0,quota,unexplained,bronze
2024,hangzhou,江西理工大学南昌校区,三只菜狗的算竞梦,0,1,218,,roster,631.0,0,quota,unexplained,
2024,hangzhou,安徽农业大学,关于我的队长4级323这件事,0,1,321,,roster,1117.8,0,quota,unexplained,bronze
2024,hangzhou,中国地质大学（武汉）,白色基地,1,1,140,,roster,1256.0,0,band,,bronze
2024,hangzhou,华东理工大学,原来的队名太难听了所以先把这个队名填上去,1,1,150,,roster,412.6,0,band,,silver
2024,hangzhou,山东大学（威海）,fas de fanci,1,1,92,,roster,346.0,0,band,,silver
2024,hangzhou,鲁东大学,银狼,0,1,255,,name,867.6,0,quota,unexplained,bronze
2024,hangzhou,西南财经大学,狼狼狼,1,1,129,,roster,860.7,0,band,,bronze
2024,hangzhou,成都理工大学,二仙桥AP的救赎,0,1,198,,roster,1032.9,0,quota,unexplained,
2024,hangzhou,广州大学,i * i = -1,1,1,75,,name,213.6,0,band,,silver
2024,hangzhou,上海理工大学,我我我我我我,2,2,74,,roster,360.4,0,band,,silver
2024,hangzhou,上海理工大学,ICPC杭州简直就是一个乙游大世界！,2,2,74,,roster,412.9,0,band,,silver
2024,hangzhou,济南大学,樱之重生,0,1,266,,none,,0,quota,unexplained,bronze
2024,hangzhou,安徽工业大学,积极向上，到处睡觉,0,1,216,,none,,0,quota,unexplained,
2024,hangzhou,辽宁大学,三位一体,0,1,226,,name,1218.0,0,quota,unexplained,bronze
2024,hangzhou,湘潭大学,夜曲,2,2,58,,name,293.8,0,band,,silver
2024,hangzhou,湘潭大学,训练两年半，何日上绿名,2,2,58,,name,372.0,0,band,,bronze
2024,hangzhou,新疆大学,我有一个AC梦,1,2,109,,name,996.8,0,band,,bronze
2024,hangzhou,新疆大学,请你给个牌子，我什么都可以做,1,2,109,,roster,1078.1,0,quota,unexplained,bronze
2024,hangzhou,武汉商学院,考研择校考察队,0,1,219,,roster,1755.0,0,quota,unexplained,
2024,hangzhou,河南理工大学,橙子往昔,1,1,161,,name,568.1,0,band,,bronze
2024,hangzhou,华中农业大学,残差连接,1,1,169,,roster,629.0,0,band,,bronze
2024,hangzhou,兰州大学,自信，沉着，冷静。,1,1,106,,none,,0,band,,silver
2024,hangzhou,重庆大学,签不来到怎么办吧,1,1,94,,name,947.7,0,band,,
2024,hangzhou,山西大学,阿尔吉侬,1,1,167,,roster,458.1,0,band,,
2024,hangzhou,西南大学,AutoC++,1,1,85,,name,653.4,1,band,,gold
2024,hangzhou,厦门大学,传奇援桌骑士0x0d00,1,1,31,,none,,0,band,,bronze
2024,hangzhou,上海科技大学,三唐大闹 icpc,1,1,90,,roster,523.0,0,band,,
2024,hangzhou,浙江中医药大学,重生之我是原神高手,0,1,240,local,name,1436.0,0,quota,local,
2024,hangzhou,长安大学,菜狗要带可达鸭去西湖游泳,1,1,172,,none,,0,band,,
2024,hangzhou,河南农业大学,幼稚原,1,1,163,,roster,999.7,0,band,,
2024,hangzhou,西北农林科技大学,老九农,1,1,159,,name,1393.6,0,band,,
2024,hangzhou,信息工程大学,物之不齐，物之情也,0,1,191,,name,1671.6,0,quota,unexplained,
2024,hangzhou,中南民族大学,玛卡巴卡和它的秘密花园,0,1,244,,name,1079.0,0,quota,unexplained,bronze
2024,hangzhou,齐鲁工业大学,艰难依然坚持,0,2,283,,roster,1134.0,0,quota,unexplained,
2024,hangzhou,齐鲁工业大学,原始人，起洞！,0,2,283,,name,1159.6,0,quota,unexplained,bronze
2024,hangzhou,浙江万里学院,Wonder of U,1,2,99,local,roster,1276.5,0,band,,
2024,hangzhou,浙江万里学院,Poetry of The Day After,1,2,99,local,roster,1559.0,0,quota,local,
2024,hangzhou,中央民族大学,低语的月亮,0,1,338,,name,1127.0,0,quota,unexplained,
2024,hangzhou,中国海洋大学,铁逝二度,1,1,126,,roster,1305.0,0,band,,
2024,hangzhou,北京林业大学,一码归一码,1,1,83,,name,900.6,0,band,,
2024,hangzhou,阜阳师范大学,锐笔速写,1,1,157,,name,1125.8,0,band,,
2024,hangzhou,江西理工大学,初始之音，响彻未来,1,1,142,,roster,441.9,0,band,,bronze
2024,hangzhou,北京师范大学-香港浸会大学联合国际学院,你的择路人,1,1,173,non_mainland,name,1381.9,0,band,,
2024,hangzhou,香港科技大学,Oops,1,1,91,non_mainland,name,1780.4,0,band,,
2024,hangzhou,广西大学,与星尘的握手,1,1,95,,name,516.2,0,band,,bronze
2024,hangzhou,广东培正学院,找不到队友,1,1,183,,name,743.6,0,band,,
2024,hangzhou,山东理工大学,清纯白毛小萝莉,1,1,130,,name,515.5,0,band,,bronze
2024,hangzhou,浙江工业职业技术学院,我们只要敲代码就可以了，可是测评机要考虑的事情就多了,0,1,352,local,roster,1470.3,0,quota,local,bronze
2024,hangzhou,东南大学,西西弗斯,1,1,42,,name,104.3,0,band,,bronze
2024,hangzhou,河南大学,狗不理包子,1,1,141,,name,381.0,0,band,,bronze
2024,kunming,上海科技大学,眼见为实,1,1,90,,roster,226.0,0,band,,silver
2024,kunming,华南师范大学,一路向南,1,1,96,,name,593.9,0,band,,bronze
2024,kunming,中国石油大学（北京）,哪里有石油哪里就是我的家,1,1,152,,name,391.6,0,band,,bronze
2024,kunming,北京邮电大学,堂吉诃德,2,2,6,,name,268.2,0,band,,silver
2024,kunming,北京邮电大学,来吧走起,2,2,6,,roster,303.6,0,band,,
2024,kunming,中山大学,中山大学_开拓之尾,2,4,7,wf,name,67.2,1,band,,gold
2024,kunming,中山大学,中山大学_红温之旅,2,4,7,wf,roster,119.4,1,band,,gold
2024,kunming,中山大学,中山大学_古希腊掌管罚时的神,2,4,7,wf,name,181.3,0,quota,wf,bronze
2024,kunming,中山大学,中山大学_题解的做法都,2,4,7,wf,name,398.7,0,quota,unexplained,
2024,kunming,兰州理工大学,吴彦组,0,1,399,,name,1710.2,0,quota,unexplained,
2024,kunming,汉口学院,炽烈燃烧,0,1,392,invitational,roster,1612.0,0,quota,invitational,bronze
2024,kunming,浙江工业大学,今亦求金,2,3,25,,name,126.5,0,band,,silver
2024,kunming,浙江工业大学,choke豁免检定大成功,2,3,25,,name,188.7,0,band,,silver
2024,kunming,浙江工业大学,蒋哥是队长,2,3,25,,none,,0,quota,unexplained,silver
2024,kunming,中国科学技术大学,前社长想公费旅游于是被两位巨佬带飞,2,4,18,host|wf|invitational,name,40.4,1,band,,gold
2024,kunming,中国科学技术大学,中科大少女班代表队,2,4,18,host|wf|invitational,roster,72.1,1,band,,gold
2024,kunming,中国科学技术大学,苕玩点原神,2,4,18,host|wf|invitational,name,155.9,0,quota,host,bronze
2024,kunming,中国科学技术大学,烧烤队列,2,4,18,host|wf|invitational,name,185.0,0,quota,host,silver
2024,kunming,济南大学,当我启程前往伊萨卡,0,1,266,,roster,1423.1,0,quota,unexplained,bronze
2024,kunming,北京信息科技大学,你猜金城厚不厚,1,1,136,,name,448.2,0,band,,bronze
2024,kunming,中国矿业大学,菌子火锅,1,1,118,,roster,428.2,0,band,,
2024,kunming,杭州师范大学,春天的草莓和夏天的啤酒花,1,4,105,host|invitational,name,320.7,0,band,,
2024,kunming,杭州师范大学,再想想特判？,1,4,105,host|invitational,name,510.0,0,quota,host,bronze
2024,kunming,杭州师范大学,凵丄山丄凵,1,4,105,host|invitational,roster,549.2,0,quota,host,silver
2024,kunming,杭州师范大学,一隅之梦,1,4,105,host|invitational,name,577.0,0,quota,invitational,silver
2024,kunming,西南民族大学,永远都像初次见你那样，使我心荡漾,1,2,170,invitational,name,597.5,0,band,,bronze
2024,kunming,西南民族大学,归于宁静,1,2,170,invitational,roster,877.3,0,quota,invitational,
2024,kunming,同济大学,本来挺喜欢ACM的,2,3,51,invitational,name,133.3,0,band,,silver
2024,kunming,同济大学,登神长阶,2,3,51,invitational,name,169.0,0,band,,silver
2024,kunming,同济大学,仙银,2,3,51,invitational,name,175.8,1,quota,invitational,gold
2024,kunming,广东工业大学,三句号,2,3,19,,name,455.7,0,band,,bronze
2024,kunming,广东工业大学,我们已经很努力想队名了,2,3,19,,name,524.5,0,band,,bronze
2024,kunming,广东工业大学,我想拿牌子,2,3,19,,name,1032.7,0,quota,unexplained,
2024,kunming,宁波工程学院,喜欢发奶龙的小朋友们你们好啊,0,1,302,invitational,roster,975.7,0,quota,invitational,bronze
2024,kunming,北京交通大学,白夜追风,2,2,32,wf,name,195.8,0,band,,silver
2024,kunming,北京交通大学,世纪难题,2,2,32,wf,name,371.8,0,band,,bronze
2024,kunming,信息工程大学,花生可,0,1,191,,name,603.5,0,quota,unexplained,
2024,kunming,常熟理工学院,不按常理出牌,0,1,273,invitational,roster,1252.4,0,quota,invitational,
2024,kunming,东南大学,西西弗斯,2,2,42,,name,104.3,0,band,,silver
2024,kunming,东南大学,事已至此，先吃饭吧,2,2,42,,roster,494.0,0,band,,silver
2024,kunming,河海大学常州校区,不定积分,1,1,131,invitational,name,443.2,0,band,,bronze
2024,kunming,电子科技大学,UESTC_十斤鸭梨,2,4,22,wf|invitational,name,61.1,0,band,,silver
2024,kunming,电子科技大学,UESTC_雪色光晕,2,4,22,wf|invitational,name,133.7,0,band,,silver
2024,kunming,电子科技大学,UESTC_xxx,2,4,22,wf|invitational,name,187.2,1,quota,wf,gold
2024,kunming,电子科技大学,UESTC_老东西,2,4,22,wf|invitational,name,377.5,0,quota,invitational,silver
2024,kunming,福建理工大学,猿农舟,1,1,101,,name,255.8,0,band,,silver
2024,kunming,南昌航空大学,最后一一一一一一一一一一一舞,0,1,195,,roster,634.9,0,quota,unexplained,
2024,kunming,湖南警察学院,在远大三路独自哭泣无人安慰还好有算竞陪我,0,1,323,invitational,name,1121.1,0,quota,invitational,
2024,kunming,西安邮电大学,158罚时无悔银斗士,0,2,211,invitational,roster,961.9,0,quota,invitational,bronze
2024,kunming,西安邮电大学,事已至此，先吃饭吧,0,2,211,invitational,none,,0,quota,unexplained,
2024,kunming,吉林大学,砖打林鸡,2,3,23,invitational,name,120.3,0,band,,silver
2024,kunming,吉林大学,東雲端,2,3,23,invitational,name,156.3,1,band,,gold
2024,kunming,吉林大学,结构化查询语言,2,3,23,invitational,name,223.4,0,quota,invitational,bronze
2024,kunming,西北大学,越来越好,1,3,67,invitational,name,263.3,0,band,,silver
2024,kunming,西北大学,偶遇公务员强如怪物，拼尽全力无法战胜,1,3,67,invitational,none,,0,quota,invitational,bronze
2024,kunming,西北大学,乘风远航,1,3,67,invitational,none,,0,quota,unexplained,bronze
2024,kunming,上海大学,队名有五字,2,4,52,host,roster,251.8,0,band,,silver
2024,kunming,上海大学,献给xcpc的一年之诗,2,4,52,host,roster,496.3,1,band,,gold
2024,kunming,上海大学,类人Malou,2,4,52,host,roster,576.0,0,quota,host,silver
2024,kunming,上海大学,清醒后才发现这是XCPC,2,4,52,host,roster,808.2,0,quota,host,bronze
2024,kunming,浙江中医药大学,重生之我是原神高手,0,1,240,,name,1436.0,0,quota,unexplained,bronze
2024,kunming,绍兴文理学院,狮心享受者·朝廷大司马·阿瞒有我良计吧,0,1,241,,roster,751.8,0,quota,unexplained,
2024,kunming,南京航空航天大学,DML,2,4,29,host|invitational,name,281.2,0,band,,bronze
2024,kunming,南京航空航天大学,黄转绿,2,4,29,host|invitational,name,360.2,0,band,,bronze
2024,kunming,南京航空航天大学,南航猫猫头（队长十年单身换区域赛铜牌版）,2,4,29,host|invitational,name,663.4,0,quota,host,bronze
2024,kunming,南京航空航天大学,铜牌锅贴,2,4,29,host|invitational,name,714.6,0,quota,host,bronze
2024,kunming,杭州电子科技大学,杭电一队,2,4,4,wf,roster,8.0,1,band,,gold
2024,kunming,杭州电子科技大学,杭电4队,2,4,4,wf,name,307.0,0,band,,bronze
2024,kunming,杭州电子科技大学,杭电七队,2,4,4,wf,roster,968.1,0,quota,wf,silver
2024,kunming,杭州电子科技大学,杭电15队,2,4,4,wf,none,,0,quota,unexplained,silver
2024,kunming,泉州信息工程学院,把WA看作A,0,1,451,,roster,2021.0,0,quota,unexplained,
2024,kunming,湖南工业大学,不知道,0,1,193,,name,997.5,0,quota,unexplained,
2024,kunming,中国石油大学（北京）克拉玛依校区,三个绿名,0,1,217,,roster,1130.0,0,quota,unexplained,
2024,kunming,长春理工大学,你会 DP 吗?,0,2,190,invitational,roster,1586.0,0,quota,invitational,
2024,kunming,长春理工大学,学弟带我飞,0,2,190,invitational,none,,0,quota,unexplained,bronze
2024,kunming,重庆城市科技学院,彳亍,0,1,368,,name,1481.6,0,quota,unexplained,
2024,kunming,南阳理工学院,无敌噼里啪啦,0,1,223,invitational,roster,743.9,0,quota,invitational,
2024,kunming,成都锦城学院,樱花泪,0,1,181,invitational,name,587.7,0,quota,invitational,
2024,kunming,沈阳理工大学,你好,0,1,188,invitational,none,,0,quota,invitational,
2024,kunming,怀化学院,教练我想走文化,0,2,300,invitational,name,957.0,0,quota,invitational,bronze
2024,kunming,怀化学院,蛋糕是个谎言,0,2,300,invitational,roster,1526.0,0,quota,unexplained,
2024,kunming,厦门理工学院,理工路600号,1,2,151,invitational,name,395.0,0,band,,bronze
2024,kunming,厦门理工学院,山水木,1,2,151,invitational,name,1286.0,0,quota,invitational,
2024,kunming,香港中文大學,少年的拼勁,2,4,44,wf|non_mainland,roster,107.1,1,band,,gold
2024,kunming,香港中文大學,放學後飲茶時間,2,4,44,wf|non_mainland,name,798.0,0,band,,silver
2024,kunming,香港中文大學,簽到失敗,2,4,44,wf|non_mainland,none,,0,quota,wf,silver
2024,kunming,香港中文大學,會ac的,2,4,44,wf|non_mainland,none,,0,quota,non_mainland,bronze
2024,kunming,昭通学院,零剑,0,2,470,,name,2110.0,0,quota,unexplained,
2024,kunming,昭通学院,昭昭和肖肖带着陈陈来见世面,0,2,470,,roster,2385.0,0,quota,unexplained,
2024,kunming,华东师范大学,行则将至,1,2,63,,name,269.1,0,band,,
2024,kunming,华东师范大学,中北墨麒麟,1,2,63,,name,915.8,0,quota,unexplained,
2024,kunming,桂林电子科技大学,能不能给我一个牌子，我真是练习到不行,0,1,357,,roster,1482.0,0,quota,unexplained,
2024,kunming,新疆大学,我有一个AC梦,1,2,109,invitational,name,996.8,0,band,,
2024,kunming,新疆大学,月映塞外,1,2,109,invitational,none,,0,quota,invitational,silver
2024,kunming,香港科技大学,Oops,1,1,91,non_mainland,name,1780.4,0,band,,
2024,kunming,福建农林大学,凌云,0,1,261,,name,803.3,0,quota,unexplained,bronze
2024,kunming,台州学院,队名起什么,1,1,176,,name,1008.7,0,band,,silver
2024,kunming,厦门大学嘉庚学院,AveMujica,0,1,319,invitational,name,1056.5,0,quota,invitational,
2024,kunming,四川轻化工大学,天天向上,0,1,,,none,,0,quota,unexplained,
2024,kunming,嘉应学院,治愈ACM致郁我的AC梦,1,1,177,,name,616.1,0,band,,
2024,kunming,天津工业大学,为什么天工不报销？,1,1,148,,name,876.6,0,band,,
2024,kunming,浙大宁波理工学院,猫猫队睡大觉,1,1,138,,roster,660.2,0,band,,bronze
2024,kunming,东北大学,NEU_飞禽走兽,2,4,50,host|wf|invitational,name,122.3,0,band,,silver
2024,kunming,东北大学,东北大学_12块银牌能不能换一块金牌,2,4,50,host|wf|invitational,roster,233.2,0,band,,silver
2024,kunming,东北大学,东北大学_不再掩饰,2,4,50,host|wf|invitational,name,290.8,0,quota,host,
2024,kunming,东北大学,东北大学_哈德曼的妖怪少女,2,4,50,host|wf|invitational,roster,768.5,0,quota,host,
2024,kunming,郑州轻工业大学,最近公共祖先,1,1,162,,name,530.2,0,band,,bronze
2024,kunming,南方科技大学,南方科技大学-奥斯陆,2,3,11,wf,name,51.0,1,band,,gold
2024,kunming,南方科技大学,南方科技大学-皮尔森,2,3,11,wf,roster,158.7,1,band,,gold
2024,kunming,南方科技大学,南方科技大学-伊赫拉瓦,2,3,11,wf,name,182.4,0,quota,wf,silver
2024,kunming,华南理工大学,打xcpc不喊我,2,2,36,,name,133.8,0,band,,silver
2024,kunming,华南理工大学,Fast Fast TLE,2,2,36,,name,177.7,0,band,,bronze
2024,kunming,东北大学秦皇岛分校,灵感大王，限时返场,2,2,57,,roster,258.6,0,band,,bronze
2024,kunming,东北大学秦皇岛分校,静态规划,2,2,57,,none,,0,band,,
2024,kunming,香港城市大学,城大三日游,1,2,89,host|non_mainland,none,,0,band,,bronze
2024,kunming,香港城市大学,答案过了,1,2,89,host|non_mainland,none,,0,quota,host,
2024,kunming,河南师范大学,宝宝有小情绪了,0,1,227,,name,1599.0,0,quota,unexplained,bronze
2024,kunming,四川大学,在线光速幂,2,4,17,invitational,name,199.7,0,band,,silver
2024,kunming,四川大学,拼图,2,4,17,invitational,name,325.7,0,band,,silver
2024,kunming,四川大学,猫狗鱼,2,4,17,invitational,name,819.1,0,quota,invitational,bronze
2024,kunming,四川大学,灵感满溢的程序创想,2,4,17,invitational,name,886.3,0,quota,unexplained,bronze
2024,kunming,中北大学,无损压缩,0,1,296,,roster,871.0,0,quota,unexplained,
2024,kunming,中国矿业大学（北京）,打游戏不如开把CF,1,2,155,invitational,roster,869.4,0,band,,bronze
2024,kunming,中国矿业大学（北京）,云淡风清,1,2,155,invitational,name,980.0,0,quota,invitational,bronze
2024,kunming,成都大学,都市狂少,0,2,272,invitational,name,868.3,0,quota,invitational,bronze
2024,kunming,成都大学,爱你老妈，明天见,0,2,272,invitational,name,1675.0,0,quota,unexplained,
2024,kunming,广西大学,这一发，贯穿星辰,1,2,95,,name,417.0,0,band,,bronze
2024,kunming,广西大学,憧憬成为原神高手,1,2,95,,name,719.7,0,quota,unexplained,
2024,kunming,重庆文理学院,败犬acmer太多了（,0,1,390,,roster,1613.9,0,quota,unexplained,
2024,kunming,哈尔滨理工大学,哈理工01队KM,1,2,120,invitational,roster,512.5,0,band,,bronze
2024,kunming,哈尔滨理工大学,哈理工11队KM,1,2,120,invitational,roster,567.1,0,quota,invitational,silver
2024,kunming,东北师范大学,重生成为虾头太刀侠在星露谷钓生命鲈鱼,0,1,222,,roster,1134.0,0,quota,unexplained,
2024,kunming,山东大学,SDU-TCS,2,4,26,wf|invitational,name,139.3,0,band,,silver
2024,kunming,山东大学,电话微波炉（暂定）,2,4,26,wf|invitational,name,203.4,1,band,,gold
2024,kunming,山东大学,芝士队名,2,4,26,wf|invitational,name,454.1,0,quota,wf,bronze
2024,kunming,山东大学,海鸥灭火器,2,4,26,wf|invitational,none,,0,quota,invitational,silver
2024,kunming,电子科技大学中山学院,澄净闪耀,1,2,175,invitational,roster,566.0,0,band,,bronze
2024,kunming,电子科技大学中山学院,马拉车拉马,1,2,175,invitational,roster,840.9,0,quota,invitational,
2024,kunming,香港中文大学（深圳）,DROP_TABLE_TEAM,2,3,20,wf|non_mainland,name,823.6,0,band,,bronze
2024,kunming,香港中文大学（深圳）,学勤同盟国,2,3,20,wf|non_mainland,name,1380.8,0,band,,
2024,kunming,香港中文大学（深圳）,坏了队,2,3,20,wf|non_mainland,none,,1,quota,wf,gold
2024,kunming,江苏科技大学,菈妮的锋刃,1,1,143,,name,1479.6,0,band,,
2024,kunming,浙江农林大学,在赛场上被遥控也是play的一环吗,1,1,149,,name,446.6,0,band,,bronze
2024,kunming,青岛农业大学,打完这场再训练,0,1,308,,roster,1020.0,0,quota,unexplained,
2024,kunming,重庆大学,WA的速度是每秒五十次,1,3,94,invitational,name,241.8,0,band,,silver
2024,kunming,重庆大学,不考计算几何就摆烂,1,3,94,invitational,name,305.8,0,quota,invitational,bronze
2024,kunming,重庆大学,《再写dp我吃》,1,3,94,invitational,roster,600.3,0,quota,unexplained,
2024,kunming,浙江大学,WF 在逃三人团,2,4,3,wf,name,22.5,1,band,,gold
2024,kunming,浙江大学,十发罚时,2,4,3,wf,name,35.3,1,band,,gold
2024,kunming,浙江大学,幻想風靡,2,4,3,wf,name,51.6,1,quota,wf,gold
2024,kunming,浙江大学,又活一天,2,4,3,wf,name,61.7,1,quota,unexplained,gold
2024,kunming,广州大学,六兆TLEと一WA物語,1,2,75,invitational,name,479.6,0,band,,bronze
2024,kunming,广州大学,管好你的输入流,1,2,75,invitational,name,1254.5,0,quota,invitational,
2024,kunming,河南大学,風,1,2,141,invitational,roster,854.0,0,band,,bronze
2024,kunming,河南大学,让风告诉你,1,2,141,invitational,name,902.4,0,quota,invitational,
2024,kunming,北京林业大学,上林花似锦,1,1,83,,name,219.1,0,band,,silver
2024,kunming,烟台大学,否定,0,1,221,,roster,1002.3,0,quota,unexplained,
2024,kunming,上海理工大学,ICPC昆明简直就是一个乙游大世界！,1,2,74,,roster,412.9,0,band,,silver
2024,kunming,上海理工大学,千音迭奏 群星赋格,1,2,74,,name,1117.9,0,quota,unexplained,
2024,kunming,江西师范大学,完蛋！我被原P包围了！,0,2,196,invitational,name,602.1,0,quota,invitational,
2024,kunming,江西师范大学,蚌麻乐典孝急,0,2,196,invitational,name,847.6,0,quota,unexplained,bronze
2024,kunming,哈尔滨工业大学（威海）,哦不对不队,2,3,59,,name,168.1,0,band,,silver
2024,kunming,哈尔滨工业大学（威海）,一路顺風,2,3,59,,roster,530.6,0,band,,bronze
2024,kunming,哈尔滨工业大学（威海）,啊对对队,2,3,59,,name,613.8,0,quota,unexplained,
2024,kunming,宁波大学,泥巴动物园,1,2,135,invitational,name,356.0,0,band,,silver
2024,kunming,宁波大学,啃键盘,1,2,135,invitational,none,,0,quota,invitational,
2024,kunming,武汉工程大学,青青子衿，悠悠我心,0,2,200,invitational,name,676.9,0,quota,invitational,
2024,kunming,武汉工程大学,她说我们之间没有结果，但我明明输出了ans,0,2,200,invitational,name,878.5,0,quota,unexplained,bronze
2024,kunming,国防科技大学,青铜时代号,2,3,33,wf,name,101.3,0,band,,silver
2024,kunming,国防科技大学,蓝色空间号,2,3,33,wf,roster,810.7,0,band,,silver
2024,kunming,国防科技大学,锦鲤,2,3,33,wf,name,1180.9,0,quota,wf,
2024,kunming,上海电力大学,一路风光，一路风霜,1,2,154,invitational,name,519.0,0,band,,
2024,kunming,上海电力大学,取消思维流同步,1,2,154,invitational,roster,1948.0,0,quota,invitational,
2024,kunming,湖南农业大学,狗go狗go狗狗go,0,1,275,invitational,roster,1021.3,0,quota,invitational,
2024,kunming,重庆工程学院,"算法女神Nanani,我们喜欢你",0,1,209,invitational,roster,686.9,0,quota,invitational,
2024,kunming,西北农林科技大学,不会起名,1,1,159,,roster,1365.8,0,band,,
2024,kunming,浙江师范大学,再seeyou就得鱼鱼症了,2,3,56,wf,roster,276.0,0,band,,silver
2024,kunming,浙江师范大学,分秒易逝，V我5时,2,3,56,wf,name,314.5,0,band,,silver
2024,kunming,浙江师范大学,五金店,2,3,56,wf,name,419.5,0,quota,wf,bronze
2024,kunming,华东理工大学,原来的队名太难听了所以先把这个队名填上去,1,1,150,,roster,412.6,0,band,,bronze
2024,kunming,南京邮电大学,菠萝好吃,1,3,81,wf|invitational,roster,214.1,0,band,,silver
2024,kunming,南京邮电大学,这不是梦！,1,3,81,wf|invitational,roster,326.4,0,quota,wf,silver
2024,kunming,南京邮电大学,南京Hero久竞,1,3,81,wf|invitational,roster,589.9,0,quota,invitational,bronze
2024,kunming,海南大学,重生在最南端211的我自费打XCPC欠下高利贷导致队友因为吃不起饭面黄肌瘦只能悲惨打铁,1,2,153,invitational,roster,473.9,0,band,,bronze
2024,kunming,海南大学,洗澡不跳舞等于没洗,1,2,153,invitational,roster,1558.6,0,quota,invitational,bronze
2024,kunming,湖南师范大学,我太想成功了,2,2,30,,roster,127.3,0,band,,silver
2024,kunming,湖南师范大学,你要来一杯旺仔爷爷吗,2,2,30,,roster,499.0,0,band,,bronze
2024,kunming,重庆邮电大学,会A吗？会A的！,1,3,70,invitational,name,612.4,0,band,,bronze
2024,kunming,重庆邮电大学,在ACM校赛中被大一oi爷暴虐的大二蒟蒻能打xcpc吗?,1,3,70,invitational,name,796.0,0,quota,invitational,
2024,kunming,重庆邮电大学,这下不能再嘻嘻了,1,3,70,invitational,roster,1030.8,0,quota,unexplained,
2024,kunming,中国地质大学（北京）,谁赢不是赢！,1,1,127,,roster,324.0,0,band,,bronze
2024,kunming,湖南文理学院,五小时战神,1,1,179,,roster,667.9,0,band,,bronze
2024,kunming,湖北经济学院,来神了,0,1,426,,name,1849.9,0,quota,unexplained,
2024,kunming,阜阳师范大学,年轻人不要老熬夜,1,1,157,,name,1408.9,0,band,,
2024,kunming,香港理工大学,兄弟，理好香,2,2,43,host|non_mainland,name,74.0,0,band,,bronze
2024,kunming,香港理工大学,Bug Busters,2,2,43,host|non_mainland,none,,0,band,,bronze
2024,kunming,中国石油大学（华东）,中石大1988,1,1,147,,name,1559.9,0,band,,
2024,kunming,东华大学,不可视境界线,1,1,122,,name,328.0,1,band,,gold
2024,kunming,汉江师范学院,十堰武当山,0,1,386,invitational,name,1486.1,0,quota,invitational,
2024,kunming,湘潭大学,海之霸,2,2,58,,name,122.8,1,band,,gold
2024,kunming,湘潭大学,horizon,2,2,58,,name,516.7,0,band,,bronze
2024,kunming,成都东软学院,不敢想象没有clion的算法竞赛我该如何拼写全排列函数,0,2,278,invitational,roster,864.7,0,quota,invitational,bronze
2024,kunming,成都东软学院,一切皆有可能,0,2,278,invitational,name,1443.5,0,quota,unexplained,
2024,kunming,重庆移通学院,WAngelion,0,1,192,invitational,roster,629.6,0,quota,invitational,
2024,kunming,江西理工大学,初始之音，响彻未来,1,1,142,,roster,441.9,0,band,,silver
2024,kunming,哈尔滨工业大学,蓬莱人形,2,3,16,wf,name,31.0,1,band,,gold
2024,kunming,哈尔滨工业大学,碧天伴行,2,3,16,wf,name,71.4,0,band,,silver
2024,kunming,哈尔滨工业大学,w4p3r Black-fan Club,2,3,16,wf,name,224.2,1,quota,wf,gold
2024,kunming,浙大城市学院,夏日青空,1,2,65,invitational,name,569.4,0,band,,
2024,kunming,浙大城市学院,红魔乡第一爆炎法王,1,2,65,invitational,name,1536.9,0,quota,invitational,
2024,kunming,昆明理工大学,苟得弗死,0,3,245,invitational,name,715.4,0,quota,invitational,
2024,kunming,昆明理工大学,梯子，扔掉,0,3,245,invitational,roster,1488.0,0,quota,unexplained,
2024,kunming,昆明理工大学,天命,0,3,245,invitational,none,,0,quota,unexplained,
2024,kunming,西华大学,夏日限定的告白,0,1,336,invitational,name,1105.0,0,quota,invitational,
2024,kunming,南京信息工程大学,北风沧海群山恸,2,2,54,,roster,225.5,0,band,,silver
2024,kunming,南京信息工程大学,CF灰名也有打铁梦,2,2,54,,name,791.0,0,band,,bronze
2024,kunming,南京理工大学,你怎么知道我在南京站直播抽到了袋鼠,2,2,38,,roster,130.5,1,band,,gold
2024,kunming,南京理工大学,猫猫头想吃鱼,2,2,38,,name,407.0,0,band,,bronze
2024,kunming,惠州学院,出关的小白,0,1,207,,name,856.3,0,quota,unexplained,silver
2024,kunming,江西农业大学,领航者,1,2,123,invitational,name,385.6,0,band,,
2024,kunming,江西农业大学,我这辈子就是被acm给害了,1,2,123,invitational,roster,932.0,0,quota,invitational,
2024,kunming,北京化工大学,洛杉矶奶奶队,1,1,80,,roster,195.0,0,band,,bronze
2024,kunming,National University of Mongolia,NUM_DES,0,1,,non_mainland,none,,0,quota,non_mainland,
2024,kunming,大连海事大学,绿气球杀手,1,2,121,invitational,roster,495.0,0,band,,bronze
2024,kunming,大连海事大学,如果多A一道题她会多看我一眼吗,1,2,121,invitational,none,,0,quota,invitational,
2024,kunming,西南科技大学,贡嘎雪山,1,2,170,invitational,roster,493.5,0,band,,
2024,kunming,西南科技大学,今天也想见到你,1,2,170,invitational,name,688.0,0,quota,invitational,
2024,kunming,华中师范大学,何处相思明月楼,1,2,69,invitational,roster,152.7,0,band,,silver
2024,kunming,华中师范大学,败犬acmer太多了,1,2,69,invitational,roster,557.4,0,quota,invitational,silver
2024,kunming,上海交通大学,只支持修改，不支持查询,2,4,5,wf|invitational,name,66.4,1,band,,gold
2024,kunming,上海交通大学,奇迹师歌队,2,4,5,wf|invitational,name,104.1,0,band,,silver
2024,kunming,上海交通大学,影色舞,2,4,5,wf|invitational,name,146.0,0,quota,wf,silver
2024,kunming,上海交通大学,复活者联盟,2,4,5,wf|invitational,name,204.2,0,quota,invitational,bronze
2024,kunming,湖北工业大学,长生,0,1,258,invitational,name,814.5,0,quota,invitational,
2024,kunming,太原理工大学,会赢的,1,2,158,invitational,name,1506.8,0,band,,
2024,kunming,太原理工大学,提交而不检查正确性,1,2,158,invitational,roster,2030.0,0,quota,invitational,
2024,kunming,南开大学,难开题开题难,2,2,34,,name,167.6,1,band,,gold
2024,kunming,南开大学,期末上机等评测何尝不是一种大比队,2,2,34,,name,642.1,0,band,,bronze
2024,kunming,温州大学,温大二队,1,2,62,,roster,1129.7,0,band,,
2024,kunming,温州大学,七彩阳光,1,2,62,,roster,1634.1,0,quota,unexplained,bronze
2024,kunming,武汉大学,蜜蜂俱乐部,2,4,8,invitational,roster,24.4,1,band,,gold
2024,kunming,武汉大学,终末旅行,2,4,8,invitational,name,268.3,0,band,,bronze
2024,kunming,武汉大学,请问您今天要来点蘑菇吗？,2,4,8,invitational,roster,800.4,0,quota,invitational,bronze
2024,kunming,武汉大学,依存症,2,4,8,invitational,roster,1003.6,0,quota,unexplained,bronze
2024,kunming,深圳大学,Twilight Illusion,1,2,77,,name,219.2,0,band,,silver
2024,kunming,深圳大学,不要找我打什么黑吗喽我要学算法打比赛OK?,1,2,77,,name,363.5,0,quota,unexplained,bronze
2024,kunming,云南财经大学,梦,0,1,,,none,,0,quota,unexplained,
2024,kunming,湖南理工学院,教练我想拿牌,1,2,125,invitational,name,1005.0,0,band,,
2024,kunming,湖南理工学院,蚕食清风,1,2,125,invitational,none,,0,quota,invitational,
2024,kunming,延安大学西安创新学院,BY.小羊驼,0,1,281,,roster,1177.3,0,quota,unexplained,
2024,kunming,成都信息工程大学,帝企鹅,1,3,108,invitational,name,299.3,0,band,,silver
2024,kunming,成都信息工程大学,可我始终不及你的冰冷,1,3,108,invitational,name,604.0,0,quota,invitational,bronze
2024,kunming,成都信息工程大学,打算法竞赛也会遇见16岁天才美少女吗,1,3,108,invitational,name,1059.3,0,quota,unexplained,bronze
2024,kunming,武汉理工大学,曼波哈基米大战贤者三异鸟,1,3,86,wf|invitational,name,300.6,0,band,,silver
2024,kunming,武汉理工大学,*幻想乡旅行团,1,3,86,wf|invitational,name,362.7,0,quota,wf,bronze
2024,kunming,武汉理工大学,机械降神,1,3,86,wf|invitational,roster,367.0,1,quota,invitational,gold
2024,kunming,长沙学院,冲冲冲,1,2,119,invitational,name,320.6,0,band,,bronze
2024,kunming,长沙学院,三只小丑想拿牌,1,2,119,invitational,name,1159.5,0,quota,invitational,
2024,kunming,宁夏理工学院,真寻教,0,1,419,,name,1729.0,0,quota,unexplained,
2024,kunming,中国计量大学,队里三个陈那cf一定也是三个橙吧,1,1,128,,roster,402.3,0,band,,silver
2024,kunming,北京航空航天大学,菌子突袭,2,3,10,wf,roster,88.3,0,band,,silver
2024,kunming,北京航空航天大学,盟誓的文艺复兴,2,3,10,wf,roster,102.4,0,band,,silver
2024,kunming,北京航空航天大学,吃好喝好,2,3,10,wf,roster,120.4,0,quota,wf,silver
2024,kunming,中国地质大学（武汉）,六神,1,2,140,invitational,name,1027.5,0,band,,
2024,kunming,中国地质大学（武汉）,折磨评测机,1,2,140,invitational,name,1253.7,0,quota,invitational,
2024,kunming,南京大学,平流层,2,3,12,wf,name,55.5,1,band,,gold
2024,kunming,南京大学,手气王定的,2,3,12,wf,name,84.9,1,band,,gold
2024,kunming,南京大学,屋旁的青草,2,3,12,wf,name,976.3,0,quota,wf,silver
2024,kunming,重庆科技大学,吃了蘑菇就置换,0,1,340,,roster,1083.0,0,quota,unexplained,
2024,kunming,福建师范大学,杰尼龟生日快乐,1,1,72,,roster,187.8,0,band,,silver
2024,kunming,乐山师范学院,漫云征途,0,2,280,invitational,name,871.0,0,quota,invitational,bronze
2024,kunming,乐山师范学院,那再想想,0,2,280,invitational,roster,1578.6,0,quota,unexplained,
2024,kunming,中南林业科技大学,最后一舞,0,1,325,,roster,966.0,0,quota,unexplained,
2024,kunming,浙江财经大学,鼠鼠会梦到压缩毛米做功吗,1,2,113,invitational,roster,296.0,0,band,,bronze
2024,kunming,浙江财经大学,一路向北,1,2,113,invitational,name,523.0,0,quota,invitational,
2024,kunming,河海大学,我的acm铁牌物语果然有问题,2,3,55,,name,249.4,0,band,,silver
2024,kunming,河海大学,25时、在XCPC打铁,2,3,55,,roster,794.5,0,band,,bronze
2024,kunming,河海大学,想在xcpc用helix写rust,2,3,55,,roster,846.4,0,quota,unexplained,
2024,kunming,西南交通大学,胆小菇之梦,1,3,66,invitational,roster,537.0,0,band,,
2024,kunming,西南交通大学,脑袋尖尖,1,3,66,invitational,roster,1076.0,0,quota,invitational,
2024,kunming,西南交通大学,冬日影,1,3,66,invitational,none,,0,quota,unexplained,
2024,kunming,苏州大学,明明是我先来的,2,2,45,,roster,124.0,1,band,,gold
2024,kunming,苏州大学,绫地宁宁公主,2,2,45,,roster,773.6,0,band,,bronze
2024,kunming,陕西科技大学,比完就饥荒,0,1,367,,name,1387.2,0,quota,unexplained,
2024,kunming,石河子大学,你知道的，我在云南大学已经发现了青春魔法少女圆神梦到在河石子大学图书馆偷偷……,0,1,,invitational,none,,0,quota,invitational,
2024,kunming,南阳师范学院,悬笔一绝,0,1,215,,name,717.1,0,quota,unexplained,
2024,kunming,西湖大学,鱼米之香,2,2,60,,roster,236.9,0,band,,silver
2024,kunming,西湖大学,天生一队,2,2,60,,roster,283.1,0,band,,silver
2024,kunming,北京理工大学珠海学院,新伙撩沅,1,1,146,,name,645.6,0,band,,bronze
2024,kunming,浙江科技大学,djwcb,1,2,87,invitational,roster,225.9,0,band,,bronze
2024,kunming,浙江科技大学,想在昆明icpc邂逅兔耳acm学妹是不是搞错了什么,1,2,87,invitational,roster,742.0,0,quota,invitational,bronze
2024,kunming,长沙理工大学,Sakura,1,2,124,invitational,name,353.2,0,band,,silver
2024,kunming,长沙理工大学,流萤,1,2,124,invitational,name,380.0,0,quota,invitational,silver
2024,kunming,南通大学,NTU 1,0,1,254,,roster,918.7,0,quota,unexplained,bronze
2024,kunming,齐鲁工业大学,不破楼兰终不还,0,1,283,,none,,0,quota,unexplained,
2024,kunming,暨南大学,想想MJ怎么做,0,1,251,wf,roster,744.3,0,quota,wf,
2024,kunming,福州大学,重返未来,2,3,24,,name,73.5,1,band,,gold
2024,kunming,福州大学,太伟大了哈基米,2,3,24,,roster,561.7,0,band,,bronze
2024,kunming,福州大学,爱上一座城,2,3,24,,roster,617.8,0,quota,unexplained,bronze
2024,kunming,山东理工大学,我每天打ACM也没上瘾啊,1,1,130,,name,788.9,0,band,,
2024,kunming,武汉科技大学,RELX悦刻幻影PRO,0,1,189,,name,501.0,0,quota,unexplained,silver
2024,kunming,西南大学,SWU_Mygo!!!,1,1,85,,roster,1514.7,0,band,,bronze
2024,kunming,南京工业大学,我太想进步了,0,1,224,invitational,name,622.8,0,quota,invitational,bronze
2024,kunming,西安交通大学,天狼星的心脏,2,3,27,wf,name,64.9,0,band,,silver
2024,kunming,西安交通大学,未铭记何谈淡忘,2,3,27,wf,name,150.8,1,band,,gold
2024,kunming,西安交通大学,宇宙将为你闪烁,2,3,27,wf,name,183.4,0,quota,wf,silver
2024,kunming,山东科技大学,柏林号,1,1,134,,name,476.9,0,band,,silver
2024,kunming,华中农业大学,不喜欢暴力的袋鼠哥哥,1,1,169,invitational,name,1116.7,0,band,,
2024,kunming,中南大学,大鸟ZigZigZag,2,3,28,wf,name,217.4,0,band,,bronze
2024,kunming,中南大学,饿饿饿不知道吃什么,2,3,28,wf,roster,353.9,0,band,,bronze
2024,kunming,中南大学,老司机带带我,2,3,28,wf,name,559.5,0,quota,wf,bronze
2024,kunming,北方工业大学,落榜程序员,1,1,117,,roster,304.0,0,band,,bronze
2024,kunming,中国民航大学,编程萌新误入区域赛，偶遇签到强如怪物，拼尽全力AC它!,1,1,76,,roster,618.6,0,band,,
2024,kunming,兰州大学,真没睡,1,2,106,,roster,228.0,0,band,,silver
2024,kunming,兰州大学,自信，沉着，冷静。,1,2,106,,none,,0,quota,unexplained,bronze
2024,kunming,上海海洋大学,会编程到底是什么感觉,0,1,186,,roster,679.0,0,quota,unexplained,
2024,kunming,甘肃农业大学,两条鱼摆摆,0,1,438,,roster,2007.0,0,quota,unexplained,
2024,kunming,天津理工大学,导员说ICPC不如蓝桥杯,1,1,159,,roster,1554.0,0,band,,
2024,kunming,深圳技术大学,SZTU_断了的轨迹,0,1,210,,name,664.0,0,quota,unexplained,
2024,kunming,西南石油大学,拿牌cos奶龙,0,1,301,,roster,927.3,0,quota,unexplained,
2024,kunming,宁夏大学,呃呃呃呃呃呃呃呃呃呃呃呃,1,2,168,invitational,roster,585.8,0,band,,
2024,kunming,宁夏大学,煎饼果子香菇酱,1,2,168,invitational,roster,2158.0,0,quota,invitational,
2024,kunming,厦门大学,暗黑影色舞,2,3,31,invitational,name,456.0,0,band,,silver
2024,kunming,厦门大学,辣味的烧卖,2,3,31,invitational,name,477.0,0,band,,bronze
2024,kunming,厦门大学,传奇援桌骑士0x0d00,2,3,31,invitational,none,,0,quota,invitational,bronze
2024,kunming,西南财经大学,前进！冲击！突破！,1,1,129,,roster,332.0,0,band,,silver
2024,kunming,南京晓庄学院,第一次参加区域赛能给我们一块牌子吗,0,1,387,invitational,roster,1755.0,0,quota,invitational,
2024,kunming,中国科学院大学,原神启动队,2,2,46,,name,452.2,0,band,,silver
2024,kunming,中国科学院大学,不队,2,2,46,,name,1527.0,0,band,,
2024,kunming,香港浸会大学,香港师范大学,2,2,53,non_mainland,name,134.7,0,band,,bronze
2024,kunming,香港浸会大学,天线宝宝,2,2,53,non_mainland,none,,0,band,,
2024,kunming,中国传媒大学,从零开始的acmer生活,1,1,98,,roster,922.2,0,band,,bronze
2024,kunming,上海第二工业大学,粉红毛毛兔,0,1,274,invitational,name,857.0,0,quota,invitational,bronze
2024,kunming,西安工业大学,超级梦之队,0,1,278,,roster,1230.8,0,quota,unexplained,bronze
2024,kunming,合肥大学,候鸟,0,1,185,,name,732.6,0,quota,unexplained,
2024,kunming,浙江工商大学,空花阳焰,1,2,139,invitational,name,438.2,0,band,,bronze
2024,kunming,浙江工商大学,电之光,1,2,139,invitational,name,629.9,0,quota,invitational,
2024,kunming,浙江广厦建设职业技术大学,vivo50,1,1,145,,name,375.0,0,band,,
2024,kunming,南京工程学院,NJIT_14队_我的银狼在哪里？,0,1,214,,roster,1460.0,0,quota,unexplained,
2024,kunming,河南理工大学,橙子往昔,1,1,161,,name,568.1,0,band,,
2024,kunming,东北林业大学,幻想的白色旅人,0,1,229,,roster,1729.0,0,quota,unexplained,
2024,kunming,上海师范大学,O(10086),1,1,116,,none,,0,band,,
2024,kunming,华东交通大学,乱搞一下就对了,0,1,184,,name,523.7,0,quota,unexplained,
2024,kunming,广东工业大学揭阳校区,见手青烤乳扇宣威火腿破酥包宜良烤鸭汽锅鸡,0,1,202,,roster,590.0,0,quota,unexplained,
2024,kunming,清华大学,击中月亮,2,2,1,wf,name,1.0,1,band,,gold
2024,kunming,清华大学,一路向北,2,2,1,wf,none,,1,band,,gold
2024,kunming,广西外国语学院,梦回长安，弥补西安邀请赛的遗憾,0,1,265,invitational,roster,798.1,0,quota,invitational,
2024,kunming,湖南大学,破空之虹,1,2,180,wf,roster,563.6,1,band,,gold
2024,kunming,湖南大学,小酒馆常客,1,2,180,wf,name,1226.5,0,quota,wf,
2024,kunming,江西财经大学,她还爱我对不队,1,2,104,invitational,roster,398.9,0,band,,bronze
2024,kunming,江西财经大学,彩虹海,1,2,104,invitational,name,735.5,0,quota,invitational,bronze
2024,kunming,广东金融学院,尼得代码像答辩,0,1,238,,roster,649.0,0,quota,unexplained,
2024,kunming,北京大学,随机匹配,2,4,2,wf,name,3.2,1,band,,gold
2024,kunming,北京大学,呜呜呜嘤嘤嘤哇哇哇,2,4,2,wf,name,7.0,1,band,,gold
2024,kunming,北京大学,思路打开,2,4,2,wf,name,15.0,1,quota,wf,gold
2024,kunming,北京大学,请在此处输入您的队名,2,4,2,wf,name,40.0,1,quota,unexplained,gold
2024,kunming,浙江理工大学,浙理不队,1,2,61,invitational,name,354.3,0,band,,bronze
2024,kunming,浙江理工大学,小喷菇懒得喷,1,2,61,invitational,name,546.7,0,quota,invitational,
2024,kunming,哈尔滨工程大学,随风飘游于阳炎热浪,1,1,97,,name,513.9,0,band,,
2024,kunming,郑州大学,你不笑，我笑,1,1,73,,name,960.6,0,band,,
2024,kunming,中国海洋大学,递归师傅,1,1,126,,name,1285.1,0,band,,
2024,kunming,西北工业大学,小甜甜,2,4,34,wf|invitational,name,261.4,0,band,,bronze
2024,kunming,西北工业大学,憧憬成为算法少女,2,4,34,wf|invitational,name,418.0,0,band,,bronze
2024,kunming,西北工业大学,#N/A,2,4,34,wf|invitational,name,533.0,0,quota,wf,silver
2024,kunming,西北工业大学,D.D.D.,2,4,34,wf|invitational,none,,0,quota,invitational,silver
2024,kunming,山东大学（威海）,不可回收垃圾,1,1,92,,name,624.0,0,band,,
2024,kunming,湖南工学院,=188+182,0,1,291,,name,932.5,0,quota,unexplained,
2024,kunming,大连理工大学,点铁成金,1,2,93,invitational,roster,561.9,0,band,,silver
2024,kunming,大连理工大学,理性蒸发,1,2,93,invitational,roster,603.3,0,quota,invitational,
2024,kunming,北京工业大学,超长待机,1,1,132,,name,299.0,0,band,,bronze
2024,kunming,合肥工业大学,报名tv之教练手感特大两次忘记缴费报名导致天天做早操队成功坠桌,0,1,,,none,,0,quota,unexplained,
2024,kunming,天津大学,锐刻没有电,2,3,47,wf,name,96.6,0,band,,bronze
2024,kunming,天津大学,这还是蟹堡王么,2,3,47,wf,name,497.7,0,band,,silver
2024,kunming,天津大学,狼王-亚索-司命,2,3,47,wf,name,1242.4,0,quota,wf,bronze
2024,kunming,广州华商学院,ACM弱校不会梦见ICPC奖牌,0,1,434,,roster,1988.9,0,quota,unexplained,
2024,kunming,哈尔滨工业大学（深圳）,猫猫不会数数,2,2,14,,name,33.9,1,band,,gold
2024,kunming,哈尔滨工业大学（深圳）,正在联系教练退赛,2,2,14,,roster,218.1,0,band,,silver
2024,kunming,山西大学,败犬Acmer太多了,1,1,167,invitational,roster,458.1,0,band,,bronze
2024,kunming,山东师范大学,多压力队友才会有好成绩,1,1,107,,roster,347.5,0,band,,bronze
2024,kunming,河南农业大学,一口菌子一块牌,1,1,163,,roster,770.0,0,band,,
2024,kunming,北京建筑大学,南京站打铜了。,1,1,110,,roster,283.0,0,band,,
2024,kunming,武汉纺织大学,因为太怕爆零就全交暴力了,1,1,174,,name,845.0,0,band,,
2024,kunming,西安科技大学,嘿！你醒啦，你现在是女孩子啦！,0,1,303,,roster,978.9,0,quota,unexplained,
2024,kunming,贵州大学,给你三次机会推倒我,1,2,144,invitational,roster,372.0,1,band,,gold
2024,kunming,贵州大学,单驱三轮车,1,2,144,invitational,none,,0,quota,invitational,
2024,kunming,复旦大学,关注 Hydro 谢谢喵,2,2,15,,name,45.8,1,band,,gold
2024,kunming,复旦大学,怎么表达都可以,2,2,15,,name,88.9,0,band,,silver
2024,kunming,内江师范学院,三只蒟蒻,0,1,474,,name,2206.0,0,quota,unexplained,
2024,kunming,北京师范大学,芒果狗,1,1,78,,none,,0,band,,silver
2024,kunming,北京科技大学,我再试试,1,1,102,,name,247.0,0,band,,bronze
2024,kunming,西安电子科技大学,水产王,2,3,37,invitational,name,258.4,0,band,,silver
2024,kunming,西安电子科技大学,什么都不会也能参加acm吗,2,3,37,invitational,name,557.8,0,band,,bronze
2024,kunming,西安电子科技大学,三分之二去零点,2,3,37,invitational,name,962.0,1,quota,invitational,gold
2024,kunming,湖南科技大学,求求给个兵马俑观光机会和白毛萝莉吧我们什么都可以做的,1,2,137,invitational,roster,381.0,0,band,,
2024,kunming,湖南科技大学,万万大宝贝,1,2,137,invitational,name,492.8,0,quota,invitational,bronze
2024,kunming,西安理工大学,庄周梦韩,1,2,133,invitational,name,1247.0,0,band,,
2024,kunming,西安理工大学,珂朵莉,1,2,133,invitational,roster,1682.0,0,quota,invitational,
2024,kunming,浙江万里学院,天人,1,2,99,invitational,roster,487.5,0,band,,silver
2024,kunming,浙江万里学院,Made in Heaven,1,2,99,invitational,roster,1276.5,0,quota,invitational,
2024,kunming,华中科技大学,银麻了,2,4,9,wf|invitational,roster,72.8,1,band,,gold
2024,kunming,华中科技大学,一如既往相信你的注册中心,2,4,9,wf|invitational,name,301.9,0,band,,silver
2024,kunming,华中科技大学,五个月了不会喝果冻,2,4,9,wf|invitational,name,351.4,0,quota,wf,bronze
2024,kunming,华中科技大学,键盘、孤独与苦来兮苦,2,4,9,wf|invitational,roster,452.5,0,quota,invitational,bronze
2024,kunming,四川农业大学,塞伊格亚,0,1,299,,name,2170.0,0,quota,unexplained,
2024,kunming,长安大学,暴力与打表之神，请赐予我随机数过题的力量，阿门,1,2,172,,name,645.5,0,band,,
2024,kunming,长安大学,躺一下就能队,1,2,172,,roster,1582.0,0,quota,unexplained,
2024,kunming,广西科技大学,这是一场豪赌,0,1,365,,name,1370.0,0,quota,unexplained,
2024,kunming,贵州民族大学,群星依旧,0,1,401,invitational,roster,1526.0,0,quota,invitational,
2024,kunming,长春工业大学,见手青不比半熟豆角差,0,1,397,,roster,2057.0,0,quota,unexplained,
2024,kunming,广东技术师范大学,爱莉希雅世界第一可爱,0,1,228,,roster,1205.2,0,quota,unexplained,bronze
2024,kunming,齐齐哈尔大学,齐大是齐齐哈尔最好的大学，张雪峰都敢这么说,0,1,364,,name,1380.3,0,quota,unexplained,
2024,kunming,南昌大学,雪月花,0,1,182,invitational,name,570.9,0,quota,invitational,bronze
2024,kunming,天津仁爱学院,梦幻小丑,1,1,164,,name,665.1,0,band,,bronze
2024,kunming,重庆理工大学,乱,1,2,68,invitational,name,212.5,0,band,,bronze
2024,kunming,重庆理工大学,这一发贯穿星辰,1,2,68,invitational,roster,1265.3,0,quota,invitational,
2024,kunming,集美大学,我想同你永望黄昏,1,1,88,,name,483.5,0,band,,bronze
2024,kunming,河南工业大学,just enjoy it,0,1,213,,roster,1894.7,0,quota,unexplained,
2024,kunming,香港科技大学（广州）,ZJJ是赵家杰,2,2,41,non_mainland,name,151.2,0,band,,silver
2024,kunming,香港科技大学（广州）,汪汪汪,2,2,41,non_mainland,roster,487.9,0,band,,bronze
2024,kunming,吉首大学,深海猫猫头,0,1,233,invitational,roster,829.0,0,quota,invitational,bronze
2024,kunming,成都理工大学,还在整薯条的摸鱼队！,0,2,198,invitational,roster,976.9,0,quota,invitational,
2024,kunming,成都理工大学,二仙桥AP的救赎,0,2,198,invitational,roster,1032.9,0,quota,unexplained,
2024,kunming,华南农业大学,打完成都站教练让我们换个队名,1,1,115,,roster,337.5,0,band,,bronze
2024,kunming,北京师范大学香港浸会大学联合国际学院,爆炒见手青,1,1,173,non_mainland,roster,1045.9,0,band,,
2024,kunming,山东财经大学,CF上分计划·向ICPC发起最后冲锋,1,1,177,,none,,0,band,,
2024,kunming,贵州师范大学,榜单上移三厘米，优势在我。,0,1,425,,roster,1796.0,0,quota,unexplained,
2024,kunming,四川师范大学,就算是中二病也要谈恋爱,0,1,230,,name,769.9,0,quota,unexplained,
2024,kunming,南京农业大学,那年春，除却AC不是真,0,1,312,invitational,name,1414.8,0,quota,invitational,
2024,kunming,桂林信息科技学院,不会二分,0,1,465,,roster,2273.0,0,quota,unexplained,
2024,kunming,东华理工大学,球球啦，我只想拿牌牌报销销,0,1,353,,roster,1426.0,0,quota,unexplained,bronze
2024,kunming,陕西师范大学,NO ICPC NO LIFE: 编程人生,0,1,252,,name,1260.0,0,quota,unexplained,bronze
2024,kunming,江苏大学,扫一遍就过了,1,1,82,,roster,188.8,1,band,,gold
2024,kunming,安徽大学,嗷呜嘎嘎,1,2,112,invitational,name,441.2,0,band,,
2024,kunming,安徽大学,还真没有能够令人AC的隐藏指令,1,2,112,invitational,roster,1015.8,0,quota,invitational,bronze
2024,kunming,佛山大学,追梦人,0,1,431,,roster,1817.4,0,quota,unexplained,
2024,kunming,阿坝师范学院,火攻,0,1,231,invitational,name,677.8,0,quota,invitational,
2024,kunming,中南民族大学,家里铃仙想要吃牌子所以来打奖牌,0,1,244,,roster,1378.1,0,quota,unexplained,
2024,kunming,梧州学院,队友只要过题就好了，而我要考虑的事情就很多了,0,1,440,,roster,1966.2,0,quota,unexplained,
2024,kunming,江西理工大学南昌校区,三只菜狗的算竞梦,0,1,218,,roster,631.0,0,quota,unexplained,silver
2024,kunming,烟台科技学院,对什么队,0,1,360,invitational,roster,1600.1,0,quota,invitational,
2024,kunming,湖南科技学院,样例过了真就A,0,1,373,,roster,1986.4,0,quota,unexplained,
2024,kunming,安徽理工大学,我这一生如履薄冰，你说我能AC这题吗,1,1,111,,none,,0,band,,
2024,kunming,青岛理工大学,无垠序曲,1,1,83,,name,375.8,0,band,,bronze
2024,kunming,龙岩学院,小甜妹不想难铜,0,1,313,invitational,roster,1154.0,0,quota,invitational,
2024,kunming,上海财经大学,申耶冲击,1,1,64,,roster,148.6,0,band,,bronze
2024,kunming,合肥工业大学宣城校区,All Fires the Fire,0,1,232,,roster,726.0,0,quota,unexplained,
2024,kunming,广西师范大学,哦吼吼吼吼吼,0,1,346,,roster,1174.5,0,quota,unexplained,bronze
2024,kunming,吉利学院,吉利太美,0,1,356,,name,1283.3,0,quota,unexplained,
2024,kunming,韶关学院,码农转生~到了区域赛就拿出真本事,0,1,371,,roster,1485.8,0,quota,unexplained,bronze
2024,nanjing,泰州学院,对对对,0,1,450,local,roster,2065.5,0,quota,local,
2024,nanjing,河海大学,我的acm铁牌物语果然有问题,1,4,55,local,name,249.4,0,band,,bronze
2024,nanjing,河海大学,理塘王吃满0721次罚时后原神启动了,1,4,55,local,name,779.8,0,quota,local,
2024,nanjing,河海大学,25时、在XCPC打铁,1,4,55,local,roster,794.5,0,quota,unexplained,bronze
2024,nanjing,河海大学,824赛博霍金肘击电子东雪莲0721次,1,4,55,local,roster,899.7,0,quota,unexplained,
2024,nanjing,宁波大学,Nullpo?Ga!,1,2,135,,name,606.0,0,band,,
2024,nanjing,宁波大学,三人小队,1,2,135,,name,726.2,0,quota,unexplained,silver
2024,nanjing,北京大学,欠了学校999度电,2,4,2,wf,name,4.0,1,band,,gold
2024,nanjing,北京大学,躺在沙发上变成没知觉的植物沉入泥中蝶泳,2,4,2,wf,name,4.2,1,band,,gold
2024,nanjing,北京大学,Lumina,2,4,2,wf,name,14.0,1,quota,wf,gold
2024,nanjing,北京大学,飞舞队,2,4,2,wf,name,20.0,1,quota,unexplained,gold
2024,nanjing,南京理工大学,猫猫头想吃鱼,2,4,38,local,name,407.0,0,band,,bronze
2024,nanjing,南京理工大学,太空猫猫头,2,4,38,local,name,407.0,0,band,,bronze
2024,nanjing,南京理工大学,彩虹猫猫头,2,4,38,local,name,812.0,0,quota,local,bronze
2024,nanjing,南京理工大学,八奈猫猫头,2,4,38,local,none,,0,quota,unexplained,
2024,nanjing,江西师范大学,蚌麻乐典孝急,0,1,196,,name,847.6,0,quota,unexplained,
2024,nanjing,华南理工大学,五小时对于三个acmer来说还是太短了,2,3,36,,roster,109.8,0,band,,silver
2024,nanjing,华南理工大学,《与主更近》,2,3,36,,name,316.0,0,band,,silver
2024,nanjing,华南理工大学,洛杉矶糊人,2,3,36,,name,335.2,0,quota,unexplained,bronze
2024,nanjing,重庆大学,WA的速度是每秒五十次,2,2,94,,name,241.8,0,band,,bronze
2024,nanjing,重庆大学,从大三开始打铁的XCPC生活,2,2,94,,name,600.3,0,band,,
2024,nanjing,中国科学技术大学,随机化,2,4,18,host|wf,name,66.7,0,band,,silver
2024,nanjing,中国科学技术大学,我...从来没觉得打比赛能AC过,2,4,18,host|wf,name,394.6,0,band,,bronze
2024,nanjing,中国科学技术大学,Team114514 ,2,4,18,host|wf,name,448.4,0,quota,host,
2024,nanjing,中国科学技术大学,丝路市西套村代表队,2,4,18,host|wf,none,,1,quota,host,gold
2024,nanjing,中国农业大学,沙威玛传奇,0,1,317,,roster,1518.5,0,quota,unexplained,bronze
2024,nanjing,浙江师范大学,主C没来,2,4,56,wf,name,143.7,0,band,,bronze
2024,nanjing,浙江师范大学,五金店,2,4,56,wf,name,419.5,0,band,,bronze
2024,nanjing,浙江师范大学,未命名1.cpp,2,4,56,wf,name,622.0,0,quota,wf,silver
2024,nanjing,浙江师范大学,唐宋元每个都沾,2,4,56,wf,name,1202.2,0,quota,unexplained,
2024,nanjing,南京信息工程大学,我都可以,1,3,54,local,roster,427.3,0,band,,bronze
2024,nanjing,南京信息工程大学,随机做题,1,3,54,local,roster,1015.8,0,quota,local,bronze
2024,nanjing,南京信息工程大学,Accept做得到吗,1,3,54,local,name,1175.7,0,quota,unexplained,
2024,nanjing,武汉理工大学,靠两位大爹带,2,3,86,wf,name,640.9,0,band,,
2024,nanjing,武汉理工大学,空置幻想,2,3,86,wf,roster,681.9,0,band,,
2024,nanjing,武汉理工大学,*打星参赛,2,3,86,wf,name,943.0,0,quota,wf,
2024,nanjing,北京理工大学,大香蕉的感觉不奇妙,2,4,21,wf,name,98.2,0,band,,silver
2024,nanjing,北京理工大学,Penalty这么高它的意思一定是分数吧,2,4,21,wf,name,148.9,1,band,,gold
2024,nanjing,北京理工大学,存在证明的自动机械,2,4,21,wf,roster,284.4,0,quota,wf,bronze
2024,nanjing,北京理工大学,你们可以抽象，但是别太抽象,2,4,21,wf,name,464.4,0,quota,unexplained,
2024,nanjing,华南农业大学,没有空的桌子了,1,1,115,,roster,801.9,0,band,,
2024,nanjing,宿迁学院,我是卖鱼的,0,1,,local,none,,0,quota,local,
2024,nanjing,阜阳师范大学,又双叒叕到了难搞的时候,1,1,157,,name,557.6,0,band,,bronze
2024,nanjing,西南大学,SWU_Mygo,1,1,85,,roster,1514.7,0,band,,bronze
2024,nanjing,湖南大学,无限循环,0,1,180,wf,none,,0,quota,wf,
2024,nanjing,哈尔滨工程大学,有人说亡藜伴白首不如物流部报数那为什么不叫王老板爆杀,1,1,97,,name,252.1,0,band,,silver
2024,nanjing,南京林业大学,25浙软点击就送,0,1,269,local,name,791.2,0,quota,local,
2024,nanjing,南京理工大学泰州科技学院,败犬acmer太多了,0,1,383,local,name,1416.8,0,quota,local,
2024,nanjing,中国矿业大学（北京）,守村人,1,1,155,,roster,950.7,0,band,,silver
2024,nanjing,东北大学秦皇岛分校,鸡鸣湖畔,2,2,57,,name,258.6,0,band,,silver
2024,nanjing,东北大学秦皇岛分校,最澄澈的空与海,2,2,57,,name,293.2,0,band,,silver
2024,nanjing,中国传媒大学,开演,1,2,98,,roster,350.9,0,band,,bronze
2024,nanjing,中国传媒大学,重生帝女之我在定福庄二小附属大学,1,2,98,,name,1080.7,0,quota,unexplained,
2024,nanjing,华中师范大学,败犬acmer太多了,2,2,69,,roster,557.4,0,band,,silver
2024,nanjing,华中师范大学,这里没有乐子,2,2,69,,name,573.1,0,band,,bronze
2024,nanjing,浙江理工大学,浙理不队,1,2,61,,name,354.3,0,band,,silver
2024,nanjing,浙江理工大学,汪汪队不立功,1,2,61,,name,648.1,0,quota,unexplained,bronze
2024,nanjing,常熟理工学院,成为无业游民前的最后一舞,0,1,273,local,roster,871.0,0,quota,local,bronze
2024,nanjing,中国计量大学,队名？猫猫肯定有灵感,1,1,128,,roster,760.2,0,band,,
2024,nanjing,浙江机电职业技术学院,克图格亚,0,1,,,none,,0,quota,unexplained,
2024,nanjing,北京化工大学,你先开的,1,1,80,,roster,552.5,0,band,,silver
2024,nanjing,浙江科技大学,这是你起的名字吗,1,1,87,,name,1455.7,0,band,,bronze
2024,nanjing,西北工业大学,wanna be free ,2,4,34,wf,name,355.5,0,band,,silver
2024,nanjing,西北工业大学,奥恩,2,4,34,wf,name,624.0,0,band,,
2024,nanjing,西北工业大学,牛战士的AK之梦,2,4,34,wf,name,1027.0,0,quota,wf,
2024,nanjing,西北工业大学,别人AC我们WA,2,4,34,wf,name,1700.9,0,quota,unexplained,
2024,nanjing,北京林业大学,皓腕凝霜雪,1,1,83,,name,1023.3,0,band,,
2024,nanjing,北华大学,always wrong answer,0,1,257,,name,943.6,0,quota,unexplained,
2024,nanjing,安阳工学院,让我AC好不好,0,1,261,,roster,1111.2,0,quota,unexplained,
2024,nanjing,大连大学,队里有人玩原神,0,1,199,,roster,500.0,0,quota,unexplained,bronze
2024,nanjing,浙江大学,来生,2,1,3,wf,name,5.7,1,band,,gold
2024,nanjing,哈尔滨工业大学（深圳）,潜水小怪,2,2,14,,name,102.0,0,band,,silver
2024,nanjing,哈尔滨工业大学（深圳）,我在ICPC不响丸辣,2,2,14,,name,1090.1,0,band,,
2024,nanjing,云南大学,YNUER-ICPC,0,1,166,host,name,819.4,0,quota,host,bronze
2024,nanjing,浙江中医药大学,赛博中医,0,1,240,,name,684.0,0,quota,unexplained,
2024,nanjing,南京邮电大学,内鬼猫猫头,2,4,81,wf|local,roster,258.5,1,band,,gold
2024,nanjing,南京邮电大学,一笛清风寻鹤梦,2,4,81,wf|local,roster,656.8,0,band,,
2024,nanjing,南京邮电大学,WA足180发,2,4,81,wf|local,roster,1037.1,0,quota,wf,
2024,nanjing,南京邮电大学,AK的芙莉莲,2,4,81,wf|local,roster,1044.9,0,quota,local,
2024,nanjing,东北大学,NEU_飞禽走兽,2,4,50,host|wf,name,122.3,1,band,,gold
2024,nanjing,东北大学,东北大学_夕阳红小队,2,4,50,host|wf,name,233.2,0,band,,silver
2024,nanjing,东北大学,东北大学_叫什么随便吧,2,4,50,host|wf,roster,531.4,0,quota,host,silver
2024,nanjing,东北大学,编程厨房,2,4,50,host|wf,none,,0,quota,host,
2024,nanjing,浙江万里学院,MikuFans,1,1,99,,name,450.6,0,band,,bronze
2024,nanjing,杭州师范大学,再想想特判？,2,4,105,host,name,510.0,0,band,,
2024,nanjing,杭州师范大学,臣妾要告发孙答应私通,2,4,105,host,name,1124.8,0,band,,
2024,nanjing,杭州师范大学,知识学爆,2,4,105,host,name,1132.5,0,quota,host,bronze
2024,nanjing,杭州师范大学,我想想,2,4,105,host,roster,1645.2,0,quota,host,
2024,nanjing,天津仁爱学院,真心为你,1,1,164,,name,1636.6,0,band,,
2024,nanjing,扬州大学,柚子醋蒸虾头,0,1,295,local,name,1023.4,0,quota,local,bronze
2024,nanjing,山东大学,电话微波炉（暂定）,2,3,26,wf,name,203.4,0,band,,silver
2024,nanjing,山东大学,你有这样高速运转的机械进入软件园,2,3,26,wf,name,414.1,0,band,,
2024,nanjing,山东大学,芝士队名,2,3,26,wf,name,454.1,0,quota,wf,silver
2024,nanjing,复旦大学,以键盘的音色世界鸣响,2,2,15,,name,89.9,0,band,,silver
2024,nanjing,复旦大学,杠上林克，队长砍树,2,2,15,,name,191.7,1,band,,gold
2024,nanjing,中南大学,新建文件夹,2,2,28,wf,roster,1155.4,0,band,,
2024,nanjing,中南大学,塞尔达真好玩,2,2,28,wf,none,,0,band,,bronze
2024,nanjing,同济大学,星辰之音,2,2,51,,name,228.3,0,band,,silver
2024,nanjing,同济大学,于离别之朝束起约定之花,2,2,51,,name,232.4,0,band,,silver
2024,nanjing,南京工程学院,NJIT_13队_未闻狼名,0,1,214,local,roster,673.4,0,quota,local,
2024,nanjing,湘潭大学,夜曲,2,3,58,,name,293.8,0,band,,bronze
2024,nanjing,湘潭大学,horizon,2,3,58,,name,516.7,0,band,,bronze
2024,nanjing,湘潭大学,码喽也有大圣梦,2,3,58,,name,806.7,0,quota,unexplained,bronze
2024,nanjing,集美大学,夏日重现,1,1,88,,name,388.0,0,band,,silver
2024,nanjing,杭州电子科技大学,杭电2队,2,4,4,wf,name,62.0,1,band,,gold
2024,nanjing,杭州电子科技大学,杭电5队,2,4,4,wf,name,203.0,0,band,,silver
2024,nanjing,杭州电子科技大学,杭电6队,2,4,4,wf,name,386.0,0,quota,wf,
2024,nanjing,杭州电子科技大学,杭电11队,2,4,4,wf,name,476.0,0,quota,unexplained,
2024,nanjing,齐鲁工业大学,还没到六点，早安你个头,0,2,283,,roster,1409.5,0,quota,unexplained,bronze
2024,nanjing,齐鲁工业大学,负重越野,0,2,283,,name,1433.2,0,quota,unexplained,
2024,nanjing,上海大学,类人Malou,2,4,52,host,roster,576.0,0,band,,silver
2024,nanjing,上海大学,我将，扭转万象,2,4,52,host,name,834.3,0,band,,silver
2024,nanjing,上海大学,黑代码：悟昂,2,4,52,host,roster,971.6,0,quota,host,
2024,nanjing,上海大学,我来助你！,2,4,52,host,name,1560.6,0,quota,host,
2024,nanjing,杭州电子科技大学信息工程学院,无尽的风之轨迹,1,1,49,,name,443.1,1,band,,gold
2024,nanjing,中国科学院大学,啥,2,2,46,,name,426.2,0,band,,silver
2024,nanjing,中国科学院大学,加州大学早八分校,2,2,46,,name,517.0,0,band,,bronze
2024,nanjing,湖南理工学院,打个表先,1,1,125,,name,946.5,0,band,,
2024,nanjing,中国人民大学,字节无虞,2,2,40,,name,189.5,0,band,,silver
2024,nanjing,中国人民大学,智算先锋,2,2,40,,roster,1014.1,0,band,,bronze
2024,nanjing,北京邮电大学,摩可彭塔斯,2,4,6,,name,16.5,1,band,,gold
2024,nanjing,北京邮电大学,堂吉诃德,2,4,6,,name,268.2,1,band,,gold
2024,nanjing,北京邮电大学,帮帮我，评测机老爷爷！,2,4,6,,name,308.0,0,quota,unexplained,silver
2024,nanjing,北京邮电大学,[AI]GPT4o,2,4,6,,name,384.9,0,quota,unexplained,silver
2024,nanjing,南京邮电大学通达学院,最好的结局,0,1,277,local,roster,868.0,0,quota,local,
2024,nanjing,中山大学,中山大学_破晓之旅,2,3,7,wf,name,49.9,1,band,,gold
2024,nanjing,中山大学,中山大学_2333er,2,3,7,wf,name,117.7,1,band,,gold
2024,nanjing,中山大学,中山大学_队,2,3,7,wf,name,356.6,0,quota,wf,bronze
2024,nanjing,南开大学,对他使用dijkstra吧,2,2,34,,roster,194.9,0,band,,
2024,nanjing,南开大学,退休养老,2,2,34,,name,328.9,0,band,,
2024,nanjing,北京建筑大学,只刷某扣,1,1,110,,name,509.0,0,band,,bronze
2024,nanjing,温州大学,温大二十一队,1,2,62,,roster,1335.5,0,band,,
2024,nanjing,温州大学,温大二十二队,1,2,62,,roster,1634.1,0,quota,unexplained,
2024,nanjing,天津大学,T_T,1,2,47,wf,roster,976.0,0,band,,
2024,nanjing,天津大学,老玩家回归,1,2,47,wf,none,,0,quota,wf,silver
2024,nanjing,北京航空航天大学,踩着华尔兹的猫,2,3,10,wf,roster,102.4,1,band,,gold
2024,nanjing,北京航空航天大学,逆转光路的fumo,2,3,10,wf,roster,309.5,0,band,,bronze
2024,nanjing,北京航空航天大学,不拿金牌不报销,2,3,10,wf,none,,0,quota,wf,bronze
2024,nanjing,深圳技术大学,SZTU_断了的轨迹,0,1,210,,name,664.0,0,quota,unexplained,silver
2024,nanjing,青岛大学,月色回音,0,1,250,,name,927.9,0,quota,unexplained,silver
2024,nanjing,江苏大学,扫一遍就过了,1,2,82,local,roster,188.8,0,band,,bronze
2024,nanjing,江苏大学,铁牌也是牌,1,2,82,local,name,1023.3,0,quota,local,
2024,nanjing,广州大学,六兆TLEと一WA物語,1,1,75,,name,479.6,0,band,,bronze
2024,nanjing,昆山杜克大学,沙威玛转acm,1,1,103,,roster,223.0,0,band,,silver
2024,nanjing,江西财经大学,彩虹海,1,1,104,,name,735.5,0,band,,
2024,nanjing,华中农业大学,卡题的时候在干什么？有想法吗？可以AC吗？,0,1,169,,name,444.0,0,quota,unexplained,
2024,nanjing,重庆邮电大学,能不能交一次就对,1,2,70,,roster,1030.8,0,band,,
2024,nanjing,重庆邮电大学,撒卡班龙鱼,1,2,70,,name,1091.8,0,quota,unexplained,
2024,nanjing,盐城工学院,挑战者,0,1,420,local,roster,2119.3,0,quota,local,
2024,nanjing,南京师范大学,你这个人，满脑子都是AC呢,0,1,253,local,roster,1022.0,0,quota,local,
2024,nanjing,湖南工业大学,断桥下听雨落,0,1,193,,roster,583.3,0,quota,unexplained,bronze
2024,nanjing,南京农业大学,没有人比我更懂AC,0,1,312,local,name,1197.5,0,quota,local,bronze
2024,nanjing,南京工业大学,我太想进步了,0,1,224,local,name,622.8,0,quota,local,bronze
2024,nanjing,东北林业大学,战术AC系统上线,0,1,229,,name,1221.0,0,quota,unexplained,
2024,nanjing,山西大学,睡教信徒,0,1,167,,none,,0,quota,unexplained,
2024,nanjing,南京大学,随家仓,2,4,12,wf|local,name,153.7,1,band,,gold
2024,nanjing,南京大学,该名称已被占用,2,4,12,wf|local,name,182.5,0,band,,silver
2024,nanjing,南京大学,不敢苟铜,2,4,12,wf|local,name,248.7,0,quota,wf,silver
2024,nanjing,南京大学,广告位招租,2,4,12,wf|local,name,368.0,0,quota,local,bronze
2024,nanjing,东南大学,事已至此，先吃饭吧,1,3,42,local,roster,494.0,0,band,,silver
2024,nanjing,东南大学,汪汪队,1,3,42,local,name,536.0,0,quota,local,
2024,nanjing,东南大学,不休独舞,1,3,42,local,none,,0,quota,unexplained,silver
2024,nanjing,南通大学,纷乱头脑,0,1,254,local,none,,0,quota,local,bronze
2024,nanjing,常州大学,三个绿名,0,1,285,local,name,1125.9,0,quota,local,bronze
2024,nanjing,东华大学,陈晓剑舞,2,2,122,,name,277.0,0,band,,bronze
2024,nanjing,东华大学,最小瓶颈路,2,2,122,,roster,399.0,0,band,,bronze
2024,nanjing,浙大宁波理工学院,猫猫队睡大觉,1,1,138,,roster,660.2,0,band,,bronze
2024,nanjing,广东工业大学,jump！！！！,2,3,19,,name,32.4,1,band,,gold
2024,nanjing,广东工业大学,演奏春日影,2,3,19,,name,126.7,1,band,,gold
2024,nanjing,广东工业大学,紫罗兰永恒花园,2,3,19,,name,1417.4,0,quota,unexplained,
2024,nanjing,厦门理工学院,猪猪图拨号,1,1,151,,roster,395.0,0,band,,bronze
2024,nanjing,香港科技大学（广州）,扎古扎古，哥哥连A题都过不掉嘛,2,2,41,non_mainland,roster,83.1,1,band,,gold
2024,nanjing,香港科技大学（广州）,科广汪汪汪,2,2,41,non_mainland,name,487.9,0,band,,
2024,nanjing,湖南城市学院,"晚安,诗音",1,1,114,,name,457.0,0,band,,
2024,nanjing,贵州大学,给你三次机会推倒我,1,1,144,,roster,372.0,0,band,,
2024,nanjing,浙大城市学院,冬雪涟,1,2,65,,name,477.8,0,band,,bronze
2024,nanjing,浙大城市学院,阿库塞尔最强超绝圣剑美少女谢谢你爱丽丝,1,2,65,,roster,746.8,0,quota,unexplained,bronze
2024,nanjing,湖南科技大学,万万大宝贝,1,1,137,,name,492.8,0,band,,bronze
2024,nanjing,合肥大学,甘！文！！崔！！！,0,1,185,,name,767.9,0,quota,unexplained,bronze
2024,nanjing,中国矿业大学,矿兵出击,1,2,118,local,name,1042.3,0,band,,
2024,nanjing,中国矿业大学,发际线和我作对,1,2,118,local,roster,1237.9,0,quota,local,
2024,nanjing,浙江工商大学,倚星折月,1,1,139,,name,681.9,0,band,,bronze
2024,nanjing,西安交通大学,天狼星的心脏,2,3,27,wf,name,64.9,0,band,,bronze
2024,nanjing,西安交通大学,写都写了，交一发吧,2,3,27,wf,name,89.1,0,band,,bronze
2024,nanjing,西安交通大学,事已至此，先派个人睡觉吧,2,3,27,wf,roster,133.7,0,quota,wf,bronze
2024,nanjing,山东大学（威海）,重生之我是明日方舟设计师,1,1,92,,roster,624.0,0,band,,
2024,nanjing,武汉大学,三个人凑不出一个队名,2,3,8,,roster,110.6,0,band,,bronze
2024,nanjing,武汉大学,AAA铁牌代打,2,3,8,,roster,224.0,0,band,,
2024,nanjing,武汉大学,永恒罅隙,2,3,8,,roster,345.2,0,quota,unexplained,silver
2024,nanjing,西南交通大学,公主殿下护卫队,1,1,66,,roster,140.0,0,band,,bronze
2024,nanjing,天津工业大学,你有什么头猪吗？,1,1,148,,name,564.3,0,band,,
2024,nanjing,浙江广厦建设职业技术大学,让队友AC吧，我什么都会做的,1,1,145,,name,1151.6,0,band,,
2024,nanjing,河南理工大学,Byd The Time,1,2,161,,roster,1569.3,0,band,,
2024,nanjing,河南理工大学,心平气和,1,2,161,,roster,2240.0,0,quota,unexplained,
2024,nanjing,上海理工大学,301兆亿的星空,2,2,74,,name,223.2,0,band,,bronze
2024,nanjing,上海理工大学,吃,2,2,74,,roster,360.4,0,band,,bronze
2024,nanjing,香港中文大學,自攻螺絲,1,3,44,wf|non_mainland,roster,232.0,0,band,,silver
2024,nanjing,香港中文大學,放學後飲茶時間,1,3,44,wf|non_mainland,name,798.0,0,quota,wf,bronze
2024,nanjing,香港中文大學,香港電視,1,3,44,wf|non_mainland,none,,0,quota,non_mainland,
2024,nanjing,北京师范大学,苹果狗,2,2,78,,name,203.6,0,band,,silver
2024,nanjing,北京师范大学,帅到师妹失眠狗,2,2,78,,roster,823.1,0,band,,
2024,nanjing,天津理工大学,天理兴，冰冰王！,1,1,159,,roster,1420.2,0,band,,
2024,nanjing,内蒙古大学,铁匠,0,1,247,,name,838.3,0,quota,unexplained,
2024,nanjing,福建理工大学,AC：从Debug到Accept开始的XCPC生活,1,1,101,,roster,1318.1,0,band,,bronze
2024,nanjing,吉林大学,砖打林鸡,2,2,23,,name,120.3,0,band,,bronze
2024,nanjing,吉林大学,划船全靠浪,2,2,23,,name,530.0,0,band,,silver
2024,nanjing,电子科技大学,UESTC_雪色光晕,2,4,22,wf,name,133.7,1,band,,gold
2024,nanjing,电子科技大学,诶多诶多呐呐呐,2,4,22,wf,roster,182.1,1,band,,gold
2024,nanjing,电子科技大学,UESTC_正在验证您是否是真人,2,4,22,wf,name,283.9,0,quota,wf,bronze
2024,nanjing,电子科技大学,UESTC_等下掉线一会,2,4,22,wf,none,,0,quota,unexplained,silver
2024,nanjing,中国石油大学（华东）,中石大2021,1,2,147,,name,758.1,0,band,,
2024,nanjing,中国石油大学（华东）,中石大1969,1,2,147,,name,1142.7,0,quota,unexplained,
2024,nanjing,中国民航大学,四渡赤水,1,2,76,,roster,225.8,0,band,,silver
2024,nanjing,中国民航大学,ACMer的奇妙外卡物语,1,2,76,,roster,618.6,0,quota,unexplained,bronze
2024,nanjing,华中科技大学,点子哥，救救我,2,4,9,wf,roster,61.0,1,band,,gold
2024,nanjing,华中科技大学,和平讨论不带节奏,2,4,9,wf,roster,71.0,0,band,,silver
2024,nanjing,华中科技大学,长夜杯空,2,4,9,wf,name,89.3,0,quota,wf,bronze
2024,nanjing,华中科技大学,诗羽 花花 Corinth,2,4,9,wf,name,373.0,0,quota,unexplained,
2024,nanjing,西湖大学,天生一队,2,2,60,,roster,283.1,0,band,,bronze
2024,nanjing,西湖大学,轰炸机数学学院,2,2,60,,name,487.3,0,band,,silver
2024,nanjing,华侨大学,河出伏流,0,1,238,,name,1119.2,0,quota,unexplained,
2024,nanjing,西南财经大学,贴上SWUFE，大显神威,1,1,129,,none,,0,band,,
2024,nanjing,海南大学,半个南极人,1,1,153,,roster,1558.6,0,band,,
2024,nanjing,哈尔滨工业大学（威海）,寒冰屏障,2,3,59,,roster,526.9,0,band,,
2024,nanjing,哈尔滨工业大学（威海）,一路顺風,2,3,59,,roster,530.6,0,band,,
2024,nanjing,哈尔滨工业大学（威海）,神秘客,2,3,59,,roster,538.5,0,quota,unexplained,bronze
2024,nanjing,新疆大学,花开城南,1,2,109,,name,753.4,0,band,,bronze
2024,nanjing,新疆大学,奇迹与你,1,2,109,,name,1206.0,0,quota,unexplained,
2024,nanjing,清华大学,缺德鹅子,2,3,1,wf,name,54.3,1,band,,gold
2024,nanjing,清华大学,进行一个象的抽,2,3,1,wf,name,71.0,1,band,,gold
2024,nanjing,清华大学,休闲大队,2,3,1,wf,name,89.0,0,quota,wf,silver
2024,nanjing,桂林电子科技大学,无名之辈,0,1,357,,none,,0,quota,unexplained,bronze
2024,nanjing,华东理工大学,珂朵莉最可爱了,1,1,150,,name,574.5,0,band,,
2024,nanjing,中国海洋大学,错误没有答案,1,1,126,,roster,396.6,0,band,,
2024,nanjing,哈尔滨理工大学,哈理工11队NJ,1,2,120,,roster,338.3,1,band,,gold
2024,nanjing,哈尔滨理工大学,哈理工03-2队NJ,1,2,120,,roster,1155.2,0,quota,unexplained,bronze
2024,nanjing,兰州大学,真没睡,1,1,106,,roster,228.0,0,band,,silver
2024,nanjing,中国石油大学（北京）,荣耀头盔,1,1,152,,roster,990.0,0,band,,bronze
2024,nanjing,郑州大学,历史为什么选择了黄前久美子,1,1,73,,name,363.5,0,band,,bronze
2024,nanjing,长春理工大学,海辰少儿信奥黄老师,0,1,190,,roster,984.0,0,quota,unexplained,bronze
2024,nanjing,郑州轻工业大学,奶龙幼儿园,1,1,162,,roster,768.2,0,band,,bronze
2024,nanjing,香港理工大学,Libo真爱♥粉丝,1,2,43,host|non_mainland,roster,74.0,1,band,,gold
2024,nanjing,香港理工大学,来自原神,1,2,43,host|non_mainland,roster,1010.0,0,quota,host,
2024,nanjing,战略支援部队信息工程大学,肖舔犬,0,1,,,none,,0,quota,unexplained,
2024,nanjing,成都信息工程大学,可我始终不及你的冰冷,1,1,108,,name,604.0,0,band,,silver
2024,nanjing,山东师范大学,零元组,1,1,107,,roster,651.4,0,band,,
2024,nanjing,华东师范大学,至此，一锤定音,2,3,63,,roster,159.4,0,band,,silver
2024,nanjing,华东师范大学,东方 homo 馆,2,3,63,,name,256.0,0,band,,silver
2024,nanjing,华东师范大学,行则将至,2,3,63,,name,269.1,0,quota,unexplained,
2024,nanjing,大连海事大学,黄气球杀手,2,2,121,,roster,495.0,0,band,,silver
2024,nanjing,大连海事大学,慎终如始,2,2,121,,roster,1279.8,0,band,,
2024,nanjing,厦门大学,暗黑影色舞,2,2,31,,name,456.0,0,band,,
2024,nanjing,厦门大学,我是取名困难症,2,2,31,,roster,517.0,0,band,,
2024,nanjing,西安电子科技大学,喵亦或鱼,2,2,37,,name,250.2,1,band,,gold
2024,nanjing,西安电子科技大学,醉里挑灯看键,2,2,37,,name,445.7,0,band,,bronze
2024,nanjing,重庆理工大学,乱,1,1,68,,name,212.5,0,band,,silver
2024,nanjing,长沙理工大学,代码不能从这一侧AC,2,2,124,,name,338.0,0,band,,silver
2024,nanjing,长沙理工大学,深藏不露,2,2,124,,roster,1368.4,0,band,,
2024,nanjing,东北师范大学,巴别塔,0,1,222,,name,897.3,0,quota,unexplained,
2024,nanjing,大连理工大学,可持久化猫猫虫自动机,2,2,93,,roster,397.5,0,band,,silver
2024,nanjing,大连理工大学,我将点燃大海,2,2,93,,name,685.8,0,band,,
2024,nanjing,香港大学,热门流行音乐联盟,1,2,13,wf|non_mainland,roster,22.6,1,band,,gold
2024,nanjing,香港大学,今天必须取个队名,1,2,13,wf|non_mainland,name,757.5,0,quota,wf,bronze
2024,nanjing,山东理工大学,无敌暴龙,1,1,130,,name,847.8,0,band,,
2024,nanjing,太原理工大学,我有一个绝妙的算法，但空白处太少，我写不下,1,1,158,,roster,514.2,0,band,,
2024,nanjing,香港城市大学（东莞）,让我们说中文！欢迎来到ICPC的世界，准备好成为ICPC传奇了吗？,0,1,264,non_mainland,roster,1530.0,0,quota,non_mainland,
2024,nanjing,武汉纺织大学,武纺3队,0,1,174,,roster,555.1,0,quota,unexplained,bronze
2024,nanjing,苏州大学,WA了十发后终于TLE了,1,2,45,local,name,786.6,0,band,,
2024,nanjing,苏州大学,SUDA内存溢出,1,2,45,local,name,1174.9,0,quota,local,
2024,nanjing,浙江工业大学,下次还填非常简单,2,2,25,,name,399.1,0,band,,bronze
2024,nanjing,浙江工业大学,ZJUT7,2,2,25,,name,491.2,0,band,,silver
2024,nanjing,华南师范大学,ahafan,2,2,96,,name,320.3,0,band,,
2024,nanjing,华南师范大学,江南行者,2,2,96,,name,807.6,0,band,,
2024,nanjing,武汉科技大学,理塘的最强傳説純真猛虎丁一郎,0,1,189,,name,672.1,0,quota,unexplained,silver
2024,nanjing,暨南大学,让三追梦,0,1,251,wf,name,1488.0,0,quota,wf,
2024,nanjing,广西大学,憧憬成为原神高手,1,1,95,,name,719.7,0,band,,
2024,nanjing,四川大学,来计院只为夺金,2,2,17,,name,311.0,0,band,,bronze
2024,nanjing,四川大学,前世爱吃TLE的我，如今转生4K分TLEourist,2,2,17,,name,902.1,0,band,,
2024,nanjing,湖南师范大学,咕噜咕噜哇啦哇啦波奇波奇,1,1,30,,roster,610.6,0,band,,bronze
2024,nanjing,成都理工大学,我嘞个豆豆啊,0,1,198,,name,688.2,0,quota,unexplained,bronze
2024,nanjing,鲁东大学,燎原,0,1,255,,name,1133.7,0,quota,unexplained,
2024,nanjing,江西农业大学,我已亭亭，不忧亦不惧,1,1,123,,name,1255.7,0,band,,
2024,nanjing,大连理工大学盘锦校区,猪猪猪,1,1,71,,none,,0,band,,
2024,nanjing,香港中文大学（深圳）,啥都不会队,2,2,20,wf|non_mainland,name,548.7,0,band,,bronze
2024,nanjing,香港中文大学（深圳）,仚屳屲冚,2,2,20,wf|non_mainland,name,855.7,0,band,,
2024,nanjing,西南民族大学,夜阑风静欲归时，唯有一江明月碧琉璃,0,1,170,,roster,1614.0,0,quota,unexplained,
2024,nanjing,河南农业大学,我怀疑我们中出了一个奶龙,1,1,163,,roster,1426.7,0,band,,
2024,nanjing,江南大学,禁忌「莱瓦汀」,0,1,197,local,name,987.0,0,quota,local,bronze
2024,nanjing,武汉工程大学,你能和我组队打一辈子xcpc吗？,0,1,200,,none,,0,quota,unexplained,
2024,nanjing,江西理工大学,网瘾少年,1,1,142,,roster,1522.8,0,band,,
2024,nanjing,安徽理工大学,我永远喜欢Chtholly,1,1,111,,name,362.9,0,band,,bronze
2024,nanjing,台州学院,别急,0,1,176,,name,487.6,0,quota,unexplained,silver
2024,nanjing,福建师范大学,杰尼龟快使用飞叶快刀,1,1,72,,name,187.8,0,band,,silver
2024,nanjing,西北大学,一定是那ICPC，它把大哥打至跪地，可能是迫大哥跟它回去做题目口牙,1,1,67,,none,,0,band,,
2024,nanjing,深圳大学,秋秋你给我块金牌吧，我什么都绘做的,2,2,77,,roster,367.0,0,band,,bronze
2024,nanjing,深圳大学,SZU_SUZ_ZUS_ZSU_USZ_UZS,2,2,77,,roster,423.3,0,band,,bronze
2024,nanjing,哈尔滨工业大学,碧天伴行,2,3,16,wf,name,71.4,1,band,,gold
2024,nanjing,哈尔滨工业大学,W4p3r Fan Club,2,3,16,wf,name,158.7,0,band,,silver
2024,nanjing,哈尔滨工业大学,风灵玉秀,2,3,16,wf,name,279.0,1,quota,wf,gold
2024,nanjing,苏州科技大学,三个青名,0,1,370,local,name,1430.3,0,quota,local,
2024,nanjing,北方工业大学,寒春知梦,1,1,117,,name,820.0,0,band,,
2024,nanjing,北京交通大学,白夜追风,2,2,32,wf,name,195.8,1,band,,gold
2024,nanjing,北京交通大学,七海之旅,2,2,32,wf,name,350.9,0,band,,bronze
2024,nanjing,上海海洋大学,无论梦想还是希望都可以尽管贪心,0,1,186,,roster,1495.9,0,quota,unexplained,
2024,nanjing,燕山大学,塔山之巅,1,1,100,,roster,301.9,0,band,,silver
2024,nanjing,山东科技大学,占星者号,1,1,134,,name,803.8,0,band,,
2024,nanjing,徐州工程学院,两江一十三府种田佬,0,1,351,local,roster,1352.0,0,quota,local,
2024,nanjing,嘉应学院,爱是最强自在法,0,1,177,,name,1774.0,0,quota,unexplained,
2024,nanjing,无锡学院,WXU_Excalibur,0,1,204,local,name,690.9,0,quota,local,bronze
2024,nanjing,浙江财经大学,压缩猫巾,1,1,113,,roster,296.0,0,band,,
2024,nanjing,中国地质大学（武汉）,不可思议之国的爱丽丝正在梦游仙境,1,1,140,,name,500.7,0,band,,silver
2024,nanjing,河南大学,風,1,1,141,,roster,854.0,0,band,,bronze
2024,nanjing,南昌大学,三下五除二,0,1,182,,name,905.0,0,quota,unexplained,
2024,nanjing,长安大学,震惊长安第114514拳,0,1,172,,name,1631.3,0,quota,unexplained,
2024,nanjing,中南民族大学,昨天被猫吵的一晚上没睡着，困,0,1,244,,roster,663.0,0,quota,unexplained,
2024,nanjing,中国地质大学（北京）,玩机械动力玩的,1,1,127,,roster,498.0,0,band,,silver
2024,nanjing,西北农林科技大学,不会起名,1,1,159,,roster,1365.8,0,band,,bronze
2024,nanjing,绍兴文理学院元培学院,爱会消失对不队,1,1,78,,name,1715.0,0,band,,
2024,nanjing,北京科技大学,队友十年单身换区域赛银牌,1,1,102,,name,1122.7,0,band,,
2024,nanjing,上海财经大学,尼采说得队,1,1,64,,name,509.7,0,band,,
2024,nanjing,西安邮电大学,中二病不想谈恋爱,0,1,211,,name,1428.5,0,quota,unexplained,bronze
2024,nanjing,西安理工大学,神秘的力量,1,1,133,,name,360.8,0,band,,
2024,nanjing,北京工业大学,铁牌也是牌,1,1,132,,name,518.8,0,band,,
2024,nanjing,浙江农林大学,不拿牌就不能守护你，拿起牌就不能拥抱你,1,1,149,,name,778.8,0,band,,bronze
2024,nanjing,福州大学,重返未来,2,2,24,,name,73.5,0,band,,silver
2024,nanjing,福州大学,Wa?Wa也算时间哦,2,2,24,,name,303.0,0,band,,bronze
2024,nanjing,西南科技大学,大山里的动物朋友,0,1,170,,name,993.8,0,quota,unexplained,bronze
2024,nanjing,南方科技大学,南方科技大学-摩拉维亚,2,1,11,wf,name,356.4,0,band,,
2024,nanjing,上海纽约大学,上海纽约大学 队伍0,1,1,48,,roster,1609.8,0,band,,
2024,nanjing,华东交通大学,真的想不到队名了,0,1,184,,roster,1070.9,0,quota,unexplained,bronze
2024,nanjing,国防科技大学,青铜时代号,1,2,33,wf,name,101.3,0,band,,silver
2024,nanjing,国防科技大学,Jasmine,1,2,33,wf,name,1525.0,0,quota,wf,bronze
2024,nanjing,山东财经大学,"通知:经费全部用于PPT大赛,打XCPC需自费",0,1,177,,roster,1141.0,0,quota,unexplained,bronze
2024,nanjing,南昌航空大学,鷐鸚庄园无对手,0,1,195,,name,1061.6,0,quota,unexplained,
2024,nanjing,青岛理工大学,无垠序曲,1,1,83,,name,375.8,0,band,,silver
2024,nanjing,安徽大学,罚时冠军,1,1,112,,name,423.8,0,band,,
2024,shanghai,青岛科技大学,一唱雄鸡天下白,0,1,236,,name,821.3,0,quota,unexplained,bronze
2024,shanghai,东北大学,东北大学_不再掩饰,2,4,50,host|wf,name,290.8,0,band,,silver
2024,shanghai,东北大学,NEU_交一发吧反正也不会更糟了,2,4,50,host|wf,roster,814.3,0,band,,
2024,shanghai,东北大学,东北大学_ChatGPTo1-preview,2,4,50,host|wf,roster,869.5,0,quota,host,bronze
2024,shanghai,东北大学,东北大学_梦,2,4,50,host|wf,name,1042.1,0,quota,host,
2024,shanghai,同济大学,黄渡技术幼儿园,1,2,51,local,name,187.7,0,band,,bronze
2024,shanghai,同济大学,404 Not Found,1,2,51,local,roster,346.5,0,quota,local,bronze
2024,shanghai,大连理工大学盘锦校区,螃蟹就吃二两母,1,1,71,,roster,2260.0,0,band,,
2024,shanghai,华东理工大学,别急我还在藏东西,1,2,150,local,name,1049.2,0,band,,bronze
2024,shanghai,华东理工大学,希望能,1,2,150,local,name,1166.7,0,quota,local,
2024,shanghai,浙江工业大学,choke豁免检定大成功,2,3,25,,name,188.7,0,band,,silver
2024,shanghai,浙江工业大学,我太想进步了,2,3,25,,name,272.8,0,band,,silver
2024,shanghai,浙江工业大学,ZJUT7,2,3,25,,name,491.2,0,quota,unexplained,silver
2024,shanghai,北京航空航天大学,做个白日梦,2,3,10,wf,roster,129.0,0,band,,bronze
2024,shanghai,北京航空航天大学,早知道，还是可口可乐,2,3,10,wf,name,186.1,1,band,,gold
2024,shanghai,北京航空航天大学,偏差认知,2,3,10,wf,none,,0,quota,wf,silver
2024,shanghai,合肥工业大学,最后一队,0,1,,,none,,0,quota,unexplained,bronze
2024,shanghai,南京航空航天大学,铜牌锅贴,2,4,29,host,name,714.6,0,band,,bronze
2024,shanghai,南京航空航天大学,我也不知道叫什么,2,4,29,host,name,933.3,0,band,,
2024,shanghai,南京航空航天大学,我是菜鸟，想寄就寄。,2,4,29,host,name,1238.7,0,quota,host,
2024,shanghai,南京航空航天大学,米兰的铁匠铺,2,4,29,host,roster,1263.0,0,quota,host,
2024,shanghai,中南大学,老司机带带我,2,3,28,wf,name,559.5,0,band,,
2024,shanghai,中南大学,我吃麦当劳,2,3,28,wf,name,625.3,0,band,,bronze
2024,shanghai,中南大学,破晓之光,2,3,28,wf,name,1048.3,0,quota,wf,
2024,shanghai,江苏大学,Diamond,1,1,82,,roster,881.0,0,band,,
2024,shanghai,南京大学,优质解答：我不知道,2,4,12,wf,name,58.6,1,band,,gold
2024,shanghai,南京大学,乱敲键盘,2,4,12,wf,name,157.5,0,band,,bronze
2024,shanghai,南京大学,然后，下一题即将通过,2,4,12,wf,name,164.6,0,quota,wf,silver
2024,shanghai,南京大学,无名,2,4,12,wf,roster,409.7,0,quota,unexplained,bronze
2024,shanghai,山东科技大学,占星者号,1,2,134,,name,803.8,0,band,,
2024,shanghai,山东科技大学,无畏号,1,2,134,,name,1202.7,0,quota,unexplained,
2024,shanghai,华中科技大学,长夜杯空,2,3,9,wf,name,89.3,0,band,,bronze
2024,shanghai,华中科技大学,零,2,3,9,wf,roster,121.6,1,band,,gold
2024,shanghai,华中科技大学,红温黄豆,2,3,9,wf,name,250.4,0,quota,wf,silver
2024,shanghai,中国计量大学,队名？猫猫肯定有灵感,1,1,128,,roster,760.2,0,band,,silver
2024,shanghai,桂林电子科技大学,std::string s = 0,0,1,357,,roster,1482.0,0,quota,unexplained,
2024,shanghai,山东大学,老登加农炮,2,3,26,wf,roster,336.5,0,band,,silver
2024,shanghai,山东大学,猫学长，靠谱！,2,3,26,wf,name,462.3,0,band,,silver
2024,shanghai,山东大学,万元申万的,2,3,26,wf,name,1416.0,0,quota,wf,
2024,shanghai,西北大学,剑舞者,1,1,67,,name,174.6,0,band,,silver
2024,shanghai,重庆邮电大学,蓝桥杯梦之队,1,1,70,,roster,601.2,0,band,,bronze
2024,shanghai,山东财经大学,奶龙是真的糖,0,1,177,,none,,0,quota,unexplained,
2024,shanghai,广西大学,与星尘的握手,1,1,95,,name,516.2,0,band,,bronze
2024,shanghai,中国科学院大学,原神启动队,2,2,46,,name,452.2,0,band,,bronze
2024,shanghai,中国科学院大学,东风夜放花千树,2,2,46,,none,,0,band,,
2024,shanghai,北京理工大学,越野,2,4,21,wf,name,39.0,1,band,,gold
2024,shanghai,北京理工大学,打饿了吃隔壁桌,2,4,21,wf,name,149.3,0,band,,bronze
2024,shanghai,北京理工大学,内核恐慌,2,4,21,wf,name,266.5,1,quota,wf,gold
2024,shanghai,北京理工大学,结束乐队,2,4,21,wf,name,624.3,0,quota,unexplained,silver
2024,shanghai,山东理工大学,三重狂野毁灭机枪豌豆,1,1,130,,roster,989.0,0,band,,bronze
2024,shanghai,哈尔滨工业大学,海星罐头,2,3,16,wf,name,250.0,0,band,,bronze
2024,shanghai,哈尔滨工业大学,加载中，请稍后,2,3,16,wf,name,770.9,0,band,,
2024,shanghai,哈尔滨工业大学,我退役了，教练管不了了,2,3,16,wf,none,,1,quota,wf,gold
2024,shanghai,福州大学,恶即斩,2,3,24,,roster,209.4,0,band,,silver
2024,shanghai,福州大学,最佳小丑,2,3,24,,name,211.9,0,band,,silver
2024,shanghai,福州大学,东南饺子馆,2,3,24,,none,,0,quota,unexplained,bronze
2024,shanghai,齐鲁工业大学,艰难依然坚持,0,2,283,,roster,1134.0,0,quota,unexplained,bronze
2024,shanghai,齐鲁工业大学,负重越野,0,2,283,,name,1433.2,0,quota,unexplained,
2024,shanghai,南京工业大学,只爱赛尔号,0,1,224,,name,1494.7,0,quota,unexplained,
2024,shanghai,中国石油大学（北京）,哪里有石油哪里就是我的家,1,1,152,,name,391.6,0,band,,silver
2024,shanghai,上海海洋大学,无论梦想还是希望都可以尽管贪心,0,1,186,local,roster,1495.9,0,quota,local,
2024,shanghai,华东师范大学,假飞了！,1,3,63,local,name,241.0,1,band,,gold
2024,shanghai,华东师范大学,可最喜欢你，萤石的AC现象,1,3,63,local,name,597.9,0,quota,local,
2024,shanghai,华东师范大学,例方体,1,3,63,local,name,629.6,0,quota,unexplained,bronze
2024,shanghai,大连海事大学,我队友可以三分钟写完线段树,1,1,121,,roster,453.0,0,band,,silver
2024,shanghai,东南大学,白矮星,2,2,42,,name,604.0,0,band,,
2024,shanghai,东南大学,打ACM打的↑↓,2,2,42,,name,654.6,0,band,,silver
2024,shanghai,广州大学,疯猾绝代,1,1,75,,roster,895.2,0,band,,bronze
2024,shanghai,湖南城市学院,因为不会AC自动机，所以敲了五个小时的WA自动机,1,1,114,,roster,1374.7,0,band,,
2024,shanghai,武汉纺织大学,因为太怕爆零就全交暴力了,0,1,174,,name,845.0,0,quota,unexplained,silver
2024,shanghai,南京信息工程大学,叱咤月海鱼鱼猫,1,2,54,,roster,218.1,0,band,,silver
2024,shanghai,南京信息工程大学,我都可以,1,2,54,,roster,427.3,0,quota,unexplained,silver
2024,shanghai,成都信息工程大学,帝企鹅,1,1,108,,name,299.3,0,band,,silver
2024,shanghai,广东外语外贸大学,Fe++,0,1,332,,name,1063.7,0,quota,unexplained,
2024,shanghai,电子科技大学,UESTC_在理工学校想邂逅文学学姐搞错了什么,2,4,22,wf,name,133.3,0,band,,bronze
2024,shanghai,电子科技大学,UESTC_风沙星辰,2,4,22,wf,name,326.5,0,band,,silver
2024,shanghai,电子科技大学,UESTC_EndlessEmbrace,2,4,22,wf,name,332.1,0,quota,wf,bronze
2024,shanghai,电子科技大学,UESTC_DebugSimulator,2,4,22,wf,name,406.9,0,quota,unexplained,bronze
2024,shanghai,西北工业大学,不想想队名,2,4,34,wf,name,1008.0,0,band,,bronze
2024,shanghai,西北工业大学,总湿摇篮,2,4,34,wf,name,1394.0,0,band,,
2024,shanghai,西北工业大学,兄弟你不香了,2,4,34,wf,name,1782.0,0,quota,wf,
2024,shanghai,西北工业大学,众神眷恋的幻想乡,2,4,34,wf,none,,0,quota,unexplained,
2024,shanghai,浙江理工大学,队名本来超级长但因为太长被ban呜呜呜队,1,2,61,,roster,345.0,0,band,,silver
2024,shanghai,浙江理工大学,你T不T吧,1,2,61,,name,858.6,0,quota,unexplained,bronze
2024,shanghai,哈尔滨工业大学（深圳）,猫猫不会数数,2,2,14,,name,33.9,1,band,,gold
2024,shanghai,哈尔滨工业大学（深圳）,吾皇御驾亲征,2,2,14,,name,308.4,0,band,,silver
2024,shanghai,广东工业大学揭阳校区,GDUTJY_深度优先睡眠,0,1,202,,roster,1078.4,0,quota,unexplained,
2024,shanghai,中国科学技术大学,白日梦想家,2,4,18,host|wf,name,255.2,0,band,,silver
2024,shanghai,中国科学技术大学,夜旅号,2,4,18,host|wf,name,396.2,0,band,,silver
2024,shanghai,中国科学技术大学,我们真的热爱数学,2,4,18,host|wf,name,610.4,0,quota,host,bronze
2024,shanghai,中国科学技术大学,布吉岛,2,4,18,host|wf,name,665.8,0,quota,host,bronze
2024,shanghai,杭州电子科技大学,杭电2队,2,4,4,wf,name,62.0,0,band,,silver
2024,shanghai,杭州电子科技大学,杭电4队,2,4,4,wf,name,307.0,1,band,,gold
2024,shanghai,杭州电子科技大学,杭电10队,2,4,4,wf,name,337.0,0,quota,wf,bronze
2024,shanghai,杭州电子科技大学,杭电 7 队,2,4,4,wf,name,968.1,0,quota,unexplained,silver
2024,shanghai,南京邮电大学,内鬼猫猫头,1,2,81,wf,roster,258.5,0,band,,silver
2024,shanghai,南京邮电大学,听取WA声一片,1,2,81,wf,roster,1248.4,0,quota,wf,
2024,shanghai,郑州轻工业大学,最近公共祖先,1,1,162,,name,530.2,0,band,,bronze
2024,shanghai,河南理工大学,六皮城了让我收个菜吧,1,2,161,,roster,946.3,0,band,,
2024,shanghai,河南理工大学,脑洞小开,1,2,161,,name,1451.3,0,quota,unexplained,
2024,shanghai,山东大学（威海）,挽圆神挽的,1,1,92,,roster,710.1,0,band,,bronze
2024,shanghai,西安电子科技大学,水产王,2,2,37,,name,258.4,0,band,,bronze
2024,shanghai,西安电子科技大学,醉里挑灯看键,2,2,37,,name,445.7,0,band,,
2024,shanghai,河南农业大学,有为青年,1,1,163,,roster,1596.1,0,band,,
2024,shanghai,浙大城市学院,扫雷爱好者,1,2,65,,name,162.8,0,band,,silver
2024,shanghai,浙大城市学院,阿库赛尔最强超绝圣剑美少女妹妹谢谢你爱丽丝,1,2,65,,name,746.8,0,quota,unexplained,
2024,shanghai,华东交通大学,能打一辈子icpc吗,0,1,184,,none,,0,quota,unexplained,
2024,shanghai,中山大学,中山大学_没有想法,2,4,7,wf,name,22.1,1,band,,gold
2024,shanghai,中山大学,中山大学_无限天堂,2,4,7,wf,name,31.4,0,band,,silver
2024,shanghai,中山大学,中山大学_红温之旅,2,4,7,wf,roster,119.4,0,quota,wf,silver
2024,shanghai,中山大学,中山大学_无言以对,2,4,7,wf,name,248.0,0,quota,unexplained,bronze
2024,shanghai,浙江农林大学,找到工作考上研了吗还在打A,1,2,149,,roster,541.0,0,band,,bronze
2024,shanghai,浙江农林大学,《想带走的上海纪念品只有奖牌》,1,2,149,,roster,1575.5,0,quota,unexplained,
2024,shanghai,北京交通大学,树枝孤鸟,2,2,32,wf,name,288.0,0,band,,bronze
2024,shanghai,北京交通大学,今宵露宿何妨,2,2,32,wf,name,317.9,0,band,,bronze
2024,shanghai,北京师范大学,崇高道德的赞许,1,2,78,,name,390.1,0,band,,bronze
2024,shanghai,北京师范大学,异或狗,1,2,78,,roster,823.1,0,quota,unexplained,bronze
2024,shanghai,天津大学,北洋水师?,2,4,47,wf,name,657.1,0,band,,bronze
2024,shanghai,天津大学,守夜人,2,4,47,wf,name,668.3,0,band,,bronze
2024,shanghai,天津大学,神笔码良,2,4,47,wf,name,1148.8,0,quota,wf,
2024,shanghai,天津大学,狼王-亚索-司命,2,4,47,wf,name,1242.4,0,quota,unexplained,
2024,shanghai,南京理工大学,猫猫头启动,2,3,38,,name,834.8,0,band,,
2024,shanghai,南京理工大学,我唐完了,2,3,38,,name,856.0,0,band,,
2024,shanghai,南京理工大学,匿名猫猫头,2,3,38,,none,,0,quota,unexplained,bronze
2024,shanghai,东华大学,最小瓶颈路,1,2,122,local,roster,399.0,0,band,,bronze
2024,shanghai,东华大学,转生成为C++卢瑟,1,2,122,local,name,854.0,0,quota,local,bronze
2024,shanghai,河海大学常州校区,不定积分,1,1,131,,name,443.2,0,band,,silver
2024,shanghai,东北林业大学,孩子们，你们想毁了我吗,0,1,229,,roster,1309.4,0,quota,unexplained,
2024,shanghai,江西师范大学,陪我打一辈子acm好不好，我什么都会做的,0,1,196,,none,,0,quota,unexplained,bronze
2024,shanghai,西安交通大学,WA症候群,2,3,27,wf,name,233.5,0,band,,bronze
2024,shanghai,西安交通大学,唐人,2,3,27,wf,name,243.0,0,band,,silver
2024,shanghai,西安交通大学,萨摩耶空间站站长今天买什么,2,3,27,wf,name,416.7,0,quota,wf,
2024,shanghai,陕西科技大学,模哥和成师傅的新征程,0,1,367,,roster,1221.0,0,quota,unexplained,bronze
2024,shanghai,湖南科技大学,挑战只用贪心获得铁牌,1,1,137,,roster,860.0,0,band,,bronze
2024,shanghai,杭州电子科技大学信息工程学院,爱鸡TV之我不要爱我要麦,2,1,49,,name,1863.1,0,band,,
2024,shanghai,苏州大学,异或,2,2,45,,name,934.5,0,band,,bronze
2024,shanghai,苏州大学,你说的都对,2,2,45,,name,986.5,0,band,,
2024,shanghai,西南科技大学,贡嘎雪山,1,1,170,,roster,493.5,0,band,,bronze
2024,shanghai,华南理工大学,五小时对于三个acmer来说还是太短了,2,2,36,,roster,109.8,0,band,,silver
2024,shanghai,华南理工大学,原根,2,2,36,,roster,538.1,0,band,,silver
2024,shanghai,新疆大学,icpc不拿金不改名,1,2,109,,name,1239.0,0,band,,
2024,shanghai,新疆大学,三只菜狗狗,1,2,109,,name,1552.0,0,quota,unexplained,bronze
2024,shanghai,华南农业大学,一把抓住样例，顷刻炼化,1,1,115,,name,975.0,0,band,,bronze
2024,shanghai,浙江大学,十发罚时,2,4,3,wf,name,35.3,1,band,,gold
2024,shanghai,浙江大学,雪花倾诉之时,2,4,3,wf,name,39.5,1,band,,gold
2024,shanghai,浙江大学,幻想風靡,2,4,3,wf,name,51.6,1,quota,wf,gold
2024,shanghai,浙江大学,又活一天,2,4,3,wf,name,61.7,1,quota,unexplained,gold
2024,shanghai,成都理工大学,还在整薯条的摸鱼队！,0,1,198,,roster,976.9,0,quota,unexplained,
2024,shanghai,上海应用技术大学, ICPC发明了什么?发明了我的脑袋ei_i,0,1,206,local,none,,0,quota,local,
2024,shanghai,杭州师范大学,春天的草莓和夏天的啤酒花,1,3,105,host,name,320.7,0,band,,silver
2024,shanghai,杭州师范大学,沙北土南,1,3,105,host,roster,549.2,0,quota,host,
2024,shanghai,杭州师范大学,无名,1,3,105,host,roster,1211.4,0,quota,host,
2024,shanghai,南京林业大学,守护最好的芽衣,0,1,269,,roster,888.0,0,quota,unexplained,
2024,shanghai,青岛理工大学,会赢吗,1,1,83,,roster,1367.8,0,band,,
2024,shanghai,南方科技大学,南方科技大学-奥斯陆,2,3,11,wf,name,51.0,1,band,,gold
2024,shanghai,南方科技大学,南方科技大学-特隆赫姆,2,3,11,wf,name,389.3,0,band,,
2024,shanghai,南方科技大学,南方科技大学-斯塔万格,2,3,11,wf,name,804.8,0,quota,wf,bronze
2024,shanghai,安徽大学,罚时冠军,1,1,112,,name,423.8,0,band,,bronze
2024,shanghai,东北师范大学,运行错误,0,1,222,,roster,665.4,0,quota,unexplained,bronze
2024,shanghai,广西师范大学,哦吼吼吼吼吼,0,1,346,,roster,1174.5,0,quota,unexplained,
2024,shanghai,湖南理工学院,流泪猫猫头,1,1,125,,name,337.4,0,band,,silver
2024,shanghai,国防科技大学,空零,2,3,33,wf,name,413.0,0,band,,bronze
2024,shanghai,国防科技大学,锦鲤,2,3,33,wf,name,1180.9,0,band,,bronze
2024,shanghai,国防科技大学,巴别塔,2,3,33,wf,name,1305.0,0,quota,wf,
2024,shanghai,吉林大学,断桥雪,2,2,23,,name,147.1,0,band,,silver
2024,shanghai,吉林大学,帕斯卡的三角形,2,2,23,,roster,571.6,0,band,,
2024,shanghai,华南师范大学,你怎么知道我的鼠标里有器灵,1,2,96,,name,389.1,0,band,,bronze
2024,shanghai,华南师范大学,代码先和初中生同步,1,2,96,,name,692.0,0,quota,unexplained,silver
2024,shanghai,江西理工大学,初出茅庐,1,1,142,,name,1020.3,0,band,,bronze
2024,shanghai,中国地质大学（武汉）,不可思议之国的爱丽丝正在梦游仙境,1,2,140,,name,500.7,0,band,,silver
2024,shanghai,中国地质大学（武汉）,网瘾早该电电了,1,2,140,,name,1289.9,0,quota,unexplained,
2024,shanghai,南阳师范学院,不要给我WA WA叫,0,1,215,,none,,0,quota,unexplained,
2024,shanghai,集美大学,鳄鱼也要做鳄梦,1,1,88,,name,672.0,0,band,,bronze
2024,shanghai,武汉科技大学,理塘的最强傳説純真猛虎丁一郎,0,1,189,,name,672.1,0,quota,unexplained,bronze
2024,shanghai,战略支援部队信息工程大学,花生可,0,1,,,none,,0,quota,unexplained,bronze
2024,shanghai,西藏民族大学,秦汉1,0,1,428,,name,1791.0,0,quota,unexplained,
2024,shanghai,浙大宁波理工学院,保不齐对,1,1,138,,name,682.3,0,band,,silver
2024,shanghai,河北工业大学,泥工2队,0,1,243,,roster,1376.7,0,quota,unexplained,bronze
2024,shanghai,南开大学,对他使用dijkstra吧,2,2,34,,roster,194.9,0,band,,
2024,shanghai,南开大学,强基计划我爱你,2,2,34,,name,355.5,1,band,,gold
2024,shanghai,北京林业大学,一码归一码,1,1,83,,name,900.6,0,band,,bronze
2024,shanghai,中国民航大学,数据别和我作队,1,2,76,,name,1223.7,0,band,,
2024,shanghai,中国民航大学,重庆森林,1,2,76,,name,1527.1,0,quota,unexplained,
2024,shanghai,香港中文大学（深圳）,WTYTO,2,3,20,wf|non_mainland,name,62.6,1,band,,gold
2024,shanghai,香港中文大学（深圳）,学勤同盟国,2,3,20,wf|non_mainland,name,1380.8,0,band,,
2024,shanghai,香港中文大学（深圳）,坏了队,2,3,20,wf|non_mainland,none,,0,quota,wf,silver
2024,shanghai,浙江师范大学,主C没来,1,3,56,wf,name,143.7,1,band,,gold
2024,shanghai,浙江师范大学,未命名1.cpp,1,3,56,wf,name,622.0,0,quota,wf,silver
2024,shanghai,浙江师范大学,斜月三星洞 风灵月影宗,1,3,56,wf,name,997.7,0,quota,unexplained,
2024,shanghai,天津理工大学,骂谁二次元呢,1,1,159,,roster,1420.2,0,band,,bronze
2024,shanghai,中国传媒大学,谁看懂题了,1,2,98,,name,953.2,0,band,,bronze
2024,shanghai,中国传媒大学,算法术士的重启人生,1,2,98,,name,1118.3,0,quota,unexplained,
2024,shanghai,广东工业大学,三句号,2,3,19,,name,455.7,0,band,,silver
2024,shanghai,广东工业大学,我们已经很努力想队名了,2,3,19,,name,524.5,0,band,,bronze
2024,shanghai,广东工业大学,逸误,2,3,19,,name,703.9,0,quota,unexplained,silver
2024,shanghai,北京邮电大学,摩可彭塔斯,2,3,6,,name,16.5,1,band,,gold
2024,shanghai,北京邮电大学,网瘾犯了求求你把牌子给我,2,3,6,,name,237.2,0,band,,silver
2024,shanghai,北京邮电大学,歪日，这么虾头？,2,3,6,,name,355.3,0,quota,unexplained,bronze
2024,shanghai,香港科技大学（广州）,ZJJ是赵家杰,2,2,41,non_mainland,name,151.2,0,band,,silver
2024,shanghai,香港科技大学（广州）,ACM之日：无限罚时制,2,2,41,non_mainland,name,757.0,0,band,,bronze
2024,shanghai,北京化工大学,？神？动,1,2,80,,name,846.0,0,band,,
2024,shanghai,北京化工大学,逆袭者联盟,1,2,80,,none,,0,quota,unexplained,
2024,shanghai,北京工业大学,超长待机,1,1,132,,name,299.0,0,band,,bronze
2024,shanghai,上海师范大学,牌爱我又,1,1,116,local,roster,1511.7,0,band,,
2024,shanghai,中国石油大学（华东）,中石大2021,1,2,147,,name,758.1,0,band,,
2024,shanghai,中国石油大学（华东）,中石大2003,1,2,147,,name,1052.3,0,quota,unexplained,
2024,shanghai,郑州大学,都不玩原神,1,1,73,,name,199.2,0,band,,silver
2024,shanghai,湘潭大学,码喽也有大圣梦,1,2,58,,name,806.7,0,band,,bronze
2024,shanghai,湘潭大学,数据别和我作队,1,2,58,,name,950.8,0,quota,unexplained,bronze
2024,shanghai,北京大学,随机匹配,2,4,2,wf,name,3.2,1,band,,gold
2024,shanghai,北京大学,Lumina,2,4,2,wf,name,14.0,1,band,,gold
2024,shanghai,北京大学,家园火锅点特辣,2,4,2,wf,name,21.0,1,quota,wf,gold
2024,shanghai,北京大学,但中文名要考虑的就多了,2,4,2,wf,name,55.0,1,quota,unexplained,gold
2024,shanghai,上海交通大学,奇迹师歌队,2,2,5,wf|local,name,104.1,1,band,,gold
2024,shanghai,上海交通大学,影色舞,2,2,5,wf|local,name,146.0,1,band,,gold
2024,shanghai,台州学院,学了等于没学,0,1,176,,name,1343.7,0,quota,unexplained,
2024,shanghai,中国矿业大学,宇宙兄弟,1,2,118,,name,723.9,0,band,,
2024,shanghai,中国矿业大学,三只煤球想成金,1,2,118,,name,938.2,0,quota,unexplained,
2024,shanghai,厦门大学,我的神里凌华圣15满分,2,2,31,,roster,456.0,0,band,,bronze
2024,shanghai,厦门大学,我是取名困难症,2,2,31,,roster,517.0,0,band,,silver
2024,shanghai,南阳理工学院,给队友端茶倒水,0,1,223,,name,898.2,0,quota,unexplained,
2024,shanghai,中国矿业大学（北京）,守村人,1,1,155,,roster,950.7,0,band,,bronze
2024,shanghai,天津工业大学,你有什么头猪吗？,1,1,148,,name,564.3,0,band,,silver
2024,shanghai,常熟理工学院,翻斗花园孩子王,0,1,273,,name,1235.7,0,quota,unexplained,
2024,shanghai,重庆大学,小青草,1,2,94,,name,1077.6,0,band,,bronze
2024,shanghai,重庆大学,one last icpc,1,2,94,,roster,1421.1,0,quota,unexplained,bronze
2024,shanghai,嘉应学院,我剑也未尝不利,0,1,177,,roster,1585.8,0,quota,unexplained,
2024,shanghai,西安理工大学,大雪深埋unaccepted,1,1,133,,roster,1682.0,0,band,,
2024,shanghai,东北农业大学,谁敢向我挑衅？区域赛专用高胜率起手已配,0,1,294,,roster,962.7,0,quota,unexplained,bronze
2024,shanghai,湖南大学,芙兰大学,0,1,180,wf,roster,563.6,0,quota,wf,bronze
2024,shanghai,广州华商学院,翻过这座山,0,1,434,,roster,1988.9,0,quota,unexplained,
2024,shanghai,上海对外经贸大学,猫砖,0,1,332,local,roster,1234.9,0,quota,local,
2024,shanghai,西湖大学,这个家不能没有广成,1,1,60,,roster,1476.0,0,band,,silver
2024,shanghai,内蒙古大学,铁匠,0,1,247,,name,838.3,0,quota,unexplained,bronze
2024,shanghai,深圳大学,不要叫我打什么黑吗喽我要学算法打比赛OK?,1,2,77,,roster,363.5,0,band,,silver
2024,shanghai,深圳大学,SZU_SUZ_ZUS_ZSU_USZ_UZS,1,2,77,,roster,423.3,0,quota,unexplained,silver
2024,shanghai,上海海事大学,你不管什么事都只想着自己啊！,0,1,286,local,roster,1083.6,0,quota,local,
2024,shanghai,上海纽约大学,上海纽约大学队伍0,2,2,48,local,roster,1609.8,0,band,,
2024,shanghai,上海纽约大学,上海纽约大学队伍1,2,2,48,local,none,,0,band,,bronze
2024,shanghai,香港中文大學,少年的拼勁,2,3,44,wf|non_mainland,roster,107.1,0,band,,silver
2024,shanghai,香港中文大學,自攻螺絲,2,3,44,wf|non_mainland,roster,232.0,0,band,,silver
2024,shanghai,香港中文大學,簽到失敗,2,3,44,wf|non_mainland,none,,0,quota,wf,silver
2024,shanghai,湖南警察学院,在远大三路独自哭泣无人安慰还好有算竞陪我,0,1,323,,name,1121.1,0,quota,unexplained,
2024,shanghai,香港城市大学（东莞）,让我们说中文！欢迎来到ICPC的世界，准备好成为ICPC传奇了吗？,0,1,264,non_mainland,roster,1530.0,0,quota,non_mainland,
2024,shanghai,山东师范大学,YXL,1,1,107,,name,1113.5,0,band,,
2024,shanghai,宁波大学,Nullpo?Ga!,1,2,135,,name,606.0,0,band,,
2024,shanghai,宁波大学,最后一分钟了我们还有希望吗,1,2,135,,none,,0,quota,unexplained,
2024,shanghai,长沙学院,冲冲冲,1,1,119,,name,320.6,0,band,,silver
2024,shanghai,四川大学,雍正王朝老太医,2,2,17,,name,29.0,1,band,,gold
2024,shanghai,四川大学,灵感满溢的程序创想,2,2,17,,name,886.3,0,band,,bronze
2024,shanghai,成都东软学院,一切皆有可能,0,1,278,,name,1443.5,0,quota,unexplained,
2024,shanghai,上海理工大学,千音迭奏 群星赋格,1,2,74,local,name,1117.9,0,band,,
2024,shanghai,上海理工大学,高山壮游 黄日初升,1,2,74,local,none,,0,quota,local,silver
2024,shanghai,上海科技大学,南泵,1,1,90,local,roster,696.0,0,band,,bronze
2024,shanghai,武汉大学,JUMPING WIN！,2,2,8,,roster,110.6,1,band,,gold
2024,shanghai,武汉大学,魔女之旅,2,2,8,,roster,268.3,0,band,,silver
2024,shanghai,复旦大学,笑对挑战永不言弃,2,3,15,local,name,89.1,0,band,,silver
2024,shanghai,复旦大学,曼波大战哈姆,2,3,15,local,name,92.8,1,band,,gold
2024,shanghai,复旦大学,小粉兔真爱粉,2,3,15,local,name,151.0,1,quota,local,gold
2024,shanghai,兰州大学,刚学会打字,1,2,106,,name,615.6,0,band,,bronze
2024,shanghai,兰州大学,受限的人生与无限的奇迹,1,2,106,,roster,1253.0,0,quota,unexplained,bronze
2024,shanghai,浙江财经大学,猫咪烧烤,1,2,113,,name,1282.4,0,band,,
2024,shanghai,浙江财经大学,炒饭梦想家,1,2,113,,name,1431.9,0,quota,unexplained,
2024,shanghai,清华大学,击中月亮,2,3,1,wf,name,1.0,1,band,,gold
2024,shanghai,清华大学,雾里看花,2,3,1,wf,name,4.5,1,band,,gold
2024,shanghai,清华大学,《我是大赢家》,2,3,1,wf,name,129.2,1,quota,wf,gold
2024,shanghai,宁波职业技术学院,你不能拿我们和那些本科队伍比,0,1,212,,name,682.0,0,quota,unexplained,silver
2024,shanghai,长沙理工大学,只管AC,1,1,124,,name,1029.7,0,band,,
2024,shanghai,湖南工业大学,贪心肯定队,0,1,193,,name,577.9,0,quota,unexplained,silver
2024,shanghai,河南大学,没有队名,1,1,141,,roster,667.0,0,band,,
2024,shanghai,山东农业大学,山农何时双一流,0,1,412,,roster,1861.6,0,quota,unexplained,
2024,shanghai,北京电子科技学院,废水零液体排放,0,1,349,,name,1343.8,0,quota,unexplained,
2024,shanghai,上海建桥学院,反卡姆布来吉,0,1,391,local,roster,1857.1,0,quota,local,
2024,shanghai,浙江科技大学,虚假海马,1,1,87,,name,1207.6,0,band,,
2024,shanghai,南昌航空大学,5个小时对3个acmer来说还是太短了,0,1,195,,roster,820.5,0,quota,unexplained,
2024,shanghai,西南民族大学,灰烬孕育生灵，催生枝叶，濯净浑浊。,1,1,170,,name,877.3,0,band,,
2024,shanghai,贵州大学,猫猫也想要拿牌,1,1,144,,name,1048.3,0,band,,bronze
2024,shanghai,合肥大学,白裤裆寒冬一击,0,1,185,,name,1434.7,0,quota,unexplained,
2024,shanghai,福建理工大学,什么罐头我说,1,1,101,,none,,0,band,,
2024,shanghai,长安大学,爆裂魔法,0,1,172,,roster,1451.4,0,quota,unexplained,bronze
2024,shanghai,西南大学,西大暴龙队,1,1,85,,name,1248.1,0,band,,
2024,shanghai,西南交通大学,胆小菇之梦,1,1,66,,roster,537.0,0,band,,
2024,shanghai,江西财经大学,我队友自带三金,1,1,104,,roster,798.0,0,band,,bronze
2024,shanghai,华中农业大学,不喜欢暴力的袋鼠哥哥,1,1,169,,name,1116.7,0,band,,
2024,shanghai,哈尔滨理工大学,哈理工13队SH,1,2,120,,roster,1118.3,0,band,,
2024,shanghai,哈尔滨理工大学,哈理工08队SH,1,2,120,,roster,1211.8,0,quota,unexplained,
2024,shanghai,青岛大学,AC钙奶,0,1,250,,name,818.7,0,quota,unexplained,bronze
2024,shanghai,安徽工业大学,得好好学习喔,0,1,216,,none,,0,quota,unexplained,
2024,shanghai,太原理工大学,一个复杂度n的n的阶乘次方的阶乘的算法,1,1,158,,none,,0,band,,
2024,shanghai,浙江机电职业技术大学,兔八鸽,0,1,235,,name,721.9,0,quota,unexplained,silver
2024,shanghai,西北农林科技大学,西西务农者为俊杰,1,1,159,,roster,1292.4,0,band,,
2024,shanghai,阜阳师范大学,A+B problem,1,1,157,,name,1437.0,0,band,,
2024,shanghai,宁波财经学院,下水管道疏通半小时上门,0,1,335,,roster,1112.0,0,quota,unexplained,bronze
2024,shanghai,绍兴文理学院,狮心享受者·朝廷大司马·阿瞒有我良计吧,0,1,241,,none,,0,quota,unexplained,bronze
2024,shanghai,江苏科技大学,菈妮的锋刃,1,1,143,,name,1479.6,0,band,,
2024,shanghai,南通大学,NTU 1,0,1,254,,roster,918.7,0,quota,unexplained,bronze
2024,shanghai,辽宁大学,月影宵行,0,1,226,,roster,1072.0,0,quota,unexplained,
2024,shanghai,广东以色列理工学院,一纸繁鸢,2,1,39,,name,137.6,0,band,,silver
2024,shanghai,河南师范大学,帕鲁小队,0,1,227,,name,641.6,0,quota,unexplained,
2024,shanghai,西安邮电大学,中二病不想谈恋爱,0,1,211,,name,1428.5,0,quota,unexplained,
2024,shanghai,中国海洋大学,摸鱼学院代表队,1,1,126,,roster,1105.1,0,band,,
2024,shanghai,浙江万里学院,后青春期的诗,1,1,99,,none,,0,band,,
2024,shanghai,大连理工大学,二保一,1,1,93,,none,,0,band,,silver
2024,shanghai,南昌大学,我从来不觉得打ICPC开心过,0,1,182,,none,,0,quota,unexplained,bronze
2024,shanghai,哈尔滨工业大学（威海）,暮鼓晨钟,1,1,59,,name,462.3,0,band,,bronze
2024,shanghai,浙江广厦建设职业技术大学,让队友AC吧，我什么都会做的,1,1,145,,name,1151.6,0,band,,
2024,shanghai,云南大学,YNUER-ICPC,1,1,166,host,name,819.4,0,band,,bronze
2024,shanghai,华侨大学,河出伏流,0,1,238,,name,1119.2,0,quota,unexplained,bronze
2024,shanghai,哈尔滨工程大学,我推的七海爆吃0721次罚时因为在原神启动,1,1,97,,roster,384.4,1,band,,gold
2024,shanghai,香港理工大学,批O，启动（,2,1,43,host|non_mainland,roster,451.0,0,band,,
2024,shanghai,南京师范大学,我能在得了健忘症的情况下打完ACM吗,0,1,253,,name,982.8,0,quota,unexplained,bronze
2024,shanghai,长春理工大学,都会什么呢,0,1,190,,roster,1048.0,0,quota,unexplained,
2024,shanghai,东北大学秦皇岛分校,名字取好了吗,1,1,57,,name,130.7,1,band,,gold
2024,shanghai,中南民族大学,佳明带飞学长学姐,0,1,244,,name,1376.8,0,quota,unexplained,
2024,shanghai,武汉理工大学,黑唐龙 : 暴暴龙,1,2,86,wf,roster,658.1,0,band,,bronze
2024,shanghai,武汉理工大学,样例都没过怎么ac了,1,2,86,wf,name,761.2,0,quota,wf,
2024,shanghai,浙江工商大学,电之光,1,1,139,,name,629.9,0,band,,bronze
2024,shanghai,中国地质大学（北京）,虫子制造机,1,1,127,,name,1592.0,0,band,,
2024,shanghai,暨南大学,让三追梦,0,1,251,wf,name,1488.0,0,quota,wf,
2024,shanghai,华中师范大学,空天之梦,1,1,69,,roster,424.5,0,band,,bronze
2024,shanghai,西南财经大学,杯装油猫饼,1,1,129,,none,,0,band,,
2024,shanghai,河北师范大学,黎明之光,0,1,271,,name,873.5,0,quota,unexplained,
2024,shanghai,河海大学,可以组一辈子acm队吗,1,1,55,,roster,850.3,0,band,,silver
2024,shanghai,浙江中医药大学,赛博中医,0,1,240,,name,684.0,0,quota,unexplained,
2024,shanghai,江西农业大学,我已亭亭，不忧亦不惧,1,1,123,,name,1255.7,0,band,,
2024,shanghai,上海电力大学,虽千万人，吾亦往矣,1,1,154,local,none,,0,band,,
2024,shanghai,湖南师范大学,again crychic也算ac吗,2,2,30,,name,499.0,0,band,,bronze
2024,shanghai,湖南师范大学,whenever afterglow 也算wa吗,2,2,30,,roster,610.6,0,band,,bronze
2024,shanghai,武汉商学院,冰雪聪明琪露诺,0,1,219,,name,888.5,0,quota,unexplained,silver
2024,shanghai,深圳技术大学,SZTU_成则谓之勇，败则愚至极,0,1,210,,none,,0,quota,unexplained,
2024,shanghai,鲁东大学,钢筋混凝土拌面,0,1,255,,name,815.4,0,quota,unexplained,
2024,shanghai,绍兴文理学院元培学院,蓝图测绘分队,1,1,78,,name,2084.0,0,band,,
2024,shanghai,海南大学,暮染烟岚,1,1,153,,name,1737.0,0,band,,
2024,shanghai,陕西师范大学,三只杂鱼喵,0,1,252,,name,735.0,0,quota,unexplained,
2024,shanghai,温州大学,温大一队,1,1,62,,roster,1043.2,0,band,,bronze
2024,shanghai,重庆城市科技学院,月落星沉,0,1,368,,name,1617.0,0,quota,unexplained,
2024,shenyang,安徽大学,众梦之聚,1,1,112,,name,970.0,0,band,,
2024,shenyang,安徽理工大学,我永远喜欢Chtholly,1,1,111,,name,362.9,0,band,,
2024,shenyang,澳门大学,銀霜流萤,1,1,156,host|non_mainland,roster,535.6,0,band,,bronze
2024,shenyang,北方工业大学,落榜程序员,1,1,117,,roster,304.0,0,band,,bronze
2024,shenyang,北京大学,赤橙黄绿蓝紫,2,4,2,wf,name,1.0,1,band,,gold
2024,shenyang,北京大学,雪月花,2,4,2,wf,name,11.0,1,band,,gold
2024,shenyang,北京大学,DINNER123,2,4,2,wf,name,15.1,1,quota,wf,gold
2024,shenyang,北京大学,呆呆鸟,2,4,2,wf,name,2385.0,1,quota,unexplained,gold
2024,shenyang,北京工业大学,铁牌也是牌,1,1,132,,name,518.8,0,band,,bronze
2024,shenyang,北京航空航天大学,紫罗兰,2,3,10,wf,roster,25.0,1,band,,gold
2024,shenyang,北京航空航天大学,能不能多给个烤翅,2,3,10,wf,roster,120.4,0,band,,silver
2024,shenyang,北京航空航天大学,会挽雕弓如满月,2,3,10,wf,name,188.3,0,quota,wf,silver
2024,shenyang,北京化工大学,一纵做总预备队,1,1,80,,roster,552.5,0,band,,bronze
2024,shenyang,北京交通大学,羊羊羊,2,3,32,wf,name,339.5,1,band,,gold
2024,shenyang,北京交通大学,七海之旅,2,3,32,wf,name,350.9,0,band,,bronze
2024,shenyang,北京交通大学,过过过,2,3,32,wf,none,,0,quota,wf,
2024,shenyang,北京科技大学,队友单身十年换区域赛银牌,1,1,102,,roster,1122.7,0,band,,
2024,shenyang,北京理工大学,越野,2,4,21,wf,name,39.0,1,band,,gold
2024,shenyang,北京理工大学,Penalty这么高它的意思一定是分数吧,2,4,21,wf,name,148.9,0,band,,silver
2024,shenyang,北京理工大学,v我50带你看下北泽沼气动力猪头少年,2,4,21,wf,name,453.5,0,quota,wf,silver
2024,shenyang,北京理工大学,过了样例也不队,2,4,21,wf,name,463.3,0,quota,unexplained,silver
2024,shenyang,北京理工大学珠海学院,沈阳坤佳真好吃雅,1,1,146,,roster,1889.8,0,band,,
2024,shenyang,北京林业大学,上林花似锦,1,1,83,,name,219.1,0,band,,silver
2024,shenyang,北京师范大学,苹果狗,1,2,78,,name,203.6,0,band,,silver
2024,shenyang,北京师范大学,故梦之隐,1,2,78,,name,474.5,0,quota,unexplained,
2024,shenyang,北京师范大学香港浸会大学联合国际学院,西湖醋鱼,1,1,173,non_mainland,name,634.4,0,band,,
2024,shenyang,北京邮电大学,"试者如斯夫,不舍昼夜",2,3,6,,name,183.4,0,band,,silver
2024,shenyang,北京邮电大学,彰显王威吧，踏遍世间的十二辉剑！,2,3,6,,name,610.3,0,band,,bronze
2024,shenyang,北京邮电大学,DP_PTSD,2,3,6,,name,674.7,0,quota,unexplained,bronze
2024,shenyang,成都东软学院,我不吃牛肉,0,1,278,,roster,1244.4,0,quota,unexplained,
2024,shenyang,成都理工大学,求求你让我ac吧我什么都会做的,0,1,198,,roster,2139.0,0,quota,unexplained,
2024,shenyang,成都信息工程大学,命运旋律,1,1,108,,name,692.0,0,band,,
2024,shenyang,大连大学,选择困难症犯了,0,1,199,local,name,1177.4,0,quota,local,
2024,shenyang,大连东软信息学院,午夜emo一号机,0,1,376,local,roster,1646.6,0,quota,local,
2024,shenyang,大连海事大学,这个，一辈子喔！？,1,2,121,local,roster,356.2,0,band,,
2024,shenyang,大连海事大学,红气球守护者,1,2,121,local,roster,1279.8,0,quota,local,
2024,shenyang,大连理工大学,关注带工喵，关注带工谢谢喵(≧^.^≦),1,3,93,local,roster,302.4,0,band,,bronze
2024,shenyang,大连理工大学,二保一,1,3,93,local,none,,0,quota,local,bronze
2024,shenyang,大连理工大学,这么六！,1,3,93,local,none,,0,quota,unexplained,silver
2024,shenyang,大连理工大学城市学院,击碎黑暗!,0,1,345,local,roster,1264.6,0,quota,local,
2024,shenyang,大连理工大学盘锦校区,这技校真练技术,1,1,71,local,name,148.0,0,band,,bronze
2024,shenyang,大连外国语大学,std::mt19937,0,1,,local,none,,0,quota,local,
2024,shenyang,电子科技大学,UESTC_十斤鸭梨,2,4,22,wf,name,61.1,0,band,,silver
2024,shenyang,电子科技大学,UESTC_在理工学校想邂逅文学学姐搞错了什么,2,4,22,wf,name,133.3,1,band,,gold
2024,shenyang,电子科技大学,UESTC_xxx,2,4,22,wf,name,187.2,0,quota,wf,silver
2024,shenyang,电子科技大学,UESTC_篝月明火,2,4,22,wf,none,,1,quota,unexplained,gold
2024,shenyang,电子科技大学中山学院,澄净闪耀,1,1,175,,roster,566.0,0,band,,bronze
2024,shenyang,东北大学秦皇岛分校,名字起好了吗,1,2,57,,roster,130.7,0,band,,silver
2024,shenyang,东北大学秦皇岛分校,最澄澈的空与海,1,2,57,,name,293.2,0,quota,unexplained,silver
2024,shenyang,东北林业大学,世纪末彼岸花丛中的死之结界,0,1,229,,name,780.2,0,quota,unexplained,
2024,shenyang,东北农业大学,ICPC笑传之搓搓bronze,0,1,294,,roster,1262.9,0,quota,unexplained,
2024,shenyang,东北师范大学,运行错误,0,1,222,,roster,665.4,0,quota,unexplained,bronze
2024,shenyang,东华大学,堇青之夜,1,1,122,,name,364.0,0,band,,bronze
2024,shenyang,东南大学,扬帆续新辰,2,2,42,,name,653.2,0,band,,bronze
2024,shenyang,东南大学,不休独舞,2,2,42,,none,,0,band,,silver
2024,shenyang,福建理工大学,碧天伴走,1,1,101,,name,1113.8,0,band,,
2024,shenyang,福建师范大学,最有希望的一集,1,1,72,,name,391.6,0,band,,
2024,shenyang,福州大学,不AC不睡觉,2,3,24,,name,313.7,0,band,,bronze
2024,shenyang,福州大学,逗比猫风扇俱乐部,2,3,24,,none,,0,band,,
2024,shenyang,福州大学,拿奖公布蟹黄堡秘方,2,3,24,,none,,0,quota,unexplained,
2024,shenyang,阜阳师范大学,锐笔速写,1,1,157,,name,1125.8,0,band,,
2024,shenyang,复旦大学,关注 Hydro 谢谢喵,2,3,15,,name,45.8,1,band,,gold
2024,shenyang,复旦大学,怎么表达都可以,2,3,15,,name,88.9,1,band,,gold
2024,shenyang,复旦大学,密码八个八,2,3,15,,name,93.9,1,quota,unexplained,gold
2024,shenyang,广东工业大学,加睡,2,3,19,,name,365.9,0,band,,
2024,shenyang,广东工业大学,漫游者,2,3,19,,name,611.0,0,band,,bronze
2024,shenyang,广东工业大学,果粒橙,2,3,19,,name,701.8,0,quota,unexplained,bronze
2024,shenyang,广西大学,只会输入输出的我不敢靠近满身科技树的你,1,1,95,,roster,958.8,0,band,,
2024,shenyang,广州大学,Arae,1,1,75,,name,1127.5,0,band,,
2024,shenyang,国防科技大学,梦之特快,2,3,33,wf,roster,786.5,0,band,,bronze
2024,shenyang,国防科技大学,Jasmine,2,3,33,wf,name,1525.0,0,band,,
2024,shenyang,国防科技大学,万有引力号,2,3,33,wf,name,1882.6,0,quota,wf,bronze
2024,shenyang,哈尔滨工程大学,有人说亡藜伴白首不如物流部报数那为什么不叫王老板爆杀,1,1,97,,name,252.1,0,band,,silver
2024,shenyang,哈尔滨工业大学,w4p3r Black-fan Club,2,3,16,wf,name,224.2,1,band,,gold
2024,shenyang,哈尔滨工业大学,睡到自然醒,2,3,16,wf,name,260.6,0,band,,silver
2024,shenyang,哈尔滨工业大学,憂鬱烏龜,2,3,16,wf,name,560.9,0,quota,wf,bronze
2024,shenyang,哈尔滨工业大学（深圳）,这么出题是吧,2,2,14,,name,190.4,0,band,,silver
2024,shenyang,哈尔滨工业大学（深圳）,黑神话：哈深,2,2,14,,name,295.0,0,band,,bronze
2024,shenyang,哈尔滨工业大学（威海）,啊对对队,1,1,59,,name,613.8,0,band,,bronze
2024,shenyang,哈尔滨理工大学,哈理工03队SY,1,2,120,,roster,1155.2,0,band,,
2024,shenyang,哈尔滨理工大学,哈理工15队SY,1,2,120,,roster,1231.5,0,quota,unexplained,
2024,shenyang,哈尔滨商业大学,哈尔滨商业大学1队,0,1,418,,none,,0,quota,unexplained,
2024,shenyang,海南大学,全甲野牛突袭派蒙,1,1,153,,name,1847.6,0,band,,
2024,shenyang,杭州电子科技大学,杭电3队,2,4,4,wf,name,139.0,1,band,,gold
2024,shenyang,杭州电子科技大学,杭电10队,2,4,4,wf,name,337.0,0,band,,
2024,shenyang,杭州电子科技大学,杭电12队,2,4,4,wf,name,516.0,0,quota,wf,bronze
2024,shenyang,杭州电子科技大学,杭电0队,2,4,4,wf,none,,0,quota,unexplained,silver
2024,shenyang,杭州师范大学,数千夜飞舞的樱花与猫,1,3,105,host,roster,1123.5,0,band,,
2024,shenyang,杭州师范大学,嬛嬛，朕睡不醒,1,3,105,host,roster,1124.8,0,quota,host,
2024,shenyang,杭州师范大学,无名,1,3,105,host,roster,1211.4,0,quota,host,
2024,shenyang,河海大学,想在xcpc用helix写rust,1,1,55,,roster,846.4,0,band,,
2024,shenyang,河南大学,不调和级数,1,1,141,,name,849.4,0,band,,bronze
2024,shenyang,河南理工大学,河狸诸葛亮,1,1,161,,name,1087.0,0,band,,
2024,shenyang,河南农业大学,幼稚原,1,1,163,,roster,999.7,0,band,,
2024,shenyang,黑龙江大学,動員兵,0,1,307,,none,,0,quota,unexplained,
2024,shenyang,黑龙江科技大学,可是WA飘进你双眼看不见我AC的画面,0,1,457,,roster,2066.9,0,quota,unexplained,
2024,shenyang,湖南城市学院,灰姑娘的故事,1,1,114,,roster,395.2,0,band,,bronze
2024,shenyang,湖南大学,凌空摘星,1,2,180,wf,roster,881.3,0,band,,bronze
2024,shenyang,湖南大学,为什么一次研学就把百万经费花光了呢,1,2,180,wf,roster,1422.1,0,quota,wf,
2024,shenyang,湖南工业大学,断桥下听雨落,0,1,193,,roster,583.3,0,quota,unexplained,bronze
2024,shenyang,湖南科技大学,挑战只用贪心获得铁牌,1,1,137,,roster,860.0,0,band,,bronze
2024,shenyang,湖南理工学院,教练我想拿牌,1,1,125,,name,1005.0,0,band,,
2024,shenyang,湖南师范大学,HowToWin,2,2,30,,name,764.0,0,band,,bronze
2024,shenyang,湖南师范大学,让我再A一题,2,2,30,,roster,1855.0,0,band,,
2024,shenyang,湖南文理学院,不学不练,1,1,179,,name,667.9,0,band,,bronze
2024,shenyang,华北水利水电大学,对WA使用无懈可击,1,1,165,,name,514.3,0,band,,bronze
2024,shenyang,华东理工大学,得得得得,1,1,150,,name,646.9,0,band,,
2024,shenyang,华东师范大学,Spa1+6dow Bl4ckfan-club,1,1,63,,roster,159.7,1,band,,gold
2024,shenyang,华南理工大学,洛杉矶糊人,2,2,36,,name,335.2,0,band,,bronze
2024,shenyang,华南理工大学,这发不AC我当场把电脑吃掉,2,2,36,,name,461.1,0,band,,bronze
2024,shenyang,华南农业大学,随机队名,1,1,115,,roster,942.8,0,band,,bronze
2024,shenyang,华南师范大学,变出队名的魔法,1,1,96,,name,379.4,0,band,,bronze
2024,shenyang,华中科技大学,武汉希区柯克亲手操办邹知秋退役仪式,2,4,9,wf,roster,18.0,1,band,,gold
2024,shenyang,华中科技大学,叽里咕噜的说什么呢,2,4,9,wf,roster,61.0,0,band,,silver
2024,shenyang,华中科技大学,糖果酱,2,4,9,wf,name,159.4,0,quota,wf,silver
2024,shenyang,华中科技大学,小飞机来咯,2,4,9,wf,none,,0,quota,unexplained,silver
2024,shenyang,华中农业大学,卡题的时候在干什么？有想法吗？可以 AC 吗？,1,1,169,,name,444.0,0,band,,bronze
2024,shenyang,华中师范大学,这里没有乐子,1,1,69,,name,573.1,0,band,,
2024,shenyang,吉林大学,烈冕号,2,3,23,,name,55.9,0,band,,silver
2024,shenyang,吉林大学,管埋员,2,3,23,,name,224.0,0,band,,silver
2024,shenyang,吉林大学,紧急通知：等通知,2,3,23,,name,710.7,0,quota,unexplained,
2024,shenyang,吉林建筑大学,凌空破浪,0,1,384,,name,1637.1,0,quota,unexplained,
2024,shenyang,集美大学,我想同你永望黄昏,1,1,88,,name,483.5,0,band,,bronze
2024,shenyang,嘉应学院,wa两发够吃吗小馋猫,1,1,177,,roster,1571.8,0,band,,
2024,shenyang,江南大学,败犬队友太多了,0,1,197,,roster,1217.0,0,quota,unexplained,bronze
2024,shenyang,江苏大学,铁牌也是牌,1,1,82,,name,1023.3,0,band,,
2024,shenyang,江苏科技大学,粉毛大香蕉,1,1,143,,name,528.2,0,band,,
2024,shenyang,江西财经大学,ACM败犬太多了！,1,1,104,,roster,1020.9,0,band,,
2024,shenyang,江西理工大学,初出茅庐,1,1,142,,name,1020.3,0,band,,
2024,shenyang,江西农业大学,我这辈子就是被acm给害了,1,1,123,,roster,932.0,0,band,,
2024,shenyang,兰州大学,火力邪恶爆零皮鞋王,1,2,106,,name,773.0,0,band,,bronze
2024,shenyang,兰州大学,最棒的队名,1,2,106,,none,,0,quota,unexplained,
2024,shenyang,辽宁大学,三位一体,0,1,226,local,name,1218.0,0,quota,local,
2024,shenyang,辽宁科技大学,无尽之梦,0,1,,local,none,,0,quota,local,bronze
2024,shenyang,鲁东大学,银狼,0,1,255,,name,867.6,0,quota,unexplained,bronze
2024,shenyang,南昌大学,三下五除二,0,1,182,,name,905.0,0,quota,unexplained,bronze
2024,shenyang,南昌航空大学,有何不可,0,1,195,,roster,787.0,0,quota,unexplained,
2024,shenyang,南方科技大学,南方科技大学-布尔诺,2,3,11,wf,roster,81.1,0,band,,silver
2024,shenyang,南方科技大学,南方科技大学-伊赫拉瓦,2,3,11,wf,name,182.4,0,band,,silver
2024,shenyang,南方科技大学,南方科技大学-摩拉维亚,2,3,11,wf,name,356.4,0,quota,wf,silver
2024,shenyang,南京大学,平流层,2,4,12,wf,name,55.5,0,band,,silver
2024,shenyang,南京大学,智慧之树,2,4,12,wf,name,80.3,1,band,,gold
2024,shenyang,南京大学,手气王定的,2,4,12,wf,name,84.9,1,quota,wf,gold
2024,shenyang,南京大学,再不出丝之歌teamcherry就变成马猴烧酒,2,4,12,wf,roster,722.0,0,quota,unexplained,bronze
2024,shenyang,南京航空航天大学,黄转绿,2,4,29,host,name,360.2,0,band,,
2024,shenyang,南京航空航天大学,找对象,2,4,29,host,name,862.6,0,band,,bronze
2024,shenyang,南京航空航天大学,循序渐WA,2,4,29,host,name,877.7,0,quota,host,
2024,shenyang,南京航空航天大学,米兰的铁匠铺,2,4,29,host,roster,1263.0,0,quota,host,
2024,shenyang,南京理工大学,混沌蝴蝶,2,3,38,,name,271.9,0,band,,silver
2024,shenyang,南京理工大学,茶姬猫猫头,2,3,38,,name,302.8,0,band,,bronze
2024,shenyang,南京理工大学,猫猫头启动,2,3,38,,name,834.8,0,quota,unexplained,
2024,shenyang,南京师范大学,《我从来没觉得写算法开心过》,0,1,253,,roster,1022.0,0,quota,unexplained,bronze
2024,shenyang,南京邮电大学,做铜牌梦,1,3,81,wf,roster,790.5,0,band,,bronze
2024,shenyang,南京邮电大学,罚时罚到打铁,1,3,81,wf,roster,1479.9,0,quota,wf,
2024,shenyang,南京邮电大学,关于我转生到南邮在ACM赛场打暴力这档事,1,3,81,wf,none,,0,quota,unexplained,silver
2024,shenyang,南开大学,退休养老,2,3,34,,name,328.9,0,band,,bronze
2024,shenyang,南开大学,强基计划我爱你,2,3,34,,name,355.5,1,band,,gold
2024,shenyang,南开大学,恭喜以上获奖队伍,2,3,34,,name,1367.0,0,quota,unexplained,
2024,shenyang,宁波大学,我们得思索一下,1,1,135,,name,1153.9,0,band,,
2024,shenyang,齐鲁工业大学,原始人，起洞！,0,2,283,,name,1159.6,0,quota,unexplained,bronze
2024,shenyang,齐鲁工业大学,还没到六点，早安你个头,0,2,283,,roster,1409.5,0,quota,unexplained,bronze
2024,shenyang,青岛理工大学,机械的心率带动血肉的共鸣,1,1,83,,roster,1633.0,0,band,,
2024,shenyang,厦门大学,闪光春日影,2,2,31,,name,59.9,1,band,,gold
2024,shenyang,厦门大学,我的神里凌华圣15满分,2,2,31,,roster,456.0,0,band,,bronze
2024,shenyang,厦门理工学院,Gamejoye and his fans,1,1,151,,roster,1344.0,0,band,,bronze
2024,shenyang,山东财经大学,参与奖掠夺者,1,1,177,,name,984.9,0,band,,
2024,shenyang,山东大学,_应用随机过程,2,3,26,wf,name,60.5,0,band,,silver
2024,shenyang,山东大学,复方金银花颗粒,2,3,26,wf,roster,415.8,0,band,,silver
2024,shenyang,山东大学,原始人，起洞,2,3,26,wf,name,883.4,0,quota,wf,bronze
2024,shenyang,山东大学（威海）,潜修玛珈山,1,1,92,,roster,346.0,0,band,,bronze
2024,shenyang,山东科技大学,奋进号,1,1,134,,roster,476.9,0,band,,bronze
2024,shenyang,山东理工大学,只此一发,1,2,130,,roster,896.2,0,band,,
2024,shenyang,山东理工大学,三重豌豆の舞!舞!舞!,1,2,130,,roster,989.0,0,quota,unexplained,
2024,shenyang,山东师范大学,最后一舞,1,2,107,,roster,651.4,0,band,,bronze
2024,shenyang,山东师范大学,Mr.Zhu发力啊,1,2,107,,roster,1074.6,0,quota,unexplained,
2024,shenyang,上海财经大学,申耶冲击,1,1,64,,roster,148.6,0,band,,bronze
2024,shenyang,上海大学,献给XCPC的一年之诗,1,4,52,host,roster,496.3,0,band,,silver
2024,shenyang,上海大学,我将，扭转万象,1,4,52,host,name,834.3,0,quota,host,silver
2024,shenyang,上海大学,我来助你！,1,4,52,host,name,1560.6,0,quota,host,
2024,shenyang,上海大学,求你让我过一道,1,4,52,host,name,1818.2,0,quota,unexplained,
2024,shenyang,上海海洋大学,菜鸡的最终幻想,0,1,186,,name,679.0,0,quota,unexplained,
2024,shenyang,上海交通大学,夏日影,2,2,5,wf,name,146.5,1,band,,gold
2024,shenyang,上海交通大学,凌晨烈日晖光,2,2,5,wf,name,348.6,0,band,,bronze
2024,shenyang,绍兴文理学院元培学院,场场打铜的杂鱼小哥哥,1,1,78,,roster,172.0,0,band,,bronze
2024,shenyang,深圳大学,蓝桥杯深圳总部,1,1,77,,name,405.4,0,band,,bronze
2024,shenyang,沈阳工业大学,都给我打瓦队,0,1,385,local,name,1495.1,0,quota,local,
2024,shenyang,沈阳航空航天大学,能不能别肘,0,1,288,local,roster,1035.5,0,quota,local,
2024,shenyang,沈阳化工大学,天命命命天,0,1,326,local,roster,1089.0,0,quota,local,
2024,shenyang,沈阳理工大学,不祈者,0,1,188,local,none,,0,quota,local,
2024,shenyang,沈阳农业大学,我们从来不逃课,0,1,445,local,none,,0,quota,local,
2024,shenyang,沈阳师范大学,今夜，星光灿烂,0,1,258,local,name,953.6,0,quota,local,
2024,shenyang,四川大学,难题逆转小队,2,4,17,,name,106.5,1,band,,gold
2024,shenyang,四川大学,来计院只为夺金,2,4,17,,name,311.0,0,band,,bronze
2024,shenyang,四川大学,前世爱吃TLE的我，如今转生4K分TLEourist,2,4,17,,name,902.1,0,quota,unexplained,
2024,shenyang,四川大学,幸福女同,2,4,17,,none,,0,quota,unexplained,
2024,shenyang,苏州大学,RE 手动机,2,2,45,,name,560.7,0,band,,bronze
2024,shenyang,苏州大学,队里有神，而且原神,2,2,45,,name,961.7,0,band,,
2024,shenyang,台州学院,这把打完就吃饭,1,1,176,,name,1105.2,0,band,,
2024,shenyang,天津大学,这还是蟹堡王么,2,3,47,wf,name,497.7,0,band,,bronze
2024,shenyang,天津大学,守夜人,2,3,47,wf,name,668.3,0,band,,
2024,shenyang,天津大学,神笔码良,2,3,47,wf,name,1148.8,0,quota,wf,
2024,shenyang,天津工业大学,原神兄弟会,1,1,148,,roster,955.9,0,band,,
2024,shenyang,天津理工大学,祝龚神考研成功,1,1,159,,roster,665.0,0,band,,bronze
2024,shenyang,天津仁爱学院,梦幻小丑,1,1,164,,name,665.1,0,band,,bronze
2024,shenyang,同济大学,本来挺喜欢ACM的,1,1,51,,name,133.3,0,band,,bronze
2024,shenyang,温州大学,温大十一队,1,2,62,,none,,0,band,,
2024,shenyang,温州大学,温大十二队,1,2,62,,none,,0,quota,unexplained,
2024,shenyang,武汉大学,两位大佬和他们的飞舞队员,2,4,8,,roster,224.0,0,band,,bronze
2024,shenyang,武汉大学,果茶,2,4,8,,roster,345.2,0,band,,silver
2024,shenyang,武汉大学,微信余额负五十,2,4,8,,none,,0,quota,unexplained,silver
2024,shenyang,武汉大学,鼠不尽,2,4,8,,none,,0,quota,unexplained,bronze
2024,shenyang,武汉纺织大学,我的青春AC物语果然没有恋爱,1,1,174,,name,1107.4,0,band,,
2024,shenyang,武汉工程大学,能和我组队打一辈子xcpc吗？,0,1,200,,none,,0,quota,unexplained,
2024,shenyang,武汉理工大学,打一辈子出你字母能转生为AC高手吗,1,2,86,wf,name,384.0,0,band,,
2024,shenyang,武汉理工大学,最终还是没有成为两位队友一样的大爹,1,2,86,wf,roster,640.9,0,quota,wf,bronze
2024,shenyang,西安电子科技大学,喵喵喵,2,2,37,,name,88.4,0,band,,silver
2024,shenyang,西安电子科技大学,三分之二去零点,2,2,37,,name,962.0,0,band,,silver
2024,shenyang,西安交通大学,锦筝叹,2,3,27,wf,name,170.1,0,band,,
2024,shenyang,西安交通大学,唐人,2,3,27,wf,name,243.0,0,band,,silver
2024,shenyang,西安交通大学,正在评测中,2,3,27,wf,name,245.5,1,quota,wf,gold
2024,shenyang,西安理工大学,不嘻嘻,1,1,133,,roster,1373.8,0,band,,
2024,shenyang,西北大学,剑舞者,1,1,67,,name,174.6,0,band,,silver
2024,shenyang,西北工业大学,智力不太好,2,4,34,wf,name,320.6,0,band,,bronze
2024,shenyang,西北工业大学,Wanna be free,2,4,34,wf,name,355.5,0,band,,silver
2024,shenyang,西北工业大学,憧憬成为算法少女,2,4,34,wf,name,418.0,0,quota,wf,bronze
2024,shenyang,西北工业大学,奥恩,2,4,34,wf,name,624.0,0,quota,unexplained,bronze
2024,shenyang,西湖大学,Better than revenge ,1,1,60,,roster,236.9,0,band,,bronze
2024,shenyang,西南财经大学,狼狼狼,1,1,129,,roster,860.7,0,band,,
2024,shenyang,西南大学,AutoC++,1,1,85,,name,653.4,0,band,,silver
2024,shenyang,西南交通大学,我都行,1,1,66,,roster,140.0,0,band,,silver
2024,shenyang,西南科技大学,轻言轻语,1,1,170,,name,1385.3,0,band,,
2024,shenyang,西南民族大学,SCCPC*,1,1,170,,name,901.0,0,band,,bronze
2024,shenyang,香港城市大学,初心,1,1,89,host|non_mainland,roster,188.0,0,band,,silver
2024,shenyang,香港科技大学,Firebird Chan Lay Harder,1,1,91,non_mainland,roster,189.0,0,band,,bronze
2024,shenyang,香港理工大学,从沈阳带雪回香港,2,1,43,host|non_mainland,roster,451.0,0,band,,
2024,shenyang,香港中文大学（深圳）,WTYTO,2,1,20,wf|non_mainland,name,62.6,0,band,,bronze
2024,shenyang,湘潭大学,海之霸,1,1,58,,name,122.8,0,band,,silver
2024,shenyang,新疆大学,拿牌退役,1,1,109,,roster,1078.1,0,band,,
2024,shenyang,信息工程大学,肖舔犬,0,1,191,,name,1256.0,0,quota,unexplained,
2024,shenyang,云南大学,Ulterior Motive,1,3,166,host,name,1220.8,0,band,,
2024,shenyang,云南大学,锅包肉真好吃,1,3,166,host,roster,1662.0,0,quota,host,
2024,shenyang,云南大学,Must be the right,1,3,166,host,name,1914.2,0,quota,host,
2024,shenyang,长安大学,长安未央,1,1,172,,roster,522.1,0,band,,
2024,shenyang,长春理工大学,我要成为少女乐队大王,0,1,190,,roster,800.0,0,quota,unexplained,
2024,shenyang,长沙理工大学,流萤,1,1,124,,name,380.0,0,band,,silver
2024,shenyang,浙大城市学院,那场TLE毁了我的acm梦,1,1,65,,roster,1425.0,0,band,,
2024,shenyang,浙大宁波理工学院,青梅绿茶,1,1,138,,name,323.0,0,band,,silver
2024,shenyang,浙江财经大学,一路向北,1,1,113,,name,523.0,0,band,,
2024,shenyang,浙江大学,来生,2,4,3,wf,name,5.7,1,band,,gold
2024,shenyang,浙江大学,雪花倾诉之时,2,4,3,wf,name,39.5,1,band,,gold
2024,shenyang,浙江大学,乌拉呀哈 呀哈乌拉,2,4,3,wf,name,136.5,0,quota,wf,silver
2024,shenyang,浙江大学,普罗旺斯,2,4,3,wf,name,160.2,1,quota,unexplained,gold
2024,shenyang,浙江工商大学,倚星折月,1,1,139,,name,681.9,0,band,,
2024,shenyang,浙江工业大学,下次还填非常简单,2,3,25,,name,399.1,0,band,,silver
2024,shenyang,浙江工业大学,我们必须想象他们是幸福的,2,3,25,,roster,477.1,0,band,,bronze
2024,shenyang,浙江工业大学,ZJUT12,2,3,25,,name,1136.1,0,quota,unexplained,
2024,shenyang,浙江广厦建设职业技术大学,广告位招租,1,1,145,,roster,1503.0,0,band,,
2024,shenyang,浙江科技大学,djwcb,1,1,87,,roster,225.9,0,band,,bronze
2024,shenyang,浙江理工大学,马拉车算法算车拉马,1,1,61,,name,240.5,0,band,,silver
2024,shenyang,浙江农林大学,赛场上被遥控也是play的一环吗,1,1,149,,roster,446.6,0,band,,bronze
2024,shenyang,浙江师范大学,该戒网瘾了,1,2,56,wf,name,247.3,0,band,,bronze
2024,shenyang,浙江师范大学,深藏blue,1,2,56,wf,name,1041.1,0,quota,wf,
2024,shenyang,浙江万里学院,回响,1,1,99,,roster,487.5,0,band,,silver
2024,shenyang,郑州大学,宇宙无敌哈基米大王,1,1,73,,roster,898.1,0,band,,bronze
2024,shenyang,郑州轻工业大学,奶龙幼儿园,1,1,162,,roster,768.2,0,band,,bronze
2024,shenyang,中国传媒大学,还演,1,1,98,,roster,350.9,0,band,,bronze
2024,shenyang,中国地质大学（北京）,打死也不打ICPC,1,1,127,,roster,872.3,0,band,,
2024,shenyang,中国地质大学（武汉）,网瘾早该电电了,1,1,140,,name,1289.9,0,band,,
2024,shenyang,中国海洋大学,迷子,1,1,126,,name,952.0,0,band,,
2024,shenyang,中国计量大学,互联网处决我,1,1,128,,name,1361.1,0,band,,
2024,shenyang,中国科学技术大学,前社长想公费旅游于是被两位巨佬带飞,2,4,18,host|wf,name,40.4,1,band,,gold
2024,shenyang,中国科学技术大学,Ben 神，启动,2,4,18,host|wf,name,43.5,0,band,,silver
2024,shenyang,中国科学技术大学,摸鱼之魂终将归来,2,4,18,host|wf,roster,48.8,0,quota,host,silver
2024,shenyang,中国科学技术大学,苕玩点原神,2,4,18,host|wf,name,155.9,0,quota,host,silver
2024,shenyang,中国科学院大学,果壳挂科王,2,2,46,,name,96.5,0,band,,silver
2024,shenyang,中国科学院大学,Chirp-Z变换,2,2,46,,name,135.0,0,band,,silver
2024,shenyang,中国矿业大学,MineGPT5.0,1,2,118,,roster,379.3,0,band,,bronze
2024,shenyang,中国矿业大学,三只煤球想成金,1,2,118,,name,938.2,0,quota,unexplained,
2024,shenyang,中国矿业大学（北京）,云淡风清,1,1,155,,name,980.0,0,band,,bronze
2024,shenyang,中国民航大学,四渡赤水,1,1,76,,roster,225.8,0,band,,silver
2024,shenyang,中国人民大学,森林冰火人,2,2,40,,name,161.6,1,band,,gold
2024,shenyang,中国人民大学,字节无虞,2,2,40,,name,189.5,0,band,,silver
2024,shenyang,中国石油大学（北京）,我的心里乐开了花,1,1,152,,roster,990.0,0,band,,
2024,shenyang,中国石油大学（华东）,中石大2005,1,2,147,,name,452.8,0,band,,bronze
2024,shenyang,中国石油大学（华东）,中石大2003,1,2,147,,name,1052.3,0,quota,unexplained,
2024,shenyang,中南大学,电子界探寻者,2,3,28,wf,name,75.0,1,band,,gold
2024,shenyang,中南大学,我吃麦当劳,2,3,28,wf,name,625.3,0,band,,
2024,shenyang,中南大学,破晓之光,2,3,28,wf,name,1048.3,0,quota,wf,
2024,shenyang,中南民族大学,玛卡巴卡和它的秘密花园,0,1,244,,name,1079.0,0,quota,unexplained,
2024,shenyang,中山大学,中山大学_破晓之旅,2,3,7,wf,name,49.9,1,band,,gold
2024,shenyang,中山大学,中山大学_开拓之尾,2,3,7,wf,name,67.2,0,band,,silver
2024,shenyang,中山大学,中山大学_cutelyou,2,3,7,wf,name,212.8,0,quota,wf,silver
2024,shenyang,中央民族大学,低语的月亮,0,1,338,,name,1127.0,0,quota,unexplained,bronze
2024,shenyang,重庆大学,原，妙不可言,1,1,94,,name,1256.2,0,band,,
2024,shenyang,重庆理工大学,这一发贯穿星辰,1,1,68,,roster,1265.3,0,band,,
2024,shenyang,重庆邮电大学,邮电启动,1,1,70,,name,174.8,0,band,,bronze
2024,shenyang,南阳理工学院,无敌霹雳啪啦,0,2,223,,name,743.9,0,quota,unexplained,
2024,shenyang,南阳理工学院,给队友端茶倒水,0,2,223,,name,898.2,0,quota,unexplained,bronze
2024,shenyang,燕山大学,塔山之巅,1,1,100,,roster,301.9,0,band,,silver
2024,shenyang,惠州学院,桂花载酒，少年余梦,0,1,207,,name,1214.2,0,quota,unexplained,bronze
2025,chengdu,阿坝师范学院,Echo,0,1,210,local,none,,0,quota,local,
2025,chengdu,安徽大学,众梦之聚,0,1,177,,name,696.2,0,quota,unexplained,
2025,chengdu,北京城市学院,DreamFire,1,1,120,,name,402.1,0,band,,
2025,chengdu,北京大学,飞带不长队,2,4,1,host|wf,name,1.7,1,band,,gold
2025,chengdu,北京大学,蒟蒻排队,2,4,1,host|wf,name,6.0,1,band,,gold
2025,chengdu,北京大学,没队名,2,4,1,host|wf,name,26.0,1,quota,host,gold
2025,chengdu,北京大学,能不能想一个队名,2,4,1,host|wf,name,42.0,1,quota,host,gold
2025,chengdu,北京工业大学,相信奇迹,1,1,86,,name,1487.9,0,band,,
2025,chengdu,北京航空航天大学,天铸币,2,3,27,wf,name,123.4,0,band,,silver
2025,chengdu,北京航空航天大学,北航三院急诊科,2,3,27,wf,none,,1,band,,gold
2025,chengdu,北京航空航天大学,蒋小军,2,3,27,wf,none,,1,quota,wf,gold
2025,chengdu,北京化工大学,拔雪寻春,1,2,96,,name,938.3,0,band,,
2025,chengdu,北京化工大学,挑灯问梦,1,2,96,,none,,0,quota,unexplained,
2025,chengdu,北京交通大学,三指针,2,2,43,wf,none,,0,band,,
2025,chengdu,北京交通大学,不是我喜欢的罚时，直接无视,2,2,43,wf,none,,0,band,,bronze
2025,chengdu,北京理工大学,木叶三忍,2,4,39,,name,273.3,0,band,,silver
2025,chengdu,北京理工大学,不要rua我喵,2,4,39,,name,324.1,0,band,,bronze
2025,chengdu,北京理工大学,哈基米哦南北绿豆啊西嘎哈呀库,2,4,39,,name,337.8,0,quota,unexplained,silver
2025,chengdu,北京理工大学,编程小纵队,2,4,39,,name,865.5,0,quota,unexplained,
2025,chengdu,北京林业大学,创4我算了,1,2,125,,name,810.5,0,band,,bronze
2025,chengdu,北京林业大学,助力六级听力全队,1,2,125,,name,812.0,0,quota,unexplained,
2025,chengdu,北京师范大学,何以AC,1,1,33,,name,952.3,0,band,,
2025,chengdu,北京邮电大学,天绫绫地宁宁,2,4,42,wf,name,104.0,0,band,,silver
2025,chengdu,北京邮电大学,吃堡饱队,2,4,42,wf,name,486.6,0,band,,bronze
2025,chengdu,北京邮电大学,RE冒号0,2,4,42,wf,name,657.3,0,quota,wf,
2025,chengdu,北京邮电大学,注意力涣散导致的,2,4,42,wf,name,846.5,0,quota,unexplained,
2025,chengdu,成都大学,妹相随～黑白世界的缤纷冒险～,0,1,186,local,name,616.9,0,quota,local,bronze
2025,chengdu,成都东软学院,小马宝莉不会在遇见彩虹之前使用士力架脉动回来,0,1,269,local,none,,0,quota,local,
2025,chengdu,成都理工大学,国际漫游,0,1,223,local,name,738.0,0,quota,local,bronze
2025,chengdu,成都信息工程大学,冰冷帝企鹅,1,2,100,local,name,282.5,0,band,,silver
2025,chengdu,成都信息工程大学,冷焰,1,2,100,local,name,510.1,0,quota,local,
2025,chengdu,大连海事大学,偶然相遇Acceptism,1,1,95,,name,1643.0,0,band,,
2025,chengdu,大连理工大学,我将点燃大海,2,2,62,,name,568.8,0,band,,bronze
2025,chengdu,大连理工大学,大连理工四队,2,2,62,,none,,0,band,,silver
2025,chengdu,电子科技大学中山学院,超级卡比呆猫在ICPC现场推广错误贪心,1,1,153,,name,670.4,0,band,,bronze
2025,chengdu,东北大学,东北大学_氕氘氚氦氖氩氪氙氡鿫,2,4,9,host|wf,name,710.1,0,band,,bronze
2025,chengdu,东北大学,东北大学_盐焗酱肘子&红烧果粒橙,2,4,9,host|wf,none,,0,band,,
2025,chengdu,东北大学,东北大学_魔法霰弹,2,4,9,host|wf,none,,0,quota,host,bronze
2025,chengdu,东北大学,东北大学_俊杰粉丝团,2,4,9,host|wf,none,,1,quota,host,gold
2025,chengdu,东北大学秦皇岛分校,三日凌空,2,3,40,,name,109.5,0,band,,silver
2025,chengdu,东北大学秦皇岛分校,最澄澈的空与海,2,3,40,,name,176.1,0,band,,silver
2025,chengdu,东北大学秦皇岛分校,Fire Bird,2,3,40,,name,333.4,0,quota,unexplained,silver
2025,chengdu,东北师范大学,队长没睡醒所以训练取消了,1,1,90,,none,,0,band,,bronze
2025,chengdu,东莞理工学院,加训大队,1,1,140,,none,,0,band,,
2025,chengdu,东华大学,猫尾草,1,1,87,,name,1014.0,0,band,,
2025,chengdu,东南大学,打CPC打的↑↓,2,2,36,,name,562.7,0,band,,bronze
2025,chengdu,东南大学,三个入机,2,2,36,,name,604.9,0,band,,
2025,chengdu,福建理工大学,fjoi我爱你,1,1,154,,none,,0,band,,silver
2025,chengdu,福州大学,我说等我启动完就乱杀了你们耳朵龙吗,2,3,24,,none,,0,band,,silver
2025,chengdu,福州大学,风雪夜归人,2,3,24,,none,,0,band,,
2025,chengdu,福州大学,世末歌者,2,3,24,,none,,0,quota,unexplained,silver
2025,chengdu,复旦大学,使题来袭╭(╯ε╰)╮AC力场全开,2,2,4,,name,5.7,1,band,,gold
2025,chengdu,复旦大学,三棱镜,2,2,4,,name,34.5,0,band,,silver
2025,chengdu,广东工业大学,打ACM导致的,2,3,12,,name,36.1,1,band,,gold
2025,chengdu,广东工业大学,qwq,2,3,12,,name,415.4,0,band,,bronze
2025,chengdu,广东工业大学,无限随机,2,3,12,,name,941.6,0,quota,unexplained,
2025,chengdu,广东培正学院,我们要2打3了,1,1,149,,name,796.3,0,band,,
2025,chengdu,广东外语外贸大学,竹杖芒鞋轻胜马,1,1,121,,none,,0,band,,
2025,chengdu,广西大学,队名WA2了,0,1,188,,name,1003.4,0,quota,unexplained,
2025,chengdu,广州大学,无条件相信草神,1,1,91,,name,974.3,0,band,,
2025,chengdu,贵州大学,ITZY,0,1,174,,name,1098.5,0,quota,unexplained,
2025,chengdu,国防科技大学,再让我A一道,1,2,130,wf,name,453.0,0,band,,silver
2025,chengdu,国防科技大学,暂时不知道叫什么,1,2,130,wf,none,,0,quota,wf,bronze
2025,chengdu,哈尔滨工程大学,不故障机器人使用创造性AI创造WA,2,2,82,,name,678.4,0,band,,
2025,chengdu,哈尔滨工程大学,队里只有一只二刺猿所以起名还是问fufu吧¿,2,2,82,,name,755.8,0,band,,
2025,chengdu,哈尔滨工业大学,北风与秋水,2,3,8,wf,name,162.2,0,band,,silver
2025,chengdu,哈尔滨工业大学,睡到自然醒,2,3,8,wf,name,424.9,0,band,,bronze
2025,chengdu,哈尔滨工业大学,想成为人类,2,3,8,wf,none,,0,quota,wf,bronze
2025,chengdu,哈尔滨工业大学（深圳）,潜水小怪,2,2,23,,name,70.0,0,band,,silver
2025,chengdu,哈尔滨工业大学（深圳）,哈气五小时,2,2,23,,name,80.4,1,band,,gold
2025,chengdu,哈尔滨工业大学（威海）,"WA,AC!",2,3,29,,name,494.2,0,band,,
2025,chengdu,哈尔滨工业大学（威海）,"∀ a ∈ {X, Y, Z}, count_S(a) ≥ 2",2,3,29,,none,,0,band,,
2025,chengdu,哈尔滨工业大学（威海）,为帅气毕业老学长征婚QQ搜“莱芜贝克汉姆”,2,3,29,,none,,1,quota,unexplained,gold
2025,chengdu,杭州电子科技大学,杭电11队,2,4,13,,none,,0,band,,bronze
2025,chengdu,杭州电子科技大学,杭电8队,2,4,13,,none,,0,band,,bronze
2025,chengdu,杭州电子科技大学,杭电3队,2,4,13,,none,,0,quota,unexplained,bronze
2025,chengdu,杭州电子科技大学,杭电2队,2,4,13,,none,,0,quota,unexplained,silver
2025,chengdu,杭州师范大学,楚庾风月,1,3,68,host,name,747.3,0,band,,bronze
2025,chengdu,杭州师范大学,散落飘零,1,3,68,host,name,772.0,0,quota,host,
2025,chengdu,杭州师范大学,哈哈请冷静,1,3,68,host,name,785.5,0,quota,host,bronze
2025,chengdu,合肥大学,A npc,1,1,139,,none,,0,band,,
2025,chengdu,合肥工业大学,二进制算法研究,0,1,195,,none,,0,quota,unexplained,bronze
2025,chengdu,河北工程大学,喵喵喵,0,1,203,,name,606.6,0,quota,unexplained,bronze
2025,chengdu,河北工业大学,不需要 ap 和 aj，需要 ac,0,1,191,,name,1628.0,0,quota,unexplained,
2025,chengdu,河北师范大学,黎明微光,1,1,126,,none,,0,band,,
2025,chengdu,河海大学,落英缤纷之期,2,2,80,,name,775.5,0,band,,
2025,chengdu,河海大学,LGBTQIPKDXUSACM,2,2,80,,name,816.5,0,band,,
2025,chengdu,河南大学,不协和音程,1,1,44,,name,313.9,0,band,,bronze
2025,chengdu,河南理工大学,河狸诸葛亮,1,1,144,,name,1544.0,0,band,,
2025,chengdu,河南农业大学,不搞抽象了,0,1,201,,none,,0,quota,unexplained,silver
2025,chengdu,河南师范大学,循环线段树,1,1,85,,none,,0,band,,bronze
2025,chengdu,黑龙江大学,地灵殿刷铁机,0,1,207,,name,975.5,0,quota,unexplained,
2025,chengdu,湖北工业大学,备用机位,0,1,176,,name,1193.8,0,quota,unexplained,
2025,chengdu,湖南大学,凌空摘星,1,2,31,wf,name,753.8,0,band,,bronze
2025,chengdu,湖南大学,样例过不交样例不过交样例过一半不交一半样例不过一半交一半,1,2,31,wf,none,,0,quota,wf,
2025,chengdu,湖南科技大学,驾长车，踏破贺兰山缺,1,1,105,,none,,0,band,,bronze
2025,chengdu,湖南理工学院,君不见高堂评测悲全WA,0,1,164,,name,535.3,0,quota,unexplained,bronze
2025,chengdu,华北电力大学（保定）,四个二带双王,1,1,141,,name,792.7,0,band,,bronze
2025,chengdu,华东理工大学,通海湖裸泳君,2,2,61,,name,949.0,0,band,,bronze
2025,chengdu,华东理工大学,的泛因特隆隆,2,2,61,,none,,0,band,,
2025,chengdu,华东师范大学,"mex {fe, cu, ag}",2,2,64,,name,178.5,0,band,,silver
2025,chengdu,华东师范大学,去有风的地方,2,2,64,,name,365.7,0,band,,silver
2025,chengdu,华南理工大学,Fast Fast TLE,2,3,55,,name,209.3,0,band,,bronze
2025,chengdu,华南理工大学,树上猫猫虫,2,3,55,,name,424.5,0,band,,bronze
2025,chengdu,华南理工大学,再次鼓起丧失的勇气,2,3,55,,none,,0,quota,unexplained,silver
2025,chengdu,华南农业大学,想队名这种事情不要啊,1,2,79,,name,810.4,0,band,,
2025,chengdu,华南农业大学,沉粥侧畔蟑螂过,1,2,79,,none,,0,quota,unexplained,
2025,chengdu,华南师范大学,烧烤一下队名,2,3,81,,name,1145.0,0,band,,bronze
2025,chengdu,华南师范大学,区间合并,2,3,81,,name,1154.2,0,band,,
2025,chengdu,华南师范大学,过了样例就算对,2,3,81,,name,1442.4,0,quota,unexplained,
2025,chengdu,华中科技大学,长夜杯空,2,4,45,wf,name,109.4,1,band,,gold
2025,chengdu,华中科技大学,哈斯特坐牢领域大神,2,4,45,wf,name,174.2,0,band,,bronze
2025,chengdu,华中科技大学,长歌,2,4,45,wf,name,388.8,0,quota,wf,bronze
2025,chengdu,华中科技大学,哈斯特气气,2,4,45,wf,none,,0,quota,unexplained,bronze
2025,chengdu,华中农业大学,憧憬成为AC大帝,1,1,159,,name,1117.2,0,band,,
2025,chengdu,华中师范大学,人生何处不青山,1,1,93,,name,1128.0,0,band,,
2025,chengdu,吉利学院,吉利太美,0,1,359,local,name,1216.7,0,quota,local,
2025,chengdu,吉林大学,栈深不知处,2,2,15,,name,437.3,0,band,,bronze
2025,chengdu,吉林大学,夏日空调幻想时刻,2,2,15,,name,565.0,0,band,,bronze
2025,chengdu,集美大学,不断闪回,1,1,103,,none,,0,band,,
2025,chengdu,暨南大学,麻辣火锅涮白切鸡,1,1,102,,none,,0,band,,bronze
2025,chengdu,江南大学,受不了了！变成哈基米！哈气 提交 WA 炸毛,1,1,123,,none,,0,band,,bronze
2025,chengdu,江苏大学,ujs1,1,1,73,,none,,0,band,,
2025,chengdu,江西财经大学,魂殿十天尊——瑞杰,1,1,127,,none,,0,band,,bronze
2025,chengdu,江西理工大学,江理1队,0,1,312,,none,,0,quota,unexplained,bronze
2025,chengdu,江西农业大学,领航者,0,1,171,,name,735.5,0,quota,unexplained,bronze
2025,chengdu,江西师范大学,I have no idea.,1,1,150,,none,,0,band,,
2025,chengdu,昆山杜克大学,要一个队名,0,1,197,,none,,0,quota,unexplained,bronze
2025,chengdu,兰州大学,B站关注桃乐思Dorothy谢谢喵,1,2,88,,none,,0,band,,
2025,chengdu,兰州大学,得陇望蜀,1,2,88,,none,,0,quota,unexplained,bronze
2025,chengdu,乐山师范学院,与你相恋到生命尽头,0,1,324,local,none,,0,quota,local,
2025,chengdu,丽水学院,月相人生,0,1,354,,name,1139.9,0,quota,unexplained,bronze
2025,chengdu,鲁东大学,三只珍妮,0,1,234,,name,637.4,0,quota,unexplained,
2025,chengdu,南昌大学,我不想当WA学弟,0,1,199,,none,,0,quota,unexplained,
2025,chengdu,南方科技大学,南方科技大学-拉基,2,3,10,wf,none,,1,band,,gold
2025,chengdu,南方科技大学,南方科技大学-奥斯陆,2,3,10,wf,none,,0,band,,silver
2025,chengdu,南方科技大学,南方科技大学-巴库,2,3,10,wf,none,,0,quota,wf,silver
2025,chengdu,南京大学,CS-408,2,4,5,wf,name,34.4,1,band,,gold
2025,chengdu,南京大学,呢喃得了mvp,2,4,5,wf,name,97.8,1,band,,gold
2025,chengdu,南京大学,点银成金,2,4,5,wf,name,121.1,0,quota,wf,silver
2025,chengdu,南京大学,Never break;,2,4,5,wf,name,224.7,0,quota,unexplained,silver
2025,chengdu,南京工业大学,AC一题就算win,0,1,192,,name,925.1,0,quota,unexplained,
2025,chengdu,南京航空航天大学,空悲切,2,4,32,host|wf,name,71.5,0,band,,silver
2025,chengdu,南京航空航天大学,XML,2,4,32,host|wf,name,384.2,0,band,,silver
2025,chengdu,南京航空航天大学,逸群之彦,2,4,32,host|wf,name,608.3,0,quota,host,bronze
2025,chengdu,南京航空航天大学,星群,2,4,32,host|wf,name,709.9,0,quota,host,bronze
2025,chengdu,南京理工大学,做题一定要AC,2,3,28,wf,name,319.0,0,band,,silver
2025,chengdu,南京理工大学,彩虹猫猫头,2,3,28,wf,name,405.0,0,band,,silver
2025,chengdu,南京理工大学,样例过了就是过,2,3,28,wf,none,,0,quota,wf,
2025,chengdu,南京师范大学,队伍名字,0,1,168,,none,,0,quota,unexplained,
2025,chengdu,南京信息工程大学,异世界编程使者,2,3,107,,name,549.1,0,band,,bronze
2025,chengdu,南京信息工程大学,今天也是随机做题的一天,2,3,107,,name,628.3,0,band,,
2025,chengdu,南京信息工程大学,旧梦新章,2,3,107,,name,721.1,0,quota,unexplained,bronze
2025,chengdu,南京邮电大学,圆头耄耋,2,3,70,wf,none,,0,band,,
2025,chengdu,南京邮电大学,要开始了哟,2,3,70,wf,none,,0,band,,
2025,chengdu,南京邮电大学,何意味,2,3,70,wf,none,,0,quota,wf,silver
2025,chengdu,南开大学,数智省身_在此输入队名,2,3,49,,none,,0,band,,bronze
2025,chengdu,南开大学,数智省身_难开题开题难,2,3,49,,none,,0,band,,silver
2025,chengdu,南开大学,数智省身_早早早,2,3,49,,none,,0,quota,unexplained,
2025,chengdu,南阳理工学院,所谓月色,1,1,133,,none,,0,band,,
2025,chengdu,宁波大学,骨钉斩奎隆,1,1,93,,name,470.4,0,band,,
2025,chengdu,齐鲁工业大学,我再也不搞抽象了QAQ,0,1,192,,none,,0,quota,unexplained,
2025,chengdu,青岛大学,AC for the rise of QDU,0,1,187,,none,,0,quota,unexplained,
2025,chengdu,清华大学,击中月亮,2,4,3,wf,name,8.0,1,band,,gold
2025,chengdu,清华大学,零基础新生 1 队,2,4,3,wf,name,8.7,1,band,,gold
2025,chengdu,清华大学,有标号带花树计数,2,4,3,wf,name,14.8,1,quota,wf,gold
2025,chengdu,清华大学,罚时小队,2,4,3,wf,name,50.9,1,quota,unexplained,gold
2025,chengdu,泉州师范学院,0123456789,0,1,216,,name,798.4,0,quota,unexplained,
2025,chengdu,厦门大学,闪光春日影,2,2,38,,name,83.9,0,band,,silver
2025,chengdu,厦门大学,随机增量,2,2,38,,name,279.5,0,band,,silver
2025,chengdu,厦门理工学院,优秀素质,1,1,134,,none,,0,band,,silver
2025,chengdu,山东大学,应用随机过程,2,4,47,wf,name,104.0,0,band,,silver
2025,chengdu,山东大学,SDU-ENG,2,4,47,wf,name,146.3,1,band,,gold
2025,chengdu,山东大学,wa自动机,2,4,47,wf,name,532.5,0,quota,wf,bronze
2025,chengdu,山东大学,芝士队名,2,4,47,wf,name,978.4,0,quota,unexplained,bronze
2025,chengdu,山东大学（威海）,會有成都賽站也會有金牌 但是mcggvc可能要問問何事,1,1,122,,none,,0,band,,silver
2025,chengdu,山东科技大学,亚特兰蒂斯号,1,1,76,,name,1268.2,0,band,,
2025,chengdu,山东理工大学,我是天选，也是唯一,1,1,155,,name,489.3,0,band,,bronze
2025,chengdu,山东师范大学,爆零就去玩原神,1,1,124,,name,523.1,0,band,,silver
2025,chengdu,上海大学,我们仍未知道那天金牌题的做法,1,4,65,host|wf,name,652.9,0,band,,
2025,chengdu,上海大学,全做不队,1,4,65,host|wf,name,719.0,0,quota,host,
2025,chengdu,上海大学,对对对,1,4,65,host|wf,name,985.8,0,quota,host,
2025,chengdu,上海大学,退火随机模拟,1,4,65,host|wf,none,,0,quota,wf,bronze
2025,chengdu,上海电力大学,Extends Pavilion of Hidden Xia,1,1,138,,none,,0,band,,
2025,chengdu,上海交通大学,霞染长空,2,2,16,wf,name,83.6,1,band,,gold
2025,chengdu,上海交通大学,夏日影,2,2,16,wf,none,,1,band,,gold
2025,chengdu,上海科技大学,惊天大涅槃,2,2,57,,name,270.4,0,band,,bronze
2025,chengdu,上海科技大学,羽生萌萌香鱼子酱,2,2,57,,none,,0,band,,silver
2025,chengdu,上海理工大学,距离2026年全国硕士研究生招生考试还有55天,1,1,56,,none,,0,band,,silver
2025,chengdu,上海纽约大学,小男娘,1,1,51,,name,135.5,0,band,,bronze
2025,chengdu,上海师范大学,不会线性基的数学队,1,1,143,,none,,0,band,,
2025,chengdu,深圳大学,扣1生成队名,2,3,72,,name,726.3,0,band,,
2025,chengdu,深圳大学,躺赢狗,2,3,72,,name,786.4,0,band,,bronze
2025,chengdu,深圳大学,起名真是难,2,3,72,,name,1081.6,0,quota,unexplained,
2025,chengdu,深圳技术大学,SZTU_未闻WA名,1,1,103,,name,1087.7,0,band,,
2025,chengdu,四川大学,你们在干什么喵？在罚时喵！补药罚我时喵！,2,3,20,local,name,508.8,0,band,,silver
2025,chengdu,四川大学,loveless,2,3,20,local,name,523.8,0,band,,
2025,chengdu,四川大学,OG-C,2,3,20,local,none,,0,quota,local,bronze
2025,chengdu,四川农业大学,我们有铁牌,0,1,259,local,name,729.8,0,quota,local,
2025,chengdu,四川师范大学,交一发就交一发,0,1,161,local,none,,0,quota,local,
2025,chengdu,苏州大学,憧憬学会STL,2,2,111,,none,,0,band,,
2025,chengdu,苏州大学,WA了十发后终于TLE了,2,2,111,,none,,0,band,,
2025,chengdu,台州学院,让我们ac吧，我们什么都会做的,1,1,75,,name,1160.9,0,band,,
2025,chengdu,天津大学,WA自动机,2,3,98,,name,434.3,0,band,,bronze
2025,chengdu,天津大学,WA不哇塞,2,3,98,,name,704.2,0,band,,bronze
2025,chengdu,天津大学,北洋水师pro max ultra ti,2,3,98,,none,,0,quota,unexplained,bronze
2025,chengdu,天津工业大学,祥子帮帮写,0,1,215,,name,714.6,0,quota,unexplained,bronze
2025,chengdu,同济大学,Non-Trivial TLE,2,2,26,,name,303.1,0,band,,bronze
2025,chengdu,同济大学,重生之不可以总司令,2,2,26,,name,517.3,0,band,,bronze
2025,chengdu,武汉大学,队名长度小于0,2,4,18,host,name,164.0,1,band,,gold
2025,chengdu,武汉大学,哇多麼好的機會啊,2,4,18,host,name,531.7,0,band,,bronze
2025,chengdu,武汉大学,永恒的武汉大学,2,4,18,host,name,609.5,0,quota,host,
2025,chengdu,武汉大学,ACMX4869,2,4,18,host,none,,0,quota,host,bronze
2025,chengdu,武汉纺织大学,扣一送金牌,1,1,109,,none,,0,band,,
2025,chengdu,武汉工程大学,宿命天成命中败,1,1,117,,none,,0,band,,
2025,chengdu,武汉科技大学,漫步AC,1,1,115,,name,1390.0,0,band,,
2025,chengdu,武汉理工大学,WA出三室一厅,2,3,60,wf,name,664.0,0,band,,
2025,chengdu,武汉理工大学,武理最速WA传说,2,3,60,wf,none,,0,band,,
2025,chengdu,武汉理工大学,爱抖露码死他,2,3,60,wf,none,,0,quota,wf,bronze
2025,chengdu,西安电子科技大学,咖啡馆的贴贴物语,2,2,50,,name,224.4,0,band,,silver
2025,chengdu,西安电子科技大学,无色透明,2,2,50,,name,301.1,0,band,,silver
2025,chengdu,西安交通大学,今日澄,2,3,21,wf,name,229.0,0,band,,silver
2025,chengdu,西安交通大学,这是一个ACM队,2,3,21,wf,name,273.8,0,band,,silver
2025,chengdu,西安交通大学,锦筝叹,2,3,21,wf,name,278.2,0,quota,wf,silver
2025,chengdu,西安理工大学,风与天空,1,1,118,,name,1042.0,0,band,,
2025,chengdu,西安邮电大学,三带一对,0,1,180,,none,,0,quota,unexplained,
2025,chengdu,西北大学,忆月葬雪,1,1,105,,name,276.9,0,band,,silver
2025,chengdu,西北工业大学,D.D.D.,2,4,30,host|wf,name,130.0,0,band,,silver
2025,chengdu,西北工业大学,学1维数组写2次剩余运行4次得8个警告16个错误余32根头发,2,4,30,host|wf,name,581.0,0,band,,bronze
2025,chengdu,西北工业大学,众神眷恋的幻想乡,2,4,30,host|wf,name,768.3,0,quota,host,bronze
2025,chengdu,西北工业大学,呼神护卫,2,4,30,host|wf,name,1156.0,0,quota,host,
2025,chengdu,西北农林科技大学,三只羊,0,1,204,,none,,0,quota,unexplained,
2025,chengdu,西湖大学,轰炸机数学学院,2,2,41,,none,,0,band,,silver
2025,chengdu,西湖大学,拼尽全力无法战胜AI,2,2,41,,none,,0,band,,silver
2025,chengdu,西华大学,高处不胜寒,1,2,136,local,none,,0,band,,
2025,chengdu,西华大学,X-ray,1,2,136,local,none,,0,quota,local,
2025,chengdu,西华师范大学,云烟成雨，晴霁无理,0,1,343,local,none,,0,quota,local,
2025,chengdu,西南财经大学,柳浪湾流浪汉,1,2,113,local,name,1533.0,0,band,,
2025,chengdu,西南财经大学,愿此行，终抵final,1,2,113,local,name,1563.0,0,quota,local,bronze
2025,chengdu,西南大学,星海,1,1,156,local,name,669.0,0,band,,
2025,chengdu,西南交通大学,最终回合,0,1,247,local,none,,0,quota,local,bronze
2025,chengdu,西南科技大学,飘零之剑,0,1,196,local,none,,0,quota,local,
2025,chengdu,西南民族大学,十一月的肖邦,1,2,131,local,none,,0,band,,
2025,chengdu,西南民族大学,桀桀桀,1,2,131,local,none,,0,quota,local,
2025,chengdu,西南石油大学,海百合海底譚,0,1,292,local,none,,0,quota,local,
2025,chengdu,香港城市大学（东莞）,"让我们说中文，欢迎来到ICPC的世界，
你准备好成为ICPC传奇了吗？",0,1,190,non_mainland,none,,0,quota,non_mainland,
2025,chengdu,香港科技大学（广州）,ICPC速通队,2,2,11,non_mainland,name,787.7,0,band,,
2025,chengdu,香港科技大学（广州）,临时组队,2,2,11,non_mainland,none,,0,band,,bronze
2025,chengdu,香港理工大学,何意味,1,1,158,host|non_mainland,none,,0,band,,bronze
2025,chengdu,香港中文大学,别笑，你来你也过不了test 2,1,2,19,wf|non_mainland,name,120.0,1,band,,gold
2025,chengdu,香港中文大学,無腦開吃,1,2,19,wf|non_mainland,none,,0,quota,wf,bronze
2025,chengdu,湘潭大学,加我微信请排队,2,2,53,,none,,0,band,,
2025,chengdu,湘潭大学,可爱柚子厨,2,2,53,,none,,0,band,,
2025,chengdu,新疆大学,最后一舞,0,1,182,,none,,0,quota,unexplained,
2025,chengdu,信息工程大学,花生可,0,1,170,,name,997.6,0,quota,unexplained,
2025,chengdu,云南大学,安卓思维,1,1,145,host|local,none,,0,band,,bronze
2025,chengdu,长安大学,重生之憧憬成为菜狗,0,1,166,,name,1071.5,0,quota,unexplained,bronze
2025,chengdu,长春理工大学,wrss说出门在外要保护好自己,1,1,128,,none,,0,band,,
2025,chengdu,长沙理工大学,美好的事可不可以发生在我身上,1,2,71,,name,1175.1,0,band,,
2025,chengdu,长沙理工大学,揭开记忆的帷幕，激起往昔的涟漪,1,2,71,,none,,0,quota,unexplained,silver
2025,chengdu,浙大城市学院,二三四,1,1,112,,name,597.5,0,band,,bronze
2025,chengdu,浙大宁波理工学院,仿生小猫会遇见电子阿雅吗？,2,2,147,,none,,0,band,,
2025,chengdu,浙大宁波理工学院,最后的机会,2,2,147,,none,,0,band,,bronze
2025,chengdu,浙江财经大学,零基础但不是零,1,1,152,,none,,0,band,,
2025,chengdu,浙江大学,假如像他一样语文 130,2,4,2,wf,name,36.0,1,band,,gold
2025,chengdu,浙江大学,幻想时刻,2,4,2,wf,name,45.5,1,band,,gold
2025,chengdu,浙江大学,十发罚时,2,4,2,wf,name,71.3,1,quota,wf,gold
2025,chengdu,浙江大学,吃你家大米,2,4,2,wf,name,247.5,0,quota,unexplained,silver
2025,chengdu,浙江工商大学,迷迭香_fan,2,2,137,,name,453.0,0,band,,bronze
2025,chengdu,浙江工商大学,男生ACM单字极品ID,2,2,137,,name,725.0,0,band,,silver
2025,chengdu,浙江工业大学,ZJUT8,2,1,25,,none,,0,band,,bronze
2025,chengdu,浙江工业大学之江学院,做博丽灵梦谈古明地恋睡古明地觉,0,1,327,,name,1288.2,0,quota,unexplained,
2025,chengdu,浙江科技大学,djwcb,0,1,164,,none,,0,quota,unexplained,bronze
2025,chengdu,浙江理工大学,三个方块人一台戏,2,2,46,,name,1013.0,0,band,,bronze
2025,chengdu,浙江理工大学,sadasd,2,2,46,,none,,0,band,,
2025,chengdu,浙江农林大学,天河圣芒斩,1,2,89,,name,284.2,0,band,,silver
2025,chengdu,浙江农林大学,计算练习生,1,2,89,,name,971.3,0,quota,unexplained,
2025,chengdu,浙江师范大学,姜还是老的辣知道不,2,3,67,,name,195.1,0,band,,silver
2025,chengdu,浙江师范大学,我将以猫形态出击 Gundam Cat,2,3,67,,name,477.3,0,band,,bronze
2025,chengdu,浙江师范大学,不是我喜欢的题目，直接哈气,2,3,67,,name,514.1,0,quota,unexplained,bronze
2025,chengdu,浙江万里学院,轮回之糸,0,1,212,,none,,0,quota,unexplained,
2025,chengdu,郑州大学,你不笑，我笑,1,1,157,,none,,0,band,,
2025,chengdu,郑州轻工业大学,二分最优解,0,1,221,,none,,0,quota,unexplained,
2025,chengdu,中北大学,天文学家摘鑫鑫,0,1,198,,name,1224.0,0,quota,unexplained,
2025,chengdu,中国传媒大学,风滚金轮草,1,2,63,,name,453.5,0,band,,silver
2025,chengdu,中国传媒大学,葬送的acmer与香辛料,1,2,63,,name,599.8,0,quota,unexplained,bronze
2025,chengdu,中国地质大学（北京）,当太阳升起时就把罚时忘掉,1,1,77,,none,,0,band,,
2025,chengdu,中国地质大学（武汉）,不可思议之国的爱丽丝正在梦游仙境,1,1,114,,name,501.2,0,band,,bronze
2025,chengdu,中国计量大学,兄弟，我还想拿牌,1,1,132,,name,401.9,0,band,,
2025,chengdu,中国科学技术大学,铜铜铜sahur,2,4,17,wf,name,34.3,1,band,,gold
2025,chengdu,中国科学技术大学,无垠,2,4,17,wf,name,101.1,1,band,,gold
2025,chengdu,中国科学技术大学,6,2,4,17,wf,name,204.9,0,quota,wf,silver
2025,chengdu,中国科学技术大学,25时，美食广场见。,2,4,17,wf,name,243.1,0,quota,unexplained,silver
2025,chengdu,中国科学院大学,健康的人类要冲出太阳系,1,2,83,,name,546.0,0,band,,silver
2025,chengdu,中国科学院大学,月落天白,1,2,83,,none,,0,quota,unexplained,bronze
2025,chengdu,中国矿业大学,中文队名不太会取的队,1,1,108,,none,,0,band,,
2025,chengdu,中国民航大学,四渡赤水2.0,1,1,160,,name,606.4,0,band,,silver
2025,chengdu,中国农业大学,CAU_CiAllo University,1,1,151,,name,615.8,0,band,,bronze
2025,chengdu,中国人民大学,1+1,2,2,35,,name,108.8,0,band,,silver
2025,chengdu,中国人民大学,异步并行队,2,2,35,,name,1405.3,0,band,,
2025,chengdu,中国石油大学（华东）,UPC1953,2,3,69,,name,361.7,0,band,,bronze
2025,chengdu,中国石油大学（华东）,UPC1969,2,3,69,,name,557.8,0,band,,silver
2025,chengdu,中国石油大学（华东）,UPC2011,2,3,69,,name,737.1,0,quota,unexplained,bronze
2025,chengdu,中南大学,你抚琵琶奏琴弦,2,3,52,wf,name,210.2,0,band,,silver
2025,chengdu,中南大学,老司机带带我,2,3,52,wf,name,214.8,0,band,,bronze
2025,chengdu,中南大学,听说有原石领我就来了,2,3,52,wf,name,734.2,0,quota,wf,
2025,chengdu,中南林业科技大学,考研也要打XCPC,0,1,250,,none,,0,quota,unexplained,
2025,chengdu,中山大学,中山大学-打铁旅游,2,4,7,wf,name,27.3,0,band,,silver
2025,chengdu,中山大学,中山大学-2333er,2,4,7,wf,name,32.3,1,band,,gold
2025,chengdu,中山大学,中山大学-无限天堂,2,4,7,wf,name,64.3,1,quota,wf,gold
2025,chengdu,中山大学,中山大学-三驱兄弟,2,4,7,wf,none,,1,quota,unexplained,gold
2025,chengdu,重庆城市科技学院,哈基米哟南北绿豆,1,1,142,,none,,0,band,,bronze
2025,chengdu,重庆大学,小AC找妈妈,2,2,58,local,name,783.7,0,band,,
2025,chengdu,重庆大学,AAA在线AK,2,2,58,local,name,2136.0,0,band,,
2025,chengdu,重庆工程学院,布鲁粉丝团,1,1,96,local,none,,0,band,,bronze
2025,chengdu,重庆科技大学,午后的茶时间,1,1,116,local,none,,0,band,,bronze
2025,chengdu,重庆理工大学,弈,1,1,84,local,name,267.0,0,band,,silver
2025,chengdu,重庆移通学院,願いが叶う場所,0,1,268,local,name,776.6,0,quota,local,bronze
2025,chengdu,重庆邮电大学,憧憬成为ACM高手,2,2,54,,name,1666.4,0,band,,
2025,chengdu,重庆邮电大学,蓝桥杯猫之队,2,2,54,,none,,0,band,,
2025,nanjing,安徽农业大学,梅绽金陵夜,0,1,214,,none,,0,quota,unexplained,bronze
2025,nanjing,杭州电子科技大学,杭电7队,2,4,13,,none,,0,band,,bronze
2025,nanjing,杭州电子科技大学,杭电16队,2,4,13,,none,,0,band,,
2025,nanjing,杭州电子科技大学,杭电2队,2,4,13,,none,,0,quota,unexplained,silver
2025,nanjing,杭州电子科技大学,杭电6队,2,4,13,,none,,0,quota,unexplained,silver
2025,nanjing,华南理工大学,Fast Fast TLE,2,3,55,,name,209.3,0,band,,silver
2025,nanjing,华南理工大学,失落之城,2,3,55,,name,301.7,0,band,,silver
2025,nanjing,华南理工大学,AC自动机,2,3,55,,name,1049.4,0,quota,unexplained,
2025,nanjing,广东工业大学,打ACM导致的,2,3,12,,name,36.1,1,band,,gold
2025,nanjing,广东工业大学,螺旋上升,2,3,12,,name,385.4,0,band,,silver
2025,nanjing,广东工业大学,循序渐进,2,3,12,,name,705.0,0,quota,unexplained,bronze
2025,nanjing,苏州科技大学,鹅鹅鹅,0,1,272,local,name,1198.0,0,quota,local,
2025,nanjing,河北师范大学,她与奖牌皆得,1,1,126,,none,,0,band,,
2025,nanjing,南阳理工学院,没事还有另一队,1,1,133,,name,994.7,0,band,,
2025,nanjing,安徽师范大学,天码行空,0,1,175,,name,486.4,0,quota,unexplained,
2025,nanjing,南京理工大学,彩虹猫猫头,2,4,28,wf|local,name,405.0,0,band,,bronze
2025,nanjing,南京理工大学,流明猫猫头,2,4,28,wf|local,name,712.4,0,band,,bronze
2025,nanjing,南京理工大学,队长不想打铁了,2,4,28,wf|local,none,,0,quota,wf,
2025,nanjing,南京理工大学,三人成行,2,4,28,wf|local,none,,0,quota,local,
2025,nanjing,江苏科技大学,为美好的世界献上AC,0,1,240,local,none,,0,quota,local,
2025,nanjing,华北电力大学（保定）,廉颇老矣，尚能饭否？,1,1,141,,none,,0,band,,bronze
2025,nanjing,重庆工程学院,布鲁粉丝团,1,1,96,,none,,0,band,,silver
2025,nanjing,中国科学技术大学,铜铜铜sahur,2,4,17,wf,name,34.3,1,band,,gold
2025,nanjing,中国科学技术大学,大吃大喝大队,2,4,17,wf,name,239.0,0,band,,bronze
2025,nanjing,中国科学技术大学,天宁花苑队,2,4,17,wf,name,432.8,0,quota,wf,bronze
2025,nanjing,中国科学技术大学,暂定,2,4,17,wf,name,562.3,0,quota,unexplained,bronze
2025,nanjing,中国石油大学（华东）,UPC2005,2,3,69,,name,464.0,0,band,,bronze
2025,nanjing,中国石油大学（华东）,UPC2011,2,3,69,,name,737.1,0,band,,
2025,nanjing,中国石油大学（华东）,UPC1988,2,3,69,,name,823.2,0,quota,unexplained,
2025,nanjing,浙江师范大学,我是猫娘,2,3,67,,name,244.9,0,band,,silver
2025,nanjing,浙江师范大学,不是我喜欢的题目，直接哈气,2,3,67,,name,514.1,0,band,,
2025,nanjing,浙江师范大学,"主包,主包,这一次能拿牌吗?",2,3,67,,name,741.8,0,quota,unexplained,
2025,nanjing,武汉理工大学,灵感枯竭,2,3,60,wf,name,744.9,0,band,,
2025,nanjing,武汉理工大学,武理最速WA传说,2,3,60,wf,none,,0,band,,
2025,nanjing,武汉理工大学,中二病也要打acm,2,3,60,wf,none,,0,quota,wf,
2025,nanjing,北京化工大学,北极熊,1,1,96,,name,389.0,0,band,,silver
2025,nanjing,华东师范大学,至此，一锤定音,2,2,64,,name,342.8,0,band,,bronze
2025,nanjing,华东师范大学,河西食堂转生队,2,2,64,,name,443.0,0,band,,bronze
2025,nanjing,苏州大学,天堂之风,2,3,111,local,name,1044.0,0,band,,
2025,nanjing,苏州大学,素粥大雪登山队,2,3,111,local,name,1138.1,0,band,,
2025,nanjing,苏州大学,wa乃兵家常事,2,3,111,local,name,1396.2,0,quota,local,
2025,nanjing,内蒙古大学,铁匠,0,1,278,,name,1077.8,0,quota,unexplained,
2025,nanjing,复旦大学,使题来袭╭(╯ε╰)╮AC力场全开,2,2,4,,name,5.7,1,band,,gold
2025,nanjing,复旦大学,三棱镜,2,2,4,,name,34.5,1,band,,gold
2025,nanjing,河南师范大学,循环线段树,1,2,85,,none,,0,band,,
2025,nanjing,河南师范大学,所以爱会消失对不对,1,2,85,,none,,0,quota,unexplained,
2025,nanjing,哈尔滨工业大学,你有一块真正的金牌吗,2,3,8,wf,name,59.3,0,band,,silver
2025,nanjing,哈尔滨工业大学,睡到自然醒,2,3,8,wf,name,424.9,0,band,,bronze
2025,nanjing,哈尔滨工业大学,长崎不爽世,2,3,8,wf,none,,0,quota,wf,silver
2025,nanjing,南京农业大学,青山,0,1,161,local,name,783.1,0,quota,local,bronze
2025,nanjing,南京林业大学,多首睦子米,0,1,303,local,none,,0,quota,local,
2025,nanjing,中国农业大学,你们说吧，大家说的都队,1,1,151,,none,,0,band,,
2025,nanjing,东北林业大学,可爱的小tralalelo,0,1,184,,none,,0,quota,unexplained,
2025,nanjing,华中科技大学,糖果酱,2,4,45,wf,name,165.5,0,band,,silver
2025,nanjing,华中科技大学,哈斯特坐牢领域大神,2,4,45,wf,name,174.2,1,band,,gold
2025,nanjing,华中科技大学,和平讨论不带节奏,2,4,45,wf,name,209.0,0,quota,wf,silver
2025,nanjing,华中科技大学,仿生Huster会梦见电子野猪吗,2,4,45,wf,name,463.6,0,quota,unexplained,
2025,nanjing,浙江理工大学,"兄弟,你怎么还在WA",2,2,46,,name,453.2,0,band,,silver
2025,nanjing,浙江理工大学,三个臭皮匠只会过样例,2,2,46,,none,,0,band,,
2025,nanjing,北京邮电大学,天绫绫地宁宁,2,3,42,wf,name,104.0,0,band,,silver
2025,nanjing,北京邮电大学,我太想进步了,2,3,42,wf,name,151.2,0,band,,bronze
2025,nanjing,北京邮电大学,Synthesis,2,3,42,wf,name,204.8,0,quota,wf,silver
2025,nanjing,浙江工业大学,ZJUT4,2,2,25,,none,,0,band,,bronze
2025,nanjing,浙江工业大学,ZJUT0,2,2,25,,none,,1,band,,gold
2025,nanjing,西北工业大学,#N/A,2,4,30,host|wf,name,188.0,1,band,,gold
2025,nanjing,西北工业大学,憧憬成为算法少女,2,4,30,host|wf,name,350.0,0,band,,bronze
2025,nanjing,西北工业大学,呼神护卫,2,4,30,host|wf,name,1156.0,0,quota,host,bronze
2025,nanjing,西北工业大学,哈基米难买绿勾,2,4,30,host|wf,none,,0,quota,host,bronze
2025,nanjing,北京理工大学,英文队名,2,4,39,,name,209.4,1,band,,gold
2025,nanjing,北京理工大学,木叶三忍,2,4,39,,name,273.3,0,band,,silver
2025,nanjing,北京理工大学,不要rua我喵,2,4,39,,name,324.1,0,quota,unexplained,
2025,nanjing,北京理工大学,哈基米哦南北绿豆啊西嘎哈呀库,2,4,39,,name,337.8,0,quota,unexplained,bronze
2025,nanjing,安徽大学,众梦之聚,0,1,177,,name,696.2,0,quota,unexplained,silver
2025,nanjing,National University of Mongolia,NUM-NTN,0,3,,non_mainland,none,,0,quota,non_mainland,bronze
2025,nanjing,National University of Mongolia,L4ST_DANCE_uo,0,3,,non_mainland,none,,0,quota,unexplained,
2025,nanjing,National University of Mongolia,NUM-NBO,0,3,,non_mainland,none,,0,quota,unexplained,
2025,nanjing,大连理工大学,这么六！,2,2,62,,name,220.7,0,band,,silver
2025,nanjing,大连理工大学,喵嘤逸,2,2,62,,none,,0,band,,
2025,nanjing,浙江大学,北极星,2,2,2,wf,name,101.8,1,band,,gold
2025,nanjing,浙江大学,歪比巴卜,2,2,2,wf,name,240.7,0,band,,silver
2025,nanjing,扬州大学,柚子醋蒸虾头,0,1,296,local,name,1057.9,0,quota,local,
2025,nanjing,郑州轻工业大学,失败的Man,0,1,221,,none,,0,quota,unexplained,bronze
2025,nanjing,南京信息工程大学,今天也是随机做题的一天,2,4,107,local,name,628.3,0,band,,bronze
2025,nanjing,南京信息工程大学,鲤鱼移动的速度是二米每秒,2,4,107,local,name,637.0,0,band,,silver
2025,nanjing,南京信息工程大学,那就先ai生成吧,2,4,107,local,name,705.5,0,quota,local,bronze
2025,nanjing,南京信息工程大学,绿色结晶猫,2,4,107,local,name,881.0,0,quota,unexplained,
2025,nanjing,东北大学,东北大学_实在不行输出随机数吧,2,4,9,host|wf,name,215.9,0,band,,
2025,nanjing,东北大学,东北大学_前缀,2,4,9,host|wf,none,,0,band,,
2025,nanjing,东北大学,东北大学_魔法霰弹,2,4,9,host|wf,none,,0,quota,host,silver
2025,nanjing,东北大学,东北大学_二周目的记忆,2,4,9,host|wf,none,,0,quota,host,
2025,nanjing,郑州大学,口圭，又是电波题,1,1,157,,none,,0,band,,
2025,nanjing,盐城工学院,红烧狮子头,0,1,385,local,name,1441.5,0,quota,local,
2025,nanjing,山东大学,山东大学的队伍,2,4,47,wf,name,568.6,0,band,,
2025,nanjing,山东大学,海鸥灭火器,2,4,47,wf,name,573.1,0,band,,silver
2025,nanjing,山东大学,圆一定要是圆形的,2,4,47,wf,name,589.3,0,quota,wf,silver
2025,nanjing,山东大学,分形黄昏,2,4,47,wf,name,921.8,0,quota,unexplained,silver
2025,nanjing,北京交通大学,交一发先,2,1,43,wf,none,,0,band,,bronze
2025,nanjing,中南民族大学,Offer四面八方来,0,1,218,,name,703.0,0,quota,unexplained,
2025,nanjing,同济大学,云开自天明,2,2,26,,name,263.0,0,band,,silver
2025,nanjing,同济大学,Non-Trivial TLE,2,2,26,,name,303.1,0,band,,silver
2025,nanjing,香港中文大学（深圳）,Mynoghra,2,3,13,wf|non_mainland,name,47.7,1,band,,gold
2025,nanjing,香港中文大学（深圳）,正在验证该队是否是真人。,2,3,13,wf|non_mainland,name,350.1,0,band,,silver
2025,nanjing,香港中文大学（深圳）,禁忌「O(1)の弹幕结界」,2,3,13,wf|non_mainland,name,375.8,0,quota,wf,bronze
2025,nanjing,华中农业大学,藏题的时候在干什么？能别笑吗？有点AC数吧,1,1,159,,name,604.4,0,band,,bronze
2025,nanjing,杭州电子科技大学信息工程学院,无尽的风之轨迹,1,1,59,,none,,0,band,,silver
2025,nanjing,宁波大学,泥巴动物园,1,2,93,,name,344.1,0,band,,bronze
2025,nanjing,宁波大学,Through Patches of Violent,1,2,93,,none,,0,quota,unexplained,
2025,nanjing,上海大学,树上猫猫头,1,4,65,host|wf,name,227.4,0,band,,silver
2025,nanjing,上海大学,蒟蒻联盟,1,4,65,host|wf,name,452.2,0,quota,host,silver
2025,nanjing,上海大学,对对对,1,4,65,host|wf,name,985.8,0,quota,host,bronze
2025,nanjing,上海大学,三进制,1,4,65,host|wf,none,,0,quota,wf,
2025,nanjing,中国矿业大学,宇宙兄弟,1,2,108,local,name,735.2,0,band,,
2025,nanjing,中国矿业大学,三只煤球想成金,1,2,108,local,name,881.6,0,quota,local,
2025,nanjing,湖北工业大学,Doro给你带了哦润吉,0,1,176,,name,509.8,0,quota,unexplained,silver
2025,nanjing,北京林业大学,本质高手,1,1,125,,none,,0,band,,
2025,nanjing,南京邮电大学,我不是你的宿敌，遗憾是你的宿命(黄鸡大笑),2,4,70,wf|local,none,,0,band,,
2025,nanjing,南京邮电大学,归真守朴，韬光养宝，含英咀华，声震天下,2,4,70,wf|local,none,,0,band,,bronze
2025,nanjing,南京邮电大学,脑袋空空,2,4,70,wf|local,none,,0,quota,wf,bronze
2025,nanjing,南京邮电大学,月下三baka,2,4,70,wf|local,none,,0,quota,local,
2025,nanjing,中山大学,中山大学-游客模式,2,3,7,wf,name,56.0,1,band,,gold
2025,nanjing,中山大学,中山大学-喵喵队想旷工,2,3,7,wf,name,96.5,1,band,,gold
2025,nanjing,中山大学,中山大学-345,2,3,7,wf,name,256.8,0,quota,wf,bronze
2025,nanjing,南开大学,数智省身_唯独可以做到的就是线段树,2,3,49,,none,,0,band,,silver
2025,nanjing,南开大学,数智省身_没想法就用少女乐队,2,3,49,,none,,0,band,,
2025,nanjing,南开大学,数智省身_北闭小学旅游团,2,3,49,,none,,0,quota,unexplained,bronze
2025,nanjing,北京工业大学,鲁棒司机,1,1,86,,name,1341.3,0,band,,
2025,nanjing,温州大学,温大五队,1,1,78,,none,,0,band,,
2025,nanjing,台州学院,学了等于没学,1,1,75,,name,806.6,0,band,,
2025,nanjing,北京大学,飞带不长队,2,4,1,host|wf,name,1.7,1,band,,gold
2025,nanjing,北京大学,你先别急,2,4,1,host|wf,name,8.8,1,band,,gold
2025,nanjing,北京大学,很显然我有意见,2,4,1,host|wf,name,30.0,1,quota,host,gold
2025,nanjing,北京大学,小怪兽训练中心,2,4,1,host|wf,name,51.4,1,quota,host,gold
2025,nanjing,齐鲁工业大学（山东省科学院）,江盼流星雨,0,2,192,,name,770.6,0,quota,unexplained,
2025,nanjing,齐鲁工业大学（山东省科学院）,坐看云起时,0,2,192,,name,1486.0,0,quota,unexplained,bronze
2025,nanjing,吉林大学,一发猜对,2,3,15,,name,205.7,0,band,,bronze
2025,nanjing,吉林大学,未来纵澜,2,3,15,,name,279.7,0,band,,silver
2025,nanjing,吉林大学,夏日空调幻想时刻,2,3,15,,name,565.0,0,quota,unexplained,bronze
2025,nanjing,贵州大学,ITZY,0,1,174,,name,1098.5,0,quota,unexplained,bronze
2025,nanjing,江西财经大学,喜欢只是错觉,1,1,127,,none,,0,band,,
2025,nanjing,江南大学,无牌转生，来到ACM就拿出真本事,1,2,123,local,name,1039.4,0,band,,
2025,nanjing,江南大学,禁忌「莱瓦汀」,1,2,123,local,none,,0,quota,local,silver
2025,nanjing,华南师范大学,A了这题就吃麦旋风,2,3,81,,name,608.0,0,band,,bronze
2025,nanjing,华南师范大学,过了样例就算对,2,3,81,,name,1442.4,0,band,,
2025,nanjing,华南师范大学,破解诅咒的魔法,2,3,81,,none,,0,quota,unexplained,silver
2025,nanjing,徐州工程学院,我来P掉这座山XZIT66,0,1,300,local,none,,0,quota,local,
2025,nanjing,北京师范大学,安卓狗,1,1,33,,none,,1,band,,gold
2025,nanjing,北方工业大学,流光碎影,0,1,169,,name,843.8,0,quota,unexplained,
2025,nanjing,南京工业大学,我太想进步了,0,1,192,local,name,665.7,0,quota,local,bronze
2025,nanjing,东北师范大学,SIST,1,1,90,,none,,0,band,,
2025,nanjing,山东师范大学,樱高轻音部,1,1,124,,name,804.0,0,band,,
2025,nanjing,南昌航空大学,那一天的算法，算法起来,0,1,189,,name,573.8,0,quota,unexplained,bronze
2025,nanjing,东南大学,听说只要会二分就来了,2,3,36,local,name,482.2,0,band,,bronze
2025,nanjing,东南大学,梦想成为算法少女,2,3,36,local,name,586.8,0,band,,bronze
2025,nanjing,东南大学,捉鬼小队,2,3,36,local,name,670.3,0,quota,local,
2025,nanjing,常州大学,三个人凑不出一个队名,0,1,336,local,none,,0,quota,local,
2025,nanjing,东华大学,种树东华传,1,1,87,,none,,0,band,,bronze
2025,nanjing,浙大宁波理工学院,深暗幻想,2,2,147,,none,,0,band,,
2025,nanjing,浙大宁波理工学院,青梅绿茶,2,2,147,,none,,0,band,,bronze
2025,nanjing,厦门大学,闪光春日影,2,2,38,,name,83.9,0,band,,silver
2025,nanjing,厦门大学,绝密icpc保险出金了,2,2,38,,none,,0,band,,silver
2025,nanjing,香港科技大学,红鸟先飞,1,3,66,host|non_mainland,none,,0,band,,silver
2025,nanjing,香港科技大学,HKUST1,1,3,66,host|non_mainland,none,,0,quota,host,silver
2025,nanjing,香港科技大学,Chewing Machine,1,3,66,host|non_mainland,none,,0,quota,host,
2025,nanjing,河南农业大学,逮虾户,0,1,201,,none,,0,quota,unexplained,
2025,nanjing,国防科技大学,暂时不知道叫什么,1,2,130,wf,none,,0,band,,bronze
2025,nanjing,国防科技大学,potato_AC_tomato,1,2,130,wf,none,,0,quota,wf,silver
2025,nanjing,浙大城市学院,别碰我键盘,1,2,112,,name,290.7,0,band,,silver
2025,nanjing,浙大城市学院,AC控,1,2,112,,name,759.3,0,quota,unexplained,bronze
2025,nanjing,合肥工业大学,合工大1队,0,1,195,,name,614.1,0,quota,unexplained,
2025,nanjing,中国民航大学,空指针指向我的心,1,2,160,,name,993.9,0,band,,bronze
2025,nanjing,中国民航大学,分母,1,2,160,,name,1007.4,0,quota,unexplained,bronze
2025,nanjing,香港大学,今天必须取个队名,1,3,22,wf|non_mainland,name,806.8,0,band,,bronze
2025,nanjing,香港大学,kfc_enjoyers,1,3,22,wf|non_mainland,none,,0,quota,wf,
2025,nanjing,香港大学,外国人,1,3,22,wf|non_mainland,none,,0,quota,non_mainland,silver
2025,nanjing,武汉大学,秘封俱乐部,2,4,18,host,name,46.0,1,band,,gold
2025,nanjing,武汉大学,很弱的低手,2,4,18,host,name,146.4,0,band,,silver
2025,nanjing,武汉大学,ACM也有小巧思吗,2,4,18,host,name,162.9,0,quota,host,silver
2025,nanjing,武汉大学,快乐帮,2,4,18,host,none,,0,quota,host,silver
2025,nanjing,西南民族大学,(O)998244353,1,2,131,,none,,0,band,,
2025,nanjing,西南民族大学,Two to Two,1,2,131,,none,,0,quota,unexplained,
2025,nanjing,天津大学,玩三角洲玩的,2,2,98,,name,735.3,0,band,,bronze
2025,nanjing,天津大学,八骏宏图,2,2,98,,name,1347.7,0,band,,
2025,nanjing,华东理工大学,珂朵莉最可爱了,2,2,61,,name,1150.1,0,band,,bronze
2025,nanjing,华东理工大学,王者,2,2,61,,none,,0,band,,
2025,nanjing,上海电力大学,Drown in the Abyss,1,1,138,,none,,0,band,,bronze
2025,nanjing,西安交通大学,过往的画面全都是我不队,2,3,21,wf,name,100.1,0,band,,silver
2025,nanjing,西安交通大学,锦筝叹,2,3,21,wf,name,278.2,0,band,,silver
2025,nanjing,西安交通大学,不知道起什么就不起了吧,2,3,21,wf,name,329.4,0,quota,wf,
2025,nanjing,河南大学,自由发挥,1,1,44,,name,245.7,0,band,,silver
2025,nanjing,中国传媒大学,风滚金轮草,1,2,63,,name,453.5,0,band,,bronze
2025,nanjing,中国传媒大学,中午少年先疯队,1,2,63,,name,1508.0,0,quota,unexplained,
2025,nanjing,上海科技大学,队名++,2,2,57,,name,466.3,0,band,,
2025,nanjing,上海科技大学,还是不知道什么队,2,2,57,,none,,0,band,,
2025,nanjing,河海大学,罚时之羽如深渊相伴 血色acm人生！,2,4,80,local,name,362.3,0,band,,silver
2025,nanjing,河海大学,三重积分,2,4,80,local,name,476.7,0,band,,bronze
2025,nanjing,河海大学,0d00爆吃0721发罚时用粉色起爆器炸毁评测机,2,4,80,local,name,1222.4,0,quota,local,
2025,nanjing,河海大学,我的ACM铁牌物语果然有问题,2,4,80,local,none,,0,quota,unexplained,bronze
2025,nanjing,重庆邮电大学,憧憬成为ACM高手,2,2,54,,name,1666.4,0,band,,
2025,nanjing,重庆邮电大学,蓝桥杯嘤之队,2,2,54,,none,,0,band,,silver
2025,nanjing,香港理工大学,不见🐴,1,1,158,host|non_mainland,none,,0,band,,
2025,nanjing,东北大学秦皇岛分校,数据别和我们作队,2,2,40,,name,1356.5,0,band,,
2025,nanjing,东北大学秦皇岛分校,二十四桥明月夜,2,2,40,,name,1473.5,0,band,,
2025,nanjing,重庆大学,次元沸腾,2,2,58,,name,288.8,0,band,,bronze
2025,nanjing,重庆大学,我有异或症,2,2,58,,none,,0,band,,bronze
2025,nanjing,香港科技大学（广州）,因为太怕 WA 就全点大模拟了,2,3,11,non_mainland,name,41.6,1,band,,gold
2025,nanjing,香港科技大学（广州）,请输入文本,2,3,11,non_mainland,name,556.9,0,band,,
2025,nanjing,香港科技大学（广州）,Unlimitted Penalty Works,2,3,11,non_mainland,none,,0,quota,non_mainland,bronze
2025,nanjing,南通大学,屠零,0,1,279,local,name,936.3,0,quota,local,bronze
2025,nanjing,福州大学,惡·即·斬,2,3,24,,none,,1,band,,gold
2025,nanjing,福州大学,请以上念到名字的队伍上台领奖,2,3,24,,none,,0,band,,
2025,nanjing,福州大学,麦乐鸡，包AC,2,3,24,,none,,0,quota,unexplained,
2025,nanjing,电子科技大学,UESTC_undefined_WiFi,2,4,6,host|wf,name,8.0,1,band,,gold
2025,nanjing,电子科技大学,UESTC_十斤鸭梨,2,4,6,host|wf,name,43.0,1,band,,gold
2025,nanjing,电子科技大学,UESTC_等下掉线一会,2,4,6,host|wf,name,227.0,1,quota,host,gold
2025,nanjing,电子科技大学,UESTC_DebugSimulator,2,4,6,host|wf,name,807.0,0,quota,host,
2025,nanjing,哈尔滨工业大学（威海）,昨日圆车,2,3,29,,name,160.0,0,band,,bronze
2025,nanjing,哈尔滨工业大学（威海）,教练我不想再wa了,2,3,29,,name,860.3,0,band,,bronze
2025,nanjing,哈尔滨工业大学（威海）,为帅气毕业老学长征婚QQ搜“莱芜贝克汉姆”,2,3,29,,none,,0,quota,unexplained,silver
2025,nanjing,中南大学,天堂鸟,2,3,52,wf,name,434.9,0,band,,silver
2025,nanjing,中南大学,少猪哭泣乐队,2,3,52,wf,name,470.4,0,band,,
2025,nanjing,中南大学,go学长拒绝wa学弟,2,3,52,wf,name,858.0,0,quota,wf,bronze
2025,nanjing,中国人民大学,睡眠零队,2,2,35,,none,,1,band,,gold
2025,nanjing,中国人民大学,Distance,2,2,35,,none,,1,band,,gold
2025,nanjing,华南农业大学,那一天的鬼火再响起来,1,2,79,,name,275.7,0,band,,bronze
2025,nanjing,华南农业大学,Ciallo的每一天,1,2,79,,name,953.9,0,quota,unexplained,bronze
2025,nanjing,西华大学,下次不打铁,1,1,136,,none,,0,band,,
2025,nanjing,天津工业大学,香香软软白白嫩嫩可可爱爱队,0,1,215,,name,792.0,0,quota,unexplained,bronze
2025,nanjing,河南理工大学,春秋蝉鸣泣之时,1,2,144,,name,389.2,0,band,,
2025,nanjing,河南理工大学,Kiana Dash!,1,2,144,,none,,0,quota,unexplained,
2025,nanjing,西南大学,喵！喵？喵～,1,1,156,,none,,0,band,,
2025,nanjing,北京航空航天大学,13 级大风,2,3,27,wf,name,448.7,0,band,,bronze
2025,nanjing,北京航空航天大学,来财,2,3,27,wf,none,,0,band,,silver
2025,nanjing,北京航空航天大学,灵知的计算信仰,2,3,27,wf,none,,0,quota,wf,silver
2025,nanjing,湘潭大学,机魂大悦,2,3,53,,none,,0,band,,bronze
2025,nanjing,湘潭大学,赢赢赢,2,3,53,,none,,0,band,,bronze
2025,nanjing,湘潭大学,冬月既朔,2,3,53,,none,,0,quota,unexplained,silver
2025,nanjing,青岛大学,江江无路可退,0,1,187,,name,1024.6,0,quota,unexplained,bronze
2025,nanjing,四川大学,超级洋医,2,3,20,,name,68.4,1,band,,gold
2025,nanjing,四川大学,算法捕猎队,2,3,20,,name,188.5,0,band,,silver
2025,nanjing,四川大学,打一辈子ACM,2,3,20,,none,,0,quota,unexplained,bronze
2025,nanjing,湖南大学,蝴蝶穿花,1,2,31,wf,name,1129.4,0,band,,
2025,nanjing,湖南大学,繁花,1,2,31,wf,none,,0,quota,wf,
2025,nanjing,江西农业大学,最后的轻语,0,1,171,,none,,0,quota,unexplained,
2025,nanjing,广东培正学院,我们要2打3了,1,1,149,,name,796.3,0,band,,
2025,nanjing,清华大学,零基础新生 1 队,2,4,3,wf,name,8.7,1,band,,gold
2025,nanjing,清华大学,Escape,2,4,3,wf,name,11.0,1,band,,gold
2025,nanjing,清华大学,雾里看花,2,4,3,wf,name,17.0,1,quota,wf,gold
2025,nanjing,清华大学,你们这是什么队啊,2,4,3,wf,name,25.5,1,quota,unexplained,gold
2025,nanjing,香港中文大学,塔尖雪王,1,1,19,wf|non_mainland,none,,0,band,,bronze
2025,nanjing,中北大学,文瀛十三不会梦到上床下桌,0,1,198,,name,1271.0,0,quota,unexplained,
2025,nanjing,深圳大学,关注Akie秋绘谢谢喵~,2,2,72,,name,235.8,0,band,,bronze
2025,nanjing,深圳大学,导员抱歉高数看成高铁了，都在说ICPC以为英语课呢,2,2,72,,none,,0,band,,bronze
2025,nanjing,长春理工大学,神人乐队与动物朋友,1,1,128,,none,,0,band,,
2025,nanjing,云南大学,/kill @e,1,1,145,host,name,1051.8,0,band,,
2025,nanjing,集美大学,Guess高手,1,1,103,,none,,0,band,,bronze
2025,nanjing,合肥大学,Amusing Cat,1,1,139,,name,541.7,0,band,,
2025,nanjing,大连海事大学,来点二次元,1,1,95,,none,,0,band,,
2025,nanjing,山东理工大学,我每天打ACM也没上瘾啊,1,1,155,,name,418.8,0,band,,bronze
2025,nanjing,浙江农林大学,ACM菜鸟,1,2,89,,name,994.0,0,band,,
2025,nanjing,浙江农林大学,AveMujica,1,2,89,,name,1817.0,0,quota,unexplained,
2025,nanjing,南京师范大学,不要压力我,0,1,168,local,none,,0,quota,local,
2025,nanjing,湖南科技大学,馥梦繁花,1,1,105,,none,,0,band,,bronze
2025,nanjing,杭州师范大学,楚庾风月,1,3,68,host,name,747.3,0,band,,bronze
2025,nanjing,杭州师范大学,哈哈请冷静,1,3,68,host,name,785.5,0,quota,host,bronze
2025,nanjing,杭州师范大学,尽欣杰力还是做不到吗,1,3,68,host,name,820.7,0,quota,host,bronze
2025,nanjing,湖南理工学院,可乐没糖,0,1,164,,name,1512.0,0,quota,unexplained,
2025,nanjing,西安电子科技大学,咖啡馆的贴贴物语,2,2,50,,name,224.4,0,band,,silver
2025,nanjing,西安电子科技大学,无色透明,2,2,50,,name,301.1,0,band,,bronze
2025,nanjing,哈尔滨工业大学（深圳）,哈气五小时,2,2,23,,name,80.4,0,band,,silver
2025,nanjing,哈尔滨工业大学（深圳）,会赢吗？,2,2,23,,name,219.5,0,band,,silver
2025,nanjing,北京科技大学,队友十年单身换区域赛银牌,1,1,101,,name,542.2,0,band,,
2025,nanjing,长沙理工大学,长理不包吃住,1,1,71,,name,1765.3,0,band,,bronze
2025,nanjing,暨南大学,彼瓦帝·凡·氪拉布,1,1,102,,none,,0,band,,
2025,nanjing,广东外语外贸大学,Fe++,1,1,121,,none,,0,band,,bronze
2025,nanjing,东莞理工学院,求求你让我a一题,1,1,140,,name,1540.5,0,band,,
2025,nanjing,黑龙江大学,云月惊鸿来,0,1,207,,none,,0,quota,unexplained,bronze
2025,nanjing,山东科技大学,心宿号,1,1,76,,name,1550.1,0,band,,
2025,nanjing,苏州工学院,邪气大王,0,1,,local,none,,0,quota,local,
2025,nanjing,宁波财经学院,算法复仇者,1,1,129,,none,,0,band,,
2025,nanjing,武汉纺织大学,2007,1,1,109,,name,313.4,0,band,,bronze
2025,nanjing,西南财经大学,狼狼狼,1,1,113,,name,352.0,0,band,,
2025,nanjing,浙江工商大学,魔法火焰,2,3,137,,name,690.1,0,band,,
2025,nanjing,浙江工商大学,了解你的捍卫者,2,3,137,,name,715.0,0,band,,
2025,nanjing,浙江工商大学,猫猫骑士团,2,3,137,,name,721.1,0,quota,unexplained,bronze
2025,nanjing,武汉科技大学,样例过了就AC,1,1,115,,name,529.5,0,band,,bronze
2025,nanjing,湖南师范大学,夔一足矣,1,1,74,,none,,0,band,,
2025,nanjing,大连理工大学盘锦校区,无限战争,0,1,167,,name,1004.0,0,quota,unexplained,
2025,nanjing,湖南城市学院,灰姑娘的故事,1,1,110,,name,310.1,0,band,,silver
2025,nanjing,南京大学,RE的怪物正从窗边看着,2,4,5,wf|local,name,107.4,1,band,,gold
2025,nanjing,南京大学,黑骑士,2,4,5,wf|local,name,133.9,0,band,,silver
2025,nanjing,南京大学,最后一舞,2,4,5,wf|local,name,211.0,0,quota,wf,silver
2025,nanjing,南京大学,无名队,2,4,5,wf|local,name,232.5,0,quota,local,bronze
2025,nanjing,华中师范大学,兄弟，我来助你,1,1,93,,name,310.5,0,band,,bronze
2025,nanjing,上海交通大学,霞染长空,2,3,16,wf,name,83.6,1,band,,gold
2025,nanjing,上海交通大学,且歌,2,3,16,wf,name,98.0,1,band,,gold
2025,nanjing,上海交通大学,空月之歌,2,3,16,wf,name,134.3,0,quota,wf,silver
2025,nanjing,昆明理工大学,天青色,0,1,238,,name,912.7,0,quota,unexplained,
2025,nanjing,中国科学院大学,健康的人类要冲出太阳系,1,2,83,,name,546.0,0,band,,
2025,nanjing,中国科学院大学,Chirp-Z变换,1,2,83,,none,,0,quota,unexplained,silver
2025,nanjing,广州大学,西哈诺,1,1,91,,name,273.9,0,band,,bronze
2025,nanjing,深圳技术大学,SZTU_云中锦书,1,1,103,,name,790.0,0,band,,
2025,nanjing,成都信息工程大学,鼠鼠大王,1,1,100,,name,918.9,0,band,,
2025,nanjing,江西师范大学,I have no idea.,1,1,150,,none,,0,band,,
2025,nanjing,江苏大学,不错的队名,1,2,73,local,none,,0,band,,
2025,nanjing,江苏大学,Silversong,1,2,73,local,none,,0,quota,local,bronze
2025,nanjing,香港城市大学（东莞）,让我们说中文！欢迎来到国际大学生程序赛的世界，你准备好成为ICPC传奇了吗？,0,1,190,non_mainland,none,,0,quota,non_mainland,
2025,nanjing,哈尔滨工程大学,go学长带着瓦妈妈逃离三角洲去打舞萌,2,2,82,,name,373.0,0,band,,bronze
2025,nanjing,哈尔滨工程大学,队里只有一只二刺猿所以起名还是问fufu吧¿,2,2,82,,name,755.8,0,band,,bronze
2025,nanjing,武汉工程大学,关关过,1,1,117,,none,,0,band,,
2025,nanjing,上海师范大学,AI可以代替程序员但无法代替家里蹲,1,1,143,,none,,0,band,,
2025,nanjing,东北农业大学,没时间想队名了!,0,1,255,,name,1461.0,0,quota,unexplained,
2025,nanjing,山东大学（威海）,ACM笑传之冲冲榜,1,1,122,,name,719.6,0,band,,
2025,nanjing,新疆大学,朝歌,0,1,182,,none,,0,quota,unexplained,bronze
2025,nanjing,重庆理工大学,弈,1,1,84,,name,267.0,0,band,,
2025,nanjing,浙江财经大学,三生万物,1,1,152,,none,,0,band,,
2025,nanjing,广西大学,奇迹与你,0,1,188,,name,1307.8,0,quota,unexplained,bronze
2025,nanjing,中国计量大学,倒影,1,1,132,,name,1125.2,0,band,,
2025,nanjing,昆山杜克大学,交题就是胜利,0,1,197,,none,,0,quota,unexplained,bronze
2025,nanjing,长安大学,重生之憧憬成为菜狗,0,1,166,,name,1071.5,0,quota,unexplained,bronze
2025,nanjing,浙江科技大学,土申王,0,1,164,,name,746.6,0,quota,unexplained,
2025,nanjing,福建理工大学,队友南京有牌子，这把稳了,1,1,154,,none,,0,band,,
2025,nanjing,中国地质大学（武汉）,不可思议之国的爱丽丝正在梦游仙境,1,1,114,,name,501.2,0,band,,bronze
2025,nanjing,西湖大学,world.execute(me);,2,2,41,,name,84.0,0,band,,silver
2025,nanjing,西湖大学,开始AC的理想论,2,2,41,,none,,0,band,,
2025,nanjing,上海纽约大学,()不是回文,1,1,51,,none,,0,band,,
2025,nanjing,西北大学,欲买桂花同载酒,1,1,105,,name,1112.3,0,band,,
2025,nanjing,西安理工大学,风与天空,1,1,118,,name,1042.0,0,band,,bronze
2025,nanjing,太原理工大学,我有一个绝妙的算法，但空白处太少，我写不下,0,1,256,,name,780.7,0,quota,unexplained,
2025,nanjing,香港城市大学,初心,0,1,202,host|non_mainland,name,822.0,0,quota,host,
2025,nanjing,南京晓庄学院,两个人加起来写不出一个Hello World!,0,1,206,local,none,,0,quota,local,
2025,nanjing,上海理工大学,爆一发只是在测数据强度,1,1,56,,none,,0,band,,bronze
2025,nanjing,浙江万里学院,轮回之糸,0,1,212,,none,,0,quota,unexplained,
2025,nanjing,厦门理工学院,91 -Ninety One-,1,1,134,,none,,0,band,,
2025,nanjing,兰州大学,三条区好想成为人类,1,1,88,,none,,0,band,,bronze
2025,nanjing,中国地质大学（北京）,棒打小鲜橙,1,1,77,,none,,0,band,,silver
2025,shanghai,浙大城市学院,云水璃灯外,1,1,112,,name,527.8,0,band,,
2025,shanghai,湘潭大学,沪上老登,1,1,53,,none,,1,band,,gold
2025,shanghai,吉林大学,未来纵澜,2,2,15,,name,279.7,0,band,,silver
2025,shanghai,吉林大学,久世浮倾,2,2,15,,name,307.4,0,band,,silver
2025,shanghai,杭州师范大学,散落飘零,1,3,68,host,name,772.0,0,band,,
2025,shanghai,杭州师范大学,知识学爆,1,3,68,host,name,1239.6,0,quota,host,
2025,shanghai,杭州师范大学,柯南救救我,1,3,68,host,none,,0,quota,host,bronze
2025,shanghai,电子科技大学,UESTC_十斤鸭梨,2,4,6,host|wf,name,43.0,1,band,,gold
2025,shanghai,电子科技大学,UESTC_雪色光晕,2,4,6,host|wf,name,138.0,0,band,,silver
2025,shanghai,电子科技大学,UESTC_在理工学校想邂逅艺术学妹搞错了什么,2,4,6,host|wf,name,292.0,0,quota,host,bronze
2025,shanghai,电子科技大学,UESTC_三妖精SAY WA!!!,2,4,6,host|wf,none,,0,quota,host,bronze
2025,shanghai,华南农业大学,那一天的鬼火再响起来,1,1,79,,name,275.7,0,band,,silver
2025,shanghai,西安电子科技大学,风起鹰翔,2,2,50,,name,181.0,0,band,,bronze
2025,shanghai,西安电子科技大学,憧憬成为ACM高手,2,2,50,,name,294.5,0,band,,bronze
2025,shanghai,浙江师范大学,我是猫娘,1,2,67,,name,244.9,0,band,,silver
2025,shanghai,浙江师范大学,样例能过就AC,1,2,67,,name,565.9,0,quota,unexplained,bronze
2025,shanghai,山东大学（威海）,进击的奶龙,1,1,122,,name,476.5,0,band,,
2025,shanghai,北京大学,随机匹配,2,4,1,host|wf,name,4.0,1,band,,gold
2025,shanghai,北京大学,一步之遥,2,4,1,host|wf,name,6.0,1,band,,gold
2025,shanghai,北京大学,抹茶小蛋糕,2,4,1,host|wf,name,11.2,1,quota,host,gold
2025,shanghai,北京大学,该用户名已被占用,2,4,1,host|wf,name,18.0,1,quota,host,gold
2025,shanghai,华中农业大学,闪光袋鼠哥哥,1,1,159,,name,589.2,0,band,,
2025,shanghai,重庆邮电大学,蓝桥杯嘤之队,1,1,54,,none,,0,band,,bronze
2025,shanghai,安徽大学,似乎没有能够令人AC的隐藏指令,1,1,177,,none,,0,band,,bronze
2025,shanghai,广州大学,ODT暴徒,1,1,91,,none,,0,band,,
2025,shanghai,中国科学院大学,原神启动队,1,1,83,,name,452.9,0,band,,
2025,shanghai,西南财经大学,融化的梦,1,1,113,,name,1027.0,0,band,,
2025,shanghai,中国传媒大学,再演,1,2,63,,name,252.4,0,band,,silver
2025,shanghai,中国传媒大学,中传赶紧修梆子井地道队,1,2,63,,none,,0,quota,unexplained,bronze
2025,shanghai,南京大学,RE的怪物正从窗边看着,2,3,5,wf,name,107.4,1,band,,gold
2025,shanghai,南京大学,招魂时刻,2,3,5,wf,name,208.7,1,band,,gold
2025,shanghai,南京大学,肆零捌,2,3,5,wf,none,,1,quota,wf,gold
2025,shanghai,福建理工大学,我推的式子,1,1,154,,none,,0,band,,
2025,shanghai,宁波财经学院,你不能拿我们和那些强队比,1,1,129,,none,,0,band,,silver
2025,shanghai,温州大学,温大一队,1,2,78,,name,499.5,0,band,,bronze
2025,shanghai,温州大学,牌入栈 栈溢出,1,2,78,,name,940.6,0,quota,unexplained,bronze
2025,shanghai,大连理工大学盘锦校区,亡命之徒,1,1,167,,name,567.1,0,band,,bronze
2025,shanghai,信息工程大学,新旬拔队,1,2,170,,name,961.8,0,band,,
2025,shanghai,信息工程大学,1341,1,2,170,,none,,0,quota,unexplained,
2025,shanghai,东北大学秦皇岛分校,最澄澈的空与海,2,3,40,,name,176.1,0,band,,silver
2025,shanghai,东北大学秦皇岛分校,洛森指针,2,3,40,,name,651.8,0,band,,bronze
2025,shanghai,东北大学秦皇岛分校,代码斩杀使-芙莉莲,2,3,40,,name,1226.5,0,quota,unexplained,
2025,shanghai,江苏大学,我讨厌你,1,1,73,,name,227.0,0,band,,silver
2025,shanghai,哈尔滨工程大学,不故障机器人使用创造性AI创造WA,1,1,82,,name,678.4,0,band,,
2025,shanghai,台州学院,我不吃AC,1,1,75,,name,1185.6,0,band,,
2025,shanghai,南京师范大学,和评测机一起打麻将,1,1,168,,none,,0,band,,
2025,shanghai,上海师范大学,赛前不小心通宵了,1,1,143,local,name,1626.0,0,band,,
2025,shanghai,重庆大学,代码奇点,1,1,58,,name,1441.6,0,band,,
2025,shanghai,上海交通大学,启明星,2,4,16,wf|local,name,52.4,1,band,,gold
2025,shanghai,上海交通大学,且歌,2,4,16,wf|local,name,98.0,1,band,,gold
2025,shanghai,上海交通大学,华丽收场+,2,4,16,wf|local,name,112.5,1,quota,wf,gold
2025,shanghai,上海交通大学,蛹,2,4,16,wf|local,name,143.2,0,quota,local,bronze
2025,shanghai,北京林业大学,创4我算了,1,1,125,,name,810.5,0,band,,bronze
2025,shanghai,浙大宁波理工学院,倒头就睡,1,1,147,,none,,0,band,,bronze
2025,shanghai,中国矿业大学,我的青春acm物语果然有问题,1,2,108,,name,1211.7,0,band,,
2025,shanghai,中国矿业大学,样例过就ac,1,2,108,,none,,0,quota,unexplained,
2025,shanghai,长沙理工大学,揭开记忆的帷幕，激起往昔的涟漪,1,1,71,,none,,0,band,,silver
2025,shanghai,中山大学,中山大学-打铁旅游,2,3,7,wf,name,27.3,1,band,,gold
2025,shanghai,中山大学,中山大学-2333er,2,3,7,wf,name,32.3,1,band,,gold
2025,shanghai,中山大学,中山大学-寂静呼唤,2,3,7,wf,name,219.3,0,quota,wf,silver
2025,shanghai,中南大学,老司机带带我,1,2,52,wf,name,214.8,0,band,,
2025,shanghai,中南大学,听说有原石领我就来了,1,2,52,wf,name,734.2,0,quota,wf,
2025,shanghai,哈尔滨工业大学,让HIT再次伟大,2,2,8,wf,name,1513.0,0,band,,
2025,shanghai,哈尔滨工业大学,为无机世界增添色彩,2,2,8,wf,none,,0,band,,bronze
2025,shanghai,西安交通大学,天狼星的心脏,2,3,21,wf,name,152.4,0,band,,silver
2025,shanghai,西安交通大学,今日澄,2,3,21,wf,name,229.0,0,band,,silver
2025,shanghai,西安交通大学,麒麟王,2,3,21,wf,none,,0,quota,wf,silver
2025,shanghai,东南大学,DNA计算,2,3,36,,name,269.5,0,band,,bronze
2025,shanghai,东南大学,悄然谜响,2,3,36,,name,576.5,0,band,,
2025,shanghai,东南大学,北海凌空,2,3,36,,none,,0,quota,unexplained,bronze
2025,shanghai,香港科技大学（广州）,#define long long long,2,3,11,non_mainland,name,133.3,0,band,,silver
2025,shanghai,香港科技大学（广州）,我坐戏子楼台前,2,3,11,non_mainland,name,179.9,0,band,,bronze
2025,shanghai,香港科技大学（广州）,那很有生活了,2,3,11,non_mainland,name,663.9,0,quota,non_mainland,bronze
2025,shanghai,上海科技大学,惊天大涅槃,1,1,57,local,name,270.4,0,band,,bronze
2025,shanghai,绍兴文理学院,大宝一刀把复杂度劈成O(1)了,0,1,227,,name,678.4,0,quota,unexplained,
2025,shanghai,杭州电子科技大学信息工程学院,无尽的风之轨迹,1,1,59,,none,,0,band,,silver
2025,shanghai,湖南理工学院,我不要拿铁,1,1,164,,name,1854.0,0,band,,
2025,shanghai,香港城市大学,Feel the Russian Style,0,1,202,host|non_mainland,none,,0,quota,host,bronze
2025,shanghai,浙江万里学院,黑色生日,0,1,212,,none,,0,quota,unexplained,
2025,shanghai,广东工业大学,加睡,2,3,12,,name,181.7,0,band,,silver
2025,shanghai,广东工业大学,呜哇,2,3,12,,name,790.9,0,band,,
2025,shanghai,广东工业大学,AC手动机,2,3,12,,name,853.3,0,quota,unexplained,
2025,shanghai,河海大学,从零开始的ACM生活,1,2,80,,name,329.3,0,band,,bronze
2025,shanghai,河海大学,LGBTQIPKDXUSACM,1,2,80,,name,816.5,0,quota,unexplained,bronze
2025,shanghai,安徽师范大学,天绫绫地宁宁,1,1,175,,name,1685.0,0,band,,
2025,shanghai,江西财经大学,阳光彩虹不白码,1,1,127,,name,743.1,0,band,,
2025,shanghai,华南师范大学,寻找 asxziill 的魔法,1,1,81,,none,,0,band,,silver
2025,shanghai,武汉科技大学,RELX悦刻幻影PRO,1,2,115,,name,655.5,0,band,,silver
2025,shanghai,武汉科技大学,您的骑手正在赶往ICPC的路上,1,2,115,,name,1115.1,0,quota,unexplained,
2025,shanghai,香港中文大学,别笑，你来你也过不了test 2,2,3,19,wf|non_mainland,name,120.0,1,band,,gold
2025,shanghai,香港中文大学,塔尖雪王,2,3,19,wf|non_mainland,none,,0,band,,bronze
2025,shanghai,香港中文大学,放學後飲茶時間!!,2,3,19,wf|non_mainland,none,,0,quota,wf,
2025,shanghai,齐鲁工业大学（山东省科学院）,稻香满径,0,1,192,,none,,0,quota,unexplained,
2025,shanghai,四川大学,球状闪电,2,2,20,,name,61.6,0,band,,silver
2025,shanghai,四川大学,熊猫茶盐鸭,2,2,20,,name,297.0,0,band,,bronze
2025,shanghai,上海海洋大学,胡萝卜(^u^),0,1,236,local,name,993.4,0,quota,local,
2025,shanghai,杭州电子科技大学,杭电3队,2,4,13,,none,,0,band,,silver
2025,shanghai,杭州电子科技大学,杭电6队,2,4,13,,none,,0,band,,silver
2025,shanghai,杭州电子科技大学,杭电7队,2,4,13,,none,,0,quota,unexplained,silver
2025,shanghai,杭州电子科技大学,杭电16队,2,4,13,,none,,0,quota,unexplained,bronze
2025,shanghai,华东师范大学,假飞了！,1,3,64,local,name,367.0,0,band,,bronze
2025,shanghai,华东师范大学,例方体,1,3,64,local,name,659.6,0,quota,local,
2025,shanghai,华东师范大学,在上海天文馆会遇到临港小企鹅吗,1,3,64,local,name,738.4,0,quota,unexplained,bronze
2025,shanghai,江西农业大学,砂糖橘看日出,1,1,171,,none,,0,band,,
2025,shanghai,香港中文大学（深圳）,AC娘单推人,2,2,13,wf|non_mainland,name,815.9,0,band,,
2025,shanghai,香港中文大学（深圳）,Trio Leveling,2,2,13,wf|non_mainland,name,1348.0,0,band,,
2025,shanghai,青岛大学,星垂平野,0,1,187,,none,,0,quota,unexplained,bronze
2025,shanghai,中国石油大学（华东）,UPC1953,1,2,69,,name,361.7,0,band,,bronze
2025,shanghai,中国石油大学（华东）,UPC2048,1,2,69,,none,,0,quota,unexplained,
2025,shanghai,中国矿业大学（北京）,云淡风清,1,1,179,,name,744.7,0,band,,bronze
2025,shanghai,山东理工大学,果宝特攻,1,1,155,,name,671.5,0,band,,bronze
2025,shanghai,上海理工大学,退役老登会梦见区域赛金牌吗（）,1,1,56,local,none,,0,band,,
2025,shanghai,浙江财经大学,压缩饼干,1,1,152,,none,,0,band,,silver
2025,shanghai,宁波大学,初音未来-纳西妲-芙宁娜第一可爱喵,1,1,93,,name,1009.7,0,band,,
2025,shanghai,南京邮电大学,AK的芙莉莲,1,2,70,wf,none,,0,band,,
2025,shanghai,南京邮电大学,脑袋空空,1,2,70,wf,none,,0,quota,wf,
2025,shanghai,江南大学,我们不可能拿到金牌，不行不行！﻿（﻿※似乎可行！﻿？﻿）,1,1,123,,none,,0,band,,
2025,shanghai,中央财经大学,Blinding Accepts,1,1,173,,none,,0,band,,bronze
2025,shanghai,哈尔滨理工大学,哈理工16队SH,0,1,220,,none,,0,quota,unexplained,
2025,shanghai,东华大学,凌梦舟,1,2,87,local,name,1461.0,0,band,,
2025,shanghai,东华大学,因为0721和我推绫地宁宁组一辈子乐队,1,2,87,local,none,,0,quota,local,
2025,shanghai,河北师范大学,指尖破晓,1,1,126,,name,1275.0,0,band,,bronze
2025,shanghai,上海电力大学,Slay the ICPC 2:AC,1,1,138,local,none,,0,band,,
2025,shanghai,南开大学,数智省身_早早早,2,2,49,,none,,0,band,,
2025,shanghai,南开大学,数智省身_唯独可以做到的就是线段树,2,2,49,,none,,0,band,,silver
2025,shanghai,浙江工商大学,珂朵莉,1,1,137,,name,723.3,0,band,,bronze
2025,shanghai,华中师范大学,麻衣学姐想念zzz,1,1,93,,none,,0,band,,
2025,shanghai,桂林电子科技大学,无名之辈3,0,1,321,,none,,0,quota,unexplained,
2025,shanghai,重庆工程学院,赢还是遗憾？,1,1,96,,none,,0,band,,
2025,shanghai,贵州大学,保研大佬带我飞,1,1,174,,none,,0,band,,bronze
2025,shanghai,广州华商学院,777,0,1,368,,name,1314.1,0,quota,unexplained,
2025,shanghai,南京信息工程大学,银河系炫风爆破松饼,1,1,107,,none,,0,band,,bronze
2025,shanghai,湖南师范大学,雾之湖,1,1,74,,none,,0,band,,silver
2025,shanghai,集美大学,我愿与你永望黄昏,1,1,103,,none,,0,band,,bronze
2025,shanghai,鲁东大学,卤蛋栋梁,0,1,234,,name,808.8,0,quota,unexplained,
2025,shanghai,中国石油大学（北京）克拉玛依校区,三个绿名,1,1,146,,name,672.7,0,band,,bronze
2025,shanghai,成都信息工程大学,说好的幸福呢,1,1,100,,name,1065.7,0,band,,
2025,shanghai,西北工业大学,wanna be free,2,5,30,host|wf,name,62.3,1,band,,gold
2025,shanghai,西北工业大学,#N/A,2,5,30,host|wf,name,188.0,0,band,,silver
2025,shanghai,西北工业大学,憧憬成为算法少女,2,5,30,host|wf,name,350.0,0,quota,host,bronze
2025,shanghai,西北工业大学,temp,2,5,30,host|wf,name,552.0,0,quota,host,
2025,shanghai,西北工业大学,啊啊啊啊宝宝你是一个香香软软甜甜糯糯酥酥脆脆滑滑嫩嫩叮叮咚咚,2,5,30,host|wf,none,,0,quota,wf,bronze
2025,shanghai,兰州大学,诡偷移晶,1,1,88,,none,,0,band,,
2025,shanghai,东北大学,东北大学_虚无小姐,2,4,9,host|wf,none,,0,band,,silver
2025,shanghai,东北大学,东北大学_黄金罗盘,2,4,9,host|wf,none,,0,band,,
2025,shanghai,东北大学,东北大学_毕竟T/L/E无法诉说,2,4,9,host|wf,none,,0,quota,host,
2025,shanghai,东北大学,东北大学_夏日的口袋是三等分TLE的金牌,2,4,9,host|wf,none,,0,quota,host,
2025,shanghai,浙江科技大学,看不懂英语,1,1,164,,none,,0,band,,bronze
2025,shanghai,浙江工业大学,ZJUT5,2,3,25,,none,,0,band,,bronze
2025,shanghai,浙江工业大学,ZJUT7,2,3,25,,none,,0,band,,
2025,shanghai,浙江工业大学,ZJUT6,2,3,25,,none,,0,quota,unexplained,
2025,shanghai,西安理工大学,我被困在了哈基乡,1,1,118,,name,1231.3,0,band,,
2025,shanghai,湖北工业大学,一个未被使用的队名,1,1,176,,none,,0,band,,
2025,shanghai,哈尔滨工业大学（深圳）,从这里开始,2,2,23,,name,369.0,0,band,,bronze
2025,shanghai,哈尔滨工业大学（深圳）,这么出题是吧,2,2,23,,name,421.0,0,band,,bronze
2025,shanghai,西安邮电大学,点铁成铜,1,2,180,,none,,0,band,,
2025,shanghai,西安邮电大学,突然发了张外卡额我们就来了,1,2,180,,none,,0,quota,unexplained,
2025,shanghai,合肥大学,three good-for-nothing,1,1,139,,none,,0,band,,
2025,shanghai,山东师范大学,最后亿舞,1,1,124,,name,1697.3,0,band,,
2025,shanghai,中国地质大学（北京）,奸奇不知道哦,1,1,77,,none,,0,band,,
2025,shanghai,江西师范大学,梨蛋汤,1,2,150,,name,576.0,0,band,,bronze
2025,shanghai,江西师范大学,一碗饭,1,2,150,,none,,0,quota,unexplained,
2025,shanghai,浙江大学,假如像他一样语文 130,2,4,2,wf,name,36.0,1,band,,gold
2025,shanghai,浙江大学,石莓,2,4,2,wf,name,121.0,0,band,,silver
2025,shanghai,浙江大学,透明哀歌,2,4,2,wf,name,138.8,0,quota,wf,silver
2025,shanghai,浙江大学,杨桃星球,2,4,2,wf,none,,1,quota,unexplained,gold
2025,shanghai,安阳师范学院,TLE on Test 1,1,1,163,,none,,0,band,,
2025,shanghai,香港科技大学,红鸟先飞,1,3,66,host|non_mainland,none,,0,band,,silver
2025,shanghai,香港科技大学,Chewing Machine,1,3,66,host|non_mainland,none,,0,quota,host,
2025,shanghai,香港科技大学,HKUST4,1,3,66,host|non_mainland,none,,0,quota,host,
2025,shanghai,大连理工大学,逆元,1,1,62,,name,584.5,0,band,,bronze
2025,shanghai,南方科技大学,南方科技大学-养老院护工,2,3,10,wf,none,,0,band,,silver
2025,shanghai,南方科技大学,南方科技大学-巴库,2,3,10,wf,none,,0,band,,silver
2025,shanghai,南方科技大学,南方科技大学-希尔万,2,3,10,wf,none,,0,quota,wf,
2025,shanghai,武汉纺织大学,因为太怕爆零就全交暴力了,1,1,109,,none,,0,band,,
2025,shanghai,河南大学,好想玩道德与法治6,2,2,44,,name,988.3,0,band,,
2025,shanghai,河南大学,我要睡觉了,2,2,44,,name,1158.3,0,band,,
2025,shanghai,中国计量大学,倒影,1,1,132,,name,1125.2,0,band,,
2025,shanghai,武汉工程大学,歪比巴卜,1,1,117,,none,,0,band,,
2025,shanghai,上海第二工业大学,⑨,0,1,243,local,name,696.7,0,quota,local,bronze
2025,shanghai,北京工业大学,队名,1,1,86,,name,643.8,0,band,,bronze
2025,shanghai,同济大学,广铁集团,2,3,26,local,name,337.4,0,band,,silver
2025,shanghai,同济大学,路边三条,2,3,26,local,name,876.9,0,band,,
2025,shanghai,同济大学,队的队的哦不队不队,2,3,26,local,name,1276.9,0,quota,local,
2025,shanghai,福州大学,WA库WA库,2,3,24,,none,,0,band,,bronze
2025,shanghai,福州大学,我喜欢你,2,3,24,,none,,0,band,,silver
2025,shanghai,福州大学,一页诗,2,3,24,,none,,0,quota,girls,
2025,shanghai,深圳技术大学,SZTU_水银之毒,1,1,103,,name,317.8,0,band,,bronze
2025,shanghai,西南科技大学,老东西,0,1,196,,none,,0,quota,unexplained,
2025,shanghai,广西师范大学,哇哈哈哈哈哈,0,1,275,,name,914.4,0,quota,unexplained,bronze
2025,shanghai,辽宁大学,三位一体,0,1,286,,none,,0,quota,unexplained,
2025,shanghai,中国民航大学,基本演绎法,1,2,160,,name,697.6,0,band,,
2025,shanghai,中国民航大学,临时组队,1,2,160,,none,,0,quota,unexplained,bronze
2025,shanghai,北方工业大学,流光碎影,1,1,169,,name,843.8,0,band,,bronze
2025,shanghai,西南民族大学,新王朝,1,2,131,,none,,0,band,,
2025,shanghai,西南民族大学,竹栈,1,2,131,,none,,0,quota,unexplained,
2025,shanghai,华侨大学,潜龙腾渊,0,1,377,,none,,0,quota,unexplained,
2025,shanghai,北京邮电大学,Synthesis,2,4,42,wf,name,204.8,0,band,,silver
2025,shanghai,北京邮电大学,太空漫游999ms,2,4,42,wf,name,302.6,0,band,,bronze
2025,shanghai,北京邮电大学,逐月之城,2,4,42,wf,name,697.3,0,quota,wf,bronze
2025,shanghai,北京邮电大学,不是清北一队,2,4,42,wf,none,,1,quota,unexplained,gold
2025,shanghai,东北师范大学,队长没睡醒所以训练取消了,1,1,90,,none,,0,band,,bronze
2025,shanghai,莆田学院,斯库尔德,1,1,172,,none,,0,band,,
2025,shanghai,上海海事大学,放学后 Algorithm Time,0,1,282,local,name,1002.9,0,quota,local,
2025,shanghai,香港理工大学,愚者,1,2,158,host|non_mainland,name,835.0,0,band,,
2025,shanghai,香港理工大学,简易长矛,1,2,158,host|non_mainland,none,,0,quota,host,
2025,shanghai,武汉大学,很弱的低手,2,4,18,host,name,146.4,0,band,,silver
2025,shanghai,武汉大学,ACM也有小巧思吗,2,4,18,host,name,162.9,0,band,,silver
2025,shanghai,武汉大学,西柚柠檬气泡水,2,4,18,host,name,220.1,1,quota,host,gold
2025,shanghai,武汉大学,0大于队名长度,2,4,18,host,none,,1,quota,host,gold
2025,shanghai,武汉理工大学,不再曼波,1,2,60,wf,name,233.9,0,band,,silver
2025,shanghai,武汉理工大学,树下猫猫虫,1,2,60,wf,none,,0,quota,wf,silver
2025,shanghai,西南大学,SWU_Mygo!!!,1,1,156,,name,523.8,0,band,,bronze
2025,shanghai,香港大学,外国人,2,2,22,wf|non_mainland,none,,0,band,,bronze
2025,shanghai,香港大学,kfc_enjoyers,2,2,22,wf|non_mainland,none,,0,band,,
2025,shanghai,南阳理工学院,思考一下就AC,1,1,133,,none,,0,band,,
2025,shanghai,济南大学,风鹏万里,2,1,37,,name,951.0,0,band,,bronze
2025,shanghai,复旦大学,五行缺金,2,4,4,local,name,42.4,1,band,,gold
2025,shanghai,复旦大学,奶龙的小七,2,4,4,local,name,48.1,0,band,,silver
2025,shanghai,复旦大学,随机一个字符串得了,2,4,4,local,name,77.8,1,quota,local,gold
2025,shanghai,复旦大学,AAA专业歪榜修正奶龙,2,4,4,local,name,138.3,0,quota,unexplained,silver
2025,shanghai,南昌航空大学,无牌不叫,0,1,189,,name,751.2,0,quota,unexplained,bronze
2025,shanghai,华中科技大学,和平讨论不带节奏,2,3,45,wf,name,209.0,1,band,,gold
2025,shanghai,华中科技大学,终帆,2,3,45,wf,name,253.6,0,band,,silver
2025,shanghai,华中科技大学,异或非与,2,3,45,wf,none,,0,quota,wf,silver
2025,shanghai,湖南科技大学,最后一舞 队伍,1,1,105,,none,,0,band,,bronze
2025,shanghai,郑州大学,芙宁娜的小蛋糕,1,2,157,,none,,0,band,,
2025,shanghai,郑州大学,口圭，又是电波题,1,2,157,,none,,0,quota,unexplained,bronze
2025,shanghai,北京建筑大学,超级无敌炫酷原神苯环大坝,2,1,34,,none,,0,band,,silver
2025,shanghai,西北大学,赢！,1,1,105,,none,,0,band,,bronze
2025,shanghai,深圳大学,瓦尔普吉斯,1,1,72,,none,,0,band,,silver
2025,shanghai,北京化工大学,拔雪寻春,1,2,96,,name,938.3,0,band,,
2025,shanghai,北京化工大学,哎呦你干嘛,1,2,96,,none,,0,quota,unexplained,
2025,shanghai,哈尔滨工业大学（威海）,神秘客：快速幂,2,2,29,,none,,0,band,,bronze
2025,shanghai,哈尔滨工业大学（威海）,秋日狂想,2,2,29,,none,,0,band,,bronze
2025,shanghai,中国科学技术大学,故事的下一页,2,4,17,wf,name,91.0,0,band,,silver
2025,shanghai,中国科学技术大学,无垠,2,4,17,wf,name,101.1,1,band,,gold
2025,shanghai,中国科学技术大学,摸鱼之魂终将归来,2,4,17,wf,name,129.9,0,quota,wf,silver
2025,shanghai,中国科学技术大学,失去梦想变成猫猫猫,2,4,17,wf,name,331.7,0,quota,unexplained,silver
2025,shanghai,上海纽约大学,小男娘,1,1,51,local,name,135.5,1,band,,gold
2025,shanghai,北京航空航天大学,我队友得了MVP！,2,3,27,wf,name,257.5,0,band,,bronze
2025,shanghai,北京航空航天大学,偏差认矢,2,3,27,wf,none,,0,band,,silver
2025,shanghai,北京航空航天大学,奇迹和魔法，都是存在的,2,3,27,wf,none,,1,quota,wf,gold
2025,shanghai,大连海事大学,鲸突吼进,1,1,95,,none,,0,band,,bronze
2025,shanghai,北京理工大学,Penalty这么高它的意思一定是分数吧,2,4,39,,name,101.2,0,band,,silver
2025,shanghai,北京理工大学,过了样例也不队,2,4,39,,name,308.4,0,band,,silver
2025,shanghai,北京理工大学,开始头大了已经,2,4,39,,none,,0,quota,unexplained,
2025,shanghai,北京理工大学,世界这么大为什么来打a队,2,4,39,,none,,0,quota,unexplained,bronze
2025,shanghai,北京师范大学,安卓狗,2,2,33,,none,,1,band,,gold
2025,shanghai,北京师范大学,多边狗,2,2,33,,none,,0,band,,
2025,shanghai,长春理工大学,DESUWA,1,2,128,,none,,0,band,,bronze
2025,shanghai,长春理工大学,神人乐队与动物朋友,1,2,128,,none,,0,quota,unexplained,
2025,shanghai,华东理工大学,珂朵莉最可爱了,1,2,61,local,name,1150.1,0,band,,
2025,shanghai,华东理工大学,的泛因特隆隆,1,2,61,local,none,,0,quota,local,
2025,shanghai,苏州大学,憧憬成为算竞糕手,1,1,111,,name,449.5,0,band,,bronze
2025,shanghai,新疆大学,最后一舞,0,1,182,,none,,0,quota,unexplained,bronze
2025,shanghai,厦门大学,羽生萌萌香,2,2,38,,none,,0,band,,
2025,shanghai,厦门大学,一缸石榴,2,2,38,,none,,0,band,,
2025,shanghai,电子科技大学中山学院,随便做都队,1,1,153,,name,572.2,0,band,,bronze
2025,shanghai,中国人民大学,河边喝水的三只猫,2,2,35,,name,851.0,0,band,,
2025,shanghai,中国人民大学,人咪二队,2,2,35,,none,,0,band,,
2025,shanghai,河南理工大学,蛋仔派队,1,1,144,,name,1080.1,0,band,,
2025,shanghai,国防科技大学,未忘花名,1,2,130,wf,none,,0,band,,
2025,shanghai,国防科技大学,万有引力号,1,2,130,wf,none,,0,quota,wf,
2025,shanghai,暨南大学,沪游暨,1,1,102,,none,,0,band,,silver
2025,shanghai,南京农业大学,没有人比我更懂AC,1,2,161,,name,759.7,0,band,,
2025,shanghai,南京农业大学,銀花,1,2,161,,none,,0,quota,unexplained,bronze
2025,shanghai,西藏民族大学,Qinhan1,0,1,,,none,,0,quota,unexplained,
2025,shanghai,长安大学,一只菜猫两只菜狗,1,1,166,,none,,0,band,,
2025,shanghai,南通大学,屠零,0,1,279,,name,936.3,0,quota,unexplained,
2025,shanghai,山东大学,应用随机过程,2,3,47,wf,name,104.0,0,band,,silver
2025,shanghai,山东大学,SDU-ENG,2,3,47,wf,name,146.3,1,band,,gold
2025,shanghai,山东大学,电话微波炉（暂定）,2,3,47,wf,name,256.8,1,quota,wf,gold
2025,shanghai,广东工业大学揭阳校区,GDUTJY_揭宿乐队,0,1,254,,none,,0,quota,unexplained,
2025,shanghai,西湖大学,开始AC的理想论,2,2,41,,none,,0,band,,
2025,shanghai,西湖大学,轰炸机数学学院,2,2,41,,none,,0,band,,bronze
2025,shanghai,浙江机电职业技术大学,倒吊兔,1,1,148,,none,,0,band,,
2025,shanghai,西安工业大学,zhgg飞高高,0,1,288,,none,,0,quota,unexplained,
2025,shanghai,闽南师范大学,没有以前那么喜欢你了,0,1,382,,name,1377.4,0,quota,unexplained,
2025,shanghai,韶关学院,Ciallo World,0,1,344,,none,,0,quota,unexplained,
2025,shanghai,中南民族大学,Offer四面八方来,0,1,218,,name,703.0,0,quota,unexplained,bronze
2025,shanghai,福建农林大学,FAFU幼儿园,0,1,347,,none,,0,quota,unexplained,bronze
2025,shanghai,天津大学,WA不哇塞,1,2,98,,name,704.2,0,band,,bronze
2025,shanghai,天津大学,调一下午还不队,1,2,98,,name,1014.5,0,quota,unexplained,
2025,shanghai,浙江理工大学,对...对吗?对的对的,2,2,46,,name,1466.3,0,band,,
2025,shanghai,浙江理工大学,ac超过5题，后无法通过AC,2,2,46,,none,,0,band,,silver
2025,shanghai,温州商学院,恭喜以上队伍获奖,0,1,230,,name,643.4,0,quota,unexplained,
2025,shanghai,浙江农林大学,acm菜鸟,1,2,89,,name,994.0,0,band,,bronze
2025,shanghai,浙江农林大学,脑子逝去的夏天,1,2,89,,name,1460.0,0,quota,unexplained,
2025,shanghai,四川农业大学,定义 整数 长 长,0,1,259,,none,,0,quota,unexplained,
2025,shanghai,怀化学院,又幻想了,0,1,277,,name,774.6,0,quota,unexplained,
2025,shanghai,南京理工大学,你怎么知道我在四级考试得了433分,2,3,28,wf,name,101.6,0,band,,silver
2025,shanghai,南京理工大学,做题一定要 AC,2,3,28,wf,name,319.0,0,band,,
2025,shanghai,南京理工大学,啊对对对,2,3,28,wf,none,,0,quota,wf,bronze
2025,shanghai,广州城市理工学院,行至尽头,0,1,366,,none,,0,quota,unexplained,
2025,shanghai,郑州轻工业大学,二分最优解,0,1,221,,none,,0,quota,unexplained,
2025,shanghai,四川师范大学,一觉醒来世界算法水平下降一万倍,1,1,161,,none,,0,band,,bronze
2025,shanghai,湖北师范大学,重生之我们是黑红,0,1,322,,none,,0,quota,unexplained,
2025,shanghai,太原理工大学,贪心优化者,0,1,256,,none,,0,quota,unexplained,
2025,shanghai,南昌大学,雪月花,0,1,199,,name,591.2,0,quota,unexplained,bronze
2025,shanghai,北京交通大学,不是我喜欢的罚时，直接无视,2,2,43,wf,none,,0,band,,bronze
2025,shanghai,北京交通大学,防雨,2,2,43,wf,none,,0,band,,bronze
2025,shanghai,华南理工大学,Chickémon GO!,1,2,55,,none,,0,band,,silver
2025,shanghai,华南理工大学,Regain Lost Courage,1,2,55,,none,,0,quota,unexplained,silver
2025,shanghai,浙江中医药大学,ZCMU2,0,1,,,none,,0,quota,unexplained,
2025,shanghai,苏州工学院,小刘小马和小牛马,0,1,,,none,,0,quota,unexplained,
2025,shanghai,广东技术师范大学,阿伟从小就很可爱,0,1,229,,name,708.0,0,quota,unexplained,bronze
2025,shanghai,上海应用技术大学,这一天的AC，AC起来,0,1,371,local,none,,0,quota,local,
2025,shanghai,北京科技大学,测试点全对,1,1,101,,none,,0,band,,
2025,shanghai,东华理工大学,达拉崩吧斑得贝迪卜多比鲁翁,0,1,338,,none,,0,quota,unexplained,
2025,shanghai,惠州学院,时茧织光,0,1,232,,name,634.3,0,quota,unexplained,
2025,shanghai,中国地质大学（武汉）,三人穿墙,1,1,114,,name,1455.6,0,band,,
2025,shanghai,山东科技大学,白羊号,1,2,76,,name,816.0,0,band,,
2025,shanghai,山东科技大学,兰树号,1,2,76,,none,,0,quota,unexplained,
2025,shanghai,河南师范大学,世终孤独,1,2,85,,none,,0,band,,
2025,shanghai,河南师范大学,HTU一队,1,2,85,,none,,0,quota,unexplained,
2025,shanghai,浙江工业大学之江学院,做博丽灵梦谈古明地恋睡古明地觉,0,1,327,,name,1288.2,0,quota,unexplained,
2025,shanghai,北京电子科技学院,学弟将带领电科院走向辉煌,0,1,379,,none,,0,quota,unexplained,bronze
2025,shanghai,合肥工业大学,天天做早操队,0,1,195,,none,,0,quota,unexplained,bronze
2025,shanghai,香港浸会大学,UU加速器,0,1,413,non_mainland,none,,0,quota,non_mainland,
2025,shanghai,昆明理工大学,天青色,0,1,238,,name,912.7,0,quota,unexplained,
2025,shanghai,湖南大学,凌空摘星,2,3,31,wf,name,753.8,0,band,,bronze
2025,shanghai,湖南大学,235711,2,3,31,wf,none,,0,band,,silver
2025,shanghai,湖南大学,三枪队,2,3,31,wf,none,,0,quota,wf,
2025,shanghai,南京航空航天大学,hum,2,4,32,host|wf,name,284.7,0,band,,silver
2025,shanghai,南京航空航天大学,逸群之彦,2,4,32,host|wf,name,608.3,0,band,,
2025,shanghai,南京航空航天大学,星群,2,4,32,host|wf,name,709.9,0,quota,host,
2025,shanghai,南京航空航天大学,Wrongtime Error,2,4,32,host|wf,name,1322.9,0,quota,host,
2025,shanghai,厦门大学嘉庚学院,TFWrenches,0,1,235,,none,,0,quota,unexplained,
2025,shanghai,蒙古国立大学(Монгол Улсын Их Сургууль),NUM-Treaple,0,2,,non_mainland,none,,0,quota,non_mainland,
2025,shanghai,蒙古国立大学(Монгол Улсын Их Сургууль),N^3,0,2,,non_mainland,none,,0,quota,unexplained,
2025,shenyang,阿坝师范学院,南蛮入侵,1,1,210,,name,776.5,0,band,,
2025,shenyang,哈尔滨工业大学（深圳）,溢出,2,2,23,,name,182.9,0,band,,silver
2025,shenyang,哈尔滨工业大学（深圳）,不如加训,2,2,23,,name,340.3,0,band,,bronze
2025,shenyang,南京理工大学,天梯赛 136，出击！,2,3,28,wf,none,,0,band,,silver
2025,shenyang,南京理工大学,三人成行,2,3,28,wf,none,,0,band,,
2025,shenyang,南京理工大学,样例过了就是过,2,3,28,wf,none,,0,quota,wf,
2025,shenyang,大连理工大学,青雨归潮,2,4,62,local,none,,0,band,,silver
2025,shenyang,大连理工大学,评测机我来给你踩踩背,2,4,62,local,none,,0,band,,
2025,shenyang,大连理工大学,大连理工四队,2,4,62,local,none,,0,quota,local,bronze
2025,shenyang,大连理工大学,关注带工喵，关注带工谢谢喵(≧^.^≦),2,4,62,local,none,,0,quota,unexplained,silver
2025,shenyang,安徽大学,喵喵喵~,1,1,177,,name,642.0,0,band,,silver
2025,shenyang,哈尔滨工业大学（威海）,重生在哈威wa铜,2,1,29,,none,,0,band,,
2025,shenyang,南京农业大学,銀花,1,1,161,,none,,0,band,,
2025,shenyang,重庆邮电大学,流离之人追逐幻影,2,2,54,,name,546.6,0,band,,
2025,shenyang,重庆邮电大学,3G联盟,2,2,54,,name,967.0,0,band,,bronze
2025,shenyang,安徽农业大学,客星璀璨之夜,1,1,214,,none,,0,band,,bronze
2025,shenyang,哈尔滨理工大学,哈理工08队SY,1,2,220,,none,,0,band,,bronze
2025,shenyang,哈尔滨理工大学,哈理工01队SY,1,2,220,,none,,0,quota,unexplained,
2025,shenyang,南京师范大学,一年前的仇难道就不报了吗,1,1,168,,none,,0,band,,
2025,shenyang,西安欧亚学院,略去过程QED,1,1,217,,name,656.6,0,band,,bronze
2025,shenyang,安徽师范大学,灰原哀说的都队,1,1,175,,name,1386.0,0,band,,
2025,shenyang,南京晓庄学院,不吃压力,1,1,206,,none,,0,band,,bronze
2025,shenyang,西安邮电大学,琪露诺带喵喵藜再飞一次,1,1,180,,none,,0,band,,bronze
2025,shenyang,安阳师范学院,舞舞舞（全队拉条）,1,1,163,,none,,0,band,,bronze
2025,shenyang,哈尔滨商业大学,量子饺子机哈基米复杂度O(能过),0,1,408,,none,,0,quota,unexplained,
2025,shenyang,南京信息工程大学,替换失败并非错误,1,1,107,,none,,0,band,,bronze
2025,shenyang,西北大学,忆月葬雪,1,1,105,,name,276.9,0,band,,silver
2025,shenyang,北方工业大学,落榜程序员,1,1,169,,name,730.3,0,band,,silver
2025,shenyang,杭州电子科技大学,杭电17队,2,4,13,,none,,0,band,,bronze
2025,shenyang,杭州电子科技大学,杭电11队,2,4,13,,none,,0,band,,silver
2025,shenyang,杭州电子科技大学,杭电8队,2,4,13,,none,,0,quota,unexplained,
2025,shenyang,杭州电子科技大学,杭电5队,2,4,13,,none,,0,quota,unexplained,silver
2025,shenyang,南京邮电大学,Accepted is all you need,2,3,70,wf,none,,0,band,,
2025,shenyang,南京邮电大学,故我在,2,3,70,wf,none,,0,band,,
2025,shenyang,南京邮电大学,XCPC | Wonderful Answer (久经沙场),2,3,70,wf,none,,0,quota,wf,bronze
2025,shenyang,西北工业大学,wanna be free,2,4,30,host|wf,name,62.3,1,band,,gold
2025,shenyang,西北工业大学,阿比斯深渊,2,4,30,host|wf,name,339.7,0,band,,silver
2025,shenyang,西北工业大学,学1维数组写2次剩余运行4次得8个警告16个错误余32根头发,2,4,30,host|wf,name,581.0,0,quota,host,
2025,shenyang,西北工业大学,总湿摇篮,2,4,30,host|wf,name,611.0,0,quota,host,bronze
2025,shenyang,北华大学,北华一队,0,1,228,,none,,0,quota,unexplained,
2025,shenyang,北京城市学院,DreamFire,1,1,120,,name,402.1,0,band,,bronze
2025,shenyang,北京大学,不渡轮回,2,4,1,host|wf,name,1.0,1,band,,gold
2025,shenyang,北京大学,呆呆鸟,2,4,1,host|wf,name,2.0,1,band,,gold
2025,shenyang,北京大学,为你而来,2,4,1,host|wf,name,12.5,1,quota,host,gold
2025,shenyang,北京大学,曾叶翔,2,4,1,host|wf,name,27.0,1,quota,host,gold
2025,shenyang,南开大学,数智省身_北闭小学旅游团,2,3,49,,none,,0,band,,silver
2025,shenyang,南开大学,数智省身_缺乏灵感的菇,2,3,49,,none,,0,band,,bronze
2025,shenyang,南开大学,数智省身_山西大学附属中学校,2,3,49,,none,,0,quota,unexplained,silver
2025,shenyang,杭州师范大学,调和线束,2,4,68,host,name,731.9,0,band,,
2025,shenyang,杭州师范大学,我要对你实行我的AC专属权,2,4,68,host,name,956.0,0,band,,
2025,shenyang,杭州师范大学,知识学爆,2,4,68,host,name,1239.6,0,quota,host,
2025,shenyang,杭州师范大学,槐花阴,2,4,68,host,none,,0,quota,host,
2025,shenyang,西北农林科技大学,老九农,1,1,204,,none,,0,band,,bronze
2025,shenyang,西湖大学,西湖一队,2,2,41,,none,,0,band,,bronze
2025,shenyang,西湖大学,此时压力来到了我们队,2,2,41,,none,,0,band,,silver
2025,shenyang,南阳理工学院,那个队,1,1,133,,none,,0,band,,bronze
2025,shenyang,北京工业大学,铁牌也是牌,2,2,86,,name,349.0,0,band,,silver
2025,shenyang,北京工业大学,双翼翱翔,2,2,86,,name,520.5,0,band,,bronze
2025,shenyang,南阳师范学院,悬笔二绝,0,1,248,,none,,0,quota,unexplained,
2025,shenyang,西南财经大学,融化的梦,1,2,113,,name,1027.0,0,band,,
2025,shenyang,西南财经大学,编译通过就下班,1,2,113,,name,1983.0,0,quota,unexplained,
2025,shenyang,合肥大学,一切都是命运石之门的选择,1,1,139,,name,1494.8,0,band,,
2025,shenyang,宁波大学,时间紧任务重,2,2,93,,name,808.9,0,band,,bronze
2025,shenyang,宁波大学,Bongo Cat,2,2,93,,none,,0,band,,bronze
2025,shenyang,北京航空航天大学,双星很难吗？我rks12.66,2,3,27,wf,name,263.3,0,band,,bronze
2025,shenyang,北京航空航天大学,13 级大风,2,3,27,wf,name,448.7,1,band,,gold
2025,shenyang,北京航空航天大学,爱喝霸王茶姬的哈基米,2,3,27,wf,none,,1,quota,wf,gold
2025,shenyang,河北工程大学,喵喵喵,1,1,203,,name,606.6,0,band,,silver
2025,shenyang,西南大学,星海,1,1,156,,name,669.0,0,band,,silver
2025,shenyang,河北工业大学,正联退,1,1,191,,none,,0,band,,bronze
2025,shenyang,莆田学院,斯库尔德,1,1,172,,none,,0,band,,
2025,shenyang,西南科技大学,贡嘎雪山,1,1,196,,none,,0,band,,bronze
2025,shenyang,河北师范大学,可燃冰红茶,1,1,126,,none,,0,band,,bronze
2025,shenyang,齐鲁工业大学（山东省科学院）,江盼流星雨,1,2,192,,name,770.6,0,band,,bronze
2025,shenyang,齐鲁工业大学（山东省科学院）,寒芒照雪心,1,2,192,,none,,0,quota,unexplained,
2025,shenyang,西南民族大学,Two to Two,1,1,131,,none,,0,band,,
2025,shenyang,北京化工大学,哎哟你干嘛,2,3,96,,none,,0,band,,bronze
2025,shenyang,北京化工大学,楪舞纷飞祈愿相随,2,3,96,,none,,0,band,,
2025,shenyang,北京化工大学,挑灯寻梦,2,3,96,,none,,0,quota,unexplained,bronze
2025,shenyang,河海大学,从零开始的ACM生活,2,4,80,,name,329.3,0,band,,silver
2025,shenyang,河海大学,25时，在老年皮划艇打铁,2,4,80,,name,370.0,0,band,,bronze
2025,shenyang,河海大学,青春acm少女不会梦到黑红名学姐,2,4,80,,name,1341.0,0,quota,unexplained,
2025,shenyang,河海大学,我们中出了一只奶龙,2,4,80,,none,,0,quota,unexplained,
2025,shenyang,香港城市大学（东莞）,让我们说中文！欢迎来到icpc的世界，你准备好成为icpc传奇了吗？,1,1,190,non_mainland,none,,0,band,,
2025,shenyang,齐齐哈尔大学,FFT，快速AC变换,0,1,387,,none,,0,quota,unexplained,
2025,shenyang,香港科技大学,HKUST4,2,1,66,host|non_mainland,none,,0,band,,
2025,shenyang,青岛大学,水天一色,1,1,187,,name,737.6,0,band,,bronze
2025,shenyang,香港科技大学（广州）,我坐戏子楼台前,2,3,11,non_mainland,name,179.9,1,band,,gold
2025,shenyang,香港科技大学（广州）,无限罚时制,2,3,11,non_mainland,name,463.5,0,band,,
2025,shenyang,香港科技大学（广州）,火龙果队,2,3,11,non_mainland,name,843.0,0,quota,non_mainland,
2025,shenyang,北京建筑大学,已经找个班上了,2,1,34,,none,,0,band,,bronze
2025,shenyang,青岛科技大学,青科超人,0,1,252,,none,,0,quota,unexplained,
2025,shenyang,北京交通大学,同衢逐梦,2,3,43,wf,none,,0,band,,bronze
2025,shenyang,北京交通大学,请输入文本,2,3,43,wf,none,,0,band,,silver
2025,shenyang,北京交通大学,绮罗星距离,2,3,43,wf,none,,1,quota,wf,gold
2025,shenyang,河南大学,不协和音程,2,2,44,,name,313.9,1,band,,gold
2025,shenyang,河南大学,在O(1)时间复杂度坠入爱河,2,2,44,,none,,0,band,,
2025,shenyang,泉州师范学院,123456789,1,1,216,,none,,0,band,,bronze
2025,shenyang,厦门大学,我也想跟你们一样厉害,2,2,38,,name,1613.9,0,band,,
2025,shenyang,厦门大学,没能成为人,2,2,38,,none,,0,band,,silver
2025,shenyang,香港中文大学,愛心魚蛋派,2,3,19,wf|non_mainland,none,,0,band,,bronze
2025,shenyang,香港中文大学,放學後飲茶時間!!,2,3,19,wf|non_mainland,none,,0,band,,bronze
2025,shenyang,香港中文大学,酒心魚蛋派,2,3,19,wf|non_mainland,none,,1,quota,wf,gold
2025,shenyang,河南理工大学,河狸诸葛亮,1,2,144,,name,1544.0,0,band,,bronze
2025,shenyang,河南理工大学,嘻嘻好运,1,2,144,,none,,0,quota,unexplained,
2025,shenyang,北京科技大学,顽强报名奖,1,1,101,,name,283.2,0,band,,silver
2025,shenyang,厦门大学嘉庚学院,普通和理所当然是什么,0,1,235,,name,691.5,0,quota,unexplained,
2025,shenyang,北京理工大学,树状数组,2,4,39,,name,316.4,0,band,,silver
2025,shenyang,北京理工大学,动态树,2,4,39,,name,450.4,0,band,,silver
2025,shenyang,北京理工大学,我感觉我灵感枯竭了,2,4,39,,none,,0,quota,unexplained,bronze
2025,shenyang,北京理工大学,世界这么大为什么来打a队,2,4,39,,none,,0,quota,unexplained,
2025,shenyang,河南农业大学,不搞抽象了,1,1,201,,none,,0,band,,bronze
2025,shenyang,厦门理工学院,杀马特团长，我踏马来辣,1,1,134,,none,,0,band,,bronze
2025,shenyang,香港中文大学（深圳）,AC娘单推人,2,3,13,wf|non_mainland,name,815.9,0,band,,
2025,shenyang,香港中文大学（深圳）,米奇妙妙屋,2,3,13,wf|non_mainland,name,1927.0,0,band,,
2025,shenyang,香港中文大学（深圳）,聚散似浮萍,2,3,13,wf|non_mainland,none,,0,quota,wf,silver
2025,shenyang,河南师范大学,牛牛牛,2,2,85,,none,,0,band,,
2025,shenyang,河南师范大学,红鲤鱼与绿鲤鱼与红绿鲤鱼,2,2,85,,none,,0,band,,
2025,shenyang,山东大学,我不曾忘记,2,4,47,wf,name,398.0,0,band,,bronze
2025,shenyang,山东大学,海鸥灭火器,2,4,47,wf,name,573.1,1,band,,gold
2025,shenyang,山东大学,分形黄昏,2,4,47,wf,name,921.8,0,quota,wf,bronze
2025,shenyang,山东大学,AI随机生成,2,4,47,wf,none,,0,quota,unexplained,bronze
2025,shenyang,黑龙江大学,超市神明的造物,1,2,207,,none,,0,band,,bronze
2025,shenyang,黑龙江大学,惊人的老登,1,2,207,,none,,0,quota,unexplained,
2025,shenyang,湘潭大学,无名之辈,2,2,53,,none,,1,band,,gold
2025,shenyang,湘潭大学,冬月既朔,2,2,53,,none,,0,band,,silver
2025,shenyang,北京林业大学,深度烧烤,1,2,125,,name,427.5,0,band,,silver
2025,shenyang,北京林业大学,本质高手,1,2,125,,none,,0,quota,unexplained,bronze
2025,shenyang,湖北工业大学,猫猫虫,1,1,176,,name,1309.6,0,band,,
2025,shenyang,山东大学（威海）,青春蟒蛇少年不会梦到TLE学姐,1,1,122,,name,756.2,0,band,,silver
2025,shenyang,新疆大学,XJU_T7,1,2,182,,none,,0,band,,bronze
2025,shenyang,新疆大学,Fatal Flag,1,2,182,,none,,0,quota,unexplained,
2025,shenyang,北京师范大学,高坂丽奈还没投票,2,4,33,,name,438.2,0,band,,bronze
2025,shenyang,北京师范大学,何以AC,2,4,33,,name,952.3,0,band,,bronze
2025,shenyang,北京师范大学,许愿出金不歪,2,4,33,,name,1783.8,0,quota,unexplained,
2025,shenyang,北京师范大学,象象,2,4,33,,none,,0,quota,unexplained,
2025,shenyang,湖南城市学院,铁牌王,1,1,110,,none,,0,band,,bronze
2025,shenyang,山东科技大学,柏林号,2,3,76,,name,209.8,0,band,,bronze
2025,shenyang,山东科技大学,渡鸦号,2,3,76,,name,649.5,0,band,,bronze
2025,shenyang,山东科技大学,星座号,2,3,76,,name,1822.0,0,quota,unexplained,
2025,shenyang,湖南大学,繁花,2,3,31,wf,none,,0,band,,
2025,shenyang,湖南大学,从零开始的算法竞赛生活,2,3,31,wf,none,,0,band,,bronze
2025,shenyang,湖南大学,新希望,2,3,31,wf,none,,0,quota,wf,
2025,shenyang,燕山大学,燕大2队,0,1,295,,name,1954.0,0,quota,unexplained,bronze
2025,shenyang,云南大学,星火,1,1,145,host,none,,0,band,,
2025,shenyang,山东理工大学,我每天打ACM也没上瘾啊,1,1,155,,name,418.8,0,band,,silver
2025,shenyang,长安大学,SY赢一场吧,1,1,166,,none,,0,band,,bronze
2025,shenyang,北京邮电大学,此队伍名由AI生成,2,3,42,wf,name,104.0,0,band,,silver
2025,shenyang,北京邮电大学,我不道啊,2,3,42,wf,name,490.2,0,band,,
2025,shenyang,北京邮电大学,MC启动,2,3,42,wf,name,567.6,0,quota,wf,silver
2025,shenyang,湖南科技大学,馥梦繁花,1,1,105,,none,,0,band,,bronze
2025,shenyang,山东农业大学,绝密acm，堵判题机来,0,1,222,,name,2085.0,0,quota,unexplained,
2025,shenyang,长春理工大学,Pikachu,1,2,128,,none,,0,band,,
2025,shenyang,长春理工大学,wrss说出门在外要保护好自己,1,2,128,,none,,0,quota,unexplained,
2025,shenyang,湖南理工学院,君不见高堂评测悲全WA,1,1,164,,name,535.3,0,band,,
2025,shenyang,山东师范大学,未言终局,1,2,124,,name,1760.0,0,band,,
2025,shenyang,山东师范大学,哈气的基米不会爆零,1,2,124,,none,,0,quota,unexplained,
2025,shenyang,湖南农业大学,会赢的,1,1,213,,name,578.5,0,band,,bronze
2025,shenyang,长沙理工大学,神马都是浮云,2,2,71,,name,620.7,0,band,,bronze
2025,shenyang,长沙理工大学,大白鹅,2,2,71,,name,834.9,0,band,,
2025,shenyang,北师香港浸会大学,西湖醋鱼,0,1,232,non_mainland,none,,0,quota,non_mainland,
2025,shenyang,湖南人文科技学院,教练说沈阳站可以坐飞机,1,1,178,,none,,0,band,,bronze
2025,shenyang,陕西师范大学,线段树上长麦当劳,0,1,242,,name,1124.5,0,quota,unexplained,
2025,shenyang,成都大学,乐邦詹士-八题释金牌,1,1,186,,none,,0,band,,
2025,shenyang,湖南师范大学,你想来一只旺仔奶龙吗,2,2,74,,none,,0,band,,bronze
2025,shenyang,湖南师范大学,刻板印象,2,2,74,,none,,0,band,,bronze
2025,shenyang,上海财经大学,我们 AK ICPC,1,1,194,,name,540.5,0,band,,
2025,shenyang,长沙学院,我不写dp,1,1,205,,none,,0,band,,bronze
2025,shenyang,成都理工大学,国际漫游,0,1,223,,name,738.0,0,quota,unexplained,bronze
2025,shenyang,上海大学,我们仍未知道那天金牌题的做法,2,4,65,host|wf,name,652.9,0,band,,silver
2025,shenyang,上海大学,鼠SHU不想WA,2,4,65,host|wf,name,733.0,0,band,,
2025,shenyang,上海大学,寒蝉鸣泣之时,2,4,65,host|wf,name,1112.0,0,quota,host,
2025,shenyang,上海大学,i32,2,4,65,host|wf,none,,0,quota,host,silver
2025,shenyang,浙大城市学院,AC控,1,1,112,,name,759.3,0,band,,
2025,shenyang,成都信息工程大学,还在为她患得患失吗,2,2,100,,name,838.8,0,band,,
2025,shenyang,成都信息工程大学,鼠鼠大王,2,2,100,,name,918.9,0,band,,
2025,shenyang,湖州师范学院,榜多利一次迈够,1,1,208,,none,,0,band,,
2025,shenyang,浙大宁波理工学院,仿生小猫会遇见电子阿雅吗？,1,1,147,,none,,0,band,,bronze
2025,shenyang,华北电力大学（保定）,红绿色奶龙,1,1,141,,name,400.0,0,band,,
2025,shenyang,浙江财经大学,罚时艺术家ICPC特别版,1,1,152,,none,,0,band,,
2025,shenyang,大连东软信息学院,algo学长这招太狠了,0,1,325,local,name,954.0,0,quota,local,
2025,shenyang,华北理工大学,梦想成为ICPC高手,1,1,209,,name,870.9,0,band,,
2025,shenyang,浙江大学,乘着西风出发喽！,2,2,2,wf,name,8.8,1,band,,gold
2025,shenyang,浙江大学,小蜜蜂,2,2,2,wf,name,160.8,0,band,,silver
2025,shenyang,大连海事大学,雀魂低手,2,3,95,local,name,553.1,0,band,,
2025,shenyang,大连海事大学,Debug不如喝奶茶,2,3,95,local,name,1639.3,0,band,,
2025,shenyang,大连海事大学,看榜吃wa,2,3,95,local,none,,0,quota,local,
2025,shenyang,华东理工大学,华理算法皇帝霸气侧漏毁天灭地,2,2,61,,none,,0,band,,silver
2025,shenyang,华东理工大学,飞向边界杯,2,2,61,,none,,0,band,,silver
2025,shenyang,上海第二工业大学,⑨,0,1,243,,name,696.7,0,quota,unexplained,
2025,shenyang,上海电力大学,402 Payment Required,1,1,138,,none,,0,band,,
2025,shenyang,浙江工商大学,魔法火焰,1,1,137,,name,690.1,0,band,,silver
2025,shenyang,华东师范大学,mex｛fe，cu，ag｝,2,3,64,,name,178.5,0,band,,bronze
2025,shenyang,华东师范大学,东中国瓷器大学,2,3,64,,name,853.6,0,band,,silver
2025,shenyang,华东师范大学,与夏之花,2,3,64,,none,,1,quota,unexplained,gold
2025,shenyang,上海交通大学,青蘋之末,2,1,16,wf,name,68.0,1,band,,gold
2025,shenyang,浙江工业大学,ZJUT9,2,2,25,,none,,0,band,,
2025,shenyang,浙江工业大学,ZJUT6,2,2,25,,none,,0,band,,
2025,shenyang,大连交通大学,火箭汪汪队,0,1,393,local,name,1376.1,0,quota,local,
2025,shenyang,上海科技大学,"scanf(""%s"",name)",2,2,57,,none,,0,band,,silver
2025,shenyang,上海科技大学,渊渟岳峙队,2,2,57,,none,,0,band,,silver
2025,shenyang,浙江科技大学,这个真好吃nya,1,1,164,,none,,0,band,,
2025,shenyang,华南理工大学,Heaven's Lost Property,2,2,55,,none,,0,band,,bronze
2025,shenyang,华南理工大学,Callmeplayxcpc,2,2,55,,none,,1,band,,gold
2025,shenyang,上海理工大学,云雾夜,2,2,56,,none,,0,band,,
2025,shenyang,上海理工大学,距离2026年全国硕士研究生招生考试还有34天,2,2,56,,none,,0,band,,silver
2025,shenyang,浙江理工大学,幻想郷最強伝説と完全で瀟洒な従者!十六夜咲夜です,2,3,46,,name,1234.7,0,band,,
2025,shenyang,浙江理工大学,CF 关注 Fantasy_Blue 谢谢喵,2,3,46,,none,,1,band,,gold
2025,shenyang,浙江理工大学,完美潇洒女仆长,2,3,46,,none,,0,quota,unexplained,bronze
2025,shenyang,大连理工大学城市学院,击碎黑暗,0,1,283,local,name,1007.4,0,quota,local,
2025,shenyang,华南农业大学,三个键盘手也能组一辈子的乐队吗？,2,3,79,,name,887.6,0,band,,bronze
2025,shenyang,华南农业大学,哇这个好可爱啊喵>w<,2,3,79,,none,,0,band,,bronze
2025,shenyang,华南农业大学,其实错完了,2,3,79,,none,,0,quota,unexplained,bronze
2025,shenyang,上海纽约大学,上纽1队,2,1,51,,name,1741.3,0,band,,
2025,shenyang,大连民族大学,何意味,0,1,292,local,none,,0,quota,local,
2025,shenyang,上海师范大学,赛前不小心通宵了,1,1,143,,name,1626.0,0,band,,
2025,shenyang,浙江农林大学,天河圣芒斩,2,3,89,,name,284.2,1,band,,gold
2025,shenyang,浙江农林大学,Blessing,2,3,89,,name,855.9,0,band,,bronze
2025,shenyang,浙江农林大学,植物僵尸,2,3,89,,name,1545.0,0,quota,unexplained,silver
2025,shenyang,大连理工大学盘锦校区,再一次,1,1,167,local,none,,0,band,,
2025,shenyang,绍兴理工学院,讨厌字符串数论构造,2,1,48,,none,,0,band,,bronze
2025,shenyang,大连外国语大学,std::mt19937,0,1,445,local,name,1804.0,0,quota,local,
2025,shenyang,华南师范大学,A了这题就吃麦旋风,2,2,81,,name,608.0,0,band,,silver
2025,shenyang,华南师范大学,MoE parallelism is all you need,2,2,81,,none,,0,band,,bronze
2025,shenyang,绍兴文理学院,大宝一刀把复杂度劈成O(1)了,0,1,227,,name,678.4,0,quota,unexplained,
2025,shenyang,电子科技大学,UESTC_BYR,2,4,6,host|wf,name,211.0,0,band,,silver
2025,shenyang,电子科技大学,UESTC_______,2,4,6,host|wf,name,399.0,0,band,,silver
2025,shenyang,电子科技大学,UESTC_MatchaParfait,2,4,6,host|wf,name,588.0,0,quota,host,silver
2025,shenyang,电子科技大学,UESTC_desuwa,2,4,6,host|wf,none,,1,quota,host,gold
2025,shenyang,深圳大学,待甲为四才弊,2,3,72,,name,487.8,0,band,,bronze
2025,shenyang,深圳大学,扣1生成队名,2,3,72,,name,726.3,0,band,,silver
2025,shenyang,深圳大学,哥们这桌就你自己打ICPC啊，你看你WA都飞我提交页面上了,2,3,72,,none,,0,quota,unexplained,silver
2025,shenyang,浙江师范大学,ACM（★）| 花开富贵（崭新出厂）,2,3,67,,name,401.7,0,band,,bronze
2025,shenyang,浙江师范大学,面向样例贪心,2,3,67,,name,641.0,0,band,,bronze
2025,shenyang,浙江师范大学,"主包,主包,这一次能拿牌吗?",2,3,67,,name,741.8,0,quota,unexplained,
2025,shenyang,华中科技大学,落叶知秋,2,3,45,wf,name,117.0,1,band,,gold
2025,shenyang,华中科技大学,再过一题,2,3,45,wf,name,253.5,0,band,,bronze
2025,shenyang,华中科技大学,棍十六,2,3,45,wf,none,,0,quota,wf,silver
2025,shenyang,深圳技术大学,SZTU_睡一觉就AC,1,1,103,,name,1087.4,0,band,,
2025,shenyang,浙江万里学院,终将成为你,1,1,212,,none,,0,band,,
2025,shenyang,电子科技大学中山学院,超级卡比呆猫在ICPC现场推广错误贪心,1,1,153,,name,670.4,0,band,,bronze
2025,shenyang,华中农业大学,一支队伍,1,1,159,,name,1138.7,0,band,,
2025,shenyang,深圳职业技术大学,逐光掠影,0,1,273,,name,830.1,0,quota,unexplained,bronze
2025,shenyang,浙江育英职业技术学院,育英五队,1,1,183,,name,669.1,0,band,,
2025,shenyang,东北大学秦皇岛分校,恋的零次方,2,4,40,,name,478.0,0,band,,bronze
2025,shenyang,东北大学秦皇岛分校,你从来没觉得打算法竞赛快乐过,2,4,40,,name,803.3,0,band,,
2025,shenyang,东北大学秦皇岛分校,蓦然回首,2,4,40,,name,985.4,0,quota,unexplained,
2025,shenyang,东北大学秦皇岛分校,傲娇白毛萝莉,2,4,40,,name,1828.0,0,quota,unexplained,
2025,shenyang,华中师范大学,射杀太阳,2,2,93,,name,569.0,0,band,,silver
2025,shenyang,华中师范大学,T34-灰风,2,2,93,,name,865.6,0,band,,bronze
2025,shenyang,沈阳航空航天大学,放肆，再让我听到这样的话，我就扎聋自己的耳朵,0,1,,local,none,,0,quota,local,
2025,shenyang,郑州大学,样例没过但ac,1,2,157,,none,,0,band,,bronze
2025,shenyang,郑州大学,芙宁娜的小蛋糕,1,2,157,,none,,0,quota,unexplained,
2025,shenyang,沈阳化工大学,凭什么不让我们训练,0,1,299,local,none,,0,quota,local,
2025,shenyang,惠州学院,那年人杰地灵,0,1,232,,name,1178.7,0,quota,unexplained,bronze
2025,shenyang,沈阳理工大学,不祈者,0,1,245,local,none,,0,quota,local,
2025,shenyang,郑州经贸学院,最后的阿比盖尔之花,0,1,240,,none,,0,quota,unexplained,bronze
2025,shenyang,吉林大学,终焉夜雨,2,4,15,,name,267.6,0,band,,silver
2025,shenyang,吉林大学,火箭毛毛虫,2,4,15,,name,497.0,0,band,,silver
2025,shenyang,吉林大学,罚时天王,2,4,15,,name,728.6,0,quota,unexplained,bronze
2025,shenyang,吉林大学,所谓算无遗策,2,4,15,,none,,0,quota,unexplained,silver
2025,shenyang,沈阳农业大学,在0812和0854之间选择了0721,0,1,412,local,none,,0,quota,local,
2025,shenyang,中北大学,ACMer转生，到了xcpc就拿出0721次罚时,1,1,198,,name,647.8,0,band,,bronze
2025,shenyang,东北林业大学,其实我更会种树,1,2,184,,name,516.5,0,band,,silver
2025,shenyang,东北林业大学,文酱の万事屋,1,2,184,,name,1179.6,0,quota,unexplained,
2025,shenyang,沈阳师范大学,今夜，星光灿烂,0,1,266,local,name,793.6,0,quota,local,bronze
2025,shenyang,中国传媒大学,葬送的acmer与香辛料,2,4,63,,name,599.8,0,band,,silver
2025,shenyang,中国传媒大学,天衣无缝,2,4,63,,name,872.5,0,band,,bronze
2025,shenyang,中国传媒大学,嗷呜呜呜,2,4,63,,name,912.0,0,quota,unexplained,
2025,shenyang,中国传媒大学,汗流浃背了对不队,2,4,63,,name,1360.0,0,quota,unexplained,
2025,shenyang,四川大学,算法捕猎队,2,4,20,,name,188.5,0,band,,silver
2025,shenyang,四川大学,熊猫茶盐鸭,2,4,20,,name,297.0,0,band,,silver
2025,shenyang,四川大学,你们在干什么喵？在罚时喵！补药罚我时喵！,2,4,20,,name,508.8,0,quota,unexplained,bronze
2025,shenyang,四川大学,幸福女同,2,4,20,,none,,0,quota,unexplained,bronze
2025,shenyang,东北农业大学,"One Shot,One AC",0,1,255,,none,,0,quota,unexplained,
2025,shenyang,东北师范大学,运行错误,2,2,90,,name,293.6,0,band,,silver
2025,shenyang,东北师范大学,深度睡眠,2,2,90,,none,,0,band,,bronze
2025,shenyang,集美大学,是个名就行,1,1,103,,none,,0,band,,bronze
2025,shenyang,济南大学,铁血冷血热血之忍,2,2,37,,none,,0,band,,
2025,shenyang,济南大学,暴力出奇迹联盟,2,2,37,,none,,0,band,,
2025,shenyang,中国地质大学（北京）,O泡果奶要要要,2,2,77,,name,801.3,0,band,,bronze
2025,shenyang,中国地质大学（北京）,AC搬运机,2,2,77,,name,1640.0,0,band,,
2025,shenyang,东莞理工学院,心态就是力量,1,1,140,,name,431.4,1,band,,gold
2025,shenyang,四川师范大学,写都写了，交一发吧,1,1,161,,name,661.5,0,band,,
2025,shenyang,东华大学,福音摇滚,2,2,87,,name,1322.0,0,band,,bronze
2025,shenyang,东华大学,种树东华,2,2,87,,none,,0,band,,bronze
2025,shenyang,暨南大学,毛毛虫就是正解,1,1,102,,name,855.4,0,band,,bronze
2025,shenyang,苏州大学,憧憬成为算竞糕手,1,1,111,,name,449.5,0,band,,silver
2025,shenyang,中国地质大学（武汉）,文神的最后一舞,1,1,114,,none,,0,band,,
2025,shenyang,江南大学,最菜的一集,1,1,123,,none,,0,band,,
2025,shenyang,台州学院,我不吃AC,2,2,75,,name,1185.6,0,band,,bronze
2025,shenyang,台州学院,与太阳同在,2,2,75,,name,1272.8,0,band,,
2025,shenyang,中国计量大学,樱梦殇,1,1,132,,name,874.2,0,band,,bronze
2025,shenyang,东南大学,三英荟寝室,2,2,36,,name,114.6,0,band,,silver
2025,shenyang,东南大学,无穷乌鸦之王,2,2,36,,none,,0,band,,silver
2025,shenyang,江西财经大学,我从丹东来，抽中真嗨77,1,1,127,,none,,0,band,,bronze
2025,shenyang,中国科学技术大学,摸鱼之魂终将归来,2,3,17,wf,name,129.9,1,band,,gold
2025,shenyang,中国科学技术大学,冯诺曼波,2,3,17,wf,name,132.0,1,band,,gold
2025,shenyang,中国科学技术大学,这一世，我转生到了ustc,2,3,17,wf,name,331.9,1,quota,wf,gold
2025,shenyang,江西农业大学,领航者,1,1,171,,name,735.5,0,band,,
2025,shenyang,天津大学,WA自动机,2,2,98,,name,434.3,0,band,,bronze
2025,shenyang,天津大学,天大9队,2,2,98,,none,,0,band,,silver
2025,shenyang,福建理工大学,指定没你好果子吃,1,1,154,,none,,0,band,,
2025,shenyang,江西师范大学,JXNU_酱香拿铁,1,1,150,,none,,0,band,,
2025,shenyang,福建师范大学,超级飞侠快使用后仰跳投。,0,1,249,,name,950.1,0,quota,unexplained,
2025,shenyang,昆明理工大学,爱神，自惊艳中诞生,0,1,238,,name,643.0,0,quota,unexplained,bronze
2025,shenyang,天津工业大学,良田满穗,1,1,215,,name,800.5,0,band,,bronze
2025,shenyang,中国科学院大学,面无波澜,2,2,83,,name,457.1,0,band,,bronze
2025,shenyang,中国科学院大学,动态数组,2,2,83,,name,960.0,0,band,,silver
2025,shenyang,福州大学,世末歌者,2,2,24,,none,,0,band,,silver
2025,shenyang,福州大学,我什么都做不到,2,2,24,,none,,0,band,,bronze
2025,shenyang,昆山杜克大学,DueKillU,1,1,197,,none,,0,band,,
2025,shenyang,天津理工大学,续章&&序章,0,1,224,,none,,0,quota,unexplained,bronze
2025,shenyang,兰州大学,迷途之子,2,2,88,,name,216.0,1,band,,gold
2025,shenyang,兰州大学,今晚来我床上打三国杀,2,2,88,,name,307.5,0,band,,bronze
2025,shenyang,同济大学,于离别之朝束起约定之花,2,2,26,,name,90.6,1,band,,gold
2025,shenyang,同济大学,菜的 Fe 弃子队,2,2,26,,name,173.5,0,band,,silver
2025,shenyang,中国矿业大学,抽奖,1,1,108,,name,359.5,0,band,,silver
2025,shenyang,复旦大学,所以我们队名叫啥 [思考],2,2,4,,name,22.4,0,band,,silver
2025,shenyang,复旦大学,做AC梦,2,2,4,,name,83.5,1,band,,gold
2025,shenyang,中国矿业大学（北京）,邪恶三角形,1,1,179,,none,,0,band,,silver
2025,shenyang,辽宁大学,月影宵行,0,1,286,local,name,812.6,0,quota,local,
2025,shenyang,温州大学,温大十队,2,2,78,,name,1507.0,0,band,,
2025,shenyang,温州大学,温大七队,2,2,78,,none,,0,band,,
2025,shenyang,中国民航大学,非暴力不ac,1,1,160,,name,988.0,0,band,,
2025,shenyang,广东东软学院,再拿一个银她就会回来找我,0,1,237,,name,646.0,0,quota,unexplained,
2025,shenyang,辽宁工程技术大学,工大新起始,0,1,,,none,,0,quota,unexplained,
2025,shenyang,中国农业大学,虚空漫游者,1,1,151,,none,,0,band,,
2025,shenyang,广东工业大学,起名最麻烦了,2,3,12,,name,1113.1,0,band,,bronze
2025,shenyang,广东工业大学,静声,2,3,12,,name,1176.4,0,band,,bronze
2025,shenyang,广东工业大学,不qwq,2,3,12,,none,,0,quota,unexplained,bronze
2025,shenyang,辽宁科技大学,进击的奶龙,0,1,402,local,none,,0,quota,local,
2025,shenyang,温州商学院,恭喜以上队伍获奖,0,1,230,,name,643.4,0,quota,unexplained,bronze
2025,shenyang,中国人民大学,睡眠零队,2,2,35,,none,,1,band,,gold
2025,shenyang,中国人民大学,Distance,2,2,35,,none,,1,band,,gold
2025,shenyang,临沂大学,kmp,1,1,185,,none,,0,band,,
2025,shenyang,武汉大学,秘封俱乐部,2,5,18,host,name,46.0,1,band,,gold
2025,shenyang,武汉大学,西柚柠檬气泡水,2,5,18,host,name,220.1,0,band,,silver
2025,shenyang,武汉大学,春日延长计划,2,5,18,host,name,812.2,0,quota,host,silver
2025,shenyang,武汉大学,轰炸机征友,2,5,18,host,none,,0,quota,host,bronze
2025,shenyang,武汉大学,我可以在这里一雪前耻吗,2,5,18,host,none,,0,quota,unexplained,silver
2025,shenyang,鲁东大学,卤蛋栋梁,0,1,234,,name,808.8,0,quota,unexplained,
2025,shenyang,中国人民解放军网络空间部队信息工程大学,重生之我在信大,0,1,,,none,,0,quota,unexplained,
2025,shenyang,广东技术师范大学,路边三条豆包,0,1,229,,none,,0,quota,unexplained,
2025,shenyang,南昌大学,我不想当WA学弟,1,1,199,,none,,0,band,,silver
2025,shenyang,中国石油大学（北京）克拉玛依校区,有没有idea,1,1,146,,none,,0,band,,
2025,shenyang,广东外语外贸大学,最棒的小羊,1,1,121,,none,,0,band,,
2025,shenyang,南昌航空大学,码力全开,1,1,189,,name,984.3,0,band,,
2025,shenyang,中国石油大学（华东）,UPC2005,2,3,69,,name,464.0,0,band,,
2025,shenyang,中国石油大学（华东）,UPC2021,2,3,69,,name,1230.2,0,band,,bronze
2025,shenyang,中国石油大学（华东）,UPC2035,2,3,69,,none,,0,quota,unexplained,
2025,shenyang,广西大学,队名wa2了,1,1,188,,name,1003.4,0,band,,silver
2025,shenyang,南方科技大学,南方科技大学-希尔万,2,3,10,wf,none,,0,band,,
2025,shenyang,南方科技大学,南方科技大学-哈奇马斯,2,3,10,wf,none,,0,band,,
2025,shenyang,南方科技大学,南方科技大学-连科兰,2,3,10,wf,none,,0,quota,wf,silver
2025,shenyang,广西师范大学,哦吼吼吼吼吼,0,1,275,,name,769.5,0,quota,unexplained,
2025,shenyang,武汉纺织大学,满月三人组,1,1,109,,name,1311.0,0,band,,
2025,shenyang,广州大学,宵宫流萤,2,2,91,,name,988.5,0,band,,
2025,shenyang,广州大学,哈基米南北绿多,2,2,91,,name,1017.4,0,band,,bronze
2025,shenyang,武汉工程大学,我想吃掉你的金牌,1,1,117,,name,575.8,0,band,,
2025,shenyang,中南大学,天堂鸟,2,3,52,wf,name,434.9,0,band,,silver
2025,shenyang,中南大学,go学长拒绝wa学弟,2,3,52,wf,name,858.0,0,band,,bronze
2025,shenyang,中南大学,对吗?对的:哦不对;,2,3,52,wf,none,,0,quota,wf,
2025,shenyang,南京大学,该名称已被占用,2,3,5,wf,name,185.7,1,band,,gold
2025,shenyang,南京大学,招魂时刻,2,3,5,wf,name,208.7,1,band,,gold
2025,shenyang,南京大学,九九,2,3,5,wf,name,263.2,0,quota,wf,bronze
2025,shenyang,武汉科技大学,赤色风铃,1,1,115,,name,792.6,0,band,,silver
2025,shenyang,贵州大学,toot,1,1,174,,none,,0,band,,
2025,shenyang,武汉理工大学,少女周末旅行,2,3,60,wf,name,1114.0,0,band,,
2025,shenyang,武汉理工大学,*永远的幻想乡,2,3,60,wf,none,,0,band,,
2025,shenyang,武汉理工大学,败犬ACMer太多了！,2,3,60,wf,none,,0,quota,wf,
2025,shenyang,国防科技大学,再让我A一道,1,2,130,wf,name,453.0,1,band,,gold
2025,shenyang,国防科技大学,未忘花名,1,2,130,wf,none,,1,quota,wf,gold
2025,shenyang,中南林业科技大学,教练我不想打铁了,0,1,250,,none,,0,quota,unexplained,bronze
2025,shenyang,南京工程学院,NJIT0队：银狼,1,1,181,,none,,0,band,,silver
2025,shenyang,中南民族大学,二兆亿的流年,1,1,218,,name,774.2,0,band,,
2025,shenyang,哈尔滨工程大学,备用账号0721,2,3,82,,name,261.6,0,band,,bronze
2025,shenyang,哈尔滨工程大学,Cia修啊噗llo派～(∠・ω< )⌒☆,2,3,82,,name,614.0,0,band,,bronze
2025,shenyang,哈尔滨工程大学,AC是检验真理的唯一标准,2,3,82,,none,,0,quota,unexplained,
2025,shenyang,南京工业大学,做AK梦,1,1,192,,name,953.6,0,band,,
2025,shenyang,武汉商学院,月诏,1,1,219,,none,,0,band,,bronze
2025,shenyang,中山大学,中山大学-破晓之旅,2,3,7,wf,name,38.0,0,band,,silver
2025,shenyang,中山大学,中山大学-永不倒闭,2,3,7,wf,name,242.1,0,band,,silver
2025,shenyang,中山大学,中山大学-三驱兄弟,2,3,7,wf,none,,0,quota,wf,bronze
2025,shenyang,南京航空航天大学,那一天的AC，AC起来,2,4,32,host|wf,name,1176.0,0,band,,
2025,shenyang,南京航空航天大学,透明,2,4,32,host|wf,name,1309.0,0,band,,
2025,shenyang,南京航空航天大学,Wrongtime Error,2,4,32,host|wf,name,1322.9,0,quota,host,
2025,shenyang,南京航空航天大学,0xAC小队,2,4,32,host|wf,name,1535.0,0,quota,host,
2025,shenyang,西安电子科技大学,什么都不会也能参加ACM吗,2,2,50,,name,263.8,1,band,,gold
2025,shenyang,西安电子科技大学,憧憬成为ACM高手,2,2,50,,name,294.5,0,band,,silver
2025,shenyang,哈尔滨工业大学,加载中，请稍候,2,3,8,wf,name,689.4,0,band,,bronze
2025,shenyang,哈尔滨工业大学,少女幻葬,2,3,8,wf,none,,1,band,,gold
2025,shenyang,哈尔滨工业大学,想成为人类,2,3,8,wf,none,,0,quota,wf,silver
2025,shenyang,西安交通大学,天狼星的心脏,2,3,21,wf,name,152.4,1,band,,gold
2025,shenyang,西安交通大学,六兆年零一夜的 ACM,2,3,21,wf,name,189.6,1,band,,gold
2025,shenyang,西安交通大学,跟你嗦，认真的我啊敲级萌 等待,2,3,21,wf,none,,1,quota,wf,gold
2025,shenyang,重庆大学,三模哈希米,2,2,58,,name,150.9,0,band,,silver
2025,shenyang,重庆大学,__我的xp是G++,2,2,58,,none,,0,band,,bronze
2025,shenyang,重庆工程学院,路遥通繁星,2,1,96,,none,,0,band,,
2025,shenyang,西安理工大学,我被困在了哈基乡,1,1,118,,name,1231.3,0,band,,
2025,wuhan,长江大学,破晓,0,3,257,local,name,1061.2,0,quota,local,
2025,wuhan,长江大学,扬子江比特,0,3,257,local,none,,0,quota,unexplained,
2025,wuhan,长江大学,一发入魂,0,3,257,local,none,,0,quota,unexplained,
2025,wuhan,华南师范大学,风依旧在,2,3,81,,name,891.2,0,band,,bronze
2025,wuhan,华南师范大学,哈基山的曼波打不打瓦,2,3,81,,none,,0,band,,bronze
2025,wuhan,华南师范大学,残暴的兽蝇,2,3,81,,none,,0,quota,unexplained,silver
2025,wuhan,四川农业大学,我们有铁牌,0,1,259,,name,729.8,0,quota,unexplained,
2025,wuhan,复旦大学,倒头就睡,2,2,4,,name,22.9,1,band,,gold
2025,wuhan,复旦大学,所以我们队名叫啥,2,2,4,,none,,1,band,,gold
2025,wuhan,重庆邮电大学,蓝桥杯喵之队,2,3,54,,name,223.5,0,band,,silver
2025,wuhan,重庆邮电大学,蓝桥杯汪之队,2,3,54,,name,311.9,0,band,,silver
2025,wuhan,重庆邮电大学,流离之人追逐幻影,2,3,54,,name,546.6,0,quota,unexplained,bronze
2025,wuhan,江西师范大学,梨蛋汤,1,4,150,,name,576.0,0,band,,bronze
2025,wuhan,江西师范大学,嘻嘻，我要赢口牙,1,4,150,,name,777.9,0,quota,unexplained,
2025,wuhan,江西师范大学,Wrong_answer_on_test_1,1,4,150,,name,799.5,0,quota,unexplained,silver
2025,wuhan,江西师范大学,Genshin Impact start,1,4,150,,none,,0,quota,unexplained,
2025,wuhan,深圳大学,待甲为四才弊,2,3,72,,name,487.8,0,band,,bronze
2025,wuhan,深圳大学,古故菇,2,3,72,,name,712.4,0,band,,bronze
2025,wuhan,深圳大学,只是参加xcpc就被管家打断了双腿,2,3,72,,name,733.2,0,quota,unexplained,bronze
2025,wuhan,河南师范大学,起个简单点的吧,2,3,85,,name,193.0,0,band,,bronze
2025,wuhan,河南师范大学,彩云归,2,3,85,,name,1148.0,0,band,,
2025,wuhan,河南师范大学,独行侠,2,3,85,,none,,0,quota,unexplained,
2025,wuhan,中国农业大学,CAU_CiAllo University,1,1,151,,name,615.8,0,band,,bronze
2025,wuhan,南京航空航天大学,XML,2,5,32,host|wf,name,384.2,0,band,,
2025,wuhan,南京航空航天大学,原子牌锅贴,2,5,32,host|wf,name,897.7,0,band,,
2025,wuhan,南京航空航天大学,那一天的AC，AC起来,2,5,32,host|wf,name,1176.0,0,quota,host,
2025,wuhan,南京航空航天大学,下班,2,5,32,host|wf,name,1273.9,0,quota,host,
2025,wuhan,南京航空航天大学,透明,2,5,32,host|wf,name,1309.0,0,quota,wf,
2025,wuhan,上海师范大学,AI可以取代程序员但无法取代家里蹲,1,1,143,,name,604.2,0,band,,bronze
2025,wuhan,重庆城市科技学院,No Game No Life,1,1,142,,none,,0,band,,
2025,wuhan,郑州大学,猴子打字机,1,2,157,,none,,0,band,,
2025,wuhan,郑州大学,你不笑我笑,1,2,157,,none,,0,quota,unexplained,bronze
2025,wuhan,中南民族大学,好难,0,2,218,local,name,1420.3,0,quota,local,
2025,wuhan,中南民族大学,夜枕青山,0,2,218,local,none,,0,quota,unexplained,
2025,wuhan,湖北工业大学,Doro 给你带了哦润吉,1,2,176,local,name,509.8,0,band,,
2025,wuhan,湖北工业大学,小丑派对,1,2,176,local,name,933.6,0,quota,local,bronze
2025,wuhan,杭州电子科技大学,杭电12队,2,4,13,,none,,0,band,,
2025,wuhan,杭州电子科技大学,杭电1队,2,4,13,,none,,1,band,,gold
2025,wuhan,杭州电子科技大学,杭电4队,2,4,13,,none,,0,quota,unexplained,silver
2025,wuhan,杭州电子科技大学,杭电9队,2,4,13,,none,,0,quota,unexplained,bronze
2025,wuhan,南京工业大学,我太想进步了,1,1,192,,name,665.7,0,band,,bronze
2025,wuhan,华南理工大学,喵喵队立大功,2,3,55,,name,227.6,0,band,,bronze
2025,wuhan,华南理工大学,不喝可乐,2,3,55,,name,351.3,0,band,,silver
2025,wuhan,华南理工大学,请你吃好吃的,2,3,55,,name,476.6,0,quota,unexplained,bronze
2025,wuhan,北京邮电大学,LAA is ALL,2,3,42,wf,name,376.5,0,band,,silver
2025,wuhan,北京邮电大学,金牌厨师,2,3,42,wf,name,609.1,0,band,,silver
2025,wuhan,北京邮电大学,以上队伍通过图灵测试,2,3,42,wf,name,785.1,0,quota,wf,bronze
2025,wuhan,西北工业大学,D.D.D.,2,5,30,host|wf,name,130.0,0,band,,silver
2025,wuhan,西北工业大学,阿比斯深渊,2,5,30,host|wf,name,339.7,0,band,,bronze
2025,wuhan,西北工业大学,总湿摇篮,2,5,30,host|wf,name,611.0,0,quota,host,
2025,wuhan,西北工业大学,众神眷恋的幻想乡,2,5,30,host|wf,name,768.3,0,quota,host,
2025,wuhan,西北工业大学,注意力不太好,2,5,30,host|wf,none,,0,quota,wf,bronze
2025,wuhan,哈尔滨工业大学（威海）,昨日圆车,2,3,29,,name,160.0,0,band,,silver
2025,wuhan,哈尔滨工业大学（威海）,神秘客,2,3,29,,name,441.7,0,band,,bronze
2025,wuhan,哈尔滨工业大学（威海）,小伙defineintLL就被管家活活打断腿,2,3,29,,none,,0,quota,unexplained,bronze
2025,wuhan,中山大学,中山大学-中大25一队,2,5,7,wf,name,27.5,1,band,,gold
2025,wuhan,中山大学,中山大学-游客模式,2,5,7,wf,name,56.0,1,band,,gold
2025,wuhan,中山大学,中山大学-爱谁打谁打,2,5,7,wf,name,88.2,0,quota,wf,silver
2025,wuhan,中山大学,中山大学-深度睡眠,2,5,7,wf,name,191.1,0,quota,unexplained,silver
2025,wuhan,中山大学,中山大学-512526,2,5,7,wf,name,304.4,0,quota,unexplained,silver
2025,wuhan,武汉理工大学,不再曼波,2,5,60,wf|local,name,233.9,1,band,,gold
2025,wuhan,武汉理工大学,WA出三室一厅,2,5,60,wf|local,name,664.0,0,band,,bronze
2025,wuhan,武汉理工大学,灵感枯竭,2,5,60,wf|local,name,744.9,0,quota,wf,
2025,wuhan,武汉理工大学,爱抖露码死他,2,5,60,wf|local,none,,0,quota,local,bronze
2025,wuhan,武汉理工大学,树下猫猫虫,2,5,60,wf|local,none,,1,quota,unexplained,gold
2025,wuhan,大连海事大学,雀魂低手,2,3,95,,name,553.1,0,band,,
2025,wuhan,大连海事大学,放不下绩点,2,3,95,,name,1466.2,0,band,,
2025,wuhan,大连海事大学,Debug不如喝奶茶,2,3,95,,name,1639.3,0,quota,unexplained,
2025,wuhan,浙江育英职业技术学院,育英五队,1,1,183,,name,669.1,0,band,,
2025,wuhan,西安科技大学,来财,0,1,333,,none,,0,quota,unexplained,bronze
2025,wuhan,浙江农林大学,计算练习生,2,3,89,,name,971.3,0,band,,bronze
2025,wuhan,浙江农林大学,再给我十分钟,2,3,89,,name,1400.0,0,band,,
2025,wuhan,浙江农林大学,哦飞机阿瑟东金佛爱撒娇覅,2,3,89,,none,,0,quota,unexplained,bronze
2025,wuhan,东北农业大学,ld的最后一武,0,1,255,,none,,0,quota,unexplained,
2025,wuhan,华中师范大学,兄弟，我来助你,2,4,93,local,name,310.5,0,band,,silver
2025,wuhan,华中师范大学,射杀太阳,2,4,93,local,name,569.0,0,band,,bronze
2025,wuhan,华中师范大学,人生何处不青山,2,4,93,local,name,1128.0,0,quota,local,
2025,wuhan,华中师范大学,兄弟，兄弟,2,4,93,local,none,,0,quota,unexplained,bronze
2025,wuhan,上海交通大学,青蘋之末,2,3,16,wf,name,68.0,1,band,,gold
2025,wuhan,上海交通大学,华丽收场+,2,3,16,wf,name,112.5,0,band,,silver
2025,wuhan,上海交通大学,蛹,2,3,16,wf,name,143.2,0,quota,wf,silver
2025,wuhan,大连理工大学,我将点燃大海,2,2,62,,name,568.8,0,band,,silver
2025,wuhan,大连理工大学,关注带工喵，关注带工谢谢喵 (≧^.^≦),2,2,62,,none,,1,band,,gold
2025,wuhan,南京信息工程大学,能不能别干什么都带着你那破棉花小人了,1,1,107,,none,,1,band,,gold
2025,wuhan,澳门大学,銀霜流萤,2,1,98,non_mainland,name,384.4,0,band,,bronze
2025,wuhan,国防科技大学,那么这一时刻又有老铁问了,1,2,130,wf,name,668.0,0,band,,
2025,wuhan,国防科技大学,巴别塔,1,2,130,wf,name,1092.0,0,quota,wf,bronze
2025,wuhan,中央财经大学,Blinding Accepts,1,1,173,,none,,0,band,,bronze
2025,wuhan,武汉纺织大学,2007,1,3,109,local,name,313.4,0,band,,bronze
2025,wuhan,武汉纺织大学,我的青春AC果然物语,1,3,109,local,name,746.8,0,quota,local,bronze
2025,wuhan,武汉纺织大学,证明自己更像码农而非织者,1,3,109,local,none,,0,quota,unexplained,
2025,wuhan,华中科技大学,落叶知秋,2,5,45,wf|local,name,117.0,1,band,,gold
2025,wuhan,华中科技大学,糖果酱,2,5,45,wf|local,name,165.5,1,band,,gold
2025,wuhan,华中科技大学,终帆,2,5,45,wf|local,name,253.6,0,quota,wf,
2025,wuhan,华中科技大学,黄叶换秋色,2,5,45,wf|local,name,341.5,0,quota,local,silver
2025,wuhan,华中科技大学,过去软糯的我已经死了,2,5,45,wf|local,none,,0,quota,unexplained,silver
2025,wuhan,西安工业大学,流光似箭,0,1,288,,none,,0,quota,unexplained,bronze
2025,wuhan,四川大学,超级洋医,2,3,20,,name,68.4,1,band,,gold
2025,wuhan,四川大学,打ACM从没开心过,2,3,20,,name,344.0,0,band,,silver
2025,wuhan,四川大学,OG-C,2,3,20,,none,,0,quota,unexplained,bronze
2025,wuhan,北京航空航天大学,恭迎大手子,2,3,27,wf,none,,0,band,,
2025,wuhan,北京航空航天大学,我咬死你,2,3,27,wf,none,,0,band,,silver
2025,wuhan,北京航空航天大学,你染上四暗刻了,2,3,27,wf,none,,0,quota,wf,silver
2025,wuhan,西安交通大学,过往的画面全都是我不队,2,3,21,wf,name,100.1,0,band,,silver
2025,wuhan,西安交通大学,六兆年零一夜的 ACM,2,3,21,wf,name,189.6,1,band,,gold
2025,wuhan,西安交通大学,麒麟王,2,3,21,wf,none,,0,quota,wf,silver
2025,wuhan,黄冈师范学院,好喜欢你怎么办,0,2,315,local,name,932.9,0,quota,local,bronze
2025,wuhan,黄冈师范学院,407 力量,0,2,315,local,none,,0,quota,unexplained,
2025,wuhan,东北大学,东北大学_实在不行输出随机数吧,2,5,9,host|wf,name,215.9,0,band,,bronze
2025,wuhan,东北大学,东北大学_氕氘氚氦氖氩氪氙氡鿫,2,5,9,host|wf,name,710.1,0,band,,bronze
2025,wuhan,东北大学,东北大学_瑞狩展摊一发抽中抱枕望周知,2,5,9,host|wf,none,,1,quota,host,gold
2025,wuhan,东北大学,东北大学_黄金罗盘,2,5,9,host|wf,none,,0,quota,host,
2025,wuhan,东北大学,东北大学_夏日的口袋是三等分TLE的金牌,2,5,9,host|wf,none,,0,quota,wf,
2025,wuhan,浙江工业大学,ZJUT2,2,2,25,,none,,0,band,,silver
2025,wuhan,浙江工业大学,彗星猫猫,2,2,25,,none,,0,band,,bronze
2025,wuhan,西南科技大学,泊至武汉（）,1,1,196,,none,,0,band,,
2025,wuhan,中国传媒大学,再演,2,3,63,,name,252.4,0,band,,silver
2025,wuhan,中国传媒大学,return inv(wa);,2,3,63,,name,590.1,0,band,,
2025,wuhan,中国传媒大学,嗷呜呜呜,2,3,63,,name,912.0,0,quota,unexplained,bronze
2025,wuhan,香港中文大学（深圳）,正在验证该队是否是真人。,2,3,13,wf|non_mainland,name,350.1,0,band,,silver
2025,wuhan,香港中文大学（深圳）,禁忌「O(1)の弹幕结界」,2,3,13,wf|non_mainland,name,375.8,0,band,,silver
2025,wuhan,香港中文大学（深圳）,saber，saber，什么时候吃完饭,2,3,13,wf|non_mainland,name,394.9,0,quota,wf,
2025,wuhan,中国地质大学（北京）,O泡果奶要要要,2,2,77,,name,801.3,0,band,,bronze
2025,wuhan,中国地质大学（北京）,AC搬运机,2,2,77,,name,1640.0,0,band,,
2025,wuhan,西南民族大学,永远都像初次见你那样使我心荡漾,1,3,131,,none,,0,band,,silver
2025,wuhan,西南民族大学,奶龙说的队,1,3,131,,none,,0,quota,unexplained,
2025,wuhan,西南民族大学,竹栈,1,3,131,,none,,0,quota,unexplained,
2025,wuhan,中国矿业大学（北京）,邪恶三角形,1,1,179,,none,,0,band,,bronze
2025,wuhan,湖南工业大学,武汉之梦,0,1,307,,none,,0,quota,unexplained,bronze
2025,wuhan,南京理工大学,你怎么知道我在四级考试得了433分,2,3,28,wf,name,101.6,0,band,,silver
2025,wuhan,南京理工大学,流明猫猫头,2,3,28,wf,name,712.4,0,band,,silver
2025,wuhan,南京理工大学,队长不想打铁了,2,3,28,wf,none,,0,quota,wf,
2025,wuhan,香港城市大学,Java++3,0,1,202,host|non_mainland,none,,0,quota,host,
2025,wuhan,北京大学,随机匹配,2,5,1,host|wf,name,4.0,1,band,,gold
2025,wuhan,北京大学,一步之遥,2,5,1,host|wf,name,6.0,1,band,,gold
2025,wuhan,北京大学,抹茶小蛋糕,2,5,1,host|wf,name,11.2,1,quota,host,gold
2025,wuhan,北京大学,注意到不难发现,2,5,1,host|wf,name,82.0,1,quota,host,gold
2025,wuhan,北京大学,请输入文本,2,5,1,host|wf,name,161.0,1,quota,wf,gold
2025,wuhan,浙江财经大学,压缩饼干,1,1,152,,none,,0,band,,bronze
2025,wuhan,苏州大学,RE 手动机,1,1,111,,name,323.4,0,band,,bronze
2025,wuhan,河南工业大学,夜 向日葵,0,1,356,,name,1644.0,0,quota,unexplained,
2025,wuhan,兰州大学,今晚来我床上打三国杀,2,3,88,,name,307.5,0,band,,silver
2025,wuhan,兰州大学,黄河远上白云间,2,3,88,,name,711.0,0,band,,bronze
2025,wuhan,兰州大学,樱井路初学,2,3,88,,none,,0,quota,unexplained,bronze
2025,wuhan,长春理工大学,是长理不是厂里,1,1,128,,name,974.7,0,band,,bronze
2025,wuhan,江汉大学,往你热干面里倒蛋酒,0,1,270,local,none,,0,quota,local,
2025,wuhan,香港科技大学（广州）,#define long long long,2,4,11,non_mainland,name,133.3,0,band,,bronze
2025,wuhan,香港科技大学（广州）,仲夏夜之金梦,2,4,11,non_mainland,name,449.1,0,band,,
2025,wuhan,香港科技大学（广州）,惠风和畅，鹏程万里,2,4,11,non_mainland,name,785.8,0,quota,non_mainland,
2025,wuhan,香港科技大学（广州）,过了样例就能队,2,4,11,non_mainland,name,1744.0,0,quota,unexplained,bronze
2025,wuhan,集美大学,童话乡,1,1,103,,none,,0,band,,silver
2025,wuhan,台州学院,三乌鲁鲁赌铜牌,2,2,75,,name,279.1,0,band,,
2025,wuhan,台州学院,学了等于没学,2,2,75,,name,806.6,0,band,,
2025,wuhan,湖南大学,112358,2,3,31,wf,name,53.0,1,band,,gold
2025,wuhan,湖南大学,瓦学弟的打铁之旅,2,3,31,wf,name,981.0,0,band,,
2025,wuhan,湖南大学,三枪队,2,3,31,wf,none,,0,quota,wf,
2025,wuhan,东北大学秦皇岛分校,三日凌空,2,3,40,,name,109.5,1,band,,gold
2025,wuhan,东北大学秦皇岛分校,Fire Bird,2,3,40,,name,333.4,0,band,,bronze
2025,wuhan,东北大学秦皇岛分校,你从来没觉得打算法竞赛快乐过,2,3,40,,name,803.3,0,quota,unexplained,bronze
2025,wuhan,成都信息工程大学,冷焰,2,3,100,,name,510.1,0,band,,silver
2025,wuhan,成都信息工程大学,还在为她患得患失吗,2,3,100,,name,838.8,0,band,,
2025,wuhan,成都信息工程大学,BanG Dream! It's MyALGO!!!!!,2,3,100,,name,1140.5,0,quota,unexplained,
2025,wuhan,临沂大学,重新排序大师励志考研,1,1,185,,none,,0,band,,
2025,wuhan,广东工业大学,加睡,2,4,12,,name,181.7,0,band,,silver
2025,wuhan,广东工业大学,打灰猫猫虫,2,4,12,,name,549.8,0,band,,silver
2025,wuhan,广东工业大学,静声,2,4,12,,name,1176.4,0,quota,unexplained,
2025,wuhan,广东工业大学,GDUT_做的都队,2,4,12,,none,,0,quota,unexplained,bronze
2025,wuhan,浙大宁波理工学院,倒头就睡,1,1,147,,none,,0,band,,bronze
2025,wuhan,湖南理工学院,梦之AK队,1,1,164,,none,,0,band,,
2025,wuhan,重庆工程学院,学弟说带我拿牌,2,1,96,,none,,0,band,,
2025,wuhan,东华大学,不可视境界线,2,3,87,,name,233.8,0,band,,bronze
2025,wuhan,东华大学,句点，终焉扭转,2,3,87,,name,510.4,0,band,,
2025,wuhan,东华大学,不吃蔬菜,2,3,87,,name,1508.3,0,quota,unexplained,
2025,wuhan,中国人民大学,字节无虞,2,3,35,,name,128.9,1,band,,gold
2025,wuhan,中国人民大学,人咪小学,2,3,35,,name,319.4,0,band,,bronze
2025,wuhan,中国人民大学,三人行,2,3,35,,name,630.2,0,quota,unexplained,silver
2025,wuhan,香港中文大学,愛心魚蛋派,2,2,19,wf|non_mainland,none,,0,band,,bronze
2025,wuhan,香港中文大学,酒心魚蛋派,2,2,19,wf|non_mainland,none,,1,band,,gold
2025,wuhan,重庆大学,次元沸腾,2,2,58,,name,288.8,0,band,,
2025,wuhan,重庆大学,嘉陵江有色金属货轮,2,2,58,,name,1312.0,0,band,,bronze
2025,wuhan,浙江理工大学,幻葬「夜雾幻影杀人鬼」,2,2,46,,none,,0,band,,bronze
2025,wuhan,浙江理工大学,兄弟，你怎么还没过,2,2,46,,none,,0,band,,bronze
2025,wuhan,哈尔滨工业大学（深圳）,溢出,2,2,23,,name,182.9,0,band,,bronze
2025,wuhan,哈尔滨工业大学（深圳）,会赢吗？,2,2,23,,name,219.5,0,band,,silver
2025,wuhan,湖南师范大学,你想来一碗辣椒炒热干面拌肉吗,2,2,74,,none,,0,band,,bronze
2025,wuhan,湖南师范大学,你想来一碗辣椒炒肉拌热干面吗,2,2,74,,none,,0,band,,bronze
2025,wuhan,杭州师范大学,调和线束,2,4,68,host,name,731.9,0,band,,
2025,wuhan,杭州师范大学,尽欣杰力还是做不到吗,2,4,68,host,name,820.7,0,band,,bronze
2025,wuhan,杭州师范大学,夜明和萤火,2,4,68,host,none,,0,quota,host,silver
2025,wuhan,杭州师范大学,救救GGBond,2,4,68,host,none,,0,quota,host,silver
2025,wuhan,天津仁爱学院,看样例猜结论,0,1,363,,none,,0,quota,unexplained,
2025,wuhan,北京科技大学,队友十年单身换区域赛银牌,1,1,101,,name,542.2,0,band,,silver
2025,wuhan,绍兴理工学院,做题5分钟翻译两小时,2,3,48,,name,1471.8,0,band,,
2025,wuhan,绍兴理工学院,归乡邀约,2,3,48,,none,,0,band,,
2025,wuhan,绍兴理工学院,讨厌字符串数论构造,2,3,48,,none,,0,quota,unexplained,bronze
2025,wuhan,武汉工程大学,我想吃掉你的金牌,1,2,117,local,name,575.8,0,band,,bronze
2025,wuhan,武汉工程大学,宿命天成命中败,1,2,117,local,none,,0,quota,local,
2025,wuhan,四川师范大学,写都写了，交一发吧,1,1,161,,name,661.5,0,band,,
2025,wuhan,北京林业大学,深度烧烤,1,2,125,,name,427.5,0,band,,bronze
2025,wuhan,北京林业大学,助力六级听力全队,1,2,125,,name,812.0,0,quota,unexplained,
2025,wuhan,湘潭大学,赢赢赢,2,4,53,,none,,0,band,,bronze
2025,wuhan,湘潭大学,机魂大悦,2,4,53,,none,,0,band,,bronze
2025,wuhan,湘潭大学,可爱柚子厨,2,4,53,,none,,0,quota,unexplained,bronze
2025,wuhan,湘潭大学,无名之辈,2,4,53,,none,,0,quota,unexplained,silver
2025,wuhan,北京化工大学,北极熊,2,3,96,,name,389.0,0,band,,silver
2025,wuhan,北京化工大学,WA时在做什么,2,3,96,,name,583.3,0,band,,
2025,wuhan,北京化工大学,牢码队,2,3,96,,name,846.7,0,quota,unexplained,
2025,wuhan,中国地质大学（武汉）,拖拖拉拉会变成拖拉机,1,2,114,local,name,991.0,0,band,,
2025,wuhan,中国地质大学（武汉）,请输入文本,1,2,114,local,name,1101.4,0,quota,local,
2025,wuhan,湖北经济学院,美梦成真,0,1,373,local,none,,0,quota,local,
2025,wuhan,National University of Mongolia,L4ST_DANCE,0,2,,non_mainland,none,,0,quota,non_mainland,
2025,wuhan,National University of Mongolia,NUM-B2D,0,2,,non_mainland,none,,0,quota,unexplained,bronze
2025,wuhan,南京大学,我们仍未知道那天所看见的acmer的名字,2,3,5,wf,name,18.4,1,band,,gold
2025,wuhan,南京大学,呢喃得了mvp,2,3,5,wf,name,97.8,0,band,,silver
2025,wuhan,南京大学,平流层,2,3,5,wf,name,102.8,0,quota,wf,silver
2025,wuhan,同济大学,于离别之朝束起约定之花,2,2,26,,name,90.6,1,band,,gold
2025,wuhan,同济大学,过了样例就算队,2,2,26,,name,489.5,0,band,,bronze
2025,wuhan,南京邮电大学,汀岸垂柳，神清骨秀，澄心静气，蓄势而击 XCPC | 报销 （崭新出厂）,2,3,70,wf,none,,0,band,,bronze
2025,wuhan,南京邮电大学,穿梭在银河的火箭队,2,3,70,wf,none,,0,band,,
2025,wuhan,南京邮电大学,你们的生命不会呐喊吗,2,3,70,wf,none,,0,quota,wf,
2025,wuhan,上海大学,树上猫猫头,2,5,65,host|wf,name,227.4,0,band,,silver
2025,wuhan,上海大学,i64,2,5,65,host|wf,name,516.9,0,band,,bronze
2025,wuhan,上海大学,全做不队,2,5,65,host|wf,name,719.0,0,quota,host,bronze
2025,wuhan,上海大学,黑化肥非黑灰肥黑化肥混黑灰肥发灰肥灰分化会灰飞,2,5,65,host|wf,none,,0,quota,host,
2025,wuhan,上海大学,SHU10,2,5,65,host|wf,none,,0,quota,wf,
2025,wuhan,武汉科技大学,样例过了就AC,1,2,115,local,name,529.5,0,band,,
2025,wuhan,武汉科技大学,RELX悦刻幻影Mini,1,2,115,local,none,,0,quota,local,silver
2025,wuhan,西北大学,赢！,1,1,105,,none,,0,band,,bronze
2025,wuhan,上海财经大学,我们 AK ICPC,1,1,194,,name,540.5,0,band,,bronze
2025,wuhan,中国科学院大学,原神启动队,2,3,83,,name,452.9,0,band,,silver
2025,wuhan,中国科学院大学,面无波澜,2,3,83,,name,457.1,0,band,,silver
2025,wuhan,中国科学院大学,通关,2,3,83,,none,,0,quota,unexplained,silver
2025,wuhan,宁波大学,泥巴动物园,2,3,93,,name,344.1,0,band,,silver
2025,wuhan,宁波大学,骨钉斩奎隆,2,3,93,,name,470.4,0,band,,bronze
2025,wuhan,宁波大学,棒棒棒棒,2,3,93,,none,,0,quota,unexplained,
2025,wuhan,华中农业大学,闪光袋鼠哥哥,1,3,159,local,name,589.2,0,band,,bronze
2025,wuhan,华中农业大学,藏题的时候在干什么？能别笑吗？有点AC数吧,1,3,159,local,name,604.4,0,quota,local,
2025,wuhan,华中农业大学,一支队伍,1,3,159,local,name,1138.7,0,quota,unexplained,
2025,wuhan,南昌大学,雪月花,1,1,199,,name,591.2,0,band,,bronze
2025,wuhan,东南大学,三英荟寝室,2,3,36,,name,114.6,1,band,,gold
2025,wuhan,东南大学,西西弗斯,2,3,36,,name,204.5,0,band,,silver
2025,wuhan,东南大学,DNA计算,2,3,36,,name,269.5,0,quota,unexplained,
2025,wuhan,西湖大学,world.execute(me);,2,2,41,,name,84.0,1,band,,gold
2025,wuhan,西湖大学,42号混凝土施工队,2,2,41,,none,,0,band,,
2025,wuhan,南京农业大学,青山,1,1,161,,name,783.1,0,band,,silver
2025,wuhan,哈尔滨工程大学,备用账号0721,2,2,82,,name,261.6,0,band,,silver
2025,wuhan,哈尔滨工程大学,西呀修阿噗咯派,2,2,82,,none,,0,band,,bronze
2025,wuhan,信息工程大学,208,1,1,170,,name,1356.8,0,band,,
2025,wuhan,清华大学,momomorphism,2,5,3,wf,name,23.0,1,band,,gold
2025,wuhan,清华大学,青一色,2,5,3,wf,name,24.4,1,band,,gold
2025,wuhan,清华大学,惊觉往事历历已经年,2,5,3,wf,name,27.8,1,quota,wf,gold
2025,wuhan,清华大学,报名晚了,2,5,3,wf,name,49.0,1,quota,unexplained,gold
2025,wuhan,清华大学,进行一个象的抽,2,5,3,wf,name,115.5,1,quota,unexplained,gold
2025,wuhan,新疆大学,队长说拿到银牌就回老家结婚,1,1,182,,none,,0,band,,bronze
2025,wuhan,浙江大学,幻想时刻,2,4,2,wf,name,45.5,1,band,,gold
2025,wuhan,浙江大学,十发罚时,2,4,2,wf,name,71.3,1,band,,gold
2025,wuhan,浙江大学,北极星,2,4,2,wf,name,101.8,0,quota,wf,silver
2025,wuhan,浙江大学,乘着西风出发咯,2,4,2,wf,none,,0,quota,unexplained,silver
2025,wuhan,成都大学,妹相随～黑白世界的缤纷冒险～,1,1,186,,name,616.9,0,band,,bronze
2025,wuhan,东莞理工学院,大三难铜的最后一舞,1,1,140,,none,,0,band,,
2025,wuhan,哈尔滨工业大学,CQOI Flames,2,3,8,wf,name,36.7,0,band,,bronze
2025,wuhan,哈尔滨工业大学,北风与秋水,2,3,8,wf,name,162.2,0,band,,silver
2025,wuhan,哈尔滨工业大学,上海蓬莱法国荷兰西藏京都伦敦俄罗斯奥尔良人形,2,3,8,wf,none,,1,quota,wf,gold
2025,wuhan,天津大学,^v^,2,3,98,,name,326.5,0,band,,silver
2025,wuhan,天津大学,玩三角洲玩的,2,3,98,,name,735.3,0,band,,bronze
2025,wuhan,天津大学,你们好啊，我是铁墓，我要感染评测机了,2,3,98,,name,1184.3,0,quota,unexplained,bronze
2025,wuhan,南方科技大学,南方科技大学-卡拉巴赫,2,1,10,wf,none,,0,band,,
2025,wuhan,绍兴文理学院,可爱星星飞天撞,0,1,227,,name,1313.2,0,quota,unexplained,
2025,wuhan,北京工业大学,队名,2,2,86,,name,643.8,0,band,,
2025,wuhan,北京工业大学,啊对对队,2,2,86,,none,,0,band,,bronze
2025,wuhan,中国科学技术大学,故事的下一页,2,4,17,wf,name,91.0,0,band,,silver
2025,wuhan,中国科学技术大学,中科大少女班代表队,2,4,17,wf,name,114.4,1,band,,gold
2025,wuhan,中国科学技术大学,氯化银,2,4,17,wf,name,433.2,0,quota,wf,silver
2025,wuhan,中国科学技术大学,六,2,4,17,wf,none,,0,quota,unexplained,silver
2025,wuhan,贵州大学,保研大佬带我飞,1,1,174,,none,,0,band,,
2025,wuhan,上海理工大学,澄净闪耀,2,2,56,,none,,0,band,,bronze
2025,wuhan,上海理工大学,爆一发只是在测数据强度,2,2,56,,none,,0,band,,bronze
2025,wuhan,长安大学,斑斓色彩,1,2,166,,name,551.3,0,band,,bronze
2025,wuhan,长安大学,鸡煲宇宙第一，鸡煲宇宙第一,1,2,166,,none,,0,quota,unexplained,
2025,wuhan,长沙理工大学,神马都是浮云,2,2,71,,name,620.7,0,band,,
2025,wuhan,长沙理工大学,美好的事可不可以发生在我身上,2,2,71,,name,1175.1,0,band,,
2025,wuhan,丽水学院,月相人生,0,1,354,,name,1139.9,0,quota,unexplained,bronze
2025,wuhan,中国矿业大学,抽奖,1,1,108,,name,359.5,0,band,,bronze
2025,wuhan,北方工业大学,落榜程序员,1,1,169,,name,730.3,0,band,,
2025,wuhan,河南大学,自由发挥,2,3,44,,name,245.7,0,band,,silver
2025,wuhan,河南大学,雨,2,3,44,,name,926.5,0,band,,bronze
2025,wuhan,河南大学,O（1）团队,2,3,44,,none,,0,quota,unexplained,
2025,wuhan,中南大学,你抚琵琶奏琴弦,2,3,52,wf,name,210.2,0,band,,silver
2025,wuhan,中南大学,少猪哭泣乐队,2,3,52,wf,name,470.4,0,band,,bronze
2025,wuhan,中南大学,对吗?对的:哦不对;,2,3,52,wf,none,,0,quota,wf,bronze
2025,wuhan,云南大学,/kill @e,1,3,145,host,name,1051.8,0,band,,
2025,wuhan,云南大学,我的二个两次元队友,1,3,145,host,none,,0,quota,host,bronze
2025,wuhan,云南大学,无敌galgame大王,1,3,145,host,none,,0,quota,host,
2025,wuhan,电子科技大学,UESTC_undefined_WiFi,2,5,6,host|wf,name,8.0,1,band,,gold
2025,wuhan,电子科技大学,UESTC_雪色光晕,2,5,6,host|wf,name,138.0,0,band,,silver
2025,wuhan,电子科技大学,UESTC_等下掉线一会,2,5,6,host|wf,name,227.0,0,quota,host,silver
2025,wuhan,电子科技大学,UESTC_在理工学校想邂逅艺术学妹搞错了什么,2,5,6,host|wf,name,292.0,0,quota,host,silver
2025,wuhan,电子科技大学,UESTC_EndlessEmbrace,2,5,6,host|wf,name,321.0,0,quota,wf,bronze
2025,wuhan,中国石油大学（华东）,中石大2005,2,3,69,,none,,0,band,,
2025,wuhan,中国石油大学（华东）,茉莉雨,2,3,69,,none,,0,band,,
2025,wuhan,中国石油大学（华东）,中石大1969,2,3,69,,none,,0,quota,unexplained,
2025,wuhan,天津工业大学,良田满穗,0,1,215,,name,800.5,0,quota,unexplained,bronze
2025,wuhan,福建理工大学,fjoi我爱你,1,1,154,,none,,0,band,,
2025,wuhan,南开大学,数智省身_难开题开题难,2,3,49,,none,,0,band,,silver
2025,wuhan,南开大学,数智省身_比起xcpc我更喜欢拿铁,2,3,49,,none,,0,band,,silver
2025,wuhan,南开大学,数智省身_缺乏灵感的菇,2,3,49,,none,,0,quota,unexplained,bronze
2025,wuhan,山东大学,电话微波炉（暂定）,2,4,47,wf,name,256.8,1,band,,gold
2025,wuhan,山东大学,我不曾忘记,2,4,47,wf,name,398.0,0,band,,bronze
2025,wuhan,山东大学,wa自动机,2,4,47,wf,name,532.5,0,quota,wf,silver
2025,wuhan,山东大学,圆一定要是圆形的,2,4,47,wf,name,589.3,0,quota,unexplained,silver
2025,wuhan,青岛大学,月色回音,1,2,187,,name,547.5,0,band,,
2025,wuhan,青岛大学,江江无路可退,1,2,187,,name,1024.6,0,quota,unexplained,
2025,wuhan,宁波财经学院,你不能拿我们和那些强队比,1,1,129,,none,,0,band,,bronze
2025,wuhan,东北师范大学,鼠鼠猛攻ACM,2,2,90,,name,1128.2,0,band,,
2025,wuhan,东北师范大学,重生,2,2,90,,none,,0,band,,
2025,wuhan,东北林业大学,其实我更会种树,1,1,184,,name,516.5,0,band,,
2025,wuhan,北京交通大学,幻梦成真,2,3,43,wf,none,,0,band,,silver
2025,wuhan,北京交通大学,404NotFound,2,3,43,wf,none,,0,band,,
2025,wuhan,北京交通大学,绮罗星距离,2,3,43,wf,none,,0,quota,wf,silver
2025,wuhan,武汉轻工大学,acmer学长不会遇见oi学弟,0,1,337,local,none,,0,quota,local,bronze
2025,wuhan,江西财经大学,别开香槟开早了,1,2,127,,name,1184.7,0,band,,bronze
2025,wuhan,江西财经大学,三人驭六丸,1,2,127,,name,1249.6,0,quota,unexplained,
2025,wuhan,厦门大学,请输入文本,2,2,38,,name,189.5,0,band,,silver
2025,wuhan,厦门大学,握草，绝密icpc保险出金了,2,2,38,,none,,0,band,,bronze
2025,wuhan,莆田学院,口胡金牌题,1,1,172,,name,620.4,0,band,,
2025,wuhan,合肥大学,Amusing Cat,1,1,139,,name,541.7,0,band,,bronze
2025,wuhan,河海大学,罚时之羽如深渊相伴 血色acm人生！,2,3,80,,name,362.3,0,band,,silver
2025,wuhan,河海大学,三重积分,2,3,80,,name,476.7,0,band,,silver
2025,wuhan,河海大学,我是森林之夜的歌手，蛙王酷宝,2,3,80,,none,,0,quota,unexplained,
2025,wuhan,深圳技术大学,SZTU_睡一觉就AC,1,1,103,,name,1087.4,0,band,,
2025,wuhan,山东科技大学,白羊号,2,3,76,,name,816.0,0,band,,
2025,wuhan,山东科技大学,阿瓦隆号,2,3,76,,name,1536.0,0,band,,
2025,wuhan,山东科技大学,渡鸦,2,3,76,,none,,0,quota,unexplained,bronze
2025,wuhan,安徽师范大学,天码行空,1,1,175,,name,486.4,0,band,,bronze
2025,wuhan,江苏大学,我们需要一个队名,2,2,73,,none,,0,band,,silver
2025,wuhan,江苏大学,耄耋的icpc之旅,2,2,73,,none,,0,band,,silver
2025,wuhan,西安理工大学,AC.cpp,1,1,118,,name,397.4,0,band,,
2025,wuhan,北京信息科技大学,狗全坏大战张抽，你们知道吗,1,1,119,,none,,0,band,,bronze
2025,wuhan,中北大学,ACMer转生，到了xcpc就拿出0721次罚时,1,1,198,,name,647.8,0,band,,
2025,wuhan,华南农业大学,想队名这种事情不要啊,2,3,79,,name,810.4,0,band,,
2025,wuhan,华南农业大学,开O4应该能过吧,2,3,79,,none,,0,band,,bronze
2025,wuhan,华南农业大学,其实错完了,2,3,79,,none,,0,quota,unexplained,
2025,wuhan,北京师范大学,高坂丽奈还没投票,2,2,33,,name,438.2,0,band,,bronze
2025,wuhan,北京师范大学,火龙狗,2,2,33,,name,1301.5,0,band,,
2025,wuhan,华东师范大学,英文队名逆序对,2,2,64,,none,,0,band,,silver
2025,wuhan,华东师范大学,Let Cloud Root,2,2,64,,none,,1,band,,gold
2025,wuhan,安阳师范学院,舞舞舞（全队拉条）,1,1,163,,none,,0,band,,
2025,wuhan,西安电子科技大学,风起鹰翔,2,2,50,,name,181.0,0,band,,silver
2025,wuhan,西安电子科技大学,GXB，我们喜欢你,2,2,50,,name,479.8,0,band,,bronze
2025,wuhan,汉江师范学院,一个人的足迹,0,1,211,local,none,,0,quota,local,
2025,wuhan,济南大学,花开之夜,2,3,37,,name,65.0,1,band,,gold
2025,wuhan,济南大学,风鹏万里,2,3,37,,name,951.0,0,band,,
2025,wuhan,济南大学,暴力出奇迹联盟,2,3,37,,none,,0,quota,unexplained,
2025,wuhan,湖北中医药大学,我依然故我，于终幕之上,0,1,430,local,name,1685.0,0,quota,local,
2025,wuhan,上海纽约大学,原神,2,1,51,,none,,0,band,,bronze
2025,wuhan,广州大学,无条件相信草神,2,2,91,,name,974.3,0,band,,bronze
2025,wuhan,广州大学,ODT暴徒,2,2,91,,none,,0,band,,
2025,wuhan,阜阳师范大学,爆裂黎明,0,1,262,,name,727.9,0,quota,unexplained,
2025,wuhan,河北师范大学,指尖破晓,1,1,126,,name,1275.0,0,band,,
2025,wuhan,香港城市大学（东莞）,香港城市大学（东莞）,1,2,190,non_mainland,none,,0,band,,bronze
2025,wuhan,香港城市大学（东莞）,在cityu-dg要港补冬袜,1,2,190,non_mainland,none,,0,quota,non_mainland,bronze
2025,wuhan,湖南人文科技学院,#define if while,1,1,178,,none,,0,band,,
2025,wuhan,中国计量大学,兄弟，我还想拿牌,1,1,132,,name,401.9,0,band,,silver
2025,wuhan,大连理工大学盘锦校区,亡命之徒,1,1,167,,name,567.1,0,band,,bronze
2025,wuhan,山东理工大学,唐龙历险记,1,2,155,,name,738.0,0,band,,
2025,wuhan,山东理工大学,夜航星,1,2,155,,name,847.3,0,quota,unexplained,
2025,wuhan,江西农业大学,你的存在是一个奇迹,1,1,171,,name,1099.2,0,band,,
2025,wuhan,齐鲁工业大学,负重越野,1,1,192,,name,712.3,0,band,,
2025,wuhan,浙江师范大学,姜还是老的辣知道不,2,3,67,,name,195.1,0,band,,silver
2025,wuhan,浙江师范大学,ACM（★）| 花开富贵（崭新出厂）,2,3,67,,name,401.7,0,band,,bronze
2025,wuhan,浙江师范大学,面向样例贪心,2,3,67,,name,641.0,0,quota,unexplained,
2025,wuhan,福州大学,没想法,2,3,24,,none,,0,band,,bronze
2025,wuhan,福州大学,我喜欢你,2,3,24,,none,,0,band,,silver
2025,wuhan,福州大学,惡·即·斬,2,3,24,,none,,1,quota,unexplained,gold
2025,wuhan,浙江万里学院,海伯利安,0,1,212,,none,,0,quota,unexplained,bronze
2025,wuhan,北京建筑大学,QQ星_来自龙国,2,1,34,,none,,0,band,,
2025,wuhan,吉利学院,吉利太美,0,1,359,,name,1216.7,0,quota,unexplained,
2025,wuhan,郑州轻工业大学,石中剑,0,2,221,,name,1157.1,0,quota,unexplained,bronze
2025,wuhan,郑州轻工业大学,最近公共烙饼,0,2,221,,none,,0,quota,unexplained,
2025,wuhan,南京工程学院,NJIT_0队：银狼,1,1,181,,none,,0,band,,
2025,wuhan,香港理工大学,我不是小茂密,1,3,158,host|non_mainland,name,900.0,0,band,,
2025,wuhan,香港理工大学,不见空,1,3,158,host|non_mainland,none,,0,quota,host,bronze
2025,wuhan,香港理工大学,Ad astra abyssosque,1,3,158,host|non_mainland,none,,0,quota,host,
2025,wuhan,上海科技大学,队名++;,2,2,57,,name,466.3,0,band,,silver
2025,wuhan,上海科技大学,南泵,2,2,57,,name,667.4,0,band,,
2025,wuhan,南京师范大学,没钱报名了怎么办,1,1,168,,none,,0,band,,bronze
2025,wuhan,武汉学院,人中赤兔，马中吕布,0,1,350,local,none,,0,quota,local,
2025,wuhan,安徽大学,神秘WA学弟,1,2,177,,name,1025.7,0,band,,
2025,wuhan,安徽大学,似乎没有能够令人AC的隐藏指令,1,2,177,,none,,0,quota,unexplained,
2025,wuhan,合肥工业大学,天天做早操队,1,1,195,,none,,0,band,,
2025,wuhan,东北石油大学,亲手操办24的退役仪式,0,1,,,none,,0,quota,unexplained,
2025,wuhan,安阳工学院,让我AC好不好,1,1,200,,name,687.8,0,band,,
2025,wuhan,浙大城市学院,二三四,1,2,112,,name,597.5,0,band,,
2025,wuhan,浙大城市学院,不如睡大觉,1,2,112,,name,1147.6,0,quota,unexplained,
2025,wuhan,湖南城市学院,灰姑娘的故事,1,1,110,,name,310.1,0,band,,
2025,wuhan,武汉软件工程职业学院,仿星器,0,1,,,none,,0,quota,unexplained,
2025,wuhan,三峡大学,WA无涯，AC是岸,0,1,285,local,none,,0,quota,local,bronze
2025,wuhan,北京电子科技学院,学弟将带领电科院走向辉煌,0,1,379,,none,,0,quota,unexplained,
2025,wuhan,徐州工程学院,奶龙的最后抽抽XZIT01,0,1,300,,none,,0,quota,unexplained,
2025,wuhan,鲁东大学,三只珍妮,0,1,234,,name,637.4,0,quota,unexplained,
2025,wuhan,山东师范大学,爆零就去玩原神,1,1,124,,name,523.1,0,band,,bronze
2025,wuhan,广西大学,奇迹与你,1,1,188,,name,1307.8,0,band,,bronze
2025,wuhan,华北电力大学（保定）,红绿色奶黄,1,1,141,,none,,0,band,,bronze
2025,wuhan,南阳理工学院,思考一下就AC,1,2,133,,none,,0,band,,
2025,wuhan,南阳理工学院,CCA困难解决小分队,1,2,133,,none,,0,quota,unexplained,
2025,wuhan,西华大学,宝宝宝宝，晚上好！@思静学姐,1,1,136,,none,,0,band,,bronze
2025,wuhan,华中科技大学文华学院,游戏人生零,0,1,,,none,,0,quota,unexplained,
2025,wuhan,上海电力大学,沉入奈落之底,1,1,138,,name,535.5,0,band,,bronze
2025,wuhan,昆山杜克大学,一个队,1,1,197,,none,,0,band,,
2025,wuhan,华东理工大学,华理算法皇帝霸气侧漏毁天灭地,2,2,61,,none,,0,band,,bronze
2025,wuhan,华东理工大学,飞向边界杯,2,2,61,,none,,0,band,,silver
2025,wuhan,广东外语外贸大学,Fe++,1,1,121,,none,,0,band,,bronze
2025,wuhan,浙江工商大学,珂朵莉,1,1,137,,name,723.3,0,band,,bronze
2025,wuhan,湖北大学,HUBU-涉海蜉蝣,0,1,246,local,none,,0,quota,local,
2025,wuhan,江西理工大学,神经网络过载,0,1,312,,name,1528.0,0,quota,unexplained,
2025,wuhan,湖北汽车工业学院,打a是好的,0,1,339,,none,,0,quota,unexplained,
2025,wuhan,青岛农业大学,手写的从前,0,1,301,,name,1022.2,0,quota,unexplained,
2025,wuhan,苏州工学院,暴力出奇迹，打表过样例,0,1,,,none,,0,quota,unexplained,
2025,wuhan,浙江机电职业技术大学,麦秋,1,1,148,,none,,0,band,,
2025,wuhan,厦门理工学院,firevsice with his boyfriends,1,1,134,,none,,0,band,,
2025,wuhan,吉林大学,故障吉奇人,2,2,15,,name,43.5,1,band,,gold
2025,wuhan,吉林大学,一发猜对,2,2,15,,name,205.7,0,band,,silver
2025,wuhan,温州大学,温大一队,2,2,78,,name,499.5,1,band,,gold
2025,wuhan,温州大学,温大十队,2,2,78,,name,1507.0,0,band,,
2025,wuhan,江南大学,无牌转生，来到ACM就拿出真本事,1,1,123,,name,1039.4,0,band,,
2025,wuhan,武汉商学院,枫,0,1,219,local,none,,0,quota,local,
2025,wuhan,河南理工大学,呆头呆脑,1,1,144,,name,618.9,0,band,,
2025,wuhan,湖南科技大学,告诉我为什么,1,1,105,,none,,0,band,,
2025,wuhan,河北工业大学,正联退,1,1,191,,none,,0,band,,bronze
2025,wuhan,山西大学,寂寞的人听着伤心的歌,0,1,353,,none,,0,quota,unexplained,
2025,wuhan,浙江科技大学,看不懂英文,1,1,164,,name,700.9,0,band,,silver
2025,wuhan,沈阳化工大学,又活一天,0,1,299,,name,1123.8,0,quota,unexplained,
2025,wuhan,湖北师范大学,新世纪AC战士,0,1,322,,name,1538.2,0,quota,unexplained,
2025,wuhan,山东大学（威海）,进击的奶龙,1,1,122,,name,476.5,0,band,,silver
2025,wuhan,中国民航大学,星星之火,1,1,160,,name,682.6,0,band,,bronze
2025,wuhan,河南农业大学,不做无法实现的梦,0,1,201,,none,,0,quota,unexplained,
2025,wuhan,杭州电子科技大学信息工程学院,爱鸡TV之我不要爱我要麦,2,1,59,,none,,0,band,,
2025,wuhan,西南大学,SWU-Mygo,1,1,156,,name,523.8,0,band,,silver
2025,wuhan,南昌航空大学,那一天的算法，算法起来,1,1,189,,name,573.8,0,band,,silver
2025,wuhan,南通大学,复制黏贴,0,1,279,,none,,0,quota,unexplained,bronze
2025,wuhan,西南财经大学,狼狼狼,1,1,113,,name,352.0,0,band,,silver
2025,wuhan,暨南大学,真得想个队名了,1,1,102,,none,,1,band,,gold
2025,wuhan,成都理工大学,我嘞个豆豆啊,0,1,223,,name,605.6,0,quota,unexplained,bronze
2025,wuhan,广州华商学院,夏日终曲,0,1,368,,none,,0,quota,unexplained,
2025,wuhan,西安邮电大学,琪露诺带喵喵藜再飞一次,1,1,180,,none,,0,band,,bronze
2025,wuhan,湖北第二师范学院,yyyzh123不想单身一辈子,0,1,420,local,none,,0,quota,local,
2025,xian,阿坝师范学院,南蛮入侵,0,1,210,,name,776.5,0,quota,unexplained,
2025,xian,北京大学,不渡轮回,2,4,1,host|wf,name,1.0,1,band,,gold
2025,xian,北京大学,呜呜杂班,2,4,1,host|wf,name,53.0,1,band,,gold
2025,xian,北京大学,仨人成行,2,4,1,host|wf,name,56.0,0,quota,host,silver
2025,xian,北京大学,补队,2,4,1,host|wf,name,95.0,1,quota,host,gold
2025,xian,北京工业大学,铁牌也是牌,1,2,86,,name,349.0,0,band,,silver
2025,xian,北京工业大学,双翼翱翔,1,2,86,,name,520.5,0,quota,unexplained,
2025,xian,北京航空航天大学,天铸币,2,4,27,wf,name,123.4,1,band,,gold
2025,xian,北京航空航天大学,我队友得了MVP！,2,4,27,wf,name,257.5,0,band,,silver
2025,xian,北京航空航天大学,双星很难吗？我rks12.66,2,4,27,wf,name,263.3,1,quota,wf,gold
2025,xian,北京航空航天大学,你是永远的猫猫虫,2,4,27,wf,none,,0,quota,unexplained,silver
2025,xian,北京化工大学,牢码队,1,1,96,,name,846.7,0,band,,
2025,xian,北京交通大学,请输入文本,2,2,43,wf,none,,0,band,,silver
2025,xian,北京交通大学,交一发先,2,2,43,wf,none,,0,band,,silver
2025,xian,北京科技大学,顽强报名奖,1,2,101,,name,283.2,0,band,,silver
2025,xian,北京科技大学,浓缩咖啡,1,2,101,,none,,0,quota,unexplained,
2025,xian,北京理工大学,Penalty这么高它的意思一定是分数吧,2,4,39,,name,101.2,1,band,,gold
2025,xian,北京理工大学,过了样例也不队,2,4,39,,name,308.4,0,band,,silver
2025,xian,北京理工大学,动态树,2,4,39,,name,450.4,0,quota,unexplained,bronze
2025,xian,北京理工大学,编程小纵队,2,4,39,,name,865.5,0,quota,unexplained,
2025,xian,北京理工大学珠海学院,最后一场ICPC可以拿五杀吗,0,1,311,,none,,0,quota,unexplained,
2025,xian,北京林业大学,小AC找码码,1,1,125,,name,1292.1,0,band,,
2025,xian,北京师范大学,深藏blue,2,2,33,,name,1627.5,0,band,,
2025,xian,北京师范大学,多边狗,2,2,33,,none,,0,band,,silver
2025,xian,北京信息科技大学,狗全坏大战张抽，你们知道吗,1,1,119,,none,,0,band,,silver
2025,xian,北京邮电大学,此队伍名由AI生成,2,3,42,wf,name,104.0,1,band,,gold
2025,xian,北京邮电大学,我太想进步了,2,3,42,wf,name,151.2,1,band,,gold
2025,xian,北京邮电大学,邮男之旅,2,3,42,wf,name,400.7,0,quota,wf,silver
2025,xian,成都锦城学院,樱花泪,0,1,261,,name,783.6,0,quota,unexplained,
2025,xian,成都理工大学,我嘞个豆豆啊,0,1,223,,name,605.6,0,quota,unexplained,silver
2025,xian,成都理工大学工程技术学院,你的AC是我唯一的最优解,0,1,436,,none,,0,quota,unexplained,
2025,xian,成都信息工程大学,冰冷帝企鹅,1,2,100,,name,282.5,0,band,,silver
2025,xian,成都信息工程大学,GLaUNIX,1,2,100,,none,,0,quota,unexplained,silver
2025,xian,大连大学,队名叫什么,0,1,399,,none,,0,quota,unexplained,
2025,xian,大连海事大学,重生之我是秦始皇在逃兵马俑,1,1,95,,none,,0,band,,silver
2025,xian,大连交通大学,火箭汪汪队,0,1,393,,name,1376.1,0,quota,unexplained,
2025,xian,大连理工大学,这么六！,2,3,62,,name,220.7,0,band,,bronze
2025,xian,大连理工大学,逆元,2,3,62,,name,584.5,0,band,,silver
2025,xian,大连理工大学,回答我，xcpc怎么打才队,2,3,62,,none,,0,quota,unexplained,bronze
2025,xian,大连理工大学城市学院,击碎黑暗,0,1,283,,name,1007.4,0,quota,unexplained,
2025,xian,电子科技大学,UESTC_EndlessEmbrace,2,4,6,host|wf,name,321.0,0,band,,silver
2025,xian,电子科技大学,UESTC_______,2,4,6,host|wf,name,399.0,0,band,,silver
2025,xian,电子科技大学,UESTC_封榜后北伐,2,4,6,host|wf,name,686.0,0,quota,host,silver
2025,xian,电子科技大学,UESTC_安黛因母鸡卡,2,4,6,host|wf,none,,0,quota,host,bronze
2025,xian,电子科技大学中山学院,随便做都队,0,1,153,,name,572.2,0,quota,unexplained,silver
2025,xian,东北大学,东北大学_安卓队伍,2,4,9,host|wf,none,,0,band,,bronze
2025,xian,东北大学,东北大学_此世轮回重启，代码证道成圣！,2,4,9,host|wf,none,,0,band,,
2025,xian,东北大学,必码温,2,4,9,host|wf,none,,0,quota,host,bronze
2025,xian,东北大学,东北大学_哈基米南北绿队,2,4,9,host|wf,none,,0,quota,host,
2025,xian,东北大学秦皇岛分校,恋的零次方,2,3,40,,name,478.0,0,band,,bronze
2025,xian,东北大学秦皇岛分校,洛森指针,2,3,40,,name,651.8,0,band,,
2025,xian,东北大学秦皇岛分校,蓦然回首,2,3,40,,name,985.4,0,quota,unexplained,
2025,xian,东北师范大学,运行错误,1,2,90,,name,293.6,0,band,,bronze
2025,xian,东北师范大学,深度睡眠,1,2,90,,none,,0,quota,unexplained,bronze
2025,xian,东莞理工学院,两个大佬带我飞,1,1,140,,none,,0,band,,
2025,xian,东华大学,不可视境界线,1,2,87,,name,233.8,1,band,,gold
2025,xian,东华大学,回忆的书页可以推开噩梦,1,2,87,,none,,0,quota,unexplained,bronze
2025,xian,东华理工大学,院长说区域赛是省赛不给报销,0,1,338,,none,,0,quota,unexplained,
2025,xian,东南大学,薄暮冥冥,2,2,36,,name,70.5,1,band,,gold
2025,xian,东南大学,西西弗斯,2,2,36,,name,204.5,0,band,,silver
2025,xian,福建理工大学,队友邀请赛打铁了,0,1,154,,none,,0,quota,unexplained,bronze
2025,xian,福州大学,孤注一掷！,2,3,24,,none,,0,band,,bronze
2025,xian,福州大学,让我康康,2,3,24,,none,,0,band,,
2025,xian,福州大学,回来吧科比牢大，我最骄傲的信仰,2,3,24,,none,,0,quota,unexplained,bronze
2025,xian,阜阳师范大学,金银铜,0,1,262,,name,1204.2,0,quota,unexplained,
2025,xian,复旦大学,五行缺金,2,2,4,,name,42.4,1,band,,gold
2025,xian,复旦大学,奶龙的小七,2,2,4,,name,48.1,1,band,,gold
2025,xian,广东东软学院,我们的目标是铁牌,0,1,237,,none,,0,quota,unexplained,bronze
2025,xian,广东工业大学,循序渐进,2,3,12,,name,705.0,0,band,,silver
2025,xian,广东工业大学,呜哇,2,3,12,,name,790.9,0,band,,
2025,xian,广东工业大学,GDUT_AC 发电机,2,3,12,,none,,0,quota,unexplained,
2025,xian,广东金融学院,阿萨姆奶茶,0,1,335,,none,,0,quota,unexplained,
2025,xian,广东外语外贸大学,最棒的小羊,1,1,121,,none,,0,band,,
2025,xian,广西大学,远航者的幻想乡,0,1,188,,name,567.6,0,quota,unexplained,bronze
2025,xian,广西民族大学,超级薯条,0,1,326,,name,1117.5,0,quota,unexplained,
2025,xian,广西师范大学,哇哈哈哈哈哈,0,1,275,,name,914.4,0,quota,unexplained,bronze
2025,xian,广州大学,西哈诺,1,1,91,,name,273.9,0,band,,silver
2025,xian,广州软件学院,哈基米哦南北路多,0,1,287,,none,,0,quota,unexplained,
2025,xian,国防科技大学,那么这一时刻又有老铁问了,1,2,130,wf,name,668.0,0,band,,
2025,xian,国防科技大学,刷题三天会做AC自动机,1,2,130,wf,none,,0,quota,wf,bronze
2025,xian,哈尔滨工程大学,起个人类队名吧球球了,1,1,82,,name,877.2,0,band,,bronze
2025,xian,哈尔滨工业大学,你有一块真正的金牌吗,2,3,8,wf,name,59.3,0,band,,silver
2025,xian,哈尔滨工业大学,加载中，请稍候,2,3,8,wf,name,689.4,0,band,,
2025,xian,哈尔滨工业大学,长崎不爽世,2,3,8,wf,none,,0,quota,wf,silver
2025,xian,哈尔滨工业大学（深圳）,潜水小怪,2,2,23,,name,70.0,1,band,,gold
2025,xian,哈尔滨工业大学（深圳）,奶龙耄耋Doro合体,2,2,23,,name,780.0,0,band,,
2025,xian,哈尔滨工业大学（威海）,教练我不想再WA了,2,2,29,,name,860.3,0,band,,bronze
2025,xian,哈尔滨工业大学（威海）,小伙defineintLL就被管家打断腿,2,2,29,,none,,0,band,,bronze
2025,xian,哈尔滨理工大学,哈理工04队,0,1,220,,none,,0,quota,unexplained,
2025,xian,杭州电子科技大学,杭电一队,2,4,13,,none,,1,band,,gold
2025,xian,杭州电子科技大学,杭电四队,2,4,13,,none,,0,band,,silver
2025,xian,杭州电子科技大学,杭电9队,2,4,13,,none,,0,quota,unexplained,silver
2025,xian,杭州电子科技大学,杭电十队,2,4,13,,none,,0,quota,unexplained,bronze
2025,xian,杭州师范大学,我要对你实行我的AC专属权,2,4,68,host,name,956.0,0,band,,
2025,xian,杭州师范大学,超大杯石山完美AC,2,4,68,host,none,,0,band,,
2025,xian,杭州师范大学,彻月渡清波,2,4,68,host,none,,0,quota,host,silver
2025,xian,杭州师范大学,Welcome,2,4,68,host,none,,0,quota,host,
2025,xian,合肥大学,反正能过样例,1,1,139,,name,1423.9,0,band,,
2025,xian,合肥工业大学,二进制算法研究,0,1,195,,none,,0,quota,unexplained,
2025,xian,河北工程大学,七维叉积,0,1,203,,name,1677.0,0,quota,unexplained,
2025,xian,河北工业大学,ap与aj相比，我选择ac,0,1,191,,none,,0,quota,unexplained,
2025,xian,河北师范大学,可燃冰红茶,1,1,126,,none,,0,band,,silver
2025,xian,河海大学,25时，在老年皮划艇打铁,2,2,80,,name,370.0,0,band,,silver
2025,xian,河海大学,如果是勇者辛美尔的话一定会AC的,2,2,80,,name,918.7,0,band,,
2025,xian,河南大学,雨,2,3,44,,name,926.5,0,band,,
2025,xian,河南大学,好想玩道德与法治6,2,3,44,,name,988.3,0,band,,bronze
2025,xian,河南大学,我要睡觉了,2,3,44,,name,1158.3,0,quota,unexplained,
2025,xian,河南工业大学,恩,0,1,356,,none,,0,quota,unexplained,
2025,xian,河南理工大学,呆头呆脑,1,3,144,,name,618.9,0,band,,bronze
2025,xian,河南理工大学,蛋仔派队,1,3,144,,name,1080.1,0,quota,unexplained,
2025,xian,河南理工大学,春蝉秋鸣泣之时,1,3,144,,none,,0,quota,unexplained,silver
2025,xian,河南农业大学,请求头,0,1,201,,none,,0,quota,unexplained,
2025,xian,河南师范大学,起个简单点的吧,1,3,85,,name,193.0,0,band,,bronze
2025,xian,河南师范大学,蹦蹦吧,1,3,85,,none,,0,quota,unexplained,
2025,xian,河南师范大学,铜牌下班,1,3,85,,none,,0,quota,unexplained,
2025,xian,湖北第二师范学院,老登首秀给个机会 qwq,0,1,420,,none,,0,quota,unexplained,
2025,xian,湖北工业大学,小丑派对,0,2,176,,name,933.6,0,quota,unexplained,silver
2025,xian,湖北工业大学,备用机位,0,2,176,,name,1193.8,0,quota,unexplained,
2025,xian,湖南财政经济学院,死手快敲,0,1,291,,name,876.6,0,quota,unexplained,
2025,xian,湖南大学,瓦学弟的打铁之旅,2,3,31,wf,name,981.0,0,band,,bronze
2025,xian,湖南大学,蝴蝶穿花,2,3,31,wf,name,1129.4,0,band,,bronze
2025,xian,湖南大学,白狼,2,3,31,wf,none,,0,quota,wf,
2025,xian,湖南科技大学,她不在榜上也不在我身旁,1,2,105,,none,,0,band,,bronze
2025,xian,湖南科技大学,告诉我为什么,1,2,105,,none,,0,quota,unexplained,bronze
2025,xian,湖南理工学院,COFFEE CODE BUGS,0,1,164,,none,,0,quota,unexplained,
2025,xian,湖南农业大学,会赢的,0,1,213,,name,578.5,0,quota,unexplained,
2025,xian,湖南师范大学,雾之湖,2,1,74,,none,,1,band,,gold
2025,xian,华北理工大学,梦想成为ICPC高手,0,1,209,,name,870.9,0,quota,unexplained,
2025,xian,华东交通大学,真的想不到队名了,0,1,244,,name,930.0,0,quota,unexplained,bronze
2025,xian,华东理工大学,通海湖裸泳君,2,2,61,,name,949.0,0,band,,
2025,xian,华东理工大学,王者,2,2,61,,none,,0,band,,
2025,xian,华东师范大学,至此，一锤定音,2,3,64,,name,342.8,0,band,,silver
2025,xian,华东师范大学,河西食堂转生队,2,3,64,,name,443.0,0,band,,bronze
2025,xian,华东师范大学,combo,2,3,64,,name,594.4,0,quota,unexplained,
2025,xian,华南理工大学,散养走地鸡,2,3,55,,name,309.9,0,band,,bronze
2025,xian,华南理工大学,打xcpc不喊我,2,3,55,,none,,0,band,,silver
2025,xian,华南理工大学,华工十队,2,3,55,,none,,1,quota,unexplained,gold
2025,xian,华南农业大学,开O4应该能过吧,2,2,79,,none,,0,band,,
2025,xian,华南农业大学,比赛没一个醒的,2,2,79,,none,,0,band,,bronze
2025,xian,华南师范大学,江南行者,1,1,81,,name,723.7,0,band,,silver
2025,xian,华侨大学,潜龙腾渊,0,1,377,,none,,0,quota,unexplained,
2025,xian,华中科技大学,长夜杯空,2,3,45,wf,name,109.4,0,band,,bronze
2025,xian,华中科技大学,零,2,3,45,wf,name,162.4,1,band,,gold
2025,xian,华中科技大学,棍十六,2,3,45,wf,none,,0,quota,wf,silver
2025,xian,华中农业大学,天糖制造,0,1,159,,name,1172.3,0,quota,unexplained,bronze
2025,xian,华中师范大学,麻衣学姐想念ZZZ,1,1,93,,none,,0,band,,bronze
2025,xian,吉利学院,取名字太难了,0,1,359,,name,1491.0,0,quota,unexplained,
2025,xian,吉林大学,终焉夜雨,2,3,15,,name,267.6,0,band,,bronze
2025,xian,吉林大学,久世浮倾,2,3,15,,name,307.4,1,band,,gold
2025,xian,吉林大学,栈深不知处,2,3,15,,name,437.3,0,quota,unexplained,silver
2025,xian,吉首大学,今年一定过四级,0,1,,,none,,0,quota,unexplained,
2025,xian,集美大学,末日的时候在干什么？能不能来帮我ac,1,1,103,,none,,0,band,,
2025,xian,济南大学,花开之夜,2,2,37,,name,65.0,1,band,,gold
2025,xian,济南大学,轮回之终末,2,2,37,,name,1922.0,0,band,,
2025,xian,暨南大学,卡常的概念神人们,1,1,102,,none,,0,band,,bronze
2025,xian,江汉大学,某暗部的少女共栖,0,1,270,,none,,0,quota,unexplained,
2025,xian,江南大学,凹嗷奥熬袄,1,1,123,,name,1355.1,0,band,,
2025,xian,江苏大学,耄耋的icpc之旅,2,1,73,,none,,0,band,,bronze
2025,xian,江苏海洋大学,好好学习，天天向上,0,1,305,,name,983.3,0,quota,unexplained,
2025,xian,江西财经大学,彩虹海,1,2,127,,name,1150.7,0,band,,
2025,xian,江西财经大学,关注哔站复活小聪明谢谢喵,1,2,127,,none,,0,quota,unexplained,bronze
2025,xian,江西农业大学,你们的生命不会呐喊吗！,0,1,171,,none,,0,quota,unexplained,
2025,xian,江西师范大学,嘻嘻，我要赢口牙,1,3,150,,name,777.9,0,band,,bronze
2025,xian,江西师范大学,Genshin Impact start,1,3,150,,none,,0,quota,unexplained,bronze
2025,xian,江西师范大学,WA_on_test_1,1,3,150,,none,,0,quota,unexplained,bronze
2025,xian,井冈山大学,涅槃,0,1,265,,none,,0,quota,unexplained,
2025,xian,兰州大学,黄河远上白云间,1,2,88,,name,711.0,0,band,,bronze
2025,xian,兰州大学,思政大模型,1,2,88,,none,,0,quota,unexplained,bronze
2025,xian,乐山师范学院,与你相恋到生命尽头,0,1,324,,none,,0,quota,unexplained,bronze
2025,xian,辽宁大学,月影宵行,0,1,286,,name,812.6,0,quota,unexplained,
2025,xian,龙岩学院,打Div.4被扣180分,0,1,,,none,,0,quota,unexplained,
2025,xian,南昌航空大学,无牌不叫,0,1,189,,name,751.2,0,quota,unexplained,
2025,xian,南昌理工学院,夏日口袋,0,1,380,,none,,0,quota,unexplained,
2025,xian,南方科技大学,南方科技大学-哈奇马斯,2,3,10,wf,none,,0,band,,bronze
2025,xian,南方科技大学,南方科技大学-连科兰,2,3,10,wf,none,,0,band,,silver
2025,xian,南方科技大学,南方科技大学-卡拉巴赫,2,3,10,wf,none,,0,quota,wf,silver
2025,xian,南华大学,打铁之后打螺丝,0,1,314,,none,,0,quota,unexplained,
2025,xian,南京大学,平流层,2,3,5,wf,name,102.8,1,band,,gold
2025,xian,南京大学,拂晓之刃,2,3,5,wf,name,163.5,1,band,,gold
2025,xian,南京大学,随家仓,2,3,5,wf,name,165.4,0,quota,wf,silver
2025,xian,南京航空航天大学,原子牌锅贴,2,4,32,host|wf,name,897.7,0,band,,bronze
2025,xian,南京航空航天大学,下班,2,4,32,host|wf,name,1273.9,0,band,,
2025,xian,南京航空航天大学,0xAC小队,2,4,32,host|wf,name,1535.0,0,quota,host,
2025,xian,南京航空航天大学,哈睦,2,4,32,host|wf,none,,0,quota,host,silver
2025,xian,南京理工大学,啊对对对,2,3,28,wf,none,,0,band,,
2025,xian,南京理工大学,天梯赛 136，出击！,2,3,28,wf,none,,0,band,,bronze
2025,xian,南京理工大学,我才不是猫猫头,2,3,28,wf,none,,0,quota,wf,bronze
2025,xian,南京林业大学,长夜月,0,1,303,,name,944.7,0,quota,unexplained,
2025,xian,南京农业大学,没有人比我更懂AC,0,2,161,,name,759.7,0,quota,unexplained,bronze
2025,xian,南京农业大学,码到成功,0,2,161,,name,1275.0,0,quota,unexplained,bronze
2025,xian,南京信息工程大学,冰红茶说的都队,1,1,107,,name,459.8,0,band,,silver
2025,xian,南京邮电大学,Transformer,2,4,70,wf,none,,0,band,,silver
2025,xian,南京邮电大学,故我在,2,4,70,wf,none,,0,band,,bronze
2025,xian,南京邮电大学,AK的芙莉莲,2,4,70,wf,none,,0,quota,wf,bronze
2025,xian,南京邮电大学,不想打西安站,2,4,70,wf,none,,0,quota,unexplained,silver
2025,xian,南开大学,数智省身_desuwa,2,2,49,,none,,0,band,,bronze
2025,xian,南开大学,数智省身_比起xcpc我更喜欢拿铁,2,2,49,,none,,1,band,,gold
2025,xian,南通大学,复制粘贴,0,1,279,,name,812.1,0,quota,unexplained,bronze
2025,xian,南阳理工学院,没事还有另一队,1,3,133,,name,994.7,0,band,,
2025,xian,南阳理工学院,巨大的贡献，巨大的牺牲巨大的carry,1,3,133,,none,,0,quota,unexplained,bronze
2025,xian,南阳理工学院,所谓月色,1,3,133,,none,,0,quota,unexplained,
2025,xian,南阳师范学院,比AC多一点的AD钙奶,0,1,248,,none,,0,quota,unexplained,
2025,xian,宁波大学,时间紧任务重,1,2,93,,name,808.9,0,band,,silver
2025,xian,宁波大学,初音未来-纳西妲-芙宁娜第一可爱喵,1,2,93,,name,1009.7,0,quota,unexplained,bronze
2025,xian,宁夏大学,季节更替,0,1,425,,none,,0,quota,unexplained,
2025,xian,莆田学院,口胡金牌题,0,1,172,,name,620.4,0,quota,unexplained,silver
2025,xian,齐鲁工业大学,负重越野,0,2,192,,name,712.3,0,quota,unexplained,bronze
2025,xian,齐鲁工业大学,稻香满径,0,2,192,,none,,0,quota,unexplained,
2025,xian,青岛农业大学,手写的从前,0,1,301,,name,1022.2,0,quota,unexplained,
2025,xian,清华大学,击中月亮,2,4,3,wf,name,8.0,1,band,,gold
2025,xian,清华大学,家里蹲,2,4,3,wf,name,17.3,1,band,,gold
2025,xian,清华大学,不要再 ultra 了,2,4,3,wf,name,28.0,1,quota,wf,gold
2025,xian,清华大学,能陪我延一辈子的毕吗？,2,4,3,wf,none,,1,quota,unexplained,gold
2025,xian,三峡大学,WA无涯，AC是岸,0,1,285,,none,,0,quota,unexplained,silver
2025,xian,厦门大学,随机增量,2,2,38,,name,279.5,0,band,,silver
2025,xian,厦门大学,月夜见海月,2,2,38,,none,,0,band,,
2025,xian,山东大学,你，去比赛了吧...和我不认识的人一起,2,3,47,wf,name,891.8,0,band,,bronze
2025,xian,山东大学,不万元申万的,2,3,47,wf,name,954.7,0,band,,silver
2025,xian,山东大学,AC是检验真理的唯一标准,2,3,47,wf,name,1056.0,0,quota,wf,silver
2025,xian,山东大学（威海）,青春蟒蛇少年不会梦到TLE学姐,1,1,122,,name,756.2,0,band,,bronze
2025,xian,山东建筑大学,大明湖水怪,0,1,322,,name,1099.5,0,quota,unexplained,bronze
2025,xian,山东科技大学,柏林号,2,3,76,,name,209.8,0,band,,silver
2025,xian,山东科技大学,鹰号,2,3,76,,name,1185.7,0,band,,
2025,xian,山东科技大学,兰树号,2,3,76,,none,,0,quota,unexplained,bronze
2025,xian,山东理工大学,熵减新生,0,2,155,,name,760.4,0,quota,unexplained,bronze
2025,xian,山东理工大学,千万伏特,0,2,155,,none,,0,quota,unexplained,silver
2025,xian,山东农业大学,人闲桂花落,0,1,222,,name,647.7,0,quota,unexplained,bronze
2025,xian,山东师范大学,码跃秦川,1,2,124,,none,,0,band,,bronze
2025,xian,山东师范大学,爆零就去玩三角洲,1,2,124,,none,,0,quota,unexplained,
2025,xian,山西大学,贪心求过,0,1,353,,none,,0,quota,unexplained,
2025,xian,陕西科技大学,三世同堂,0,1,308,local,name,1189.4,0,quota,local,
2025,xian,陕西师范大学,恒卷时刻,0,2,242,local,name,878.1,0,quota,local,
2025,xian,陕西师范大学,金牌的美好混乱,0,2,242,local,none,,0,quota,unexplained,
2025,xian,商丘师范学院,一觉睡到优菈复刻,0,1,251,,none,,0,quota,unexplained,bronze
2025,xian,上海大学,蒟蒻联盟,2,5,65,host|wf,name,452.2,0,band,,bronze
2025,xian,上海大学,鼠SHU不想WA,2,5,65,host|wf,name,733.0,0,band,,
2025,xian,上海大学,游客分队,2,5,65,host|wf,name,1388.0,0,quota,host,
2025,xian,上海大学,海鸥,2,5,65,host|wf,none,,0,quota,host,
2025,xian,上海大学,WA物语,2,5,65,host|wf,none,,0,quota,wf,
2025,xian,上海海事大学,放学后 Algorithm Time,0,1,282,,name,1002.9,0,quota,unexplained,
2025,xian,上海海洋大学,牢铁传说之陨落的天才,0,1,236,,name,807.5,0,quota,unexplained,
2025,xian,上海交通大学,空月之歌,2,2,16,wf,name,134.3,1,band,,gold
2025,xian,上海交通大学,夏日影,2,2,16,wf,none,,1,band,,gold
2025,xian,上海科技大学,羽生萌萌香鱼子酱,2,2,57,,none,,0,band,,silver
2025,xian,上海科技大学,期中时在做什么？有没有空？可以来西安吗？,2,2,57,,none,,0,band,,bronze
2025,xian,上海纽约大学,小男娘,2,2,51,,name,135.5,1,band,,gold
2025,xian,上海纽约大学,()不是回文,2,2,51,,none,,0,band,,bronze
2025,xian,上海师范大学,不会线性基的数学队,1,1,143,,none,,0,band,,
2025,xian,上海应用技术大学,那一天的AC，AC起来,0,1,371,,none,,0,quota,unexplained,
2025,xian,深圳大学,青春5d0学姐不会梦见ACM少年,2,2,72,,name,599.0,0,band,,bronze
2025,xian,深圳大学,古故菇,2,2,72,,name,712.4,0,band,,bronze
2025,xian,深圳技术大学,SZTU_水银之毒,1,1,103,,name,317.8,0,band,,silver
2025,xian,沈阳化工大学,又活一天,0,1,299,,name,1123.8,0,quota,unexplained,
2025,xian,沈阳理工大学,不祈者,0,1,245,,none,,0,quota,unexplained,
2025,xian,沈阳师范大学,今夜，星光灿烂,0,1,266,,name,793.6,0,quota,unexplained,bronze
2025,xian,四川大学,球状闪电,2,3,20,,name,61.6,1,band,,gold
2025,xian,四川大学,重生之全都能做队,2,3,20,,name,726.5,0,band,,bronze
2025,xian,四川大学,西安机厅舞萌中二几块钱1pc,2,3,20,,none,,0,quota,unexplained,
2025,xian,四川师范大学,一觉醒来全球算法水平下降一万倍,0,1,161,,name,1202.8,0,quota,unexplained,
2025,xian,苏州大学,RE 手动机,1,1,111,,name,323.4,0,band,,silver
2025,xian,台州学院,三乌鲁鲁赌铜牌,2,2,75,,name,279.1,0,band,,bronze
2025,xian,台州学院,让我们ac吧，我们什么都会做的,2,2,75,,name,1160.9,0,band,,
2025,xian,天津大学,北洋水师pro max ultra ti,1,1,98,,none,,0,band,,bronze
2025,xian,天津工业大学,祥子帮帮写,0,2,215,,name,714.6,0,quota,unexplained,
2025,xian,天津工业大学,香香软软白白嫩嫩可可爱爱队,0,2,215,,name,792.0,0,quota,unexplained,
2025,xian,同济大学,云开自天明,2,3,26,,name,263.0,0,band,,bronze
2025,xian,同济大学,春田花花,2,3,26,,name,534.0,0,band,,bronze
2025,xian,同济大学,Islands,2,3,26,,name,611.9,0,quota,unexplained,bronze
2025,xian,温州大学,牌入栈 栈溢出,2,1,78,,name,940.6,0,band,,
2025,xian,无锡学院,一觉醒来全世界打a水平上升一万倍,0,1,319,,none,,0,quota,unexplained,bronze
2025,xian,五邑大学,博士队员与他们的猿人队长,0,1,230,,none,,0,quota,unexplained,
2025,xian,武汉大学,摇曳到软冬去露营,2,4,18,host,name,252.2,0,band,,silver
2025,xian,武汉大学,菠萝催学,2,4,18,host,name,467.7,0,band,,silver
2025,xian,武汉大学,容我烧烤一下队友,2,4,18,host,none,,0,quota,host,bronze
2025,xian,武汉大学,WHITE ACM2 ~code~,2,4,18,host,none,,0,quota,host,silver
2025,xian,武汉纺织大学,我的青春AC果然物语,1,1,109,,name,746.8,0,band,,bronze
2025,xian,武汉工程大学,歪比巴卜,1,1,117,,none,,0,band,,
2025,xian,武汉科技大学,赤色风铃,1,1,115,,name,792.6,0,band,,silver
2025,xian,武汉理工大学,少女周末旅行,2,3,60,wf,name,1114.0,0,band,,
2025,xian,武汉理工大学,败犬ACMer太多了！,2,3,60,wf,none,,0,band,,bronze
2025,xian,武汉理工大学,必须捍卫的名额,2,3,60,wf,none,,0,quota,wf,silver
2025,xian,武汉轻工大学,皮蛋学长不会梦到oi学弟,0,1,337,,none,,0,quota,unexplained,
2025,xian,西安电子科技大学,什么都不会也能参加ACM吗,2,4,50,local,name,263.8,0,band,,silver
2025,xian,西安电子科技大学,喵亦或鱼,2,4,50,local,name,469.2,0,band,,silver
2025,xian,西安电子科技大学,嘻小癫学院超自研,2,4,50,local,name,470.9,0,quota,local,bronze
2025,xian,西安电子科技大学,GXB，我们喜欢你,2,4,50,local,name,479.8,0,quota,unexplained,silver
2025,xian,西安工业大学,敢同恶鬼争高下，不向霸王让寸分,0,1,288,local,name,930.1,0,quota,local,bronze
2025,xian,西安交通大学,这是一个ACM队,2,4,21,wf|local,name,273.8,0,band,,silver
2025,xian,西安交通大学,不知道起什么就不起了吧,2,4,21,wf|local,name,329.4,0,band,,silver
2025,xian,西安交通大学,因为太怕罚时就全交到签到题了,2,4,21,wf|local,none,,0,quota,wf,bronze
2025,xian,西安交通大学,死者苏生,2,4,21,wf|local,none,,0,quota,local,
2025,xian,西安科技大学,来财,0,1,333,local,none,,0,quota,local,
2025,xian,西安理工大学,AC.cpp,1,2,118,local,name,397.4,0,band,,bronze
2025,xian,西安理工大学,re0,1,2,118,local,none,,0,quota,local,
2025,xian,西安欧亚学院,略去过程QED,0,1,217,local,name,656.6,0,quota,local,bronze
2025,xian,西安邮电大学,韬光养晦再夺天时,0,2,180,local,name,1943.0,0,quota,local,
2025,xian,西安邮电大学,忙着加训,0,2,180,local,none,,0,quota,unexplained,
2025,xian,西北大学,我不是AC神,1,2,105,local,none,,0,band,,
2025,xian,西北大学,不吃罚时,1,2,105,local,none,,0,quota,local,bronze
2025,xian,西北工业大学,勇敢牛牛,2,3,30,host|wf|local,none,,0,band,,
2025,xian,西北工业大学,define int long long,2,3,30,host|wf|local,none,,0,band,,bronze
2025,xian,西北工业大学,原神拯救世界,2,3,30,host|wf|local,none,,0,quota,host,bronze
2025,xian,西北农林科技大学,对的对的不对不队,0,2,204,local,none,,0,quota,local,bronze
2025,xian,西北农林科技大学,绕远路才是我的最短捷径,0,2,204,local,none,,0,quota,unexplained,
2025,xian,西北师范大学,一场大雨,0,1,,,none,,0,quota,unexplained,
2025,xian,西湖大学,此时压力来到了我们队,2,2,41,,none,,1,band,,gold
2025,xian,西湖大学,拼尽全力无法战胜AI,2,2,41,,none,,1,band,,gold
2025,xian,西华大学,三只蒟蒻牛,1,2,136,,name,457.8,0,band,,silver
2025,xian,西华大学,到此一游,1,2,136,,none,,0,quota,unexplained,
2025,xian,西南财经大学,枚举连接大脑，暴力代替思考,1,2,113,,name,1140.8,0,band,,
2025,xian,西南财经大学,队友队友想不想和我打一辈子icpc喵喵喵,1,2,113,,none,,0,quota,unexplained,bronze
2025,xian,西南交通大学,题面的语言是不通的，打铁是不会报销的,0,1,247,,none,,0,quota,unexplained,bronze
2025,xian,西南科技大学,老东西,0,1,196,,none,,0,quota,unexplained,
2025,xian,西南民族大学,（O）998244353,1,3,131,,none,,0,band,,
2025,xian,西南民族大学,微笑面队,1,3,131,,none,,0,quota,girls,
2025,xian,西南民族大学,永远都像初次见你那样，使我心荡漾,1,3,131,,none,,0,quota,unexplained,bronze
2025,xian,香港科技大学（广州）,请输入文本,2,2,11,non_mainland,name,556.9,0,band,,bronze
2025,xian,香港科技大学（广州）,那很有生活了,2,2,11,non_mainland,name,663.9,0,band,,bronze
2025,xian,香港中文大学（深圳）,聚散似浮萍,2,1,13,wf|non_mainland,none,,0,band,,bronze
2025,xian,湘潭大学,加我微信请排队,2,2,53,,none,,0,band,,
2025,xian,湘潭大学,山羊不排队,2,2,53,,none,,0,band,,
2025,xian,新疆大学,XJU_T7,0,1,182,,none,,0,quota,unexplained,
2025,xian,徐州工程学院,徐工最后的倔强,0,1,300,,none,,0,quota,unexplained,
2025,xian,盐城工学院,红烧狮子头,0,1,385,,name,1441.5,0,quota,unexplained,bronze
2025,xian,燕山大学,燕大1队,0,1,295,,name,976.7,0,quota,unexplained,
2025,xian,扬州大学,柚子醋蒸虾头,0,1,296,,name,1057.9,0,quota,unexplained,
2025,xian,云南大学,维什戴尔实在是太吃操作了,1,2,145,host,name,885.5,0,band,,bronze
2025,xian,云南大学,安卓队伍,1,2,145,host,none,,0,quota,host,bronze
2025,xian,长安大学,斑斓色彩,0,2,166,local,name,551.3,0,quota,local,silver
2025,xian,长安大学,彩虹岛之戮 Pro Max,0,2,166,local,none,,0,quota,unexplained,bronze
2025,xian,长春工业大学,666人类进化不带我,0,1,306,,none,,0,quota,unexplained,
2025,xian,长春理工大学,两人爬塔一人匡扶汉室,1,2,128,,name,361.6,0,band,,silver
2025,xian,长春理工大学,是长理不是厂里,1,2,128,,name,974.7,0,quota,unexplained,
2025,xian,长江大学,长夜未央,0,1,257,,name,927.4,0,quota,unexplained,silver
2025,xian,长沙理工大学,大白鹅,2,3,71,,name,834.9,0,band,,
2025,xian,长沙理工大学,厂里真练技术,2,3,71,,name,1757.4,0,band,,
2025,xian,长沙理工大学,重生之我在长理打A,2,3,71,,name,1856.0,0,quota,unexplained,
2025,xian,长沙学院,我不写dp,0,1,205,,none,,0,quota,unexplained,silver
2025,xian,浙大城市学院,别碰我键盘,1,3,112,,name,290.7,0,band,,bronze
2025,xian,浙大城市学院,不如睡大觉,1,3,112,,name,1147.6,0,quota,unexplained,bronze
2025,xian,浙大城市学院,熔岩烤鸡,1,3,112,,name,1368.0,0,quota,unexplained,
2025,xian,浙大宁波理工学院,2026一战成硕,1,2,147,,none,,0,band,,bronze
2025,xian,浙大宁波理工学院,最后的机会,1,2,147,,none,,0,quota,unexplained,bronze
2025,xian,浙江财经大学,不吃香菜,0,1,152,,none,,0,quota,unexplained,bronze
2025,xian,浙江大学,快整点大英五,2,3,2,wf,name,120.6,0,band,,silver
2025,xian,浙江大学,透明哀歌,2,3,2,wf,name,138.8,1,band,,gold
2025,xian,浙江大学,杨桃星球,2,3,2,wf,none,,1,quota,wf,gold
2025,xian,浙江工商大学,猫猫骑士团,1,2,137,,name,721.1,0,band,,bronze
2025,xian,浙江工商大学,男生ACM单字极品ID,1,2,137,,name,725.0,0,quota,unexplained,bronze
2025,xian,浙江工业大学,彗星猫猫,2,3,25,,none,,0,band,,silver
2025,xian,浙江工业大学,ZJUT0,2,3,25,,none,,1,band,,gold
2025,xian,浙江工业大学,ZJUT2,2,3,25,,none,,1,quota,unexplained,gold
2025,xian,浙江机电职业技术学院,倒吊兔,0,1,,,none,,0,quota,unexplained,bronze
2025,xian,浙江理工大学,你怎么知道我在cc网络赛用py拿全场一血,2,2,46,,none,,1,band,,gold
2025,xian,浙江理工大学,2434分fantasy_blue带我飞,2,2,46,,none,,0,band,,silver
2025,xian,浙江农林大学,Blessing,1,2,89,,name,855.9,0,band,,bronze
2025,xian,浙江农林大学,哦飞机阿瑟东金佛爱撒娇覅,1,2,89,,none,,0,quota,unexplained,
2025,xian,浙江师范大学,样例能过就AC,2,3,67,,name,565.9,0,band,,
2025,xian,浙江师范大学,未名征途烙星痕,2,3,67,,name,750.5,0,band,,bronze
2025,xian,浙江师范大学,听取WA声一片,2,3,67,,name,1079.3,0,quota,unexplained,
2025,xian,浙江育英职业技术学院,育英七队,0,1,183,,name,874.1,0,quota,unexplained,
2025,xian,浙江中医药大学,赛博老中医,0,1,,,none,,0,quota,unexplained,
2025,xian,郑州大学,样例没过去但ac,0,1,157,,none,,0,quota,unexplained,bronze
2025,xian,郑州经贸学院,阿比盖尔之花,0,1,240,,name,733.4,0,quota,unexplained,
2025,xian,郑州轻工业大学,来找我的985学长,0,1,221,,none,,0,quota,unexplained,bronze
2025,xian,中国传媒大学,return inv(wa);,2,3,63,,name,590.1,0,band,,
2025,xian,中国传媒大学,天衣无缝,2,3,63,,name,872.5,0,band,,
2025,xian,中国传媒大学,别WA了好吗,2,3,63,,none,,0,quota,unexplained,bronze
2025,xian,中国地质大学（北京）,前途一片完犊紫,2,2,77,,name,1138.0,0,band,,bronze
2025,xian,中国地质大学（北京）,地专鼠鼠不会梦到秋招offer,2,2,77,,none,,0,band,,
2025,xian,中国地质大学（武汉）,文神的最后一舞,1,1,114,,none,,0,band,,
2025,xian,中国计量大学,樱梦殇,1,1,132,,name,874.2,0,band,,
2025,xian,中国科学技术大学,中科大少女班代表队,2,3,17,wf,name,114.4,1,band,,gold
2025,xian,中国科学技术大学,一零零一,2,3,17,wf,name,542.8,0,band,,silver
2025,xian,中国科学技术大学,Straight into the AC,2,3,17,wf,none,,0,quota,wf,silver
2025,xian,中国科学院大学,动态数组,1,1,83,,name,960.0,0,band,,bronze
2025,xian,中国矿业大学,三只煤球想成金,1,3,108,,name,881.6,0,band,,
2025,xian,中国矿业大学,矿兵出击,1,3,108,,name,1080.0,0,quota,unexplained,
2025,xian,中国矿业大学,码到成功,1,3,108,,name,1318.1,0,quota,unexplained,
2025,xian,中国民航大学,基本演绎法,0,1,160,,name,697.6,0,quota,unexplained,
2025,xian,中国人民大学,字节无虞,2,2,35,,name,128.9,0,band,,silver
2025,xian,中国人民大学,三人行,2,2,35,,name,630.2,0,band,,bronze
2025,xian,中国人民解放军信息工程大学,重生之我在信大,0,1,,,none,,0,quota,unexplained,
2025,xian,中国石油大学（华东）,UPC1988,2,2,69,,name,823.2,0,band,,
2025,xian,中国石油大学（华东）,茉莉雨,2,2,69,,none,,0,band,,silver
2025,xian,中国石油大学（北京）克拉玛依校区,三个绿名,1,1,146,,name,672.7,0,band,,bronze
2025,xian,中南大学,记得开long long,2,1,52,wf,none,,0,band,,
2025,xian,中南民族大学,二兆亿的流年,0,2,218,,name,774.2,0,quota,unexplained,
2025,xian,中南民族大学,黎卡今天吃什么,0,2,218,,none,,0,quota,unexplained,
2025,xian,中山大学,中山大学_无限天堂,2,3,7,wf,name,64.3,1,band,,gold
2025,xian,中山大学,中大25一队,2,3,7,wf,none,,1,band,,gold
2025,xian,中山大学,队,2,3,7,wf,none,,0,quota,wf,silver
2025,xian,重庆城市科技学院,不知绽放的花蕾,1,1,142,,none,,0,band,,
2025,xian,重庆大学,三模哈希米,2,3,58,,name,150.9,0,band,,silver
2025,xian,重庆大学,小AC找妈妈,2,3,58,,name,783.7,0,band,,
2025,xian,重庆大学,BDACM爱好者,2,3,58,,none,,0,quota,unexplained,
2025,xian,重庆科技大学,午后的茶时间,1,1,116,,none,,0,band,,bronze
2025,xian,重庆邮电大学,蓝桥杯喵之队,2,2,54,,name,223.5,0,band,,silver
2025,xian,重庆邮电大学,蓝桥杯汪之队,2,2,54,,name,311.9,0,band,,silver
