season,round,rank,school,team,solved,penalty
2022,1,1,清华大学,JSOI摸鱼队,12,1462
2022,1,2,清华大学,别人ac我们g,12,1504
2022,1,3,清华大学,有手有脚,12,1697
2022,1,4,清华大学,一更人,12,1969
2022,1,5,西安电子科技大学,辛几何旋律,11,1353
2022,1,6,清华大学,上兵伐谋,11,1398
2022,1,7,浙江大学,幽灵门槛,11,1420
2022,1,8,清华大学,青蛙市中心,11,1431
2022,1,9,浙江大学,Solitary Dream,11,1634
2022,1,10,清华大学,前路会与过往不同,11,1689
2022,1,11,南京大学,triple_dogs,10,1114
2022,1,12,武汉大学,删点引猹,10,1192
2022,1,13,清华大学,带我去月球,10,1202
2022,1,14,哈尔滨工程大学,下北泽沼气动力学园学园偶像同好会兼恋恋的信仰者教团改二,10,1264
2022,1,15,中南大学,明日之风的三重奏,10,1277
2022,1,16,香港中文大学(深圳),巴克利,10,1342
2022,1,17,西安交通大学,渡渡鸟幼儿园,10,1364
2022,1,18,湖南大学,金色传说,10,1373
2022,1,19,清华大学,再莱一年,10,1444
2022,1,20,杭州电子科技大学,杭电6队,10,1566
2022,1,21,中国科学技术大学,罚时要罚到无穷,10,1662
2022,1,22,上海交通大学,银色子弹,10,1671
2022,1,23,杭州电子科技大学,杭电1队,10,1697
2022,1,24,南京大学,Unreal Eventide,9,862
2022,1,25,杭州电子科技大学,杭电4队,9,998
2022,1,26,清华大学,行胜于言,9,1063
2022,1,27,浙江大学,Untitled1,9,1154
2022,1,28,武汉理工大学,树上猫猫虫,9,1185
2022,1,29,电子科技大学,UESTC_Gu est_WiFi,9,1195
2022,1,30,华中科技大学,鸭鸭鱼鱼虫虫,9,1210
2022,1,31,中山大学,中山大学-版本之子,9,1218
2022,1,32,北京邮电大学,珊瑚宫心海,9,1233
2022,1,33,暨南大学,Reimei,9,1304
2022,1,34,电子科技大学,UESTC_Mul ti_Infinite,9,1367
2022,1,35,华南理工大学,胖头鱼头胖,9,1456
2022,1,36,国防科技大学,自然选择号,8,703
2022,1,37,北京理工大学,ddl战神,8,811
2022,1,38,北京邮电大学,三只蒟蒻,8,869
2022,1,39,南京理工大学,立一摸断平三色猫猫头,8,877
2022,1,40,浙江大学,nameless story,8,908
2022,1,41,哈尔滨工业大学,魂魄,8,916
2022,1,42,华侨大学,HQU-RisingSun,8,955
2022,1,43,同济大学,达拉崩吧班德贝迪卜多比鲁翁,8,979
2022,1,44,浙江师范大学,猫猫把妖怪抓走了,8,999
2022,1,44,浙江大学,Three AFOers,8,999
2022,1,46,中国科学技术大学,丝路市西套村代表队,8,1001
2022,1,47,上海交通大学,梦想天生,8,1018
2022,1,48,浙江工业大学,地球猫猫,8,1031
2022,1,49,复旦大学,天体交织,8,1057
2022,1,50,武汉大学,mikumiku mi,8,1058
2022,1,51,大连理工大学,没有U的DUT队伍,8,1131
2022,1,52,北京大学,老年旅游队,8,1140
2022,1,53,浙江大学,Abracadab ra,8,1141
2022,1,54,吉林大学,柴郡猫猫QuQ,8,1156
2022,1,55,安徽大学,融合巨怪,8,1184
2022,1,56,华南理工大学,星穹铁道Star Rail,8,1279
2022,1,57,清华大学,邦邦锵,8,1392
2022,1,58,香港大学,HKU,8,1441
2022,1,59,北京大学,睿睿过年写lct,8,1479
2022,1,60,湘潭大学,XTU_朗·谢菲尔德船长,8,1755
2022,1,61,南京理工大学,核平猫猫头,7,694
2022,1,62,北京理工大学,雪崩团灭清一色,7,720
2022,1,63,中国科学技术大学,Firezox,7,739
2022,1,64,湖南师范大学,咖啡猫,7,759
2022,1,65,四川大学,基本无害,7,797
2022,1,66,武汉理工大学,不会计数怎么办,7,801
2022,1,67,哈尔滨工业大学(深圳),删库跑路,7,839
2022,1,68,浙江大学,加三十三,7,848
2022,1,69,中山大学,中山大学_姐姐的粉丝团,7,852
2022,1,70,北京邮电大学,三天两套,7,873
2022,1,71,北京交通大学,白夜追风,7,880
2022,1,72,中山大学,中山大学_攻城狮,7,882
2022,1,73,南方科技大学,SUSTech_Fi ve,7,901
2022,1,74,中国科学技术大学,Redstone Repeater,7,905
2022,1,75,厦门大学,柳下桃蹊,7,909
2022,1,76,厦门大学,点分治分点,7,924
2022,1,77,南开大学,SF,7,937
2022,1,78,哈尔滨工业大学,蛤工业10队,7,941
2022,1,79,浙江大学,Billboard for Rent,7,942
2022,1,80,哈尔滨工业大学,马斯格雷夫礼典,7,947
2022,1,81,山东大学,追光者,7,949
2022,1,82,南京大学,南小鸟,7,957
2022,1,83,香港中文大学(深圳),"龙大相遇,快乐划水",7,964
2022,1,83,西安交通大学,"亲自读题,亲自通过",7,964
2022,1,85,浙江大学,Marry You Next Time,7,969
2022,1,86,华中科技大学,偏远小渔村传统弱校,7,972
2022,1,87,北京理工大学,去马车整点挂件,7,979
2022,1,87,南京大学,admax,7,979
2022,1,89,中国科学技术大学,永远起不出来,7,989
2022,1,90,哈尔滨工业大学(深圳),问就是你队,7,992
2022,1,91,华中科技大学,小萝卜的消费队,7,999
2022,1,92,中国科学技术大学,Untitled.te am,7,1004
2022,1,93,中国科学技术大学,喵科肥肥,7,1026
2022,1,94,哈尔滨工程大学,WA自动机Fail树上建可持久化RE树,7,1031
2022,1,95,南京大学,Meteors,7,1056
2022,1,96,浙江大学,Duckforces,7,1057
2022,1,97,南京大学,六只手都在摸鱼,7,1061
2022,1,98,南京大学,黎明觉醒,7,1065
2022,1,99,中国科学技术大学,freedive,7,1067
2022,1,100,宁波大学,NBU十九队,7,1069
2022,1,101,中国科学技术大学,中科大少女班,7,1076
2022,1,102,南京大学,不卡壳的旋转卡壳,7,1081
2022,1,103,南方科技大学,SUSTech_T hree,7,1092
2022,1,104,北京理工大学,凉心做题人,7,1098
2022,1,105,西北工业大学,"只能说,啊,该摸了",7,1099
2022,1,106,福州大学,卡绒熊,7,1105
2022,1,107,上海科技大学,嘉然今天吃Lycoris,7,1119
2022,1,108,华南理工大学,间谍果胶胶,7,1128
2022,1,109,杭州电子科技大学,杭电2队,7,1153
2022,1,110,四川大学,差分约束做不队,7,1174
2022,1,111,南方科技大学,SUSTech_O ne,7,1190
2022,1,112,南方科技大学,SUSTech_Si x,7,1208
2022,1,113,中国科学技术大学,罚时要高到无穷,7,1263
2022,1,114,北京邮电大学,Teamname,7,1314
2022,1,115,清华大学,暑假胖十斤,7,1336
2022,1,116,兰州大学,真没睡,7,1349
2022,1,117,北京大学,我们队名叫啥啊,7,1626
2022,1,118,哈尔滨工业大学,上海紅茶館,6,557
2022,1,119,哈尔滨工业大学(深圳),冰糖屋,6,569
2022,1,120,福州大学,东北饺子馆_NEDP,6,580
2022,1,121,中国地质大学(武汉),香水有毒,6,587
2022,1,122,哈尔滨工业大学(威海),行雲流水,6,594
2022,1,123,东南大学,退役老狗,6,667
2022,1,124,南京航空航天大学,在ICPC中寻求WA并没有搞错什么,6,677
2022,1,125,浙江工商大学,键盘滚脸,6,678
2022,1,126,华南理工大学,香精蕨菜,6,684
2022,1,126,东北大学,NEU_nullpt r,6,684
2022,1,128,杭州电子科技大学,杭电5队,6,685
2022,1,129,兰州大学,一个猜想不一定对,6,688
2022,1,130,哈尔滨工业大学(深圳),请求起飞,6,690
2022,1,131,深圳大学,SZU_Jianbi nQin,6,694
2022,1,132,北京理工大学,为什么你们这么熟练啊,6,695
2022,1,133,东南大学,我过了样例,6,700
2022,1,134,武汉大学,樱大轻音部,6,703
2022,1,135,复旦大学,黑莲,6,716
2022,1,136,哈尔滨工业大学(深圳),机房老人,6,729
2022,1,137,北京交通大学,相遇天使,6,732
2022,1,138,广州大学,负负得正,6,736
2022,1,139,北京航空航天大学,出道即癫疯,6,740
2022,1,140,大连理工大学,以攻为守,6,742
2022,1,141,北京理工大学珠海学院,星火燎原,6,743
2022,1,142,浙江农林大学,这个彬彬交题超勇的,6,780
2022,1,143,哈尔滨工业大学,啊对对对,6,794
2022,1,144,北华大学,Karashi,6,808
2022,1,145,南方科技大学,SUSTech_T wo,6,826
2022,1,145,山东大学(威海),听我说先别急,6,826
2022,1,147,中国矿业大学,原鸽,6,834
2022,1,148,清华大学,第617页,6,836
2022,1,148,暨南大学,__菜鸟分割线__,6,836
2022,1,150,南昌航空大学,到底叫啥2.0,6,845
2022,1,151,浙江工业大学,铁华团,6,848
2022,1,152,哈尔滨工业大学(深圳),AE钙奶队,6,852
2022,1,152,哈尔滨工业大学(深圳),对_对_队,6,852
2022,1,154,北京师范大学,内测度,6,853
2022,1,155,广东工业大学,猪扒滑蛋饭,6,861
2022,1,156,杭州电子科技大学,杭电13队,6,871
2022,1,157,浙江理工大学,飞飞,6,884
2022,1,158,西南交通大学,鹅可赛普特,6,886
2022,1,158,电子科技大学,UESTC_Hor izon,6,886
2022,1,160,南方科技大学,SUSTech_Ei ght,6,897
2022,1,161,华中科技大学,Astesia,6,898
2022,1,162,哈尔滨理工大学,HRBUST20 22ICPCY8,6,903
2022,1,163,中国地质大学(北京),为美好的世界献上祝福!,6,907
2022,1,164,香港中文大学(深圳),ICPC摆大烂,6,919
2022,1,164,西安交通大学,SonicYouth,6,919
2022,1,166,南京大学,菜根队,6,924
2022,1,167,华南理工大学,智能码工,6,953
2022,1,168,南京信息工程大学,流水线车间,6,956
2022,1,169,南京航空航天大学,在ICPC寻求AC是否搞错了什么?,6,957
2022,1,170,西安电子科技大学,乱码小飞船,6,960
2022,1,171,山东大学,蔡就练习两年半,6,962
2022,1,172,南京大学,钟山风雨,6,969
2022,1,173,浙江师范大学,贪心,6,978
2022,1,174,燕山大学,塔山之巅,6,998
2022,1,175,西北农林科技大学,下次一定换个二次元队名,6,1012
2022,1,176,杭州电子科技大学,杭电9队,6,1035
2022,1,177,东北大学秦皇岛分校,小饼卷大葱,6,1048
2022,1,178,湖南大学,重拾信心,6,1061
2022,1,179,河海大学常州校区,几何杀手,6,1079
2022,1,180,浙江大学,°瀙愛dē灿丶王,6,1080
2022,1,181,浙江大学,啊对对队,6,1082
2022,1,182,浙江理工大学,海超人大洋游侠和隐形船,6,1105
2022,1,183,上海科技大学,"在世界终末的降临之日,我们的字符串题被卡常了",6,1106
2022,1,184,北京林业大学,好潮如评,6,1116
2022,1,185,南京大学,林间雨月,6,1154
2022,1,186,西安交通大学,"写都写了,交一发吧",6,1156
2022,1,187,南方科技大学,SUSTech_F our,6,1180
2022,1,188,香港浸会大学,我不想学辣,6,1345
2022,1,189,杭州电子科技大学,杭电7队,5,365
2022,1,190,苏州大学,Blowback,5,381
2022,1,191,厦门大学,恋剖分剖恋,5,385
2022,1,192,贵州大学,小黑子,5,412
2022,1,193,福建师范大学,夜幕降临,5,415
2022,1,194,山东大学,我猜你不猜我猜不猜你猜不猜,5,427
2022,1,195,复旦大学,有向无环图状数组,5,454
2022,1,196,浙大城市学院,226寝室长去考研了,5,463
2022,1,197,浙江工业大学,Insomniac,5,469
2022,1,198,青岛科技大学,黑尾鸥,5,485
2022,1,199,福州大学,气球天降,5,489
2022,1,200,湖南大学,化竞选手再就业,5,492
2022,1,201,电子科技大学,UESTC_INn oVation,5,507
2022,1,202,杭州师范大学,鹤望兰,5,509
2022,1,203,广东工业大学,金缕衣,5,516
2022,1,204,浙江师范大学,你不是一个人,5,524
2022,1,205,香港中文大学(深圳),\*( ^w^ )*/,5,527
2022,1,206,杭州电子科技大学,杭电11队,5,529
2022,1,207,青岛大学,大二大三大四,5,534
2022,1,208,南京大学,圆狗后援团,5,540
2022,1,209,华南农业大学,狄利克雷卷积吧,5,553
2022,1,210,哈尔滨工业大学(威海),顺锋起笔,5,557
2022,1,211,济南大学,九天春雪,5,561
2022,1,212,吉林大学,Nan 上加Nan,5,573
2022,1,213,武汉大学,旺旺碎冰冰,5,579
2022,1,214,合肥工业大学,还没学会,5,584
2022,1,215,中国石油大学(华东),白铃女子学院,5,588
2022,1,216,福州大学,远梦聆泉,5,594
2022,1,217,重庆邮电大学,这是你的捍WA者,5,597
2022,1,218,郑州大学,我从未离去,5,598
2022,1,219,哈尔滨商业大学,"咦嘻嘻嘻嘻,呜呼呼呼呼,啊哈哈哈哈",5,599
2022,1,220,苏州大学,555我的炸鸡,5,602
2022,1,221,中国科学技术大学,樱吹雪,5,612
2022,1,222,南京邮电大学,njupt22tea m09,5,613
2022,1,223,重庆大学,你先别急,5,626
2022,1,224,电子科技大学,UESTC_Ha ppyCoding Life,5,627
2022,1,224,重庆大学,急先锋,5,627
2022,1,226,复旦大学,刻耳柏洛斯,5,642
2022,1,227,东北大学秦皇岛分校,bug都改队,5,643
2022,1,228,东莞理工学院,想好队名了吗,5,646
2022,1,229,北京邮电大学,啊对对队,5,648
2022,1,230,上海理工大学,胡学长像阿尼亚一样可爱,5,655
2022,1,230,华南师范大学,母鸡救咩,5,655
2022,1,232,北京航空航天大学,欺负沃尔沃夫不知道数理基础.png,5,658
2022,1,233,浙江万里学院,风灵月影,5,659
2022,1,233,杭州电子科技大学,杭电12队,5,659
2022,1,235,浙江师范大学,二手摩托,5,672
2022,1,236,西南民族大学,挥挥灰压力板,5,674
2022,1,237,北京交通大学,届不到的AC,5,675
2022,1,238,东北农业大学,"打ACM两年,罚坐治好了我的电子杨伟",5,677
2022,1,239,重庆邮电大学,吃,5,679
2022,1,240,苏州科技大学,蜘蛛侠4:王者归来,5,687
2022,1,241,杭州电子科技大学信息工程学院,信工一队,5,689
2022,1,242,中山大学,中山大学_破空之势,5,709
2022,1,243,湖南理工学院,你很有希望,5,713
2022,1,244,重庆大学,cypher,5,716
2022,1,245,广东工业大学,Dugtrio,5,718
2022,1,246,深圳大学,twilight illusion,5,723
2022,1,247,华中科技大学,rm -rf/*,5,724
2022,1,248,武汉大学,转生成ACM打铁选手又怎样,5,727
2022,1,249,江西师范大学,ero automaton,5,730
2022,1,250,太原理工大学,为嘛黄瓜绿,5,734
2022,1,251,广州大学,啊对对对,5,736
2022,1,252,中北大学,起名真麻烦,5,739
2022,1,253,南京大学,Relife,5,744
2022,1,254,北京理工大学,蒟蒻观光,5,746
2022,1,255,深圳大学,SZU_YiWan g,5,747
2022,1,256,广东工业大学,猫猫吃代码,5,749
2022,1,257,信息工程大学,老村长,5,752
2022,1,258,哈尔滨工业大学,明日夜空哨戒班,5,755
2022,1,259,西安交通大学,TidalBore,5,756
2022,1,260,四川大学,树上莫队,5,758
2022,1,261,中南大学,两个顶叁,5,781
2022,1,262,华中科技大学,fufu吃大米,5,787
2022,1,263,中国科学技术大学,只会打暴力,5,789
2022,1,264,南京邮电大学,njupt22tea m06,5,794
2022,1,265,南京信息工程大学,生椰拿铁不拿铁,5,797
2022,1,266,北京理工大学,阿夸滑滑蛋喝冰红茶,5,812
2022,1,267,武汉轻工大学,"赢了放烟花,输了喝可乐",5,814
2022,1,268,成都信息工程大学,Milk,5,821
2022,1,269,哈尔滨工业大学,Win Twice,5,831
2022,1,270,湖南工学院,我hmz易大山,5,837
2022,1,271,中国科学院大学,骑士与龙,5,840
2022,1,272,浙江工业大学,ZJUT4,5,849
2022,1,273,暨南大学,哇!AK,5,854
2022,1,274,浙江工商大学,瑞道克道格,5,860
2022,1,275,国防科技大学,万有引力号,5,862
2022,1,276,北京邮电大学,bug一次改队,5,867
2022,1,277,东华大学,不可视境界线,5,879
2022,1,278,苏州大学,永不摆烂,5,885
2022,1,279,杭州电子科技大学,杭电10队,5,887
2022,1,280,四川大学,面向出题人暴力编程,5,889
2022,1,281,武汉理工大学,有福同享有难退队,5,901
2022,1,282,西安电子科技大学,机随乱打,5,931
2022,1,283,电子科技大学中山学院,CDZSC_CW L,5,935
2022,1,284,中国科学技术大学,UKE,5,939
2022,1,285,深圳大学,Emanatry,5,948
2022,1,286,武汉大学,背对背拥抱,5,964
2022,1,287,香港科技大学,树状数组不能维护01背包,5,971
2022,1,288,上海大学,月亮旁边的小飞机,5,991
2022,1,289,南京理工大学,猫猫头没有头,5,992
2022,1,290,香港城市大学,九龙塘妙妙屋,5,998
2022,1,291,华南理工大学,我的AC方法果然有问题,5,1004
2022,1,292,南开大学,不惹事也不怕事,5,1071
2022,1,293,中南大学,三菜没汤,5,1082
2022,1,294,北京交通大学,真有那么难吗?!,4,232
2022,1,295,北京交通大学,凑不出一摩拉,4,279
2022,1,296,台州学院,废物remake重开人生模拟,4,289
2022,1,297,南方科技大学,SUSTech_S even,4,292
2022,1,298,福建农林大学,重生之我是懒狗,4,296
2022,1,299,西北大学,驼鹿行动,4,299
2022,1,300,南昌航空大学,正在起名中,4,302
2022,1,301,中山大学,中山大学_精神错乱,4,310
2022,1,302,北京化工大学,订阅号,4,314
2022,1,303,福州大学,太熊软糖,4,321
2022,1,304,浙江农林大学,翻斗幼儿园老年班,4,325
2022,1,305,福州大学,热带风味冰红茶,4,326
2022,1,306,哈尔滨工程大学,打个郊县,4,327
2022,1,307,集美大学,"抱歉,这没有集美",4,328
2022,1,308,中南大学,摸鱼自动机,4,332
2022,1,309,南华大学,名字就叫罚坐一场,4,338
2022,1,309,电子科技大学,UESTC_Bro force,4,338
2022,1,311,山东理工大学,Ginger Fan Club II,4,340
2022,1,312,东北电力大学,HAL 6000,4,343
2022,1,313,湖南大学,相信珂学,4,344
2022,1,314,哈尔滨理工大学,HRBUST20 22ICPCY9,4,346
2022,1,315,成都理工大学,文火鸽子汤,4,350
2022,1,316,中南民族大学,不吃香菜,4,353
2022,1,317,华南师范大学,我要过六级,4,360
2022,1,318,哈尔滨工业大学(深圳),先交一发,4,361
2022,1,319,福州大学,TEAM,4,363
2022,1,320,江南大学,远坂凛粉丝队,4,364
2022,1,321,成都信息工程大学,Bia,4,365
2022,1,321,深圳技术大学,鹦鹉螺,4,365
2022,1,323,北京邮电大学,MeUmy天下第一,4,366
2022,1,324,浙江科技学院,重庆鸡公煲,4,369
2022,1,325,浙江工商大学,五百二十磅,4,370
2022,1,326,武汉科技大学,无星之夜,4,372
2022,1,326,江苏科技大学,没办法,4,372
2022,1,328,长沙理工大学,宝可梦之炼金术士,4,376
2022,1,328,烟台大学,伊丽莎白,4,376
2022,1,330,四川大学,None,4,377
2022,1,331,南京信息工程大学,跟不上榜,4,379
2022,1,332,湖南师范大学,栀子生椰七分糖少冰,4,382
2022,1,333,山东大学,我们 iy 不惹事也不怕事,4,384
2022,1,334,南京大学,荆棘黄昏,4,385
2022,1,335,绍兴文理学院元培学院,保一争二,4,386
2022,1,336,山东大学,说好不秃,4,387
2022,1,337,辽宁大学,银虬,4,388
2022,1,337,中南大学,BreakingN ow,4,388
2022,1,339,河南财政金融学院,wawa自动机,4,389
2022,1,340,浙江农林大学,Restart,4,390
2022,1,340,湖南理工学院,GoldKilm,4,390
2022,1,342,复旦大学,正在缓冲,4,393
2022,1,342,青岛大学,打铁自动机,4,393
2022,1,344,杭州师范大学,l0afer,4,396
2022,1,345,广东工业大学,遇到问题先喝茶,4,399
2022,1,345,福州大学,奇遇,4,399
2022,1,347,复旦大学,可持久化菜鸡,4,400
2022,1,347,杭州师范大学,三众全灰,4,400
2022,1,347,河南大学,食不食油饼,4,400
2022,1,350,山东师范大学,浩然今天吃了么,4,407
2022,1,350,华南师范大学,天江行者,4,407
2022,1,352,深圳大学,SZU-Planck,4,408
2022,1,353,武汉科技大学,典一份恒好喝的胡na汤,4,409
2022,1,353,北京邮电大学,罚时大队,4,409
2022,1,355,广西大学,退休不退役,4,410
2022,1,356,广州城市理工学院,三个摆子哥的组队之旅,4,413
2022,1,357,浙江工商大学,蒟蒻果冻,4,414
2022,1,357,中国石油大学(华东),Chinanako,4,414
2022,1,357,华南理工大学,路人选手的AC方法,4,414
2022,1,357,中国计量大学,带恶人组织,4,414
2022,1,361,哈尔滨工业大学(深圳),裁雨留虹,4,419
2022,1,361,湖南科技大学,残夜将明,4,419
2022,1,363,南京航空航天大学,航专没有开封菜,4,421
2022,1,363,哈尔滨工程大学,今天的风儿甚是喧嚣,4,421
2022,1,365,惠州学院,永远的难题,4,422
2022,1,366,东北大学,NEU_lycori s,4,424
2022,1,367,东南大学,咕噜咕噜,4,426
2022,1,367,中国科学技术大学,23科软点击就送,4,426
2022,1,369,哈尔滨工程大学,对着签到题面露难色的三人,4,427
2022,1,370,长沙理工大学,干饭第一名,4,430
2022,1,371,武汉大学,三个傻瓜,4,431
2022,1,372,湖南师范大学,HEX,4,432
2022,1,373,燕山大学,来自东方的神秘力量,4,433
2022,1,374,东北大学秦皇岛分校,AC快才是真的怪,4,437
2022,1,374,河南工业大学,莉可丽丝,4,437
2022,1,376,哈尔滨理工大学,HRBUST20 22ICPCY11,4,438
2022,1,377,南昌理工学院,啾咪,4,440
2022,1,378,浙江师范大学,前进四,4,443
2022,1,379,中南民族大学,show show way,4,445
2022,1,380,大连海事大学,有眉笔,4,449
2022,1,381,山东大学,给大哥端茶倒水的小弟,4,454
2022,1,382,湖南科技大学,Invictus_Ga ming,4,455
2022,1,383,中国矿业大学,你说的都队,4,457
2022,1,383,浙大城市学院,乱拳打死老师傅,4,457
2022,1,385,武汉大学,渊面之上,4,458
2022,1,386,周口师范学院,QwQ,4,460
2022,1,386,广州大学,面向样例编程,4,460
2022,1,388,华南农业大学,菠萝头猫猫,4,464
2022,1,389,浙江理工大学,白兰咖啡厅,4,465
2022,1,390,浙大宁波理工学院,芜湖白菜鱼,4,466
2022,1,391,合肥工业大学,知枚举可而为之,4,467
2022,1,392,广东工业大学,顶蛙蛙,4,469
2022,1,393,青岛大学,心甘晴愿,4,472
2022,1,393,华南农业大学,珂学的暴莉队,4,472
2022,1,395,广东工业大学揭阳校区,天依不加糖,4,474
2022,1,395,乐山师范学院,"为菈妮,我变成狼人模样队",4,474
2022,1,397,乐山师范学院,乐山大佛保佑我,4,476
2022,1,397,齐鲁工业大学,说唱带专,4,476
2022,1,399,西北大学,西带最強伝說と絕兇の猛虎!純真丁一郎です,4,477
2022,1,400,安徽工程大学,刘华强买瓜,4,479
2022,1,400,河南农业大学,甜牛奶店,4,479
2022,1,402,南京林业大学,reji4ter,4,480
2022,1,403,深圳技术大学,SZTU_BOO M,4,481
2022,1,404,北方工业大学,好运来,4,482
2022,1,405,长沙学院,白狐子,4,488
2022,1,406,杭州电子科技大学,杭电3队,4,489
2022,1,406,江苏科技大学,小伙子你那什么车啊,4,489
2022,1,408,南阳理工学院,HaveFun,4,490
2022,1,408,浙江大学,anti-omega evolution,4,490
2022,1,410,浙江中医药大学,ZCMU-一流中医药大学,4,491
2022,1,411,重庆邮电大学,香菜凤仁鸡食不食,4,492
2022,1,412,合肥工业大学,来都来了,4,493
2022,1,413,山东大学,世伊与愉快的伙伴们,4,494
2022,1,414,烟台大学,启示录,4,498
2022,1,415,武汉大学,放学后茶会,4,502
2022,1,416,北京师范大学珠海校区,先特判样例,4,503
2022,1,417,贵州大学,猎荒者,4,504
2022,1,417,浙江财经大学,寒星孤月,4,504
2022,1,419,郑州大学,粉丝派对,4,508
2022,1,419,浙江财经大学,加班不给加班费,4,508
2022,1,419,台州学院,沧浪之水,4,508
2022,1,422,绍兴文理学院,破晓,4,510
2022,1,423,电子科技大学,UESTC_Rev erse,4,511
2022,1,424,江西理工大学,撒网捕鱼,4,512
2022,1,425,浙江工商大学,芝士大红大紫,4,515
2022,1,426,河南大学,背起背包,4,516
2022,1,426,东北林业大学,须弥旅游团,4,516
2022,1,428,哈尔滨工程大学,下一站茶山刘,4,520
2022,1,428,西安建筑科技大学,三明智,4,520
2022,1,428,北京邮电大学,int_mian(),4,520
2022,1,431,深圳技术大学,SZTU_AtDa wn,4,521
2022,1,432,华南理工大学,oOvOo,4,525
2022,1,432,深圳大学,SZU_Yanra nLee,4,525
2022,1,434,北京理工大学,Nardack,4,526
2022,1,434,中原工学院,队友于2023年上岸成功望周知,4,526
2022,1,434,浙大城市学院,逃跑太阳,4,526
2022,1,437,浙大城市学院,来杯拿铁,4,529
2022,1,437,哈尔滨工业大学(威海),球达不溜球,4,529
2022,1,439,华南农业大学,被虐中慢慢成佛,4,532
2022,1,440,电子科技大学,UESTC_Ob sidians,4,533
2022,1,441,深圳大学,SZU_Dirichl et,4,534
2022,1,441,浙江工商大学,kkt,4,534
2022,1,443,金华职业技术学院,如何在铁牌区拔得头筹,4,537
2022,1,444,福州大学,你有这个时间读队名是不是能写两行代码,4,538
2022,1,444,中国石油大学(华东),剑圣刻晴,4,538
2022,1,446,复旦大学,快速毛茸茸变换,4,539
2022,1,447,深圳大学,SZU_Tarjan,4,540
2022,1,447,中国矿业大学(北京),Triumph of the warriors,4,540
2022,1,449,浙江农林大学暨阳学院,永昼,4,541
2022,1,450,上海理工大学,面向样例编程,4,545
2022,1,451,重庆大学,智力9,4,546
2022,1,451,天津工业大学,专注分母二十年,4,546
2022,1,453,沈阳理工大学,金典,4,547
2022,1,453,华南理工大学,wdc,4,547
2022,1,455,清华大学,华清大学宇宙舰队,4,549
2022,1,456,长沙学院,谷粒多,4,550
2022,1,456,武汉纺织大学,圆环之理,4,550
2022,1,456,华南理工大学,nayan,4,550
2022,1,459,中国计量大学,你所热爱的,4,552
2022,1,460,中南大学,T-34,4,555
2022,1,461,河南农业大学,Indigo,4,561
2022,1,461,西南科技大学,生如夏花,4,561
2022,1,463,吉林大学,H-Z-J树,4,562
2022,1,464,南京工业大学,AC自动机,4,563
2022,1,464,西安交通大学,怎么会是呢?,4,563
2022,1,466,南京邮电大学,njupt22tea m12,4,564
2022,1,467,太原理工大学,百闻不如一见队,4,566
2022,1,468,青岛大学,DAYDAYDR EAM,4,567
2022,1,469,深圳大学,SZU_MaoR ui,4,569
2022,1,470,西北工业大学,Hear Me Roar,4,570
2022,1,470,武汉大学,会者不难,4,570
2022,1,472,山东理工大学,无至之境,4,571
2022,1,473,西安电子科技大学,点石成我,4,573
2022,1,474,湖南科技大学,喵喵队也要拿出真本事,4,578
2022,1,474,青岛科技大学,京都不死鸟,4,578
2022,1,476,西北大学,如果acm需要鼓励的话,4,580
2022,1,477,浙江工业大学,一剑霜寒十四州,4,581
2022,1,478,吉林大学,糖彩屋养了仨复读鸡,4,584
2022,1,479,杭州师范大学,柚子味丸,4,585
2022,1,479,青岛科技大学,与或非,4,585
2022,1,481,武汉科技大学,Blue Boy,4,586
2022,1,482,广西民族大学,wyl无语了,4,587
2022,1,483,四川大学,早八208,4,588
2022,1,483,中原工学院,"wa了,但没完全wa",4,588
2022,1,485,武汉科技大学,心里没点AC数,4,590
2022,1,486,成都信息工程大学,素键指韵,4,594
2022,1,487,西北大学,早八睡不醒,4,596
2022,1,488,河北大学,河北大学云帆一队,4,599
2022,1,488,湖南文理学院,三个人,4,599
2022,1,490,浙江科技学院,浙科二十队,4,600
2022,1,491,东北大学,NEU_遇到困难睡大觉,4,601
2022,1,491,河海大学,Akers,4,601
2022,1,493,湖南警察学院,挣脱牢笼,4,603
2022,1,494,中国人民大学,歌词,4,605
2022,1,495,中国科学技术大学,AC自动只因,4,607
2022,1,496,华中师范大学,fifty-fifty,4,609
2022,1,496,东北大学,NEU_贰佰三十四,4,609
2022,1,498,哈尔滨工程大学,哈军工26块毛桃队,4,610
2022,1,499,华东师范大学,签到题破防,4,611
2022,1,499,浙江大学,Flaming Tomatoes,4,611
2022,1,501,长沙学院,楚鸟未鸣,4,616
2022,1,502,江西理工大学南昌校区,Sis puella magica,4,618
2022,1,502,江西师范大学,草帽帮,4,618
2022,1,504,南京航空航天大学,林克时间,4,622
2022,1,505,浙江工商大学,希望代码一次敲队,4,623
2022,1,506,湖南工业大学,别摸鱼了,4,624
2022,1,507,山东大学,提桶跑路,4,626
2022,1,508,山东大学,ACM铁匠铺o(*≧▽≦)ツ快乐打铁人,4,629
2022,1,508,江苏大学,闪耀之所在,4,629
2022,1,508,南京邮电大学,njupt22tea m04,4,629
2022,1,511,武昌理工学院,雅沙西,4,631
2022,1,512,西北工业大学,啊对对队,4,633
2022,1,513,青岛科技大学,斯卡布罗集市,4,636
2022,1,513,郑州轻工业大学,成为勇者魔王竟是我队友?!,4,636
2022,1,515,华南农业大学,SCAU_Auro ra,4,639
2022,1,516,浙江理工大学,随便搞我,4,640
2022,1,517,温州大学,温大1队,4,644
2022,1,518,湘潭大学,XTU_鳖载着理发店,4,645
2022,1,518,哈尔滨工程大学,做AC梦,4,645
2022,1,520,西北大学,摸鱼读假题写bug演队友,4,646
2022,1,520,广东工业大学,难兄难弟,4,646
2022,1,522,郑州轻工业大学,静止傅立叶变换,4,648
2022,1,523,常熟理工学院,可能有东西,4,650
2022,1,523,华中师范大学,一个更好的队名,4,650
2022,1,525,常熟理工学院,🐱(🐟🐟🐟,4,652
2022,1,526,厦门大学,乐观向上,4,655
2022,1,527,中山大学,局外人,4,657
2022,1,528,中国计量大学,计量jiangly,4,665
2022,1,529,浙江中医药大学,ZCMU-柯朵莉树上可持续化咕咕咕,4,666
2022,1,530,浙大城市学院,《天衣无缝》,4,669
2022,1,531,哈尔滨工业大学,队名怎么说,4,670
2022,1,532,华中师范大学,烧冻鸡翅,4,671
2022,1,533,临沂大学,开心就好,4,674
2022,1,533,山东理工大学,Ginger Fan ClubI,4,674
2022,1,533,沈阳航空航天大学,the Garden of sinners,4,674
2022,1,536,南昌大学,摆烂猫猫,4,675
2022,1,537,浙江师范大学,三只大鱼干,4,676
2022,1,538,长沙理工大学,想不起来,4,678
2022,1,538,青岛理工大学,求求鹏飞哥不要再杀了,4,678
2022,1,540,西南交通大学,v我50,4,681
2022,1,541,西南交通大学,少点压力,4,684
2022,1,542,浙江财经大学,读题困难户,4,686
2022,1,543,深圳大学,SZU_Lagra nge,4,696
2022,1,544,南京邮电大学,njupt22tea m16,4,697
2022,1,545,浙大城市学院,AC危机,4,698
2022,1,546,杭州电子科技大学,杭电8队,4,702
2022,1,547,华南理工大学,今天有在盲目跟榜吗,4,706
2022,1,548,广州大学,WA&TLE自动机,4,708
2022,1,549,同济大学,欢迎来到实力主义至上的ACM,4,709
2022,1,550,上海海洋大学,临港贝极星,4,712
2022,1,551,新疆大学,新大在豫一队,4,713
2022,1,552,浙江理工大学,赚钱小分队,4,719
2022,1,553,成都信息工程大学,与变成了地球online美少女的队友一起打铁,4,721
2022,1,554,北京理工大学珠海学院,翻译鬼才,4,725
2022,1,555,武汉纺织大学,WA完越南再WA缅甸,4,727
2022,1,556,福州大学,MEGALO,4,728
2022,1,556,南京航空航天大学,NULL,4,728
2022,1,558,武汉大学,绎演丁真,4,730
2022,1,559,重庆邮电大学,icpc teahouse,4,737
2022,1,560,西南交通大学,CF800+,4,741
2022,1,561,浙大城市学院,游客,4,742
2022,1,562,浙江工业大学,ZJUT14,4,748
2022,1,562,吉林大学,起个队名怎么这么难,4,748
2022,1,564,北京化工大学,don't have a name,4,750
2022,1,565,华东交通大学,为爱出鸡,4,752
2022,1,566,浙大宁波理工学院,啊对对对,4,756
2022,1,566,中央民族大学,送外卖的旅行商,4,756
2022,1,568,香港中文大学(深圳),嘉然今天吃什么,4,761
2022,1,569,华南理工大学,freezeup_my_super man,4,768
2022,1,570,集美大学,for++,4,780
2022,1,571,广东工业大学,强力去污粉,4,782
2022,1,572,成都东软学院,nnd为什么不ac,4,783
2022,1,573,东北师范大学,竹取飞翔,4,802
2022,1,574,华中师范大学,RE是评测姬的谎言,4,815
2022,1,574,杭州电子科技大学,杭电14队,4,815
2022,1,576,浙江农林大学,陈莲仁不容逸,4,818
2022,1,577,南京大学,代码猫,4,845
2022,1,578,华南理工大学,咬住秒针,4,860
2022,1,579,华南理工大学,不如暴搜,4,873
2022,1,580,三峡大学,这么小声还想AC,4,892
2022,1,581,湖南大学,中部玄驹,4,973
2022,1,582,浙江大学,404NF,4,1028
2022,1,583,浙江财经大学,秃如其来,3,117
2022,1,584,黑龙江大学,bs yyds!~,3,137
2022,1,585,肇庆学院,北岭一队,3,141
2022,1,586,西南民族大学,嗳呦你干嘛,3,146
2022,1,587,成都锦城学院,紫金狂潮,3,163
2022,1,587,中国人民大学,"吾等戮力同心,定能回天转日!",3,163
2022,1,589,南京邮电大学,njupt22tea m02,3,164
2022,1,590,广西大学,钢铁是怎样炼成的,3,166
2022,1,591,沈阳化工大学,希织歌,3,168
2022,1,592,福州大学,最大费用最小流,3,174
2022,1,593,苏州大学,韩氏空指针上可持久化雨自动机,3,178
2022,1,594,常熟理工学院,卷王的心得感悟,3,180
2022,1,595,深圳技术大学,大~泡~炮~,3,187
2022,1,596,上海第二工业大学,粉红毛毛兔__,3,189
2022,1,597,华南理工大学,Any,3,190
2022,1,598,武汉科技大学,阿尼亚能读懂出题人吗,3,192
2022,1,598,武汉理工大学,三个铁匠,3,192
2022,1,600,电子科技大学,UESTC_404,3,195
2022,1,601,福州职业技术学院,你没事就吃溜溜梅,3,197
2022,1,602,台州学院,越人歌,3,199
2022,1,603,湖南农业大学,莱茵之诗,3,201
2022,1,603,上海大学,这个队伍想AC,3,201
2022,1,603,华南理工大学,啊堆堆对,3,201
2022,1,606,浙江理工大学,XX在做什么?有没有空?可以来拯救吗?,3,202
2022,1,607,浙江机电职业技术学院,神原,3,203
2022,1,608,山东师范大学,蒙古上单,3,205
2022,1,609,西安电子科技大学,栀子花,3,207
2022,1,610,齐鲁工业大学,相信你,3,208
2022,1,611,浙江工商大学,队名?,3,210
2022,1,612,江南大学,我这么菜我的队友不会生气吧?,3,211
2022,1,612,西南民族大学,にっこり^^調査隊,3,211
2022,1,614,中南民族大学,tender unexchang e tender,3,213
2022,1,614,中国矿业大学徐海学院,二龙山灵动派,3,213
2022,1,616,武汉大学,我只想多拿几个气球,3,215
2022,1,617,中南民族大学,雪糕爱学习,3,221
2022,1,618,昆明理工大学,Zelda-Cut-Tree,3,222
2022,1,619,西北农林科技大学,三A大坐,3,224
2022,1,619,南昌大学,BOOK思议,3,224
2022,1,621,西北工业大学,nwpulin,3,225
2022,1,622,成都锦城学院,Cody和两个跟班,3,232
2022,1,623,杭州师范大学,Micral_Aga in,3,233
2022,1,623,浙江工商大学,犇鸟先飞,3,233
2022,1,625,黑龙江大学,土土土突突突突,3,239
2022,1,625,厦门大学,攻城狮,3,239
2022,1,627,南昌航空大学,可以AC但没必要,3,241
2022,1,627,西北农林科技大学,先闭眼暴力一发,3,241
2022,1,629,广东工业大学,妙WA种子,3,242
2022,1,630,大连理工大学,我们队没有GF,3,243
2022,1,630,长沙理工大学,重生之我不是菜狗,3,243
2022,1,632,厦门大学嘉庚学院,ufsudgugs,3,246
2022,1,632,辽宁大学,萌新旅游团,3,246
2022,1,634,中国矿业大学,旷世奇才,3,248
2022,1,635,新疆大学,有活力的钝口螈,3,250
2022,1,636,浙江工业大学,ZJUT13,3,251
2022,1,637,常熟理工学院,无意义刷题,3,252
2022,1,638,长春理工大学,To The Moon,3,255
2022,1,638,福建农林大学,偷听思路才能写得对2.0,3,255
2022,1,640,福建工程学院,黄昏之烬的二重奏,3,258
2022,1,641,南京邮电大学,njupt22tea m03,3,260
2022,1,642,南通大学,集思广益,3,262
2022,1,643,邵阳学院,模拟退队,3,263
2022,1,644,南京理工大学,浩宇,3,264
2022,1,644,广东工业大学,没吃饱没睡好,3,264
2022,1,644,中国矿业大学(北京),wuhu!,3,264
2022,1,644,广东技术师范大学,分治ac,3,264
2022,1,648,安徽大学,OVERDOS E,3,266
2022,1,649,南京航空航天大学,幺鸡小分队,3,268
2022,1,650,华南理工大学,某不科学的WA,3,274
2022,1,651,浙大城市学院,脑子来点作用啊,3,276
2022,1,652,台州学院,将个烂就,3,279
2022,1,653,河海大学,黄金矿工,3,280
2022,1,654,河南理工大学,三个四级练习生,3,281
2022,1,655,浙江金融职业学院,可持久化颓废,3,282
2022,1,655,嘉应学院,蒻鸡萌新,3,282
2022,1,657,中国石油大学(华东),Sakana,3,283
2022,1,658,重庆大学,Arbitrary,3,285
2022,1,658,青岛大学,快乐向前冲,3,285
2022,1,660,中南林业科技大学,CSUFT2队,3,286
2022,1,660,吉首大学,不摆烂不行,3,286
2022,1,662,华中师范大学,这是一个好名字,3,287
2022,1,663,江西师范大学,abc,3,288
2022,1,663,河海大学,我是最神奇的猫咪,3,288
2022,1,665,齐鲁工业大学,我还寻思你能早点帮我搬下行李呢,3,289
2022,1,665,中国民航大学,无问西东,3,289
2022,1,665,深圳大学,SZU_Nash,3,289
2022,1,665,华南农业大学,ArcaneCon stellation,3,289
2022,1,669,南华大学,"索,然无味",3,290
2022,1,669,江西理工大学,吴姐,3,290
2022,1,671,湖北工业大学,Random(n ame),3,291
2022,1,671,华南师范大学,精通4种语言的helloworld,3,291
2022,1,671,电子科技大学,UESTC_Cdr_pup,3,291
2022,1,674,沈阳航空航天大学,道阻且长,3,292
2022,1,674,石家庄铁道大学,青藏铁路,3,292
2022,1,674,中原工学院,两荤一素2.0,3,292
2022,1,674,西北师范大学,辉夜大小姐想让我拿牌~究极罚坐,3,292
2022,1,678,西北工业大学,干大饭睡大觉破大防摆大烂,3,293
2022,1,679,南阳理工学院,不懂人均算法,3,294
2022,1,679,浙江育英职业技术学院,高数有手就行,3,294
2022,1,681,新疆师范大学,陈老师的粉丝,3,295
2022,1,682,江西理工大学南昌校区,绿色心情,3,296
2022,1,683,中南林业科技大学,CSUFT1队,3,297
2022,1,684,吉林大学,Code Porter,3,299
2022,1,684,湖南大学,高数99,3,299
2022,1,686,重庆大学,汪汪一号,3,301
2022,1,686,山东理工大学,张三木说吃桌子,3,301
2022,1,688,华南师范大学,123456,3,302
2022,1,688,武汉理工大学,你敢跟他作队,3,302
2022,1,690,湖北工业大学,饺子队,3,305
2022,1,690,武汉理工大学,Isn't CCTV?,3,305
2022,1,692,宁波大学,知世小天使请别难过喔,3,312
2022,1,693,宁波大学,风起邀约,3,316
2022,1,693,华南师范大学,梭哈队,3,316
2022,1,695,中国传媒大学,丛雨说的肯定队,3,318
2022,1,696,武汉理工大学,再睡五分钟,3,319
2022,1,696,南阳师范学院,皮卡皮卡,3,319
2022,1,698,大连大学,神里绫华的Dog,3,320
2022,1,698,常熟理工学院,舞花猫,3,320
2022,1,700,河南工业大学,未来前夕,3,321
2022,1,701,东北大学秦皇岛分校,未来绮玉,3,323
2022,1,701,哈尔滨工业大学,VHero三一人,3,323
2022,1,703,山东工商学院,优雅,3,324
2022,1,703,湖南理工学院,luckin,3,324
2022,1,705,河海大学,加菲喵开地狱拖拉机压冰果冻,3,326
2022,1,706,武汉大学,不摆不摆,3,327
2022,1,706,长春工业大学,果粒橙,3,327
2022,1,708,中国计量大学,fufu吃大米,3,328
2022,1,709,中北大学,Thornbush,3,329
2022,1,709,武汉理工大学,猫猫虫过家家,3,329
2022,1,711,盐城工学院,the team of yun yun,3,330
2022,1,711,浙江工业大学,ZJUT6,3,330
2022,1,711,乐山师范学院,我知道你很牛但你先别ac,3,330
2022,1,711,江西师范大学,call of accept,3,330
2022,1,715,大连理工大学,给个AC吧,3,331
2022,1,716,同济大学,圣主堆,3,332
2022,1,717,中国科学技术大学,好好写码天天修锅,3,334
2022,1,717,广州大学,有名字的队,3,334
2022,1,717,中国矿业大学,一般性随机忆墨人,3,334
2022,1,720,上海理工大学,教练叫我别打铁,3,335
2022,1,721,湖南第一师范学院,正气队,3,336
2022,1,721,郑州大学,范范是小公主,3,336
2022,1,721,成都信息工程大学,整点活嘛,3,336
2022,1,724,东北师范大学,额,3,337
2022,1,725,福建师范大学,想个名队,3,340
2022,1,726,东北农业大学,"转生成为异世界泥头车司机~关于把勇者创回地球的事,然后与变成美少女的队友一起冒险",3,341
2022,1,726,北京工业大学,"疫严顶真,鉴定为封校",3,341
2022,1,728,浙江师范大学,TH1201,3,344
2022,1,729,广东工业大学,#define Bug Feature,3,345
2022,1,730,嘉应学院,开局一只焜,3,346
2022,1,731,华南理工大学,欧拉拉欧拉,3,347
2022,1,732,衡阳师范学院,爱,3,348
2022,1,732,浙江科技学院,局外人,3,348
2022,1,732,大连大学,1125,3,348
2022,1,735,电子科技大学中山学院,CDZSC_LZ H,3,349
2022,1,736,衡阳师范学院,雁去,3,350
2022,1,737,西安交通大学,N != NP,3,351
2022,1,738,杭州师范大学,抹茶不拿铁,3,352
2022,1,739,广西师范大学,jiangly铁粉,3,353
2022,1,739,湖北第二师范学院,网络一线牵,3,353
2022,1,741,中国矿业大学,你要自信,3,354
2022,1,741,哈尔滨工程大学,队友在考科目二,3,354
2022,1,743,西南科技大学,劲脆铁牌堡,3,355
2022,1,744,长沙学院,代码敲不,3,357
2022,1,745,鲁东大学,春日部防卫队,3,359
2022,1,746,西安电子科技大学,小孩看到鬼,3,361
2022,1,747,重庆邮电大学,抽根华子,3,363
2022,1,748,安徽大学,队名来一个,3,364
2022,1,748,华中科技大学,team038,3,364
2022,1,748,闽南师范大学,芝士雪豹,3,364
2022,1,751,鲁东大学,汪汪大队蹲大lao,3,365
2022,1,751,福州大学,我队友什么时候上紫捏,3,365
2022,1,751,安徽工业大学,早上吃什么,3,365
2022,1,754,湖北工业大学,Travel or Medal,3,366
2022,1,754,东莞理工学院,莞专Wing,3,366
2022,1,756,南京邮电大学,njupt22tea m10,3,368
2022,1,757,暨南大学,什么捏?,3,369
2022,1,757,台州学院,等等还没想好,3,369
2022,1,759,长沙理工大学,猫猫队坐大牢,3,371
2022,1,760,湖南警察学院,"签到跑路,明年再来",3,372
2022,1,760,浙江理工大学,浙理铁匠铺,3,372
2022,1,762,中国石油大学(华东),噜噜pig,3,373
2022,1,763,吉首大学,最后的防线,3,374
2022,1,764,哈尔滨商业大学,理塘最強伝説と絶兇の猛虎!純真丁一郎です后援团,3,375
2022,1,764,山东农业大学,一天队,3,375
2022,1,766,河北师范大学,黎明之光,3,377
2022,1,766,青岛大学,猫猫烧烤师粉丝后援团,3,377
2022,1,768,吉林大学,天行,3,378
2022,1,768,徐州工程学院,你就是歌姬,3,378
2022,1,770,沈阳化工大学,我队友呢?哦没开学,3,382
2022,1,770,宁波大学,VGYVGY,3,382
2022,1,770,三峡大学,cyclegan,3,382
2022,1,773,吉林大学,打不好ACM就回去调整,3,383
2022,1,773,南京邮电大学,njupt22tea m08,3,383
2022,1,775,广西大学,不食油饼,3,384
2022,1,776,长安大学,fugev50,3,386
2022,1,776,中南民族大学,哈哈哈哈哈嘻嘻,3,386
2022,1,778,东北大学秦皇岛分校,扫黑除恶,3,387
2022,1,779,广东东软学院,三个寄俩,3,389
2022,1,780,浙江工商大学,北极企鹅,3,390
2022,1,780,南京信息工程大学,南信第一女队,3,390
2022,1,780,西安电子科技大学,剑指艾斯十二,3,390
2022,1,783,北京建筑大学,淤泥之花与空心石,3,392
2022,1,784,苏州科技大学,春日漂流,3,394
2022,1,784,湖南文理学院,轻井泽惠,3,394
2022,1,784,东华大学,三天摸两鱼,3,394
2022,1,787,河海大学,肉蛋葱鸡1,3,395
2022,1,787,江西理工大学,zlz,3,395
2022,1,787,衡阳师范学院,三个人凑不出一个字,3,395
2022,1,790,平顶山学院,HLL,3,396
2022,1,791,浙江科技学院,遇到困难睡大觉,3,398
2022,1,791,华南农业大学,notpasscet-4,3,398
2022,1,793,重庆邮电大学,阿尔托莉雅,3,403
2022,1,794,湖南农业大学,你有什么头猪吗,3,405
2022,1,795,暨南大学,追追光者者,3,406
2022,1,796,辽宁大学,奈落之底,3,407
2022,1,796,浙江机电职业技术学院,泥头车,3,407
2022,1,796,浙江师范大学,三号楼说猫德是伪科学,3,407
2022,1,799,金陵科技学院,浅尝一口你说的爱我,3,408
2022,1,800,上海大学,我都可以!,3,409
2022,1,801,青岛科技大学,123qwe,3,413
2022,1,802,韶关学院,美少女战士,3,414
2022,1,803,齐齐哈尔大学,乘风破浪,3,415
2022,1,804,广东东软学院,摸奖的艺术,3,416
2022,1,805,南昌航空大学,关于整队过了四级却没人到500这件事doge,3,417
2022,1,805,苏州科技大学,笨小孩,3,417
2022,1,807,浙江科技学院,江南叫花鸡,3,419
2022,1,808,山东理工大学,Ginger_AK_2022_ICPC_Online_Con test,3,420
2022,1,809,江西师范大学,《演员》,3,421
2022,1,810,西南科技大学,满目霜花云弄雪,3,422
2022,1,810,浙江万里学院,我们仨指定嘎嘎乱杀,3,422
2022,1,812,浙江工商大学,菲菲公组,3,424
2022,1,812,惠州学院,不爆0就算成功,3,424
2022,1,814,天津工业大学,Silent Selene,3,427
2022,1,815,河南大学,xzgg爱上我,3,428
2022,1,815,宁波大学,"划小船,摸大鱼",3,428
2022,1,817,成都理工大学,QvQ,3,429
2022,1,817,郑州大学,zzu_11451 4,3,429
2022,1,819,武汉工程大学,会有奇迹吗?,3,430
2022,1,820,杭州师范大学,wtn和他的俩个扈从,3,433
2022,1,820,同济大学,无紫不行,3,433
2022,1,822,成都锦城学院,why wa?,3,436
2022,1,822,西北农林科技大学,fashion good,3,436
2022,1,824,天津理工大学,打铁还需自身硬,3,437
2022,1,825,成都信息工程大学,自动wawa机,3,438
2022,1,825,华南师范大学,随便打打,3,438
2022,1,827,哈尔滨工业大学,网络热门队名鉴定,3,439
2022,1,827,哈尔滨理工大学,HRBUST20 22ICPCY6,3,439
2022,1,829,山东工商学院,英语四级accepted,3,440
2022,1,829,南昌航空大学,debug都队,3,440
2022,1,831,东北农业大学,AC手动机,3,441
2022,1,831,复旦大学,同路人,3,441
2022,1,833,浙江理工大学,好起来urua,3,446
2022,1,834,淮北师范大学,依古比古,3,447
2022,1,835,上海大学,wa中冒险,3,448
2022,1,836,重庆大学,听取WA声一片,3,450
2022,1,837,南华大学,WAWAWA,3,452
2022,1,838,长春工业大学,小瘪扇,3,453
2022,1,839,武汉理工大学,菜狗三人,3,454
2022,1,839,大连大学,罗刹师,3,454
2022,1,839,华中农业大学,来一杯拿铁,3,454
2022,1,842,武汉理工大学,最喜欢thjj了,3,455
2022,1,843,东北农业大学,四五六,3,456
2022,1,843,东北农业大学,Greedy please skip the example automatica lly,3,456
2022,1,845,济南大学,这不DJ吗,3,457
2022,1,846,长春理工大学,怀念2019现场赛,3,458
2022,1,846,南京工业大学,代码联邦,3,458
2022,1,848,中国民航大学,海底小纵队,3,459
2022,1,849,上海理工大学,草原三剑客,3,460
2022,1,850,浙江工业大学,ZJUT12,3,461
2022,1,851,大连理工大学,末日时在做什么?有没有空?可以来拯救吗?,3,462
2022,1,851,湖南涉外经济学院,AC自动机不能自动AC,3,462
2022,1,853,青岛大学,赛博雪豹,3,463
2022,1,853,南京邮电大学,njupt22tea m17,3,463
2022,1,855,浙江农林大学,法式酸甜西红柿片配黄油鸡蛋粒,3,465
2022,1,855,湖南城市学院,妹妹一个人玩原神吗 o。O?,3,465
2022,1,857,福建工程学院,帅气逼人组合,3,466
2022,1,858,辽宁大学,星奔川骛,3,468
2022,1,859,大连海事大学,眉笔2号,3,469
2022,1,860,中国矿业大学,村口型男不秃头,3,470
2022,1,861,黑龙江大学,69岁扶墙上树,3,472
2022,1,862,闽南师范大学,休息一下吧,3,473
2022,1,862,郑州轻工业大学,莫比乌斯反演队友,3,473
2022,1,864,东北电力大学,HAL 3000,3,474
2022,1,864,南京航空航天大学,芝士雪豹,3,474
2022,1,864,长沙学院,玛奇玛,3,474
2022,1,867,南京航空航天大学,这是一个正经队名,3,475
2022,1,868,湖南科技学院,车拉马,3,476
2022,1,868,肇庆学院,北岭五队,3,476
2022,1,868,湖南农业大学,两蒂蒂夹面包,3,476
2022,1,871,华南理工大学,随便对,3,479
2022,1,871,南阳理工学院,早起打太极,3,479
2022,1,873,湖北第二师范学院,湖二师十二队,3,480
2022,1,874,西南科技大学,你有没有注意到阴谋得逞者在狞笑,3,481
2022,1,875,武汉科技大学,香翅捞饭,3,484
2022,1,875,重庆邮电大学,炮灰小队,3,484
2022,1,877,福建农林大学,16KB打铁队,3,485
2022,1,878,山东工商学院,样例对了就是对了,3,486
2022,1,879,河南工业大学,薪炎永燃,3,488
2022,1,879,同济大学,Magia,3,488
2022,1,881,山东理工大学,从WA开始的ACM生活,3,489
2022,1,881,北京化工大学,打不过就哭哭,3,489
2022,1,883,安阳工学院,给个名额谢谢,3,490
2022,1,883,广东财经大学,CodeFire,3,490
2022,1,885,杭州师范大学,交流猫,3,492
2022,1,886,河南大学,望星,3,493
2022,1,886,南华大学,国家汪汪大队,3,493
2022,1,888,江苏大学,solo polo loco,3,494
2022,1,888,成都信息工程大学,往日不再,3,494
2022,1,890,广东工业大学,登鲤,3,496
2022,1,890,浙江万里学院,我们仍未知道那天的题是否AC,3,496
2022,1,890,北京理工大学珠海学院,猫猫狗狗,3,496
2022,1,893,天津仁爱学院,"弹一首""Secret""头发会长回来吗",3,498
2022,1,893,北华大学,wrong answer,3,498
2022,1,895,齐齐哈尔大学,楼上的帮我垫一垫,3,500
2022,1,896,兰州大学,队长被人捞走了,3,501
2022,1,897,长安大学,RunRunRu n,3,502
2022,1,898,信阳师范学院,名字你来取,3,503
2022,1,899,中国石油大学(华东),SpiritualAF,3,506
2022,1,900,江西师范大学,你先别急,3,507
2022,1,901,深圳技术大学,SZTU_ECY D,3,508
2022,1,902,长沙学院,划水大队,3,509
2022,1,903,黑龙江大学,贪心只能过样例,3,513
2022,1,904,浙江理工大学,邪王真眼是最强的,3,515
2022,1,905,河南大学,三重伟大的赫尔墨斯,3,519
2022,1,906,山东理工大学,A之一队,3,521
2022,1,906,华南农业大学,快乐一家,3,521
2022,1,908,鲁东大学,火焰车,3,523
2022,1,908,南京航空航天大学,什么是ICPC,3,523
2022,1,910,西北工业大学,路人选手的AC方法,3,524
2022,1,911,山东理工大学,_silver,3,526
2022,1,912,长春工业大学,考拉的树,3,528
2022,1,913,浙江农林大学,wrongans werontext2,3,530
2022,1,913,西安石油大学,变成暴力守护WA,3,530
2022,1,915,鲁东大学,三带一,3,532
2022,1,916,武汉理工大学,南湖打铁王,3,534
2022,1,917,华南农业大学,被师妹带飞,3,537
2022,1,918,南阳理工学院,风的视线,3,540
2022,1,919,安徽工业大学,打铁小能手,3,541
2022,1,920,衡阳师范学院,浅浅一写就很队,3,542
2022,1,921,湘潭大学,XTU_06,3,544
2022,1,922,四川师范大学,宋沅泽带头冲锋,3,546
2022,1,922,安阳工学院,只会HelloWorl d,3,546
2022,1,922,江西师范大学,我的喷火龙不会飞,3,546
2022,1,925,乐山师范学院,代码全敲队,3,547
2022,1,926,西北工业大学,就在今天,3,550
2022,1,927,上海大学,TQH,3,553
2022,1,928,安徽大学,安大四队,3,554
2022,1,928,西安电子科技大学,嘤嘤嘤,3,554
2022,1,928,哈尔滨理工大学,HRBUST20 22ICPCY10,3,554
2022,1,928,浙大宁波理工学院,哪个队,3,554
2022,1,928,中国科学技术大学,(?),3,554
2022,1,933,湖州师范学院,zjhu_太湖摸鱼队,3,556
2022,1,933,哈尔滨工业大学(威海),七仪鹿,3,556
2022,1,933,上海交通大学,云影徘徊,3,556
2022,1,933,浙大宁波理工学院,抽卡必歪,3,556
2022,1,937,中国石油大学(华东),DP我爱你,3,557
2022,1,937,武汉轻工大学,额可赛普特,3,557
2022,1,939,西南科技大学,张扬的阿龙,3,559
2022,1,940,华中科技大学,签到就算成功,3,563
2022,1,941,武汉科技大学,队友于apex十二赛季上钻望周知队,3,564
2022,1,942,广东工业大学,GDUT_Cod eCodeWA,3,568
2022,1,943,湖南工业大学,签完到摆烂,3,569
2022,1,944,长沙理工大学,生椰玛丽颜,3,571
2022,1,945,成都信息工程大学,阿萨辛,3,574
2022,1,946,浙江中医药大学,ZCMU—难上加难,3,575
2022,1,947,浙江财经大学,坐牢小分队,3,579
2022,1,947,南开大学,狂乱木曜日,3,579
2022,1,949,西北工业大学,翱翔西瓜队,3,580
2022,1,950,山东理工大学,Go_all_out,3,582
2022,1,951,中国科学技术大学,Team1145 14,3,583
2022,1,952,西北农林科技大学,飞鱼要上天,3,584
2022,1,953,武汉理工大学,你这题保AC吗,3,586
2022,1,954,中山大学,上上下下左左右右BABA,3,589
2022,1,955,成都东软学院,练习两年半,3,594
2022,1,955,肇庆学院,北岭二队,3,594
2022,1,957,山东大学,肃正协议,3,598
2022,1,958,杭州师范大学,All_Correct,3,608
2022,1,959,长春大学,怀念蛙蛙队,3,609
2022,1,960,武汉工程大学,摸鱼小分队,3,616
2022,1,961,中国科学技术大学,只要大腿抱得队,3,618
2022,1,961,西北工业大学,寒冰辅助87胜率上白银,3,618
2022,1,963,山东工商学院,画地为牢,3,621
2022,1,964,徐州工程学院,"别急,你先别急",3,624
2022,1,965,台州学院,404 Not Found,3,627
2022,1,966,中国石油大学(华东),蒟蒻Union,3,637
2022,1,967,杭州电子科技大学,杭电女队,3,638
2022,1,968,浙江育英职业技术学院,重生之不想满盘皆输,3,640
2022,1,969,安徽大学,三条可怜,3,650
2022,1,970,兰州大学,我真不会取名啊,3,657
2022,1,971,湖南警察学院,不走路队,3,659
2022,1,972,长春理工大学,3B8AA5F7,3,665
2022,1,973,肇庆学院,北岭三队,3,673
2022,1,974,深圳技术大学,SZTU_Clou ds,3,676
2022,1,975,韩山师范学院,玫瑰常开警告常在,3,680
2022,1,976,南京理工大学,打几把icpc,3,683
2022,1,977,华南理工大学,希望能队,3,692
2022,1,978,安徽工业大学,无言以队,3,696
2022,1,979,杭州师范大学,菜而不自知,3,697
2022,1,979,广东金融学院,評測機上抹點綠,3,697
2022,1,981,哈尔滨理工大学(威海),猫猫说的都队,3,706
2022,1,982,南通大学,打铁小分队,3,713
2022,1,983,广东技术师范大学,敲敲榜,3,716
2022,1,984,韶关学院,Siege lion,3,724
2022,1,985,浙江金融职业学院,宇宙无敌超级酷炫噼里啪啦究极进化暴龙战士,3,741
2022,1,986,湖北工业大学,大摆钟送快递,3,750
2022,1,986,衡阳师范学院,llz,3,750
2022,1,988,福建师范大学,想成为男铜,3,753
2022,1,989,南昌航空大学,两年半的练习生,3,773
2022,1,990,华东理工大学,过题比当艾尔登之王还难,3,780
2022,1,991,吉首大学,"你这观点我不敢苟同,如果说95号汽油就应该班意大利面的话,那当头炮开局一定要大飞守边",3,787
2022,1,992,江西师范大学,theOnlyFig ht,3,802
2022,1,993,吉林大学,咱A不了怎么想都是数据的锅,3,828
2022,1,994,湖州师范学院,zjhu_特日日后援团,3,863
2022,1,995,河南大学,以上榜单无效,3,874
2022,1,996,长春理工大学,再飞行,3,877
2022,1,997,南京航空航天大学,愚人众执行官第十二席,3,938
2022,1,998,同济大学,喜欢我acm白给嘛,3,943
2022,1,999,西北工业大学,好问题_2022,3,946
2022,1,1000,中国民航大学,菜鸡三人组,3,999
2022,1,1001,重庆大学,丢人马上退出赛场,3,1034
2022,1,1002,台州学院,nullptr,3,1097
2022,1,1003,中央民族大学,心脏跳动,3,1226
2022,1,1004,华中师范大学,樱吹雪,2,56
2022,1,1005,青岛大学,AC梦之队,2,66
2022,1,1006,河北师范大学,键上翻花,2,69
2022,1,1007,东北电力大学,每道题都能用二分做,2,71
2022,1,1008,中国人民大学,揭开盒子的面纱,2,72
2022,1,1009,北京化工大学,随便随便我都行,2,75
2022,1,1010,广东外语外贸大学,都什么年代了还在打传统ICPC,2,83
2022,1,1011,太原理工大学,明向故事,2,85
2022,1,1012,中国地质大学(武汉),路人选手的WA方法,2,88
2022,1,1013,广东工业大学,二向箔,2,90
2022,1,1014,哈尔滨理工大学,HRBUST20 22ICPCY2,2,91
2022,1,1015,西南科技大学,minyakonk a,2,92
2022,1,1015,南京信息工程大学,蒟蒻果冻,2,92
2022,1,1017,天津仁爱学院,以上队伍成绩无效,2,97
2022,1,1018,新疆大学,xju-cyy-djc,2,100
2022,1,1018,广州大学,紫罗兰,2,100
2022,1,1020,合肥学院,想要变成猫猫虫,2,101
2022,1,1021,四川大学,不会的都蒙队,2,104
2022,1,1022,青岛大学,Tomato_N anoda,2,105
2022,1,1022,上海大学,HelloBug,2,105
2022,1,1022,长沙学院,杰哥的余光,2,105
2022,1,1025,东北师范大学,饭神,2,108
2022,1,1026,南昌航空大学,雀食蟀二队,2,113
2022,1,1026,西南科技大学,让我们红橙作伴,2,113
2022,1,1026,山东大学,山竹队,2,113
2022,1,1026,北京交通大学,蒟蒻队,2,113
2022,1,1030,上海大学,月笙,2,115
2022,1,1031,河北师范大学,重生之我是oi爷,2,117
2022,1,1032,大连理工大学,Simple,2,118
2022,1,1032,广州大学,听天由命,2,118
2022,1,1034,南阳理工学院,勾栏听曲,2,119
2022,1,1035,湖南工业大学,大寄特寄,2,120
2022,1,1036,武汉工程大学,半年练习生即出道,2,121
2022,1,1037,中国科学技术大学,东风雏鹰队,2,122
2022,1,1038,广东财经大学,弗拉明戈舞步,2,124
2022,1,1039,中国科学院大学,果壳家的龙ACMer,2,126
2022,1,1039,浙江农林大学,两眼花花乱蛙一通,2,126
2022,1,1041,武汉工程大学,Couting ACs,2,127
2022,1,1042,合肥学院,Radiant,2,128
2022,1,1042,东华大学,我全都要,2,128
2022,1,1042,天津仁爱学院,无言以队,2,128
2022,1,1042,武汉大学,她说我不队,2,128
2022,1,1046,华南理工大学,银不了,2,129
2022,1,1047,四川大学,把握不住,2,130
2022,1,1048,江西理工大学,锟斤拷,2,132
2022,1,1049,西南交通大学,AAA不锈钢批发,2,133
2022,1,1050,浙江中医药大学,ZCMU-今天喝黄桃果霸,2,136
2022,1,1050,山东理工大学,Matcha_bis cuits,2,136
2022,1,1050,青岛科技大学,玛卡巴卡阿卡哇卡米卡玛卡呣,2,136
2022,1,1053,长沙学院,没有学校要,2,138
2022,1,1053,河南大学,柳岸风残月,2,138
2022,1,1053,东北大学,东北大学_胜利队,2,138
2022,1,1053,东华大学,segmfau,2,138
2022,1,1057,厦门大学,比奇堡三恶霸,2,139
2022,1,1057,武汉轻工大学,三料特工,2,139
2022,1,1057,吉林大学,"执子之手抓饼,与子偕老干妈",2,139
2022,1,1060,华南农业大学,ac对对,2,140
2022,1,1061,绍兴文理学院元培学院,朝气蓬勃大一队,2,141
2022,1,1061,南昌航空大学,暴力打表组合,2,141
2022,1,1061,哈尔滨工业大学(威海),#66CCFF,2,141
2022,1,1061,山东师范大学,发生什么事了,2,141
2022,1,1065,广西民族大学,UnJuanabl e,2,142
2022,1,1066,中国石油大学(华东),只会写个for循环,2,143
2022,1,1066,江南大学,投个骰子吧,2,143
2022,1,1066,武汉商学院,Dreamers,2,143
2022,1,1069,南昌航空大学,夜不归队,2,144
2022,1,1069,北京林业大学,北林合伙人,2,144
2022,1,1069,湘潭大学,XTU_打完这场就退役,2,144
2022,1,1069,河海大学,Xicats,2,144
2022,1,1069,江西财经大学,能不能不打铁,2,144
2022,1,1069,浙江工商大学,啊对对队,2,144
2022,1,1075,兰州大学,河童软科,2,145
2022,1,1076,长春理工大学,雪豹别叫,2,146
2022,1,1076,广东金融学院,菜鸟驿站,2,146
2022,1,1076,长安大学,哇酷哇酷,2,146
2022,1,1079,浙江工商大学,噫叁柒陆陆陆悦刻芜,2,147
2022,1,1079,武汉理工大学,AC未来,2,147
2022,1,1081,天津理工大学,明理湖水怪,2,148
2022,1,1082,平顶山学院,小镇错题家,2,149
2022,1,1082,河北师范大学,修女与鱼,2,149
2022,1,1082,河北师范大学,训练时长两年半,2,149
2022,1,1082,长安大学,可达鸭今天什么都吃,2,149
2022,1,1086,湖南文理学院,六点钟,2,151
2022,1,1086,鲁东大学,不出成绩不改队名,2,151
2022,1,1086,湖南理工学院,您说的都‘对’,2,151
2022,1,1089,河北师范大学,美羊羊和沸羊羊,2,152
2022,1,1089,邵阳学院,My barking teammates,2,152
2022,1,1089,西南石油大学,队名想好了吗,2,152
2022,1,1092,西南民族大学,Eco,2,153
2022,1,1092,南阳师范学院,红烧杰尼龟,2,153
2022,1,1094,佛山科学技术学院,遇到困难摆大烂,2,154
2022,1,1095,山东大学,Clannad,2,156
2022,1,1096,长春大学,关于项毅展让我去单挑这件事,2,157
2022,1,1097,广州大学,我是一个一个一个什么队,2,158
2022,1,1097,山东师范大学,签完到摸鱼,2,158
2022,1,1099,华中农业大学,烟杆欢宝,2,159
2022,1,1100,广东技术师范大学,队友不会就抽他一鞭,2,162
2022,1,1100,湘潭大学,XTU_恶龙骑士,2,162
2022,1,1100,成都理工大学,队名为菜,2,162
2022,1,1103,苏州科技大学,纵经三年,2,163
2022,1,1104,南开大学,啊对--对对队,2,164
2022,1,1104,广西大学,芝士雪豹,2,164
2022,1,1104,青岛理工大学,摆名为队,2,164
2022,1,1107,四川师范大学,哈哈哈,2,165
2022,1,1108,杭州师范大学,WA自动机,2,166
2022,1,1109,深圳技术大学,我再想想,2,167
2022,1,1110,河南科技大学,HAUST_2,2,168
2022,1,1110,浙大宁波理工学院,清楚码农不会梦到美味黄焖鸡,2,168
2022,1,1112,四川大学,被遗忘的队名,2,169
2022,1,1113,天津工业大学,好想吃麻辣烫,2,170
2022,1,1113,西南民族大学,顺十字,2,170
2022,1,1113,武汉工程大学,卧龙凤雏,2,170
2022,1,1116,长春工业大学,上面的队伍全是金牌,2,171
2022,1,1117,浙江工商大学,水水獭保护协会,2,172
2022,1,1118,华北科技学院,都可以队,2,173
2022,1,1119,华中科技大学,"是我,是我先,明明都是我先ac的",2,174
2022,1,1120,湖南中医药大学,触底反弹,2,175
2022,1,1121,山东财经大学,求求快解封,2,176
2022,1,1122,东华大学,硬创泥头车,2,177
2022,1,1122,浙江农林大学,403 can't AC,2,177
2022,1,1124,河南师范大学,无言以队,2,178
2022,1,1124,中南民族大学,大师为友,2,178
2022,1,1124,上海电机学院,每日打卡,2,178
2022,1,1127,东北大学秦皇岛分校,GCX,2,179
2022,1,1127,南昌理工学院,来杯冰可乐,2,179
2022,1,1129,河南财政金融学院,努力进厂,2,180
2022,1,1129,山东理工大学,乘风破浪打工人,2,180
2022,1,1131,沈阳航空航天大学,Lyco Reco,2,182
2022,1,1131,南阳理工学院,绿都如意湾,2,182
2022,1,1133,哈尔滨工业大学(威海),心跳签到队,2,183
2022,1,1133,中国矿业大学,赛码娘:Pretty Xcpc,2,183
2022,1,1135,西南民族大学,One Bamboo,2,184
2022,1,1136,青岛大学,三个臭皮匠,2,185
2022,1,1137,南京信息工程大学,那你能帮帮我吗,2,186
2022,1,1138,北京工业大学,又一支北京工业大学队,2,187
2022,1,1139,东北师范大学,GiganticJet s,2,188
2022,1,1140,曲阜师范大学,芝士雪豹,2,190
2022,1,1141,浙江师范大学,大摆锤,2,191
2022,1,1141,济南大学,三体舰队,2,191
2022,1,1143,中北大学,天晨破晓,2,195
2022,1,1143,温州大学,温大3队,2,195
2022,1,1145,曲阜师范大学,王师哥说的都对,2,196
2022,1,1145,中国石油大学(华东),签到题判题机,2,196
2022,1,1145,湖北第二师范学院,Dcrown,2,196
2022,1,1145,厦门大学嘉庚学院,白开水没有味,2,196
2022,1,1145,台州学院,甘文崔,2,196
2022,1,1150,长春工业大学,一个顶俩,2,197
2022,1,1151,山东师范大学,昨日不重现!,2,198
2022,1,1151,山东师范大学,最爱吃兽奶,2,198
2022,1,1153,江西理工大学,这是你的捍卫者,2,199
2022,1,1153,华东交通大学,签到就算成功,2,199
2022,1,1153,河北农业大学,路人选手的过题方法,2,199
2022,1,1153,燕山大学,珂朵莉树上会有珂朵莉吗,2,199
2022,1,1157,齐鲁工业大学,急得长痘痘,2,200
2022,1,1158,成都理工大学,无问,2,201
2022,1,1158,井冈山大学,大国铁匠,2,201
2022,1,1160,湖北大学,重生之我想当菜狗,2,203
2022,1,1160,沈阳航空航天大学,"全是暴力,没有算法",2,203
2022,1,1162,中南民族大学,ECHO,2,204
2022,1,1162,河南工业大学,XBZ,2,204
2022,1,1162,西南交通大学,啵啵自动机,2,204
2022,1,1162,河南理工大学,"玩归玩,闹归闹,别拿签到开玩笑",2,204
2022,1,1166,四川师范大学,超级码丽,2,205
2022,1,1167,鲁东大学,同窗队,2,206
2022,1,1168,青岛农业大学,完美世界AC平台,2,207
2022,1,1169,中国传媒大学,不想被刷队,2,208
2022,1,1169,西北大学,只因械键盘,2,208
2022,1,1171,中国海洋大学,萌新登场,2,209
2022,1,1171,西南石油大学,三元运算律之一,2,209
2022,1,1171,长春工业大学,纸里的鹰,2,209
2022,1,1174,乐山师范学院,LSNU_WiFi_5G,2,212
2022,1,1174,合肥学院,菲尼克斯,2,212
2022,1,1176,青岛科技大学,翻到这里一定很累吧눈_눈,2,217
2022,1,1176,中国传媒大学,奕!悟!,2,217
2022,1,1178,温州大学,温大5队,2,218
2022,1,1179,西南石油大学,Rhyemss,2,220
2022,1,1180,江西师范大学,你随便,2,221
2022,1,1180,惠州学院,代码只有一行,2,221
2022,1,1182,长春理工大学,得闲饮茶,2,222
2022,1,1183,湖南城市学院,扣1佛祖保佑你AC,2,223
2022,1,1184,山东理工大学,超级炫酷的小毛驴,2,224
2022,1,1185,福建工程学院,太难了姐,2,225
2022,1,1185,湖南工学院,我不到啊,2,225
2022,1,1187,西藏民族大学,秦汉一,2,226
2022,1,1187,广东财经大学,对对队,2,226
2022,1,1189,哈尔滨工业大学(威海),余好AC以Debug兮,2,227
2022,1,1190,武汉纺织大学,机甲小宝,2,228
2022,1,1191,天津工业大学,怎么又要起名啊,2,229
2022,1,1192,山东大学,有期徒刑五小时,2,230
2022,1,1193,中北大学,星辰之晖,2,231
2022,1,1193,中国地质大学(武汉),暴力混分队,2,231
2022,1,1195,湖州学院,I wanna,2,232
2022,1,1195,曲阜师范大学,三摆大风车,2,232
2022,1,1197,广西科技大学,进前百分之九十就算成功,2,233
2022,1,1197,成都东软学院,文武双全,2,233
2022,1,1199,广东理工学院,答的都队,2,234
2022,1,1200,宁波工程学院,队长没过4级队,2,235
2022,1,1200,成都信息工程大学,4O4NotFo und,2,235
2022,1,1200,温州大学,温大2队,2,235
2022,1,1203,河南大学,没人理解C++,2,236
2022,1,1204,湖南人文科技学院,"男女男,长株潭",2,237
2022,1,1205,贵州大学,aaaaac,2,239
2022,1,1205,哈尔滨工业大学(威海),V我50,2,239
2022,1,1207,台州学院,临海羡鱼队,2,240
2022,1,1207,兰州大学,都什么年代还在用传统算法,2,240
2022,1,1209,华南农业大学,d.h,2,242
2022,1,1210,成都信息工程大学,我们乔家世世代代都是绅士,2,243
2022,1,1210,鲁东大学,炸雷,2,243
2022,1,1212,南昌理工学院,|=>广告位出租dd,2,244
2022,1,1213,合肥工业大学,蓝色蔷薇,2,245
2022,1,1213,武汉理工大学,不会起名队,2,245
2022,1,1213,辽宁工程技术大学,太阳石之光,2,245
2022,1,1216,烟台大学,题都读不队,2,246
2022,1,1217,江西理工大学,RE:从零开始的江理生活,2,247
2022,1,1218,武汉理工大学,zzqwd,2,248
2022,1,1218,浙江工商大学,寄科摆烂队,2,248
2022,1,1218,陕西科技大学,三个外省人打陕西省省赛,2,248
2022,1,1221,华南农业大学,august,2,249
2022,1,1222,福建师范大学,三进制赛博动物园,2,252
2022,1,1223,石河子大学,遇到困难睡大觉,2,253
2022,1,1224,上海理工大学,你这AC太假了,2,254
2022,1,1224,华南理工大学,"十年里,爱过的每个人都像她",2,254
2022,1,1226,青岛农业大学,小黄人,2,255
2022,1,1227,浙江农林大学,zxw为什么是神,2,259
2022,1,1227,西南大学,西南大学2队,2,259
2022,1,1229,河南财政金融学院,十亿少女的梦,2,260
2022,1,1230,杭州师范大学,悠米拌饭,2,264
2022,1,1230,大连理工大学,goatthekid,2,264
2022,1,1230,青岛理工大学,燃烧你的梦,2,264
2022,1,1230,郑州大学,不知道起什么队名就变成这样了,2,264
2022,1,1234,山东理工大学,星辰阁,2,265
2022,1,1235,西北工业大学,汪汪队,2,267
2022,1,1236,湖南城市学院,头铁就能AC,2,268
2022,1,1237,安徽大学,不会起名字,2,269
2022,1,1238,江西财经大学,我就来签个到打个卡,2,271
2022,1,1239,湖南第一师范学院,舌尖上的dysf,2,272
2022,1,1240,湘潭大学,XTU_人不熬夜就不会熬夜,2,273
2022,1,1241,江西师范大学,面向WA程序设计,2,274
2022,1,1241,东北师范大学,生死界限,2,274
2022,1,1243,平顶山学院,做梦都在wa,2,275
2022,1,1244,黑龙江大学,52白寻36黑,2,277
2022,1,1245,河南师范大学,大锤队,2,278
2022,1,1245,青岛科技大学,面向样例的程序设计,2,278
2022,1,1247,北京工业大学,随便,2,279
2022,1,1248,华中科技大学,Lycoris,2,282
2022,1,1248,南昌大学,大摆锤队,2,282
2022,1,1250,南昌航空大学,晴天小队,2,283
2022,1,1250,浙大宁波理工学院,不想爆零,2,283
2022,1,1250,河南理工大学,关于英语好的队友都去考六级了而我读不懂题这件事,2,283
2022,1,1250,浙江农林大学,带花树,2,283
2022,1,1254,曲阜师范大学,我在外面排队做核酸呢,2,285
2022,1,1254,广州城市理工学院,长方形的面积是底乘以高,2,285
2022,1,1254,长春工业大学,DH,2,285
2022,1,1257,浙江工商大学,从零开始的acm生活,2,288
2022,1,1257,华侨大学,HQU-team2,2,288
2022,1,1259,东北大学秦皇岛分校,白给小分队,2,292
2022,1,1260,河北工业大学,速取,2,294
2022,1,1260,南昌航空大学,RUSH D,2,294
2022,1,1262,南京航空航天大学,飞天面神教,2,295
2022,1,1263,北京交通大学,屑哥哥粉丝后援会,2,296
2022,1,1264,中北大学,打得不错,2,298
2022,1,1264,山东理工大学,Dawn,2,298
2022,1,1266,大连大学,经验宝宝,2,299
2022,1,1266,北京化工大学,正确的一针见血的,2,299
2022,1,1268,河北工业大学,两神带一坑,2,302
2022,1,1269,临沂大学,学弟带我吠,2,303
2022,1,1269,大连理工大学盘锦校区,啊对对对,2,303
2022,1,1271,河南师范大学,KFC疯狂星期八队,2,304
2022,1,1272,鲁东大学,求稳队,2,305
2022,1,1273,福建师范大学,队霸今天女装了吗,2,306
2022,1,1274,济南大学,鸡你钛酶,2,308
2022,1,1275,浙江师范大学,羊村守护者,2,309
2022,1,1275,上海理工大学,考完四级来单挑,2,309
2022,1,1277,北华大学,飞行棋,2,310
2022,1,1277,南昌大学,WAkeeper,2,310
2022,1,1277,东北农业大学,速速想队名,2,310
2022,1,1280,西南科技大学,三个兔子抓不到布朗尼,2,312
2022,1,1281,西北工业大学,集结部队,2,315
2022,1,1282,徐州工程学院,嘎嘎冲,2,317
2022,1,1283,中国矿业大学,7,2,319
2022,1,1284,北方工业大学,我的名字不叫大星队,2,320
2022,1,1285,浙大城市学院,米兰的小铁匠,2,323
2022,1,1286,长沙学院,名字好难取,2,325
2022,1,1286,上海大学,814队,2,325
2022,1,1288,长沙理工大学,寄了摆,2,326
2022,1,1289,长春理工大学,爆零自动机,2,327
2022,1,1289,淮北师范大学,拔剑能留住落樱吗,2,327
2022,1,1291,华南理工大学,天工开物,2,328
2022,1,1291,南昌大学,dancemon key,2,328
2022,1,1291,长沙学院,最高城LTC,2,328
2022,1,1291,济南大学,青龙山跑男,2,328
2022,1,1295,中国传媒大学,一刀子一刀子,2,334
2022,1,1296,鲁东大学,功不唐捐,2,336
2022,1,1296,哈尔滨理工大学,HRBUST20 22ICPCY5,2,336
2022,1,1298,山东财经大学,终途行者,2,338
2022,1,1299,上海科技大学,骗分不止过样例,2,339
2022,1,1300,北京师范大学珠海校区,公费特判样例,2,340
2022,1,1301,长春理工大学,繁星点点,2,341
2022,1,1301,中南民族大学,果冻三剑客,2,341
2022,1,1303,湖南人文科技学院,guanwonia oshi,2,344
2022,1,1303,福建农林大学,戴老师说得队,2,344
2022,1,1305,闽南师范大学,干就完了奥利给队,2,346
2022,1,1306,安阳工学院,听取wa声一片,2,347
2022,1,1307,江西师范大学,离开有鱼的季节,2,348
2022,1,1308,临沂大学,会发生奇迹对不对,2,349
2022,1,1308,中南林业科技大学,CSUFT4队,2,349
2022,1,1308,华南师范大学,与发际线作队(I Still Have Hair),2,349
2022,1,1308,台州学院,星火,2,349
2022,1,1312,东北林业大学,来到我锅里,2,351
2022,1,1313,河南师范大学,熊猫队,2,356
2022,1,1313,三峡大学,一脚两题队,2,356
2022,1,1313,宁波大学,发际线与我作队,2,356
2022,1,1316,浙江金融职业学院,可持久化内卷,2,357
2022,1,1317,北京理工大学珠海学院,时光机,2,360
2022,1,1318,太原理工大学,爆零菜鸟队,2,362
2022,1,1319,浙江万里学院,snoopy,2,363
2022,1,1320,西南科技大学,祺聆,2,364
2022,1,1321,长沙学院,刘刘刘,2,365
2022,1,1321,广州软件学院,蒜香气的电波塔,2,365
2022,1,1323,长春理工大学,步行九英里,2,366
2022,1,1324,哈尔滨工业大学(威海),帅比队长在线征婚,2,368
2022,1,1325,南昌航空大学,做梦都想AC,2,369
2022,1,1325,山东大学,国家级重点幼儿园,2,369
2022,1,1325,北京联合大学,小小作坊,2,369
2022,1,1328,广东海洋大学,啊对对对,2,370
2022,1,1328,安徽工业大学,憋在这理发店,2,370
2022,1,1330,苏州大学,驯服流星,2,372
2022,1,1330,安徽大学,"希腊奶,我从来没有想过ac这个问题",2,372
2022,1,1332,北京化工大学,一条柚子,2,375
2022,1,1333,湖南农业大学,速想个队名,2,376
2022,1,1333,沈阳航空航天大学,打铁匠人,2,376
2022,1,1335,青岛科技大学,奥卡姆剃刀,2,377
2022,1,1335,福建农林大学,早睡早起队,2,377
2022,1,1335,浙江育英职业技术学院,我们都爱乐乐哥,2,377
2022,1,1335,东北农业大学,对不队,2,377
2022,1,1339,华中农业大学,南湖打铁王,2,379
2022,1,1340,中南民族大学,宁愿孤注一掷,2,382
2022,1,1341,湖南中医药大学,deep_q,2,384
2022,1,1342,湖南农业大学东方科技学院,啊队队队,2,385
2022,1,1342,中国计量大学,多A就C队,2,385
2022,1,1344,广西师范大学,小二上盘wawa菜,2,387
2022,1,1344,东北大学秦皇岛分校,gn守守胃,2,387
2022,1,1346,安徽大学,"干爆一个,拿下两个",2,388
2022,1,1347,东北大学,NEU_时间列车,2,390
2022,1,1348,福建工程学院,Fanatic-three,2,392
2022,1,1349,长沙理工大学,我不想上算法3,2,395
2022,1,1349,韩山师范学院,许许如生队,2,395
2022,1,1351,徐州工程学院,littlie rubbish,2,397
2022,1,1352,中北大学,雪豹闭嘴!,2,398
2022,1,1353,韶关学院,不敲代码,2,399
2022,1,1354,哈尔滨理工大学,HRBUST20 22ICPCY3,2,400
2022,1,1355,上海第二工业大学,汪汪队起飞咯,2,401
2022,1,1356,新疆大学,F2A,2,404
2022,1,1357,浙江广厦建设职业技术大学,芝士雪豹队,2,405
2022,1,1358,湘潭大学,XTU_8队,2,406
2022,1,1359,南开大学,疯狂星期天,2,408
2022,1,1359,青岛理工大学,精神小伙成双队,2,408
2022,1,1361,西南科技大学,想名字的时候地震了,2,409
2022,1,1362,河海大学,酸菜余队,2,415
2022,1,1363,青岛农业大学,零零零来了,2,417
2022,1,1364,青岛理工大学,糖果超甜鼻屎齁咸,2,419
2022,1,1365,佛山科学技术学院,签到题质检员,2,422
2022,1,1365,哈尔滨工业大学(威海),Code Monkey,2,422
2022,1,1365,华南农业大学,提交都队,2,422
2022,1,1368,浙江万里学院,咱三一队,2,423
2022,1,1369,井冈山大学,diyichang,2,424
2022,1,1370,浙江机电职业技术学院,橄榄,2,425
2022,1,1371,武汉纺织大学,理塘丁一郎,2,426
2022,1,1371,中国传媒大学,六级必过,2,426
2022,1,1373,郑州轻工业大学,bug改不完,2,427
2022,1,1374,合肥学院,你说的都队,2,430
2022,1,1375,南昌大学,取队名真jb难,2,432
2022,1,1375,闽江学院,你说的都队,2,432
2022,1,1377,贵州大学,顿悟签到,2,434
2022,1,1378,浙江科技学院,小公牛哞哞,2,435
2022,1,1379,成都锦城学院,福瑞坐大牢,2,436
2022,1,1380,厦门理工学院,psycode,2,437
2022,1,1381,宁波大学,三个核桃,2,445
2022,1,1381,江西师范大学,啊对对队,2,445
2022,1,1383,河北师范大学,样例通过为什么不能AC,2,449
2022,1,1383,合肥学院,火箭队,2,449
2022,1,1385,西北工业大学,乐子人,2,451
2022,1,1386,石家庄铁道大学,lsc的航空母舰,2,452
2022,1,1386,西北工业大学,xhy粉丝团,2,452
2022,1,1388,广东财经大学,练习时长两年半,2,453
2022,1,1389,南昌大学,菜菜捞捞队,2,457
2022,1,1390,西南交通大学,自动ac机,2,458
2022,1,1391,河南师范大学,嘿哈嘿哈队,2,460
2022,1,1392,韶关学院,这一次不会卡题,2,461
2022,1,1393,成都信息工程大学,富婆队,2,462
2022,1,1394,湘潭大学,xtu_十队,2,464
2022,1,1395,厦门大学嘉庚学院,您加油,2,467
2022,1,1396,山东大学,小小菜狗,2,468
2022,1,1397,三峡大学,一只队,2,470
2022,1,1398,成都信息工程大学,Oh?Wow!,2,474
2022,1,1398,南京工业大学,石上三年,2,474
2022,1,1400,河海大学常州校区,"你这么菜,你队友不会生气吧哥哥",2,484
2022,1,1400,长春大学,怎么啥都不会,2,484
2022,1,1402,郑州升达经贸管理学院,DGJX,2,485
2022,1,1403,南昌大学,WaProduc er,2,490
2022,1,1404,兰州理工大学,AC.empty()==true,2,491
2022,1,1405,河海大学,米奇妙妙屋,2,492
2022,1,1405,重庆大学,test,2,492
2022,1,1407,浙江工商大学,发际线和我作队,2,495
2022,1,1407,四川信息职业技术学院,崽儿们加油啊,2,495
2022,1,1409,河南工业大学,lclyyds,2,496
2022,1,1410,浙江科技学院,小白队,2,497
2022,1,1410,汉口学院,奋进青年,2,497
2022,1,1412,浙江农林大学,我想想,2,498
2022,1,1413,山东工商学院,码到成功,2,504
2022,1,1414,南阳师范学院,onetwothr ee,2,506
2022,1,1415,南昌理工学院,大乘佛教,2,508
2022,1,1416,宁波工程学院,魔怔刷题人,2,510
2022,1,1417,吉林大学,"""为美好世界献上擅长龟派气功的珂朵莉的灾难正在进行奇妙冒险想让我告白?有没有空?可以吃葡萄不吐葡萄i皮不吃葡萄到吐葡萄皮嘛(""队",2,517
2022,1,1418,四川大学,刀削面的疲倦,2,524
2022,1,1419,湖南文理学院,今天刷抖音了没,2,527
2022,1,1420,福建工程学院,想不出名啦,2,540
2022,1,1421,浙江万里学院,我的女装ACmers不可能这么可爱,2,544
2022,1,1421,武汉理工大学,武小理喜欢上我EA爹这是否搞错了什么,2,544
2022,1,1423,湘潭大学,XTU_三只小猪,2,556
2022,1,1424,黄冈师范学院,"随手交一发,不管wa不wa",2,557
2022,1,1424,湖州师范学院,zjhu_hcbles s,2,557
2022,1,1426,浙江工商大学,黑巧不苦,2,560
2022,1,1427,中国石油大学(华东),签完到就下班,2,562
2022,1,1428,湖北经济学院,希望做的队,2,565
2022,1,1429,宁波大学,啊对对队,2,566
2022,1,1430,长春理工大学,coding_ha ppy,2,572
2022,1,1431,吉首大学,I`m iron man,2,576
2022,1,1432,青岛科技大学,风郁玖,2,582
2022,1,1432,青岛大学,猫猫管家粉丝后援团,2,582
2022,1,1434,中南民族大学,你在搞什么AC啊,2,584
2022,1,1435,成都东软学院,未闻花名,2,591
2022,1,1436,西北师范大学,代码对不队,2,592
2022,1,1437,大连理工大学,测试中,2,598
2022,1,1438,中国人民解放军陆军工程大学,浪遏飞舟,2,600
2022,1,1439,台州学院,签到队,2,604
2022,1,1440,惠州学院,鶸巢,2,606
2022,1,1441,泉州师范学院,泉州师范学院,2,616
2022,1,1442,长春理工大学,nothing,2,622
2022,1,1443,哈尔滨理工大学,HRBUST20 22ICPCY4,2,629
2022,1,1444,青岛科技大学,米奇妙妙屋,2,635
2022,1,1445,广东东软学院,永不秃头队,2,636
2022,1,1446,广东培正学院,找不到队友,2,638
2022,1,1447,深圳职业技术学院,V我50,2,665
2022,1,1448,厦门理工学院,DayDayCo de,2,681
2022,1,1449,黄淮学院,启明星队,2,687
2022,1,1450,郑州升达经贸管理学院,好想进区域赛,2,689
2022,1,1451,肇庆学院,北岭六队,2,768
2022,1,1452,曲阜师范大学,AC钙奶,2,800
2022,1,1453,厦门理工学院,为中华之崛起而读书,2,807
2022,1,1454,南京工业大学,元宇宙,2,810
2022,1,1455,福州大学至诚学院,遇事不决直接开摆,2,821
2022,1,1456,无锡学院,复读机我最深情,2,825
2022,1,1457,厦门理工学院,斯密马赛队,2,863
2022,1,1458,常熟理工学院,来者可追,2,893
2022,1,1459,杭州师范大学,RGB,2,930
2022,1,1460,河北师范大学,"似睡了好长一觉,比赛结束得莫名其妙",2,1089
2022,1,1461,南阳理工学院,卧龙凤雏得一可安天下,1,12
2022,1,1461,新疆大学,Haven,1,12
2022,1,1463,三峡大学,Iridescent,1,23
2022,1,1464,嘉应学院,into_o,1,28
2022,1,1465,湖南警察学院,hp3,1,29
2022,1,1466,河南农业大学,三个大帅哥,1,32
2022,1,1467,临沂大学,争做新青年,1,33
2022,1,1467,湖北中医药大学,日均三顿放纵餐,1,33
2022,1,1469,安徽工业大学,香煎油鱼,1,34
2022,1,1469,湖南科技学院,huse二队,1,34
2022,1,1471,东北林业大学,线性开放,1,42
2022,1,1472,江苏大学,mkdir,1,47
2022,1,1473,长春工业大学,solo,1,50
2022,1,1474,南阳理工学院,晚起跳本草纲目,1,51
2022,1,1475,长江师范学院,frog gua gua gua,1,54
2022,1,1476,四川大学,冲击波,1,56
2022,1,1476,北华大学,不会ac的ikun,1,56
2022,1,1476,南昌理工学院,不想写了开摆,1,56
2022,1,1479,广东外语外贸大学,人民当家做组,1,57
2022,1,1480,西南科技大学,指尖的阳光,1,59
2022,1,1480,衡阳师范学院,抽象组合,1,59
2022,1,1482,衡阳师范学院,重生之没钱去ccpc只能来icpc坐牢,1,60
2022,1,1483,成都信息工程大学,羊村警卫队,1,61
2022,1,1484,重庆交通大学,你要相信光,1,62
2022,1,1484,广东外语外贸大学,农夫山泉全品队,1,62
2022,1,1486,中山大学,中山大学_完结撒花,1,63
2022,1,1487,广西师范大学,不喝拿铁就不会拿铁,1,65
2022,1,1488,河北师范大学,绝境作战计划,1,70
2022,1,1488,浙江农林大学,打铁还需自身硬,1,70
2022,1,1490,滁州学院,一股来自琅琊山的神秘力量,1,71
2022,1,1491,辽宁工程技术大学,我真的不知道取什么名字,1,73
2022,1,1492,广东外语外贸大学,蔚蓝,1,75
2022,1,1492,辽宁大学,King_red,1,75
2022,1,1494,中南林业科技大学,CSUFT3队,1,77
2022,1,1495,中国地质大学(武汉),卷摆二象性,1,78
2022,1,1496,沈阳化工大学,GUTS,1,80
2022,1,1497,华东交通大学,大本钟下寄快递,1,81
2022,1,1498,南华大学,陪可莉去打ACM,1,82
2022,1,1499,广东外语外贸大学,AC全靠数据差,1,83
2022,1,1499,湖州师范学院,zjhu_嗨呀这不丁真嘛,1,83
2022,1,1501,四川信息职业技术学院,为什么不队,1,85
2022,1,1501,天津工业大学,啊对对队,1,85
2022,1,1503,长春理工大学,Huimilia,1,88
2022,1,1504,西南科技大学,啊对对对,1,90
2022,1,1505,湖北工业大学,哈哈哈,1,91
2022,1,1505,成都锦城学院,看队友敲代码,1,91
2022,1,1507,吉首大学,不是二刺螈,1,92
2022,1,1507,上海电机学院,只因你太美,1,92
2022,1,1507,西南石油大学,wa掘机,1,92
2022,1,1510,衡阳师范学院,昼夜,1,95
2022,1,1510,同济大学,维密天使,1,95
2022,1,1512,浙江工商大学,不想起名,1,96
2022,1,1513,乐山师范学院,WWQ,1,97
2022,1,1513,杭州师范大学,WY9,1,97
2022,1,1513,浙江工业职业技术学院,步步高AC机,1,97
2022,1,1516,大连海事大学,今晚有人睡不着,1,98
2022,1,1517,长春工业大学,无姓名队,1,99
2022,1,1518,江西财经大学,玛卡巴卡,1,100
2022,1,1519,湖北中医药大学,巧克力蛋糕,1,101
2022,1,1519,山东大学,梦之队,1,101
2022,1,1521,湖南中医药大学,Taboo_inst ructor,1,102
2022,1,1522,中原工学院,place_deg enerative,1,105
2022,1,1523,广东工业大学揭阳校区,唔知叫咩好,1,106
2022,1,1524,沈阳化工大学,Xue,1,110
2022,1,1524,徐州工程学院,三人思,1,110
2022,1,1524,黑龙江工程学院,winter is coming,1,110
2022,1,1524,西南科技大学,取名纠结,1,110
2022,1,1528,北京邮电大学,no_aweso me_ name,1,111
2022,1,1529,武昌首义学院,一颗生成树,1,112
2022,1,1529,湖北第二师范学院,拿铁端茶大队,1,112
2022,1,1529,湖州师范学院,ZJHU_HYB,1,112
2022,1,1529,河南工业大学,一行琉璃,1,112
2022,1,1533,广东财经大学,重在参与,1,114
2022,1,1533,南京工业大学,咸鱼永不言弃,1,114
2022,1,1535,南阳理工学院,哈啤酒,1,115
2022,1,1536,金陵科技学院,铁牌也是牌,1,116
2022,1,1536,华南理工大学,组个队吧,1,116
2022,1,1538,长春理工大学,做个梦,1,117
2022,1,1538,重庆工程学院,AC&&AC,1,117
2022,1,1538,韩山师范学院,下次不来了,1,117
2022,1,1541,北华大学,人生如戏,1,118
2022,1,1542,湖南涉外经济学院,三个蒟蒻,1,120
2022,1,1542,沈阳师范大学,没有肯德基疯狂星期四还有周末特惠快v我们150,1,120
2022,1,1544,辽宁大学,饿了,1,121
2022,1,1544,南昌大学,GreatDiana,1,121
2022,1,1544,广州大学,豪豪战队,1,121
2022,1,1547,湖南农业大学,不会取队名,1,122
2022,1,1548,长春工业大学,josee and fish,1,125
2022,1,1548,泰州职业技术学院,落魄魄罗迫魄罗落魄,1,125
2022,1,1550,长春工业大学,临江仙,1,126
2022,1,1550,哈尔滨理工大学,HRBUST20 22ICPCY7,1,126
2022,1,1552,河海大学,猫猫虫摸大鱼,1,127
2022,1,1553,中国矿业大学徐海学院,Akie求会,1,128
2022,1,1554,赣南医学院,你说的都队,1,130
2022,1,1555,南昌航空大学,简简单单划水摸鱼,1,132
2022,1,1556,河北师范大学,九天揽月,1,133
2022,1,1556,河北师范大学,o泡时间到,1,133
2022,1,1558,西北大学,皮展开了是因为羊胎素对不队,1,135
2022,1,1559,中国矿业大学,查无此队,1,136
2022,1,1560,浙江工商大学,大碗牢饭,1,138
2022,1,1561,北华大学,和光同尘,1,139
2022,1,1561,青岛科技大学,有福同享有难退队,1,139
2022,1,1563,中山大学,随便啦,1,140
2022,1,1564,安徽工业大学,华强劈瓜队,1,141
2022,1,1564,武汉商学院,Aurora,1,141
2022,1,1566,长沙学院,Ctrl C/V Team,1,145
2022,1,1566,南昌大学,开心就好队,1,145
2022,1,1568,上海海洋大学,你先别急,1,148
2022,1,1568,沈阳化工大学,☆1234567,1,148
2022,1,1570,湖南城市学院,AK不AC,1,149
2022,1,1571,沈阳航空航天大学,AC钢印,1,150
2022,1,1572,东莞理工学院,顺羽,1,151
2022,1,1573,重庆大学,重在参与,1,152
2022,1,1574,成都信息工程大学,叫个厉害点的名字,1,154
2022,1,1575,南昌理工学院,剑来,1,155
2022,1,1576,山东师范大学,日常开摆,1,156
2022,1,1576,南京邮电大学,njupt22tea m1501,1,156
2022,1,1578,新疆大学,LxLdy,1,157
2022,1,1579,北京工业大学,三个火枪手,1,158
2022,1,1580,广东金融学院,广金蒟蒻,1,162
2022,1,1581,莆田学院,风,1,163
2022,1,1582,西北大学,日月星战队,1,165
2022,1,1582,北京化工大学,Navi,1,165
2022,1,1582,韩山师范学院,烈焰玫瑰,1,165
2022,1,1585,山东农业大学,泪洒梳洗河,1,166
2022,1,1586,陕西科技大学,All Perfect,1,167
2022,1,1586,曲阜师范大学,山东代表队,1,167
2022,1,1588,内蒙古师范大学,考完四级来AC,1,169
2022,1,1588,浙江万里学院,吃饭不排队,1,169
2022,1,1588,辽宁大学,螺蛳与酸笋保护协会,1,169
2022,1,1591,浙江中医药大学,ZCMU-六只手敲不出代码队,1,171
2022,1,1592,西南石油大学,希望都队,1,172
2022,1,1593,济南大学,sk計画,1,173
2022,1,1594,南京工业大学,简单易码,1,174
2022,1,1594,河北师范大学,取啥对名呢,1,174
2022,1,1596,滁州学院,啊对对对队,1,175
2022,1,1597,江西工程学院,iKun助我AK,1,177
2022,1,1598,江西师范大学,难想[秃头],1,180
2022,1,1599,青岛理工大学,Good dish A,1,182
2022,1,1600,青岛大学,擎天柱,1,184
2022,1,1600,广州大学,代码敲不队,1,184
2022,1,1600,中国矿业大学,三只松鼠,1,184
2022,1,1600,大连大学,坐牢且下饭,1,184
2022,1,1604,南昌大学,zlq梭哈了,1,185
2022,1,1605,北华大学,奇迹和魔法都不是免费的,1,186
2022,1,1605,四川师范大学,罚时小分队,1,186
2022,1,1607,湖北第二师范学院,就这个队名吧,1,187
2022,1,1607,湖北大学,你说的都队,1,187
2022,1,1609,齐鲁工业大学,阳杰丹队,1,188
2022,1,1609,华北科技学院,你说的都队,1,188
2022,1,1609,成都信息工程大学,跟风小队,1,188
2022,1,1612,徐州工程学院,二零二二,1,191
2022,1,1612,青岛科技大学,啊对对对,1,191
2022,1,1612,哈尔滨理工大学,HRBUST20 22ICPCY12,1,191
2022,1,1615,成都东软学院,芝士雪豹,1,194
2022,1,1616,湖南中医药大学,Handsome Acmers,1,196
2022,1,1616,河北师范大学,啊对对队,1,196
2022,1,1618,青岛农业大学海都学院,小丑竟是我自己,1,200
2022,1,1619,济南大学,对的对的队,1,201
2022,1,1620,华南农业大学,教练我想AC,1,202
2022,1,1621,安徽工业大学,玛卡巴卡,1,204
2022,1,1621,邵阳学院,红橙作伴,1,204
2022,1,1623,金陵科技学院,so,1,209
2022,1,1624,南昌大学,Hell world,1,212
2022,1,1625,长沙学院,花椰焯栗鸭,1,213
2022,1,1626,青岛科技大学,拾星,1,219
2022,1,1627,华东交通大学,想对就队,1,220
2022,1,1627,福建工程学院,傅里叶变换,1,220
2022,1,1627,济南大学,志在打铁队,1,220
2022,1,1630,西藏民族大学,晨旭队,1,221
2022,1,1630,华东交通大学,懒狗,1,221
2022,1,1632,沈阳航空航天大学,知Com,1,223
2022,1,1632,西北农林科技大学,daydayup,1,223
2022,1,1634,南昌理工学院,ytdsg,1,227
2022,1,1635,成都锦城学院,敢wa队,1,229
2022,1,1635,大连大学,书生好困呐,1,229
2022,1,1637,河北科技大学,妖火,1,230
2022,1,1638,华中农业大学,九宫,1,232
2022,1,1638,台州学院,四方守护,1,232
2022,1,1640,阿坝师范学院,112358,1,233
2022,1,1640,湖南工学院,青青草原,1,233
2022,1,1642,滁州学院,想比个赛,1,234
2022,1,1643,广西民族大学,竟然是菜鸡,1,237
2022,1,1644,武汉商学院,OverFlow,1,238
2022,1,1645,福建技术师范学院,全都做队,1,241
2022,1,1646,肇庆学院,北岭山小白队,1,242
2022,1,1647,北华大学,打铁就女装,1,243
2022,1,1647,安徽财经大学,稳中向好,1,243
2022,1,1649,贵州工程应用技术学院,做的都队,1,246
2022,1,1650,黄冈师范学院,龙龙过江,1,253
2022,1,1651,金华职业技术学院,究极摆烂队,1,254
2022,1,1652,浙江工商大学,zyz,1,256
2022,1,1652,湖北工业大学,徐老师粉丝团,1,256
2022,1,1652,鲁东大学,平平无奇,1,256
2022,1,1655,井冈山大学,争取签到,1,258
2022,1,1655,福建工程学院,sunrise,1,258
2022,1,1657,宁波工程学院,要不remark吧,1,259
2022,1,1658,湖南第一师范学院,WLD,1,260
2022,1,1659,山东农业大学,港式叉烧鸡,1,261
2022,1,1659,西南民族大学,出不来题玩把五子棋,1,261
2022,1,1661,淮北师范大学,bug满天飞队,1,264
2022,1,1662,重庆工程学院,AK&&AK,1,266
2022,1,1662,莆田学院,火,1,266
2022,1,1664,宁波大学,俊哥说的队,1,268
2022,1,1664,石家庄铁道大学,破浪队,1,268
2022,1,1664,浙江工商大学,发际线跟我作队,1,268
2022,1,1667,齐鲁工业大学,倾城之诚 觊觎之余,1,271
2022,1,1668,青岛科技大学,"可恶啊,好难想",1,274
2022,1,1669,肇庆学院,北岭四队,1,283
2022,1,1670,上海财经大学,勇敢的心,1,284
2022,1,1671,南阳师范学院,提交什么都对,1,288
2022,1,1671,闽南师范大学,"披荆称王,伴坤远航",1,288
2022,1,1673,安徽工业大学,蒟蒻摆烂,1,290
2022,1,1674,南京邮电大学,njupt22tea m14,1,295
2022,1,1675,成都理工大学工程技术学院,肖坝街街霸,1,300
2022,1,1675,广州大学,啊对对队,1,300
2022,1,1677,大连海事大学,队友呢队友呢救一下啊,1,302
2022,1,1678,南昌航空大学,大佬说的都对,1,304
2022,1,1678,南阳师范学院,天天开wa掘机,1,304
2022,1,1680,山东农业大学,非常,1,305
2022,1,1680,湖北大学,重生之我是无脊椎动物,1,305
2022,1,1682,安徽工业大学,起名困难队,1,307
2022,1,1683,国际关系学院,疫情早日结束,1,312
2022,1,1683,湖南农业大学,睡到人间煮饭时,1,312
2022,1,1683,济南大学,露出鸡脚了吧,1,312
2022,1,1686,延安大学西安创新学院,什么队,1,314
2022,1,1687,徐州工程学院,小小萌新,1,316
2022,1,1688,哈尔滨工业大学(威海),三蒟开泰,1,318
2022,1,1689,厦门理工学院,207最帅,1,319
2022,1,1690,长沙理工大学,登峰造极队,1,326
2022,1,1691,山东工商学院,茶话会,1,332
2022,1,1691,吉首大学,凌峰,1,332
2022,1,1693,嘉应学院,黄金矿工,1,336
2022,1,1694,安徽工业大学,星辰花海,1,338
2022,1,1695,南阳师范学院,有点wa队,1,341
2022,1,1696,淮北师范大学,代码敲不队,1,343
2022,1,1697,广东海洋大学,究极白给,1,345
2022,1,1698,哈尔滨商业大学,练习编程两年半的她还未嫁我在等等纳西索斯,1,353
2022,1,1699,山东工商学院,harmoniou s,1,354
2022,1,1700,广州城市理工学院,不知道什么队,1,369
2022,1,1701,南昌航空大学,勉强签到队,1,394
2022,1,1702,哈尔滨华德学院,番茄炒蛋,1,395
2022,1,1702,湖南工学院,突然组了队,1,395
2022,1,1704,山东工商学院,wawa自动机,1,410
2022,1,1705,长春理工大学,北冥,1,447
2022,1,1706,中原工学院,什么都队>,1,449
2022,1,1707,广东金融学院,薄纱流,1,462
2022,1,1708,南阳师范学院,清蒸皮卡丘,1,464
2022,1,1709,江西理工大学,新建二中黑马队,1,477
2022,1,1710,福建工程学院,Kid Want Crown,1,481
2022,1,1711,莆田学院,雷,1,490
2022,1,1712,乐山师范学院,佛祖保佑,1,507
2022,1,1713,广东财经大学,说不定对队,1,511
2022,1,1714,西南民族大学,桂花同载酒,1,531
2022,1,1715,浙江万里学院,菜鸟队,1,697
2022,1,1716,湖州师范学院,ZJHU_三元二次方程组,1,926
2022,1,,安徽师范大学,OrzOrzOrz,0,0
2022,1,,重庆大学,volatile,0,0
2022,1,,西南大学,摆烂很不队,0,0
2022,1,,沈阳航空航天大学,mmp,0,0
2022,1,,南昌航空大学,混就完事了,0,0
2022,1,,四川信息职业技术学院,三人行,0,0
2022,1,,江西财经大学,loop,0,0
2022,1,,南京工业大学,假装摆烂堆,0,0
2022,1,,沈阳化工大学,只会做梦,0,0
2022,1,,南京信息工程大学,横看成A侧成WA,0,0
2022,1,,沈阳化工大学,莽一波,0,0
2022,1,,南京工业大学,只想赢一场,0,0
2022,1,,北华大学,你让我怎么荔枝,0,0
2022,1,,广东东软学院,答对题就算成功,0,0
2022,1,,内蒙古师范大学,WNX,0,0
2022,1,,贵州工程应用技术学院,啊对对队,0,0
2022,1,,南昌理工学院,银定了,0,0
2022,1,,沈阳化工大学,不会wa对不队,0,0
2022,1,,河南大学,你说的都对队,0,0
2022,1,,北华大学,带成队,0,0
2022,1,,江西财经大学,芝士小飞棍,0,0
2022,1,,宁波工程学院,暴力出奇迹,0,0
2022,1,,贵州工程应用技术学院,汪汪队,0,0
2022,1,,沈阳化工大学,YES,0,0
2022,1,,重庆大学,拿下一道就是胜利,0,0
2022,1,,湖南科技学院,夜航,0,0
2022,1,,中国民航大学,深藏blue,0,0
2022,1,,黑龙江工程学院,冰淬凉琦,0,0
2022,1,,淮北师范大学,你干嘛哎呦,0,0
2022,1,,山东财经大学,杰哥不要嘛,0,0
2022,1,,湖南工学院,四级会过对不队,0,0
2022,1,,河南财政金融学院,MAKABAK A,0,0
2022,1,,山东科技大学(泰安校区),无敌暴力战士队,0,0
2022,1,,青岛农业大学,你过来啊,0,0
2022,1,,南昌理工学院,哆啦AK梦,0,0
2022,1,,河北经贸大学,重启征途,0,0
2022,1,,哈尔滨理工大学,HRBUST20 22ICPCY1,0,0
2022,1,,新疆大学,zzz,0,0
2022,1,,浙江工商大学,芝士理塘,0,0
2022,1,,金华职业技术学院,享受爆零快乐,0,0
2022,1,,广州南方学院,Fury,0,0
2022,1,,济南大学,每一题都队,0,0
2022,1,,重庆工程学院,犇犇,0,0
2022,1,,邵阳学院,交的都会队,0,0
2022,1,,贵州工程应用技术学院,如鱼得水,0,0
2022,1,,黄淮学院,旭日初升,0,0
2022,1,,沈阳化工大学,今天ac了对不队,0,0
2022,1,,贵州工程应用技术学院,一起去旅行,0,0
2022,1,,北华大学,特技打铁选手,0,0
2022,1,,大连东软信息学院,3==NULL,0,0
2022,1,,南昌航空大学,薄纱叩,0,0
2022,1,,齐鲁工业大学,农夫山泉队,0,0
2022,1,,上海第二工业大学,sspu上大分,0,0
2022,1,,内蒙古师范大学,三阳开泰,0,0
2022,1,,衡阳师范学院,应该不会队,0,0
2022,1,,安徽工业大学,皮蛋瘦肉粥,0,0
2022,1,,西南科技大学,就叫摸鱼摸完继续摸,0,0
2022,1,,山东大学,日冕环流,0,0
2022,1,,肇庆学院,北岭十队,0,0
2022,1,,浙江机电职业技术学院,雨夜带刀,0,0
2022,1,,徐州工程学院,徐工六队,0,0
2022,1,,沈阳航空航天大学,我天,0,0
2022,1,,湖州师范学院,zjhu_练习时长两年半,0,0
2022,1,,浙江工商大学,四队,0,0
2022,1,,内蒙古师范大学,SUPERIMN U,0,0
2022,1,,湖南第一师范学院,"总会AC的,不是嘛?",0,0
2022,1,,肇庆学院,北岭十一队,0,0
2022,1,,徐州工程学院,爱咋咋地,0,0
2022,1,,安徽财经大学,k一题吧不想坐牢,0,0
2022,1,,南昌理工学院,好丽友,0,0
2022,1,,天津仁爱学院,农夫三题,0,0
2022,1,,赣南医学院,AKDUI,0,0
2022,1,,沈阳化工大学,哈哈哈肯定行,0,0
2022,1,,肇庆学院,北岭八队,0,0
2022,1,,安徽工业大学,群英汇队,0,0
2022,1,,河南科技大学,HAUST_11,0,0
2022,1,,成都理工大学工程技术学院,白马?定叫他有来无回!,0,0
2022,1,,浙江财经大学,浙财七队,0,0
2022,1,,北华大学,宇宙无敌菜鸟队,0,0
2022,1,,宁波工程学院,yrf,0,0
2022,1,,中央民族大学,提交什么都队,0,0
2022,1,,南京信息工程大学,赋歌为悟世,0,0
2022,1,,河海大学,理直气壮的f w,0,0
2022,1,,四川信息职业技术学院,不知道取什么名队,0,0
2022,1,,韩山师范学院,满级队,0,0
2022,1,,沈阳化工大学,马上就要超过上一队,0,0
2022,1,,沈阳航空航天大学,打铁小分队,0,0
2022,1,,兰州大学,全靠别的队,0,0
2022,1,,济南大学,精神小伙队,0,0
2022,1,,海南科技职业大学,Icpc初体验,0,0
2022,1,,北京化工大学,我觉得OK,0,0
2022,1,,西南大学,Fujian-Strive,0,0
2022,1,,上海海洋大学,大马哈鱼队,0,0
2022,1,,湖南农业大学东方科技学院,A,0,0
2022,1,,韶关学院,开心就好,0,0
2022,1,,兰州大学,双枪李向阳大队,0,0
2022,1,,中国人民解放军陆军工程大学,程序设计萌新,0,0
2022,1,,江西财经大学,直挂云帆济沧海,0,0
2022,1,,青岛科技大学,我爱嘉然队,0,0
2022,1,,嘉应学院,TeamC,0,0
2022,1,,江西理工大学,雄伟喵,0,0
2022,1,,北京化工大学,int牛马队,0,0
2022,1,,华东交通大学,签到队,0,0
2022,1,,辽宁大学,万里阳光,0,0
2022,1,,青岛科技大学,泛彼柏舟,0,0
2022,1,,南阳师范学院,芝士蒟蒻,0,0
2022,1,,青岛农业大学,Dream is possible,0,0
2022,1,,西藏民族大学,西藏民族大学,0,0
2022,1,,江西财经大学,突击小分队,0,0
2022,1,,南京工业大学,波涛飞扬,0,0
2022,1,,贵州民族大学,芝士WA,0,0
2022,1,,河南财政金融学院,依古比古,0,0
2022,1,,南阳师范学院,AWNB,0,0
2022,1,,西安石油大学,WA尝试AC,0,0
2022,1,,浙江财经大学,美少女战队,0,0
2022,1,,安徽工业大学,安工大214,0,0
2022,1,,广州城市理工学院,晴朝镔马俑,0,0
2022,1,,中国人民解放军陆军工程大学,中流击水队,0,0
2022,1,,河北经贸大学,小彗星,0,0
2022,1,,河北经贸大学,玛玛哈哈队,0,0
2022,1,,河北师范大学,fighting,0,0
2022,1,,南阳师范学院,这题也做不,0,0
2022,1,,中国矿业大学,T934,0,0
2022,1,,兰州理工大学,米斯特艾队,0,0
2022,1,,南京航空航天大学,不是双端队列,0,0
2022,1,,北华大学,BHU,0,0
2022,1,,内蒙古师范大学,你说的都队,0,0
2022,1,,山东科技大学(泰安校区),憨楞胖肚,0,0
2022,1,,中原工学院,烤肠,0,0
2022,1,,中国民航大学,试试水温对不队,0,0
2022,1,,哈尔滨商业大学,ikun,0,0
2022,1,,齐鲁工业大学,松鼠不吃肉,0,0
2022,1,,佛山科学技术学院,样例又队,0,0
2022,1,,南昌理工学院,小废棍来咯,0,0
2022,1,,江苏大学,江大三队,0,0
2022,1,,同济大学,一道题都做不队,0,0
2022,1,,南昌航空大学,青青草原队,0,0
2022,1,,内蒙古师范大学,一元二次方程组,0,0
2022,1,,嘉应学院,Big 3,0,0
2022,1,,泰州学院,WL队,0,0
2022,1,,长江师范学院,就是不会,0,0
2022,1,,湖南工学院,羊村守护者,0,0
2022,1,,南京工业大学,队名不知道叫啥,0,0
2022,1,,中央民族大学,起名字真难队,0,0
2022,1,,闽南师范大学,你是爱我的对不队,0,0
2022,1,,上海海洋大学,必AC,0,0
2022,1,,湖北第二师范学院,重在参与小队,0,0
2022,1,,安徽财经大学,南波万队,0,0
2022,1,,徐州工程学院,while四舍五入就是AK,0,0
2022,1,,盐城工学院,小巷清风,0,0
2022,1,,中国地质大学(武汉),薛定谔的AC,0,0
2022,1,,湖南第一师范学院,调试成功,0,0
2022,1,,安徽财经大学,三个顶两,0,0
2022,1,,北京化工大学,海底小纵队,0,0
2022,1,,安徽财经大学,AC123,0,0
2022,1,,西安欧亚学院,ACM也就图一乐,0,0
2022,1,,南阳师范学院,Forthree,0,0
2022,1,,青岛农业大学海都学院,啊对对队,0,0
2022,1,,江西科技学院,清影耀阳,0,0
2022,1,,浙江广厦建设职业技术大学,天机队,0,0
2022,1,,四川信息职业技术学院,下北泽管道疏通小队,0,0
2022,1,,邵阳学院,宇宙无敌霸王龙神,0,0
2022,1,,北华大学,打铁就紫砂,0,0
2022,1,,沈阳航空航天大学,三小只,0,0
2022,1,,韶关学院,X源,0,0
2022,1,,北华大学,x,0,0
2022,1,,厦门理工学院,Mioinir/雷神之锺,0,0
2022,1,,河南科技大学,HAUST_9,0,0
2022,1,,邵阳学院,啊对对对对队,0,0
2022,1,,辽宁大学,东北弱旅,0,0
2022,1,,天津工业大学,大聪明不相信眼泪,0,0
2022,1,,沈阳航空航天大学,我也想AC,0,0
2022,1,,南昌理工学院,不知道什么队,0,0
2022,1,,湖南科技学院,所以爱会消失对不,0,0
2022,1,,南阳师范学院,Warriors,0,0
2022,1,,广东工业大学揭阳校区,Aurora,0,0
2022,1,,浙江科技学院,芝士猞猁,0,0
2022,1,,四川信息职业技术学院,对不,0,0
2022,1,,金华职业技术学院,我没意见,0,0
2022,1,,泰州学院,三个臭皮匠,0,0
2022,1,,兰州大学,海底小纵队,0,0
2022,1,,山东科技大学(泰安校区),完了全WA了,0,0
2022,1,,长春理工大学,小黑子,0,0
2022,1,,南昌理工学院,你说啥都队,0,0
2022,1,,南阳师范学院,向前冲,0,0
2022,1,,广东金融学院,想要AC队,0,0
2022,1,,广东工业大学,打铁队,0,0
2022,1,,哈尔滨商业大学,水题都AC,0,0
2022,1,,山东财经大学,北大落榜生交流队,0,0
2022,1,,成都理工大学工程技术学院,嘎嘎,0,0
2022,1,,平顶山学院,自习室卷心菜,0,0
2022,1,,山东工商学院,啊对对对队,0,0
2022,1,,辽宁大学,多米诺,0,0
2022,1,,广东理工学院,蓝桥杯拿5分能得金牌吗,0,0
2022,1,,西北师范大学,comingho me,0,0
2022,1,,内蒙古师范大学,剑走偏锋队,0,0
2022,1,,南昌理工学院,我也不想摆,0,0
2022,1,,西北大学,西帶最菜の伝説WA自動機,0,0
2022,1,,安徽财经大学,不摆了,0,0
2022,1,,肇庆学院,北岭九队,0,0
2022,1,,西藏民族大学,椿去湫来,0,0
2022,1,,陕西科技大学,HelloWorl d,0,0
2022,2,1,北京大学,重生之我是菜狗,12,1236
2022,2,2,清华大学,青蛙市中心,12,1245
2022,2,3,北京大学,大黄鸭信徒,12,1426
2022,2,4,北京大学,摆烂人,12,1634
2022,2,5,浙江大学,Solitary Dream,12,1803
2022,2,6,南京邮电大学,njupt22tea m01,11,1434
2022,2,7,清华大学,运气选手走不远的,11,1439
2022,2,8,南京大学,triple_dog s,10,926
2022,2,9,中南大学,明日之风的三重奏,10,963
2022,2,10,浙江大学,幽灵门槛,10,1095
2022,2,11,浙江大学,nameless story,10,1120
2022,2,12,上海交通大学,银色子弹,10,1154
2022,2,13,浙江大学,Untitled1,10,1187
2022,2,14,北京大学,寄点自由,10,1225
2022,2,15,中山大学,中山大学_破晓,10,1232
2022,2,16,暨南大学,Reimei,10,1258
2022,2,17,清华大学,AFO Chicken Express,10,1333
2022,2,18,清华大学,"写得不好,草草睡辽",10,1377
2022,2,19,中国科学技术大学,罚时要罚到无穷,10,1484
2022,2,20,北京航空航天大学,欺负人没有数理基础?,9,735
2022,2,21,南京大学,Unreal Eventide,9,804
2022,2,22,浙江大学,江莉铁粉,9,827
2022,2,23,北京大学,淹园外被鸽的鸽子,9,874
2022,2,24,清华大学,"城封了榜封了我也疯了city locked down,scoreboar d frozen and me driven mad",9,914
2022,2,25,兰州大学,一个猜想不一定对,9,964
2022,2,26,华中科技大学,偏远小渔村传统弱校,9,982
2022,2,27,上海交通大学,梦想天生,9,1007
2022,2,28,天津大学,文化先和初中生同步,9,1021
2022,2,29,西安电子科技大学,辛几何旋律,9,1047
2022,2,30,中国科学技术大学,永远起不出来,9,1063
2022,2,31,清华大学,邦邦锵,9,1066
2022,2,32,北京大学,cxk,9,1117
2022,2,33,中国科学技术大学,Firezox,9,1138
2022,2,34,吉林大学,Nan 上加Nan,9,1139
2022,2,35,浙江大学,Billboard for Rent,9,1152
2022,2,36,南方科技大学,SUSTech_One,9,1173
2022,2,37,复旦大学,天体交织,9,1177
2022,2,38,浙江大学,Marry You Next Time,9,1201
2022,2,39,武汉理工大学,树上猫猫虫,9,1208
2022,2,40,清华大学,时来运转观光团,9,1243
2022,2,41,哈尔滨工业大学,蛤工业10队,9,1247
2022,2,42,北京大学,找不到该队,9,1250
2022,2,43,北京航空航天大学,沃尔沃夫,9,1256
2022,2,44,上海交通大学,柳,9,1258
2022,2,45,武汉大学,删点引猹,9,1277
2022,2,46,北京大学,我们队名叫啥啊,9,1471
2022,2,47,中国科学技术大学,丝路市西套村代表队,8,585
2022,2,48,湖南大学,金色传说,8,606
2022,2,49,南方科技大学,SUSTech_T wo,8,622
2022,2,50,北京理工大学,ddl战神,8,643
2022,2,51,华中科技大学,Astesia,8,662
2022,2,52,南京大学,黎明觉醒,8,682
2022,2,53,北京师范大学,内测度,8,685
2022,2,54,华中师范大学,烧冻鸡翅,8,693
2022,2,55,香港中文大学(深圳),巴克利,8,735
2022,2,56,上海交通大学,风乎舞雩,8,737
2022,2,57,浙江师范大学,猫猫把妖怪抓走了,8,745
2022,2,58,吉林大学,柴郡猫猫QuQ,8,748
2022,2,59,北京航空航天大学,"大吉大利,今晚吃mian()",8,752
2022,2,60,上海交通大学,All-in at the River,8,767
2022,2,61,浙江大学,°瀙愛dē灿丶王,8,782
2022,2,62,南京大学,Meteors,8,786
2022,2,63,哈尔滨工业大学(深圳),冰糖屋,8,793
2022,2,64,北京航空航天大学,起床困难综合症,8,794
2022,2,65,北京邮电大学,三只蒟蒻,8,831
2022,2,66,南京理工大学,立一摸断平三色猫猫头,8,842
2022,2,67,南京大学,南小鸟,8,847
2022,2,68,哈尔滨工程大学,WA自动机Fail树上建可持久化RE树,8,853
2022,2,69,电子科技大学,UESTC_Gu est_WiFi,8,858
2022,2,70,浙江大学,Abracadab ra,8,867
2022,2,71,香港浸会大学,我不想学辣,8,872
2022,2,72,哈尔滨工业大学(威海),行雲流水,8,874
2022,2,73,东南大学,我过了样例,8,877
2022,2,74,中山大学,啊怼对队,8,888
2022,2,75,电子科技大学,UESTC_Mu lti_Infinite,8,889
2022,2,76,北京大学,睿睿过年写lct,8,898
2022,2,77,哈尔滨工程大学,下北泽沼气动力学园学园偶像同好会兼恋恋的信仰者教团改二,8,908
2022,2,78,哈尔滨工业大学,魂魄,8,909
2022,2,79,中国石油大学(华东),白铃女子学院,8,915
2022,2,80,北京大学,老年旅游队,8,922
2022,2,81,中国科学院大学,骑士与龙,8,923
2022,2,82,华东理工大学,想队名比过题还难,8,933
2022,2,83,中南大学,摸鱼自动机,8,945
2022,2,84,香港中文大学(深圳),\*( ^w^)*/,8,961
2022,2,85,哈尔滨工业大学(深圳),删库跑路,8,966
2022,2,86,东南大学,退役老狗,8,983
2022,2,87,南京大学,六只手都在摸鱼,8,986
2022,2,88,华中科技大学,tarjan lusa,8,991
2022,2,89,北京建筑大学,卡其脱离太,8,999
2022,2,90,北京邮电大学,珊瑚宫心海,8,1003
2022,2,91,浙江师范大学,你不是一个人,8,1004
2022,2,92,北京交通大学,相遇天使,8,1005
2022,2,93,中国科学技术大学,USTC摸鱼队,8,1008
2022,2,94,厦门大学,柳下桃蹊,8,1012
2022,2,95,中山大学,中山大学_破空之势,8,1020
2022,2,95,深圳大学,Emanatry,8,1020
2022,2,97,湘潭大学,XTU_朗·谢菲尔德船长,8,1022
2022,2,98,南京信息工程大学,跟不上榜,8,1031
2022,2,99,厦门大学,点分治分点,8,1039
2022,2,100,南京大学,admax,8,1041
2022,2,101,山东大学,梦天使,8,1047
2022,2,102,电子科技大学,UESTC_篝月明火,8,1049
2022,2,103,太原理工大学,为嘛黄瓜绿,8,1050
2022,2,104,湖南师范大学,咖啡猫,8,1051
2022,2,105,上海交通大学,吸风饮露,8,1052
2022,2,106,北京航空航天大学,玄学过题,8,1060
2022,2,107,中山大学,中山大学_为什么这么早要定队名,8,1063
2022,2,108,中国科学技术大学,喵科肥肥,8,1066
2022,2,109,上海交通大学,strcat,8,1067
2022,2,109,华中科技大学,小萝卜的消费队,8,1067
2022,2,111,香港大学,HKU,8,1077
2022,2,112,武汉大学,背对背拥抱,8,1085
2022,2,113,东北大学,NEU_nullp tr,8,1088
2022,2,114,浙江工商大学,希望代码一次敲队,8,1090
2022,2,114,山东大学,追光者,8,1090
2022,2,116,浙江师范大学,二手摩托,8,1092
2022,2,117,同济大学,达拉崩吧班德贝迪卜多比鲁翁,8,1098
2022,2,118,福州大学,卡绒熊,8,1111
2022,2,119,东北大学,NEU_HOLI C,8,1114
2022,2,119,武汉理工大学,不会计数怎么办,8,1114
2022,2,121,青岛科技大学,黑尾鸥,8,1116
2022,2,122,华中科技大学,流汗猫虫,8,1124
2022,2,123,香港中文大学(深圳),"龙大相遇,快乐划水",8,1126
2022,2,123,北京交通大学,都行,8,1126
2022,2,125,华东师范大学,东方homo馆,8,1137
2022,2,126,哈尔滨工业大学,上海紅茶館,8,1140
2022,2,127,华中科技大学,华小科你带我走吧,8,1146
2022,2,128,武汉大学,mikumiku mi,8,1153
2022,2,129,济南大学,九天春雪,8,1154
2022,2,130,山东大学,大黑狗奶糖,8,1157
2022,2,131,华中科技大学,世界一流大专.top,8,1159
2022,2,132,中国科学技术大学,只会打暴力,8,1176
2022,2,133,电子科技大学,UESTC_Ha ppyCodin gLife,8,1183
2022,2,134,哈尔滨工业大学,明日夜空哨戒班,8,1186
2022,2,134,贵州大学,小黑子,8,1186
2022,2,134,山东大学,我们 iy 不惹事也不怕事,8,1186
2022,2,137,福州大学,东北饺子馆_NEDP,8,1189
2022,2,138,深圳大学,twilight illusion,8,1191
2022,2,139,南京大学,圆狗后援团,8,1197
2022,2,140,浙江工业大学,Insomniac,8,1201
2022,2,141,四川大学,None,8,1236
2022,2,142,北京理工大学,阿夸滑滑蛋喝冰红茶,8,1244
2022,2,142,中山大学,SYSU_6:AK Farmer,8,1244
2022,2,144,哈尔滨工业大学,啊对对对,8,1245
2022,2,145,北京理工大学,为什么你们这么熟练啊,8,1246
2022,2,146,南方科技大学,SUSTech_F ive,8,1250
2022,2,147,哈尔滨工业大学(威海),顺锋起笔,8,1254
2022,2,148,哈尔滨工业大学,马斯格雷夫礼典,8,1269
2022,2,149,南京大学,不卡壳的旋转卡壳,8,1279
2022,2,150,江西师范大学,ero automato n,8,1280
2022,2,151,清华大学,第617页,8,1283
2022,2,152,西安交通大学,怎么会是呢?,8,1287
2022,2,153,北京交通大学,真有那么难吗?!,8,1288
2022,2,154,浙江工商大学,键盘滚脸,8,1297
2022,2,155,南方科技大学,SUSTech_F our,8,1302
2022,2,156,武汉大学,樱大轻音部,8,1306
2022,2,157,南京航空航天大学,在ICPC中寻求WA并没有搞错什么,8,1314
2022,2,158,哈尔滨理工大学,HRBUST20 22ICPCY8,8,1319
2022,2,159,东南大学,咕噜咕噜,8,1325
2022,2,160,四川大学,刀削面的疲倦,8,1331
2022,2,161,天津大学,归零,8,1371
2022,2,162,哈尔滨工业大学(深圳),机房老人,8,1382
2022,2,163,南京大学,钟山风雨,8,1393
2022,2,164,四川大学,差分约束做不队,8,1411
2022,2,165,浙江工业大学,地球猫猫,8,1426
2022,2,166,清华大学,未名湖北路特一号,8,1445
2022,2,167,重庆邮电大学,这是你的捍WA者,8,1468
2022,2,168,重庆邮电大学,吃,8,1500
2022,2,169,中山大学,破败军团,8,1586
2022,2,170,安徽大学,融合巨怪,8,1630
2022,2,171,电子科技大学,UESTC_Ho rizon,7,586
2022,2,172,西安交通大学,TidalBore,7,649
2022,2,173,杭州电子科技大学信息工程学院,信工一队,7,684
2022,2,174,中国科学技术大学,Redstone Repeater,7,695
2022,2,175,北京航空航天大学,XCPC的奇妙冒险,7,723
2022,2,176,中山大学,中山大学-版本之子,7,747
2022,2,177,上海交通大学,破晓狂想曲,7,751
2022,2,178,复旦大学,刻耳柏洛斯,7,755
2022,2,179,浙大城市学院,来杯拿铁,7,768
2022,2,180,兰州大学,真没睡,7,782
2022,2,181,上海交通大学,云影徘徊,7,783
2022,2,182,山东大学,蔡就练习两年半,7,801
2022,2,183,郑州大学,NANA,7,845
2022,2,184,北京航空航天大学,fire and blood,7,849
2022,2,185,北京理工大学,去马车整点挂件,7,850
2022,2,186,宁波大学,NBU十九队,7,859
2022,2,187,北京交通大学,白夜追风,7,865
2022,2,188,复旦大学,快速毛茸茸变换,7,869
2022,2,189,中山大学,中山大学_无限,7,870
2022,2,190,电子科技大学,UESTC_Bro force,7,871
2022,2,191,武汉大学,放学后茶会,7,885
2022,2,192,国防科技大学,万有引力号,7,890
2022,2,193,中国科学技术大学,中科大少女班,7,892
2022,2,194,南昌航空大学,到底叫啥2.0,7,923
2022,2,195,中国计量大学,你所热爱的,7,937
2022,2,196,北京理工大学,凉心做题人,7,944
2022,2,197,苏州大学,Blowback,7,949
2022,2,198,华东师范大学,签到题破防,7,952
2022,2,199,广东工业大学,强力去污粉,7,956
2022,2,200,苏州大学,金闪闪,7,957
2022,2,201,北方工业大学,好坏小姐,7,960
2022,2,202,浙江大学,Duckforce s,7,974
2022,2,203,浙江大学,Three AFOers,7,978
2022,2,204,南方科技大学,SUSTech_S even,7,991
2022,2,205,福州大学,热带风味冰红茶,7,1002
2022,2,206,哈尔滨工业大学(深圳),请求起飞,7,1007
2022,2,207,杭州师范大学,鹤望兰,7,1010
2022,2,208,山东大学(威海),npm牌起重机,7,1015
2022,2,209,山东理工大学,Ginger_AK_2022_ICP C_Online_Contest,7,1017
2022,2,210,合肥工业大学宣城校区,大的要来了,7,1022
2022,2,211,华中科技大学,fufu吃大米,7,1039
2022,2,212,安徽大学,三条可怜,7,1041
2022,2,213,中山大学,中山大学_精神错乱,7,1050
2022,2,213,西安交通大学,SonicYout h,7,1050
2022,2,215,深圳大学,SZU_Jianbi nQin,7,1054
2022,2,216,福建师范大学,夜幕降临,7,1057
2022,2,217,华中科技大学,team038,7,1062
2022,2,218,南京邮电大学,njupt22tea m05,7,1072
2022,2,219,电子科技大学,UESTC_喵喵拳,7,1080
2022,2,220,浙大城市学院,游客,7,1090
2022,2,221,南京大学,Relife,7,1095
2022,2,222,西安电子科技大学,乱码小飞船,7,1096
2022,2,223,中国地质大学(北京),肆零肆,7,1102
2022,2,224,西北农林科技大学,下次一定换个二次元队名,7,1104
2022,2,225,广州大学,负负得正,7,1105
2022,2,226,浙江大学,anti-omega evolution,7,1107
2022,2,227,浙江工业大学,铁华团,7,1111
2022,2,228,西北工业大学,"只能说,啊,该摸了",7,1113
2022,2,229,合肥工业大学,还没学会,7,1125
2022,2,230,四川大学,树上莫队,7,1129
2022,2,230,南京航空航天大学,幺鸡小分队,7,1129
2022,2,232,哈尔滨工业大学(深圳),骗分大队,7,1139
2022,2,233,四川大学,基本无害,7,1142
2022,2,233,福州大学,我队友什么时候上紫捏,7,1142
2022,2,235,浙江师范大学,前进四,7,1144
2022,2,236,国防科技大学,蓝色空间号,7,1149
2022,2,236,长沙理工大学,干饭第一名,7,1149
2022,2,238,浙江理工大学,海超人大洋游侠和隐形船,7,1158
2022,2,239,复旦大学,有向无环图状数组,7,1164
2022,2,240,北京交通大学,凑不出一摩拉,7,1171
2022,2,241,中国人民大学,嘉然今天创什么,7,1179
2022,2,242,北京航空航天大学,我不知道.png,7,1180
2022,2,243,中国科学技术大学,freedive,7,1189
2022,2,243,南京大学,菜根队,7,1189
2022,2,245,西安电子科技大学,超额剩余价值,7,1196
2022,2,246,武汉大学,旺旺碎冰冰,7,1199
2022,2,247,中国科学技术大学,樱吹雪,7,1211
2022,2,248,广西大学,退休不退役,7,1218
2022,2,249,天津工业大学,专注分母二十年,7,1221
2022,2,250,南方科技大学,SUSTech_T hree,7,1226
2022,2,251,广州大学,啊对对对,7,1228
2022,2,252,电子科技大学,UESTC_Bla ck_Mage,7,1247
2022,2,253,哈尔滨工业大学(深圳),哈工生产大队,7,1257
2022,2,254,南京邮电大学,njupt22tea m02,7,1259
2022,2,255,浙江财经大学,秃如其来,7,1260
2022,2,256,东北大学秦皇岛分校,NEUQ-SCJ,7,1280
2022,2,257,湖南大学,中部玄驹,7,1284
2022,2,258,合肥工业大学,队伍名健康积极向上,7,1321
2022,2,258,西安电子科技大学,嘤嘤嘤,7,1321
2022,2,260,长春理工大学,一次就好,7,1328
2022,2,261,东北大学,NEU_遇到困难睡大觉,7,1337
2022,2,262,上海理工大学,胡学长像阿尼亚一样可爱,7,1340
2022,2,263,武汉大学,转生成ACM打铁选手又怎样,7,1346
2022,2,264,燕山大学,塔山之巅,7,1351
2022,2,265,中国科学院大学,名字随便取,7,1356
2022,2,266,西湖大学,Westlake,7,1372
2022,2,267,山东理工大学,Ginger Fan ClubI,7,1478
2022,2,268,南京大学,林间雨月,7,1518
2022,2,269,电子科技大学,UESTC_Bet aCode,7,1596
2022,2,270,中山大学,中山大学_攻城狮,7,1647
2022,2,271,昆山杜克大学,Blue Devils?Green Devils?Hackers from Hell?,7,1667
2022,2,272,中国人民大学,歌词,7,1748
2022,2,273,哈尔滨工业大学(深圳),问就是你队,6,553
2022,2,274,东北大学秦皇岛分校,小饼卷大葱,6,616
2022,2,274,重庆大学,智力9,6,616
2022,2,276,上海理工大学,立直Dora7,6,648
2022,2,277,西南交通大学,躺着数钱,6,656
2022,2,278,辽宁大学,银虬,6,665
2022,2,279,浙江科技学院,重庆鸡公煲,6,667
2022,2,280,清华大学,华清大学宇宙舰队,6,679
2022,2,281,西南大学,西南大学1队,6,687
2022,2,282,北京理工大学,KernelPani c,6,691
2022,2,283,四川大学,早八208,6,702
2022,2,284,西北大学,摸鱼读假题写bug演队友,6,706
2022,2,285,吉林大学,黑化肥挥发发灰会花飞,6,728
2022,2,286,郑州大学,我从未离去,6,729
2022,2,287,成都理工大学,文火鸽子汤,6,730
2022,2,288,北京理工大学,“因为报得太晚队名被抢走了”,6,734
2022,2,289,东莞理工学院,想好队名了吗,6,738
2022,2,290,中国地质大学(武汉),背着队友偷偷wa题,6,745
2022,2,291,北京交通大学,童鹤鸣松,6,746
2022,2,292,重庆大学,急先锋,6,757
2022,2,293,浙大城市学院,226寝室长去考研了,6,767
2022,2,294,长春理工大学,To The Moon,6,780
2022,2,295,杭州师范大学,三众全灰,6,782
2022,2,296,西安电子科技大学,机随乱打,6,784
2022,2,296,南京大学,荆棘黄昏,6,784
2022,2,296,中国科学技术大学,UKE,6,784
2022,2,299,南方科技大学,SUSTech_E ight,6,790
2022,2,300,电子科技大学,UESTC_Rev erse,6,791
2022,2,301,浙江农林大学,翻斗幼儿园老年班,6,816
2022,2,302,南京信息工程大学,流水线车间,6,817
2022,2,303,东北农业大学,"打ACM两年,罚坐治好了我的电子杨伟",6,831
2022,2,304,湖南科技大学,喵喵队也要拿出真本事,6,832
2022,2,305,山东大学,我猜你不猜我猜不猜你猜不猜,6,839
2022,2,306,湖南文理学院,三个人,6,843
2022,2,307,西安交通大学,"写都写了,交一发吧",6,848
2022,2,308,山东理工大学,Ginger Fan Club II,6,856
2022,2,309,武昌理工学院,雅沙西,6,858
2022,2,310,暨南大学,__菜鸟分割线__,6,860
2022,2,310,河南农业大学,甜牛奶店,6,860
2022,2,312,常熟理工学院,deadline抛光机,6,863
2022,2,313,桂林电子科技大学,无名之辈,6,873
2022,2,314,北京交通大学,届不到的AC,6,896
2022,2,315,广东工业大学,金缕衣,6,897
2022,2,315,中国科学院大学,果壳家的龙ACMer,6,897
2022,2,317,河北师范大学,黎明之光,6,902
2022,2,318,中国人民大学,"吾等戮力同心,定能回天转日!",6,907
2022,2,319,北京化工大学,打不过就哭哭,6,912
2022,2,320,宁波大学,风起邀约,6,913
2022,2,321,西安电子科技大学,栀子花,6,914
2022,2,322,同济大学,无紫不行,6,930
2022,2,323,四川大学,面向出题人暴力编程,6,933
2022,2,324,天津大学,"180天了,还没改名",6,946
2022,2,325,电子科技大学,UESTC_Iro n_Medal,6,958
2022,2,326,南京邮电大学,njupt22tea m06,6,960
2022,2,326,北京大学,啊对对队,6,960
2022,2,328,浙江农林大学,Restart,6,962
2022,2,329,吉林大学,H-Z-J树,6,964
2022,2,330,浙江大学,啊对对队,6,968
2022,2,331,台州学院,沧浪之水,6,980
2022,2,332,浙江师范大学,贪心,6,983
2022,2,333,南开大学,ddw号银河战舰,6,985
2022,2,334,电子科技大学,UESTC_404,6,986
2022,2,335,湖南警察学院,挣脱牢笼,6,1005
2022,2,336,湘潭大学,XTU_02,6,1008
2022,2,337,同济大学,长日将尽,6,1012
2022,2,338,江南大学,投个骰子吧,6,1020
2022,2,339,湖南师范大学,顺着网线打比赛,6,1022
2022,2,340,北京科技大学,USTB-1,6,1023
2022,2,341,河南大学,IEEE754,6,1027
2022,2,342,福州大学,奇遇,6,1035
2022,2,343,大连大学,罗刹师,6,1040
2022,2,343,郑州轻工业大学,静止傅立叶变换,6,1040
2022,2,345,河北工业大学,uzz 可爱w,6,1051
2022,2,345,浙江大学,Flaming Tomatoes,6,1051
2022,2,347,北京林业大学,好潮如评,6,1056
2022,2,348,北京理工大学,蒟蒻观光,6,1068
2022,2,349,浙江农林大学,这个彬彬交题超勇的,6,1078
2022,2,350,复旦大学,正在缓冲,6,1080
2022,2,351,电子科技大学,UESTC_INn oVation,6,1084
2022,2,351,清华大学,焦哥爱吃海底捞,6,1084
2022,2,353,华东师范大学,交了的题全都队,6,1089
2022,2,354,东华大学,不可视境界线,6,1103
2022,2,355,北京理工大学,Nardack,6,1113
2022,2,356,浙江工业大学,ZJUT4,6,1114
2022,2,356,福州大学,最大费用最小流,6,1114
2022,2,358,湖南农业大学,莱茵之诗,6,1124
2022,2,359,广东工业大学,猪扒滑蛋饭,6,1135
2022,2,360,青岛大学,心甘晴愿,6,1145
2022,2,361,河海大学,Akers,6,1152
2022,2,362,福州大学,TEAM,6,1186
2022,2,363,山东师范大学,浩然今天吃了么,6,1195
2022,2,364,西安理工大学,德鲁比,6,1203
2022,2,365,西南科技大学,"发落皈依,卿容犹记",6,1238
2022,2,366,广东工业大学,猫猫吃代码,6,1258
2022,2,367,南开大学,SF,6,1265
2022,2,368,西南财经大学,bbb,6,1290
2022,2,369,厦门大学,恋剖分剖恋,6,1293
2022,2,370,华南师范大学,天江行者,6,1307
2022,2,371,苏州大学,555我的炸鸡,5,395
2022,2,372,中国科学院大学,国科大老龄观光团,5,458
2022,2,373,东北大学,NEU_lycori s,5,504
2022,2,374,哈尔滨工程大学,哈军工26块毛桃队,5,532
2022,2,375,武汉大学,三个傻瓜,5,538
2022,2,376,南昌航空大学,正在起名中,5,540
2022,2,377,南阳理工学院,卧龙凤雏得一可安天下,5,543
2022,2,378,重庆大学,cypher,5,553
2022,2,379,杭州师范大学,l0afer,5,565
2022,2,380,电子科技大学,UESTC_Ob sidians,5,566
2022,2,381,华中师范大学,fifty-fifty,5,570
2022,2,382,深圳大学,SZU_Lagra nge,5,574
2022,2,383,兰州大学,灵光乍现,5,579
2022,2,384,中国科学技术大学,0x03A2C94 0,5,582
2022,2,385,中国科学技术大学,Untitled.te am,5,583
2022,2,386,广东工业大学,顶蛙蛙,5,597
2022,2,387,浙江工业大学,ZJUT6,5,607
2022,2,388,青岛大学,( ̄o ̄) . z Z,5,611
2022,2,388,山东理工大学,无至之境,5,611
2022,2,390,北京工业大学,Anonymo us,5,619
2022,2,391,西安电子科技大学,点石成我,5,620
2022,2,392,哈尔滨工程大学,做AC梦,5,624
2022,2,393,武汉科技大学,典一份恒好喝的胡na汤,5,629
2022,2,394,华南农业大学,SCAU_Aur ora,5,640
2022,2,395,安徽大学,OVERDOS E,5,641
2022,2,396,山东科技大学,埃克塞特号,5,649
2022,2,397,同济大学,打呗,5,651
2022,2,398,福州大学,远梦聆泉,5,657
2022,2,399,绍兴文理学院,破晓,5,658
2022,2,400,南京师范大学,"这么巧,你也网上冲浪",5,662
2022,2,401,广东工业大学,遇到问题先喝茶,5,665
2022,2,402,中原工学院,"wa了,但没完全wa",5,671
2022,2,403,浙大城市学院,《天衣无缝》,5,672
2022,2,404,河海大学,基于视觉系统的高度智能的三核解题机,5,676
2022,2,405,武汉科技大学,无星之夜,5,680
2022,2,406,华中农业大学,吸金石,5,684
2022,2,407,西南科技大学,生如夏花,5,691
2022,2,408,浙江工业大学,ZJUT12,5,710
2022,2,409,成都信息工程大学,Bia,5,713
2022,2,410,吉首大学,最后的防线,5,716
2022,2,411,河北大学,河北大学云帆一队,5,717
2022,2,412,河海大学,我是最神奇的猫咪,5,718
2022,2,413,浙江农林大学暨阳学院,永昼,5,726
2022,2,414,苏州大学,韩氏空指针上可持久化雨自动机,5,732
2022,2,415,厦门大学,乐观向上,5,733
2022,2,416,武汉理工大学,猫猫虫过家家,5,735
2022,2,417,浙江工业大学,一剑霜寒十四州,5,742
2022,2,418,福州大学,气球天降,5,747
2022,2,419,北京交通大学,杰哥不要啊,5,748
2022,2,420,重庆邮电大学,阿尔托莉雅,5,751
2022,2,421,中南大学,AK是你的谎言,5,754
2022,2,422,中国科学技术大学,好好写码天天修锅,5,755
2022,2,423,河海大学,肉蛋葱鸡2,5,756
2022,2,423,安徽工程大学,刘华强买瓜,5,756
2022,2,423,东南大学,积分忘加C,5,756
2022,2,426,东南大学,神奇海螺,5,760
2022,2,427,浙江科技学院,浙科二十队,5,762
2022,2,428,重庆邮电大学,香菜凤仁鸡食不食,5,764
2022,2,429,齐鲁工业大学,说唱带专,5,768
2022,2,429,浙江理工大学,飞飞,5,768
2022,2,431,东北电力大学,HAL9002,5,773
2022,2,432,上海海事大学,上海海事大学,5,774
2022,2,433,广东工业大学,Dugtrio,5,781
2022,2,434,淮北师范大学,依古比古,5,787
2022,2,435,哈尔滨工程大学,打个郊县,5,792
2022,2,436,南京信息工程大学,生椰拿铁不拿铁,5,793
2022,2,436,湖南理工学院,GoldKilm,5,793
2022,2,438,东北大学秦皇岛分校,bug都改队,5,795
2022,2,439,华中科技大学,揭榜挂帅,5,800
2022,2,440,中国地质大学(北京),为美好的世界献上祝福!,5,804
2022,2,441,江苏科技大学,没办法,5,805
2022,2,442,江西师范大学,call of accept,5,808
2022,2,443,中国地质大学(武汉),香水有毒,5,810
2022,2,444,深圳大学,SZU_Tarja n,5,814
2022,2,445,北方工业大学,好运来,5,816
2022,2,446,西南民族大学,嗳呦你干嘛,5,817
2022,2,447,同济大学,Magia,5,826
2022,2,447,郑州轻工业大学,没有数理基础,5,826
2022,2,447,南京大学,代码猫,5,826
2022,2,450,四川大学,摸鱼小队,5,830
2022,2,451,哈尔滨工程大学,对着签到题面露难色的三人,5,832
2022,2,452,北京林业大学,奥特曼开会,5,835
2022,2,453,湖南大学,相信珂学,5,837
2022,2,454,中国科学技术大学,RAPLGM,5,841
2022,2,455,哈尔滨工业大学(深圳),AE钙奶队,5,842
2022,2,456,昆明理工大学,孤寡老人,5,850
2022,2,457,上海大学,玉兰花开,5,857
2022,2,457,山东大学,蹦蹦炸弹,5,857
2022,2,459,湖南理工学院,你很有希望,5,860
2022,2,460,华东交通大学,为爱出鸡,5,864
2022,2,461,天津大学,理中人,5,866
2022,2,462,江西师范大学,你先别急,5,869
2022,2,463,山东大学,说好不秃,5,877
2022,2,464,中国科学院大学,你说的队,5,880
2022,2,465,哈尔滨工业大学,Win Twice,5,887
2022,2,466,金华职业技术学院,如何在铁牌区拔得头筹,5,888
2022,2,466,天津大学,人菜码多,5,888
2022,2,468,电子科技大学,UESTC_no w_loading,5,889
2022,2,468,浙江理工大学,随便搞我,5,889
2022,2,470,浙江理工大学,赚钱小分队,5,892
2022,2,471,山东大学,LCS,5,894
2022,2,471,东北林业大学,线性开放,5,894
2022,2,471,浙大城市学院,逃跑太阳,5,894
2022,2,474,哈尔滨工业大学,VHero三一人,5,901
2022,2,474,深圳大学,SZU-Planck,5,901
2022,2,476,宁波大学,知世小天使请别难过喔,5,903
2022,2,476,长沙理工大学,生椰玛丽颜,5,903
2022,2,478,北京化工大学,三人两伞,5,904
2022,2,479,成都锦城学院,25时在ICPC,5,907
2022,2,480,同济大学,扫雷大队,5,918
2022,2,481,清华大学,暑假胖十斤,5,921
2022,2,482,武汉轻工大学,"赢了放烟花,输了喝可乐",5,923
2022,2,483,西安交通大学,N != NP,5,924
2022,2,484,烟台大学,伊丽莎白,5,930
2022,2,485,哈尔滨商业大学,"咦嘻嘻嘻嘻,呜呼呼呼呼,啊哈哈哈哈",5,931
2022,2,486,哈尔滨工业大学,网络热门队名鉴定,5,934
2022,2,487,中山大学,局外人,5,940
2022,2,487,天津大学,天津大学13队,5,940
2022,2,487,同济大学,欢迎来到实力主义至上的ACM,5,940
2022,2,490,西北工业大学,啊对对队,5,941
2022,2,491,中山大学,每日签到小队,5,959
2022,2,492,湖北工业大学,Random(n ame),5,966
2022,2,493,温州大学,温大1队,5,982
2022,2,494,江苏大学,闪耀之所在,5,989
2022,2,495,哈尔滨工业大学(威海),帅比队长在线征婚,5,994
2022,2,496,吉林大学,"执子之手抓饼,与子偕老干妈",5,999
2022,2,497,香港中文大学(深圳),嘉然今天吃什么,5,1013
2022,2,498,北京师范大学,SOLO,5,1015
2022,2,499,中国科学技术大学,闷声大发财,5,1023
2022,2,500,河海大学,载流子,5,1052
2022,2,501,西南大学,李易峰不队,5,1058
2022,2,502,湖州师范学院,zjhu_太湖摸鱼队,5,1071
2022,2,503,东北大学秦皇岛分校,AC快才是真的怪,5,1091
2022,2,504,河海大学,加菲喵开地狱拖拉机压冰果冻,5,1104
2022,2,505,山东大学,三人行,5,1120
2022,2,506,广东培正学院,找不到队友,5,1122
2022,2,507,深圳大学,SZU_YiWa ng,5,1150
2022,2,508,河海大学,the ABC,5,1172
2022,2,509,浙江工商大学,五百二十磅,5,1187
2022,2,510,北京化工大学,don't have a name,5,1220
2022,2,511,长沙理工大学,宝可梦之炼金术士,4,271
2022,2,512,中国民航大学,小虎队,4,362
2022,2,513,南华大学,名字就叫罚坐一场,4,372
2022,2,514,辽宁大学,奈落之底,4,378
2022,2,515,南昌大学,摆烂猫猫,4,380
2022,2,516,南京邮电大学,njupt22tea m09,4,383
2022,2,517,武汉大学,我只想多拿几个气球,4,395
2022,2,518,华南农业大学,被虐中慢慢成佛,4,396
2022,2,519,中国人民大学,揭开盒子的面纱,4,398
2022,2,520,东北师范大学,LALALA,4,407
2022,2,521,中南民族大学,tender unexchan ge tender,4,416
2022,2,522,武汉大学,渊面之上,4,417
2022,2,523,河北师范大学,美羊羊和沸羊羊,4,419
2022,2,524,中北大学,起名真麻烦,4,428
2022,2,525,西北大学,驼鹿行动,4,429
2022,2,526,沈阳化工大学,算法先和初中生同步,4,434
2022,2,527,合肥工业大学,来都来了,4,447
2022,2,528,合肥工业大学宣城校区,面向样例编程,4,449
2022,2,529,长沙学院,代码敲不,4,452
2022,2,530,沈阳理工大学,金典,4,455
2022,2,530,河海大学,黄金矿工,4,455
2022,2,532,中国计量大学,带恶人组织,4,456
2022,2,533,深圳技术大学,大~泡~炮~,4,467
2022,2,534,临沂大学,开心就好,4,470
2022,2,535,南京师范大学,计算机科学少女与少年的诗,4,479
2022,2,536,浙江中医药大学,ZCMU-一流中医药大学,4,485
2022,2,537,南京邮电大学,njupt22tea m04,4,486
2022,2,538,中国矿业大学(北京),Triumph of the warriors,4,488
2022,2,539,同济大学,RE:从零开始的ACM生活,4,489
2022,2,539,云南大学,【B限】昆明速度,4,489
2022,2,541,河南农业大学,Indigo,4,491
2022,2,541,河南大学,零异事件,4,491
2022,2,543,东南大学,玄学OI小组,4,495
2022,2,544,湖南工学院,我hmz易大山,4,496
2022,2,545,四川大学,不会的都蒙队,4,497
2022,2,546,杭州师范大学,交流猫,4,498
2022,2,547,上海科技大学,"在世界终末的降临之日,我们的字符串题被卡常了",4,500
2022,2,547,深圳技术大学,SZTU_BOO M,4,500
2022,2,549,湖南农业大学,你有什么头猪吗,4,503
2022,2,550,郑州大学,粉丝派对,4,505
2022,2,551,天津大学,Int,4,509
2022,2,551,南京理工大学,涩涩发抖,4,509
2022,2,551,西北农林科技大学,先闭眼暴力一发,4,509
2022,2,554,河海大学,Xicats,4,510
2022,2,555,华北电力大学(北京),team003,4,511
2022,2,556,武汉理工大学,你敢跟他作队,4,512
2022,2,557,北京师范大学,野指针,4,515
2022,2,558,香港城市大学,九龙塘妙妙屋,4,521
2022,2,558,兰州大学,我真不会取名啊,4,521
2022,2,560,东北师范大学,彼岸归航,4,522
2022,2,561,中国地质大学(北京),幽兰拿铁不要铁,4,524
2022,2,562,天津大学,背着队友偷偷A题,4,527
2022,2,563,青岛科技大学,与或非,4,529
2022,2,564,青岛理工大学,求求鹏飞哥不要再杀了,4,530
2022,2,565,浙大宁波理工学院,芜湖白菜鱼,4,533
2022,2,565,云南大学,iouou,4,533
2022,2,567,集美大学,"抱歉,这没有集美",4,537
2022,2,568,广西大学,钢铁是怎样炼成的,4,541
2022,2,569,浙江财经大学,寒星孤月,4,542
2022,2,569,同济大学,蓝猪,4,542
2022,2,571,东南大学,原味鸡好吃,4,548
2022,2,572,北京师范大学,猫喵妙,4,550
2022,2,573,南京理工大学,猫猫猫猫头,4,552
2022,2,574,华南师范大学,两肉一菜,4,553
2022,2,575,浙江工业大学之江学院,三人四级五百分,4,555
2022,2,576,东北大学秦皇岛分校,ACE-101,4,556
2022,2,577,南京大学,acmax,4,557
2022,2,578,长沙学院,划水大队,4,558
2022,2,578,重庆大学,Arbitrary,4,558
2022,2,580,西北工业大学,Hear Me Roar,4,560
2022,2,581,南开大学,不惹事也不怕事,4,561
2022,2,581,华中科技大学,从零开始的Acmer生活,4,561
2022,2,583,北京化工大学,订阅号,4,562
2022,2,584,北京化工大学,红绿灯,4,563
2022,2,585,燕山大学,来自东方的神秘力量,4,573
2022,2,586,中南民族大学,不吃香菜,4,574
2022,2,586,中央民族大学,送外卖的旅行商,4,574
2022,2,586,河北工业大学,先打他一块铁,4,574
2022,2,589,浙江科技学院,局外人,4,575
2022,2,590,杭州师范大学,悠米拌饭,4,577
2022,2,591,中山大学,超凡之盟,4,584
2022,2,591,西南交通大学,less is more,4,584
2022,2,593,中国科学技术大学,AC自动只因,4,586
2022,2,594,辽宁大学,萌新旅游团,4,590
2022,2,595,浙江师范大学,三只大鱼干,4,592
2022,2,595,成都信息工程大学,往日不再,4,592
2022,2,597,南京航空航天大学,航专没有开封菜,4,594
2022,2,598,同济大学,同寄,4,596
2022,2,598,南京邮电大学,njupt22tea m03,4,596
2022,2,600,齐鲁工业大学,我还寻思你能早点帮我搬下行李呢,4,597
2022,2,601,东华大学,如你超然自逸,4,598
2022,2,602,东南大学,食堂不用排队,4,603
2022,2,603,电子科技大学中山学院,CDZSC_C WL,4,604
2022,2,604,东北电力大学,HAL 3000,4,607
2022,2,605,华中师范大学,一个更好的队名,4,610
2022,2,606,浙江工业大学,ZJUT13,4,611
2022,2,607,浙大城市学院,乱拳打死老师傅,4,614
2022,2,607,江南大学,远坂凛粉丝队,4,614
2022,2,607,东北农业大学,Greedy please skip the example automatic ally,4,614
2022,2,610,东北大学秦皇岛分校,白给小分队,4,619
2022,2,611,山东大学,ACM铁匠铺 o(*≧▽≦)ツ快乐打铁人,4,626
2022,2,612,复旦大学,可持久化菜鸡,4,628
2022,2,613,吉林大学,天行,4,629
2022,2,614,安阳工学院,法外狂徒张哲,4,630
2022,2,615,浙江师范大学,羊村守护者,4,634
2022,2,615,电子科技大学中山学院,CDZSC_DC C,4,634
2022,2,617,浙江工业大学,ZJUT14,4,635
2022,2,618,福建农林大学,重生之我是懒狗,4,638
2022,2,618,南昌大学,BOOK思议,4,638
2022,2,618,同济大学,啊对对^-^队,4,638
2022,2,621,香港中文大学(深圳),不会起名字,4,639
2022,2,622,哈尔滨工业大学(深圳),先交一发,4,640
2022,2,623,武汉理工大学,再睡五分钟,4,642
2022,2,624,浙江工商大学,瑞道克道格,4,643
2022,2,625,复旦大学,同路人,4,648
2022,2,626,南京航空航天大学,林克时间,4,653
2022,2,627,河南科技大学,HAUST_1,4,654
2022,2,628,青岛大学,AC梦之队,4,655
2022,2,629,东北大学秦皇岛分校,未来绮玉,4,658
2022,2,630,江苏科技大学,小伙子你那什么车啊,4,659
2022,2,630,四川师范大学,宋沅泽带头冲锋,4,659
2022,2,632,西安建筑科技大学,三明智,4,661
2022,2,633,黑龙江大学,bs yyds!~,4,662
2022,2,634,衡阳师范学院,雁去,4,663
2022,2,635,广州大学,WA&TLE自动机,4,665
2022,2,636,南京邮电大学,njupt22tea m12,4,666
2022,2,636,浙江理工大学,白兰咖啡厅,4,666
2022,2,638,湖南师范大学,学长学姐菜菜带带,4,670
2022,2,639,山东大学,给大哥端茶倒水的小弟,4,672
2022,2,640,武汉理工大学,最喜欢thjj了,4,675
2022,2,641,深圳大学,SZU_MaoR ui,4,676
2022,2,641,哈尔滨理工大学,HRBUST20 22ICPCY9,4,676
2022,2,641,上海大学,队名,4,676
2022,2,644,广东技术师范大学,分治ac,4,678
2022,2,644,暨南大学,哇!AK,4,678
2022,2,646,南昌职业大学,南职大se队,4,679
2022,2,647,厦门大学,"太美丽了,厦大!",4,687
2022,2,648,山东大学,世伊与愉快的伙伴们,4,688
2022,2,649,东南大学,小猪佩奇冲冲冲,4,691
2022,2,650,华中科技大学,HUST_ERR ORLESS,4,696
2022,2,651,福建工程学院,太难了姐,4,699
2022,2,652,河北师范大学,重生之我是oi爷,4,703
2022,2,652,武汉理工大学,南湖打铁王,4,703
2022,2,654,东南大学,超高校级的蒟蒻,4,705
2022,2,655,山东科技大学,奋进号,4,709
2022,2,656,东北大学秦皇岛分校,扫黑除恶,4,711
2022,2,657,华中师范大学,RE是评测姬的谎言,4,715
2022,2,658,长沙学院,白狐子,4,718
2022,2,659,哈尔滨工业大学,队名怎么说,4,719
2022,2,660,成都信息工程大学,自动wawa机,4,733
2022,2,661,衡阳师范学院,浅浅一写就很队,4,735
2022,2,661,浙江科技学院,该电电了,4,735
2022,2,663,中南林业科技大学,CSUFT1队,4,739
2022,2,663,中国矿业大学(北京),wuhu!,4,739
2022,2,665,深圳技术大学,鹦鹉螺,4,740
2022,2,666,山东师范大学,最爱吃兽奶,4,742
2022,2,667,东华大学,东华保安队,4,751
2022,2,668,中国人民大学,复旦栋梁,4,754
2022,2,669,湖南城市学院,妹妹一个人玩原神吗 o。O?,4,756
2022,2,669,中国科学技术大学,只要大腿抱得队,4,756
2022,2,671,贵州大学,猎荒者,4,757
2022,2,672,郑州大学,范范是小公主,4,763
2022,2,673,同济大学,Fearless,4,764
2022,2,674,中原工学院,xyz,4,765
2022,2,675,吉林大学,临时队伍,4,771
2022,2,676,中国人民大学,养老人员专属薏米茶,4,772
2022,2,677,西南科技大学,满目霜花云弄雪,4,778
2022,2,678,上海大学,题题都对,4,786
2022,2,679,华南农业大学,菠萝头猫猫,4,789
2022,2,680,同济大学,渣哥粉丝后援团,4,790
2022,2,681,宁波大学,VGYVGY,4,798
2022,2,682,浙江工商大学,犇鸟先飞,4,803
2022,2,683,北京理工大学珠海学院,星火燎原,4,805
2022,2,684,三峡大学,这么小声还想AC,4,806
2022,2,685,郑州大学,致命打击,4,809
2022,2,686,南昌航空大学,夜不归队,4,810
2022,2,687,武汉科技大学,Blue Boy,4,811
2022,2,688,桂林电子科技大学,鲨鱼泡泡,4,818
2022,2,689,成都信息工程大学,Milk,4,819
2022,2,690,天津大学,我们经管队长萌新全靠智算队友带飞,4,821
2022,2,691,长春理工大学,3B8AA5F7,4,838
2022,2,692,南京航空航天大学,NULL,4,843
2022,2,693,福州大学,你有这个时间读队名是不是能写两行代码,4,852
2022,2,694,湖南师范大学,HEX,4,865
2022,2,695,北京师范大学,AC滞动机,4,870
2022,2,696,上海理工大学,面向样例编程,4,871
2022,2,697,湖北工业大学,大摆钟送快递,4,877
2022,2,698,四川大学,被遗忘的队名,4,903
2022,2,699,上海科技大学,嘉然今天吃Lycoris,4,905
2022,2,700,金陵科技学院,浅尝一口你说的爱我,4,933
2022,2,701,闽南师范大学,芝士雪豹,4,937
2022,2,702,北京化工大学,一条柚子,4,938
2022,2,703,天津理工大学,打铁还需自身硬,4,972
2022,2,703,南京航空航天大学,愚人众执行官第十二席,4,972
2022,2,705,上海财经大学,SAKANA,4,990
2022,2,706,周口师范学院,QwQ,4,1003
2022,2,707,吉林大学,糖彩屋养了仨复读鸡,4,1026
2022,2,708,西安电子科技大学,剑指艾斯十二,4,1046
2022,2,709,厦门大学,攻城狮,4,1048
2022,2,710,集美大学,for++,4,1141
2022,2,711,南阳理工学院,HaveFun,4,1206
2022,2,712,福州大学,太熊软糖,4,1222
2022,2,713,山东师范大学,蒙古上单,3,171
2022,2,714,江西理工大学南昌校区,Sis puella magica,3,182
2022,2,715,浙江万里学院,风灵月影,3,183
2022,2,716,四川大学,冲击波,3,185
2022,2,717,南昌理工学院,啾咪,3,217
2022,2,718,青岛科技大学,斯卡布罗集市,3,220
2022,2,719,常熟理工学院,承太郎是我的,3,223
2022,2,720,华南师范大学,我要过六级,3,225
2022,2,721,徐州工程学院,你就是歌姬,3,226
2022,2,721,河北师范大学,训练时长两年半,3,226
2022,2,721,吉首大学,不摆烂不行,3,226
2022,2,724,杭州师范大学,抹茶不拿铁,3,230
2022,2,725,浙大宁波理工学院,抽卡必歪,3,234
2022,2,726,中南大学,一点之前A不出题,3,235
2022,2,727,山东大学(威海),喂!喂!喂!,3,240
2022,2,728,深圳技术大学,SZTU_AtD awn,3,244
2022,2,728,盐城工学院,the team of yun yun,3,244
2022,2,730,电子科技大学,UESTC_Cdr_pup,3,247
2022,2,731,福建工程学院,黄昏之烬的二重奏,3,250
2022,2,732,东北电力大学,每道题都能用二分做,3,252
2022,2,733,杭州师范大学,wtn和他的俩个扈从,3,256
2022,2,733,浙江科技学院,infCode,3,256
2022,2,735,深圳技术大学,我再想想,3,261
2022,2,735,浙江师范大学,TH1201,3,261
2022,2,737,湖南工业大学,今天拿个气球,3,263
2022,2,738,湖南文理学院,轻井泽惠,3,264
2022,2,739,河南大学,背起背包,3,265
2022,2,739,武汉科技大学,香翅捞饭,3,265
2022,2,741,华北理工大学,深黑幻想,3,266
2022,2,742,武汉科技大学,阿尼亚能读懂出题人吗,3,269
2022,2,743,中南民族大学,雪糕爱学习,3,270
2022,2,744,湖南文理学院,今天刷抖音了没,3,272
2022,2,745,青岛科技大学,奥卡姆剃刀,3,273
2022,2,745,浙江工业职业技术学院,重生之来到ACM罚坐,3,273
2022,2,747,河南工业大学,未来前夕,3,275
2022,2,748,江西师范大学,草帽帮,3,276
2022,2,748,武汉理工大学,三个铁匠,3,276
2022,2,750,东北大学秦皇岛分校,AC之后打个胶,3,280
2022,2,751,广西大学,不食油饼,3,281
2022,2,751,武汉纺织大学,仿生人会梦到电子羊吗,3,281
2022,2,753,长沙学院,BBB,3,283
2022,2,753,浙江金融职业学院,可持久化颓废,3,283
2022,2,755,南京理工大学,猫猫头没有头,3,284
2022,2,756,杭州师范大学,Micral_Ag ain,3,288
2022,2,757,华北理工大学,Code Monkey,3,294
2022,2,758,江西财经大学,我就来签个到打个卡,3,297
2022,2,759,中国科学技术大学,23科软点击就送,3,298
2022,2,759,西北大学,西带最強伝說と絕兇の猛虎!純真丁一郎です,3,298
2022,2,761,浙江育英职业技术学院,重生之不想满盘皆输,3,300
2022,2,761,厦门大学嘉庚学院,ufsudgugs,3,300
2022,2,763,大连海事大学,有眉笔,3,301
2022,2,763,华南农业大学,快乐一家,3,301
2022,2,765,成都信息工程大学,阿萨辛,3,303
2022,2,766,常熟理工学院,卷王的心得感悟,3,307
2022,2,766,合肥学院,Radiant,3,307
2022,2,768,浙江师范大学,"阿,退!退!退!",3,308
2022,2,768,成都东软学院,文武双全,3,308
2022,2,770,湖南农业大学,速想个队名,3,309
2022,2,771,河南财政金融学院,wawa自动机,3,310
2022,2,772,西南石油大学,队名想好了吗,3,311
2022,2,773,浙大宁波理工学院,啊对对对,3,313
2022,2,774,青岛科技大学,京都不死鸟,3,315
2022,2,775,西北大学,早八睡不醒,3,317
2022,2,776,安徽大学,安大四队,3,320
2022,2,776,中国传媒大学,奕!悟!,3,320
2022,2,776,南昌航空大学,暴力打表组合,3,320
2022,2,779,西北大学,如果acm需要鼓励的话,3,324
2022,2,780,华南师范大学,梭哈队,3,325
2022,2,780,山东科技大学,布拉顿号,3,325
2022,2,782,杭州师范大学,柚子味丸,3,326
2022,2,782,郑州轻工业大学,成为勇者魔王竟是我队友?!,3,326
2022,2,784,中北大学,星辰之晖,3,327
2022,2,785,浙江工商大学,队名?,3,328
2022,2,785,浙江工商大学,kkt,3,328
2022,2,787,暨南大学,什么捏?,3,330
2022,2,788,上海第二工业大学,汪汪队起飞咯,3,331
2022,2,789,南通大学,集思广益,3,333
2022,2,790,郑州轻工业大学,莫比乌斯反演队友,3,334
2022,2,791,吉林大学,Things U know,3,335
2022,2,792,南京信息工程大学,南信第一女队,3,340
2022,2,792,长沙学院,楚鸟未鸣,3,340
2022,2,794,闽南师范大学,休息一下吧,3,341
2022,2,795,广州大学,听天由命,3,342
2022,2,796,沈阳航空航天大学,道阻且长,3,343
2022,2,797,东北大学秦皇岛分校,去码头整点薯条,3,344
2022,2,797,哈尔滨工程大学,队友在考科目二,3,344
2022,2,797,广东技术师范大学,队友不会就抽他一鞭,3,344
2022,2,800,中国科学院大学,秋蕾,3,345
2022,2,801,江西师范大学,《演员》,3,346
2022,2,802,惠州学院,永远的难题,3,348
2022,2,802,深圳大学,SZU_Yanra nLee,3,348
2022,2,802,中国地质大学(武汉),先做M题,3,348
2022,2,805,合肥学院,想要变成猫猫虫,3,350
2022,2,805,江西理工大学,撒网捕鱼,3,350
2022,2,805,华南农业大学,被师妹带飞,3,350
2022,2,808,浙江中医药大学,ZCMU-今天喝黄桃果霸,3,351
2022,2,809,成都信息工程大学,我们乔家世世代代都是绅士,3,354
2022,2,810,湖南科技学院,车拉马,3,357
2022,2,810,重庆交通大学,你要相信光,3,357
2022,2,812,广州城市理工学院,三个摆子哥的组队之旅,3,358
2022,2,812,西南科技大学,让我们红橙作伴,3,358
2022,2,814,长沙学院,谷粒多,3,359
2022,2,815,黑龙江大学,69岁扶墙上树,3,360
2022,2,816,中国矿业大学徐海学院,二龙山灵动派,3,361
2022,2,816,东北大学,NEU_整点可乐,3,361
2022,2,818,浙大宁波理工学院,哪个队,3,362
2022,2,819,江西师范大学,abc,3,363
2022,2,820,西北农林科技大学,三A大坐,3,365
2022,2,820,衡阳师范学院,三个人凑不出一个字,3,365
2022,2,822,西南科技大学,minyakon ka,3,366
2022,2,823,广东工业大学,没吃饱没睡好,3,368
2022,2,824,西南民族大学,One Bamboo,3,369
2022,2,825,肇庆学院,北岭一队,3,370
2022,2,826,江西财经大学,能不能不打铁,3,371
2022,2,826,西北师范大学,辉夜大小姐想让我拿牌~究极罚坐,3,371
2022,2,828,合肥工业大学,知枚举可而为之,3,374
2022,2,829,天津仁爱学院,以上队伍成绩无效,3,375
2022,2,830,西南民族大学,顺十字,3,376
2022,2,831,南阳师范学院,皮卡皮卡,3,377
2022,2,832,杭州师范大学,All_Correct,3,381
2022,2,833,石家庄铁道大学,青藏铁路,3,383
2022,2,833,同济大学,维密天使,3,383
2022,2,835,南京航空航天大学,什么是ICPC,3,384
2022,2,836,华南农业大学,notpasscet-4,3,387
2022,2,836,湖南农业大学,两蒂蒂夹面包,3,387
2022,2,838,上海大学,月笙 Moon Sine,3,389
2022,2,838,长春理工大学,雪豹别叫,3,389
2022,2,840,安阳师范学院,猞猁子,3,391
2022,2,841,乐山师范学院,"为菈妮,我变成狼人模样队",3,393
2022,2,842,河南大学,xzgg爱上我,3,394
2022,2,843,沈阳航空航天大学,打铁匠人,3,395
2022,2,844,太原理工大学,朝闻道,3,399
2022,2,845,青岛大学,猫猫烧烤师粉丝后援团,3,400
2022,2,846,中国矿业大学(北京),lcc,3,401
2022,2,847,武汉商学院,Sunshine Kindergart en,3,402
2022,2,848,东北大学秦皇岛分校,AC手动机,3,403
2022,2,848,东南大学,关于我走错考场发现别人都在ak这件事,3,403
2022,2,850,南昌航空大学,debug都队,3,404
2022,2,851,山东工商学院,优雅,3,406
2022,2,851,中南大学,TheEnding Eden,3,406
2022,2,853,青岛大学,Tomato_N anoda,3,407
2022,2,854,沈阳师范大学,没有肯德基疯狂星期四还有周末特惠快v我们150,3,415
2022,2,855,临沂大学,争做新青年,3,416
2022,2,855,华南农业大学,狄利克雷卷积吧,3,416
2022,2,855,上海第二工业大学,粉红毛毛兔__,3,416
2022,2,858,深圳大学,SZU_Dirich let,3,419
2022,2,859,河南大学,重生之我是被禁赛两年半的ccf练习生,3,420
2022,2,860,南华大学,国家汪汪大队,3,421
2022,2,860,北京工业大学,V50吃疯狂星期四,3,421
2022,2,862,东北农业大学,四五六,3,422
2022,2,863,苏州科技大学,纵经三年,3,423
2022,2,864,广东工业大学,难兄难弟,3,424
2022,2,864,浙江工商大学,从零开始的acm生活,3,424
2022,2,864,厦门大学,比奇堡三恶霸,3,424
2022,2,864,广州大学,紫罗兰,3,424
2022,2,864,陕西科技大学,All Perfect,3,424
2022,2,869,东南大学,墨西哥鸡肉卷,3,425
2022,2,870,河南工业大学,薪炎永燃,3,427
2022,2,870,湖南工业大学,啊对对队,3,427
2022,2,872,浙江农林大学,403 can't AC,3,429
2022,2,872,信息工程大学,老村长,3,429
2022,2,874,中国传媒大学,丛雨说的肯定队,3,432
2022,2,875,济南大学,鸡你钛酶,3,433
2022,2,876,青岛大学,大二大三大四,3,434
2022,2,876,南昌理工学院,来杯冰可乐,3,434
2022,2,878,深圳大学,SZU_Nash,3,436
2022,2,878,鲁东大学,春日部防卫队,3,436
2022,2,880,西南科技大学,指尖的阳光,3,437
2022,2,880,浙江工商大学,芝士大红大紫,3,437
2022,2,882,烟台大学,启示录,3,438
2022,2,882,齐齐哈尔大学,楼上的帮我垫一垫,3,438
2022,2,882,南京邮电大学,njupt22tea m10,3,438
2022,2,882,广西师范大学,jiangly铁粉,3,438
2022,2,886,常熟理工学院,K-ONNN,3,439
2022,2,886,中原工学院,队友于2023年上岸成功望周知,3,439
2022,2,886,中国海洋大学,三个老年银,3,439
2022,2,886,北京工业大学,疯狂星期日,3,439
2022,2,886,中山大学,grass,3,439
2022,2,886,西安邮电大学,不响丸辣,3,439
2022,2,892,北京交通大学,你说的都队,3,441
2022,2,893,宁波大学,青春猪头不会梦到最近公共祖先,3,444
2022,2,894,鲁东大学,同窗队,3,445
2022,2,894,南阳师范学院,onetwothr ee,3,445
2022,2,896,哈尔滨理工大学,HRBUST20 22ICPCY6,3,446
2022,2,896,中南民族大学,show show way,3,446
2022,2,898,山东理工大学,Matcha_bi scuits,3,451
2022,2,898,山东工商学院,样例对了就是对了,3,451
2022,2,900,哈尔滨工业大学(深圳),输出的全队,3,454
2022,2,900,青岛科技大学,123qwe,3,454
2022,2,902,河北师范大学,键上翻花,3,457
2022,2,902,济南大学,青龙山跑男,3,457
2022,2,904,中北大学,天晨破晓,3,458
2022,2,904,哈尔滨理工大学,HRBUST20 22ICPCY12,3,458
2022,2,906,湖北工业大学,Travel or Medal,3,459
2022,2,907,吉首大学,"你这观点我不敢苟同,如果说95号汽油就应该班意大利面的话,那当头炮开局一定要大飞守边",3,460
2022,2,907,哈尔滨工程大学,今天的风儿甚是喧嚣,3,460
2022,2,909,河南师范大学,起名比竞赛难对不,3,461
2022,2,910,齐齐哈尔大学,乘风破浪,3,463
2022,2,910,中国地质大学(北京),队名已隐藏,3,463
2022,2,912,福建技术师范学院,全都做队,3,464
2022,2,913,福建师范大学,Sexy pictures come on,3,465
2022,2,913,南阳理工学院,打一半就RUN,3,465
2022,2,915,鲁东大学,炸雷,3,466
2022,2,916,平顶山学院,队伍中的考研狗上岸,3,468
2022,2,917,浙江工商大学,水水獭保护协会,3,469
2022,2,917,南阳理工学院,不懂人均算法,3,469
2022,2,919,江西理工大学南昌校区,绿色心情,3,470
2022,2,919,浙江工商大学,菲菲公组,3,470
2022,2,921,成都东软学院,练习两年半,3,471
2022,2,921,井冈山大学,大国铁匠,3,471
2022,2,921,中北大学,不知道叫什么,3,471
2022,2,924,湖南警察学院,hp3,3,472
2022,2,925,中国民航大学,无问西东,3,474
2022,2,926,乐山师范学院,LSNU_WiFi_5G,3,478
2022,2,926,广东东软学院,摸奖的艺术,3,478
2022,2,928,苏州大学,GHC,3,479
2022,2,928,苏州科技大学,笨小孩,3,479
2022,2,928,南京信息工程大学,蒟蒻果冻,3,479
2022,2,931,湖南科技大学,Invictus_G aming,3,481
2022,2,932,浙江育英职业技术学院,高数有手就行,3,482
2022,2,932,西南科技大学,挂件*3,3,482
2022,2,932,山东理工大学,张三木说吃桌子,3,482
2022,2,935,嘉应学院,蒻鸡萌新,3,485
2022,2,936,山东大学,有期徒刑五小时,3,486
2022,2,937,同济大学,圣主堆,3,487
2022,2,938,中北大学,Thornbush,3,489
2022,2,939,华南师范大学,虾虎遨游直至AC,3,490
2022,2,940,南昌航空大学,关于整队过了四级却没人到500这件事doge,3,491
2022,2,940,福建师范大学,想个名队,3,491
2022,2,942,武汉工程大学,Couting ACs,3,496
2022,2,943,广州大学,有名字的队,3,497
2022,2,944,浙江财经大学,加班不给加班费,3,498
2022,2,944,山东农业大学,一天队,3,498
2022,2,946,中原工学院,两荤一素2.0,3,500
2022,2,947,广东财经大学,弗拉明戈舞步,3,501
2022,2,947,长春工业大学,不想飞走的蒲公英,3,501
2022,2,949,天津大学,Ag自动机,3,502
2022,2,950,上海海洋大学,大马哈鱼队,3,503
2022,2,950,南昌大学,int mian,3,503
2022,2,950,长江师范学院,frog gua gua gua,3,503
2022,2,953,东北大学,NEU_整点汉堡,3,504
2022,2,953,华中农业大学,金银铜,3,504
2022,2,955,武汉理工大学,Isn't CCTV?,3,506
2022,2,955,广东东软学院,三个寄俩,3,506
2022,2,957,郑州轻工业大学,bug改不完,3,507
2022,2,958,南阳理工学院,勾栏听曲,3,508
2022,2,959,南京航空航天大学,芝士雪豹,3,511
2022,2,959,江南大学,重在参与队,3,511
2022,2,961,安徽工业大学,早上吃什么,3,512
2022,2,962,华东师范大学,SEI02,3,513
2022,2,963,广东工业大学,妙WA种子,3,514
2022,2,963,江南大学,无B树怎么只剩WA了,3,514
2022,2,965,中北大学,雪豹闭嘴!,3,516
2022,2,965,南京航空航天大学,在ICPC寻求AC是否搞错了什么?,3,516
2022,2,965,鲁东大学,汪汪大队蹲大lao,3,516
2022,2,968,山东理工大学,从WA开始的ACM生活,3,517
2022,2,969,山东大学,小小菜狗,3,518
2022,2,970,温州大学,温大3队,3,521
2022,2,970,三峡大学,cyclegan,3,521
2022,2,970,北京科技大学,369,3,521
2022,2,973,青岛理工大学,燃烧你的梦,3,522
2022,2,974,同济大学,No AC in ACM,3,523
2022,2,975,乐山师范学院,代码全敲队,3,524
2022,2,976,青岛科技大学,玛卡巴卡阿卡哇卡米卡玛卡呣,3,529
2022,2,977,天津工业大学,怎么又要起名啊,3,531
2022,2,978,聊城大学,蓝桥杯选手,3,532
2022,2,979,台州学院,等等还没想好,3,533
2022,2,979,重庆邮电大学,炮灰小队,3,533
2022,2,981,浙大城市学院,AC危机,3,535
2022,2,981,广西民族大学,wyl无语了,3,535
2022,2,983,南阳理工学院,halfpointg od,3,536
2022,2,984,湖南工业大学,大寄特寄,3,537
2022,2,985,暨南大学,追追光者者,3,538
2022,2,985,河南工业大学,XBZ,3,538
2022,2,987,青岛大学,快乐向前冲,3,539
2022,2,988,东北农业大学,对不队,3,541
2022,2,989,浙江科技学院,遇到困难睡大觉,3,543
2022,2,989,长沙学院,杰哥的余光,3,543
2022,2,991,山东大学,大根队,3,544
2022,2,992,桂林电子科技大学,我们队长考青大落榜了,3,546
2022,2,993,嘉应学院,两级反转,3,547
2022,2,994,鲁东大学,火焰车,3,548
2022,2,995,福建师范大学,队霸今天女装了吗,3,552
2022,2,995,山东大学(威海),听我说先别急,3,552
2022,2,997,湖北中医药大学,巧克力蛋糕,3,554
2022,2,998,浙江理工大学,好起来urua,3,556
2022,2,998,湖南城市学院,头铁就能AC,3,556
2022,2,998,东华大学,夕阳红,3,556
2022,2,1001,广东外语外贸大学,农夫山泉全品队,3,559
2022,2,1002,石河子大学,遇到困难睡大觉,3,560
2022,2,1003,浙江万里学院,吃饭不排队,3,561
2022,2,1003,长安大学,教练说让栋哥带我打比赛,3,561
2022,2,1005,天津大学,我们队长四级考了405,3,562
2022,2,1006,长沙理工大学,想不起来,3,563
2022,2,1006,中国地质大学(武汉),基因重组,3,563
2022,2,1008,浙江中医药大学,ZCMU—难上加难,3,564
2022,2,1008,江西师范大学,theOnlyFi ght,3,564
2022,2,1010,浙江师范大学,Undefined Fantastic Organizati on,3,565
2022,2,1011,北京交通大学,屑哥哥粉丝后援会,3,566
2022,2,1011,郑州大学,BronzeAge,3,566
2022,2,1013,浙江农林大学,陈莲仁不容逸,3,568
2022,2,1014,信息工程大学,f1appy_b0 ys,3,569
2022,2,1015,哈尔滨理工大学,HRBUST20 22ICPCY5,3,571
2022,2,1015,上海大学,这个队伍想AC,3,571
2022,2,1015,西南科技大学,想名字的时候地震了,3,571
2022,2,1015,兰州大学,啊对对队,3,571
2022,2,1019,成都理工大学,无问,3,573
2022,2,1019,肇庆学院,北岭二队,3,573
2022,2,1019,浙江工商大学,四队,3,573
2022,2,1022,西南民族大学,挥挥灰压力板,3,575
2022,2,1022,北京师范大学,万恶木馬,3,575
2022,2,1024,河南理工大学,三人成行,3,577
2022,2,1025,河南工业大学,因你而在,3,579
2022,2,1025,青岛理工大学,摆名为队,3,579
2022,2,1027,长沙理工大学,猫猫队坐大牢,3,581
2022,2,1027,燕山大学,雨无雪无梦,3,581
2022,2,1029,西南交通大学,•᷄᷅•,3,582
2022,2,1030,合肥工业大学宣城校区,宙宇银河战队(丐版),3,583
2022,2,1031,深圳职业技术学院,V我50,3,584
2022,2,1031,湖南警察学院,"签到跑路,明年再来",3,584
2022,2,1033,西南科技大学,劲脆铁牌堡,3,585
2022,2,1034,同济大学,啊对对队!,3,587
2022,2,1035,佛山科学技术学院,遇到困难摆大烂,3,588
2022,2,1036,哈尔滨工业大学(深圳),对_对_队,3,591
2022,2,1037,广东工业大学,二向箔,3,592
2022,2,1038,西安电子科技大学,小孩看到鬼,3,593
2022,2,1038,北京工业大学,朝阳缝纫机,3,593
2022,2,1040,兰州理工大学,怎么都是数数大师,3,594
2022,2,1040,邵阳学院,模拟退队,3,594
2022,2,1040,东北大学,NEU_不会起队名,3,594
2022,2,1043,苏州大学,驯服流星,3,601
2022,2,1043,江西师范大学,我的喷火龙不会飞,3,601
2022,2,1045,南昌大学,dancemon key,3,602
2022,2,1046,南京航空航天大学,这是一个正经队名,3,604
2022,2,1047,兰州大学,都什么年代还在用传统算法,3,606
2022,2,1047,东北大学,NEU_贰佰三十四,3,606
2022,2,1047,浙大宁波理工学院,清楚码农不会梦到美味黄焖鸡,3,606
2022,2,1050,江苏大学,呃呃呃,3,608
2022,2,1050,福州大学,MEGALO,3,608
2022,2,1050,湘潭大学,XTU_三只小猪,3,608
2022,2,1053,华南农业大学,d.h,3,611
2022,2,1054,中北大学,随便就随便,3,616
2022,2,1055,重庆大学,拿下一道就是胜利,3,618
2022,2,1056,新疆师范大学,陈老师的粉丝,3,620
2022,2,1057,合肥工业大学宣城校区,我们队伍取名废,3,622
2022,2,1058,河南财政金融学院,十亿少女的梦,3,624
2022,2,1059,成都大学,冰与火,3,626
2022,2,1060,宁波诺丁汉大学,lambda,3,632
2022,2,1061,台州学院,越人歌,3,633
2022,2,1062,浙江师范大学,非白,3,635
2022,2,1063,长春大学,怎么啥都不会,3,637
2022,2,1064,安徽工业大学,树也摇风,3,638
2022,2,1065,广东工业大学,#define Bug Feature,3,644
2022,2,1066,南京邮电大学,njupt22tea m07,3,648
2022,2,1066,武汉纺织大学,WA完越南再WA缅甸,3,648
2022,2,1068,江南大学,我这么菜我的队友不会生气吧?,3,652
2022,2,1068,浙江大学,#define TAKINA 1,3,652
2022,2,1070,成都锦城学院,紫金狂潮,3,654
2022,2,1071,湖南师范大学,hpy,3,656
2022,2,1072,山西大学,登崇队,3,661
2022,2,1073,浙江财经大学,读题困难户,3,663
2022,2,1074,浙江师范大学,大摆锤,3,667
2022,2,1075,宁波大学,三个核桃,3,675
2022,2,1076,南京林业大学,reji4ter,3,678
2022,2,1077,华中农业大学,咚咚咚,3,692
2022,2,1078,山东大学,Clannad,3,698
2022,2,1079,阿坝师范学院,112358,3,699
2022,2,1079,华南农业大学,ArcaneCo nstellation,3,699
2022,2,1081,湖北工业大学,Soup First,3,700
2022,2,1082,中国科学技术大学,(?),3,701
2022,2,1083,北京师范大学珠海校区,先特判样例,3,706
2022,2,1084,四川师范大学,罚时小分队,3,711
2022,2,1085,重庆邮电大学,抽根华子,3,715
2022,2,1086,中国海洋大学,《关于加上书名号就是队名这件事》,3,716
2022,2,1087,浙江万里学院,snoopy,3,724
2022,2,1088,上海电机学院,嘉然今天敲代码,3,728
2022,2,1089,广东工业大学,GDUT_Cod eCodeWA,3,729
2022,2,1090,贵州大学,顿悟签到,3,750
2022,2,1091,吉首大学,不是二刺螈,3,752
2022,2,1092,河南大学,望星,3,760
2022,2,1093,安徽师范大学,内容不能为空,3,767
2022,2,1094,武汉纺织大学,机甲小宝,3,770
2022,2,1095,阜阳师范大学,最最后一队,3,774
2022,2,1096,曲阜师范大学,王师哥说的都对,3,789
2022,2,1097,阜阳师范大学,五彩斑斓的黑,3,793
2022,2,1098,浙江中医药大学,ZCMU-珂朵莉树上可持续化咕咕咕,3,798
2022,2,1098,山东大学,csq姐姐的小舔狗,3,798
2022,2,1100,郑州轻工业大学,我焯!icpc!,3,799
2022,2,1101,贵州大学,这次不要波高地,3,806
2022,2,1101,中国地质大学(武汉),卷摆二象性,3,806
2022,2,1103,郑州轻工业大学,AC时摸杯,3,814
2022,2,1104,中国人民大学,蒙古上单,3,815
2022,2,1105,江西理工大学,RE:从零开始的江理生活,3,856
2022,2,1105,杭州师范大学,WA自动机,3,856
2022,2,1107,福建师范大学,辣就到起为几吧,3,864
2022,2,1108,中国石油大学(北京),祖国盛开石油花,3,896
2022,2,1109,成都理工大学宜宾校区,宜宾高专,3,922
2022,2,1110,宁波大学,"划小船,摸大鱼",3,1016
2022,2,1111,湖北第二师范学院,湖二师十二队,3,1052
2022,2,1112,安徽大学,不会起名字,3,1065
2022,2,1113,上海海洋大学,临港贝极星,2,48
2022,2,1114,信息工程大学,信大打铁人,2,58
2022,2,1115,广西大学,芝士雪豹,2,59
2022,2,1116,浙江科技学院,浙科十队,2,65
2022,2,1117,西南科技大学,你有没有注意到阴谋得逞者在狞笑,2,71
2022,2,1118,湖南第一师范学院,正气队,2,72
2022,2,1118,浙江理工大学,邪王真眼是最强的,2,72
2022,2,1120,山东大学,提桶跑路,2,74
2022,2,1121,西南民族大学,bug生成器,2,77
2022,2,1121,深圳技术大学,SZTU_Clou ds,2,77
2022,2,1123,浙江农林大学,两眼花花乱蛙一通,2,78
2022,2,1124,广东东软学院,关于不知道叫什么名字想昵称想到এ 天狼星ོꦿ ృ༊这件事,2,81
2022,2,1125,华中师范大学,樱吹雪,2,82
2022,2,1125,浙江工商大学,噫叁柒陆陆陆悦刻芜,2,82
2022,2,1127,东北电力大学,HAL 6000,2,83
2022,2,1127,东华大学,三天摸两鱼,2,83
2022,2,1129,华东理工大学,重在参与,2,84
2022,2,1130,湘潭大学,XTU_打完这场就退役,2,85
2022,2,1130,南京工业大学,AC自动机,2,85
2022,2,1132,南阳理工学院,绿都如意湾,2,86
2022,2,1133,中国计量大学,fufu吃大米,2,87
2022,2,1133,长安大学,fugev50,2,87
2022,2,1135,华东理工大学,过题比当艾尔登之王还难,2,88
2022,2,1136,河南工业大学,莉可丽丝,2,89
2022,2,1136,青岛大学,DAYDAYD REAM,2,89
2022,2,1138,温州大学,温大2队,2,92
2022,2,1139,西北农林科技大学,fashion good,2,93
2022,2,1139,四川师范大学,超级码丽,2,93
2022,2,1141,哈尔滨工业大学(威海),心跳签到队,2,94
2022,2,1142,厦门理工学院,psycode,2,95
2022,2,1142,北方工业大学,北方工业大学一队,2,95
2022,2,1144,安阳工学院,菜狗回归,2,97
2022,2,1145,广东外语外贸大学,都什么年代了还在打传统ICPC,2,98
2022,2,1145,华南农业大学,珂学的暴莉队,2,98
2022,2,1147,南阳理工学院,晚起跳本草纲目,2,100
2022,2,1147,青岛大学,赛博雪豹,2,100
2022,2,1147,安阳工学院,终于调出了HelloWorl d,2,100
2022,2,1147,广东东软学院,答对题就算成功,2,100
2022,2,1151,中南民族大学,哈哈哈哈哈嘻嘻,2,101
2022,2,1152,陕西科技大学,hydro.ac,2,103
2022,2,1153,四川信息职业技术学院,崽儿们加油啊,2,105
2022,2,1153,中南民族大学,ECHO,2,105
2022,2,1153,山东科技大学,银河号,2,105
2022,2,1153,北京师范大学珠海校区,飘飞De冰糕,2,105
2022,2,1153,山东大学,大山坡小分队,2,105
2022,2,1158,邵阳学院,My barking teammates,2,106
2022,2,1159,安阳工学院,理塘最強伝説と絶兇の猛虎!純真丁一郎です,2,108
2022,2,1160,哈尔滨工业大学(威海),球达不溜球,2,109
2022,2,1161,成都信息工程大学,富婆队,2,110
2022,2,1162,浙大城市学院,米兰的小铁匠,2,111
2022,2,1162,南阳理工学院,哈啤酒,2,111
2022,2,1162,武汉科技大学,心里没点AC数,2,111
2022,2,1162,长沙学院,玛奇玛,2,111
2022,2,1166,华中师范大学,这是一个好名字,2,112
2022,2,1166,成都信息工程大学,素键指韵,2,112
2022,2,1166,长春理工大学,长春理工大学,2,112
2022,2,1166,哈尔滨学院,哈学院3队,2,112
2022,2,1170,浙江工商大学,蒟蒻果冻,2,113
2022,2,1170,沈阳航空航天大学,Lyco Reco,2,113
2022,2,1170,浙江农林大学,zxw为什么是神,2,113
2022,2,1173,韩山师范学院,许许如生队,2,114
2022,2,1174,平顶山学院,HLL,2,115
2022,2,1174,青岛科技大学,米奇妙妙屋,2,115
2022,2,1176,山东师范大学,签完到摸鱼,2,116
2022,2,1176,哈尔滨工程大学,下一站茶山刘,2,116
2022,2,1178,西安科技大学,小青鸟,2,117
2022,2,1178,武汉理工大学,AC未来,2,117
2022,2,1180,浙江育英职业技术学院,我们都爱乐乐哥,2,118
2022,2,1181,湖南工业大学,别摸了,2,119
2022,2,1182,中南大学,HRK,2,120
2022,2,1182,东华大学,keywords,2,120
2022,2,1182,浙江工商大学,黑巧不苦,2,120
2022,2,1182,湖南师范大学,小猫喵喵,2,120
2022,2,1186,临沂大学,学弟带我吠,2,121
2022,2,1187,北京林业大学,北林合伙人,2,122
2022,2,1188,广东技术师范大学,敲敲榜,2,123
2022,2,1188,东北师范大学,额,2,123
2022,2,1188,韶关学院,美少女战士,2,123
2022,2,1188,广东工业大学揭阳校区,唔知叫咩好,2,123
2022,2,1192,杭州师范大学,RGB,2,124
2022,2,1193,哈尔滨工业大学(威海),七仪鹿,2,125
2022,2,1193,武汉理工大学,菜狗三人,2,125
2022,2,1193,广东金融学院,没队名也能ac,2,125
2022,2,1193,浙江万里学院,咱三一队,2,125
2022,2,1193,南京理工大学,打几把icpc,2,125
2022,2,1198,广州大学,我是一个一个一个什么队,2,126
2022,2,1198,北京交通大学,啊对对队,2,126
2022,2,1200,广东外语外贸大学,人民当家做组,2,127
2022,2,1201,南京邮电大学,njupt22tea m14,2,128
2022,2,1201,佛山科学技术学院,签到题质检员,2,128
2022,2,1201,山东理工大学,乘风破浪打工人,2,128
2022,2,1204,黑龙江大学,一旦接受了自己的软弱我就是无敌的,2,129
2022,2,1205,厦门大学嘉庚学院,还有五小时下班,2,131
2022,2,1205,泉州师范学院,泉州师范学院,2,131
2022,2,1207,中国地质大学(北京),反魂蝶-八分饱,2,133
2022,2,1208,黄冈师范学院,"随手交一发,不管wa不wa",2,134
2022,2,1208,南开大学,Accelerato r,2,134
2022,2,1208,北京师范大学,签到很lan的,2,134
2022,2,1208,西南民族大学,出不来题玩把五子棋,2,134
2022,2,1212,成都锦城学院,看队友敲代码,2,135
2022,2,1212,太原理工大学,国土无双十三幺,2,135
2022,2,1212,衡阳师范学院,llz,2,135
2022,2,1215,合肥工业大学宣城校区,与移风易俗者同行,2,136
2022,2,1215,南昌航空大学,雀食蟀二队,2,136
2022,2,1215,北京理工大学珠海学院,时光机,2,136
2022,2,1215,南昌理工学院,ytdsg,2,136
2022,2,1219,东北师范大学,开学寄,2,137
2022,2,1219,长沙学院,最高城LTC,2,137
2022,2,1219,肇庆学院,北岭六队,2,137
2022,2,1219,黑龙江大学,Akari_Boys,2,137
2022,2,1223,成都理工大学宜宾校区,爆0小队,2,138
2022,2,1223,中国计量大学,计量jiangly,2,138
2022,2,1223,上海大学,只能过样例队,2,138
2022,2,1223,湖南农业大学,睡到人间煮饭时,2,138
2022,2,1227,华南师范大学,开摆队,2,139
2022,2,1227,湖南中医药大学,触底反弹,2,139
2022,2,1229,西安邮电大学,Accel Synchro Stardust Dragon,2,140
2022,2,1229,北京交通大学,胡言乱语队,2,140
2022,2,1229,西北大学,皮展开了是因为羊胎素对不队,2,140
2022,2,1232,绍兴文理学院元培学院,朝气蓬勃大一队,2,141
2022,2,1233,浙大城市学院,脑子来点作用啊,2,142
2022,2,1234,江南大学,谢谢参与队,2,144
2022,2,1234,河北师范大学,"似睡了好长一觉,比赛结束得莫名其妙",2,144
2022,2,1234,中国农业大学,农大之光,2,144
2022,2,1237,井冈山大学,dierchang,2,145
2022,2,1237,浙江广厦建设职业技术大学,临时工,2,145
2022,2,1239,天津仁爱学院,无言以队,2,146
2022,2,1239,武汉理工大学,你这题保AC吗,2,146
2022,2,1239,湖南理工学院,luckin,2,146
2022,2,1242,上海大学,wa中冒险,2,147
2022,2,1242,上海财经大学,勇敢的心,2,147
2022,2,1242,南京理工大学,浩宇,2,147
2022,2,1245,江西师范大学,难想[秃头],2,148
2022,2,1246,中南林业科技大学,CSUFT2队,2,149
2022,2,1246,北京化工大学,废物小分队,2,149
2022,2,1248,华东师范大学,ECNU04,2,150
2022,2,1248,西南科技大学,张扬的阿龙,2,150
2022,2,1248,河南师范大学,大锤队,2,150
2022,2,1251,三峡大学,Iridescent,2,151
2022,2,1251,吉林大学,起个队名怎么这么难,2,151
2022,2,1253,哈尔滨理工大学,HRBUST20 22ICPCY4,2,152
2022,2,1253,成都锦城学院,why wa?,2,152
2022,2,1253,山东科技大学(泰安校区),大鸟,2,152
2022,2,1256,武汉理工大学,武小理喜欢上我EA爹这是否搞错了什么,2,153
2022,2,1257,重庆邮电大学,icpc teahouse,2,154
2022,2,1258,辽宁石油化工大学,幸存者联盟,2,155
2022,2,1258,浙江育英职业技术学院,菜狗的膜拜小弟,2,155
2022,2,1258,东北林业大学,ACoding8 6,2,155
2022,2,1261,济南大学,三体舰队,2,156
2022,2,1262,青岛科技大学,翻到这里一定很累吧눈_눈,2,157
2022,2,1262,浙江农林大学,我想想,2,157
2022,2,1264,同济大学,寄祥物,2,158
2022,2,1264,东南大学,队名如上,2,158
2022,2,1264,江苏大学,mkdir,2,158
2022,2,1264,青岛科技大学,有福同享有难退队,2,158
2022,2,1264,广州软件学院,蒜香气的电波塔,2,158
2022,2,1269,中国地质大学(武汉),暴力混分队,2,159
2022,2,1269,台州学院,废物remake重开人生模拟,2,159
2022,2,1271,大连大学,书生好困呐,2,160
2022,2,1272,东北农业大学,"转生成为异世界泥头车司机~关于把勇者创回地球的事,然后与变成美少女的队友一起冒险",2,162
2022,2,1272,北京交通大学,蒟蒻队,2,162
2022,2,1272,成都理工大学,队名为菜,2,162
2022,2,1275,上海大学,我都可以!,2,163
2022,2,1275,武汉工程大学,会有奇迹吗?,2,163
2022,2,1275,河北经贸大学,重启征途,2,163
2022,2,1278,长沙学院,Ctrl C/V Team,2,165
2022,2,1278,福建师范大学,三进制赛博动物园,2,165
2022,2,1278,南昌大学,开心就好队,2,165
2022,2,1281,山东大学,肃正协议,2,166
2022,2,1281,华南农业大学,ac对对,2,166
2022,2,1281,南京工业大学,波涛飞扬,2,166
2022,2,1284,安徽工业大学,打铁小能手,2,167
2022,2,1284,西南科技大学,就叫摸鱼摸完继续摸,2,167
2022,2,1284,台州学院,星火,2,167
2022,2,1287,三峡大学,一只队,2,168
2022,2,1287,东南大学,老年摸鱼选手,2,168
2022,2,1289,浙江农林大学暨阳学院,求求给个铜吧,2,169
2022,2,1290,中国传媒大学,不想被刷队,2,170
2022,2,1290,山东石油化工学院,哎呦你干嘛~,2,170
2022,2,1292,北京信息科技大学,走到湖边就会哈啦一下买一杯美式,2,171
2022,2,1292,青岛大学,三个臭皮匠,2,171
2022,2,1294,吉首大学,凌峰,2,172
2022,2,1294,合肥学院,你说的都队,2,172
2022,2,1294,莆田学院,风,2,172
2022,2,1294,山东科技大学,火炬号,2,172
2022,2,1298,惠州学院,不爆0就算成功,2,173
2022,2,1298,安阳工学院,WA好厉害,2,173
2022,2,1298,北京化工大学,我觉得OK,2,173
2022,2,1301,浙江农林大学,法式酸甜西红柿片配黄油鸡蛋粒,2,174
2022,2,1302,南昌大学,Hell world,2,175
2022,2,1303,南京邮电大学,njupt22tea m11,2,176
2022,2,1303,重庆大学,test,2,176
2022,2,1303,湖南工学院,青草池塘处处wa,2,176
2022,2,1306,南昌理工学院,哆啦AK梦,2,177
2022,2,1307,闽南师范大学,"披荆称王,伴坤远航",2,178
2022,2,1308,山东建筑大学,捍卫铜牌,2,179
2022,2,1308,哈尔滨理工大学,HRBUST20 22ICPCY2,2,179
2022,2,1308,南开大学,虽5但u,2,179
2022,2,1311,长江师范学院,重启征途,2,180
2022,2,1311,湖南中医药大学,Taboo_inst ructor,2,180
2022,2,1311,邵阳学院,AC队,2,180
2022,2,1314,陕西科技大学,三个外省人打陕西省省赛,2,181
2022,2,1314,莆田学院,云,2,181
2022,2,1314,哈尔滨理工大学,HRBUST20 22ICPCY3,2,181
2022,2,1317,江西理工大学,锟斤拷,2,182
2022,2,1317,中国矿业大学(北京),ldd,2,182
2022,2,1319,长沙学院,刘刘刘,2,183
2022,2,1319,黑龙江大学,52白寻36黑,2,183
2022,2,1321,河北师范大学,o泡时间到,2,185
2022,2,1322,中国传媒大学,不摆烂就......,2,186
2022,2,1323,徐州工程学院,你好哇,2,187
2022,2,1323,湖南文理学院,六点钟,2,187
2022,2,1323,同济大学,葱包粉丝后援团,2,187
2022,2,1326,华南师范大学,公费旅游(Publicly -Funded Tourists),2,188
2022,2,1326,湘潭大学,XTU_恶龙骑士,2,188
2022,2,1328,山东理工大学,Dawn,2,189
2022,2,1328,湖北工业大学,三只菜鸡,2,189
2022,2,1328,山东师范大学,昨日不重现!,2,189
2022,2,1328,浙江工商大学,不想起名,2,189
2022,2,1328,南开大学,啊对--对对队,2,189
2022,2,1333,中北大学,打得不错,2,190
2022,2,1333,南京晓庄学院,月亮馍战胜了卤蛋卷,2,190
2022,2,1333,天津工业大学,Silent Selene,2,190
2022,2,1333,河海大学,米奇妙妙屋,2,190
2022,2,1333,广州大学,啊对对队,2,190
2022,2,1333,广州航海学院,洲洲ak队,2,190
2022,2,1339,山东工商学院,茶话会,2,192
2022,2,1339,浙江中医药大学,ZCMU-六只手敲不出代码队,2,192
2022,2,1339,湖南警察学院,不走路队,2,192
2022,2,1339,湖南警察学院,凑热闹队,2,192
2022,2,1339,石家庄铁道大学,我是ikun你记住,2,192
2022,2,1344,天津工业大学,大聪明不相信眼泪,2,193
2022,2,1344,中南民族大学,你在搞什么AC啊,2,193
2022,2,1346,沈阳航空航天大学,打铁小分队,2,194
2022,2,1346,南阳理工学院,风的视线,2,194
2022,2,1348,南昌航空大学,两年半的练习生,2,195
2022,2,1349,武汉轻工大学,额可赛普特,2,196
2022,2,1349,湘潭大学,XTU_鳖载着理发店,2,196
2022,2,1349,湖州师范学院,zjhu_KOF2 002,2,196
2022,2,1349,福建工程学院,想不出名啦,2,196
2022,2,1353,华南师范大学,随便打打,2,197
2022,2,1353,成都锦城学院,Cody和两个跟班,2,197
2022,2,1355,华南师范大学,ICPC!见证虔诚的信徒!,2,198
2022,2,1355,东华理工大学,白给第一大队,2,198
2022,2,1357,辽宁工程技术大学,404,2,199
2022,2,1357,金华职业技术学院,我没意见,2,199
2022,2,1357,北京化工大学,Gotos,2,199
2022,2,1357,南京邮电大学通达学院,西西弗斯不想坐牢,2,199
2022,2,1357,江西师范大学,面向WA程序设计,2,199
2022,2,1362,武汉理工大学,有福同享有难退队,2,200
2022,2,1362,青岛理工大学,Good dish A,2,200
2022,2,1362,徐州工程学院,嘎嘎冲,2,200
2022,2,1362,广州大学,代码敲不队,2,200
2022,2,1366,中国地质大学(北京),223,2,201
2022,2,1366,成都信息工程大学,整点活嘛,2,201
2022,2,1366,江苏理工学院,求求给个名额吧,2,201
2022,2,1366,云南大学,爱拼才会队,2,201
2022,2,1370,四川大学,把握不住,2,202
2022,2,1371,浙江科技学院,小白队,2,203
2022,2,1371,平顶山学院,做梦都在wa,2,203
2022,2,1371,西南大学,西南大学2队,2,203
2022,2,1374,中国地质大学(北京),勇攀高峰队,2,204
2022,2,1375,三峡大学,一脚两题队,2,205
2022,2,1375,郑州大学,不知道起什么队名就变成这样了,2,205
2022,2,1375,福建农林大学,戴老师说得队,2,205
2022,2,1378,华中农业大学,九宫,2,206
2022,2,1379,浙江师范大学,三号楼说猫德是伪科学,2,207
2022,2,1380,北京化工大学,Navi,2,208
2022,2,1381,湖北经济学院,希望做的队,2,209
2022,2,1382,南京林业大学,锁金村村队,2,210
2022,2,1383,潍坊学院,积极向上队,2,211
2022,2,1383,西南民族大学,にっこり^^調査隊,2,211
2022,2,1383,福建师范大学,壹壹肆伍壹肆,2,211
2022,2,1386,中国传媒大学,一刀子一刀子,2,212
2022,2,1386,浙江金融职业学院,宇宙无敌超级酷炫噼里啪啦究极进化暴龙战士,2,212
2022,2,1386,中国人民大学,陕公先锋,2,212
2022,2,1389,河北农业大学,路人选手的过题方法,2,213
2022,2,1389,山东师范大学,日常开摆,2,213
2022,2,1389,南京邮电大学,njupt22tea m17,2,213
2022,2,1392,山东大学,山竹队,2,214
2022,2,1392,台州学院,404 Not Found,2,214
2022,2,1394,哈尔滨工业大学(威海),余好AC以Debug兮,2,215
2022,2,1394,南京邮电大学,njupt22tea m1502,2,215
2022,2,1394,广东财经大学,说不定对队,2,215
2022,2,1397,湖南人文科技学院,"男女男,长株潭",2,216
2022,2,1398,上海海洋大学,海绵宝宝,2,217
2022,2,1398,南开大学,狂乱木曜日,2,217
2022,2,1398,重庆大学,重在参与,2,217
2022,2,1398,肇庆学院,北岭五队,2,217
2022,2,1402,台州学院,nullptr,2,218
2022,2,1402,浙江财经大学,坐牢小分队,2,218
2022,2,1402,华东交通大学,想对就队,2,218
2022,2,1405,河南财经政法大学,距离放假还有XX天,2,219
2022,2,1405,中国科学技术大学,东风雏鹰队,2,219
2022,2,1405,肇庆学院,北岭四队,2,219
2022,2,1405,中国传媒大学,三只菜汪,2,219
2022,2,1405,山东女子学院,尼卡小队,2,219
2022,2,1405,安徽财经大学,南波万队,2,219
2022,2,1405,北京工业大学,BJUTCSLez Go,2,219
2022,2,1412,乐山师范学院,WWQ,2,220
2022,2,1412,中国传媒大学,海底捞,2,220
2022,2,1412,湖北工业大学,饺子队,2,220
2022,2,1412,河北师范大学,九天揽月,2,220
2022,2,1412,西南财经大学,三人成行,2,220
2022,2,1417,东北大学秦皇岛分校,坐一下午做不队,2,221
2022,2,1417,浙江工商大学,啊对对队,2,221
2022,2,1419,江西工程学院,iKun助我AK,2,222
2022,2,1419,华南师范大学,华师啊对对队,2,222
2022,2,1419,华中农业大学,队对堆对队,2,222
2022,2,1419,苏州大学,扣1拿牌111,2,222
2022,2,1423,湖北第二师范学院,Dcrown,2,223
2022,2,1424,中原工学院,什么都队>,2,224
2022,2,1425,东南大学,鸡你太美,2,225
2022,2,1425,北京工业大学,龙卷风摧毁停车场,2,225
2022,2,1427,大连理工大学,goatthekid,2,226
2022,2,1427,东北大学秦皇岛分校,gn守守胃,2,226
2022,2,1427,湖南第一师范学院,守护最好的坤坤,2,226
2022,2,1427,齐鲁工业大学,阳杰丹队,2,226
2022,2,1431,鲁东大学,不出成绩不改队名,2,227
2022,2,1431,东北林业大学,啊对对对对对,2,227
2022,2,1433,长春理工大学,怀念2019现场赛,2,228
2022,2,1433,南京信息工程大学,横看成A侧成WA,2,228
2022,2,1433,南昌航空大学,做梦都想AC,2,228
2022,2,1436,山东师范大学,Viva_la_vid a,2,229
2022,2,1436,广州大学,面向样例编程,2,229
2022,2,1436,浙江工商大学杭州商学院,一个英文名字A Chinese name,2,229
2022,2,1439,鲁东大学,求稳队,2,230
2022,2,1440,韶关学院,这一次不会卡题,2,231
2022,2,1440,华东理工大学,先WA几发下下饭,2,231
2022,2,1442,广东东软学院,永不秃头队,2,232
2022,2,1442,广西师范大学,小二上盘wawa菜,2,232
2022,2,1442,河南科技大学,HAUST_5,2,232
2022,2,1442,东莞理工学院,顺羽,2,232
2022,2,1446,黑龙江科技大学,寄寄寄寄摆摆摆摆,2,233
2022,2,1446,湘潭大学,XTU_8队,2,233
2022,2,1446,江西理工大学,吴姐,2,233
2022,2,1446,湖南科技大学,ArcadiaCa mus,2,233
2022,2,1446,河南理工大学,错失一次坐牢机会,2,233
2022,2,1446,武汉理工大学,不会起名队,2,233
2022,2,1452,北京师范大学,TWZ.不寄,2,235
2022,2,1452,南京邮电大学,njupt22tea m13,2,235
2022,2,1452,天津理工大学,明理湖水怪,2,235
2022,2,1452,江西财经大学,郭楠 show show way,2,235
2022,2,1452,乐山师范学院,我知道你很牛但你先别ac,2,235
2022,2,1452,同济大学,暂时没有名字队,2,235
2022,2,1458,韶关学院,不敲代码,2,236
2022,2,1459,浙江育英职业技术学院,霸道宗爷当小代,2,237
2022,2,1459,苏州科技大学,春日漂流,2,237
2022,2,1459,浙江育英职业技术学院,Earth Hour,2,237
2022,2,1462,宁波工程学院,魔怔刷题人,2,238
2022,2,1462,武昌首义学院,一颗生成树,2,238
2022,2,1462,成都理工大学宜宾校区,红烧豆腐,2,238
2022,2,1465,北京建筑大学,橘子酱一定能考上研,2,240
2022,2,1465,齐鲁工业大学,相信你,2,240
2022,2,1465,湖北中医药大学,日均三顿放纵餐,2,240
2022,2,1468,西安理工大学,WA最速传说,2,241
2022,2,1469,上海大学,HelloBug,2,242
2022,2,1469,浙江工业大学之江学院,zjc114514取名真是难,2,242
2022,2,1471,山东理工大学,_silver,2,243
2022,2,1471,南通师范高等专科学校,NTNC1,2,243
2022,2,1473,长沙理工大学,我不想上算法3,2,244
2022,2,1474,长春大学,怀念蛙蛙队,2,245
2022,2,1474,上海科技大学,一支看似平平无奇的队伍,2,245
2022,2,1474,济南大学,sk計画,2,245
2022,2,1474,桂林电子科技大学,打了羊胎素,2,245
2022,2,1478,长沙理工大学,寄了摆,2,246
2022,2,1478,西安工业大学,WA着上榜,2,246
2022,2,1478,电子科技大学中山学院,CDZSC_LL F,2,246
2022,2,1481,山东大学,阿水大杯茶,2,247
2022,2,1481,南京工业大学,石上三年,2,247
2022,2,1483,中国矿业大学,旷世奇才,2,248
2022,2,1484,南昌大学,wa掘机,2,249
2022,2,1484,河北师范大学,修女与鱼,2,249
2022,2,1484,乐山师范学院,乐山大佛保佑我,2,249
2022,2,1487,河南工业大学,Crazy Sunday Vme 50,2,250
2022,2,1487,天津大学,ACG_tju分部,2,250
2022,2,1487,黑龙江大学,土土土突突突突,2,250
2022,2,1487,湖南农业大学,不会取队名,2,250
2022,2,1491,天津工业大学,好想吃麻辣烫,2,251
2022,2,1491,河海大学,酸菜余队,2,251
2022,2,1493,华东交通大学,神探威威猫,2,252
2022,2,1493,中原工学院,Forerunne r,2,252
2022,2,1493,山东理工大学,咸蛋炖山竹,2,252
2022,2,1496,长春大学,关于项毅展让我去单挑这件事,2,254
2022,2,1497,济南大学,对的对的队,2,255
2022,2,1497,长沙学院,小猪佩奇的弟弟,2,255
2022,2,1499,河北经贸大学,桃李不言,2,256
2022,2,1499,河北师范大学,样例通过为什么不能AC,2,256
2022,2,1501,河南财经政法大学,菜籽荚仁,2,257
2022,2,1502,长春理工大学,再飞行,2,258
2022,2,1502,内蒙古师范大学,3FM,2,258
2022,2,1504,曲阜师范大学,AC钙奶,2,260
2022,2,1504,哈尔滨学院,哈学院1队,2,260
2022,2,1504,山东工商学院,wawa自动机,2,260
2022,2,1504,浙江农林大学,打铁还需自身硬,2,260
2022,2,1508,华北科技学院,都可以队,2,261
2022,2,1508,青岛理工大学,糖果超甜鼻屎齁咸,2,261
2022,2,1510,福建工程学院,傅里叶变换,2,262
2022,2,1511,广东工业大学揭阳校区,天依不加糖,2,263
2022,2,1511,中原工学院,我磕的cp全是真的对不队,2,263
2022,2,1511,湖南科技学院,huse二队,2,263
2022,2,1514,中国地质大学(武汉),只会做签到题,2,265
2022,2,1514,绍兴文理学院元培学院,卷心菜,2,265
2022,2,1516,浙江育英职业技术学院,为书记打call,2,267
2022,2,1516,成都信息工程大学,羊村警卫队,2,267
2022,2,1516,河南理工大学,只因你太美,2,267
2022,2,1516,浙江工商大学,北极企鹅,2,267
2022,2,1516,西南科技大学,啊对对对,2,267
2022,2,1521,湖南城市学院,扣1佛祖保佑你AC,2,268
2022,2,1522,常熟理工学院,舞花猫,2,269
2022,2,1522,成都信息工程大学,与变成了地球online美少女的队友一起打铁,2,269
2022,2,1522,广东东软学院,签个到就走,2,269
2022,2,1522,石家庄铁道大学,破浪队,2,269
2022,2,1522,淮北师范大学,拔剑能留住落樱吗,2,269
2022,2,1527,福建师范大学,想成为男铜,2,270
2022,2,1527,西南财经大学,疯狂周四,2,270
2022,2,1527,宁波财经学院,偷吃贡品,2,270
2022,2,1527,信息工程大学,三小只打铁怪,2,270
2022,2,1527,山东石油化工学院,山中月水中石,2,270
2022,2,1527,河南农业大学,神奇酸奶,2,270
2022,2,1533,浙江万里学院,我们仍未知道那天的题是否AC,2,271
2022,2,1533,河南财政金融学院,努力进厂,2,271
2022,2,1533,金华职业技术学院,享受爆零快乐,2,271
2022,2,1536,山东理工大学,星辰阁,2,272
2022,2,1537,合肥工业大学,嫩牛五方,2,273
2022,2,1537,南通大学,打铁小分队,2,273
2022,2,1537,武汉学院,WHCC,2,273
2022,2,1537,安徽工业大学,蒟蒻摆烂,2,273
2022,2,1541,鲁东大学,平平无奇,2,275
2022,2,1542,安阳工学院,"心中有丘壑,眉目作山河",2,276
2022,2,1542,广东外语外贸大学,AC全靠数据差,2,276
2022,2,1542,哈尔滨学院,都可以,2,276
2022,2,1542,河南农业大学,研谦朝,2,276
2022,2,1546,湖北第二师范学院,网络一线牵,2,278
2022,2,1546,南昌大学,WAkeeper,2,278
2022,2,1546,成都锦城学院,福瑞坐大牢,2,278
2022,2,1546,杭州师范大学,菜而不自知,2,278
2022,2,1550,南开大学,AC/真心为你,2,279
2022,2,1550,南阳理工学院,早起打太极,2,279
2022,2,1550,闽南师范大学,你是爱我的对不队,2,279
2022,2,1550,中国人民大学,姬霓太美,2,279
2022,2,1550,长沙学院,名字好难取,2,279
2022,2,1555,哈尔滨工业大学(威海),#66CCFF,2,280
2022,2,1555,厦门理工学院,为中华之崛起而读书,2,280
2022,2,1557,山东工商学院,英语四级accepted,2,281
2022,2,1557,临沂大学,会发生奇迹对不对,2,281
2022,2,1557,烟台大学,没有队名就是最好的队名,2,281
2022,2,1557,北京工业大学,High Level genius,2,281
2022,2,1561,哈尔滨商业大学,理塘最強伝説と絶兇の猛虎!純真丁一郎です后援团,2,282
2022,2,1561,广东东软学院,都行,2,282
2022,2,1561,上海大学,真的不能在优化了,2,282
2022,2,1564,南昌航空大学,简简单单划水摸鱼,2,283
2022,2,1564,信息工程大学,大人时代变了,2,283
2022,2,1564,湖北大学,重生之我想当菜狗,2,283
2022,2,1567,浙江金融职业学院,可持久化内卷,2,284
2022,2,1567,绍兴文理学院元培学院,保一争二,2,284
2022,2,1567,南昌大学,GreatDian a,2,284
2022,2,1567,福建农林大学,16KB打铁队,2,284
2022,2,1567,武汉工程大学,摸鱼小分队,2,284
2022,2,1572,中国科学技术大学,Team1145 14,2,285
2022,2,1572,南昌航空大学,可以AC但没必要,2,285
2022,2,1572,东华大学,硬创泥头车,2,285
2022,2,1575,南昌航空大学,晴天小队,2,286
2022,2,1575,山东工商学院,画地为牢,2,286
2022,2,1575,黑龙江大学,贪心只能过样例,2,286
2022,2,1575,中国人民警察大学,jls的小粉丝们,2,286
2022,2,1579,长春工业大学,小瘪扇,2,287
2022,2,1579,宜春学院,yyyy,2,287
2022,2,1581,石家庄铁道大学,代码写的都队,2,288
2022,2,1582,青岛科技大学,面向样例的程序设计,2,289
2022,2,1583,华南师范大学,123456,2,291
2022,2,1583,衡阳师范学院,爱,2,291
2022,2,1585,郑州轻工业大学,今天队友刷题了吗,2,292
2022,2,1586,北方工业大学,996,2,293
2022,2,1587,山东农业大学,泪洒梳洗河,2,294
2022,2,1588,北京化工大学,AlwaysAC,2,295
2022,2,1589,华东交通大学,昵称无误,2,296
2022,2,1590,南阳师范学院,清蒸皮卡丘,2,297
2022,2,1591,泰州职业技术学院,落魄魄罗迫魄罗落魄,2,299
2022,2,1591,南阳师范学院,红烧杰尼龟,2,299
2022,2,1591,信息工程大学,aknb,2,299
2022,2,1591,浙江工业职业技术学院,步步高AC机,2,299
2022,2,1591,哈尔滨理工大学,HRBUST20 22ICPCY7,2,299
2022,2,1596,合肥学院,火箭队,2,300
2022,2,1597,湖州学院,I wanna,2,301
2022,2,1598,宁波工程学院,队长没过4级队,2,302
2022,2,1599,河北师范大学,取啥对名呢,2,303
2022,2,1600,山东师范大学,发生什么事了,2,304
2022,2,1601,无锡学院,复读机我最深情,2,305
2022,2,1602,华东理工大学,遇到什么bug都会横眉冷队,2,306
2022,2,1603,青岛科技大学,拾星,2,308
2022,2,1603,浙江万里学院,我们仨指定嘎嘎乱杀,2,308
2022,2,1603,华南师范大学,又要起队名,2,308
2022,2,1603,广东金融学院,zood,2,308
2022,2,1607,北京化工大学,正确的一针见血的,2,309
2022,2,1607,浙江农林大学暨阳学院,夕阳男孩,2,309
2022,2,1607,中南林业科技大学,CSUFT3队,2,309
2022,2,1607,鲁东大学,三带一,2,309
2022,2,1611,中国传媒大学,只想睡大觉,2,310
2022,2,1612,浙大宁波理工学院,不想爆零,2,311
2022,2,1612,哈尔滨理工大学,HRBUST20 22ICPCY10,2,311
2022,2,1612,南昌大学,WaProduc er,2,311
2022,2,1612,江西财经大学,随便叫啥,2,311
2022,2,1612,四川信息职业技术学院,为什么不队,2,311
2022,2,1617,华北理工大学,摆烂大队,2,312
2022,2,1618,湘潭大学,XTU_06,2,313
2022,2,1619,苏州大学,啊对对队,2,314
2022,2,1619,湖北工业大学,样例对了我不队,2,314
2022,2,1621,山东理工大学,超级炫酷的小毛驴,2,315
2022,2,1622,华中农业大学,南湖打铁王,2,316
2022,2,1622,河南科技大学,HAUST_2,2,316
2022,2,1622,东北农业大学,AC手动机,2,316
2022,2,1622,山东科技大学,奥德赛号,2,316
2022,2,1622,潍坊学院,良夜清风月满湖,2,316
2022,2,1627,江西师范大学,你随便,2,317
2022,2,1628,湖南人文科技学院,guanwoni aoshi,2,318
2022,2,1628,哈尔滨工业大学(深圳),裁雨留虹,2,318
2022,2,1630,郑州轻工业大学,5Ds,2,319
2022,2,1631,福州大学至诚学院,遇事不决直接开摆,2,321
2022,2,1631,湖南信息学院,蒟蒻队,2,321
2022,2,1633,湖南第一师范学院,舌尖上的dysf,2,322
2022,2,1633,湖南工学院,小鲤鱼历险记,2,322
2022,2,1633,衡阳师范学院,抽象组合,2,322
2022,2,1633,中南林业科技大学,CSUFT4队,2,322
2022,2,1637,中国矿业大学(北京),First Task,2,323
2022,2,1638,广东金融学院,评测机上抹点绿,2,324
2022,2,1638,河北师范大学,绝境作战计划,2,324
2022,2,1638,鲁东大学,功不唐捐,2,324
2022,2,1641,沈阳航空航天大学,the Garden of sinners,2,325
2022,2,1641,厦门大学嘉庚学院,白开水没有味,2,325
2022,2,1641,河南理工大学,评测姬嫂子请多绿龙队,2,325
2022,2,1644,同济大学,喜欢我acm白给嘛,2,326
2022,2,1645,广西民族大学,UnJuanabl e,2,328
2022,2,1645,上海建桥学院,啊对对队,2,328
2022,2,1645,黑龙江工程学院,穿林打叶,2,328
2022,2,1648,东北大学,NEU_时间列车,2,329
2022,2,1648,哈尔滨理工大学,HRBUST20 22ICPCY11,2,329
2022,2,1648,江西理工大学,这是你的捍卫者,2,329
2022,2,1651,中国计量大学,多A就C队,2,330
2022,2,1652,合肥学院,菲尼克斯,2,331
2022,2,1652,盐城工学院,小巷清风,2,331
2022,2,1654,南昌理工学院,剑来,2,332
2022,2,1655,中南民族大学,宁愿孤注一掷,2,333
2022,2,1656,华南农业大学,教练我想AC,2,334
2022,2,1657,石家庄铁道大学,lsc的航空母舰,2,336
2022,2,1657,华南师范大学,与发际线作队(I Still Have Hair),2,336
2022,2,1659,中北大学,逸一时误一世,2,337
2022,2,1659,黑龙江大学,刀客塔的奇妙冒险,2,337
2022,2,1661,东华大学,鸽子咕咕咕,2,338
2022,2,1661,广西科技大学,进前百分之九十就算成功,2,338
2022,2,1661,成都信息工程大学,叫个厉害点的名字,2,338
2022,2,1661,浙江育英职业技术学院,今天也是浑水摸鱼的一天,2,338
2022,2,1665,浙江广厦建设职业技术大学,天机队,2,343
2022,2,1666,中国民航大学,说的都队,2,344
2022,2,1666,北京工业大学,三个火枪手,2,344
2022,2,1668,上海应用技术大学,四面楚鸽,2,345
2022,2,1668,太原理工大学,菜鸟SOS队,2,345
2022,2,1670,北京师范大学珠海校区,公费特判样例,2,346
2022,2,1671,闽南师范大学,干就完了奥利给队,2,347
2022,2,1672,武汉轻工大学,三料特工,2,349
2022,2,1672,武汉大学,不摆不摆,2,349
2022,2,1672,合肥工业大学宣城校区,收电动车,2,349
2022,2,1675,天津工业大学,啊对对队,2,351
2022,2,1676,浙江万里学院,我的女装ACmers不可能这么可爱,2,352
2022,2,1677,西北大学,只因械键盘,2,353
2022,2,1678,郑州工程技术学院,白给不白给,2,356
2022,2,1678,湖北工业大学,徐老师粉丝团,2,356
2022,2,1678,河南师范大学,嘿哈嘿哈队,2,356
2022,2,1681,长春理工大学,步行九英里,2,357
2022,2,1682,济南大学,这不DJ吗,2,359
2022,2,1683,南昌大学,玛卡巴卡,2,360
2022,2,1683,哈尔滨工业大学(威海),Code Monkey,2,360
2022,2,1683,哈尔滨学院,葱,2,360
2022,2,1686,延安大学西安创新学院,什么队,2,361
2022,2,1687,燕山大学,珂朵莉树上会有珂朵莉吗,2,363
2022,2,1687,河南农业大学,第五代最速理塘速通传说,2,363
2022,2,1689,南京信息工程大学,赋歌为悟世,2,365
2022,2,1689,南昌大学,无敌毛毛虫,2,365
2022,2,1691,湖南工业大学,WA一次就改队名,2,366
2022,2,1692,山西大学,试试水队,2,368
2022,2,1692,南昌航空大学,青青草原队,2,368
2022,2,1694,河南农业大学,三个大帅哥,2,369
2022,2,1694,厦门理工学院,斯密马赛队,2,369
2022,2,1696,西安理工大学,神秘的力量,2,370
2022,2,1696,南京工业大学,队名不知道叫啥,2,370
2022,2,1698,青岛理工大学,精神小伙成双队,2,371
2022,2,1698,河南理工大学,重生之我是菜鸡,2,371
2022,2,1700,广西师范大学,不喝拿铁就不会拿铁,2,372
2022,2,1700,湘潭大学,XTU_人不熬夜就不会熬夜,2,372
2022,2,1700,南昌理工学院,你说啥都队,2,372
2022,2,1700,北京林业大学,北林附小二队,2,372
2022,2,1704,南京工业大学,代码联邦,2,374
2022,2,1705,浙江育英职业技术学院,试图用648拯救世界,2,375
2022,2,1706,西南科技大学,祺聆,2,376
2022,2,1706,贵州民族大学,芝士WA,2,376
2022,2,1706,韩山师范学院,满级队,2,376
2022,2,1709,南华大学,WAWAWA,2,377
2022,2,1709,河北经贸大学,。。。队,2,377
2022,2,1711,南京晓庄学院,全靠队友AC,2,378
2022,2,1711,乐山师范学院,发际线和我作对,2,378
2022,2,1713,中国矿业大学徐海学院,Akie求会,2,381
2022,2,1713,北京师范大学,未来一队,2,381
2022,2,1715,国际关系学院,疫情早日结束,2,382
2022,2,1715,湖南工业大学,签到就算赢,2,382
2022,2,1715,潍坊学院,嘉然做不队,2,382
2022,2,1715,中国民航大学,菜鸡三人组,2,382
2022,2,1715,黑龙江科技大学,go rush B,2,382
2022,2,1720,云南大学,梅花队,2,385
2022,2,1721,长沙学院,花椰焯栗鸭,2,387
2022,2,1722,北京理工大学珠海学院,猫猫狗狗,2,390
2022,2,1723,湖南农业大学东方科技学院,啊队队队,2,392
2022,2,1723,湖北大学,重生之我是无脊椎动物,2,392
2022,2,1723,南京航空航天大学,飞天面神教,2,392
2022,2,1723,中国人民警察大学,F1am3,2,392
2022,2,1727,广东理工学院,答的都队,2,393
2022,2,1728,南昌理工学院,|=>广告位出租dd,2,394
2022,2,1729,东北大学,NEU_整点番茄酱,2,396
2022,2,1730,金陵科技学院,so,2,398
2022,2,1730,中原工学院,place_deg enerative,2,398
2022,2,1730,安徽师范大学,夕阳红老年队,2,398
2022,2,1730,吉林大学,打不好ACM就回去调整,2,398
2022,2,1734,长春理工大学,繁星点点,2,400
2022,2,1734,南阳师范学院,天天开wa掘机,2,400
2022,2,1734,湖南中医药大学,Handsome Acmers,2,400
2022,2,1734,昆明理工大学,队名不重要,2,400
2022,2,1738,西南交通大学,可莉想打网络赛但是只能抱大腿,2,402
2022,2,1739,安徽大学,Untitled -副本,2,405
2022,2,1740,江西财经大学,roop,2,406
2022,2,1741,广东工业大学,登鲤,2,408
2022,2,1741,邵阳学院,红橙作伴,2,408
2022,2,1743,江西师范大学,离开有鱼的季节,2,409
2022,2,1743,南京林业大学,揭开他们的面纱,2,409
2022,2,1743,华东交通大学,脱贫脱单不脱发队,2,409
2022,2,1746,深圳技术大学,队名我不到啊,2,412
2022,2,1746,中北大学,中北幼稚园养老队,2,412
2022,2,1748,郑州大学,签到就是成功,2,413
2022,2,1749,西安石油大学,变成暴力守护WA,2,414
2022,2,1749,湖南科技学院,夜航,2,414
2022,2,1751,台州学院,临海羡鱼队,2,415
2022,2,1752,江西财经大学,玛卡巴卡,2,418
2022,2,1753,河北工业大学,我俩没有仨?,2,422
2022,2,1754,东北林业大学,代码能敲队,2,423
2022,2,1755,西北农林科技大学,daydayup,2,426
2022,2,1756,广东外语外贸大学,无知者之伍,2,433
2022,2,1756,哈尔滨理工大学(威海),Daybreak,2,433
2022,2,1756,河南科技大学,HAUST_3,2,433
2022,2,1756,曲阜师范大学,签到就走,2,433
2022,2,1760,河南师范大学,熊猫队,2,434
2022,2,1761,中国民航大学,重生之我还是菜狗,2,435
2022,2,1762,华北电力大学(北京),team002,2,436
2022,2,1762,台州学院,签到队,2,436
2022,2,1762,山东中医药大学,版本答案,2,436
2022,2,1765,浙江工商大学,寄科摆烂队,2,437
2022,2,1766,江西财经大学,均衡存户万物之间,2,443
2022,2,1767,南昌理工学院,我也不想摆,2,445
2022,2,1767,汕头大学,没有对象也没什么不对,2,445
2022,2,1767,南昌航空大学,勉强签到队,2,445
2022,2,1770,温州大学,温大5队,2,447
2022,2,1771,山东大学,复制粘贴,2,450
2022,2,1772,同济大学,花园宝宝骑着野驴开派队,2,452
2022,2,1772,江西理工大学,雄伟喵,2,452
2022,2,1774,中国地质大学(武汉),路人选手的WA方法,2,455
2022,2,1775,北方工业大学,我的名字不叫大星队,2,460
2022,2,1776,沈阳航空航天大学,"全是暴力,没有算法",2,464
2022,2,1777,安徽工业大学,安工大214,2,465
2022,2,1777,成都锦城学院,因为不知道叫什么所以随便吧,2,465
2022,2,1779,内蒙古科技大学,娃哈哈,2,466
2022,2,1780,湖州师范学院,zjhu_hcble ss,2,467
2022,2,1780,安徽大学,"希腊奶,我从来没有想过ac这个问题",2,467
2022,2,1782,南京航空航天大学,re从零开始的竞赛生活,2,469
2022,2,1783,南京农业大学,冒险家协会,2,470
2022,2,1783,广州城市理工学院,长方形的面积是底乘以高,2,470
2022,2,1783,兰州大学,双枪李向阳大队,2,470
2022,2,1786,曲阜师范大学,我在外面排队做核酸呢,2,478
2022,2,1787,安徽工业大学,皮蛋瘦肉粥,2,485
2022,2,1788,哈尔滨工业大学(威海),V我50,2,488
2022,2,1788,北京电子科技学院,一二三队,2,488
2022,2,1790,南京信息工程大学,那你能帮帮我吗,2,489
2022,2,1790,华中农业大学,烟杆欢宝,2,489
2022,2,1792,浙江万里学院,菜鸟队,2,491
2022,2,1793,桂林电子科技大学,拔萝卜,2,497
2022,2,1793,东北师范大学,Virtual Mirage,2,497
2022,2,1793,宁波财经学院,关爱病危选手,2,497
2022,2,1796,济南大学,只因你太美,2,498
2022,2,1797,武汉工程大学,卧龙凤雏,2,501
2022,2,1798,淮北师范大学,A.F.K,2,503
2022,2,1799,安徽师范大学,010队,2,508
2022,2,1799,兰州理工大学,你怎么知道我有猫咪rua~,2,508
2022,2,1801,中央民族大学,起名字真难队,2,510
2022,2,1802,太原理工大学,单车变摩托,2,514
2022,2,1803,东北林业大学,金牌打铁匠,2,517
2022,2,1804,南京工业大学,元宇宙,2,523
2022,2,1804,山东工商学院,码到成功,2,523
2022,2,1806,宁波财经学院,wawa菜,2,526
2022,2,1807,安徽工程大学,月下三兄贵,2,527
2022,2,1808,湖南工学院,随便混混,2,529
2022,2,1809,兰州大学,河童软科,2,531
2022,2,1810,南京理工大学,打铁狗狗虫,2,532
2022,2,1811,中国人民公安大学,EL·PSY·KONGRO O,2,534
2022,2,1812,太原理工大学,QuEST,2,535
2022,2,1813,浙江农林大学,╯▂╰,2,537
2022,2,1814,江西师范大学,啊对对队,2,549
2022,2,1815,大连大学,两面包夹芝士,2,565
2022,2,1816,重庆移通学院,摆烂队,2,567
2022,2,1817,中南民族大学,果冻三剑客,2,571
2022,2,1818,华南师范大学,ppt大赛冠军,2,572
2022,2,1819,华南师范大学,乳燕出巢,2,589
2022,2,1819,安徽师范大学,牛马队,2,589
2022,2,1821,平顶山学院,自习室卷心菜,2,591
2022,2,1822,天津工业大学,完全不队,2,594
2022,2,1823,河北工程大学,苦练oi两年半,2,599
2022,2,1824,青岛大学,猫猫管家粉丝后援团,2,604
2022,2,1825,华南师范大学,你说的队(You Are Right),2,605
2022,2,1825,中国石油大学(北京),头顶天山鹅毛雪,2,605
2022,2,1827,山东理工大学,Go_all_out,2,613
2022,2,1828,山东财经大学,杰哥不要嘛,2,616
2022,2,1829,广州大学,豪豪战队,2,630
2022,2,1830,苏州大学,DFS,2,640
2022,2,1831,北京师范大学,打完开排队PAC,2,662
2022,2,1832,吉林大学,咱A不了怎么想都是数据的锅,2,686
2022,2,1833,南京工业大学,只想赢一场,2,687
2022,2,1834,湖南农业大学东方科技学院,A,2,695
2022,2,1835,华南师范大学,海子和两个打工人,2,701
2022,2,1836,韩山师范学院,烈焰玫瑰,2,721
2022,2,1837,江西科技学院,清影耀阳,2,770
2022,2,1838,安徽师范大学,鲤鱼王跃龙门,2,886
2022,2,1839,南昌大学,取队名真jb难,2,891
2022,2,1840,苏州科技大学,蜘蛛侠4:王者归来,1,9
2022,2,1841,四川师范大学,哈哈哈,1,10
2022,2,1842,上海财经大学,CHIANAK O,1,17
2022,2,1842,江西理工大学,zlz,1,17
2022,2,1844,福建农林大学,偷听思路才能写得对2.0,1,18
2022,2,1844,东北农业大学,速速想队名,1,18
2022,2,1844,安徽工业大学,无言以队,1,18
2022,2,1847,南昌航空大学,混就完事了,1,19
2022,2,1848,陕西师范大学,听取WA声一片,1,20
2022,2,1848,温州大学,温大4队,1,20
2022,2,1848,大连东软信息学院,请输入,1,20
2022,2,1851,成都理工大学,QwQ,1,21
2022,2,1851,北京工业大学,又一支北京工业大学队,1,21
2022,2,1851,盐城工学院,北巷清风,1,21
2022,2,1851,河南理工大学,"玩归玩,闹归闹,别拿签到开玩笑",1,21
2022,2,1855,东华大学,我全都要,1,22
2022,2,1855,北京化工大学,海底小纵队,1,22
2022,2,1855,成都东软学院,未闻花名,1,22
2022,2,1858,河南师范大学,AK? no thinking,1,23
2022,2,1858,山东大学,梦之队,1,23
2022,2,1858,天津仁爱学院,"弹一首""Secret""头发会长回来吗",1,23
2022,2,1858,武汉科技大学,队友于apex十二赛季上钻望周知队,1,23
2022,2,1862,西北农林科技大学,飞鱼要上天,1,24
2022,2,1862,太原理工大学,在此提交flag:,1,24
2022,2,1862,湖南第一师范学院,"总会AC的,不是嘛?",1,24
2022,2,1862,同济大学,超市里的渣哥,1,24
2022,2,1862,湖南城市学院,AK不AC,1,24
2022,2,1867,徐州工程学院,三人思,1,25
2022,2,1867,山东科技大学,亚特兰蒂斯号,1,25
2022,2,1867,大连大学,yydz,1,25
2022,2,1867,北京工业大学,板烧鸡腿堡,1,25
2022,2,1871,西南石油大学,三元运算律,1,26
2022,2,1872,南昌航空大学,RUSH D,1,27
2022,2,1872,华北理工大学,A1高闪,1,27
2022,2,1872,上海电机学院,只因你太美,1,27
2022,2,1875,南华大学,想名字太麻烦,1,28
2022,2,1875,长安大学,runrunrun,1,28
2022,2,1877,北京工业大学,"疫严顶真,鉴定为封校",1,29
2022,2,1877,齐鲁工业大学,农夫山泉队,1,29
2022,2,1879,浙江工业大学之江学院,不求AC但求吃饱,1,30
2022,2,1879,同济大学,人菜瘾大队,1,30
2022,2,1879,南阳师范学院,芝士蒟蒻,1,30
2022,2,1882,广东财经大学,练习时长两年半,1,31
2022,2,1882,西北师范大学,comingho me,1,31
2022,2,1882,郑州工商学院,不要再wa啦,1,31
2022,2,1882,东北师范大学,饭-神,1,31
2022,2,1882,湖州师范学院,ZJHU_三元二次方程组,1,31
2022,2,1887,成都信息工程大学,跟风小队,1,32
2022,2,1887,肇庆学院,北岭三队,1,32
2022,2,1887,浙江广厦建设职业技术大学,芝士雪豹队,1,32
2022,2,1887,南京航空航天大学,不是双端队列,1,32
2022,2,1891,安徽工业大学,香煎油鱼,1,33
2022,2,1891,西安工业大学,好取没还名队,1,33
2022,2,1891,黄冈师范学院,异世界重生我竟在写题,1,33
2022,2,1894,闽江学院,你说的都队,1,34
2022,2,1894,重庆交通大学,既然选择刺激就要贯彻到底才队,1,34
2022,2,1894,哈尔滨理工大学(威海),猫猫说的都队,1,34
2022,2,1894,烟台大学,长得好看说什么都队,1,34
2022,2,1894,华北理工大学,爆0,1,34
2022,2,1899,华中科技大学,签到就算成功,1,35
2022,2,1899,徐州工程学院,"别急,你先别急",1,35
2022,2,1899,中国人民警察大学,昊神后援团,1,35
2022,2,1899,山东科技大学(泰安校区),完了全WA了,1,35
2022,2,1899,南京晓庄学院,财阀万岁,1,35
2022,2,1904,宜春学院,你干嘛~哎哟,1,36
2022,2,1904,重庆工程学院,AK&&AK,1,36
2022,2,1906,延安大学西安创新学院,H&L,1,37
2022,2,1906,安徽师范大学,istar,1,37
2022,2,1908,东北大学,东北大学_胜利队,1,38
2022,2,1908,浙江金融职业学院,芭芭拉冲呀,1,38
2022,2,1910,东北师范大学,孤家寡人,1,39
2022,2,1910,赣南医学院,你说的都队,1,39
2022,2,1910,南华大学,陪可莉去打ACM,1,39
2022,2,1913,河南科技大学,HAUST_6,1,40
2022,2,1913,南昌理工学院,不想写了开摆,1,40
2022,2,1915,西南石油大学,七海拿拿米,1,41
2022,2,1915,南昌理工学院,好丽友,1,41
2022,2,1915,陕西科技大学,果壳中的打工人,1,41
2022,2,1918,河南师范大学,KFC疯狂星期八队,1,42
2022,2,1918,南京工业大学,简单易码,1,42
2022,2,1918,台州学院,将个烂就,1,42
2022,2,1918,西安理工大学,西理10086,1,42
2022,2,1918,山东协和学院,未曾设想的道路,1,42
2022,2,1923,中国民航大学,深藏blue,1,43
2022,2,1923,华北科技学院,你说的都队,1,43
2022,2,1923,温州商学院,脸滚键盘,1,43
2022,2,1923,安徽工业大学,憋在这理发店,1,43
2022,2,1923,淮北师范大学,你干嘛哎呦,1,43
2022,2,1923,中国人民大学,双向通信第X分队,1,43
2022,2,1923,上海大学,三棱镜,1,43
2022,2,1930,东北师范大学,诗的二重奏二队,1,44
2022,2,1930,广东外语外贸大学,蔚蓝,1,44
2022,2,1930,中南民族大学,大师为友,1,44
2022,2,1930,西南科技大学,取名纠结,1,44
2022,2,1934,浙江财经大学,美少女战队,1,45
2022,2,1934,嘉应学院,into_o,1,45
2022,2,1934,黑龙江工程学院,冰淬凉琦,1,45
2022,2,1934,河南师范大学,加油干不摆烂,1,45
2022,2,1934,天津仁爱学院,农夫三题,1,45
2022,2,1939,长春工业大学,凑个热闹,1,46
2022,2,1939,郑州大学,刀开明月环,1,46
2022,2,1939,西南大学,西荣观光一队,1,46
2022,2,1942,安徽工业大学,星辰花海,1,47
2022,2,1942,华东师范大学,ECNU03,1,47
2022,2,1942,西南大学,摸鱼最快乐,1,47
2022,2,1945,北京师范大学珠海分校,Sakana,1,48
2022,2,1945,徐州工程学院,littlie rubbish,1,48
2022,2,1945,东北大学秦皇岛分校,GCX,1,48
2022,2,1945,华南农业大学,提交都队,1,48
2022,2,1949,郑州升达经贸管理学院,DGJX,1,49
2022,2,1949,中国人民解放军陆军工程大学,程序设计萌新,1,49
2022,2,1949,山东大学,对对对队,1,49
2022,2,1949,湖南科技学院,所以爱会消失对不,1,49
2022,2,1953,肇庆学院,北岭十一队,1,50
2022,2,1953,台州学院,甘文崔,1,50
2022,2,1953,河北师范大学,啊对对队,1,50
2022,2,1953,浙江科技学院,芝士猞猁,1,50
2022,2,1953,昆明理工大学,你说的都队,1,50
2022,2,1958,大连大学,坐牢且下饭,1,51
2022,2,1958,山东协和学院,成双成队,1,51
2022,2,1958,同济大学,不知道取什么名字队,1,51
2022,2,1958,山东工商学院,啊对对对队,1,51
2022,2,1958,金华职业技术学院,究极摆烂队,1,51
2022,2,1963,辽宁大学,饿了,1,52
2022,2,1963,湖州师范学院,zjhu_特日日后援团,1,52
2022,2,1963,河南科技大学,HAUST_4,1,52
2022,2,1963,北华大学,你让我怎么荔枝,1,52
2022,2,1963,哈尔滨商业大学,ikun,1,52
2022,2,1968,西藏民族大学,秦汉一,1,53
2022,2,1968,重庆科技学院,功夫猫猫,1,53
2022,2,1968,陕西师范大学,三个顶俩,1,53
2022,2,1971,北京信息科技大学,Star皆空,1,54
2022,2,1971,江西财经大学,咸鱼翻身队,1,54
2022,2,1973,广东财经大学,CodeFire,1,55
2022,2,1973,云南大学,十字工会,1,55
2022,2,1973,济南大学,露出鸡脚了吧,1,55
2022,2,1973,黑龙江工程学院,过题的诱惑,1,55
2022,2,1977,江西财经大学,loop,1,56
2022,2,1977,中国人民警察大学,白切菜鸡,1,56
2022,2,1977,成都锦城学院,敢wa队,1,56
2022,2,1980,北京电子科技学院,第一队,1,57
2022,2,1980,河南大学,以上榜单无效,1,57
2022,2,1980,湖南中医药大学,星光不负赶路人,1,57
2022,2,1980,齐鲁工业大学,急得长痘痘,1,57
2022,2,1980,山东农业大学,港式叉烧鸡,1,57
2022,2,1985,湖南工程学院,放学后打代码,1,59
2022,2,1985,南京工业大学,假装摆烂堆,1,59
2022,2,1985,韩山师范学院,下次不来了,1,59
2022,2,1985,台州学院,四方守护,1,59
2022,2,1985,山东工商学院,harmonio us,1,59
2022,2,1990,金陵科技学院,铁牌也是牌,1,60
2022,2,1990,青岛科技大学,蒟蒻,1,60
2022,2,1990,山西大学,未返校队,1,60
2022,2,1993,淮阴工学院,从百草园wa到三味书屋,1,61
2022,2,1993,烟台大学,CTRL_C+V,1,61
2022,2,1995,贵州大学,队名真的不会起,1,62
2022,2,1995,西安建筑科技大学,UNIQUE,1,62
2022,2,1995,桂林信息科技学院,小飞机来喽,1,62
2022,2,1995,南昌理工学院,逆境,1,62
2022,2,1999,长春理工大学,小黑子,1,63
2022,2,1999,厦门理工学院,遇到困难睡大觉,1,63
2022,2,2001,青岛科技大学,"可恶啊,好难想",1,64
2022,2,2001,南昌理工学院,不知道什么队,1,64
2022,2,2001,成都信息工程大学,4O4NotFo und,1,64
2022,2,2001,上海第二工业大学,qwq,1,64
2022,2,2001,首都师范大学,真夏夜的银牌梦,1,64
2022,2,2006,广州城市理工学院,A一题就算赢,1,65
2022,2,2006,兰州大学,"搏一搏,单车变摩托",1,65
2022,2,2008,兰州理工大学,重生之我是蒻汁,1,66
2022,2,2009,成都理工大学工程技术学院,肖坝街街霸,1,67
2022,2,2009,徐州工程学院,XXXTD,1,67
2022,2,2009,浙江农林大学,农林cowhorse,1,67
2022,2,2009,浙江工商大学,发际线跟我作队,1,67
2022,2,2009,重庆工程学院,重工六队,1,67
2022,2,2014,南昌工程学院,啊对的对的对的,1,68
2022,2,2015,浙江农林大学,菜鸡小队,1,69
2022,2,2016,浙江工商大学,zyz,1,70
2022,2,2016,辽宁大学,King_red,1,70
2022,2,2016,湖北大学,你说的都队,1,70
2022,2,2016,昆明理工大学,都可以吧,1,70
2022,2,2020,西南石油大学,wa掘机,1,71
2022,2,2021,信息工程大学,Found404,1,72
2022,2,2021,南昌航空大学科技学院,拉拉队,1,72
2022,2,2023,长沙理工大学,重生之我不是菜狗,1,73
2022,2,2023,南昌大学,大摆锤队,1,73
2022,2,2025,广东外语外贸大学,量子波动速过队,1,74
2022,2,2025,哈尔滨华德学院,番茄炒蛋,1,74
2022,2,2025,西南科技大学,三个兔子抓不到布朗尼,1,74
2022,2,2028,江西财经大学,假面骑士贞贞贞贞德,1,75
2022,2,2028,南京晓庄学院,明年本升小,1,75
2022,2,2030,重庆科技学院,Break through,1,76
2022,2,2030,商丘学院应用科技学院,stl01,1,76
2022,2,2030,福建工程学院,Kid Want Crown,1,76
2022,2,2030,齐鲁工业大学,倾城之诚觊觎之余,1,76
2022,2,2034,沈阳化工大学,马上就要超过上一队,1,78
2022,2,2034,南昌航空大学科技学院,风归清歌,1,78
2022,2,2036,湖南工学院,突然组了队,1,79
2022,2,2036,青岛农业大学海都学院,猜的都队,1,79
2022,2,2036,上海海洋大学,铁牌分界线,1,79
2022,2,2036,中国人民解放军陆军工程大学,浪遏飞舟,1,79
2022,2,2040,沈阳航空航天大学,AC钢印,1,80
2022,2,2040,河北科技师范学院,erika07王,1,80
2022,2,2040,浙江理工大学,浙理铁匠铺,1,80
2022,2,2040,湖南中医药大学,deep_q,1,80
2022,2,2040,曲阜师范大学,三摆大风车,1,80
2022,2,2040,南阳师范学院,向前冲,1,80
2022,2,2040,华北电力大学(北京),team001,1,80
2022,2,2047,长春工业大学,无姓名队,1,81
2022,2,2048,长春理工大学,得闲饮茶,1,82
2022,2,2048,淮北师范大学,代码敲不队,1,82
2022,2,2048,福建工程学院,Fanatic-three,1,82
2022,2,2048,莆田学院,"老板,来一杯AC",1,82
2022,2,2052,重庆工程学院,犇犇,1,83
2022,2,2053,北京电子科技学院,DKY4队,1,84
2022,2,2053,福建技术师范学院,彼方,1,84
2022,2,2053,华东理工大学,很水,1,84
2022,2,2056,浙江农林大学,笑着WA下去,1,85
2022,2,2056,莆田学院,月,1,85
2022,2,2058,武汉商学院,OverFlow,1,86
2022,2,2058,济南大学,每一题都队,1,86
2022,2,2060,成都大学,AKKKKKK,1,87
2022,2,2060,哈尔滨理工大学,HRBUST20 22ICPCY1,1,87
2022,2,2060,北京林业大学,M First,1,87
2022,2,2060,河南财政金融学院,MAKABAK A,1,87
2022,2,2060,广东工业大学揭阳校区,Aurora,1,87
2022,2,2065,同济大学,蛙蛙队,1,88
2022,2,2065,安徽工业大学,华强劈瓜队,1,88
2022,2,2065,湖州师范学院,ZJHU_HYB,1,88
2022,2,2068,青岛理工大学,在在不在乎,1,89
2022,2,2068,南京晓庄学院,舟批原批阴阳批,1,89
2022,2,2068,安徽财经大学,三个顶两,1,89
2022,2,2068,山东科技大学,阿贾克斯号,1,89
2022,2,2072,内蒙古师范大学,胜羽队,1,90
2022,2,2072,九江学院,芝士雪豹想AC,1,90
2022,2,2074,南昌工程学院,打铁酱,1,92
2022,2,2074,安徽师范大学,adr0,1,92
2022,2,2076,武汉理工大学,zzqwd,1,93
2022,2,2077,成都东软学院,芝士雪豹,1,94
2022,2,2077,嘉兴学院,卧龙凤雏,1,94
2022,2,2077,四川信息职业技术学院,不知道取什么名队,1,94
2022,2,2077,山东财经大学,求求快解封,1,94
2022,2,2081,文华学院,Explorer,1,95
2022,2,2082,中央民族大学,心脏跳动,1,96
2022,2,2082,武汉大学,她说我不队,1,96
2022,2,2082,内蒙古师范大学,想回家吃饭,1,96
2022,2,2082,安徽工业大学,群英汇队,1,96
2022,2,2082,济南大学,精神小伙队,1,96
2022,2,2087,北京工业大学,ACMMCA,1,97
2022,2,2088,河北工业大学,两神带一坑,1,99
2022,2,2088,信息工程大学,你说的都,1,99
2022,2,2088,山东大学,国家级重点幼儿园,1,99
2022,2,2088,黄淮学院,旭日初升,1,99
2022,2,2088,安阳工学院,轰轰烈烈,1,99
2022,2,2088,武汉商学院,商院三杰,1,99
2022,2,2088,嘉应学院,黄金矿工,1,99
2022,2,2095,西安科技大学,Strive_Gro up,1,100
2022,2,2095,烟台大学,挤不上公交队,1,100
2022,2,2095,中北大学,对对对队,1,100
2022,2,2098,西安工业大学,西北枢纽,1,101
2022,2,2098,河北经贸大学,和两个美女A小破题,1,101
2022,2,2098,广东理工学院,白毛飞飞,1,101
2022,2,2101,惠州学院,(o『o ),1,102
2022,2,2102,重庆工程学院,AC&&AC,1,103
2022,2,2102,陕西师范大学,这题我猜我能过队,1,103
2022,2,2102,中原工学院,烤肠,1,103
2022,2,2105,浙江财经大学,浙财七队,1,104
2022,2,2106,杭州师范大学,WY9,1,105
2022,2,2106,辽宁大学,螺蛳与酸笋保护协会,1,105
2022,2,2108,南昌航空大学,大佬说的都对,1,106
2022,2,2108,山东大学,日冕环流,1,106
2022,2,2110,泰州学院,三个臭皮匠,1,107
2022,2,2110,烟台大学,起名困难症,1,107
2022,2,2110,哈尔滨商业大学,水题都AC,1,107
2022,2,2113,湘潭大学,xtu_十队,1,108
2022,2,2113,北华大学,飞行棋,1,108
2022,2,2115,湖州师范学院,zjhu_练习时长两年半,1,109
2022,2,2115,陕西科技大学,The weakest,1,109
2022,2,2117,徐州工程学院,小小萌新,1,110
2022,2,2117,淮阴工学院,枸杞加红枣.jpg,1,110
2022,2,2117,湖州师范学院,zjhu_嗨呀这不丁真嘛,1,110
2022,2,2120,昆明理工大学,"关注嘉然,顿顿解馋",1,111
2022,2,2121,河北科技大学,妖火,1,112
2022,2,2121,衡阳师范学院,重生之没钱去ccpc只能来icpc坐牢,1,112
2022,2,2123,山东理工大学,A之一队,1,113
2022,2,2123,肇庆学院,北岭七队,1,113
2022,2,2125,安徽工业大学,起名困难队,1,114
2022,2,2126,广东技术师范大学,牢底坐穿观光团,1,115
2022,2,2126,河北经贸大学,日暮里,1,115
2022,2,2128,南昌工程学院,一路行,1,116
2022,2,2128,河南财政金融学院,依古比古,1,116
2022,2,2130,安徽大学,队名来一个,1,117
2022,2,2130,莆田学院,练习时长两年半,1,117
2022,2,2130,惠州学院,鶸巢,1,117
2022,2,2130,惠州学院,敏子要入围,1,117
2022,2,2134,信息工程大学,二朱和三金,1,118
2022,2,2134,广西民族大学,竟然是菜鸡,1,118
2022,2,2136,河北大学,饕餮🔥,1,119
2022,2,2137,长安大学,可达鸭今天什么都吃,1,120
2022,2,2137,武汉工程大学,半年练习生即出道,1,120
2022,2,2137,青岛科技大学,泛彼柏舟,1,120
2022,2,2137,浙江工商大学,大碗牢饭,1,120
2022,2,2137,贵州民族大学,青花鱼,1,120
2022,2,2137,南昌工程学院,啊对对队,1,120
2022,2,2143,西华大学,开摆,1,121
2022,2,2144,西北师范大学,代码对不队,1,122
2022,2,2144,河南理工大学,三个顶俩,1,122
2022,2,2144,中国人民警察大学,蒟蒻果冻,1,122
2022,2,2147,宁波工程学院,暴力出奇迹,1,123
2022,2,2147,平顶山学院,做梦都想AC队,1,123
2022,2,2149,莆田学院,雷,1,124
2022,2,2149,内蒙古师范大学,SUPERIMN U,1,124
2022,2,2149,安徽师范大学,Star,1,124
2022,2,2152,阜阳师范大学,坐牢小分队,1,125
2022,2,2153,韩山师范学院,青少年宫,1,126
2022,2,2154,东北师范大学,哲李好帅,1,127
2022,2,2154,安徽工业大学,玛卡巴卡,1,127
2022,2,2156,苏州科技大学,米饭再来一碗,1,128
2022,2,2156,西南大学,Fujian-Strive,1,128
2022,2,2158,济南大学,志在打铁队,1,129
2022,2,2158,兰州大学,树堆栈队,1,129
2022,2,2158,东北林业大学,SuperLose rs,1,129
2022,2,2158,山东科技大学(泰安校区),水泽,1,129
2022,2,2162,厦门理工学院,DayDayCo de,1,130
2022,2,2162,湖南工程学院,我哪知道对不队,1,130
2022,2,2164,南京邮电大学通达学院,Red_Scree n,1,131
2022,2,2165,长春理工大学,爆零自动机,1,132
2022,2,2166,中国人民大学,冬奥利奥,1,133
2022,2,2166,北京工业大学,302419,1,133
2022,2,2168,浙江科技学院,小公牛哞哞,1,134
2022,2,2168,邵阳学院,宇宙无敌霸王龙神,1,134
2022,2,2168,南昌航空大学科技学院,岩王帝君之天动万象的钟离,1,134
2022,2,2171,衡水学院,就想出个线,1,136
2022,2,2171,大连大学,签到为始,1,136
2022,2,2171,西南财经大学,乌漆嘛黑,1,136
2022,2,2174,湖南工业大学,想不出队名但也不想就叫湖工大X队,1,137
2022,2,2175,曲阜师范大学,山东代表队,1,138
2022,2,2176,郑州升达经贸管理学院,好想进区域赛,1,140
2022,2,2176,沈阳航空航天大学,知Com,1,140
2022,2,2176,中国民航大学,他说的也队,1,140
2022,2,2176,莆田学院,火,1,140
2022,2,2176,贵州民族大学,怎么又㕛叒叕AC,1,140
2022,2,2176,聊城大学,重在参与,1,140
2022,2,2176,南京师范大学中北学院,牛牛队(new new team),1,140
2022,2,2183,广东财经大学,重在参与,1,141
2022,2,2184,北京工业大学,二层鸡腿饭,1,142
2022,2,2185,衡水学院,混分小白,1,143
2022,2,2185,浙江工商大学杭州商学院,你有这时间读队名是不是可以做两道题,1,143
2022,2,2187,江西理工大学,新建二中黑马队,1,147
2022,2,2187,惠州学院,码到成功,1,147
2022,2,2189,通化师范学院,一题都做不对,1,149
2022,2,2190,莆田学院,对对队,1,150
2022,2,2191,嘉兴学院,花自飘零水自流,1,152
2022,2,2191,华中农业大学,来一杯拿铁,1,152
2022,2,2191,兰州大学,一题也不队,1,152
2022,2,2194,长春理工大学,huimilia,1,154
2022,2,2195,中原工学院,水沝淼,1,156
2022,2,2195,西华大学,鸡王争霸队,1,156
2022,2,2195,河南理工大学,随便队,1,156
2022,2,2198,广州南方学院,Fury,1,157
2022,2,2198,中国石油大学(北京),石油滚滚流,1,157
2022,2,2198,河南理工大学,ac来咯,1,157
2022,2,2201,中国民航大学,ac队,1,158
2022,2,2202,广东工业大学揭阳校区,打铁队,1,159
2022,2,2203,河南财经政法大学,自由如风,1,160
2022,2,2204,江西财经大学,东方小队,1,161
2022,2,2205,韩山师范学院,玫瑰常开警告常在,1,162
2022,2,2206,西南石油大学,7,1,164
2022,2,2206,华东理工大学,过一题就算成功,1,164
2022,2,2206,辽宁工程技术大学,太阳石之光,1,164
2022,2,2209,广州城市理工学院,小飞棍来诺,1,166
2022,2,2209,广州城市理工学院,四面楚歌,1,166
2022,2,2211,湖南工程学院,摆烂小队,1,167
2022,2,2211,河北经贸大学,玛玛哈哈队,1,167
2022,2,2211,南开大学,疯狂星期天,1,167
2022,2,2214,南京邮电大学通达学院,暗中观察,1,169
2022,2,2214,河海大学,理直气壮的f w,1,169
2022,2,2216,赣南医学院,AKDUI,1,171
2022,2,2217,四川师范大学,我们不是老六对不队,1,172
2022,2,2217,浙江工商大学,芝士理塘,1,172
2022,2,2217,沈阳航空航天大学,mmp,1,172
2022,2,2220,河南财经政法大学,葫芦娃敢死队,1,173
2022,2,2220,宁波工程学院,yrf,1,173
2022,2,2222,同济大学,爱西皮西冲冲冲,1,175
2022,2,2222,沈阳航空航天大学,我也想AC,1,175
2022,2,2224,南通师范高等专科学校,NTNC CN,1,177
2022,2,2224,重庆工程学院,火焰,1,177
2022,2,2224,陕西科技大学,HelloWorl d,1,177
2022,2,2224,江西财经大学,对一题就算win,1,177
2022,2,2228,河北经贸大学,小彗星,1,178
2022,2,2228,温州商学院,zyw,1,178
2022,2,2230,重庆工程学院,181303921 5@qq.com,1,185
2022,2,2231,内蒙古科技大学,Vegetable Dog,1,187
2022,2,2232,信息工程大学,宫园薰YYDS,1,190
2022,2,2232,延安大学西安创新学院,俩菜一汤,1,190
2022,2,2232,西安科技大学,无敌霸王龙,1,190
2022,2,2235,湖南第一师范学院,114514,1,191
2022,2,2236,嘉应学院,noob薯条,1,192
2022,2,2237,沈阳化工大学,辽宁单挑人,1,201
2022,2,2238,安阳师范学院,ac对不队,1,205
2022,2,2239,北京工业大学,CCF_Offici al,1,209
2022,2,2240,温州商学院,随便玩玩,1,210
2022,2,2241,江苏大学,江大三队,1,214
2022,2,2241,广西科技大学,看完题目就算成功.jpg,1,214
2022,2,2241,河南财经政法大学,一只ikun,1,214
2022,2,2244,内蒙古师范大学,你说的都队,1,215
2022,2,2245,南京邮电大学通达学院,浑水摸鱼,1,216
2022,2,2246,河北经贸大学,305老六车队,1,217
2022,2,2246,潍坊学院,永不言弃,1,217
2022,2,2248,南京邮电大学,njupt22tea m16,1,220
2022,2,2248,西华大学,译验丁真,1,220
2022,2,2250,安徽师范大学,无敌暴龙骑士队,1,221
2022,2,2251,长春工业大学,ICPC冲冲冲冲冲!,1,222
2022,2,2251,陕西科技大学,比奇堡,1,222
2022,2,2253,哈尔滨商业大学,练习编程两年半的她还未嫁我在等等纳西索斯,1,226
2022,2,2254,福建工程学院,sunrise,1,228
2022,2,2255,西藏民族大学,晨旭队,1,230
2022,2,2255,南昌大学科学技术学院,ac一题就算胜利,1,230
2022,2,2257,哈尔滨工业大学(深圳),全萌新组,1,231
2022,2,2258,徐州工程学院,徐工六队,1,232
2022,2,2259,南昌航空大学,薄纱叩,1,235
2022,2,2260,江西科技学院,大口喝冰可乐,1,239
2022,2,2261,山东财经大学,起飞,1,240
2022,2,2262,中国民航大学,无畏竞巅峰,1,241
2022,2,2262,赣南医学院,历久弥新队,1,241
2022,2,2264,南京工业大学,咸鱼永不言弃,1,242
2022,2,2265,东华理工大学,Eulerhamo,1,253
2022,2,2266,西南大学,摆烂很不队,1,256
2022,2,2267,安徽师范大学,OrzOrzOrz,1,258
2022,2,2268,湖南工学院,小心二刺猿,1,259
2022,2,2269,湖南工程学院,WHO YOU,1,260
2022,2,2269,海南科技职业大学,坐牢,1,260
2022,2,2271,南通大学,啊对对对,1,261
2022,2,2272,中国传媒大学,工科牲,1,263
2022,2,2272,陕西科技大学,KILLED,1,263
2022,2,2274,肇庆学院,北岭十队,1,268
2022,2,2274,西华大学,奇迹再现,1,268
2022,2,2276,井冈山大学,coding形态的宵宫姐姐,1,273
2022,2,2276,温州商学院,做的都队,1,273
2022,2,2278,南昌理工学院,大乘佛教,1,278
2022,2,2279,东南大学成贤学院,try,1,279
2022,2,2280,山东中医药大学,zheng001,1,281
2022,2,2281,广州航海学院,fox,1,282
2022,2,2282,安徽师范大学,GoldenBar,1,287
2022,2,2283,成都信息工程大学,Oh?Wow!,1,294
2022,2,2284,上海海洋大学,你先别急,1,296
2022,2,2285,肇庆学院,北岭八队,1,298
2022,2,2286,衡阳师范学院,应该不会队,1,301
2022,2,2286,广东技术师范大学,東方夢時空,1,301
2022,2,2288,南京医科大学,好一个队,1,304
2022,2,2289,河北工程大学,立直麻将三缺一,1,306
2022,2,2290,中国地质大学(武汉),薛定谔的AC,1,307
2022,2,2291,泰州学院,DSHZ,1,311
2022,2,2291,衡水学院,lucky stars,1,311
2022,2,2293,南阳师范学院,这题也做不,1,313
2022,2,2294,河北科技大学,鱼子酱,1,316
2022,2,2295,内蒙古科技大学,V我50,1,322
2022,2,2295,肇庆学院,北岭九队,1,322
2022,2,2297,四川信息职业技术学院,对不,1,323
2022,2,2298,山东农业大学,非常,1,326
2022,2,2299,湖南第一师范学院,WLD,1,330
2022,2,2300,温州商学院,Fish in troubled water,1,331
2022,2,2301,南阳师范学院,提交什么都对,1,332
2022,2,2302,重庆人文科技学院,crk,1,333
2022,2,2303,四川师范大学,芳心纵火犯,1,337
2022,2,2304,九江学院,小白不会敲代码,1,342
2022,2,2305,吉林大学,有道翻译的都队,1,349
2022,2,2306,重庆工程学院,AK自动机,1,357
2022,2,2307,衡水学院,遇到困难睡大觉,1,373
2022,2,2308,西安工业大学,不想起名摆烂队,1,378
2022,2,2309,山东石油化工学院,GZL,1,383
2022,2,2310,内蒙古师范大学,一元二次方程组,1,400
2022,2,2311,哈尔滨学院,中草药,1,411
2022,2,2312,上海建桥学院,张老师说的都队,1,417
2022,2,2313,浙江农林大学,上林赋,1,423
2022,2,2314,温州商学院,遇TLE就开摆队,1,425
2022,2,2314,南京师范大学中北学院,雏鹰展翅,1,425
2022,2,2316,温州商学院,42号混凝土拌意大利面,1,432
2022,2,2316,兰州理工大学,摸大鱼的喵喵队,1,432
2022,2,2318,信息工程大学,KO10,1,434
2022,2,2319,安徽师范大学,面向测试样例编程,1,435
2022,2,2320,华东交通大学,临时队,1,452
2022,2,2321,乐山师范学院,绝不认输队,1,456
2022,2,2322,郑州轻工业大学,重在参与了,1,459
2022,2,2323,浙江农林大学,上摆下寄,1,493
2022,2,2324,信阳师范学院,AC必队,1,505
2022,2,2325,泰州学院,泰州学院物联网队,1,506
2022,2,2326,广东理工学院,蓝桥杯拿5分能得金牌吗,1,517
2022,2,2327,九江学院,宇将军的飞踢,1,529
2022,2,2328,河北工程大学,鸭蛋牡蛎粥,1,561
2022,2,2329,宜春学院,境无止境,1,595
2022,2,2330,河北师范大学,fighting,1,625
2022,2,2331,潍坊学院,红鲤鱼与绿鲤鱼与鱼队,1,670
2022,2,2332,西藏民族大学,椿去楸来,1,681
2022,2,2333,重庆工程学院,重工七队,1,735
2022,2,2334,湖南农业大学东方科技学院,超能陆战队,1,842
2022,2,2335,泰州学院,陌客,1,1007
2022,2,,海南科技职业大学,到此一游,0,0
2022,2,,中国人民大学,ami,0,0
2022,2,,贵州工程应用技术学院,做的都队,0,0
2022,2,,东华大学,Sleepy,0,0
2022,2,,四川信息职业技术学院,比隔壁老王强,0,0
2022,2,,四川信息职业技术学院,三人行,0,0
2022,2,,广东海洋大学,啊对对对,0,0
2022,2,,哈尔滨商业大学,汪汪队摸王八,0,0
2022,2,,安徽财经大学,k一题吧不想坐牢,0,0
2022,2,,浙江工商大学杭州商学院,Code_God s,0,0
2022,2,,贵州工程应用技术学院,啊对对队,0,0
2022,2,,浙江工商大学杭州商学院,加强队,0,0
2022,2,,成都理工大学工程技术学院,嘎嘎,0,0
2022,2,,辽宁大学,万里阳光,0,0
2022,2,,昆明理工大学,My,0,0
2022,2,,中央民族大学,提交什么都队,0,0
2022,2,,内蒙古师范大学,剑走偏锋队,0,0
2022,2,,中国海洋大学,摆烂废物,0,0
2022,2,,福建技术师范学院,摆烂吗?啊对对对,0,0
2022,2,,安徽财经大学,AC123,0,0
2022,2,,福建技术师范学院,很想写对,0,0
2022,2,,安徽财经大学,智慧冷链队,0,0
2022,2,,河北水利电力学院,水电学院一队,0,0
2022,2,,惠州学院,锦鲤小分队,0,0
2022,2,,东莞理工学院,女孩向前冲,0,0
2022,2,,山东石油化工学院,芋泥波波奶茶,0,0
2022,2,,南昌工程学院,无限红队,0,0
2022,2,,中国石油大学(北京),总之组了个队,0,0
2022,2,,南昌航空大学科学学院,海底小纵队,0,0
2022,2,,辽宁大学,东北弱旅,0,0
2022,2,,中国人民解放军陆军工程大学,中流击水队,0,0
2022,2,,菏泽学院,蚌埠团菏院分团,0,0
2022,2,,厦门理工学院,蒙的一定对,0,0
2022,2,,肇庆学院,北岭山小白队,0,0
2022,2,,宜春学院,我就划水,0,0
2022,2,,沈阳航空航天大学,我天,0,0
2022,2,,安徽工程大学,菜鸟驿站,0,0
2022,2,,湖南信息学院,裂开,0,0
2022,2,,上海第二工业大学,酷C时代,0,0
2022,2,,四川信息职业技术学院,下北泽管道疏通小队,0,0
2022,2,,盐城工学院,雨凡冲冲冲,0,0
2022,2,,湖南工程学院,运气也是一种天赋,0,0
2022,2,,安徽财经大学,不摆了,0,0
2022,2,,西安石油大学,WA尝试AC,0,0
2022,2,,华东交通大学,签到队,0,0
2022,2,,厦门理工学院,Mioinir/雷神之锺,0,0
2022,2,,江西财经大学,小试菜刀队,0,0
2022,2,,南昌航空大学科技学院,啊对对队,0,0
2022,2,,九江学院,菜鸡中的战斗机,0,0
2022,2,,南昌工程学院,元素队,0,0
2022,2,,南昌工程学院,21新秀团队,0,0
2022,2,,南昌航空大学科技学院,电子、算法,0,0
2022,2,,兰州理工大学,打完去聚餐队,0,0
2022,2,,西安科技大学,随心,0,0
2022,2,,青岛农业大学海都学院,神威,0,0
2022,2,,长江师范学院,就是不会,0,0
2022,2,,湖南工程学院,随便都队,0,0
2022,2,,兰州理工大学,欧西给,0,0
2022,2,,西南财经大学,梯度上升,0,0
2022,2,,北京电子科技学院,松涛三剑客,0,0
2022,2,,南昌工程学院,走个过场队,0,0
2022,2,,湖南工程学院,无上限小组,0,0
2022,2,,北京交通大学威海校区,天荣申,0,0
2022,2,,沈阳航空航天大学,三小只,0,0
2022,2,,大连东软信息学院,寄寄boom,0,0
2022,2,,安徽师范大学,PCR,0,0
2022,2,,韶关学院,Siege lion,0,0
2022,2,,上海财经大学,hulaquan,0,0
2022,2,,南昌工程学院,dmfor,0,0
2022,2,,福建技术师范学院,彼岸,0,0
2022,2,,哈尔滨华德学院,黑色骑士,0,0
2022,2,,陕西师范大学,假如欧克,0,0
2022,2,,泰州学院,WL队,0,0
2022,2,,南昌工程学院,一WA到底,0,0
2022,2,,山东科技大学,戈达德号,0,0
2022,2,,北方工业大学,北方工业大学二队,0,0
2022,2,,衡水学院,对不队,0,0
2022,2,,韩山师范学院,周星星,0,0
2022,2,,昆明理工大学,HTP,0,0
2022,2,,陕西科技大学,Refuse to the last,0,0
2022,2,,安徽师范大学,爪哇岛上你和我,0,0
2022,2,,武汉商学院,Aurora,0,0
2022,2,,江西财经大学,毛文浩,0,0
2022,2,,昆明理工大学,小丑队,0,0
2022,2,,赣南医学院,啊对对,0,0
2022,2,,温州商学院,温商队,0,0
2022,2,,河北工程大学,山东保皇四缺一,0,0
2022,2,,郑州工商学院,HelloWorl d,0,0
2022,2,,赣南医学院,这题对不队,0,0
2022,2,,重庆工程学院,Dragon Sector,0,0
2022,2,,黑龙江工程学院,到此一游,0,0
2022,2,,南昌工程学院,ttt,0,0
2022,2,,浙江工商大学杭州商学院,对对队,0,0
2022,2,,郑州工商学院,Believe yourself,0,0
2022,2,,重庆工程学院,Extreme challenge,0,0
2022,2,,哈尔滨学院,落单的菜鸡,0,0
2022,2,,温州商学院,发际线和我作队,0,0
2023,1,1,北京大学,重生之我是菜狗,12,999
2023,1,2,北京大学,摆烂人,12,1011
2023,1,3,北京大学,思路打开,12,1360
2023,1,4,浙江大学,魔法使之夜 ~ Magus Night,11,1139
2023,1,5,清华大学,有手有脚,11,1375
2023,1,6,北京大学,呆呆鸟,11,1490
2023,1,7,浙江大学,虚空之梦,10,939
2023,1,8,浙江大学,Plenty of Penalty,10,1002
2023,1,9,南京大学,Unreal Eventide,10,1088
2023,1,10,北京大学,人偶妹妹,10,1115
2023,1,11,上海交通大学,银色子弹,10,1149
2023,1,12,中国科学技术大学,丝路市西套村代表队,10,1153
2023,1,13,清华大学,JSOI 摸鱼队,10,1172
2023,1,14,哈尔滨工业大学,玩原神玩的,10,1185
2023,1,15,南方科技大学,南方科技大学-赫尔辛基,10,1216
2023,1,16,浙江大学,nameless story,10,1323
2023,1,17,北京大学,退学申请的退字怎么写,10,1340
2023,1,18,北京大学,大黄鸭信徒,10,1399
2023,1,19,清华大学,QDEZ214驻清办,10,1464
2023,1,20,北京大学,暂时不能给你明确的队名,10,1592
2023,1,21,哈尔滨工业大学,蓬莱人形,9,697
2023,1,22,西南交通大学,站着挣钱,9,786
2023,1,23,北京理工大学,阿夸滑滑蛋喝冰红茶,9,884
2023,1,24,哈尔滨工业大学,月间天路,9,922
2023,1,25,上海交通大学,Growing!,9,928
2023,1,26,中山大学,中山大学_破晓之旅,9,949
2023,1,27,南京邮电大学,Cirtrus,9,958
2023,1,28,南京大学,优质解答:我不知道,9,1006
2023,1,29,北京交通大学,羊羊羊,9,1090
2023,1,30,清华大学,一鼠两赢,9,1187
2023,1,31,华中科技大学,鲤鱼配瑜伽,9,1206
2023,1,32,四川大学,刀削面的疲倦,9,1363
2023,1,33,北京大学,暂时不能给你明确的队名!,9,1374
2023,1,34,北京大学,O神启动,9,1390
2023,1,35,北京航空航天大学,"你说得对,但ec奖金什么时候发",8,514
2023,1,35,香港中文大学(深圳),CUHK-SZ: (TBD),8,514
2023,1,37,上海交通大学,Nemesis,8,532
2023,1,38,浙江师范大学,ZJNU_7队,8,538
2023,1,39,四川大学,难题肉搏小队,8,603
2023,1,40,浙江大学,咕五分钟,8,616
2023,1,41,南京理工大学,平和猫猫头,8,619
2023,1,42,浙江大学,Boulevard Dust,8,644
2023,1,43,浙江大学,Stardust Reverie,8,653
2023,1,44,北京大学,undefined,8,658
2023,1,45,中南大学,普普三人组,8,659
2023,1,46,香港理工大学,一川烟草,8,678
2023,1,47,南方科技大学,南方科技大学-埃斯波,8,686
2023,1,48,上海交通大学,涡状银河,8,695
2023,1,49,清华大学,《我是大赢家》,8,710
2023,1,50,中南大学,千帆星河,8,716
2023,1,51,上海交通大学,春日影,8,718
2023,1,52,南开大学,只用spfa队,8,724
2023,1,53,上海交通大学,黎明随想曲,8,741
2023,1,54,中国科学技术大学,Firezox,8,745
2023,1,55,北京理工大学,ddl战神,8,746
2023,1,56,西安电子科技大学,喵喵喵,8,758
2023,1,57,清华大学,时来运转观光团,8,770
2023,1,58,电子科技大学,UESTC_HellBurnsGreen,8,784
2023,1,59,北京理工大学,内核恐慌,8,785
2023,1,60,华侨大学,HQU-RisingSun,8,801
2023,1,61,中国科学技术大学,cls,8,820
2023,1,62,北京大学,原神,8,822
2023,1,63,南京大学,太平,8,827
2023,1,64,西北工业大学,Favour,8,839
2023,1,65,浙江大学,Rd_rainydays,8,840
2023,1,66,复旦大学,有密码,8,844
2023,1,67,北京大学,未闻队名,8,846
2023,1,68,中山大学,中山大学_S = Q∧Q52,8,867
2023,1,69,北京大学,"兄弟们,有队名吗",8,871
2023,1,70,哈尔滨工业大学(深圳),浅水小怪,8,875
2023,1,71,中国科学技术大学,逢山鬼泣,8,879
2023,1,72,香港中文大学,InQwertyPiWeTrust,8,887
2023,1,73,北京大学,真湘!,8,912
2023,1,74,北京邮电大学,打完去超市买点东西吃,8,913
2023,1,75,武汉理工大学,萨卡萨卡班班甲鱼鱼,8,914
2023,1,76,香港中文大学(深圳),dimension^3,8,917
2023,1,77,清华大学,退役菜鸡纯送,8,923
2023,1,78,哈尔滨工业大学,烨叶知秋,8,936
2023,1,78,清华大学,HSYOI复兴对策委员会,8,936
2023,1,80,重庆大学,"拒绝精神内耗,WA了直接发疯",8,942
2023,1,81,北京航空航天大学,"大吉大利,今晚吃 mian()",8,946
2023,1,82,西安交通大学,天狼星的心脏,8,950
2023,1,83,北京邮电大学,六目相对,8,954
2023,1,84,北京交通大学,蓝色线段树,8,956
2023,1,84,厦门大学,点分治分点,8,956
2023,1,86,中山大学,中山大学_N/A,8,961
2023,1,87,东北大学,NEU_Vulpecula,8,963
2023,1,88,华中师范大学,落叶飘零,8,970
2023,1,89,同济大学,本来挺喜欢ACM的,8,971
2023,1,90,北京大学,我有鱼鱼症,8,979
2023,1,91,四川大学,树上莫队,8,982
2023,1,92,中国科学院大学,果壳挂科王,8,992
2023,1,93,中国科学技术大学,Randomize,8,1003
2023,1,94,北京大学,不是 很菜,8,1018
2023,1,95,浙江大学,S Explosion,8,1030
2023,1,96,香港中文大学,(Cr2O7)2-,8,1037
2023,1,97,中国科学院大学,随机分配,8,1047
2023,1,98,香港大学,"我不是密接,我是阳性",8,1098
2023,1,99,吉林大学,烈冕号,8,1100
2023,1,99,北京大学,攻城狮手替队,8,1100
2023,1,101,武汉大学,男大直播队,8,1102
2023,1,102,吉林大学,柴郡猫猫QuQ,8,1106
2023,1,103,北京航空航天大学,对他使用打表吧,8,1119
2023,1,104,香港浸会大学,回收退役选手,8,1234
2023,1,105,北京理工大学,仲夏夜之银牌,8,1254
2023,1,106,北京大学,日拱一卒,8,1282
2023,1,107,清华大学,一个人两棵树,8,1283
2023,1,108,电子科技大学,UESTC_十夏花火,7,315
2023,1,109,武汉大学,无火的余灰,7,370
2023,1,110,北京大学,来旅游的,7,374
2023,1,111,哈尔滨工业大学(深圳),骗分大队,7,380
2023,1,112,北京航空航天大学,口嗨战神,7,418
2023,1,113,东南大学,我是芙宁娜的狗,7,424
2023,1,114,北京建筑大学,不学建筑的我戴上了北大的面具,7,434
2023,1,115,华东理工大学,ecust1,7,456
2023,1,116,南京航空航天大学,队长十年单身换区域赛金牌,7,460
2023,1,117,上海交通大学,星尘幻想,7,469
2023,1,117,电子科技大学,UESTC_NekoCat,7,469
2023,1,119,北京航空航天大学,天一猫猫真可爱,7,471
2023,1,120,哈尔滨工业大学,北风与秋水,7,483
2023,1,121,上海大学,夜归人,7,487
2023,1,122,北京理工大学,雪崩团灭清一色,7,497
2023,1,123,福州大学,咸蛋炒茄子,7,514
2023,1,124,东华大学,=不可视境界线=,7,515
2023,1,125,南京大学,First Come I,7,517
2023,1,126,浙江大学,whsyhyyh,7,544
2023,1,127,深圳大学,twilight illusion,7,547
2023,1,128,南方科技大学,南方科技大学-雅各布斯塔德,7,560
2023,1,129,上海交通大学,希冀之翼,7,562
2023,1,130,北京邮电大学,野鸡大队,7,564
2023,1,131,华中科技大学,住沁苑导致的,7,572
2023,1,132,南方科技大学,南方科技大学-坦佩雷,7,581
2023,1,133,东北大学,NEU_WAer,7,583
2023,1,134,北京航空航天大学,会挽雕弓如满月,7,584
2023,1,135,北京理工大学,绫波丽请你喝东北好果汁,7,589
2023,1,136,哈尔滨工业大学(威海),地心引力,7,592
2023,1,137,华南理工大学,某不科学的AC,7,599
2023,1,138,华东师范大学,与夏之72,7,617
2023,1,139,电子科技大学,UESTC_热气,7,620
2023,1,140,浙大城市学院,来三杯拿铁,7,621
2023,1,141,北京大学,自己衡量,7,627
2023,1,142,西安交通大学,"写都写了,交一发吧",7,628
2023,1,143,福州大学,八年老兵,7,629
2023,1,144,苏州大学,Blowback,7,632
2023,1,145,广西大学,知耻而后勇,7,634
2023,1,146,北京交通大学,届不到的PY,7,638
2023,1,146,哈尔滨工业大学(深圳),天天库跑,7,638
2023,1,148,湘潭大学,飞舞分界线,7,641
2023,1,149,华中科技大学,调和,7,643
2023,1,150,南开大学,老年人,7,651
2023,1,151,中国科学技术大学,中科大少女班,7,654
2023,1,152,郑州大学,绝体绝命,7,659
2023,1,153,浙江工业大学,奇思妙想,7,661
2023,1,154,浙江工商大学,希望代码一次敲队,7,662
2023,1,155,吉林大学,Nan上加Nan,7,666
2023,1,156,香港科技大学(广州),起洞,7,670
2023,1,157,重庆邮电大学,前面的题目以后再来探索吧,7,672
2023,1,158,西安电子科技大学,三分之二去零点,7,674
2023,1,158,北京邮电大学,你说的队,7,674
2023,1,160,浙江工业大学,爱喝牛奶的猫猫酱,7,677
2023,1,160,中国科学技术大学,USTC摸鱼队,7,677
2023,1,162,哈尔滨工程大学,奇怪队名gkd,7,681
2023,1,162,南京邮电大学,njupt23team02,7,681
2023,1,164,山东大学,世伊鸾涧渊,7,682
2023,1,165,天津大学,人菜码多,7,683
2023,1,165,东北大学秦皇岛分校,提前下班,7,683
2023,1,167,中国科学技术大学,至少看起来像个女队,7,684
2023,1,168,浙江农林大学,这个彬彬交题超勇的,7,685
2023,1,168,中山大学,中山大学_三轮车 SYSU_AKFarmers,7,685
2023,1,170,河南科技大学,菜的一批之终点站,7,686
2023,1,171,北京师范大学,赛博猪头少年不会梦到兔女郎丁真,7,692
2023,1,172,南京大学,林间雨月,7,693
2023,1,172,南京信息工程大学,牧濑红莉栖,7,693
2023,1,174,福州大学,西南饺子馆,7,695
2023,1,174,中山大学,中山大学_无限,7,695
2023,1,176,浙江大学,Team name,7,697
2023,1,177,电子科技大学,UESTC_404,7,700
2023,1,178,北京交通大学,交一发先,7,704
2023,1,178,南京大学,南小鸟,7,704
2023,1,180,复旦大学,提莫觉得你说的对,7,705
2023,1,180,天津大学,原神、道和篮球,7,705
2023,1,180,哈尔滨工业大学,三个不会起名的人,7,705
2023,1,183,复旦大学,AC at second glance,7,706
2023,1,183,哈尔滨工程大学,我推的在原七海在赛场上尝试了0721次提交后终于把签到题过了,7,706
2023,1,185,哈尔滨工业大学(深圳),老年旅行社,7,713
2023,1,186,北京邮电大学,Unnamed Team,7,721
2023,1,187,福州大学,在ACM寻求暴力是否搞错了什么,7,725
2023,1,188,杭州电子科技大学信息工程学院,奶炙烤三文鱼,7,726
2023,1,188,华南理工大学,取乎其上,7,726
2023,1,190,四川大学,"帮帮我,icpc先生!",7,734
2023,1,191,福州大学,开完一题吃饭,7,736
2023,1,192,上海理工大学,七遇绮迹 未来会来,7,737
2023,1,193,山东大学(威海),主打一个陪伴,7,740
2023,1,194,电子科技大学,UESTC_xxx,7,741
2023,1,195,南京邮电大学,njupt23team01,7,744
2023,1,196,上海财经大学,iDLEM@STER O149,7,747
2023,1,197,武汉大学,放学后茶会,7,758
2023,1,198,哈尔滨工业大学(深圳),机房老毕登,7,764
2023,1,199,北京航空航天大学,不可计算,7,765
2023,1,200,北京大学,队名需要你自己衡量,7,771
2023,1,201,华南理工大学,EssenceWFern,7,776
2023,1,201,南方科技大学,南方科技大学-罗瓦涅米,7,776
2023,1,203,武汉大学,褪色记忆,7,777
2023,1,204,大连理工大学,一带三,7,782
2023,1,205,南开大学,给毕达哥拉斯以计算机,7,784
2023,1,206,苏州大学,金闪闪,7,785
2023,1,207,西安交通大学,Aqm今天买什么,7,792
2023,1,207,清华大学,嗷呜呜,7,792
2023,1,209,复旦大学,你先别急让我调DP,7,795
2023,1,210,上海大学,鼠shu队,7,798
2023,1,211,南京大学,平流层,7,799
2023,1,212,东北大学,东北大学_次元魔女,7,800
2023,1,213,华东师范大学,东方homo馆,7,808
2023,1,214,华中科技大学,队里有人变量名打错导致的,7,810
2023,1,215,哈尔滨工业大学(深圳),哈工生产大队,7,819
2023,1,215,武汉大学,你这个 rating 怎么睡得着的,7,819
2023,1,217,武汉大学,万猿生万德,7,820
2023,1,218,北京化工大学,"异世相遇,尽享美wa",7,824
2023,1,219,电子科技大学,UESTC_BetaCode,7,826
2023,1,219,南京大学,菜茎合作社,7,826
2023,1,221,天津大学,Inte,7,827
2023,1,222,北京航空航天大学,acforces,7,830
2023,1,223,合肥工业大学宣城校区,吃饱饱,7,831
2023,1,224,西安电子科技大学,什么也不会也能参加ACM吗?,7,835
2023,1,225,北京邮电大学,三只蒟蒻,7,836
2023,1,226,电子科技大学,UESTC_Obsidian,7,843
2023,1,227,苏州大学,韩氏空指针上可持久化雨自动机,7,848
2023,1,227,清华大学,这个题目做不来,7,848
2023,1,229,四川大学,晚十208,7,849
2023,1,230,浙江师范大学,"分秒易逝,V我5时",7,850
2023,1,231,电子科技大学,UESTC_Reverse,7,854
2023,1,232,浙江工业大学,ZJUT11,7,862
2023,1,233,华中师范大学,梅狸猫 ikun cat faded,7,870
2023,1,234,暨南大学,V你50罚时,7,874
2023,1,235,长沙学院,最后一舞,7,879
2023,1,236,浙江大学,Vengeful Spirit,7,881
2023,1,236,北京邮电大学,鹰之一手,7,881
2023,1,238,重庆大学,这个队名出现在21世纪还是太超前了,7,882
2023,1,239,西安电子科技大学,神里流AC,7,885
2023,1,240,武汉科技大学,RELX悦刻幻影PRO,7,887
2023,1,241,北京航空航天大学,这是一场豪赌,7,893
2023,1,242,北京理工大学,咖波脆,7,901
2023,1,243,华中科技大学,你是我的我是你的谁,7,907
2023,1,243,北京理工大学,epslion,7,907
2023,1,245,中山大学,大三元,7,910
2023,1,246,华中科技大学,AAHPH,7,916
2023,1,247,北京理工大学,秋秋粉丝团,7,922
2023,1,248,浙江师范大学,ZJNU_我真牛嘻嘻,7,923
2023,1,249,南京理工大学,赤豹纹狸,7,924
2023,1,250,哈尔滨理工大学,哈理工2023ICPC2队,7,926
2023,1,251,华南理工大学,bb84,7,930
2023,1,251,南京大学,不知道什么队,7,930
2023,1,251,中山大学,中山大学_叉烧凤爪烧卖,7,930
2023,1,254,同济大学,黄渡理工的newbie,7,931
2023,1,255,南开大学,对他使用dijkstra吧,7,934
2023,1,256,南京大学,千里送代码,7,935
2023,1,257,广东工业大学,绿豆沙,7,940
2023,1,258,山东理工大学,离开实验室请记得关电、锁门、关窗,7,941
2023,1,259,北京大学,地狱前线,7,943
2023,1,259,同济大学,昆图库塔卡提考特苏哇希腊送,7,943
2023,1,261,河海大学,我的ACM铁牌物语果然有问题,7,948
2023,1,262,华南理工大学,打xcpc不喊我,7,949
2023,1,263,北京理工大学,锐刻六代,7,950
2023,1,264,安徽大学,三条可怜(夏季限定),7,960
2023,1,264,复旦大学,立直提交一发过,7,960
2023,1,266,南京信息工程大学,跟不上榜,7,967
2023,1,267,北京交通大学,杰哥还有吗,7,980
2023,1,268,浙江工业大学,zjut4,7,983
2023,1,269,复旦大学,秒速1E9,7,988
2023,1,270,宁波大学,樱白之歌,7,995
2023,1,271,西安交通大学,Wqy竟不从之,7,1003
2023,1,272,哈尔滨工业大学,假嘟尊嘟,7,1015
2023,1,273,华中科技大学,波斯布偶折耳新加坡无毛猫,7,1019
2023,1,274,河海大学,Akers,7,1025
2023,1,275,同济大学,登神长阶,7,1026
2023,1,276,西安电子科技大学,红枣树,7,1027
2023,1,277,武汉大学,蓝蓝橙小队,7,1039
2023,1,278,华东师范大学,英文队名逆序队,7,1050
2023,1,279,哈尔滨工业大学(深圳),全都做不队,7,1053
2023,1,280,大连理工大学,dlut07,7,1056
2023,1,281,同济大学,拍脑袋,7,1060
2023,1,282,浙江师范大学,我要漂亮姐姐教我写代码,7,1072
2023,1,283,深圳大学,SZU_HuiFei,7,1102
2023,1,284,清华大学,暑假胖十斤,7,1113
2023,1,285,北京大学,魔法少女圆神,7,1114
2023,1,286,太原理工大学,为嘛黄瓜绿,7,1140
2023,1,287,东北大学秦皇岛分校,小饼卷大葱,7,1153
2023,1,288,东南大学,打ACM打的↑↓,7,1182
2023,1,289,山东大学,大黑狗奶糖,7,1200
2023,1,290,南京邮电大学,njupt23team04,7,1223
2023,1,291,北京邮电大学,我有起名困难症,7,1264
2023,1,292,电子科技大学,UESTC_CTSEU,7,1388
2023,1,293,南方科技大学,南方科技大学-科科拉,7,1444
2023,1,294,哈尔滨工业大学,都是方舟惹的祸,6,282
2023,1,295,湖南师范大学,栀晓,6,307
2023,1,296,香港科技大学(广州),原始人,6,348
2023,1,297,杭州师范大学,五月的猫猫,6,392
2023,1,298,中山大学,中山大学_破空之势,6,413
2023,1,299,电子科技大学,UESTC_Broforce,6,420
2023,1,300,河南大学,挐云,6,434
2023,1,301,福州大学,十六年老兵,6,445
2023,1,302,浙大城市学院,星辰雨,6,463
2023,1,303,华南农业大学,怎么越睡越困,6,468
2023,1,304,电子科技大学,UESTC_也想不出队名,6,482
2023,1,305,中南民族大学,温柔换不来温柔,6,486
2023,1,306,浙江工业大学,才思枯竭,6,487
2023,1,307,华南师范大学,梭哈队,6,490
2023,1,308,西安电子科技大学,超额剩余价值,6,491
2023,1,308,西安交通大学,唐人,6,491
2023,1,310,东南大学,你也不想别人知道你在打ACM吧,6,495
2023,1,311,浙江理工大学,飞飞,6,500
2023,1,311,华中科技大学,心平气和.jpg,6,500
2023,1,313,北京邮电大学,默认用户名,6,501
2023,1,314,华中师范大学,借点金充星穹铁道,6,502
2023,1,315,华中科技大学,我推的ACMer,6,512
2023,1,316,复旦大学,黑莲,6,514
2023,1,317,河南农业大学,0.o,6,516
2023,1,318,江西理工大学,随便取的,6,518
2023,1,319,河南工业大学,Decretum,6,525
2023,1,320,中国民航大学,大四打基础,6,528
2023,1,321,安徽大学,漏洞分析,6,529
2023,1,322,哈尔滨工业大学(威海),帅比队长在线征婚QQ2216541094,6,530
2023,1,323,武汉理工大学,*幻想乡旅行团,6,536
2023,1,324,福建理工大学,贼捏哦桑个囊mong菜,6,547
2023,1,325,电子科技大学,UESTC_DebugSimulator,6,548
2023,1,326,河北工业大学,uuz 可爱,6,552
2023,1,327,中国科学技术大学,布吉岛,6,554
2023,1,327,中山大学,中山大学_有好有坏有点呆,6,554
2023,1,329,成都理工大学,三个灰名,6,557
2023,1,330,武汉大学,锐刻武带,6,565
2023,1,330,燕山大学,塔山之巅,6,565
2023,1,332,北京大学,东起深渊,6,566
2023,1,333,西湖大学,欢乐打铁,6,569
2023,1,334,中山大学,中山大学_天选打工人,6,571
2023,1,335,浙江工业大学,无翼鸾冕,6,574
2023,1,335,中山大学,SYSU_testWA,6,574
2023,1,337,广东工业大学,GDUT_遇到问题先喝茶,6,577
2023,1,338,上海科技大学,"好好好,对对队",6,582
2023,1,339,中国地质大学(北京),唐氏儿童不会dp,6,588
2023,1,340,浙江工业大学,ZJUT5,6,589
2023,1,340,大连大学,猫猫虫饼干,6,589
2023,1,342,同济大学,可燃冰,6,591
2023,1,343,天津理工大学,异格羊根本没在池子里,6,592
2023,1,344,深圳大学,星が降るユメ,6,593
2023,1,345,西南大学,AutoC++,6,594
2023,1,345,北京师范大学,都报名了还要什么自行车,6,594
2023,1,345,西北农林科技大学,农林学校也有计算机?,6,594
2023,1,345,广州大学,疯猾绝代,6,594
2023,1,349,东南大学,嘟噜噜,6,598
2023,1,350,南京大学,三吴克,6,602
2023,1,351,中国科学技术大学,24科软点击就送,6,605
2023,1,352,华中科技大学,来不及起名字了,6,606
2023,1,353,中国人民大学,漩涡,6,609
2023,1,354,香港城市大学,九龙塘妙妙屋,6,612
2023,1,355,浙江师范大学,ZJNU_CodeGPT,6,614
2023,1,356,广东工业大学,漫游者,6,616
2023,1,357,吉林大学,rand,6,617
2023,1,358,重庆大学,第四天灾,6,618
2023,1,358,华中科技大学,打铁打的,6,618
2023,1,360,华南农业大学,SCAU_03,6,624
2023,1,361,同济大学,C2D俱乐部,6,625
2023,1,362,浙江师范大学,羊村王中王,6,628
2023,1,363,东北大学秦皇岛分校,可导必可积,6,635
2023,1,364,南京邮电大学,njupt23team08,6,637
2023,1,365,西安交通大学,差点报成去年网络赛,6,651
2023,1,365,台州学院,沧浪之水--为梦而战,6,651
2023,1,367,南京邮电大学,njupt23team21,6,655
2023,1,367,西北工业大学,遥遥领先!,6,655
2023,1,367,上海理工大学,她与AC皆遗憾,6,655
2023,1,370,广州大学,虚虚得实,6,661
2023,1,371,东北大学秦皇岛分校,无名Noname,6,666
2023,1,372,南通大学,集思广益一波,6,679
2023,1,373,四川大学,此访问越界,6,682
2023,1,373,中国海洋大学,No Answer of Wrong Answer,6,682
2023,1,375,深圳大学,SZU_Kevin,6,683
2023,1,376,东北大学秦皇岛分校,未命名,6,686
2023,1,377,山东科技大学,柏林号,6,687
2023,1,378,吉林大学,adrnin,6,688
2023,1,378,广西大学,"这一发,贯穿星辰",6,688
2023,1,380,北京工业大学,Sis puella magica!,6,690
2023,1,380,广州大学,最后的波纹,6,690
2023,1,382,哈尔滨工业大学(威海),leaf,6,691
2023,1,383,华南理工大学,伯兰特州U:燃烧的西红柿,6,693
2023,1,384,广东工业大学揭阳校区,天依不加糖,6,694
2023,1,385,深圳大学,SZU_Manacher,6,695
2023,1,386,西湖大学,westlake_xyz,6,701
2023,1,387,长沙理工大学,提瓦特之旅,6,703
2023,1,388,西北大学,摸鱼读假题写bug演队友,6,705
2023,1,389,东北大学,cancanneed,6,706
2023,1,390,深圳大学,SZU_Nyaru,6,709
2023,1,391,温州大学,温大一队,6,711
2023,1,391,中国地质大学(北京),二次元给俺滚,6,711
2023,1,393,青岛大学,我要成为xcpc糕手,6,712
2023,1,394,东南大学,mod998244353,6,717
2023,1,395,武汉大学,这高等学府又幽默了队,6,719
2023,1,396,中南大学,楼下就这?差一题不凹,6,722
2023,1,397,广州大学,至暗时刻,6,724
2023,1,398,电子科技大学,UESTC_TLE_AUTOmation,6,726
2023,1,399,浙大宁波理工学院,芜锁煨,6,728
2023,1,400,中国地质大学(武汉),顺十字,6,730
2023,1,400,中国科学院大学,你说的队,6,730
2023,1,402,东华大学,"巅峰见证虚伪的拥护,黄昏见证虔诚的信徒",6,736
2023,1,403,山东大学(威海),每次队名都不一样,6,738
2023,1,404,北京化工大学,GLHF,6,739
2023,1,405,电子科技大学,UESTC_如名,6,741
2023,1,406,复旦大学,圆环之理,6,743
2023,1,407,华南理工大学,1mparter,6,747
2023,1,408,济南大学,樱之重生,6,754
2023,1,409,广州大学,奇迹于你,6,755
2023,1,409,河南理工大学,lemon,6,755
2023,1,411,西北工业大学,啊对对队,6,756
2023,1,412,江西师范大学,Watch A-SOUL and become Au,6,757
2023,1,412,中国民航大学,Think-Create-Wa,6,757
2023,1,414,东北大学,东北大学_环形枯竭,6,758
2023,1,415,大连理工大学,小对无名,6,761
2023,1,416,北京交通大学,BJTU01,6,762
2023,1,417,辽宁大学,云里雾里,6,764
2023,1,418,华中科技大学,Welcome Burning Zero,6,765
2023,1,419,华南师范大学,开摆队,6,767
2023,1,420,西湖大学,"原神,启动",6,769
2023,1,421,南京理工大学,血怒猫猫虫,6,770
2023,1,421,南方科技大学,南方科技大学-万塔,6,770
2023,1,423,湖南科技大学,喵喵队要去奋斗,6,776
2023,1,424,浙大城市学院,业余码手,6,783
2023,1,424,浙江万里学院,打acm了吗?如打!,6,783
2023,1,426,长春理工大学,那就好好道个别吧,6,784
2023,1,426,中北大学,队友算法挂了还能打XCPC吗,6,784
2023,1,428,杭州师范大学,先wrong一发试试水,6,786
2023,1,429,郑州轻工业大学,LeetCodePoke高手,6,787
2023,1,429,西湖大学,不如LCW,6,787
2023,1,431,广东工业大学,三地鼠,6,788
2023,1,432,武汉理工大学,牧马人,6,789
2023,1,432,浙江科技学院,浙科零队,6,789
2023,1,434,江西师范大学,卡奇卡,6,790
2023,1,435,青岛理工大学,陟遐自迩,6,791
2023,1,436,西湖大学,SHT扛大旗,6,795
2023,1,437,台州学院,别急,6,796
2023,1,438,华南理工大学,鴏麚讏纔驆,6,797
2023,1,439,武汉科技大学,长征之我要成神,6,799
2023,1,440,安徽大学,"依古比古,你相信引力",6,806
2023,1,441,宁波大学,ACtor,6,807
2023,1,442,齐齐哈尔大学,欢迎报考齐齐哈尔大学,6,808
2023,1,443,吉林大学,划船全靠浪,6,809
2023,1,444,浙江农林大学暨阳学院,蟒蛇仙草咖啡馆,6,813
2023,1,445,成都信息工程大学,指引明路的苍蓝星,6,815
2023,1,446,乐山师范学院,先交一发再说,6,817
2023,1,447,齐鲁工业大学,偏远放逐者,6,819
2023,1,448,江西财经大学,从大学第一个AC开始!,6,821
2023,1,449,东北电力大学,"No, Thank You!",6,829
2023,1,449,武汉理工大学,最喜欢thjj了,6,829
2023,1,451,复旦大学,无何有之乡,6,837
2023,1,452,广州大学,海底食碗米,6,838
2023,1,452,东北农业大学,玩原神的那个怎么还不退役,6,838
2023,1,454,上海海事大学,未闻铁名,6,843
2023,1,455,华南理工大学,甘文崔,6,846
2023,1,456,浙江财经大学,寒星孤月,6,848
2023,1,457,哈尔滨商业大学,哈商大1队,6,849
2023,1,458,杭州师范大学,三玖的狗狗,6,851
2023,1,458,武汉理工大学,Infinite Fancy,6,851
2023,1,460,南京理工大学,猫猫头没有头,6,853
2023,1,460,湖北工业大学,"队里有神,但是原神",6,853
2023,1,460,西安交通大学,现在需要一个队伍名,6,853
2023,1,463,东北大学,东北大学_礻亻牜,6,858
2023,1,464,青岛大学,老年艺术团,6,862
2023,1,465,广东工业大学,114514,6,866
2023,1,466,贵州大学,青春NovelAI不会梦到AlphaCode,6,867
2023,1,467,西南科技大学,Clutch,6,868
2023,1,468,江南大学,远坂凛粉丝队,6,869
2023,1,469,浙江万里学院,"原神,启动",6,875
2023,1,470,浙江师范大学,三幻神,6,878
2023,1,470,哈尔滨理工大学,哈理工2023ICPC5队,6,878
2023,1,472,山西大学,您要去斯卡波罗集市吗,6,881
2023,1,473,上海理工大学,请别让我独自匍匐于滂沱世末之雨,6,883
2023,1,473,武汉理工大学,武理十三队,6,883
2023,1,475,东莞理工学院,想好队名了吗,6,887
2023,1,475,河北师范大学,黎明之光,6,887
2023,1,477,西安交通大学,未铭记何谈淡忘,6,894
2023,1,477,四川大学,纹化输出自动鸡,6,894
2023,1,479,哈尔滨工业大学(深圳),打铁队,6,896
2023,1,480,中国科学技术大学,伞兵营,6,899
2023,1,481,福建师范大学,给我也整几个,6,901
2023,1,481,西安电子科技大学,夜之向日葵,6,901
2023,1,483,南京林业大学,reji3tr,6,903
2023,1,484,中国科学技术大学,404 Not Found,6,904
2023,1,485,重庆邮电大学,我们仍未知道那天AC的原因,6,915
2023,1,486,东北农业大学,感觉不如硕子,6,926
2023,1,487,长安大学,彩虹岛之戮 Pro,6,937
2023,1,488,东北农业大学,红颜近晚霞,6,942
2023,1,489,福州大学,我jio得还可以,6,948
2023,1,490,西北大学,牛魔,6,951
2023,1,491,河南大学,望星,6,953
2023,1,492,北京化工大学,xxx,6,955
2023,1,493,广州大学,原粥二象性,6,958
2023,1,494,大连理工大学,"关注带工喵,关注带工谢谢喵~(≧^.^≦)",6,962
2023,1,495,浙江工商大学,空花阳焰,6,972
2023,1,496,同济大学,长日将尽,6,980
2023,1,497,西北大学,"打铁转生,在网络赛要拿出真本事",6,993
2023,1,498,长安大学,真叫人质壁分离,6,1003
2023,1,499,青岛理工大学,一执而已,6,1014
2023,1,500,北京邮电大学,起床困难综合症,6,1018
2023,1,501,中山大学,中山大学_码的全队,6,1031
2023,1,502,郑州大学,七天速成班,6,1032
2023,1,503,绍兴文理学院元培学院,艾欧尼亚专业团伙,6,1046
2023,1,504,深圳大学,SZU_Emanatry,6,1058
2023,1,505,西安理工大学,神秘的力量,6,1080
2023,1,506,集美大学,"抱歉,这没有集美",6,1098
2023,1,507,大连理工大学盘锦校区,只会签到太下头,6,1104
2023,1,508,湖南师范大学,HEX,6,1134
2023,1,509,吉林大学,打不好就回去调整,6,1219
2023,1,510,华南理工大学,答应我不要用endl好吗,6,1279
2023,1,511,浙江理工大学,邪恶泡泡与射线恶魔,5,237
2023,1,512,南京师范大学,擅长AC的高木同学,5,321
2023,1,513,西北工业大学,往生堂,5,325
2023,1,514,南京大学,乱敲键盘,5,331
2023,1,515,浙江财经大学,秃如其来,5,334
2023,1,516,南京工业大学,三相之力,5,338
2023,1,516,中国人民大学,嘉然今天创什么,5,338
2023,1,518,香港中文大学(深圳),稳中向好,5,342
2023,1,519,武汉理工大学,"!动启,神原",5,353
2023,1,520,中国科学技术大学,樱吹雪,5,355
2023,1,521,山东大学(威海),数据驱动百合,5,356
2023,1,522,天津仁爱学院,Dream Joker,5,361
2023,1,522,山东大学,追光者,5,361
2023,1,524,南京航空航天大学,水冷头不撕膜,5,369
2023,1,525,上海应用技术大学,彼岸葬送!,5,375
2023,1,525,四川大学,麦香鱼,5,375
2023,1,527,北京林业大学,Misaka·Kiana·Tankuku,5,376
2023,1,527,东北大学秦皇岛分校,名字取好了吗,5,376
2023,1,529,华东师范大学,Harryphone,5,378
2023,1,530,华南理工大学,深蓝之树,5,381
2023,1,531,厦门大学,恋剖分剖恋,5,384
2023,1,532,华中农业大学,南湖打铁王,5,389
2023,1,533,中国地质大学(北京),守护坤棚,5,392
2023,1,534,中国地质大学(北京),举杯邀明月,5,398
2023,1,535,浙江师范大学,霸气酷酷伦,5,402
2023,1,536,哈尔滨理工大学,哈理工2023ICPC12队,5,403
2023,1,536,西安交通大学,一人一题,5,403
2023,1,538,云南大学,[B站]ACM还我offer,5,407
2023,1,539,福建师范大学,杰尼龟快使用火箭头槌,5,410
2023,1,540,同济大学,Ciallo~,5,412
2023,1,541,西南民族大学,我觉得我是,5,414
2023,1,542,厦门大学,"既不说话又不动,我们都是木头人",5,415
2023,1,543,上海科技大学,新建文件夹,5,418
2023,1,544,暨南大学,我必搞,5,421
2023,1,544,西南交通大学,徐老师和他的挂件们,5,421
2023,1,546,华南农业大学,notpasscet_6,5,423
2023,1,547,浙江师范大学,白洞、白色的明天在等着我们,5,424
2023,1,548,山东理工大学,丸子小章鱼,5,426
2023,1,548,武汉商学院,如来如过,5,426
2023,1,550,浙江理工大学,下次提交一定队,5,427
2023,1,551,华东师范大学,ECNU_SEI6,5,428
2023,1,552,四川大学,这也能队,5,430
2023,1,553,北京理工大学珠海学院,星火燎原,5,433
2023,1,554,新疆大学,Yep,5,435
2023,1,555,东北大学,"东北大学_依言定真,鉴定为:原来,你也万援伸",5,436
2023,1,556,华南师范大学,江南开摆野指针梭哈天江遨游海底直至AC,5,437
2023,1,557,苏州大学,青春猪头学弟不会梦到AK自动机学长,5,443
2023,1,557,广西师范大学,浩栋哥哥粉丝团,5,443
2023,1,559,上海海洋大学,想想布鲁特福斯怎么做,5,444
2023,1,560,北京师范大学,异或小姐的狗,5,446
2023,1,561,中南大学,成群结队,5,453
2023,1,562,华中科技大学,不管打不打实习都要旅游,5,454
2023,1,563,深圳技术大学,SZTU_小呆猫猫,5,457
2023,1,563,华东师范大学,华为Mate60Pro5G,5,457
2023,1,565,武汉工程大学,会有奇迹吗?2.0,5,458
2023,1,566,东北大学,东北大学_想不摆烂,5,464
2023,1,567,南京航空航天大学,林克时间,5,468
2023,1,568,上海理工大学,安云染街 客语佳辰,5,470
2023,1,569,广东工业大学揭阳校区,ICPC网络赛我们队伍名取什么名字?,5,472
2023,1,570,北京林业大学,北林附小一队,5,475
2023,1,571,浙江工商大学,理塘最速WA传说,5,476
2023,1,572,哈尔滨工程大学,三只也熊,5,479
2023,1,573,杭州师范大学,Mind the Gap,5,480
2023,1,574,暨南大学,胜天半子,5,481
2023,1,575,南开大学,赛博搬砖,5,483
2023,1,576,西北农林科技大学,急急急急摆摆摆摆,5,485
2023,1,577,北京理工大学,Eureka,5,488
2023,1,578,东华大学,抓马西瓜,5,490
2023,1,579,浙江农林大学,浙农专旅行者,5,494
2023,1,580,武汉工程大学,深藏blue队,5,496
2023,1,580,浙江科技学院,djwcb,5,496
2023,1,582,深圳北理莫斯科大学,写三题挂三题,5,497
2023,1,583,华南师范大学,关注十月新番闪耀优骏少女第三季喵!关注北部玄驹谢谢喵!,5,502
2023,1,584,浙江财经大学,硬撑罢了!,5,504
2023,1,585,东南大学,只做签到题,5,507
2023,1,586,中国科学院大学,双人成行,5,508
2023,1,587,武汉科技大学,再取一年真经,5,509
2023,1,587,成都信息工程大学,Ctrl,5,509
2023,1,587,哈尔滨工业大学(深圳),蛙鸣鼓吹,5,509
2023,1,590,成都信息工程大学,"""6""""6"" ^_^ ->""<4""",5,512
2023,1,591,吉林大学,黑化肥挥发发灰会花飞,5,514
2023,1,592,南开大学,幻视之夜,5,515
2023,1,592,广西民族大学,痛贯天灵,5,515
2023,1,594,北京科技大学,I'm done,5,516
2023,1,595,常熟理工学院,辞风的花,5,522
2023,1,595,北京化工大学,百花蔚蓝档案沙勒支教分部,5,522
2023,1,595,武汉科技大学,以上成绩全部无效,5,522
2023,1,598,吉林大学,gj:我们三个太强辣,5,525
2023,1,598,浙大宁波理工学院,青梅绿茶,5,525
2023,1,600,浙江工业大学,ZJUT13,5,526
2023,1,601,中国矿业大学,三条菜狗,5,529
2023,1,601,中国科学技术大学,好好写码天天修锅,5,529
2023,1,603,西南科技大学,生如夏花,5,532
2023,1,604,哈尔滨工业大学(威海),唐可可后援会,5,533
2023,1,605,南京大学,荆棘黄昏,5,536
2023,1,606,重庆大学,传说天启启元星迹梦之队,5,537
2023,1,607,哈尔滨工程大学,月色真美,5,541
2023,1,607,电子科技大学中山学院,澄净闪耀,5,541
2023,1,609,天津大学,保铁争铜,5,542
2023,1,610,西南财经大学,已逝之嗷,5,544
2023,1,610,浙江工业大学,ZJUT 6,5,544
2023,1,612,中国石油大学(华东),中石大1953,5,548
2023,1,613,南昌航空大学,debug都队2.0,5,549
2023,1,614,中国人民解放军战略支援部队信息工程大学,F1appy_b0ys,5,551
2023,1,615,浙江理工大学,附魔金苹果,5,554
2023,1,616,安徽工业大学,23131,5,556
2023,1,617,东北大学秦皇岛分校,专业团队,5,557
2023,1,618,南阳理工学院,家人们谁懂啊,5,560
2023,1,619,西北工业大学,野犬牧行,5,561
2023,1,620,哈尔滨工业大学(深圳),哈啰渡渡鸟,5,563
2023,1,621,浙江工业大学之江学院,"小小格温,不怕困难!",5,571
2023,1,622,韶关学院,我看队友打代码,5,572
2023,1,623,广西大学,队友WA1我CE,5,573
2023,1,624,香港中文大学,陪跑副隊夠打,5,574
2023,1,625,长沙理工大学,什么什么队,5,575
2023,1,626,浙大城市学院,广告位招租,5,577
2023,1,627,中国石油大学(北京)克拉玛依校区,CUPK,5,578
2023,1,627,哈尔滨工业大学(威海),冬天的尾声,5,578
2023,1,629,浙大宁波理工学院,800,5,580
2023,1,630,浙江工商大学,七月三,5,582
2023,1,631,南京邮电大学,njupt23team07,5,583
2023,1,632,西南石油大学,丁真の跌,5,584
2023,1,632,上海科技大学,不要养两只猫,5,584
2023,1,634,北京邮电大学,未命名-1,5,585
2023,1,635,宁波大学,我们一起去提瓦特大冒险,5,587
2023,1,635,广东工业大学,我们已经很努力在想队名了,5,587
2023,1,635,常州大学,WA你走开 我怕AC误会,5,587
2023,1,638,山东大学(威海),不玩原神,5,588
2023,1,639,浙江工业大学,ZJUT14,5,589
2023,1,640,武汉理工大学,三鲜面,5,591
2023,1,640,西北大学,ldx,5,591
2023,1,642,南京航空航天大学,甘雨想打acm,5,592
2023,1,643,西安电子科技大学,紫罗兰,5,593
2023,1,644,重庆邮电大学,南山旅游团,5,594
2023,1,644,中国民航大学,多快好省地拿下ICPC,5,594
2023,1,646,三峡大学,开摆!纯情少男,5,595
2023,1,647,江西财经大学,彩虹海,5,597
2023,1,648,浙江科技学院,浙科一队,5,600
2023,1,648,浙江师范大学,AAA金华蜜雪冰城代购,5,600
2023,1,650,东华大学,陈晓剑舞,5,601
2023,1,651,青岛科技大学,斯卡布罗集市,5,605
2023,1,651,西湖大学,westlAKe,5,605
2023,1,653,南京邮电大学,njupt23team03,5,606
2023,1,653,佛山科学技术学院,去年打铁一整年,5,606
2023,1,655,中国石油大学(华东),中石大2021,5,607
2023,1,656,吉林大学,随便,5,609
2023,1,656,南京邮电大学,njupt23team10,5,609
2023,1,658,北华大学,wrong answer,5,610
2023,1,659,温州大学,温大二队,5,611
2023,1,660,合肥工业大学,过了样例就算队,5,614
2023,1,661,南京信息工程大学,砌砖嘴犟,5,618
2023,1,662,南京航空航天大学,Trip Against Wind,5,620
2023,1,663,苏州科技大学,一带二,5,621
2023,1,663,长春理工大学,一期一会,5,621
2023,1,665,广东工业大学,茶餐厅,5,622
2023,1,666,中国科学技术大学,重生之我是Pupil,5,623
2023,1,667,中国科学技术大学,n方碰瓷1e6,5,627
2023,1,668,海南大学,不拿牌就去南门卖烤生蚝,5,628
2023,1,668,宁波财经学院,下水管道疏通半小时上门,5,628
2023,1,670,哈尔滨理工大学,哈理工2023ICPC6队,5,633
2023,1,671,华中师范大学,迷路帖,5,635
2023,1,671,中国海洋大学,TLE Master,5,635
2023,1,673,苏州科技大学,取金没有孙悟空,5,636
2023,1,673,华南理工大学,关于三等分的挂壁转生异世界重启然后捡到野生金牌这档事,5,636
2023,1,673,中北大学,NUC,5,636
2023,1,676,福州大学,室温超导,5,639
2023,1,677,福建农林大学,从银牌开始的谢莉大探险,5,649
2023,1,678,西安电子科技大学,队名是啥,5,659
2023,1,679,西南石油大学,不懂就问西柚是不是都是柚子厨啊,5,661
2023,1,679,重庆邮电大学,3G+3G=6G,5,661
2023,1,681,南京信息工程大学,"廉颇老矣,尚能夺金?",5,663
2023,1,682,上海大学,日薪越亿,5,664
2023,1,682,华南师范大学,菜狗冲锋,5,664
2023,1,684,电子科技大学中山学院,椭圆卤蛋中学附属第二小学,5,665
2023,1,685,同济大学,治伤魔法石,5,667
2023,1,686,长沙理工大学,"无视罚时,继续爆0",5,668
2023,1,687,北京邮电大学,逆转结局,5,671
2023,1,688,福建师范大学,凉拌玛卡巴卡,5,672
2023,1,689,东北师范大学,RuntimeError,5,674
2023,1,689,成都信息工程大学,有你在即可化成水,5,674
2023,1,691,苏州大学,家人们早八谁懂啊,5,679
2023,1,692,青岛科技大学,她与金牌皆失,5,685
2023,1,693,北方工业大学,梅明子队,5,686
2023,1,694,南阳理工学院,已经没有什么可以失去的了,5,687
2023,1,695,河南理工大学,还真是,5,688
2023,1,696,西安理工大学,二进制文豪,5,689
2023,1,697,重庆大学,《队友说什么加个书名号都可以是队名》,5,690
2023,1,698,中国石油大学(华东),中石大1551,5,692
2023,1,699,江西师范大学,逸一时误一时,5,694
2023,1,700,武汉理工大学,大三学姐在线温柔,5,698
2023,1,701,西南科技大学,Lumos Maxima,5,709
2023,1,702,绍兴文理学院,破晓,5,711
2023,1,703,沈阳航空航天大学,closer,5,714
2023,1,704,福州大学,AC不了就睡觉,5,718
2023,1,705,青岛大学,三个东营人,5,719
2023,1,705,中国科学院大学,啥,5,719
2023,1,707,山东大学(威海),无秩翻转~到了异构集就拿出真子串~,5,725
2023,1,708,山东师范大学,快些啊!lh,5,731
2023,1,709,中国传媒大学,"定福庄好果汁,定福庄好梅汁",5,733
2023,1,710,上海大学,启云力,5,738
2023,1,711,鲁东大学,星星之火 - 银狼,5,739
2023,1,711,广东东软学院,为白雪染色,5,739
2023,1,713,武汉大学,闪耀!优俊少女,5,741
2023,1,714,武汉科技大学,紧抱蛙蛙在线AC,5,747
2023,1,714,贵州大学,鬼杀队,5,747
2023,1,716,电子科技大学,UESTC_LWL,5,759
2023,1,717,哈尔滨工程大学,圣马家沟修船工,5,766
2023,1,718,青岛大学,风浪越大题越队,5,768
2023,1,719,华东理工大学,ecust2,5,769
2023,1,720,江西财经大学,三只小猪,5,770
2023,1,721,河南工业大学,尊嘟假嘟QAQ,5,772
2023,1,722,山东理工大学,清纯白毛小萝莉,5,774
2023,1,723,大连理工大学,我的魔法国,5,775
2023,1,724,西南交通大学,重生之我是臭SB,5,781
2023,1,725,华北电力大学(北京),"ANIPLEX,启动!",5,788
2023,1,726,同济大学,同济犇蛋队,5,792
2023,1,727,太原理工大学,不要柯学,5,794
2023,1,728,南昌航空大学,极限火花,5,796
2023,1,729,中国科学技术大学,Team114514,5,805
2023,1,730,南京信息工程大学,蒟蒻果冻,5,808
2023,1,730,泉州师范学院,123456789,5,808
2023,1,732,湖北工业大学,一拳打破宇宙,5,809
2023,1,733,中国科学院大学,未到场,5,832
2023,1,734,福建师范大学,狠狠打铁,5,840
2023,1,735,重庆邮电大学,希腊奶哟,5,841
2023,1,736,黄冈师范学院,闭时有限的远点,5,842
2023,1,737,齐鲁工业大学,"若有战,召必回",5,880
2023,1,738,哈尔滨工业大学(深圳),裁雨留虹,5,883
2023,1,739,信阳农林学院,脑洞大爆炸,5,901
2023,1,740,杭州师范大学,ACM再爱我一次,5,946
2023,1,741,浙江农林大学暨阳学院,薄荷加冰可乐水,5,950
2023,1,742,北京工业大学,原神启动!,5,961
2023,1,743,东南大学,阿萨神族,5,981
2023,1,744,华南理工大学,FastFastTLE,5,991
2023,1,745,合肥学院,打个表吧,5,1001
2023,1,746,浙江理工大学,哇哇队,5,1073
2023,1,747,华东师范大学,SEI4,4,139
2023,1,748,山东大学,cjb 粉丝团,4,151
2023,1,748,中国科学技术大学,杂鱼队,4,151
2023,1,750,杭州师范大学,alea iacta est,4,154
2023,1,751,中国人民解放军战略支援部队信息工程大学,托塔李天王,4,168
2023,1,752,山东大学(威海),先别急,4,170
2023,1,753,厦门大学,word_胡桃_圣15_250昏,4,179
2023,1,754,上海理工大学,才不是傲娇二次元,4,181
2023,1,755,中国农业大学,"我超,农!",4,182
2023,1,756,长安大学,可达鸭今天什么都吃,4,183
2023,1,757,南阳理工学院,秦始皇派蒙恬还原神舟十二,4,185
2023,1,758,深圳大学,SZU_NicklausWirth,4,187
2023,1,759,中国地质大学(武汉),地能儿是这样的,4,188
2023,1,759,华南农业大学,五山农专特种兵大队,4,188
2023,1,761,江南大学,"签到,梦游和机器人",4,195
2023,1,762,苏州大学,S属性大爆发,4,196
2023,1,763,东北大学秦皇岛分校,超越INF,4,198
2023,1,764,南京航空航天大学,我的XCPC物语果然有问题,4,201
2023,1,765,周口师范学院,神里绫华,4,202
2023,1,766,杭州师范大学,自由之翼,4,207
2023,1,767,浙大宁波理工学院,辣锅队,4,209
2023,1,768,华南师范大学,虾虎遨游直至AC,4,212
2023,1,768,东南大学,积分忘加C,4,212
2023,1,770,华南师范大学,野指针,4,214
2023,1,771,河南工业大学,因为我已触碰过天空,4,217
2023,1,772,安徽工业大学,积极向上到处睡觉,4,221
2023,1,772,广东工业大学,现在我也是鼠鼠,4,221
2023,1,772,合肥工业大学宣城校区,妖魔鬼怪快离开,4,221
2023,1,775,北京信息科技大学,开局双无尽的刘备酒火杀打到水影的水阵壁上能打出蒸发吗,4,224
2023,1,776,天津大学,Clay战队,4,225
2023,1,776,华南师范大学,123456,4,225
2023,1,778,浙江理工大学,不死图腾,4,227
2023,1,778,西北农林科技大学,不想AC的TLE一定不是好WA,4,227
2023,1,780,江苏科技大学,逻各斯,4,230
2023,1,781,西北农林科技大学,"说白了打算法竞赛的就是网瘾青年,早该电电了",4,233
2023,1,782,浙江理工大学,老师说的队,4,235
2023,1,783,山东大学,"原始人,起洞!",4,237
2023,1,784,浙江农林大学,夜的命名术,4,238
2023,1,785,广东工业大学,菜鸟分割线,4,239
2023,1,786,西北大学,winwin豆奶,4,240
2023,1,786,江南大学,"心乱则输输,心静则赢赢",4,240
2023,1,788,南京信息工程大学,东风祝酒,4,242
2023,1,789,华南理工大学,Magically WA,4,243
2023,1,790,南京航空航天大学,听取WA声一片,4,245
2023,1,790,北京工业大学,尊嘟假嘟o.O,4,245
2023,1,792,哈尔滨工业大学(深圳),前面的题目以后再来探索吧,4,247
2023,1,793,南京工业大学,石上三年,4,249
2023,1,794,常熟理工学院,旧日残党,4,252
2023,1,795,长春理工大学,我绝不和煎蛋不放糖的家伙结婚!,4,254
2023,1,796,南开大学,斌斌全球粉丝后援会(3),4,255
2023,1,797,北京交通大学,三位一体,4,256
2023,1,797,河北师范大学,键上翻花,4,256
2023,1,797,盐城工学院,北巷清风,4,256
2023,1,800,福州大学,终末の题极限AC,4,257
2023,1,801,哈尔滨工业大学(威海),威我伍拾,4,259
2023,1,801,杭州师范大学,这题A不A 交一发就知道了,4,259
2023,1,801,上海电机学院,上海电机学院,4,259
2023,1,801,广州城市理工学院,不如意外之财,4,259
2023,1,805,广西大学,NoName,4,260
2023,1,805,中国科学技术大学,东风雏鹰队二代目,4,260
2023,1,807,同济大学,WA真的是你啊,4,261
2023,1,808,山东大学,芝士队名,4,262
2023,1,809,中国民航大学,最后之舞,4,263
2023,1,810,合肥工业大学宣城校区,Knights of the Eastern Calculus,4,264
2023,1,811,河海大学,cl说计组真难,4,267
2023,1,812,南昌航空大学,雀食蟀三队,4,270
2023,1,813,重庆科技学院,做不出思维题的小趴菜,4,272
2023,1,814,成都信息工程大学,不打了红温洗澡去了,4,274
2023,1,815,南昌大学,大摆锤,4,278
2023,1,816,鲁东大学,星星之火 - 黎明,4,280
2023,1,816,台州学院,弗洛里达州仨闲人,4,280
2023,1,816,南京邮电大学,njupt23team24,4,280
2023,1,819,南开大学,不会起名,4,282
2023,1,820,长春理工大学,stt不是kpp,4,284
2023,1,821,东北大学秦皇岛分校,打酱油队,4,286
2023,1,822,浙江农林大学,今天你AC了吗,4,287
2023,1,822,中国计量大学,(c102)不AC就會入夜狂飆(GenShin Impart)[Chinese],4,287
2023,1,824,华南师范大学,0721俱乐部,4,289
2023,1,825,北京科技大学,I'll try,4,290
2023,1,826,福建农林大学,小狼ovo,4,292
2023,1,827,南京林业大学,不玩原神失败人生,4,293
2023,1,827,武汉大学,乐不思武,4,293
2023,1,829,北京化工大学,高质量普信男,4,294
2023,1,829,北京邮电大学,奥特猫,4,294
2023,1,831,嘉应学院,开搞 !,4,295
2023,1,831,河南大学,代替我拥抱她,4,295
2023,1,833,浙江工商大学,噫叁柒陆,4,296
2023,1,833,广东财经大学,弗拉明戈舞步,4,296
2023,1,835,华中师范大学,因你AC的题目,4,297
2023,1,836,合肥工业大学宣城校区,牛头冲小学一年级二班,4,301
2023,1,837,武汉工程大学,珊瑚宫心海,4,302
2023,1,838,同济大学,计软合并对,4,304
2023,1,839,厦门大学,我推的Acmer!,4,306
2023,1,840,集美大学,深夜谁家灯火万盏,4,307
2023,1,840,东莞理工学院,"恭喜战鹰夺得第八届虎扑女神大赛冠军,名副其实的八冠王",4,307
2023,1,842,浙江农林大学,A不出来,4,309
2023,1,842,黑龙江大学,拂晓晨辉,4,309
2023,1,844,中国矿业大学,cumt5,4,310
2023,1,845,西南财经大学,随便取一个吧(),4,311
2023,1,846,浙江工商大学,ACM砖业铁匠铺,4,312
2023,1,846,南阳师范学院,随便吧,4,312
2023,1,848,中国民航大学,acm熬夜吃汉堡喝瑞幸去撤硕摆游cf,4,313
2023,1,848,华南师范大学,ReMiFa,4,313
2023,1,850,西安邮电大学,江郎才尽,4,315
2023,1,850,中国传媒大学,打铁两年半的练习生,4,315
2023,1,852,浙大宁波理工学院,打铁是你的谎言,4,320
2023,1,852,中国石油大学(华东),中石大2023,4,320
2023,1,854,长安大学,你就说样例过了对不对,4,323
2023,1,854,中南民族大学,offer不保三战士,4,323
2023,1,856,浙江万里学院,无所谓,4,324
2023,1,856,北京化工大学,以上队伍成绩无效,4,324
2023,1,856,上海第二工业大学,粉红毛毛兔,4,324
2023,1,856,武汉科技大学,明天再补题,4,324
2023,1,860,香港城市大学,"原神,启动!",4,325
2023,1,860,新疆大学,Monikaaaa,4,325
2023,1,860,重庆交通大学,我嫁给他还不是因为你喜欢人妻,4,325
2023,1,863,阜阳师范大学,人从众,4,326
2023,1,863,深圳技术大学,SZTU_星河长明,4,326
2023,1,865,中国计量大学,我不想加入Ranking俯冲,4,327
2023,1,865,江西师范大学,Takemenapaizi,4,327
2023,1,867,苏州科技大学,蔡徐坤,4,328
2023,1,867,东北大学,东北大学_海底小纵队,4,328
2023,1,869,哈尔滨工业大学(深圳),先交一发,4,329
2023,1,870,中国地质大学(北京),"AC,启动!",4,330
2023,1,870,广东工业大学,"这不是BUG,是特性",4,330
2023,1,872,浙江工商大学,咱们三plus,4,331
2023,1,872,河南理工大学,MoonHalo,4,331
2023,1,874,浙江师范大学,星期天彻底疯狂,4,333
2023,1,875,浙大宁波理工学院,猫猫不摸鱼,4,334
2023,1,875,北京林业大学,石蒜·水星·春日影,4,334
2023,1,875,沈阳化工大学,某某某,4,334
2023,1,878,天津大学,愤怒的小鸟,4,336
2023,1,879,华南师范大学,哦呼自动机,4,339
2023,1,880,江苏大学,一次ac队,4,341
2023,1,881,山东大学,玛瑙星空,4,342
2023,1,882,江西科技师范大学,科师大第N队,4,343
2023,1,882,天津大学,为什么要演奏春日影,4,343
2023,1,882,山东理工大学,五亿个小铃铛,4,343
2023,1,882,北京交通大学威海校区,交不起报名费,4,343
2023,1,886,浙大城市学院,F1RST D4NCE,4,344
2023,1,886,南昌航空大学,雀食蟀但是菜,4,344
2023,1,888,合肥工业大学宣城校区,Please,4,345
2023,1,889,东北电力大学,东电-NTGKC,4,348
2023,1,889,山东师范大学,Random(name),4,348
2023,1,891,北京理工大学珠海学院,翻译鬼才,4,350
2023,1,892,中国石油大学(华东),中石大1973,4,352
2023,1,893,浙江理工大学,汪汪队立大功,4,353
2023,1,894,中南大学,怎么才能做对,4,354
2023,1,894,华东交通大学,想要AK一把,4,354
2023,1,896,江西理工大学,qfz,4,355
2023,1,896,哈尔滨理工大学,哈理工2023ICPC10队,4,355
2023,1,898,西南科技大学,可口可乐百事可乐可口可乐,4,356
2023,1,899,东华大学,理塘最強伝説と絕兇の猛虎!純真丁一郎です,4,357
2023,1,900,井冈山大学,大国铁匠,4,358
2023,1,900,华南农业大学,记得开LL,4,358
2023,1,900,南京林业大学,林带观光团,4,358
2023,1,900,广东工业大学,逸误,4,358
2023,1,904,中国矿业大学,维他柠檬茶,4,359
2023,1,905,浙江工商大学,残夏,4,360
2023,1,905,同济大学,科比墨茶孙笑川丁真谷爱凌原神,4,360
2023,1,907,济南大学,no connoisseur but loves your song,4,361
2023,1,907,中国计量大学,带恶人组织,4,361
2023,1,907,中国计量大学,TB浪子,4,361
2023,1,910,河北工业大学,我来写你们别走,4,362
2023,1,911,黑龙江大学,为美好的世界献上AC,4,363
2023,1,912,浙江师范大学,天上飞来一只猪,4,366
2023,1,913,安徽农业大学,题题不歪真君,4,368
2023,1,914,郑州轻工业大学,失败的man,4,369
2023,1,914,同济大学,充不了一点,4,369
2023,1,914,北京工业大学,0b110Voyage,4,369
2023,1,917,浙江工商大学,芝士雪豹,4,370
2023,1,918,合肥学院,想要变成猫猫虫,4,371
2023,1,919,华南农业大学,吃饱就睡,4,373
2023,1,920,浙大城市学院,last_dance,4,374
2023,1,921,常熟理工学院,重生之我在星铁打算竞,4,375
2023,1,922,徐州工程学院,"抱歉,这里没有美少女",4,376
2023,1,923,中南大学,一点之前A不出题,4,377
2023,1,924,电子科技大学中山学院,香山4队,4,379
2023,1,925,浙江财经大学,样例对有个毛用,4,380
2023,1,925,华东师范大学,AC自动机,4,380
2023,1,927,河南农业大学,CFboys,4,381
2023,1,927,南京大学,水仙花队,4,381
2023,1,927,武汉理工大学,一题都不队,4,381
2023,1,930,天津大学,西弗勒斯,4,383
2023,1,930,天津大学,失物招领处,4,383
2023,1,932,江南大学,打不好就没比赛打了,4,384
2023,1,932,广东外语外贸大学,ikun111,4,384
2023,1,934,浙大宁波理工学院,我爱喝茉莉蜜茶,4,385
2023,1,934,广东外语外贸大学,"贪心妙手,动规俗手",4,385
2023,1,936,北京化工大学,漫步经心,4,386
2023,1,936,北京化工大学,Arickkaa beat Benq,4,386
2023,1,936,广东外语外贸大学,开局wa10次,4,386
2023,1,939,南华大学,这是什么地方啊,4,387
2023,1,940,莆田学院,取名困难症,4,388
2023,1,941,东北大学,NEU_qwq,4,389
2023,1,941,哈尔滨工业大学(威海),海底小纵队,4,389
2023,1,943,山东理工大学,Wahhhh,4,390
2023,1,943,重庆工程学院,走出新手村之我们仨,4,390
2023,1,945,阜阳师范大学,没有颜色的彩虹,4,391
2023,1,946,浙江工商大学,整个好的队伍名,4,392
2023,1,946,同济大学,葱包粉丝后援团,4,392
2023,1,948,北京交通大学,BJTU05,4,393
2023,1,949,济南大学,Ice_cream,4,394
2023,1,950,华南理工大学,大学城南摆大烂,4,395
2023,1,950,南京邮电大学,njupt23team05,4,395
2023,1,952,华南师范大学,啊对对队,4,397
2023,1,952,南通大学,没有队名,4,397
2023,1,952,东北大学,东北大学_1234566,4,397
2023,1,952,上海科技大学,张理工514队,4,397
2023,1,956,华东师范大学,会员制餐厅,4,398
2023,1,957,山东农业大学,羊村护卫队,4,399
2023,1,958,石家庄铁道大学,PDA掌上自动AC机,4,400
2023,1,959,江西理工大学,原神在这里启航,4,401
2023,1,959,广东工业大学,登鲤,4,401
2023,1,959,河海大学,魂魄妖梦,4,401
2023,1,962,鲁东大学,星星之火 - 饕餮,4,403
2023,1,962,北京林业大学,琪露诺61YY保佑·可回收垃圾,4,403
2023,1,964,哈尔滨工程大学,goto:希腊奶,4,405
2023,1,965,中国地质大学(武汉),白色基地,4,406
2023,1,966,燕山大学,YSU是原神大学吗,4,407
2023,1,967,西北大学,傅里叶变换,4,409
2023,1,967,青岛科技大学,盼得日出云开明明白白观山看海,4,409
2023,1,969,南京航空航天大学,不知道什么是算法,4,410
2023,1,970,中国矿业大学,cumt4,4,412
2023,1,971,武汉理工大学,靠两位大爹带,4,413
2023,1,971,安徽工业大学,小菜鸡对队,4,413
2023,1,973,云南大学,下水道蚂蚁,4,414
2023,1,973,山东大学(威海),V你50罚时,4,414
2023,1,975,广州华立学院,"打什么xcpc,你又不是xxx",4,415
2023,1,975,中国科学技术大学,张辉粉丝后援团,4,415
2023,1,977,苏州大学,Automan,4,417
2023,1,977,温州大学,温大三队,4,417
2023,1,979,鲁东大学,星星之火 - 登云,4,418
2023,1,980,山东师范大学,二原组,4,419
2023,1,980,泉州师范学院,苦力leader写模拟贼猛,4,419
2023,1,982,西南科技大学,别再选静水监狱啦,4,420
2023,1,982,北京工业大学,123,4,420
2023,1,984,江西师范大学,The hairline is against me,4,421
2023,1,984,贵州大学,做的都队,4,421
2023,1,986,暨南大学,空白格,4,422
2023,1,986,东华大学,狗熊岭之光,4,422
2023,1,988,桂林电子科技大学,面包,4,423
2023,1,988,西南科技大学,再wa一发就要爆炸,4,423
2023,1,990,安徽工程大学,这样例保熟嘛,4,424
2023,1,991,浙江科技学院,随便白给,4,425
2023,1,991,山东理工大学,这是一场我和编译器的博弈,4,425
2023,1,991,福建理工大学,凛冬将至,4,425
2023,1,991,郑州轻工业大学,东吴三英杰,4,425
2023,1,995,国际关系学院,燃烧你的梦,4,426
2023,1,995,厦门理工学院,附魔绿宝石钻石镐打铁贼猛,4,426
2023,1,997,东华大学,典孝急乐赢绷,4,428
2023,1,997,中国传媒大学,"GGBond不是死猪,是我的男神",4,428
2023,1,997,北京电子科技学院,喜过样例,4,428
2023,1,1000,南京邮电大学,njupt23team22,4,429
2023,1,1000,西南石油大学,风浪越大鱼越贵,4,429
2023,1,1002,广东工业大学,队长高数2.5,4,430
2023,1,1002,宁波大学,亲亲贴贴以下各队~~,4,430
2023,1,1002,河南师范大学,"ggbond,一起去抓水母吧",4,430
2023,1,1005,广东外语外贸大学,"我佛慈佑,保我AC",4,431
2023,1,1005,哈尔滨工业大学(威海),Realms,4,431
2023,1,1007,江西财经大学,做梦都要AC队,4,434
2023,1,1007,西安邮电大学,"军爷,您先吃",4,434
2023,1,1009,成都理工大学工程技术学院,我什么都做不到,4,435
2023,1,1010,华东师范大学,TLE&&WA自动机,4,436
2023,1,1010,广东工业大学,喜欢睡觉,4,436
2023,1,1010,中国传媒大学,re从零开始的acmer生活,4,436
2023,1,1013,华南理工大学,我有异或症,4,437
2023,1,1014,浙江工商大学,珍珠巷,4,438
2023,1,1015,中国人民解放军战略支援部队信息工程大学,三小只打铁怪,4,439
2023,1,1016,西华大学,啥时候icpc能用中文,4,440
2023,1,1016,中国石油大学(北京),石油滚滚流,4,440
2023,1,1018,东北农业大学,我左拳打开了天化身为wa,4,441
2023,1,1019,中国科学院大学,原神启动队,4,442
2023,1,1019,中山大学,题目看不队,4,442
2023,1,1021,暨南大学,先WA一发再说,4,445
2023,1,1022,南京工业大学,像我们一样爆零就泰裤辣,4,446
2023,1,1022,河海大学,这波我一打三了,4,446
2023,1,1022,闽南师范大学,rank++の速度系ka速五厘米death,4,446
2023,1,1025,南京师范大学,我有鱼鱼蒸,4,447
2023,1,1025,杭州师范大学,One Tap,4,447
2023,1,1027,江西理工大学,不知道,4,448
2023,1,1028,山东师范大学,队长四级500分,4,451
2023,1,1028,西南交通大学,队友呢?队友呢?救一下呀!,4,451
2023,1,1028,浙江财经大学,罚时300列表全红我怎么会做这样的梦,4,451
2023,1,1031,山东大学,我真的拴Q队,4,453
2023,1,1032,长安大学,"WA都是黄原绿舟,尊嘟假嘟O.o",4,454
2023,1,1032,浙江育英职业技术学院,育英五队,4,454
2023,1,1034,浙大宁波理工学院,happy猫不happy,4,458
2023,1,1034,浙江财经大学,离异带两娃,4,458
2023,1,1034,天津大学,joker?JOKER!,4,458
2023,1,1037,广东外语外贸大学,GDUFS TEAM 7,4,460
2023,1,1038,安徽大学,众梦之聚,4,461
2023,1,1039,黑龙江大学,玩原神玩的,4,463
2023,1,1040,河南工业大学,WA常有而AC不常有,4,464
2023,1,1040,重庆邮电大学,沙勒教职工,4,464
2023,1,1042,台州学院,码的和你暴了,4,465
2023,1,1043,哈尔滨工程大学,二次元队名,4,467
2023,1,1043,仲恺农业工程学院,不会打铁对不队,4,467
2023,1,1045,中国石油大学(华东),中石大2048,4,469
2023,1,1045,中国人民解放军战略支援部队信息工程大学,冰雪圆舞曲,4,469
2023,1,1047,山东师范大学,起名字这件事好难,4,470
2023,1,1048,浙江理工大学,中二病也要敲代码,4,471
2023,1,1048,江西师范大学,海底小纵队,4,471
2023,1,1050,湘潭大学,Night_light,4,472
2023,1,1051,河南大学,卷心菜,4,473
2023,1,1051,华东理工大学,ecust7,4,473
2023,1,1053,上海应用技术大学,得拉克丝者得天下!,4,474
2023,1,1054,青岛科技大学,冷雨夜,4,476
2023,1,1054,北京工业大学,wood cube,4,476
2023,1,1054,山东大学,玩原神玩的,4,476
2023,1,1057,成都信息工程大学,石材古生物,4,478
2023,1,1057,河南农业大学,三个灰名爷,4,478
2023,1,1057,合肥工业大学,草莓伏特加,4,478
2023,1,1060,河海大学,25時、ナイトコードで。,4,479
2023,1,1061,南阳理工学院,一哥一演一挂机,4,486
2023,1,1062,浙大宁波理工学院,晨晨可爱捏,4,487
2023,1,1062,北京交通大学,BJTU03,4,487
2023,1,1062,北方工业大学,好坏小姐,4,487
2023,1,1065,聊城大学,未来算法研究所,4,488
2023,1,1066,郑州大学,被抛弃的大专勇士,4,489
2023,1,1067,北京电子科技学院,爱丽丝不觉得电科院没有魔法,4,491
2023,1,1068,西南科技大学,劲脆铁牌堡,4,493
2023,1,1069,宁波大学,三好生生,4,495
2023,1,1070,惠州学院,永远的难题,4,496
2023,1,1070,宁波大学,ac还是gg,4,496
2023,1,1070,北京邮电大学,三个菜鸟,4,496
2023,1,1073,南京工程学院,NJIT_1队_黎明前夜,4,499
2023,1,1073,东南大学,无敌暴零战士,4,499
2023,1,1075,山东科技大学,亚特兰蒂斯号,4,500
2023,1,1075,东北师范大学,嘟嘟嘟,4,500
2023,1,1077,华南农业大学,"原神,启动QAQ",4,502
2023,1,1078,武汉科技大学,主要看运气,4,503
2023,1,1079,西南民族大学,三川赴海,4,505
2023,1,1080,武汉理工大学,再多看一眼就会AC,4,506
2023,1,1081,浙江工商大学,电之光,4,507
2023,1,1081,山东财经大学,参与奖掠夺者,4,507
2023,1,1083,苏州大学,不管三七二十一我嘎嘎炫饭,4,508
2023,1,1084,宁波财经学院,做op不做dp,4,511
2023,1,1084,北京邮电大学,再做一道就开摆,4,511
2023,1,1086,东北大学秦皇岛分校,"坐牢CPC,启动!",4,513
2023,1,1087,大连大学,狗狗兽辣条,4,514
2023,1,1088,中国矿业大学,cumt10,4,515
2023,1,1089,贵州大学,Out of Memory,4,516
2023,1,1090,东北师范大学,炫我嘴里,4,517
2023,1,1090,北方工业大学,你数数是不是十个字,4,517
2023,1,1090,三峡大学,"交了,绿的!过了?",4,517
2023,1,1093,五邑大学,ICPC START,4,520
2023,1,1093,江西财经大学,MakkaPakkas,4,520
2023,1,1095,苏州大学,走陈胡陆到天宫,4,521
2023,1,1096,东南大学,神奇海螺,4,523
2023,1,1097,湘潭大学,翻斗花园501号,4,525
2023,1,1098,武汉工程大学,阿巴阿巴咚咚咚,4,534
2023,1,1099,广西外国语学院,请用量子计算机评测我的代码,4,536
2023,1,1099,合肥工业大学宣城校区,你随便取个吧,4,536
2023,1,1099,江苏科技大学,两间余一卒,4,536
2023,1,1102,成都信息工程大学,可我始终学不来你的冰冷,4,538
2023,1,1102,河南农业大学,"复活吧,偶的AC",4,538
2023,1,1102,宁波职业技术学院,你不能拿我们和那些强队比,4,538
2023,1,1105,华南师范大学,Debug小小队,4,539
2023,1,1106,山东理工大学,三重豌豆,4,541
2023,1,1106,成都东软学院,"八行代码,九行报错。ij互换,此题飘过",4,541
2023,1,1108,哈尔滨工业大学(威海),里猫队,4,542
2023,1,1108,华中师范大学,acm小白,4,542
2023,1,1110,山东师范大学,仪表唐唐,4,544
2023,1,1111,华南理工大学,签到三个半小时,4,545
2023,1,1111,华中师范大学,快dys队,4,545
2023,1,1113,厦门理工学院,理工路600号,4,546
2023,1,1114,华南师范大学,江南行者,4,547
2023,1,1115,浙江工商大学,AlgoRhythms,4,548
2023,1,1115,云南大学,穿越之我在太空流浪,4,548
2023,1,1117,成都东软学院,三哈狗,4,550
2023,1,1118,江西财经大学,被wa出bug的阿尔法狗,4,552
2023,1,1118,南京邮电大学通达学院,求求了出个线吧,4,552
2023,1,1118,北京交通大学,BJTU02,4,552
2023,1,1121,肇庆学院,北岭山下信步,4,554
2023,1,1122,合肥工业大学,队名被查重了对不队,4,559
2023,1,1123,北京化工大学,生椰拿铁,4,561
2023,1,1124,华南理工大学,lie down,4,562
2023,1,1125,安徽师范大学,夕阳的刻痕,4,563
2023,1,1126,中国地质大学(武汉),网瘾早该电电了,4,564
2023,1,1127,绍兴文理学院元培学院,保一争二,4,568
2023,1,1128,中国地质大学(北京),喵~,4,570
2023,1,1128,哈尔滨工业大学(深圳),时来运转队,4,570
2023,1,1130,齐鲁工业大学,基纽特战队,4,572
2023,1,1130,河海大学,GGBond,4,572
2023,1,1132,南华大学,你是一个一个一个一个,4,573
2023,1,1132,北京工业大学,AnyAC,4,573
2023,1,1134,东北师范大学,东师第一铁匠,4,578
2023,1,1134,武汉纺织大学,我的青春AC物语果然没有恋爱,4,578
2023,1,1136,东北大学秦皇岛分校,12A队,4,582
2023,1,1137,西华大学,译验丁真,4,583
2023,1,1138,成都锦城学院,你是哪个省的,4,584
2023,1,1139,澳门大学,逸一时误一世,4,587
2023,1,1139,江南大学,ICPC也就图一乐,4,587
2023,1,1141,北京电子科技学院,DKYer勇争下游,4,589
2023,1,1142,合肥工业大学宣城校区,与移风易俗者同行,4,591
2023,1,1143,河南工业大学,面向样例编程,4,592
2023,1,1144,黑龙江大学,《遇到困难睡大觉》,4,593
2023,1,1145,南京信息工程大学,小砌砖大震撼,4,595
2023,1,1145,华中师范大学,一笑AC,4,595
2023,1,1147,香港城市大学,"奶牛,启动!",4,596
2023,1,1148,东北大学秦皇岛分校,大展宏图,4,597
2023,1,1149,青岛大学,No cap,4,600
2023,1,1150,中南民族大学,柴郡猫猫头,4,601
2023,1,1151,上海科技大学,include,4,602
2023,1,1152,郑州轻工业大学,诞生于1996,4,606
2023,1,1153,山东大学,超级飞侠,4,607
2023,1,1154,哈尔滨工程大学,"无牌转生,到了XCPC就拿出真本事",4,608
2023,1,1155,哈尔滨理工大学,哈理工2023ICPC1队,4,612
2023,1,1155,浙江工商大学,徐晓轩和他的队,4,612
2023,1,1157,重庆大学,"原,妙不可言",4,618
2023,1,1157,中山大学,中山大学_三人成行,4,618
2023,1,1159,江西师范大学,Last,4,619
2023,1,1159,广东东软学院,75天狼星547822,4,619
2023,1,1161,南京邮电大学,njupt23team13,4,620
2023,1,1162,南京航空航天大学,3.141592654,4,621
2023,1,1163,华东理工大学,ecust6,4,623
2023,1,1164,延边大学,"一枪皆知我,两枪国贼诛。——下山神也",4,624
2023,1,1165,澳门大学,Dinosaur_with_icyflame,4,626
2023,1,1166,浙江财经大学,極東魔術昼寝結社の夏,4,630
2023,1,1167,烟台大学,无所谓队,4,632
2023,1,1168,吉林师范大学,我这NTT写的肯定对,4,635
2023,1,1169,江汉大学,三角湖小分队,4,642
2023,1,1170,深圳技术大学,SZTU_会魔法的老人,4,645
2023,1,1171,哈尔滨工业大学(威海),fufu后援会,4,646
2023,1,1172,吉林师范大学,rewrite,4,647
2023,1,1173,江西师范大学,辣子鸡,4,648
2023,1,1173,安徽大学,"码码我呀,今天必须得写下去",4,648
2023,1,1175,宁波职业技术学院,十几道题你能秒我,4,650
2023,1,1176,天津理工大学,这里应该有队名,4,652
2023,1,1177,中国地质大学(武汉),六神,4,654
2023,1,1178,浙江农林大学,爱情酿的9,4,660
2023,1,1179,深圳大学,SZU_Scientists,4,662
2023,1,1180,南京航空航天大学,如来,4,663
2023,1,1181,成都锦城学院,AK我女装JK,4,664
2023,1,1182,河南理工大学,hpu-walker,4,667
2023,1,1182,郑州轻工业大学,所以爱会消失对不队,4,667
2023,1,1182,北京师范大学-香港浸会大学联合国际学院,nullptr,4,667
2023,1,1185,中国传媒大学,M属性大爆发,4,677
2023,1,1186,广东培正学院,找不到队友,4,681
2023,1,1187,中国矿业大学,cumt8,4,691
2023,1,1188,山东工商学院,样例说我对了,4,693
2023,1,1189,济南大学,一路向北,4,694
2023,1,1190,成都信息工程大学,终于舍得为你放开手,4,696
2023,1,1191,浙大宁波理工学院,WA也是A,4,698
2023,1,1192,宁波职业技术学院,三人成行,4,702
2023,1,1193,南京师范大学,不打原神导致的,4,707
2023,1,1194,无锡学院,携手黄昏看日出,4,708
2023,1,1195,辽宁大学,Under the Stars,4,714
2023,1,1196,北方工业大学,雨一直下,4,715
2023,1,1197,哈尔滨理工大学,哈理工2023ICPC15队,4,721
2023,1,1198,北京师范大学,过一道就好,4,730
2023,1,1199,青岛大学,养发旅游团,4,734
2023,1,1199,山东大学,acm最強伝説と絶凶の猛虎,4,734
2023,1,1201,广东外语外贸大学,#include,4,744
2023,1,1202,中国科学院大学,果壳水军队,4,748
2023,1,1203,南京师范大学,三人成行,4,765
2023,1,1204,武汉纺织大学,因为太怕爆零就全交暴力了,4,773
2023,1,1205,深圳技术大学,SZTU_一眼盯帧,4,778
2023,1,1206,北华大学,happychaos,4,779
2023,1,1207,成都理工大学,说啥都队,4,797
2023,1,1208,南京航空航天大学,米兰的铁匠铺,4,806
2023,1,1209,浙江传媒学院,竹杖芒鞋轻胜马3.1,4,821
2023,1,1210,中国矿业大学,法外矿徒,4,837
2023,1,1211,合肥工业大学,我笑了,4,846
2023,1,1212,郑州轻工业大学,最近公共祖先(LCA),4,872
2023,1,1213,上海海洋大学,"关注水专喵,关注水专谢谢喵",4,898
2023,1,1214,江南大学,这是队名字,4,941
2023,1,1215,河北师范大学,河北师大附中,4,944
2023,1,1216,贵州大学,糯米锅巴,4,1019
2023,1,1217,武汉大学,ACMore,4,1026
2023,1,1218,华中农业大学,猿身起洞!,4,1077
2023,1,1219,南开大学,nku卷心菜永不服输,4,1208
2023,1,1220,中国石油大学(华东),中石大1988,3,80
2023,1,1221,成都理工大学,动物世界,3,84
2023,1,1222,成都信息工程大学,Dirty Deeds Done Dirt Cheap,3,87
2023,1,1222,合肥学院,三核低效率解题机,3,87
2023,1,1222,成都大学,Oasis,3,87
2023,1,1225,吉林大学,捏猫猫的,3,94
2023,1,1226,江南大学,三个人加起来古稀之年,3,95
2023,1,1227,中南民族大学,芳芳博博神奇小队,3,96
2023,1,1228,中国计量大学现代科技学院,A在西元前,3,97
2023,1,1229,中国石油大学(华东),中石大1969,3,102
2023,1,1229,东北师范大学,巨大喷流,3,102
2023,1,1231,南京邮电大学,njupt23team06,3,104
2023,1,1232,石河子大学,"立即推,放弃考研",3,108
2023,1,1233,徐州工程学院,dev启动,3,113
2023,1,1234,安阳工学院,可乐炸鸡,3,114
2023,1,1235,广东工业大学,"原已4.0,未能AC4",3,116
2023,1,1236,沈阳化工大学,满腚的红子我山最猴,3,117
2023,1,1237,广东金融学院,我能反应wrong answer,3,118
2023,1,1238,成都东软学院,ac and wa,3,119
2023,1,1239,山东财经大学,杰哥不要嘛,3,121
2023,1,1240,河南大学,没人理解C++,3,124
2023,1,1241,黄冈师范学院,从零开始的wa题生活,3,126
2023,1,1242,烟台大学,"AC在左,WA在右",3,131
2023,1,1242,陕西科技大学,Supernova,3,131
2023,1,1244,福建理工大学,晓之圣龙骑士团,3,132
2023,1,1244,山东建筑大学,窗边明夜,3,132
2023,1,1246,南阳理工学院,先相信再相信,3,134
2023,1,1247,嘉应学院,Dogs with god,3,137
2023,1,1248,青岛农业大学,原神 启动,3,139
2023,1,1249,福建师范大学,夜幕降临,3,140
2023,1,1250,华侨大学,HQU-RisingDragons,3,141
2023,1,1251,广东工业大学揭阳校区,今天喝了吗,3,142
2023,1,1252,绍兴文理学院,RE:从爆零开始的ACM生活,3,144
2023,1,1252,成都理工大学,还在整薯条的摸鱼队!,3,144
2023,1,1252,济南大学,理塘第一秀才,3,144
2023,1,1255,河南大学,伊利雅之神,3,145
2023,1,1256,重庆理工大学,rick却没有电,3,147
2023,1,1257,平顶山学院,叫啥队名啊?队名叫啥啊?,3,149
2023,1,1258,嘉应学院,CH4,3,151
2023,1,1259,阿坝师范学院,目前不知道叫什么所以暂且叫做火攻,3,152
2023,1,1259,中国矿业大学,Alnitak,3,152
2023,1,1261,华东师范大学,歪瑞古德,3,153
2023,1,1262,广州大学,背着队友偷偷WA,3,154
2023,1,1263,福建理工大学,依靠时间攻势混上福理工,3,155
2023,1,1264,西南石油大学,"原神,启动",3,156
2023,1,1264,临沂大学,学习新思想,3,156
2023,1,1266,西安电子科技大学,brancher,3,157
2023,1,1266,东北师范大学,这场不AC回家就得AC,3,157
2023,1,1268,河南科技大学,橘猫猫,3,158
2023,1,1269,中国地质大学(武汉),后会无期,3,162
2023,1,1270,惠州学院,打完就下号,3,163
2023,1,1271,武汉纺织大学,以上队伍成绩无效,3,164
2023,1,1272,武汉科技大学,不会取名字,3,168
2023,1,1273,苏州大学,啊对对队,3,169
2023,1,1273,湘潭大学,Touch Fish,3,169
2023,1,1275,成都信息工程大学,AAA 花开富贵,3,170
2023,1,1276,西南民族大学,Dive Back In Time,3,171
2023,1,1276,中原工学院,Forerunner,3,171
2023,1,1278,浙江广厦建设职业技术大学,东阳老年开放大学一队,3,172
2023,1,1279,青岛大学,从零开始的acm生活,3,173
2023,1,1280,浙江科技学院,咸鱼干,3,174
2023,1,1280,莆田学院,"有铜万岁,无铜宿醉",3,174
2023,1,1282,宁波工程学院,NBUT-1,3,177
2023,1,1283,肇庆学院,北岭山间赏雪,3,179
2023,1,1283,西安科技大学,我们很抽象,3,179
2023,1,1285,福建师范大学,哦对的对的,3,180
2023,1,1286,浙江中医药大学,浙中医一队,3,181
2023,1,1287,莆田学院,重生之我是菜鲲,3,182
2023,1,1287,武汉理工大学,养只猫猫叫糯米,3,182
2023,1,1287,浙江财经大学,专用号,3,182
2023,1,1290,广东财经大学,OP小分队,3,184
2023,1,1290,南昌理工学院,珍德食泥鸭,3,184
2023,1,1292,江西农业大学,网瘾犯了,3,185
2023,1,1293,温州理工学院,摆烂队,3,187
2023,1,1294,长江师范学院,涪陵铁厂,3,189
2023,1,1295,广西科技大学,二佬带我玩,3,191
2023,1,1296,西南民族大学,Two Kings Bring a Three,3,193
2023,1,1297,西安理工大学,你们喜欢长的队名还是短的队名,3,194
2023,1,1297,浙江财经大学,幻想家在幻想时间幻想ac,3,194
2023,1,1297,郑州升达经贸管理学院,Eight Nine Ten,3,194
2023,1,1300,青岛科技大学,三行四列行列式,3,195
2023,1,1300,西安工业大学,猫猫小队,3,195
2023,1,1302,新疆大学,卷心菜狗,3,197
2023,1,1303,集美大学,凪,3,198
2023,1,1303,西华大学,原来不玩原神真的很菜,3,198
2023,1,1305,徐州工程学院,精通各语言的helloworld,3,200
2023,1,1305,闽南师范大学,粉色小猪在线请求配对,3,200
2023,1,1307,中国矿业大学,cumt3队,3,201
2023,1,1308,齐鲁工业大学,"猿神,起洞!",3,202
2023,1,1309,青岛大学,WA仔牛奶,3,204
2023,1,1310,湘潭大学,罚时爆炸,3,205
2023,1,1310,沈阳师范大学,"每一题都当最后一题,然后也不要怕WA TLE RE",3,205
2023,1,1312,哈尔滨理工大学,哈理工2023ICPC4队,3,206
2023,1,1313,广东技术师范大学,只写签到题,3,207
2023,1,1314,惠州学院,鶸巢,3,209
2023,1,1314,郑州航空工业管理学院,CFBOYS,3,209
2023,1,1316,西安邮电大学,翻斗花园,3,210
2023,1,1317,北京工业大学,朝阳缝纫机,3,211
2023,1,1318,西北农林科技大学,小心柚子厨,3,214
2023,1,1319,绍兴文理学院,你说的都队,3,216
2023,1,1319,江西师范大学,成群结队,3,216
2023,1,1321,绍兴文理学院,GamRayZhou,3,217
2023,1,1322,山东理工大学,米兰小铁匠,3,222
2023,1,1322,温州商学院,妙WA种子,3,222
2023,1,1324,南阳理工学院,Striving Eel,3,223
2023,1,1324,聊城大学,抽象,3,223
2023,1,1324,南阳师范学院,天霸动霸之地狱拖拉机之扫地机器人twa,3,223
2023,1,1324,河南农业大学,西瓜不甜队,3,223
2023,1,1328,青岛科技大学,特鲁你看住小玉老爹先A道题,3,224
2023,1,1329,青岛理工大学,去码头整点薯条,3,226
2023,1,1329,山东科技大学,阿尔-巴塔尼号,3,226
2023,1,1329,鲁东大学,星星之火 - 燎原,3,226
2023,1,1329,湖北第二师范学院,湖北第二师范学院二队,3,226
2023,1,1329,北华大学,百分百鲜橙汁,3,226
2023,1,1334,青岛大学,Victory,3,227
2023,1,1334,西南科技大学,"凭栏西望,潇潇雨歇",3,227
2023,1,1336,西南民族大学,为什么不能V我50,3,231
2023,1,1336,浙江师范大学,"蒸馍,你不扶器吗",3,231
2023,1,1336,青岛理工大学,风起微澜,3,231
2023,1,1339,西南科技大学,三个兔子凑不出布朗尼,3,232
2023,1,1340,山东工商学院,jk202,3,233
2023,1,1340,石家庄铁道大学,"云之彼方,约定的场所",3,233
2023,1,1340,湖北工业大学,被切割了woc,3,233
2023,1,1343,东北大学秦皇岛分校,Genshin Impact,3,234
2023,1,1344,华南师范大学,逆序队,3,235
2023,1,1345,广东外语外贸大学,是你太美惹的祸,3,236
2023,1,1346,衡水学院,尊嘟假嘟o.O?,3,237
2023,1,1346,湖州师范学院,zjhu_lwl,3,237
2023,1,1346,浙江工商大学,电之荣,3,237
2023,1,1346,南昌理工学院,队长说打完去洗浴城按摩上三楼,3,237
2023,1,1350,厦门大学,攻城狮,3,239
2023,1,1350,扬州大学,未来装置研究所,3,239
2023,1,1352,浙江工商大学,宝宝巴士dei,3,241
2023,1,1353,浙江工商大学,快点取个队名吧,3,242
2023,1,1354,湖州师范学院,zjhu_zhz,3,243
2023,1,1355,西华大学,ACM彭于晏,3,244
2023,1,1356,郑州轻工业大学,草莓小狗们,3,245
2023,1,1356,中国地质大学(北京),紫薯玉米队,3,245
2023,1,1356,台州学院,你先别急,3,245
2023,1,1359,华南农业大学,理塘队,3,246
2023,1,1360,三峡大学,大爷遛弯队,3,247
2023,1,1361,南昌理工学院,敲代码的死宅少年不会遇见ACM学姐,3,250
2023,1,1361,山东理工大学,队友补考高数忘了取队名,3,250
2023,1,1363,山东科技大学,NCC_11574 Ajax,3,251
2023,1,1363,西南科技大学,我不是管人痴,3,251
2023,1,1365,韩山师范学院,玫瑰常开警告常在,3,253
2023,1,1366,河海大学,灌注柯洁喵,3,254
2023,1,1366,南阳理工学院,Ice in my veins,3,254
2023,1,1368,武汉工程大学,樱花下落的速度是每秒TLE,3,257
2023,1,1369,东北师范大学,菜鸟启航,3,259
2023,1,1369,南阳师范学院,鱼越大鱼越小,3,259
2023,1,1371,南京邮电大学,njupt23team20,3,261
2023,1,1372,苏州科技大学,雨霖铃,3,263
2023,1,1373,山东女子学院,Wisdom fruit,3,266
2023,1,1373,西南民族大学,BUFF GO,3,266
2023,1,1375,华南师范大学,CodeFanBoys,3,267
2023,1,1376,湘潭大学,bug工厂,3,268
2023,1,1376,澳门大学,OP brings me confidence,3,268
2023,1,1378,山东大学,豆橛子熬地蛋,3,271
2023,1,1378,合肥工业大学宣城校区,极东魔术昼寝结社,3,271
2023,1,1380,河北经贸大学,重启征途,3,273
2023,1,1380,江苏大学,探险家,3,273
2023,1,1382,山东师范大学,数组越界,3,274
2023,1,1382,新疆大学,纯纯小丑,3,274
2023,1,1384,曲阜师范大学,失踪的天鹅之考研怎么你了,3,277
2023,1,1385,中国科学技术大学,searchingFox,3,280
2023,1,1385,滁州学院,天穹,3,280
2023,1,1387,江西科技学院,"帮帮我,卡芙卡妈妈",3,281
2023,1,1388,湖南理工学院,吃不饱三战士,3,282
2023,1,1389,成都大学,"见微知著,食人心智",3,283
2023,1,1390,河南财经政法大学,人活着就是为了纸片人,3,284
2023,1,1391,华南农业大学,good luck,3,285
2023,1,1392,常熟理工学院,翻斗花园孩子王,3,286
2023,1,1393,中国石油大学(华东),中石大2053,3,290
2023,1,1393,河南师范大学,机你太美,3,290
2023,1,1393,中国计量大学,好队,3,290
2023,1,1393,湖州师范学院,zjhu_zfh,3,290
2023,1,1397,南阳理工学院,瓶里的酸菜金鱼,3,291
2023,1,1397,广东工业大学揭阳校区,Fujiyama Volcano,3,291
2023,1,1399,南阳理工学院,重生之为啥我不是jiangly,3,292
2023,1,1399,长春理工大学,摸鱼装训练迟到早退尿频犯困读假题反向翻译写bug演队友歪正解pua揽功劳,3,292
2023,1,1401,山东工商学院,一切尽在不言中,3,294
2023,1,1402,青岛大学,收收心找个电子厂上班了,3,295
2023,1,1402,河北师范大学,签完到就算成功,3,295
2023,1,1402,成都大学,成都大学九队,3,295
2023,1,1405,新疆理工学院,Awc自动机,3,296
2023,1,1406,曲阜师范大学,icpc铁匠铺,3,297
2023,1,1407,河南财经政法大学,开学冲冲冲,3,298
2023,1,1408,广西师范大学,八千里路云和月,3,299
2023,1,1409,华北理工大学,勤奋谦虚好学,3,300
2023,1,1409,三峡大学,原神?启动!,3,300
2023,1,1411,华南农业大学,打ACM打的,3,302
2023,1,1411,中南民族大学,三秋叶 04 525552 03,3,302
2023,1,1411,金陵科技学院,这题GPT也A不了,3,302
2023,1,1414,浙江工商大学,了解你的捍卫者,3,303
2023,1,1415,淮北师范大学,玛卡巴卡,3,304
2023,1,1416,哈尔滨工程大学,EightfoldTohoThree,3,305
2023,1,1416,苏州大学,做AC梦,3,305
2023,1,1418,合肥学院,白裤裆寒冬一击,3,306
2023,1,1419,成都大学,码码生的,3,307
2023,1,1420,中南民族大学,玛卡巴卡和它的秘密花园,3,308
2023,1,1420,湖州师范学院,zjhu_zzh,3,308
2023,1,1422,江西中医药大学,共用电子队2.0,3,309
2023,1,1423,安徽大学,脱单进度0/3,3,311
2023,1,1423,江西师范大学,理塘纯真雪豹,3,311
2023,1,1425,哈尔滨理工大学,哈理工2023ICPC9队,3,312
2023,1,1425,杭州师范大学,键上翻花不如一声卡妈,3,312
2023,1,1427,浙江机电职业技术学院,雨中花令,3,313
2023,1,1427,厦门理工学院,写出签到就算win,3,313
2023,1,1429,南京师范大学,这个签到题不简单,3,315
2023,1,1429,河北民族师范学院,重生之我是jianglyfan,3,315
2023,1,1431,中北大学,队伍名不随便起吗,3,319
2023,1,1431,南京航空航天大学,原神怎么你了队,3,319
2023,1,1433,长春理工大学,有个电灯泡OvO,3,321
2023,1,1434,广东东软学院,听取wa声一片,3,322
2023,1,1434,长江大学,长江之声1队,3,322
2023,1,1434,浙江工商大学,电之威,3,322
2023,1,1437,河北师范大学,"好痒啊,不会要长脑子了吧",3,323
2023,1,1438,香港城市大学,"王者,启动!",3,325
2023,1,1439,浙江广厦建设职业技术大学,关注永雏塔菲喵谢谢喵,3,328
2023,1,1440,浙江工商大学,两年半的坐牢生活,3,331
2023,1,1440,浙江中医药大学,浙中医二队,3,331
2023,1,1442,同济大学,蒟蒻队,3,332
2023,1,1442,西南大学,学院路160号,3,332
2023,1,1442,西南科技大学,广告位招租,3,332
2023,1,1445,吉林师范大学,师徒三人,3,334
2023,1,1446,湘潭大学,逆战,3,336
2023,1,1446,长安大学,尊嘟假嘟O.o,3,336
2023,1,1448,郑州轻工业大学,睡大觉队,3,338
2023,1,1449,上海建桥学院,Alnitak,3,339
2023,1,1449,华南师范大学,算法爱好者,3,339
2023,1,1451,中国计量大学,多A就C队,3,341
2023,1,1451,淮北师范大学,算法不如算命,3,341
2023,1,1453,浙江中医药大学,浙中医四队,3,343
2023,1,1454,肇庆学院,北岭山脚踩草,3,345
2023,1,1455,西南科技大学,学姐再爱我一次,3,346
2023,1,1456,上海海洋大学,妙舞棠子Official,3,347
2023,1,1456,浙江万里学院,突破一题就算成功,3,347
2023,1,1458,河南工程学院,南苑五队,3,349
2023,1,1458,福建农林大学,青春的灰名选手不会遇到dp学长,3,349
2023,1,1460,安阳工学院,海底小纵队,3,350
2023,1,1460,中国人民大学,我推的ICPC,3,350
2023,1,1462,北京工业大学,矩阵怎么求逆,3,353
2023,1,1463,青岛大学,hao不是很会飞,3,354
2023,1,1463,浙江警官职业学院,不会DP怎么办,3,354
2023,1,1465,平顶山学院,TLE自动机,3,355
2023,1,1466,华东交通大学,AC Tasters,3,356
2023,1,1467,湖南中医药大学,边玩原神边打铁,3,358
2023,1,1467,成都东软学院,先WA一发签到,3,358
2023,1,1469,东北师范大学,蒻蒻打铁队,3,361
2023,1,1469,石家庄铁道大学,破浪队,3,361
2023,1,1471,西南石油大学,OK Computer,3,366
2023,1,1472,东北农业大学,哦对的对的,3,367
2023,1,1472,徐州工程学院,养蛊小队,3,367
2023,1,1474,黑龙江大学,队友ac我睡觉,3,368
2023,1,1475,南京信息工程大学,水成文,3,369
2023,1,1476,山东理工大学,差不多得了,3,370
2023,1,1476,澳门大学,Brain Byte Blasters,3,370
2023,1,1478,盐城工学院,豪华星,3,373
2023,1,1478,北方工业大学,九九六,3,373
2023,1,1480,广东金融学院,绿名也想去区域赛,3,374
2023,1,1480,山东科技大学,奇尔沙治号,3,374
2023,1,1482,哈尔滨理工大学,哈理工2023ICPC8队,3,375
2023,1,1482,西南科技大学,白给三人组,3,375
2023,1,1482,陕西科技大学,鼠标薯条数星星,3,375
2023,1,1485,徐州工程学院,没有这里,3,377
2023,1,1485,广东工业大学揭阳校区,怪物联盟,3,377
2023,1,1485,五邑大学,AC Taffy,3,377
2023,1,1488,北京工业大学,阁下又该如何应队,3,380
2023,1,1489,山东理工大学,起名字好难,3,381
2023,1,1489,江西师范大学,建建来答题,3,381
2023,1,1491,华南农业大学,滨州生可乐,3,385
2023,1,1492,东北大学秦皇岛分校,我也不知道对不队,3,391
2023,1,1492,武汉大学,新手小白队,3,391
2023,1,1492,山东财经大学,还没想好,3,391
2023,1,1495,广东技术师范大学,智慧织影,3,396
2023,1,1495,济南大学,LALR,3,396
2023,1,1497,中国传媒大学,君AC本当上手,3,397
2023,1,1498,闽南师范大学,你是爱我的对不队,3,399
2023,1,1498,西安理工大学,三只小爬虫,3,399
2023,1,1500,南京邮电大学,njupt23team12,3,400
2023,1,1500,宁波财经学院,乌萨奇和他的小伙伴们,3,400
2023,1,1502,潍坊学院,世界第一运动是足球还是原神?,3,402
2023,1,1503,浙江中医药大学,胖头切丁味道更佳,3,404
2023,1,1503,北京师范大学-香港浸会大学联合国际学院,AP韦鲁斯不靠平A打伤害,3,404
2023,1,1505,长沙理工大学,不努力就会变成女人的玩物,3,408
2023,1,1505,南昌航空大学,H-Rollers,3,408
2023,1,1507,山东建筑大学,小学数学,3,410
2023,1,1508,无锡学院,线型约束的树状图,3,411
2023,1,1508,武汉轻工大学,做什么才对,3,411
2023,1,1508,成都信息工程大学,蛙蛙队,3,411
2023,1,1511,北京交通大学,BJTU06,3,415
2023,1,1512,临沂大学,PUBG三缺一,3,417
2023,1,1513,佛山科学技术学院,铁牌分界线,3,418
2023,1,1513,湖州师范学院,zjhu_yny,3,418
2023,1,1515,武汉纺织大学,英文字母,3,420
2023,1,1516,鲁东大学,星星之火 - 饮月,3,424
2023,1,1516,临沂大学,三只臭皮匠,3,424
2023,1,1518,南阳师范学院,三个原神高手,3,434
2023,1,1519,温州大学,温大四队,3,438
2023,1,1520,成都信息工程大学,Abnegation Code Crusaders,3,442
2023,1,1521,厦门理工学院,只跟榜不看题,3,444
2023,1,1521,台州学院,青春打铁少年不会遇见AC梦,3,444
2023,1,1521,深圳技术大学,SZTU_丝滑拿铁,3,444
2023,1,1524,广州南方学院,Fury,3,447
2023,1,1525,湖北工业大学,水边鲨鲨咯,3,450
2023,1,1526,长春理工大学,T-梦-轩,3,451
2023,1,1527,中南民族大学,香菜拌皮蛋,3,454
2023,1,1527,韩山师范学院,冲鸭,3,454
2023,1,1529,山东工商学院,"摊煎饼的狗头萝莉,请收下我最后的AC吧!",3,455
2023,1,1529,长安大学,zys,3,455
2023,1,1531,浙江金融职业学院,浙金院3队,3,459
2023,1,1532,江西财经大学,Nameless,3,461
2023,1,1532,江西财经大学,萍水三侠客,3,461
2023,1,1534,上海科技大学,修赛博bug 赚虚拟功德,3,465
2023,1,1535,温州大学,温大五队,3,466
2023,1,1536,河南大学,我要夺回属于ACM女队的一切,3,467
2023,1,1537,河北经贸大学,安徽牛肉板面,3,471
2023,1,1538,成都信息工程大学,横眉冷队,3,478
2023,1,1539,盐城工学院,南街明月,3,479
2023,1,1540,吉首大学,AbsoluteZero,3,480
2023,1,1541,河南大学,我宣布之前的队伍成绩无效,3,481
2023,1,1542,中国矿业大学,cumt6,3,484
2023,1,1543,厦门理工学院,猴博士算法组,3,485
2023,1,1543,桂林信息科技学院,学长跑路了,3,485
2023,1,1545,浙江科技学院,Lucky_Star,3,486
2023,1,1546,宜春学院,阿巴阿巴阿巴,3,487
2023,1,1547,江西师范大学,原来你也玩原神,3,490
2023,1,1548,江西师范大学,我的心贴了钢化膜,3,491
2023,1,1549,浙江工商大学杭州商学院,树下猫猫虫,3,495
2023,1,1549,华北理工大学,重生之我们是jianglyfansfans,3,495
2023,1,1551,上饶师范学院,AAAAAA,3,496
2023,1,1552,浙江农林大学,汪汪队WAWA叫,3,497
2023,1,1553,宁波职业技术学院,假嘟吧,3,502
2023,1,1554,浙江农林大学,打ACM大的↑,3,503
2023,1,1555,河北师范大学,mihomo,3,506
2023,1,1556,东北大学秦皇岛分校,拿奖不如玩原神,3,507
2023,1,1557,南阳理工学院,猫猫向前冲,3,508
2023,1,1558,河南农业大学,鸡蛋火腿三明治,3,511
2023,1,1559,台州学院,让我去比赛?尊嘟假嘟,3,512
2023,1,1560,宁波工程学院,NBUT-3,3,513
2023,1,1561,南华大学,番茄土豆,3,518
2023,1,1561,盐城工学院,佳嘉雨,3,518
2023,1,1563,浙江金融职业学院,福布斯富婆队,3,519
2023,1,1564,大连理工大学,Faithless AC,3,522
2023,1,1565,山东科技大学,联邦星舰协和号,3,526
2023,1,1565,宁波工程学院,NBUT-4,3,526
2023,1,1567,南昌航空大学,发际线和我作队,3,527
2023,1,1567,安阳师范学院,中年洋威互助队,3,527
2023,1,1569,华南师范大学,带带队,3,532
2023,1,1570,肇庆学院,北岭山脊吹风,3,533
2023,1,1571,南阳理工学院,队友不知道叫什么队,3,540
2023,1,1571,广西科技大学,这是一场豪赌,3,540
2023,1,1573,北京工业大学,三只小猪,3,541
2023,1,1574,淮阴工学院,霸王龙挖掘机,3,543
2023,1,1575,合肥学院,小企鹅猛烈突击,3,549
2023,1,1576,安阳工学院,CF gril and boys,3,554
2023,1,1576,湖北工业大学,比赛时做的都队,3,554
2023,1,1578,河北师范大学,初生的暴雪 彼阳的晚意,3,560
2023,1,1579,安阳工学院,做出签到就算成功,3,564
2023,1,1580,郑州轻工业大学,终于不用在绝缘本坐牢,3,565
2023,1,1581,阜阳师范大学,菜着菜着就习惯了,3,566
2023,1,1582,安徽师范大学,计信纯爱三幻神,3,569
2023,1,1583,成都东软学院,单推纳西妲,3,573
2023,1,1584,山东工商学院,当签到题WA时,3,577
2023,1,1585,山东工商学院,"不管,暴力是最优",3,586
2023,1,1586,山东科技大学泰安校区,西红柿炒豆橛子加可乐熬白萝卜丝,3,587
2023,1,1587,中国科学技术大学,比奇堡三巨头队,3,588
2023,1,1588,贵州大学,铜牌分界线,3,589
2023,1,1589,华北水利水电大学,编译器只用cec,3,591
2023,1,1589,贵州大学,三人成行,3,591
2023,1,1591,南昌理工学院,桃李不言,3,595
2023,1,1592,浙江科技学院,无敌山鸡王队,3,599
2023,1,1593,华南理工大学,NO TLE NO WA,3,600
2023,1,1594,华南农业大学,罚坐一次2.6,3,603
2023,1,1595,中国人民解放军战略支援部队信息工程大学,来之不易,3,607
2023,1,1596,临沂大学,12WA哥爱玩原,3,610
2023,1,1597,山东建筑大学,按f取消对手成绩,3,611
2023,1,1598,上海科技大学,try_everything,3,631
2023,1,1599,大连理工大学,dlut05,3,637
2023,1,1600,山东财经大学,烈火战神端大狙架中门,3,645
2023,1,1600,鲁东大学,星星之火 - 逐日,3,645
2023,1,1600,电子科技大学中山学院,香山6队,3,645
2023,1,1603,武昌首义学院,打铁还需自身硬,3,647
2023,1,1603,大连理工大学,dlut06,3,647
2023,1,1605,海南大学,beyond队,3,648
2023,1,1606,浙江师范大学,所以爱会消失对不队,3,649
2023,1,1607,山东女子学院,玩原神玩的,3,650
2023,1,1608,南昌职业大学,三个臭铁匠,3,651
2023,1,1609,中国地质大学(武汉),薛定谔的AC,3,656
2023,1,1610,东北农业大学,重生之我们三个人跑了八个队友,3,659
2023,1,1611,宁波大学,Sharon,3,671
2023,1,1612,西安工业大学,"芝士,与你分享",3,690
2023,1,1613,华中科技大学,cyy cutest,3,711
2023,1,1614,仲恺农业工程学院,面向样例编程,3,716
2023,1,1615,浙江理工大学,86-不存在的AC,3,718
2023,1,1616,常熟理工学院,王牌!你在ICPC中掏出了手机!,3,721
2023,1,1617,淮北师范大学,狂飙队,3,748
2023,1,1618,贵州大学,随便吧,3,892
2023,1,1619,浙江工业大学之江学院,"做博丽灵梦,谈古明地恋",3,911
2023,1,1620,上海科技大学,签到就跑小组,3,987
2023,1,1621,哈尔滨工业大学(深圳),不玩原神,3,1041
2023,1,1622,郑州轻工业大学,青色一望无际,2,35
2023,1,1623,浙江农林大学,带带带带花树,2,37
2023,1,1623,中国人民大学,蒙古上单,2,37
2023,1,1625,西北师范大学,6,2,40
2023,1,1626,山东科技大学,鹦鹉螺号,2,42
2023,1,1626,徐州工程学院,追梦繁星,2,42
2023,1,1628,南阳理工学院,啊对对对,2,43
2023,1,1629,浙江万里学院,想不粗来,2,46
2023,1,1629,闽南师范大学,"WA且TLE,不坠AC之志",2,46
2023,1,1631,安徽工业大学,Sleeping Everywhere,2,50
2023,1,1631,青岛科技大学,赛博猫猫不吃电子木鱼,2,50
2023,1,1631,南昌理工学院,ytdsg,2,50
2023,1,1634,广东外语外贸大学,广外附小,2,54
2023,1,1634,齐齐哈尔大学,你说的对但我选择齐齐哈尔大学,2,54
2023,1,1636,西南科技大学,Yoku,2,56
2023,1,1636,浙江育英职业技术学院,育英九队,2,56
2023,1,1638,广东工业大学揭阳校区,Aurora,2,58
2023,1,1639,南昌航空大学,划水摸鱼小分队,2,60
2023,1,1639,惠州学院,想不出来,2,60
2023,1,1641,浙江金融职业学院,软饭硬吃,2,61
2023,1,1642,浙江万里学院,"停手吧,再翻就比烂了",2,62
2023,1,1643,长安大学,彭小子丑豪,2,63
2023,1,1644,湖北中医药大学,梦想身高180,2,64
2023,1,1645,福建理工大学,那我随便起名了,2,71
2023,1,1646,山东石油化工学院,山中月水中石,2,72
2023,1,1646,浙江育英职业技术学院,育英七队,2,72
2023,1,1648,齐鲁工业大学,"旅行者,崩铁好玩吗",2,73
2023,1,1648,苏州大学,avoidErr队,2,73
2023,1,1650,华南农业大学,代码能跑就队,2,77
2023,1,1651,大连大学,"莫忘沧海,莫失巫山",2,78
2023,1,1651,滁州学院,打完这场就退役,2,78
2023,1,1653,成都信息工程大学,萤火漫天,2,80
2023,1,1654,九江学院,玩原神玩的,2,81
2023,1,1654,华北水利水电大学,唔姆唔姆唔姆,2,81
2023,1,1654,浙江工商大学,东拼西凑的队,2,81
2023,1,1657,宁波大学,真学不动了,2,82
2023,1,1658,北京工业大学,三个火枪手,2,83
2023,1,1658,成都东软学院,白日梦想家,2,83
2023,1,1658,河南师范大学,我说的都队,2,83
2023,1,1661,山东女子学院,我永远喜欢爱莉希雅,2,84
2023,1,1661,乐山师范学院,立大功汪汪队,2,84
2023,1,1661,江西科技学院,试炼者,2,84
2023,1,1664,中国计量大学现代科技学院,重生之我在地球Online进行爆A计划:),2,85
2023,1,1665,武汉工程大学,习惯hack爱上WA,2,86
2023,1,1666,绍兴文理学院,1400块的奇迹,2,87
2023,1,1666,武汉科技大学,小猪佩奇也想ac,2,87
2023,1,1666,南阳师范学院,不知不觉我跟了这节奏,2,87
2023,1,1669,西北师范大学,被罚坐の神,2,88
2023,1,1669,中南民族大学,明明知道不是打ACM的料却还是打了,2,88
2023,1,1671,郑州轻工业大学,时不时爆0.o,2,89
2023,1,1671,河南财政金融学院,海底小分队,2,89
2023,1,1671,广州大学,社会主义接班人,2,89
2023,1,1674,齐鲁工业大学,小心超人不小心超人了,2,90
2023,1,1674,河南理工大学,手无寸铁,2,90
2023,1,1674,黄淮学院,重生之我们是ICPC职业队,2,90
2023,1,1677,贵州工程应用技术学院,GGboy,2,91
2023,1,1677,台州学院,暴龙战士,2,91
2023,1,1679,山东管理学院,山管一队,2,92
2023,1,1679,广西师范大学,轻舟已过万重山,2,92
2023,1,1681,成都信息工程大学,"WA,正反都是66M",2,93
2023,1,1681,哈尔滨商业大学,哈商大2队,2,93
2023,1,1681,郑州轻工业大学,Tsia,2,93
2023,1,1684,天津仁爱学院,超能陆战队,2,94
2023,1,1684,湘潭大学,重生到异世界当打铁菜狗,2,94
2023,1,1686,浙江农林大学,"吾随年迈,箭矢尤锋",2,95
2023,1,1686,广西科技大学,牡蛎摸牡蛎~,2,95
2023,1,1688,桂林信息科技学院,两千包月_全国可飞,2,96
2023,1,1688,莆田学院,雪王不wa队,2,96
2023,1,1690,韩山师范学院,臣妾做不出来,2,97
2023,1,1690,河北师范大学,还有多远才能把你ac,2,97
2023,1,1690,郑州轻工业大学,做的都不队,2,97
2023,1,1693,新疆大学,猎户座,2,98
2023,1,1693,西安科技大学,随便取个名字吧,2,98
2023,1,1693,浙江金融职业学院,浙金院7队,2,98
2023,1,1696,南京邮电大学,njupt23team23,2,99
2023,1,1696,烟台科技学院,We Rock!,2,99
2023,1,1696,河北工程技术学院,"杏仁露真好喝,六个核桃也好喝",2,99
2023,1,1696,华南理工大学,以上成绩无效队,2,99
2023,1,1700,长江师范学院,呆呆鹅,2,100
2023,1,1701,台州学院,玩原神玩的,2,101
2023,1,1701,乐山师范学院,春丽发紧跳了,2,101
2023,1,1703,济宁医学院,希望一眼盯真,2,102
2023,1,1703,宜春学院,总之就是不会dp,2,102
2023,1,1705,北京印刷学院,自动AC机,2,103
2023,1,1705,长春理工大学,今天早八也能睡大觉吗? 睡!当然睡!为什么不睡!,2,103
2023,1,1705,天津仁爱学院,你又WA了对不对,2,103
2023,1,1705,广州软件学院,菜狗也想银,2,103
2023,1,1705,河南工程学院,队友答题我答辩,2,103
2023,1,1710,广州城市理工学院,爱莉希雅万岁,2,104
2023,1,1710,江西师范大学,随便,2,104
2023,1,1712,河北师范大学,云上写生,2,105
2023,1,1712,河南工程学院,槲寄生队,2,105
2023,1,1714,浙江机电职业技术学院,答辩拒,2,106
2023,1,1714,河南工程学院,南苑一队,2,106
2023,1,1716,广西师范大学,cfboys,2,107
2023,1,1716,武汉科技大学,小老鸭杰瑞,2,107
2023,1,1716,南京工程学院,NJIT_2队_原神怎么你了,2,107
2023,1,1716,浙江育英职业技术学院,育英十五队,2,107
2023,1,1716,广西科技大学,Computational Thinkers,2,107
2023,1,1721,宁波职业技术学院,原神启动,2,108
2023,1,1721,北华大学,explosion,2,108
2023,1,1721,山东工商学院,全民出题人,2,108
2023,1,1721,重庆科技学院,今年重科能升大吗?,2,108
2023,1,1725,中南民族大学,火火火焱,2,109
2023,1,1725,浙江工商大学,电之毅,2,109
2023,1,1725,湖州师范学院,zjhu_lcy,2,109
2023,1,1728,中国民航大学,谁问你了,2,110
2023,1,1728,天津仁爱学院,记忆化过样例,2,110
2023,1,1728,郑州升达经贸管理学院,Safety First,2,110
2023,1,1731,天津仁爱学院,只因******,2,111
2023,1,1731,南阳理工学院,那也是别人的以为,2,111
2023,1,1733,郑州轻工业大学,对对队,2,112
2023,1,1734,烟台大学,落霞与孤雁齐飞,2,113
2023,1,1734,乐山师范学院,卧龙凤雏大聪明,2,113
2023,1,1736,贵州民族大学,饭醉团队,2,114
2023,1,1737,淮阴工学院,从百草园写到三味书屋,2,116
2023,1,1737,浙江传媒学院,什么档次和我一队,2,116
2023,1,1739,湖州师范学院,zjhu_zxd,2,117
2023,1,1739,浙江传媒学院,桥豆麻队,2,117
2023,1,1741,浙江工商大学,签到题千万要队,2,118
2023,1,1742,南京邮电大学通达学院,莉莉白发光是莉莉虹吗,2,119
2023,1,1742,南阳师范学院,因为太菜就把暴力循环点满了,2,119
2023,1,1744,沈阳化工大学,莪們唻嚗〇菈,2,120
2023,1,1744,合肥工业大学,天天做早操队,2,120
2023,1,1746,北京理工大学珠海学院,"奥迪叁钻,我的伙伴",2,121
2023,1,1746,齐齐哈尔大学,A不了一点,2,121
2023,1,1748,深圳大学,SZU_Datie,2,122
2023,1,1748,黑龙江工程学院,香辣鸡腿堡,2,122
2023,1,1750,广州城市理工学院,Alnilam,2,123
2023,1,1751,贵州民族大学,青花鱼,2,124
2023,1,1751,华南师范大学,三人队,2,124
2023,1,1753,青岛大学,守护最好的坤坤队,2,125
2023,1,1754,山东石油化工学院,山石二队,2,126
2023,1,1754,河南大学,可乐鸡翅炸薯条,2,126
2023,1,1756,乐山师范学院,众神之父赐予我AC,2,127
2023,1,1756,韩山师范学院,爱莉希雅神教,2,127
2023,1,1756,潍坊学院,此处无队名,2,127
2023,1,1756,成都信息工程大学,AC automaton,2,127
2023,1,1756,河南理工大学,三个臭皮匠,2,127
2023,1,1756,山东理工大学,黄昏见证虔诚的信徒,2,127
2023,1,1762,长沙师范学院,Miracle%,2,128
2023,1,1763,西南科技大学,我是小趴菜,2,129
2023,1,1763,长沙理工大学,玩原神玩的,2,129
2023,1,1763,南阳师范学院,简单队,2,129
2023,1,1766,郑州经贸学院,高数不会怎么办?先导一下,2,130
2023,1,1766,湖南城市学院,serendipity,2,130
2023,1,1766,成都信息工程大学,碱基互补配队,2,130
2023,1,1769,南昌理工学院,rabbit小队,2,131
2023,1,1770,闽南师范大学,旺旺雪饼,2,132
2023,1,1771,浙江中医药大学,浙中医三队,2,133
2023,1,1771,福建理工大学,KFC,2,133
2023,1,1773,阜阳师范大学,算法不如算命,2,134
2023,1,1774,通化师范学院,研究过场,2,135
2023,1,1774,浙江育英职业技术学院,育英十二队,2,135
2023,1,1774,广州大学,混分大师联盟,2,135
2023,1,1777,广州城市理工学院,四面楚歌,2,136
2023,1,1777,郑州轻工业大学,遇到困难就梭哈,2,136
2023,1,1779,河南工程学院,网瘾少年,2,137
2023,1,1780,武汉商学院,你说AC_尊嘟假嘟o.O?,2,138
2023,1,1780,聊城大学,倘若我玩原舟农阁下该如何应对,2,138
2023,1,1780,南京工程学院,NJIT_3队_重生之为什么我不是jly,2,138
2023,1,1780,湖南理工学院,全是摆子队,2,138
2023,1,1780,成都理工大学,二仙桥摸鱼日记,2,138
2023,1,1785,乐山师范学院,马克思说的队,2,139
2023,1,1785,北京印刷学院,中国出版大学,2,139
2023,1,1785,江西财经大学,LFP,2,139
2023,1,1788,青岛科技大学,暴力拆迁,2,140
2023,1,1788,武昌理工学院,沙烬姐姐雅沙西,2,140
2023,1,1790,华中师范大学,队友沉迷原神导致高数挂科,2,141
2023,1,1790,山东石油化工学院,去线下就算成功,2,141
2023,1,1792,西南科技大学,: ) || : (,2,142
2023,1,1792,广州大学,啊对对队,2,142
2023,1,1792,新疆大学,AC刺客,2,142
2023,1,1792,东莞理工学院,我都可以,2,142
2023,1,1796,上海应用技术大学,为什么假期这么快!,2,143
2023,1,1796,河南工程学院,南苑二队,2,143
2023,1,1798,浙江理工大学,GGbond说的队,2,144
2023,1,1798,哈尔滨商业大学,哈商大3队,2,144
2023,1,1798,青岛大学,flamingo,2,144
2023,1,1801,泰州学院,来个队名宝贝们,2,145
2023,1,1802,江苏理工学院,求求给个名额吧!(JSUT-1),2,147
2023,1,1802,河南工程学院,南苑六队,2,147
2023,1,1804,东华大学,Sleepy,2,148
2023,1,1804,河南农业大学,顾北清歌寒,2,148
2023,1,1804,青岛科技大学,微笑bug,2,148
2023,1,1804,惠州学院,不想当小丑,2,148
2023,1,1808,平顶山学院,所以爱会消失对不队,2,149
2023,1,1809,青岛理工大学,被icpc判处五小时监禁,2,150
2023,1,1810,江西师范大学,zyl,2,151
2023,1,1811,哈尔滨工业大学(威海),爆裂吧 现实!粉碎吧 精神!,2,152
2023,1,1812,黑龙江工程学院,打算法竞赛的都是网瘾少年早该电电,2,153
2023,1,1812,江西农业大学,"转生成只因,只要ak就能变强",2,153
2023,1,1812,华南师范大学,干饭冲锋队,2,153
2023,1,1815,三峡大学,我们眼中只有01,2,154
2023,1,1815,河南科技大学,"菜,有点绿色",2,154
2023,1,1815,湖州师范学院,zjhu_wwc,2,154
2023,1,1818,宁波职业技术学院,think02it02possible,2,155
2023,1,1818,共青科技职业学院,GK001,2,155
2023,1,1818,辽宁科技大学,超市里扫货,2,155
2023,1,1821,南京邮电大学,njupt23team09,2,156
2023,1,1821,南昌航空大学,电子信息算法人,2,156
2023,1,1821,盐城工学院,壮志凌云,2,156
2023,1,1824,上海第二工业大学,汪汪队起飞咯,2,157
2023,1,1824,江西农业大学,如对,2,157
2023,1,1826,广州城市理工学院,毫无头绪,2,158
2023,1,1826,浙江科技学院,ATM,2,158
2023,1,1828,江苏大学,重生之我要摆烂,2,159
2023,1,1828,华南师范大学,我们不是废物对不队,2,159
2023,1,1828,华南师范大学,键值队,2,159
2023,1,1831,南京师范大学,有福同享有难退队,2,160
2023,1,1831,山东管理学院,随机原神法WA队?,2,160
2023,1,1833,厦门大学嘉庚学院,冲 冲 冲,2,161
2023,1,1833,南阳理工学院,桑哥静静的画圈圈,2,161
2023,1,1833,重庆工程学院,斧头帮,2,161
2023,1,1836,乐山师范学院,益生元,2,163
2023,1,1836,浙江金融职业学院,疯狂星期四被骗50块从此冰封决心队,2,163
2023,1,1838,河北地质大学,为美好的世界献上AC,2,164
2023,1,1839,宁波工程学院,NBUT-2,2,165
2023,1,1839,青岛农业大学海都学院,Sakura,2,165
2023,1,1839,湖北第二师范学院,别人ac我们爆零,2,165
2023,1,1839,菏泽学院,菏泽师专罚时手,2,165
2023,1,1843,上海海事大学,对抗巴尔坦星人前线,2,166
2023,1,1843,南京工程学院,NJIT_5队_脑洞漫游者,2,166
2023,1,1843,郑州轻工业大学,6000级原神玩家,2,166
2023,1,1846,成都锦城学院,暴力解决一切,2,167
2023,1,1846,广东金融学院,ac一题就算赢,2,167
2023,1,1848,浙江工商大学,电之骄,2,169
2023,1,1849,北京师范大学珠海校区,队友心头dahuan,2,170
2023,1,1850,哈尔滨理工大学(荣成),没拿牌就去玩原神,2,171
2023,1,1850,广西外国语学院,重回脑袋开发的第百分之十,2,171
2023,1,1852,广西民族大学,本手妙手和花手,2,172
2023,1,1852,贵州民族大学,T-Rex,2,172
2023,1,1854,九江学院,冬雪莲,2,174
2023,1,1854,乐山师范学院,怎么一个都不队,2,174
2023,1,1856,乐山师范学院,打个比赛英语60分就够了,2,175
2023,1,1856,深圳技术大学,SZTU_签到题得做队,2,175
2023,1,1856,湖南警察学院,不想走路队,2,175
2023,1,1859,中国人民解放军战略支援部队信息工程大学,阿达西,2,176
2023,1,1860,佛山科学技术学院,千招百千招百千招百式在一息,2,177
2023,1,1860,阜阳师范大学,青春蒟蒻少年不会遇见AC梦,2,177
2023,1,1862,郑州升达经贸管理学院,HUAWEImate60pro,2,178
2023,1,1862,烟台理工学院,石教授与他两个学生,2,178
2023,1,1862,南京邮电大学,njupt23team25,2,178
2023,1,1862,广西职业师范学院,钢铁是怎样练成的,2,178
2023,1,1866,桂林电子科技大学北海校区,重生之我想当菜狗,2,179
2023,1,1866,湖南工学院,米兰的小铁匠,2,179
2023,1,1868,郑州轻工业大学,悬置,2,180
2023,1,1868,西南石油大学,二缺一,2,180
2023,1,1868,成都信息工程大学,AC one will leave work,2,180
2023,1,1871,山东工商学院,明天就去看Live,2,181
2023,1,1871,南京理工大学泰州科技学院,落魄魄罗迫魄罗落魄,2,181
2023,1,1873,南昌航空大学科技学院,Zzzz,2,182
2023,1,1873,湖北工业大学,敏捷的狐狸跳过懒惰的狗,2,182
2023,1,1873,湖州师范学院,zjhu_zlw,2,182
2023,1,1876,郑州轻工业大学,从第一题开始WA,2,183
2023,1,1877,河南工程学院,南苑四队,2,184
2023,1,1878,泉州师范学院,赛尔号,2,185
2023,1,1879,成都理工大学工程技术学院,全员AC,2,186
2023,1,1880,宁波大学,我们指定,2,187
2023,1,1881,烟台大学,提交什么都队,2,188
2023,1,1882,河南科技大学,菜的一批之起点站,2,189
2023,1,1882,湖南理工学院,这题能写,2,189
2023,1,1884,临沂大学,时来运转,2,190
2023,1,1885,湖南工程学院,干饭不想排队,2,191
2023,1,1885,河南工程学院,南苑七队,2,191
2023,1,1885,贵州大学,云志队,2,191
2023,1,1888,成都锦城学院,AC向游戏世界对WA角色很不友好,2,193
2023,1,1888,中国人民解放军战略支援部队信息工程大学,你说的都,2,193
2023,1,1888,成都锦城学院,重生之参与奖我们势必拿下队,2,193
2023,1,1891,西南财经大学,姐们是女王,2,194
2023,1,1891,广西科技大学,"风浪越大鱼越贵,什么档次和我一队",2,194
2023,1,1893,商丘师范学院,豫东师范大学队,2,195
2023,1,1893,西南财经大学,木,2,195
2023,1,1893,长春理工大学,签到就是胜利,2,195
2023,1,1896,南昌航空大学,队名先欠着,2,196
2023,1,1897,常熟理工学院,决策迷雾,2,197
2023,1,1898,浙江育英职业技术学院,育英十一队,2,198
2023,1,1898,浙江理工大学,什么都不对,2,198
2023,1,1900,东莞理工学院,还没想好队名,2,199
2023,1,1901,哈尔滨华德学院,老年康复中心,2,200
2023,1,1902,黄淮学院,无敌暴龙,2,201
2023,1,1902,南京邮电大学,njupt23team17,2,201
2023,1,1902,天津仁爱学院,少年先疯队,2,201
2023,1,1905,泉州师范学院,暴力不报零,2,203
2023,1,1905,莆田学院,non terrae plus ultra,2,203
2023,1,1905,温州商学院,咸鱼摆烂瑶,2,203
2023,1,1905,东南大学,又菜又爱玩队,2,203
2023,1,1909,南昌理工学院,肥宅joker遇不到爱情,2,204
2023,1,1909,东莞理工学院,abaabadui,2,204
2023,1,1909,长江大学,长江2队嘿嘿嘿,2,204
2023,1,1912,常熟理工学院,"快告诉老默,我想吃坤了",2,206
2023,1,1912,安徽工业大学,刘嘉豪爱喝水晶葡萄屌丝饮料,2,206
2023,1,1912,湖州师范学院,zjhu_ndh,2,206
2023,1,1915,无锡学院,Wrong Answer,2,207
2023,1,1915,陕西科技大学,A one more,2,207
2023,1,1917,成都信息工程大学,WA的一声哭了出来,2,208
2023,1,1918,广东东软学院,跑的快才队,2,209
2023,1,1918,温州商学院,WA是常态,2,209
2023,1,1918,河南科技大学,wlw,2,209
2023,1,1918,烟台大学,英雄队,2,209
2023,1,1922,吉首大学,剑心,2,213
2023,1,1922,洛阳师范学院,月明湖之暴走武装烈焰战士,2,213
2023,1,1924,华东理工大学,ecust8,2,214
2023,1,1924,西安工业大学,"原来,你也打acm啊",2,214
2023,1,1926,华东交通大学,生鱼忧患 死鱼安乐,2,215
2023,1,1926,广州城市理工学院,打个铁先,2,215
2023,1,1928,西北大学,"ACM只是副业,旅游才是正解",2,216
2023,1,1929,广东东软学院,丙乙甲,2,217
2023,1,1930,中南民族大学,这一题由我来VC,2,218
2023,1,1931,河南财政金融学院,巨山超力霸队,2,219
2023,1,1931,中国人民解放军战略支援部队信息工程大学,听党指挥,2,219
2023,1,1933,中国矿业大学,cumt9,2,220
2023,1,1934,南昌航空大学,代码敲不队,2,221
2023,1,1935,北京师范大学珠海分校,中脉震撼明星之薪,2,223
2023,1,1936,北京师范大学珠海校区,铁人三项,2,226
2023,1,1937,浙江工商大学,电之道,2,227
2023,1,1937,南昌理工学院,只会写签到题,2,227
2023,1,1937,延安大学西安创新学院,尊嘟假嘟嘟嘟嘟,2,227
2023,1,1940,常熟理工学院,原农铁都沾点,2,228
2023,1,1941,成都理工大学工程技术学院,国服第一亚索,2,230
2023,1,1941,徐州工程学院,进击的女战士,2,230
2023,1,1941,成都理工大学工程技术学院,peace,2,230
2023,1,1944,重庆人文科技学院,菜鸟互啄,2,231
2023,1,1944,安阳工学院,duiwu,2,231
2023,1,1944,绍兴文理学院元培学院,菜地卷狗,2,231
2023,1,1947,绍兴文理学院元培学院,重生之我是Asuka,2,235
2023,1,1947,东华大学,米奇妙妙屋,2,235
2023,1,1949,乐山师范学院,闲踏梧桐,2,237
2023,1,1950,大连东软信息学院,Firefly,2,238
2023,1,1951,江西中医药大学,我就来试试水,2,239
2023,1,1951,东莞理工学院,感觉不如莞专队,2,239
2023,1,1953,广东外语外贸大学,秀才,2,241
2023,1,1953,延安大学西安创新学院,九十六,2,241
2023,1,1953,华东理工大学,ecust3,2,241
2023,1,1953,陕西科技大学,ac一道题就好,2,241
2023,1,1957,重庆工程学院,再次启动!,2,242
2023,1,1957,南阳师范学院,师院靓仔,2,242
2023,1,1959,成都理工大学工程技术学院,魅力王子迷死你,2,245
2023,1,1959,哈尔滨工业大学(威海),蛤工大1队,2,245
2023,1,1961,洛阳师范学院,伊滨河水怪,2,248
2023,1,1961,河南中医药大学,张仲景转世敲代码,2,248
2023,1,1963,天津商业大学,AC不过不吃饭,2,252
2023,1,1964,合肥学院,秃头少女,2,253
2023,1,1964,华北电力大学(北京),猫猫今天不想爆零,2,253
2023,1,1966,中国科学技术大学,温州观光团,2,256
2023,1,1966,陕西科技大学,关于我刚入坑就打预选赛并且希望能AC这件事,2,256
2023,1,1968,浙江机电职业技术学院,空城旧梦,2,258
2023,1,1969,湖北第二师范学院,wa题选手,2,259
2023,1,1970,河南师范大学,宇宙飞船,2,260
2023,1,1971,东北大学秦皇岛分校,编啥都队,2,263
2023,1,1972,江西财经大学,Professional imprisonment,2,264
2023,1,1972,西华师范大学,"WA常有而AC不常有,常寄于TLE之手",2,264
2023,1,1974,贵州工程应用技术学院,海底小纵队plus,2,265
2023,1,1975,聊城大学,爆零还是寄寄爆,2,266
2023,1,1976,闽南师范大学,"原神,启动!",2,268
2023,1,1977,河北科技师范学院,xcpc就是前女友,2,270
2023,1,1978,莆田学院,学计算机当外卖员,2,274
2023,1,1978,莆田学院,飞天小猪,2,274
2023,1,1980,华东交通大学,不管怎样都队,2,275
2023,1,1980,北京工业大学,摸鱼小队,2,275
2023,1,1980,长沙师范学院,写完签到就润,2,275
2023,1,1980,北京理工大学珠海学院,中国移不动队,2,275
2023,1,1984,北京交通大学,BJTU04,2,276
2023,1,1984,中国人民解放军战略支援部队信息工程大学,一起去看雷阵雨,2,276
2023,1,1986,西北大学,被鱼头泡饭选中的队伍,2,277
2023,1,1987,浙江广厦建设职业技术大学,还没想好叫什么,2,278
2023,1,1987,北京理工大学珠海学院,四级?启动!,2,278
2023,1,1987,黄淮学院,黄淮666队,2,278
2023,1,1990,湖南工学院,"连夜想队名,结果",2,279
2023,1,1990,哈尔滨理工大学,哈理工2023ICPC18队,2,279
2023,1,1990,浙江工商大学,电之奇,2,279
2023,1,1993,东北大学秦皇岛分校,缺一,2,281
2023,1,1994,北京师范大学-香港浸会大学联合国际学院,流浪马戏团,2,282
2023,1,1994,安徽信息工程学院,艾米莉亚单推组,2,282
2023,1,1996,广东药科大学,Chtholly And Tree,2,283
2023,1,1996,山东财经大学,尊嘟假嘟,2,283
2023,1,1998,大连理工大学城市学院,水星记,2,285
2023,1,1999,电子科技大学中山学院,香山8队,2,286
2023,1,1999,哈尔滨华德学院,y = kx + b,2,286
2023,1,1999,广东东软学院,你若AC便是晴天,2,286
2023,1,1999,韶关学院,韶关学院信工队,2,286
2023,1,2003,澳门大学,Starfield X,2,287
2023,1,2004,大连东软信息学院,22try,2,288
2023,1,2005,湖州师范学院,zjhu_zly,2,290
2023,1,2005,广东东软学院,WLW,2,290
2023,1,2007,河南师范大学,22无上床下桌队,2,292
2023,1,2008,华北理工大学,小白探水队,2,294
2023,1,2009,黑龙江大学,oper启动,2,296
2023,1,2009,南阳师范学院,style of cooking,2,296
2023,1,2011,东莞理工学院,Unnamed,2,299
2023,1,2011,淮阴工学院,理解万岁,2,299
2023,1,2013,武汉商学院,皇家艾斯利顿商学院,2,303
2023,1,2013,内蒙古师范大学,PR,2,303
2023,1,2015,哈尔滨商业大学,哈商大4队,2,304
2023,1,2016,南京邮电大学,njupt23team18,2,305
2023,1,2016,华东理工大学,ecust9,2,305
2023,1,2018,江西农业大学,太阳,2,306
2023,1,2018,成都锦城学院,编不出名队,2,306
2023,1,2020,黑龙江工程学院,抓螃蟹,2,307
2023,1,2021,广州大学,o泡果奶,2,308
2023,1,2022,浙江广厦建设职业技术大学,CFBoys,2,310
2023,1,2023,黑龙江大学,Lothric,2,311
2023,1,2024,重庆工程学院,过气老人,2,313
2023,1,2025,浙江财经大学,练习时长两年半小小题目别和我们作,2,316
2023,1,2026,阿坝师范学院,star,2,318
2023,1,2027,内蒙古工业大学,下北泽超newbie仙贝,2,321
2023,1,2028,安徽信息工程学院,T_T,2,322
2023,1,2028,中国计量大学现代科技学院,紫腚AC,2,322
2023,1,2030,中国人民解放军战略支援部队信息工程大学,你们都不队,2,323
2023,1,2031,浙江警官职业学院,啊对对队,2,324
2023,1,2031,哈尔滨商业大学,哈商大5队,2,324
2023,1,2033,徐州工程学院,进击的巨人,2,325
2023,1,2033,北京师范大学-香港浸会大学联合国际学院,灰色畅想,2,325
2023,1,2035,中国科学技术大学,你不懂长劲鹿的痛,2,327
2023,1,2036,南华大学,别跑到我前面,2,329
2023,1,2037,信阳师范大学,底蕴茶文化,2,330
2023,1,2037,中国人民解放军战略支援部队信息工程大学,qgygnb,2,330
2023,1,2039,上饶师范学院,一轮游,2,331
2023,1,2039,南昌航空大学,無限進步1.0,2,331
2023,1,2039,河南财政金融学院,浑水摸鱼,2,331
2023,1,2042,哈尔滨华德学院,精神小伙成双队,2,334
2023,1,2043,郑州航空工业管理学院,抽象非我意,2,336
2023,1,2044,南京师范大学,来ACM整点薯条,2,341
2023,1,2045,河南工程学院,南苑三队,2,349
2023,1,2046,湖南师范大学,YWY,2,350
2023,1,2047,济南大学,一轮明月笑嘻嘻,2,351
2023,1,2048,郑州大学,黑灰化肥会挥发发灰黑讳为花飞,2,352
2023,1,2049,郑州航空工业管理学院,知识学爆,2,354
2023,1,2050,北京师范大学-香港浸会大学联合国际学院,BUG联盟,2,357
2023,1,2051,南京邮电大学通达学院,求求你们不要再玩原神了,2,360
2023,1,2051,山东大学,一一二二三三,2,360
2023,1,2053,广西民族大学,就我们不队,2,362
2023,1,2054,重庆工程学院,怎么说?,2,367
2023,1,2054,浙江万里学院,can can need 66,2,367
2023,1,2056,河北师范大学,Hello World AC一切,2,369
2023,1,2057,合肥学院,凑凑队,2,371
2023,1,2058,大连东软信息学院,东软挂水队,2,372
2023,1,2059,上海财经大学,Trouble_maker,2,375
2023,1,2060,成都锦城学院,快乐队!,2,376
2023,1,2061,鲁东大学,星星之火 - 易燃,2,379
2023,1,2062,合肥学院,旅行团,2,381
2023,1,2062,烟台理工学院,飞虎队,2,381
2023,1,2062,浙江机电职业技术学院,不想取名,2,381
2023,1,2065,浙江财经大学,终究是妹妹的不队,2,382
2023,1,2065,北京工业大学,听取wa声一片,2,382
2023,1,2067,华北理工大学,尊嘟假嘟0.o,2,385
2023,1,2068,浙江农林大学,暴龙战士,2,386
2023,1,2069,东南大学,group ABC,2,388
2023,1,2070,华东理工大学,ecust5,2,389
2023,1,2071,无锡学院,专业wa掘机,2,399
2023,1,2072,中国人民解放军战略支援部队信息工程大学,签到就下班,2,405
2023,1,2073,湖北工业大学,主打的就是一个陪伴队,2,409
2023,1,2074,河南师范大学,quickly队,2,415
2023,1,2075,鲁东大学,星星之火 - 星光,2,416
2023,1,2075,山东大学,大法师,2,416
2023,1,2077,西南财经大学,过一题也是过,2,417
2023,1,2077,西藏民族大学,秦汉3,2,417
2023,1,2079,陕西科技大学,果壳中的开开门,2,423
2023,1,2080,河北经贸大学,碱基互补配对,2,425
2023,1,2081,河南理工大学,Beyond the time,2,427
2023,1,2082,烟台理工学院,能跑就行,2,428
2023,1,2083,哈尔滨理工大学,哈理工2023ICPC7队,2,429
2023,1,2084,重庆工程学院,Accept,2,431
2023,1,2085,山东建筑大学,重生之我要成为原神高手,2,435
2023,1,2086,淮北师范大学,重甲奥丁,2,437
2023,1,2087,徐州工程学院,LWTW,2,446
2023,1,2088,武汉工程大学,这里填入队伍名,2,448
2023,1,2089,西华大学,不想看见WA,2,449
2023,1,2090,山东中医药大学,AK队,2,460
2023,1,2091,中国人民解放军战略支援部队信息工程大学,万年船,2,461
2023,1,2092,西安科技大学,Jokers,2,465
2023,1,2093,吉林建筑大学,全ac队,2,470
2023,1,2094,河南工业大学,嘻嘻哈哈,2,479
2023,1,2095,湖州师范学院,zjhu_pzy,2,482
2023,1,2096,东北电力大学,Accccc,2,485
2023,1,2097,江西农业大学,汪汪队,2,487
2023,1,2097,韩山师范学院,周星星,2,487
2023,1,2099,贵州工程应用技术学院,心心念念的奶油泡芙卡洛斯,2,489
2023,1,2100,吉林师范大学,对对对对对对对对,2,493
2023,1,2101,华东理工大学,ecust4,2,502
2023,1,2102,潍坊学院,华哥打铁我拿铜,2,511
2023,1,2103,江西师范大学,好一个队,2,520
2023,1,2104,长沙师范学院,划水也ac,2,521
2023,1,2105,华北理工大学,"“原来,你也玩原神”.jpg",2,525
2023,1,2106,共青科技职业学院,共青科技职业学院,2,549
2023,1,2107,韩山师范学院,幸福的队有着相似的AC不幸的队各有各的WA法,2,555
2023,1,2108,哈尔滨华德学院,二进制杀手,2,559
2023,1,2109,河北经贸大学,基因重组,2,567
2023,1,2110,阜阳师范大学,三个臭皮匠,2,579
2023,1,2111,浙江传媒学院,佛系玄学队,2,630
2023,1,2112,成都理工大学工程技术学院,大母牛,2,642
2023,1,2113,郑州商学院,三条细狗,2,649
2023,1,2114,五邑大学,邑大三队,2,686
2023,1,2115,太原理工大学,爆零菜鸟队,2,700
2023,1,2116,河南工程学院,acmer学姐爱上我,2,712
2023,1,2117,河北师范大学,玊樱队,2,727
2023,1,2118,内蒙古师范大学,布鲁biu布鲁biu,2,774
2023,1,2119,广西外国语学院,蛋挞巨好吃,2,834
2023,1,2120,山东工商学院,A不动就C,2,867
2023,1,2121,南京晓庄学院,233大队,2,1020
2023,1,2122,南京航空航天大学,xcpc while laughing,2,1700
2023,1,2123,青岛大学,史迪奇,1,12
2023,1,2124,南京邮电大学,njupt23team15,1,13
2023,1,2125,南京邮电大学,njupt23team19,1,15
2023,1,2126,河南师范大学,JCL队,1,17
2023,1,2127,上海工程技术大学,中分图书馆,1,20
2023,1,2127,哈尔滨理工大学,哈理工2023ICPC14队,1,20
2023,1,2127,中国矿业大学,海绵宝宝,1,20
2023,1,2130,江苏理工学院,求求给个名额吧!(JSUT-2),1,21
2023,1,2131,南昌理工学院,我也爱玩原,1,23
2023,1,2131,河南中医药大学,是第三队,1,23
2023,1,2133,中国海洋大学,摸鱼小队,1,26
2023,1,2133,吉林建筑大学,一言为定,1,26
2023,1,2135,商丘师范学院,努力签到队,1,27
2023,1,2136,上海财经大学,强盛集团,1,31
2023,1,2137,中国人民解放军战略支援部队信息工程大学,偏执acm的菜狗小娇妻,1,35
2023,1,2138,西华大学,甘文崔,1,36
2023,1,2139,南京航空航天大学,签到小队,1,40
2023,1,2140,中南民族大学,做梦ac题,1,44
2023,1,2141,江西中医药大学,啊对对队,1,45
2023,1,2141,南京工程学院,NJIT_4队_发际线与我作队,1,45
2023,1,2143,广西师范大学,柳暗花明,1,48
2023,1,2144,井冈山大学,地狱拖拉机,1,50
2023,1,2145,华南师范大学,while(1) rk--,1,54
2023,1,2145,潍坊学院,欲买桂花同载酒,1,54
2023,1,2147,贵州民族大学,这样很离谱,1,56
2023,1,2147,青岛大学,爱会消失对不队,1,56
2023,1,2149,贵州民族大学,三只猫,1,58
2023,1,2150,河北经贸大学,芽芽芽学语,1,59
2023,1,2150,长沙理工大学,wa自动机,1,59
2023,1,2150,北京科技大学天津学院,喜提铁牌一枚,1,59
2023,1,2153,上海科技大学,想不出队名想不出队名想不出队名想不出队,1,60
2023,1,2154,曲阜师范大学,非遗文化打铁花三传人,1,61
2023,1,2155,河北经贸大学,三月雨,1,62
2023,1,2156,河南中医药大学,不会签到题就是你的不队,1,63
2023,1,2157,三峡大学,猫猫队睡大觉,1,64
2023,1,2157,贵州民族大学,巨神战击队,1,64
2023,1,2157,浙江农林大学,米奇不妙屋,1,64
2023,1,2160,江西中医药大学,Reborn,1,70
2023,1,2161,浙江工商大学杭州商学院,佳宁女明星后援团,1,72
2023,1,2161,洛阳师范学院,WWWAAAAA!!,1,72
2023,1,2163,厦门大学嘉庚学院,"如果当场wa出的话,acm生涯就要结束惹",1,73
2023,1,2163,吉林建筑大学,你的代码都不对,1,73
2023,1,2165,江西中医药大学,不争馒头争口气,1,75
2023,1,2166,沈阳航空航天大学,Duck,1,78
2023,1,2167,内蒙古师范大学,皇家马德里,1,83
2023,1,2168,哈尔滨工业大学(威海),Last Chance,1,85
2023,1,2169,西北大学,AAA白菜批发,1,88
2023,1,2170,南阳师范学院,那想想,1,89
2023,1,2171,西南财经大学,障碍清除,1,91
2023,1,2172,华南师范大学,6,1,92
2023,1,2173,江苏理工学院,求求给个名额吧(JSUT-3),1,96
2023,1,2174,大连东软信息学院,暴零战士,1,97
2023,1,2175,河南中医药大学,代码敲不队,1,98
2023,1,2175,哈尔滨工业大学(威海),真做对了吗 如队,1,98
2023,1,2177,成都锦城学院,成都第一老六,1,100
2023,1,2178,浙江机电职业技术学院,我不在从心,1,103
2023,1,2178,淮北师范大学,无言以队,1,103
2023,1,2180,青岛大学,元神气动,1,108
2023,1,2181,广州城市理工学院,chatgpt*3,1,110
2023,1,2181,南京邮电大学通达学院,鱼鱼小队,1,110
2023,1,2183,武昌首义学院,打铁三队,1,111
2023,1,2184,湖北第二师范学院,开心就好,1,113
2023,1,2185,洛阳师范学院,阿巴阿巴,1,114
2023,1,2186,桂林信息科技学院,为啥都对,1,115
2023,1,2187,南阳师范学院,随便起吧,1,117
2023,1,2188,吉林建筑大学,未命名,1,118
2023,1,2188,上海财经大学,原!神!,1,118
2023,1,2190,广州城市理工学院,1+1+1随心队,1,119
2023,1,2191,江南大学,Ak后坐力太大,1,122
2023,1,2192,东南大学,Barbarian,1,123
2023,1,2193,北京理工大学珠海学院,什么都队,1,124
2023,1,2194,安阳师范学院,AYNU,1,125
2023,1,2194,烟台南山学院,暴搜队,1,125
2023,1,2194,贵州工程应用技术学院,WBG世界赛冠军,1,125
2023,1,2197,北京联合大学,三点一线,1,126
2023,1,2197,成都锦城学院,YYYYYYYY,1,126
2023,1,2197,上海财经大学浙江学院,HelloWorld,1,126
2023,1,2200,成都锦城学院,用小小的凳子罚大大的坐,1,129
2023,1,2201,安徽师范大学,不想取名字,1,131
2023,1,2202,江西农业大学,这里有个英专生对不,1,134
2023,1,2202,北京联合大学,北联大鹅队,1,134
2023,1,2204,西安科技大学,BYD王朝系列战略合作伙伴,1,135
2023,1,2204,浙江传媒学院,浙传++,1,135
2023,1,2206,西南财经大学,齐次线性方程组,1,137
2023,1,2207,河北师范大学,海洋陆地焦虑被accept,1,139
2023,1,2208,平顶山学院,随便,1,142
2023,1,2209,山东财经大学,什么都不队,1,144
2023,1,2209,贵州民族大学,真理部,1,144
2023,1,2209,东北电力大学,阳光小组,1,144
2023,1,2212,内蒙古师范大学,Mecry,1,146
2023,1,2213,成都锦城学院,Code Guardians,1,148
2023,1,2214,山东石油化工学院,啊对对队,1,150
2023,1,2215,西藏民族大学,你看着来,1,152
2023,1,2216,河南中医药大学,你说的都队,1,154
2023,1,2217,河北师范大学,SNZ队,1,158
2023,1,2218,肇庆学院,北岭山中听雨,1,159
2023,1,2219,湖南工程学院,人工智能2201队,1,164
2023,1,2219,西南大学,三只奋斗鼠,1,164
2023,1,2221,西南财经大学,三个臭皮匠,1,165
2023,1,2222,吉林建筑大学,e搞之家,1,166
2023,1,2222,贵州民族大学,偕行,1,166
2023,1,2224,安阳师范学院,随缘,1,167
2023,1,2225,湖南理工学院,繁星,1,168
2023,1,2226,山东管理学院,以上队伍成绩无效队,1,171
2023,1,2227,绍兴文理学院元培学院,ypNumberT1,1,176
2023,1,2228,武昌首义学院,个人练习生,1,177
2023,1,2229,南昌理工学院,养老复健队,1,180
2023,1,2230,济南大学,蒟蒻想做队,1,184
2023,1,2230,浙江广厦建设职业技术大学,team_broken,1,184
2023,1,2232,内蒙古师范大学,发际线和我作队,1,185
2023,1,2232,上饶师范学院,晚安,1,185
2023,1,2232,武昌首义学院,打铁四队,1,185
2023,1,2235,齐鲁师范学院,过预选就开香槟,1,191
2023,1,2236,江苏理工学院,求求给个名额吧(JSUT-6),1,196
2023,1,2237,莆田学院,CCPC启动,1,198
2023,1,2238,哈尔滨理工大学,哈理工2023ICPC16队,1,206
2023,1,2239,内蒙古师范大学,吃好睡好,1,207
2023,1,2240,哈尔滨理工大学,哈理工2023ICPC3队,1,211
2023,1,2241,四川信息职业技术学院,雷霆三队,1,212
2023,1,2242,浙江传媒学院,21318,1,214
2023,1,2242,江西中医药大学,一股东风,1,214
2023,1,2244,烟台南山学院,SouthM,1,215
2023,1,2245,泰州学院,车厘子,1,216
2023,1,2246,长沙师范学院,fatezeros队,1,218
2023,1,2247,沈阳农业大学,从零开始,1,221
2023,1,2247,西安科技大学,。。。,1,221
2023,1,2249,河南科技大学,爆米花,1,230
2023,1,2250,河南工程学院,南苑八队,1,234
2023,1,2251,宜春学院,小白,1,235
2023,1,2252,广东技术师范大学,No_WA_But_Wangan,1,236
2023,1,2253,河北师范大学,嘻嘻,1,239
2023,1,2254,浙江工业大学之江学院,汪汪队蹲大牢,1,240
2023,1,2255,吉林建筑大学,三只小熊,1,242
2023,1,2256,重庆人文科技学院,算法小分队,1,245
2023,1,2257,北京大学,可能性之中,1,246
2023,1,2258,吉林建筑大学,凌云,1,248
2023,1,2259,四川信息职业技术学院,雷霆1队,1,250
2023,1,2259,南京工程学院,"NJIT_6队_犯吾疆土者,必击而破之",1,250
2023,1,2261,北京师范大学-香港浸会大学联合国际学院,试图起名,1,251
2023,1,2262,内蒙古师范大学,LLS,1,273
2023,1,2263,北华大学,我们有一个好名字,1,278
2023,1,2264,河北师范大学,百事可口队,1,280
2023,1,2265,山东女子学院,跑路咯,1,292
2023,1,2266,南昌航空大学科技学院,101启动,1,294
2023,1,2267,哈尔滨工业大学(深圳),护眼冬声,1,296
2023,1,2267,河北师范大学,"两场都报,一题不到",1,296
2023,1,2269,广州软件学院,太平镇妙妙屋,1,305
2023,1,2270,河北工程技术学院,阿对对队,1,312
2023,1,2271,中国海洋大学,Hello weekend,1,321
2023,1,2272,江西科技学院,几只菜狗,1,323
2023,1,2273,贵州民族大学,星云,1,329
2023,1,2274,南京师范大学,数模果酱一队,1,343
2023,1,2275,西华师范大学,PO1135809,1,344
2023,1,2276,延安大学西安创新学院,只要心够决,1,346
2023,1,2277,河北师范大学,师大之光,1,351
2023,1,2278,内蒙古师范大学,三个臭皮匠顶个诸葛亮,1,354
2023,1,2279,泰州学院,不倒翁,1,355
2023,1,2280,中央财经大学,cufe冲冲冲,1,365
2023,1,2280,仲恺农业工程学院,我不会cpp,1,365
2023,1,2282,四川信息职业技术学院,雷霆4队,1,384
2023,1,2283,上海海洋大学,第7号队伍,1,389
2023,1,2284,南昌理工学院,斐济悲,1,414
2023,1,2285,江汉大学,未名山小分队,1,416
2023,1,2286,成都大学,junxun_free_oye,1,418
2023,1,2287,西藏民族大学,123,1,438
2023,1,2288,哈尔滨信息工程学院,不知道啥对,1,462
2023,1,2289,内蒙古师范大学,Humbly accept the team,1,479
2023,1,2290,内蒙古师范大学,德克志,1,511
2023,1,2291,哈尔滨华德学院,一个小队,1,544
2023,1,2292,南京邮电大学通达学院,少年先疯队,1,548
2023,1,2293,山东中医药大学,山中医水队,1,557
2023,1,2294,贵州民族大学,三嘤战吕布,1,562
2023,1,2295,内蒙古师范大学,火箭飞升队,1,741
2023,1,2296,河北经贸大学,还海洋一片蓝色,1,935
2023,1,,延安大学西安创新学院,随便,0,0
2023,1,,四川信息职业技术学院,雷霆5队,0,0
2023,1,,吉林建筑大学,面向error的编程糕手,0,0
2023,1,,贵州工程应用技术学院,DWX,0,0
2023,1,,河南中医药大学,第九队,0,0
2023,1,,南京晓庄学院,在垃圾桶里寻找一席之地,0,0
2023,1,,绍兴文理学院元培学院,看不见我,0,0
2023,1,,齐齐哈尔大学,霸体螺旋丸组合技,0,0
2023,1,,河南中医药大学,Vegetable Reality队,0,0
2023,1,,山东科技大学泰安校区,小鸡不好惹,0,0
2023,1,,浙江工商大学杭州商学院,炮灰大队,0,0
2023,1,,江西科技学院,大口喝冰可乐,0,0
2023,1,,内蒙古师范大学,就爱玩原神队,0,0
2023,1,,浙江工商大学杭州商学院,睿智,0,0
2023,1,,河南中医药大学,AC探索者真的栓Q队,0,0
2023,1,,哈尔滨信息工程学院,梦之澜,0,0
2023,1,,河北民族师范学院,尊嘟队,0,0
2023,1,,国际关系学院,功不唐捐,0,0
2023,1,,四川信息职业技术学院,雷霆2队,0,0
2023,1,,内蒙古师范大学,奋斗组,0,0
2023,1,,延安大学西安创新学院,crtl + F9,0,0
2023,1,,温州大学,yz,0,0
2023,1,,内蒙古师范大学,原神职业一队,0,0
2023,1,,重庆人文科技学院,娃哈哈,0,0
2023,1,,泰州学院,Ryzen,0,0
2023,1,,上海财经大学浙江学院,Hello ICPC,0,0
2023,1,,黑龙江工程学院,超级侦探跳跳虎维尼熊水军,0,0
2023,1,,延安大学西安创新学院,A+B,0,0
2023,1,,莆田学院,代码敲不队,0,0
2023,1,,内蒙古师范大学,混分儿队,0,0
2023,1,,泰州学院,塔罗队,0,0
2023,1,,内蒙古师范大学,努力队,0,0
2023,1,,济宁医学院,begin,0,0
2023,1,,吉林建筑大学,"icpc,启动!",0,0
2023,1,,哈尔滨理工大学,哈理工2023ICPC17队,0,0
2023,1,,东莞理工学院,you are right,0,0
2023,1,,上海财经大学浙江学院,成自然成,0,0
2023,1,,吉林建筑大学,浑水摸鱼,0,0
2023,2,1,北京大学,呆呆鸟,11,1630
2023,2,2,北京大学,大黄鸭信徒,10,1341
2023,2,3,北京大学,退学申请的退字怎么写,9,870
2023,2,4,四川大学,难题肉搏小队,9,904
2023,2,5,浙江大学,虚空之梦,9,909
2023,2,6,浙江大学,nameless story,9,927
2023,2,7,清华大学,有手有脚,9,1122
2023,2,8,北京大学,思路打开,9,1123
2023,2,9,北京大学,"兄弟们,有队名吗",9,1165
2023,2,10,浙江大学,Plenty of Penalty,9,1172
2023,2,11,北京航空航天大学,口嗨战神,9,1185
2023,2,12,上海交通大学,Nemesis,9,1289
2023,2,13,上海交通大学,银色子弹,9,1304
2023,2,14,浙江大学,魔法使之夜 ~ Magus Night,9,1316
2023,2,15,北京大学,暂时不能给你明确的队名!,9,1350
2023,2,16,中山大学,中山大学_S = Q∧Q52,9,1481
2023,2,17,北京大学,undefined,9,1663
2023,2,18,清华大学,JSOI 摸鱼队,8,612
2023,2,19,国防科技大学,自然选择号,8,618
2023,2,20,北京大学,人偶妹妹,8,659
2023,2,21,清华大学,顶针的约克5,8,700
2023,2,22,北京交通大学,羊羊羊,8,726
2023,2,23,杭州电子科技大学,HDU-T00,8,742
2023,2,24,浙江大学,咕五分钟,8,744
2023,2,25,华中科技大学,鲤鱼配瑜伽,8,758
2023,2,26,中国科学技术大学,cls,8,773
2023,2,27,复旦大学,有密码,8,788
2023,2,28,南京大学,Unreal Eventide,8,803
2023,2,29,北京大学,暂时不能给你明确的队名,8,810
2023,2,30,北京大学,我有鱼鱼症,8,820
2023,2,31,香港中文大学(深圳),CUHK-SZ: (TBD),8,872
2023,2,32,杭州电子科技大学,HDU-T15,8,893
2023,2,33,清华大学,时来运转观光团,8,903
2023,2,34,浙江大学,Rd_rainydays,8,911
2023,2,35,苏州大学,Blowback,8,915
2023,2,36,浙江大学,Boulevard Dust,8,938
2023,2,37,南方科技大学,南方科技大学-坦佩雷,8,950
2023,2,38,清华大学,QDEZ214驻清办,8,960
2023,2,39,中国科学技术大学,USTC摸鱼队,8,983
2023,2,40,清华大学,xpp在线征婚,8,985
2023,2,41,北京大学,不是 很菜,8,1002
2023,2,42,清华大学,《我是大赢家》,8,1009
2023,2,43,北京大学,自己衡量,8,1012
2023,2,44,山东大学,大黑狗奶糖,8,1014
2023,2,44,苏州大学,金闪闪,8,1014
2023,2,46,南京信息工程大学,牧濑红莉栖,8,1018
2023,2,47,中国科学技术大学,Firezox,8,1043
2023,2,48,清华大学,这个题目做不来,8,1044
2023,2,49,东北大学,NEU_Vulpecula,8,1062
2023,2,50,北京大学,原神,8,1069
2023,2,51,浙江大学,Team name,8,1078
2023,2,52,上海交通大学,星尘幻想,8,1082
2023,2,53,中国科学技术大学,丝路市西套村代表队,8,1084
2023,2,54,清华大学,一鼠两赢,8,1138
2023,2,55,吉林大学,烈冕号,8,1146
2023,2,56,香港大学,"我不是密接,我是阳性",8,1235
2023,2,57,清华大学,一个人两棵树,8,1273
2023,2,58,北京航空航天大学,不可计算,8,1367
2023,2,59,香港中文大学,InQwertyPiWeTrust,8,1375
2023,2,60,中国科学技术大学,逢山鬼泣,8,1383
2023,2,61,北京邮电大学,三只蒟蒻,8,1402
2023,2,62,南方科技大学,南方科技大学-赫尔辛基,7,463
2023,2,63,上海交通大学,春日影,7,537
2023,2,64,清华大学,"前尘往事,莫再提起",7,549
2023,2,65,华中科技大学,住沁苑导致的,7,618
2023,2,66,北京理工大学,秋秋粉丝团,7,629
2023,2,67,深圳大学,twilight illusion,7,641
2023,2,68,上海大学,夜归人,7,643
2023,2,69,南京大学,平流层,7,685
2023,2,70,上海交通大学,黎明随想曲,7,686
2023,2,71,香港城市大学,桃花影落妙妙屋,7,690
2023,2,72,哈尔滨工业大学,北风与秋水,7,692
2023,2,73,浙江大学,whsyhyyh,7,700
2023,2,74,哈尔滨理工大学,哈理工2023ICPC2队,7,709
2023,2,75,浙江师范大学,ZJNU_7队,7,727
2023,2,76,北京大学,未闻队名,7,729
2023,2,77,浙江工商大学,希望代码一次敲队,7,741
2023,2,78,中南大学,千帆星河,7,752
2023,2,79,北京大学,咕咕咕,7,754
2023,2,80,哈尔滨工业大学,月间天路,7,756
2023,2,81,温州大学,温大一队,7,769
2023,2,82,东北大学,东北大学_次元魔女,7,786
2023,2,82,燕山大学,塔山之巅,7,786
2023,2,84,广东工业大学,绿豆沙,7,788
2023,2,85,华中科技大学,心平气和.jpg,7,792
2023,2,86,北京邮电大学,野鸡大队,7,804
2023,2,87,华中科技大学,波斯布偶折耳新加坡无毛猫,7,807
2023,2,88,哈尔滨工业大学,玩原神玩的,7,822
2023,2,89,华东师范大学,东方homo馆,7,823
2023,2,90,南京大学,优质解答:我不知道,7,826
2023,2,91,兰州大学,Sleepy,7,835
2023,2,91,南京大学,太平,7,835
2023,2,93,浙江大学,Stardust Reverie,7,854
2023,2,94,浙江师范大学,ZJNU_我真牛嘻嘻,7,857
2023,2,95,南京大学,南小鸟,7,858
2023,2,96,四川大学,"帮帮我,icpc先生!",7,866
2023,2,97,武汉大学,男大直播队,7,867
2023,2,97,北京大学,队名需要你自己衡量,7,867
2023,2,99,湖南理工学院,Triple Xor Sum,7,879
2023,2,100,杭州电子科技大学,HDU-T03,7,886
2023,2,101,北京大学,真湘!,7,889
2023,2,102,武汉理工大学,萨卡萨卡班班甲鱼鱼,7,891
2023,2,103,山东大学,cjb 粉丝团,7,898
2023,2,104,中南大学,普普三人组,7,904
2023,2,105,厦门大学,点分治分点,7,910
2023,2,106,哈尔滨工业大学,蓬莱人形,7,914
2023,2,107,福州大学,西南饺子馆,7,924
2023,2,108,北京大学,来旅游的,7,941
2023,2,109,湘潭大学,参宿猫,7,957
2023,2,110,电子科技大学,UESTC_Broforce,7,966
2023,2,111,北京邮电大学,六目相对,7,970
2023,2,112,上海交通大学,涡状银河,7,972
2023,2,113,清华大学,HSYOI复兴对策委员会,7,991
2023,2,114,南方科技大学,南方科技大学-万塔,7,1002
2023,2,115,同济大学,本来挺喜欢ACM的,7,1011
2023,2,116,湖南大学,传说之下,7,1029
2023,2,117,北京大学,日拱一卒,7,1035
2023,2,118,南方科技大学,南方科技大学-雅各布斯塔德,7,1036
2023,2,119,杭州电子科技大学,HDU-T01,7,1038
2023,2,120,上海交通大学,Growing!,7,1052
2023,2,121,北京邮电大学,来了去了,7,1061
2023,2,122,北京大学,O神启动,7,1082
2023,2,123,中国人民大学,嘉然今天创什么,7,1104
2023,2,124,北京航空航天大学,这是一场豪赌,7,1123
2023,2,125,西安交通大学,唐人,7,1127
2023,2,126,武汉大学,蓝蓝橙小队,7,1131
2023,2,127,浙江大学,Vengeful Spirit,7,1144
2023,2,128,浙江工业大学,爱喝牛奶的猫猫酱,7,1148
2023,2,129,北京大学,东起深渊,7,1165
2023,2,130,清华大学,嗷呜呜,7,1196
2023,2,131,中南大学,美滋滋,7,1206
2023,2,132,昆山杜克大学,绿恶魔,7,1208
2023,2,133,电子科技大学,UESTC_十夏花火,7,1276
2023,2,134,哈尔滨工业大学,烨叶知秋,7,1293
2023,2,135,北京理工大学,阿夸滑滑蛋喝冰红茶,7,1386
2023,2,136,西北工业大学,Favour,6,362
2023,2,137,南京航空航天大学,队长十年单身换区域赛金牌,6,395
2023,2,138,中山大学,中山大学_天选打工人,6,414
2023,2,139,西南交通大学,站着挣钱,6,424
2023,2,140,北京林业大学,Misaka·Kiana·Tankuku,6,444
2023,2,141,北京理工大学,ddl战神,6,454
2023,2,142,南京理工大学,平和猫猫头,6,462
2023,2,143,杭州电子科技大学信息工程学院,奶炙烤三文鱼,6,471
2023,2,144,天津大学,人菜码多,6,474
2023,2,144,华南理工大学,打xcpc不喊我,6,474
2023,2,146,华中师范大学,落叶飘零,6,476
2023,2,147,北京化工大学,百花蔚蓝档案沙勒支教分部,6,480
2023,2,148,山东大学,世伊鸾涧渊,6,482
2023,2,149,大连理工大学,dlut07,6,501
2023,2,150,杭州电子科技大学,HDU-T06,6,502
2023,2,151,浙江工业大学,ZJUT5,6,507
2023,2,152,浙大城市学院,星辰雨,6,508
2023,2,153,哈尔滨工业大学(深圳),浅水小怪,6,511
2023,2,154,哈尔滨工业大学,都是方舟惹的祸,6,514
2023,2,154,杭州电子科技大学,HDU-T10,6,514
2023,2,156,湖南师范大学,栀晓,6,522
2023,2,157,中国科学院大学,果壳挂科王,6,532
2023,2,157,山东大学,追光者,6,532
2023,2,159,中山大学,中山大学_N/A,6,533
2023,2,160,哈尔滨工业大学(深圳),骗分大队,6,538
2023,2,161,南京大学,First Come I,6,552
2023,2,162,东北大学,东北大学_环形枯竭,6,558
2023,2,163,四川大学,树上莫队,6,559
2023,2,164,中国地质大学(北京),举杯邀明月,6,562
2023,2,165,南京大学,三吴克,6,568
2023,2,166,华侨大学,HQU-RisingSun,6,570
2023,2,167,复旦大学,你先别急让我调DP,6,572
2023,2,167,华中科技大学,AAHPH,6,572
2023,2,169,华东师范大学,Harryphone,6,574
2023,2,170,杭州电子科技大学,HDU-T12,6,576
2023,2,171,浙江农林大学,这个彬彬交题超勇的,6,578
2023,2,172,天津大学,原神、道和篮球,6,580
2023,2,172,西南石油大学,不懂就问西柚是不是都是柚子厨啊,6,580
2023,2,174,成都信息工程大学,指引明路的苍蓝星,6,588
2023,2,175,电子科技大学,UESTC_HellBurnsGreen,6,589
2023,2,176,同济大学,黄渡理工的newbie,6,591
2023,2,177,北京航空航天大学,"大吉大利,今晚吃 mian()",6,600
2023,2,178,中山大学,中山大学_破晓之旅,6,604
2023,2,179,湖南师范大学,HEX,6,606
2023,2,180,山东大学(威海),稳一手,6,608
2023,2,181,南方科技大学,南方科技大学-埃斯波,6,612
2023,2,182,南京理工大学,猫猫头没有头,6,616
2023,2,183,西安交通大学,Wqy竟不从之,6,626
2023,2,184,东华大学,=不可视境界线=,6,632
2023,2,185,南京大学,不知道什么队,6,633
2023,2,185,华中科技大学,队里有人变量名打错导致的,6,633
2023,2,187,北京师范大学,过一道就好,6,634
2023,2,188,吉林大学,Nan上加Nan,6,636
2023,2,188,南京理工大学,赤豹纹狸,6,636
2023,2,190,电子科技大学,UESTC_404,6,638
2023,2,191,重庆邮电大学,前面的题目以后再来探索吧,6,639
2023,2,192,中国科学技术大学,至少看起来像个女队,6,640
2023,2,193,北京建筑大学,不学建筑的我戴上了北大的面具,6,641
2023,2,194,上海理工大学,七遇绮迹 未来会来,6,645
2023,2,195,复旦大学,提莫觉得你说的对,6,646
2023,2,196,杭州师范大学,五月的猫猫,6,650
2023,2,197,中山大学,中山大学_破空之势,6,653
2023,2,198,武汉理工大学,*幻想乡旅行团,6,657
2023,2,199,北京航空航天大学,acforces,6,661
2023,2,200,深圳大学,SZU_Kevin,6,668
2023,2,201,华中科技大学,不管打不打实习都要旅游,6,669
2023,2,202,华中科技大学,原神怎么你了,6,675
2023,2,203,哈尔滨工程大学,我推的在原七海在赛场上尝试了0721次提交后终于把签到题过了,6,677
2023,2,204,上海大学,鼠shu队,6,682
2023,2,205,北京化工大学,GLHF,6,683
2023,2,206,上海理工大学,安云染街 客语佳辰,6,688
2023,2,206,西安交通大学,"写都写了,交一发吧",6,688
2023,2,208,杭州电子科技大学,HDU-T02,6,691
2023,2,209,华东师范大学,与夏之72,6,701
2023,2,210,中国科学院大学,双人成行,6,707
2023,2,210,西南交通大学,重生之我是臭SB,6,707
2023,2,210,同济大学,可燃冰,6,707
2023,2,213,华南理工大学,取乎其上,6,711
2023,2,214,南京邮电大学,njupt23team01,6,712
2023,2,215,吉林大学,柴郡猫猫QuQ,6,714
2023,2,216,山东大学,应用随机过程,6,722
2023,2,217,浙江大学,S Explosion,6,728
2023,2,217,哈尔滨理工大学,哈理工2023ICPC5队,6,728
2023,2,217,浙江农林大学暨阳学院,蟒蛇仙草咖啡馆,6,728
2023,2,220,浙江理工大学,附魔金苹果,6,736
2023,2,221,武汉大学,闪耀!优俊少女,6,739
2023,2,221,吉林大学,rand,6,739
2023,2,223,国防科技大学,青铜时代号,6,741
2023,2,224,浙大城市学院,来三杯拿铁,6,742
2023,2,225,东华大学,抓马西瓜,6,747
2023,2,226,复旦大学,黑莲,6,755
2023,2,227,浙江工商大学,七月三,6,767
2023,2,228,浙江师范大学,"分秒易逝,V我5时",6,770
2023,2,229,大连理工大学,二保一,6,771
2023,2,230,武汉大学,万猿生万德,6,773
2023,2,231,广西大学,知耻而后勇,6,780
2023,2,232,北京交通大学,蓝色线段树,6,781
2023,2,232,南京大学,林间雨月,6,781
2023,2,234,天津大学,为什么要演奏春日影,6,783
2023,2,235,东北电力大学,"No, Thank You!",6,784
2023,2,236,华中科技大学,Welcome Burning Zero,6,787
2023,2,237,苏州大学,青春猪头学弟不会梦到AK自动机学长,6,791
2023,2,238,四川大学,晚十208,6,797
2023,2,239,西安交通大学,差点报成去年网络赛,6,803
2023,2,240,香港中文大学,陪跑副隊夠打,6,808
2023,2,241,北京大学,攻城狮手替队,6,814
2023,2,242,东北大学,cancanneed,6,815
2023,2,243,山东大学(威海),哪都通,6,818
2023,2,244,南开大学,只用spfa队,6,825
2023,2,245,浙江师范大学,三幻神,6,827
2023,2,246,台州学院,别急,6,828
2023,2,246,鲁东大学,星星之火 - 登云,6,828
2023,2,248,同济大学,登神长阶,6,829
2023,2,249,齐鲁工业大学,偏远放逐者,6,834
2023,2,250,浙江工业大学,ZJUT 6,6,836
2023,2,251,东华大学,陈晓剑舞,6,839
2023,2,252,大连理工大学,一带三,6,841
2023,2,252,浙江农林大学,浙农专旅行者,6,841
2023,2,254,广西大学,"这一发,贯穿星辰",6,843
2023,2,255,深圳大学,SZU_HuiFei,6,847
2023,2,256,香港中文大学(深圳),dimension^3,6,850
2023,2,257,武汉大学,你这个 rating 怎么睡得着的,6,852
2023,2,258,上海财经大学,iDLEM@STER O149,6,857
2023,2,259,北京交通大学,杰哥还有吗,6,861
2023,2,259,吉林大学,adrnin,6,861
2023,2,261,浙江理工大学,飞飞,6,862
2023,2,262,台州学院,沧浪之水--为梦而战,6,868
2023,2,263,东北大学秦皇岛分校,小饼卷大葱,6,869
2023,2,264,华中科技大学,你是我的我是你的谁,6,870
2023,2,264,杭州电子科技大学,HDU-T07,6,870
2023,2,266,同济大学,拍脑袋,6,872
2023,2,267,中山大学,SYSU_testWA,6,873
2023,2,268,山东大学,玩原神玩的,6,876
2023,2,269,浙江工业大学,无翼鸾冕,6,877
2023,2,270,杭州电子科技大学,HDU-T08,6,879
2023,2,271,合肥学院,三核低效率解题机,6,882
2023,2,272,东华大学,"巅峰见证虚伪的拥护,黄昏见证虔诚的信徒",6,883
2023,2,273,重庆大学,"拒绝精神内耗,WA了直接发疯",6,885
2023,2,274,南京大学,乱敲键盘,6,893
2023,2,275,北京邮电大学,啊对对队,6,894
2023,2,275,四川大学,纹化输出自动鸡,6,894
2023,2,277,天津仁爱学院,Dream Joker,6,903
2023,2,278,杭州电子科技大学,HDU-T11,6,904
2023,2,279,中南大学,Only by precipitation can we meet at the peak,6,906
2023,2,280,广东工业大学,GDUT_遇到问题先喝茶,6,912
2023,2,281,西安交通大学,西电二队,6,918
2023,2,282,江西师范大学,Watch A-SOUL and become Au,6,922
2023,2,283,南京信息工程大学,跟不上榜,6,927
2023,2,283,北京理工大学,咖波脆,6,927
2023,2,283,上海大学,只要微笑就好了,6,927
2023,2,286,复旦大学,秒速1E9,6,929
2023,2,287,北京大学,魔法少女圆神,6,931
2023,2,288,南京大学,水仙花队,6,946
2023,2,288,天津大学,愤怒的小鸟,6,946
2023,2,290,电子科技大学,UESTC_xxx,6,947
2023,2,290,杭州电子科技大学,HDU-T16,6,947
2023,2,292,福州大学,咸蛋炒茄子,6,950
2023,2,293,东北大学秦皇岛分校,可导必可积,6,955
2023,2,294,复旦大学,AC at second glance,6,957
2023,2,295,北京邮电大学,再做一道就开摆,6,960
2023,2,296,西安电子科技大学,红枣树,6,962
2023,2,297,苏州大学,韩氏空指针上可持久化雨自动机,6,963
2023,2,298,哈尔滨理工大学,哈理工2023ICPC12队,6,964
2023,2,299,南京理工大学,血怒猫猫虫,6,967
2023,2,300,杭州电子科技大学,HDU-T09,6,971
2023,2,301,电子科技大学,UESTC_Reverse,6,972
2023,2,302,北京航空航天大学,会挽雕弓如满月,6,983
2023,2,302,华南理工大学,鴏麚讏纔驆,6,983
2023,2,304,南京大学,三人两地一起打铁,6,986
2023,2,305,南京师范大学,擅长AC的高木同学,6,1008
2023,2,306,南华大学,昨天刚学cpp,6,1012
2023,2,307,华南理工大学,我有异或症,6,1014
2023,2,308,南通大学,集思广益一波,6,1021
2023,2,309,新疆大学,Yep,6,1022
2023,2,310,上海大学,涛神时代,6,1023
2023,2,311,北京理工大学,仲夏夜之银牌,6,1025
2023,2,312,广东工业大学,三地鼠,6,1031
2023,2,313,电子科技大学,UESTC_也想不出队名,6,1038
2023,2,314,西安电子科技大学,队名是啥,6,1047
2023,2,315,同济大学,长日将尽,6,1054
2023,2,316,上海大学,日薪越亿,6,1063
2023,2,317,中国科学技术大学,404 Not Found,6,1066
2023,2,318,安徽大学,三条可怜(夏季限定),6,1069
2023,2,319,福州大学,开完一题吃饭,6,1072
2023,2,320,湖南文理学院,重生之我在理塘玩原神,6,1079
2023,2,321,华南理工大学,答应我不要用endl好吗,6,1089
2023,2,322,河南农业大学,0.o,6,1103
2023,2,323,北京师范大学,异或小姐的狗,6,1118
2023,2,324,鲁东大学,星星之火 - 银狼,6,1286
2023,2,325,武汉大学,放学后茶会,5,216
2023,2,326,华东师范大学,英文队名逆序队,5,226
2023,2,327,杭州电子科技大学,HDU-T04,5,230
2023,2,328,东南大学,嘟噜噜,5,254
2023,2,329,河南工业大学,Decretum,5,261
2023,2,330,深圳大学,星が降るユメ,5,282
2023,2,331,福建师范大学,夜幕降临,5,295
2023,2,332,中国地质大学(北京),二次元给俺滚,5,301
2023,2,333,西南交通大学,山河1队,5,304
2023,2,334,福州大学,八年老兵,5,306
2023,2,335,华南农业大学,怎么越睡越困,5,309
2023,2,336,上海科技大学,"好好好,对对队",5,320
2023,2,337,兰州大学,粉碎煎饼 Pulverizing Pancake,5,325
2023,2,338,南方科技大学,南方科技大学-罗瓦涅米,5,334
2023,2,339,华南理工大学,某不科学的AC,5,348
2023,2,340,北京邮电大学,你说的队,5,353
2023,2,341,浙江师范大学,ZJNU_CodeGPT,5,360
2023,2,342,哈尔滨工程大学,有人说亡藜伴白首不如物流部报数那为什么不叫王老板爆杀,5,365
2023,2,343,江西师范大学,卡奇卡,5,368
2023,2,344,华南农业大学,notpasscet_6,5,376
2023,2,345,西南科技大学,Lumos Maxima,5,380
2023,2,346,西安交通大学,天狼星的心脏,5,384
2023,2,346,武汉大学,褪色记忆,5,384
2023,2,348,安徽工业大学,积极向上到处睡觉,5,391
2023,2,349,河海大学,我的ACM铁牌物语果然有问题,5,392
2023,2,349,南开大学,幻视之夜,5,392
2023,2,349,中山大学,中山大学_退休观光老年团,5,392
2023,2,352,四川大学,这也能队,5,397
2023,2,353,浙大城市学院,业余码手,5,402
2023,2,354,华南理工大学,深蓝之树,5,403
2023,2,354,东北大学,东北大学_礻亻牜,5,403
2023,2,356,绍兴文理学院元培学院,艾欧尼亚专业团伙,5,407
2023,2,357,东北大学,NEU_WAer,5,408
2023,2,357,武汉大学,锐刻武带,5,408
2023,2,359,北京邮电大学,你们队得过什么奖,5,409
2023,2,360,北京工业大学,Sis puella magica!,5,413
2023,2,360,东北大学秦皇岛分校,名字取好了吗,5,413
2023,2,362,长沙理工大学,什么什么队,5,414
2023,2,363,北京交通大学,交一发先,5,416
2023,2,364,杭州电子科技大学,HDU-T05,5,417
2023,2,365,重庆邮电大学,我们仍未知道那天AC的原因,5,420
2023,2,366,西南科技大学,Clutch,5,422
2023,2,367,河海大学,Akers,5,423
2023,2,368,北京交通大学,BJTU01,5,424
2023,2,369,华南理工大学,bb84,5,425
2023,2,370,华中师范大学,借点金充星穹铁道,5,429
2023,2,370,合肥工业大学,过了样例就算队,5,429
2023,2,372,长沙理工大学,干饭第一名,5,441
2023,2,373,武汉科技大学,紧抱蛙蛙在线AC,5,442
2023,2,373,中国地质大学(北京),唐氏儿童不会dp,5,442
2023,2,375,南京工业大学,三相之力,5,445
2023,2,375,东北大学,"东北大学_依言定真,鉴定为:原来,你也万援伸",5,445
2023,2,377,上海大学,啊?,5,449
2023,2,378,云南大学,[B站]ACM还我offer,5,451
2023,2,378,哈尔滨工程大学,奇怪队名gkd,5,451
2023,2,380,杭州师范大学,三玖的狗狗,5,453
2023,2,381,北京邮电大学,默认用户名,5,454
2023,2,381,浙江师范大学,我要漂亮姐姐教我写代码,5,454
2023,2,383,西安电子科技大学,什么也不会也能参加ACM吗?,5,455
2023,2,383,南京邮电大学,njupt23team02,5,455
2023,2,383,福州大学,我jio得还可以,5,455
2023,2,386,衡阳师范学院,无留意,5,456
2023,2,387,山东理工大学,离开实验室请记得关电、锁门、关窗,5,457
2023,2,387,武汉理工大学,Infinite Fancy,5,457
2023,2,389,香港中文大学,(Cr2O7)2-,5,459
2023,2,390,北京航空航天大学,天一猫猫真可爱,5,460
2023,2,391,浙江师范大学,霸气酷酷伦,5,461
2023,2,392,杭州师范大学,先wrong一发试试水,5,462
2023,2,393,华南师范大学,虾虎遨游直至AC,5,463
2023,2,394,广州大学,海底食碗米,5,465
2023,2,395,中北大学,队友算法挂了还能打XCPC吗,5,468
2023,2,395,南京林业大学,reji3tr,5,468
2023,2,395,浙江工业大学,ZJUT14,5,468
2023,2,398,温州大学,温大二队,5,469
2023,2,399,电子科技大学,UESTC_DebugSimulator,5,470
2023,2,400,西安电子科技大学,紫罗兰,5,471
2023,2,401,华中科技大学,打铁打的,5,472
2023,2,402,广西大学,NoName,5,478
2023,2,403,大连理工大学,"关注带工喵,关注带工谢谢喵~(≧^.^≦)",5,480
2023,2,403,浙江万里学院,打acm了吗?如打!,5,480
2023,2,405,周口师范学院,神里绫华,5,482
2023,2,405,湘潭大学,洋灰三角,5,482
2023,2,407,中国计量大学,我不想加入Ranking俯冲,5,487
2023,2,407,北京科技大学,I'm done,5,487
2023,2,409,武汉理工大学,"!动启,神原",5,488
2023,2,410,广东工业大学,114514,5,490
2023,2,411,西南科技大学,生如夏花,5,491
2023,2,412,四川大学,麦香鱼,5,494
2023,2,413,武汉理工大学,牧马人,5,496
2023,2,414,东北农业大学,红颜近晚霞,5,497
2023,2,415,湖南科技大学,压力给到全队,5,498
2023,2,416,复旦大学,立直提交一发过,5,500
2023,2,417,天津大学,Inte,5,502
2023,2,417,东北农业大学,感觉不如硕子,5,502
2023,2,419,西南科技大学,劲脆铁牌堡,5,504
2023,2,420,西安电子科技大学,神里流AC,5,508
2023,2,420,北京化工大学,"异世相遇,尽享美wa",5,508
2023,2,420,天津理工大学,异格羊根本没在池子里,5,508
2023,2,420,杭州师范大学,Mind the Gap,5,508
2023,2,424,哈尔滨工程大学,三只也熊,5,509
2023,2,425,青岛理工大学,一执而已,5,511
2023,2,426,哈尔滨工程大学,EightfoldTohoThree,5,513
2023,2,426,江南大学,远坂凛粉丝队,5,513
2023,2,426,湘潭大学,提瓦特一日游,5,513
2023,2,429,浙江工业大学,才思枯竭,5,515
2023,2,430,长沙理工大学,提瓦特之旅,5,517
2023,2,431,浙江师范大学,羊村王中王,5,522
2023,2,432,浙大宁波理工学院,辣锅队,5,524
2023,2,433,南昌航空大学,debug都队2.0,5,525
2023,2,434,北京理工大学珠海学院,星火燎原,5,526
2023,2,435,中国科学技术大学,樱吹雪,5,527
2023,2,435,合肥工业大学宣城校区,吃饱饱,5,527
2023,2,437,辽宁大学,云里雾里 Head in the Clouds,5,528
2023,2,437,南京邮电大学,njupt23team08,5,528
2023,2,437,西安电子科技大学,超额剩余价值,5,528
2023,2,440,南开大学,老年人,5,529
2023,2,441,南京大学,菜茎合作社,5,530
2023,2,441,西安电子科技大学,三分之二去零点,5,530
2023,2,443,成都理工大学,三个灰名,5,531
2023,2,444,嘉应学院,Dogs with god,5,532
2023,2,445,长沙学院,最后一舞,5,533
2023,2,445,浙江财经大学,寒星孤月,5,533
2023,2,447,浙江万里学院,无所谓,5,534
2023,2,448,哈尔滨工业大学,假嘟尊嘟,5,535
2023,2,449,浙江工业大学,zjut4,5,536
2023,2,450,东南大学,你也不想别人知道你在打ACM吧,5,538
2023,2,450,齐齐哈尔大学,欢迎报考齐齐哈尔大学,5,538
2023,2,450,莆田学院,取名困难症,5,538
2023,2,453,北京交通大学,届不到的PY,5,539
2023,2,453,上海海洋大学,想想布鲁特福斯怎么做,5,539
2023,2,453,山东大学,芝士队名,5,539
2023,2,456,山东师范大学,二原组,5,541
2023,2,457,西湖大学,westlAKe,5,543
2023,2,457,桂林电子科技大学,无名之辈,5,543
2023,2,459,浙江理工大学,老师说的队,5,545
2023,2,460,华北理工大学,最后一舞,5,547
2023,2,461,香港科技大学(广州),起洞,5,550
2023,2,461,中国海洋大学,No Answer of Wrong Answer,5,550
2023,2,461,安徽大学,众梦之聚,5,550
2023,2,464,兰州大学,我真不会取名啊,5,552
2023,2,464,华南农业大学,吃饱就睡,5,552
2023,2,466,华南理工大学,1mparter,5,555
2023,2,467,南京邮电大学,njupt23team03,5,557
2023,2,468,青岛科技大学,斯卡布罗集市,5,559
2023,2,469,中国石油大学(华东),中石大2021,5,560
2023,2,470,武汉科技大学,RELX悦刻幻影PRO,5,561
2023,2,471,青岛大学,三个东营人,5,563
2023,2,472,哈尔滨工程大学,月色真美,5,564
2023,2,472,浙江万里学院,"原神,启动",5,564
2023,2,474,北京航空航天大学,对他使用打表吧,5,568
2023,2,474,中国计量大学,TB浪子,5,568
2023,2,476,中国计量大学,带恶人组织,5,570
2023,2,477,吉林大学,糖糖屋,5,571
2023,2,477,集美大学,"抱歉,这没有集美",5,571
2023,2,479,中山大学,中山大学_有好有坏有点呆,5,572
2023,2,480,韶关学院,我看队友打代码,5,574
2023,2,481,华南农业大学,SCAU_03,5,576
2023,2,482,湖南人文科技学院,湖南人文科技学院一队,5,579
2023,2,483,福州大学,AC不了就睡觉,5,580
2023,2,484,广东工业大学,漫游者,5,581
2023,2,485,西安电子科技大学,夜之向日葵,5,582
2023,2,486,浙大城市学院,last_dance,5,583
2023,2,487,广西师范大学,浩栋哥哥粉丝团,5,589
2023,2,488,中国科学技术大学,24科软点击就送,5,592
2023,2,488,浙大宁波理工学院,芜锁煨,5,592
2023,2,490,浙江工业大学,ZJUT13,5,595
2023,2,491,华南理工大学,FastFastTLE,5,597
2023,2,491,湖南农业大学,尊嘟假嘟o.0,5,597
2023,2,493,吉林大学,划船全靠浪,5,599
2023,2,493,武汉理工大学,大三学姐在线温柔,5,599
2023,2,495,广州大学,最后的波纹,5,601
2023,2,496,北京电子科技学院,爱丽丝不觉得电科院没有魔法,5,602
2023,2,497,吉首大学,打完这把就退役,5,603
2023,2,498,中山大学,中山大学_叉烧凤爪烧卖,5,605
2023,2,499,中南大学,Ciallo_World,5,606
2023,2,499,合肥学院,想要变成猫猫虫,5,606
2023,2,499,湖南文理学院,狂点技能树,5,606
2023,2,502,石河子大学,"立即推,放弃考研",5,607
2023,2,503,山东大学,v我50看看实力,5,608
2023,2,503,郑州大学,七天速成班,5,608
2023,2,505,武汉商学院,如来如过,5,609
2023,2,506,武汉科技大学,再取一年真经,5,613
2023,2,507,兰州大学,这里需要一个队名,5,616
2023,2,508,长沙理工大学,我真是雅怡居吗,5,617
2023,2,509,华南农业大学,记得开LL,5,618
2023,2,510,东北大学秦皇岛分校,未命名,5,619
2023,2,510,中国民航大学,Think-Create-Wa,5,619
2023,2,512,湖南科技大学,厵神高手,5,620
2023,2,513,同济大学,治伤魔法石,5,622
2023,2,513,河海大学,cl说计组真难,5,622
2023,2,515,山东大学,给大哥端茶倒水的小弟,5,624
2023,2,516,浙江科技学院,浙科零队,5,627
2023,2,516,西北大学,ldx,5,627
2023,2,518,南阳师范学院,随便吧,5,628
2023,2,519,中国科学技术大学,中科大少女班,5,629
2023,2,519,长沙理工大学,不努力就会变成女人的玩物,5,629
2023,2,519,北京师范大学,赛博猪头少年不会梦到兔女郎丁真,5,629
2023,2,522,浙江工业大学,ZJUT11,5,630
2023,2,522,青岛理工大学,陟遐自迩,5,630
2023,2,524,湖南科技大学,喵喵队要去奋斗,5,631
2023,2,524,武汉工程大学,深藏blue队,5,631
2023,2,526,吉首大学,我不想搬砖,5,632
2023,2,527,深圳大学,SZU_Nyaru,5,636
2023,2,528,山东理工大学,清纯白毛小萝莉,5,638
2023,2,528,广州大学,至暗时刻,5,638
2023,2,530,湖南理工学院,"72神,启动!",5,640
2023,2,531,山东理工大学,Wahhhh,5,643
2023,2,531,湖南师范大学,师大下等马,5,643
2023,2,533,华东师范大学,TLE&&WA自动机,5,645
2023,2,533,广州大学,虚虚得实,5,645
2023,2,535,同济大学,WA真的是你啊,5,646
2023,2,536,华南理工大学,伯兰特州U:燃烧的西红柿,5,647
2023,2,537,江西财经大学,从大学第一个AC开始!,5,648
2023,2,538,广东外语外贸大学,开局wa10次,5,649
2023,2,539,西南科技大学,可口可乐百事可乐可口可乐,5,650
2023,2,539,电子科技大学,UESTC_CTSEU,5,650
2023,2,541,苏州科技大学,一带二,5,651
2023,2,542,浙江财经大学,秃如其来,5,652
2023,2,543,华南理工大学,EssenceWFern,5,653
2023,2,544,大连大学,猫猫虫饼干,5,654
2023,2,545,南京航空航天大学,甘雨想打acm,5,657
2023,2,546,华东师范大学,歪瑞古德,5,658
2023,2,547,武汉工程大学,会有奇迹吗?2.0,5,659
2023,2,548,长沙理工大学,"无视罚时,继续爆0",5,660
2023,2,548,广东工业大学揭阳校区,ICPC网络赛我们队伍名取什么名字?,5,660
2023,2,550,电子科技大学,UESTC_Obsidian,5,661
2023,2,550,河北师范大学,黎明之光,5,661
2023,2,552,浙大宁波理工学院,800,5,662
2023,2,553,同济大学,计软合并对,5,666
2023,2,554,上海科技大学,新建文件夹,5,668
2023,2,555,东南大学,神奇海螺,5,671
2023,2,556,华东师范大学,ECNU_SEI6,5,672
2023,2,556,浙江工商大学,整个好的队伍名,5,672
2023,2,558,中国科学技术大学,杂鱼队,5,673
2023,2,559,东南大学,打ACM打的↑↓,5,674
2023,2,559,南京大学,荆棘黄昏,5,674
2023,2,559,电子科技大学,UESTC_如名,5,674
2023,2,562,吉林大学,三只凇鼠,5,682
2023,2,563,绍兴文理学院,破晓,5,684
2023,2,563,广州大学,原粥二象性,5,684
2023,2,565,华南理工大学,甘文崔,5,685
2023,2,566,中国石油大学(华东),中石大1953,5,686
2023,2,566,哈尔滨工程大学,圣马家沟修船工,5,686
2023,2,568,宁波大学,我们一起去提瓦特大冒险,5,687
2023,2,569,湘潭大学,偷妈头,5,688
2023,2,570,北京理工大学,锐刻六代,5,690
2023,2,570,河南理工大学,MoonHalo,5,690
2023,2,572,中南大学,勿忘花与勿忘我,5,692
2023,2,573,昆山杜克大学,重生之我是龙江,5,693
2023,2,573,福建师范大学,狠狠打铁,5,693
2023,2,573,浙江农林大学,夜的命名术,5,693
2023,2,576,中国地质大学(武汉),顺十字,5,694
2023,2,577,西北大学,摸鱼读假题写bug演队友,5,695
2023,2,578,南京邮电大学,njupt23team04,5,697
2023,2,579,西北农林科技大学,"说白了打算法竞赛的就是网瘾青年,早该电电了",5,698
2023,2,579,惠州学院,永远的难题,5,698
2023,2,581,西南民族大学,我觉得我是,5,699
2023,2,581,南京理工大学,猫猫头想吃鱼,5,699
2023,2,583,上海海事大学,未闻铁名,5,701
2023,2,584,华中师范大学,因你AC的题目,5,702
2023,2,585,华中师范大学,一笑AC,5,704
2023,2,586,宁波财经学院,下水管道疏通半小时上门,5,706
2023,2,587,中国人民大学,面向变形金刚编程,5,710
2023,2,588,华南师范大学,123456,5,715
2023,2,589,东北大学秦皇岛分校,提前下班,5,717
2023,2,589,大连理工大学,今天午饭吃了吗,5,717
2023,2,591,福建师范大学,给我也整几个,5,719
2023,2,592,福建农林大学,从银牌开始的谢莉大探险,5,720
2023,2,593,山东大学,摆烂队,5,724
2023,2,594,浙江师范大学,白洞、白色的明天在等着我们,5,727
2023,2,594,南阳理工学院,已经没有什么可以失去的了,5,727
2023,2,594,南京邮电大学,njupt23team24,5,727
2023,2,597,华中师范大学,迷路帖,5,728
2023,2,598,成都信息工程大学,Dirty Deeds Done Dirt Cheap,5,730
2023,2,599,湖南科技大学,能和你交流一下吗,5,731
2023,2,600,北京邮电大学,未命名-1,5,732
2023,2,601,吉林大学,笨鸟先飞,5,735
2023,2,602,南京大学,千里送代码,5,736
2023,2,603,中原工学院,Forerunner,5,739
2023,2,603,广东工业大学,喜欢睡觉,5,739
2023,2,605,中国人民大学,养老人员专属薏米茶,5,740
2023,2,606,河南理工大学,还真是,5,744
2023,2,607,东南大学,无敌暴零战士,5,747
2023,2,608,浙江理工大学,哇哇队,5,750
2023,2,609,曲阜师范大学,失踪的天鹅之考研怎么你了,5,751
2023,2,610,广东外语外贸大学,"我佛慈佑,保我AC",5,753
2023,2,611,深圳北理莫斯科大学,写三题挂三题,5,754
2023,2,612,福州大学,十六年老兵,5,756
2023,2,612,浙江财经大学,幻想家在幻想时间幻想ac,5,756
2023,2,612,湖南大学,王橙子要女装,5,756
2023,2,615,中国科学技术大学,伞兵营,5,759
2023,2,616,北京邮电大学,起床困难综合症,5,760
2023,2,617,澳门大学,Dinosaur_with_icyflame,5,761
2023,2,618,北京林业大学,北林附小一队,5,765
2023,2,619,江西理工大学,qfz,5,766
2023,2,620,中国矿业大学(北京),怎么会是呢,5,767
2023,2,620,山东大学,"原始人,起洞!",5,767
2023,2,622,长沙理工大学,提瓦特国立大学ACM1队,5,769
2023,2,623,浙大宁波理工学院,青梅绿茶,5,770
2023,2,624,山东师范大学,队长四级500分,5,775
2023,2,625,中北大学,NUC,5,783
2023,2,626,天津大学,保铁争铜,5,786
2023,2,627,浙江理工大学,邪恶泡泡与射线恶魔,5,793
2023,2,628,福州大学,室温超导,5,795
2023,2,629,福建师范大学,凉拌玛卡巴卡,5,796
2023,2,630,西南大学,AutoC++,5,800
2023,2,631,江西财经大学,彩虹海,5,801
2023,2,632,佛山科学技术学院,去年打铁一整年,5,805
2023,2,632,湖南城市学院,益阳丁真,5,805
2023,2,634,重庆邮电大学,3G+3G=6G,5,807
2023,2,635,杭州师范大学,这题A不A 交一发就知道了,5,813
2023,2,635,北京工业大学,wood cube,5,813
2023,2,637,华中农业大学,金银铜,5,822
2023,2,638,江西师范大学,Last,5,839
2023,2,639,哈尔滨商业大学,哈商大1队,5,843
2023,2,640,深圳大学,SZU_NicklausWirth,5,844
2023,2,640,长春理工大学,我绝不和煎蛋不放糖的家伙结婚!,5,844
2023,2,642,盐城工学院,北巷清风,5,847
2023,2,643,武汉大学,这高等学府又幽默了队,5,849
2023,2,644,郑州轻工业大学,失败的man,5,850
2023,2,645,黑龙江大学,为美好的世界献上AC,5,861
2023,2,646,宁波大学,ACtor,5,867
2023,2,647,浙大城市学院,广告位招租,5,871
2023,2,648,中山大学,中山大学_三轮车 SYSU_AKFarmers,5,874
2023,2,649,广州大学,奇迹于你,5,882
2023,2,650,南京邮电大学,njupt23team05,5,883
2023,2,651,上海大学,启云力,5,893
2023,2,652,东北大学,东北大学_1234566,5,894
2023,2,653,同济大学,蒟蒻队,5,895
2023,2,654,长春理工大学,一期一会,5,900
2023,2,655,上海科技大学,include,5,902
2023,2,656,昆山杜克大学,sekilong:river dies twice,5,906
2023,2,657,山东理工大学,丸子小章鱼,5,909
2023,2,657,乐山师范学院,先交一发再说,5,909
2023,2,659,四川大学,此访问越界,5,910
2023,2,660,南京航空航天大学,水冷头不撕膜,5,918
2023,2,661,西湖大学,不如LCW,5,922
2023,2,662,郑州大学,被抛弃的大专勇士,5,932
2023,2,663,深圳技术大学,SZTU_小呆猫猫,5,933
2023,2,664,宁波大学,三好生生,5,949
2023,2,664,湖南大学,Betelgeuse,5,949
2023,2,666,香港中文大学(深圳),稳中向好,5,952
2023,2,667,北京邮电大学,逆转结局,5,954
2023,2,668,武汉理工大学,武理十三队,5,1006
2023,2,669,中山大学,题目看不队,5,1011
2023,2,670,浙江师范大学,AAA金华蜜雪冰城代购,5,1037
2023,2,671,哈尔滨工业大学,三个不会起名的人,5,1041
2023,2,672,河南工业大学,尊嘟假嘟QAQ,5,1093
2023,2,673,河南大学,望星,5,1102
2023,2,674,山东大学(威海),抱紧队友的队友的队友的大腿,5,1190
2023,2,675,上海大学,夜航星,5,1234
2023,2,676,河南工业大学,WA常有而AC不常有,5,1280
2023,2,677,同济大学,昆图库塔卡提考特苏哇希腊送,4,135
2023,2,678,河南科技大学,菜的一批之终点站,4,198
2023,2,679,南开大学,对他使用dijkstra吧,4,209
2023,2,680,北方工业大学,梅明子队,4,213
2023,2,681,山东大学(威海),数科成分过量,4,214
2023,2,682,宁波大学,樱白之歌,4,233
2023,2,683,西安交通大学,一人一题,4,244
2023,2,683,华中科技大学,我推的ACMer,4,244
2023,2,685,福建理工大学,贼捏哦桑个囊mong菜,4,246
2023,2,686,电子科技大学,UESTC_TLE_AUTOmation,4,247
2023,2,687,北京大学,地狱前线,4,248
2023,2,688,西湖大学,SHT扛大旗,4,256
2023,2,689,桂林电子科技大学,Dreamboat,4,257
2023,2,690,华中师范大学,梅狸猫 ikun cat faded,4,263
2023,2,691,湘潭大学,Dream NTT,4,265
2023,2,692,厦门大学,word_胡桃_圣15_250昏,4,281
2023,2,693,华南师范大学,江南开摆野指针梭哈天江遨游海底直至AC,4,282
2023,2,694,福州大学,在ACM寻求暴力是否搞错了什么,4,287
2023,2,695,浙江师范大学,天上飞来一只猪,4,290
2023,2,696,上海科技大学,重生之我是通配符,4,291
2023,2,697,大连理工大学,对无名,4,293
2023,2,697,贵州大学,青春NovelAI不会梦到AlphaCode,4,293
2023,2,699,福建师范大学,杰尼龟快使用火箭头槌,4,294
2023,2,700,西北农林科技大学,不想AC的TLE一定不是好WA,4,297
2023,2,701,南开大学,给毕达哥拉斯以计算机,4,299
2023,2,702,成都信息工程大学,石材古生物,4,306
2023,2,703,华中科技大学,来不及起名字了,4,309
2023,2,704,郑州轻工业大学,LeetCodePoke高手,4,312
2023,2,705,南京邮电大学,njupt23team06,4,320
2023,2,705,山东科技大学,柏林号,4,320
2023,2,707,重庆大学,这个队名出现在21世纪还是太超前了,4,324
2023,2,708,湖南农业大学,夏眠不觉晓,4,325
2023,2,709,江西师范大学,逸一时误一时,4,330
2023,2,710,江西科技师范大学,科师大第N队,4,331
2023,2,710,山东大学,three rens,4,331
2023,2,710,长沙理工大学,玩原神玩的,4,331
2023,2,713,杭州电子科技大学,HDU-T13,4,332
2023,2,714,沈阳航空航天大学,colser,4,334
2023,2,715,华东师范大学,华为Mate60Pro5G,4,338
2023,2,716,广东工业大学揭阳校区,天依不加糖,4,343
2023,2,716,北京科技大学,I'll try,4,343
2023,2,718,长安大学,真叫人质壁分离,4,345
2023,2,719,电子科技大学,UESTC_BetaCode,4,346
2023,2,719,西北大学,"打铁转生,在网络赛要拿出真本事",4,346
2023,2,721,成都信息工程大学,Ctrl,4,347
2023,2,722,暨南大学,V你50罚时,4,348
2023,2,722,南华大学,想名字太麻烦,4,348
2023,2,724,武汉理工大学,最喜欢thjj了,4,350
2023,2,725,安徽工业大学,23131,4,354
2023,2,725,南华大学,WAWAWA,4,354
2023,2,725,电子科技大学,UESTC_LWL,4,354
2023,2,728,浙大城市学院,WA:Wonderful Answer,4,355
2023,2,729,暨南大学,我必搞,4,358
2023,2,730,北京邮电大学,Ultra Cat,4,360
2023,2,730,中国地质大学(武汉),地能儿是这样的,4,360
2023,2,732,安徽大学,"依古比古,你相信引力",4,361
2023,2,733,浙江科技学院,djwcb,4,362
2023,2,733,山东大学,"你说的对,但是...",4,362
2023,2,735,西北农林科技大学,农林学校也有计算机?,4,363
2023,2,736,北京邮电大学,三个菜鸟,4,364
2023,2,737,东北大学秦皇岛分校,专业团队,4,365
2023,2,738,中国科学院大学,未到场,4,366
2023,2,739,江南大学,"签到,梦游和机器人",4,367
2023,2,740,中山大学,中山大学_码的全队,4,372
2023,2,741,西北大学,winwin豆奶,4,375
2023,2,742,广东工业大学,茶餐厅,4,376
2023,2,743,江南大学,打不好就没比赛打了,4,377
2023,2,743,浙江工商大学,理塘最速WA传说,4,377
2023,2,745,武汉纺织大学,我的青春AC物语果然没有恋爱,4,379
2023,2,746,福建理工大学,凛冬将至,4,384
2023,2,747,西北农林科技大学,急急急急摆摆摆摆,4,386
2023,2,748,湖南大学,ysku,4,387
2023,2,749,华北电力大学(北京),"ANIPLEX,启动!",4,388
2023,2,749,浙江财经大学,硬撑罢了!,4,388
2023,2,751,中国传媒大学,"定福庄好果汁,定福庄好梅汁",4,390
2023,2,752,河南工业大学,因为我已触碰过天空,4,391
2023,2,752,河海大学,灌注柯洁喵,4,391
2023,2,754,中国人民解放军战略支援部队信息工程大学,托塔李天王,4,392
2023,2,755,浙江农林大学暨阳学院,薄荷加冰可乐水,4,394
2023,2,756,上海第二工业大学,粉红毛毛兔,4,395
2023,2,757,浙江工商大学,宝宝巴士dei,4,397
2023,2,758,肇庆学院,北岭山下信步,4,398
2023,2,759,华南师范大学,梭哈队,4,402
2023,2,759,吉林大学,随便,4,402
2023,2,761,合肥工业大学宣城校区,与移风易俗者同行,4,403
2023,2,762,电子科技大学中山学院,椭圆卤蛋中学附属第二小学,4,404
2023,2,762,深圳大学,SZU_Manacher,4,404
2023,2,762,南京工业大学,像我们一样爆零就泰裤辣,4,404
2023,2,765,北京工业大学,原神启动!,4,406
2023,2,766,南京信息工程大学,砌砖嘴犟,4,407
2023,2,767,河海大学,GGBond,4,411
2023,2,767,复旦大学,圆环之理,4,411
2023,2,767,浙江工商大学,咱们三plus,4,411
2023,2,770,湖南大学,"一眼铁木真,假不了一点",4,419
2023,2,771,青岛大学,风浪越大题越队,4,420
2023,2,772,东北大学,东北大学_海底小纵队,4,423
2023,2,773,中国科学院大学,原神启动队,4,426
2023,2,773,东北大学,东北大学_想不摆烂,4,426
2023,2,775,广西大学,队友WA1我CE,4,428
2023,2,776,大连理工大学,dlut02,4,429
2023,2,776,安徽农业大学,题题不歪真君,4,429
2023,2,778,河南大学,挐云,4,430
2023,2,779,新疆大学,卷心菜狗,4,432
2023,2,780,太原理工大学,不要柯学,4,433
2023,2,781,江南大学,"心乱则输输,心静则赢赢",4,436
2023,2,782,吉首大学,AbsoluteZero,4,439
2023,2,783,浙大宁波理工学院,happy猫不happy,4,444
2023,2,783,中国人民大学,附诞洞凉,4,444
2023,2,783,天津大学,Clay战队,4,444
2023,2,786,中国地质大学(北京),守护坤棚,4,445
2023,2,787,中山大学,中山大学_三人成行,4,449
2023,2,788,复旦大学,无何有之乡,4,450
2023,2,788,广州大学,疯猾绝代,4,450
2023,2,788,东北大学秦皇岛分校,超越INF,4,450
2023,2,788,北京理工大学珠海学院,翻译鬼才,4,450
2023,2,792,浙江理工大学,下次提交一定队,4,453
2023,2,792,桂林电子科技大学,吉他与孤独与蓝色星球,4,453
2023,2,794,西安交通大学,现在需要一个队伍名,4,456
2023,2,795,武汉科技大学,主要看运气,4,458
2023,2,796,北京邮电大学,字节御宅族,4,459
2023,2,797,哈尔滨理工大学,哈理工2023ICPC6队,4,460
2023,2,798,长沙学院,BBB,4,465
2023,2,798,西安电子科技大学,brancher,4,465
2023,2,800,常州大学,WA你走开 我怕AC误会,4,466
2023,2,800,广东工业大学,现在我也是鼠鼠,4,466
2023,2,802,华南师范大学,开摆队,4,468
2023,2,802,成都东软学院,单推纳西妲,4,468
2023,2,804,西北农林科技大学,小心柚子厨,4,469
2023,2,805,北京化工大学,xxx,4,470
2023,2,806,湘潭大学,Night_light,4,471
2023,2,807,上海海洋大学,"关注水专喵,关注水专谢谢喵",4,473
2023,2,808,黄冈师范学院,闭时有限的远点,4,475
2023,2,809,南昌大学,大摆锤,4,476
2023,2,809,西安交通大学,未铭记何谈淡忘,4,476
2023,2,811,中国传媒大学,"GGBond不是死猪,是我的男神",4,477
2023,2,812,武汉工程大学,珊瑚宫心海,4,479
2023,2,812,西北大学,牛魔,4,479
2023,2,814,浙江工业大学,奇思妙想,4,482
2023,2,814,南京师范大学,三人成行,4,482
2023,2,816,烟台大学,"AC在左,WA在右",4,485
2023,2,817,中国人民大学,我推的ICPC,4,486
2023,2,818,齐鲁工业大学,"若有战,召必回",4,488
2023,2,819,哈尔滨工程大学,二次元队名,4,490
2023,2,820,中国地质大学(武汉),后会无期,4,493
2023,2,821,湖州师范学院,zjhu_zzh,4,494
2023,2,822,常熟理工学院,起个球名,4,495
2023,2,823,泉州师范学院,123456789,4,496
2023,2,824,合肥工业大学宣城校区,你随便取个吧,4,497
2023,2,825,成都东软学院,ac and wa,4,498
2023,2,825,浙江理工大学,汪汪队立大功,4,498
2023,2,825,中国矿业大学,Alnitak,4,498
2023,2,828,西湖大学,westlake_xyz,4,500
2023,2,829,中国人民大学,高屋倒水,4,502
2023,2,830,湖南文理学院,打不过就加入,4,503
2023,2,831,杭州师范大学,自由之翼,4,505
2023,2,832,山东农业大学,羊村护卫队,4,506
2023,2,833,山东大学(威海),无秩翻转~到了异构集就拿出真子串~,4,507
2023,2,834,东莞理工学院,想好队名了吗,4,508
2023,2,834,浙江工商大学,残夏,4,508
2023,2,836,宁波职业技术学院,你不能拿我们和那些强队比,4,510
2023,2,836,集美大学,深夜谁家灯火万盏,4,510
2023,2,838,成都信息工程大学,"""6""""6"" ^_^ ->""<4""",4,513
2023,2,839,衡阳师范学院,强哥说玩原神就能拿银牌,4,515
2023,2,839,中国民航大学,大四打基础,4,515
2023,2,841,西湖大学,"原神,启动",4,517
2023,2,842,中国地质大学(武汉),白色基地,4,518
2023,2,843,中国海洋大学,said and done are right,4,522
2023,2,844,杭州师范大学,alea iacta est,4,523
2023,2,845,郑州大学,绝体绝命,4,525
2023,2,846,南京邮电大学,njupt23team07,4,526
2023,2,847,华中农业大学,队堆对堆队,4,527
2023,2,848,重庆邮电大学,南山旅游团,4,530
2023,2,848,同济大学,葱包粉丝后援团,4,530
2023,2,850,哈尔滨工业大学(深圳),哈啰渡渡鸟,4,533
2023,2,850,北京化工大学,高质量普信男,4,533
2023,2,852,浙大城市学院,F1RST D4NCE,4,534
2023,2,853,仲恺农业工程学院,不会打铁对不队,4,535
2023,2,854,中国石油大学(北京),我为祖国献石油,4,536
2023,2,855,华东师范大学,SEI4,4,538
2023,2,856,上海大学,地球三体组织,4,539
2023,2,857,怀化学院,怀化学院3队,4,540
2023,2,857,陕西科技大学,Supernova,4,540
2023,2,859,河南大学,伊利雅之神,4,541
2023,2,860,北京师范大学,都报名了要什么自行车,4,543
2023,2,861,北京交通大学,三位一体,4,545
2023,2,862,北京化工大学,漫步经心,4,546
2023,2,863,西南科技大学,再wa一发就要爆炸,4,547
2023,2,864,福建理工大学,依靠时间攻势混上福理工,4,549
2023,2,865,东华理工大学,东理第一大队,4,551
2023,2,866,吉林大学,打不好就回去调整,4,553
2023,2,867,中国民航大学,多快好省地拿下ICPC,4,555
2023,2,867,重庆大学,传说天启启元星迹梦之队,4,555
2023,2,869,中国人民解放军战略支援部队信息工程大学,冰雪圆舞曲,4,556
2023,2,870,青岛大学,老年艺术团,4,557
2023,2,871,新疆大学,纯纯小丑,4,558
2023,2,871,东北师范大学,嘟嘟嘟,4,558
2023,2,873,香港城市大学,"奶牛,启动!",4,559
2023,2,874,信阳农林学院,脑洞大爆炸,4,561
2023,2,874,河南理工大学,lemon,4,561
2023,2,876,太原理工大学,为嘛黄瓜绿,4,562
2023,2,877,西安邮电大学,翻斗花园,4,564
2023,2,878,浙江工商大学,空花阳焰,4,566
2023,2,878,中国科学技术大学,三只咸鱼队,4,566
2023,2,880,电子科技大学,UESTC_热气,4,567
2023,2,880,华南师范大学,野指针,4,567
2023,2,882,南方科技大学,南方科技大学-科科拉,4,568
2023,2,883,中国矿业大学,cumt5,4,571
2023,2,883,成都大学,Oasis,4,571
2023,2,885,南京邮电大学,njupt23team13,4,572
2023,2,886,青岛科技大学,她与金牌皆失,4,577
2023,2,887,湖南理工学院,流泪猫猫头,4,581
2023,2,887,贵州大学,糯米锅巴,4,581
2023,2,889,合肥学院,打个表吧,4,583
2023,2,890,浙江万里学院,突破一题就算成功,4,585
2023,2,891,河北师范大学,"好痒啊,不会要长脑子了吧",4,588
2023,2,892,北京邮电大学,打完去超市买点东西吃,4,590
2023,2,893,同济大学,Ciallo~,4,593
2023,2,894,黑龙江大学,拂晓晨辉,4,595
2023,2,895,天津大学,西弗勒斯,4,596
2023,2,896,吉林大学,捏猫猫的,4,597
2023,2,897,国防科技大学,牛大勇冠三军,4,598
2023,2,898,中国石油大学(华东),中石大1551,4,603
2023,2,898,华南师范大学,ReMiFa,4,603
2023,2,900,长安大学,彩虹岛之戮 Pro,4,605
2023,2,900,湖北工业大学,一拳打破宇宙,4,605
2023,2,902,北京邮电大学,Unnamed Team,4,606
2023,2,902,大连大学,狗狗兽辣条,4,606
2023,2,904,南京工业大学,石上三年,4,613
2023,2,904,华北电力大学(北京),NCEPU_002,4,613
2023,2,906,广东工业大学,登鲤,4,618
2023,2,907,河北工业大学,全都做队,4,621
2023,2,908,南京航空航天大学,不知道什么是算法,4,622
2023,2,909,广东工业大学,"这不是BUG,是特性",4,625
2023,2,910,浙江工商大学,电之光,4,626
2023,2,910,西安邮电大学,"军爷,您先吃",4,626
2023,2,912,南京邮电大学通达学院,求求了出个线吧,4,628
2023,2,913,中国科学技术大学,好好写码天天修锅,4,630
2023,2,913,北京邮电大学,左右魔性穿梭,4,630
2023,2,915,沈阳化工大学,某某某,4,633
2023,2,916,江西理工大学,随便取的,4,635
2023,2,917,北京交通大学,BJTU03,4,636
2023,2,918,兰州理工大学,认真专注沉着冷静,4,641
2023,2,919,华东理工大学,ecust2,4,648
2023,2,920,广东外语外贸大学,#include,4,651
2023,2,921,中国矿业大学,cumt4,4,656
2023,2,922,西安理工大学,神秘的力量,4,657
2023,2,923,南京信息工程大学,蒟蒻果冻,4,659
2023,2,924,西南科技大学,别再选静水监狱啦,4,661
2023,2,925,河南理工大学,hpu-walker,4,663
2023,2,926,井冈山大学,大国铁匠,4,668
2023,2,927,中国农业大学,"农神,启动!",4,670
2023,2,928,北京交通大学,BJTU04,4,672
2023,2,929,华南理工大学,NO TLE NO WA,4,674
2023,2,930,中国石油大学(华东),中石大2048,4,679
2023,2,931,上海电机学院,上海电机学院,4,682
2023,2,932,北京邮电大学,鹰之一手,4,684
2023,2,932,长安大学,彭小子丑豪,4,684
2023,2,934,南京晓庄学院,IF AG CO SAL,4,692
2023,2,935,厦门理工学院,理工路600号,4,696
2023,2,935,广东技术师范大学,智慧织影,4,696
2023,2,937,长安大学,你就说样例过了对不对,4,697
2023,2,937,中国人民大学,漩涡,4,697
2023,2,939,浙江财经大学,样例对有个毛用,4,699
2023,2,939,武汉理工大学,再多看一眼就会AC,4,699
2023,2,941,北京工业大学,阁下又该如何应队,4,701
2023,2,942,宁波大学,ac还是gg,4,704
2023,2,943,香港科技大学(广州),原始人,4,707
2023,2,944,合肥工业大学宣城校区,Please,4,712
2023,2,945,国防科技大学,都可以吧,4,716
2023,2,946,南京邮电大学,njupt23team10,4,718
2023,2,947,烟台大学,无所谓队,4,720
2023,2,948,西北大学,傅里叶变换,4,722
2023,2,949,武昌首义学院,打铁还需自身硬,4,723
2023,2,949,浙江师范大学,星期天彻底疯狂,4,723
2023,2,949,山东大学,诺曼底上岸队,4,723
2023,2,952,华中农业大学,南湖打铁王,4,726
2023,2,953,中国民航大学,acm熬夜吃汉堡喝瑞幸去撤硕摆游cf,4,728
2023,2,954,徐州工程学院,"抱歉,这里没有美少女",4,741
2023,2,955,西安交通大学,Aqm今天买什么,4,743
2023,2,956,北京师范大学-香港浸会大学联合国际学院,AP韦鲁斯不靠平A打伤害,4,746
2023,2,957,中国石油大学(华东),中石大2023,4,748
2023,2,958,南华大学,你是一个一个一个一个,4,766
2023,2,959,国防科技大学,宇宙警备队,4,769
2023,2,959,山东科技大学,亚特兰蒂斯号,4,769
2023,2,961,中国人民解放军战略支援部队信息工程大学,三小只打铁怪,4,778
2023,2,962,香港城市大学,九龙塘妙妙屋,4,784
2023,2,963,南京邮电大学,njupt23team22,4,800
2023,2,964,华东师范大学,AC自动机,4,802
2023,2,965,广东工业大学揭阳校区,今天喝了吗,4,810
2023,2,966,青岛大学,养发旅游团,4,841
2023,2,967,湖北大学,"蓝桥天梯区域赛,ecfinal我会来",4,850
2023,2,968,厦门大学嘉庚学院,"如果当场wa出的话,acm生涯就要结束惹",4,863
2023,2,969,成都信息工程大学,终于舍得为你放开手,4,864
2023,2,970,汉口学院,青春无悔,4,923
2023,2,971,北京师范大学珠海分校,中脉震撼明星之薪,4,955
2023,2,972,浙江工商大学,芝士雪豹,4,987
2023,2,973,杭州师范大学,ACM再爱我一次,4,1015
2023,2,974,东北师范大学,RuntimeError,4,1101
2023,2,975,东南大学,只做签到题,3,135
2023,2,976,南昌航空大学,极限火花,3,138
2023,2,977,武汉理工大学,三鲜面,3,140
2023,2,977,河南师范大学,"ggbond,一起去抓水母吧",3,140
2023,2,979,山东女子学院,Wisdom fruit,3,142
2023,2,980,湖北工业大学,"队里有神,但是原神",3,144
2023,2,981,常熟理工学院,辞风的花,3,148
2023,2,982,常熟理工学院,重生之我在星铁打算竞,3,151
2023,2,983,浙江农林大学,汪汪队WAWA叫,3,158
2023,2,984,西南石油大学,丁真の跌,3,159
2023,2,985,广东工业大学,逸误,3,161
2023,2,986,华南理工大学,关于三等分的挂壁转生异世界重启然后捡到野生金牌这档事,3,163
2023,2,987,广西民族大学,痛贯天灵,3,164
2023,2,987,南京信息工程大学,"廉颇老矣,尚能夺金?",3,164
2023,2,989,苏州大学,S属性大爆发,3,165
2023,2,990,哈尔滨工业大学(深圳),打铁队,3,167
2023,2,991,杭州师范大学,One Tap,3,168
2023,2,992,中国石油大学(华东),中石大1969,3,172
2023,2,993,东华大学,典孝急乐赢绷,3,178
2023,2,994,南阳理工学院,Ice in my veins,3,180
2023,2,995,华中科技大学,调和,3,183
2023,2,996,广东工业大学,菜鸟分割线,3,192
2023,2,997,合肥工业大学宣城校区,Knights of the Eastern Calculus,3,196
2023,2,998,西南交通大学,想成为男铜,3,198
2023,2,999,北京电子科技学院,DKYer勇争下游,3,202
2023,2,1000,江西师范大学,Takemenapaizi,3,203
2023,2,1001,中北大学,队伍名不随便起吗,3,206
2023,2,1001,惠州学院,鶸巢,3,206
2023,2,1001,南阳理工学院,啊对对对,3,206
2023,2,1004,浙江工商大学,噫叁柒陆,3,210
2023,2,1004,浙江广厦建设职业技术大学,东阳老年开放大学一队,3,210
2023,2,1004,河南农业大学,CFboys,3,210
2023,2,1004,中国传媒大学,打铁两年半的练习生,3,210
2023,2,1008,华南理工大学,签到三个半小时,3,214
2023,2,1009,苏州大学,家人们早八谁懂啊,3,216
2023,2,1010,中山大学,大三元,3,217
2023,2,1010,武汉工程大学,习惯hack爱上WA,3,217
2023,2,1010,青岛大学,我要成为xcpc糕手,3,217
2023,2,1010,湖南警察学院,hc1,3,217
2023,2,1014,武汉纺织大学,以上队伍成绩无效,3,219
2023,2,1015,武汉工程大学,樱花下落的速度是每秒TLE,3,220
2023,2,1016,澳门大学,Brain Byte Blasters,3,223
2023,2,1017,沈阳师范大学,"每一题都当最后一题,然后也不要怕WA TLE RE",3,224
2023,2,1017,中国矿业大学,cumt10,3,224
2023,2,1019,武汉科技大学,长征之我要成神,3,225
2023,2,1020,武汉轻工大学,做什么才对,3,226
2023,2,1020,东莞理工学院,"恭喜战鹰夺得第八届虎扑女神大赛冠军,名副其实的八冠王",3,226
2023,2,1022,广东工业大学,"原已4.0,未能AC4",3,236
2023,2,1022,北京理工大学,Eureka,3,236
2023,2,1024,哈尔滨工业大学(深圳),全都做不队,3,237
2023,2,1025,北京交通大学,BJTU02,3,238
2023,2,1025,成都锦城学院,你是哪个省的,3,238
2023,2,1027,南京航空航天大学,Trip Against Wind,3,239
2023,2,1028,广州城市理工学院,不如意外之财,3,240
2023,2,1029,华南理工大学,Magically WA,3,241
2023,2,1030,武汉大学,"ICPC,启动!",3,243
2023,2,1031,电子科技大学中山学院,澄净闪耀,3,244
2023,2,1031,成都东软学院,"八行代码,九行报错。ij互换,此题飘过",3,244
2023,2,1033,济南大学,LALR,3,245
2023,2,1033,山东理工大学,这是一场我和编译器的博弈,3,245
2023,2,1035,哈尔滨工业大学(深圳),前面的题目以后再来探索吧,3,247
2023,2,1036,广东工业大学,我们已经很努力在想队名了,3,249
2023,2,1037,郑州轻工业大学,最近公共祖先(LCA),3,250
2023,2,1038,深圳技术大学,SZTU_一眼盯帧,3,252
2023,2,1038,宁波财经学院,做op不做dp,3,252
2023,2,1040,厦门大学,我推的Acmer!,3,253
2023,2,1041,江西师范大学,The hairline is against me,3,254
2023,2,1041,北京工业大学,0b110Voyage,3,254
2023,2,1043,深圳技术大学,SZTU_会魔法的老人,3,255
2023,2,1044,齐鲁工业大学,基纽特战队,3,257
2023,2,1045,宁波职业技术学院,十几道题你能秒我,3,258
2023,2,1046,中国矿业大学(北京),小丑单身换银队,3,259
2023,2,1047,浙江师范大学,所以爱会消失对不队,3,260
2023,2,1048,怀化学院,怀化学院ICPC队,3,261
2023,2,1049,南京林业大学,林带观光团,3,262
2023,2,1049,合肥工业大学宣城校区,妖魔鬼怪快离开,3,262
2023,2,1051,重庆大学,"原,妙不可言",3,263
2023,2,1051,浙江财经大学,专用号,3,263
2023,2,1053,华东师范大学,会员制餐厅,3,265
2023,2,1053,成都信息工程大学,蛙蛙队,3,265
2023,2,1055,上海科技大学,不要养两只猫,3,269
2023,2,1056,厦门大学,"既不说话又不动,我们都是木头人",3,270
2023,2,1057,东华大学,狗熊岭之光,3,273
2023,2,1058,中国科学技术大学,searchingFox,3,274
2023,2,1058,长沙学院,名字好难去,3,274
2023,2,1058,青岛理工大学,风起微澜,3,274
2023,2,1061,中国矿业大学(北京),苦手,3,276
2023,2,1062,南开大学,斌斌全球粉丝后援会(3),3,277
2023,2,1062,西安科技大学,随便取个名字吧,3,277
2023,2,1064,厦门理工学院,附魔绿宝石钻石镐打铁贼猛,3,279
2023,2,1064,郑州轻工业大学,所以爱会消失对不队,3,279
2023,2,1066,上海科技大学,张理工514队,3,282
2023,2,1067,华南农业大学,五山农专特种兵大队,3,283
2023,2,1067,重庆大学,《队友说什么加个书名号都可以是队名》,3,283
2023,2,1069,哈尔滨工业大学(深圳),哈工生产大队,3,287
2023,2,1070,华南师范大学,江南行者,3,288
2023,2,1070,华东理工大学,ecust7,3,288
2023,2,1072,北方工业大学,雨一直下,3,291
2023,2,1072,西安理工大学,二进制文豪,3,291
2023,2,1074,清华大学,暑假胖十斤,3,292
2023,2,1075,南阳理工学院,秦始皇派蒙恬还原神舟十二,3,293
2023,2,1076,北京工业大学,矩阵怎么求逆,3,298
2023,2,1077,浙江科技学院,Lucky_Star,3,300
2023,2,1077,哈尔滨工业大学(深圳),时来运转队,3,300
2023,2,1079,西南财经大学,bulbasaur,3,302
2023,2,1080,郑州轻工业大学,东吴三英杰,3,304
2023,2,1080,西南科技大学,"凭栏西望,潇潇雨歇",3,304
2023,2,1080,西南科技大学,白给三人组,3,304
2023,2,1083,北京邮电大学,最佳柴郡,3,306
2023,2,1084,北京师范大学-香港浸会大学联合国际学院,nullptr,3,308
2023,2,1084,南京航空航天大学,原神怎么你了队,3,308
2023,2,1086,安徽工业大学,小菜鸡对队,3,309
2023,2,1087,苏州科技大学,取金没有孙悟空,3,310
2023,2,1087,湖南城市学院,gtb之旅,3,310
2023,2,1089,华南师范大学,0721俱乐部,3,311
2023,2,1089,山东理工大学,队友多大了还玩口袋妖:怪究极绿宝石,3,311
2023,2,1091,山东科技大学,NCC_11574 Ajax,3,312
2023,2,1091,武汉大学,乐不思武,3,312
2023,2,1091,长安大学,可达鸭今天什么都吃,3,312
2023,2,1094,成都信息工程大学,不打了红温洗澡去了,3,313
2023,2,1095,南京航空航天大学,听取WA声一片,3,314
2023,2,1096,黑龙江大学,oper启动,3,315
2023,2,1096,西南民族大学,Dive Back In Time,3,315
2023,2,1096,山东建筑大学,按f取消对手成绩,3,315
2023,2,1099,北京邮电大学,薛定谔的ac,3,317
2023,2,1100,宁波大学,Sharon,3,319
2023,2,1101,安徽大学,"码码我呀,今天必须得写下去",3,320
2023,2,1102,华南师范大学,菜狗冲锋,3,321
2023,2,1102,鲁东大学,星星之火 - 饕餮,3,321
2023,2,1104,武汉纺织大学,因为太怕爆零就全交暴力了,3,323
2023,2,1105,厦门大学,恋剖分剖恋,3,324
2023,2,1106,韩山师范学院,玫瑰常开警告常在,3,325
2023,2,1107,湖南师范大学,Three Body,3,326
2023,2,1107,湖南中医药大学,小青wa跳台阶,3,326
2023,2,1109,济南大学,Ice_cream,3,329
2023,2,1110,北京电子科技学院,喜过样例,3,330
2023,2,1111,中国地质大学(北京),"AC,启动!",3,331
2023,2,1111,东北师范大学,东师第一铁匠,3,331
2023,2,1113,浙大城市学院,"夜曲一响,......",3,332
2023,2,1113,重庆科技学院,做不出思维题的小趴菜,3,332
2023,2,1113,台州学院,青春打铁少年不会遇见AC梦,3,332
2023,2,1116,河海大学,25時、ナイトコードで。,3,333
2023,2,1117,中国计量大学现代科技学院,重生之我在地球Online进行爆A计划:),3,334
2023,2,1117,湖南警察学院,以上队伍成绩均无效,3,334
2023,2,1117,山东建筑大学,窗边明夜,3,334
2023,2,1120,河南大学,代替我拥抱她,3,335
2023,2,1120,杭州电子科技大学,HDU-T14,3,335
2023,2,1120,河北师范大学,键上翻花,3,335
2023,2,1120,上海科技大学,签到就跑小组,3,335
2023,2,1124,郑州轻工业大学,诞生于1996,3,337
2023,2,1124,河北师范大学,河北师大附中,3,337
2023,2,1124,聊城大学,未来算法研究所,3,337
2023,2,1127,江西理工大学,不知道,3,338
2023,2,1128,南京航空航天大学,林克时间,3,339
2023,2,1128,华北水利水电大学,唔姆唔姆唔姆,3,339
2023,2,1128,浙大宁波理工学院,猫猫不摸鱼,3,339
2023,2,1131,浙江育英职业技术学院,育英五队,3,341
2023,2,1132,中国矿业大学,三条菜狗,3,342
2023,2,1132,湖南警察学院,hnpolice_team4,3,342
2023,2,1134,福州大学,终末の题极限AC,3,343
2023,2,1135,武汉大学,新手小白队,3,344
2023,2,1136,暨南大学,胜天半子,3,345
2023,2,1136,浙江工商大学,电之威,3,345
2023,2,1138,南京邮电大学,njupt23team21,3,346
2023,2,1138,同济大学,科比墨茶孙笑川丁真谷爱凌原神,3,346
2023,2,1140,江南大学,三个人加起来古稀之年,3,347
2023,2,1140,无锡学院,携手黄昏看日出,3,347
2023,2,1142,北京工业大学,朝阳缝纫机,3,348
2023,2,1142,南昌职业大学,三个臭铁匠,3,348
2023,2,1142,湖南城市学院,起名字实在是太难了,3,348
2023,2,1142,合肥工业大学宣城校区,极东魔术昼寝结社,3,348
2023,2,1146,长安大学,"WA都是黄原绿舟,尊嘟假嘟O.o",3,349
2023,2,1146,南华大学,南华观光队,3,349
2023,2,1148,福建农林大学,小狼ovo,3,350
2023,2,1148,辽宁大学,鱼和熊掌兼得,3,350
2023,2,1148,长沙师范学院,顾不上队名,3,350
2023,2,1148,南昌航空大学,雀食蟀三队,3,350
2023,2,1152,东北大学,NEU_qwq,3,351
2023,2,1153,河南农业大学,西瓜不甜队,3,352
2023,2,1154,苏州大学,Automan,3,353
2023,2,1155,南京航空航天大学,我的XCPC物语果然有问题,3,354
2023,2,1156,闽南师范大学,rank++の速度系ka速五厘米death,3,355
2023,2,1156,天津大学,失物招领处,3,355
2023,2,1158,中国科学技术大学,Team114514,3,357
2023,2,1159,南阳理工学院,先相信再相信,3,358
2023,2,1159,南京邮电大学,njupt23team15,3,358
2023,2,1159,成都信息工程大学,有你在即可化成水,3,358
2023,2,1162,浙江金融职业学院,疯狂星期四被骗50块从此冰封决心队,3,362
2023,2,1163,华中农业大学,猿身起洞!,3,363
2023,2,1164,闽南师范大学,粉色小猪在线请求配对,3,364
2023,2,1164,浙江农林大学,A不出来,3,364
2023,2,1164,香港中文大学(深圳),freshmen,3,364
2023,2,1167,东北大学秦皇岛分校,大展宏图,3,366
2023,2,1168,武汉工程大学,这里填入队伍名,3,368
2023,2,1169,华中科技大学,cyy cutest,3,369
2023,2,1170,南开大学,赛博搬砖,3,370
2023,2,1171,山东理工大学,三重豌豆,3,371
2023,2,1171,南开大学,不会起名,3,371
2023,2,1173,西南石油大学,"原神,启动",3,372
2023,2,1173,广州城市理工学院,爱莉希雅万岁,3,372
2023,2,1175,莆田学院,重生之我是菜鲲,3,373
2023,2,1176,东北大学秦皇岛分校,无名Noname,3,374
2023,2,1176,浙江农林大学,带带带带花树,3,374
2023,2,1176,南阳理工学院,Striving Eel,3,374
2023,2,1179,广东金融学院,我能反应wrong answer,3,377
2023,2,1179,中国民航大学,最后之舞,3,377
2023,2,1179,青岛大学,WA仔牛奶,3,377
2023,2,1182,太原理工大学,菜鸟SOS,3,380
2023,2,1182,云南大学,穿越之我在太空流浪,3,380
2023,2,1184,中国海洋大学,TLE Master,3,381
2023,2,1184,南阳理工学院,家人们谁懂啊,3,381
2023,2,1184,河南大学,没人理解C++,3,381
2023,2,1187,山东师范大学,起名字这件事好难,3,384
2023,2,1188,山东大学(威海),你说得队,3,385
2023,2,1188,华东交通大学,AC Tasters,3,385
2023,2,1190,三峡大学,开摆!纯情少男,3,387
2023,2,1190,贵州大学,鬼杀队,3,387
2023,2,1192,中国矿业大学,cumt3队,3,388
2023,2,1193,中国计量大学现代科技学院,A在西元前,3,390
2023,2,1194,鲁东大学,星星之火 - 黎明,3,391
2023,2,1194,华中师范大学,队友沉迷原神导致高数挂科,3,391
2023,2,1194,湖南警察学院,袁神说啥都队,3,391
2023,2,1197,国防科技大学,锦鲤,3,394
2023,2,1198,澳门大学,OP brings me confidence,3,396
2023,2,1199,中南林业科技大学,CSUFT3,3,397
2023,2,1199,湖南城市学院,重生之我们是菜狗,3,397
2023,2,1199,江南大学,WA你也想奖励对不队,3,397
2023,2,1202,肇庆学院,北岭山间赏雪,3,398
2023,2,1203,山东理工大学,米兰小铁匠,3,401
2023,2,1204,浙大城市学院,爱丽丝的茶话会,3,405
2023,2,1204,合肥工业大学,我笑了,3,405
2023,2,1206,山东工商学院,jk202,3,406
2023,2,1206,合肥工业大学宣城校区,牛头冲小学一年级二班,3,406
2023,2,1206,齐鲁工业大学,"猿神,起洞!",3,406
2023,2,1209,华中农业大学,"mika的狮山凤九sensei,启动!",3,408
2023,2,1210,南京信息工程大学,东风祝酒,3,409
2023,2,1211,中国地质大学(武汉),网瘾早该电电了,3,410
2023,2,1212,武汉理工大学,再临者,3,411
2023,2,1213,山东工商学院,一切尽在不言中,3,414
2023,2,1214,北京交通大学,BJTU05,3,416
2023,2,1214,东北大学秦皇岛分校,"坐牢CPC,启动!",3,416
2023,2,1214,南阳理工学院,瓶里的酸菜金鱼,3,416
2023,2,1214,上海大学,重在参与队,3,416
2023,2,1218,武汉科技大学,小老鸭杰瑞,3,417
2023,2,1218,嘉应学院,CH4,3,417
2023,2,1220,东北农业大学,玩原神的那个怎么还不退役,3,418
2023,2,1221,华中师范大学,快dys队,3,419
2023,2,1221,华南师范大学,啊对对队,3,419
2023,2,1223,中国计量大学,(c102)不AC就會入夜狂飆(GenShin Impart)[Chinese],3,420
2023,2,1223,华中师范大学,acm小白,3,420
2023,2,1225,上海大学,CheemsDogTeam,3,421
2023,2,1225,湖南涉外经济学院,奇迹的平A,3,421
2023,2,1227,佛山科学技术学院,铁牌分界线,3,422
2023,2,1228,中国地质大学(北京),紫薯玉米队,3,424
2023,2,1228,中南林业科技大学,CSUFT1,3,424
2023,2,1230,华南师范大学,Debug小小队,3,425
2023,2,1231,上海大学,穿越时空的AC,3,431
2023,2,1231,南京工程学院,NJIT_2队_原神怎么你了,3,431
2023,2,1233,成都大学,成都大学九队,3,434
2023,2,1234,武汉科技大学,明天再补题,3,435
2023,2,1234,宁波大学,亲亲贴贴以下各队~~,3,435
2023,2,1236,绍兴文理学院,RE:从爆零开始的ACM生活,3,436
2023,2,1237,哈尔滨工程大学,goto:希腊奶,3,442
2023,2,1238,南京师范大学,不打原神导致的,3,443
2023,2,1239,河北经贸大学,安徽牛肉板面,3,444
2023,2,1240,台州学院,弗洛里达州仨闲人,3,447
2023,2,1241,中国科学技术大学,比奇堡三巨头队,3,448
2023,2,1242,中国石油大学(北京)克拉玛依校区,CUPK,3,449
2023,2,1242,黑龙江大学,玩原神玩的,3,449
2023,2,1244,厦门大学,攻城狮,3,450
2023,2,1245,福建理工大学,KFC,3,451
2023,2,1246,湖南科技大学,一周二十节课也要艰难打ACM,3,453
2023,2,1246,集美大学,凪,3,453
2023,2,1246,西安石油大学,从还没入学就开始找acm队想一起参加icpc拿银摸金打入world final得到tourist的肯定与jiangly同台竞技,3,453
2023,2,1249,江西师范大学,zyl,3,454
2023,2,1250,厦门大学嘉庚学院,养一只小鱼,3,455
2023,2,1251,中国矿业大学,法外矿徒,3,457
2023,2,1251,北华大学,wrong answer,3,457
2023,2,1253,衡阳师范学院,猫猫虫自动机,3,458
2023,2,1253,西南民族大学,三川赴海,3,458
2023,2,1255,湖南文理学院,遥遥领先于同行,3,464
2023,2,1256,杭州师范大学,键上翻花不如一声卡妈,3,466
2023,2,1257,山东大学,豆橛子熬地蛋,3,467
2023,2,1257,同济大学,同济犇蛋队,3,467
2023,2,1259,山东师范大学,仪表唐唐,3,470
2023,2,1260,西南石油大学,OK Computer,3,476
2023,2,1260,临沂大学,学习新思想,3,476
2023,2,1262,南京师范大学,我有鱼鱼蒸,3,478
2023,2,1263,深圳大学,SZU_Emanatry,3,480
2023,2,1263,兰州大学,不纠结队名,3,480
2023,2,1263,上海科技大学,try_everything,3,480
2023,2,1266,郑州大学,黑灰化肥会挥发发灰黑讳为花飞,3,481
2023,2,1267,盐城工学院,豪华星,3,486
2023,2,1268,中国海洋大学,WA come back,3,487
2023,2,1269,天津大学,joker?JOKER!,3,488
2023,2,1270,莆田学院,雪王不wa队,3,489
2023,2,1271,河南科技大学,橘猫猫,3,490
2023,2,1272,齐鲁工业大学,小心超人不小心超人了,3,491
2023,2,1273,西华大学,啥时候icpc能用中文,3,496
2023,2,1273,浙江农林大学,今天你AC了吗,3,496
2023,2,1273,宁波诺丁汉大学,太沖莫眹,3,496
2023,2,1276,潍坊学院,世界第一运动是足球还是原神?,3,498
2023,2,1276,浙大宁波理工学院,WA也是A,3,498
2023,2,1278,新疆大学,与心爱的wa同行至世界尽头,3,499
2023,2,1279,广东东软学院,为白雪染色,3,503
2023,2,1280,中国石油大学(华东),中石大1988,3,504
2023,2,1281,哈尔滨学院,好C好C,3,516
2023,2,1281,阜阳师范大学,没有颜色的彩虹,3,516
2023,2,1283,中国传媒大学,M属性大爆发,3,517
2023,2,1284,合肥工业大学,天天做早操队,3,518
2023,2,1284,长春理工大学,摸鱼装训练迟到早退尿频犯困读假题反向翻译写bug演队友歪正解pua揽功劳,3,518
2023,2,1286,湖南理工学院,打个表先,3,522
2023,2,1287,华侨大学,HQU-RisingDragons,3,524
2023,2,1288,绍兴文理学院,你说的都队,3,525
2023,2,1288,中国矿业大学,cumt8,3,525
2023,2,1290,广东培正学院,找不到队友,3,526
2023,2,1291,宁波工程学院,NBUT-1,3,527
2023,2,1292,广西民族大学,本手妙手和花手,3,530
2023,2,1293,中国矿业大学,维他柠檬茶,3,532
2023,2,1294,南昌航空大学,电子信息算法人,3,539
2023,2,1295,广东海洋大学,这场不大行,3,540
2023,2,1296,东北师范大学,炫我嘴里,3,544
2023,2,1297,衡阳师范学院,怎会无遗憾,3,545
2023,2,1298,宁波工程学院,NBUT-3,3,549
2023,2,1299,河南工业大学,面向样例编程,3,554
2023,2,1300,上海大学,她与铜牌皆失,3,556
2023,2,1301,北京化工大学,以上队伍成绩无效,3,559
2023,2,1302,台州学院,你先别急,3,560
2023,2,1302,中国人民解放军战略支援部队信息工程大学,阿达西,3,560
2023,2,1304,浙江工业大学之江学院,一切皆有可能队,3,562
2023,2,1305,北京交通大学,BJTU06,3,566
2023,2,1306,山东财经大学,烈火战神端大狙架中门,3,571
2023,2,1307,上海应用技术大学,彼岸葬送!,3,584
2023,2,1308,安阳工学院,可乐炸鸡,3,587
2023,2,1309,西湖大学,欢乐打铁,3,591
2023,2,1310,上海财经大学,强盛集团,3,599
2023,2,1311,河北工业大学,我来写你们别走,3,603
2023,2,1312,山东财经大学,参与奖掠夺者,3,605
2023,2,1313,广西科技大学,这是一场豪赌,3,609
2023,2,1314,成都信息工程大学,可我始终学不来你的冰冷,3,613
2023,2,1315,长春理工大学,T-梦-轩,3,616
2023,2,1316,浙江理工大学,中二病也要敲代码,3,618
2023,2,1317,上海理工大学,长羡归飞鹤,3,627
2023,2,1318,山东师范大学,数组越界,3,629
2023,2,1319,宁波财经学院,乌萨奇和他的小伙伴们,3,632
2023,2,1320,浙江育英职业技术学院,育英十二队,3,670
2023,2,1321,天津理工大学,这里应该有队名,3,677
2023,2,1322,苏州大学,做AC梦,3,692
2023,2,1323,重庆工程学院,拿Cu群主cos刻晴,3,702
2023,2,1324,浙江农林大学,爱情酿的9,3,719
2023,2,1325,暨南大学,空白格,3,722
2023,2,1326,江西财经大学,三只小猪,3,723
2023,2,1327,南京航空航天大学,米兰的铁匠铺,3,726
2023,2,1328,广东东软学院,75天狼星547822,3,768
2023,2,1329,中国人民解放军战略支援部队信息工程大学,一起去看雷阵雨,3,774
2023,2,1330,新疆大学,末日时在做什么,3,795
2023,2,1331,郑州轻工业大学,青色一望无际,3,803
2023,2,1332,西华大学,译验丁真,3,812
2023,2,1333,温州商学院,妙WA种子,3,819
2023,2,1334,湖北文理学院,加强青水,3,841
2023,2,1335,徐州工程学院,dev启动,3,977
2023,2,1336,常熟理工学院,王牌!你在ICPC中掏出了手机!,3,1183
2023,2,1337,北京林业大学,石蒜·水星·春日影,2,46
2023,2,1338,河南农业大学,鸡蛋火腿三明治,2,49
2023,2,1339,阜阳师范大学,人从众,2,54
2023,2,1340,南阳理工学院,重生之为啥我不是jiangly,2,55
2023,2,1341,广东工业大学,队长高数2.5,2,58
2023,2,1342,武汉科技大学,以上成绩全部无效,2,62
2023,2,1342,武汉工程大学,阿巴阿巴咚咚咚,2,62
2023,2,1342,南开大学,nku卷心菜永不服输,2,62
2023,2,1345,扬州大学,未来装置研究所,2,65
2023,2,1345,西南民族大学,Two Kings Bring a Three,2,65
2023,2,1347,华南理工大学,大学城南摆大烂,2,70
2023,2,1348,华南师范大学,哦呼自动机,2,72
2023,2,1348,江西师范大学,海底小纵队,2,72
2023,2,1350,浙江科技学院,随便白给,2,73
2023,2,1350,苏州科技大学,蔡徐坤,2,73
2023,2,1350,东华大学,你先别急,2,73
2023,2,1350,长春理工大学,签到就是胜利,2,73
2023,2,1354,电子科技大学中山学院,香山3队,2,74
2023,2,1355,江苏科技大学,逻各斯,2,75
2023,2,1355,中国石油大学(华东),中石大2053,2,75
2023,2,1357,哈尔滨理工大学,哈理工2023ICPC1队,2,76
2023,2,1358,石家庄铁道大学,"云之彼方,约定的场所",2,77
2023,2,1358,北京化工大学,Arickkaa beat Benq,2,77
2023,2,1358,上海海洋大学,妙舞棠子Official,2,77
2023,2,1358,东北师范大学,这场不AC回家就得AC,2,77
2023,2,1358,西南科技大学,三个兔子凑不出布朗尼,2,77
2023,2,1363,成都理工大学,动物世界,2,79
2023,2,1363,河南农业大学,三个灰名爷,2,79
2023,2,1363,桂林电子科技大学,WhatIfIAmSKY,2,79
2023,2,1366,中南林业科技大学,CSUFT2,2,80
2023,2,1366,浙大宁波理工学院,晨晨可爱捏,2,80
2023,2,1366,江西财经大学,MakkaPakkas,2,80
2023,2,1369,苏州大学,不管三七二十一我嘎嘎炫饭,2,81
2023,2,1370,成都理工大学,还在整薯条的摸鱼队!,2,82
2023,2,1371,北京化工大学,生椰拿铁,2,83
2023,2,1371,江西师范大学,成群结队,2,83
2023,2,1373,西南石油大学,风浪越大鱼越贵,2,84
2023,2,1373,北华大学,百分百鲜橙汁,2,84
2023,2,1373,鲁东大学,星星之火 - 饮月,2,84
2023,2,1376,南京邮电大学,njupt23team09,2,85
2023,2,1377,西北师范大学,被罚坐の神,2,86
2023,2,1378,东北农业大学,哦对的对的,2,87
2023,2,1378,南昌理工学院,敲代码的死宅少年不会遇见ACM学姐,2,87
2023,2,1380,云南大学,下水道蚂蚁,2,88
2023,2,1380,南京工程学院,NJIT_1队_黎明前夜,2,88
2023,2,1380,三峡大学,"交了,绿的!过了?",2,88
2023,2,1383,上海理工大学,她与AC皆遗憾,2,89
2023,2,1383,成都信息工程大学,"WA,正反都是66M",2,89
2023,2,1383,江西理工大学,摸鱼队,2,89
2023,2,1386,浙江师范大学,"蒸馍,你不扶器吗",2,90
2023,2,1386,温州大学,温大五队,2,90
2023,2,1386,浙江工商大学,珍珠巷,2,90
2023,2,1389,东北农业大学,我左拳打开了天化身为wa,2,91
2023,2,1390,燕山大学,YSU是原神大学吗,2,93
2023,2,1390,宁波职业技术学院,假嘟吧,2,93
2023,2,1390,山东大学,超级飞侠,2,93
2023,2,1393,长春理工大学,今天早八也能睡大觉吗? 睡!当然睡!为什么不睡!,2,94
2023,2,1393,河南农业大学,"复活吧,偶的AC",2,94
2023,2,1395,华中农业大学,KFC三人篮球队,2,95
2023,2,1395,长江师范学院,涪陵铁厂,2,95
2023,2,1395,武汉科技大学,小猪佩奇也想ac,2,95
2023,2,1395,河南工程学院,网瘾少年,2,95
2023,2,1399,山东大学(威海),V你50罚时,2,97
2023,2,1399,贵州大学,Out of Memory,2,97
2023,2,1401,河北经贸大学,重启征途,2,98
2023,2,1401,湖南第一师范学院,helloworld,2,98
2023,2,1403,嘉应学院,开搞 !,2,99
2023,2,1403,西安邮电大学,江郎才尽,2,99
2023,2,1403,浙大宁波理工学院,我爱喝茉莉蜜茶,2,99
2023,2,1403,郑州轻工业大学,悬置,2,99
2023,2,1403,福建理工大学,无星夜的咏叹调,2,99
2023,2,1403,湖南农业大学,one gold ten double,2,99
2023,2,1403,广东外语外贸大学,广外附小,2,99
2023,2,1410,台州学院,暴龙战士,2,100
2023,2,1410,南京信息工程大学,小砌砖大震撼,2,100
2023,2,1410,合肥学院,小企鹅猛烈突击,2,100
2023,2,1413,广西师范大学,cfboys,2,101
2023,2,1413,重庆理工大学,前面的题目以后再来探索吧,2,101
2023,2,1415,武汉理工大学,一题都不队,2,102
2023,2,1415,郑州轻工业大学,时不时爆0.o,2,102
2023,2,1415,南阳师范学院,天霸动霸之地狱拖拉机之扫地机器人twa,2,102
2023,2,1418,青岛科技大学,冷雨夜,2,105
2023,2,1418,江西财经大学,LFP,2,105
2023,2,1418,上海大学,ACMer会梦到爆0吗,2,105
2023,2,1421,西南科技大学,广告位招租,2,106
2023,2,1421,合肥学院,白裤裆寒冬一击,2,106
2023,2,1421,湘潭大学,Touch Fish,2,106
2023,2,1424,衡阳师范学院,Sa_ka_na,2,107
2023,2,1424,华南农业大学,罚坐一次2.6,2,107
2023,2,1424,长安大学,尊嘟假嘟O.o,2,107
2023,2,1427,浙江金融职业学院,浙金院5队,2,108
2023,2,1427,北华大学,happychaos,2,108
2023,2,1427,东北大学秦皇岛分校,Bit Busters,2,108
2023,2,1427,广东工业大学揭阳校区,怪物联盟,2,108
2023,2,1427,暨南大学,先WA一发再说,2,108
2023,2,1427,浙江农林大学,之江农林大学666队,2,108
2023,2,1433,河南科技大学,菜的一批之起点站,2,109
2023,2,1434,北京工业大学,三个火枪手,2,110
2023,2,1434,泉州师范学院,苦力leader写模拟贼猛,2,110
2023,2,1434,南通大学,没有队名,2,110
2023,2,1434,华北理工大学,勤奋谦虚好学,2,110
2023,2,1434,南昌理工学院,ytdsg,2,110
2023,2,1434,长安大学,zys,2,110
2023,2,1440,南京航空航天大学,如来,2,111
2023,2,1440,沈阳化工大学,满腚的红子我山最猴,2,111
2023,2,1440,华南师范大学,三人队,2,111
2023,2,1443,广西科技大学,牡蛎摸牡蛎~,2,112
2023,2,1444,怀化学院,怀化学院ICPC2队,2,113
2023,2,1444,山东石油化工学院,山中月水中石,2,113
2023,2,1444,九江学院,玩原神玩的,2,113
2023,2,1444,南阳理工学院,一哥一演一挂机,2,113
2023,2,1444,华南农业大学,"原神,启动QAQ",2,113
2023,2,1444,湖南信息学院,不会算法,2,113
2023,2,1450,沈阳航空航天大学,不想上课,2,114
2023,2,1450,大连理工大学,Faithless AC,2,114
2023,2,1450,西南科技大学,Yoku,2,114
2023,2,1453,江西财经大学,做梦都要AC队,2,115
2023,2,1453,青岛科技大学,特鲁你看住小玉老爹先A道题,2,115
2023,2,1453,西北大学,被鱼头泡饭选中的队伍,2,115
2023,2,1453,鲁东大学,星星之火 - 逐日,2,115
2023,2,1453,山东科技大学,鹦鹉螺号,2,115
2023,2,1453,山东工商学院,当签到题WA时,2,115
2023,2,1459,石家庄铁道大学,PDA掌上自动AC机,2,116
2023,2,1460,华南师范大学,算法爱好者,2,117
2023,2,1461,江西师范大学,我的心贴了钢化膜,2,118
2023,2,1461,长春理工大学,stt不是kpp,2,118
2023,2,1461,福建理工大学,"高分在带飞,低分在坐牢,我中分该干嘛?",2,118
2023,2,1461,湖南人文科技学院,签到必队,2,118
2023,2,1461,湖南中医药大学,做的都要队,2,118
2023,2,1466,浙江万里学院,想不粗来,2,119
2023,2,1467,广州大学,背着队友偷偷WA,2,120
2023,2,1467,浙江工商大学,徐晓轩和他的队,2,120
2023,2,1467,河海大学,这波我一打三了,2,120
2023,2,1467,临沂大学,三只臭皮匠,2,120
2023,2,1467,山东石油化工学院,山石四队,2,120
2023,2,1467,临沂大学,PUBG三缺一,2,120
2023,2,1467,湖州师范学院,zjhu_zhz,2,120
2023,2,1467,浙大城市学院,队友的骇人暴力,2,120
2023,2,1475,江西师范大学,辣子鸡,2,121
2023,2,1476,东北大学秦皇岛分校,Genshin Impact,2,123
2023,2,1476,华南理工大学,lie down,2,123
2023,2,1476,浙江科技学院,ATM,2,123
2023,2,1476,河海大学,魂魄妖梦,2,123
2023,2,1476,河南理工大学,手无寸铁,2,123
2023,2,1481,江西农业大学,网瘾犯了,2,124
2023,2,1481,浙江工商大学,AlgoRhythms,2,124
2023,2,1481,哈尔滨理工大学,哈理工2023ICPC7队,2,124
2023,2,1481,中国计量大学,多A就C队,2,124
2023,2,1481,长沙师范学院,奇迹行者,2,124
2023,2,1481,西南民族大学,BUFF GO,2,124
2023,2,1481,河南财经政法大学,人活着就是为了纸片人,2,124
2023,2,1488,中国科学技术大学,张辉粉丝后援团,2,125
2023,2,1489,重庆邮电大学,希腊奶哟,2,126
2023,2,1489,青岛理工大学,被icpc判处五小时监禁,2,126
2023,2,1489,浙江财经大学,终究是妹妹的不队,2,126
2023,2,1492,浙大宁波理工学院,打铁是你的谎言,2,127
2023,2,1492,江西理工大学,原神在这里启航,2,127
2023,2,1492,无锡学院,Wrong Answer,2,127
2023,2,1495,厦门理工学院,只跟榜不看题,2,128
2023,2,1495,哈尔滨理工大学,哈理工2023ICPC9队,2,128
2023,2,1497,三峡大学,原神?启动!,2,129
2023,2,1497,无锡学院,线型约束的树状图,2,129
2023,2,1497,天津仁爱学院,记忆化过样例,2,129
2023,2,1500,大连理工大学,我的魔法国,2,130
2023,2,1501,青岛科技大学,三行四列行列式,2,131
2023,2,1501,北华大学,explosion,2,131
2023,2,1501,华南师范大学,带带队,2,131
2023,2,1501,苏州大学,走陈胡陆到天宫,2,131
2023,2,1505,山东师范大学,Random(name),2,132
2023,2,1505,广西师范大学,八千里路云和月,2,132
2023,2,1505,井冈山大学,地狱拖拉机,2,132
2023,2,1505,黄淮学院,重生之我们是ICPC职业队,2,132
2023,2,1505,广东外语外贸大学,是你太美惹的祸,2,132
2023,2,1510,南昌理工学院,桃李不言,2,133
2023,2,1510,河南师范大学,恐龙扛狼,2,133
2023,2,1510,国防科技大学,赛迪小纵队,2,133
2023,2,1513,湖南大学,青春猪头队友A不了题,2,134
2023,2,1513,江苏大学,重生之我要摆烂,2,134
2023,2,1515,浙江中医药大学,胖头切丁味道更佳,2,135
2023,2,1515,陕西科技大学,鼠标薯条数星星,2,135
2023,2,1515,滁州学院,打完这场就退役,2,135
2023,2,1515,广东外语外贸大学,GDUFS TEAM 7,2,135
2023,2,1519,中国地质大学(武汉),六神,2,136
2023,2,1519,东华理工大学,青铜小分队,2,136
2023,2,1521,南京邮电大学,njupt23team12,2,137
2023,2,1521,济南大学,no connoisseur but loves your song,2,137
2023,2,1523,中国科学技术大学,东风雏鹰队二代目,2,138
2023,2,1523,华南师范大学,逆序队,2,138
2023,2,1523,西南科技大学,戒对失,2,138
2023,2,1523,山东管理学院,不是工会背景我不上,2,138
2023,2,1523,山东科技大学济南校区,好好学习天天向上,2,138
2023,2,1528,广西外国语学院,请用量子计算机评测我的代码,2,139
2023,2,1529,中国科学院大学,啥,2,140
2023,2,1529,山东财经大学,杰哥不要嘛,2,140
2023,2,1529,徐州工程学院,追梦繁星,2,140
2023,2,1532,山东科技大学,联邦星舰协和号,2,141
2023,2,1532,安阳师范学院,中年洋威互助队,2,141
2023,2,1532,上海第二工业大学,Clara's Dogs,2,141
2023,2,1532,广西师范大学,柳暗花明,2,141
2023,2,1536,浙江工商大学,ACM砖业铁匠铺,2,142
2023,2,1536,广东工业大学揭阳校区,Fujiyama Volcano,2,142
2023,2,1536,郑州轻工业大学,遇到困难就梭哈,2,142
2023,2,1539,广东外语外贸大学,ikun111,2,143
2023,2,1540,华北电力大学(北京),NCEPU_001,2,144
2023,2,1541,阜阳师范大学,ALJMC,2,145
2023,2,1541,山东理工大学,起名字好难,2,145
2023,2,1541,辽宁科技大学,超市里扫货,2,145
2023,2,1541,厦门理工学院,写出签到就算win,2,145
2023,2,1545,湘潭大学,bug工厂,2,146
2023,2,1545,东北大学秦皇岛分校,我也不知道对不队,2,146
2023,2,1545,江西师范大学,建建来答题,2,146
2023,2,1545,浙江万里学院,"停手吧,再翻就比烂了",2,146
2023,2,1549,绍兴文理学院,1400块的奇迹,2,147
2023,2,1549,河南理工大学,Beyond the time,2,147
2023,2,1549,成都理工大学,说啥都队,2,147
2023,2,1549,商丘师范学院,豫东师范大学队,2,147
2023,2,1553,广州城市理工学院,Alnilam,2,148
2023,2,1553,河南大学,可乐鸡翅炸薯条,2,148
2023,2,1553,衡阳师范学院,争取过样例,2,148
2023,2,1553,河南师范大学,机你太美,2,148
2023,2,1553,厦门大学,ACaCA,2,148
2023,2,1553,东华大学,米奇妙妙屋,2,148
2023,2,1553,湖南工学院,随蝴蝶一起消散吧旧日的幻影,2,148
2023,2,1560,深圳大学,SZU_Scientists,2,149
2023,2,1560,东华大学,理塘最強伝説と絕兇の猛虎!純真丁一郎です,2,149
2023,2,1562,湖南理工学院,我们是弱队,2,150
2023,2,1562,东华大学,Sleepy,2,150
2023,2,1562,闽南师范大学,你是爱我的对不队,2,150
2023,2,1562,湖南理工学院,欢乐斗地组,2,150
2023,2,1562,中国人民解放军战略支援部队信息工程大学,听党指挥,2,150
2023,2,1567,东北师范大学,巨大喷流,2,151
2023,2,1567,湖南农业大学,去码头整点薯条队,2,151
2023,2,1567,中国人民解放军战略支援部队信息工程大学,qgygnb,2,151
2023,2,1567,浙江财经大学,罚时300列表全红我怎么会做这样的梦,2,151
2023,2,1567,浙江工商大学,了解你的捍卫者,2,151
2023,2,1567,浙江工商大学,快点取个队名吧,2,151
2023,2,1567,湖北中医药大学,梦想身高180,2,151
2023,2,1574,福建师范大学,哦对的对的,2,152
2023,2,1574,哈尔滨理工大学,哈理工2023ICPC4队,2,152
2023,2,1576,北京工业大学,AnyAC,2,153
2023,2,1576,武汉纺织大学,来自Euler的祝福,2,153
2023,2,1576,黑龙江大学,队友ac我睡觉,2,153
2023,2,1579,国际关系学院,燃烧你的梦,2,154
2023,2,1579,黄冈师范学院,从零开始的wa题生活,2,154
2023,2,1579,浙江工业职业技术学院,逢暮蝉,2,154
2023,2,1579,五邑大学,ICPC START,2,154
2023,2,1583,青岛科技大学,盼得日出云开明明白白观山看海,2,155
2023,2,1584,合肥工业大学,队名被查重了对不队,2,156
2023,2,1584,西安理工大学,代码小丑,2,156
2023,2,1584,五邑大学,AC Taffy,2,156
2023,2,1587,中国石油大学(华东),中石大1973,2,157
2023,2,1587,南京信息工程大学,水成文,2,157
2023,2,1589,河南工程学院,槲寄生队,2,158
2023,2,1589,河北师范大学,mihomo,2,158
2023,2,1589,南昌理工学院,珍德食泥鸭,2,158
2023,2,1592,山东女子学院,玩原神玩的,2,159
2023,2,1592,浙江中医药大学,浙中医二队,2,159
2023,2,1592,苏州科技大学,雨霖铃,2,159
2023,2,1592,华中农业大学,烟杆欢宝,2,159
2023,2,1592,盐城工学院,南街明月,2,159
2023,2,1597,重庆邮电大学,沙勒教职工,2,161
2023,2,1597,徐州工程学院,精通各语言的helloworld,2,161
2023,2,1597,平顶山学院,做啥啥都对,2,161
2023,2,1600,哈尔滨理工大学,哈理工2023ICPC10队,2,164
2023,2,1600,广东金融学院,绿名也想去区域赛,2,164
2023,2,1600,曲阜师范大学,三摆大风车,2,164
2023,2,1600,临沂大学,12WA哥爱玩原,2,164
2023,2,1604,山东理工大学,五亿个小铃铛,2,165
2023,2,1604,南京师范大学,这个签到题不简单,2,165
2023,2,1604,广西科技大学,"风浪越大鱼越贵,什么档次和我一队",2,165
2023,2,1604,湖南警察学院,hp女队,2,165
2023,2,1608,鲁东大学,星星之火 - 燎原,2,166
2023,2,1608,河北民族师范学院,重生之我是jianglyfan,2,166
2023,2,1608,江西师范大学,随便,2,166
2023,2,1608,湖南工学院,"连夜想队名,结果",2,166
2023,2,1608,西安石油大学,debug不罢工队,2,166
2023,2,1613,华北水利水电大学,编译器只用cec,2,167
2023,2,1613,浙江工商大学,两年半的坐牢生活,2,167
2023,2,1613,河南财经政法大学,开学冲冲冲,2,167
2023,2,1613,长沙学院,刘刘刘,2,167
2023,2,1613,福建理工大学,晓之圣龙骑士团,2,167
2023,2,1618,哈尔滨工程大学,马家沟修船工,2,168
2023,2,1618,浙江育英职业技术学院,育英九队,2,168
2023,2,1618,成都东软学院,先WA一发签到,2,168
2023,2,1621,浙江科技学院,咸鱼干,2,169
2023,2,1621,南阳师范学院,不知不觉我跟了这节奏,2,169
2023,2,1623,浙江科技学院,无敌山鸡王队,2,170
2023,2,1623,佛山科学技术学院,千招百千招百千招百式在一息,2,170
2023,2,1623,南京工程学院,NJIT_3队_重生之为什么我不是jly,2,170
2023,2,1626,南华大学,番茄土豆,2,171
2023,2,1626,吉林师范大学,我这NTT写的肯定对,2,171
2023,2,1626,平顶山学院,所以爱会消失对不队,2,171
2023,2,1626,广东医科大学,CodeCrushers,2,171
2023,2,1630,上海科技大学,修赛博bug 赚虚拟功德,2,172
2023,2,1631,聊城大学,抽象,2,173
2023,2,1631,山东建筑大学,小学数学,2,173
2023,2,1631,常熟理工学院,"快告诉老默,我想吃坤了",2,173
2023,2,1631,安阳工学院,CF gril and boys,2,173
2023,2,1631,南昌航空大学,H-Rollers,2,173
2023,2,1631,河南工程学院,南苑二队,2,173
2023,2,1637,浙江工商大学,电之荣,2,174
2023,2,1637,湖北工业大学,敏捷的狐狸跳过懒惰的狗,2,174
2023,2,1637,山东协和学院,ac树下ac果,2,174
2023,2,1637,安徽信息工程学院,艾米莉亚单推组,2,174
2023,2,1641,潍坊学院,此处无队名,2,175
2023,2,1642,安徽工业大学,Sleeping Everywhere,2,176
2023,2,1642,郑州轻工业大学,6000级原神玩家,2,176
2023,2,1642,浙江传媒学院,竹杖芒鞋轻胜马3.1,2,176
2023,2,1645,长江大学,长江之声1队,2,177
2023,2,1645,南京航空航天大学,xcpc while laughing,2,177
2023,2,1645,沈阳航空航天大学,网赛先不着急起队名,2,177
2023,2,1648,广州南方学院,Fury,2,178
2023,2,1648,贵州大学,做的都队,2,178
2023,2,1648,广东东软学院,跑的快才队,2,178
2023,2,1651,湘潭大学,翻斗花园501号,2,179
2023,2,1651,重庆科技学院,今年重科能升大吗?,2,179
2023,2,1651,三峡大学,大爷遛弯队,2,179
2023,2,1651,安阳工学院,做出签到就算成功,2,179
2023,2,1651,广东技术师范大学,只写签到题,2,179
2023,2,1656,鲁东大学,星星之火 - 星光,2,180
2023,2,1656,河南工程学院,南苑五队,2,180
2023,2,1656,阿坝师范学院,star,2,180
2023,2,1656,河南工程学院,南苑三队,2,180
2023,2,1660,阿坝师范学院,目前不知道叫什么所以暂且叫做火攻,2,182
2023,2,1660,西南科技大学,: ) || : (,2,182
2023,2,1660,山东管理学院,快乐呼呼队,2,182
2023,2,1663,成都信息工程大学,AC one will leave work,2,183
2023,2,1664,河南大学,我宣布之前的队伍成绩无效,2,184
2023,2,1664,安徽信息工程学院,T_T,2,184
2023,2,1666,中国科学院大学,你说的队,2,185
2023,2,1666,南阳师范学院,鱼越大鱼越小,2,185
2023,2,1666,河南工程学院,南苑六队,2,185
2023,2,1669,华中农业大学,AFO dreaming,2,186
2023,2,1669,成都信息工程大学,WA的一声哭了出来,2,186
2023,2,1669,浙江育英职业技术学院,育英十一队,2,186
2023,2,1672,河北工业大学,只会写暴力,2,187
2023,2,1672,乐山师范学院,打个比赛英语60分就够了,2,187
2023,2,1672,河南师范大学,我说的都队,2,187
2023,2,1672,河北师范大学,签完到就算成功,2,187
2023,2,1676,济南大学,理塘第一秀才,2,189
2023,2,1676,河北师范大学,初生的暴雪 彼阳的晚意,2,189
2023,2,1678,吉林师范大学,rewrite,2,190
2023,2,1678,郑州轻工业大学,睡大觉队,2,190
2023,2,1678,浙江金融职业学院,福布斯富婆队,2,190
2023,2,1681,安徽工业大学,刘嘉豪爱喝水晶葡萄屌丝饮料,2,191
2023,2,1682,华中农业大学,to be or not to be,2,193
2023,2,1682,浙江工商大学,电之毅,2,193
2023,2,1684,湖南工学院,我有什么办法?,2,194
2023,2,1684,韩山师范学院,臣妾做不出来,2,194
2023,2,1686,浙江工商大学,电之道,2,195
2023,2,1686,南京航空航天大学,3.141592654,2,195
2023,2,1688,莆田学院,飞天小猪,2,196
2023,2,1689,深圳技术大学,SZTU_星河长明,2,197
2023,2,1689,中国矿业大学(北京),不妨常任月朦胧,2,197
2023,2,1691,广东财经大学,OP小分队,2,198
2023,2,1691,沈阳化工大学,欢迎报考沈阳化工大学,2,198
2023,2,1693,烟台大学,落霞与孤雁齐飞,2,199
2023,2,1693,华南农业大学,滨州生可乐,2,199
2023,2,1693,齐鲁工业大学,"旅行者,崩铁好玩吗",2,199
2023,2,1693,广东药科大学,Chtholly And Tree,2,199
2023,2,1697,江南大学,取名困难之犯困了当然很难队,2,200
2023,2,1697,桂林电子科技大学,面包,2,200
2023,2,1699,平顶山学院,TLE自动机,2,202
2023,2,1700,北方工业大学,你数数是不是十个字,2,203
2023,2,1700,东北师范大学,菜鸟启航,2,203
2023,2,1700,山东工商学院,全民出题人,2,203
2023,2,1703,广东工业大学揭阳校区,Aurora,2,204
2023,2,1704,重庆理工大学,rick却没有电,2,205
2023,2,1704,黑龙江工程学院,香辣鸡腿堡,2,205
2023,2,1704,新疆理工学院,Awc自动机,2,205
2023,2,1707,福建理工大学,那我随便起名了,2,206
2023,2,1708,乐山师范学院,众神之父赐予我AC,2,207
2023,2,1708,泰州学院,来个队名宝贝们,2,207
2023,2,1708,中国传媒大学,re从零开始的acmer生活,2,207
2023,2,1708,河南师范大学,宇宙飞船,2,207
2023,2,1708,平顶山学院,pdsu_16,2,207
2023,2,1708,安徽师范大学,计信纯爱三幻神,2,207
2023,2,1714,郑州轻工业大学,终于不用在绝缘本坐牢,2,208
2023,2,1714,东华理工大学,每天0步队,2,208
2023,2,1714,厦门理工学院,猴博士算法组,2,208
2023,2,1714,西安科技大学,Jokers,2,208
2023,2,1718,西南大学,西南大学荣昌校区观光一队,2,209
2023,2,1718,广东东软学院,WLW,2,209
2023,2,1720,华东理工大学,ecust6,2,210
2023,2,1721,山东工商学院,样例说我对了,2,212
2023,2,1721,华东理工大学,ecust8,2,212
2023,2,1723,河北师范大学,云上写生,2,213
2023,2,1723,江西中医药大学,共用电子队2.0,2,213
2023,2,1723,陕西科技大学,究极风暴霸王狂暴雷霆混沌战斗螺旋升天小鸟兽,2,213
2023,2,1726,哈尔滨工程大学,"无牌转生,到了XCPC就拿出真本事",2,214
2023,2,1726,浙江广厦建设职业技术大学,关注永雏塔菲喵谢谢喵,2,214
2023,2,1726,黑龙江大学,《遇到困难睡大觉》,2,214
2023,2,1729,东北农业大学,重生之我们三个人跑了八个队友,2,215
2023,2,1729,郑州轻工业大学,Tsia,2,215
2023,2,1731,湖北文理学院,AC_win,2,216
2023,2,1731,湖北工业大学,。。。,2,216
2023,2,1731,广州大学,社会主义接班人,2,216
2023,2,1734,江西财经大学,被wa出bug的阿尔法狗,2,217
2023,2,1735,河南科技大学,wlw,2,218
2023,2,1735,广州软件学院,菜狗也想银,2,218
2023,2,1735,台州学院,码的和你暴了,2,218
2023,2,1738,湖北工业大学,比赛时做的都队,2,219
2023,2,1738,乐山师范学院,马克思说的队,2,219
2023,2,1740,中国传媒大学,君AC本当上手,2,220
2023,2,1741,同济大学,充不了一点,2,221
2023,2,1741,浙江中医药大学,浙中医四队,2,221
2023,2,1741,宁波大学,真学不动了,2,221
2023,2,1744,湖州师范学院,zjhu_lwl,2,222
2023,2,1744,香港城市大学,"王者,启动!",2,222
2023,2,1744,中国海洋大学,FAG,2,222
2023,2,1744,乐山师范学院,闲踏梧桐,2,222
2023,2,1748,乐山师范学院,卧龙凤雏大聪明,2,223
2023,2,1749,成都信息工程大学,Abnegation Code Crusaders,2,224
2023,2,1749,武汉理工大学,养只猫猫叫糯米,2,224
2023,2,1749,陕西科技大学,A one more,2,224
2023,2,1749,台州学院,让我去比赛?尊嘟假嘟,2,224
2023,2,1749,广州城市理工学院,四面楚歌,2,224
2023,2,1754,吉林师范大学,师徒三人,2,225
2023,2,1754,浙江广厦建设职业技术大学,CFBoys,2,225
2023,2,1756,北京工业大学,123,2,226
2023,2,1757,安徽大学,脱单进度0/3,2,227
2023,2,1757,湖南师范大学,YWY,2,227
2023,2,1757,河南农业大学,顾北清歌寒,2,227
2023,2,1757,东南大学,职业op队,2,227
2023,2,1757,浙江工商大学,电之骄,2,227
2023,2,1762,华南师范大学,与发际线作队(I Still Have Hairs),2,228
2023,2,1762,南阳师范学院,因为太菜就把暴力循环点满了,2,228
2023,2,1762,金陵科技学院,今天喝AC钙了吗,2,228
2023,2,1762,福建理工大学,在木台上晰里不糊涂的多加芝士,2,228
2023,2,1762,浙江财经大学,离异带两娃,2,228
2023,2,1767,南阳理工学院,队友不知道叫什么队,2,230
2023,2,1767,哈尔滨理工大学,哈理工2023ICPC8队,2,230
2023,2,1769,青岛理工大学,去码头整点薯条,2,231
2023,2,1769,厦门大学嘉庚学院,冲 冲 冲,2,231
2023,2,1769,华南师范大学,while(1) rk--,2,231
2023,2,1772,江西师范大学,原来你也玩原神,2,232
2023,2,1773,中国计量大学,好队,2,233
2023,2,1773,石家庄铁道大学,破浪队,2,233
2023,2,1773,深圳技术大学,SZTU_签到题得做队,2,233
2023,2,1773,聊城大学,爆零还是寄寄爆,2,233
2023,2,1777,南阳理工学院,桑哥静静的画圈圈,2,235
2023,2,1777,南阳理工学院,猫猫向前冲,2,235
2023,2,1777,宁波工程学院,NBUT-2,2,235
2023,2,1777,浙江工业职业技术学院,写啥都队,2,235
2023,2,1781,北京理工大学珠海学院,"奥迪叁钻,我的伙伴",2,236
2023,2,1782,成都大学,码码生的,2,238
2023,2,1782,青岛大学,从零开始的acm生活,2,238
2023,2,1784,常熟理工学院,翻斗花园孩子王,2,239
2023,2,1784,济南大学,一路向北,2,239
2023,2,1784,南昌航空大学,划水摸鱼小分队,2,239
2023,2,1787,温州理工学院,摆烂队,2,240
2023,2,1787,山东建筑大学,重生之我要成为原神高手,2,240
2023,2,1789,成都锦城学院,AK我女装JK,2,241
2023,2,1789,沈阳航空航天大学,滴滴滴队,2,241
2023,2,1791,青岛农业大学海都学院,Sakura,2,242
2023,2,1792,华北理工大学,重生之我们是jianglyfansfans,2,243
2023,2,1792,广东外语外贸大学,秀才,2,243
2023,2,1794,泉州师范学院,暴力不报零,2,244
2023,2,1794,湖南第一师范学院,面向样例编程,2,244
2023,2,1796,常熟理工学院,原农铁都沾点,2,246
2023,2,1797,沈阳航空航天大学,时间琉璃,2,247
2023,2,1798,肇庆学院,北岭山脊吹风,2,248
2023,2,1798,北京理工大学珠海学院,四级?启动!,2,248
2023,2,1798,常熟理工学院,决策迷雾,2,248
2023,2,1798,金陵科技学院,WA怎么你了,2,248
2023,2,1798,安阳工学院,海底小纵队,2,248
2023,2,1803,成都大学,"见微知著,食人心智",2,250
2023,2,1803,华北理工大学,终极鱿鱼香蕉船大战钢铁烈焰马自达,2,250
2023,2,1805,广东外语外贸大学,"贪心妙手,动规俗手",2,251
2023,2,1805,南京晓庄学院,三个不玩原的,2,251
2023,2,1807,江苏科技大学,两间余一卒,2,252
2023,2,1808,三峡大学,猫猫队睡大觉,2,253
2023,2,1808,湖南第一师范学院,没爱了对不队,2,253
2023,2,1810,吉首大学,剑心,2,254
2023,2,1811,山东工商学院,明天就去看Live,2,256
2023,2,1811,西南科技大学,学姐再爱我一次,2,256
2023,2,1811,中国人民解放军战略支援部队信息工程大学,签到就下班,2,256
2023,2,1811,广东东软学院,丙乙甲,2,256
2023,2,1811,贵州民族大学,青花鱼,2,256
2023,2,1811,桂林电子科技大学,霍家军,2,256
2023,2,1811,淮阴工学院,理解万岁,2,256
2023,2,1818,潍坊学院,华哥打铁我拿铜,2,257
2023,2,1819,河北经贸大学,三月雨,2,260
2023,2,1819,华北理工大学,尊嘟假嘟0.o,2,260
2023,2,1819,黄淮学院,无敌暴龙,2,260
2023,2,1822,浙江育英职业技术学院,育英七队,2,261
2023,2,1822,哈尔滨理工大学,哈理工2023ICPC15队,2,261
2023,2,1822,西南交通大学,TFbugs,2,261
2023,2,1825,长沙师范学院,Ac ++,2,262
2023,2,1826,华南农业大学,打ACM打的,2,263
2023,2,1826,华南师范大学,干饭冲锋队,2,263
2023,2,1828,南华大学,树套树套树,2,264
2023,2,1829,福建农林大学,青春的灰名选手不会遇到dp学长,2,265
2023,2,1829,河南财政金融学院,海底小分队,2,265
2023,2,1831,山东财经大学,还没想好,2,266
2023,2,1831,淮北师范大学,玛卡巴卡,2,266
2023,2,1831,衡阳师范学院,羊村三霸王,2,266
2023,2,1834,共青科技职业学院,GK001,2,267
2023,2,1834,福建技术师范学院,从容应,2,267
2023,2,1836,成都东软学院,白日梦想家,2,268
2023,2,1836,东北大学秦皇岛分校,编啥都队,2,268
2023,2,1838,太原理工大学,爆零自动机,2,269
2023,2,1838,南京邮电大学,njupt23team25,2,269
2023,2,1840,浙江工业职业技术学院,队内有一个笨蛋,2,270
2023,2,1841,兰州交通大学,我们都有美好的未来,2,271
2023,2,1841,河南科技大学,"菜,有点绿色",2,271
2023,2,1843,宜春学院,总之就是不会dp,2,272
2023,2,1844,江南大学,电鸡小子,2,274
2023,2,1845,长春理工大学,有个电灯泡OvO,2,275
2023,2,1846,中国矿业大学,cumt6,2,278
2023,2,1846,西南石油大学,二缺一,2,278
2023,2,1846,大连理工大学,dlut06,2,278
2023,2,1849,西华大学,原来不玩原神真的很菜,2,279
2023,2,1849,贵州大学,三人成行,2,279
2023,2,1849,浙江工商大学,电之奇,2,279
2023,2,1852,郑州轻工业大学,从第一题开始WA,2,280
2023,2,1852,成都信息工程大学,萤火漫天,2,280
2023,2,1852,山东石油化工学院,山石二队,2,280
2023,2,1855,台州学院,玩原神玩的,2,281
2023,2,1855,东北大学秦皇岛分校,12A队,2,281
2023,2,1857,大连理工大学盘锦校区,只会签到太下头,2,282
2023,2,1858,华中农业大学,他就是个战神,2,283
2023,2,1859,南昌理工学院,队长说打完去洗浴城按摩上三楼,2,286
2023,2,1859,西南科技大学,我不是管人痴,2,286
2023,2,1861,南昌航空大学,发际线和我作队,2,287
2023,2,1861,河南师范大学,饭醉团伙,2,287
2023,2,1863,沈阳航空航天大学,到底是哪个笨蛋忘记交报名表了啊啊啊啊啊,2,288
2023,2,1863,浙江工业职业技术学院,重生之我是懒羊羊,2,288
2023,2,1863,河南工程学院,南苑一队,2,288
2023,2,1866,延安大学西安创新学院,九十六,2,291
2023,2,1866,湖州师范学院,zjhu_yny,2,291
2023,2,1868,郑州航空工业管理学院,CFBOYS,2,292
2023,2,1869,上饶师范学院,AAAAAA,2,294
2023,2,1869,桂林电子科技大学,超搞笑级的打铁,2,294
2023,2,1869,中国地质大学(武汉),薛定谔的AC,2,294
2023,2,1869,山东大学,我真的拴Q队,2,294
2023,2,1873,广州大学,混分大师联盟,2,296
2023,2,1874,泉州师范学院,赛尔号,2,298
2023,2,1875,浙江农林大学,打ACM大的↑,2,299
2023,2,1875,华南师范大学,我们不是废物对不队,2,299
2023,2,1877,湖南第一师范学院,你又TLE了对不,2,300
2023,2,1878,西安理工大学,你们喜欢长的队名还是短的队名,2,301
2023,2,1878,成都信息工程大学,横眉冷队,2,301
2023,2,1878,华南农业大学,代码能跑就队,2,301
2023,2,1881,北京印刷学院,中国出版大学,2,302
2023,2,1881,烟台理工学院,石教授与他两个学生,2,302
2023,2,1881,聊城大学,倘若我玩原舟农阁下该如何应对,2,302
2023,2,1884,贵州民族大学,T-Rex,2,303
2023,2,1885,中国海洋大学,Rowing,2,304
2023,2,1885,北京林业大学,琪露诺61YY保佑·可回收垃圾,2,304
2023,2,1885,山东石油化工学院,去线下就算成功,2,304
2023,2,1888,湖南中医药大学,Re:从0开始的acm生活,2,305
2023,2,1889,北方工业大学,九九六,2,307
2023,2,1890,西北大学,"ACM只是副业,旅游才是正解",2,308
2023,2,1890,江南大学,猫猫最可爱,2,308
2023,2,1892,澳门大学,逸一时误一世,2,309
2023,2,1893,西南财经大学,木,2,310
2023,2,1894,青岛大学,爱会消失对不队,2,312
2023,2,1894,郑州轻工业大学,草莓小狗们,2,312
2023,2,1896,青岛大学,No cap,2,314
2023,2,1896,青岛大学,flamingo,2,314
2023,2,1898,三峡大学,我们眼中只有01,2,316
2023,2,1899,温州大学,温大四队,2,317
2023,2,1900,兰州理工大学,豪杰华人,2,318
2023,2,1901,华中农业大学,睡觉集中营,2,320
2023,2,1902,江西中医药大学,我就来试试水,2,321
2023,2,1903,电子科技大学中山学院,香山9队,2,322
2023,2,1904,浙江传媒学院,什么档次和我一队,2,323
2023,2,1905,华北电力大学(北京),猫猫今天不想爆零,2,324
2023,2,1906,西华大学,ACM彭于晏,2,329
2023,2,1907,国防科技大学,JOKER,2,330
2023,2,1908,浙江育英职业技术学院,育英十五队,2,332
2023,2,1909,广州华立学院,"打什么xcpc,你又不是xxx",2,335
2023,2,1910,贵州大学,随便吧,2,336
2023,2,1910,湖州师范学院,zjhu_zfh,2,336
2023,2,1910,重庆理工大学,头铁能不能拿铁,2,336
2023,2,1913,绍兴文理学院元培学院,菜地卷狗,2,337
2023,2,1914,江西财经大学,can't but right,2,338
2023,2,1915,烟台大学,英雄队,2,339
2023,2,1915,黑龙江大学,Lothric,2,339
2023,2,1917,浙江农林大学,"吾随年迈,箭矢尤锋",2,340
2023,2,1918,沈阳航空航天大学,我也想AC,2,342
2023,2,1919,成都大学,junxun_free_oye,2,343
2023,2,1919,韩山师范学院,爱莉希雅神教,2,343
2023,2,1921,黑龙江工程学院,打算法竞赛的都是网瘾少年早该电电,2,345
2023,2,1922,重庆工程学院,再次启动!,2,348
2023,2,1922,新疆大学,猎户座,2,348
2023,2,1924,兰州理工大学,脑袋空空,2,350
2023,2,1925,陕西科技大学,果壳中的开开门,2,352
2023,2,1926,山东科技大学,阿基米德号NCC_83002,2,353
2023,2,1926,北京理工大学珠海学院,中国移不动队,2,353
2023,2,1928,中国人民解放军战略支援部队信息工程大学,来之不易,2,354
2023,2,1929,长江师范学院,呆呆鹅,2,356
2023,2,1930,惠州学院,打完就下号,2,357
2023,2,1931,河北工程大学,核工程氕氘氚,2,358
2023,2,1932,广东金融学院,ac一题就算赢,2,360
2023,2,1933,湖南城市学院,serendipity,2,361
2023,2,1933,南京邮电大学,njupt23team14,2,361
2023,2,1933,宁波职业技术学院,三人成行,2,361
2023,2,1936,北京印刷学院,自动AC机,2,363
2023,2,1937,徐州工程学院,进击的巨人,2,365
2023,2,1938,成都锦城学院,暴力解决一切,2,366
2023,2,1939,南华大学,WA真的是你啊,2,367
2023,2,1939,湖南工程学院,养wa池,2,367
2023,2,1939,武汉商学院,你说AC_尊嘟假嘟o.O?,2,367
2023,2,1942,江西科技学院,试炼者,2,368
2023,2,1943,济南大学,一轮明月笑嘻嘻,2,370
2023,2,1944,中国矿业大学(北京),freshmanPro,2,371
2023,2,1944,闽南师范大学,旺旺雪饼,2,371
2023,2,1946,广州城市理工学院,打个铁先,2,374
2023,2,1947,大连理工大学城市学院,水星记,2,375
2023,2,1948,武汉科技大学,不会取名字,2,377
2023,2,1948,成都东软学院,三哈狗,2,377
2023,2,1948,山东理工大学,黄昏见证虔诚的信徒,2,377
2023,2,1948,江苏理工学院,求求给个名额吧!(JSUT-1),2,377
2023,2,1952,河北师范大学,Hello World AC一切,2,378
2023,2,1953,东北大学秦皇岛分校,打酱油队,2,379
2023,2,1953,深圳技术大学,SZTU_丝滑拿铁,2,379
2023,2,1955,徐州工程学院,养蛊小队,2,382
2023,2,1956,山东协和学院,Dogeheads,2,383
2023,2,1957,安阳工学院,快乐小飞队,2,385
2023,2,1958,山东理工大学,差不多得了,2,387
2023,2,1958,中国海洋大学,Always AC,2,387
2023,2,1960,温州大学,温大七队,2,388
2023,2,1961,东莞理工学院,还没想好队名,2,389
2023,2,1961,电子科技大学中山学院,香山7队,2,389
2023,2,1961,东南大学,三人成行,2,389
2023,2,1964,山东科技大学,阿尔-巴塔尼号,2,390
2023,2,1964,兰州大学,一码平川,2,390
2023,2,1964,兰州大学,啥都做不队,2,390
2023,2,1964,福州大学至诚学院,至诚1队,2,390
2023,2,1968,太原理工大学,参宿一,2,392
2023,2,1969,湖州师范学院,zjhu_lcy,2,393
2023,2,1970,湘潭大学,罚时爆炸,2,394
2023,2,1971,山东理工大学,临时组了个队,2,395
2023,2,1972,华中农业大学,日月星,2,403
2023,2,1973,衡水学院,尊嘟假嘟o.O?,2,406
2023,2,1974,郑州轻工业大学,对对队,2,409
2023,2,1975,南昌航空大学,队名先欠着,2,410
2023,2,1976,青岛大学,彩笔队,2,415
2023,2,1977,安徽师范大学,夕阳的刻痕,2,416
2023,2,1977,曲阜师范大学,非遗文化打铁花三传人,2,416
2023,2,1979,鲁东大学,星星之火 - 易燃,2,418
2023,2,1980,乐山师范学院,怎么一个都不队,2,419
2023,2,1981,温州大学,温大六队,2,425
2023,2,1982,湖南理工学院,试试就逝世,2,427
2023,2,1983,西藏民族大学,秦汉2,2,437
2023,2,1984,河北工程技术学院,"杏仁露真好喝,六个核桃也好喝",2,439
2023,2,1985,山东中医药大学,山中医代表,2,440
2023,2,1986,浙江理工大学,什么都不对,2,441
2023,2,1986,淮阴工学院,从百草园写到三味书屋,2,441
2023,2,1988,武汉纺织大学,英文字母,2,449
2023,2,1988,山东理工大学,队友补考高数忘了取队名,2,449
2023,2,1990,广东东软学院,你若AC便是晴天,2,450
2023,2,1991,桂林电子科技大学北海校区,重生之我想当菜狗,2,455
2023,2,1992,中国计量大学现代科技学院,紫腚AC,2,456
2023,2,1993,郑州航空工业管理学院,抽象非我意,2,457
2023,2,1994,烟台大学,秋水共长天一色队,2,458
2023,2,1995,苏州大学,avoidErr队,2,459
2023,2,1996,中国科学技术大学,你不懂长劲鹿的痛,2,460
2023,2,1997,云南大学,提交的都队,2,466
2023,2,1998,华南农业大学,理塘队,2,470
2023,2,1999,宁波诺丁汉大学,好好好您说的都队,2,474
2023,2,2000,河南理工大学,三个臭皮匠,2,477
2023,2,2000,温州商学院,咸鱼摆烂瑶,2,477
2023,2,2002,浙江万里学院,can can need 66,2,484
2023,2,2003,合肥工业大学,对对队,2,487
2023,2,2004,郑州航空工业管理学院,知识学爆,2,492
2023,2,2004,潍坊学院,欲买桂花同载酒,2,492
2023,2,2006,南昌理工学院,斐济悲,2,499
2023,2,2007,湖北工业大学,被切割了woc,2,502
2023,2,2008,淮北师范大学,算法不如算命,2,512
2023,2,2009,广西科技大学,突秃小队,2,513
2023,2,2010,山东中医药大学,源涞如此,2,516
2023,2,2011,河南科技学院,"原神,启动",2,519
2023,2,2012,澳门大学,UM三帅,2,523
2023,2,2013,天津仁爱学院,只因******,2,536
2023,2,2014,肇庆学院,北岭山中听雨,2,552
2023,2,2014,北京师范大学-香港浸会大学联合国际学院,BUG联盟,2,552
2023,2,2016,中国民航大学,谁问你了,2,563
2023,2,2017,广东东软学院,听取wa声一片,2,582
2023,2,2018,中国海洋大学,Anyway 3 mult 7 is 21,2,598
2023,2,2019,贵州民族大学,饭醉团队,2,602
2023,2,2020,西安理工大学,三只小爬虫,2,650
2023,2,2021,贵州大学,铜牌分界线,2,651
2023,2,2022,福建技术师范学院,鑫国队,2,659
2023,2,2023,乐山师范学院,益生元,2,668
2023,2,2024,澳门大学,Starfield X,2,685
2023,2,2025,浙江理工大学,86-不存在的AC,2,734
2023,2,2026,湖州师范学院,zjhu_zlw,2,758
2023,2,2027,沈阳航空航天大学,啥算法都不会,2,770
2023,2,2028,成都信息工程大学,AC automaton,2,954
2023,2,2029,中国科学技术大学,温州观光团,1,15
2023,2,2030,浙江中医药大学,浙中医一队,1,18
2023,2,2030,广西科技大学,二佬带我玩,1,18
2023,2,2032,东北大学秦皇岛分校,拿奖不如玩原神,1,21
2023,2,2032,山东工商学院,"摊煎饼的狗头萝莉,请收下我最后的AC吧!",1,21
2023,2,2034,曲阜师范大学,icpc铁匠铺,1,23
2023,2,2034,中国矿业大学(北京),AutoAcMachine,1,23
2023,2,2036,西北师范大学,6,1,24
2023,2,2037,南阳理工学院,那也是别人的以为,1,25
2023,2,2037,江西科技学院,"帮帮我,卡芙卡妈妈",1,25
2023,2,2037,大连东软信息学院,22try,1,25
2023,2,2040,安徽工程大学,这样例保熟嘛,1,26
2023,2,2040,重庆交通大学,"糟糕糟糕Oh My God,魔法怎么失灵啦 !",1,26
2023,2,2042,浙江中医药大学,浙中医三队,1,27
2023,2,2042,武昌理工学院,沙烬姐姐雅沙西,1,27
2023,2,2042,深圳大学,SZU_Datie,1,27
2023,2,2045,齐齐哈尔大学,你说的对但我选择齐齐哈尔大学,1,28
2023,2,2045,中国矿业大学,cumt9,1,28
2023,2,2045,烟台大学,提交什么都队,1,28
2023,2,2048,哈尔滨学院,珠泪哀歌Pro,1,31
2023,2,2049,南昌航空大学,雀食蟀但是菜,1,32
2023,2,2050,绍兴文理学院元培学院,汪汪队蹲大牢,1,33
2023,2,2050,河北工程大学,谁家小孩,1,33
2023,2,2050,上海工程技术大学,中分图书馆,1,33
2023,2,2053,华东交通大学,真想不出正常名字了,1,34
2023,2,2053,浙江传媒学院,21318,1,34
2023,2,2055,北京师范大学珠海校区,队友心腹dahuan,1,35
2023,2,2055,湖州师范学院,zjhu_wwc,1,35
2023,2,2055,青岛大学,守护最好的坤坤队,1,35
2023,2,2058,宁波大学,我们指定,1,36
2023,2,2058,浙江农林大学,暴龙战士,1,36
2023,2,2058,浙江警官职业学院,不会DP怎么办,1,36
2023,2,2058,华南师范大学,键值队,1,36
2023,2,2058,齐齐哈尔大学,A不了一点,1,36
2023,2,2058,安阳工学院,gagagaga,1,36
2023,2,2058,通化师范学院,研究过场,1,36
2023,2,2065,九江学院,冬雪莲,1,37
2023,2,2065,天津仁爱学院,你又WA了对不对,1,37
2023,2,2065,南阳师范学院,LTH,1,37
2023,2,2068,沈阳航空航天大学,深藏blue,1,38
2023,2,2068,浙江工商大学,签到题千万要队,1,38
2023,2,2070,西华师范大学,"WA常有而AC不常有,常寄于TLE之手",1,39
2023,2,2070,西南民族大学,为什么不能V我50,1,39
2023,2,2070,合肥学院,秃头少女,1,39
2023,2,2073,南京邮电大学通达学院,求求你们不要再玩原神了,1,41
2023,2,2074,河南财政金融学院,巨山超力霸队,1,42
2023,2,2074,阜阳师范大学,青春蒟蒻少年不会遇见AC梦,1,42
2023,2,2076,华北理工大学,小白探水队,1,43
2023,2,2076,贵州工程应用技术学院,GGboy,1,43
2023,2,2078,宁波工程学院,NBUT-4,1,44
2023,2,2078,安阳师范学院,退役求铜,1,44
2023,2,2078,兰州理工大学,亡羊补牢队,1,44
2023,2,2078,湖南警察学院,不想走路队,1,44
2023,2,2082,湖北工业大学,主打的就是一个陪伴队,1,45
2023,2,2082,新疆大学,AC刺客,1,45
2023,2,2082,江西财经大学,Professional imprisonment,1,45
2023,2,2082,电子科技大学中山学院,香山5队,1,45
2023,2,2082,临沂大学,时来运转,1,45
2023,2,2082,哈尔滨理工大学,哈理工2023ICPC18队,1,45
2023,2,2082,河南工程学院,acmer学姐爱上我,1,45
2023,2,2089,东华理工大学,压力怪别压力,1,46
2023,2,2090,华东理工大学,ecust3,1,47
2023,2,2090,闽南师范大学,"WA且TLE,不坠AC之志",1,47
2023,2,2090,河北师范大学,还有多远才能把你ac,1,47
2023,2,2090,西北大学,AAA白菜批发,1,47
2023,2,2090,广州软件学院,太平镇妙妙屋,1,47
2023,2,2095,黑龙江工程学院,抓螃蟹,1,48
2023,2,2095,湖南大学,玩原神玩的队,1,48
2023,2,2095,沈阳化工大学,莪們唻嚗〇菈,1,48
2023,2,2098,山东大学,大法师,1,49
2023,2,2098,淮北师范大学,无言以队,1,49
2023,2,2100,南京师范大学,有福同享有难退队,1,50
2023,2,2100,河南师范大学,JCL队,1,50
2023,2,2100,武汉轻工大学,瓦香鸡,1,50
2023,2,2103,东北电力大学,东电-NTGKC,1,51
2023,2,2103,河北经贸大学,还海洋一片蓝色,1,51
2023,2,2105,成都信息工程大学,碱基互补配队,1,52
2023,2,2105,江西农业大学,"转生成只因,只要ak就能变强",1,52
2023,2,2105,武昌首义学院,打铁四队,1,52
2023,2,2108,北京工业大学,又快又好:D,1,53
2023,2,2109,西华大学,不想看见WA,1,54
2023,2,2109,南昌航空大学,代码敲不队,1,54
2023,2,2111,郑州轻工业大学,做的都不队,1,55
2023,2,2111,惠州学院,想不出来,1,55
2023,2,2111,韶关学院,韶关学院信工队,1,55
2023,2,2114,成都锦城学院,队友怎么写都队,1,56
2023,2,2115,中国人民解放军战略支援部队信息工程大学,万年船,1,57
2023,2,2115,河南师范大学,22无上床下桌队,1,57
2023,2,2115,西南财经大学,竹杖芒鞋轻胜马,1,57
2023,2,2118,河南中医药大学,不会签到题就是你的不队,1,58
2023,2,2118,湖南理工学院,闷声发大财,1,58
2023,2,2120,西华师范大学,PO1135809,1,59
2023,2,2120,徐州工程学院,没有这里,1,59
2023,2,2122,山东管理学院,拼搏百天上山管,1,60
2023,2,2122,郑州经贸学院,高数不会怎么办?先导一下,1,60
2023,2,2124,哈尔滨商业大学,哈商大3队,1,61
2023,2,2124,成都理工大学工程技术学院,大母牛,1,61
2023,2,2126,宜春学院,阿巴阿巴阿巴,1,62
2023,2,2126,唐山师范学院,你们写的都不队,1,62
2023,2,2126,湖南工商大学,smooth队,1,62
2023,2,2129,江西师范大学,好一个队,1,63
2023,2,2129,盐城工学院,壮志凌云,1,63
2023,2,2129,盐城工学院,佳嘉雨,1,63
2023,2,2132,南京师范大学,来ACM整点薯条,1,64
2023,2,2133,淮北师范大学,重甲奥丁,1,65
2023,2,2133,武昌首义学院,个人练习生,1,65
2023,2,2133,莆田学院,学计算机当外卖员,1,65
2023,2,2133,华中农业大学,不想种地队,1,65
2023,2,2133,重庆工程学院,斧头帮,1,65
2023,2,2133,广西科技大学,Computational Thinkers,1,65
2023,2,2139,哈尔滨商业大学,哈商大2队,1,66
2023,2,2139,北京工业大学,三只小猪,1,66
2023,2,2139,江西农业大学,PAI,1,66
2023,2,2139,河南中医药大学,张仲景转世敲代码,1,66
2023,2,2139,安徽财经大学,关于队名起的这么长导致TLE这件事,1,66
2023,2,2144,韩山师范学院,幸福的队有着相似的AC不幸的队各有各的WA法,1,67
2023,2,2145,中国海洋大学,Ah Right Right,1,68
2023,2,2145,东莞理工学院,Unnamed,1,68
2023,2,2145,兰州理工大学,Time penalty,1,68
2023,2,2148,山东中医药大学,队长没过六级,1,69
2023,2,2148,温州商学院,WA是常态,1,69
2023,2,2148,河南工程学院,南苑四队,1,69
2023,2,2151,江西财经大学,萍水三侠客,1,70
2023,2,2152,国防科技大学,AC之心,1,71
2023,2,2152,淮阴工学院,霸王龙挖掘机,1,71
2023,2,2152,绍兴文理学院元培学院,重生之我是Asuka,1,71
2023,2,2152,浙江警官职业学院,啊对对队,1,71
2023,2,2156,浙江金融职业学院,软饭硬吃,1,72
2023,2,2157,桂林电子科技大学,敢杀我的马,1,73
2023,2,2157,河南财政金融学院,浑水摸鱼,1,73
2023,2,2159,成都信息工程大学,AAA 花开富贵,1,74
2023,2,2159,南京邮电大学,njupt23team17,1,74
2023,2,2159,华东交通大学,重生之我在比赛打铁,1,74
2023,2,2159,广西外国语学院,重回脑袋开发的第百分之十,1,74
2023,2,2163,肇庆学院,北岭山脚踩草,1,75
2023,2,2163,无锡学院,专业wa掘机,1,75
2023,2,2165,南京邮电大学,njupt23team18,1,76
2023,2,2165,沈阳农业大学,从零开始,1,76
2023,2,2167,成都锦城学院,编不出名队,1,77
2023,2,2168,湖州师范学院,zjhu_zxd,1,78
2023,2,2169,东南大学,不会取名字啊,1,79
2023,2,2170,华南理工大学,以上成绩无效队,1,80
2023,2,2171,大连大学,"莫忘沧海,莫失巫山",1,81
2023,2,2171,河南工程学院,队友答题我答辩,1,81
2023,2,2171,北京师范大学珠海校区,铁人三项,1,81
2023,2,2174,商丘师范学院,努力签到队,1,82
2023,2,2174,闽南师范大学,"原神,启动!",1,82
2023,2,2176,重庆交通大学,我嫁给他还不是因为你喜欢人妻,1,83
2023,2,2176,西南财经大学,"!动启,神原",1,83
2023,2,2176,南华大学,我们不是人机队,1,83
2023,2,2179,重庆工程学院,怎么说?,1,84
2023,2,2180,武昌首义学院,打铁三队,1,85
2023,2,2180,天津仁爱学院,超能陆战队,1,85
2023,2,2182,乐山师范学院,立大功汪汪队,1,87
2023,2,2182,海南大学,蒙的都队,1,87
2023,2,2184,上海海洋大学,ec冒泡,1,88
2023,2,2185,南昌航空大学,無限進步1.0,1,90
2023,2,2185,杭州电子科技大学信息工程学院,BugGPT,1,90
2023,2,2185,江西中医药大学,啊对对队,1,90
2023,2,2185,中国民航大学,看看能不能过队,1,90
2023,2,2189,安徽财经大学,独行亦往,1,92
2023,2,2190,中南林业科技大学,CSUFT4,1,94
2023,2,2191,上海应用技术大学,玩原神玩的,1,95
2023,2,2192,南京邮电大学,njupt23team23,1,96
2023,2,2193,南昌理工学院,只会写签到题,1,97
2023,2,2194,中国海洋大学,Hello weekend,1,98
2023,2,2194,东华理工大学,╭∩╮( 03° 0503 03°)╭∩╮,1,98
2023,2,2196,贵州工程应用技术学院,心心念念的奶油泡芙卡洛斯,1,99
2023,2,2197,徐州工程学院,进击的女战士,1,101
2023,2,2197,山东财经大学,尊嘟假嘟,1,101
2023,2,2199,四川信息职业技术学院,雷霆4队,1,102
2023,2,2200,湖州师范学院,zjhu_zly,1,103
2023,2,2201,西藏民族大学,秦汉3,1,105
2023,2,2202,江西中医药大学,不争馒头争口气,1,106
2023,2,2203,山东工商学院,"不管,暴力是最优",1,107
2023,2,2203,沈阳航空航天大学,吉祥三宝,1,107
2023,2,2203,广西师范大学,轻舟已过万重山,1,107
2023,2,2206,河北师范大学,师大之光,1,108
2023,2,2207,哈尔滨商业大学,哈商大5队,1,109
2023,2,2208,重庆城市科技学院,荆棘,1,110
2023,2,2208,延安大学西安创新学院,尊嘟假嘟嘟嘟嘟,1,110
2023,2,2208,成都理工大学工程技术学院,全员AC,1,110
2023,2,2211,中国海洋大学,Kai Bai,1,111
2023,2,2212,中国民航大学,请多指教队,1,112
2023,2,2213,陕西科技大学,青春打蛟周处会不会梦到陆云さま,1,113
2023,2,2214,长沙师范学院,梦之队,1,114
2023,2,2215,山东工商学院,A不动就C,1,117
2023,2,2215,徐州工程学院,LWTW,1,117
2023,2,2217,华南师范大学,6,1,118
2023,2,2217,河南工业大学,嘻嘻哈哈,1,118
2023,2,2219,武汉工程大学邮电与信息工程学院,随便取,1,120
2023,2,2219,烟台理工学院,能跑就行,1,120
2023,2,2219,贵州大学,云志队,1,120
2023,2,2222,安徽财经大学,泽鑫,1,121
2023,2,2223,北京师范大学-香港浸会大学联合国际学院,试图起名,1,122
2023,2,2224,韩山师范学院,云云队,1,123
2023,2,2225,江苏理工学院,求求给个名额吧!(JSUT-2),1,126
2023,2,2226,沈阳航空航天大学,沈航第一混子,1,127
2023,2,2226,南京航空航天大学,签到小队,1,127
2023,2,2228,江西农业大学,这里有个英专生对不,1,129
2023,2,2229,北京师范大学-香港浸会大学联合国际学院,流浪马戏团,1,131
2023,2,2229,河北师范大学,海洋陆地焦虑被accept,1,131
2023,2,2231,桂林电子科技大学,暴打老学长队,1,132
2023,2,2231,唐山师范学院,格兰芬多小队,1,132
2023,2,2233,浙江万里学院,万里欢迎你,1,139
2023,2,2234,济南大学,"今天伙食不好,九十,启动",1,140
2023,2,2234,南京警察学院,翻斗花园突破手,1,140
2023,2,2236,长江大学,长江2队嘿嘿嘿,1,141
2023,2,2236,绍兴文理学院元培学院,看不见我,1,141
2023,2,2238,西南大学,小青蛙队,1,142
2023,2,2239,贵州工程应用技术学院,海底小纵队plus,1,145
2023,2,2240,中国海洋大学,go and look,1,147
2023,2,2240,中国海洋大学,Chicken pecking,1,147
2023,2,2242,湖州师范学院,zjhu_ndh,1,148
2023,2,2242,贵州民族大学,这样很离谱,1,148
2023,2,2244,哈尔滨学院,队名无所谓,1,149
2023,2,2245,广州大学,o泡果奶,1,150
2023,2,2245,广州大学,啊对对队,1,150
2023,2,2247,南阳师范学院,摸鱼队,1,151
2023,2,2247,海南大学,所以爱会消失对不队,1,151
2023,2,2249,北京理工大学珠海学院,什么都队,1,155
2023,2,2249,韩山师范学院,周星星,1,155
2023,2,2251,浙江广厦建设职业技术大学,还没想好叫什么,1,156
2023,2,2252,中国海洋大学,PAW,1,158
2023,2,2253,东南大学,group ABC,1,162
2023,2,2254,哈尔滨理工大学,哈理工2023ICPC14队,1,164
2023,2,2255,江西农业大学,汪汪队,1,166
2023,2,2256,哈尔滨工业大学(深圳),护眼冬声,1,168
2023,2,2256,东华理工大学,对对对队,1,168
2023,2,2256,广东东软学院,魔芋粉,1,168
2023,2,2259,中国人民解放军战略支援部队信息工程大学,你们都不队,1,171
2023,2,2260,哈尔滨商业大学,哈商大4队,1,175
2023,2,2261,山东财经大学,什么都不队,1,178
2023,2,2261,沈阳化工大学,菜鸟驿站,1,178
2023,2,2263,河北经贸大学,基因重组,1,180
2023,2,2264,广州城市理工学院,chatgpt*3,1,189
2023,2,2265,贵州民族大学,偕行,1,191
2023,2,2266,中国海洋大学,The best name is no name,1,192
2023,2,2266,大连东软信息学院,Firefly,1,192
2023,2,2268,浙江传媒学院,桥豆麻队,1,194
2023,2,2269,东华理工大学,abc,1,195
2023,2,2270,重庆工程学院,重工施工队,1,197
2023,2,2271,沈阳航空航天大学,好队,1,198
2023,2,2272,南京邮电大学,njupt23team19,1,202
2023,2,2272,山东工商学院,哆啦AC梦,1,202
2023,2,2274,乐山师范学院,春丽发紧跳了,1,205
2023,2,2275,东莞理工学院,abaabadui,1,211
2023,2,2276,吉林师范大学,对对对对对对对对,1,219
2023,2,2277,东华理工大学,喜羊羊队,1,220
2023,2,2278,南京邮电大学通达学院,莉莉白发光是莉莉虹吗,1,223
2023,2,2279,济南大学,蒟蒻想做队,1,224
2023,2,2280,北京师范大学-香港浸会大学联合国际学院,灰色畅想,1,225
2023,2,2281,东华理工大学,东海帝皇爱吃Hachimi,1,227
2023,2,2282,河北师范大学,百事可口队,1,228
2023,2,2282,南阳师范学院,有思路就算成功,1,228
2023,2,2284,湖北文理学院,做啥都队,1,229
2023,2,2285,成都锦城学院,快乐队!,1,233
2023,2,2286,共青科技职业学院,共青科技职业学院,1,234
2023,2,2287,南京工程学院,NJIT_5队_脑洞漫游者,1,244
2023,2,2288,东华理工大学,三人成行敢死队,1,245
2023,2,2289,河南科技大学,爆米花,1,251
2023,2,2289,广东财经大学,苏拉(SAOLA),1,251
2023,2,2291,绍兴文理学院元培学院,ypNumberT1,1,252
2023,2,2292,陕西科技大学,ac一道题就好,1,259
2023,2,2293,浙江金融职业学院,浙金院7队,1,263
2023,2,2294,河南师范大学,quickly队,1,265
2023,2,2295,温州大学,温大三队,1,271
2023,2,2295,中国海洋大学,Dead While Touching Fish,1,271
2023,2,2297,东华理工大学,鸿鹄之志队,1,278
2023,2,2298,成都锦城学院,成都第一老六,1,293
2023,2,2299,河南工程学院,南苑七队,1,294
2023,2,2300,成都理工大学,二仙桥摸鱼日记,1,302
2023,2,2301,沈阳航空航天大学,对对对你说的都不队,1,316
2023,2,2302,海南大学,全程gai溜子,1,324
2023,2,2303,郑州工商学院,不要再WA啦,1,354
2023,2,2304,广州城市理工学院,1+1+1随心队,1,367
2023,2,2305,泰州学院,塔罗队,1,382
2023,2,2306,南京理工大学泰州科技学院,落魄魄罗迫魄罗落魄,1,402
2023,2,2307,兰州理工大学,划水我们是专业的,1,410
2023,2,2308,江西中医药大学,一股东风,1,504
2023,2,2309,福建技术师范学院,初晨小队,1,509
2023,2,,中国海洋大学,team champion,0,0
2023,2,,内蒙古师范大学,布鲁biu布鲁biu,0,0
2023,2,,上海海洋大学,报名了就队,0,0
2023,2,,宁波职业技术学院,原神启动,0,0
2023,2,,沈阳航空航天大学,混一混,0,0
2023,2,,长沙师范学院,Miracle%,0,0
2023,2,,上海财经大学浙江学院,真不会ICPC,0,0
2023,2,,成都锦城学院,用小小的凳子罚大大的坐,0,0
2023,2,,河北工程大学,天涯过客,0,0
2023,2,,浙江理工大学,GGbond说的队,0,0
2023,2,,成都锦城学院,Code Guardians,0,0
2023,2,,南京晓庄学院,abcd,0,0
2023,2,,湖南理工学院,对对队,0,0
2023,2,,河南工程学院,南苑八队,0,0
2023,2,,宜春学院,超级无敌暴龙战神,0,0
2023,2,,中国海洋大学,You are right,0,0
2023,2,,河北地质大学,为美好的世界献上AC,0,0
2023,2,,沈阳航空航天大学,深藏blue队,0,0
2023,2,,贵州工程应用技术学院,WBG世界赛冠军,0,0
2023,2,,中国海洋大学,MIB,0,0
2023,2,,兰州理工大学,啥都不会队,0,0
2023,2,,贵州民族大学,真理部,0,0
2023,2,,广东海洋大学,这场可以,0,0
2023,2,,上海财经大学浙江学院,Hello ICPC,0,0
2023,2,,商丘师范学院,栓Q师范大学队,0,0
2023,2,,泰山科技学院,Demo,0,0
2023,2,,兰州理工大学,到此一游队,0,0
2023,2,,中国农业大学,瑞士龙组合,0,0
2023,2,,河北师范大学,玊樱队,0,0
2023,2,,大连东软信息学院,东软挂水队,0,0
2023,2,,兰州理工大学,重生之我要学算法,0,0
2023,2,,哈尔滨信息工程学院,只因,0,0
2023,2,,宁波职业技术学院,think02it02possible,0,0
2023,2,,长沙师范学院,划水也ac,0,0
2023,2,,兰州理工大学,你说对就队,0,0
2023,2,,贵州民族大学,巨神战击队,0,0
2023,2,,黑龙江工程学院,土间埋黑龙江分埋,0,0
2023,2,,东华理工大学,春日部防卫队,0,0
2023,2,,哈尔滨信息工程学院,梦之澜,0,0
2023,2,,河南中医药大学,第九队,0,0
2023,2,,浙江广厦建设职业技术大学,team_broken,0,0
2023,2,,山东石油化工学院,啊对对队,0,0
2023,2,,东华理工大学,CV,0,0
2023,2,,南京邮电大学,njupt23team20,0,0
2023,2,,江苏理工学院,求求给个名额吧(JSUT-3),0,0
2023,2,,湖南工学院,旺旺队力大无穷,0,0
2023,2,,泰州学院,车厘子,0,0
2023,2,,河北师范大学,SNZ队,0,0
2023,2,,西藏民族大学,123,0,0
2023,2,,东华理工大学,不吉岛,0,0
2023,2,,河北师范大学,嘻嘻,0,0
2023,2,,哈尔滨学院,大脑寄放处,0,0
2023,2,,延安大学西安创新学院,只要心够决,0,0
2023,2,,南昌理工学院,肥宅joker遇不到爱情,0,0
2023,2,,上海应用技术大学,对什么队,0,0
2023,2,,黄淮学院,尊嘟假嘟,0,0
2023,2,,北京联合大学,三点一线,0,0
2023,2,,河南中医药大学,你说的都队,0,0
2023,2,,北京联合大学,雷霆暴龙队,0,0
2023,2,,上海财经大学浙江学院,尊嘟假嘟,0,0
2023,2,,泰州学院,不倒翁,0,0
2023,2,,南京工程学院,NJIT_4队_发际线与我作队,0,0
2023,2,,东莞理工学院,you are right,0,0
2023,2,,上饶师范学院,大炮,0,0
2023,2,,上饶师范学院,晚安,0,0
2023,2,,仲恺农业工程学院,我不会cpp,0,0
2023,2,,东华理工大学,坤穹队,0,0
2023,2,,河北师范大学,"两场都报,一题不到",0,0
2023,2,,天津仁爱学院,少年先疯队,0,0
2023,2,,南京工程学院,"NJIT_6队_犯吾疆土者,必击而破之",0,0
2023,2,,东华理工大学,大少爷驾到队,0,0
2023,2,,兰州理工大学,pointer,0,0
2023,2,,哈尔滨理工大学,哈理工2023ICPC3队,0,0
2023,2,,中国科学技术大学,Haq,0,0
2023,2,,成都锦城学院,AC向游戏世界对WA角色很不友好,0,0
2023,2,,成都锦城学院,敢wa摆烂队,0,0
2023,2,,山东第一医科大学,"啊,对对对队",0,0
2023,2,,东华理工大学,c语言大王,0,0
2023,2,,江西农业大学,蔡徐坤篮球队,0,0
2023,2,,安徽财经大学,三个菜鸡,0,0
2023,2,,四川信息职业技术学院,雷霆三队,0,0
2023,2,,武汉商学院,皇家艾斯利顿商学院,0,0
2023,2,,河北民族师范学院,尊嘟队,0,0
2023,2,,四川信息职业技术学院,雷霆2队,0,0
2023,2,,贵州民族大学,星云,0,0
2023,2,,四川信息职业技术学院,雷霆1队,0,0
2023,2,,兰州理工大学,新世纪福音战士,0,0
2023,2,,山东中医药大学,鲲鹏,0,0
2023,2,,重庆工程学院,Accept,0,0
2023,2,,四川信息职业技术学院,雷霆5队,0,0
2023,2,,延安大学西安创新学院,A+B,0,0
2023,2,,江西理工大学,开心最重要,0,0
2023,2,,延安大学西安创新学院,crtl + F9,0,0
2023,2,,河北工程大学,针布戳,0,0
2023,2,,河北工程技术学院,阿对对队,0,0
2024,1,1,清华大学,击中月亮,10,1319
2024,1,2,清华大学,Escape,9,1045
2024,1,3,北京大学,躺在沙发上变成没知觉的植物沉入泥中蝶泳,9,1083
2024,1,4,清华大学,雾里看花,9,1246
2024,1,5,北京大学,随机匹配,9,1357
2024,1,6,清华大学,此地无银三百两,9,1444
2024,1,7,清华大学,《我是大赢家》,9,1468
2024,1,8,杭州电子科技大学,杭电1队,8,704
2024,1,9,上海交通大学,夏日影,8,740
2024,1,10,中山大学,中山大学_没有想法,8,825
2024,1,11,浙江大学,来生,8,827
2024,1,12,北京航空航天大学,航癫一队,8,919
2024,1,13,清华大学,Make 519 great again,8,927
2024,1,14,南方科技大学,南风点点,8,949
2024,1,15,清华大学,卸载 FJOI 谢谢喵!,8,998
2024,1,16,清华大学,青一色,8,1019
2024,1,17,香港大学,Hot Kpop Union,8,1073
2024,1,18,复旦大学,"学海无涯,回头是岸",8,1084
2024,1,19,北京大学,DINNER123,8,1093
2024,1,20,哈尔滨工业大学,蓬莱人形,8,1154
2024,1,21,北京邮电大学,摩可彭塔斯,8,1274
2024,1,22,浙江大学,WF 在逃三人团,8,1289
2024,1,23,四川大学,难题逆转小队,8,1324
2024,1,24,浙江大学,雪花倾诉之时,8,1624
2024,1,25,广东工业大学,jump!!!!,7,633
2024,1,25,清华大学,摇奖出力,7,633
2024,1,27,清华大学,world. search (you);,7,642
2024,1,28,清华大学,"不洁之人,不得入",7,685
2024,1,29,四川大学,雍正王朝老太医,7,725
2024,1,30,复旦大学,关注 Hydro 谢谢喵,7,757
2024,1,31,香港中文大学(深圳),通顶雪道,7,760
2024,1,32,浙江大学,又活一天,7,763
2024,1,33,北京理工大学,越野,7,771
2024,1,34,中山大学,中山大学_无限天堂,7,775
2024,1,35,武汉大学,秘封俱乐部,7,787
2024,1,36,福州大学,重返未来,7,791
2024,1,37,中山大学,中山大学_开拓之尾,7,794
2024,1,38,浙江工业大学,月球猫猫,7,828
2024,1,39,西安交通大学,天狼星的心脏,7,829
2024,1,40,南京航空航天大学,错误,7,832
2024,1,41,哈尔滨工业大学(深圳),猫猫不会数数,7,839
2024,1,42,南方科技大学,南方科技大学-奥斯陆,7,856
2024,1,43,中国科学技术大学,"Ben神,启动",7,859
2024,1,44,清华大学,缺德鹅子,7,861
2024,1,45,上海交通大学,"只支持修改,不支持查询",7,871
2024,1,46,厦门大学,闪光春日影,7,888
2024,1,47,中山大学,中山大学_破晓之旅,7,889
2024,1,48,浙江大学,十发罚时,7,892
2024,1,49,哈尔滨工业大学,碧天伴行,7,897
2024,1,50,哈尔滨工业大学,W4p3r Fan Club,7,921
2024,1,51,中国科学技术大学,前社长想公费旅游于是被两位巨佬带飞,7,923
2024,1,52,南京大学,优质解答:我不知道,7,932
2024,1,53,西北工业大学,wanna be free,7,936
2024,1,53,南开大学,强基计划我爱你,7,936
2024,1,53,南方科技大学,布尔诺,7,936
2024,1,56,复旦大学,怎么表达都可以,7,943
2024,1,57,中山大学,中山大学_新1队,7,948
2024,1,58,上海交通大学,电光火石的前奏,7,954
2024,1,59,中国科学技术大学,蓝桥春雪,7,980
2024,1,60,华中科技大学,不知道,7,983
2024,1,61,华中科技大学,队里有个24级新生,7,985
2024,1,62,杭州电子科技大学,杭电2队,7,1004
2024,1,63,北京理工大学,大香蕉的感觉不奇妙,7,1018
2024,1,64,南京理工大学,"帮帮我,鲍汁锅先生",7,1033
2024,1,65,浙江大学,幻想風靡,7,1078
2024,1,66,中山大学,中山大学_2333er,7,1082
2024,1,67,华中科技大学,长夜杯空,7,1094
2024,1,68,中国科学技术大学,摸鱼之魂热血传奇,7,1118
2024,1,69,上海交通大学,奇迹师歌队,7,1124
2024,1,70,香港中文大学(深圳),WTYTO,7,1168
2024,1,71,清华大学,进行一个象的抽,7,1176
2024,1,72,广东以色列理工学院,一纸繁鸢,7,1199
2024,1,73,中国科学技术大学,随机化,7,1234
2024,1,74,北京航空航天大学,队长要吃三个汉堡,7,1263
2024,1,75,香港科技大学(广州),杂~鱼 杂~鱼 大哥哥连A题都过不掉嘛~,7,1394
2024,1,76,复旦大学,密码八个八,6,518
2024,1,77,浙江大学,乌拉呀哈 呀哈乌拉,6,587
2024,1,78,浙江大学,普罗旺斯,6,588
2024,1,79,西安交通大学,未铭记何谈淡忘,6,591
2024,1,80,吉林大学,烈冕号,6,614
2024,1,81,复旦大学,笑对挑战永不言弃,6,644
2024,1,82,北京航空航天大学,一剑霜寒十四州,6,650
2024,1,82,香港中文大學,麥當勞5G炸雞2.0,6,650
2024,1,84,苏州大学,汉汉欧欧手,6,652
2024,1,85,山东大学,应用随机过程,6,653
2024,1,86,南京大学,智慧之树,6,654
2024,1,87,福州大学,惡·即·斬,6,660
2024,1,88,天津大学,锐刻没有电,6,670
2024,1,89,清华大学,休闲大队,6,675
2024,1,90,中山大学,中山大学_cutelyou,6,683
2024,1,91,杭州电子科技大学信息工程学院,无尽的风之轨迹,6,688
2024,1,92,南京大学,该名称已被占用,6,698
2024,1,93,复旦大学,以键盘的音色世界鸣响,6,701
2024,1,94,电子科技大学,UESTC_在理工学校想邂逅文学学姐搞错了什么,6,705
2024,1,94,清华大学,北京贵妇的小秋田犬,6,705
2024,1,96,同济大学,本来挺喜欢ACM的,6,717
2024,1,97,香港浸会大学,香港师范大学,6,728
2024,1,97,武汉大学,超高校级的xcpc玩家,6,728
2024,1,99,南京大学,嚼菜根队,6,738
2024,1,100,浙江工业大学,今亦求金,6,746
2024,1,101,电子科技大学,UESTC_十斤鸭梨,6,773
2024,1,102,浙江大学,托腮,6,793
2024,1,103,西安交通大学,"写都写了,交一发吧",6,795
2024,1,104,电子科技大学,UESTC_雪色光晕,6,797
2024,1,105,南京信息工程大学,Zoltraak,6,811
2024,1,106,华中科技大学,队里没人有想法导致的,6,815
2024,1,107,浙江师范大学,主C没来,6,816
2024,1,108,复旦大学,启发式优化,6,821
2024,1,109,吉林大学,结构化查询语言,6,822
2024,1,110,广东工业大学,演奏春日影,6,827
2024,1,111,东北大学秦皇岛分校,名字取好了吗,6,857
2024,1,112,南方科技大学,皮尔森,6,860
2024,1,113,哈尔滨工业大学(深圳),潜水小怪,6,863
2024,1,114,南京大学,平流层,6,868
2024,1,115,中国科学院大学,果壳挂科王,6,879
2024,1,116,中山大学,中山大学_无言以对,6,882
2024,1,117,同济大学,黄渡技术幼儿园,6,895
2024,1,118,华中科技大学,真的没摆烂,6,911
2024,1,119,山东大学,SDU-TCS,6,960
2024,1,120,南京大学,手气王定的,6,990
2024,1,121,西湖大学,智慧yummy扬帆启航,6,1000
2024,1,122,西安电子科技大学,喵喵喵,6,1023
2024,1,123,山东大学,山东大学深圳分校,6,1071
2024,1,124,中国科学技术大学,烧烤队列,6,1078
2024,1,125,中南大学,电子界探寻者,6,1087
2024,1,126,北京理工大学,Penalty这么高它的意思一定是分数吧,6,1094
2024,1,127,华东师范大学,回滚许队,6,1146
2024,1,128,北京航空航天大学,哟哟,5,290
2024,1,129,中国科学技术大学,可爱白毛萝莉,5,340
2024,1,130,北京航空航天大学,本科打ACM月薪三千,5,360
2024,1,131,同济大学,仙银,5,362
2024,1,132,吉林大学,東雲端,5,369
2024,1,133,上海财经大学,iDLEM@STER O149,5,383
2024,1,134,华南理工大学,五小时对于三个acmer来说还是太难了,5,387
2024,1,135,中国科学院大学,Chirp-Z变换,5,393
2024,1,136,吉林大学,管埋员,5,405
2024,1,137,湘潭大学,海之霸,5,411
2024,1,138,上海大学,树上的忍者,5,412
2024,1,139,杭州电子科技大学,杭电3队,5,427
2024,1,140,西南交通大学,西南交大1队,5,433
2024,1,141,南方科技大学,南方科技大学-伊赫拉瓦,5,446
2024,1,142,重庆理工大学,乱,5,458
2024,1,142,中山大学,中山大学_可燃乌龙茶,5,458
2024,1,144,华中师范大学,明明如月,5,467
2024,1,145,南京大学,乱敲键盘,5,469
2024,1,146,北京邮电大学,好好想想,5,470
2024,1,147,中山大学,中山大学_十一队,5,477
2024,1,148,大连理工大学盘锦校区,这技校真练技术,5,482
2024,1,149,东南大学,西西弗斯,5,483
2024,1,150,复旦大学,小粉兔真爱粉,5,487
2024,1,151,华东师范大学,Spa7dow Blackfan Club,5,489
2024,1,152,南京大学,食堂难民走线和园卖花,5,490
2024,1,153,南京大学,"然后,下一题即将通过",5,496
2024,1,154,华南理工大学,Fast Fast TLE,5,505
2024,1,155,华中科技大学,糖果酱,5,506
2024,1,156,北京航空航天大学,"早知道,还是可口可乐",5,520
2024,1,156,福建师范大学,杰尼龟快使用飞叶快刀,5,520
2024,1,158,上海交通大学,影色舞,5,521
2024,1,159,西安交通大学,锦筝叹,5,525
2024,1,160,北京邮电大学,遥遥领先于友队,5,526
2024,1,161,中国科学技术大学,苕玩点原神,5,528
2024,1,162,郑州大学,都不玩原神,5,530
2024,1,163,广州大学,i * i = -1,5,538
2024,1,164,深圳大学,Twilight Illusion,5,539
2024,1,164,南京信息工程大学,笨蛋天才膜法师,5,539
2024,1,166,西安交通大学,正在评测中,5,544
2024,1,167,复旦大学,"杠上林克,队长砍树",5,545
2024,1,168,浙江工业大学,choke豁免检定大成功,5,546
2024,1,169,哈尔滨工业大学,睡到自然醒,5,553
2024,1,169,清华大学,天宫抛物,5,553
2024,1,171,浙大城市学院,扫雷爱好者,5,556
2024,1,172,绍兴文理学院元培学院,可乐神探,5,557
2024,1,172,北京师范大学,苹果狗,5,557
2024,1,174,福州大学,最佳小丑,5,562
2024,1,175,南京邮电大学,njupt24team002,5,563
2024,1,176,东北大学,NEU_飞禽走兽,5,566
2024,1,177,国防科技大学,青铜时代号,5,569
2024,1,178,南京大学,我打铁牌?真的假的?,5,574
2024,1,179,西南大学,Auto-C++,5,576
2024,1,180,江苏大学,"队友呢,救一下啊",5,579
2024,1,180,山东大学,"复活吧,我的 yc",5,579
2024,1,182,中山大学,中山大学_破空之势,5,582
2024,1,183,哈尔滨工业大学(深圳),重生之我在哈工深打ACM,5,584
2024,1,184,重庆邮电大学,邮电启动,5,585
2024,1,185,吉林大学,断桥雪,5,587
2024,1,186,华中科技大学,奇思妙想,5,590
2024,1,187,集美大学,夏日重现,5,597
2024,1,188,香港城市大学,食咗飯未,5,600
2024,1,189,香港科技大学,Team Name Not Found,5,602
2024,1,190,山东大学(威海),听我说先别急,5,605
2024,1,190,南京理工大学,混沌蝴蝶,5,605
2024,1,192,西北工业大学,小甜甜,5,609
2024,1,193,重庆大学,WA的速度是每秒五十次,5,612
2024,1,193,西北大学,剑舞者,5,612
2024,1,195,中国人民大学,森林冰火人,5,614
2024,1,195,南开大学,难开题开题难,5,614
2024,1,197,西湖大学,Genshin Impart,5,615
2024,1,198,哈尔滨工程大学,有人说亡藜伴白首不如物流部报数那为什么不叫王老板爆杀,5,621
2024,1,199,华中科技大学,红温黄豆,5,623
2024,1,200,南京邮电大学,njupt24team001,5,629
2024,1,201,吉林大学,砖打林鸡,5,633
2024,1,202,同济大学,星辰之音,5,645
2024,1,203,杭州电子科技大学,杭电5队,5,647
2024,1,204,电子科技大学,UESTC_正在验证您是否是真人,5,652
2024,1,205,北京邮电大学,堂吉诃德,5,653
2024,1,206,北京理工大学,卡批炉批和穹批,5,663
2024,1,207,同济大学,登神长阶,5,665
2024,1,208,北京邮电大学,如果爆零能报销回家车费吗,5,666
2024,1,209,中国传媒大学,"一刻也没有为TLE哀悼,立刻赶往战场的是",5,667
2024,1,210,中国人民大学,嘉然今天创什么,5,668
2024,1,210,浙江万里学院,MikuFans,5,668
2024,1,212,西北大学,越来越好,5,672
2024,1,213,南京大学,南小鸟,5,674
2024,1,214,浙江师范大学,ZJNU_05,5,679
2024,1,215,上海交通大学,复活者联盟,5,680
2024,1,216,北京邮电大学,对了没?如队,5,681
2024,1,217,西安交通大学,宇宙将为你闪烁,5,683
2024,1,218,燕山大学,塔山二队,5,691
2024,1,219,电子科技大学,UESTC_xxx,5,695
2024,1,220,山东大学,电话微波炉(暂定),5,696
2024,1,221,北京科技大学,我再试试,5,701
2024,1,222,山东大学,老年皮划艇,5,703
2024,1,223,昆山杜克大学,哦豁,5,706
2024,1,224,武汉大学,早八使我快乐,5,719
2024,1,225,杭州师范大学,春天的草莓和夏天的啤酒花,5,720
2024,1,226,北京邮电大学,网瘾犯了求求你把牌子给我,5,721
2024,1,227,重庆大学,不考计算几何就摆烂,5,726
2024,1,228,上海大学,cr8tive,5,730
2024,1,228,兰州大学,心海未路,5,730
2024,1,230,南开大学,为什么要演奏acm,5,733
2024,1,231,南京理工大学,茶姬猫猫头,5,739
2024,1,232,浙江科技大学,星光算法馆,5,743
2024,1,232,香港大学,五条牢师,5,743
2024,1,234,山东师范大学,这次报了两场比赛,5,744
2024,1,235,上海纽约大学,上纽一队,5,745
2024,1,236,浙江理工大学,浙理不队,5,752
2024,1,236,四川大学,在线光速幂,5,752
2024,1,238,新疆大学,花开城南,5,757
2024,1,239,复旦大学,曼波大战哈姆,5,760
2024,1,240,北京林业大学,上林花似锦,5,763
2024,1,241,南京大学,随家仓,5,770
2024,1,242,电子科技大学,UESTC_诶哆诶哆呐呐呐,5,772
2024,1,243,西安交通大学,唐人,5,779
2024,1,244,中国科学技术大学,五年oi三年io,5,787
2024,1,245,北京理工大学,打饿了吃隔壁桌,5,788
2024,1,246,中山大学,中山大学_Wonderful_Answer,5,789
2024,1,247,哈尔滨工业大学,海星罐头,5,796
2024,1,248,北京航空航天大学,会挽雕弓如满月,5,807
2024,1,249,同济大学,于离别之朝束起约定之花,5,815
2024,1,250,哈尔滨工业大学(威海),哦不对不队,5,823
2024,1,251,中山大学,中山大学_一个小队,5,826
2024,1,252,东南大学,不知道起啥名,5,838
2024,1,253,中南大学,不知道吃什么,5,843
2024,1,254,安徽大学,罚时冠军,5,845
2024,1,255,哈尔滨工业大学(威海),暮鼓晨钟,5,851
2024,1,256,湖南城市学院,陆乃子乃子虎视眈眈,5,854
2024,1,256,哈尔滨工业大学(深圳),黑神话:哈深,5,854
2024,1,256,南京理工大学,猫猫头想吃鱼,5,854
2024,1,259,浙江师范大学,"分秒易逝,V我5时",5,907
2024,1,259,西安交通大学,"事已至此,先炸评测机吧",5,907
2024,1,261,中山大学,中山大学_明年军训求暴晒,5,958
2024,1,262,武汉理工大学,曼波哈基米大战贤者三异鸟,5,995
2024,1,263,山东大学,诺曼底登陆,5,999
2024,1,264,上海师范大学,你用着二次元头像说我是二次元?,5,1000
2024,1,265,中国矿业大学,无名之辈,5,1001
2024,1,266,福建理工大学,猿农舟,4,173
2024,1,267,东北大学秦皇岛分校,最澄澈的空与海,4,187
2024,1,268,东北大学,东北大学_夕阳红小队,4,229
2024,1,269,武汉大学,无言的宇宙,4,235
2024,1,270,中南大学,大鸟ZigZigZag,4,238
2024,1,271,浙江师范大学,ZJNU_12队,4,251
2024,1,272,清华大学,成群结队,4,262
2024,1,273,香港理工大学,一川烟草,4,265
2024,1,274,华中科技大学,有没有什么很捎又不会被封的队名,4,271
2024,1,275,华中科技大学,诗羽 花花 Corinth,4,291
2024,1,275,四川大学,失败的系统测试,4,291
2024,1,277,东华大学,陈晓剑舞,4,292
2024,1,278,北京邮电大学,"试者如斯夫,不舍昼夜",4,296
2024,1,279,复旦大学,重生之塔菲先别急喵,4,297
2024,1,280,武汉大学,终末旅行,4,299
2024,1,281,长沙理工大学,流萤,4,302
2024,1,282,湘潭大学,夜曲,4,305
2024,1,283,中山大学,中山大学_不难发现这很队,4,306
2024,1,284,华南理工大学,打xcpc不喊我,4,311
2024,1,285,华东师范大学,行则将至,4,313
2024,1,286,华东师范大学,假飞了!,4,315
2024,1,286,中国海洋大学,No Answer of Wrong Answer,4,315
2024,1,288,北京交通大学,树枝孤鸟,4,316
2024,1,288,上海理工大学,301兆亿的星空,4,316
2024,1,290,南开大学,对他使用djikstra吧,4,317
2024,1,291,电子科技大学,UESTC_EndlessEmbrace,4,319
2024,1,291,大连海事大学,牛刀小试,4,319
2024,1,293,中国民航大学,合法队名选择器,4,323
2024,1,294,华南师范大学,aha_fan,4,327
2024,1,294,西安电子科技大学,喵亦或鱼,4,327
2024,1,294,山东理工大学,清纯白毛小萝莉,4,327
2024,1,294,南京大学,九九,4,327
2024,1,298,西安电子科技大学,水产王,4,328
2024,1,299,北京工业大学,超长待机,4,331
2024,1,300,山东科技大学,柏林号,4,332
2024,1,301,北京理工大学,内核恐慌,4,333
2024,1,301,香港科技大学(广州),ZJJ是赵家杰,4,333
2024,1,303,北京理工大学,哈基米TV之玩米哈游玩的,4,336
2024,1,304,四川大学,拼图,4,337
2024,1,305,中山大学,中山大学_队,4,339
2024,1,306,南京航空航天大学,黄转绿,4,341
2024,1,307,杭州电子科技大学,杭电4队,4,342
2024,1,308,长沙理工大学,Sakura,4,347
2024,1,309,浙江万里学院,万里2队,4,348
2024,1,310,北京交通大学,今宵露宿何妨,4,351
2024,1,311,北京航空航天大学,fumofumo,4,352
2024,1,311,哈尔滨工程大学,我推的七海暴吃0721次罚时因为在原神启动,4,352
2024,1,313,中山大学,中山大学_古希腊掌管罚时的神,4,353
2024,1,313,电子科技大学,UESTC_*._.*,4,353
2024,1,313,宁波大学,泥巴动物园,4,353
2024,1,316,南开大学,粥畜除三害,4,354
2024,1,317,中国科学技术大学,退休中灯再就业,4,358
2024,1,318,哈尔滨工业大学(深圳),这么出题是吧,4,361
2024,1,319,华中科技大学,五个月了不会喝果冻,4,362
2024,1,319,哈尔滨工业大学(威海),帅比队长还在征婚QQ2216541094,4,362
2024,1,321,湘潭大学,"训练两年半,何日上绿名",4,363
2024,1,322,北京信息科技大学,你猜金城厚不厚,4,366
2024,1,323,东北大学秦皇岛分校,鸡鸣湖畔,4,368
2024,1,323,浙大宁波理工学院,青梅绿茶,4,368
2024,1,325,北京交通大学,白夜追风,4,369
2024,1,326,西安电子科技大学,三分之二去景点,4,371
2024,1,327,华南师范大学,最后一页,4,372
2024,1,328,东华大学,不可视境界线,4,373
2024,1,328,中国地质大学(北京),起名不如打猿神,4,373
2024,1,330,华中师范大学,曾位俊,4,374
2024,1,331,同济大学,君与构造与构造之恋,4,376
2024,1,331,上海理工大学,主,4,376
2024,1,333,河南大学,狗不理包子,4,378
2024,1,333,成都信息工程大学,帝企鹅,4,378
2024,1,335,贵州大学,被408乱杀的acm loser,4,379
2024,1,336,长沙学院,冲冲冲,4,380
2024,1,337,杭州电子科技大学,杭电10队,4,381
2024,1,338,北京交通大学,世纪难题,4,382
2024,1,338,浙江师范大学,该戒网瘾了,4,382
2024,1,340,福州大学,Wa?Wa也算时间哦,4,383
2024,1,340,长沙理工大学,代码不能从这一侧AC,4,383
2024,1,340,北京邮电大学,"帮帮我,评测机老爷爷!",4,383
2024,1,343,西安交通大学,WA症候群,4,384
2024,1,344,中国石油大学(华东),中石大2005,4,385
2024,1,345,湖南师范大学,栀晓,4,388
2024,1,345,深圳大学,不要找我打什么黑吗喽我要学算法打比赛OK?,4,388
2024,1,347,电子科技大学,UESTC_宇宙超级无敌暴龙战士,4,390
2024,1,347,浙江工业大学,下次还填非常简单,4,390
2024,1,347,山东大学,"你说的对,但是",4,390
2024,1,350,集美大学,我想同你永望黄昏,4,391
2024,1,350,山东大学,你有这样高速运转的机械进入软件园,4,391
2024,1,352,上海财经大学,尼采说得队,4,393
2024,1,353,华中科技大学,罚时上天,4,394
2024,1,354,东北大学,东北大学_好果汁,4,396
2024,1,354,中国科学技术大学,白日梦想家,4,396
2024,1,356,浙江工业大学,我太想进步了,4,398
2024,1,357,华中科技大学,啊哈哈哈哈,4,404
2024,1,358,湖南理工学院,流泪猫猫头,4,405
2024,1,358,西安交通大学,萨摩耶空间站站长今天买什么,4,405
2024,1,360,郑州大学,历史为什么选择了黄前久美子,4,410
2024,1,361,北京化工大学,O.o,4,411
2024,1,361,南开大学,amadeus,4,411
2024,1,363,浙江工业大学,我们必须想像他们是幸福的,4,412
2024,1,364,华东师范大学,东方 homo 馆,4,413
2024,1,364,东华大学,堇青之夜,4,413
2024,1,366,中国石油大学(北京),哪里有石油哪里就是我的家,4,419
2024,1,366,南京航空航天大学,DML,4,419
2024,1,368,哈尔滨理工大学,哈理工2024Y11,4,421
2024,1,368,南京大学,广告位招租,4,421
2024,1,370,安徽大学,嗷呜嘎嘎,4,424
2024,1,370,上海理工大学,八足的末日物语,4,424
2024,1,372,厦门大学,XMU01,4,425
2024,1,373,深圳大学,"秋秋你给我一块金牌吧,我什么都绘做的",4,426
2024,1,374,中山大学,中山大学_题解的做法都,4,428
2024,1,375,广东工业大学,加睡,4,429
2024,1,376,四川大学,来计院只为摄金,4,430
2024,1,377,北京工业大学,铁牌也是牌,4,432
2024,1,377,大连理工大学,dlut03,4,432
2024,1,379,中国矿业大学(北京),mmkv,4,433
2024,1,380,北京交通大学,七海之旅,4,435
2024,1,381,华南农业大学,公司写题跟nm偷情一样,4,436
2024,1,381,湖南科技大学,求求给个CCPC名额吧我们什么都可以做的,4,436
2024,1,381,澳门大学,哭泣水龙转转转,4,436
2024,1,384,西安理工大学,神秘的力量,4,437
2024,1,385,西安电子科技大学,醉里挑灯看键,4,438
2024,1,386,杭州电子科技大学,杭电6队,4,439
2024,1,387,西北农林科技大学,nwafuteam,4,444
2024,1,387,天津理工大学,老爷爷!我给你踩背来啦!,4,444
2024,1,389,香港中文大学(深圳),啥都不会队,4,445
2024,1,390,杭州师范大学,再想想特判?,4,446
2024,1,390,福州大学,除你网络,4,446
2024,1,392,郑州轻工业大学,最近公共祖先,4,449
2024,1,393,杭州电子科技大学,杭电7队,4,452
2024,1,393,同济大学,我实在不会,4,452
2024,1,395,南京大学,无名队,4,453
2024,1,396,北京师范大学,笔恩游提升指南,4,455
2024,1,397,电子科技大学,UESTC_老东西,4,458
2024,1,397,大连理工大学,我没有想法,4,458
2024,1,399,东华大学,千山夕照,4,459
2024,1,400,大连海事大学,相亲相爱一家人,4,460
2024,1,401,大连理工大学,dlut01,4,462
2024,1,402,哈尔滨工业大学,w4p3r Black-fan Club,4,466
2024,1,403,同济大学,闪电旋风劈,4,468
2024,1,403,南方科技大学,南方科技大学-特隆赫姆,4,468
2024,1,405,福州大学,不AC不睡觉,4,469
2024,1,405,南京邮电大学,njupt24team003,4,469
2024,1,407,南京理工大学,太空猫猫头,4,470
2024,1,408,大连海事大学,菜鸟溢栈,4,471
2024,1,409,西湖大学,啊对对队,4,472
2024,1,410,哈尔滨工业大学(深圳),吾皇御驾亲征,4,475
2024,1,411,中国科学技术大学,Firezox,4,477
2024,1,412,深圳大学,蓝桥杯深圳总部,4,480
2024,1,413,天津仁爱学院,梦幻小丑,4,482
2024,1,414,华北水利水电大学,对WA使用无懈可击,4,483
2024,1,415,北京理工大学,阿夸滑滑蛋喝冰红茶,4,491
2024,1,416,华中科技大学,懒大王,4,492
2024,1,417,云南大学,YNUER-ICPC,4,493
2024,1,418,西北工业大学,憧憬成为算法少女,4,495
2024,1,418,南京大学,不敢苟铜,4,495
2024,1,420,重庆大学,从大三开始打铁的xcpc生活,4,500
2024,1,421,宁夏大学,能否让我停止这场追逐,4,501
2024,1,422,中国矿业大学,虔诚雏草姬每天都要对塔祷至昏,4,504
2024,1,423,中南大学,老司机带带我,4,507
2024,1,424,北京理工大学,v我50带你看下北泽沼气动力猪头少年,4,509
2024,1,425,西南民族大学,"永远都像初次见你那样,使我心荡漾.",4,510
2024,1,425,西南科技大学,飘零之剑,4,510
2024,1,427,天津大学,这还是蟹堡王么,4,514
2024,1,428,电子科技大学,UESTC_当初是你要分开,4,516
2024,1,428,武汉纺织大学,别质疑我们了好吗好的乖摸摸头,4,516
2024,1,430,浙江工业大学,ZJUT7,4,517
2024,1,430,西北工业大学,智力不太好,4,517
2024,1,432,华东理工大学,原来的名字太难听了所以先把这个队名填上去,4,520
2024,1,433,湖南师范大学,again crychic也算ac吗,4,521
2024,1,434,华中科技大学,一如既往相信你的注册中心,4,522
2024,1,435,南京邮电大学,njupt24team017,4,524
2024,1,436,香港科技大学(广州),科广汪汪汪,4,527
2024,1,437,重庆邮电大学,猫娘乐园,4,528
2024,1,438,杭州师范大学,一隅之梦,4,530
2024,1,439,广州大学,六兆TLEと一WA物語,4,531
2024,1,440,哈尔滨工业大学(威海),我真不到啊,4,532
2024,1,440,广东工业大学,三句号,4,532
2024,1,442,台州学院,别急,4,534
2024,1,443,华南理工大学,这发不AC我当场把电脑吃掉,4,535
2024,1,443,上海大学,抽象派,4,535
2024,1,445,嘉应学院,治愈ACM致郁我的AC梦,4,538
2024,1,445,山东财经大学,抢学长区域赛名额,4,538
2024,1,445,北京师范大学,崇高道德的赞许,4,538
2024,1,448,福州大学,不时以藏话遮羞的邻座丁真同学,4,539
2024,1,448,安徽理工大学,我永远喜欢Chtholly,4,539
2024,1,450,华中科技大学,旅游启动!!!,4,540
2024,1,450,山东大学,"猫学长,靠谱!",4,540
2024,1,452,华中农业大学,唐完了就是淞,4,541
2024,1,452,浙江理工大学,马拉车算法算车拉马,4,541
2024,1,454,重庆邮电大学,会A吗?会A的!,4,542
2024,1,454,香港中文大学(深圳),新建文件夹,4,542
2024,1,454,厦门大学,0x0d00,4,542
2024,1,457,湖南城市学院,"晚安,诗音",4,543
2024,1,458,华中科技大学,起名字好难,4,544
2024,1,459,杭州师范大学,秋天的南瓜和冬天的雪山药,4,547
2024,1,460,厦门大学,XMU05,4,548
2024,1,461,南昌大学,雪月花,4,553
2024,1,462,华南师范大学,A了这题就吃麦旋风,4,554
2024,1,463,西安电子科技大学,便乘计划WA舞台!,4,556
2024,1,464,华东交通大学,乱搞一下就对了,4,559
2024,1,465,上海海洋大学,想想布鲁特福斯怎么做,4,562
2024,1,466,福建师范大学,最有希望的一集,4,564
2024,1,467,沈阳理工大学,传奇浙大研究生金典,4,565
2024,1,468,华中科技大学,HCl,4,566
2024,1,469,江西农业大学,领航者,4,568
2024,1,470,信息工程大学,花生可,4,571
2024,1,470,北京师范大学,故梦之隐,4,571
2024,1,472,杭州师范大学,队名,4,572
2024,1,473,哈尔滨工程大学,vp后烤肉会,4,574
2024,1,474,华南师范大学,侯俊宇,4,577
2024,1,475,华东理工大学,得得得得,4,578
2024,1,476,杭州电子科技大学,杭电11队,4,579
2024,1,477,昆山杜克大学,yyy,4,583
2024,1,477,重庆移通学院,世界の中心、ACCEPTでを叫ぶ,4,583
2024,1,477,山西大学,sxu_憂一乗,4,583
2024,1,480,北京邮电大学,"歪日,这么虾头?",4,584
2024,1,481,哈尔滨工业大学(深圳),不如加训,4,586
2024,1,482,杭州电子科技大学,杭电8队,4,594
2024,1,483,湖南师范大学,whenever aftergrow 也算wa吗,4,598
2024,1,484,湖南工业大学,重生之我觉醒了自动AC机,4,602
2024,1,484,杭州电子科技大学,杭电9队,4,602
2024,1,486,大连理工大学,dlut06,4,604
2024,1,487,福建理工大学,RE:从bug到debug开始的XCPC生活,4,605
2024,1,488,哈尔滨工业大学(威海),黑扣德:哇空,4,610
2024,1,489,电子科技大学,UESTC_风沙星辰,4,614
2024,1,489,安徽师范大学,"情况不队,What can I say",4,614
2024,1,491,浙江财经大学,踏雪寻梅,4,617
2024,1,492,中国计量大学,"兄弟,我想拿牌",4,619
2024,1,493,西南交通大学,黑代码:打铁,4,620
2024,1,494,南开大学,退休养老,4,621
2024,1,495,北京理工大学,快进到5小时之后,4,623
2024,1,496,合肥大学,候鸟,4,624
2024,1,496,中国科学技术大学,我...从来没觉得打比赛能AC过,4,624
2024,1,498,华南师范大学,变出队名的魔法,4,627
2024,1,499,湖南文理学院,不学不练,4,631
2024,1,500,大连大学,祝大伙中秋节快乐,4,632
2024,1,501,武汉纺织大学,H.cluster,4,635
2024,1,502,西南科技大学,今天也想见到你,4,636
2024,1,503,武汉科技大学,RELX悦刻幻影PRO,4,638
2024,1,503,武汉工程大学,"青青子衿,悠悠我心",4,638
2024,1,505,浙大城市学院,夏日青空,4,641
2024,1,506,中国人民大学,字节无虞,4,646
2024,1,507,四川大学,山里灵活的队,4,649
2024,1,508,吉林大学,划船全靠浪,4,656
2024,1,509,华中科技大学,练习时长两坤月的野猪骑士,4,657
2024,1,509,北京建筑大学,只刷某扣,4,657
2024,1,509,北京邮电大学,[AI]GPT4o,4,657
2024,1,512,中国人民大学,数学都交给队友,4,658
2024,1,513,山东大学,芝士队名,4,659
2024,1,514,浙江农林大学,在赛场上被遥控也是play的一环吗,4,663
2024,1,515,华南理工大学,我不知道我不会你们来,4,667
2024,1,516,杭州电子科技大学,杭电12队,4,668
2024,1,517,中国科学院大学,加州大学早八分校,4,671
2024,1,517,温州大学,温大1队,4,671
2024,1,519,重庆交通大学,乌木威尔维恩耶尔吐温威乌温穆本欧萨斯,4,675
2024,1,520,哈尔滨工业大学,憂鬱烏龜,4,680
2024,1,521,江南大学,坂田金银铜时,4,688
2024,1,522,北京邮电大学,金牌厨师,4,690
2024,1,523,西南科技大学,老东西,4,697
2024,1,524,深圳大学,SZU_SUZ_ZSU_ZUS_USZ_UZS,4,698
2024,1,525,江西理工大学,你是我遥不可及的梦,4,701
2024,1,526,浙江工商大学,空花阳焰,4,703
2024,1,527,东南大学,悄然谜响,4,706
2024,1,528,上海应用技术大学,今天我签到了吗,4,709
2024,1,529,山东师范大学,零原组,4,711
2024,1,530,兰州大学,刚学会打字,4,716
2024,1,531,哈尔滨工业大学(深圳),怎么不算队名呢,4,718
2024,1,532,中国科学技术大学,Team114514,4,729
2024,1,533,西北工业大学,#N/A,4,744
2024,1,534,中国科学院大学,原神启动队,4,746
2024,1,535,华南师范大学,你怎么知道我的鼠标里有器灵,4,756
2024,1,536,哈尔滨理工大学,哈理工2024Y12,4,760
2024,1,537,西南交通大学,《名字》,4,764
2024,1,538,重庆工程学院,黑笑话:打铁,4,774
2024,1,539,北京工业大学,双翼翱翔,4,776
2024,1,540,江苏大学,"别以为这样你就赢了,马猴烧酒",4,805
2024,1,541,哈尔滨工程大学,"坐岸观海,听十一月雨",4,826
2024,1,542,华东理工大学,珂朵莉最可爱了,4,848
2024,1,543,重庆邮电大学,在ACM校赛中被大一oi爷暴虐的大二蒟蒻能打xcpc吗,4,853
2024,1,544,湖南工业大学,贪心肯定队,4,865
2024,1,545,西安电子科技大学,圣心,4,1043
2024,1,546,武汉理工大学,打一辈子出你字母能转生为AC高手吗,3,105
2024,1,547,中国地质大学(北京),帅比队长在线社死QQ:2110841732,3,108
2024,1,548,华南理工大学,洛杉矶糊人,3,110
2024,1,549,深圳技术大学,SZTU_断了的轨迹,3,114
2024,1,550,北京化工大学,夺心魔,3,123
2024,1,551,东华大学,不也挺好,3,124
2024,1,552,广州航海学院,光脚大,3,125
2024,1,552,中国民航大学,永远的分母,3,125
2024,1,552,电子科技大学,UESTC_DebugSimulator,3,125
2024,1,552,深圳大学,SZU_MouTai19937,3,125
2024,1,556,华南师范大学,野指针,3,126
2024,1,557,华南理工大学,是菜狗但我还没重生呢,3,127
2024,1,557,宁波职业技术学院,你不能拿我们和那些本科队伍比,3,127
2024,1,557,南方科技大学,南方科技大学-摩拉维亚,3,127
2024,1,560,海南大学,聚珍伏虎丸,3,128
2024,1,561,华南理工大学,《与主更近》,3,130
2024,1,562,天津大学,"拼搏百天,我要上天津大学",3,133
2024,1,563,武汉大学,ACMore,3,134
2024,1,564,南京工程学院,被封了76个账号也想网络赛出线,3,135
2024,1,565,华南农业大学,青春acm少年不会梦到<censored>猫娘,3,136
2024,1,565,浙江理工大学,小喷菇懒得喷,3,136
2024,1,567,中国民航大学,哆啦AC,3,138
2024,1,568,上海交通大学,凌晨烈日晖光,3,139
2024,1,568,安徽工业大学,悠久之翼,3,139
2024,1,570,华中科技大学,等我回家想想队名,3,140
2024,1,570,东华大学,青青草原,3,140
2024,1,570,成都信息工程大学,命运旋律,3,140
2024,1,573,广西大学,与星尘的握手,3,141
2024,1,574,东北大学,东北大学_叫什么再说吧,3,142
2024,1,575,中国科学技术大学,夜旅号,3,143
2024,1,576,浙江师范大学,"总裁,夫人说这签到题写不完,今晚不许回家",3,144
2024,1,576,上海大学,天命人,3,144
2024,1,578,华南理工大学,primitive root,3,145
2024,1,578,河海大学,理塘王吃满0721次罚时后原神启动了,3,145
2024,1,580,广西大学,憧憬成为原神高手,3,148
2024,1,580,福州大学,孤高曼波,3,148
2024,1,582,山东大学,我无法只是普通朋友,3,150
2024,1,583,武汉商学院,冰雪聪明琪露诺,3,151
2024,1,583,南京大学,屋旁的青草,3,151
2024,1,585,浙江师范大学,AAA蜜雪冰城代购,3,153
2024,1,586,复旦大学,奇计软软,3,154
2024,1,587,中国科学技术大学,鱿好章坏,3,155
2024,1,588,河海大学常州校区,不定积分,3,156
2024,1,588,大连理工大学,dlut02,3,156
2024,1,588,曲阜师范大学,"别闹了,老婆,咱们回家吧",3,156
2024,1,591,广东工业大学揭阳校区,彼岸之约,3,157
2024,1,592,华南理工大学,译验丁真,3,158
2024,1,593,河北农业大学,Aurora-Become_algorithm_masters,3,159
2024,1,593,浙大城市学院,冬雪涟,3,159
2024,1,593,武汉大学,二次原,3,159
2024,1,593,山东大学,黑算竞:打铁,3,159
2024,1,593,南京工业大学,我太想进步了,3,159
2024,1,598,杭州电子科技大学,杭电13队,3,160
2024,1,599,长安大学,神樱树,3,161
2024,1,600,河南师范大学,帕鲁小队,3,162
2024,1,601,华南理工大学,拔丝地瓜,3,163
2024,1,601,东北大学,东北大学_ChatGPT4o,3,163
2024,1,601,苏州大学,"队里有神,而且原神",3,163
2024,1,604,河海大学,我的ACM铁牌物语果然有问题,3,164
2024,1,604,东南大学,白矮星,3,164
2024,1,604,郑州轻工业大学,失败的Man,3,164
2024,1,607,华南师范大学,一路向南,3,166
2024,1,608,广东工业大学,漫游者,3,167
2024,1,609,华东师范大学,例方体,3,168
2024,1,609,广东技术师范大学,阿伟从小就很可爱,3,168
2024,1,609,北京邮电大学,4000g_PT,3,168
2024,1,612,武汉理工大学,*幻想乡旅行团,3,169
2024,1,613,华南师范大学,江南行者,3,170
2024,1,613,浙大宁波理工学院,秋招联系我,3,170
2024,1,613,山东师范大学,爆零就去玩原神,3,170
2024,1,616,电子科技大学中山学院,中山学院2队,3,171
2024,1,616,长沙学院,三脸懵逼,3,171
2024,1,616,香港科技大学(广州),"打铁还需自身硬,所以我们要软",3,171
2024,1,616,武汉理工大学,队名怎么办,3,171
2024,1,620,浙江理工大学,炉石新晋肺癌一哥·法师德鲁伊双职业大神无限火球宗师级人物·宇宙法盒子光速吟唱者·狂野门p头子·顶级爆牌德使用者·暗牧师猎手·天梯任务达人·驴驴耳聋得力助手·旧日猪仔推翻者·粉皮猪饲养员·无线鼠标创始人·电信诈骗一生之敌·洛欧塞布之子·暗夜貘良 堂堂连载,3,172
2024,1,620,苏州大学,RE 手动机,3,172
2024,1,622,中国科学院大学,啥,3,174
2024,1,623,南阳理工学院,给队友端茶倒水,3,175
2024,1,624,江西财经大学,Fe^3=Au,3,176
2024,1,624,深圳大学,SZU_Wrong answer on test 2,3,176
2024,1,626,湖南科技大学,梦起云雾时,3,177
2024,1,626,同济大学,166,3,177
2024,1,628,太原理工大学,吃黄瓜要趁绿,3,178
2024,1,628,苏州大学,ZxyNotFound,3,178
2024,1,630,南方科技大学,南方科技大学-利贝雷茨,3,179
2024,1,631,哈尔滨工业大学(威海),旧城以西,3,180
2024,1,632,广东工业大学,逸误,3,181
2024,1,633,华南理工大学,team_name,3,182
2024,1,634,武汉理工大学,样例都没过怎么ac了,3,185
2024,1,635,华南理工大学,树上猫猫虫,3,186
2024,1,635,哈尔滨工业大学,"加载中,请稍后",3,186
2024,1,635,北京师范大学珠海校区,丝滑拿铁,3,186
2024,1,638,江西财经大学,彩虹海,3,187
2024,1,638,天津大学,守夜人,3,187
2024,1,640,北京理工大学,"你们可以抽象,但是别太抽象",3,188
2024,1,640,华东师范大学,河东食堂转生队,3,188
2024,1,642,华南师范大学,代码先和初中生同步,3,189
2024,1,642,华南理工大学,Magically WA,3,189
2024,1,642,同济大学,索伯算法竞技俱乐部,3,189
2024,1,645,江西师范大学,完蛋!我被原P包围了!,3,190
2024,1,645,吉林大学,紧急通知:等通知,3,190
2024,1,645,浙江机电职业技术大学,兔八鸽,3,190
2024,1,645,长安大学,"暴力与打表之神,请赐予我随机数过题的力量,阿门。",3,190
2024,1,649,华侨大学,乳虎啸谷,3,191
2024,1,649,哈尔滨工程大学,随风飘游于阳炎热浪,3,191
2024,1,649,广东金融学院,尼的代码像答辩,3,191
2024,1,649,中国地质大学(北京),不ac就别wawa叫,3,191
2024,1,649,郑州轻工业大学,"鸿鹄之志,不在林间",3,191
2024,1,649,成都信息工程大学,射影酉群,3,191
2024,1,655,中南大学,我吃麦当劳,3,192
2024,1,655,绍兴文理学院,山里灵活 & 山田凉 & 永远鲜红的幼月,3,192
2024,1,657,西南科技大学,却道天凉好个秋,3,194
2024,1,657,上海电力大学,"一路风光,一路风霜",3,194
2024,1,659,湖南大学,100000Reimu,3,195
2024,1,659,哈尔滨工业大学(威海),为帅比学长征婚QQ2216541094,3,195
2024,1,659,浙江师范大学,五金店,3,195
2024,1,659,浙江财经大学,一路向北,3,195
2024,1,663,中南民族大学,退役流打法,3,196
2024,1,663,中国矿业大学(北京),我庄严宣誓我不干好事,3,196
2024,1,665,华北电力大学(保定),不拿金就给三国杀刷好评,3,197
2024,1,665,南开大学,期末上机等评测何尝不是一种大比队,3,197
2024,1,667,河南大学,没有队伍,3,198
2024,1,668,浙江财经大学,"井,的确...",3,199
2024,1,668,浙大宁波理工学院,保不齐对,3,199
2024,1,670,同济大学,苍蓝之诗,3,200
2024,1,671,浙江工商大学,倚星折月,3,201
2024,1,671,成都信息工程大学,废材,3,201
2024,1,673,中国石油大学(华东),中石大2021,3,202
2024,1,673,中国矿业大学(北京),云淡风清,3,202
2024,1,675,吉林大学,以上队伍成绩无效,3,203
2024,1,675,中国传媒大学,从零开始的acm生活,3,203
2024,1,677,华南师范大学,老兵不死,3,204
2024,1,677,哈尔滨工业大学,风灵玉秀,3,204
2024,1,677,浙江外国语学院,浙外X队,3,204
2024,1,677,长沙学院,不能说的秘密,3,204
2024,1,677,武汉大学,方块人转生成铁牌选手,3,204
2024,1,677,武昌首义学院,蒟蒻猫猫虫,3,204
2024,1,677,内蒙古大学,铁匠,3,204
2024,1,684,莆田学院,口胡金牌题,3,205
2024,1,685,中国地质大学(武汉),不可思议之国的爱丽丝正在梦游仙境,3,206
2024,1,686,哈尔滨工程大学,goto: 希腊奶,3,207
2024,1,686,电子科技大学中山学院,中山学院1队,3,207
2024,1,686,青岛大学,AC钙奶,3,207
2024,1,689,南阳理工学院,以下队伍成绩全部作废,3,208
2024,1,689,南昌航空大学,正无穷除以二,3,208
2024,1,691,烟台大学,"对WA当歌,人生几何",3,209
2024,1,692,浙江工商大学,猫猫骑士团初探区域赛,3,210
2024,1,692,大连理工大学,dlut04,3,210
2024,1,694,东北师范大学,RuntimeError,3,211
2024,1,695,阿坝师范学院,火攻,3,212
2024,1,696,成都理工大学,关于我和我的狱友在 ccpc 坐牢这档子事,3,213
2024,1,697,河南农业大学,旅行的末路,3,214
2024,1,697,东北大学秦皇岛分校,先看A题,3,214
2024,1,697,北京邮电大学,吃堡没吃饱,3,214
2024,1,700,湖南科技大学,万万大宝贝,3,215
2024,1,700,浙江理工大学,汪汪队不立功,3,215
2024,1,702,华南理工大学,BlackContest: AllWa,3,216
2024,1,702,国防科技大学,空零,3,216
2024,1,702,浙江工商大学,了解你的捍卫者,3,216
2024,1,702,山东理工大学,无敌暴龙,3,216
2024,1,706,黄冈师范学院,递交偏执狂,3,217
2024,1,706,北京理工大学,过了样例也不队,3,217
2024,1,706,青岛理工大学,无垠序曲,3,217
2024,1,709,集美大学,鳄鱼也要做鳄梦,3,218
2024,1,709,浙江工业大学,ZJUT11,3,218
2024,1,711,华中师范大学,夏天男,3,219
2024,1,711,湖北工业大学,唐龙队,3,219
2024,1,711,沈阳师范大学,"今夜,星光灿烂",3,219
2024,1,711,南京航空航天大学,南航猫猫头(队长十年单身换区域赛铜牌版),3,219
2024,1,715,成都锦城学院,樱花泪,3,220
2024,1,715,山东大学,摸鱼智叟,3,220
2024,1,717,福建农林大学,凌云,3,221
2024,1,717,安阳师范学院,算法这科豪楠,3,221
2024,1,717,安阳工学院,求求给个名额吧,3,221
2024,1,717,成都理工大学,日冕之雨,3,221
2024,1,717,上海海洋大学,菜鸡的最终幻想,3,221
2024,1,717,山东理工大学,我每天打ACM也没上瘾啊,3,221
2024,1,723,广西外国语学院,"只会cout的我,竟称霸本三本学校校赛",3,223
2024,1,723,东北大学,东北大学_梦,3,223
2024,1,725,西安电子科技大学,青春算法少年不会梦到ACM学姐,3,224
2024,1,726,南京理工大学,天和猫猫头,3,225
2024,1,727,西安电子科技大学,什么都不会也能参加ACM吗,3,226
2024,1,728,昆明理工大学,苟得弗死,3,227
2024,1,728,济南大学,纸上的魔法使,3,227
2024,1,730,湖南大学,EDWard GACMing,3,228
2024,1,731,北京化工大学,?神?动,3,229
2024,1,731,合肥工业大学宣城校区,Knights of the Eastern Calculus,3,229
2024,1,731,东北大学秦皇岛分校,"XCPC,启动!",3,229
2024,1,731,重庆交通大学,真的最后一次打icpc了,3,229
2024,1,735,杭州电子科技大学,杭电14队,3,230
2024,1,735,浙江财经大学,幻想家在幻想时间幻想AC,3,230
2024,1,735,武汉科技大学,537小分队,3,230
2024,1,738,天津大学,雷霆之怒,3,231
2024,1,738,鲁东大学,钢筋混凝土拌面,3,231
2024,1,740,江苏大学,铁牌也是牌!,3,232
2024,1,740,西南财经大学,让我们出个线吧,3,232
2024,1,742,阜阳师范大学,又双叒叕到了难搞的时候,3,233
2024,1,742,浙江师范大学,使一颗心免于哀伤,3,233
2024,1,742,长春理工大学,lz征婚,3,233
2024,1,745,河南大学,让风告诉你,3,234
2024,1,746,江苏科技大学,粉毛大香蕉,3,236
2024,1,746,宁波大学,三人小队,3,236
2024,1,748,天津大学,炎魔咆哮!,3,237
2024,1,749,湖南财政经济学院,尽梨了,3,238
2024,1,749,浙江农林大学,我直直直直直接给你坐下,3,238
2024,1,751,华中师范大学,只此青绿,3,239
2024,1,751,浙江农林大学暨阳学院,Rainbow,3,239
2024,1,751,香港大学,今天必须取个队名,3,239
2024,1,754,河南理工大学,橙子往昔,3,240
2024,1,755,东北大学,东北大学_不再掩饰,3,241
2024,1,756,广西大学,"这一发,贯穿星辰",3,242
2024,1,756,浙江工商大学,理塘最速WA传说,3,242
2024,1,756,南京林业大学,25浙软点击就送,3,242
2024,1,759,华东师范大学,"可最喜欢你,萤石的AC现象",3,244
2024,1,759,东北大学,东北大学_根本睡不醒,3,244
2024,1,761,暨南大学,wa.clear(),3,245
2024,1,761,常熟理工学院,队长让我想中文队名,3,245
2024,1,761,山东大学(威海),罚时当饭吃,3,245
2024,1,764,北方工业大学,草东没有ac,3,246
2024,1,764,中国矿业大学,三只煤球想成金,3,246
2024,1,764,浙江师范大学,斜月三星洞 风灵月影宗,3,246
2024,1,764,山东大学(威海),是谁在喊我宝宝,3,246
2024,1,768,河海大学,不时以暴力算法tle的邻座acm同学,3,247
2024,1,768,宁波大学,Nullpo后要接Ga,3,247
2024,1,770,河南农业大学,我以后再也不会笑了,3,248
2024,1,770,中国地质大学(武汉),六神,3,248
2024,1,770,南京邮电大学,njupt24team005,3,248
2024,1,773,兰州大学,火力邪恶爆零皮鞋王,3,249
2024,1,773,成都信息工程大学,可我始终不及你的冰冷,3,249
2024,1,773,天津工业大学,为什么天工不报销,3,249
2024,1,776,三峡大学,海神三叉戟,3,250
2024,1,777,湖南文理学院,两小时战神,3,251
2024,1,777,山东理工大学,我有铁牌,3,251
2024,1,777,南京信息工程大学,冰雪聪明琪露诺,3,251
2024,1,780,福州大学,深藏blue队,3,252
2024,1,780,电子科技大学,UESTC_PenaltyAutomaton,3,252
2024,1,780,中国计量大学,我们是不是可以躺了?,3,252
2024,1,780,大连理工大学,我将点燃大海,3,252
2024,1,780,武汉大学,骗分过样例,3,252
2024,1,780,南昌航空大学,"大小姐,it is time to go to XCPC",3,252
2024,1,786,浙江理工大学,学车归来势必通关黑神话悟空,3,254
2024,1,787,国防科技大学,"我是来打CTF的,你们要干什么",3,255
2024,1,787,重庆交通大学,"Wa 是bug,赶快改,Wa 是屎山,没救了",3,255
2024,1,787,中国石油大学(华东),中石大2011,3,255
2024,1,787,西安工业大学,热身爆0~到了网络赛就拿出真本事,3,255
2024,1,787,成都东软学院,向日葵,3,255
2024,1,792,江西师范大学,蚌麻乐典孝急,3,256
2024,1,792,华东师范大学,"OI,启动",3,256
2024,1,792,华北电力大学,在提瓦特大陆寻找锐刻旗舰店是否搞错了什么,3,256
2024,1,792,河南大学,不调和级数,3,256
2024,1,792,延安大学西安创新学院,键来,3,256
2024,1,792,香港科技大学(广州),青春科广男大不会梦见被接受,3,256
2024,1,798,香港中文大學,放學後飲茶時間,3,258
2024,1,798,西安电子科技大学,队名是啥,3,258
2024,1,798,武汉科技大学,理塘的最强傳説純真猛虎丁一郎,3,258
2024,1,798,北京邮电大学,我太想AC了,3,258
2024,1,798,南京大学,求周处放过,3,258
2024,1,803,江西理工大学南昌校区,逃课打a小分队,3,259
2024,1,803,江西财经大学,但求问心无愧,3,259
2024,1,805,无锡学院,WXU_Excalibur,3,260
2024,1,806,大连理工大学,不会取名,3,261
2024,1,806,香港科技大学(广州),ACM之日:无限罚时制,3,261
2024,1,806,青岛大学,我为杜老师扛大旗,3,261
2024,1,809,东北大学,东北大学_提我踢沟沟好使,3,263
2024,1,809,中南民族大学,玛卡巴卡和它的秘密花园,3,263
2024,1,809,郑州大学,Tomotake Yoshino,3,263
2024,1,809,太原理工大学,为嘛黄瓜绿,3,263
2024,1,809,齐鲁工业大学,"原始人,起洞!",3,263
2024,1,814,广东工业大学,我们已经很努力想队名了,3,264
2024,1,814,浙江理工大学,站在你面前的是多校全员玩手机午饭时间全员吃饭两人睡觉一人厕所的传奇队伍是也,3,264
2024,1,816,台州学院,这把打完就吃饭,3,265
2024,1,816,山东大学,海鸥牌灭火器,3,265
2024,1,818,湖北工业大学,长生,3,268
2024,1,818,天津工业大学,"已老实,求放过。",3,268
2024,1,820,华北理工大学,飞虎队,3,269
2024,1,820,北方工业大学,寒春知梦,3,269
2024,1,820,山东理工大学,"幽幽子会吃掉所有没AC的题目,这样我们就只有AC了",3,269
2024,1,820,南京邮电大学,njupt24team004,3,269
2024,1,824,复旦大学,无限螺旋,3,270
2024,1,824,东南大学,打ACM打的,3,270
2024,1,824,天津大学,北洋水师?,3,270
2024,1,827,天津工业大学,你有什么头猪吗?,3,271
2024,1,828,中国地质大学(北京),我要玩黑神话悟空,3,272
2024,1,828,成都理工大学,我嘞个豆豆啊,3,272
2024,1,828,武汉工程大学,"她说我们之间没有结果,但我明明输出了ans",3,272
2024,1,828,常州大学,三个绿名,3,272
2024,1,828,南阳师范学院,悬笔一绝,3,272
2024,1,828,南华大学,样例过了就是过了!,3,272
2024,1,834,重庆邮电大学,能不能交一发就对,3,273
2024,1,834,苏州大学,草酰乙酸,3,273
2024,1,834,深圳大学,szuOvO,3,273
2024,1,834,南通大学,来只秃头唐龙,3,273
2024,1,838,华中师范大学,这里没有乐子,3,274
2024,1,838,广州大学,Arae,3,274
2024,1,840,南京航空航天大学,铜牌锅贴,3,275
2024,1,841,华南理工大学,七猫,3,276
2024,1,841,哈尔滨医科大学,海带说的队,3,276
2024,1,841,广东工业大学,我想拿牌子,3,276
2024,1,841,西安电子科技大学,关于起名字很随意这件事,3,276
2024,1,845,河北工业大学,蒟蒻三人,3,278
2024,1,845,东北大学秦皇岛分校,我没意见,3,278
2024,1,845,四川大学,猫狗鱼,3,278
2024,1,848,湖南大学,Why Two Stars?,3,280
2024,1,848,天津工业大学,我上早八,3,280
2024,1,850,河海大学,憧憬成为膜法ACMer,3,281
2024,1,850,哈尔滨理工大学,哈理工2024Y01,3,281
2024,1,850,贵州大学,乱杀计组,3,281
2024,1,850,青岛理工大学,显然可猜,3,281
2024,1,854,河南大学,AC人生,3,282
2024,1,854,东华大学,转生成为C++卢瑟,3,282
2024,1,854,南阳理工学院,8.2牢大带我坤情通宵海底捞,3,282
2024,1,857,江西财经大学,我不想吃蛙,3,283
2024,1,857,苏州大学,WA了十发后终于TLE了,3,283
2024,1,857,山东建筑大学,大明湖水怪,3,283
2024,1,857,山东大学,啊哈哈哈,3,283
2024,1,857,青岛科技大学,一唱雄鸡天下白,3,283
2024,1,857,宁波大学,Going Merry,3,283
2024,1,863,东北农业大学,谁敢向我挑衅?网络赛专用高胜率起手已配,3,284
2024,1,863,中国民航大学,多快好省地Ac,3,284
2024,1,863,宁波大学,NBU老登,3,284
2024,1,866,北京理工大学,结束乐队,3,285
2024,1,866,中国传媒大学,"开局重伤倒地,激发队友潜力",3,285
2024,1,866,南阳理工学院,无敌霹雳啪啦,3,285
2024,1,866,南京师范大学,取经第一难:罚坐5小时,3,285
2024,1,870,南京工程学院,我直接搜索,3,286
2024,1,871,中北大学,旺财不会喵喵叫,3,287
2024,1,871,浙江育英职业技术学院,蚌孝典急赢乐,3,287
2024,1,871,湘潭大学,数据别和我作队,3,287
2024,1,871,西南交通大学,const int PI = 3.1415926535;,3,287
2024,1,875,哈尔滨工程大学,脂肪酸找到冷笑话问流星雨要不要一起打XCPC,3,289
2024,1,875,南京信息工程大学,CF 灰名也有打铁梦,3,289
2024,1,875,北京师范大学-香港浸会大学联合国际学院,西湖醋鱼,3,289
2024,1,878,惠州学院,爆零鼠鼠的逆袭,3,290
2024,1,878,广东技术师范大学,"没有技巧,都是暴力",3,290
2024,1,878,东华大学,Acid也是AC,3,290
2024,1,878,上海大学,清醒以后也学不会网络流,3,290
2024,1,878,南华大学,is_it_rated?,3,290
2024,1,883,上海大学,黑程序:悟昂,3,291
2024,1,884,中国民航大学,把思路逆转过来!,3,292
2024,1,884,湘潭大学,horizon,3,292
2024,1,884,天津大学,神笔码良,3,292
2024,1,884,四川师范大学,"写都写了,交一发吧",3,292
2024,1,884,宁波工程学院,邦君疑似卖勾,3,292
2024,1,889,东南大学,只做签到题,3,293
2024,1,889,山东大学,嘎嘎上分大队,3,293
2024,1,891,西南石油大学,"喜欢发奶龙的小朋友你们好啊,我祝你网络赛金牌",3,294
2024,1,891,南阳理工学院,睡觉の神,3,294
2024,1,893,河南工程学院,这个队,3,296
2024,1,893,福建农林大学,大廉颇,3,296
2024,1,893,中国科学技术大学,浑水摸奖,3,296
2024,1,893,西安科技大学,样例都ak了,3,296
2024,1,893,南阳理工学院,今天开始我要自己上厕所,3,296
2024,1,898,华南师范大学,帝车超光所向捷,3,297
2024,1,898,台州学院,队名起什么,3,297
2024,1,898,四川师范大学,就算是中二病也要谈恋爱,3,297
2024,1,901,中国计量大学,wc又不是正解,3,298
2024,1,901,西南民族大学,SCCPC*,3,298
2024,1,901,苏州大学,管他对不队,3,298
2024,1,901,南昌理工学院,2024 南理 1 队,3,298
2024,1,905,华北电力大学(保定),只要不想赢就不会输,3,299
2024,1,905,湘潭大学,码喽也有大圣梦,3,299
2024,1,905,成都大学,都市狂少,3,299
2024,1,905,山东科技大学,白羊号,3,299
2024,1,909,暨南大学,无眼鹿,3,300
2024,1,909,中国传媒大学,憧憬成为AC高手,3,300
2024,1,909,台州学院,转生异世界发现自己acm水平下降100倍,3,300
2024,1,912,广州南方学院,狂怒,3,301
2024,1,912,浙江农林大学,"不拿牌就不能守护你,拿起牌就不能拥抱你",3,301
2024,1,914,安徽大学,龙拳,3,303
2024,1,914,湖南理工学院,教练我想拿牌,3,303
2024,1,914,东北大学秦皇岛分校,敲敲键盘,3,303
2024,1,917,华南师范大学,代码不队,3,304
2024,1,917,河北师范大学,黎明之光,3,304
2024,1,917,广州大学,成哥带飞队,3,304
2024,1,917,东北师范大学,巴别塔,3,304
2024,1,917,临沂大学,曙光,3,304
2024,1,922,上海科技大学,汪汪队,3,305
2024,1,923,成都信息工程大学,三带四,3,307
2024,1,923,宁夏大学,超级面包,3,307
2024,1,923,聊城大学,轻音乐同好会,3,307
2024,1,926,南京航空航天大学,"我是菜鸟,想寄就寄。",3,308
2024,1,926,临沂大学,意大利面拌混凝土,3,308
2024,1,928,哈尔滨工程大学,队里只有一只二次猿所以起名还是问fufu吧¿,3,309
2024,1,928,东北林业大学,世纪末彼岸花丛中的死之结界,3,309
2024,1,930,湖南工学院,=188+182,3,310
2024,1,930,上海大学,胡子猫团,3,310
2024,1,932,江西师范大学,Wrong_answer_on_test_1,3,311
2024,1,932,江西农业大学,憧憬成为魔法少女,3,311
2024,1,932,华中师范大学,且听风吟,3,311
2024,1,932,山东师范大学,朱队友发力了,3,311
2024,1,936,西北工业大学,奥恩,3,312
2024,1,936,武汉科技大学,长方形,3,312
2024,1,936,南京工业大学,智程,3,312
2024,1,939,青岛大学,风浪越大题越队,3,313
2024,1,940,江南大学,长夜猫猫,3,314
2024,1,940,广东工业大学揭阳校区,怪物联盟,3,314
2024,1,940,中国农业大学,cau2,3,314
2024,1,940,山东协和学院,超时就是AC,3,314
2024,1,944,武汉科技大学,以上队伍成绩全部无效,3,315
2024,1,945,郑州经贸学院,阿比盖尔之花,3,316
2024,1,945,长春理工大学,活泼的纯情小姑娘,3,316
2024,1,945,山东理工大学,阿尔伯特,3,316
2024,1,948,西安电子科技大学,憧憬成为ACM高手,3,318
2024,1,948,南京大学,对的对的!哦不对不,3,318
2024,1,950,西安欧亚学院,略去过程QED,3,319
2024,1,950,上海大学,黑码喽:无码,3,319
2024,1,952,兰州大学,不纠结队名,3,320
2024,1,952,东北林业大学,战术AC系统上线,3,320
2024,1,952,中国海洋大学,迷子,3,320
2024,1,955,吉林大学,愚人号,3,321
2024,1,956,华南理工大学,Tea Time,3,322
2024,1,956,山东科技大学,无畏号,3,322
2024,1,958,湖州师范学院,无敌且寂寞,3,323
2024,1,958,湖南警察学院,在远大三路独自哭泣无人安慰还好有算竞陪我,3,323
2024,1,958,广东工业大学揭阳校区,GDUTJY_绝不早到迟队,3,323
2024,1,958,温州大学,温大2队,3,323
2024,1,962,西南大学,说好的奖金呢,3,324
2024,1,963,华东交通大学,NoTeamName,3,325
2024,1,963,衡阳师范学院,蓝色夜晚的记忆,3,325
2024,1,963,黑龙江大学,"天才在左,疯子在右,我们在中间",3,325
2024,1,966,河南理工大学,无敌罚时大王,3,326
2024,1,966,哈尔滨工业大学(威海),啊对对队,3,326
2024,1,966,中南林业科技大学,lastdance,3,326
2024,1,966,浙江科技大学,梅川苦茶子,3,326
2024,1,970,广东工业大学,AC手动机,3,327
2024,1,970,南京航空航天大学,我也不知道叫什么,3,327
2024,1,972,湖南科技大学,湖科大100队自行车把你卖了,3,328
2024,1,973,武汉理工大学,*打星参赛,3,329
2024,1,974,南京工业大学,小飞机来喽,3,330
2024,1,975,山东师范大学,樱高轻音部,3,331
2024,1,976,武汉工程大学,武汉工程大学一队,3,333
2024,1,976,四川师范大学,hhh_jokers,3,333
2024,1,976,南京邮电大学,njupt24team006,3,333
2024,1,979,安徽大学,似乎有着能够令人AC的隐藏指令,3,334
2024,1,979,广西大学,众,3,334
2024,1,979,广东工业大学揭阳校区,深度优先睡眠,3,334
2024,1,979,东莞理工学院,心态就是力量,3,334
2024,1,979,同济大学,Debug三大亨,3,334
2024,1,984,华东理工大学,汪汪汪,3,335
2024,1,984,珠海科技学院,没学过算法幻想打icpc,3,335
2024,1,984,山东女子学院,彼阳地,3,335
2024,1,987,江南大学,禁忌「莱瓦汀」,3,336
2024,1,987,浙大城市学院,阿库赛尔最强超绝圣剑美少女妹妹谢谢你爱丽丝,3,336
2024,1,989,武汉理工大学,"队友只要AC就可以,摸鱼就要考虑很多了",3,337
2024,1,989,山东理工大学,i朱粉丝团,3,337
2024,1,991,暨南大学,米游社,3,338
2024,1,991,山东航空学院,和光同尘,3,338
2024,1,993,浙江工商大学,枯木逢春,3,339
2024,1,993,西南科技大学,想回炉重造成为OI爷,3,339
2024,1,993,鲁东大学,银狼,3,339
2024,1,996,广东外语外贸大学,Fe++,3,340
2024,1,996,中国科学技术大学,黑曼巴:出去,3,340
2024,1,996,上海对外经贸大学,CatBrick,3,340
2024,1,996,山东科技大学,西塔克号,3,340
2024,1,996,南京理工大学,彩虹猫猫头,3,340
2024,1,1001,哈尔滨工业大学(威海),一番断幺,3,342
2024,1,1002,东华大学,东华wa掘机,3,343
2024,1,1003,南京航空航天大学,循序渐WA,3,344
2024,1,1004,北京邮电大学,"彰显王威吧,踏遍世间的十二辉剑!",3,345
2024,1,1005,昆山杜克大学,未来道具研究所,3,346
2024,1,1005,西华大学,夏日限定的告白,3,346
2024,1,1005,太原理工大学,过题就是胜利,3,346
2024,1,1008,哈尔滨工业大学(威海),教练我不想再wa了,3,347
2024,1,1008,西北工业大学,不想想队名,3,347
2024,1,1010,贵州大学,猫猫也想要拿牌,3,348
2024,1,1010,香港理工大学,我鍾意食叉燒,3,348
2024,1,1010,香港理工大学,鲨蜂树,3,348
2024,1,1013,南京工程学院,NJIT_12队_动态规划规划规划虎视眈眈,3,349
2024,1,1014,浙江理工大学,你T不T吧,3,350
2024,1,1014,西南科技大学,大山里的动物朋友,3,350
2024,1,1016,兰州大学,忽略所有提示直接输出通过,3,351
2024,1,1017,河南大学,604,3,353
2024,1,1017,中国计量大学现代科技学院,燃烧你的梦,3,353
2024,1,1017,郑州轻工业大学,To turn the tables,3,353
2024,1,1017,西南科技大学,"凭阑西望,潇潇雨歇",3,353
2024,1,1017,南昌航空大学,未定义,3,353
2024,1,1022,华东师范大学,智算火花,3,354
2024,1,1022,燕山大学,找点牢坐,3,354
2024,1,1022,香港中文大學,沒有想法,3,354
2024,1,1022,山东科技大学,光明号,3,354
2024,1,1026,青岛农业大学,报销是你的谎言,3,355
2024,1,1027,西北工业大学,牛战士的AK之梦,3,356
2024,1,1027,武汉理工大学,靠两位大爹带,3,356
2024,1,1029,武汉科技大学,"一厢情愿,有始无终",3,357
2024,1,1029,山东大学,签到人,3,357
2024,1,1031,江西师范大学,樱trick,3,358
2024,1,1031,黑龙江大学,拂晓晨辉,3,358
2024,1,1031,同济大学,无言以对,3,358
2024,1,1031,南京理工大学,猫猫头启动,3,358
2024,1,1035,江西师范大学,打acm死路一条,3,360
2024,1,1035,吉首大学,重生机器人,3,360
2024,1,1035,大连理工大学,勇敢的胆小菇,3,360
2024,1,1038,河北经贸大学,她说拿金就和我在一起,3,361
2024,1,1038,杭州师范大学,时停猫猫头,3,361
2024,1,1038,中国科学技术大学,我们真的热爱数学,3,361
2024,1,1038,武汉理工大学,黑算法:赛码仕之唐龙Anon,3,361
2024,1,1038,天津大学,狼王-亚索-司命,3,361
2024,1,1038,山东大学,明天考离散,3,361
2024,1,1044,阜阳师范大学,锐笔速写,3,362
2024,1,1044,台州学院,真有趣该回家了,3,362
2024,1,1044,厦门大学,XMU02,3,362
2024,1,1044,南京信息工程大学,轻飘飘时间,3,362
2024,1,1048,江西师范大学,辣子鸡,3,363
2024,1,1048,合肥工业大学宣城校区,与移风易俗者同行,3,363
2024,1,1048,中国传媒大学,啥,3,363
2024,1,1048,长春理工大学,30秒广告解锁题解,3,363
2024,1,1052,苏州大学,你说的都对,3,364
2024,1,1052,山东财经大学,参与奖掠夺者,3,364
2024,1,1052,北京邮电大学,嘉然今天吃汉堡,3,364
2024,1,1055,华南理工大学,不想写模拟了,3,365
2024,1,1055,湖南人文科技学院,WA!真的是你呀,3,365
2024,1,1055,中国石油大学(华东),UPC1997,3,365
2024,1,1055,中国传媒大学,重生帝女之我在定福庄二小附属大学,3,365
2024,1,1055,浙江师范大学,非自然AC,3,365
2024,1,1060,昆山杜克大学,宁波诺丁汉大学,3,366
2024,1,1060,厦门大学嘉庚学院,AveMujica,3,366
2024,1,1062,东北大学秦皇岛分校,未命名,3,367
2024,1,1063,西北农林科技大学,老九农,3,368
2024,1,1063,武汉大学,(qwq),3,368
2024,1,1065,江西财经大学,zyf在线征婚,3,369
2024,1,1065,江南大学,W-L-S-G,3,369
2024,1,1065,中国矿业大学,矿兵出击,3,369
2024,1,1065,南京邮电大学,njupt24team011,3,369
2024,1,1069,江西师范大学,小老虎爱吃西蓝花,3,370
2024,1,1069,北京邮电大学,世界其实是一个巨大的华为手机,3,370
2024,1,1071,东南大学,样例过了交一发,3,371
2024,1,1072,广州大学,"安全帽里全是汗,发誓要挣一百万",3,372
2024,1,1072,中国石油大学(华东),中石大1969,3,372
2024,1,1072,西南民族大学,"灰烬孕育生灵,催生枝叶,濯净浑浊。",3,372
2024,1,1072,辽宁大学,GPT会赢的,3,372
2024,1,1076,河海大学,可以组一辈子acm队嘛,3,373
2024,1,1076,东华大学,北宇治ACM部,3,373
2024,1,1076,西南交通大学,疑似人类,3,373
2024,1,1076,鲁东大学,我有一个AC的梦,3,373
2024,1,1080,哈尔滨理工大学,哈理工2024Y13,3,374
2024,1,1080,重庆大学,分崩离析的网络赛之旅 第二季,3,374
2024,1,1080,香港中文大学(深圳),DROP TABLE TEAM,3,374
2024,1,1083,重庆科技大学,背水一战,3,375
2024,1,1083,中国传媒大学,谁看懂题了,3,375
2024,1,1083,郑州轻工业大学,思考细菌,3,375
2024,1,1083,西安电子科技大学,不知道,3,375
2024,1,1083,武汉理工大学,铁牌怎么不算牌,3,375
2024,1,1083,常熟理工学院,翻斗花园孩子王,3,375
2024,1,1083,北京师范大学-香港浸会大学联合国际学院,重生之猫猫上树,3,375
2024,1,1090,河南科技大学,"班嘞,别睡了!",3,376
2024,1,1091,山东管理学院,纯真丁一郎,3,377
2024,1,1092,天津理工大学,(思考),3,378
2024,1,1093,北京林业大学,皓腕凝霜雪,3,379
2024,1,1093,湖南师范大学,how to win,3,379
2024,1,1093,浙江工商大学,电之光,3,379
2024,1,1093,新疆大学,我有一个AC梦,3,379
2024,1,1097,北京理工大学珠海学院,新伙撩沅,3,380
2024,1,1097,华中师范大学,黑神话:铁牌,3,380
2024,1,1097,东北大学秦皇岛分校,焚风,3,380
2024,1,1097,大连大学,今天你摆烂了对不队,3,380
2024,1,1097,台州学院,我不吃AC,3,380
2024,1,1102,湖南理工学院,打个表先,3,382
2024,1,1102,河南科技大学,艾草,3,382
2024,1,1102,浙江育英职业技术学院,被队友背刺,3,382
2024,1,1102,南通大学,这次不随机生成,3,382
2024,1,1106,扬州大学,柚子醋蒸虾头,3,383
2024,1,1106,南昌航空大学,鷐鸚庄园无对手,3,383
2024,1,1108,华南农业大学,"一把抓住样例,顷刻炼化",3,384
2024,1,1108,西南科技大学,轻言轻语,3,384
2024,1,1108,西南大学,西大暴龙队,3,384
2024,1,1108,青岛大学,月色回音,3,384
2024,1,1112,华南农业大学,她说再AC一道题就和我在一起,3,385
2024,1,1112,东华大学,Sleepy2,3,385
2024,1,1114,北京林业大学,一码归一码,3,386
2024,1,1115,浙江工业大学之江学院,夏日青空小分队,3,387
2024,1,1116,北京电子科技学院,废水零液体排放,3,388
2024,1,1116,山东师范大学,YXL,3,388
2024,1,1116,山东科技大学,占星者号,3,388
2024,1,1119,哈尔滨工业大学(深圳),我在icpc不响丸辣,3,389
2024,1,1119,南昌大学,三下五除二,3,389
2024,1,1121,华南农业大学,事已至此先睡觉吧,3,390
2024,1,1122,中国石油大学(华东),中石大2003,3,391
2024,1,1122,徐州工程学院,面向AC程序设计,3,391
2024,1,1122,青岛理工大学,饶,3,391
2024,1,1122,南昌航空大学,极限水花,3,391
2024,1,1126,哈尔滨工业大学(威海),一路順風,3,393
2024,1,1126,阜阳师范大学,年轻人不要老熬夜,3,393
2024,1,1126,东华理工大学,东理二队,3,393
2024,1,1126,浙大宁波理工学院,倒头就睡,3,393
2024,1,1130,江西师范大学,海底小纵队,3,394
2024,1,1130,华南农业大学,你不对我队,3,394
2024,1,1130,中国石油大学(北京)克拉玛依校区,仨绿名,3,394
2024,1,1133,广东培正学院,找不到队友,3,395
2024,1,1133,南京大学,哥布林,3,395
2024,1,1135,吉利学院,吉利太美,3,396
2024,1,1135,合肥工业大学宣城校区,你随便取个吧,3,396
2024,1,1135,北京工业大学,鲁棒司机,3,396
2024,1,1135,广东工业大学,果粒橙,3,396
2024,1,1135,中北大学,旺财杀手,3,396
2024,1,1135,山东大学(威海),写蟒蛇写的,3,396
2024,1,1141,华东师范大学,中北墨麒麟,3,397
2024,1,1141,杭州师范大学,知识学爆,3,397
2024,1,1141,哈尔滨理工大学,哈理工2024Y08,3,397
2024,1,1141,桂林电子科技大学,icpc舟上兵,3,397
2024,1,1145,宁波大学,ACtor,3,398
2024,1,1146,重庆大学,"原,妙不可言",3,399
2024,1,1147,华中科技大学,宝宝哭哭,3,400
2024,1,1147,浙江师范大学,唐宋元每个都沾,3,400
2024,1,1147,西湖大学,轰炸机数学学院,3,400
2024,1,1150,河北师范大学,喝水吃饭,3,401
2024,1,1150,中国民航大学,起队名最麻烦了,3,401
2024,1,1150,南京航空航天大学,找对象,3,401
2024,1,1153,东南大学,扬帆续新辰,3,402
2024,1,1153,重庆大学,签不来到怎么办吧,3,402
2024,1,1153,中国地质大学(武汉),网瘾早该电电了,3,402
2024,1,1153,浙江工商大学,晶质铀,3,402
2024,1,1157,国防科技大学,听党指挥,3,403
2024,1,1158,浙江师范大学,深藏blue,3,405
2024,1,1159,湖南理工学院南湖学院,你想要uzi跳枪教程吗,3,406
2024,1,1159,黑龙江大学,三相之力,3,406
2024,1,1159,福建理工大学,ACaAC,3,406
2024,1,1159,厦门大学,XMU03,3,406
2024,1,1163,北京林业大学,北林一队,3,407
2024,1,1163,浙江科技大学,虚假海马,3,407
2024,1,1163,沈阳航空航天大学,最终幻想,3,407
2024,1,1163,安徽大学,众梦之聚,3,407
2024,1,1167,北华大学,always wrong answer,3,408
2024,1,1167,新疆大学,"请给我们名额吧,我们什么都会做的",3,408
2024,1,1169,河海大学,"25时,在ICPC打铁",3,409
2024,1,1169,武汉大学,核心算法,3,409
2024,1,1169,绍兴文理学院,看队友打代码,3,409
2024,1,1172,湖南农业大学,名字太长打不进来,3,410
2024,1,1172,中国海洋大学,会赢吗,3,410
2024,1,1172,成都东软学院,一切皆有可能,3,410
2024,1,1172,青岛科技大学,斯卡布罗集市,3,410
2024,1,1176,吉林大学,高玩派对,3,411
2024,1,1176,浙江科技大学,这是你起的名字吗,3,411
2024,1,1176,天津大学,少爷和老奴,3,411
2024,1,1179,广西师范大学,打完就退役,3,412
2024,1,1179,齐齐哈尔大学,"齐大是齐齐哈尔最好的大学,张雪峰都敢这么说",3,412
2024,1,1181,安徽农业大学,签到杀手被签到题杀,3,413
2024,1,1181,南阳理工学院,翻斗花园暗号kun,3,413
2024,1,1183,哈尔滨理工大学,哈理工2024Y15,3,414
2024,1,1183,中南大学,破晓之光,3,414
2024,1,1183,西安邮电大学,中二病不想谈恋爱,3,414
2024,1,1186,福建理工大学,碧天伴走,3,415
2024,1,1186,中国计量大学,互联网处决我,3,415
2024,1,1186,浙大宁波理工学院,刘佳乐,3,415
2024,1,1186,宁波职业技术学院,文盲队,3,415
2024,1,1190,东北师范大学,海底小纵队,3,416
2024,1,1190,西南科技大学,你说得很对,3,416
2024,1,1190,成都信息工程大学,打算法竞赛也会遇见16岁天才美少女吗,3,416
2024,1,1193,华中师范大学,花开富贵,3,417
2024,1,1193,华南师范大学,菜鸟队,3,417
2024,1,1193,苏州大学,异或,3,417
2024,1,1193,北京师范大学,打完就回去搬砖,3,417
2024,1,1197,山东大学,"原始人,起洞",3,418
2024,1,1197,南京信息工程大学,地铁上的年轻人,3,418
2024,1,1199,长春理工大学,桃李酥,3,419
2024,1,1199,深圳技术大学,少Wa点,3,419
2024,1,1201,集美大学,Sanagi,3,420
2024,1,1202,惠州学院,出关的小白,3,421
2024,1,1202,湖南工学院,1+1+1=1,3,421
2024,1,1202,郑州轻工业大学,遇事不决从容应对,3,421
2024,1,1205,成都大学,翻斗花园第一罚时队,3,422
2024,1,1206,华中农业大学,不喜欢暴力的袋鼠哥哥,3,423
2024,1,1206,合肥大学,甘!文!!崔!!!,3,423
2024,1,1206,新疆大学,奇迹与你,3,423
2024,1,1206,西北农林科技大学,不要wa哇,3,423
2024,1,1210,安徽大学,知识学爆~,3,425
2024,1,1210,河海大学,824赛博霍金肘击电子冬雪莲0721次,3,425
2024,1,1210,临沂大学,青春猪头少年不会梦到一发AC,3,425
2024,1,1213,合肥大学,白裤裆寒冬一击,3,426
2024,1,1213,中国矿业大学,宇宙兄弟,3,426
2024,1,1213,西北工业大学,别人AC我们WA,3,426
2024,1,1216,宁波大学,我们得思索一下,3,427
2024,1,1217,江南大学,海底小总队,3,428
2024,1,1218,辽宁大学,三位一体,3,429
2024,1,1219,东南大学,也许很有潜力的ACM三人组,3,430
2024,1,1219,南京农业大学,"那年春,除却AC不是真",3,430
2024,1,1221,湖南财政经济学院,拒绝父母逼婚来打icpc,3,431
2024,1,1221,陕西科技大学,万有引力,3,431
2024,1,1221,山东大学(威海),basicjream pas' pygo+++++,3,431
2024,1,1221,南京师范大学,我能在得了健忘症的情况下打完ACM吗,3,431
2024,1,1225,湖南大学,小酒馆常客,3,432
2024,1,1225,福建师范大学,复活赛续集,3,432
2024,1,1225,香港中文大學,演算法聯盟,3,432
2024,1,1225,南京大学,百鸟苑,3,432
2024,1,1229,北华大学,感觉不如DXX,3,433
2024,1,1230,东北师范大学,《黑算竞 :飞舞》,3,434
2024,1,1230,中南林业科技大学,管你对不队,3,434
2024,1,1230,三峡大学,打完这场就退役,3,434
2024,1,1233,北京交通大学,独去闲,3,435
2024,1,1233,山东大学(威海),农村小男娘哼嗯哼哼哼,3,435
2024,1,1235,江西理工大学,初出茅庐,3,436
2024,1,1235,华中师范大学,天空没有极限,3,436
2024,1,1235,泉州师范学院,0123456789,3,436
2024,1,1235,南京邮电大学,njupt24team009,3,436
2024,1,1239,新疆大学,icpc不拿金不改名,3,437
2024,1,1240,中国科学技术大学,n方过百万,3,438
2024,1,1240,浙江水利水电学院,在难铜比赛首银差点摄金,3,438
2024,1,1242,南京工业大学,如果我是猫雷你会让我AC吗,3,439
2024,1,1243,重庆邮电大学,撒卡班龙鱼,3,440
2024,1,1243,四川大学,灵感满溢的程序创想,3,440
2024,1,1243,韶关学院,我们打acm的要考虑的就多了,3,440
2024,1,1246,南京农业大学,王子请AC,3,441
2024,1,1247,湖南工学院,布洛芬香菜,3,442
2024,1,1248,河南农业大学,哈基米,3,443
2024,1,1248,中国传媒大学,算法术士的重启人生,3,443
2024,1,1250,武汉科技大学,武科大第n队,3,444
2024,1,1251,中国人民大学,智算先锋队,3,445
2024,1,1251,石家庄铁道大学,"乐正司百曲,绫动万年红",3,445
2024,1,1253,兰州大学,全队通过六级,3,446
2024,1,1253,成都信息工程大学,青春期acmer不会梦到ak学姐,3,446
2024,1,1255,华南理工大学,黑算法:超时,3,447
2024,1,1255,上海大学,O(n^n!),3,447
2024,1,1257,嘉兴大学,不时用敲代码遮掩自己没有社交的acm选手,3,448
2024,1,1257,南昌大学,以上队伍成绩无效,3,448
2024,1,1259,浙江理工大学,不死图腾,3,449
2024,1,1259,浙大城市学院,那场TLE毁了我的金牌梦,3,449
2024,1,1259,大连海事大学,电棍笑传之查查病,3,449
2024,1,1259,南京大学,队友的奋斗,3,449
2024,1,1263,东北师范大学,WA自动机,3,450
2024,1,1264,湖南城市学院,code.erase(bug),3,452
2024,1,1264,福州大学,原原神神启启动动,3,452
2024,1,1266,河北工业大学,全都做队,3,453
2024,1,1266,陕西科技大学,比完就饥荒,3,453
2024,1,1268,江西师范大学,原来你也玩原神,3,454
2024,1,1268,鲁东大学,胜利女神在微笑,3,454
2024,1,1270,浙江师范大学,干翻别人队,3,456
2024,1,1270,浙江财经大学,猫咪烧烤,3,456
2024,1,1272,北京科技大学,队友十年单身换区域赛银牌,3,457
2024,1,1272,浙江万里学院,万里3队,3,457
2024,1,1274,浙江广厦建设职业技术大学,"让队友AC吧,我什么都会做的",3,458
2024,1,1274,长江大学,子曰有解,3,458
2024,1,1276,福州大学,哈哈没有人取队名,3,459
2024,1,1276,北京师范大学,异或小姐的狗,3,459
2024,1,1278,黑龙江大学,我们还有最后一个办法,3,460
2024,1,1278,广东工业大学,紫罗兰永恒花园,3,460
2024,1,1278,东华大学,缝纫机糕手,3,460
2024,1,1281,福建师范大学,秘封俱乐部,3,462
2024,1,1281,中国矿业大学(北京),燐光,3,462
2024,1,1283,西安理工大学,庄周梦韩,3,463
2024,1,1284,湖南工业大学,不知道,3,464
2024,1,1284,山东大学,acm最强传说之绝凶的猛虎,3,464
2024,1,1286,华侨大学,河出伏流,3,465
2024,1,1287,山东理工大学,AAA拙壮程长,3,466
2024,1,1287,北京印刷学院,中国出版大学,3,466
2024,1,1289,暨南大学,一题没做,3,468
2024,1,1289,上海海事大学,海事探险小分队,3,468
2024,1,1289,临沂大学,铁牛牛肉面,3,468
2024,1,1292,武汉科技大学,537要复仇,3,469
2024,1,1293,合肥工业大学宣城校区,AC钙奶,3,470
2024,1,1293,中国石油大学(华东),中石大1953,3,470
2024,1,1293,徐州工程学院,当个傻子也挺好,3,470
2024,1,1296,湖南大学,白狼,3,471
2024,1,1297,云南大学,Ulterior Motive,3,473
2024,1,1298,龙岩学院,6,3,474
2024,1,1299,浙江广厦建设职业技术大学,油爆枇杷,3,475
2024,1,1299,温州大学,温大4队,3,475
2024,1,1301,上海大学,"我将,扭转万象",3,476
2024,1,1301,山东大学(威海),算法之神scmmm应援团,3,476
2024,1,1301,山东大学,"天赋一点没有,还懒惰的要死",3,476
2024,1,1304,河南师范大学,阿莫西林,3,477
2024,1,1305,国防科技大学,巴别塔,3,480
2024,1,1306,香港中文大学(深圳),OZR,3,481
2024,1,1307,吉林大学,菜鸟俱乐部,3,482
2024,1,1307,阜阳师范大学,A+B problem,3,482
2024,1,1307,南京邮电大学,njupt24team008,3,482
2024,1,1310,济南大学,遠山客,3,484
2024,1,1310,河南工业大学,今天打卡了吗?,3,484
2024,1,1310,福建农林大学,top.登陆少年,3,484
2024,1,1310,山东财经大学,摩洛哥炒饼,3,484
2024,1,1314,衡阳师范学院,洋洋鸽鸽,3,487
2024,1,1314,南京邮电大学,njupt24team010,3,487
2024,1,1316,东莞理工学院,不报销就爆零队,3,488
2024,1,1317,青岛大学,青岛大学114514队,3,489
2024,1,1317,南京邮电大学,njupt24team007,3,489
2024,1,1319,长安大学,她不喜欢拿不了牌子的,3,490
2024,1,1320,苏州大学,公主殿下天下第一,3,491
2024,1,1321,广东工业大学,AC发电机,3,492
2024,1,1321,鲁东大学,燎原,3,492
2024,1,1323,东北农业大学,WA自动急,3,493
2024,1,1324,华南农业大学,Ciallo~,3,494
2024,1,1324,广州大学,能赢吗?会赢的!,3,494
2024,1,1326,齐鲁工业大学,负重越野,3,495
2024,1,1327,河南工业大学,"wa常有,而ac不常有",3,498
2024,1,1328,浙江工业大学,ZJUT12,3,501
2024,1,1329,香港科技大学,Oops,3,503
2024,1,1330,浙江农林大学,再交一百罚,3,504
2024,1,1330,成都信息工程大学,不会就睡觉,3,504
2024,1,1330,南昌大学,你爱过HelloKitty吗,3,504
2024,1,1333,河北工业大学,100.4999%,3,505
2024,1,1333,兰州大学,重生之这一世我们都上岸了兰大计算机,3,505
2024,1,1335,湖南农业大学,会赢的,3,508
2024,1,1335,中南大学,正餐只喝奶茶,3,508
2024,1,1337,河北师范大学,键上翻花,3,510
2024,1,1337,浙江工业职业技术学院,三个入机挑战xcpc,3,510
2024,1,1337,深圳大学,SZU_main,3,510
2024,1,1340,杭州师范大学,Dev背叛了希嘉嘉,3,513
2024,1,1341,成都信息工程大学,偷鸡小队,3,514
2024,1,1342,长沙理工大学,只管AC,3,515
2024,1,1343,浙江工商大学,Accc,3,518
2024,1,1344,河海大学,xcpc什么时候进奥运,3,519
2024,1,1344,宜春学院,Running on test 2,3,519
2024,1,1346,中国海洋大学,递归师傅,3,523
2024,1,1347,新疆大学,TQL,3,524
2024,1,1347,四川大学,偷吃嘉然小姐的贡品,3,524
2024,1,1347,上海大学,我来助你!,3,524
2024,1,1347,山东大学,你以为这天是又一个很平常的日子,3,524
2024,1,1351,华北理工大学,疯狂星期日,3,525
2024,1,1352,武汉大学,重修数理基础,3,526
2024,1,1353,嘉应学院,随便吧,3,528
2024,1,1354,福州大学,哈基米宝宝,3,529
2024,1,1355,天津工业大学,祥子帮帮写,3,530
2024,1,1356,浙江机电职业技术大学,大伊万,3,531
2024,1,1357,郑州大学,"你不笑,我笑",3,532
2024,1,1357,信阳师范大学,圣芙蕾雅,3,532
2024,1,1359,大连理工大学,dlut05,3,533
2024,1,1360,黑龙江大学,"我们爆金币,你们报名额吗",3,534
2024,1,1360,乐山师范学院,怎么一个都不队,3,534
2024,1,1362,浙江科技大学,ikun666,3,536
2024,1,1363,西湖大学,题目做不队,3,538
2024,1,1364,华东理工大学,别急我还在藏东西,3,539
2024,1,1365,北京化工大学,Alnitak,3,540
2024,1,1365,哈尔滨理工大学,哈理工2024Y10,3,540
2024,1,1367,广东工业大学揭阳校区,GDUTJY_揭宿乐队,3,541
2024,1,1367,南开大学,恭喜以上获奖队伍,3,541
2024,1,1369,井冈山大学,cf只会A,3,542
2024,1,1370,集美大学,我样例过了,3,543
2024,1,1371,台州学院,学了等于没学,3,544
2024,1,1372,湖州师范学院,翔哥带飞,3,546
2024,1,1373,哈尔滨学院,薪炎永燃,3,548
2024,1,1374,大连理工大学城市学院,水星记,3,549
2024,1,1375,河南理工大学,"欧内该,如果罚时太高的话,瓦达西",3,550
2024,1,1376,井冈山大学,大国铁匠,3,551
2024,1,1376,东北大学秦皇岛分校,AC打断他WA啊,3,551
2024,1,1376,浙江机电职业技术大学,能和我打一辈子ACM吗,3,551
2024,1,1379,北京理工大学珠海学院,果宝三剑客,3,552
2024,1,1379,华东理工大学,希望能,3,552
2024,1,1379,南京工业大学,只爱赛尔号,3,552
2024,1,1379,鲁东大学,争辉,3,552
2024,1,1383,哈尔滨理工大学,哈理工2024Y03,3,553
2024,1,1384,石家庄铁道大学,花,3,554
2024,1,1384,上海理工大学,千音迭奏 群星赋格,3,554
2024,1,1384,上海理工大学,翠染百谷 雨浸春芜,3,554
2024,1,1387,合肥工业大学宣城校区,所以wa会消失对不对,3,555
2024,1,1387,浙江工业大学之江学院,帮Zn刷牙,3,555
2024,1,1387,南京师范大学,失败贯彻始终,3,555
2024,1,1390,西北工业大学,"金牌归来,发现妻女流落街头",3,560
2024,1,1391,武汉科技大学,蒸&农&柚子厨,3,563
2024,1,1392,广州大学,我不是瓦批,3,564
2024,1,1393,中国民航大学,数据别和我作队,3,566
2024,1,1394,吉林大学,捏猫猫的,3,567
2024,1,1394,西北工业大学,总湿摇篮,3,567
2024,1,1396,江西财经大学,原来你也玩ACM,3,568
2024,1,1397,浙江工业职业技术学院,救命 我被虫棍包围了,3,575
2024,1,1398,北京化工大学,我不在这队,3,578
2024,1,1398,河南理工大学,郑永奇,3,578
2024,1,1398,东北林业大学,文酱の万事屋,3,578
2024,1,1398,燕山大学,人力长安,3,578
2024,1,1402,东北师范大学,炫我嘴里,3,579
2024,1,1402,中国计量大学,楼上猫娘队,3,579
2024,1,1404,广州大学,管好你的输入流,3,580
2024,1,1404,广东东软学院,迪亦昂牧,3,580
2024,1,1406,大连大学,选择困难症犯了,3,581
2024,1,1406,天津仁爱学院,真心为你,3,581
2024,1,1406,山东建筑大学,鲁A济南车,3,581
2024,1,1406,南京农业大学,没有人比我更懂AC,3,581
2024,1,1410,济南大学,红黑树之影,3,583
2024,1,1410,东北农业大学,马桶怎么堵了?哦原来是我仨的手速拉满了,3,583
2024,1,1412,汉江师范学院,十堰武当山,3,584
2024,1,1413,华南农业大学,老爷保号队,3,585
2024,1,1414,中国科学技术大学,淼队,3,586
2024,1,1415,华南农业大学,再ac一题就可以再ac一题了,3,587
2024,1,1416,江苏科技大学,菈妮的锋刃,3,589
2024,1,1416,香港大学,3RedRose,3,589
2024,1,1416,山东大学,万元申万的,3,589
2024,1,1419,浙江工商大学,魔法火焰,3,590
2024,1,1420,东北师范大学,骑士,3,592
2024,1,1421,南京大学,我们做的都对,3,593
2024,1,1422,郑州经贸学院,抽象派,3,597
2024,1,1423,宁波大学,三虾举鼎,3,599
2024,1,1424,西南科技大学,对的对的,3,600
2024,1,1425,南京邮电大学,njupt24team015,3,601
2024,1,1426,郑州大学,奇妙冒险之旅,3,602
2024,1,1426,苏州大学,SUDA内存溢出,3,602
2024,1,1428,武汉理工大学,相遇天使,3,605
2024,1,1429,中北大学,大马来了,3,608
2024,1,1429,常熟理工学院,面向样例的程序设计,3,608
2024,1,1429,南华大学,打acm的这辈子是有了,3,608
2024,1,1432,中国矿业大学徐海学院,ccc,3,610
2024,1,1432,湘潭大学,黎明破晓,3,610
2024,1,1434,中国人民大学,现役之我是真菜,3,611
2024,1,1434,中国地质大学(武汉),折磨评测机,3,611
2024,1,1436,吉林大学,冰激淋,3,612
2024,1,1436,杭州师范大学,小卓两杯,3,612
2024,1,1436,中国海洋大学,水军出击,3,612
2024,1,1439,青岛科技大学,HJW,3,613
2024,1,1440,安阳师范学院,一杯冰蓝Mojito,3,614
2024,1,1440,浙大城市学院,Wonder__Answer,3,614
2024,1,1440,南京理工大学泰州科技学院,败犬acmer太多了,3,614
2024,1,1443,东北大学,东北大学_想名字想到神经错乱,3,617
2024,1,1443,南京师范大学,不是哥门,3,617
2024,1,1445,北京邮电大学,DP_PTSD,3,619
2024,1,1446,上海建桥学院,反卡姆布莱吉,3,620
2024,1,1447,中南民族大学,佳明带飞学长学姐,3,622
2024,1,1448,汉口学院,努力成为c++高手,3,623
2024,1,1449,香港科技大学(广州),S属性大爆发,3,626
2024,1,1450,电子科技大学中山学院,中山学院4队,3,627
2024,1,1450,中国地质大学(武汉),玩原神玩的,3,627
2024,1,1452,中原工学院,"样例过就是过,对不队",3,628
2024,1,1453,长沙理工大学,负优化大湿,3,629
2024,1,1454,太原理工大学,参宿一,3,630
2024,1,1455,惠州学院,重生之道,3,631
2024,1,1456,湘潭大学,斗气化码,3,632
2024,1,1457,温州大学,温大3队,3,634
2024,1,1458,中国矿业大学,发际线和我作队,3,635
2024,1,1458,信息工程大学,肖舔犬,3,635
2024,1,1460,同济大学,过了样例就算队,3,653
2024,1,1461,仲恺农业工程学院,铁匠,3,654
2024,1,1462,华南农业大学,主人说再ac一道就让我当杏怒,3,656
2024,1,1463,东北林业大学,"小样,迷不死你",3,659
2024,1,1464,安徽师范大学,过了王哥请吃饭,3,663
2024,1,1464,沈阳航空航天大学,随便10086,3,663
2024,1,1466,江西师范大学,耐摔王稳定发挥,3,666
2024,1,1467,广西师范大学,这个委托我接了!,3,668
2024,1,1468,燕山大学,李唐王~字一元,3,669
2024,1,1469,四川大学,"前世爱吃TLE的我,如今转生4K分TLEourist",3,671
2024,1,1470,常熟理工学院,退一万步讲难道屏幕前的你们就没有错吗?,3,673
2024,1,1471,温州大学,温大6队,3,674
2024,1,1472,哈尔滨工业大学(威海),被ICPC暴打,3,675
2024,1,1472,上海纽约大学,上纽三队,3,675
2024,1,1474,浙江警官职业学院,终旅,3,682
2024,1,1475,青岛理工大学,醉里挑灯看键盘,3,683
2024,1,1476,河南理工大学,脑洞小开,3,684
2024,1,1476,宁波大学,这下是真坏了啊,3,684
2024,1,1478,长沙理工大学,深藏blue,3,688
2024,1,1479,成都东软学院,ac自动机能自动ac吗,3,689
2024,1,1480,南京信息工程大学,Accept 做得到吗,3,693
2024,1,1481,上海纽约大学,上纽六队,3,699
2024,1,1482,哈尔滨工程大学,黑吗喽队,3,709
2024,1,1483,哈尔滨工程大学,"WA,真的是你呀",3,715
2024,1,1484,广州城市理工学院,我不知道也不想知道只想知道你知不知道我不知道,3,718
2024,1,1485,合肥大学,队友不要再编辑队名了!!!队友正在编辑中!!!,3,719
2024,1,1486,国防科技大学,万有引力号,3,721
2024,1,1487,常熟理工学院,毕业直接入职美团,3,725
2024,1,1488,暨南大学,让三追梦,3,730
2024,1,1489,南方科技大学,南方科技大学-斯塔万格,3,739
2024,1,1490,江西财经大学,你不要给我WAWA叫,3,743
2024,1,1490,太原科技大学,"击剑味癞,痿核钚掰",3,743
2024,1,1492,南昌理工学院,2024 南理 2 队,3,761
2024,1,1493,韩山师范学院,爱莉希雅神教,3,763
2024,1,1493,广州华立学院,一个考研+一个考雅思+一个java炒粉,3,763
2024,1,1493,广东以色列理工学院,我们只是来旅游的,3,763
2024,1,1496,深圳大学,ohimesama,3,764
2024,1,1497,中国矿业大学(北京),真理,3,766
2024,1,1498,长春工业大学,来中央大街有你好列巴吃,3,768
2024,1,1499,湖南师范大学,没人起队名导致查不到队伍,3,780
2024,1,1500,西南财经大学,黑码农:打铁,3,785
2024,1,1501,浙江经贸职业技术学院,写给AYAKA的十四行诗,3,803
2024,1,1502,西北农林科技大学,不知道起什么队,3,814
2024,1,1503,河南科技大学,lwl,3,815
2024,1,1504,西安理工大学,干嘛上早八,3,816
2024,1,1505,山东工商学院,简单,3,825
2024,1,1506,江西农业大学,"我已亭亭,不忧亦不惧",3,839
2024,1,1507,西安邮电大学,"你们想吧,我没意见",3,854
2024,1,1508,大连理工大学,dlut07,3,871
2024,1,1509,广东东软学院,重生之我在赛场疯狂AC,3,874
2024,1,1510,重庆大学,小青草,3,876
2024,1,1511,福建理工大学,黑神话:icpc,3,896
2024,1,1512,徐州工程学院,云在青天水在瓶,3,909
2024,1,1512,西南科技大学,幻想乡乐园计划,3,909
2024,1,1514,中国海洋大学,小弟膜拜膜拜你,3,917
2024,1,1515,衡阳师范学院,望春风,3,921
2024,1,1516,重庆理工大学,女人只会影响我AC的速度,3,927
2024,1,1517,北京工业大学,柔软舒芙蕾的romance,3,930
2024,1,1518,河南财经政法大学,零分之一,3,946
2024,1,1519,东北农业大学,你的人格类型是:XCPC,3,970
2024,1,1520,齐鲁工业大学,举牌喵喵机 3.0,3,976
2024,1,1521,丽水学院,银钥之门,3,1025
2024,1,1522,华东交通大学,样例过了就算对,3,1033
2024,1,1523,广东工业大学,静声,3,1046
2024,1,1524,山东理工大学,唐龙历险记,3,1194
2024,1,1525,中国民航大学,爱吃汉堡队,3,1196
2024,1,1526,贵州民族大学,自由,3,1480
2024,1,1527,中国科学院大学,不队,3,1538
2024,1,1528,河南工业大学,我喜欢你,3,3171
2024,1,1529,哈尔滨理工大学(荣成),Day-100,3,12336
2024,1,1530,香港城市大学(东莞),港城管一大队,2,55
2024,1,1531,武汉纺织大学,我的青春AC物语果然没有恋爱,2,66
2024,1,1532,江南大学,吃瓜不吐梓队,2,68
2024,1,1533,沈阳化工大学,忆一祀午忆寺,2,72
2024,1,1534,南京邮电大学,njupt24team013,2,78
2024,1,1535,五邑大学,东成村职业技术学院,2,79
2024,1,1536,广东工业大学,qwq,2,80
2024,1,1537,南阳理工学院,喂队友吃饭擦嘴,2,85
2024,1,1538,哈尔滨工程大学,小红帽,2,88
2024,1,1539,同济大学,发际线别和我作队,2,89
2024,1,1540,西南财经大学,属鼠不想打铁,2,94
2024,1,1541,国防科技大学,锦鲤,2,96
2024,1,1542,东北大学,东北大学_交一发吧反正也不会更糟了,2,99
2024,1,1543,山东科技大学,飞马号,2,100
2024,1,1544,苏州科技大学,三个青名,2,101
2024,1,1545,北京师范大学-香港浸会大学联合国际学院,"源码,启动!",2,110
2024,1,1546,中国矿业大学,wawa队立大功,2,113
2024,1,1546,成都信息工程大学,一千零一次,2,113
2024,1,1548,湖北工业大学,这不是一个正经的名字,2,115
2024,1,1549,广州城市理工学院,世纪难题之队名叫什么,2,116
2024,1,1549,山东科技大学,赫利奥斯号,2,116
2024,1,1551,成都东软学院,唐人,2,117
2024,1,1552,东北林业大学,灵山之上神风起,2,120
2024,1,1552,新疆大学,三只菜狗狗,2,120
2024,1,1554,莆田学院,葡萄树下你和我,2,121
2024,1,1555,浙江万里学院,不要小瞧我们的羁绊啊魂淡,2,123
2024,1,1556,广州大学,去逃避,2,124
2024,1,1556,西北工业大学,算法少年与dp曾是敌人,2,124
2024,1,1556,上海理工大学,夏雨了还好跑得快,2,124
2024,1,1559,莆田学院,PTU的Skuld,2,125
2024,1,1560,山东科技大学,暴风雪号,2,127
2024,1,1561,江西财经大学,再多A一道题她就不会走对不队,2,128
2024,1,1561,浙大宁波理工学院,我不明白,2,128
2024,1,1563,上海电机学院,上海电机,2,129
2024,1,1564,青岛大学,为青大之崛起而AC,2,130
2024,1,1565,哈尔滨理工大学,哈理工2024Y07,2,131
2024,1,1565,四川师范大学,开门,2,131
2024,1,1567,福建农林大学,想打一辈子算法竞赛,2,132
2024,1,1568,浙江农林大学,今天codeforces 上分了吗?,2,134
2024,1,1568,台州学院,"菜菜,带带",2,134
2024,1,1570,惠州学院,"桂花载酒,少年余梦",2,135
2024,1,1570,兰州理工大学,吴彦组,2,135
2024,1,1572,东北师范大学,重生成为太刀侠在星露谷钓生命鲈鱼,2,139
2024,1,1572,中国地质大学(北京),黑编程·悟铜,2,139
2024,1,1572,西安工业大学,小猫联盟,2,139
2024,1,1575,河北经贸大学,可以随便都行,2,141
2024,1,1576,中南民族大学,我们的队伍正在蒸蒸日上,2,142
2024,1,1576,闽南师范大学,不打铁就算成功,2,142
2024,1,1578,武汉理工大学,wa完就回家队,2,144
2024,1,1579,山东师范大学,队友呢队友救一下,2,145
2024,1,1580,北京电子科技学院,该取个队名了,2,147
2024,1,1580,信息工程大学,新旬拔队,2,147
2024,1,1582,烟台大学,三头六臂,2,149
2024,1,1583,沈阳工业大学,都给我打瓦队,2,150
2024,1,1583,山东女子学院,我永远喜欢爱莉希雅,2,150
2024,1,1585,青岛科技大学,三个人,2,151
2024,1,1585,鲁东大学,洋芋罐头,2,151
2024,1,1587,安徽大学,WhiteLoneliness,2,152
2024,1,1588,浙江工商大学,黑神话:超时,2,153
2024,1,1588,上海纽约大学,上纽四队,2,153
2024,1,1588,南京农业大学,琪露诺的完美算法教室,2,153
2024,1,1591,长沙学院,三只小丑想拿牌,2,154
2024,1,1592,中国科学技术大学,第111号练习队,2,155
2024,1,1593,河北工程大学,可爱奶龙,2,156
2024,1,1593,安徽师范大学,我们队长四级424,2,156
2024,1,1595,杭州师范大学,没一个会取名字,2,160
2024,1,1595,浙江工商大学,毅如既往,2,160
2024,1,1595,山东科技大学,奥德赛号,2,160
2024,1,1598,鲁东大学,红色玫瑰,2,161
2024,1,1599,新疆大学,猎户座,2,162
2024,1,1600,重庆大学,虫大三人行,2,163
2024,1,1600,沈阳理工大学,两手操作,2,163
2024,1,1602,绍兴文理学院元培学院,3WA打碎AC梦,2,164
2024,1,1603,武汉理工大学,一题都不队,2,165
2024,1,1604,哈尔滨工业大学(威海),里猫,2,166
2024,1,1605,暨南大学,"人生有梦,各自精彩",2,167
2024,1,1606,深圳技术大学,想不出,2,168
2024,1,1606,青岛理工大学,兄弟香草泥队,2,168
2024,1,1608,浙江机电职业技术大学,夜将不眠,2,169
2024,1,1608,南京航空航天大学,米兰的小铁匠,2,169
2024,1,1610,广西民族大学,AK?对对对!,2,171
2024,1,1610,浙江农林大学,教练我不想再WA了,2,171
2024,1,1612,浙大城市学院,雨夹雪,2,172
2024,1,1612,上海理工大学,空洞深潜系统,2,172
2024,1,1614,北京交通大学威海校区,渔村代表队,2,174
2024,1,1614,西南民族大学,"夜阑风静欲归时,惟有一江明月碧琉璃",2,174
2024,1,1616,成都信息工程大学,我的心里有一场永不停歇的雨,2,176
2024,1,1616,邵阳学院,can can need code,2,176
2024,1,1616,泉州师范学院,v,2,176
2024,1,1616,宁波大学,重生在gbc演唱有键盘手的春日影,2,176
2024,1,1620,西南石油大学,算法本当上手,2,177
2024,1,1620,宁波职业技术学院,下次一定对,2,177
2024,1,1622,中国科学技术大学,黑框框:代码,2,178
2024,1,1623,石家庄铁道大学,"vivo50,我们队wa出秦始皇了",2,179
2024,1,1624,中国科学技术大学,代码能跑队,2,180
2024,1,1624,南阳理工学院,清纯白毛萝莉队,2,180
2024,1,1624,南通大学,新知,2,180
2024,1,1627,广东工业大学揭阳校区,WA与蒟蒻同在,2,182
2024,1,1627,香港科技大学(广州),回家的诱惑,2,182
2024,1,1627,西南财经大学,蒙的全队,2,182
2024,1,1630,东北林业大学,"教练,我想打ICPC",2,185
2024,1,1630,山东大学(威海),马达加斯加企鹅,2,185
2024,1,1632,华北科技学院,JILE,2,186
2024,1,1632,四川农业大学,穿越之我是菜狗,2,186
2024,1,1632,上海财经大学,神秘势力五河琴里,2,186
2024,1,1632,南阳理工学院,菜鸡只想签到队,2,186
2024,1,1636,东北师范大学,所有题都队,2,188
2024,1,1636,长安大学,"重生之我是菜狗,我想成为战狼",2,188
2024,1,1636,天津仁爱学院,飞舞的,2,188
2024,1,1639,浙江财经大学,炒饭梦想家,2,189
2024,1,1640,南京航空航天大学,哆啦A梦助我蒙得都对!,2,190
2024,1,1640,乐山师范学院,无言以,2,190
2024,1,1642,中国科学技术大学,布吉岛,2,192
2024,1,1642,成都理工大学,求求你让我 ac 吧我什么都不会做,2,192
2024,1,1644,华东理工大学,蚌,2,194
2024,1,1644,武汉轻工大学,来点状态,2,194
2024,1,1644,武汉理工大学,果宝特攻与小洛克与刺客,2,194
2024,1,1647,湖南农业大学,八哥制造机,2,195
2024,1,1648,安徽师范大学,12345,2,197
2024,1,1648,上海理工大学,嘉日梦航 风起帆扬,2,197
2024,1,1650,浙江机电职业技术大学,麦秋,2,199
2024,1,1651,临沂大学,关于摆烂鼠鼠挣扎着想打一次区域赛这件事,2,200
2024,1,1652,大连理工大学盘锦校区,随便来一个队,2,202
2024,1,1653,湖北工业大学,猜不中球队,2,203
2024,1,1653,哈尔滨理工大学,哈理工2024Y04,2,203
2024,1,1653,上海纽约大学,上纽五队,2,203
2024,1,1656,浙江工商大学,自由发挥队,2,204
2024,1,1656,西安科技大学,理塘丁真会梦到纯情小马吗?,2,204
2024,1,1656,太原理工大学,会赢的,2,204
2024,1,1659,东华大学,CodeCrushers,2,205
2024,1,1659,长安大学,震惊长安第114514拳,2,205
2024,1,1661,华东师范大学,待到秋来九月八,2,207
2024,1,1661,大连海事大学,~O~分队,2,207
2024,1,1661,南京邮电大学,njupt24team016,2,207
2024,1,1664,华东交通大学,总之是铁,2,208
2024,1,1665,河南农业大学,life change,2,209
2024,1,1665,西华师范大学,"题目hard做,人生easy过",2,209
2024,1,1667,哈尔滨理工大学,哈理工2024Y05,2,212
2024,1,1667,泉州师范学院,"不是,这题我真会",2,212
2024,1,1669,南阳理工学院,想成功先发疯,2,213
2024,1,1670,东北农业大学,卒三进二,2,214
2024,1,1670,三峡大学,吗喽勇闯XCPC,2,214
2024,1,1672,山东建筑大学,如果确认队伍就赶快起名,2,216
2024,1,1673,中国民航大学,曦和,2,217
2024,1,1673,山东石油化工学院,Guess to Au,2,217
2024,1,1675,成都大学,"爱你老妈,明天见",2,218
2024,1,1676,兰州理工大学,算法调试到怀疑人生队,2,219
2024,1,1677,重庆城市科技学院,彳亍,2,220
2024,1,1677,浙大城市学院,关于我们重生为了打ACM这件事,2,220
2024,1,1679,温州大学,温大7队,2,221
2024,1,1680,衡水学院,福尔马林腌蒜,2,222
2024,1,1681,北京理工大学珠海学院,"好好学习,天天摸鱼",2,223
2024,1,1682,中原工学院,"AAA金旺手机店,工厂直销",2,225
2024,1,1683,浙江工商大学,蛋仔派対,2,227
2024,1,1684,江西农业大学,些许风霜,2,228
2024,1,1684,西安建筑科技大学,做AC梦,2,228
2024,1,1686,浙江工商大学,青春WA少年梦不到AC学姐,2,230
2024,1,1686,乐山师范学院,那在想想,2,230
2024,1,1688,中国农业大学,我超农,2,232
2024,1,1689,河南师范大学,啊对对对,2,233
2024,1,1690,中南民族大学,怎么wa了原来是交错题了,2,234
2024,1,1690,烟台大学,迟早要WA,2,234
2024,1,1690,武汉科技大学,ikun小队,2,234
2024,1,1693,东南大学,逐梦者,2,235
2024,1,1694,郑州航空工业管理学院,八人口雨,2,236
2024,1,1695,山东师范大学,铁匠铺,2,237
2024,1,1696,北京师范大学-香港浸会大学联合国际学院,沸杨杨禛的很喜欢抽芙蓉王,2,241
2024,1,1697,华南农业大学,华农8队,2,244
2024,1,1697,邵阳学院,邵阳学院三队,2,244
2024,1,1697,厦门大学,XMU04,2,244
2024,1,1700,韩山师范学院,玫瑰常开警告常在,2,245
2024,1,1700,同济大学,玛卡巴卡说的对,2,245
2024,1,1702,中国科学技术大学,小熊猫,2,248
2024,1,1702,烟台大学,"对不起,第一次给牌子了",2,248
2024,1,1702,同济大学,C++养老院,2,248
2024,1,1705,安徽师范大学,一冲凉跌,2,249
2024,1,1705,南昌航空大学,试了一次又一次,2,249
2024,1,1707,华东交通大学,签完到就下班,2,252
2024,1,1707,山东大学,三个诸葛亮,2,252
2024,1,1709,南京大学,蛋熊派对,2,253
2024,1,1710,重庆科技大学,all0kell,2,256
2024,1,1711,华南师范大学,Whatcanisay,2,257
2024,1,1712,上海海洋大学,队名不可为空,2,258
2024,1,1712,宁波大学,结束乐队,2,258
2024,1,1712,鲁东大学,贪生pass,2,258
2024,1,1715,江西师范大学,队名五个字,2,260
2024,1,1715,安阳工学院,真男人,2,260
2024,1,1715,潍坊学院,华哥打铁我拿铜,2,260
2024,1,1715,南阳理工学院,别问我,2,260
2024,1,1719,山东建筑大学,重生之我在山建写bug,2,261
2024,1,1720,哈尔滨商业大学,ACM Iterator,2,263
2024,1,1720,北京印刷学院,不要指望我们队,2,263
2024,1,1722,嘉应学院,逆袭者,2,265
2024,1,1723,湖州师范学院,"God,God,God",2,266
2024,1,1723,盐城工学院,脚踏实地,2,266
2024,1,1725,青岛大学,空调和AC总得要一个吧,2,267
2024,1,1726,中国科学技术大学,汪汪队,2,269
2024,1,1727,广东金融学院,中秋节快乐,2,270
2024,1,1727,中国矿业大学(北京),宇宙究极无敌龙神变身,2,270
2024,1,1727,山东工商学院,样例过了就想对,2,270
2024,1,1727,山东大学,你的代码有点耗时,2,270
2024,1,1731,天津工业大学,队长才不是小楠娘了啦,2,272
2024,1,1732,湖南警察学院,大姐头驾到,2,274
2024,1,1733,南京邮电大学,njupt24team012,2,276
2024,1,1734,九江学院,星期四,2,277
2024,1,1734,湖南财政经济学院,TLE自动机,2,277
2024,1,1734,中国矿业大学徐海学院,少年先疯队,2,277
2024,1,1734,西南大学,发际线比long long长,2,277
2024,1,1738,湖南人文科技学院,签到必队,2,278
2024,1,1739,长江师范学院,不惊,2,279
2024,1,1740,成都信息工程大学,成都W彦祖,2,280
2024,1,1740,青岛农业大学,三枪为号,2,280
2024,1,1742,绍兴文理学院元培学院,菜地卷狗,2,281
2024,1,1743,东莞理工学院,从菜鸡进阶到菜狗,2,282
2024,1,1743,肇庆学院,北岭山下信步2,2,282
2024,1,1745,东华大学,能力越小A的越少,2,283
2024,1,1746,华南师范大学,楼下必拿金,2,284
2024,1,1747,河南师范大学,河star无我立足之地,2,285
2024,1,1747,北方工业大学,比完开派对,2,285
2024,1,1747,山东女子学院,不玩原神,2,285
2024,1,1750,嘉应学院,tmp,2,288
2024,1,1751,广东工业大学,做的都队,2,289
2024,1,1751,山东大学(威海),V你50罚时,2,289
2024,1,1753,河北师范大学,ACMer少年,2,290
2024,1,1753,中南民族大学,天下第一件好事还是罚坐,2,290
2024,1,1755,哈尔滨理工大学,哈理工2024Y06,2,291
2024,1,1755,南京晓庄学院,黄坤不会梦见抽电子烟的学长,2,291
2024,1,1757,广西民族大学,本手妙手和花手,2,293
2024,1,1758,武汉商学院,23级icpc陪跑队,2,294
2024,1,1759,宁波大学,我一定要扫宁波大街,2,295
2024,1,1760,湖北中医药大学,世界将我们遗弃,2,296
2024,1,1760,北京师范大学珠海校区,长指针不好么,2,296
2024,1,1762,河北工程大学,黑猫,2,298
2024,1,1762,浙江工业大学之江学院,先行而后三思,2,298
2024,1,1762,武汉纺织大学,我们三个顶一个,2,298
2024,1,1762,天津大学,谦虚好学的玛卡巴卡们,2,298
2024,1,1766,武汉大学,源神uno大学,2,300
2024,1,1766,兰州理工大学,等待AC,2,300
2024,1,1768,湖北大学,初念,2,301
2024,1,1768,成都东软学院,不时用c语言遮羞的败犬acmer们,2,301
2024,1,1770,大连理工大学,三人凑钱买黑神话悟空,2,302
2024,1,1771,安徽财经大学,先交一发试试,2,303
2024,1,1772,中南民族大学,转生成为acm糕手,2,304
2024,1,1772,西安电子科技大学,学习中ing,2,304
2024,1,1774,嘉应学院,爱是最强自在法,2,305
2024,1,1774,湖北经济学院,来神了,2,305
2024,1,1774,衡水学院,队友叫我励志于是有了这个队名,2,305
2024,1,1774,重庆工程学院,6口水,2,305
2024,1,1774,绍兴文理学院,诗人嘬德提姆握持,2,305
2024,1,1779,阜阳师范大学,软舰攻城,2,306
2024,1,1780,哈尔滨工业大学(威海),"我们队名改成文化水平不高,不会起名吧",2,308
2024,1,1780,宁波大学,完独紫,2,308
2024,1,1782,新疆大学,穿山,2,309
2024,1,1782,西北工业大学,"兄弟,你不香了!",2,309
2024,1,1782,山东理工大学,我怎会有图谋不轨之心,2,309
2024,1,1785,山东科技大学,阿瓦隆号,2,310
2024,1,1786,上海应用技术大学,肘击队,2,311
2024,1,1787,河北工程大学,香菜炒柚子,2,312
2024,1,1788,浙大城市学院,红魔乡第一爆炎法王,2,314
2024,1,1788,常熟理工学院,小菜狗逆袭记,2,314
2024,1,1788,北京师范大学-香港浸会大学联合国际学院,你的择路人,2,314
2024,1,1791,北方工业大学,你说的队,2,315
2024,1,1791,西藏民族大学,秦汉1,2,315
2024,1,1793,鲁东大学,易燃,2,321
2024,1,1794,浙江工商大学,看ad免费ac,2,323
2024,1,1794,上海杉达学院,我在杉达学土木,2,323
2024,1,1796,九江学院,我要拿铁牌,2,324
2024,1,1796,武汉商学院,关于邻国的Codeforces不知不觉把我们惯成了ACMer于是队长想要漂亮妹妹教他写代码这档事,2,324
2024,1,1798,烟台大学,不知名的甘!文!崔!,2,325
2024,1,1798,信息工程大学,并非不队,2,325
2024,1,1800,广东工业大学揭阳校区,GDUTJY_1+1=0,2,326
2024,1,1800,佛山大学,佛三大犇,2,326
2024,1,1802,海南大学,重生之希望这次多分点名额,2,327
2024,1,1803,湖南农业大学,复仇之焰,2,328
2024,1,1803,浙江工商大学,摸鱼队,2,328
2024,1,1805,中国石油大学(华东),中石大1988,2,330
2024,1,1806,浙江传媒学院,兔必南波万队,2,331
2024,1,1807,中国地质大学(武汉),咩啰咩啰,2,333
2024,1,1808,淮北理工学院,二叉树,2,334
2024,1,1808,南京工业大学,做AK梦,2,334
2024,1,1810,江西理工大学南昌校区,摸鱼队,2,336
2024,1,1810,湖南科技学院,清风明月,2,336
2024,1,1812,佛山大学,歪比巴卜,2,338
2024,1,1813,浙江科技大学,蛋仔,2,339
2024,1,1814,江西财经大学,做梦都要AC队,2,340
2024,1,1815,重庆文理学院,网瘾少年不会梦见wa测评,2,341
2024,1,1816,青岛大学,火烈鸟,2,342
2024,1,1817,华南师范大学,她走那晚我在 WA 题,2,347
2024,1,1817,南京信息工程大学,杰哥不要 WAWA 交,2,347
2024,1,1819,中南民族大学,我和琪琪大宝贝们,2,351
2024,1,1819,深圳技术大学,SZTU_卡在起名上了,2,351
2024,1,1821,中国矿业大学,啊对对队,2,353
2024,1,1822,青岛大学,从不WAWA叫,2,354
2024,1,1823,同济大学,公费旅行社,2,355
2024,1,1824,井冈山大学,罚时大王,2,359
2024,1,1825,湖南理工学院南湖学院,菜鸟想拿牌,2,361
2024,1,1826,湖州师范学院,待到秋来九月八,2,363
2024,1,1827,中国海洋大学,一支队伍,2,364
2024,1,1827,曲阜师范大学,"坚定初心,跟党走",2,364
2024,1,1827,南昌航空大学,ctrlers,2,364
2024,1,1830,中南民族大学,样例过了就是对,2,365
2024,1,1831,杭州师范大学,臣妾要告发孙答应私通,2,366
2024,1,1832,江苏海洋大学,01突破,2,367
2024,1,1833,肇庆学院,北岭山阴纳凉2,2,368
2024,1,1834,温州大学,温大5队,2,371
2024,1,1835,浙江工商大学,哆啦AK,2,372
2024,1,1836,乐山师范学院,墨码逸思队,2,373
2024,1,1837,南京工业大学,南工大n队,2,375
2024,1,1838,江西师范大学,AA相亲相爱一家人,2,377
2024,1,1839,华中师范大学,我没意见,2,378
2024,1,1839,湖北工业大学,小丑派对,2,378
2024,1,1839,哈尔滨工业大学(威海),不报零就行,2,378
2024,1,1842,厦门大学嘉庚学院,怎么就没活了,2,379
2024,1,1843,西安理工大学,丸辣,2,380
2024,1,1844,宁波大学,灰太螂说会爱我,2,381
2024,1,1845,江西理工大学,精英小分队,2,384
2024,1,1845,武汉纺织大学,你说对就对,2,384
2024,1,1847,安阳工学院,吃吃喝喝棒棒队,2,387
2024,1,1847,浙江工商大学,nia,2,387
2024,1,1849,浙江机电职业技术大学,总不可能一道题都不出吧,2,389
2024,1,1850,广州大学,面硬加咸蔬菜加倍蒜末和油多多,2,391
2024,1,1851,香港中文大学(深圳),学勤同盟国,2,393
2024,1,1852,电子科技大学中山学院,中山学院3队,2,397
2024,1,1853,信息工程大学,菜就多练,2,400
2024,1,1853,南阳理工学院,"取不来名字,要长脑子了",2,400
2024,1,1855,湖南师范大学,陈旭,2,401
2024,1,1855,湖南农业大学,宇宙最强最潮流最帅最美超级无敌邪魅嗜血究极狂暴螺旋升天霸气暗影,2,401
2024,1,1857,河南师范大学,打酱油的,2,407
2024,1,1857,重庆城市科技学院,月落星沉,2,407
2024,1,1857,新疆大学,成分危险,2,407
2024,1,1860,南京晓庄学院,伪装成学长的雪豹幻想成为ICPC大师,2,408
2024,1,1861,湖州师范学院,正品的,2,416
2024,1,1861,山东中医药大学,山中医代表队,2,416
2024,1,1863,湖北工业大学,我们只是三个路过的假面acmer,2,417
2024,1,1864,信息工程大学,"物之不齐,物之情也",2,418
2024,1,1864,山东财经大学,组了个队,2,418
2024,1,1866,长江师范学院,YZNU-114514,2,419
2024,1,1866,青岛大学,Vim,2,419
2024,1,1868,江西师范大学,心态好,2,420
2024,1,1869,北京印刷学院,学校怎么还不改名,2,423
2024,1,1870,南京航空航天大学,样例AC就算队,2,424
2024,1,1871,北京语言大学,想队名也能TLE吗,2,426
2024,1,1872,中国地质大学(武汉),"我是来当分母的,你们要干什么",2,427
2024,1,1873,中国民航大学,重庆森林,2,429
2024,1,1873,上海大学,tarjen_fan,2,429
2024,1,1875,深圳大学,szu_queue,2,430
2024,1,1876,中山大学,中山大学_好像有点不太队,2,431
2024,1,1877,香港科技大学(广州),志锐教育科技-1队,2,432
2024,1,1878,山西大学,SXU二队,2,433
2024,1,1879,同济大学,翻斗花园宝宝,2,435
2024,1,1879,南京师范大学,那咋了,2,435
2024,1,1881,郑州升达经贸管理学院,三兔傍地走,2,438
2024,1,1882,乐山师范学院,冬天不穿羽绒服,2,439
2024,1,1883,华侨大学,鹰隼试翼,2,440
2024,1,1884,烟台大学,以上成绩全都无效,2,447
2024,1,1884,梧州学院,"队友只要过题就好了,而我要考虑的就很多了",2,447
2024,1,1886,中国石油大学(北京)克拉玛依校区,阳光彩虹小白马,2,449
2024,1,1887,嘉应学院,从容应队,2,453
2024,1,1887,东北农业大学,前面的题目以后再来探索吧,2,453
2024,1,1889,哈尔滨商业大学,自由,2,454
2024,1,1890,安阳工学院,丸辣守感布队,2,456
2024,1,1891,浙江农林大学,计算练习生,2,457
2024,1,1892,西湖大学,观光团,2,459
2024,1,1892,天津工业大学,无厘头探险队,2,459
2024,1,1894,湖北中医药大学,原神将我们遗弃,2,460
2024,1,1895,长春理工大学,我绝不和煎蛋不放糖的家伙结婚!,2,462
2024,1,1896,浙江工业大学之江学院,你说的都对,2,472
2024,1,1897,哈尔滨学院,会议号,2,476
2024,1,1898,常州工学院,常工颜值代表,2,477
2024,1,1899,上海纽约大学,上纽二队,2,478
2024,1,1900,湖南大学,对对队,2,480
2024,1,1901,武汉轻工大学,所以我能AC对不,2,482
2024,1,1902,杭州电子科技大学信息工程学院,爱鸡TV之我不要爱我要麦,2,485
2024,1,1902,山东科技大学,凤凰号,2,485
2024,1,1904,海南大学,这次一定AC,2,487
2024,1,1905,广东金融学院,邱仪玲,2,489
2024,1,1906,嘉兴大学,86号欧米伽,2,490
2024,1,1907,海南大学,全甲野牛突袭派蒙,2,491
2024,1,1908,西南交通大学,AC过家家,2,494
2024,1,1909,西南民族大学,winter,2,498
2024,1,1910,浙江传媒学院,桥豆麻队,2,500
2024,1,1911,青岛大学,从零开始的算法生活,2,505
2024,1,1912,厦门大学嘉庚学院,帕斯,2,511
2024,1,1913,吉林建筑大学,凌空破浪,2,514
2024,1,1913,北京工业大学,加强版三只小猪,2,514
2024,1,1913,山东工商学院,看什么呢快去做题啊,2,514
2024,1,1916,上海理工大学,AC小分队,2,516
2024,1,1917,武汉轻工大学,李胡诚,2,519
2024,1,1918,江西理工大学,快乐的派大星种小花,2,522
2024,1,1919,中国矿业大学(北京),涅凤,2,525
2024,1,1919,深圳技术大学,SZTU_星河长明,2,525
2024,1,1921,贵州大学,五队,2,530
2024,1,1922,郑州轻工业大学,小狗怎么叫,2,532
2024,1,1923,宁波诺丁汉大学,無队,2,533
2024,1,1924,烟台大学,"年轻不学c,老大靠cv。",2,534
2024,1,1925,湖南工业大学,Runtime Terrors,2,539
2024,1,1926,广东东软学院,为白雪染色,2,542
2024,1,1926,宁波大学,快给我玩猿神,2,542
2024,1,1928,湖南人文科技学院,该吃饭了,2,547
2024,1,1929,浙江工商大学,wa也是ak,2,549
2024,1,1929,安徽师范大学,雏鹰展翅,2,549
2024,1,1931,上海工程技术大学,我爱说实话,2,555
2024,1,1932,同济大学,努力活着,2,560
2024,1,1933,河北工程大学,做的都对,2,571
2024,1,1933,闽南师范大学,过了样例就算队,2,571
2024,1,1935,沈阳航空航天大学,曼巴,2,600
2024,1,1936,陕西科技大学,这么久没见,2,607
2024,1,1937,烟台大学,133队,2,618
2024,1,1938,乐山师范学院,示例对跑不,2,634
2024,1,1939,沈阳农业大学,压力队友,2,651
2024,1,1940,青岛农业大学,wa了那又咋啦,2,658
2024,1,1941,莆田学院,二十岁高龄半夜偷偷打cf,2,677
2024,1,1942,长春工业大学,风平浪静,2,699
2024,1,1943,曲阜师范大学,样例过了就是队,2,704
2024,1,1944,哈尔滨工程大学,再不给我AC我可要狠狠WA了QAQ,2,759
2024,1,1945,上海师范大学,队友都在打数模,2,768
2024,1,1946,贵州大学,浑水摸鱼,2,779
2024,1,1947,莆田学院,好好好对!,2,826
2024,1,1948,中原工学院,马楼队,2,845
2024,1,1949,哈尔滨学院,abyss,2,846
2024,1,1950,莆田学院,打完这把就退役,2,852
2024,1,1951,河南工业大学,猪猪侠,2,900
2024,1,1952,华东交通大学,憧憬成为人类社会非正常二次元算法领域大神,2,935
2024,1,1953,丽水学院,学校的你进社会,2,954
2024,1,1954,邢台学院,在线莫队,2,971
2024,1,1955,河南科技大学,农夫山泉,2,986
2024,1,1956,中国石油大学(北京),大欧小叶mini李,2,1052
2024,1,1957,南昌理工学院,2024 南理 4 队,2,1083
2024,1,1958,潍坊学院,不会做题怎么办,2,1229
2024,1,1959,宁波职业技术学院,重生之我在宁职敲代码,2,1320
2024,1,1960,河南工程学院,调解纠纷队,2,1407
2024,1,1961,湖南文理学院,诗人握持,2,1550
2024,1,1962,汕头大学,头大三兄弟,2,3691
2024,1,1963,浙江育英职业技术学院,怪兽打奥特曼,1,18
2024,1,1963,山东理工大学,罚时冠军,1,18
2024,1,1965,黄冈师范学院,好喜欢你怎么办,1,19
2024,1,1965,西华大学,格伦,1,19
2024,1,1965,商丘师范学院,时代少年团,1,19
2024,1,1965,南阳理工学院,这里是鹿队,1,19
2024,1,1969,郑州经贸学院,急急国王,1,20
2024,1,1969,成都东软学院,"你就是打了ACM,才变成这样的",1,20
2024,1,1969,上海大学,求你让我过一道,1,20
2024,1,1972,江西农业大学,凡是过往皆为序章,1,21
2024,1,1972,华北理工大学,欧码吉利曼波,1,21
2024,1,1974,华南师范大学,肥嘟嘟左卫门,1,22
2024,1,1974,潍坊学院,超和平Busters,1,22
2024,1,1974,山东科技大学,普罗米修斯号,1,22
2024,1,1974,安徽工业大学,远古守护者,1,22
2024,1,1978,浙江育英职业技术学院,有点火热,1,23
2024,1,1978,浙江机电职业技术大学,可是我18岁,1,23
2024,1,1978,鲁东大学,确实挺不错的,1,23
2024,1,1981,郑州轻工业大学,"不会起队名,就写个随便吧",1,24
2024,1,1982,南阳理工学院,醉醉醉把佳人成双队!!!,1,25
2024,1,1983,暨南大学,海man宝宝,1,26
2024,1,1983,西华大学,测评机不要给我wawa叫,1,26
2024,1,1983,五邑大学,怎么找不到签到题,1,26
2024,1,1986,安阳工学院,OK感觉很队,1,27
2024,1,1986,西华大学,疯狂星期四,1,27
2024,1,1988,江西农业大学,LooksAmazing,1,28
2024,1,1988,惠州学院,奋进小虎队,1,28
2024,1,1988,浙江育英职业技术学院,队友带我飞,1,28
2024,1,1988,成都信息工程大学,求求楼上别A了,1,28
2024,1,1992,湖南人文科技学院,CTRL+C||V,1,29
2024,1,1992,烟台大学,打ACM这辈子有了,1,29
2024,1,1992,山东财经大学,别人学校拿奖你搁这又唱又跳,1,29
2024,1,1995,江南大学,想吃夕宝狱卒队,1,30
2024,1,1995,广西民族大学相思湖学院,鸡王争霸团,1,30
2024,1,1995,南京工业大学,AC一题就算win,1,30
2024,1,1998,江西理工大学,永远期待未来,1,31
2024,1,1998,商丘师范学院,"样例虐我千百遍,我待样例如初恋",1,31
2024,1,2000,九江学院,随便取的,1,32
2024,1,2000,江苏海洋大学,为中华崛起而写码,1,32
2024,1,2000,吉利学院,午饭有没有炒damn,1,32
2024,1,2000,浙江工商大学,"水题有三宝,暴力随机和打表",1,32
2024,1,2004,惠州学院,闪电苦力怕,1,33
2024,1,2004,西北农林科技大学,抓住金牌顷刻炼化,1,33
2024,1,2004,武汉职业技术学院,不爆零就算AC,1,33
2024,1,2007,河南工程学院,柚子灯,1,34
2024,1,2007,甘肃农业大学,萌芽,1,34
2024,1,2007,武汉轻工大学,不拿奖就给你补个蛋,1,34
2024,1,2010,东北大学秦皇岛分校,旭日东升,1,35
2024,1,2011,惠州学院,我有一个馊主意,1,36
2024,1,2011,惠州学院,惠大诚意队,1,36
2024,1,2013,重庆科技大学,余队和两个女生的故事,1,37
2024,1,2013,西南财经大学,开拓者,1,37
2024,1,2013,成都东软学院,wzz,1,37
2024,1,2013,山东大学,朵拉找bug,1,37
2024,1,2017,惠州学院,感觉不如gc,1,38
2024,1,2017,湖南城市学院,看着队友打代码,1,38
2024,1,2017,哈尔滨学院,佚名,1,38
2024,1,2020,南阳理工学院,我觉得我写的对为什么不给我判队,1,41
2024,1,2021,中北大学,搬砖小分队,1,42
2024,1,2021,无锡学院,现代wa之王,1,42
2024,1,2021,泉州信息工程学院,AK自动机维护与修理技术,1,42
2024,1,2024,湖南工业大学,虐你如呼吸,1,43
2024,1,2024,盐城工学院,希望之翼,1,43
2024,1,2026,中南民族大学,私斋蒸鹅心,1,44
2024,1,2026,浙江广厦建设职业技术大学,向蕉糊了,1,44
2024,1,2028,大连东软信息学院,创新创业产教融合,1,46
2024,1,2029,河北师范大学,崔天一,1,47
2024,1,2030,湖北汽车工业学院,提交了就算过,1,48
2024,1,2030,西南石油大学,阿库娅转生成河城荷取在幻想乡打铁,1,48
2024,1,2032,河北师范大学,我爱拉臭臭,1,49
2024,1,2033,吉首大学,啊对对对队,1,50
2024,1,2033,惠州学院,嘉心彬干,1,50
2024,1,2035,成都理工大学工程技术学院,可爱又迷人的反派角色,1,51
2024,1,2035,青岛大学,熬走老东西成为青大一队,1,51
2024,1,2037,九江学院,"孩子们 ,我回来了",1,52
2024,1,2037,青岛农业大学,手写的从前,1,52
2024,1,2039,嘉应学院,重生还是菜鸡,1,53
2024,1,2039,吉首大学,做的都队,1,53
2024,1,2039,浙江科技大学,你们说的对,1,53
2024,1,2039,南阳理工学院,无敌美少女怒开三题,1,53
2024,1,2043,北京理工大学珠海学院,三个打铁酱,1,54
2024,1,2043,河南师范大学,起名字真难啊,1,54
2024,1,2043,广东理工学院,翻转,1,54
2024,1,2043,西南大学,"事已至此,先睡觉吧",1,54
2024,1,2047,山东农业大学,黑山农:马喽,1,55
2024,1,2048,广州城市理工学院,I题怎么做,1,56
2024,1,2049,青岛大学,摸鱼队,1,57
2024,1,2050,广东科技学院,尊嘟不响蟹辣,1,58
2024,1,2050,莆田学院,南波万,1,58
2024,1,2052,中北大学,想个中文队名真难,1,59
2024,1,2052,台州学院,自由之翼,1,59
2024,1,2054,吉首大学,一发入魂,1,60
2024,1,2054,安徽师范大学,我们是暴力狂,1,60
2024,1,2054,苏州科技大学,#define 铁牌 金牌,1,60
2024,1,2057,广西民族大学,逐火之蛾,1,64
2024,1,2057,长春工业大学,写的都对,1,64
2024,1,2057,南昌理工学院,2024 南理 3 队,1,64
2024,1,2060,河北大学,所以我不会打铁对不队,1,65
2024,1,2060,西南科技大学,三只草履虫,1,65
2024,1,2062,青岛大学,语法错误,1,66
2024,1,2063,湖北工业大学,打算竞能打出npy吗,1,67
2024,1,2063,河北工程技术学院,"不会做题,来把斗地主",1,67
2024,1,2065,湖州师范学院,考研休息区域,1,68
2024,1,2065,湖南科技学院,终将打破自己,1,68
2024,1,2067,青岛大学,还我妈生牌,1,69
2024,1,2068,华南师范大学,而刷题要考虑的事情就多了,1,70
2024,1,2068,苏州大学,姑苏客,1,70
2024,1,2070,河南师范大学,丁丁历险记,1,73
2024,1,2070,文华学院,今天的崩坏三是无敌的!,1,73
2024,1,2072,江西农业大学,四元,1,74
2024,1,2072,新疆大学,再交一次,1,74
2024,1,2072,天津仁爱学院,miku熬夜打XCPC,1,74
2024,1,2075,华东交通大学,寒月,1,75
2024,1,2075,桂林信息科技学院,自此月夜无名,1,75
2024,1,2075,长沙理工大学,认真的草率队,1,75
2024,1,2075,宁波职业技术学院,不知道叫啥,1,75
2024,1,2079,河南工业大学,啊对对对,1,76
2024,1,2079,郑州升达经贸管理学院,"我也在AC啊,谁不在AC啊!",1,76
2024,1,2079,肇庆学院,北岭山间踏雪2,1,76
2024,1,2082,云南大学,Must be the right,1,78
2024,1,2083,华东交通大学,"早签完,早下班",1,79
2024,1,2083,西安石油大学,打铁就退学组乐队,1,79
2024,1,2085,烟台科技学院,ytkj,1,81
2024,1,2086,湖南工学院,黑比赛:退钱,1,83
2024,1,2086,黑龙江科技大学,"我推的曼波爆吃0721次罚时,阿米诺斯",1,83
2024,1,2086,安阳工学院,光靠干饭就队,1,83
2024,1,2086,南阳理工学院,"能力越小,责任越小",1,83
2024,1,2090,北京建筑大学,高中喜欢做作业,1,84
2024,1,2091,天津仁爱学院,吊五小队,1,86
2024,1,2091,莆田学院,双枪一花队,1,86
2024,1,2093,东北大学秦皇岛分校,ollama,1,87
2024,1,2094,西南科技大学,啊对对,1,88
2024,1,2094,沈阳化工大学,我们也要AC,1,88
2024,1,2096,南京大学,锟斤拷AC,1,89
2024,1,2097,桂林信息科技学院,"我卜怕,我能AK测试用例",1,90
2024,1,2097,昭通学院,零剑,1,90
2024,1,2097,四川现代职业学院,"不是哥们儿,你也没告诉我要打ICPC啊?",1,90
2024,1,2100,桂林信息科技学院,写出签到就狂摸学长的头,1,91
2024,1,2100,广东技术师范大学,鸣潮启动!Zero!,1,91
2024,1,2100,郑州升达经贸管理学院,凤鸣,1,91
2024,1,2103,山东石油化工学院,露营甜点喝茶,1,92
2024,1,2104,乐山师范学院,桃园三结义,1,95
2024,1,2105,东莞理工学院,萌新逐梦队,1,96
2024,1,2105,南京晓庄学院,"开家水果店,这样就可以赊你雪梨",1,96
2024,1,2107,沈阳航空航天大学,萌新,1,100
2024,1,2108,潍坊学院,书山压力大,1,102
2024,1,2109,嘉应学院,探险小分队,1,103
2024,1,2110,湖北工业大学,三个虾头难,1,105
2024,1,2110,贵州工程应用技术学院,黑神话:悟能,1,105
2024,1,2112,武昌首义学院,你玩不玩原神,1,107
2024,1,2113,南京邮电大学,njupt24team014,1,108
2024,1,2114,吉利学院,"吃饭,睡觉,敲代码",1,109
2024,1,2115,天津仁爱学院,光之晨曦,1,110
2024,1,2115,上饶师范学院,皮卡丘,1,110
2024,1,2117,昆明理工大学,风灵月影宗,1,111
2024,1,2117,成都理工大学工程技术学院,深藏blue,1,111
2024,1,2119,湖南工业大学,青春猪头少年不会梦到acm金,1,114
2024,1,2119,中北大学,任天堂就是世界主宰,1,114
2024,1,2121,东北电力大学,Bocchi the Rock!!!,1,116
2024,1,2122,北京化工大学,重生之我真的是菜鸟,1,117
2024,1,2123,惠州学院,惠大修身队,1,119
2024,1,2124,共青科技职业学院,交啥都,1,126
2024,1,2125,海南大学,顺从,1,129
2024,1,2125,哈尔滨理工大学(荣成),北部王者崛起,1,129
2024,1,2127,邵阳学院,"DP好难,BP很强",1,134
2024,1,2128,烟台大学,某某某,1,137
2024,1,2129,香港科技大学(广州),据说队名起的很长就能取得非常优异的成绩,1,145
2024,1,2129,西安工程大学,小熊饼干,1,145
2024,1,2131,泰州学院,对对队,1,149
2024,1,2132,沈阳化工大学,以上队伍启动原神,1,153
2024,1,2133,成都东软学院,蛋黄瑞士卷,1,154
2024,1,2134,江西财经大学,宝宝车,1,155
2024,1,2135,河北工程大学,我都可以,1,158
2024,1,2136,东北农业大学,心疼报名费,1,160
2024,1,2137,贵州工程应用技术学院,三个臭皮匠,1,162
2024,1,2138,闽南师范大学,菜鸟联盟,1,167
2024,1,2139,陕西科技大学,小豆泥也想拿奖,1,173
2024,1,2140,贵州大学,AC大作战,1,184
2024,1,2141,华东交通大学,ac了就不会wa,1,186
2024,1,2142,福州大学至诚学院,样例全过为什么零分,1,190
2024,1,2142,沈阳航空航天大学,队长只是很想穿jk猫耳朵而已,1,190
2024,1,2144,广州华商学院,盛夏wa到寒冬,1,192
2024,1,2144,莆田学院,蒙德烤wa配圣水,1,192
2024,1,2146,南京航空航天大学,最后的胜利,1,193
2024,1,2147,陕西科技大学,果壳中的守望者,1,198
2024,1,2147,闽南师范大学,"题型无定势,越急越没戏",1,198
2024,1,2149,乐山师范学院,曾曾与他们的王,1,200
2024,1,2150,惠州学院,暴力的神,1,209
2024,1,2151,湖州师范学院,不eggy就404队,1,210
2024,1,2151,西华大学,欲验盯帧队,1,210
2024,1,2153,浙江科技大学,AC Maker,1,211
2024,1,2154,内蒙古师范大学,萌新,1,216
2024,1,2155,上海应用技术大学,遇到困难就是就是要睡大觉,1,224
2024,1,2155,乐山师范学院,不会dp,1,224
2024,1,2157,贵州大学,码码生的,1,228
2024,1,2158,宁夏大学,碱基互补配队,1,229
2024,1,2159,盐城工学院,逐梦之队,1,230
2024,1,2160,肇庆学院,北岭山脊吹风2,1,235
2024,1,2161,武昌首义学院,总有一两个队,1,236
2024,1,2161,山东建筑大学,只强,1,236
2024,1,2163,湖北大学,知识学爆,1,237
2024,1,2164,西藏民族大学,秦汉3,1,239
2024,1,2165,泰州学院,bug终结者,1,245
2024,1,2166,北京电子科技学院,超级编编编,1,246
2024,1,2167,成都锦城学院,广智救我,1,248
2024,1,2168,西藏民族大学,秦汉2,1,252
2024,1,2168,武汉商学院,码破苍穹,1,252
2024,1,2170,太原理工大学,明向故事,1,256
2024,1,2171,贵州民族大学,无言以队,1,257
2024,1,2172,长春工业大学,我们做的全队,1,259
2024,1,2172,南京工业大学,艺术代码,1,259
2024,1,2174,福建理工大学,wa是ac之母,1,284
2024,1,2175,成都东软学院,开拓者,1,287
2024,1,2176,中国人民大学,菜狗,1,288
2024,1,2177,临沂大学,旋转楼梯,1,291
2024,1,2178,嘉兴大学,玛卡巴卡,1,294
2024,1,2179,中南林业科技大学,不想白花钱,1,296
2024,1,2180,泰州学院,Algorithm,1,297
2024,1,2180,南昌理工学院,2024 南理 5 队,1,297
2024,1,2182,中国科学技术大学,卧龙派对,1,300
2024,1,2183,中国科学技术大学,名字不,1,301
2024,1,2184,江苏理工学院,炫联轩队,1,308
2024,1,2185,武汉轻工大学,鹏抟向日,1,318
2024,1,2186,河北师范大学,孟雨晴,1,319
2024,1,2187,丽水学院,每天上早八,1,320
2024,1,2188,中南民族大学,都很好,1,322
2024,1,2189,上海大学,天天ac,1,335
2024,1,2190,乐山师范学院,wrong不要紧,1,342
2024,1,2191,海南大学,暮染烟岚,1,343
2024,1,2192,上海应用技术大学,晨续源,1,345
2024,1,2193,曲阜师范大学,"夫人,别玩了,快和总裁回家作队",1,355
2024,1,2194,郑州航空工业管理学院,齐豪,1,363
2024,1,2195,山东石油化工学院,广智铠甲合体,1,388
2024,1,2196,长春工业大学,高数高手,1,394
2024,1,2197,广西民族大学,胜利在握,1,409
2024,1,2198,福州大学至诚学院,福大至诚五队,1,423
2024,1,2199,西南大学,样例过了就算对,1,429
2024,1,2200,山东大学,新建文件夹,1,445
2024,1,2201,北方工业大学,起不出队名差点退役队,1,451
2024,1,2202,北京师范大学-香港浸会大学联合国际学院,算不队,1,554
2024,1,2203,广州华商学院,皮匠队,1,579
2024,1,2204,丽水学院,弈淡露临贺胡,1,622
2024,1,2205,华北电力大学,古河渚爱吃红豆面包战队,1,644
2024,1,,江西软件职业技术大学,尼卡暴动,0,0
2024,1,,江西农业大学,Night-Walking,0,0
2024,1,,江西科技学院,面筋队,0,0
2024,1,,江苏理工学院,从容应队,0,0
2024,1,,暨南大学,空指针,0,0
2024,1,,华南师范大学,顺风顺水,0,0
2024,1,,华南师范大学,对对,0,0
2024,1,,华南师范大学,代表月亮AC你,0,0
2024,1,,北京交通大学,羊羊羊,0,0
2024,1,,湖州师范学院,不会英语,0,0
2024,1,,湖南理工学院南湖学院,海超人与大洋游侠还有派大星,0,0
2024,1,,北京建筑大学,黑吗喽,0,0
2024,1,,湖北师范大学文理学院,原什么启动,0,0
2024,1,,北京建筑大学,啊对对队,0,0
2024,1,,河南工业大学,签到题也不对,0,0
2024,1,,河北软件职业技术学院,(1),0,0
2024,1,,海南大学,想你都对,0,0
2024,1,,海南大学,底特律:化身小登,0,0
2024,1,,海南大学,啊对对对队,0,0
2024,1,,哈尔滨理工大学,哈理工2024Y02,0,0
2024,1,,广州华商学院,头脑特工队,0,0
2024,1,,广州华商学院,啊对对,0,0
2024,1,,广西民族大学相思湖学院,被隐匿的AC,0,0
2024,1,,广东理工学院,小兔崽小队,0,0
2024,1,,甘肃农业大学,气贯长虹队,0,0
2024,1,,福州大学至诚学院,打完这场就回家,0,0
2024,1,,福州大学,想看看你的小烧代码,0,0
2024,1,,东华大学,单人体验,0,0
2024,1,,东华大学,4001.5,0,0
2024,1,,东莞理工学院,白毛小萝莉,0,0
2024,1,,安阳工学院,我们好队,0,0
2024,1,,东北石油大学,斗魂骇客,0,0
2024,1,,东北农业大学,先WA后T再RE,0,0
2024,1,,珠海科技学院,魔法师,0,0
2024,1,,重庆理工大学,就我们没实力,0,0
2024,1,,中南民族大学,参加野宴的路上,0,0
2024,1,,中国民航大学,汪汪队怎么不打 ICPC,0,0
2024,1,,中国民航大学,2C大队,0,0
2024,1,,中国海洋大学,真难为我了,0,0
2024,1,,中国海洋大学,梦之队,0,0
2024,1,,中国海洋大学,不拿倒一就行,0,0
2024,1,,大连理工大学盘锦校区,氪金,0,0
2024,1,,郑州航空工业管理学院,败犬队友太多了,0,0
2024,1,,安徽财经大学,摄金守银拦铜,0,0
2024,1,,长沙学院,名字好难取,0,0
2024,1,,长江大学,二佬戏蒟,0,0
2024,1,,长春工业大学,队长说这把稳了队,0,0
2024,1,,盐城工学院,快乐星球队,0,0
2024,1,,烟台大学,111111,0,0
2024,1,,宣化科技职业学院,TryAc,0,0
2024,1,,信息工程大学,一声不吭地创飞你,0,0
2024,1,,香港中文大学(深圳),仚屳屲冚,0,0
2024,1,,香港科技大学(广州),自动AC机-志锐教育科技,0,0
2024,1,,香港科技大学(广州),网络一线牵,0,0
2024,1,,香港科技大学(广州),虫虫虫,0,0
2024,1,,香港科技大学(广州),阿尔戈,0,0
2024,1,,香港城市大学(东莞),罚时100次昏厥会不会穿到提瓦特,0,0
2024,1,,西南大学,sts,0,0
2024,1,,西华师范大学,淡定,0,0
2024,1,,西北师范大学,哔站星幻流空在线征婚喵,0,0
2024,1,,西北师范大学,爱是一条漫长的路,0,0
2024,1,,西安石油大学,能赢吗?会赢的。,0,0
2024,1,,武汉商学院,汤姆布利柏,0,0
2024,1,,武汉商学院,求求你让我赢一次吧,0,0
2024,1,,成都锦城学院,你说的都队!,0,0
2024,1,,成都锦城学院,罗岽溢,0,0
2024,1,,武昌首义学院,图一乐队,0,0
2024,1,,成都锦城学院,黄紫红,0,0
2024,1,,成都锦城学院,孩子你无敌了,0,0
2024,1,,潍坊学院,7122二队,0,0
2024,1,,同济大学,开发9G,0,0
2024,1,,成都锦城学院,不知队名,0,0
2024,1,,天津仁爱学院,为了她,0,0
2024,1,,天津仁爱学院,墨白,0,0
2024,1,,天津仁爱学院,海绵小纵队,0,0
2024,1,,成都锦城学院,必胜,0,0
2024,1,,成都锦城学院,啊对对队,0,0
2024,1,,泰州学院,南波万,0,0
2024,1,,泰州学院,当然,0,0
2024,1,,成都东软学院,让我AC吧,0,0
2024,1,,四川大学,????,0,0
2024,1,,沈阳航空航天大学,四级没过,0,0
2024,1,,深圳职业技术大学,有星,0,0
2024,1,,深圳北理莫斯科大学,求求你让我AC吧,0,0
2024,1,,深圳北理莫斯科大学,灰烬,0,0
2024,1,,上海应用技术大学,永劫启动,0,0
2024,1,,上海应用技术大学,断翼,0,0
2024,1,,上海杉达学院,我能在一定程度上称呼的某种称号,0,0
2024,1,,上海海洋大学,WA也是A,0,0
2024,1,,上海海事大学,飞过去就是3wa,0,0
2024,1,,上海大学,你肯定不队,0,0
2024,1,,山西大学,f丨0g,0,0
2024,1,,山东科技大学济南校区,一键摆烂,0,0
2024,1,,厦门大学嘉庚学院,全能教培,0,0
2024,1,,安徽理工大学,那咋了,0,0
2024,1,,青岛科技大学,临时组队,0,0
2024,1,,青岛大学,不会就dfs,0,0
2024,1,,莆田学院,葡萄菜菜子,0,0
2024,1,,宁波大学,无敌原神大王,0,0
2024,1,,内蒙古师范大学,诺伊曼,0,0
2024,1,,内蒙古师范大学,厚载队,0,0
2024,1,,南通理工学院,一只半解,0,0
2024,1,,南通理工学院,程来一序,0,0
2024,1,,南通理工学院,必争国奖队,0,0
2024,1,,南京信息工程大学,好喜欢小小 wyq,0,0
2024,1,,南京审计大学,南审之光,0,0
2024,1,,南京理工大学泰州科技学院,amns,0,0
2024,1,,吕梁学院,111,0,0
2024,1,,乐山师范学院,闲踏梧桐,0,0
2024,2,1,北京大学,赤橙黄绿蓝紫,12,794
2024,2,2,北京大学,随机匹配,11,915
2024,2,3,浙江大学,来生,11,996
2024,2,4,北京大学,欠了学校999度电,11,1208
2024,2,5,清华大学,雾里看花,11,1394
2024,2,6,北京大学,躺在沙发上变成没知觉的植物沉入泥中蝶泳,10,718
2024,2,7,北京大学,呜呜呜嘤嘤嘤哇哇哇,10,722
2024,2,8,清华大学,Make 519 great again,10,840
2024,2,9,清华大学,摇奖出力,10,860
2024,2,10,清华大学,Escape,10,877
2024,2,11,北京大学,雪月花,10,980
2024,2,12,北京大学,DINNER123,10,999
2024,2,13,北京邮电大学,摩可彭塔斯,10,1008
2024,2,14,北京大学,Lumina,10,1017
2024,2,15,北京大学,思路打开,10,1019
2024,2,16,清华大学,此地无银三百两,10,1028
2024,2,17,武汉大学,秘封俱乐部,10,1034
2024,2,18,华中科技大学,未闻队名,10,1074
2024,2,19,清华大学,不如饮茶去,10,1130
2024,2,20,北京大学,飞舞队,10,1149
2024,2,21,北京大学,家园火锅点特辣,10,1169
2024,2,22,北京大学,施加 网络赛。引入 队名。,10,1216
2024,2,23,浙江大学,WF 在逃三人团,10,1255
2024,2,24,清华大学,青一色,10,1402
2024,2,25,北京航空航天大学,星光初上,9,612
2024,2,26,浙江大学,十发罚时,9,656
2024,2,27,南京大学,平流层,9,659
2024,2,28,哈尔滨工业大学(深圳),猫猫不会数数,9,726
2024,2,29,中山大学,中山大学_无限天堂,9,741
2024,2,30,香港大学,Hot Kpop Union,9,752
2024,2,31,南方科技大学,南风点点,9,768
2024,2,32,中国科学技术大学,前社长想公费旅游于是被两位巨佬带飞,9,799
2024,2,33,北京大学,饿鳄鱼,9,819
2024,2,34,香港中文大学(深圳),通顶雪道,9,826
2024,2,35,中国科学技术大学,摸鱼之魂热血传奇,9,834
2024,2,36,复旦大学,曼波大战哈姆,9,873
2024,2,37,电子科技大学,UESTC_十斤鸭梨,9,876
2024,2,38,北京大学,膜拜ljc大队,9,880
2024,2,39,吉林大学,烈冕号,9,881
2024,2,40,北京大学,请在此处输入您的队名,9,904
2024,2,41,浙江大学,幻想風靡,9,918
2024,2,42,广东工业大学,jump!!!!,9,924
2024,2,43,山东大学,应用随机过程,9,938
2024,2,44,中国科学技术大学,"Ben神,启动",9,947
2024,2,45,中南大学,电子界探寻者,9,963
2024,2,46,北京理工大学,越野,9,970
2024,2,47,湖南师范大学,栀晓,9,973
2024,2,48,哈尔滨工业大学,蓬莱人形,9,978
2024,2,49,中山大学,中山大学_没有想法,9,995
2024,2,50,华中科技大学,队里没人有想法导致的,9,1008
2024,2,51,北京交通大学,羊羊羊,9,1029
2024,2,52,北京大学,感觉不如黑猿神,9,1062
2024,2,53,中山大学,中山大学_破晓之旅,9,1087
2024,2,54,华中科技大学,有没有什么很捎又不会被封的队名,9,1128
2024,2,55,北京大学,但中文名要考虑的就多了,9,1145
2024,2,56,香港中文大学(深圳),WTYTO,9,1153
2024,2,57,北京大学,仨人成行,9,1169
2024,2,58,国防科技大学,青铜时代号,9,1172
2024,2,59,北京大学,愛計算姬,9,1198
2024,2,60,南京大学,手气王定的,8,477
2024,2,61,中国科学技术大学,随机化,8,492
2024,2,62,南方科技大学,南方科技大学-奥斯陆,8,501
2024,2,63,华南理工大学,打xcpc不喊我,8,530
2024,2,64,西安电子科技大学,喵喵喵,8,608
2024,2,65,浙江大学,雪花倾诉之时,8,620
2024,2,66,南京大学,优质解答:我不知道,8,621
2024,2,67,清华大学,缺德鹅子,8,630
2024,2,68,南京航空航天大学,错误,8,632
2024,2,69,西安交通大学,"事已至此,先炸评测机吧",8,635
2024,2,70,复旦大学,关注 Hydro 谢谢喵,8,636
2024,2,71,中国人民大学,字节无虞,8,645
2024,2,72,吉林大学,砖打林鸡,8,669
2024,2,73,东南大学,西西弗斯,8,678
2024,2,74,香港理工大学,"兄弟,理好香",8,680
2024,2,75,南京大学,智慧之树,8,686
2024,2,76,香港科技大学(广州),ZJJ是赵家杰,8,687
2024,2,77,西安交通大学,"写都写了,交一发吧",8,701
2024,2,78,厦门大学,闪光春日影,8,705
2024,2,79,浙江大学,托腮,8,715
2024,2,80,北京大学,不是 很菜,8,719
2024,2,81,中国科学院大学,果壳挂科王,8,729
2024,2,82,北京航空航天大学,哟哟,8,730
2024,2,82,上海纽约大学,上纽一队,8,730
2024,2,84,华中科技大学,不知道,8,734
2024,2,85,东北大学,NEU_飞禽走兽,8,743
2024,2,86,浙江工业大学,月球猫猫,8,747
2024,2,87,复旦大学,以键盘的音色世界鸣响,8,755
2024,2,88,中国科学技术大学,蓝桥春雪,8,758
2024,2,89,华中科技大学,真的没摆烂,8,759
2024,2,90,华南理工大学,五小时对于三个acmer来说还是太难了,8,766
2024,2,91,北京理工大学,打饿了吃隔壁桌,8,768
2024,2,92,哈尔滨工业大学(深圳),潜水小怪,8,777
2024,2,92,香港科技大学(广州),杂~鱼 杂~鱼 大哥哥连A题都过不掉嘛~,8,777
2024,2,94,北京大学,黄忠二技能宗师,8,779
2024,2,95,北京航空航天大学,一剑霜寒十四州,8,789
2024,2,95,北京大学,现充队友太多了!,8,789
2024,2,97,上海大学,树上的忍者,8,795
2024,2,98,复旦大学,笑对挑战永不言弃,8,798
2024,2,98,香港大学,五条牢师,8,798
2024,2,98,上海交通大学,"只支持修改,不支持查询",8,798
2024,2,98,南京大学,随家仓,8,798
2024,2,102,北京大学,交给你们了,8,802
2024,2,103,河海大学,我的ACM铁牌物语果然有问题,8,811
2024,2,104,哈尔滨工业大学,碧天伴行,8,816
2024,2,105,中山大学,中山大学_古希腊掌管罚时的神,8,818
2024,2,106,天津大学,锐刻没有电,8,822
2024,2,107,复旦大学,"学海无涯,回头是岸",8,830
2024,2,108,西安交通大学,天狼星的心脏,8,836
2024,2,109,北京邮电大学,好好想想,8,854
2024,2,110,复旦大学,重生之塔菲先别急喵,8,856
2024,2,110,湘潭大学,海之霸,8,856
2024,2,112,东北大学,东北大学_不再掩饰,8,861
2024,2,113,哈尔滨工业大学(威海),哦不对不队,8,863
2024,2,114,哈尔滨工业大学(深圳),这么出题是吧,8,867
2024,2,115,哈尔滨工业大学,风灵玉秀,8,868
2024,2,116,复旦大学,密码八个八,8,870
2024,2,117,吉林大学,断桥雪,8,878
2024,2,118,北京交通大学,白夜追风,8,893
2024,2,119,华中科技大学,长夜杯空,8,899
2024,2,119,浙江大学,又活一天,8,899
2024,2,121,北京邮电大学,"试者如斯夫,不舍昼夜",8,911
2024,2,122,中山大学,中山大学_开拓之尾,8,926
2024,2,123,南京大学,食堂难民走线和园卖花,8,931
2024,2,124,南方科技大学,布尔诺,8,933
2024,2,125,哈尔滨工业大学,w4p3r Black-fan Club,8,940
2024,2,126,武汉大学,超高校级的xcpc玩家,8,942
2024,2,127,中国人民大学,嘉然今天创什么,8,944
2024,2,128,北京航空航天大学,本科打ACM月薪三千,8,945
2024,2,128,浙江理工大学,马拉车算法算车拉马,8,945
2024,2,130,北京大学,给链不要链,8,966
2024,2,131,南开大学,对他使用djikstra吧,8,992
2024,2,132,温州大学,温大1队,8,997
2024,2,133,华中科技大学,奇思妙想,8,1082
2024,2,134,中国人民大学,森林冰火人,8,1094
2024,2,135,上海交通大学,影色舞,7,370
2024,2,135,南京大学,我打铁牌?真的假的?,7,370
2024,2,137,电子科技大学,UESTC_诶哆诶哆呐呐呐,7,374
2024,2,138,同济大学,登神长阶,7,378
2024,2,139,中山大学,中山大学_可燃乌龙茶,7,380
2024,2,140,香港中文大學,麥當勞5G炸雞2.0,7,384
2024,2,141,复旦大学,怎么表达都可以,7,387
2024,2,142,复旦大学,无限螺旋,7,388
2024,2,143,北京航空航天大学,会挽雕弓如满月,7,391
2024,2,144,南开大学,难开题开题难,7,398
2024,2,145,南京大学,嚼菜根队,7,399
2024,2,146,广东工业大学,演奏春日影,7,402
2024,2,147,上海交通大学,电光火石的前奏,7,404
2024,2,148,南京大学,不敢苟铜,7,407
2024,2,149,北京大学,135+187+199=521,7,409
2024,2,150,福州大学,重返未来,7,421
2024,2,151,中国科学技术大学,苕玩点原神,7,423
2024,2,152,复旦大学,小粉兔真爱粉,7,426
2024,2,153,北京理工大学,大香蕉的感觉不奇妙,7,427
2024,2,154,东北大学秦皇岛分校,名字取好了吗,7,434
2024,2,155,浙大城市学院,扫雷爱好者,7,446
2024,2,155,西安交通大学,宇宙将为你闪烁,7,446
2024,2,157,上海交通大学,奇迹师歌队,7,448
2024,2,158,西北大学,剑舞者,7,453
2024,2,159,西安交通大学,WA症候群,7,459
2024,2,160,电子科技大学,UESTC_xxx,7,461
2024,2,160,浙江工业大学,今亦求金,7,461
2024,2,162,华中师范大学,明明如月,7,468
2024,2,163,山东大学,SDU-TCS,7,479
2024,2,164,华中科技大学,糖果酱,7,481
2024,2,164,南京大学,九九,7,481
2024,2,166,重庆邮电大学,邮电启动,7,485
2024,2,166,中山大学,中山大学_破空之势,7,485
2024,2,166,上海财经大学,iDLEM@STER O149,7,485
2024,2,169,华东师范大学,Spa7dow Blackfan Club,7,490
2024,2,169,四川大学,在线光速幂,7,490
2024,2,171,南京大学,乱敲键盘,7,494
2024,2,172,电子科技大学,UESTC_雪色光晕,7,496
2024,2,173,上海理工大学,301兆亿的星空,7,500
2024,2,174,中国民航大学,合法队名选择器,7,504
2024,2,175,中南大学,大鸟ZigZigZag,7,506
2024,2,176,北京理工大学,Penalty这么高它的意思一定是分数吧,7,508
2024,2,177,南京大学,"然后,下一题即将通过",7,510
2024,2,178,华南理工大学,《与主更近》,7,512
2024,2,178,南京大学,哥布林,7,512
2024,2,180,华东师范大学,东方 homo 馆,7,513
2024,2,181,浙江师范大学,该戒网瘾了,7,514
2024,2,182,西安交通大学,锦筝叹,7,516
2024,2,183,苏州大学,汉汉欧欧手,7,521
2024,2,184,中国科学技术大学,白日梦想家,7,524
2024,2,185,吉林大学,東雲端,7,526
2024,2,185,同济大学,本来挺喜欢ACM的,7,526
2024,2,187,香港浸会大学,香港师范大学,7,528
2024,2,188,山东大学,电话微波炉(暂定),7,533
2024,2,189,电子科技大学,UESTC_在理工学校想邂逅文学学姐搞错了什么,7,534
2024,2,190,中山大学,中山大学_十一队,7,538
2024,2,191,华中科技大学,HCl,7,539
2024,2,192,浙江理工大学,炉石新晋肺癌一哥·法师德鲁伊双职业大神无限火球宗师级人物·宇宙法盒子光速吟唱者·狂野门p 头子·顶级爆牌德使用者·暗牧师猎手·天梯任务达人·驴驴耳聋得力助手·旧日猪仔推翻者·粉皮猪饲养员·无线鼠标创始人·电信诈骗一生之敌·洛欧塞布之子·暗夜貘良 堂堂连载,7,540
2024,2,193,浙江师范大学,主C没来,7,544
2024,2,194,上海交通大学,复活者联盟,7,545
2024,2,195,北京化工大学,落后,7,546
2024,2,196,北京航空航天大学,队长要吃三个汉堡,7,549
2024,2,196,西湖大学,啊对对队,7,549
2024,2,198,江苏大学,"队友呢,救一下啊",7,551
2024,2,199,同济大学,君与构造与构造之恋,7,552
2024,2,200,华东师范大学,回滚许队,7,553
2024,2,200,青岛理工大学,无垠序曲,7,553
2024,2,200,北京林业大学,上林花似锦,7,553
2024,2,203,华东师范大学,假飞了!,7,554
2024,2,203,东北大学,东北大学_夕阳红小队,7,554
2024,2,205,华南理工大学,洛杉矶糊人,7,555
2024,2,205,华南理工大学,Fast Fast TLE,7,555
2024,2,207,东北大学秦皇岛分校,鸡鸣湖畔,7,556
2024,2,207,西湖大学,轰炸机数学学院,7,556
2024,2,209,浙江工业大学,我太想进步了,7,558
2024,2,210,华中科技大学,一如既往相信你的注册中心,7,565
2024,2,210,中山大学,中山大学_2333er,7,565
2024,2,212,浙江工业大学,choke豁免检定大成功,7,567
2024,2,213,西安电子科技大学,喵亦或鱼,7,572
2024,2,214,上海交通大学,凌晨烈日晖光,7,573
2024,2,215,武汉理工大学,*幻想乡旅行团,7,574
2024,2,216,南京航空航天大学,DML,7,576
2024,2,217,同济大学,于离别之朝束起约定之花,7,578
2024,2,218,电子科技大学,UESTC_风沙星辰,7,581
2024,2,219,南开大学,退休养老,7,582
2024,2,220,复旦大学,"杠上林克,队长砍树",7,583
2024,2,220,浙江科技大学,星光算法馆,7,583
2024,2,222,北京航空航天大学,"早知道,还是可口可乐",7,584
2024,2,223,绍兴文理学院元培学院,我的冰块太冷了,7,585
2024,2,224,西安电子科技大学,水产王,7,587
2024,2,225,南方科技大学,皮尔森,7,590
2024,2,226,福建师范大学,杰尼龟快使用飞叶快刀,7,592
2024,2,226,上海科技大学,can can need 对不队,7,592
2024,2,228,大连理工大学,dlut01,7,593
2024,2,228,南方科技大学,南方科技大学-摩拉维亚,7,593
2024,2,230,广西大学,"这一发,贯穿星辰",7,595
2024,2,231,中山大学,中山大学_明年军训求暴晒,7,597
2024,2,232,哈尔滨工业大学(深圳),吾皇御驾亲征,7,599
2024,2,232,香港中文大學,第 z 小元素,7,599
2024,2,232,北京邮电大学,对了没?如队,7,599
2024,2,235,南京信息工程大学,冰雪聪明琪露诺,7,602
2024,2,236,同济大学,仙银,7,603
2024,2,236,北京理工大学,内核恐慌,7,603
2024,2,236,南方科技大学,南方科技大学-伊赫拉瓦,7,603
2024,2,239,华南师范大学,A了这题就吃麦旋风,7,604
2024,2,239,西北工业大学,智力不太好,7,604
2024,2,241,北京师范大学,苹果狗,7,605
2024,2,242,浙江大学,乌拉呀哈 呀哈乌拉,7,606
2024,2,243,国防科技大学,空零,7,611
2024,2,243,福州大学,不AC不睡觉,7,611
2024,2,245,郑州大学,都不玩原神,7,617
2024,2,246,北京大学,我要玩黑吗喽,7,621
2024,2,246,福建理工大学,猿农舟,7,621
2024,2,248,西南交通大学,电灯泡心也会痛-郭老板是电灯泡版,7,623
2024,2,249,北京邮电大学,网瘾犯了求求你把牌子给我,7,624
2024,2,250,哈尔滨工业大学(威海),一路順風,7,625
2024,2,250,中山大学,中山大学_新1队,7,625
2024,2,252,南京大学,南小鸟,7,627
2024,2,253,哈尔滨工业大学,海星罐头,7,628
2024,2,254,华东师范大学,行则将至,7,630
2024,2,255,江西财经大学,Fe^3=Au,7,633
2024,2,256,厦门大学,XMU02,7,636
2024,2,257,武汉大学,终末旅行,7,638
2024,2,258,福州大学,最佳小丑,7,639
2024,2,258,同济大学,星辰之音,7,639
2024,2,260,哈尔滨工业大学(深圳),重生之我在哈工深打ACM,7,641
2024,2,261,南京大学,队友的奋斗,7,644
2024,2,262,南京邮电大学,njupt24team002,7,645
2024,2,263,广东以色列理工学院,一纸繁鸢,7,648
2024,2,263,北京邮电大学,"歪日,这么虾头?",7,648
2024,2,263,南京邮电大学,njupt24team003,7,648
2024,2,266,南京理工大学,"帮帮我,鲍汁锅先生",7,657
2024,2,267,浙江师范大学,五金店,7,658
2024,2,267,北京理工大学,哈基米TV之玩米哈游玩的,7,658
2024,2,269,成都信息工程大学,帝企鹅,7,660
2024,2,270,福州大学,Wa?Wa也算时间哦,7,666
2024,2,270,中国科学技术大学,布吉岛,7,666
2024,2,270,武汉理工大学,打一辈子出你字母能转生为AC高手吗,7,666
2024,2,273,中国科学技术大学,夜旅号,7,671
2024,2,273,上海科技大学,二刺猿黑猴在地平线上飙筋斗云,7,671
2024,2,275,东北大学,东北大学_好果汁,7,672
2024,2,276,中国科学技术大学,烧烤队列,7,674
2024,2,276,北京科技大学,我再试试,7,674
2024,2,278,上海大学,cr8tive,7,675
2024,2,279,北京邮电大学,"帮帮我,评测机老爷爷!",7,676
2024,2,280,广州大学,i * i = -1,7,677
2024,2,281,浙江师范大学,ZJNU_12队,7,682
2024,2,282,北京大学,去年看错题了。,7,685
2024,2,283,北京建筑大学,12345,7,686
2024,2,283,华南师范大学,你怎么知道我的鼠标里有器灵,7,686
2024,2,285,华南理工大学,Magically WA,7,687
2024,2,286,哈尔滨工业大学(威海),为帅比学长征婚QQ2216541094,7,688
2024,2,286,哈尔滨工业大学(威海),帅比队长还在征婚QQ2216541094,7,688
2024,2,288,西安交通大学,未铭记何谈淡忘,7,689
2024,2,289,华南师范大学,变出队名的魔法,7,690
2024,2,289,南开大学,粥畜除三害,7,690
2024,2,291,北京邮电大学,[AI]GPT4o,7,691
2024,2,292,中国科学院大学,啥,7,696
2024,2,293,深圳大学,Twilight Illusion,7,698
2024,2,294,安徽理工大学,我永远喜欢Chtholly,7,699
2024,2,295,上海大学,谁是人机?,7,701
2024,2,296,浙江财经大学,9月对我好一点,7,703
2024,2,297,山东大学,我无法只是普通朋友,7,704
2024,2,298,同济大学,闪电旋风劈,7,706
2024,2,299,华南农业大学,公司写题跟nm偷情一样,7,708
2024,2,300,电子科技大学,UESTC_DebugSimulator,7,710
2024,2,301,同济大学,黄渡技术幼儿园,7,717
2024,2,302,湘潭大学,horizon,7,719
2024,2,303,重庆大学,WA的速度是每秒五十次,7,723
2024,2,304,北方工业大学,样例过了,7,725
2024,2,304,北京理工大学,过了样例也不队,7,725
2024,2,306,长沙学院,冲冲冲,7,726
2024,2,306,湘潭大学,夜曲,7,726
2024,2,308,北京航空航天大学,fumofumo,7,727
2024,2,309,哈尔滨理工大学,哈理工2024Y01,7,728
2024,2,310,南京信息工程大学,笨蛋天才膜法师,7,729
2024,2,311,哈尔滨理工大学,哈理工2024Y11,7,733
2024,2,311,大连海事大学,菜鸟溢栈,7,733
2024,2,311,四川大学,来计院只为夺金,7,733
2024,2,314,中国科学技术大学,我...从来没觉得打比赛能AC过,7,734
2024,2,315,华中科技大学,红温黄豆,7,736
2024,2,315,北京邮电大学,DP_PTSD,7,736
2024,2,317,江西农业大学,领航者,7,737
2024,2,318,湖南理工学院,流泪猫猫头,7,739
2024,2,318,重庆理工大学,乱,7,739
2024,2,320,中国地质大学(北京),起名不如打猿神,7,740
2024,2,321,哈尔滨工程大学,有人说亡藜伴白首不如物流部报数那为什么不叫王老板爆杀,7,741
2024,2,322,东北大学秦皇岛分校,最澄澈的空与海,7,744
2024,2,323,北京大学,狗狗生气,7,745
2024,2,324,香港中文大学(深圳),仚屳屲冚,7,747
2024,2,324,北京交通大学,七海之旅,7,747
2024,2,326,北京交通大学,今宵露宿何妨,7,748
2024,2,327,中国科学技术大学,浑水摸奖,7,751
2024,2,327,西北大学,越来越好,7,751
2024,2,329,福建师范大学,最有希望的一集,7,753
2024,2,329,中国计量大学,"兄弟,我想拿牌",7,753
2024,2,329,浙江大学,普罗旺斯,7,753
2024,2,332,西南财经大学,"我再也不玩算法了,我们好聚好散吧",7,754
2024,2,333,复旦大学,启发式优化,7,755
2024,2,334,河海大学常州校区,不定积分,7,757
2024,2,334,南京邮电大学,njupt24team001,7,757
2024,2,336,长沙理工大学,代码不能从这一侧AC,7,760
2024,2,337,北京理工大学,"你们可以抽象,但是别太抽象",7,761
2024,2,338,广东工业大学,我们已经很努力想队名了,7,762
2024,2,339,西安理工大学,神秘的力量,7,763
2024,2,340,哈尔滨工业大学(深圳),黑神话:哈深,7,766
2024,2,341,中国矿业大学,虔诚雏草姬每天都要对塔祷至昏,7,769
2024,2,342,深圳大学,SZU_SUZ_ZSU_ZUS_USZ_UZS,7,770
2024,2,342,北京师范大学,崇高道德的赞许,7,770
2024,2,344,长沙学院,三脸懵逼,7,771
2024,2,345,武汉理工大学,曼波哈基米大战贤者三异鸟,7,773
2024,2,346,山东大学(威海),fashi da fanci,7,775
2024,2,347,湖南科技大学,万万大宝贝,7,776
2024,2,347,北京邮电大学,4000g_PT,7,776
2024,2,349,华南师范大学,aha_fan,7,780
2024,2,349,四川大学,拼图,7,780
2024,2,351,北京邮电大学,堂吉诃德,7,782
2024,2,351,上海理工大学,八足的末日物语,7,782
2024,2,353,中山大学,中山大学_不难发现这很队,7,783
2024,2,354,华东师范大学,河东食堂转生队,7,786
2024,2,354,中山大学,中山大学_Wonderful_Answer,7,786
2024,2,356,西北工业大学,小甜甜,7,787
2024,2,357,广东工业大学,加睡,7,788
2024,2,358,山东大学,"复活吧,我的 yc",7,790
2024,2,359,电子科技大学,UESTC_老东西,7,791
2024,2,359,中国科学技术大学,我们真的热爱数学,7,791
2024,2,361,深圳大学,秋秋你给我一块金牌吧 我什么都绘做的,7,794
2024,2,362,南京大学,该名称已被占用,7,797
2024,2,363,浙江工商大学,电之光,7,798
2024,2,363,西安交通大学,正在评测中,7,798
2024,2,365,浙江工商大学,空花阳焰,7,800
2024,2,366,中国地质大学(武汉),不可思议之国的爱丽丝正在梦游仙境,7,802
2024,2,367,郑州大学,历史为什么选择了黄前久美子,7,803
2024,2,367,武汉理工大学,突破极限,7,803
2024,2,369,吉林大学,管埋员,7,805
2024,2,370,东南大学,扬帆续新辰,7,808
2024,2,371,北京邮电大学,"彰显王威吧,踏遍世间的十二辉剑!",7,810
2024,2,372,江西理工大学,你是我遥不可及的梦,7,813
2024,2,373,北京理工大学,阿夸滑滑蛋喝冰红茶,7,814
2024,2,374,江苏科技大学,粉毛大香蕉,7,815
2024,2,375,浙江广厦建设职业技术大学,vivo 50,7,817
2024,2,376,南方科技大学,南方科技大学-特隆赫姆,7,818
2024,2,377,同济大学,166,7,819
2024,2,378,中国科学技术大学,Team114514,7,821
2024,2,379,电子科技大学,UESTC_EndlessEmbrace,7,824
2024,2,380,山东大学,诺曼底登陆,7,825
2024,2,380,北京理工大学珠海学院,新伙撩沅,7,825
2024,2,382,浙江师范大学,"分秒易逝,V我5时",7,826
2024,2,383,中国科学院大学,原神启动队,7,828
2024,2,383,深圳大学,不要找我打什么黑吗喽我要学算法打比赛OK?,7,828
2024,2,385,浙大城市学院,冬雪涟,7,834
2024,2,385,天津工业大学,你有什么头猪吗?,7,834
2024,2,387,华中科技大学,五个月了不会喝果冻,7,836
2024,2,388,浙江农林大学,在赛场上被遥控也是play的一环吗,7,837
2024,2,389,南京理工大学,混沌蝴蝶,7,839
2024,2,390,哈尔滨工业大学(威海),啊对对队,7,840
2024,2,391,武汉大学,ACMore,7,842
2024,2,392,华中师范大学,这里没有乐子,7,845
2024,2,393,香港中文大学(深圳),新建文件夹,7,846
2024,2,394,华东理工大学,原来的名字太难听了所以先把这个队名填上去,7,847
2024,2,395,电子科技大学,UESTC_正在验证您是否是真人,7,848
2024,2,395,厦门理工学院,理工路600号,7,848
2024,2,397,南京理工大学,茶姬猫猫头,7,852
2024,2,398,大连理工大学,我没有想法,7,854
2024,2,399,深圳大学,蓝桥杯深圳总部,7,856
2024,2,400,武汉理工大学,靠两位大爹带,7,857
2024,2,401,海南大学,聚珍伏虎丸,7,860
2024,2,402,哈尔滨工业大学,睡到自然醒,7,861
2024,2,402,山东大学,芝士队名,7,861
2024,2,404,哈尔滨工业大学(深圳),不如加训,7,864
2024,2,405,长沙理工大学,Sakura,7,865
2024,2,405,宁波大学,泥巴动物园,7,865
2024,2,407,哈尔滨工程大学,随风飘游于阳炎热浪,7,866
2024,2,407,西安电子科技大学,关于起名字很随意这件事,7,866
2024,2,409,北京交通大学,世纪难题,7,867
2024,2,410,上海电力大学,"一路风光,一路风霜",7,869
2024,2,411,复旦大学,奇计软软,7,871
2024,2,412,重庆大学,不考计算几何就摆烂,7,875
2024,2,413,贵州大学,被408乱杀的acm loser,7,878
2024,2,413,山东大学(威海),basicjream pas' pygo+++++,7,878
2024,2,415,浙江财经大学,一路向北,7,883
2024,2,416,西北工业大学,奥恩,7,885
2024,2,417,中山大学,中山大学_队,7,887
2024,2,418,燕山大学,塔山二队,7,890
2024,2,419,阜阳师范大学,又双叒叕到了难搞的时候,7,892
2024,2,419,中国石油大学(北京),哪里有石油哪里就是我的家,7,892
2024,2,421,太原理工大学,吃黄瓜要趁绿,7,893
2024,2,422,山东理工大学,Mirai的大蘑菇走丢了,7,895
2024,2,423,电子科技大学,UESTC_PenaltyAutomaton,7,901
2024,2,424,南京航空航天大学,黄转绿,7,903
2024,2,425,中山大学,中山大学_题解的做法都,7,905
2024,2,425,南京大学,无名队,7,905
2024,2,427,北京师范大学,笔恩游提升指南,7,907
2024,2,428,河南理工大学,橙子往昔,7,910
2024,2,428,西安电子科技大学,什么都不会也能参加ACM吗,7,910
2024,2,430,东北大学,东北大学_交一发吧反正也不会更糟了,7,911
2024,2,431,湘潭大学,"训练两年半,何日上绿名",7,914
2024,2,432,中国矿业大学,宇宙兄弟,7,916
2024,2,433,河南农业大学,队长四十八小时速成八十一难,7,919
2024,2,434,广东工业大学,果粒橙,7,921
2024,2,435,南方科技大学,南方科技大学-斯塔万格,7,925
2024,2,436,河南大学,狗不理包子,7,928
2024,2,437,华中师范大学,夏天男,7,929
2024,2,438,杭州师范大学,秋天的南瓜和冬天的雪山药,7,931
2024,2,438,西南交通大学,黑代码:打铁,7,931
2024,2,440,山西大学,sxu_憂一乗,7,942
2024,2,441,电子科技大学,UESTC_当初是你要分开,7,944
2024,2,442,南京邮电大学,njupt24team006,7,945
2024,2,443,武汉大学,无言的宇宙,7,949
2024,2,444,华中农业大学,卡题的时候在干什么?有想法吗?可以AC吗?,7,951
2024,2,444,厦门大学,0x0d00,7,951
2024,2,446,东北大学秦皇岛分校,未命名,7,958
2024,2,447,华中科技大学,起名字好难,7,959
2024,2,448,武汉理工大学,黑算法:赛码仕之唐龙Anon,7,967
2024,2,449,华南理工大学,team_name,7,969
2024,2,450,北京理工大学,结束乐队,7,971
2024,2,451,香港理工大学,红磡车仔面,7,972
2024,2,452,南京邮电大学,njupt24team005,7,977
2024,2,453,南京信息工程大学,Zoltraak,7,980
2024,2,454,南京邮电大学,njupt24team017,7,985
2024,2,455,长安大学,神樱树,7,988
2024,2,456,厦门大学,暗黑影色舞,7,994
2024,2,457,杭州师范大学,春天的草莓和夏天的啤酒花,7,995
2024,2,458,吉林大学,结构化查询语言,7,996
2024,2,459,浙江工业大学,下次还填非常简单,7,1000
2024,2,460,电子科技大学,UESTC_*._.*,7,1004
2024,2,460,北京师范大学-香港浸会大学联合国际学院,西湖醋鱼,7,1004
2024,2,462,北京邮电大学,嘉然今天吃汉堡,7,1011
2024,2,463,西南科技大学,老东西,7,1023
2024,2,464,西湖大学,智慧yummy扬帆启航,7,1044
2024,2,465,广西大学,与星尘的握手,7,1045
2024,2,466,华东师范大学,"OI,启动",7,1046
2024,2,467,电子科技大学中山学院,中山学院1队,7,1047
2024,2,468,哈尔滨工业大学(威海),一番断幺,7,1055
2024,2,469,上海师范大学,你用着二次元头像说我是二次元?,7,1060
2024,2,470,大连理工大学,dlut06,7,1061
2024,2,471,华东师范大学,"可最喜欢你,萤石的AC现象",7,1066
2024,2,472,广东工业大学,三句号,7,1072
2024,2,472,成都信息工程大学,可我始终不及你的冰冷,7,1072
2024,2,474,湖南文理学院,两小时战神,7,1075
2024,2,475,哈尔滨工程大学,我推的七海暴吃0721次罚时因为在原神启动,7,1079
2024,2,475,山东大学,"猫学长,靠谱!",7,1079
2024,2,477,厦门大学,辣味的烧卖,7,1082
2024,2,478,西北农林科技大学,nwafuteam,7,1084
2024,2,479,北京师范大学,故梦之隐,7,1088
2024,2,480,华南理工大学,这发不AC我当场把电脑吃掉,7,1094
2024,2,481,苏州大学,fzcsyglq,7,1095
2024,2,482,湖南大学,100000Reimu,7,1106
2024,2,483,成都锦城学院,樱花泪,7,1109
2024,2,484,吉林大学,以上队伍成绩无效,7,1139
2024,2,485,西安交通大学,萨摩耶空间站站长今天买什么,7,1146
2024,2,485,北京理工大学,v我50带你看下北泽沼气动力猪头少年,7,1146
2024,2,487,中山大学,中山大学_一个小队,7,1159
2024,2,488,广东培正学院,找不到队友,7,1255
2024,2,489,合肥大学,甘!文!!崔!!!,7,1270
2024,2,490,山东大学,你有这样高速运转的机械进入软件园,7,1288
2024,2,491,北京理工大学,卡批炉批和穹批,7,1297
2024,2,492,东北大学,东北大学_叫什么再说吧,7,1512
2024,2,493,四川大学,难题逆转小队,7,1973
2024,2,494,东南大学,不知道取啥名,6,235
2024,2,495,中南大学,不知道吃什么,6,285
2024,2,495,大连海事大学,小试牛刀,6,285
2024,2,497,浙江农林大学暨阳学院,Rainbow,6,339
2024,2,498,中国地质大学(北京),帅比队长在线社死QQ:2110841432,6,340
2024,2,499,武汉科技大学,RELX悦刻幻影PRO,6,349
2024,2,500,华中科技大学,啊哈哈哈哈,6,354
2024,2,501,华南理工大学,primitive root,6,359
2024,2,502,武汉大学,晚十使我清醒,6,360
2024,2,503,中山大学,中山大学_cutelyou,6,363
2024,2,504,哈尔滨工业大学,W4p3r Fan Club,6,372
2024,2,504,福州大学,惡·即·斬,6,372
2024,2,506,华中科技大学,诗羽 花花 Corinth,6,387
2024,2,507,苏州大学,RE 手动机,6,392
2024,2,508,上海科技大学,嘉然今天吃嘉心糖,6,395
2024,2,509,华中科技大学,罚时上天,6,405
2024,2,510,山东大学,老年皮划艇,6,418
2024,2,511,浙江师范大学,AAA蜜雪冰城代购,6,420
2024,2,511,长春理工大学,我绝不和煎蛋不放糖的家伙结婚!,6,420
2024,2,513,大连海事大学,相亲相爱一家人,6,421
2024,2,514,长沙理工大学,流萤,6,425
2024,2,515,上海理工大学,主,6,428
2024,2,516,西安电子科技大学,醉里挑灯看键,6,429
2024,2,516,山东师范大学,这次报了两场比赛,6,429
2024,2,518,信息工程大学,新旬拔队,6,431
2024,2,519,中国人民大学,数学都交给队友,6,435
2024,2,520,东南大学,打ACM打的,6,438
2024,2,520,西湖大学,Genshin Impart,6,438
2024,2,522,香港中文大學,運行時恐懼,6,443
2024,2,523,上海科技大学,早起的鸟儿有 bug 吃,6,447
2024,2,524,广州大学,六兆TLEと一WA物語,6,448
2024,2,524,天津大学,北洋水师?,6,448
2024,2,526,安徽大学,嗷呜嘎嘎,6,457
2024,2,526,大连理工大学,dlut04,6,457
2024,2,528,清华大学,天宫抛物,6,464
2024,2,529,浙江理工大学,小喷菇懒得喷,6,465
2024,2,530,中山大学,中山大学_无言以对,6,466
2024,2,531,北京师范大学,异或小姐的狗,6,470
2024,2,532,浙江理工大学,浙理不队,6,475
2024,2,533,河海大学,xcpc什么时候进奥运,6,478
2024,2,534,湖南师范大学,how to win,6,481
2024,2,535,上海大学,"我将,扭转万象",6,489
2024,2,536,东南大学,汪汪队,6,490
2024,2,537,大连理工大学,dlut02,6,491
2024,2,538,台州学院,别急,6,493
2024,2,539,哈尔滨工程大学,goto: 希腊奶,6,496
2024,2,540,河海大学,"25时,在ICPC打铁",6,497
2024,2,541,浙江农林大学,队长精通二分搜索,6,503
2024,2,542,中国科学技术大学,五年oi三年io,6,507
2024,2,543,北京大学,东起深渊,6,508
2024,2,544,福州大学,孤高曼波,6,511
2024,2,545,武汉科技大学,537小分队,6,515
2024,2,546,华中师范大学,曾位俊,6,516
2024,2,546,香港科技大学(广州),科广汪汪汪,6,516
2024,2,548,武汉大学,核心算法,6,517
2024,2,549,华南师范大学,最后一页,6,519
2024,2,550,中国海洋大学,No Answer of Wrong Answer,6,521
2024,2,551,华中科技大学,旅游启动!!!,6,523
2024,2,552,南昌航空大学,极限水花,6,525
2024,2,553,吉林大学,划船全靠浪,6,528
2024,2,554,四川大学,"前世爱吃TLE的我,如今转生4K分TLEourist",6,529
2024,2,555,北京化工大学,夺心魔,6,532
2024,2,556,上海大学,抽象派,6,533
2024,2,557,江西师范大学,Wrong_answer_on_test_1,6,534
2024,2,558,哈尔滨工程大学,脂肪酸找到冷笑话问流星雨要不要一起打XCPC,6,537
2024,2,559,浙江工商大学,理塘最速WA传说,6,538
2024,2,560,北京邮电大学,如果爆零能报销回家车费吗,6,540
2024,2,561,浙江工业大学,ZJUT7,6,541
2024,2,562,江西师范大学,完蛋!我被原P包围了!,6,547
2024,2,563,华南理工大学,是菜狗但我还没重生呢,6,548
2024,2,564,福州大学,除你网络,6,549
2024,2,565,浙大城市学院,阿库赛尔最强超绝圣剑美少女妹妹谢谢你爱丽丝,6,550
2024,2,566,武汉科技大学,理塘的最强傳説純真猛虎丁一郎,6,554
2024,2,567,中国科学技术大学,退休中灯再就业,6,558
2024,2,568,国防科技大学,听党指挥,6,560
2024,2,569,哈尔滨工业大学(威海),黑扣德:哇空,6,561
2024,2,570,江南大学,jnu复兴队,6,562
2024,2,570,浙江科技大学,梅川苦茶子,6,562
2024,2,572,成都理工大学,我嘞个豆豆啊,6,563
2024,2,573,西南科技大学,飘零之剑,6,568
2024,2,573,四川大学,偷吃嘉然小姐的贡品,6,568
2024,2,575,湖南师范大学,again crychic也算 ac 吗,6,571
2024,2,576,北京邮电大学,遥遥领先于友队,6,576
2024,2,577,北京邮电大学,我太想AC了,6,578
2024,2,578,浙江理工大学,站在你面前的是多校全员玩手机午饭时间全员吃饭两人睡觉一人厕所的传奇队伍是也,6,579
2024,2,579,山东科技大学,占星者号,6,583
2024,2,580,天津大学,这还是蟹堡王么,6,585
2024,2,581,华南师范大学,一路向南,6,587
2024,2,582,商丘师范学院,时代少年团,6,588
2024,2,583,华南师范大学,野指针,6,589
2024,2,583,哈尔滨工业大学(深圳),怎么不算队名呢,6,589
2024,2,585,南昌航空大学,正无穷除以二,6,590
2024,2,586,上海大学,名字很好 下次别取了,6,597
2024,2,587,东北大学,东北大学_根本睡不醒,6,598
2024,2,588,集美大学,Sanagi,6,602
2024,2,589,广东工业大学揭阳校区,彼岸之约,6,603
2024,2,589,中国传媒大学,"一刻也没有为TLE哀悼,立刻赶往战场的是",6,603
2024,2,591,华东交通大学,乱搞一下就对了,6,605
2024,2,592,吉林大学,高玩派对,6,608
2024,2,593,无锡学院,WXU_Excalibur,6,613
2024,2,594,华中科技大学,等我回家想想队名,6,614
2024,2,594,广州航海学院,光脚大,6,614
2024,2,596,中国石油大学(华东),中石大2005,6,615
2024,2,597,电子科技大学,UESTC_宇宙超级无敌暴龙战士,6,620
2024,2,597,中南大学,我吃麦当劳,6,620
2024,2,597,上海海洋大学,想想布鲁特福斯怎么做,6,620
2024,2,600,哈尔滨理工大学,哈理工2024Y12,6,621
2024,2,600,浙江理工大学,汪汪队不立功,6,621
2024,2,600,山东大学,明天考离散,6,621
2024,2,603,大连理工大学,我将点燃大海,6,623
2024,2,604,西安电子科技大学,憧憬成为ACM高手,6,624
2024,2,605,哈尔滨工业大学,憂鬱烏龜,6,625
2024,2,606,山东大学,黑算竞:打铁,6,627
2024,2,606,宁波大学,Nullpo?Ga!,6,627
2024,2,608,南京航空航天大学,铜牌锅贴,6,628
2024,2,609,华东理工大学,珂朵莉最可爱了,6,630
2024,2,610,惠州学院,出关的小白,6,632
2024,2,610,湖南城市学院,陆乃子乃子虎视眈眈,6,632
2024,2,610,莆田学院,口胡金牌题,6,632
2024,2,613,华南理工大学,七猫,6,634
2024,2,614,湖南工业大学,贪心肯定队,6,635
2024,2,614,广东工业大学,漫游者,6,635
2024,2,614,西安邮电大学,"你们想吧,我没意见",6,635
2024,2,617,河南工业大学,"wa常有,而ac不常有",6,636
2024,2,617,东南大学,悄然谜响,6,636
2024,2,619,南京航空航天大学,南航猫猫头(队长十年单身换区域赛铜牌版),6,639
2024,2,620,南开大学,期末上机等评测何尝不是一种大比队,6,640
2024,2,621,南阳师范学院,悬笔一绝,6,641
2024,2,622,浙江师范大学,未命名1.cpp,6,643
2024,2,622,南方科技大学,南方科技大学-利贝雷茨,6,643
2024,2,624,北京信息科技大学,你猜金城厚不厚,6,645
2024,2,624,山东大学(威海),不可回收垃圾,6,645
2024,2,626,北京大学,黑神话悟能,6,646
2024,2,627,浙江工业大学,我们必须想像他们是幸福的,6,647
2024,2,628,香港中文大学(深圳),DROP TABLE TEAM,6,648
2024,2,629,华中农业大学,终末螺旋,6,649
2024,2,630,中国石油大学(北京)克拉玛依校区,俩绿一灰,6,650
2024,2,631,江西理工大学南昌校区,逃a打课小分队,6,652
2024,2,632,浙大宁波理工学院,19857887203,6,659
2024,2,632,四川大学,灵感满溢的程序创想,6,659
2024,2,634,长沙学院,不能说的秘密,6,660
2024,2,635,中国科学技术大学,淼队,6,664
2024,2,635,烟台大学,三头六臂,6,664
2024,2,637,集美大学,鳄鱼也要做鳄梦,6,665
2024,2,638,东北师范大学,RuntimeError,6,667
2024,2,639,华北水利水电大学,对WA使用无懈可击,6,668
2024,2,639,杭州师范大学,队名,6,668
2024,2,639,南阳理工学院,无敌霹雳啪啦,6,668
2024,2,642,浙大城市学院,夏日青空,6,670
2024,2,643,上海海洋大学,菜鸡的最终幻想,6,671
2024,2,644,宁波大学,好了啊,6,672
2024,2,644,辽宁大学,喜报 PTA又进不去啦,6,672
2024,2,646,长安大学,"暴力与打表之神,请赐予我随机数过题的力量,阿门。",6,675
2024,2,647,南京理工大学,猫猫头想吃鱼,6,678
2024,2,647,南京航空航天大学,找对象,6,678
2024,2,649,大连大学,祝大伙国庆节快乐,6,680
2024,2,650,北方工业大学,祈愿问天,6,682
2024,2,651,华东师范大学,例方体,6,683
2024,2,652,哈尔滨工业大学(威海),被ICPC暴打,6,684
2024,2,652,山东大学,"原始人,起洞",6,684
2024,2,654,南京工业大学,我太想进步了,6,689
2024,2,655,香港科技大学(广州),阿尔戈,6,690
2024,2,656,东北林业大学,世纪末彼岸花丛中的死之结界,6,692
2024,2,656,香港理工大学,四川烟草,6,692
2024,2,658,江苏大学,"别以为这样你就赢了,马猴烧酒",6,693
2024,2,659,哈尔滨工业大学(威海),我真不到啊,6,694
2024,2,660,四川师范大学,就算是中二病也要谈恋爱,6,700
2024,2,661,阿坝师范学院,火攻,6,701
2024,2,662,合肥工业大学宣城校区,与移风易俗者同行,6,703
2024,2,662,南京理工大学,彩虹猫猫头,6,703
2024,2,664,吉首大学,重生机器人,6,706
2024,2,665,浙江农林大学,"不拿牌就不能守护你,拿起牌就不能拥抱你",6,709
2024,2,665,天津理工大学,"无名伤害高,皮特伤害低,王虎无人机",6,709
2024,2,667,杭州师范大学,再想想特判?,6,711
2024,2,668,集美大学,我想同你永望黄昏,6,712
2024,2,669,河海大学,824赛博霍金肘击电子冬雪莲0721次,6,714
2024,2,670,哈尔滨工程大学,vp后烤肉会,6,715
2024,2,670,南京大学,求周处放过,6,715
2024,2,672,河海大学,可以组一辈子acm队嘛,6,716
2024,2,672,大连理工大学,dlut03,6,716
2024,2,672,西安电子科技大学,队名是啥,6,716
2024,2,675,中国民航大学,哆啦AC,6,720
2024,2,676,湖州师范学院,不想爆零,6,723
2024,2,676,青岛科技大学,小鲤鱼历险记,6,723
2024,2,676,南京理工大学,猫猫头启动,6,723
2024,2,679,湖南大学,白狼,6,724
2024,2,680,郑州大学,"你不笑,我笑",6,725
2024,2,680,深圳大学,SZU_Wrong answer on test 2,6,725
2024,2,682,哈尔滨工业大学(威海),旧城以西,6,726
2024,2,682,台州学院,转生异世界发现自己acm水平下降100倍,6,726
2024,2,684,浙江中医药大学,赛博中医,6,729
2024,2,685,南开大学,amadeus,6,730
2024,2,686,河南师范大学,帕鲁小队,6,732
2024,2,687,河南大学,604,6,733
2024,2,688,浙江财经大学,幻想家在幻想时间幻想AC,6,735
2024,2,688,北京邮电大学,金牌厨师,6,735
2024,2,690,华中科技大学,宝宝哭哭,6,736
2024,2,691,杭州师范大学,臣妾要告发孙答应私通,6,739
2024,2,692,中国矿业大学,无名之辈,6,741
2024,2,693,浙江工商大学,倚星折月,6,744
2024,2,694,东莞理工学院,心态就是力量,6,745
2024,2,695,河北工业大学,蒟蒻三人,6,746
2024,2,696,上海科技大学,啊杯,6,747
2024,2,697,浙大宁波理工学院,保不齐对,6,748
2024,2,698,大连理工大学,喵喵喵,6,749
2024,2,699,山东大学,河狸追踪狩猎队,6,753
2024,2,700,天津大学,守夜人,6,754
2024,2,701,香港城市大学,黑色,6,755
2024,2,702,香港中文大學,空值,6,758
2024,2,703,湖南工业大学,重生之我觉醒了自动AC机,6,760
2024,2,703,武汉理工大学,队名怎么办,6,760
2024,2,703,天津大学,"拼搏百天,我要上天津大学",6,760
2024,2,703,昆明理工大学,苟得弗死,6,760
2024,2,707,安徽大学,罚时冠军,6,761
2024,2,707,宁波大学,三人小队,6,761
2024,2,707,南昌大学,雪月花,6,761
2024,2,710,上海科技大学,耐撞王:牢然,6,764
2024,2,711,浙大宁波理工学院,秋招联系我,6,766
2024,2,711,香港科技大学(广州),ACM之日:无限罚时制,6,766
2024,2,713,武汉工程大学,武汉工程大学一队,6,767
2024,2,714,北京工业大学,铁牌也是牌,6,773
2024,2,715,南京信息工程大学,CF 灰名也有打铁梦,6,776
2024,2,715,兰州大学,刚学会打字,6,776
2024,2,717,郑州轻工业大学,最近公共祖先,6,777
2024,2,718,西南民族大学,"灰烬孕育生灵,催生枝叶,濯净浑浊。",6,779
2024,2,719,湘潭大学,码喽也有大圣梦,6,780
2024,2,720,武汉纺织大学,别质疑我们了好吗好的乖摸摸头,6,782
2024,2,721,合肥工业大学宣城校区,Knights of the Eastern Calculus,6,784
2024,2,722,苏州大学,WA了十发后终于TLE了,6,785
2024,2,722,南京大学,yyy天下第一可爱,6,785
2024,2,724,华中师范大学,且听风吟,6,788
2024,2,724,深圳大学,SZU_MouTai19937,6,788
2024,2,726,中国石油大学(华东),中石大1997,6,790
2024,2,727,浙江理工大学,你T不T吧,6,792
2024,2,728,暨南大学,wa.clear(),6,794
2024,2,728,北京林业大学,一码归一码,6,794
2024,2,730,东北大学,东北大学_提我踢沟沟好使,6,795
2024,2,730,山东科技大学,光明号,6,795
2024,2,732,苏州大学,异或,6,796
2024,2,732,厦门大学,XMU01,6,796
2024,2,732,南昌大学,三下五除二,6,796
2024,2,735,华东师范大学,中北墨麒麟,6,797
2024,2,735,陕西师范大学,三只杂鱼喵,6,797
2024,2,735,兰州大学,火力邪恶暴零王,6,797
2024,2,738,西安电子科技大学,便乘计划WA舞台!,6,803
2024,2,738,上海财经大学,尼采说得队,6,803
2024,2,740,中南大学,老司机带带我,6,807
2024,2,741,中国计量大学,我们是不是可以躺了?,6,809
2024,2,742,华南师范大学,会赢的,6,816
2024,2,743,江西财经大学,我不想吃蛙,6,821
2024,2,744,上海大学,清醒以后也学不会网络流,6,822
2024,2,745,武汉大学,重修数理基础,6,823
2024,2,746,华南师范大学,代码先和初中生同步,6,825
2024,2,747,浙江师范大学,干翻别人队,6,829
2024,2,748,华南理工大学,树上猫猫虫,6,831
2024,2,749,成都信息工程大学,废材,6,834
2024,2,750,东南大学,无敌暴零战士,6,835
2024,2,751,东南大学,只做签到题,6,836
2024,2,752,广东工业大学,qwq,6,837
2024,2,753,澳门大学,哭泣水龙转转转,6,839
2024,2,753,南京师范大学,失败贯彻始终,6,839
2024,2,755,南通大学,新知,6,840
2024,2,756,香港城市大学,白色,6,844
2024,2,757,华东师范大学,智算火花,6,846
2024,2,758,山东科技大学,柏林号,6,851
2024,2,758,鲁东大学,银狼,6,851
2024,2,760,杭州师范大学,一隅之梦,6,852
2024,2,760,同济大学,苍蓝之诗,6,852
2024,2,762,南京邮电大学,njupt24team004,6,854
2024,2,763,北华大学,always wrong answer,6,858
2024,2,764,香港大学,今天必须取个队名,6,859
2024,2,765,暨南大学,一题没做,6,860
2024,2,765,河海大学,不时以暴力算法tle的邻座acm同学,6,860
2024,2,767,华中科技大学,鹿茸,6,861
2024,2,768,南京航空航天大学,循序渐WA,6,862
2024,2,769,重庆大学,小青草,6,864
2024,2,769,大连理工大学,奇技淫巧营,6,864
2024,2,769,浙江万里学院,万里2队,6,864
2024,2,772,湖南师范大学,whenever aftergrow 也算wa吗,6,868
2024,2,772,东南大学,逐梦者,6,868
2024,2,774,香港中文大学(深圳),啥都不会队,6,872
2024,2,775,湖南工业大学,不知道,6,874
2024,2,775,信息工程大学,花生可,6,874
2024,2,777,青岛大学,月色回音,6,876
2024,2,778,哈尔滨工程大学,队里只有一只二次猿所以起名还是问fufu吧¿,6,882
2024,2,779,重庆大学,签不来到怎么办吧,6,885
2024,2,779,山东大学,签到人,6,885
2024,2,781,山东大学,海鸥牌灭火器,6,886
2024,2,782,香港科技大学(广州),S属性大爆发,6,890
2024,2,783,吉林大学,紧急通知:等通知,6,893
2024,2,784,哈尔滨工程大学,"坐岸观海,听十一月雨",6,894
2024,2,784,广东工业大学,逸误,6,894
2024,2,786,国防科技大学,"我是来打CTF的,你们要干什么",6,897
2024,2,787,青岛科技大学,一唱雄鸡天下白,6,898
2024,2,788,东北大学秦皇岛分校,我没意见,6,900
2024,2,789,华南理工大学,我不知道我不会你们来,6,901
2024,2,790,长沙理工大学,只管AC,6,904
2024,2,791,南京师范大学,我能在得了健忘症的情况下打完ACM吗,6,910
2024,2,792,南华大学,is_it_rated?,6,926
2024,2,793,华南农业大学,事已至此先睡觉吧,6,928
2024,2,794,四川大学,猫狗鱼,6,929
2024,2,795,太原理工大学,过题就是胜利,6,934
2024,2,796,华中科技大学,练习时长两坤月的野猪骑士,6,942
2024,2,797,中南民族大学,"什么也不会,这我打集贸啊?",6,952
2024,2,798,香港城市大学(东莞),港城管二大队,6,954
2024,2,799,华南理工大学,拔丝地瓜,6,960
2024,2,800,长春理工大学,BoysACMerCry,6,961
2024,2,801,武汉纺织大学,我的青春AC物语果然没有恋爱,6,966
2024,2,802,山东师范大学,零原组,6,971
2024,2,803,深圳技术大学,SZTU_断了的轨迹,6,972
2024,2,804,南京工程学院,被封了76个账号也想网络赛出线,6,985
2024,2,805,集美大学,夏日重现,6,992
2024,2,806,贵州大学,乱杀计组,6,999
2024,2,807,华东理工大学,别急我还在藏东西,6,1007
2024,2,808,浙江机电职业技术大学,兔八鸽,6,1034
2024,2,809,安徽大学,众梦之聚,6,1040
2024,2,810,香港科技大学(广州),青春科广男大不会梦见被接受,6,1041
2024,2,811,湖北工业大学,长生,6,1043
2024,2,812,江汉大学,不动的大图书馆,6,1052
2024,2,813,湖南理工学院,打个表先,6,1067
2024,2,814,大连理工大学盘锦校区,不被嘲笑的梦算什么辣鸡梦,6,1088
2024,2,815,宁夏大学,能否让我停止这场追逐,6,1115
2024,2,816,浙江海洋大学,重生之我在幼儿园做法,6,1118
2024,2,817,吉林大学,冰激淋,6,1124
2024,2,818,东北师范大学,重生成为太刀侠在星露谷钓生命鲈鱼,6,1128
2024,2,819,东北大学秦皇岛分校,敲敲键盘,6,1140
2024,2,819,中国科学技术大学,n方过百万,6,1140
2024,2,821,东南大学,样例过了交一发,6,1156
2024,2,822,中国人民大学,智算先锋队,6,1170
2024,2,823,南京邮电大学,njupt24team008,6,1201
2024,2,824,天津大学,雷霆之怒,6,1205
2024,2,825,山东大学,"天赋一点没有,还懒惰的要死",6,1290
2024,2,826,重庆邮电大学,会A吗?会A的!,5,254
2024,2,827,重庆邮电大学,猫娘乐园,5,287
2024,2,828,南京林业大学,25浙软点击就送,5,290
2024,2,829,南京邮电大学,njupt24team007,5,292
2024,2,830,黄冈师范学院,递交偏执狂,5,308
2024,2,831,重庆移通学院,世界の中心、ACCEPTでを叫ぶ,5,314
2024,2,832,河北师范大学,黎明之光,5,330
2024,2,833,成都大学,都市狂少,5,351
2024,2,834,新疆大学,TQL,5,358
2024,2,835,浙江工商大学,疯狂进行预推免考研夏令营的卢,5,359
2024,2,835,宁波职业技术学院,你不能拿我们和那些本科队伍比,5,359
2024,2,837,华南农业大学,她说再AC一道题就和我在一起,5,364
2024,2,838,哈尔滨工业大学(威海),暮鼓晨钟,5,375
2024,2,839,中国传媒大学,谁看懂题了,5,378
2024,2,840,成都信息工程大学,命运旋律,5,380
2024,2,840,西南民族大学,"永远都像初次见你那样,使我心荡漾.",5,380
2024,2,842,南京大学,百鸟苑,5,384
2024,2,843,江西理工大学,初出茅庐,5,386
2024,2,844,浙江师范大学,使一颗心免于哀伤,5,390
2024,2,845,长沙学院,三只小丑想拿牌,5,397
2024,2,845,武汉纺织大学,因为太怕爆零就全交暴力了,5,397
2024,2,847,江西理工大学,我是你遥不可及的梦,5,399
2024,2,848,江西财经大学,彩虹海,5,402
2024,2,849,华南师范大学,老兵不死,5,408
2024,2,850,山东理工大学,阿尔伯特,5,410
2024,2,850,山东大学,抑制黑波动的源头,5,410
2024,2,852,福州大学,不时以藏话遮羞的邻座丁真同学,5,413
2024,2,853,嘉应学院,治愈ACM致郁我的AC梦,5,414
2024,2,854,中国石油大学(华东),中石大2021,5,415
2024,2,855,西湖大学,三个臭皮匠,5,417
2024,2,856,南京理工大学,我唐完了,5,424
2024,2,857,上海第二工业大学,粉红毛毛兔,5,430
2024,2,858,华南农业大学,"一把抓住样例,顷刻炼化",5,431
2024,2,858,重庆大学,从大三开始打铁的XCPC生活,5,431
2024,2,860,湖南科技大学,湖科大100队,5,433
2024,2,861,湖南农业大学,会赢的,5,435
2024,2,862,南京信息工程大学,地铁上的年轻人,5,440
2024,2,863,绍兴文理学院,山里灵活 & 山田凉 & 永远鲜红的幼月,5,441
2024,2,863,南昌航空大学,"大小姐,it is time to go to XCPC",5,441
2024,2,865,华南理工大学,BlackContest: AllWa,5,444
2024,2,865,中国传媒大学,啥,5,444
2024,2,865,武汉大学,骗分过样例,5,444
2024,2,868,山东理工大学,我每天打ACM也没上瘾啊,5,446
2024,2,868,南京邮电大学通达学院,拉格朗日秒了,5,446
2024,2,870,深圳大学,szuOvO,5,451
2024,2,871,乐山师范学院,漫云征途,5,453
2024,2,872,中国民航大学,永远的分母,5,454
2024,2,873,南华大学,样例过了就是过了,5,459
2024,2,874,广州大学,成哥带飞队,5,461
2024,2,874,中国科学技术大学,小熊猫,5,461
2024,2,876,温州大学,温大3队,5,463
2024,2,877,重庆工程学院,黑笑话:打铁,5,467
2024,2,878,东北师范大学,巴别塔,5,470
2024,2,878,安徽师范大学,"情况不队,What can I say",5,470
2024,2,878,山东理工大学,"幽幽子会吃掉所有没AC的题目,这样我们就只有AC了",5,470
2024,2,881,江苏大学,.,5,482
2024,2,881,华东理工大学,得得得得,5,482
2024,2,881,广西外国语学院,"只会cout的我,竟称霸本三本学校校赛",5,482
2024,2,884,西南交通大学,队名啥的问他吧[摊手],5,483
2024,2,885,厦门大学,XMU03,5,487
2024,2,886,浙大宁波理工学院,倒头就睡,5,489
2024,2,887,暨南大学,样例过了就能ac,5,493
2024,2,888,东北师范大学,《黑算竞 :飞舞》,5,495
2024,2,888,南京林业大学,出题人应该多去刷刷力扣再来出题,5,495
2024,2,890,湖南农业大学,名字太长打不进来,5,497
2024,2,890,信息工程大学,我们仨指定嘎嘎猛吃,5,497
2024,2,890,山东理工大学,我有铁牌,5,497
2024,2,893,广西大学,憧憬成为原神高手,5,498
2024,2,894,湖南文理学院,不学不练,5,499
2024,2,894,上海应用技术大学,今天我签到了吗,5,499
2024,2,896,西安电子科技大学,不知道,5,501
2024,2,897,浙江工商大学,猫猫骑士团初探区域赛,5,502
2024,2,898,东北大学秦皇岛分校,先看A题,5,503
2024,2,898,南京航空航天大学,我也不知道叫什么,5,503
2024,2,900,福建农林大学,凌云,5,504
2024,2,901,武汉科技大学,长方形,5,505
2024,2,901,鲁东大学,钢筋混凝土拌面,5,505
2024,2,903,上海理工大学,千音迭奏 群星赋格,5,509
2024,2,904,山东理工大学,清纯白毛小萝莉,5,510
2024,2,905,国防科技大学,锦鲤,5,512
2024,2,905,同济大学,无言以对,5,512
2024,2,907,江西师范大学,蚌麻乐典孝急,5,513
2024,2,908,华北电力大学,在提瓦特大陆寻找锐刻旗舰店是否搞错了什么,5,517
2024,2,909,新疆大学,我有一个AC梦,5,518
2024,2,909,安徽工业大学,悠久之翼,5,518
2024,2,911,河南大学,不调和级数,5,519
2024,2,911,武汉工程大学,"青青子衿,悠悠我心",5,519
2024,2,911,上海海事大学,海事探险小分队,5,519
2024,2,914,浙江师范大学,"总裁,夫人说这签到题写不完,今晚不许回家",5,520
2024,2,914,武汉理工大学,样例都没过怎么ac了,5,520
2024,2,914,武汉理工大学,*打星参赛,5,520
2024,2,917,湖北工业大学,这不是一个正经的名字,5,521
2024,2,917,井冈山大学,涅槃,5,521
2024,2,919,中国地质大学(北京),我要玩黑神话悟空,5,525
2024,2,919,新疆大学,你与奇迹,5,525
2024,2,921,绍兴文理学院,看队友打代码,5,527
2024,2,922,华南理工大学,Untitled1.cpp,5,529
2024,2,922,沈阳航空航天大学,最终幻想,5,529
2024,2,922,山东财经大学,参与奖掠夺者,5,529
2024,2,925,苏州大学,你说的都对,5,532
2024,2,925,安徽工程大学,"不能鸭,WA!",5,532
2024,2,927,河南理工大学,无敌罚时大王,5,533
2024,2,928,天津大学,谦虚好学的玛卡巴卡们,5,534
2024,2,929,中南大学,破晓之光,5,535
2024,2,929,香港科技大学(广州),"打铁还需自身硬,所以我们要软",5,535
2024,2,931,武汉理工大学,果宝特攻与小洛克与刺客,5,536
2024,2,932,武汉工程大学,"她说我们之间没有结果,但我明明输出了ans",5,541
2024,2,933,华南师范大学,菜鸟队,5,542
2024,2,934,南京信息工程大学,Accept 做得到吗,5,544
2024,2,935,湖南工学院,=188+182,5,545
2024,2,936,哈尔滨工业大学,"加载中,请稍后",5,546
2024,2,936,浙江师范大学,深藏blue,5,546
2024,2,938,汕头大学,桑浦三草,5,549
2024,2,939,惠州学院,"桂花载酒,少年余梦",5,550
2024,2,939,广西大学,众,5,550
2024,2,939,中山大学,中山大学_好像有点不太队,5,550
2024,2,942,南京师范大学,取经第一难:罚坐5小时,5,551
2024,2,943,湖南科技大学,梦起云雾时,5,552
2024,2,943,成都信息工程大学,打算法竞赛也会遇见16岁天才美少女吗,5,552
2024,2,943,西南科技大学,今天也想见到你,5,552
2024,2,946,湖南财政经济学院,拒绝父母逼婚来打icpc,5,553
2024,2,947,河海大学,憧憬成为膜法ACMer,5,554
2024,2,947,扬州大学,柚子醋蒸虾头,5,554
2024,2,949,浙江工商大学,枯木逢春,5,555
2024,2,950,成都东软学院,向日葵,5,557
2024,2,951,宁波大学,NBU老登,5,559
2024,2,952,衡阳师范学院,蓝色夜晚的记忆,5,560
2024,2,953,哈尔滨工程大学,黑吗喽,5,561
2024,2,953,苏州大学,ZxyNotFound,5,561
2024,2,953,四川农业大学,我们有铁牌,5,561
2024,2,956,华南理工大学,译验丁真,5,564
2024,2,957,怀化学院,教练我想走文化,5,565
2024,2,958,北京林业大学,皓腕凝霜雪,5,568
2024,2,959,重庆邮电大学,撒卡班龙鱼,5,570
2024,2,959,南昌航空大学,未定义,5,570
2024,2,961,福州大学,哈哈没有人取队名,5,571
2024,2,962,西安电子科技大学,三分之二去零点,5,572
2024,2,963,浙江工商大学,黑神话:超时,5,574
2024,2,964,中国传媒大学,憧憬成为AC高手,5,576
2024,2,965,哈尔滨理工大学,哈理工2024Y03,5,577
2024,2,965,西南石油大学,"喜欢发奶龙的小朋友你们好啊,我祝你网络赛金牌",5,577
2024,2,967,浙江万里学院,MikuFans,5,579
2024,2,968,苏州大学,SUDA内存溢出,5,584
2024,2,969,济南大学,哪有好考的22数据结构?,5,585
2024,2,970,东北师范大学,炫我嘴里,5,586
2024,2,971,东北师范大学,骑士,5,590
2024,2,972,浙江工业大学,ZJUT12,5,592
2024,2,973,鲁东大学,燎原,5,593
2024,2,974,华侨大学,河出伏流,5,594
2024,2,974,西南科技大学,大山里的动物朋友,5,594
2024,2,976,天津大学,末日审判,5,595
2024,2,977,郑州轻工业大学,失败的Man,5,596
2024,2,977,青岛大学,AC钙奶,5,596
2024,2,979,北京化工大学,?神?动,5,597
2024,2,980,南京信息工程大学,想想,5,600
2024,2,981,吉林大学,彳亍,5,601
2024,2,982,湖南农业大学,八哥制造机,5,602
2024,2,982,成都信息工程大学,不会就睡觉,5,602
2024,2,984,武汉理工大学,相遇天使,5,603
2024,2,985,江西师范大学,辣子鸡,5,606
2024,2,986,大连大学,选择困难症犯了,5,607
2024,2,987,华东理工大学,希望能,5,610
2024,2,987,中国石油大学(华东),中石大2003,5,610
2024,2,987,曲阜师范大学,"别闹了,老婆,咱们回家吧",5,610
2024,2,990,中国石油大学(北京),云雾深处把井打,5,611
2024,2,991,北京科技大学,队友十年单身换区域赛银牌,5,615
2024,2,992,西南科技大学,你说得很对,5,616
2024,2,992,南京航空航天大学,米兰的小铁匠,5,616
2024,2,994,天津工业大学,为什么天工不报销,5,618
2024,2,994,山东大学,你以为这天是又一个很平常的日子,5,618
2024,2,996,新疆大学,"请给我们名额吧,我们什么都会做的",5,619
2024,2,997,郑州大学,Tomotake Yoshino,5,622
2024,2,997,常熟理工学院,队长让我想中文队名,5,622
2024,2,999,广州华立学院,一个考研+一个考雅思+一个java炒粉,5,623
2024,2,1000,中南大学,正餐只喝奶茶,5,627
2024,2,1001,西南财经大学,让我们出个线吧,5,629
2024,2,1002,中国传媒大学,算法术士的重启人生,5,632
2024,2,1003,绍兴文理学院,守银,5,633
2024,2,1004,武汉理工大学,铁牌怎么不算牌,5,634
2024,2,1005,西南交通大学,"我们ac这题是可能的,不过我们ac这题有点不可能",5,635
2024,2,1005,四川师范大学,hhh_jokers,5,635
2024,2,1007,哈尔滨工业大学(威海),里猫,5,636
2024,2,1008,青岛大学,风浪越大题越队,5,638
2024,2,1009,东北师范大学,WA自动机,5,640
2024,2,1010,北京师范大学-香港浸会大学联合国际学院,重生之猫猫上树,5,641
2024,2,1011,成都信息工程大学,射影酉群,5,643
2024,2,1012,黑龙江大学,"天才在左,疯子在右,我们在中间",5,647
2024,2,1012,南通大学,来只秃头唐龙,5,647
2024,2,1014,广东药科大学,我不是药神,5,648
2024,2,1014,青岛农业大学,报销是你的谎言,5,648
2024,2,1016,广东工业大学,AC手动机,5,649
2024,2,1016,南京邮电大学,njupt24team013,5,649
2024,2,1018,中北大学,Find,5,651
2024,2,1019,南昌航空大学,鷐鸚庄园无对手,5,652
2024,2,1020,中国矿业大学,矿兵出击,5,654
2024,2,1020,南京农业大学,没有人比我更懂AC,5,654
2024,2,1022,杭州师范大学,小卓两杯,5,655
2024,2,1022,上海理工大学,翠染百谷 雨浸春芜,5,655
2024,2,1024,西安理工大学,丸辣,5,656
2024,2,1024,山东理工大学,无敌暴龙,5,656
2024,2,1026,龙岩学院,6,5,657
2024,2,1027,浙江农林大学,再交一百罚,5,660
2024,2,1028,东北大学秦皇岛分校,焚风,5,661
2024,2,1028,山东财经大学,原本打算退役的老登来复健了,5,661
2024,2,1030,华南理工大学,Tea Time,5,664
2024,2,1030,香港中文大学(深圳),学勤同盟国,5,664
2024,2,1032,浙大宁波理工学院,刘佳乐,5,665
2024,2,1032,江西师范大学,心态好,5,665
2024,2,1034,华中农业大学,不喜欢暴力的袋鼠哥哥,5,668
2024,2,1034,中国地质大学(武汉),重生之我在崩铁搞算法被大捷将军看上这件事,5,668
2024,2,1034,浙江工商大学,自由发挥队,5,668
2024,2,1037,西安欧亚学院,略去过程QED,5,669
2024,2,1038,湘潭大学,数据别和我作队,5,670
2024,2,1038,内蒙古大学,铁匠,5,670
2024,2,1040,烟台大学,"对酒当WA,人生几何",5,672
2024,2,1041,浙江广厦建设职业技术大学,"让队友AC吧,我什么都会做的",5,673
2024,2,1042,中国海洋大学,会赢吗,5,675
2024,2,1043,山东理工大学,唐龙历险记,5,681
2024,2,1044,江西师范大学,AA 相亲相爱一家人,5,683
2024,2,1045,河北工程大学,不知道取什么队名先随便填一个应付一下,5,685
2024,2,1046,福建理工大学,碧天伴走,5,687
2024,2,1047,成都东软学院,ac自动机能自动ac吗,5,691
2024,2,1047,厦门大学嘉庚学院,帕斯,5,691
2024,2,1047,江西农业大学,"我已亭亭,不忧亦不惧",5,691
2024,2,1050,东北农业大学,你的人格类型是:XCPC,5,692
2024,2,1051,中国矿业大学,发际线和我作队,5,693
2024,2,1052,河海大学,理塘王吃满0721次罚时后原神启动了,5,694
2024,2,1053,厦门大学嘉庚学院,AveMujica,5,695
2024,2,1054,安徽大学,似乎有着能够令人AC的隐藏指令,5,696
2024,2,1055,浙江理工大学,不死图腾,5,698
2024,2,1056,重庆理工大学,女人只会影响我AC的速度,5,699
2024,2,1057,中国石油大学(北京)克拉玛依校区,诚招队友,5,701
2024,2,1058,安徽农业大学,签到杀手被签到题杀,5,702
2024,2,1058,闽南师范大学,快new一个队名,5,702
2024,2,1060,北京交通大学威海校区,渔村代表队,5,703
2024,2,1061,武汉科技大学,以上队伍成绩全部无效,5,707
2024,2,1062,哈尔滨工业大学(深圳),我在icpc不响丸辣,5,708
2024,2,1063,天津工业大学,祥子帮帮写,5,709
2024,2,1064,华南师范大学,江南行者,5,714
2024,2,1064,湖南大学,EDWard GACMing,5,714
2024,2,1066,武汉理工大学,保龄队,5,715
2024,2,1067,常熟理工学院,退一万步讲难道屏幕前的你们就没有错吗?,5,716
2024,2,1068,北京师范大学-香港浸会大学联合国际学院,你的择路人,5,717
2024,2,1069,中国海洋大学,不拿倒一就行,5,718
2024,2,1069,上海大学,黑程序:悟昂,5,718
2024,2,1071,天津仁爱学院,梦幻小丑,5,719
2024,2,1071,北京邮电大学,吃堡没吃饱,5,719
2024,2,1073,西安科技大学,样例都ak了,5,720
2024,2,1074,东北农业大学,谁敢向我挑衅?网络赛专用高胜率起手已配,5,722
2024,2,1075,中国民航大学,数据别和我作队,5,726
2024,2,1076,东北大学秦皇岛分校,"XCPC,启动!",5,729
2024,2,1077,宁波工程学院,邦君疑似卖勾,5,730
2024,2,1078,西南科技大学,想回炉重造成为OI耶,5,738
2024,2,1079,东南大学,摆烂,5,739
2024,2,1080,福州大学,深藏blue队,5,750
2024,2,1081,广东工业大学揭阳校区,怪物联盟,5,754
2024,2,1082,合肥大学,候鸟,5,756
2024,2,1082,信息工程大学,肖舔犬,5,756
2024,2,1084,浙江外国语学院,浙外X队,5,759
2024,2,1085,南京信息工程大学,杰哥不要 WAWA 交,5,761
2024,2,1086,西安电子科技大学,圣心,5,763
2024,2,1087,河南理工大学,河狸诸葛亮,5,765
2024,2,1088,贵州大学,猫猫也想要拿牌,5,770
2024,2,1089,沈阳化工大学,依依揪葭妻,5,771
2024,2,1090,泉州师范学院,0123456789,5,783
2024,2,1091,中国矿业大学(北京),燐光,5,785
2024,2,1092,广东工业大学,AC发电机,5,787
2024,2,1093,河南大学,让风告诉你,5,789
2024,2,1093,武汉理工大学,"队友只要AC就可以,摸鱼就要考虑很多了",5,789
2024,2,1095,宁波大学,我们得思索一下,5,799
2024,2,1096,中国地质大学(武汉),折磨评测机,5,814
2024,2,1097,潍坊学院,超和平Busters,5,816
2024,2,1098,上海纽约大学,上纽六队,5,818
2024,2,1099,山东理工大学,罚时冠军,5,823
2024,2,1100,安徽师范大学,过了王哥请吃饭,5,826
2024,2,1101,上海财经大学,神秘势力五河琴里,5,831
2024,2,1102,北京工业大学,双翼翱翔,5,835
2024,2,1103,香港中文大学(深圳),OZR,5,836
2024,2,1104,山东大学(威海),农村小男娘哼嗯哼哼哼,5,843
2024,2,1105,湖南理工学院,教练我想拿牌,5,845
2024,2,1106,中国科学技术大学,黑曼巴:出去,5,850
2024,2,1107,中国传媒大学,重生帝女之我在定福庄二小附属大学,5,855
2024,2,1108,莆田学院,葡萄菜菜子,5,856
2024,2,1109,暨南大学,探针的父亲们,5,859
2024,2,1110,河北经贸大学,她说拿金就和我在一起,5,862
2024,2,1111,山东师范大学,YXL,5,874
2024,2,1112,宁波财经学院,下水管道疏通半小时上门1,5,884
2024,2,1113,南阳理工学院,以下队伍成绩全部作废,5,887
2024,2,1114,湖南警察学院,燃尽薪火,5,901
2024,2,1115,华南理工大学,不想写模拟了,5,903
2024,2,1116,上海大学,黑码喽:无码,5,904
2024,2,1117,天津工业大学,"已老实,求放过。",5,908
2024,2,1118,西华大学,格伦,5,926
2024,2,1119,深圳技术大学,SZTU_卡在起名上了,5,932
2024,2,1120,哈尔滨工程大学,"WA,真的是你呀",5,963
2024,2,1121,广州大学,管好你的输入流,5,997
2024,2,1122,临沂大学,铁牛牛肉面,5,1000
2024,2,1123,同济大学,发际线别和我作队,5,1011
2024,2,1124,杭州师范大学,知识学爆,5,1027
2024,2,1125,上海海事大学,"我重生了,这一世我要夺回属于我的icpc名额",5,1073
2024,2,1126,安徽师范大学,一冲凉跌,5,1096
2024,2,1127,中央民族大学,低语的月亮,5,1164
2024,2,1128,浙江财经大学,踏雪寻梅,4,144
2024,2,1129,湖北工业大学,唐龙队,4,162
2024,2,1130,福建农林大学,大廉颇,4,175
2024,2,1131,华中师范大学,黑神话:铁牌,4,189
2024,2,1131,华南理工大学,黑算法:超时,4,189
2024,2,1133,台州学院,队名起什么,4,190
2024,2,1134,齐鲁工业大学,牢狗重生之艰难依然坚持,4,191
2024,2,1135,武汉科技大学,蒸&农&柚子厨,4,197
2024,2,1136,广东外语外贸大学,Fe++,4,204
2024,2,1136,温州大学,温大2队,4,204
2024,2,1138,华南农业大学,青春acm少年不会梦到<censored>猫娘,4,206
2024,2,1139,浙江农林大学,我直直直直直接给你坐下,4,207
2024,2,1140,中国矿业大学(北京),我庄严宣誓我不干好事,4,214
2024,2,1141,山东财经大学,抢学弟区域赛名额,4,217
2024,2,1142,东南大学,Let's Go!,4,219
2024,2,1143,广东金融学院,这是一个队名,4,220
2024,2,1144,吉林大学,菜鸟俱乐部,4,229
2024,2,1145,郑州轻工业大学,小狗怎么叫,4,232
2024,2,1146,郑州轻工业大学,遇事不决从容面队,4,233
2024,2,1147,江西财经大学,zyf在线征婚,4,234
2024,2,1148,电子科技大学中山学院,中山学院2队,4,235
2024,2,1149,云南大学,Ulterior Motive,4,236
2024,2,1150,武汉科技大学,537要复仇,4,237
2024,2,1151,东北师范大学,海底小纵队,4,238
2024,2,1152,中国矿业大学,三只煤球想成金,4,241
2024,2,1153,郑州大学,奇妙冒险之旅,4,246
2024,2,1154,暨南大学,米游社,4,249
2024,2,1155,中国石油大学(华东),中石大2011,4,251
2024,2,1155,西南科技大学,"凭阑西望,潇潇雨歇",4,251
2024,2,1155,天津工业大学,队长才不是小楠娘了啦,4,251
2024,2,1158,哈尔滨理工大学,哈理工2024Y13,4,253
2024,2,1159,华东理工大学,汪汪队记大过,4,255
2024,2,1159,武汉轻工大学,来点状态,4,255
2024,2,1161,哈尔滨理工大学,哈理工2024Y07,4,257
2024,2,1161,广东东软学院,迪亦昂牧,4,257
2024,2,1161,大连理工大学,喵喵嘤,4,257
2024,2,1164,大连理工大学城市学院,水星记,4,258
2024,2,1165,河南工业大学,今天打卡了吗?,4,266
2024,2,1165,青岛理工大学,兄弟香草泥队,4,266
2024,2,1167,重庆邮电大学,在ACM校赛中被大一oi爷暴虐的大二蒟蒻能打xcpc吗?,4,267
2024,2,1168,湖南科技大学,爱上对方过后就哭了,4,270
2024,2,1169,广州南方学院,狂怒,4,273
2024,2,1170,湖南工学院,1+1+1=1,4,277
2024,2,1170,广西师范大学,打完就退役,4,277
2024,2,1172,哈尔滨工程大学,再不给我AC我可要狠狠WA了QAQ,4,279
2024,2,1172,东北林业大学,"小样,迷不死你",4,279
2024,2,1174,同济大学,我实在不会,4,280
2024,2,1175,上海师范大学,队友都在打数模,4,281
2024,2,1176,山东工商学院,暂定,4,284
2024,2,1177,北京师范大学,打完就回去搬砖,4,285
2024,2,1178,青岛大学,我为杜老师扛大旗,4,286
2024,2,1179,常熟理工学院,毕业直接入职美团,4,288
2024,2,1179,南京信息工程大学,轻飘飘时间,4,288
2024,2,1181,黑龙江大学,三相之力,4,291
2024,2,1181,郑州轻工业大学,"不会起队名,就写个随便吧",4,291
2024,2,1183,哈尔滨理工大学(荣成),Day-100,4,292
2024,2,1184,天津大学,少爷的老奴,4,293
2024,2,1185,湖南财政经济学院,尽梨了,4,294
2024,2,1186,福州大学,原原神神启启动动,4,295
2024,2,1187,福建农林大学,top.登陆少年,4,296
2024,2,1188,广东工业大学揭阳校区,深度优先睡眠,4,297
2024,2,1188,郑州轻工业大学,"鸿鹄之志,不在林间",4,297
2024,2,1190,广东工业大学揭阳校区,GDUTJY_绝不早到迟队,4,298
2024,2,1191,华东交通大学,NoTeamName,4,299
2024,2,1192,浙江工业职业技术学院,救命 我被虫棍包围了,4,300
2024,2,1193,吉林大学,愚人号,4,302
2024,2,1193,中原工学院,"样例过就是过,对不队",4,302
2024,2,1195,沈阳航空航天大学,随便10086,4,303
2024,2,1196,南京工程学院,我直接搜索,4,306
2024,2,1197,华北理工大学,关于icpc的幻想?,4,307
2024,2,1197,浙江工商大学,Accc,4,307
2024,2,1197,山东大学(威海),马达加斯加企鹅,4,307
2024,2,1200,成都大学,"若不参加这网络赛,众生怎么知道我算法不堪,代码稀烂?",4,308
2024,2,1201,广州城市理工学院,我不知道也不想知道只想知道你知不知道我不知道,4,309
2024,2,1201,浙大城市学院,关于我们重生为了打ACM这件事,4,309
2024,2,1201,徐州工程学院,面向AC程序设计,4,309
2024,2,1204,宁波职业技术学院,文盲队,4,310
2024,2,1205,华东师范大学,待到秋来九月八,4,311
2024,2,1205,中南民族大学,我们的队伍正在蒸蒸日上,4,311
2024,2,1205,长春理工大学,yaoxh带飞,4,311
2024,2,1208,湖州师范学院,翔哥带飞,4,312
2024,2,1209,哈尔滨理工大学,哈理工2024Y10,4,314
2024,2,1209,徐州工程学院,云在青天水在瓶,4,314
2024,2,1209,江西理工大学,快乐的派大星种小花,4,314
2024,2,1212,西安理工大学,庄周梦韩,4,315
2024,2,1213,浙江机电职业技术大学,能和我打一辈子ACM吗,4,316
2024,2,1214,阜阳师范大学,锐笔速写,4,318
2024,2,1215,西华大学,夏日限定的告白,4,319
2024,2,1216,杭州师范大学,时停猫猫头,4,320
2024,2,1216,山东师范大学,樱高轻音部,4,320
2024,2,1218,中国石油大学(华东),中石大1969,4,321
2024,2,1218,天津工业大学,我上早八,4,321
2024,2,1220,浙江科技大学,ikun666,4,322
2024,2,1221,江苏大学,参加比赛不等于要有队名,4,323
2024,2,1222,哈尔滨工业大学(威海),相信珂学,4,324
2024,2,1223,浙江农林大学,别急再给我五分钟,4,325
2024,2,1223,深圳技术大学,少Wa点,4,325
2024,2,1223,上海电机学院,上海电机,4,325
2024,2,1223,南京工业大学,小飞机来喽,4,325
2024,2,1227,中国海洋大学,递归师傅,4,326
2024,2,1228,湖南大学,小酒馆常客,4,328
2024,2,1228,烟台科技学院,ytkj,4,328
2024,2,1230,烟台大学,打ACM这辈子有了,4,329
2024,2,1231,浙江工商大学,晶质铀,4,331
2024,2,1232,中国民航大学,起队名最麻烦了,4,334
2024,2,1233,四川师范大学,"写都写了,交一发吧",4,335
2024,2,1233,南京邮电大学,njupt24team011,4,335
2024,2,1235,南京邮电大学,njupt24team010,4,336
2024,2,1235,南京师范大学,最后的只因战士,4,336
2024,2,1237,惠州学院,爆零鼠鼠的逆袭,4,338
2024,2,1237,山东理工大学,我怎会有图谋不轨之心,4,338
2024,2,1239,山东师范大学,朱队友发力了,4,339
2024,2,1240,中国矿业大学(北京),宇宙究极无敌龙神变身,4,341
2024,2,1240,鲁东大学,红色玫瑰,4,341
2024,2,1242,西北农林科技大学,不知道起什么队,4,342
2024,2,1243,鲁东大学,易燃,4,343
2024,2,1243,江西师范大学,打acm死路一条,4,343
2024,2,1245,华南师范大学,帝车超光所向捷,4,344
2024,2,1245,中国民航大学,重庆森林,4,344
2024,2,1247,西安石油大学,打铁就退学组乐队,4,345
2024,2,1247,南华大学,打acm的这辈子是有了,4,345
2024,2,1249,湖南中医药大学,以上队伍成绩无效,4,346
2024,2,1249,河南工业大学,啊对对对,4,346
2024,2,1251,浙江财经大学,炒饭梦想家,4,348
2024,2,1252,东北大学,东北大学_想名字想到神经错乱,4,351
2024,2,1252,郑州轻工业大学,思考细菌,4,351
2024,2,1254,浙江科技大学,虚假海马,4,352
2024,2,1254,金陵科技学院,123,4,352
2024,2,1256,湖州师范学院,"God,God,God",4,353
2024,2,1256,中国地质大学(武汉),王学海,4,353
2024,2,1258,东北大学,东北大学_ChatGPT4o,4,356
2024,2,1258,中国计量大学,wc又不是正解,4,356
2024,2,1260,中国传媒大学,从零开始的acm生活,4,359
2024,2,1260,浙江师范大学,唐宋元每个都沾,4,359
2024,2,1260,陕西师范大学,NO ICPC NO LIFE: 编程人生,4,359
2024,2,1263,哈尔滨理工大学,哈理工2024Y04,4,361
2024,2,1264,哈尔滨工业大学(威海),教练我不想再wa了,4,362
2024,2,1264,福州大学,哈基米宝宝,4,362
2024,2,1266,南阳理工学院,醉醉醉把佳人成双队!!!,4,363
2024,2,1267,长沙理工大学,深藏blue,4,364
2024,2,1268,广东工业大学,我想拿牌子,4,365
2024,2,1268,长沙理工大学,负优化大湿,4,365
2024,2,1270,华中师范大学,只此青绿,4,367
2024,2,1270,湖南中医药大学,卡皮巴拉,4,367
2024,2,1270,合肥工业大学宣城校区,所以wa会消失对不对,4,367
2024,2,1270,北京交通大学,独去闲,4,367
2024,2,1274,重庆邮电大学,能不能交一发就对,4,368
2024,2,1274,西安电子科技大学,青春算法少年不会梦到ACM学姐,4,368
2024,2,1274,武昌首义学院,蒟蒻猫猫虫,4,368
2024,2,1277,广西科技大学,服务器爆炸+加时1h+改通知圆我ccpc梦,4,369
2024,2,1278,四川农业大学,穿越之我是菜狗,4,371
2024,2,1279,沈阳师范大学,"今夜,星光灿烂",4,372
2024,2,1279,宁波大学,重生在gbc演唱有键盘手的春日影,4,372
2024,2,1281,浙江万里学院,万里3队,4,373
2024,2,1282,哈尔滨理工大学,哈理工2024Y15,4,375
2024,2,1282,武汉科技大学,武科大第n队,4,375
2024,2,1284,济南大学,红黑树之影,4,376
2024,2,1284,中国地质大学(北京),不ac就别wawa叫,4,376
2024,2,1286,厦门理工学院,山水木,4,378
2024,2,1287,哈尔滨理工大学,哈理工2024Y08,4,380
2024,2,1287,长江大学,子曰有解,4,380
2024,2,1287,南阳理工学院,别问我,4,380
2024,2,1290,温州大学,温大6队,4,381
2024,2,1291,成都信息工程大学,成都w彦祖,4,382
2024,2,1292,中国民航大学,多快好省地Ac,4,383
2024,2,1292,井冈山大学,大国铁匠,4,383
2024,2,1294,湖北工业大学,三个虾头难,4,384
2024,2,1295,浙江机电职业技术大学,大伊万,4,385
2024,2,1295,浙江财经大学,猫咪烧烤,4,385
2024,2,1295,南阳理工学院,给队友端茶倒水,4,385
2024,2,1298,江西财经大学,但求问心无愧,4,388
2024,2,1299,武汉纺织大学,让我ac啊,4,389
2024,2,1299,兰州大学,不纠结了队名,4,389
2024,2,1301,大连海事大学,电棍笑传之查查病,4,390
2024,2,1301,浙江工业大学之江学院,夏日青空小分队,4,390
2024,2,1303,浙江师范大学,斜月三星洞 风灵月影宗,4,391
2024,2,1304,大连理工大学,勇敢的胆小菇,4,393
2024,2,1305,湖南城市学院,看着队友打代码,4,394
2024,2,1305,中国海洋大学,Abyss Watchers,4,394
2024,2,1307,上海海洋大学,队名不可为空,4,395
2024,2,1307,齐鲁工业大学,举牌喵喵机 3.0,4,395
2024,2,1309,重庆城市科技学院,彳亍,4,396
2024,2,1310,中南民族大学,佳明带飞学长学姐,4,398
2024,2,1310,郑州轻工业大学,To turn the tables,4,398
2024,2,1312,湖南警察学院,在远大三路独自哭泣无人安慰还好有算竞陪我,4,400
2024,2,1312,北京理工大学珠海学院,果宝三剑客,4,400
2024,2,1314,湖南工业大学,Runtime Terrors,4,401
2024,2,1314,北京师范大学珠海校区,丝滑拿铁,4,401
2024,2,1316,台州学院,我不吃AC,4,402
2024,2,1317,台州学院,学了等于没学,4,403
2024,2,1318,广东外语外贸大学,以梦为马越骑越傻,4,404
2024,2,1319,山东大学,嘎嘎上分大队,4,405
2024,2,1319,南昌航空大学,ctrlers,4,405
2024,2,1321,吉林大学,捏猫猫的,4,406
2024,2,1321,广东工业大学,静声,4,406
2024,2,1321,浙大城市学院,红魔乡第一爆炎法王,4,406
2024,2,1321,宁波大学,灰太螂说会爱我,4,406
2024,2,1325,浙江工商大学,了解你的捍卫者,4,407
2024,2,1325,苏州科技大学,三个青名,4,407
2024,2,1327,南阳理工学院,睡觉の神,4,408
2024,2,1328,南京大学,蛋熊派对,4,410
2024,2,1329,韶关学院,双人coding,4,411
2024,2,1330,山东科技大学,西塔克号,4,412
2024,2,1331,成都理工大学,日冕之雨,4,414
2024,2,1332,山东科技大学,飞马号,4,415
2024,2,1333,济南大学,纸上的魔法使,4,416
2024,2,1333,湖南科技学院,终将打破自己,4,416
2024,2,1333,广东工业大学揭阳校区,GDUTJY_1+1=0,4,416
2024,2,1336,仲恺农业工程学院,铁匠,4,420
2024,2,1337,大连东软信息学院,创新创业产教融合,4,422
2024,2,1337,临沂大学,意大利面拌混凝土,4,422
2024,2,1339,西南交通大学,"很内向,坐在键盘前写不出代码",4,424
2024,2,1340,山东师范大学,爆零就去玩原神,4,425
2024,2,1340,南京邮电大学,njupt24team012,4,425
2024,2,1342,重庆科技大学,楼上和楼下恋爱,4,427
2024,2,1343,湖北中医药大学,世界将我们遗弃,4,428
2024,2,1344,中南民族大学,样例过了就是对,4,429
2024,2,1344,长春理工大学,桃李酥,4,429
2024,2,1344,同济大学,索伯算法竞技俱乐部,4,429
2024,2,1344,厦门理工学院,榴莲忘返,4,429
2024,2,1348,海南大学,重生之希望这次多分点名额,4,430
2024,2,1348,东北农业大学,前面的题目以后再来探索吧,4,430
2024,2,1348,中国石油大学(华东),中石大1988,4,430
2024,2,1348,浙大城市学院,Wonderful__Answer,4,430
2024,2,1352,华侨大学,乳虎啸谷,4,432
2024,2,1352,中国地质大学(武汉),咩啰咩啰,4,432
2024,2,1354,华北水利水电大学,会赢吗?能AC吗?还是玩会原神吧,4,433
2024,2,1354,成都信息工程大学,三带四,4,433
2024,2,1354,武汉商学院,冰雪聪明琪露诺,4,433
2024,2,1357,南通大学,这次不随机生成,4,434
2024,2,1358,黄冈师范学院,好喜欢你怎么办,4,435
2024,2,1358,台州学院,真有趣该回家了,4,435
2024,2,1360,吉首大学,一发入魂,4,436
2024,2,1360,华南师范大学,代码不队,4,436
2024,2,1360,哈尔滨学院,薪炎永燃,4,436
2024,2,1360,东莞理工学院,不报销就爆零队,4,436
2024,2,1360,南京师范大学,汪汪队,4,436
2024,2,1360,南京航空航天大学,样例AC就算队,4,436
2024,2,1366,中国农业大学,我超农,4,437
2024,2,1367,华北水利水电大学,蓝桥杯省三,4,438
2024,2,1368,厦门大学,XMU05,4,440
2024,2,1368,南京工业大学,南工大n队,4,440
2024,2,1370,广西科技大学,这是一场豪赌,4,441
2024,2,1371,中国地质大学(武汉),六神,4,442
2024,2,1371,太原理工大学,会赢的,4,442
2024,2,1373,温州大学,温大4队,4,443
2024,2,1374,湖南大学,对对队,4,445
2024,2,1374,宁波大学,三虾聚鼎,4,445
2024,2,1376,山东科技大学,暴风雪号,4,446
2024,2,1377,河北工业大学,100.4999%,4,447
2024,2,1377,海南大学,暮染烟岚,4,447
2024,2,1377,重庆大学,"原,妙不可言",4,447
2024,2,1380,华中师范大学,我没意见,4,448
2024,2,1381,广东工业大学揭阳校区,GDUTJY_揭宿乐队,4,449
2024,2,1382,衡阳师范学院,望春风,4,451
2024,2,1383,东北林业大学,文酱の万事屋,4,452
2024,2,1384,常熟理工学院,小菜狗逆袭记,4,453
2024,2,1385,河北师范大学,我爱拉臭臭,4,454
2024,2,1385,西北农林科技大学,不要wa哇,4,454
2024,2,1387,信息工程大学,208,4,456
2024,2,1388,华南农业大学,Ciallo~,4,457
2024,2,1389,华南师范大学,楼下必拿金,4,458
2024,2,1389,韩山师范学院,玫瑰常开警告常在,4,458
2024,2,1391,华中师范大学,花开富贵,4,459
2024,2,1391,珠海科技学院,青春埃唏皮嘻少年会不会梦到wf冠军,4,459
2024,2,1391,南昌大学,鱼轶骑,4,459
2024,2,1394,南京理工大学泰州科技学院,败犬acmer太多了,4,460
2024,2,1395,苏州大学,草酰乙酸,4,461
2024,2,1396,浙江农林大学,计算练习生,4,463
2024,2,1396,北京理工大学,快进到5小时之后,4,463
2024,2,1398,湖南警察学院,大姐头驾到,4,464
2024,2,1398,河南大学,我们真是三个小笨蛋,4,464
2024,2,1400,广州大学,我不是瓦批,4,470
2024,2,1401,吉林建筑大学,凌空破浪,4,471
2024,2,1401,中国科学技术大学,黑框框:代码,4,471
2024,2,1401,中国计量大学,楼上猫娘队,4,471
2024,2,1401,江西师范大学,耐摔王稳定发挥,4,471
2024,2,1405,武汉大学,方块人转生成铁牌选手,4,473
2024,2,1406,西南大学,西大暴龙队,4,474
2024,2,1407,同济大学,过了样例就算队,4,477
2024,2,1408,华南农业大学,你不对我队,4,478
2024,2,1408,重庆城市科技学院,月落星沉,4,478
2024,2,1410,北京化工大学,Alnitak,4,479
2024,2,1410,常熟理工学院,翻斗花园孩子王,4,479
2024,2,1412,广东技术师范大学,"没有技巧,全是暴力",4,480
2024,2,1412,沈阳工业大学,都给我打瓦队,4,480
2024,2,1414,浙江工商大学,哆啦AK,4,482
2024,2,1415,湖州师范学院,摄像头,4,484
2024,2,1415,中国人民大学,现役之我是真菜,4,484
2024,2,1415,山东科技大学,鹦鹉螺号,4,484
2024,2,1415,鲁东大学,确实挺不错的,4,484
2024,2,1415,江苏大学,铁牌也是牌!,4,484
2024,2,1420,安阳师范学院,算法这科豪楠,4,485
2024,2,1420,宁波大学,Going Merry,4,485
2024,2,1422,苏州大学,管他对不队,4,486
2024,2,1423,南昌大学,导师抽查我的毕设惊了,4,488
2024,2,1424,浙江工业大学之江学院,帮Zn刷牙,4,489
2024,2,1425,河北师范大学,键上翻花,4,490
2024,2,1425,南京晓庄学院,关于我转生成为女生入住G区这件事,4,490
2024,2,1427,河南理工大学,脑洞小开,4,491
2024,2,1427,中国矿业大学(北京),云淡风清,4,491
2024,2,1427,中国传媒大学,"开局重伤倒地,激发队友潜力",4,491
2024,2,1430,湖北第二师范学院,小猫雪豹和小学生,4,495
2024,2,1430,青岛农业大学,手写的从前,4,495
2024,2,1432,深圳技术大学,SZTU_星河长明,4,496
2024,2,1432,上海大学,O(n^n!),4,496
2024,2,1434,河南农业大学,旅行的末路,4,497
2024,2,1435,重庆文理学院,网瘾少年不会梦见wa测评,4,498
2024,2,1436,浙江中医药大学,重生之我是原神高手,4,499
2024,2,1437,嘉应学院,tmp,4,501
2024,2,1437,山西大学,SXU二队,4,501
2024,2,1439,中南民族大学,玛卡巴卡和它的秘密花园,4,503
2024,2,1439,同济大学,Debug三大亨,4,503
2024,2,1441,哈尔滨工程大学,小红帽,4,504
2024,2,1442,浙江工业大学,ZJUT11,4,508
2024,2,1443,中国地质大学(武汉),网瘾早该电电了,4,509
2024,2,1444,南京航空航天大学,哆啦A梦助我蒙得都对!,4,510
2024,2,1445,西南科技大学,却道天凉好个秋,4,511
2024,2,1446,湖南人文科技学院,签到必队,4,514
2024,2,1447,浙江机电职业技术大学,总不可能一道题都不出吧,4,515
2024,2,1447,乐山师范学院,闲踏梧桐,4,515
2024,2,1449,山东建筑大学,大明湖水怪,4,516
2024,2,1450,湘潭大学,斗气化码,4,520
2024,2,1451,吉利学院,吉利太美,4,522
2024,2,1452,中原工学院,"斯是善题,惟吾不会",4,523
2024,2,1452,武汉纺织大学,你说对就对,4,523
2024,2,1452,太原科技大学,"击剑味癞,痿核钚掰",4,523
2024,2,1455,中国民航大学,把思路逆转过来!,4,524
2024,2,1456,河南工业大学,我喜欢你,4,526
2024,2,1456,温州大学,温大5队,4,526
2024,2,1456,青岛大学,Vim,4,526
2024,2,1456,鲁东大学,争辉,4,526
2024,2,1460,南京工程学院,关于我队友是个逆天男,4,529
2024,2,1461,丽水学院,银钥之门,4,530
2024,2,1462,衡水学院,队友叫我励志于是有了这个队名,4,531
2024,2,1463,湖北工业大学,打算竞能打出npy吗,4,532
2024,2,1463,中国科学技术大学,代码能跑队,4,532
2024,2,1463,西南科技大学,幻想乡乐园计划,4,532
2024,2,1463,南京理工大学,仓鼠猫猫头,4,532
2024,2,1467,汕头大学,头大三兄弟,4,533
2024,2,1467,山东航空学院,和光同尘,4,533
2024,2,1469,沈阳航空航天大学,"虎先锋,您的猴头外卖又到了",4,534
2024,2,1470,河北师范大学,ACMer少年,4,535
2024,2,1470,广州大学,去逃避,4,535
2024,2,1472,华南农业大学,再ac一题就可以再ac一题了,4,536
2024,2,1472,上海海洋大学,WA也是A,4,536
2024,2,1474,北京印刷学院,不要指望我们队,4,538
2024,2,1475,深圳大学,SZU_main,4,539
2024,2,1476,西湖大学,到此一游,4,540
2024,2,1477,惠州学院,嘉心彬干,4,541
2024,2,1478,中国海洋大学,水军出击,4,542
2024,2,1478,乐山师范学院,那在想想,4,542
2024,2,1478,昆明理工大学,风灵月影宗,4,542
2024,2,1481,广州城市理工学院,世纪难题之队名叫什么,4,544
2024,2,1482,桂林电子科技大学,吉他与孤独与蓝色星球,4,545
2024,2,1483,河南工程学院,怎么有人没有学长打名额啊?是我?那没事了,4,546
2024,2,1483,浙江机电职业技术大学,夜将不眠,4,546
2024,2,1485,西南民族大学,玛卡巴卡,4,558
2024,2,1486,杭州师范大学,没一个会取名字,4,560
2024,2,1487,天津大学,狼王-亚索-司命,4,561
2024,2,1488,华南农业大学,老爷保号队,4,564
2024,2,1488,西北农林科技大学,抓住金牌顷刻炼化,4,564
2024,2,1488,昆明理工大学,队友写题我入睡,4,564
2024,2,1491,武汉理工大学,一题都不队,4,565
2024,2,1491,兰州理工大学,等待AC,4,565
2024,2,1493,浙江财经大学,无法AC者之怒,4,566
2024,2,1493,天津大学,神笔码良,4,566
2024,2,1495,湖南城市学院,code.erase(bug),4,568
2024,2,1495,广州大学,三个蒟蒻,4,568
2024,2,1497,河北工业大学,全都做队,4,569
2024,2,1497,台州学院,这把打完就吃饭,4,569
2024,2,1499,福建理工大学,ACaAC,4,574
2024,2,1499,信息工程大学,"物之不齐,物之情也",4,574
2024,2,1499,青岛大学,空调和AC总得要一个吧,4,574
2024,2,1502,东北大学,东北大学_梦,4,578
2024,2,1503,浙江广厦建设职业技术大学,向蕉道,4,579
2024,2,1504,广东工业大学,做的都队,4,580
2024,2,1505,西南科技大学,对的对的,4,581
2024,2,1505,南京邮电大学,njupt24team016,4,581
2024,2,1507,武昌首义学院,总有一两个队,4,583
2024,2,1508,华东理工大学,汪汪汪,4,586
2024,2,1509,湖南工学院,黑比赛:退钱,4,587
2024,2,1509,郑州经贸学院,阿比盖尔之花,4,587
2024,2,1509,南京工业大学,做AK梦,4,587
2024,2,1512,江南大学,HaMoMoOvO,4,589
2024,2,1513,山东科技大学,无畏号,4,590
2024,2,1514,湖北工业大学,小丑派对,4,591
2024,2,1515,山东女子学院,我永远喜欢爱莉希雅,4,592
2024,2,1516,上海理工大学,空洞深潜系统,4,594
2024,2,1517,广州大学,Arae,4,595
2024,2,1518,南京大学,我们做的都队,4,596
2024,2,1518,鲁东大学,胜利女神在微笑,4,596
2024,2,1520,香港科技大学(广州),回家的诱惑,4,597
2024,2,1520,陕西科技大学,比完就饥荒,4,597
2024,2,1522,山东科技大学,白羊号,4,598
2024,2,1523,东北农业大学,马桶怎么堵了?哦原来是我仨的手速拉满了,4,599
2024,2,1524,湖南农业大学,复仇之焰,4,600
2024,2,1525,国防科技大学,Jasmine,4,601
2024,2,1526,怀化学院,会编程到底是什么感觉,4,604
2024,2,1527,浙江工商大学,魔法火焰,4,605
2024,2,1528,宁波财经学院,下水管道疏通半小时上门2,4,609
2024,2,1529,西华师范大学,"题目hard做,人生easy过",4,611
2024,2,1530,河南农业大学,life change,4,615
2024,2,1531,常州大学,三个绿名,4,616
2024,2,1531,上海对外经贸大学,CatBrick,4,616
2024,2,1533,成都理工大学,关于我和我的狱友在 ccpc 坐牢这档子事,4,617
2024,2,1534,临沂大学,关于摆烂鼠鼠挣扎着想打一次区域赛这件事,4,619
2024,2,1535,湖州师范学院,我能打上海major,4,622
2024,2,1535,山东大学,acm最强传说之绝凶的猛虎,4,622
2024,2,1537,西南科技大学,三只草履虫,4,623
2024,2,1537,南京邮电大学,njupt24team015,4,623
2024,2,1539,苏州大学,"队里有神,而且原神",4,624
2024,2,1540,燕山大学,妄想症,4,625
2024,2,1541,福建理工大学,wa是ac之母,4,626
2024,2,1542,集美大学,我样例过了,4,627
2024,2,1542,中南民族大学,怎么wa了原来是交错题了,4,627
2024,2,1542,南阳理工学院,8.2牢大带我坤情通宵海底捞,4,627
2024,2,1545,成都信息工程大学,我的心里有一场永不停歇的雨,4,631
2024,2,1546,济南大学,遠山客,4,633
2024,2,1546,江苏科技大学,菈妮的锋刃,4,633
2024,2,1548,中国科学院大学,队名,4,634
2024,2,1549,齐鲁工业大学,负重越野,4,636
2024,2,1550,湖南师范大学,没人起队名导致查不到队伍,4,637
2024,2,1551,黑龙江大学,我们还有最后一个办法,4,639
2024,2,1552,江西理工大学南昌校区,摸鱼队,4,644
2024,2,1553,西南交通大学,const int PI = 3.1415926535;,4,645
2024,2,1554,天津理工大学,她与银牌皆失,4,646
2024,2,1554,南京农业大学,王子请AC,4,646
2024,2,1556,湖北第二师范学院,老学长爆牌子,4,647
2024,2,1557,绍兴文理学院元培学院,菜地卷狗,4,648
2024,2,1558,河南师范大学,阿莫西林,4,649
2024,2,1559,惠州学院,重生之道,4,651
2024,2,1559,河南大学,"一直守银的话,就无法摄金啦",4,651
2024,2,1561,江西师范大学,海底小纵队,4,652
2024,2,1562,中国计量大学,互联网处决我,4,655
2024,2,1563,浙江万里学院,不要小瞧我们的羁绊啊魂淡,4,663
2024,2,1564,汉江师范学院,十堰武当山,4,667
2024,2,1565,长春工业大学,来中央大街有你好列巴吃,4,669
2024,2,1566,东北林业大学,战术AC系统上线,4,670
2024,2,1567,青岛大学,青岛大学114514队,4,671
2024,2,1568,浙江财经大学,CDZ的WA人生,4,672
2024,2,1568,西南民族大学,Pigs might fly,4,672
2024,2,1570,山东建筑大学,趵突泉三锦鲤,4,675
2024,2,1571,青岛科技大学,烟花一半醒,4,678
2024,2,1572,广东工业大学,紫罗兰永恒花园,4,679
2024,2,1573,华北电力大学,古河渚爱吃红豆面包战队,4,681
2024,2,1574,济南大学,一代猫粮,4,682
2024,2,1574,泉州师范学院,"不是,这题我真会",4,682
2024,2,1576,陕西师范大学,恒卷时刻,4,683
2024,2,1576,北京印刷学院,学校怎么还不改名,4,683
2024,2,1578,南阳理工学院,喂队友吃饭擦嘴,4,685
2024,2,1578,南京师范大学,不是哥门,4,685
2024,2,1580,阜阳师范大学,A+B problem,4,686
2024,2,1581,四川农业大学,你不要给我WAWA叫,4,690
2024,2,1582,长安大学,"重生之我是菜狗,想要成为战狼",4,693
2024,2,1583,浙江农林大学,今天codeforces 上分了吗?,4,696
2024,2,1584,怀化学院,"比赛,如我所愿",4,697
2024,2,1584,中国科学院大学,没来科学城队,4,697
2024,2,1586,长春理工大学,你会DP么?,4,702
2024,2,1587,香港城市大学,城大一日游,4,707
2024,2,1588,上海大学,tarjen_fan,4,709
2024,2,1589,北京工业大学,鲁棒司机,4,714
2024,2,1590,浙江理工大学,学车归来势必通关黑神话悟空,4,716
2024,2,1591,鲁东大学,我有一个AC的梦,4,718
2024,2,1592,贵州大学,AC大作战,4,721
2024,2,1592,中国地质大学(北京),虫子制造机,4,721
2024,2,1594,中国民航大学,曦和,4,723
2024,2,1595,南阳理工学院,想成功先发疯,4,733
2024,2,1596,烟台大学,以上成绩全都无效,4,734
2024,2,1597,长安大学,她不喜欢拿不了牌子的,4,742
2024,2,1598,信息工程大学,菜就多练,4,750
2024,2,1599,河南师范大学,宝宝有小情绪了,4,754
2024,2,1599,东北农业大学,卒三进二,4,754
2024,2,1601,南京大学,锟斤拷AC,4,766
2024,2,1602,山东大学,你的代码有点耗时,4,773
2024,2,1602,南阳理工学院,"取不来名字,要长脑子了",4,773
2024,2,1604,长安大学,震惊长安第114514拳,4,777
2024,2,1605,湖南农业大学,宇宙最强最潮流最帅最美超级无敌邪魅嗜血究极狂暴螺旋升天霸气暗影,4,783
2024,2,1605,郑州经贸学院,抽象派,4,783
2024,2,1607,浙江育英职业技术学院,蚌孝典急赢麻乐,4,784
2024,2,1608,西南民族大学,vocal!!!,4,788
2024,2,1609,阜阳师范大学,白雪公组,4,794
2024,2,1610,云南大学,YNUER-ICPC,4,795
2024,2,1611,南阳理工学院,翻斗花园暗号kun,4,802
2024,2,1612,汉口学院,surprise,4,804
2024,2,1613,浙大城市学院,那场TLE毁了我的金牌梦,4,805
2024,2,1614,河南师范大学,导员抽查我的毕设惊了,4,811
2024,2,1615,东北林业大学,"教练,我真的想打ICPC",4,824
2024,2,1616,齐齐哈尔大学,"齐大是齐齐哈尔最好的大学,张雪峰都敢这么说",4,835
2024,2,1617,浙江工业职业技术学院,三个入机挑战xcpc,4,836
2024,2,1618,北京电子科技学院,废水零液体排放,4,846
2024,2,1618,山东建筑大学,不会起名喵,4,846
2024,2,1620,南京工业大学,只爱赛尔号,4,848
2024,2,1621,大连大学,今天你摆烂了对不队,4,858
2024,2,1622,山东科技大学,赫利奥斯号,4,869
2024,2,1623,浙江海洋大学,浙海大二队,4,870
2024,2,1624,天津商业大学,AC联机版,4,872
2024,2,1625,鲁东大学,贪生pass,4,889
2024,2,1626,浙江水利水电学院,老东西,4,891
2024,2,1627,广东工业大学揭阳校区,WA与蒟蒻同在,4,924
2024,2,1628,山东大学(威海),是谁在喊我宝宝,4,963
2024,2,1629,黑龙江大学,"我们爆金币,你们报名额吗",4,983
2024,2,1630,西南交通大学,AC过家家,4,990
2024,2,1631,河南农业大学,哈基米,4,1007
2024,2,1632,上海纽约大学,上纽四队,4,1036
2024,2,1633,青岛理工大学,礼建,4,1075
2024,2,1634,宁波大学,我一定要扫宁波大街,4,1083
2024,2,1635,南京大学,屋旁的青草,3,83
2024,2,1636,南京工业大学,AC一题就算win,3,113
2024,2,1637,黑龙江大学,拂晓晨辉,3,131
2024,2,1638,武汉科技大学,ikun小队,3,137
2024,2,1639,同济大学,C++养老院,3,142
2024,2,1640,江苏海洋大学,为中华崛起而写码,3,157
2024,2,1641,九江学院,随便取的,3,160
2024,2,1642,南京农业大学,"那年春,除却AC不是真",3,170
2024,2,1643,暨南大学,海man宝宝,3,173
2024,2,1644,山东师范大学,队友呢队友救一下,3,174
2024,2,1645,青岛理工大学,显然可猜,3,180
2024,2,1646,同济大学,玛卡巴卡说的对,3,181
2024,2,1647,成都信息工程大学,一千零一次,3,187
2024,2,1648,山东大学,啊哈哈哈,3,190
2024,2,1648,厦门大学嘉庚学院,软工但不会写代码,3,190
2024,2,1650,宁波大学,快给我玩猿神,3,191
2024,2,1651,浙江师范大学,非自然AC,3,200
2024,2,1652,湖南财政经济学院,TLE自动机,3,202
2024,2,1653,中国地质大学(武汉),"我是来当分母的,你们要干什么",3,207
2024,2,1654,苏州大学,无职转生~到了acm就拿出真本事,3,208
2024,2,1655,江西财经大学,再多A一道题她就不会走对不队,3,209
2024,2,1656,安徽大学,知识学爆~,3,211
2024,2,1657,南京航空航天大学,"我是菜鸟,想寄就寄。",3,213
2024,2,1658,哈尔滨工业大学(威海),不爆零就行,3,214
2024,2,1659,华北水利水电大学,我的头发是真发,3,216
2024,2,1659,苏州大学,姑苏客,3,216
2024,2,1661,宁夏大学,超级面包,3,218
2024,2,1662,云南大学,"队,对吗",3,222
2024,2,1662,齐鲁工业大学,"原始人,起洞!",3,222
2024,2,1662,南京农业大学,琪露诺的完美算法教室,3,222
2024,2,1665,华南师范大学,而刷题要考虑的事情就多了,3,223
2024,2,1665,西南石油大学,又是想看何队女装的一天,3,223
2024,2,1667,广西师范大学,这个委托我接了!,3,224
2024,2,1667,西南财经大学,法厄同,3,224
2024,2,1669,成都信息工程大学,求求楼上别a了,3,229
2024,2,1669,上海应用技术大学,晨续源,3,229
2024,2,1671,华南师范大学,肥嘟嘟左卫门,3,230
2024,2,1672,北京印刷学院,中国出版大学,3,231
2024,2,1673,河南工程学院,柚子灯,3,233
2024,2,1674,宁夏大学,磩基互补配队,3,237
2024,2,1674,南京师范大学,签完到我要当黑吗喽,3,237
2024,2,1676,华北理工大学,说26考研什么时候准备比较好,3,240
2024,2,1676,江西师范大学,沙糖桔,3,240
2024,2,1678,山东管理学院,纯真丁一郎,3,244
2024,2,1679,上海大学,求你让我过一道,3,245
2024,2,1680,东北大学秦皇岛分校,AC打断他WA啊,3,247
2024,2,1680,浙江科技大学,你们说的对,3,247
2024,2,1682,北京语言大学,想队名也能TLE吗,3,250
2024,2,1683,河南科技大学,"班嘞,别睡了!",3,251
2024,2,1684,河南理工大学,三个臭皮匠,3,252
2024,2,1685,长江大学,二佬戏蒟,3,256
2024,2,1686,浙江工业大学之江学院,先行而后三思,3,257
2024,2,1686,宁波职业技术学院,下次一定对,3,257
2024,2,1688,西安工业大学,小猫联盟,3,258
2024,2,1689,香港科技大学(广州),志锐教育科技-1队,3,262
2024,2,1690,山东工商学院,简单,3,265
2024,2,1691,徐州工程学院,比奇堡总动员,3,266
2024,2,1692,山东石油化工学院,Guess to Au,3,269
2024,2,1693,浙江工商大学,wa也是ak,3,270
2024,2,1693,山东农业大学,黑山农:马喽,3,270
2024,2,1695,青岛农业大学,wa了那又咋啦,3,271
2024,2,1696,西安电子科技大学,学习中ing,3,273
2024,2,1697,合肥大学,白裤裆寒冬一击,3,276
2024,2,1697,四川大学,????,3,276
2024,2,1699,浙江工商大学,蛋仔派対,3,277
2024,2,1700,山东科技大学,叛逆者号,3,280
2024,2,1701,青岛大学,不会就dfs,3,282
2024,2,1702,福建理工大学,RE:从bug到debug开始的XCPC生活,3,284
2024,2,1703,衡阳师范学院,洋洋鸽鸽,3,287
2024,2,1704,莆田学院,打完这把就退役,3,289
2024,2,1705,合肥工业大学宣城校区,我大腿呢,3,290
2024,2,1706,中南民族大学,转生成为acm糕手,3,291
2024,2,1706,肇庆学院,北岭山间踏雪2,3,291
2024,2,1708,沈阳工业大学,命运/重逢,3,292
2024,2,1708,安徽师范大学,不忘初心,3,292
2024,2,1710,广东财经大学,九吉星,3,293
2024,2,1710,武汉轻工大学,不拿奖就给你补个蛋,3,293
2024,2,1712,华侨大学,鹰隼试翼,3,294
2024,2,1712,青岛科技大学,三个人,3,294
2024,2,1714,同济大学,公费旅行社,3,295
2024,2,1715,武汉商学院,关于邻国的C o d e f o r c e s 不知不觉把我们惯成了A C M e r 于是队长想要漂亮妹妹教他写代码这档事,3,297
2024,2,1715,绍兴文理学院元培学院,爱会消失对不队,3,297
2024,2,1717,济南大学,金仓鼠号驱逐舰,3,298
2024,2,1718,上海理工大学,夏雨了还好跑得快,3,299
2024,2,1719,南京理工大学泰州科技学院,amns,3,300
2024,2,1720,山东师范大学,铁匠铺,3,302
2024,2,1721,南昌理工学院,2024 南理 3 队,3,304
2024,2,1722,惠州学院,惠大诚意队,3,305
2024,2,1722,安阳工学院,求求给个名额吧,3,305
2024,2,1722,西华大学,疯狂星期四,3,305
2024,2,1725,西安邮电大学,中二病不想谈恋爱,3,308
2024,2,1726,青岛大学,语法错误,3,309
2024,2,1727,温州商学院,平A出暴击,3,310
2024,2,1728,浙江农林大学,教练我不想再WA了,3,312
2024,2,1729,东北林业大学,永远的三日天下,3,315
2024,2,1729,成都信息工程大学,晚风吹散余情,3,315
2024,2,1729,宁夏理工学院,真寻教,3,315
2024,2,1732,安徽师范大学,我们是暴力狂,3,318
2024,2,1732,西南科技大学,轻言轻语,3,318
2024,2,1732,温州大学,温大7队,3,318
2024,2,1735,潍坊学院,华哥打铁我拿铜,3,319
2024,2,1736,同济大学,翻斗花园宝宝,3,326
2024,2,1737,同济大学,题目真的好难队,3,327
2024,2,1737,南京大学,菜鸟,3,327
2024,2,1739,大连海事大学,~O~分队,3,331
2024,2,1740,河北工业大学,"猿神,启动",3,333
2024,2,1741,五邑大学,怎么找不到签到题,3,334
2024,2,1742,广西科技大学,嘶~这道题好像见过,3,335
2024,2,1742,兰州大学,失重队,3,335
2024,2,1744,南京工业大学,智程,3,336
2024,2,1745,大连理工大学盘锦校区,506-5的吗喽,3,337
2024,2,1745,四川师范大学,用队长单身10年换1金,3,337
2024,2,1747,南京工业大学,如果我是猫雷你会让我AC吗,3,340
2024,2,1748,哈尔滨学院,佚名,3,341
2024,2,1748,北京理工大学珠海学院,三个打铁酱,3,341
2024,2,1750,延安大学西安创新学院,键来,3,342
2024,2,1751,湖南人文科技学院,WA!真的是你呀,3,343
2024,2,1751,广东东软学院,为白雪染色,3,343
2024,2,1753,浙江育英职业技术学院,育英10086队,3,344
2024,2,1754,徐州工程学院,猫狗教主队,3,346
2024,2,1755,河北师范大学,喝水吃饭,3,348
2024,2,1756,成都锦城学院,我是大婶,3,351
2024,2,1757,西南科技大学,啊对对,3,359
2024,2,1758,广东理工学院,翻转,3,361
2024,2,1758,安阳师范学院,西天取金,3,361
2024,2,1760,浙江育英职业技术学院,怪兽打奥特曼,3,362
2024,2,1760,云南大学,Must be the right,3,362
2024,2,1762,哈尔滨理工大学(荣成),北部王者崛起,3,363
2024,2,1763,阜阳师范大学,年轻人不要老熬夜,3,364
2024,2,1764,中国计量大学现代科技学院,燃烧你的梦,3,365
2024,2,1765,湖北第二师范学院,宇宙超级无敌奶龙大帝,3,368
2024,2,1766,北方工业大学,起不出队名差点退役队,3,373
2024,2,1767,温州商学院,这是一个队名,3,374
2024,2,1768,中国地质大学(北京),黑编程·悟铜,3,376
2024,2,1768,曲阜师范大学,样例过了就是队,3,376
2024,2,1770,华南农业大学,主人说再ac一道就让我当杏怒,3,378
2024,2,1770,肇庆学院,北岭山下信步2,3,378
2024,2,1770,绍兴文理学院元培学院,三WA打碎AC梦,3,378
2024,2,1773,广东东软学院,WLW,3,379
2024,2,1774,中国科学技术大学,第111号练习队,3,381
2024,2,1774,江西师范大学,原来你也玩原神,3,381
2024,2,1776,韶关学院,我们打acm的要考虑的就多了,3,382
2024,2,1777,安阳师范学院,绫地宁宁0721,3,384
2024,2,1778,成都东软学院,一切皆有可能,3,386
2024,2,1779,吉首大学,做的都队,3,389
2024,2,1779,河南理工大学,Go back crychic,3,389
2024,2,1779,湘潭大学,黎明破晓,3,389
2024,2,1779,武汉轻工大学,所以我能AC对不,3,389
2024,2,1779,山东大学,新建文件夹,3,389
2024,2,1784,安徽财经大学,先交一发试试,3,392
2024,2,1785,北华大学,感觉不如DXX,3,393
2024,2,1785,陕西科技大学,ICPC-我挚爱的时光,3,393
2024,2,1787,浙江经贸职业技术学院,写给AYAKA的十四行诗,3,394
2024,2,1788,广州大学,能赢吗?会赢的!,3,395
2024,2,1789,怀化学院,怀化学院4队,3,396
2024,2,1790,海南大学,全甲野牛突袭派蒙,3,398
2024,2,1791,河南理工大学,"欧内该,如果罚时太高的话,瓦达西",3,399
2024,2,1792,阜阳师范大学,软舰攻城,3,401
2024,2,1793,上海海洋大学,海王,3,402
2024,2,1794,北京师范大学-香港浸会大学联合国际学院,"源码,启动!",3,403
2024,2,1795,南京邮电大学,njupt24team009,3,406
2024,2,1796,贵州师范大学,GZNU-1,3,408
2024,2,1797,湖北第二师范学院,梦之翼,3,409
2024,2,1797,大连理工大学,三人凑钱买黑神话悟空,3,409
2024,2,1799,南京邮电大学通达学院,广智!救我!,3,413
2024,2,1800,山东工商学院,样例过了就想对,3,414
2024,2,1801,西华大学,欲验盯帧队,3,416
2024,2,1802,安阳工学院,真男人,3,422
2024,2,1802,浙江科技大学,这是你起的名字吗,3,422
2024,2,1802,浙大城市学院,雨夹雪,3,422
2024,2,1802,山东科技大学,凤凰号,3,422
2024,2,1806,东华理工大学,东理二队,3,423
2024,2,1807,北京师范大学珠海校区,长指针不好么,3,424
2024,2,1808,香港大学,3RedRose,3,425
2024,2,1808,上海大学,我来助你!,3,425
2024,2,1810,中国石油大学(华东),中石大1953,3,427
2024,2,1811,西华大学,测评机不要给我wawa叫,3,428
2024,2,1812,南京工业大学,艺术代码,3,429
2024,2,1813,河南工程学院,那个队,3,430
2024,2,1814,江南大学,ak后坐力太大,3,432
2024,2,1815,安徽信息工程学院,拿铜就算胜利,3,433
2024,2,1816,广州软件学院,熊猫快跑,3,435
2024,2,1817,西南石油大学,算法本当上手,3,439
2024,2,1818,河南科技大学,农夫山泉,3,441
2024,2,1819,北京化工大学,我不在这队,3,444
2024,2,1819,中国矿业大学徐海学院,ccc,3,444
2024,2,1821,潍坊学院,不会做题怎么办,3,447
2024,2,1822,成都信息工程大学,3A,3,448
2024,2,1823,南昌大学,地球也包括我吗,3,450
2024,2,1824,东北林业大学,心里没有AC数,3,451
2024,2,1825,杭州电子科技大学信息工程学院,爱鸡TV之我不要爱我要麦,3,452
2024,2,1826,嘉应学院,随便吧,3,454
2024,2,1827,西北农林科技大学,老九农,3,455
2024,2,1828,西南科技大学,奶龙可爱多,3,462
2024,2,1829,天津仁爱学院,miku熬夜打XCPC,3,463
2024,2,1829,青岛大学,从不WAWA叫,3,463
2024,2,1829,宁波职业技术学院,不知道叫啥,3,463
2024,2,1832,华北科技学院,JILE,3,466
2024,2,1833,湖南人文科技学院,CTRL+C||V,3,467
2024,2,1833,青岛科技大学,图灵测试不及格,3,467
2024,2,1835,华中师范大学,天空没有极限,3,468
2024,2,1835,佛山大学,佛三大犇,3,468
2024,2,1835,乐山师范学院,不会dp,3,468
2024,2,1838,电子科技大学中山学院,中山学院5队,3,472
2024,2,1838,南京大学,庄里山代码骑士,3,472
2024,2,1840,河南工业大学,猪猪侠,3,474
2024,2,1840,温州大学,温大8队,3,474
2024,2,1842,江西师范大学,樱trick,3,476
2024,2,1843,同济大学,nbjsd,3,477
2024,2,1844,成都东软学院,唐人,3,478
2024,2,1845,湖北大学,你们都在坐牢对不队,3,486
2024,2,1845,广州华商学院,盛夏wa到寒冬,3,486
2024,2,1847,浙江工业大学之江学院,你说的都对,3,487
2024,2,1847,天津理工大学,(思考),3,487
2024,2,1849,吉首大学,啊对对对队,3,488
2024,2,1849,河北师范大学,两弹一星,3,488
2024,2,1849,中国科学技术大学,名字不,3,488
2024,2,1852,井冈山大学,罚时大王,3,490
2024,2,1853,成都信息工程大学,偷鸡小队,3,491
2024,2,1854,华东交通大学,汪汪队闯大祸,3,492
2024,2,1855,华南农业大学,华农8队,3,493
2024,2,1856,青岛大学,为青大之崛起而AC,3,494
2024,2,1857,江西财经大学,宝宝车,3,495
2024,2,1858,江西理工大学南昌校区,再多看一眼就AC,3,496
2024,2,1859,安徽信息工程学院,彩虹六号,3,498
2024,2,1859,南京师范大学,五月七,3,498
2024,2,1861,乐山师范学院,冬天不穿羽绒服,3,500
2024,2,1862,天津商业大学,绞尽脑汁想不出名的AC队,3,504
2024,2,1863,兰州理工大学,吴彦组,3,508
2024,2,1864,江西农业大学,LooksAmazing,3,509
2024,2,1865,江南大学,小猫怎么叫,3,510
2024,2,1865,曲阜师范大学,"夫人,别玩了,快和总裁回家作队",3,510
2024,2,1867,南阳理工学院,菜鸡只想签到队,3,511
2024,2,1868,南阳理工学院,清纯白毛萝莉队,3,512
2024,2,1869,苏州科技大学,#define 铁牌 金牌,3,513
2024,2,1870,重庆大学,分崩离析的网络赛之旅 第二季,3,518
2024,2,1870,山东工商学院,看什么呢快去做题啊,3,518
2024,2,1872,北京电子科技学院,该取个队名了,3,519
2024,2,1873,南京邮电大学,njupt24team014,3,522
2024,2,1874,湖南人文科技学院,该吃饭了,3,523
2024,2,1875,长春工业大学,风平浪静,3,525
2024,2,1876,哈尔滨工业大学(威海),"我们队名改成文化水平不高,不会起名吧",3,527
2024,2,1877,广州城市理工学院,I题怎么做,3,528
2024,2,1877,东北农业大学,心疼报名费,3,528
2024,2,1879,华南师范大学,代表月亮AC你,3,530
2024,2,1879,江苏海洋大学,01突破,3,530
2024,2,1881,西安理工大学,干嘛上早八,3,536
2024,2,1882,成都理工大学工程技术学院,可爱又迷人的反派角色,3,542
2024,2,1883,华东交通大学,憧憬成为人类社会非正常二次元算法领域大神,3,547
2024,2,1884,山东石油化工学院,露营甜点喝茶,3,553
2024,2,1885,深圳大学,ohimesama,3,569
2024,2,1886,南昌理工学院,2024 南理 1 队,3,570
2024,2,1887,河南理工大学,早就没时间了,3,581
2024,2,1888,莆田学院,好好好对!,3,584
2024,2,1889,山东财经大学,组了个队,3,589
2024,2,1890,中国矿业大学,啊对对队,3,594
2024,2,1891,新疆大学,再交一次,3,596
2024,2,1892,哈尔滨理工大学,哈理工2024Y05,3,598
2024,2,1893,河北经贸大学,可以随便都行,3,603
2024,2,1894,湖州师范学院,这东西,3,614
2024,2,1894,河南工程学院,海底小纵队,3,614
2024,2,1894,乐山师范学院,曾曾与他们的王,3,614
2024,2,1897,合肥大学,队友不要再编辑队名了!!!队友正在编辑中!!!,3,615
2024,2,1898,苏州大学,公主殿下天下第一,3,618
2024,2,1899,安徽大学,WhiteLoneliness,3,629
2024,2,1899,太原理工大学,明向故事,3,629
2024,2,1901,国防科技大学,菩提老组,3,631
2024,2,1902,暨南大学,"人生有梦,各自精彩",3,634
2024,2,1903,宁波工程学院,打不过虎先锋打ACM,3,635
2024,2,1904,北京师范大学-香港浸会大学联合国际学院,算不队,3,636
2024,2,1905,天津仁爱学院,真心为你,3,638
2024,2,1906,湖北大学,一题都做不队,3,644
2024,2,1907,成都东软学院,蛋黄瑞士卷,3,661
2024,2,1908,南昌航空大学,试了一次又一次,3,662
2024,2,1909,昆明理工大学,Kust_it,3,671
2024,2,1910,广东医科大学,代码粉碎机,3,676
2024,2,1911,乐山师范学院,无言以,3,683
2024,2,1912,临沂大学,曙光,3,696
2024,2,1913,乐山师范学院,墨码逸思队,3,707
2024,2,1914,合肥工业大学宣城校区,你随便取个吧,3,714
2024,2,1915,湖州师范学院,不eggy就404队,3,716
2024,2,1916,东莞理工学院,白毛小萝莉,3,728
2024,2,1917,甘肃农业大学,难,3,781
2024,2,1918,中国科学技术大学,汪汪队,3,797
2024,2,1919,安徽师范大学,雏鹰展翅,3,827
2024,2,1920,东南大学,#define,2,86
2024,2,1921,上海大学,天天ac,2,95
2024,2,1922,西安科技大学,纯情丁真会梦到锐刻五代吗?,2,97
2024,2,1923,天津工业大学,无厘头探险队,2,99
2024,2,1924,河北农业大学,Aurora-Become_algorithm_masters,2,101
2024,2,1925,西安工业大学,热身爆0~到了网络赛就拿出真本事,2,105
2024,2,1925,山东工商学院,打完就去考公,2,105
2024,2,1927,河南工程学院,凯旋梦之队,2,106
2024,2,1928,江汉大学,"各位,该起床了",2,107
2024,2,1929,湖北经济学院,来神了,2,108
2024,2,1930,香港科技大学(广州),据说队名起的很长就能取得非常优异的成绩,2,112
2024,2,1931,东北农业大学,WA自动急,2,114
2024,2,1931,聊城大学,"孩子们,熟读算竞36讲之三向解题法并反复抄写背诵大观",2,114
2024,2,1933,山东科技大学,阿瓦隆号,2,121
2024,2,1934,武汉大学,(qwq),2,122
2024,2,1934,南京大学,对的对的!哦不对不,2,122
2024,2,1936,河南工程学院,要不叫不会起名队,2,123
2024,2,1937,山东财经大学,楼上成绩均无效,2,125
2024,2,1938,湖北工业大学,猜不中球队,2,126
2024,2,1938,山东大学(威海),写蟒蛇写的,2,126
2024,2,1940,浙大宁波理工学院,我不明白,2,128
2024,2,1940,肇庆学院,北岭山脊吹风2,2,128
2024,2,1942,九江学院,我要拿铁牌,2,129
2024,2,1943,浙江育英职业技术学院,有点火热,2,132
2024,2,1944,福建理工大学,阴暗的爬行,2,134
2024,2,1945,东北林业大学,曼巴不淘汰,2,135
2024,2,1946,江南大学,兢兢业业打酱油,2,136
2024,2,1947,成都信息工程大学,人总要睡觉对不队,2,138
2024,2,1948,上海电力大学,样例过了怎么还WA,2,139
2024,2,1948,山东财经大学,交了不wa,2,139
2024,2,1950,河北工程大学,浑水摸鱼,2,140
2024,2,1951,合肥工业大学宣城校区,AC钙奶,2,141
2024,2,1951,中国矿业大学(北京),真理,2,141
2024,2,1953,石家庄铁道大学,崩坏:庄窠铁道,2,142
2024,2,1954,宁波大学,结束乐队,2,144
2024,2,1955,绍兴文理学院,诗人嘬德提姆握持,2,147
2024,2,1956,江西软件职业技术大学,尼卡暴动,2,150
2024,2,1956,江西农业大学,四元,2,150
2024,2,1958,淮北理工学院,二叉树,2,151
2024,2,1958,徐州工程学院,直播坐牢五小时,2,151
2024,2,1958,武汉轻工大学,鹏抟向日,2,151
2024,2,1961,新疆大学,猎户座,2,154
2024,2,1962,武昌理工学院,三个老登打不过icpc就去vctcn端大狙架中门,2,155
2024,2,1962,丽水学院,弈淡露临贺胡,2,155
2024,2,1964,郑州航空工业管理学院,败犬队友太多了,2,156
2024,2,1965,鲁东大学,洋芋罐头,2,157
2024,2,1966,东北师范大学,所有题都队,2,159
2024,2,1967,哈尔滨商业大学,对象崩溃了就再new一个,2,160
2024,2,1968,山东科技大学,银河号,2,162
2024,2,1969,河南师范大学,起名字真难啊,2,163
2024,2,1970,重庆大学,虫大三人行,2,166
2024,2,1970,中国矿业大学,wawa队立大功,2,166
2024,2,1970,同济大学,努力活着,2,166
2024,2,1973,湖南工业大学,青春猪头少年不会梦到acm金,2,167
2024,2,1973,西南财经大学,大伙都没想法那就随便吧,2,167
2024,2,1973,厦门大学,XMU04,2,167
2024,2,1976,浙江万里学院,用户请求的页面不存在,2,171
2024,2,1976,浙江科技大学,AC Maker,2,171
2024,2,1978,深圳大学,szu_queue,2,172
2024,2,1979,泉州师范学院,v,2,173
2024,2,1980,嘉应学院,从容应队,2,174
2024,2,1980,莆田学院,二十岁高龄半夜偷偷打cf,2,174
2024,2,1982,湖北第二师范学院,原神小伙不会梦到ICPC学姐,2,177
2024,2,1982,中国矿业大学(北京),涅凤,2,177
2024,2,1984,上海工程技术大学,"兄弟兄弟,你好香",2,178
2024,2,1985,江汉大学,我不是粥批,2,179
2024,2,1985,电子科技大学中山学院,中山学院7队,2,179
2024,2,1987,沈阳理工大学,两手操作,2,182
2024,2,1988,井冈山大学,灵魂莲华,2,184
2024,2,1989,湖州师范学院,鸟蛋花机沼钢,2,185
2024,2,1989,河南财经政法大学,白给小队,2,185
2024,2,1991,南阳理工学院,无敌美少女怒开三题,2,187
2024,2,1992,吉利学院,YoungKids,2,188
2024,2,1993,浙江工商大学,毅如既往,2,189
2024,2,1993,兰州大学,重生之甩走所有霉运,2,189
2024,2,1995,东莞理工学院,从菜鸡进阶到菜狗,2,194
2024,2,1995,中南民族大学,天下第一件好事还是罚坐,2,194
2024,2,1997,浙江工商大学,nia,2,196
2024,2,1997,宁波职业技术学院,重生之我在宁职敲代码,2,196
2024,2,1999,湖北大学,知识学爆,2,197
2024,2,2000,浙江万里学院,九月心碎男大QAQ,2,198
2024,2,2000,西南财经大学,宝宝巴士,2,198
2024,2,2002,泰州学院,对对队,2,199
2024,2,2002,江西师范大学,队名五个字,2,199
2024,2,2004,安阳工学院,丸辣守感布队,2,200
2024,2,2005,宁波大学,ACtor,2,202
2024,2,2006,河南工业大学,签到题也不对,2,205
2024,2,2007,兰州大学,天堂制造,2,206
2024,2,2007,北京建筑大学,高中喜欢做作业,2,206
2024,2,2009,浙江科技大学,蛋仔,2,209
2024,2,2010,五邑大学,东成村职业技术学院,2,210
2024,2,2010,宁波大学,完独紫,2,210
2024,2,2012,安阳工学院,吃吃喝喝棒棒队,2,212
2024,2,2013,乐山师范学院,怎么一个都不队,2,215
2024,2,2014,西安工业大学,"算竞不可以隔夜打,但今夜可以",2,216
2024,2,2015,惠州学院,暴力的神,2,218
2024,2,2015,湖州师范学院,好好好没事的,2,218
2024,2,2015,徐州工程学院,当个傻子也挺好,2,218
2024,2,2015,天津理工大学中环信息学院,这里底牌一张好,2,218
2024,2,2019,莆田学院,葡萄树下你和我,2,220
2024,2,2020,河南工学院,"窝窝头,一块钱四个,嘿嘿",2,221
2024,2,2020,杭州师范大学,Dev背叛了希嘉嘉,2,221
2024,2,2022,武汉商学院,求求你让我赢一次吧,2,222
2024,2,2022,青岛理工大学,醉里挑灯看键盘,2,222
2024,2,2024,河北师范大学,踏宇摘星,2,223
2024,2,2025,中国海洋大学,小弟膜拜膜拜你,2,224
2024,2,2025,浙江传媒学院,桥豆麻队,2,224
2024,2,2027,海南大学,洪志辉,2,225
2024,2,2027,石家庄铁道大学,"乐正司百曲,绫动万年红",2,225
2024,2,2029,佛山大学,歪比巴卜,2,226
2024,2,2030,中原工学院,马楼队,2,227
2024,2,2030,南阳理工学院,"能力越小,责任越小",2,227
2024,2,2030,南昌理工学院,2024 南理 5 队,2,227
2024,2,2033,浙江万里学院,不许WAWA叫,2,229
2024,2,2033,香港理工大学,gpt5,2,229
2024,2,2033,青岛农业大学,三枪为号,2,229
2024,2,2036,济宁医学院,济医1队,2,230
2024,2,2036,长沙师范学院,长沙不太热,2,230
2024,2,2036,江西财经大学,原来你也玩ACM,2,230
2024,2,2039,上海理工大学,AC小分队,2,231
2024,2,2040,中国计量大学现代科技学院,没有名字,2,233
2024,2,2040,长沙理工大学,认真的草率队,2,233
2024,2,2040,山东建筑大学,赛博黄帝,2,233
2024,2,2040,青岛大学,还我妈生牌,2,233
2024,2,2044,电子科技大学中山学院,中山学院6队,2,234
2024,2,2045,惠州学院,闪电苦力怕,2,235
2024,2,2045,华南师范大学,Whatcanisay,2,235
2024,2,2045,成都锦城学院,原神宇猿神,2,235
2024,2,2048,黑龙江科技大学,"我推的曼波爆吃0721次罚时,阿米诺斯",2,237
2024,2,2048,内蒙古大学,篮球和鸡,2,237
2024,2,2050,安阳工学院,我们好队,2,240
2024,2,2050,浙江育英职业技术学院,被队友背刺,2,240
2024,2,2052,梧州学院,"队友只要过题就好了,而我要考虑的就很多了",2,241
2024,2,2053,湖南工学院,布洛芬香菜,2,245
2024,2,2054,浙江工商大学,"水题有三宝,暴力随机和打表",2,246
2024,2,2055,浙江工商大学,空,2,250
2024,2,2056,哈尔滨理工大学,哈理工2024Y06,2,253
2024,2,2056,长沙师范学院,一题也不会,2,253
2024,2,2058,台州学院,自由之翼,2,256
2024,2,2059,惠州学院,感觉不如gc,2,257
2024,2,2060,嘉应学院,逆袭者,2,258
2024,2,2061,惠州学院,奋进小虎队,2,259
2024,2,2062,北京建筑大学,我爱玩原神,2,261
2024,2,2063,宁波大学,无敌原神大王,2,263
2024,2,2064,东北林业大学,半醉半醒半浮生,2,265
2024,2,2064,浙江机电职业技术大学,麦秋,2,265
2024,2,2064,陕西科技大学,深空试炼,2,265
2024,2,2067,浙江育英职业技术学院,队友带我飞,2,266
2024,2,2067,新疆大学,翻斗花园,2,266
2024,2,2069,西南财经大学,少年先疯队,2,267
2024,2,2069,上海工程技术大学,厉不厉害你技大,2,267
2024,2,2071,南阳理工学院,我觉得我写的对为什么不给我判队,2,268
2024,2,2071,兰州工业学院,舞萌笑传之凑凑币但因为要打a c m 凑不出来导致被滴蜡熊创进幻想乡只能和魔理沙过一辈子,2,268
2024,2,2073,北方工业大学,你说的队,2,269
2024,2,2073,安阳工学院,光靠干饭就队,2,269
2024,2,2073,山东建筑大学,只强,2,269
2024,2,2073,南昌大学,正统南大在南昌,2,269
2024,2,2077,湖南中医药大学,想不到,2,271
2024,2,2077,天津仁爱学院,墨白,2,271
2024,2,2079,贵州工程应用技术学院,三个臭皮匠,2,272
2024,2,2079,丽水学院,每天上早八,2,272
2024,2,2081,上海应用技术大学,遇到困难就是就是要睡大觉,2,273
2024,2,2082,天津仁爱学院,光之晨曦,2,275
2024,2,2083,河北民族师范学院,再打一万年,2,276
2024,2,2084,绍兴文理学院元培学院,蓝图测绘分队,2,278
2024,2,2085,东北石油大学,斗魂骇客,2,279
2024,2,2086,井冈山大学,啊对队对队,2,280
2024,2,2087,上海工程技术大学,ICU,2,282
2024,2,2088,临沂大学,青春猪头少年不会梦到一发AC,2,283
2024,2,2089,江苏理工学院,无不可能,2,284
2024,2,2090,广州城市理工学院,塞翁失码,2,286
2024,2,2090,南昌大学,对对队,2,286
2024,2,2092,北京电子科技学院,超级编编编,2,287
2024,2,2092,中南民族大学,私斋蒸鹅心,2,287
2024,2,2092,兰州理工大学,驼峰命名队,2,287
2024,2,2095,江南大学,成群结队,2,288
2024,2,2095,海南大学,放学后茶会,2,288
2024,2,2095,潍坊学院,书山压力大,2,288
2024,2,2098,长沙师范学院,和你凑一队,2,291
2024,2,2098,井冈山大学,啊对对队,2,291
2024,2,2100,南昌理工学院,2024 南理 4 队,2,292
2024,2,2101,华东理工大学,tan90,2,293
2024,2,2101,莆田学院,双枪一花队,2,293
2024,2,2103,武昌首义学院,你玩不玩原神,2,294
2024,2,2104,湖北中医药大学,原神我们遗弃,2,296
2024,2,2105,济宁医学院,济医3队,2,307
2024,2,2106,浙江工商大学,青春WA少年梦不到AC学姐,2,308
2024,2,2107,深圳理工大学,通通拿下,2,309
2024,2,2108,大连东软信息学院,拿个cu给学妹,2,310
2024,2,2109,常熟理工学院,面向样例的程序设计,2,311
2024,2,2109,莆田学院,南波万,2,311
2024,2,2111,南阳理工学院,今天开始我要自己上厕所,2,316
2024,2,2112,鲁东大学,金豹,2,319
2024,2,2113,哈尔滨商业大学,自由,2,325
2024,2,2114,嘉应学院,探险小分队,2,326
2024,2,2115,吉利学院,午饭没有抄damn,2,327
2024,2,2116,中国海洋大学,梦之队,2,328
2024,2,2116,山东科技大学济南校区,划鱼摸水,2,328
2024,2,2118,天津仁爱学院,吊五小队,2,332
2024,2,2118,江西财经大学,你不要给我WAWA叫,2,332
2024,2,2120,乐山师范学院,桃园三结义,2,335
2024,2,2121,沈阳航空航天大学,四级没过,2,338
2024,2,2122,上海大学,你说的不队,2,339
2024,2,2123,北京化工大学,重生之我真的是菜鸟,2,340
2024,2,2123,昭通学院,零剑,2,340
2024,2,2123,长春工业大学,我们做的全队,2,340
2024,2,2126,吉林建筑大学,错与队,2,344
2024,2,2127,东北大学秦皇岛分校,ollama,2,348
2024,2,2127,中国石油大学(北京)克拉玛依校区,阳光彩虹小白马,2,348
2024,2,2129,曲阜师范大学,"坚定初心,跟党走",2,350
2024,2,2130,中国矿业大学徐海学院,少年先疯队,2,353
2024,2,2130,南阳理工学院,这里是鹿队,2,353
2024,2,2132,青岛大学,从零开始的算法生活,2,355
2024,2,2133,安徽师范大学,就这么喜欢写代码吗?你这个小秃头,2,357
2024,2,2134,江苏理工学院,炫联轩队,2,364
2024,2,2135,江西师范大学,逐光,2,369
2024,2,2136,山东科技大学,奥德赛号,2,370
2024,2,2137,武汉轻工大学,李胡诚,2,376
2024,2,2138,北方工业大学,比完开派对,2,377
2024,2,2139,成都理工大学,求求你让我 ac 吧我什么都不会,2,385
2024,2,2139,四川现代职业学院,"不是哥们儿,你也没告诉我要打ICPC啊?",2,385
2024,2,2141,华北电力大学,键鼠调试小队,2,405
2024,2,2142,嘉兴大学,安稳睡大觉,2,406
2024,2,2143,香港城市大学(东莞),水灵灵,2,413
2024,2,2144,江西理工大学,样例过了就行,2,426
2024,2,2145,常州工学院,常工颜值巅峰,2,431
2024,2,2146,山西大学,这是一个团队,2,438
2024,2,2146,内江师范学院,我是闪电,2,438
2024,2,2148,上海应用技术大学,肘击队,2,442
2024,2,2149,上海纽约大学,上纽五队,2,443
2024,2,2150,深圳技术大学,想不出,2,449
2024,2,2151,共青科技职业学院,交啥都,2,488
2024,2,2152,湖北经济学院,东拼西凑,2,525
2024,2,2153,中国海洋大学,旺仔小分队,2,570
2024,2,2154,广州华商学院,皮匠队,2,1121
2024,2,2155,成都理工大学工程技术学院,深藏blue,1,5
2024,2,2155,太原理工大学,为嘛黄瓜绿,1,5
2024,2,2157,闽南师范大学,蝈棕是什么林,1,6
2024,2,2158,河南工程学院,算法败犬太多了,1,7
2024,2,2158,杭州电子科技大学信息工程学院,无尽的风之轨迹,1,7
2024,2,2158,广州大学,面硬加咸蔬菜加倍蒜末和油多多,1,7
2024,2,2158,上海理工大学,嘉日梦航 风起帆扬,1,7
2024,2,2158,闽南师范大学,哇酷哇酷わくわく,1,7
2024,2,2163,东北师范大学,不想只做签到捏,1,8
2024,2,2163,郑州经贸学院,海底小纵,1,8
2024,2,2163,成都东软学院,"你就是打了ACM,才变成这样的",1,8
2024,2,2163,天津仁爱学院,飞舞的,1,8
2024,2,2163,陕西科技大学,小豆泥也想拿奖,1,8
2024,2,2163,北京理工大学珠海学院,"好好学习,天天摸鱼",1,8
2024,2,2163,洛阳师范学院,打游戏能不能动动脑子?,1,8
2024,2,2170,广州城市理工学院,黑马喽,1,9
2024,2,2170,安阳工学院,OK感觉很队,1,9
2024,2,2170,成都锦城学院,你说的都队!,1,9
2024,2,2170,四川农业大学,塞伊格亚,1,9
2024,2,2170,山西大学,评测机算快点就不会TLE了,1,9
2024,2,2170,山东建筑大学,算法高手,1,9
2024,2,2170,厦门大学嘉庚学院,怎么就没活了,1,9
2024,2,2170,安徽工业大学,远古守护者,1,9
2024,2,2170,洛阳师范学院,"我都写程序了,你就让让我吧",1,9
2024,2,2170,丽水学院,学校的你进社会,1,9
2024,2,2180,湖南科技学院,清风明月,1,10
2024,2,2180,阜阳师范大学,碱基互补配队,1,10
2024,2,2180,中原工学院,一遍就队,1,10
2024,2,2180,浙江机电职业技术大学,可是我18岁,1,10
2024,2,2180,山东女子学院,鸡仔不错,1,10
2024,2,2180,北京理工大学珠海学院,三个人机,1,10
2024,2,2180,乐山师范学院,wrong不要紧,1,10
2024,2,2187,成都锦城学院,醉仙君,1,11
2024,2,2187,乐山师范学院,示例对跑不,1,11
2024,2,2189,广东海洋大学,AC全靠队友,1,12
2024,2,2189,东莞理工学院,萌新逐梦队,1,12
2024,2,2189,西南石油大学,不要找我玩什么原神我要学算法,1,12
2024,2,2189,武汉职业技术学院,关于成为垫子这件事,1,12
2024,2,2189,文华学院,今天的崩坏三是无敌的,1,12
2024,2,2194,华南师范大学,我不知道啊,1,13
2024,2,2194,东北电力大学,Bocchi the Rock!!!,1,13
2024,2,2194,中南民族大学,我和琪琪大宝贝们,1,13
2024,2,2194,内蒙古师范大学,萌新,1,13
2024,2,2198,江汉大学,"原神,启动!",1,14
2024,2,2198,惠州学院,我有一个馊主意,1,14
2024,2,2198,湖南理工学院南湖学院,海超人与大洋游侠还有派大星,1,14
2024,2,2198,河南工程学院,我们打酱油,1,14
2024,2,2198,广州城市理工学院,WA手动机,1,14
2024,2,2198,西南财经大学,不是哥们儿,1,14
2024,2,2198,成都锦城学院,没名字队,1,14
2024,2,2198,临沂大学,旋转楼梯,1,14
2024,2,2206,嘉应学院,重生还是菜鸡,1,15
2024,2,2206,河南师范大学,day day accepted,1,15
2024,2,2206,贵州工程应用技术学院,星与穹与萤火虫,1,15
2024,2,2206,山东工商学院,随机,1,15
2024,2,2206,内江师范学院,三只蒟蒻,1,15
2024,2,2206,南京航空航天大学,最后的胜利,1,15
2024,2,2212,北京化工大学,草莓.,1,16
2024,2,2212,惠州学院,惠大修身队,1,16
2024,2,2212,海南大学,略,1,16
2024,2,2212,桂林信息科技学院,我的研友不考研,1,16
2024,2,2212,广西民族大学,美少女先疯队,1,16
2024,2,2212,浙江工商大学,摸鱼队,1,16
2024,2,2212,泰州学院,Algorithm,1,16
2024,2,2219,桂林电子科技大学北海校区,笑口常开,1,17
2024,2,2219,中国民航大学,"这长江天险之后,便是江东铁壁!",1,17
2024,2,2219,盐城工学院,希望之翼,1,17
2024,2,2222,湖南警察学院,while(1)队,1,18
2024,2,2222,哈尔滨学院,哇嘞个亲娘嘞,1,18
2024,2,2224,北京工业大学,会员制餐厅,1,20
2024,2,2225,淮北理工学院,让妇女儿童先提交,1,21
2024,2,2225,贵州师范大学,GZNU-3,1,21
2024,2,2225,共青科技职业学院,GQKJ,1,21
2024,2,2225,沈阳农业大学,压力队友,1,21
2024,2,2229,河南工业大学,HOHO,1,23
2024,2,2229,河北经贸大学,大聪明队,1,23
2024,2,2229,贵州师范大学,GZNU-2,1,23
2024,2,2232,山东交通学院,来都来了,1,25
2024,2,2232,北京师范大学-香港浸会大学联合国际学院,丁禛与沸杨杨,1,25
2024,2,2234,莆田学院,蒙德烤wa配圣水,1,26
2024,2,2234,宁波诺丁汉大学,cipher,1,26
2024,2,2236,河南工程学院,请欣赏我的0721发wa题,1,29
2024,2,2237,成都东软学院,不时用c语言遮羞的败犬acmer们,1,31
2024,2,2238,河北农业大学,给队友端茶倒水,1,32
2024,2,2238,南京晓庄学院,关于我转生成为男生入住B区这件事,1,32
2024,2,2240,河南理工大学,我又又又红温了,1,33
2024,2,2241,湖南工程学院,卡题就去想别看难铜的队名,1,35
2024,2,2241,中国计量大学现代科技学院,不要指望我们,1,35
2024,2,2241,温州商学院,温商2队,1,35
2024,2,2241,南京邮电大学通达学院,会编程是什么感觉,1,35
2024,2,2245,华南师范大学,顺风顺水,1,36
2024,2,2245,桂林信息科技学院,"我卜怕,我能AK测试用例",1,36
2024,2,2245,上饶师范学院,无限循环,1,36
2024,2,2248,中国科学技术大学,卧龙派对,1,37
2024,2,2248,长沙师范学院,下一题,1,37
2024,2,2248,西南石油大学,"只AC,不WA,聪明dh也变傻",1,37
2024,2,2248,南阳理工学院,cheer不舍队,1,37
2024,2,2252,中国海洋大学,真难为我了,1,38
2024,2,2252,西南财经大学,先天坐牢圣体,1,38
2024,2,2252,青岛大学,哈吉米,1,38
2024,2,2255,江苏海洋大学,基因重组队,1,39
2024,2,2256,河北师范大学,九天揽月,1,40
2024,2,2256,太原理工大学,不想打铁,1,40
2024,2,2256,沈阳航空航天大学,张维涛,1,40
2024,2,2256,青岛大学,摸鱼队,1,40
2024,2,2260,中国海洋大学,一支队伍,1,42
2024,2,2260,泰州学院,bug终结者,1,42
2024,2,2262,上海大学,码猿,1,43
2024,2,2263,上海财经大学,吉吉蹦,1,44
2024,2,2264,浙江财经大学,Easy,1,45
2024,2,2264,上海财经大学,上财ICPC小组,1,45
2024,2,2266,江汉大学,"做的都会,蒙的全队",1,47
2024,2,2266,济宁医学院,济医2队,1,47
2024,2,2266,哈尔滨学院,爱会消失对不队,1,47
2024,2,2266,南京警察学院,翻斗花园突破手,1,47
2024,2,2270,河南工程学院,QQWMLL,1,48
2024,2,2271,成都锦城学院,"呆猫不爱吃鱼,爱破防",1,54
2024,2,2271,南昌大学,结束乐队,1,54
2024,2,2273,桂林信息科技学院,不玩原神导致的,1,57
2024,2,2274,湖北第二师范学院,快乐的,1,58
2024,2,2274,哈尔滨信息工程学院,回声浪潮,1,58
2024,2,2276,广州华商学院,头脑特工队,1,59
2024,2,2276,广东理工学院,逆天抽象队,1,59
2024,2,2276,金陵科技学院,荆轲,1,59
2024,2,2279,江汉大学,什么?又白给了?,1,60
2024,2,2279,运城学院,我做的都,1,60
2024,2,2279,山东工商学院,长赢,1,60
2024,2,2279,洛阳师范学院,打游戏还需要动脑子?,1,60
2024,2,2283,肇庆学院,北岭山阴纳凉2,1,61
2024,2,2284,浙江传媒学院,兔必南波万队,1,62
2024,2,2284,山东大学,朵拉找bug,1,62
2024,2,2286,嘉兴大学,86号奇迹,1,63
2024,2,2286,武汉商学院,码破苍穹,1,63
2024,2,2288,成都东软学院,开拓者,1,64
2024,2,2289,广州华商学院,啊对对,1,65
2024,2,2289,青岛大学,火烈鸟,1,65
2024,2,2289,内蒙古师范大学,诺伊曼,1,65
2024,2,2292,山东交通学院,三排上分,1,66
2024,2,2293,西安石油大学,能赢吗?会赢的,1,68
2024,2,2294,信息工程大学,并非不队,1,69
2024,2,2294,安徽师范大学,12345,1,69
2024,2,2296,嘉兴大学,a对对队,1,70
2024,2,2297,海南大学,顺从,1,71
2024,2,2298,香港理工大学,广东烟草,1,72
2024,2,2299,华北理工大学迁安学院,秦始皇的书同文怎么还没有推广到外国啊,1,73
2024,2,2300,桂林电子科技大学北海校区,随手ac,1,76
2024,2,2300,四川农业大学,青年先疯队,1,76
2024,2,2300,江苏理工学院,正在加载中...,1,76
2024,2,2303,天津仁爱学院,海绵小纵队,1,77
2024,2,2304,西南大学,sts,1,78
2024,2,2304,陕西科技大学,cv工程师,1,78
2024,2,2304,江西科技学院,咱们三,1,78
2024,2,2307,潍坊科技学院,样例过了就算对,1,83
2024,2,2308,广东海洋大学,拜托了过去吧,1,95
2024,2,2309,陕西科技大学,天地远行客,1,97
2024,2,2309,井冈山大学,众筹中,1,97
2024,2,2311,中国民航大学,to try you mind,1,104
2024,2,2312,南通理工学院,龙腾虎跃队,1,110
2024,2,2313,华北理工大学迁安学院,重生之我在迁院打ACM,1,114
2024,2,2314,共青科技职业学院,到此一游,1,116
2024,2,2315,桂林电子科技大学北海校区,给我开LONG LONG啊,1,118
2024,2,2316,中南民族大学,参加野宴的路上,1,129
2024,2,2317,上海建桥学院,建桥软工,1,132
2024,2,2318,天津仁爱学院,为了她,1,138
2024,2,2319,广东海洋大学,海洋,1,139
2024,2,2320,嘉兴大学,敌人崛起_我们倒下,1,143
2024,2,2321,广东理工学院,小兔崽小队,1,149
2024,2,2322,九江学院,星期四,1,154
2024,2,2323,广东技术师范大学,没有bug队,1,166
2024,2,2324,贵州工程应用技术学院,爱吃折耳根,1,170
2024,2,2325,陕西科技大学,码的都队,1,171
2024,2,2326,九江学院,"孩子们,我回来了",1,195
2024,2,2327,洛阳师范学院,伯乐夸我好码,1,208
2024,2,2328,南京传媒学院,"既见赛题,为何不败",1,218
2024,2,2329,广州城市理工学院,Logic先峰队,1,263
2024,2,2330,安徽师范大学,画个大饼,1,285
2024,2,2331,内蒙古师范大学,西雅图夜未眠,1,288
2024,2,2332,海南大学,奇迹代码队,1,323
2024,2,2333,安徽财经大学,青春代码侠队,1,361
2024,2,2334,中国海洋大学,混个综测分,1,365
2024,2,2335,桂林电子科技大学北海校区,聪哥和他的朋友,1,378
2024,2,2336,厦门理工学院,最鶸WEAKER,1,392
2024,2,2337,陕西科技大学,www,1,408
2024,2,2338,泰州学院,采收棒,1,422
2024,2,2339,陕西科技大学,陕科大第一混,1,448
2024,2,2340,中国海洋大学,输赢都去开派对,1,732
2024,2,,嘉兴大学,有请下一队,0,0
2024,2,,淮阴工学院,TOPC,0,0
2024,2,,华南师范大学,对对,0,0
2024,2,,华东理工大学,少女哭泣乐队,0,0
2024,2,,华东理工大学,蚌,0,0
2024,2,,湖南文理学院,诗人握持,0,0
2024,2,,北京大学,暂时不能给你明确的队名,0,0
2024,2,,湖南大学,Why Two Stars?,0,0
2024,2,,湖北工业大学,我们只是三个路过的假面acmer,0,0
2024,2,,湖北大学,负载均衡链路聚合,0,0
2024,2,,河南师范大学,逆命,0,0
2024,2,,杭州电子科技大学,杭电7队,0,0
2024,2,,韩山师范学院,爱莉希雅神教,0,0
2024,2,,海南大学,想你都对,0,0
2024,2,,海南大学,底特律:化身小登,0,0
2024,2,,哈尔滨信息工程学院,俺也一样,0,0
2024,2,,哈尔滨理工大学,哈理工2024Y02,0,0
2024,2,,北京大学,呆呆鸟,0,0
2024,2,,国防科技大学,万有引力号,0,0
2024,2,,北京大学,毕业旅游,0,0
2024,2,,广州华商学院,黎明之光,0,0
2024,2,,广东技术师范大学,阿伟从小就很可爱,0,0
2024,2,,福建农林大学,想打一辈子算法竞赛,0,0
2024,2,,东北农业大学,先WA后T再RE,0,0
2024,2,,东北大学秦皇岛分校,新建文本文档,0,0
2024,2,,珠海科技学院,魔法师,0,0
2024,2,,中南民族大学,都很好,0,0
2024,2,,中国石油大学(北京),献石油,0,0
2024,2,,中国石油大学(北京),大欧小叶mini李,0,0
2024,2,,中国矿业大学(北京),mmkv,0,0
2024,2,,中国科学技术大学,鱿好章坏,0,0
2024,2,,中国科学技术大学,可爱白毛萝莉,0,0
2024,2,,中国科学技术大学,Firezox,0,0
2024,2,,昭通学院,智慧树下智慧果,0,0
2024,2,,昭通学院,西红柿炒鸡蛋,0,0
2024,2,,长沙学院,名字好难取,0,0
2024,2,,长江师范学院,不惊,0,0
2024,2,,宜春学院,Running on test2,0,0
2024,2,,盐城工学院,脚踏实地,0,0
2024,2,,新疆大学,花开城南,0,0
2024,2,,香港科技大学(广州),网络一线牵,0,0
2024,2,,香港科技大学(广州),虫虫虫,0,0
2024,2,,香港科技大学,Oops,0,0
2024,2,,香港城市大学(东莞),港城莞二队,0,0
2024,2,,西南大学,说好的奖金呢,0,0
2024,2,,西南大学,Auto-C++,0,0
2024,2,,西北师范大学,哔站星幻流空在线征婚喵,0,0
2024,2,,西北师范大学,爱是一条漫长的路,0,0
2024,2,,西北工业大学,"金牌归来,发现妻女流落街头",0,0
2024,2,,西北工业大学,别人AC我们WA,0,0
2024,2,,西北工业大学,wanna be free,0,0
2024,2,,武汉商学院,汤姆布利柏,0,0
2024,2,,无锡学院,崔博,0,0
2024,2,,潍坊学院,7122二队,0,0
2024,2,,同济大学,开发9G,0,0
2024,2,,泰州学院,森林的祈祷,0,0
2024,2,,泰州学院,南波万,0,0
2024,2,,泰州学院,当然,0,0
2024,2,,泰山职业技术学院,无,0,0
2024,2,,太原理工大学,参宿一,0,0
2024,2,,石家庄铁道大学四方学院,凯旋梦之队,0,0
2024,2,,石河子大学,Eunoiay,0,0
2024,2,,沈阳航空航天大学,萌新,0,0
2024,2,,北京邮电大学,世界其实是一个巨大的华为手机,0,0
2024,2,,上海应用技术大学,永劫启动,0,0
2024,2,,上海应用技术大学,断翼,0,0
2024,2,,上海纽约大学,上纽三队,0,0
2024,2,,上海纽约大学,上纽二队,0,0
2024,2,,上海交通大学,夏日影,0,0
2024,2,,上海建桥学院,反卡姆布莱吉,0,0
2024,2,,山东石油化工学院,广智救我,0,0
2024,2,,山东科技大学济南校区,猪突猛进队,0,0
2024,2,,山东第一医科大学,乱对,0,0
2024,2,,山东大学(威海),听我说先别急,0,0
2024,2,,山东大学,山东大学深圳分校,0,0
2024,2,,山东大学,三个诸葛亮,0,0
2024,2,,清华大学,《我是大赢家》,0,0
2024,2,,青岛大学,熬走老东西成为青大一队,0,0
2024,2,,宁波诺丁汉大学,goCS,0,0
2024,2,,南通理工学院,山河,0,0
2024,2,,南开大学,为什么要演奏acm,0,0
2024,2,,南开大学,强基计划我爱你,0,0
2024,2,,南京信息工程大学,好喜欢小小 wyq,0,0
2024,2,,南京理工大学紫金学院,我要玩黑猴,0,0
2024,2,,南京理工大学,天和猫猫头,0,0
2024,2,,南昌理工学院,2024 南理 2 队,0,0
2024,2,,吕梁学院,好好学习,0,0
2024,2,,昆明理工大学,鹦鹉螺,0,0
2024,2,,江苏理工学院,从容应队,0,0
2025,1,1,北京大学,飞带不长队,11,952
2025,1,2,浙江大学,乘着西风出发喽,11,1077
2025,1,3,复旦大学,使题来袭╭(╯ε╰)╮AC力场全开,10,788
2025,1,4,北京大学,蒟蒻排队,10,849
2025,1,5,复旦大学,所以我们队名叫啥 [思考],10,893
2025,1,6,北京大学,抹茶小蛋糕,10,894
2025,1,7,清华大学,你们这是什么队啊,10,1031
2025,1,8,电子科技大学,UESTC_undefined_WiFi,10,1055
2025,1,9,清华大学,惊觉往事历历已经年,10,1079
2025,1,10,清华大学,有标号带花树计数,10,1113
2025,1,11,北京大学,你先别急,10,1149
2025,1,12,清华大学,Escape,10,1184
2025,1,13,北京大学,为你而来,10,1233
2025,1,14,哈尔滨工业大学,CQOI Flames,10,1241
2025,1,15,清华大学,零基础新生 1 队,10,1267
2025,1,16,南方科技大学,南方科技大学七队,10,1316
2025,1,17,清华大学,青一色,10,1379
2025,1,18,清华大学,雾里看花,10,1467
2025,1,19,香港科技大学(广州),因为太怕 WA 就全点大模拟了,10,1500
2025,1,20,清华大学,家里蹲,9,647
2025,1,21,复旦大学,倒头就睡,9,701
2025,1,22,中山大学,中山大学-打铁旅游,9,833
2025,1,23,杭州电子科技大学,2025杭电5队,9,848
2025,1,23,香港中文大学(深圳),Mynoghra,9,848
2025,1,25,中国科学技术大学,铜铜铜sahur,9,866
2025,1,26,南京大学,我们仍未知道那天所看见的acmer的名字,9,878
2025,1,27,香港中文大学,CUHK1,9,879
2025,1,28,西安交通大学,与蝶共舞 与花同寂,9,910
2025,1,29,清华大学,泰拉大陆打星队,9,973
2025,1,29,复旦大学,三棱镜,9,973
2025,1,31,复旦大学,五行缺金,9,1017
2025,1,32,清华大学,罚时小队,9,1018
2025,1,33,复旦大学,奶龙的小七,9,1030
2025,1,34,清华大学,摇奖出力,9,1032
2025,1,35,哈尔滨工业大学(深圳),潜水小怪,9,1057
2025,1,36,中山大学,中山大学-2333er,9,1065
2025,1,37,南京大学,CS-408,9,1073
2025,1,38,中山大学,中山大学-破晓之旅,9,1079
2025,1,39,浙江工业大学,25ZJUT1,9,1089
2025,1,40,清华大学,HFOI2018,9,1094
2025,1,41,清华大学,队仨,9,1121
2025,1,42,广东工业大学,打ACM导致的,9,1137
2025,1,43,电子科技大学,UESTC_十斤鸭梨,9,1146
2025,1,44,吉林大学,故障吉奇人,9,1151
2025,1,45,中山大学,中山大学-爱谁打谁打,9,1189
2025,1,46,武汉大学,秘封俱乐部,9,1195
2025,1,47,西安交通大学,过往的画面全都是我不队,9,1299
2025,1,48,北京航空航天大学,哟哟,9,1347
2025,1,49,哈尔滨工业大学(深圳),哈气五小时,9,1355
2025,1,50,北京航空航天大学,极危物种,9,1367
2025,1,51,西北工业大学,wanna be free,9,1483
2025,1,52,中山大学,中山大学-喵喵队想旷工,9,1509
2025,1,53,湖南大学,112358,9,1584
2025,1,54,中山大学,中山大学-中大25一队,8,388
2025,1,55,北京大学,小怪兽训练中心,8,466
2025,1,56,中山大学,中山大学-游客模式,8,472
2025,1,57,东北大学,东北大学_狐生一梦,8,478
2025,1,58,哈尔滨工业大学,哈工大ACM招新美女学姐即将跑路有意者私,8,589
2025,1,59,北京建筑大学,师从王津,8,642
2025,1,60,复旦大学,随机一个字符串得了,8,650
2025,1,61,上海交通大学,启明星,8,653
2025,1,62,杭州电子科技大学,2025杭电1队,8,659
2025,1,63,东南大学,薄暮冥冥,8,701
2025,1,64,中国人民大学,人大零队,8,706
2025,1,65,济南大学,花开之夜,8,714
2025,1,66,上海交通大学,霞染长空,8,719
2025,1,67,中山大学,中山大学-Ainbow,8,720
2025,1,68,上海交通大学,青蘋之末,8,740
2025,1,69,哈尔滨工业大学,你有一块真正的金牌吗,8,749
2025,1,70,中山大学,中山大学-无限天堂,8,779
2025,1,71,南京航空航天大学,空悲切,8,782
2025,1,71,浙江大学,北极星,8,782
2025,1,73,四川大学,球状闪电,8,786
2025,1,74,南方科技大学,南方科技大学六队,8,789
2025,1,75,北京航空航天大学,天铸币,8,812
2025,1,76,清华大学,《我是大赢家》,8,817
2025,1,77,浙江大学,十发罚时,8,845
2025,1,78,四川大学,超级洋医,8,857
2025,1,79,南京大学,呢喃得了mvp,8,863
2025,1,80,东北大学秦皇岛分校,三日凌空,8,871
2025,1,81,厦门大学,闪光春日影,8,876
2025,1,82,清华大学,B站多于20粉丝,8,887
2025,1,83,福州大学,福大1队,8,893
2025,1,84,西湖大学,world.execute(me),8,894
2025,1,85,复旦大学,AAA专业歪榜修正奶龙,8,897
2025,1,86,北京交通大学,BJTU01,8,913
2025,1,87,东南大学,三英荟寝室,8,916
2025,1,88,河南大学,自由发挥,8,926
2025,1,89,中国科学技术大学,中科大少女班代表队,8,929
2025,1,90,北京航空航天大学,克克莉丝豆泥咖波的幸福生活,8,939
2025,1,91,中国科学技术大学,故事的下一页,8,946
2025,1,92,华中科技大学,长夜杯空,8,955
2025,1,92,中国科学技术大学,无垠,8,955
2025,1,94,北京邮电大学,天绫绫地宁宁,8,966
2025,1,95,清华大学,Running on Test 826,8,977
2025,1,96,山东大学,SDU-ENG,8,978
2025,1,97,南开大学,比起xcpc我更喜欢拿铁(真的指咖啡),8,993
2025,1,98,上海交通大学,且歌,8,995
2025,1,99,浙江大学,石莓,8,1005
2025,1,100,哈尔滨工业大学(威海),昨日圆车,8,1007
2025,1,101,复旦大学,做AC梦,8,1023
2025,1,102,西安交通大学,齐宣王,8,1032
2025,1,103,北京邮电大学,此队伍名由AI生成,8,1034
2025,1,104,山东大学,应用随机过程,8,1041
2025,1,105,中山大学,中山大学-队,8,1051
2025,1,106,浙江大学,小蜜蜂,8,1053
2025,1,107,南方科技大学,南方科技大学二队,8,1054
2025,1,108,上海交通大学,空月之歌,8,1057
2025,1,109,浙江大学,幻想时刻,8,1064
2025,1,110,南京大学,黑骑士,8,1067
2025,1,111,西安电子科技大学,风起鹰翔,8,1073
2025,1,112,中南大学,老司机带带我,8,1077
2025,1,113,上海交通大学,华丽收场+,8,1083
2025,1,114,重庆邮电大学,蓝桥杯喵之队,8,1102
2025,1,115,北京理工大学,Penalty这么高它的意思一定是分数吧,8,1103
2025,1,116,中南大学,十四行诗十四行,8,1131
2025,1,117,清华大学,进行一个象的抽,8,1140
2025,1,118,西湖大学,开个爆裂黎明就过了,8,1150
2025,1,119,浙江大学,透明哀歌,8,1151
2025,1,120,南京大学,平流层,8,1154
2025,1,121,重庆邮电大学,罪人舞步旋,8,1158
2025,1,122,中国科学技术大学,6,8,1159
2025,1,123,华中科技大学,"昔之软糯者,已然逝去",8,1161
2025,1,124,电子科技大学,UESTC_Null_Pointer_Titans,8,1166
2025,1,125,湘潭大学,湘大一队,8,1169
2025,1,126,南京大学,随家仓,8,1208
2025,1,127,中山大学,中山大学-梦呓潮落,8,1217
2025,1,128,重庆大学,三模哈希米,8,1220
2025,1,129,复旦大学,心雨无声,8,1244
2025,1,130,西北工业大学,D.D.D.,8,1282
2025,1,131,广东工业大学,加睡,8,1307
2025,1,132,中国科学技术大学,冯诺曼波,8,1321
2025,1,133,中国人民大学,字节无虞,8,1396
2025,1,134,武汉大学,ACM也有小巧思吗,8,1508
2025,1,135,西安电子科技大学,咖啡馆的贴贴物语,8,1862
2025,1,136,浙江大学,快整点大英五,7,498
2025,1,137,上海纽约大学,小男娘,7,505
2025,1,138,电子科技大学,UESTC_雪色光晕,7,513
2025,1,139,华东理工大学,回响形态,7,538
2025,1,140,哈尔滨工业大学,北风与秋水,7,586
2025,1,141,香港科技大学(广州),#define long long long,7,589
2025,1,142,华中科技大学,糖果酱,7,602
2025,1,143,华南理工大学,"三蓝两题,铁定晋级",7,605
2025,1,144,同济大学,于‎ 离别之朝束起约定之花,7,606
2025,1,145,华中科技大学,零,7,607
2025,1,146,西安交通大学,天狼星的心脏,7,626
2025,1,147,东北大学,东北大学_实在不行输出随机数吧,7,631
2025,1,148,南京大学,RE的怪物正从窗边看着,7,644
2025,1,149,华南理工大学,袁宇阳粉丝团,7,647
2025,1,150,浙江理工大学,彰耗堡堡代我妃,7,664
2025,1,151,哈尔滨工业大学(威海),为帅比毕业老学长征婚QQ名“莱芜贝克汉姆”,7,667
2025,1,152,华南理工大学,散养走地鸡,7,678
2025,1,153,上海大学,树上猫猫头,7,679
2025,1,154,北京航空航天大学,口嗨战神,7,681
2025,1,155,清华大学,皮卡丘快想啊,7,683
2025,1,156,南京大学,点银成金,7,685
2025,1,157,浙江师范大学,我是猫娘,7,686
2025,1,158,中国石油大学(华东),UPC1953,7,690
2025,1,159,浙江工业大学,25ZJUT2,7,691
2025,1,160,中国人民大学,1+1,7,706
2025,1,161,武汉大学,西柚柠檬气泡水,7,711
2025,1,162,北京邮电大学,Synthesis,7,719
2025,1,163,上海理工大学,妈妈,7,725
2025,1,164,南京理工大学,你怎么知道我在四级考试得了433分,7,731
2025,1,165,长沙理工大学,流萤,7,734
2025,1,166,深圳大学,关注Akie秋绘谢谢喵~,7,736
2025,1,167,浙江师范大学,姜还是老的辣知道不,7,737
2025,1,168,西安交通大学,六兆年零一夜的 ACM,7,739
2025,1,169,江苏大学,我讨厌你,7,743
2025,1,169,福州大学,福大2队,7,743
2025,1,171,大连理工大学,dlut01,7,750
2025,1,172,中南大学,你抚琵琶奏琴弦,7,754
2025,1,172,电子科技大学,UESTC_3Fairies,7,754
2025,1,174,吉林大学,久世浮倾,7,762
2025,1,175,吉林大学,未来纵澜,7,763
2025,1,176,华东师范大学,"mex{fe,cu,ag}",7,767
2025,1,177,台州学院,三乌鲁鲁赌铜牌,7,777
2025,1,178,西安电子科技大学,什么都不会也能参加ACM吗,7,786
2025,1,179,中国地质大学(北京),我要玩丝之歌,7,790
2025,1,180,华中科技大学,再过一题,7,800
2025,1,181,华南农业大学,那一天的鬼火再响起来,7,801
2025,1,182,南京邮电大学,njupt25team005,7,807
2025,1,183,华南理工大学,喵喵队立大功,7,811
2025,1,184,哈尔滨工程大学,备用账号0721,7,813
2025,1,185,山东科技大学,柏林号,7,814
2025,1,186,四川大学,算法捕猎队,7,822
2025,1,187,杭州电子科技大学,2025杭电7队,7,823
2025,1,188,中国石油大学(华东),UPC1969,7,824
2025,1,189,哈尔滨工业大学(深圳),溢出,7,827
2025,1,189,同济大学,云开自天明,7,827
2025,1,189,湖南师范大学,师大玖队,7,827
2025,1,192,北京邮电大学,太空漫游999ms,7,831
2025,1,193,河南师范大学,起个简单点的吧,7,833
2025,1,194,南方科技大学,南方科技大学三队,7,837
2025,1,194,吉林大学,一发猜对,7,837
2025,1,196,西湖大学,志千帆,7,841
2025,1,197,北京邮电大学,我太想进步了,7,846
2025,1,198,东华大学,不可视境界线,7,848
2025,1,199,浙江农林大学,天河圣芒斩,7,852
2025,1,200,上海科技大学,"羽生萌萌香鱼子酱一个好名字可以让人记住你唉,唉唉",7,857
2025,1,201,南京大学,拂晓之刃,7,858
2025,1,201,华中科技大学,哈斯特坐牢领域大神,7,858
2025,1,203,中山大学,中山大学-寂静呼唤,7,859
2025,1,204,厦门大学,请输入文本,7,867
2025,1,205,厦门大学,随机增量,7,871
2025,1,206,绍兴理工学院,因为怕看不懂题就全点翻译了,7,879
2025,1,207,东南大学,西西弗斯,7,883
2025,1,208,中国石油大学(北京),自定义名称1,7,885
2025,1,209,南京大学,该名称已被占用,7,886
2025,1,210,山东大学,电话微波炉(暂定),7,887
2025,1,211,电子科技大学,UESTC_BYR,7,889
2025,1,212,南京大学,无名队,7,894
2025,1,213,华南师范大学,古嘉诚,7,898
2025,1,214,北京航空航天大学,双星很难吗?我rks12.66,7,900
2025,1,215,南方科技大学,南方科技大学五队,7,905
2025,1,216,兰州大学,迷途之子!!!,7,913
2025,1,217,哈尔滨工业大学(深圳),会赢吗?,7,914
2025,1,218,华南理工大学,Fast Fast TLE,7,918
2025,1,219,北京化工大学,北极熊,7,921
2025,1,219,重庆工程学院,重工一队,7,921
2025,1,221,成都信息工程大学,冰冷帝企鹅,7,923
2025,1,222,华南理工大学,失落之城,7,926
2025,1,223,同济大学,菜的 Fe 弃子队,7,932
2025,1,224,杭州电子科技大学,2025杭电8队,7,935
2025,1,225,北京理工大学,木叶三忍,7,939
2025,1,226,南开大学,难开题开题难,7,942
2025,1,227,电子科技大学,UESTC_等下掉线一会,7,945
2025,1,228,香港科技大学(广州),我坐戏子楼台前,7,952
2025,1,229,西安电子科技大学,无色透明,7,956
2025,1,230,中国人民大学,深睡眠,7,958
2025,1,230,暨南大学,没测样例就交,7,958
2025,1,232,西安交通大学,今日澄,7,960
2025,1,233,武汉大学,很弱的低手,7,963
2025,1,234,香港科技大学(广州),仲夏夜之金梦,7,964
2025,1,235,大连海事大学,躺平?加盐喵,7,972
2025,1,236,杭州电子科技大学,2025杭电6队,7,973
2025,1,237,北京理工大学,英文队名,7,974
2025,1,238,武汉大学,队名长度小于0,7,978
2025,1,239,中国科学技术大学,大吃大喝大队,7,979
2025,1,240,华南理工大学,天降之物,7,985
2025,1,241,中国科学技术大学,摸鱼之魂终将归来,7,986
2025,1,242,南京航空航天大学,hum,7,988
2025,1,243,南京邮电大学,njupt25team001,7,997
2025,1,244,上海交通大学,蛹,7,1005
2025,1,245,西北大学,忆月葬雪,7,1010
2025,1,245,东南大学,骆驼骆驼飞走了,7,1010
2025,1,245,湖南科技大学,湖南科大一队,7,1010
2025,1,248,中山大学,中山大学-345,7,1016
2025,1,249,中国矿业大学,抽奖,7,1017
2025,1,250,武汉纺织大学,2007,7,1019
2025,1,251,湖南城市学院,灰姑娘的故事,7,1021
2025,1,252,苏州大学,RE 手动机,7,1023
2025,1,252,南京邮电大学,njupt25team002,7,1023
2025,1,252,浙江大学,吃你家大米,7,1023
2025,1,255,南开大学,唯独可以做到的就是线段树,7,1024
2025,1,256,浙大城市学院,别碰我键盘,7,1027
2025,1,257,山东大学,海鸥灭火器,7,1032
2025,1,258,杭州电子科技大学,2025杭电16队,7,1035
2025,1,259,杭州电子科技大学,2025杭电3队,7,1036
2025,1,260,中山大学,一个小队,7,1038
2025,1,261,杭州电子科技大学,2025杭电2队,7,1040
2025,1,262,广东工业大学,螺旋上升,7,1043
2025,1,263,西安交通大学,这是一个ACM队,7,1051
2025,1,264,华中科技大学,stick16,7,1059
2025,1,265,中国地质大学(武汉),不可思议之国的爱丽丝正在梦游仙境,7,1068
2025,1,266,广州大学,西哈诺,7,1069
2025,1,267,北京交通大学,BJTU02,7,1079
2025,1,268,浙江理工大学,忍界鸽歌代我妃,7,1082
2025,1,269,山东大学,圆一定要是圆形的,7,1084
2025,1,270,北京科技大学,顽强报名奖,7,1088
2025,1,271,香港中文大学,超前部署,7,1097
2025,1,272,重庆科技大学,下午茶时间,7,1105
2025,1,273,福州大学,福大11队,7,1108
2025,1,274,东南大学,DNA计算,7,1111
2025,1,274,湖南科技大学,湖南科大二队,7,1111
2025,1,276,南京信息工程大学,奇异递归模板,7,1120
2025,1,277,华东师范大学,164ovo fan club,7,1127
2025,1,278,西北工业大学,阿比斯深渊,7,1144
2025,1,279,上海科技大学,惊天大涅槃,7,1150
2025,1,280,大连理工大学,这么六,7,1153
2025,1,280,华南师范大学,注意到用Zeta(1)表示素数阶乘的魔法,7,1153
2025,1,282,四川大学,猫鼬砼,7,1157
2025,1,283,西湖大学,轰炸机神学学院,7,1162
2025,1,284,浙江大学,歪比巴卜,7,1174
2025,1,285,西安理工大学,AC.cpp,7,1179
2025,1,286,中山大学,中山大学-永不倒闭,7,1180
2025,1,287,东北大学秦皇岛分校,最澄澈的空与海,7,1184
2025,1,288,东北大学秦皇岛分校,Fire Bird,7,1191
2025,1,288,武汉理工大学,不再曼波,7,1191
2025,1,290,北京理工大学,过了样例也不队,7,1197
2025,1,291,南京大学,最后一舞,7,1199
2025,1,292,电子科技大学,UESTC_在理工学校想邂逅艺术学妹搞错了什么,7,1209
2025,1,293,南京大学,点击输入队名,7,1215
2025,1,294,北京城市学院,Dreamfire,7,1222
2025,1,295,山东大学(威海),咕咕嘎嘎,7,1224
2025,1,296,四川大学,熊猫茶盐鸭,7,1228
2025,1,297,湖南师范大学,师大肆队,7,1230
2025,1,298,香港中文大学(深圳),禁忌「O(1)の弹幕结界」,7,1244
2025,1,299,华中科技大学,黄叶换秋色,7,1249
2025,1,300,中国科学技术大学,"25时,美食广场见。",7,1251
2025,1,301,重庆大学,次元沸腾,7,1255
2025,1,302,山东师范大学,爆零就去玩原神,7,1265
2025,1,303,河北师范大学,AAA校园卡诚招代理,7,1300
2025,1,304,长春理工大学,两人爬塔一人匡扶汉室,7,1338
2025,1,305,中国科学院大学,面无波澜,7,1760
2025,1,306,河南大学,不协和音程,6,534
2025,1,307,北京师范大学,数数又学学,6,539
2025,1,308,香港中文大学(深圳),正在验证该队是否是真人。,6,545
2025,1,309,南京大学,招魂时刻,6,553
2025,1,310,东北师范大学,运行错误,6,569
2025,1,311,南开大学,山西大学附属中学校,6,571
2025,1,312,西南民族大学,SMU2501,6,573
2025,1,313,中国计量大学,"兄弟,我还想拿牌",6,579
2025,1,314,南阳理工学院,"勤劳又勇敢的队长,为了团队的关键牌子,他做出了巨大的贡献,巨大的牺牲巨大的carry",6,584
2025,1,315,厦门理工学院,"这一次,我要夺回我失去的一切",6,593
2025,1,315,南京大学,九九,6,593
2025,1,317,清华大学,暴力都能队,6,609
2025,1,318,武汉大学,摇曳到软冬去露营,6,631
2025,1,319,南京理工大学,做题一定要AC,6,638
2025,1,320,复旦大学,启发式暴力,6,648
2025,1,321,电子科技大学,UESTC_EndlessEmbrace,6,653
2025,1,322,成都信息工程大学,冷焰,6,687
2025,1,323,南京航空航天大学,XML,6,695
2025,1,324,江南大学,你怎么知道队友六级423?,6,699
2025,1,325,暨南大学,Byd Fan Club,6,700
2025,1,326,西华大学,三只蒟蒻牛,6,706
2025,1,327,上海电力大学,沉入奈落之底,6,711
2025,1,328,深圳技术大学,SZTU_水银之毒,6,715
2025,1,329,中南大学,天堂鸟,6,720
2025,1,330,东莞理工学院,心态就是力量,6,721
2025,1,331,华东师范大学,"至此,一锤定音",6,726
2025,1,332,浙江师范大学,ACM(★)| 花开富贵(崭新出厂),6,732
2025,1,333,哈尔滨工业大学(深圳),从0开始的acm之路,6,733
2025,1,334,华北电力大学(保定),红绿色奶龙,6,735
2025,1,335,中山大学,中山大学-深度睡眠,6,743
2025,1,336,华中科技大学,长歌,6,749
2025,1,337,华中师范大学,兄弟我来助你,6,756
2025,1,338,天津大学,黄金9,6,757
2025,1,339,南京大学,Never break;,6,760
2025,1,340,北京交通大学,BJTU05,6,762
2025,1,341,东北大学,东北大学_软炸理计,6,763
2025,1,342,南京理工大学,太空猫猫头,6,770
2025,1,343,东北大学秦皇岛分校,恋的零次方,6,780
2025,1,344,华中科技大学,"我不到啊,听说有学分我就来了",6,785
2025,1,345,兰州大学,今晚来我床上打三国杀,6,790
2025,1,345,河南理工大学,春秋蝉鸣泣之时,6,790
2025,1,347,武汉理工大学,猫猫虫可爱捏,6,801
2025,1,347,四川大学,打ACM从没开心过,6,801
2025,1,349,杭州电子科技大学,2025杭电4队,6,803
2025,1,350,北京理工大学,哈基米哦南北绿豆啊西嘎哈呀库,6,804
2025,1,351,哈尔滨工业大学(深圳),不如加训,6,805
2025,1,352,云南大学,金银花,6,810
2025,1,353,浙大宁波理工学院,浙大宁理9队,6,816
2025,1,354,中国传媒大学,再演,6,818
2025,1,355,浙江工商大学,空花阳焰,6,822
2025,1,356,江西师范大学,梨蛋汤,6,830
2025,1,357,河南理工大学,呆头呆脑,6,833
2025,1,358,南京大学,不对不对哦对的对的,6,838
2025,1,358,中国农业大学,收割者,6,838
2025,1,360,哈尔滨工业大学(威海),神秘客,6,851
2025,1,361,北京师范大学,高坂丽奈还没投票,6,852
2025,1,362,南京信息工程大学,冰红茶说的都队,6,853
2025,1,363,电子科技大学中山学院,随便做都队,6,857
2025,1,364,南开大学,中文队伍名,6,861
2025,1,365,天津大学,^v^,6,862
2025,1,366,浙江师范大学,"不是我喜欢的题目,直接哈气",6,864
2025,1,367,山东理工大学,我每天打ACM也没上瘾啊,6,865
2025,1,367,北京科技大学,队友十年单身换区域赛银牌,6,865
2025,1,369,西安电子科技大学,憧憬成为ACM高手,6,866
2025,1,370,宁波大学,骨钉斩奎隆,6,877
2025,1,371,山东大学,我不曾忘记,6,887
2025,1,372,西安交通大学,锦筝叹,6,889
2025,1,373,香港理工大学,冲冲榜,6,895
2025,1,373,吉林大学,终焉夜雨,6,895
2025,1,375,广东外语外贸大学,广外2队,6,896
2025,1,375,中南大学,少猪哭泣乐队,6,896
2025,1,377,同济大学,广铁集团,6,898
2025,1,378,天津大学,WA自动机,6,910
2025,1,379,西南财经大学,狼狼狼,6,915
2025,1,380,浙大城市学院,云水璃灯外,6,916
2025,1,380,福建理工大学,福建理工大学1队,6,916
2025,1,382,安阳师范学院,舞舞舞,6,919
2025,1,383,西安电子科技大学,嘻小癫学院超自研,6,921
2025,1,384,清华大学,铸剑,6,922
2025,1,385,北京邮电大学,邮男之旅,6,925
2025,1,385,浙大宁波理工学院,浙大宁理8队,6,925
2025,1,387,浙江工商大学,珂朵莉,6,926
2025,1,387,南方科技大学,南方科技大学四队,6,926
2025,1,389,华南师范大学,侯俊宇,6,927
2025,1,390,北京航空航天大学,我队友得了MVP!,6,928
2025,1,390,哈尔滨工业大学,睡到自然醒,6,928
2025,1,392,湖南理工学院,君不见高堂评测悲全WA,6,935
2025,1,392,浙江科技大学,老人带新人,6,935
2025,1,394,浙江机电职业技术大学,机电1队,6,936
2025,1,395,南京农业大学,金草莓,6,944
2025,1,396,南京大学,不是解散了只是没人来,6,945
2025,1,396,北京邮电大学,LAA is ALL,6,945
2025,1,398,华南理工大学,不喝可乐,6,948
2025,1,399,电子科技大学,UESTC_______,6,956
2025,1,400,北京邮电大学,吃堡饱队,6,963
2025,1,401,南京大学,非空集合,6,964
2025,1,402,华中科技大学,终帆,6,965
2025,1,403,河海大学,从零开始的ACM生活,6,978
2025,1,404,华南理工大学,树上猫猫虫,6,979
2025,1,405,香港中文大学(深圳),"saber,saber,什么时候吃完饭",6,980
2025,1,406,深圳大学,太空曼波,6,981
2025,1,407,西安电子科技大学,喵亦或鱼,6,987
2025,1,408,中国人民大学,人咪小学,6,990
2025,1,409,北方工业大学,落榜程序员,6,997
2025,1,410,浙江工业大学,25ZJUT3,6,1000
2025,1,411,西安交通大学,不知道起什么就不起了吧,6,1001
2025,1,412,山东理工大学,"我是天选,也是唯一",6,1010
2025,1,412,南京信息工程大学,旧梦新章,6,1010
2025,1,414,河海大学,三重积分,6,1014
2025,1,414,宁波大学,泥巴动物园,6,1014
2025,1,416,中国科学院大学,原神启动队,6,1016
2025,1,416,同济大学,过了样例就算队,6,1016
2025,1,418,山东大学,"我推, 一分为二(",6,1017
2025,1,419,东南大学,听说只要会二分就来了,6,1020
2025,1,420,苏州大学,憧憬成为算竞糕手,6,1029
2025,1,421,江西农业大学,领航者,6,1035
2025,1,422,山东大学,山东大学的队伍,6,1044
2025,1,423,华南理工大学,请你吃好吃的,6,1061
2025,1,424,中国科学技术大学,爱吃绿色圆圈,6,1071
2025,1,425,东南大学,打CPC打的↑↓,6,1082
2025,1,426,南开大学,北闭小学旅游团,6,1083
2025,1,427,武汉纺织大学,我的青春AC果然物语,6,1091
2025,1,428,南京信息工程大学,那就先ai生成吧,6,1101
2025,1,429,武汉大学,菠萝催学,6,1105
2025,1,430,中央财经大学,被校名CuFe做局了,6,1117
2025,1,431,中山大学,中山大学-512526,6,1120
2025,1,432,中国科学技术大学,苕皮栈队,6,1122
2025,1,433,浙江工商大学,魔法火焰,6,1130
2025,1,434,北京理工大学,不要rua我喵,6,1137
2025,1,435,贵州大学,我要吃纸包鱼,6,1142
2025,1,436,上海科技大学,军训时在做什么?有没有空?可以来打ICPC网络赛吗?,6,1146
2025,1,437,莆田学院,中二病也要当A批,6,1161
2025,1,438,北京邮电大学,金牌厨师,6,1171
2025,1,439,安徽大学,众梦之聚,6,1210
2025,1,440,哈尔滨工业大学(威海),"WA,AC!",6,1239
2025,1,441,北京理工大学,动态树,6,1244
2025,1,442,湖南人文科技学院,队里有猫娘,6,1258
2025,1,443,哈尔滨工程大学,go学长带着瓦妈妈逃离三角洲去打舞萌,6,1270
2025,1,444,南京大学,哥布林重生,6,1298
2025,1,445,中国矿业大学(北京),Fortune,6,1306
2025,1,446,同济大学,Non-Trivial TLE,5,392
2025,1,447,北京理工大学,树状数组,5,395
2025,1,448,南京工程学院,队长说拿牌cos银狼,5,457
2025,1,449,浙大宁波理工学院,浙大宁理2队,5,466
2025,1,450,浙江育英职业技术学院,育英五队,5,477
2025,1,451,北京工业大学,铁牌也是牌,5,482
2025,1,452,深圳大学,扣1生成队名,5,483
2025,1,453,南京理工大学,彩虹猫猫头,5,492
2025,1,454,临沂大学,吾剑未尝不利,5,503
2025,1,455,中国地质大学(北京),打比赛进北大,5,508
2025,1,455,南京大学,悠扬华章,5,508
2025,1,457,青岛大学,月色回音,5,514
2025,1,458,福州大学,福大7队,5,516
2025,1,459,上海大学,i64,5,518
2025,1,459,广西大学,远航者的幻想乡,5,518
2025,1,461,华南农业大学,签完到就去出勤,5,524
2025,1,461,重庆邮电大学,蓝桥杯汪之队,5,524
2025,1,463,香港城市大学(东莞),"让我们说中文!欢迎来到 icpc 的世界,准备好成为 icpc 传奇了吗?",5,527
2025,1,464,中国石油大学(华东),UPC2005,5,538
2025,1,465,南阳理工学院,我们一直在哭,5,555
2025,1,465,南京工业大学,我太想进步了,5,555
2025,1,465,齐鲁工业大学,负重越野,5,555
2025,1,468,西南科技大学,我有一个小构思,5,556
2025,1,469,湘潭大学,湘大二队,5,558
2025,1,470,杭州电子科技大学,2025杭电10队,5,559
2025,1,471,中北大学,"ACMer转生,到了xcpc就拿出0721次罚时",5,560
2025,1,471,华东师范大学,去有风的地方,5,560
2025,1,473,四川大学,loveless,5,561
2025,1,474,浙江工商大学,猫猫骑士团,5,563
2025,1,474,深圳大学,待甲为四才弊,5,563
2025,1,476,中国传媒大学,风滚金轮草,5,564
2025,1,477,武汉大学,核心算法,5,565
2025,1,478,大连海事大学,雀魂低手,5,570
2025,1,479,安徽师范大学,天码行空,5,571
2025,1,480,浙江工业大学,25ZJUT6,5,576
2025,1,480,安阳工学院,摆烂摸鱼打铁队,5,576
2025,1,482,北京信息科技大学,"苯环,我将亲手操办你的退役仪式",5,577
2025,1,483,杭州电子科技大学,2025杭电11队,5,579
2025,1,484,郑州大学,郑大队伍5,5,580
2025,1,484,华中师范大学,射杀太阳,5,580
2025,1,486,北京林业大学,深度烧烤,5,581
2025,1,487,西北工业大学,众神眷恋的幻想乡,5,582
2025,1,487,华东师范大学,河西食堂转生队,5,582
2025,1,487,东华大学,"句点,终焉扭转",5,582
2025,1,490,河北工程大学,喵喵喵,5,583
2025,1,491,华南理工大学,走地鸡的幻想乡,5,585
2025,1,492,南京大学,会二分会图论会博弈论啥都会,5,586
2025,1,493,中国民航大学,四渡赤水2.0,5,587
2025,1,494,大连理工大学,dlut08,5,590
2025,1,494,华东理工大学,爸妈高兴的问我满屏红色是不是在炒股票队,5,590
2025,1,496,东南大学,悄然谜响,5,591
2025,1,497,广东工业大学,循序渐进,5,594
2025,1,498,西北工业大学,我野外生存把人<censored>了你<censored>过吗?,5,595
2025,1,499,长沙学院,我需要题目意思,5,596
2025,1,500,南京晓庄学院,让豆包生成一个,5,597
2025,1,500,苏州大学,WA了十发后TLE了,5,597
2025,1,502,南京航空航天大学,逸群之彦,5,598
2025,1,503,浙江工商大学,迷迭香_fan,5,599
2025,1,503,中国科学技术大学,"这一世,我转生到了ustc",5,599
2025,1,505,黑龙江大学,惊鸿萝莉来,5,602
2025,1,506,澳门大学,銀霜流萤,5,603
2025,1,506,同济大学,Islands,5,603
2025,1,508,浙大城市学院,"猫,架子与水杯",5,607
2025,1,508,华中农业大学,藏题的时候在干什么?能别笑吗?有点AC数吧,5,607
2025,1,510,汉江师范学院,未照耀的荣光,5,609
2025,1,511,浙江万里学院,久缚之茧,5,611
2025,1,512,江西师范大学,罚坐艺术家,5,616
2025,1,513,上海大学,我们仍未知道那天金牌题的做法,5,617
2025,1,514,湖南农业大学,会赢的,5,619
2025,1,515,东北大学秦皇岛分校,你从来没觉得打算法竞赛快乐过,5,623
2025,1,516,浙江工业大学,25ZJUT4,5,625
2025,1,517,华东理工大学,滴泛音特隆隆,5,626
2025,1,518,东北林业大学,其实我更会种树,5,628
2025,1,518,江西师范大学,Wrong_answer_on_test_1,5,628
2025,1,520,北京工业大学,队名,5,630
2025,1,520,天津工业大学,祥子帮帮写,5,630
2025,1,522,西安欧亚学院,略去过程QED,5,631
2025,1,523,湖北工业大学,Doro给你带了哦润吉,5,633
2025,1,523,河海大学,罚时之羽如深渊相伴 血色acm人生!,5,633
2025,1,523,上海科技大学,"scanf(""%s"", team)",5,633
2025,1,523,中南民族大学,二兆亿的流年,5,633
2025,1,523,东北大学,东北大学_Summer_Pockets,5,633
2025,1,528,哈尔滨工业大学,长崎不爽世-2,5,634
2025,1,529,郑州轻工业大学,最近公共祖先,5,635
2025,1,530,成都理工大学,我嘞个豆豆啊,5,636
2025,1,531,浙江育英职业技术学院,育英七队,5,641
2025,1,532,浙江师范大学,样例能过就AC,5,646
2025,1,533,深圳大学,多娜多娜~一起来打代码吧,5,647
2025,1,534,同济大学,春田花花,5,648
2025,1,535,浙江财经大学,浙江财经大学8队,5,649
2025,1,536,华中科技大学,再WA我要哈气了,5,650
2025,1,537,上海财经大学,我们AK ICPC,5,651
2025,1,537,西南大学,SWU_Mygo,5,651
2025,1,539,中南大学,听说有原石领我就来了,5,652
2025,1,540,湘潭大学,湘大三队,5,653
2025,1,540,浙江师范大学,未名征途烙星痕,5,653
2025,1,542,电子科技大学,UESTC_lyc_fan_club,5,654
2025,1,543,西南科技大学,植物大战僵尸,5,655
2025,1,543,清华大学,天宫抛物二世,5,655
2025,1,545,中国民航大学,星星之火,5,656
2025,1,546,中国科学院大学,健康的人类要冲出太阳系,5,657
2025,1,546,绍兴文理学院,大宝一刀把复杂度劈成O(1)了,5,657
2025,1,548,中国石油大学(华东),UPC1997,5,659
2025,1,549,河南农业大学,desuwa加队名后desuwa,5,660
2025,1,550,武汉大学,有个队友在机房睡了一暑假地铺,5,664
2025,1,551,武汉大学,哇多麼好的機會啊,5,667
2025,1,552,厦门大学,三占从二,5,668
2025,1,553,广东工业大学,qwq,5,670
2025,1,554,武汉理工大学,力扣大神,5,671
2025,1,555,集美大学,远方,5,672
2025,1,556,华南师范大学,江南行者,5,674
2025,1,557,东北大学,东北大学_你是一只猫娘,5,676
2025,1,558,北师香港浸会大学,Westlake Cufish,5,682
2025,1,558,惠州学院,时茧织光,5,682
2025,1,560,吉林大学,夏日空调幻想时刻,5,683
2025,1,560,厦门大学嘉庚学院,普通和理所当然是什么,5,683
2025,1,562,山东大学(威海),进击的奶龙,5,691
2025,1,562,湖南大学,凌空摘星,5,691
2025,1,564,上海海洋大学,牢铁传说之陨落的天才,5,693
2025,1,565,齐鲁工业大学,"还没到六点,早安你个头",5,694
2025,1,565,华东师范大学,例方体,5,694
2025,1,567,杭州电子科技大学,2025杭电9队,5,696
2025,1,567,北京化工大学,WA时在做什么,5,696
2025,1,569,中国矿业大学,宇宙兄弟,5,698
2025,1,570,福州大学,福大4队,5,700
2025,1,570,西南科技大学,植物大战僵尸 杂交版,5,700
2025,1,570,厦门大学,打铁还需自身硬,5,700
2025,1,573,香港科技大学(广州),无限罚时制,5,701
2025,1,574,山东大学,wa自动机,5,702
2025,1,575,西南民族大学,SMU2504,5,703
2025,1,575,湖南科技大学,湖南科大三队,5,703
2025,1,577,华中科技大学,真的没摆烂,5,704
2025,1,577,东北大学,东北大学_氕氘氚氦氖氩氪氙氡鿫,5,704
2025,1,579,大连理工大学,逆元,5,708
2025,1,579,安阳工学院,让我AC好不好,5,708
2025,1,581,西北工业大学,学1维数组写2次剩余运行4次得8个警告16个错误余32根头发,5,711
2025,1,581,齐鲁工业大学,江盼流星雨,5,711
2025,1,583,同济大学,路边三条,5,713
2025,1,583,华南师范大学,一路向南,5,713
2025,1,583,中国科学技术大学,调试鸭,5,713
2025,1,586,四川大学,今晚来我床上打舞萌中二,5,717
2025,1,587,南京邮电大学,njupt25team006,5,718
2025,1,588,电子科技大学,UESTC_MatchaParfait,5,719
2025,1,588,华南农业大学,三个键盘手也能组一辈子的乐队吗,5,719
2025,1,590,中国科学技术大学,氯化银,5,720
2025,1,590,信息工程大学,新旬拔队,5,720
2025,1,592,青岛大学,水天一色,5,721
2025,1,592,西华大学,鸡蛋糕,5,721
2025,1,594,浙江工商大学,男生ACM单字极品ID,5,723
2025,1,594,鲁东大学,三只珍妮,5,723
2025,1,596,杭州师范大学,星弈,5,725
2025,1,596,贵州师范大学,GZNU1队,5,725
2025,1,598,上海大学,蒟蒻联盟,5,726
2025,1,599,深圳大学,青春5d0学姐不会梦见ACM少年,5,727
2025,1,600,武汉科技大学,赤色风铃,5,728
2025,1,601,东南大学,梦想成为算法少女,5,730
2025,1,602,华中师范大学,"我重生了,这一世我要拿北京金牌娶回zzz",5,732
2025,1,603,上海第二工业大学,9,5,733
2025,1,604,上海科技大学,队名++;,5,734
2025,1,605,广州大学,比赛时在做什么?有没有AC?可以来debug吗?,5,744
2025,1,606,江南大学,我79连上网了 切不动题就用电网惩罚全场,5,748
2025,1,607,北京交通大学,BJTU03,5,750
2025,1,607,华东交通大学,真的想不到队名了,5,750
2025,1,609,中国科学技术大学,Straight into the ACs,5,751
2025,1,609,南开大学,缺乏灵感的菇,5,751
2025,1,611,西北工业大学,总湿摇篮,5,755
2025,1,612,四川大学,你们在干什么喵?在罚时喵!补药罚我时喵!,5,756
2025,1,613,浙江理工大学,"兄弟,你怎么还在WA",5,757
2025,1,614,中国传媒大学,葬送的acmer与香辛料,5,759
2025,1,614,浙江师范大学,我将以猫形态出击 Gundam Cat,5,759
2025,1,614,南京农业大学,没有人比我更懂AC,5,759
2025,1,617,沈阳理工大学,Silvercloud Dreamer,5,764
2025,1,617,香港中文大学,碼倍強勁,5,764
2025,1,619,北京邮电大学,RE冒号0,5,765
2025,1,619,天津大学,【已被标记为菜鸡】,5,765
2025,1,621,中国科学技术大学,奶龙说的dei,5,766
2025,1,621,香港中文大学(深圳),AC娘单推人,5,766
2025,1,621,成都信息工程大学,还在为她患得患失吗,5,766
2025,1,621,上海大学,对对对,5,766
2025,1,625,山东科技大学,渡鸦号,5,767
2025,1,626,南昌航空大学,"那一天的算法,算法起来",5,768
2025,1,627,杭州师范大学,哈哈请冷静,5,769
2025,1,627,郑州轻工业大学,咪啪啊呜Ciallo喵~,5,769
2025,1,627,西南交通大学,蘑女日常,5,769
2025,1,630,武汉科技大学,样例过了就AC,5,770
2025,1,631,深圳大学,只是参加xcpc就被管家打断了双腿,5,771
2025,1,632,南昌大学,雪月花,5,772
2025,1,633,中南林业科技大学,CSUFT1,5,775
2025,1,634,成都理工大学,国际漫游,5,779
2025,1,635,厦门大学,搏至无憾,5,780
2025,1,636,浙江师范大学,面向样例贪心,5,781
2025,1,637,香港科技大学(广州),那很有生活了,5,782
2025,1,638,南开大学,可以和我打一辈子acm吗,5,785
2025,1,639,中国传媒大学,return inv(wa);,5,787
2025,1,640,杭州师范大学,去玛尼那买只小鸡取名叫AC,5,788
2025,1,640,中国计量大学,樱梦殇,5,788
2025,1,642,杭州电子科技大学,2025杭电12队,5,789
2025,1,643,商丘师范学院,重在参与队,5,790
2025,1,644,福州大学,福大9队,5,795
2025,1,644,中南大学,go学长拒绝wa学弟,5,795
2025,1,646,中国科学技术大学,天宁花苑队,5,796
2025,1,647,上海大学,全做不队,5,797
2025,1,648,长安大学,斑斓色彩,5,800
2025,1,649,哈尔滨工业大学,长崎不爽世-1,5,801
2025,1,650,哈尔滨工业大学,想成为人类-2,5,816
2025,1,650,广东东软学院,再拿一个银她就会回来找我,5,816
2025,1,652,杭州师范大学,尽欣杰力还是做不到吗,5,819
2025,1,653,温州商学院,恭喜以上队伍获奖,5,822
2025,1,654,广东工业大学揭阳校区,彼岸之约,5,824
2025,1,655,信息工程大学,重生之我在信大,5,828
2025,1,656,太原理工大学,"我有一个绝妙的算法,但空白处太少,我写不下",5,829
2025,1,657,杭州师范大学,楚庾风月,5,830
2025,1,658,上海科技大学,南泵,5,833
2025,1,659,长江大学,长夜未央,5,834
2025,1,660,电子科技大学中山学院,超级卡比呆猫在ICPC现场推广错误贪心,5,837
2025,1,660,华南农业大学,想队名这种事情不要啊,5,837
2025,1,662,兰州大学,樱井鹿初雪,5,840
2025,1,663,珠海科技学院,莫队到底对不对,5,847
2025,1,663,中国农业大学,CAU_CiAllo University,5,847
2025,1,665,四川农业大学,我们有铁牌,5,848
2025,1,666,安徽大学,"顺境吃圆博,逆境洗澡澡,绝境靠建强",5,849
2025,1,667,安徽大学,喵喵喵~,5,850
2025,1,668,湖州师范学院,哦!只因多!!!,5,853
2025,1,669,北京工业大学,双翼翱翔,5,855
2025,1,669,东南大学,汪汪队,5,855
2025,1,669,上海科技大学,WACMLE,5,855
2025,1,672,江苏大学,Null,5,859
2025,1,672,山东理工大学,果宝特攻,5,859
2025,1,674,成都锦城学院,樱花泪,5,861
2025,1,675,河南师范大学,天天向上,5,862
2025,1,675,江西财经大学,阳光彩虹不白码,5,862
2025,1,677,西安电子科技大学,"GXB,我们喜欢你",5,866
2025,1,678,暨南大学,卡常概念神人们,5,868
2025,1,679,南京信息工程大学,异世界编程使者,5,871
2025,1,680,大连理工大学盘锦校区,亡命之徒,5,877
2025,1,681,山东农业大学,人闲桂花落,5,878
2025,1,682,湖南涉外经济学院,俩菜一蛋,5,881
2025,1,683,吉林大学,栈深不知处,5,883
2025,1,684,山东大学(威海),ACM笑传之冲冲榜,5,890
2025,1,685,四川大学,想学水利水电工程,5,892
2025,1,686,电子科技大学,UESTC_封榜后北伐,5,894
2025,1,687,天津大学,玩三角洲玩的,5,896
2025,1,688,哈尔滨工程大学,Cia修啊噗llo派~(∠・ω< )⌒☆,5,899
2025,1,689,陕西师范大学,恒卷时刻,5,903
2025,1,690,北京林业大学,万一给我们创对了呢,5,904
2025,1,691,浙江科技大学,看不懂英文,5,909
2025,1,692,合肥工业大学,合工大1队,5,911
2025,1,693,杭州师范大学,调和线束,5,919
2025,1,694,香港科技大学(广州),火龙果队,5,921
2025,1,695,深圳技术大学,SZTU_云中锦书,5,922
2025,1,696,沈阳师范大学,"今夜,星光灿烂",5,923
2025,1,697,同济大学,重生之不可以总司令,5,926
2025,1,698,山东管理学院,暮光闪闪,5,927
2025,1,699,湖北大学,涉海蜉蝣,5,929
2025,1,700,成都东软学院,到底是谁过了英语四级啊,5,935
2025,1,701,华东师范大学,combo,5,957
2025,1,702,郑州大学,郑大队伍6,5,964
2025,1,703,成都信息工程大学,鼠鼠大王,5,966
2025,1,704,中南民族大学,offer四面八方来,5,967
2025,1,705,天津工业大学,良田满穗,5,972
2025,1,706,中国矿业大学,三只煤球想成金,5,974
2025,1,707,华中科技大学,本队名因违规已被删除,5,984
2025,1,708,广东技术师范大学,阿伟从小就很可爱,5,986
2025,1,709,武昌首义学院,数论能不能放过我这一次,5,1000
2025,1,710,中国科学技术大学,失去梦想变成猫猫猫,5,1003
2025,1,711,兰州大学,黄河远上白云间,5,1016
2025,1,712,新疆大学,宝宝呼啦圈,5,1018
2025,1,713,重庆邮电大学,流离之人追逐幻影,5,1025
2025,1,714,合肥大学,Amusing Cat,5,1032
2025,1,715,西南科技大学,香尼乐铁汁,5,1042
2025,1,716,兰州大学,驾着马车的OIer,5,1044
2025,1,717,福建师范大学,π的暗面,5,1060
2025,1,718,浙江广厦建设职业技术大学,歪比巴卜,5,1065
2025,1,719,重庆城市科技学院,冰舞的祈愿,5,1073
2025,1,720,哈尔滨理工大学,HRBUST1,5,1095
2025,1,721,大连理工大学,dlut02,5,1104
2025,1,722,南京信息工程大学,鲤鱼移动的速度是二米每秒,5,1105
2025,1,723,香港科技大学(广州),请输入文本,5,1106
2025,1,724,广东工业大学,呜哇,5,1117
2025,1,725,云南大学,/kill @e,5,1127
2025,1,726,中国石油大学(华东),UPC2053,5,1129
2025,1,727,华南农业大学,比赛没一个是醒的,5,1131
2025,1,728,大连理工大学,dlut04,5,1133
2025,1,729,中国科学技术大学,静蓝,5,1136
2025,1,729,怀化学院,又幻想了,5,1136
2025,1,731,长沙理工大学,神马都是浮云,5,1139
2025,1,732,南通大学,复制粘贴,5,1204
2025,1,733,浙大城市学院,二三四,5,1205
2025,1,734,中国矿业大学,不想仅通过样例,5,1206
2025,1,735,新疆大学,宝了个贝的,5,1258
2025,1,736,成都大学,妹相随~黑白世界的缤纷冒险~,5,1293
2025,1,737,中国科学院大学,红雨瓢泼泛起了回忆怎么潜,4,220
2025,1,738,汕头大学,黑手冲锋队,4,224
2025,1,739,北京林业大学,创4我算了,4,257
2025,1,740,阜阳师范大学,爆裂黎明,4,271
2025,1,741,山东大学,不万元申万的,4,282
2025,1,742,西安邮电大学,网络赛,4,287
2025,1,742,南京邮电大学,njupt25team003,4,287
2025,1,744,吉林大学,火箭毛毛虫,4,289
2025,1,745,青岛理工大学,哈气之路,4,291
2025,1,746,山东理工大学,唐龙历险记,4,303
2025,1,747,山东理工大学,熵减新生,4,304
2025,1,748,天津大学,调一下午还不队,4,317
2025,1,749,上海海事大学,放学后Algorithm time,4,328
2025,1,750,山东大学,分形黄昏,4,329
2025,1,751,山东理工大学,夜航星,4,330
2025,1,752,华东师范大学,在上海天文馆会遇到临港小企鹅吗,4,333
2025,1,753,河北工业大学,曼波曼波,4,334
2025,1,754,西南民族大学,SMU2502,4,339
2025,1,755,河南大学,雨,4,340
2025,1,756,江西财经大学,关注红烧猪猪头喵,4,342
2025,1,756,福州大学,福大3队,4,342
2025,1,758,北京邮电大学,MC启动,4,343
2025,1,758,北京师范大学,poly狗,4,343
2025,1,760,济南大学,风鹏万里,4,345
2025,1,761,河北工业大学,三年级,4,346
2025,1,762,南京信息工程大学,今天也是随机做题的一天,4,348
2025,1,763,广州大学,无条件相信草神,4,350
2025,1,763,常熟理工学院(苏州工学院),菜狗之我要重生,4,350
2025,1,765,西南交通大学,天地一家大爱盟,4,351
2025,1,766,三峡大学,三大1队,4,352
2025,1,767,杭州师范大学,散落飘零,4,354
2025,1,768,华中农业大学,闪光袋鼠哥哥,4,355
2025,1,769,福州大学,福大5队,4,356
2025,1,770,浙江科技大学,土申王,4,359
2025,1,771,南京工业大学,AC一题就算win,4,360
2025,1,771,南通大学,屠零,4,360
2025,1,773,华中科技大学,仿生Huster会梦见电子野猪吗,4,362
2025,1,774,河南农业大学,压缩猫饼,4,363
2025,1,775,浙大城市学院,AC控,4,366
2025,1,775,广西师范大学,哦吼吼吼吼吼,4,366
2025,1,775,辽宁大学,月影宵行,4,366
2025,1,778,西南交通大学,西南交舞萌dx同好会,4,367
2025,1,779,青岛理工大学,把我的汉堡还给我!,4,369
2025,1,779,南京师范大学,反抗勾勾联盟,4,369
2025,1,779,山东大学,1010011010演都不演了,4,369
2025,1,779,上海科技大学,不知道什么队,4,369
2025,1,783,江苏科技大学,样例能过我就交,4,370
2025,1,784,莆田学院,口胡金牌题,4,371
2025,1,785,河南理工大学,蛋仔派队,4,373
2025,1,786,天津大学,WA不哇塞,4,376
2025,1,787,浙江工商大学,为什么大家都在膜拜吴神因为他帅,4,377
2025,1,788,云南大学,维什戴尔实在是太吃操作了,4,379
2025,1,788,杭州电子科技大学,2025杭电13队,4,379
2025,1,790,延安大学西安创新学院,BY.小羊驼,4,380
2025,1,790,中国矿业大学(北京),云淡风清,4,380
2025,1,792,浙江农林大学,Blessing,4,381
2025,1,793,南京邮电大学,njupt25team004,4,384
2025,1,793,西南科技大学,No Responds,4,384
2025,1,793,淮北理工学院,来我淮理玩吖,4,384
2025,1,796,南昌航空大学,无牌不叫,4,385
2025,1,797,南京工业大学,做AK梦,4,386
2025,1,798,湖南财政经济学院,死手快敲,4,387
2025,1,799,武汉大学,永恒的武汉大学,4,388
2025,1,800,南京航空航天大学,星群,4,389
2025,1,801,北京邮电大学,我不道啊,4,390
2025,1,802,东北师范大学,重生成为侠盗猎车手在斯普拉遁狩猎历战黑蚀龙,4,391
2025,1,803,北京林业大学,助力六级听力全队,4,392
2025,1,803,西南石油大学,swpu_1,4,392
2025,1,803,大连民族大学,该起队名了,4,392
2025,1,806,哈尔滨工程大学,恩师可爱柚子厨(空间已更新)(已有闺),4,394
2025,1,807,电子科技大学,UESTC_DebugSimulator,4,395
2025,1,807,浙江农林大学,计算练习生^_^,4,395
2025,1,807,西南民族大学,SMU2503,4,395
2025,1,810,东北大学,东北大学_我都可以,4,398
2025,1,811,扬州大学,柚子醋蒸虾头,4,399
2025,1,812,长江大学,破晓,4,400
2025,1,812,中国矿业大学(北京),北矿九队,4,400
2025,1,814,南京信息工程大学,想想,4,401
2025,1,815,陕西师范大学,飞天猛威龙带着乌蒙吃和旮旯给木大神在ICPC里摸金,4,402
2025,1,815,重庆移通学院,願いが叶う場所,4,402
2025,1,817,鲁东大学,"愿此行,终抵群星",4,403
2025,1,818,广东工业大学揭阳校区,深度优先睡眠,4,406
2025,1,819,大连理工大学,我将点燃大海,4,407
2025,1,820,中国地质大学(北京),O泡果奶要要要,4,408
2025,1,820,合肥大学,好心态确定一生,4,408
2025,1,822,武汉理工大学,灵感枯竭,4,409
2025,1,822,西北大学,生命诞生于运动,4,409
2025,1,824,北京邮电大学,以上队伍通过图灵测试,4,410
2025,1,825,山东大学(威海),AC自动基米,4,411
2025,1,825,广东外语外贸大学,广外1队,4,411
2025,1,827,南通大学,通脑,4,412
2025,1,827,华南农业大学,没那么对,4,412
2025,1,829,郑州轻工业大学,石中剑,4,413
2025,1,830,东北大学,东北大学_College_Coding_Boys,4,414
2025,1,830,郑州经贸学院,阿比盖尔之花,4,414
2025,1,832,长安大学,重生之憧憬成为菜狗,4,415
2025,1,832,武汉理工大学,WA出三室一厅,4,415
2025,1,832,河南大学,好想玩道德与法治6,4,415
2025,1,835,青岛理工大学,一键三连了,4,416
2025,1,835,天津理工大学,TJUT_抹茶喵芽,4,416
2025,1,837,江汉大学,一手抓竞赛一手抓考研一手抓保研——虽然学校没保研,4,419
2025,1,838,苏州科技大学,诶你最近换新队友了?旧的呢?,4,421
2025,1,838,浙江工商大学,超级无敌暴龙战士,4,421
2025,1,840,北华大学,对右不能左爱,4,422
2025,1,840,华东师范大学,Rebellion,4,422
2025,1,842,广东工业大学,打灰猫猫虫,4,423
2025,1,842,广西师范大学,哇哈哈哈哈哈,4,423
2025,1,844,江西师范大学,"嘻嘻,我要赢口牙",4,425
2025,1,844,青岛农业大学,手写的从前,4,425
2025,1,846,哈尔滨工业大学(深圳),魔丸降世,4,426
2025,1,846,安徽农业大学,哈基米徳,4,426
2025,1,848,广东工业大学揭阳校区,Sumimi,4,427
2025,1,848,浙大城市学院,不如睡大觉,4,427
2025,1,848,长沙理工大学,大白鹅,4,427
2025,1,851,华中农业大学,天糖制造,4,428
2025,1,852,浙江工商大学,以我残躯化烈火,4,432
2025,1,853,北京航空航天大学,13级大风,4,433
2025,1,853,上海师范大学,AI可以取代程序员但无法取代家里蹲,4,433
2025,1,855,青岛科技大学,你们都晒干沉默那我胡吊写了,4,434
2025,1,856,北京邮电大学,逐月之城,4,435
2025,1,856,烟台大学,魔晶,4,435
2025,1,858,南京师范大学,重蹈覆辙,4,437
2025,1,859,河南大学,我要睡觉了,4,439
2025,1,859,温州大学,牌入栈 栈溢出,4,439
2025,1,861,宁波大学,初音未来-纳西妲-芙宁娜第一可爱喵,4,440
2025,1,861,信阳师范大学,哩哩啦哩啦,4,440
2025,1,863,浙江财经大学,浙江财大3队,4,441
2025,1,864,武汉纺织大学,零式镇魂曲,4,442
2025,1,864,广州大学,哈基米南北绿多,4,442
2025,1,864,江苏海洋大学,"好好学习,天天向上",4,442
2025,1,867,长春工业大学,风平浪静,4,443
2025,1,868,北师香港浸会大学,jiangly临时有事由我们来替他捧杯,4,445
2025,1,869,广东工业大学,AC发电机,4,446
2025,1,870,浙江农林大学,"我不是黄毛,谁是呢",4,448
2025,1,870,湖南工业大学,1,4,448
2025,1,872,河海大学,如果是勇者辛美尔的话一定会AC的,4,449
2025,1,873,中国人民大学,三人行,4,450
2025,1,873,上海理工大学,证明?向出题人要去吧!,4,450
2025,1,875,武汉科技大学,您的骑手正在赶往ICPC的路上,4,454
2025,1,875,华东师范大学,憧憬成为代码强迫传奇大主人,4,454
2025,1,877,陕西科技大学,三世同堂,4,455
2025,1,877,黑龙江大学,地灵殿刷铁机,4,455
2025,1,879,山东大学,芝士队名,4,456
2025,1,879,宁波工程学院,叮咚哈基米,4,456
2025,1,881,天津大学,"你们好啊,我是铁墓,我要感染评测机了",4,457
2025,1,881,东华大学,猫尾草,4,457
2025,1,881,江西财经大学,彩虹海,4,457
2025,1,884,台州学院,学了等于没学,4,458
2025,1,884,广西大学,队名WA2了,4,458
2025,1,884,贵州大学,ITZY,4,458
2025,1,887,中南民族大学,哈基高,4,459
2025,1,887,中国海洋大学,Auntitled,4,459
2025,1,889,南京信息工程大学,绿色结晶猫,4,461
2025,1,889,浙江工业大学,25ZJUT5,4,461
2025,1,889,莆田学院,口胡银牌题,4,461
2025,1,892,广东工业大学,无限随机,4,462
2025,1,892,南京理工大学,流明猫猫头,4,462
2025,1,894,华东师范大学,东中国瓷器大学,4,464
2025,1,894,五邑大学,这是什么中专,4,464
2025,1,894,湖北工业大学,小丑派对,4,464
2025,1,897,沈阳化工大学,又活一天,4,469
2025,1,897,北京理工大学珠海学院,江郎不想才尽,4,469
2025,1,899,山东大学(威海),青春蟒蛇少年不会梦到TLE学姐,4,470
2025,1,899,西安工业大学,zhgg再飞高高,4,470
2025,1,899,山东师范大学,樱高轻音部,4,470
2025,1,899,武汉理工大学,最速WA传说,4,470
2025,1,903,武汉纺织大学,扣1送金牌,4,471
2025,1,904,广东工业大学,静声,4,472
2025,1,904,三峡大学,三大2队,4,472
2025,1,906,哈尔滨工业大学(威海),重生之我在哈威wa铁牌,4,473
2025,1,906,南阳理工学院,CCZ困难解决小分队,4,473
2025,1,906,南阳理工学院,没事还有另一队,4,473
2025,1,909,重庆大学,小青草,4,475
2025,1,909,深圳职业技术大学,逐光掠影,4,475
2025,1,911,北京邮电大学,三只企鹅,4,476
2025,1,912,山东大学,文盲,4,477
2025,1,912,中国传媒大学,嗷呜呜呜,4,477
2025,1,914,暨南大学,我需要vscode,4,478
2025,1,914,华东理工大学,都怪赵迪起了个能让记分牌缓冲区溢出的破队名害得我们现在不仅要跟 90 年代评测机死磕 O (2^n) 代码还得边吃冷披萨边用 printf 调试时间紧到连改名都来不及只能硬着头皮上队,4,478
2025,1,914,福建理工大学,福建理工大学2队,4,478
2025,1,914,宁波工程学院,打网络赛被管家活活打断了双腿,4,478
2025,1,918,山东科技大学,柏勒洛丰号,4,479
2025,1,918,南华大学,月夕花晨,4,479
2025,1,918,长江大学,深海探索者大战旭日宝宝,4,479
2025,1,921,重庆文理学院,队长没过4级,4,480
2025,1,921,黄冈师范学院,好喜欢你怎么办,4,480
2025,1,923,南阳师范学院,蒟蒻想拿名额,4,481
2025,1,923,韩山师范学院,玫瑰常开警告常在,4,481
2025,1,923,福建师范大学,超级飞侠快使用后仰跳投,4,481
2025,1,923,无锡学院,不会起名队,4,481
2025,1,927,华南师范大学,区间合并,4,482
2025,1,928,中南民族大学,关注华黎卡喵!关注华黎卡谢谢喵!,4,483
2025,1,928,江西财经大学,没有下次再见吧,4,483
2025,1,930,惠州学院,那年人杰地灵,4,484
2025,1,931,东北大学秦皇岛分校,蓦然回首,4,485
2025,1,931,厦门大学嘉庚学院,帕斯,4,485
2025,1,931,云南大学,残虹,4,485
2025,1,934,成都信息工程大学,说好的幸福呢,4,487
2025,1,934,台州学院,我不吃AC,4,487
2025,1,936,东南大学,我最不会起名了,4,488
2025,1,937,四川师范大学,"写都写了,交一发吧",4,491
2025,1,937,衡阳师范学院,WA就是AC,4,491
2025,1,939,湖州师范学院,"像正式演出那样练习,像练习那样正式演出",4,492
2025,1,940,宁波大学,时间紧任务重,4,493
2025,1,941,湖南工业大学,3,4,494
2025,1,941,哈尔滨理工大学,HRBUST9,4,494
2025,1,943,井冈山大学,dora一拳打死猫猫虫,4,495
2025,1,944,上海理工大学,自由曲面,4,497
2025,1,945,西南科技大学,当然!当然!当然!,4,498
2025,1,945,桂林电子科技大学,1000-7,4,498
2025,1,947,深圳大学,躺赢狗,4,499
2025,1,947,集美大学,我样例过了,4,499
2025,1,947,浙江财经大学,浙江财大2队,4,499
2025,1,950,武汉大学,这是一个很重要的问题,4,500
2025,1,951,西南交通大学,奶龙不想WA,4,501
2025,1,952,北京科技大学,测试点全队,4,502
2025,1,952,乐山师范学院,"我怎么可能成为acmer,不行不行!",4,502
2025,1,954,北京科技大学,打酱油,4,503
2025,1,954,大连东软信息学院,algo学长这招太狠了,4,503
2025,1,954,衡阳师范学院,蓝色夜晚的记忆,4,503
2025,1,957,上海理工大学,随机起名,4,505
2025,1,958,广东工业大学,AC手动机,4,507
2025,1,958,四川大学,重生之全都能做队,4,507
2025,1,960,中国科学院大学,动态数组,4,508
2025,1,961,华南师范大学,四世同堂——计院版,4,510
2025,1,961,武汉工程大学,我想吃掉你的金牌,4,510
2025,1,963,河南科技大学,难铜的最后一舞,4,511
2025,1,964,福建理工大学,福建理工大学3队,4,512
2025,1,964,北京化工大学,只要爆搜就能队,4,512
2025,1,966,大连民族大学,我们有个队员六级没过哈哈哈,4,513
2025,1,966,湖南大学,"繁花落尽,心中仍留花落的声音。一朵,一朵,在无人的山间轻轻飘落。",4,513
2025,1,968,上海理工大学,你不是会变红色吗?变给我看啊!,4,514
2025,1,969,哈尔滨工程大学,不故障机器人使用创造性AI创造WA,4,515
2025,1,970,西南科技大学,还是人类吗,4,517
2025,1,970,重庆邮电大学,3G联盟,4,517
2025,1,970,北京化工大学,牢码队,4,517
2025,1,973,江西理工大学,中二病也要AC,4,518
2025,1,974,浙江广厦建设职业技术大学,"给我们名额吧,我们真的想旅游",4,519
2025,1,975,哈尔滨理工大学,HRBUST4,4,520
2025,1,976,徐州工程学院,奶龙宝宝巴士,4,521
2025,1,976,河海大学,LGBTQIPKDXUSACM,4,521
2025,1,976,成都信息工程大学,稳博,4,521
2025,1,979,哈尔滨工程大学,起个人类队名吧球球了,4,522
2025,1,979,东北大学秦皇岛分校,洛森指针,4,522
2025,1,981,湖南大学,瓦学弟的打铁之旅,4,523
2025,1,981,北师香港浸会大学,新世纪树猫上树,4,523
2025,1,983,哈尔滨工业大学(威海),教练我不想再wa了,4,524
2025,1,983,北京理工大学,编程小纵队,4,524
2025,1,985,南京林业大学,长夜月,4,525
2025,1,985,华北水利水电大学,"打铁的命,AC的心",4,525
2025,1,987,广州大学,宵宫流萤,4,526
2025,1,987,南阳理工学院,H神酱味大鸡,4,526
2025,1,987,浙大宁波理工学院,浙大宁理1队,4,526
2025,1,987,东北大学,东北大学_必码温,4,526
2025,1,991,中国地质大学(武汉),拖拖拉拉会变成拖拉机,4,527
2025,1,992,常熟理工学院(苏州工学院),黎明之声,4,529
2025,1,992,浙江水利水电学院,咕噜咕噜,4,529
2025,1,992,湖南科技大学,湖南科大四队,4,529
2025,1,995,中国民航大学,分母,4,531
2025,1,996,深圳技术大学,SZTU_鸡砖挖掘机,4,532
2025,1,996,湖北工业大学,备用机位,4,532
2025,1,996,南阳理工学院,九个臭皮匠,4,532
2025,1,999,西南大学,星海,4,533
2025,1,999,华南师范大学,三百五十四种番茄炒蛋的做法,4,533
2025,1,999,哈尔滨理工大学,HRBUST8,4,533
2025,1,999,中国传媒大学,天衣无缝,4,533
2025,1,1003,哈尔滨理工大学(荣成),长征1队,4,534
2025,1,1003,新疆大学,星恒开曙色,4,534
2025,1,1005,吉林大学,白毛红瞳小萝莉,4,536
2025,1,1005,浙江工商大学,奈落圆舞曲,4,536
2025,1,1005,合肥工业大学,合工大2队,4,536
2025,1,1005,长江大学,代码复仇者,4,536
2025,1,1005,南京师范大学,gogogo粗发咯,4,536
2025,1,1010,石家庄铁道大学,测试账号9,4,537
2025,1,1010,温州大学,温大一队,4,537
2025,1,1012,山东科技大学,白羊号,4,538
2025,1,1012,中国计量大学,倒影,4,538
2025,1,1012,烟台大学,评测机的那边是AC,4,538
2025,1,1015,阿坝师范学院,南蛮入侵,4,539
2025,1,1016,吉林大学,幻日,4,540
2025,1,1017,成都信息工程大学,一千零一,4,541
2025,1,1018,浙江理工大学,三个方块人一台戏,4,542
2025,1,1019,兰州大学,请允许我再交一发,4,543
2025,1,1019,山东大学(威海),是谁在叫我宝宝,4,543
2025,1,1021,浙江师范大学,"主包,主包,这一次能拿牌吗?",4,544
2025,1,1021,临沂大学,2,4,544
2025,1,1021,浙江科技大学,葫芦大金刚,4,544
2025,1,1024,浙江万里学院,一方通行,4,545
2025,1,1025,南京大学,"爆搜挂着机,打表出省一",4,546
2025,1,1025,天津工业大学,贪心全靠猜,4,546
2025,1,1027,鲁东大学,卤蛋栋梁,4,547
2025,1,1028,中国地质大学(武汉),请输入文本,4,548
2025,1,1029,新疆大学,TQL,4,550
2025,1,1030,中国海洋大学,结束乐队,4,552
2025,1,1031,西安工业大学,"敢同恶鬼争高下,不向霸王让寸分",4,554
2025,1,1031,河南师范大学,我有一计,4,554
2025,1,1033,湘潭大学,湘大八队,4,555
2025,1,1033,武汉轻工大学,whpu01,4,555
2025,1,1035,西南科技大学,喵喵队,4,560
2025,1,1035,北方工业大学,流光碎影,4,560
2025,1,1037,东华理工大学,破晓星,4,561
2025,1,1037,中国石油大学(华东),UPC2011,4,561
2025,1,1037,江西农业大学,枕月听风,4,561
2025,1,1040,华南理工大学,SCUT第零店,4,562
2025,1,1041,惠州学院,寒蝉鸣泣之时,4,563
2025,1,1042,西安理工大学,风与天空,4,565
2025,1,1042,华南理工大学,不要哇,4,565
2025,1,1044,湖北汽车工业学院,草莓蓝莓树莓芒果杨桃百香果,4,566
2025,1,1044,成都信息工程大学,BanG Dream! It's MyALGO!!!!!,4,566
2025,1,1046,江苏科技大学,纯爱战士,4,568
2025,1,1047,吉林大学,罚时天王,4,569
2025,1,1047,山东科技大学,赤城号,4,569
2025,1,1049,东北大学秦皇岛分校,代码斩杀使-芙莉莲,4,570
2025,1,1050,中国石油大学(北京)克拉玛依校区,三个绿名,4,571
2025,1,1050,东北农业大学,那一天的咕咕嘎嘎嘎嘎咕咕起来,4,571
2025,1,1052,武汉大学,春日延长计划,4,573
2025,1,1052,西华师范大学,倒着ac,4,573
2025,1,1052,泉州师范学院,0123456789,4,573
2025,1,1055,湖南工业大学,5,4,576
2025,1,1056,山东大学,AC是检验真理的唯一标准,4,577
2025,1,1057,北方工业大学,代码不会WAWA叫,4,578
2025,1,1057,苏州大学,不会计数,4,578
2025,1,1057,中国矿业大学,AC永动机,4,578
2025,1,1057,江南大学,"无牌转生,来到ACM就拿出真本事",4,578
2025,1,1061,广东金融学院,哥布林之家,4,579
2025,1,1062,北京师范大学珠海校区,天然愚蠢,4,580
2025,1,1063,中国传媒大学,爱WA还是Go,4,581
2025,1,1064,昆明理工大学,天青色,4,583
2025,1,1064,山东财经大学,起名不比算法简单,4,583
2025,1,1066,北京印刷学院,中国出版大学,4,584
2025,1,1066,北方工业大学,样例收割机,4,584
2025,1,1068,江西财经大学,三人驭六丸,4,585
2025,1,1068,安徽大学,神秘WA学弟,4,585
2025,1,1068,福建农林大学,熊羊-fans,4,585
2025,1,1071,长春理工大学,是长理不是厂里,4,586
2025,1,1072,南京邮电大学,njupt25team009,4,587
2025,1,1072,中国民航大学,基本演绎法,4,587
2025,1,1074,黑龙江大学,飞屋历险记,4,588
2025,1,1075,江西农业大学,你的存在是一个奇迹,4,590
2025,1,1075,山东大学,想吃冰工厂,4,590
2025,1,1077,北京化工大学,再临,4,594
2025,1,1077,江西财经大学,证明!!!,4,594
2025,1,1079,南阳理工学院,但恨花开晚,4,597
2025,1,1080,湖南大学,蝴蝶穿花,4,598
2025,1,1081,福建农林大学,想打一辈子算法竞赛,4,599
2025,1,1081,暨南大学,无敌暴力战士,4,599
2025,1,1081,西南财经大学,"枚举连接大脑,暴力代替思考",4,599
2025,1,1084,中国海洋大学,养马王,4,600
2025,1,1084,北京邮电大学,注意力涣散导致的,4,600
2025,1,1086,山东科技大学,亚特兰蒂斯号,4,601
2025,1,1086,华中师范大学,T34-灰风,4,601
2025,1,1088,内蒙古工业大学,希远,4,603
2025,1,1089,新疆大学,iron medal show show way,4,605
2025,1,1090,济南大学,重生之世界代码能力降低一万倍,4,606
2025,1,1090,哈尔滨工程大学,队里只有一只二刺猿所以起名还是问fufu吧¿,4,606
2025,1,1092,浙江理工大学,这题真做不队,4,609
2025,1,1092,广州软件学院,你软唯一一个吃不到罚时红利的队伍,4,609
2025,1,1094,中国民航大学,空指针指向我的心,4,610
2025,1,1095,香港城市大学(东莞),CityUHK 不是 CUHK,4,613
2025,1,1096,阜阳师范大学,金银铜,4,614
2025,1,1096,武汉学院,汪汪吕吕队,4,614
2025,1,1096,西安电子科技大学,封榜的135秒,4,614
2025,1,1099,燕山大学,燕大1队,4,617
2025,1,1100,佛山大学,粉狗冲鸭,4,618
2025,1,1100,电子科技大学,UESTC_MyCode!!!,4,618
2025,1,1102,山西大学,等我先a个构造去注册,4,619
2025,1,1102,广东工业大学,深度睡眠,4,619
2025,1,1102,东北林业大学,哈计迷,4,619
2025,1,1102,成都大学,CDU2,4,619
2025,1,1106,东北师范大学,我重生了,4,621
2025,1,1106,香港理工大学,爱冲不冲,4,621
2025,1,1108,南开大学,没想法就用少女乐队,4,623
2025,1,1109,华南理工大学,ECF,4,627
2025,1,1110,南京航空航天大学,原子牌锅贴,4,630
2025,1,1110,湖南师范大学,师大壹队,4,630
2025,1,1110,香港科技大学(广州),ICPC速通队,4,630
2025,1,1113,南京工业大学,小飞机来喽,4,631
2025,1,1114,武汉理工大学,少女周末旅行,4,632
2025,1,1115,杭州电子科技大学,2025杭电14队,4,633
2025,1,1115,深圳职业技术大学,不想打铁,4,633
2025,1,1117,华南师范大学,风依旧在,4,637
2025,1,1118,郑州轻工业大学,我没意见,4,638
2025,1,1118,潍坊学院,我不想再打铁了,4,638
2025,1,1120,浙江工商大学,浮梦,4,639
2025,1,1120,浙江科技大学,这个真好吃 nya ٩(๑ ́ `๑)۶,4,639
2025,1,1120,南华大学,不吃拼好饭,4,639
2025,1,1120,东北师范大学,∀enjoy yourself,4,639
2025,1,1124,南昌航空大学,Bit求逆序队,4,643
2025,1,1124,西安电子科技大学,哈吉米,4,643
2025,1,1126,厦门大学,马拉车拉马,4,644
2025,1,1126,河南理工大学,琪亚娜出击队,4,644
2025,1,1128,福州大学,福大12队,4,646
2025,1,1129,中国石油大学(华东),UPC2025,4,648
2025,1,1129,南京邮电大学,njupt25team013,4,648
2025,1,1129,西交利物浦大学,把你们都变成猫娘喵!,4,648
2025,1,1129,长沙理工大学,美好的事可不可以发生在我身上,4,648
2025,1,1133,西北大学,欲买桂花同载酒,4,651
2025,1,1134,香港大学,今天必须取个队名,4,652
2025,1,1135,贵州大学,OA,4,654
2025,1,1136,东南大学,秉烛问山,4,658
2025,1,1137,吉利学院,吉利太美,4,663
2025,1,1138,暨南大学,毛毛虫就是正解,4,664
2025,1,1138,西安电子科技大学,但愿你的道路漫长长长长长长长,4,664
2025,1,1140,北京工业大学,啊对对对,4,665
2025,1,1141,山东大学,"你,去比赛了吧...和我不认识的人一起",4,666
2025,1,1142,四川农业大学,穿越之我是菜狗,4,667
2025,1,1142,福州大学,福大8队,4,667
2025,1,1144,中国地质大学(北京),前途一片完犊紫,4,668
2025,1,1145,天津商业大学,相遇天使,4,669
2025,1,1145,浙江理工大学,zstu_春夏秋冬,4,669
2025,1,1145,华南师范大学,烧烤一下队名,4,669
2025,1,1148,河南师范大学,彩云归,4,671
2025,1,1148,湖南工业大学,4,4,671
2025,1,1150,河南农业大学,以上队伍成绩无效,4,672
2025,1,1151,华东交通大学,薛定谔的AC,4,673
2025,1,1151,杭州师范大学,知识学爆,4,673
2025,1,1153,台州学院,与太阳同在,4,675
2025,1,1154,西南民族大学,SMU2505,4,676
2025,1,1154,中国科学技术大学,暂定,4,676
2025,1,1156,丽水学院,月相人生,4,677
2025,1,1156,岳阳学院,深度睡眠,4,677
2025,1,1158,中国民航大学,非暴力不ac,4,678
2025,1,1158,东南大学,三个入机,4,678
2025,1,1158,香港城市大学(东莞),我的键盘已经碎了- 我的午饭也馊了- 但我的冲锋- 是唐吉可德式的冲锋- 名为“ICPC”的大风车啊- ——我要与你再战三百回合。,4,678
2025,1,1161,南京航空航天大学,青春猪头少年不会梦到WA,4,679
2025,1,1161,南京邮电大学,njupt25team010,4,679
2025,1,1163,香港科技大学(广州),"惠风和畅,鹏程万里",4,681
2025,1,1163,武汉工程大学,新蜂,4,681
2025,1,1165,福建农林大学,跃迁,4,682
2025,1,1166,上海理工大学,那一天的WA AC起来,4,683
2025,1,1167,浙江财经大学,浙江财大5队,4,685
2025,1,1167,东北师范大学,DeepSleep_V3,4,685
2025,1,1169,香港城市大学,初心,4,686
2025,1,1169,郑州轻工业大学,苏坡比个卡普,4,686
2025,1,1171,浙大宁波理工学院,浙大宁理5队,4,687
2025,1,1172,山东师范大学,T就是A,4,692
2025,1,1173,深圳技术大学,SZTU_睡一觉就AC,4,693
2025,1,1173,台州学院,"让我们ac吧,我们什么都会做的",4,693
2025,1,1175,湖南涉外经济学院,三个吊儿郎当,4,695
2025,1,1176,南京航空航天大学,"那一天的AC,AC起来",4,697
2025,1,1177,广东东软学院,迪亦昂牧,4,698
2025,1,1177,中国矿业大学,矿兵出击,4,698
2025,1,1179,广东海洋大学,您的AC已到账,4,699
2025,1,1179,广东技术师范大学,那就这个了,4,699
2025,1,1181,天津仁爱学院,tjrac网络赛队伍1,4,700
2025,1,1182,韶关学院,MyALGO!!!,4,703
2025,1,1182,华东理工大学,珂朵莉最可爱了,4,703
2025,1,1182,广西大学,奇迹与你,4,703
2025,1,1185,华东交通大学,乱搞一下就对了,4,706
2025,1,1186,常熟理工学院(苏州工学院),"无所谓,我会 AC",4,708
2025,1,1186,上海海洋大学,胡萝卜(^u^),4,708
2025,1,1188,华南理工大学,AC自动机,4,709
2025,1,1188,中国科学技术大学,一零零一,4,709
2025,1,1188,湖南科技学院,新世纪倒霉战士,4,709
2025,1,1191,安徽大学,"WA是没有理由的,只是今天没能调出bug罢了",4,711
2025,1,1191,南京理工大学,队长正在探索前面的题目,4,711
2025,1,1193,东北师范大学,鼠鼠猛攻acm,4,718
2025,1,1193,惠州学院,闪电苦力怕,4,718
2025,1,1195,北京化工大学,"25时,Nightcode见",4,719
2025,1,1195,中国科学技术大学,旺旺队,4,719
2025,1,1197,同济大学,小粉兔大战僵尸,4,722
2025,1,1198,苏州科技大学,鹅鹅鹅,4,723
2025,1,1199,广州城市理工学院,码码带我打wa,4,724
2025,1,1199,商丘师范学院,致青春,4,724
2025,1,1201,嘉应学院,W°C可以煮鱼L!,4,730
2025,1,1202,中国民航大学,样例AC也是AC,4,732
2025,1,1203,广东工业大学,起名最麻烦了,4,733
2025,1,1204,浙江师范大学,给我吃一口脑子,4,735
2025,1,1205,广州大学,样例过了就AC,4,736
2025,1,1206,长春理工大学,手动ac机,4,740
2025,1,1206,宁波大学,帮狗猫,4,740
2025,1,1208,井冈山大学,哈基易秒开棘背龙打acm,4,743
2025,1,1209,常熟理工学院(苏州工学院),超级卡比猎人队,4,749
2025,1,1210,湖南工业大学,2,4,750
2025,1,1211,东北林业大学,文酱の万事屋,4,752
2025,1,1212,南京航空航天大学,Wrongtime Error,4,753
2025,1,1212,暨南大学,晋级就行,4,753
2025,1,1214,浙江财经大学,浙江财大9队,4,754
2025,1,1215,杭州电子科技大学信息工程学院,hziee2,4,755
2025,1,1215,北京交通大学,BJTU04,4,755
2025,1,1217,浙江外国语学院,浙外x队,4,757
2025,1,1217,东华大学,因为在0721和我推的绫地宁宁组一辈子乐队,4,757
2025,1,1219,福州大学,福大10队,4,758
2025,1,1220,江西水利电力大学,我们队有个户晨风,4,763
2025,1,1221,中国海洋大学,章鱼法师,4,764
2025,1,1222,苏州大学,素粥大雪登山队,4,765
2025,1,1222,齐鲁工业大学,清风徐来,4,765
2025,1,1224,临沂大学,临大汪汪队,4,766
2025,1,1224,中北大学,天文学家摘鑫鑫,4,766
2025,1,1226,上海应用技术大学,晨续源,4,770
2025,1,1227,曲阜师范大学,再多过一道题她就会回来,4,774
2025,1,1228,中国石油大学(华东),UPC2003,4,776
2025,1,1228,大连理工大学,dlut03,4,776
2025,1,1230,西南科技大学,霜天大战外星人,4,777
2025,1,1231,哈尔滨工业大学(深圳),我在icpc不响丸辣,4,779
2025,1,1232,暨南大学,"printf(""队友呢救一下啊"")",4,783
2025,1,1233,山东理工大学,不要再打铁啦,4,784
2025,1,1234,河海大学,0d00爆吃0721发罚时用粉色起爆器炸毁评测机,4,786
2025,1,1235,武汉工程大学,"她说我们之间没有结果,但我明明输出了ans",4,790
2025,1,1235,曲阜师范大学,爱吃彩虹糖,4,790
2025,1,1235,郑州大学,郑大队伍2,4,790
2025,1,1238,湖北经济学院,"样例都过了,交交交!",4,793
2025,1,1238,长春理工大学,队名随便,4,793
2025,1,1240,深圳大学,加睡不如加睡,4,794
2025,1,1241,青岛大学,江江无路可退,4,797
2025,1,1242,中国地质大学(武汉),三人穿墙,4,803
2025,1,1243,惠州学院,破芒之拳,4,805
2025,1,1243,南京大学,胡萝卜炖鱼梨,4,805
2025,1,1245,佛山大学,acmer也是五字神人,4,807
2025,1,1246,郑州轻工业大学,样例对了就是过了,4,808
2025,1,1246,北京林业大学,小AC找码码,4,808
2025,1,1248,福州外语外贸学院,请神自动机,4,810
2025,1,1249,中南民族大学,好难,4,814
2025,1,1249,同济大学,青春猪头少年们不会梦见算法王学姐,4,814
2025,1,1251,北京化工大学,大概是鼠鼠队,4,815
2025,1,1252,武汉大学,星河剪枝,4,818
2025,1,1253,大连理工大学城市学院,击碎黑暗,4,819
2025,1,1254,山东建筑大学,大明湖水怪,4,821
2025,1,1255,昆山杜克大学,昆杜一队,4,824
2025,1,1256,重庆大学,小AC找妈妈,4,826
2025,1,1257,四川师范大学,"一觉醒来,全球算法水平下降一万倍",4,831
2025,1,1258,华北水利水电大学,New一个奖牌,4,832
2025,1,1258,青岛大学,起什么名字不如AC,4,832
2025,1,1260,海南大学,洗澡不跳舞等于没洗,4,834
2025,1,1261,华南农业大学,天鹅繁育中心,4,838
2025,1,1261,武汉商学院,WBU1,4,838
2025,1,1263,中南林业科技大学,CSUFT2,4,847
2025,1,1264,浙江理工大学,幻想郷最強伝説と完全で瀟洒な従者!十六夜咲夜です,4,850
2025,1,1264,中原工学院,WRL,4,850
2025,1,1266,北京师范大学,火龙狗,4,857
2025,1,1267,东华理工大学,吃个冻梨不嘻嘻,4,862
2025,1,1268,厦门大学,AAA牌子批发,4,863
2025,1,1269,成都信息工程大学,魔法披风,4,879
2025,1,1269,香港中文大学(深圳),从容应队,4,879
2025,1,1271,中北大学,文瀛十三不会梦到上床下桌,4,880
2025,1,1272,郑州大学,郑大队伍1,4,883
2025,1,1272,北京师范大学,何以AC,4,883
2025,1,1274,华南理工大学,您的AC订单正在配送,4,884
2025,1,1275,广东金融学院,玉米爱吃炮车,4,888
2025,1,1276,武汉理工大学,败犬ACMer太多啦,4,890
2025,1,1276,湖州师范学院,WA乃AC之母,4,890
2025,1,1278,广东技术师范大学,不要给我WAWA叫,4,896
2025,1,1279,华北理工大学,梦想成为ICPC高手,4,897
2025,1,1280,天津大学,八骏宏图,4,898
2025,1,1280,浙大宁波理工学院,浙大宁理3队,4,898
2025,1,1282,西安电子科技大学,耄耋可爱捏,4,905
2025,1,1283,广东工业大学,做得都队,4,906
2025,1,1284,浙江财经大学,浙江财大4队,4,917
2025,1,1285,哈尔滨工业大学,想成为人类-1,4,925
2025,1,1286,广西民族大学,超级薯条,4,926
2025,1,1287,南开大学,在此输入队名,4,942
2025,1,1288,西安电子科技大学,AC0721发用0d00起爆器炸毁测评机,4,947
2025,1,1289,信息工程大学,花生可,4,960
2025,1,1290,厦门大学,后缀自动机,4,976
2025,1,1291,东南大学,捉鬼小队,4,979
2025,1,1292,海南大学,溢出即自由,4,997
2025,1,1293,南昌理工学院,2025 南理 1 队,4,1003
2025,1,1294,内蒙古大学,等我长小了也要打OI,4,1011
2025,1,1295,中国矿业大学,不是只过样例,4,1013
2025,1,1296,南京农业大学,冗定,4,1024
2025,1,1297,泉州师范学院,1145141919810,4,1032
2025,1,1298,怀化学院,葡萄糖口服液,4,1046
2025,1,1299,武汉工程大学,汉堡套餐,4,1103
2025,1,1300,华南农业大学,Ciallo的每一天,4,1207
2025,1,1301,南京理工大学,喜欢的题目直接AC,3,106
2025,1,1302,大连海事大学,放不下绩点,3,155
2025,1,1303,宁德师范学院,你能和我组一辈子ACM队伍吗,3,166
2025,1,1304,闽南师范大学,没有以前那么喜欢你了,3,167
2025,1,1305,武汉大学,栈中星河,3,169
2025,1,1306,武汉科技大学,RELX悦刻幻影PRO,3,176
2025,1,1307,山东大学,一场伟大的魔术,3,177
2025,1,1308,大连理工大学,dlut05,3,183
2025,1,1309,浙江财经大学,浙江财大1队,3,188
2025,1,1310,西南科技大学,无TL无WA一发过,3,190
2025,1,1311,华中农业大学,一支队伍,3,194
2025,1,1312,重庆大学,嘉陵江有色金属货轮,3,197
2025,1,1313,南京农业大学,青山,3,198
2025,1,1314,南京理工大学,啊对对对对对队,3,205
2025,1,1315,杭州师范大学,我要对你实行我的AC专属权,3,216
2025,1,1315,西北工业大学,北极星,3,216
2025,1,1317,华南农业大学,老爷保号队,3,231
2025,1,1318,宁波大学,跨越斑驳之紫,3,232
2025,1,1319,东北师范大学,骑士,3,233
2025,1,1320,中国计量大学现代科技学院,如此简单的梦,3,234
2025,1,1321,盐城工学院,红烧狮子头,3,238
2025,1,1322,东华大学,福音摇滚,3,239
2025,1,1323,浙江机电职业技术大学,机电3队,3,241
2025,1,1324,江西农业大学,青春期蒟蒻不会梦到奖牌,3,242
2025,1,1325,广州华商学院,"?唤l_l<13赐名,彼觉尚早,祈陈氏牛码迟至名矣",3,245
2025,1,1326,石河子大学,算法届的泥石流,3,249
2025,1,1327,武昌理工学院,最优解在左,3,250
2025,1,1327,河南财经政法大学,"删粥删农只为空月之歌,启动!",3,250
2025,1,1329,河南师范大学,帘外芭蕉惹骤雨门环惹铜绿,3,252
2025,1,1330,武汉理工大学,败犬小鞠是我的!!,3,254
2025,1,1331,山西大学,咖波后援团,3,255
2025,1,1332,中国地质大学(北京),头像代表实力,3,259
2025,1,1333,福州大学,福大6队,3,262
2025,1,1333,韶关学院,灌注hsn8086,3,262
2025,1,1335,浙江工业大学之江学院,做博丽灵梦谈古明地恋睡古明地觉,3,265
2025,1,1336,中国矿业大学,我的青春acm物语果然有问题,3,268
2025,1,1337,中国科学技术大学,高级CV工程师,3,270
2025,1,1337,西安电子科技大学,突然想到一个O(N^N)的做法,3,270
2025,1,1339,河北师范大学,指尖破晓,3,275
2025,1,1340,宁波大学,求求你们慢一点,3,282
2025,1,1341,河海大学,青春acm少女不会梦到黑红名学姐,3,289
2025,1,1342,华南理工大学,HowA,3,290
2025,1,1343,武汉轻工大学,whpu04,3,292
2025,1,1344,长春理工大学,那一天的寂寞寂寞起来,3,294
2025,1,1345,大连交通大学,火箭汪汪队,3,296
2025,1,1346,华东交通大学,galgame小屋,3,297
2025,1,1346,浙江机电职业技术大学,机电2队,3,297
2025,1,1348,香港中文大学(深圳),Trio Leveling,3,301
2025,1,1349,北师香港浸会大学,我已见过我的奶龙,3,302
2025,1,1350,东北农业大学,"服务器繁忙,请稍后再试",3,306
2025,1,1350,甘肃农业大学,信科奥力给,3,306
2025,1,1352,中国石油大学(北京)克拉玛依校区,中石大克,3,307
2025,1,1353,重庆交通大学,与猫猫起舞,3,308
2025,1,1354,成都东软学院,没过四级的两人抱上了过四级的大腿,3,309
2025,1,1355,福建理工大学,福建理工大学4队,3,310
2025,1,1356,西安理工大学,我被困在了哈基乡,3,317
2025,1,1357,广州大学,放学后茶会,3,318
2025,1,1358,徐州工程学院,变量名随便取,3,319
2025,1,1358,嘉应学院,AAA 算法建材集团,3,319
2025,1,1360,中国传媒大学,汗流浃背了对不队,3,321
2025,1,1361,东北大学秦皇岛分校,数据别和我们作队,3,322
2025,1,1362,南京航空航天大学,透明,3,324
2025,1,1363,华北电力大学(保定),四个二带双王,3,327
2025,1,1363,惠州学院,能过样例就是赢,3,327
2025,1,1365,重庆人文科技学院,学习二分搜索,3,328
2025,1,1366,湖北师范大学,新世纪AC战士,3,332
2025,1,1367,嘉应学院,蓝胖子,3,334
2025,1,1367,浙江工业大学,25ZJUT7,3,334
2025,1,1369,山东科技大学,鹰号,3,336
2025,1,1370,武汉科技大学,超时陆战队,3,337
2025,1,1370,同济大学,边缘者,3,337
2025,1,1370,河北师范大学,我爱老陈醋,3,337
2025,1,1373,福建师范大学,雾织月渡,3,341
2025,1,1373,哈尔滨工程大学,关于我转生变成桐人君爱上亚丝娜这件事,3,341
2025,1,1373,青岛大学,为青大之崛起而AC,3,341
2025,1,1376,兰州大学,莲子粥,3,343
2025,1,1377,宁波大学,broken23,3,344
2025,1,1377,南昌航空大学,码到成功,3,344
2025,1,1379,浙江科技大学,我不会再遇幻想乡,3,345
2025,1,1380,南阳理工学院,"队友升级,我独自睡觉",3,346
2025,1,1380,长安大学,这能不Ac_O!,3,346
2025,1,1380,北京化工大学,拔雪寻春,3,346
2025,1,1380,郑州大学,郑大队伍4,3,346
2025,1,1384,北京信息科技大学,哈门,3,347
2025,1,1384,北京工业大学,鲁棒司机,3,347
2025,1,1386,安徽师范大学,灰原哀说的都队,3,348
2025,1,1387,大连民族大学,获得成就:拼好队,3,349
2025,1,1388,广州大学,暴力美学,3,350
2025,1,1388,上海大学,游客分队,3,350
2025,1,1390,台州学院,看完这道题我决定启动源石计划,3,353
2025,1,1390,杭州师范大学,long long,3,353
2025,1,1390,大连大学,DLU0,3,353
2025,1,1393,合肥大学,一切都是命运石之门的选择,3,355
2025,1,1393,景德镇陶瓷大学,开发党,3,355
2025,1,1395,武汉纺织大学,满月三人组,3,356
2025,1,1396,辽宁科技大学,算法鬼才琪露诺,3,360
2025,1,1397,南京邮电大学,njupt25team014,3,362
2025,1,1397,浙江师范大学,蒟蒻三巨头,3,362
2025,1,1399,厦门大学,顶级理解,3,363
2025,1,1400,南昌航空大学,码力全开,3,364
2025,1,1400,浙江农林大学,再给我十分钟,3,364
2025,1,1400,中国海洋大学,海马程序员,3,364
2025,1,1400,湖北工业大学,猫猫虫,3,364
2025,1,1400,东北大学秦皇岛分校,高钟覃,3,364
2025,1,1405,广州华商学院,777,3,367
2025,1,1405,西南大学,西大哈基米,3,367
2025,1,1407,上海海事大学,想获得名额的人脸上是没有笑容的,3,368
2025,1,1408,中国石油大学(华东),UPC1999,3,373
2025,1,1408,江西财经大学,"鱼跃千帆过,羊踏万里程",3,373
2025,1,1410,大连理工大学盘锦校区,在投ICLR,3,374
2025,1,1410,哈尔滨工程大学,注定伟大,3,374
2025,1,1412,长安大学,先入黄金乡者赏芙蓉王,3,375
2025,1,1413,中南民族大学,哈基仙,3,376
2025,1,1414,青岛理工大学,因为没过四级看不懂题面,3,377
2025,1,1414,合肥工业大学,合工大3队,3,377
2025,1,1416,福建理工大学,福建理工大学6队,3,380
2025,1,1416,河海大学,关于我转生成acm蒟蒻这档事,3,380
2025,1,1418,湖南农业大学,WA_Automatons,3,381
2025,1,1418,深圳大学,起名真是难,3,381
2025,1,1418,东华理工大学,青春猪头WA少年想要梦到AC学姐,3,381
2025,1,1421,北京工业大学,相信奇迹,3,383
2025,1,1421,苏州大学,天堂之风,3,383
2025,1,1423,郑州大学,郑大队伍3,3,385
2025,1,1424,宁波大学,蜜雪三分糖加AC,3,388
2025,1,1424,福州大学,福大13队,3,388
2025,1,1426,南京邮电大学,njupt25team007,3,389
2025,1,1426,苏州大学,咖啡宝贝,3,389
2025,1,1428,安阳师范学院,栈满为患,3,391
2025,1,1428,大连理工大学,dlut07,3,391
2025,1,1430,河北大学,会赢吗会银的,3,393
2025,1,1430,江西农业大学,极点,3,393
2025,1,1432,山东大学,零一之间,3,394
2025,1,1433,山东大学,赛博守夜人,3,396
2025,1,1433,山东师范大学,复制粘贴王,3,396
2025,1,1435,郑州轻工业大学,非人类大队,3,398
2025,1,1436,华中师范大学,人生何处不青山,3,400
2025,1,1437,北京工业大学,计算科学也是计科,3,403
2025,1,1438,哈尔滨理工大学(荣成),长征2队,3,404
2025,1,1439,南京晓庄学院,你是什么π,3,406
2025,1,1440,中国矿业大学(北京),京矿小分队,3,407
2025,1,1440,贵州大学,不要指望我们队2.0,3,407
2025,1,1442,中国石油大学(华东),UPC1988,3,410
2025,1,1443,江西理工大学,霜月猫,3,412
2025,1,1444,宁波职业技术大学,她不一样,3,413
2025,1,1445,河南农业大学,吉伊卡哇,3,414
2025,1,1446,衡水学院,衡水学院一队,3,415
2025,1,1447,乐山师范学院,我是甜菜,3,417
2025,1,1448,河南师范大学,黎明调试者,3,419
2025,1,1449,哈尔滨商业大学,苯甲酰芽子碱甲酯队,3,420
2025,1,1450,天津理工大学,TJUT_极速AC,3,421
2025,1,1451,惠州学院,嘉心彬干,3,422
2025,1,1451,陕西师范大学,纳豆拌饭,3,422
2025,1,1451,广东培正学院,我们要2打3了,3,422
2025,1,1451,上海科技大学,请输入文本,3,422
2025,1,1451,中国人民大学,异步并行队,3,422
2025,1,1456,华南师范大学,过了样例就算对,3,424
2025,1,1456,香港理工大学,M&M&M,3,424
2025,1,1456,西南财经大学,队友队友要不要和我一起打xcpc喵喵喵喵喵,3,424
2025,1,1459,绍兴文理学院,可爱星星飞天撞,3,428
2025,1,1460,浙大城市学院,未命名1,3,429
2025,1,1461,信息工程大学,208,3,431
2025,1,1461,东华大学,凌梦舟,3,431
2025,1,1461,东北农业大学,没时间想队名了!,3,431
2025,1,1464,山西大学,逗比南波万队,3,432
2025,1,1464,集美大学,绝不会忘记,3,432
2025,1,1466,北京理工大学,打铁也能报销吗,3,433
2025,1,1467,九江学院,九江大学,3,434
2025,1,1467,广东工业大学揭阳校区,和队友关闭思维流同步了,3,434
2025,1,1467,山东科技大学,心宿号,3,434
2025,1,1467,深圳大学,古故菇,3,434
2025,1,1471,浙江工业大学之江学院,我开挂了求针对,3,437
2025,1,1472,陕西师范大学,线段树上长麦当劳,3,438
2025,1,1473,中国矿业大学,洛创某,3,440
2025,1,1473,浙江工业大学,25ZJUT9,3,440
2025,1,1475,厦门理工学院,"当太阳升起,就把WA忘掉",3,442
2025,1,1476,内蒙古大学,铁匠,3,443
2025,1,1477,华东师范大学,ecnu_new1,3,444
2025,1,1478,河北师范大学,WA终将走进千家万户,3,446
2025,1,1479,广东金融学院,多多柠檬茶,3,447
2025,1,1479,河南工程学院,南苑三队,3,447
2025,1,1481,武汉大学,谢谢张兵,3,448
2025,1,1482,东北农业大学,二星糖豆人,3,450
2025,1,1483,成都信息工程大学,竹叶雨,3,451
2025,1,1483,浙大城市学院,熔岩烤鸡,3,451
2025,1,1485,青岛农业大学,不吃奶龙,3,452
2025,1,1486,南京邮电大学,njupt25team011,3,454
2025,1,1486,广州华立学院,Guessforces,3,454
2025,1,1488,成都信息工程大学,白虎朱雀玄武,3,457
2025,1,1488,杭州师范大学,时代马戏团,3,457
2025,1,1490,常州大学,叫什么队,3,458
2025,1,1491,吉利学院,取名字太难了,3,461
2025,1,1491,河南师范大学,能赢吗,3,461
2025,1,1493,湖南农业大学,会赢吗,3,464
2025,1,1494,香港浸会大学,上岸宝宝,3,466
2025,1,1495,湖南农业大学,零罚时,3,467
2025,1,1496,东北大学秦皇岛分校,样例过了就是AC,3,468
2025,1,1497,太原理工大学,张强,3,470
2025,1,1497,安徽工业大学,安徽工业大学acm,3,470
2025,1,1499,常熟理工学院(苏州工学院),邪气大王,3,471
2025,1,1500,莆田学院,还在划水,3,475
2025,1,1500,石家庄铁道大学,打瓦找妈堵桥花,3,475
2025,1,1502,海南大学,队友带个我都能AC,3,477
2025,1,1502,延安大学西安创新学院,无限剑制,3,477
2025,1,1504,贵州大学,说的道理,3,478
2025,1,1504,烟台大学,甘文崔,3,478
2025,1,1504,哈尔滨工业大学,让HIT再次伟大,3,478
2025,1,1507,温州大学,温大十队,3,479
2025,1,1508,杭州电子科技大学信息工程学院,hziee1,3,481
2025,1,1508,沈阳农业大学,谷涨稷萁稔,3,481
2025,1,1508,温州商学院,这次一定队,3,481
2025,1,1508,中国传媒大学,中午少年先疯队,3,481
2025,1,1512,湖南理工学院,可乐没糖,3,482
2025,1,1513,深圳技术大学,SZTU_未闻WA名,3,483
2025,1,1514,烟台大学,以上成绩全部无效,3,485
2025,1,1514,徐州工程学院,我来劈开这座山,3,485
2025,1,1516,湖南涉外经济学院,先打一发暴力,3,486
2025,1,1517,台州学院,超时空救援,3,488
2025,1,1518,绍兴理工学院,做题5分钟翻译两小时,3,492
2025,1,1518,合肥工业大学宣城校区,合肥工业大学2队,3,492
2025,1,1520,山东大学,想要成为人类,3,493
2025,1,1520,浙江农林大学,acm菜鸟,3,493
2025,1,1520,天津工业大学,#include<队友的脑子>,3,493
2025,1,1523,北京交通大学(威海),bjv007,3,494
2025,1,1524,齐鲁工业大学,破晓之光,3,497
2025,1,1525,山东大学,达拉崩吧斑得贝迪卜多比鲁翁,3,498
2025,1,1525,鲁东大学,贪生pass,3,498
2025,1,1527,中国科学技术大学,byto,3,499
2025,1,1528,江西理工大学,神经网络过载,3,501
2025,1,1529,湖南中医药大学,摆大烂,3,504
2025,1,1530,河南师范大学,她说你是个好人,3,505
2025,1,1530,广州华商学院,"不知道啊,队友说请吃烧烤我就来了",3,505
2025,1,1532,北华大学,抹茶芭菲,3,507
2025,1,1532,长春工业大学,"taimu真幸运,玩上了丝之歌",3,507
2025,1,1532,重庆工程学院,重工二队,3,507
2025,1,1532,河南工程学院,南苑二队,3,507
2025,1,1536,杭州师范大学,刷子得了MVP,3,508
2025,1,1536,武汉科技大学,超级无敌究极无敌永恒无敌霸王龙战队,3,508
2025,1,1536,华南师范大学,队伍一定要有队名,3,508
2025,1,1536,山东科技大学,阿瓦隆号,3,508
2025,1,1540,河南师范大学,正经的队名,3,511
2025,1,1541,东莞理工学院,求求你让我a一题,3,512
2025,1,1542,湖南工学院,狙击王,3,514
2025,1,1542,吉林大学,酒笙清栀,3,514
2025,1,1542,武汉科技大学,漫步AC,3,514
2025,1,1545,浙江农林大学,植物僵尸,3,515
2025,1,1546,东北大学,东北大学_迈出起名第一步ovo,3,518
2025,1,1547,湖北经济学院,击坠神明之日,3,519
2025,1,1548,北京师范大学,深藏blue,3,521
2025,1,1549,华南农业大学,你WA我不WA队,3,522
2025,1,1549,湖南理工学院,苍筤,3,522
2025,1,1551,西南财经大学,融化的梦,3,526
2025,1,1552,长安大学,O(1)超时导致罚时爆炸之后去吃康师傅红烧牛肉面,3,527
2025,1,1553,华南师范大学,A了这题就当归宅部,3,532
2025,1,1554,东北农业大学,是我太贪心试图规划未来,3,533
2025,1,1554,河海大学,落英缤纷之期,3,533
2025,1,1556,电子科技大学成都学院,科成2队,3,534
2025,1,1557,青岛科技大学,拼好队,3,536
2025,1,1558,成都锦城学院,偷偷把太阳换成3.8x107倍太阳质量的黑洞就能比你们多考5小时预选赛了,3,537
2025,1,1559,河海大学,快给我取个名字,3,538
2025,1,1560,浙江金融职业学院,浙金院二队,3,539
2025,1,1561,山东石油化工学院,来猜来财,3,540
2025,1,1561,广东工业大学,暗黑寻猎者,3,540
2025,1,1563,西南财经大学,"愿此行,终抵Final",3,544
2025,1,1564,中国科学技术大学,(* ̄(エ) ̄*),3,545
2025,1,1564,华南农业大学,交了就ac队,3,545
2025,1,1564,上海工程技术大学,队友起队名突然病倒我发誓一定要写出救赎队友的队名却发现没有起队名的才能崩溃的我被队友丢进鱼缸边哭边喊我讨厌你们的温柔,3,545
2025,1,1567,中国科学技术大学,这对吗这不队,3,546
2025,1,1567,浙江工业大学,25ZJUT8,3,546
2025,1,1569,福州大学,福大14队,3,549
2025,1,1570,华中农业大学,憧憬成为AC大帝,3,550
2025,1,1570,上海海洋大学,Beyond the Sky,3,550
2025,1,1572,五邑大学,这是什么学校,3,552
2025,1,1572,中北大学,队友高数挂了还能打XCPC吗?,3,552
2025,1,1574,青岛大学,接下来我将提交一发并AC,3,554
2025,1,1574,华南理工大学,我WA故我在,3,554
2025,1,1576,郑州轻工业大学,太嚣张了放学怕被堵,3,555
2025,1,1577,中国海洋大学,请输入文本,3,556
2025,1,1578,河南财经政法大学,我要找妈妈,3,557
2025,1,1579,哈尔滨商业大学,刘雨馨和她的挂件们,3,558
2025,1,1580,陕西师范大学,宋,3,559
2025,1,1581,宁波大学,旧照片,3,560
2025,1,1582,武汉轻工大学,whpu03,3,561
2025,1,1582,湘潭大学,湘大四队,3,561
2025,1,1584,山西财经大学,除尘布队,3,563
2025,1,1585,上海师范大学,赛前不小心通宵了,3,565
2025,1,1586,北京电子科技学院,丢掉幻想准备斗争,3,566
2025,1,1587,河南师范大学,加载中,3,568
2025,1,1587,北京电子科技学院,罚时罚到外婆桥,3,568
2025,1,1589,华南师范大学,wa学弟幻想ac,3,570
2025,1,1590,苏州大学,wa乃兵家常事,3,571
2025,1,1590,湖南农业大学,被资本针队,3,571
2025,1,1592,燕山大学,燕大3队,3,575
2025,1,1593,中国石油大学(华东),UPC2021,3,577
2025,1,1593,南京邮电大学,njupt25team008,3,577
2025,1,1593,东北大学秦皇岛分校,二十四桥明月夜,3,577
2025,1,1596,山东大学(威海),艰难依旧坚持,3,578
2025,1,1597,齐鲁工业大学,青衿之志,3,585
2025,1,1598,浙江师范大学,听取WA声一片,3,589
2025,1,1598,福建农林大学,多给一分行不行,3,589
2025,1,1600,浙江工商大学,博神带俩坑,3,591
2025,1,1601,湖南中医药大学,你还会爱我吗对不队,3,599
2025,1,1601,北方工业大学,明天再补题,3,599
2025,1,1603,武汉纺织大学,A了,3,613
2025,1,1603,嘉应学院,吓我一跳我释放忍术,3,613
2025,1,1605,中南林业科技大学,CSUFT3,3,614
2025,1,1606,湖南工学院,我们必须想象打铁是幸福的,3,615
2025,1,1606,石家庄铁道大学,崩坏:庄窠铁道,3,615
2025,1,1608,合肥工业大学宣城校区,我们打得都队,3,617
2025,1,1609,广州大学,我不是瓦批,3,621
2025,1,1610,山东大学(威海),我大概一辈子也忘不了xcpc吧,3,622
2025,1,1611,哈尔滨工业大学,"加载中,请稍候",3,626
2025,1,1612,上海对外经贸大学,猫馔,3,629
2025,1,1613,合肥大学,反正能过样例,3,637
2025,1,1614,山东工商学院,南极洲的return,3,638
2025,1,1614,华北电力大学(保定),pwq不会起名字、,3,638
2025,1,1616,江西理工大学,样例过了就行,3,652
2025,1,1617,山东大学,幻术协奏,3,658
2025,1,1618,江西财经大学,我很贪心很想赢,3,662
2025,1,1619,大连理工大学,dlut06,3,673
2025,1,1620,沈阳化工大学,鼠鼠我两眼懵逼感觉看到了太奶,3,674
2025,1,1621,太原科技大学,想不出来队名,3,675
2025,1,1622,江苏海洋大学,派大星暴打猫猫头,3,676
2025,1,1623,华侨大学,华侨大学1队,3,679
2025,1,1624,成都信息工程大学,如果有一天爱上了算法竞赛,3,681
2025,1,1625,郑州轻工业大学,遥遥领先,3,684
2025,1,1626,湖南大学,工信,3,695
2025,1,1626,中国科学技术大学,库特胜利,3,695
2025,1,1628,河北工业大学,"不需要 ap 和 aj,需要 ac",3,697
2025,1,1629,惠州学院,废柴精灵队,3,698
2025,1,1630,东莞理工学院,干饭就是力量,3,731
2025,1,1631,山东大学,吴郭陈,3,739
2025,1,1632,厦门大学,我也想跟你们一样厉害,3,769
2025,1,1633,成都信息工程大学,如果队友可以变成算法大佬然后把我带飞的话......,3,772
2025,1,1634,山东工商学院,古希腊掌管时间与空间的神,3,788
2025,1,1635,中国计量大学,天生赢家,3,814
2025,1,1636,台州学院,胡桃率先出击,3,851
2025,1,1637,河北师范大学,又双叒叕超时了,3,903
2025,1,1638,成都信息工程大学,逆风翻盘,3,908
2025,1,1639,琼台师范学院,忘了我也无所谓,3,968
2025,1,1640,中国地质大学(北京),AC搬运机,3,1016
2025,1,1641,宁波财经学院,宁波财经学院1,2,47
2025,1,1642,滁州学院,名字好也没用,2,53
2025,1,1643,大连海事大学,偶然相遇Acceptism,2,63
2025,1,1644,河南工业大学,夜 向日葵,2,71
2025,1,1645,阜阳师范大学,严曰.pdf,2,72
2025,1,1645,安阳工学院,别吃外卖了,2,72
2025,1,1647,哈尔滨工业大学(威海),被ICPC暴打,2,73
2025,1,1648,中国地质大学(北京),我要睡午觉,2,76
2025,1,1649,南京林业大学,青春acmer少年爱上了瓦学姐,2,78
2025,1,1650,上海理工大学,3英大战ACM,2,80
2025,1,1651,湖南人文科技学院,代码对不队,2,82
2025,1,1651,嘉应学院,蒜鸟蒜鸟大家都不yong易对不队,2,82
2025,1,1653,香港中文大学(深圳),帅比队长研究生单挑征婚QQ搜“莱芜贝克汉姆”,2,83
2025,1,1653,河南工程学院,我来探探路,2,83
2025,1,1655,鲁东大学,太阳花,2,87
2025,1,1656,武汉轻工大学,whpu02,2,90
2025,1,1657,江西农业大学,些许风霜衣角微脏,2,93
2025,1,1658,信息工程大学,米鼠村村委会,2,94
2025,1,1658,中原工学院,秦始皇,2,94
2025,1,1660,贵州民族大学,流星亮晶晶,2,95
2025,1,1661,西安理工大学,从零开始的WA生活,2,97
2025,1,1662,福建理工大学,福建理工大学5队,2,98
2025,1,1663,成都理工大学,——牛马分界线——,2,101
2025,1,1664,武汉科技大学,天地一家大爱盟,2,103
2025,1,1665,武汉理工大学,样例没过也要交,2,104
2025,1,1665,山东大学,梦想家Sleeping Thinkers,2,104
2025,1,1667,河南师范大学,师大旺爷爷后援团3群,2,105
2025,1,1668,中国民航大学,记得开龙龙,2,106
2025,1,1669,河南师范大学,星愿残响,2,107
2025,1,1669,绍兴理工学院,难道说,2,107
2025,1,1671,北师香港浸会大学,"收下吧,这是我最后的AC了",2,108
2025,1,1671,阜阳师范大学,汪汪汪汪汪汪队,2,108
2025,1,1673,南阳理工学院,再wa一发,2,109
2025,1,1673,西安邮电大学,三个火枪手,2,109
2025,1,1675,哈尔滨理工大学,HRBUST7,2,110
2025,1,1675,中国科学技术大学,WA也是A,2,110
2025,1,1675,浙江工商大学,咕咕嘎嘎,2,110
2025,1,1678,河南师范大学,所以爱会消失对不对dT-Tb,2,111
2025,1,1678,中山大学,能和我打一辈子ICPC吗,2,111
2025,1,1680,怀化学院,真的热爱ACM吗,2,112
2025,1,1681,河海大学,堵桥来,2,113
2025,1,1682,丽水学院,AK培养手册,2,115
2025,1,1682,华南师范大学,二进制舒芙蕾,2,115
2025,1,1684,青岛理工大学,等下一个天亮,2,116
2025,1,1685,湖北中医药大学,"我依然故我,于终幕之上",2,118
2025,1,1685,安徽师范大学,天绫绫地宁宁,2,118
2025,1,1687,广州城市理工学院,塞翁失码,2,119
2025,1,1687,中原工学院,只是有点难度,2,119
2025,1,1689,湖南城市学院,对,2,120
2025,1,1689,山东大学,LAMBDA拉面大师,2,120
2025,1,1691,南阳理工学院,你不会离开我的对不对,2,121
2025,1,1692,河南工程学院,南苑一队,2,122
2025,1,1693,东华理工大学,哈基米南北绿豆,2,123
2025,1,1693,广州大学,绝对不爆零,2,123
2025,1,1695,陕西师范大学,Not Found 404,2,124
2025,1,1695,上海科技大学,FastIO,2,124
2025,1,1695,河南工程学院,南苑四队,2,124
2025,1,1698,西华大学,无名,2,125
2025,1,1698,南京晓庄学院,河南队长飞井盖,2,125
2025,1,1700,天津科技大学,四星古神不敌王林,2,126
2025,1,1701,宁波职业技术大学,牢大,2,127
2025,1,1702,山西工程科技职业大学,你知道吗,2,128
2025,1,1702,东北大学秦皇岛分校,牛叉的队名,2,128
2025,1,1704,华中师范大学,一二九四四,2,130
2025,1,1705,河北科技大学,性感小野猫,2,131
2025,1,1705,北京语言大学,轮椅压牛算猪脚吗,2,131
2025,1,1705,浙江工商大学,瑞神和他的队友们,2,131
2025,1,1708,上海第二工业大学,这次别叫奶龙了,2,132
2025,1,1709,浙江科技大学,分母,2,133
2025,1,1709,浙江工商大学,重生之我是奶龙,2,133
2025,1,1711,西安工业大学,仙宫四队,2,134
2025,1,1711,成都理工大学工程技术学院,最短路原来不是让脑子短路的算法啊,2,134
2025,1,1711,中国民航大学,重生之我在航大抗大旗,2,134
2025,1,1714,湖南财政经济学院,"铁汁,别生气",2,135
2025,1,1714,青岛理工大学,起名废来的,2,135
2025,1,1716,浙江科技大学,逆水行舟,2,136
2025,1,1717,湖南工学院,从容应队,2,137
2025,1,1718,河南师范大学,别指望我们队,2,139
2025,1,1718,广东金融学院,活该你打XCPC,2,139
2025,1,1720,河南财经政法大学,亚托莉,2,141
2025,1,1720,山东理工大学,arknights重度依赖吗?,2,141
2025,1,1722,广西科技大学,哈基米南北绿豆,2,142
2025,1,1722,绍兴理工学院,bug里找代码,2,142
2025,1,1724,南昌航空大学,交一发试试对不队,2,143
2025,1,1725,山东师范大学,最后亿舞,2,144
2025,1,1726,大连理工大学盘锦校区,愿所有美好都被祝福,2,145
2025,1,1726,武汉科技大学,Re:从零开始的acm打铁生活,2,145
2025,1,1728,合肥大学,一个NPC,2,146
2025,1,1728,成都信息工程大学,一码向前,2,146
2025,1,1730,东华大学,不吃蔬菜,2,148
2025,1,1731,华中师范大学,月光化樱吹雪成泥,2,149
2025,1,1732,贵州工程应用技术学院,被流放到广州的菜鸟,2,151
2025,1,1733,成都锦城学院,三只老bee登,2,154
2025,1,1733,沈阳化工大学,从容应队,2,154
2025,1,1733,中南民族大学,曙光,2,154
2025,1,1733,郑州轻工业大学,燎原之盒,2,154
2025,1,1737,天津理工大学,TJUT_样例杀手不杀样例,2,156
2025,1,1738,成都东软学院,挂科可以补考打a不行,2,157
2025,1,1738,宁波财经学院,宁波财经学院2,2,157
2025,1,1738,中南民族大学,番茄,2,157
2025,1,1741,长春工业大学,不求人,2,158
2025,1,1742,东北农业大学,广告位招租,2,163
2025,1,1743,石家庄铁道大学,WA学弟这招太狠了,2,164
2025,1,1744,香港科技大学(广州),过了样例就能队,2,168
2025,1,1745,安阳工学院,不要WaWa叫,2,169
2025,1,1745,河南师范大学,哈气三小只,2,169
2025,1,1747,上海电力大学,爆裂黎明,2,171
2025,1,1748,浙江万里学院,梦想是咸鱼,2,172
2025,1,1748,苏州大学,罗杰的最后一个WA,2,172
2025,1,1750,湖南财政经济学院,发际线和我作队,2,173
2025,1,1751,黑龙江工程学院,青春期考研学长不会遇到打a学妹,2,174
2025,1,1751,湘潭大学,湘大五队,2,174
2025,1,1753,江西理工大学,EXO e不发音,2,175
2025,1,1754,武昌理工学院,松弛感,2,176
2025,1,1755,同济大学,C++养老院,2,177
2025,1,1755,合肥大学,难猜,2,177
2025,1,1757,四川现代职业学院,唯有遗忘最漫长,2,178
2025,1,1758,南华大学,想不出队名,2,179
2025,1,1758,安阳工学院,代码突击队,2,179
2025,1,1760,山东师范大学,未言终局,2,181
2025,1,1761,江西财经大学,别开香槟开早了,2,182
2025,1,1762,湖北师范大学,WA!AC!,2,183
2025,1,1762,中国计量大学现代科技学院,TLE on Test 114514,2,183
2025,1,1764,浙江金融职业学院,过去香香软软的我已经死掉了,2,184
2025,1,1765,兰州大学,1FB,2,185
2025,1,1766,中国地质大学(武汉),折磨评测机,2,186
2025,1,1766,宁波工程学院,在ICPC上花35分钟切了0道题排行第234,2,186
2025,1,1766,广东工业大学揭阳校区,WA与蒟蒻同在,2,186
2025,1,1766,河北科技大学,编译不通过就打队友队,2,186
2025,1,1770,海南大学,原地RE三次改完发现样例都没过后悲惨printf(“AC”),2,188
2025,1,1771,南京工业大学,燃尽仍未知道那题AC的模样,2,189
2025,1,1771,上海杉达学院,完赛后舞萌俱乐部,2,189
2025,1,1771,南京大学,叉烧猫大战奶茶鼠,2,189
2025,1,1774,常州工学院,时光流逝AC依旧未到,2,190
2025,1,1775,中国矿业大学,wawa队立大功,2,191
2025,1,1775,湖南农业大学,不要指望我们,2,191
2025,1,1777,黑龙江大学,黑大舞队,2,192
2025,1,1778,兰州大学,希望别爆零,2,195
2025,1,1778,嘉应学院,三个老大爷强闯幼儿园,2,195
2025,1,1778,浙江万里学院,管她对不队,2,195
2025,1,1781,江西农业大学,"前面忘了,中间忘了,后面忘了",2,196
2025,1,1781,广东工业大学揭阳校区,广度优先摸鱼,2,196
2025,1,1783,乐山师范学院,比赛就是平A然后猛C,2,197
2025,1,1783,山东石油化工学院,const AC宇宙的尽头,2,197
2025,1,1783,南京林业大学,超时是日常队,2,197
2025,1,1786,安阳工学院,读不懂题目就睡觉,2,199
2025,1,1787,江南大学,关于我转生成acmer的这档事,2,201
2025,1,1788,重庆邮电大学,憧憬成为ACM高手,2,202
2025,1,1789,潍坊学院,大三难铜的最后一舞,2,204
2025,1,1789,沈阳化工大学,打完回家吃饭,2,204
2025,1,1789,上海财经大学,求求你别WA,2,204
2025,1,1792,山东科技大学,普林斯顿号,2,206
2025,1,1793,中国矿业大学,码到成功,2,207
2025,1,1794,徐州工程学院,O(梦),2,208
2025,1,1794,江西农业大学,什么都不会,2,208
2025,1,1796,惠州学院,Debug到凌晨三点半,2,211
2025,1,1796,浙大宁波理工学院,浙大宁理6队,2,211
2025,1,1798,河南理工大学,HPU-5,2,212
2025,1,1799,南京中医药大学,爆炒代码,2,215
2025,1,1799,湖南财政经济学院,为美好的世界献上AC!,2,215
2025,1,1801,山东科技大学,托尔斯泰号,2,216
2025,1,1801,山东师范大学,无限流bug,2,216
2025,1,1803,南昌理工学院,2025 南理 4 队,2,218
2025,1,1804,大连外国语大学,std::mt19937,2,220
2025,1,1805,南京航空航天大学,下班,2,221
2025,1,1805,乐山师范学院,三张王牌,2,221
2025,1,1807,西华师范大学,从爆零开始的算竞生活,2,224
2025,1,1807,哈尔滨理工大学(荣成),长征3队,2,224
2025,1,1807,江西农业大学,遇到困难睡大觉,2,224
2025,1,1810,苏州大学,天外来物,2,225
2025,1,1811,宁波职业技术大学,铁牌也是牌,2,227
2025,1,1812,江西财经大学,ac梦不是梦,2,228
2025,1,1812,东北农业大学,"叶公好龙,但是奶龙",2,228
2025,1,1812,中山大学,中山大学-山中大学,2,228
2025,1,1815,天津工业大学,算法三剑客,2,232
2025,1,1816,天津工业大学,疯狂星期四V我50,2,233
2025,1,1817,广西科技大学,这一发·来自终焉,2,234
2025,1,1817,河南科技学院,重生ACM赛场之欢迎来到王者荣耀,2,234
2025,1,1817,浙江农林大学,AveMujica,2,234
2025,1,1817,云南大学,玉兰花,2,234
2025,1,1821,广东工业大学揭阳校区,Starlight Woven,2,236
2025,1,1822,北京工业大学,苦来惜苦,2,237
2025,1,1822,衡阳师范学院,两面包夹芝士,2,237
2025,1,1822,南京理工大学泰州科技学院,那就不要再留遗憾了吧,2,237
2025,1,1822,山东科技大学,星座号,2,237
2025,1,1822,陕西科技大学,BSH,2,237
2025,1,1827,丽水学院,希翼之门,2,238
2025,1,1828,安阳工学院,我要AC队,2,239
2025,1,1828,东北大学秦皇岛分校,傲娇白毛萝莉,2,239
2025,1,1830,上海电力大学,对吗?不对,2,242
2025,1,1831,哈尔滨理工大学(荣成),长征4队,2,244
2025,1,1832,浙大宁波理工学院,浙大宁理7队,2,247
2025,1,1832,河南工程学院,海底小纵汪汪队,2,247
2025,1,1832,山东科技大学,无惧号,2,247
2025,1,1832,湖州师范学院,执迷不悟,2,247
2025,1,1836,中央民族大学,低语的月亮,2,249
2025,1,1837,西南财经大学,全数队,2,254
2025,1,1838,齐鲁工业大学,知行合一,2,256
2025,1,1839,山东工商学院,123队,2,258
2025,1,1839,中国矿业大学,5年oi三年io,2,258
2025,1,1841,怀化学院,啊对对队,2,259
2025,1,1842,南京邮电大学,njupt25team017,2,262
2025,1,1843,华南师范大学,我不知道,2,267
2025,1,1844,香港理工大学,Deepseek跑出来,2,269
2025,1,1845,安徽大学,想要飞升萝莉星球,2,272
2025,1,1845,山东大学,人活着就是为了樱岛麻衣,2,272
2025,1,1845,长沙理工大学,长理不包吃住,2,272
2025,1,1848,安阳师范学院,Hello World,2,273
2025,1,1848,华南农业大学,一一得一,2,273
2025,1,1850,绍兴理工学院,省赛没牌全怪奶龙,2,275
2025,1,1851,惠州学院,三人成伍,2,276
2025,1,1851,浙江财经大学,浙江财大6队,2,276
2025,1,1853,南昌理工学院,2025 南理 2 队,2,277
2025,1,1854,湖南理工学院,我不要拿铁,2,279
2025,1,1854,北京电子科技学院,不知道叫什么队,2,279
2025,1,1856,苏州大学,汪汪队,2,280
2025,1,1856,长沙理工大学,重生之我在长理打A,2,280
2025,1,1856,香港大学,想要成为icpc糕手,2,280
2025,1,1859,内蒙古师范大学,内师一队,2,281
2025,1,1859,苏州大学,猿神起洞,2,281
2025,1,1859,南昌大学,While(true) AC,2,281
2025,1,1859,中原工学院,什么都不队,2,281
2025,1,1863,泉州信息工程学院,火箭虫子吃的马铃薯是土豆,2,282
2025,1,1863,北京师范大学,许愿出金不歪,2,282
2025,1,1865,五邑大学,这是什么学院,2,284
2025,1,1866,成都师范学院,CDNU-1,2,287
2025,1,1866,同济大学,待兼诗歌剧,2,287
2025,1,1868,温州大学,温大三队,2,289
2025,1,1868,中国科学技术大学,三个臭皮匠,2,289
2025,1,1868,浙江金融职业学院,浙金院一队,2,289
2025,1,1871,江西农业大学,战斗爽,2,292
2025,1,1872,大连理工大学,dlut09,2,293
2025,1,1873,南京邮电大学,njupt25team016,2,295
2025,1,1874,同济大学,队的队的哦不队不队,2,297
2025,1,1875,湖州师范学院,给予智慧,2,299
2025,1,1876,江西师范大学,RuntimeError,2,302
2025,1,1876,青岛科技大学,不吃罚时,2,302
2025,1,1878,南昌理工学院,2025 南理 3 队,2,303
2025,1,1879,南京工业职业技术大学,南工院1队,2,305
2025,1,1879,乐山师范学院,一A二C三M,2,305
2025,1,1881,中国地质大学(武汉),ACM自动寄,2,306
2025,1,1882,西南交通大学,全国可飞队,2,307
2025,1,1882,江汉大学,鸡煲队鸡煲队,2,307
2025,1,1884,丽水学院,404NotFound,2,308
2025,1,1884,华中师范大学,请输入文本,2,308
2025,1,1886,成都信息工程大学,光之三妖精的DEBUG大冒险,2,310
2025,1,1887,衡阳师范学院,清晏,2,312
2025,1,1887,湖南农业大学,湘农码农突击队,2,312
2025,1,1889,山东科技大学,真理号,2,314
2025,1,1890,台州学院,声声man,2,315
2025,1,1891,浙江农林大学,yuzu_soft,2,318
2025,1,1892,浙大宁波理工学院,浙大宁理4队,2,319
2025,1,1892,上海海事大学,算法梦,2,319
2025,1,1894,盐城工学院,骁刃,2,323
2025,1,1894,南京航空航天大学,0xAC小队,2,323
2025,1,1896,北京工业大学,得胜已是定局,2,325
2025,1,1896,河南工业大学,长夜破晓,2,325
2025,1,1896,山东大学(威海),ACM狗队,2,325
2025,1,1899,深圳技术大学,SZTU_没有她的四月,2,326
2025,1,1900,哈尔滨理工大学,HRBUST12,2,328
2025,1,1901,河南科技学院,重生之我在ACM赛场上原神启动,2,330
2025,1,1902,青岛大学,烨晨长安,2,332
2025,1,1902,哈尔滨工业大学,为无机世界增添色彩-2,2,332
2025,1,1904,华南农业大学,妈妈说名字太长会被记住,2,334
2025,1,1905,南昌航空大学科技学院,关于想取一个抽象的名字但是想不出来这件事,2,335
2025,1,1905,浙江工商大学,三人行,2,335
2025,1,1907,成都锦城学院,罚坐艺术家,2,336
2025,1,1908,中国矿业大学(北京),京矿分队,2,338
2025,1,1908,南京邮电大学,njupt25team012,2,338
2025,1,1910,西南石油大学,swpu_2,2,339
2025,1,1911,浙江工商大学,上厕所,2,341
2025,1,1911,成都信息工程大学,不要指望我们队,2,341
2025,1,1913,东南大学,最不会取名,2,342
2025,1,1914,南昌航空大学,码上就好,2,343
2025,1,1914,中央民族大学,acmer去看蛤蟆先生,2,343
2025,1,1916,青岛理工大学,你好,2,347
2025,1,1917,大连海事大学,都行,2,348
2025,1,1918,浙江财经大学,浙江财经大学7队,2,350
2025,1,1919,南京信息工程大学,玄机策揽玲珑霄,2,351
2025,1,1920,华南师范大学,后来的我们,2,352
2025,1,1920,江西师范大学,巧匠,2,352
2025,1,1922,济南大学,轮回之终末,2,354
2025,1,1923,天津工业大学,组一辈子乐队,2,355
2025,1,1923,西安工业大学,仙宫三队,2,355
2025,1,1925,香港城市大学,九龙塘妙妙屋,2,356
2025,1,1925,西南石油大学,此夜灯火长明,2,356
2025,1,1927,香港中文大学(深圳),米奇妙妙屋,2,357
2025,1,1927,苏州大学,复行数十步,2,357
2025,1,1927,华南理工大学,组一辈子乐队,2,357
2025,1,1930,中国科学技术大学,[74][645][434],2,358
2025,1,1930,江西财经大学,让我拿个奖吧求求了,2,358
2025,1,1932,南京航空航天大学,爆栈仙人,2,359
2025,1,1933,重庆第二师范学院,Brute Mode,2,360
2025,1,1934,昆山杜克大学,昆杜三队,2,361
2025,1,1935,沈阳师范大学,队长霸占机子疯狂A题,2,362
2025,1,1935,湖北工业大学,猫真的尽力了,2,362
2025,1,1937,浙江理工大学,对...对吗?对的对的,2,365
2025,1,1938,河海大学,在网络赛寻求奖牌是否搞错了什么,2,366
2025,1,1938,阜阳师范大学,偷偷打比赛,2,366
2025,1,1940,中国矿业大学徐海学院,耄耋是铜不打铁,2,369
2025,1,1941,南京晓庄学院,六兆年ap大佬带我飞,2,371
2025,1,1941,无锡学院,ACM~我挚爱的时光,2,371
2025,1,1943,西安邮电大学,"韬光养晦,再夺天时",2,372
2025,1,1944,西安建筑科技大学,测评机再救我一次,2,375
2025,1,1945,厦门理工学院,有了有了,2,380
2025,1,1945,北京邮电大学世纪学院,想鼠,2,380
2025,1,1945,北京工业大学,随机数猜答案,2,380
2025,1,1948,浙大城市学院,从容应队,2,382
2025,1,1949,中国地质大学(武汉),说话都带泥土味儿的AC蒟蒻机,2,383
2025,1,1950,成都理工大学,三位大帝码的天昏地暗键盘上的包浆都磨灭了,2,385
2025,1,1950,广州大学,蛞蝓猫猫队,2,385
2025,1,1952,华东师范大学,AAA铜牌批发,2,386
2025,1,1952,北京电子科技学院,蒙的全队,2,386
2025,1,1954,太原理工大学,新风,2,387
2025,1,1954,燕山大学,燕大2队,2,387
2025,1,1956,河北科技大学,不爆零就算成功,2,389
2025,1,1957,惠州学院,编译器说没问题,2,391
2025,1,1958,中国民航大学,盖世双谐,2,392
2025,1,1959,山东财经大学,!,2,396
2025,1,1960,四川信息职业技术学院,红鲤鱼与绿鲤鱼与驴o.〇,2,399
2025,1,1961,南京农业大学,码到成功,2,400
2025,1,1962,宁夏大学,鹅鹅鹅鹅,2,402
2025,1,1963,长安大学,因为太怕WA所以全点AC了,2,403
2025,1,1964,江南大学,凹嗷奥熬袄,2,404
2025,1,1965,郑州经贸学院,独木难成林,2,406
2025,1,1966,同济大学,哪来那么多队,2,407
2025,1,1967,三峡大学,三大3队,2,414
2025,1,1968,河南农业大学,500请求失败,2,415
2025,1,1968,常熟理工学院(苏州工学院),哈基米南北绿豆,2,415
2025,1,1970,成都东软学院,蛋黄瑞士卷,2,418
2025,1,1971,大连大学,DLU2,2,419
2025,1,1972,西华师范大学,三个幸福南梁,2,420
2025,1,1972,上海科技大学,WA的一声就哭了,2,420
2025,1,1974,宁波诺丁汉大学,深邃黑暗幻想队,2,425
2025,1,1975,大连海事大学,忘记CF REG,2,428
2025,1,1976,延安大学西安创新学院,M属性大爆发,2,432
2025,1,1977,延边大学,延边大学1队,2,441
2025,1,1978,福建商学院,福商一队,2,443
2025,1,1979,中国科学技术大学,天绫绫地宁宁,2,449
2025,1,1980,哈尔滨理工大学,HRBUST6,2,451
2025,1,1980,同济大学,静态规划,2,451
2025,1,1982,兰州大学,三个臭皮匠,2,452
2025,1,1983,西南财经大学,编译通过就下班,2,453
2025,1,1984,华北水利水电大学,菜鸡花钱坐牢,2,456
2025,1,1985,重庆大学,代码奇点,2,460
2025,1,1986,昆山杜克大学,昆杜二队,2,462
2025,1,1987,上海理工大学,三行代码让评测机哭着喊AC,2,463
2025,1,1988,乐山师范学院,让我过一下,2,467
2025,1,1988,同济大学,cia不多得llo~(∠・ω< )⌒☆,2,467
2025,1,1990,中南民族大学,我是刻晴 璃月七星中的电弧星,2,469
2025,1,1991,山西大学,安慕希暴力打铁Ciallo~(∠・ω< )⌒★,2,472
2025,1,1992,重庆交通大学,重生之拿下ACM奖牌,2,474
2025,1,1993,潍坊学院,预测试2答案错误,2,491
2025,1,1994,中国矿业大学,重生之我们打进了wf,2,493
2025,1,1994,西安建筑科技大学,兄弟你好香,2,493
2025,1,1996,闽南师范大学,青春acmer会梦到赛码娘吗,2,495
2025,1,1997,山东科技大学济南校区,卷摆二象性,2,498
2025,1,1998,鲁东大学,编译月华曲,2,501
2025,1,1999,延安大学西安创新学院,永恒不变的斐波那契,2,507
2025,1,2000,辽宁师范大学,AC不了一点,2,513
2025,1,2001,华北水利水电大学,未照耀的荣光,2,531
2025,1,2001,东北师范大学,ac不wa队,2,531
2025,1,2003,中北大学,重生之指挥官在罗德岛打XCPC,2,533
2025,1,2004,南昌航空大学,算命代码,2,550
2025,1,2005,琼台师范学院,好石头在火山,2,552
2025,1,2006,重庆交通大学,XYZ,2,554
2025,1,2007,五邑大学,这是什么大专,2,561
2025,1,2008,云南财经大学,单人成行,2,590
2025,1,2009,西华师范大学,这到底对不队,2,611
2025,1,2010,韶关学院,icpc后援队,2,705
2025,1,2011,哈尔滨理工大学(荣成),长征5队,2,711
2025,1,2012,内蒙古大学,哇哇哇,1,18
2025,1,2013,上海财经大学,没事情干所以来组队,1,20
2025,1,2013,南京理工大学泰州科技学院,别骂了我在努力A了,1,20
2025,1,2013,安徽师范大学,随缘,1,20
2025,1,2016,山东财经大学,请输入文本,1,23
2025,1,2017,江西财经大学,蛋仔派队,1,24
2025,1,2017,东华大学,缝纫机糕手,1,24
2025,1,2019,山东大学,。。。,1,29
2025,1,2020,东北农业大学,这偌大集训队真没有第四个麻将er吗,1,30
2025,1,2021,惠州学院,楼上拉我一把,1,31
2025,1,2022,成都大学,CDU3,1,34
2025,1,2022,大连海事大学,debug不如喝奶茶,1,34
2025,1,2022,保定学院,仨人机,1,34
2025,1,2025,东南大学,叶天舟,1,35
2025,1,2026,武汉大学,管你对不队,1,37
2025,1,2027,华南农业大学,scau—9,1,39
2025,1,2027,海南大学,赛前不要喝拿铁,1,39
2025,1,2029,大连大学,DLU1,1,40
2025,1,2030,北京语言大学,Town In Go能不能AC?回答我!,1,41
2025,1,2031,南昌大学,对对队,1,44
2025,1,2032,香港理工大学,POLYU-1,1,46
2025,1,2033,湖北经济学院,涅槃重生队,1,47
2025,1,2034,广州城市理工学院,报了名还想拿牌子?,1,48
2025,1,2035,太原理工大学,事不过10086,1,49
2025,1,2036,徐州工程学院,调参不如摸鱼,1,52
2025,1,2037,台州学院,别炸我青铜,1,54
2025,1,2038,山东大学,从山大中来到大山中去,1,55
2025,1,2038,北京电子科技学院,从零到一的指针,1,55
2025,1,2038,南京晓庄学院,CET还我钱,1,55
2025,1,2038,哈尔滨理工大学,HRBUST2,1,55
2025,1,2042,云南大学,山茶花,1,57
2025,1,2042,北京语言大学,你说天堂支点TLE是什么意思,1,57
2025,1,2042,宜春学院,蓬莱人形,1,57
2025,1,2042,武汉大学,TripleCore,1,57
2025,1,2046,武汉商学院,栈溢出救援队,1,58
2025,1,2047,大连理工大学城市学院,OPPO A5,1,59
2025,1,2048,长沙理工大学,厂里真练技术,1,60
2025,1,2049,哈尔滨理工大学,HRBUST3,1,61
2025,1,2050,浙江万里学院,砥砺前行,1,62
2025,1,2051,成都锦城学院,重在参与,1,64
2025,1,2051,武汉职业技术大学,两只老虎,1,64
2025,1,2053,成都信息工程大学,"诡计多端,却无法做到QAQ",1,65
2025,1,2054,成都理工大学,双人不成行,1,66
2025,1,2055,广州大学,一轮游,1,68
2025,1,2056,中国科学院大学,不知道起什么名字队,1,70
2025,1,2057,广州商学院,她与铜牌皆失,1,72
2025,1,2057,河南科技学院,这有一个队,1,72
2025,1,2059,北师香港浸会大学,翻斗花园第一码农牛爷爷,1,73
2025,1,2059,韩山师范学院,样例过了就是对,1,73
2025,1,2061,湖南人文科技学院,睡到太阳下,1,75
2025,1,2061,湖北工业大学工程技术学院,过了样例就是队,1,75
2025,1,2061,中国计量大学,贝利亚骑奶龙,1,75
2025,1,2064,浙江农林大学,GISer不穿粉领,1,76
2025,1,2065,河北师范大学,码划疼我们会赢吗,1,79
2025,1,2065,南通大学,唐完之后是宋,1,79
2025,1,2067,中国石油大学(华东),UPC2013,1,81
2025,1,2067,山东科技大学,地平线号,1,81
2025,1,2069,盐城工学院,团结拼搏,1,82
2025,1,2069,河南理工大学,code破茧,1,82
2025,1,2071,杭州师范大学,猫猫虫大战acm,1,83
2025,1,2072,浙江工商大学,哆啦ak,1,85
2025,1,2073,延安大学西安创新学院,acm笑传程程编,1,87
2025,1,2073,成都信息工程大学,兰花草,1,87
2025,1,2075,成都锦城学院,A不了真C了,1,89
2025,1,2076,哈尔滨理工大学,HRBUST14,1,90
2025,1,2077,浙江科技大学,对对队,1,94
2025,1,2077,西湖大学,代码成双,1,94
2025,1,2077,桂林航天工业学院,江南可乐,1,94
2025,1,2080,乐山师范学院,我的名字,1,95
2025,1,2080,华东理工大学,通海湖裸泳君,1,95
2025,1,2082,江汉大学,三小只,1,96
2025,1,2083,浙江工商大学,双人成行,1,97
2025,1,2083,哈尔滨商业大学,天堂之门,1,97
2025,1,2085,山东农业大学,"绝密ACM,堵判题机来",1,101
2025,1,2085,河南财经政法大学,爆零这种事不要啊,1,101
2025,1,2087,中国科学技术大学,广告位招租,1,104
2025,1,2088,琼台师范学院,蒸蒸日上,1,105
2025,1,2089,广州南方学院,茉法少女,1,109
2025,1,2090,西南财经大学,小木头,1,110
2025,1,2091,北京语言大学,只会暴力模拟的蒟蒻在ICPC上该如何是好,1,112
2025,1,2092,广州华商学院,打wa糕手,1,116
2025,1,2092,南京邮电大学,njupt25team015,1,116
2025,1,2094,太原理工大学,优先队列,1,119
2025,1,2095,暨南大学,不AC也要来滴茶,1,130
2025,1,2096,五邑大学,这是什么天气,1,131
2025,1,2097,浙江工商大学,锋芳施韵,1,136
2025,1,2098,乐山师范学院,运行超时再改改,1,139
2025,1,2099,香港浸会大学,484B4255205445414D20326E64,1,140
2025,1,2100,山东大学,bug自动机,1,141
2025,1,2100,沈阳化工大学,若能绽放光芒,1,141
2025,1,2102,重庆交通大学,循环到天亮,1,144
2025,1,2102,天津工业大学,"""代码对不""队",1,144
2025,1,2104,河南工程学院,码力全开队,1,145
2025,1,2105,苏州大学,代码提交长度限制十万字符,1,146
2025,1,2106,五邑大学,这是什么专业,1,147
2025,1,2107,上海纽约大学,上纽1队,1,149
2025,1,2108,南京航空航天大学,跳舞的彩色蟑螂,1,154
2025,1,2109,成都东软学院,编译报错一定是主办方动我机子了,1,155
2025,1,2110,哈尔滨工程大学,购入了一支名为AC的绿色股票,1,161
2025,1,2111,浙大宁波理工学院,浙大宁理11队,1,162
2025,1,2112,南昌大学,码上AC,1,164
2025,1,2113,丽水学院,萌萌香后援团,1,168
2025,1,2114,中南林业科技大学,CSUFT4,1,176
2025,1,2115,江苏理工学院,正在加载中......,1,179
2025,1,2116,南京林业大学,那我问你这道题你AC了吗,1,182
2025,1,2117,北京印刷学院,因人RE,1,185
2025,1,2118,东北师范大学,碱基互补配队,1,186
2025,1,2119,厦门理工学院,我再也不玩mc了,1,187
2025,1,2119,丽水学院,为了AC练就铁腚,1,187
2025,1,2119,湖南中医药大学,会编程是什么感觉,1,187
2025,1,2122,山东科技大学济南校区,哈基米南北绿多,1,191
2025,1,2123,南京农业大学,三--缺一不可,1,193
2025,1,2124,潍坊学院,无名,1,194
2025,1,2125,宁夏大学,一谈了过,1,195
2025,1,2126,成都东软学院,"重生之我在东软打a,从最弱逆袭到最强,并走上人生巅峰",1,196
2025,1,2127,哈尔滨理工大学,HRBUST11,1,201
2025,1,2128,中国海洋大学,JavaFriedRice,1,206
2025,1,2129,青岛科技大学,让俺先A一道,1,207
2025,1,2130,北京语言大学,三行杀码客,1,214
2025,1,2130,华东师范大学,讨厌TLE,1,214
2025,1,2132,成都东软学院,晚安,1,218
2025,1,2133,天津仁爱学院,tjrac网络赛队伍4,1,219
2025,1,2134,上海财经大学,虾糊闹,1,221
2025,1,2135,大连民族大学,好好好,1,224
2025,1,2136,重庆大学,AAA在线AK,1,232
2025,1,2137,河南农业大学,二分找茬队,1,234
2025,1,2138,四川信息职业技术学院,Ciallo~,1,238
2025,1,2139,燕京理工学院,不会AC就只能去静香妈妈家打WA了,1,241
2025,1,2140,湖北中医药大学,打完去码头整点薯条,1,243
2025,1,2141,成都信息工程大学,神秘蓝毛小萝莉和粉毛眼镜妹和棕毛魔法少女,1,244
2025,1,2142,哈尔滨理工大学,HRBUST15,1,245
2025,1,2142,哈尔滨理工大学,HRBUST10,1,245
2025,1,2144,山东科技大学,疯马号,1,254
2025,1,2144,上饶师范学院,饶师院一队,1,254
2025,1,2146,中国民航大学,彩虹小队,1,263
2025,1,2147,天津仁爱学院,tjrac网络赛队伍2,1,264
2025,1,2148,上饶师范学院,铁匠队,1,271
2025,1,2149,山东大学,"山大,我来啦!",1,273
2025,1,2150,上海应用技术大学,前面的区域以后再来探索吧,1,275
2025,1,2151,昆明理工大学,裁判是我六舅,1,290
2025,1,2151,同济大学,Caliburn~石中神剑,1,290
2025,1,2153,梧州学院,陵薮市朝,1,291
2025,1,2154,香港理工大学,自定义名称2,1,304
2025,1,2155,中国海洋大学,AC收割机,1,305
2025,1,2156,信息工程大学,糖的霉变,1,332
2025,1,2157,北方民族大学,编程小纵队,1,346
2025,1,2158,中国科学技术大学,空,1,368
2025,1,2159,吉利学院,哈基米,1,464
2025,2,1,北京大学,不渡轮回,11,1062
2025,2,2,北京大学,呆呆鸟,11,1171
2025,2,3,北京大学,飞带不长队,11,1256
2025,2,4,北京大学,随机匹配,11,1339
2025,2,5,清华大学,零基础新生 1 队,11,1385
2025,2,6,北京大学,一步之遥,11,1418
2025,2,7,北京大学,你先别急,10,1057
2025,2,8,清华大学,击中月亮,10,1119
2025,2,9,北京大学,蒟蒻排队,10,1140
2025,2,10,清华大学,Escape,10,1205
2025,2,11,复旦大学,使题来袭╭(╯ε╰)╮AC力场全开,10,1220
2025,2,12,北京大学,为你而来,10,1224
2025,2,13,南京大学,我们仍未知道那天所看见的acmer的名字,10,1298
2025,2,14,中山大学,中山大学-中大25一队,10,1313
2025,2,15,清华大学,家里蹲,10,1531
2025,2,16,清华大学,雾里看花,10,1542
2025,2,17,东北大学,东北大学_狐生一梦,9,1042
2025,2,18,北京大学,该用户名已被占用,9,1061
2025,2,19,浙江大学,幻想时刻,9,1090
2025,2,20,哈尔滨工业大学,哈工大ACM招新美女学姐即将跑路有意者私,9,1110
2025,2,21,北京大学,抹茶小蛋糕,9,1157
2025,2,22,清华大学,有标号带花树计数,9,1159
2025,2,23,清华大学,momomorphism,9,1198
2025,2,24,清华大学,B站多于20粉丝,9,1255
2025,2,25,复旦大学,倒头就睡,9,1266
2025,2,26,北京大学,没队名,9,1285
2025,2,27,北京大学,曾叶翔,9,1321
2025,2,28,清华大学,不要再 ultra 了,9,1347
2025,2,29,中山大学,中山大学-2333er,9,1349
2025,2,30,北京大学,很显然我有意见,9,1354
2025,2,31,广东工业大学,打ACM导致的,9,1374
2025,2,32,南京大学,CS-408,9,1384
2025,2,33,浙江大学,还没想好诶,9,1446
2025,2,34,中山大学,中山大学-打铁旅游,9,1454
2025,2,35,清华大学,青一色,9,1469
2025,2,36,浙江大学,假如像他一样语文 130,9,1509
2025,2,37,北京大学,现充队友太多了!,9,1551
2025,2,38,北京大学,叮咚鸡,9,1605
2025,2,39,浙江大学,乘着西风出发喽,8,644
2025,2,40,清华大学,摇奖出力,8,662
2025,2,41,复旦大学,三棱镜,8,699
2025,2,42,北京大学,能不能想一个队名,8,783
2025,2,43,吉林大学,故障吉奇人,8,813
2025,2,44,中山大学,中山大学-Ainbow,8,829
2025,2,45,上海交通大学,启明星,8,831
2025,2,46,武汉大学,秘封俱乐部,8,834
2025,2,47,中国科学技术大学,铜铜铜sahur,8,845
2025,2,48,北京大学,小怪兽训练中心,8,847
2025,2,49,清华大学,报名晚了,8,857
2025,2,50,北京大学,饿鳄鱼,8,883
2025,2,51,哈尔滨工业大学,你有一块真正的金牌吗,8,889
2025,2,52,四川大学,球状闪电,8,905
2025,2,53,香港大学,热门流行音乐联盟,8,949
2025,2,53,北京大学,呜呜杂班,8,949
2025,2,55,福州大学,福大1队,8,955
2025,2,56,北京大学,仨人成行,8,956
2025,2,57,同济大学,于‎ 离别之朝束起约定之花,8,961
2025,2,58,复旦大学,五行缺金,8,962
2025,2,59,中山大学,中山大学-无限天堂,8,977
2025,2,60,四川大学,超级洋医,8,986
2025,2,61,北京航空航天大学,口嗨战神,8,1000
2025,2,62,清华大学,泰拉大陆打星队,8,1008
2025,2,63,南京理工大学,你怎么知道我在四级考试得了433分,8,1010
2025,2,64,哈尔滨工业大学(威海),为帅比毕业老学长征婚QQ名“莱芜贝克汉姆”,8,1021
2025,2,65,浙江工业大学,25ZJUT1,8,1043
2025,2,66,浙江大学,十发罚时,8,1063
2025,2,67,南方科技大学,南方科技大学一队,8,1095
2025,2,68,上海交通大学,青蘋之末,8,1097
2025,2,69,复旦大学,做AC梦,8,1099
2025,2,70,中国科学技术大学,摸鱼之魂终将归来,8,1100
2025,2,70,复旦大学,奶龙的小七,8,1100
2025,2,72,南京航空航天大学,空悲切,8,1108
2025,2,73,北京师范大学,ACM一缺二速来!!,8,1114
2025,2,74,中国人民大学,1+1,8,1129
2025,2,75,北京大学,码盯零,8,1137
2025,2,76,西北工业大学,wanna be free,8,1143
2025,2,77,北京大学,家园火锅点特辣,8,1144
2025,2,78,南京大学,RE的怪物正从窗边看着,8,1151
2025,2,79,香港中文大学,酒心魚蛋批,8,1187
2025,2,79,东南大学,薄暮冥冥,8,1187
2025,2,81,清华大学,罚时小队,8,1188
2025,2,82,北京大学,注意到不难发现,8,1198
2025,2,83,北京大学,膜拜ljc大队-二代目,8,1217
2025,2,84,上海交通大学,蛹,8,1231
2025,2,85,南方科技大学,南方科技大学二队,8,1251
2025,2,86,清华大学,惊觉往事历历已经年,8,1261
2025,2,87,厦门大学,闪光春日影,8,1272
2025,2,88,南京大学,平流层,8,1332
2025,2,89,北京理工大学,Penalty这么高它的意思一定是分数吧,8,1334
2025,2,90,西安交通大学,与蝶共舞 与花同寂,8,1383
2025,2,91,香港科技大学(广州),因为太怕 WA 就全点大模拟了,8,1402
2025,2,92,武汉大学,很弱的低手,8,1430
2025,2,93,清华大学,你们这是什么队啊,8,1432
2025,2,94,南京大学,点银成金,8,1477
2025,2,95,北京大学,补队,7,508
2025,2,96,哈尔滨工业大学,CQOI Flames,7,665
2025,2,97,北京大学,135+187+199=521,7,719
2025,2,98,上海交通大学,且歌,7,735
2025,2,99,香港中文大学(深圳),Mynoghra,7,739
2025,2,100,复旦大学,所以我们队名叫啥 [思考],7,749
2025,2,101,复旦大学,随机一个字符串得了,7,763
2025,2,102,香港中文大学(深圳),WTYTO,7,769
2025,2,103,西湖大学,俞开卡车运来鱼米,7,778
2025,2,103,清华大学,Running on Test 826,7,778
2025,2,105,北京邮电大学,此队伍名由AI生成,7,779
2025,2,106,上海交通大学,霞染长空,7,802
2025,2,107,浙江大学,快整点大英五,7,817
2025,2,108,东北大学秦皇岛分校,最澄澈的空与海,7,821
2025,2,109,中山大学,中山大学-深度睡眠,7,859
2025,2,110,南方科技大学,南方科技大学六队,7,869
2025,2,111,中国科学技术大学,无垠,7,870
2025,2,112,上海交通大学,华丽收场+,7,875
2025,2,113,武汉大学,队名长度小于0,7,907
2025,2,114,清华大学,进行一个象的抽,7,920
2025,2,115,北京邮电大学,天绫绫地宁宁,7,922
2025,2,116,北京邮电大学,我太想进步了,7,939
2025,2,117,华中科技大学,落叶知秋,7,966
2025,2,118,北京大学,笨笨X,7,972
2025,2,119,北京大学,缘分的天空,7,981
2025,2,120,香港中文大学,"别笑,你来你也过不了test 2",7,995
2025,2,121,南京大学,呢喃得了mvp,7,1016
2025,2,122,清华大学,HFOI2018,7,1017
2025,2,123,清华大学,卸载FJOI谢谢喵!,7,1038
2025,2,124,北京大学,东方永雏塔,7,1058
2025,2,125,中国人民大学,字节无虞,7,1066
2025,2,126,香港科技大学(广州),#define long long long,7,1076
2025,2,127,浙江理工大学,彰耗堡堡代我妃,7,1084
2025,2,128,杭州电子科技大学,2025杭电3队,7,1089
2025,2,129,绍兴理工学院,因为怕看不懂题就全点翻译了,7,1090
2025,2,130,华中科技大学,长夜杯空,7,1092
2025,2,131,南开大学,比起xcpc我更喜欢拿铁(真的指咖啡),7,1095
2025,2,132,哈尔滨工业大学(深圳),哈气五小时,7,1097
2025,2,133,南京大学,拂晓之刃,7,1099
2025,2,134,上海纽约大学,小男娘,7,1107
2025,2,135,同济大学,菜的 Fe 弃子队,7,1116
2025,2,136,杭州电子科技大学,2025杭电2队,7,1121
2025,2,137,北京大学,花花朵朵叉叉,7,1144
2025,2,138,福州大学,福大2队,7,1149
2025,2,139,北京大学,我们___是不可战胜的,7,1166
2025,2,140,哈尔滨工业大学(深圳),潜水小怪,7,1168
2025,2,141,南京大学,招魂时刻,7,1182
2025,2,142,香港科技大学(广州),我坐戏子楼台前,7,1342
2025,2,143,清华大学,铸剑,7,1363
2025,2,144,清华大学,因为我要转ai了哈哈哈哈哈哈,7,1406
2025,2,145,西安交通大学,齐宣王,7,1519
2025,2,146,浙江大学,北极星,6,342
2025,2,147,中国科学技术大学,中科大少女班代表队,6,578
2025,2,148,浙江大学,石莓,6,586
2025,2,149,南京大学,Never break;,6,593
2025,2,150,东北大学秦皇岛分校,三日凌空,6,615
2025,2,151,东南大学,三英荟寝室,6,616
2025,2,151,华中科技大学,哈斯特坐牢领域大神,6,616
2025,2,153,南京大学,最后一舞,6,648
2025,2,154,杭州电子科技大学,2025杭电5队,6,662
2025,2,155,中国科学技术大学,失去梦想变成猫猫猫,6,663
2025,2,156,湘潭大学,湘大一队,6,667
2025,2,157,南方科技大学,南方科技大学五队,6,678
2025,2,158,华南理工大学,袁宇阳粉丝团,6,696
2025,2,159,西安交通大学,天狼星的心脏,6,705
2025,2,160,华中科技大学,终帆,6,707
2025,2,161,北京大学,请输入文本,6,709
2025,2,162,浙江大学,透明哀歌,6,710
2025,2,163,南京大学,黑骑士,6,736
2025,2,164,南开大学,难开题开题难,6,738
2025,2,165,南京大学,该名称已被占用,6,749
2025,2,166,上海理工大学,妈妈,6,753
2025,2,167,上海交通大学,空月之歌,6,757
2025,2,168,上海科技大学,"羽生萌萌香鱼子酱一个好名字可以让人记住你唉,唉唉",6,763
2025,2,169,杭州电子科技大学信息工程学院,hziee1,6,768
2025,2,170,北京航空航天大学,我队友得了MVP!,6,770
2025,2,171,武汉理工大学,猫猫虫可爱捏,6,779
2025,2,172,华中科技大学,真的没摆烂,6,782
2025,2,173,中山大学,中山大学-爱谁打谁打,6,784
2025,2,174,大连理工大学,这么六,6,797
2025,2,175,清华大学,皮卡丘快想啊,6,805
2025,2,176,厦门大学,请输入文本,6,812
2025,2,177,哈尔滨工业大学(深圳),溢出,6,821
2025,2,178,重庆大学,三模哈希米,6,822
2025,2,179,中山大学,中山大学-喵喵队想旷工,6,828
2025,2,180,中国传媒大学,再演,6,831
2025,2,181,华东师范大学,"mex{fe,cu,ag}",6,836
2025,2,182,华中科技大学,零,6,837
2025,2,183,中山大学,中山大学-队,6,844
2025,2,184,香港科技大学,Qasqyrlar,6,853
2025,2,185,北京理工大学,英文队名,6,859
2025,2,186,杭州师范大学,去玛尼那买只小鸡取名叫AC,6,861
2025,2,187,武汉大学,有个队友在机房睡了一暑假地铺,6,865
2025,2,188,西北工业大学,#N/A,6,866
2025,2,188,哈尔滨工业大学,北风与秋水,6,866
2025,2,190,武汉理工大学,不再曼波,6,888
2025,2,191,四川大学,算法捕猎队,6,897
2025,2,192,吉林大学,终焉夜雨,6,905
2025,2,193,华中科技大学,糖果酱,6,907
2025,2,194,北京交通大学,BJTU01,6,926
2025,2,195,西湖大学,老猫下山,6,931
2025,2,196,中国人民大学,深睡眠,6,939
2025,2,197,中国科学技术大学,"25时,美食广场见。",6,949
2025,2,198,武汉大学,ACM也有小巧思吗,6,952
2025,2,199,中国人民大学,人大零队,6,956
2025,2,200,武汉大学,摇曳到软冬去露营,6,962
2025,2,201,华南理工大学,Fast Fast TLE,6,967
2025,2,202,东南大学,西西弗斯,6,974
2025,2,203,北京航空航天大学,天铸币,6,981
2025,2,204,浙江大学,歪比巴卜,6,986
2025,2,205,中山大学,中山大学-永不倒闭,6,987
2025,2,206,同济大学,Non-Trivial TLE,6,993
2025,2,207,南京邮电大学,njupt25team002,6,996
2025,2,208,西安交通大学,锦筝叹,6,1002
2025,2,209,华中科技大学,和平讨论不带节奏,6,1012
2025,2,210,四川大学,猫鼬砼,6,1013
2025,2,211,中山大学,中山大学-梦呓潮落,6,1017
2025,2,211,重庆邮电大学,蓝桥杯汪之队,6,1017
2025,2,213,西安交通大学,过往的画面全都是我不队,6,1022
2025,2,214,西安交通大学,六兆年零一夜的 ACM,6,1027
2025,2,215,西湖大学,兜售醋鱼一题一条,6,1030
2025,2,215,中山大学,中山大学-512526,6,1030
2025,2,217,南京大学,随家仓,6,1040
2025,2,218,吉林大学,一发猜对,6,1049
2025,2,219,中国科学技术大学,"这一世,我转生到了ustc",6,1056
2025,2,220,南京大学,九九,6,1061
2025,2,221,北京航空航天大学,克克莉丝豆泥咖波的幸福生活,6,1063
2025,2,222,哈尔滨工业大学(深圳),会赢吗?,6,1071
2025,2,223,山东大学,SDU-ENG,6,1096
2025,2,224,北京理工大学,树状数组,6,1109
2025,2,225,复旦大学,AAA专业歪榜修正奶龙,6,1361
2025,2,226,西安交通大学,今日澄,6,1373
2025,2,227,西湖大学,网络赛2取啥队名,6,1475
2025,2,228,浙江师范大学,姜还是老的辣知道不,5,282
2025,2,229,华中科技大学,"昔之软糯者,已然逝去",5,398
2025,2,230,南京大学,非空集合,5,423
2025,2,231,清华大学,暴力都能队,5,430
2025,2,232,北京师范大学,数数又学学,5,441
2025,2,233,湖南师范大学,师大玖队,5,457
2025,2,234,华东理工大学,回响形态,5,462
2025,2,235,西安电子科技大学,憧憬成为ACM高手,5,480
2025,2,236,北京航空航天大学,13级大风,5,486
2025,2,237,中山大学,中山大学-寂静呼唤,5,487
2025,2,238,山东科技大学,柏林号,5,515
2025,2,239,北京大学,占位符,5,524
2025,2,240,华中科技大学,本队名因违规已被删除,5,525
2025,2,241,杭州电子科技大学,2025杭电4队,5,532
2025,2,242,北京理工大学,不要rua我喵,5,535
2025,2,243,浙江大学,吃你家大米,5,537
2025,2,244,浙江大学,小蜜蜂,5,542
2025,2,245,南开大学,中文队伍名,5,562
2025,2,246,南开大学,山西大学附属中学校,5,565
2025,2,247,温州大学,温大一队,5,575
2025,2,248,中国科学技术大学,一零零一,5,581
2025,2,249,杭州电子科技大学,2025杭电16队,5,586
2025,2,250,中国人民大学,人咪小学,5,587
2025,2,251,河海大学,罚时之羽如深渊相伴 血色acm人生!,5,591
2025,2,252,广东工业大学,加睡,5,600
2025,2,253,华南师范大学,注意到用Zeta(1)表示素数阶乘的魔法,5,603
2025,2,254,华南理工大学,"三蓝两题,铁定晋级",5,606
2025,2,255,南京大学,无名队,5,619
2025,2,256,哈尔滨工业大学(威海),昨日圆车,5,631
2025,2,257,中南大学,你抚琵琶奏琴弦,5,633
2025,2,258,中国科学院大学,雪野秋月,5,641
2025,2,259,北京邮电大学,Synthesis,5,642
2025,2,260,东南大学,骆驼骆驼飞走了,5,643
2025,2,260,上海科技大学,WACMLE,5,643
2025,2,262,上海科技大学,惊天大涅槃,5,647
2025,2,262,北京交通大学,BJTU02,5,647
2025,2,264,西安交通大学,不知道起什么就不起了吧,5,648
2025,2,265,东南大学,DNA计算,5,649
2025,2,266,中山大学,中山大学-345,5,651
2025,2,267,重庆理工大学,弈,5,655
2025,2,267,南京邮电大学,njupt25team001,5,655
2025,2,269,河海大学,从零开始的ACM生活,5,663
2025,2,270,北京工业大学,铁牌也是牌,5,672
2025,2,271,复旦大学,心雨无声,5,676
2025,2,272,南京大学,不对不对哦对的对的,5,682
2025,2,273,北京航空航天大学,极危物种,5,686
2025,2,274,中国科学技术大学,暂定,5,691
2025,2,274,兰州大学,今晚来我床上打三国杀,5,691
2025,2,276,东华大学,不可视境界线,5,700
2025,2,277,重庆大学,次元沸腾,5,701
2025,2,278,东北师范大学,运行错误,5,708
2025,2,278,华中科技大学,仿生Huster会梦见电子野猪吗,5,708
2025,2,280,吉林大学,栈深不知处,5,715
2025,2,281,南京大学,哥布林重生,5,718
2025,2,282,广州大学,西哈诺,5,725
2025,2,283,华南理工大学,喵喵队立大功,5,727
2025,2,284,华东师范大学,去有风的地方,5,728
2025,2,285,西安交通大学,这是一个ACM队,5,743
2025,2,286,华中师范大学,兄弟我来助你,5,752
2025,2,286,宁波大学,泥巴动物园,5,752
2025,2,288,北京交通大学,BJTU03,5,754
2025,2,289,中国科学技术大学,Straight into the ACs,5,755
2025,2,290,中国科学技术大学,天宁花苑队,5,759
2025,2,291,大连海事大学,躺平?加盐喵,5,760
2025,2,292,澳门大学,銀霜流萤,5,765
2025,2,292,哈尔滨工业大学,长崎不爽世-1,5,765
2025,2,292,天津大学,^v^,5,765
2025,2,295,哈尔滨工业大学,"加载中,请稍候",5,766
2025,2,295,西安电子科技大学,风起鹰翔,5,766
2025,2,297,北京科技大学,顽强报名奖,5,767
2025,2,298,四川大学,熊猫茶盐鸭,5,769
2025,2,299,浙江工业大学,25ZJUT2,5,774
2025,2,300,北京邮电大学,我不道啊,5,775
2025,2,301,武汉大学,西柚柠檬气泡水,5,776
2025,2,302,大连理工大学,dlut04,5,777
2025,2,302,同济大学,广铁集团,5,777
2025,2,304,南方科技大学,南方科技大学四队,5,778
2025,2,305,华中科技大学,stick16,5,779
2025,2,305,江苏大学,我讨厌你,5,779
2025,2,307,华中科技大学,"我不到啊,听说有学分我就来了",5,780
2025,2,308,深圳技术大学,SZTU_水银之毒,5,783
2025,2,308,集美大学,远方,5,783
2025,2,310,华南理工大学,不喝可乐,5,785
2025,2,311,南京信息工程大学,奇异递归模板,5,789
2025,2,312,广东工业大学,qwq,5,791
2025,2,313,西北大学,忆月葬雪,5,794
2025,2,314,山东大学,电话微波炉(暂定),5,801
2025,2,314,哈尔滨工程大学,go学长带着瓦妈妈逃离三角洲去打舞萌,5,801
2025,2,316,东南大学,三个入机,5,812
2025,2,317,东北大学,东北大学_实在不行输出随机数吧,5,815
2025,2,318,中国科学技术大学,氯化银,5,817
2025,2,319,杭州电子科技大学,2025杭电7队,5,818
2025,2,319,南京理工大学,做题一定要AC,5,818
2025,2,321,复旦大学,启发式暴力,5,820
2025,2,322,河南大学,不协和音程,5,821
2025,2,323,中国科学技术大学,静蓝,5,828
2025,2,324,北京航空航天大学,双星很难吗?我rks12.66,5,829
2025,2,325,湖南大学,122324,5,830
2025,2,326,北京理工大学,哈基米哦南北绿豆啊西嘎哈呀库,5,837
2025,2,327,西南财经大学,狼狼狼,5,838
2025,2,328,北京理工大学,过了样例也不队,5,846
2025,2,329,武汉科技大学,RELX悦刻幻影PRO,5,847
2025,2,330,哈尔滨工业大学(深圳),不如加训,5,850
2025,2,330,浙大城市学院,别碰我键盘,5,850
2025,2,332,北京理工大学,木叶三忍,5,856
2025,2,332,吉林大学,火箭毛毛虫,5,856
2025,2,332,深圳大学,太空曼波,5,856
2025,2,335,浙江理工大学,"兄弟,你怎么还在WA",5,861
2025,2,335,南京航空航天大学,hum,5,861
2025,2,335,深圳大学,关注Akie秋绘谢谢喵~,5,861
2025,2,338,上海大学,树上猫猫头,5,865
2025,2,339,哈尔滨工业大学,长崎不爽世-2,5,866
2025,2,340,西安电子科技大学,"GXB,我们喜欢你",5,874
2025,2,341,四川大学,打ACM从没开心过,5,876
2025,2,342,上海大学,蒟蒻联盟,5,877
2025,2,343,华东理工大学,爸妈高兴的问我满屏红色是不是在炒股票队,5,879
2025,2,344,中国科学技术大学,6,5,880
2025,2,345,武汉工程大学,我想吃掉你的金牌,5,890
2025,2,346,深圳大学,古故菇,5,895
2025,2,347,杭州电子科技大学,2025杭电11队,5,897
2025,2,348,东南大学,捉鬼小队,5,901
2025,2,349,南开大学,缺乏灵感的菇,5,904
2025,2,350,西北工业大学,憧憬成为算法少女,5,910
2025,2,351,中国科学技术大学,多首的神明,5,913
2025,2,352,北京信息科技大学,"苯环,我将亲手操办你的退役仪式",5,916
2025,2,353,浙江理工大学,忍界鸽歌代我妃,5,919
2025,2,353,南京大学,会二分会图论会博弈论啥都会,5,919
2025,2,355,华东师范大学,"至此,一锤定音",5,924
2025,2,356,南开大学,唯独可以做到的就是线段树,5,929
2025,2,357,华中科技大学,再过一题,5,930
2025,2,358,北京邮电大学,LAA is ALL,5,933
2025,2,359,广东工业大学,打灰猫猫虫,5,935
2025,2,360,上海科技大学,队名++;,5,941
2025,2,361,成都信息工程大学,冰冷帝企鹅,5,943
2025,2,362,南京理工大学,彩虹猫猫头,5,945
2025,2,363,武汉理工大学,力扣大神,5,957
2025,2,364,广东外语外贸大学,广外2队,5,962
2025,2,365,上海交通大学,已经没有什么好害怕的了,5,975
2025,2,366,同济大学,云开自天明,5,976
2025,2,367,华东师范大学,假飞了!,5,982
2025,2,368,江南大学,你怎么知道队友六级423?,5,985
2025,2,369,哈尔滨工业大学(深圳),从这里开始,5,991
2025,2,370,河海大学,"25时,在老年皮划艇打铁",5,998
2025,2,371,浙江师范大学,我将以猫形态出击 Gundam Cat,5,1015
2025,2,372,哈尔滨工程大学,备用账号0721,5,1022
2025,2,373,西安电子科技大学,咖啡馆的贴贴物语,5,1026
2025,2,374,复旦大学,明年见:逆天构造题我们也没机会特判了,5,1033
2025,2,375,香港科技大学(广州),无限罚时制,5,1042
2025,2,376,西北大学,生命诞生于运动,5,1049
2025,2,376,北京林业大学,深度烧烤,5,1049
2025,2,378,江西财经大学,关注红烧猪猪头喵,5,1061
2025,2,379,兰州大学,真没睡,5,1071
2025,2,380,西安电子科技大学,耄耋可爱捏,5,1085
2025,2,381,厦门大学,随机增量,5,1130
2025,2,382,浙江师范大学,我是猫娘,5,1135
2025,2,383,湖南城市学院,灰姑娘的故事,5,1140
2025,2,384,同济大学,重生之不可以总司令,5,1145
2025,2,385,香港中文大学(深圳),"saber,saber,什么时候吃完饭",5,1151
2025,2,386,东北大学秦皇岛分校,Fire Bird,5,1187
2025,2,387,河海大学,落英缤纷之期,5,1262
2025,2,388,南京大学,点击输入队名,5,1308
2025,2,389,宁波财经学院,宁波财经学院,4,344
2025,2,390,华中科技大学,黄叶换秋色,4,349
2025,2,391,西安电子科技大学,什么都不会也能参加ACM吗?,4,358
2025,2,392,国防科技大学,刷题两天学会自动机,4,364
2025,2,393,武汉纺织大学,2007,4,372
2025,2,394,中国科学技术大学,奶龙说的dei,4,374
2025,2,395,大连理工大学,我将点燃大海,4,392
2025,2,396,西安电子科技大学,无色透明,4,394
2025,2,397,香港中文大学(深圳),从容应队,4,399
2025,2,398,香港中文大学(深圳),正在验证该队是否是真人。,4,401
2025,2,399,湖南科技大学,湖南科大一队,4,403
2025,2,400,武汉工程大学,"她说我们之间没有结果,但我明明输出了ans",4,406
2025,2,401,南京理工大学,太空猫猫头,4,415
2025,2,402,河北师范大学,AAA校园卡诚招代理,4,419
2025,2,403,华东师范大学,河西食堂转生队,4,422
2025,2,404,山东大学(威海),进击的奶龙,4,429
2025,2,405,北京工业大学,双翼翱翔,4,435
2025,2,406,浙江农林大学,天河圣芒斩,4,443
2025,2,407,南通理工学院,三条摸水的鱼,4,444
2025,2,408,浙江工商大学,迷迭香_fan,4,450
2025,2,409,天津大学,【已被标记为菜鸡】,4,453
2025,2,410,华南理工大学,失落之城,4,454
2025,2,411,合肥大学,Amusing Cat,4,457
2025,2,412,中南大学,老司机带带我,4,461
2025,2,412,长沙理工大学,流萤,4,461
2025,2,414,南方科技大学,南方科技大学七队,4,463
2025,2,415,苏州大学,RE 手动机,4,467
2025,2,415,西北工业大学,阿比斯深渊,4,467
2025,2,417,北京邮电大学,邮男之旅,4,474
2025,2,418,中国科学技术大学,调试鸭,4,476
2025,2,419,重庆邮电大学,流离之人追逐幻影,4,479
2025,2,420,华南农业大学,那一天的鬼火再响起来,4,485
2025,2,421,哈尔滨工业大学(深圳),这么出题是吧,4,486
2025,2,421,重庆邮电大学,罪人舞步旋,4,486
2025,2,423,四川大学,你们在干什么喵?在罚时喵!补药罚我时喵!,4,488
2025,2,424,福州大学,福大3队,4,490
2025,2,425,北京邮电大学,MC启动,4,494
2025,2,426,重庆城市科技学院,冰舞的祈愿,4,502
2025,2,427,山东大学,我不曾忘记,4,508
2025,2,428,上海师范大学,AI可以取代程序员但无法取代家里蹲,4,509
2025,2,429,香港科技大学(广州),请输入文本,4,510
2025,2,430,长春理工大学,两人爬塔一人匡扶汉室,4,520
2025,2,431,中国石油大学(北京)克拉玛依校区,三个绿名,4,527
2025,2,432,中国传媒大学,风滚金轮草,4,535
2025,2,433,华东理工大学,通海湖裸泳君,4,553
2025,2,434,东北大学秦皇岛分校,洛森指针,4,556
2025,2,434,浙江机电职业技术大学,机电1队,4,556
2025,2,436,杭州电子科技大学,2025杭电8队,4,562
2025,2,437,广东培正学院,我们要2打3了,4,569
2025,2,438,重庆邮电大学,蓝桥杯喵之队,4,572
2025,2,439,河南理工大学,春秋蝉鸣泣之时,4,577
2025,2,440,台州学院,三乌鲁鲁赌铜牌,4,581
2025,2,441,浙江财经大学,浙财1队,4,588
2025,2,442,山东大学,吴郭陈,4,589
2025,2,443,福建理工大学,福建理工大学1队,4,591
2025,2,444,南京信息工程大学,异世界编程使者,4,598
2025,2,445,武汉科技大学,样例过了就AC,4,603
2025,2,446,华南理工大学,树上猫猫虫,4,604
2025,2,447,吉林大学,未来纵澜,4,605
2025,2,448,西南大学,星海,4,609
2025,2,449,湘潭大学,湘大三队,4,610
2025,2,450,郑州大学,郑大队伍6,4,612
2025,2,450,华中科技大学,长歌,4,612
2025,2,452,华中农业大学,闪光袋鼠哥哥,4,613
2025,2,453,国防科技大学,再让我A一道,4,619
2025,2,454,中国民航大学,基本演绎法,4,621
2025,2,455,中国人民大学,三人行,4,622
2025,2,456,南方科技大学,南方科技大学三队,4,624
2025,2,457,南京航空航天大学,XML,4,628
2025,2,458,南京大学,不是解散了只是没人来,4,630
2025,2,459,中国科学技术大学,苕皮栈队,4,632
2025,2,460,北京理工大学,动态树,4,633
2025,2,461,华北电力大学(保定),四个二带双王,4,638
2025,2,462,上海纽约大学,()不是回问,4,647
2025,2,463,哈尔滨工业大学(威海),小伙只是#define int long long就被管家活生生打断腿,4,648
2025,2,463,哈尔滨工业大学,睡到自然醒,4,648
2025,2,465,武汉大学,永恒的武汉大学,4,649
2025,2,465,南京理工大学,喜欢的题目直接AC,4,649
2025,2,467,南京农业大学,青山,4,654
2025,2,467,四川师范大学,"写都写了,交一发吧",4,654
2025,2,469,长安大学,斑斓色彩,4,657
2025,2,470,中南大学,十四行诗十四行,4,660
2025,2,470,中国石油大学(华东),UPC1988,4,660
2025,2,472,湖南师范大学,师大肆队,4,663
2025,2,473,大连理工大学盘锦校区,亡命之徒,4,664
2025,2,474,香港中文大学(深圳),禁忌「O(1)の弹幕结界」,4,665
2025,2,475,哈尔滨工程大学,不故障机器人使用创造性AI创造WA,4,667
2025,2,476,湘潭大学,湘大零队,4,668
2025,2,477,北京邮电大学,太空漫游999ms,4,669
2025,2,478,山东理工大学,我每天打ACM也没上瘾啊,4,672
2025,2,479,华北电力大学(保定),红绿色奶龙,4,674
2025,2,480,武汉大学,栈中星河,4,675
2025,2,481,苏州大学,憧憬成为算竞糕手,4,682
2025,2,481,哈尔滨工业大学(威海),新建队伍 (1),4,682
2025,2,481,山东大学,想要成为人类,4,682
2025,2,481,哈尔滨工业大学,想成为人类-1,4,682
2025,2,481,南京师范大学,重蹈覆辙,4,682
2025,2,486,浙江师范大学,ACM(★)| 花开富贵(崭新出厂),4,692
2025,2,487,浙大城市学院,二三四,4,693
2025,2,488,信息工程大学,重生之我在信大,4,694
2025,2,489,重庆大学,小AC找妈妈,4,696
2025,2,490,上海科技大学,军训时在做什么?有没有空?可以来打ICPC网络赛吗?,4,698
2025,2,491,莆田学院,口胡金牌题,4,702
2025,2,491,重庆科技大学,下午茶时间,4,702
2025,2,493,中国科学院大学,原神启动队,4,704
2025,2,494,中国科学技术大学,爱吃绿色圆圈,4,707
2025,2,494,山东大学,wa自动机,4,707
2025,2,494,安徽师范大学,天码行空,4,707
2025,2,497,安阳师范学院,舞舞舞,4,711
2025,2,497,湖北工业大学,Doro给你带了哦润吉,4,711
2025,2,499,天津大学,WA自动机,4,714
2025,2,500,大连理工大学,dlut02,4,716
2025,2,501,暨南大学,卡常概念神人们,4,717
2025,2,502,深圳大学,待甲为四才弊,4,721
2025,2,503,大连理工大学,dlut03,4,723
2025,2,504,华东师范大学,combo,4,726
2025,2,505,吉林大学,幻日,4,728
2025,2,505,兰州大学,樱井鹿初雪,4,728
2025,2,507,吉林大学,罚时天王,4,729
2025,2,508,西安邮电大学,1,4,736
2025,2,508,华南理工大学,天降之物,4,736
2025,2,510,武汉大学,菠萝催学,4,738
2025,2,511,中国科学技术大学,(* ̄(エ) ̄*),4,741
2025,2,511,西南大学,SWU-MyGo,4,741
2025,2,513,武汉大学,哇多麼好的機會啊,4,742
2025,2,514,新疆大学,宝了个贝的,4,743
2025,2,515,东北林业大学,其实我更会种树,4,744
2025,2,516,中国计量大学,"兄弟,我还想拿牌",4,745
2025,2,517,成都大学,妹相随~黑白世界的缤纷冒险~,4,747
2025,2,518,南京信息工程大学,今天也是随机做题的一天,4,751
2025,2,519,南开大学,北闭小学旅游团,4,752
2025,2,519,中国矿业大学,抽奖,4,752
2025,2,521,上海科技大学,不知道什么队,4,759
2025,2,522,浙江工业大学,25ZJUT3,4,762
2025,2,523,大连理工大学,dlut01,4,768
2025,2,524,哈尔滨工程大学,队里只有一只二刺猿所以起名还是问fufu吧¿,4,769
2025,2,524,中国石油大学(华东),UPC2011,4,769
2025,2,526,南昌航空大学,"那一天的算法,算法起来",4,771
2025,2,527,东华大学,东华大学9队,4,777
2025,2,527,长沙理工大学,神马都是浮云,4,777
2025,2,527,暨南大学,晋级就行,4,777
2025,2,530,武汉理工大学,WA出三室一厅,4,784
2025,2,531,香港科技大学(广州),"惠风和畅,鹏程万里",4,786
2025,2,532,北京师范大学,高坂丽奈还没投票,4,788
2025,2,532,西北工业大学,我野外生存把人<censored>了你<censored>过吗?,4,788
2025,2,532,中山大学,中山大学-山中大学,4,788
2025,2,535,东华大学,"句点,终焉扭转",4,790
2025,2,536,山东大学,文盲,4,792
2025,2,537,华南理工大学,请你吃好吃的,4,798
2025,2,538,河北工业大学,曼波曼波,4,801
2025,2,539,浙江师范大学,"主包,主包,这一次能拿牌吗?",4,805
2025,2,540,杭州电子科技大学,2025杭电6队,4,806
2025,2,541,西安电子科技大学,喵亦或鱼,4,807
2025,2,542,哈尔滨工业大学(威海),神秘客,4,811
2025,2,543,吉林大学,久世浮倾,4,816
2025,2,544,上海财经大学,我们AK ICPC,4,820
2025,2,545,合肥工业大学,合工大1队,4,825
2025,2,545,中国传媒大学,return inv(wa);,4,825
2025,2,547,昆山杜克大学,昆杜二队,4,828
2025,2,548,哈尔滨工程大学,Cia修啊噗llo派~(∠・ω< )⌒☆,4,830
2025,2,549,河海大学,三重积分,4,831
2025,2,550,北京城市学院,Dreamfire,4,834
2025,2,551,四川大学,重生之全都能做队,4,835
2025,2,552,西北工业大学,temp,4,837
2025,2,553,南昌大学,雪月花,4,840
2025,2,554,西安理工大学,AC.cpp,4,845
2025,2,555,哈尔滨工业大学(威海),"WA,AC!",4,846
2025,2,555,东南大学,听说只要会二分就来了,4,846
2025,2,557,河南农业大学,desuwa加队名后desuwa,4,850
2025,2,557,山东大学(威海),咕咕嘎嘎,4,850
2025,2,559,香港科技大学(广州),ICPC速通队,4,854
2025,2,560,香港城市大学,九龙塘妙妙屋,4,858
2025,2,561,东南大学,汪汪队,4,861
2025,2,562,南京信息工程大学,鲤鱼移动的速度是二米每秒,4,870
2025,2,563,中山大学,一个小队,4,875
2025,2,564,东莞理工学院,心态就是力量,4,876
2025,2,565,东北大学,东北大学_你是一只猫娘,4,879
2025,2,566,浙江工业大学,25ZJUT6,4,883
2025,2,567,广东工业大学,螺旋上升,4,891
2025,2,568,北京邮电大学,逐月之城,4,903
2025,2,569,南京理工大学,流明猫猫头,4,905
2025,2,570,吉林大学,夏日空调幻想时刻,4,907
2025,2,571,厦门大学,三占从二,4,911
2025,2,572,中国农业大学,CAU_CiAllo University,4,926
2025,2,573,东南大学,梦想成为算法少女,4,940
2025,2,574,香港大学,今天必须取个队名,4,949
2025,2,575,中南大学,天堂鸟,4,952
2025,2,576,同济大学,过了样例就算队,4,969
2025,2,577,西北农林科技大学,NWAFU_2,4,976
2025,2,578,香港城市大学,初心,4,985
2025,2,579,西安电子科技大学,嘻小癫学院超自研,4,1004
2025,2,580,四川大学,loveless,4,1255
2025,2,581,山东理工大学,"我是天选,也是唯一",3,175
2025,2,582,上海大学,i64,3,217
2025,2,583,西南科技大学,No Responds,3,227
2025,2,584,南京信息工程大学,冰红茶说的都队,3,234
2025,2,585,西南民族大学,SMU2501,3,236
2025,2,586,中国传媒大学,葬送的acmer与香辛料,3,254
2025,2,587,哈尔滨工业大学,想成为人类-2,3,263
2025,2,588,湖州师范学院,"像正式演出那样练习,像练习那样正式演出",3,272
2025,2,589,北京邮电大学,三只企鹅,3,274
2025,2,590,中南大学,少猪哭泣乐队,3,275
2025,2,590,大连理工大学,逆元,3,275
2025,2,592,北京邮电大学,吃堡饱队,3,276
2025,2,593,华北理工大学,梦想成为ICPC高手,3,278
2025,2,594,阿坝师范学院,南蛮入侵,3,279
2025,2,595,中国科学技术大学,旺旺队,3,280
2025,2,595,南京理工大学,啊对对对对对队,3,280
2025,2,597,南京工程学院,队长说拿牌cos银狼,3,281
2025,2,598,宁波大学,骨钉斩奎隆,3,297
2025,2,599,中央财经大学,被校名CuFe做局了,3,300
2025,2,600,武汉大学,谢谢张兵,3,308
2025,2,600,北京化工大学,WA时在做什么,3,308
2025,2,602,南开大学,可以和我打一辈子acm吗,3,322
2025,2,602,浙江师范大学,样例能过就AC,3,322
2025,2,604,香港中文大学,<請輸入隊名>,3,323
2025,2,604,安徽农业大学,哈基米徳,3,323
2025,2,606,泉州师范学院,0123456789,3,334
2025,2,607,杭州电子科技大学,2025杭电10队,3,337
2025,2,608,华南师范大学,A 了这题就吃麦旋风,3,341
2025,2,609,南阳理工学院,"勤劳又勇敢的队长,为了团队的关键牌子,他做出了巨大的贡献,巨大的牺牲巨大的carry",3,348
2025,2,610,武汉商学院,WBU1,3,353
2025,2,611,哈尔滨理工大学,HRBUST8,3,360
2025,2,612,苏州大学,WA了十发后TLE了,3,363
2025,2,613,河海大学,快给我取个名字,3,365
2025,2,614,郑州大学,郑大队伍4,3,366
2025,2,615,东北大学,东北大学_软炸理计,3,369
2025,2,616,山东农业大学,人闲桂花落,3,373
2025,2,617,山东理工大学,不要再打铁啦,3,374
2025,2,618,天津理工大学,TJUT_抹茶喵芽,3,376
2025,2,618,安徽大学,喵喵喵~,3,376
2025,2,620,杭州电子科技大学,2025杭电14队,3,381
2025,2,621,福州大学,福大7队,3,382
2025,2,622,山东大学,"我推, 一分为二(",3,383
2025,2,622,合肥工业大学宣城校区,三目运算符,3,383
2025,2,624,山东大学(威海),艰难依旧坚持,3,384
2025,2,625,南京大学,悠扬华章,3,386
2025,2,626,华东师范大学,164ovo fan club,3,388
2025,2,627,华东政法大学,路边队,3,390
2025,2,627,武汉大学,春日延长计划,3,390
2025,2,629,北华大学,对右不能左爱,3,392
2025,2,630,南京航空航天大学,星群,3,397
2025,2,631,天津大学,WA不哇塞,3,404
2025,2,632,华南理工大学,散养走地鸡,3,408
2025,2,633,广东技术师范大学,不要给我WAWA叫,3,409
2025,2,634,温州商学院,恭喜以上队伍获奖,3,410
2025,2,634,五邑大学,这是什么中专,3,410
2025,2,636,山东大学(威海),青春蟒蛇少年不会梦到TLE学姐,3,416
2025,2,637,鲁东大学,卤蛋栋梁,3,417
2025,2,638,北京化工大学,拔雪寻春,3,418
2025,2,639,湘潭大学,湘大二队,3,420
2025,2,640,大连海事大学,雀魂低手,3,425
2025,2,640,浙大宁波理工学院,浙大宁理9队,3,425
2025,2,642,广东东软学院,再拿一个银她就会回来找我,3,426
2025,2,643,西华大学,三只蒟蒻牛,3,427
2025,2,643,昆明理工大学,"爱神,自惊艳中诞生",3,427
2025,2,643,暨南大学,毛毛虫就是正解,3,427
2025,2,646,南京农业大学,金草莓,3,428
2025,2,646,浙江师范大学,面向样例贪心,3,428
2025,2,648,江苏科技大学,样例能过我就交,3,430
2025,2,648,郑州经贸学院,阿比盖尔之花,3,430
2025,2,650,浙江农林大学,acm菜鸟,3,431
2025,2,651,湖南农业大学,会赢的,3,432
2025,2,651,陕西师范大学,飞天猛威龙带着乌蒙吃和旮旯给木大神在ICPC里摸金,3,432
2025,2,653,深圳大学,躺赢狗,3,433
2025,2,654,福州大学,福大4队,3,434
2025,2,655,华中科技大学,再WA我要哈气了,3,437
2025,2,656,青岛大学,月色回音,3,438
2025,2,657,东北师范大学,重生成为侠盗猎车手在斯普拉遁狩猎历战黑蚀龙,3,440
2025,2,658,湖北大学,涉海蜉蝣,3,442
2025,2,658,山东科技大学,白羊号,3,442
2025,2,660,郑州轻工业大学,最近公共祖先,3,443
2025,2,661,集美大学,我样例过了,3,446
2025,2,661,北京邮电大学,注意力涣散导致的,3,446
2025,2,663,南京邮电大学,njupt25team005,3,450
2025,2,663,西南科技大学,植物大战僵尸,3,450
2025,2,663,河北工业大学,"泥,蒸!",3,450
2025,2,666,苏州大学,不会计数,3,452
2025,2,666,东北大学秦皇岛分校,恋的零次方,3,452
2025,2,668,国防科技大学,那么这一时刻又有老铁问了,3,453
2025,2,669,华中师范大学,射杀太阳,3,455
2025,2,670,东南大学,悄然谜响,3,456
2025,2,671,浙江工业大学,25ZJUT4,3,457
2025,2,671,山东理工大学,果宝特攻,3,457
2025,2,673,北京师范大学,poly狗,3,458
2025,2,673,武汉大学,这是一个很重要的问题,3,458
2025,2,675,山东科技大学,渡鸦号,3,459
2025,2,675,武汉理工大学,灵感枯竭,3,459
2025,2,677,上海科技大学,南泵,3,460
2025,2,678,南阳师范学院,蒟蒻想拿名额,3,461
2025,2,679,福建师范大学,π的暗面,3,462
2025,2,680,西南财经大学,融化的梦,3,463
2025,2,681,香港科技大学,Oops,3,464
2025,2,681,电子科技大学中山学院,超级卡比呆猫在ICPC现场推广错误贪心,3,464
2025,2,683,河海大学,LGBTQIPKDXUSACM,3,466
2025,2,684,鲁东大学,三只珍妮,3,468
2025,2,685,中国科学院大学,面无波澜,3,470
2025,2,686,青岛科技大学,你们都晒干沉默那我胡吊写了,3,471
2025,2,686,河南大学,自由发挥,3,471
2025,2,688,衡阳师范学院,蓝色夜晚的记忆,3,472
2025,2,688,北方工业大学,流光碎影,3,472
2025,2,690,华中师范大学,T34-灰风,3,479
2025,2,691,北京化工大学,北极熊,3,480
2025,2,692,成都理工大学,我嘞个豆豆啊,3,481
2025,2,692,香港科技大学(广州),那很有生活了,3,481
2025,2,692,南昌航空大学,码力全开,3,481
2025,2,695,杭州师范大学,我要对你实行我的AC专属权,3,482
2025,2,696,宁波大学,时间紧任务重,3,483
2025,2,697,山东大学,"你,去比赛了吧...和我不认识的人一起",3,484
2025,2,698,东北农业大学,那一天的咕咕嘎嘎嘎嘎咕咕起来,3,485
2025,2,698,北京邮电大学,RE冒号0,3,485
2025,2,700,华南农业大学,Ciallo的每一天,3,486
2025,2,701,新疆大学,TQL,3,487
2025,2,702,中国矿业大学(北京),云淡风清,3,489
2025,2,702,中南民族大学,offer四面八方来,3,489
2025,2,702,广西大学,远航者的幻想乡,3,489
2025,2,705,杭州电子科技大学,2025杭电13队,3,494
2025,2,705,福州大学,福大6队,3,494
2025,2,705,暨南大学,Byd Fan Club,3,494
2025,2,708,赣东学院,世界遗忘我,3,495
2025,2,709,东北大学,东北大学_迈出起名第一步ovo,3,498
2025,2,709,南昌航空大学,无牌不叫,3,498
2025,2,711,华南师范大学,风依旧在,3,499
2025,2,711,浙江科技大学,看不懂英文,3,499
2025,2,713,北京师范大学,何以AC,3,503
2025,2,713,南京晓庄学院,让豆包生成一个,3,503
2025,2,715,浙江工商大学,了解你的捍卫者,3,504
2025,2,716,阜阳师范大学,爆裂黎明,3,505
2025,2,717,江西师范大学,"嘻嘻,我要赢口牙",3,507
2025,2,717,宁波工程学院,叮咚哈基米,3,507
2025,2,719,华中农业大学,藏题的时候在干什么?能别笑吗?有点AC数吧,3,508
2025,2,719,山东师范大学,樱高轻音部,3,508
2025,2,721,惠州学院,时茧织光,3,510
2025,2,722,浙江师范大学,"不是我喜欢的题目,直接哈气",3,511
2025,2,723,东北大学,东北大学_College_Coding_Boys,3,512
2025,2,724,浙江科技大学,土申王,3,513
2025,2,725,华东师范大学,在上海天文馆会遇到临港小企鹅吗,3,516
2025,2,726,南京航空航天大学,原子牌锅贴,3,520
2025,2,726,井冈山大学,dora一拳打死猫猫虫,3,520
2025,2,726,浙江农林大学,"我不是黄毛,谁是呢?",3,520
2025,2,729,浙江师范大学,听取WA声一片,3,521
2025,2,730,山东理工大学,唐龙历险记,3,522
2025,2,731,湖南理工学院,君不见高堂评测悲全WA,3,528
2025,2,732,天津大学,黄金9,3,530
2025,2,733,上海大学,鼠SHU不想WA,3,531
2025,2,733,浙大宁波理工学院,浙大宁理2队,3,531
2025,2,733,浙大城市学院,云水璃灯外,3,531
2025,2,736,台州学院,学了等于没学,3,533
2025,2,737,南京航空航天大学,逸群之彦,3,535
2025,2,737,黑龙江大学,惊鸿萝莉来,3,535
2025,2,739,北京化工大学,牢码队,3,538
2025,2,740,昆山杜克大学,昆杜一队,3,540
2025,2,740,同济大学,Islands,3,540
2025,2,740,重庆移通学院,願いが叶う場所,3,540
2025,2,743,香港城市大学(东莞),"让我们说中文!欢迎来到 icpc 的世界,准备好成为 icpc 传奇了吗?",3,542
2025,2,744,浙大城市学院,AC控,3,546
2025,2,745,东南大学,打CPC打的↑↓,3,547
2025,2,746,江汉大学,一手抓竞赛一手抓考研一手抓保研——虽然学校没保研,3,548
2025,2,746,中国民航大学,四渡赤水2.0,3,548
2025,2,748,北京邮电大学,以上队伍通过图灵测试,3,550
2025,2,749,合肥工业大学,合工大3队,3,551
2025,2,750,江西农业大学,极点,3,554
2025,2,751,苏州科技大学,鹿鹿鹿,3,556
2025,2,751,河北工程大学,喵喵喵,3,556
2025,2,753,哈尔滨工业大学(威海),教练我不想再wa了,3,557
2025,2,754,中山大学,能和我打一辈子ICPC吗,3,558
2025,2,755,哈尔滨工业大学,为无机世界增添色彩-2,3,559
2025,2,756,山东大学,想吃冰工厂,3,560
2025,2,757,山东大学(威海),ACM笑传之冲冲榜,3,561
2025,2,758,深圳职业技术大学,逐光掠影,3,563
2025,2,759,杭州电子科技大学,2025杭电9队,3,564
2025,2,760,广东工业大学,AC手动机,3,567
2025,2,761,山东大学(威海),ACM狗队,3,569
2025,2,762,北京理工大学,编程小纵队,3,570
2025,2,762,中国传媒大学,天衣无缝,3,570
2025,2,764,深圳大学,青春ACM少年不会梦见5d0学姐,3,571
2025,2,764,广西师范大学,哦吼吼吼吼吼,3,571
2025,2,766,山东大学,山东大学的队伍,3,573
2025,2,767,苏州大学,天堂之风,3,575
2025,2,767,武汉理工大学,败犬小鞠是我的!!,3,575
2025,2,769,武汉理工大学,败犬ACMer太多啦,3,576
2025,2,770,华东师范大学,例方体,3,578
2025,2,771,福州大学,福大11队,3,580
2025,2,772,信息工程大学,花生可,3,581
2025,2,773,杭州师范大学,调和线束,3,586
2025,2,774,安徽理工大学,我永远喜欢柯朵莉,3,587
2025,2,774,湖南师范大学,师大壹队,3,587
2025,2,774,山东理工大学,熵减新生,3,587
2025,2,777,杭州师范大学,散落飘零,3,588
2025,2,778,西安电子科技大学,封榜的135秒,3,590
2025,2,779,厦门大学,打铁还需自身硬,3,592
2025,2,780,哈尔滨工业大学(深圳),奶龙耄耋doro合体,3,593
2025,2,780,浙江工商大学,超级无敌暴龙战士,3,593
2025,2,782,深圳技术大学,SZTU_未闻WA名,3,600
2025,2,783,中国地质大学(北京),我要玩丝之歌,3,601
2025,2,783,中国地质大学(北京),O泡果奶要要要,3,601
2025,2,783,昆明理工大学,天青色,3,601
2025,2,786,哈尔滨工程大学,起个人类队名吧球球了,3,603
2025,2,787,内蒙古大学,铁匠,3,604
2025,2,787,天津大学,玩三角洲玩的,3,604
2025,2,789,浙江财经大学,浙财3队,3,606
2025,2,790,浙江理工大学,这题真做不队,3,607
2025,2,790,浙江财经大学,浙财2队,3,607
2025,2,792,西南交通大学,西南交大舞萌DX同好会,3,608
2025,2,792,天津工业大学,香香软软白白嫩嫩可可爱爱队,3,608
2025,2,794,合肥工业大学,合工大2队,3,610
2025,2,795,华中农业大学,憧憬成为AC大帝,3,614
2025,2,796,武汉大学,核心算法,3,617
2025,2,797,北京工业大学,队名,3,618
2025,2,797,江西财经大学,别开香槟开早了,3,618
2025,2,799,上海大学,全做不队,3,623
2025,2,800,浙江万里学院,久缚之茧,3,624
2025,2,801,北京科技大学,队友十年单身换区域赛银牌,3,627
2025,2,801,四川农业大学,我们有铁牌,3,627
2025,2,803,香港理工大学,闪光破梨油,3,628
2025,2,803,香港中文大学,"飞吧,罐中之虫",3,628
2025,2,805,浙大宁波理工学院,浙大宁理1队,3,629
2025,2,805,上海第二工业大学,9,3,629
2025,2,807,中南民族大学,哈基高,3,633
2025,2,808,成都信息工程大学,冷焰,3,634
2025,2,809,郑州轻工业大学,咪啪啊呜Ciallo喵~,3,635
2025,2,810,大连理工大学城市学院,击碎黑暗,3,637
2025,2,811,湖南大学,工信,3,638
2025,2,811,西安电子科技大学,哈吉米,3,638
2025,2,813,南京邮电大学,njupt25team007,3,640
2025,2,814,湖南科技大学,湖南科大二队,3,647
2025,2,815,华东师范大学,东中国瓷器大学,3,650
2025,2,816,华东师范大学,Rebellion,3,651
2025,2,817,安阳工学院,让我AC好不好,3,652
2025,2,818,中国矿业大学,不是只过样例,3,654
2025,2,818,江西财经大学,阳光彩虹不白码,3,654
2025,2,820,哈尔滨工业大学(威海),重生之我在哈威wa铁牌,3,655
2025,2,821,北京林业大学,助力六级听力全队,3,658
2025,2,822,长沙理工大学,大白鹅,3,660
2025,2,823,怀化学院,又幻想了,3,662
2025,2,824,东北师范大学,DeepSleep_V3,3,664
2025,2,825,深圳大学,起名真是难,3,669
2025,2,826,西安欧亚学院,略去过程QED,3,673
2025,2,827,南阳理工学院,但恨花开晚,3,674
2025,2,828,中国石油大学(华东),UPC1953,3,675
2025,2,829,南京农业大学,码到成功,3,681
2025,2,830,广州软件学院,猛攻!就是要猛攻,3,683
2025,2,831,上海大学,我们仍未知道那天金牌题的做法,3,685
2025,2,832,上海海洋大学,胡萝卜(^u^),3,687
2025,2,833,浙江财经大学,浙财4队,3,690
2025,2,834,福州大学,福大10队,3,691
2025,2,835,香港理工大学,愚者,3,692
2025,2,836,三峡大学,三大1队,3,695
2025,2,837,鲁东大学,"愿此行,终抵群星",3,700
2025,2,838,华南理工大学,走地鸡的幻想乡,3,701
2025,2,839,东南大学,我最不会起名了,3,703
2025,2,839,西安工业大学,"敢同恶鬼争高下,不向霸王让寸分",3,703
2025,2,841,华南理工大学,SCUT第零店,3,709
2025,2,842,南京信息工程大学,想想,3,715
2025,2,843,绍兴文理学院,大宝一刀把复杂度劈成O(1)了,3,716
2025,2,843,中国民航大学,非暴力不ac,3,716
2025,2,845,中国地质大学(北京),打比赛拿ssp,3,719
2025,2,846,青岛大学,江江无路可退,3,723
2025,2,847,天津理工大学,TJUT_极速AC,3,724
2025,2,847,北京邮电大学,金牌厨师,3,724
2025,2,849,西南大学,超大杯联动队,3,729
2025,2,850,杭州师范大学,楚庾风月,3,734
2025,2,851,中国人民大学,河边喝水的三只猫,3,738
2025,2,852,深圳大学,只是参加xcpc就被管家打断了双腿,3,744
2025,2,852,辽宁大学,月影宵行,3,744
2025,2,854,厦门大学嘉庚学院,普通和理所当然是什么,3,747
2025,2,855,中国民航大学,星星之火,3,748
2025,2,856,西南大学,西大哈基米,3,750
2025,2,857,北方工业大学,我想睡觉,3,751
2025,2,857,郑州大学,郑大队伍5,3,751
2025,2,859,成都理工大学,国际漫游,3,756
2025,2,859,陕西师范大学,线段树上长麦当劳,3,756
2025,2,861,中国科学技术大学,库特胜利,3,765
2025,2,862,香港科技大学(广州),仲夏夜之金梦,3,766
2025,2,863,上海科技大学,"scanf(""%s"", team)",3,768
2025,2,864,长春理工大学,那一天的寂寞寂寞起来,3,771
2025,2,864,广东工业大学,呜哇,3,771
2025,2,866,中国海洋大学,结束乐队,3,772
2025,2,867,合肥工业大学宣城校区,合肥工业大学2队,3,782
2025,2,868,燕山大学,燕大1队,3,788
2025,2,869,信阳师范大学,哩哩啦哩啦,3,791
2025,2,870,同济大学,队的队的哦不队不队,3,799
2025,2,871,宁德师范学院,我从没觉得打算法竞赛开心过,3,811
2025,2,872,西南交通大学,天地一家大爱盟,3,813
2025,2,873,南京信息工程大学,绿色结晶猫,3,816
2025,2,874,东北大学,东北大学_氕氘氚氦氖氩氪氙氡鿫,3,820
2025,2,875,山东大学(威海),AC自动基米,3,821
2025,2,876,西安工业大学,zhgg再飞高高,3,826
2025,2,877,上海电力大学,沉入奈落之底,3,831
2025,2,878,华东师范大学,憧憬成为代码强迫传奇大主人,3,833
2025,2,879,湖州师范学院,哦!只因多!!!,3,871
2025,2,880,杭州电子科技大学,2025杭电12队,3,877
2025,2,881,东北大学,东北大学_Summer_Pockets,3,891
2025,2,882,国防科技大学,无人在意,3,900
2025,2,883,东北农业大学,"服务器繁忙,请稍后再试",3,902
2025,2,884,沈阳化工大学,鼠鼠我两眼懵逼感觉看到了太奶,3,986
2025,2,885,浙江工商大学,男生ACM单字极品ID,3,1072
2025,2,886,华中师范大学,人生何处不青山,2,99
2025,2,887,长春理工大学,是长理不是厂里,2,105
2025,2,888,徐州工程学院,奶龙宝宝巴士,2,137
2025,2,889,北京林业大学,创4我算了,2,148
2025,2,890,武昌首义学院,数论能不能放过我这一次,2,154
2025,2,891,中北大学,"ACMer转生,到了xcpc就拿出0721次罚时",2,157
2025,2,892,湖南农业大学,会赢吗,2,164
2025,2,893,上海科技大学,FastIO,2,167
2025,2,893,浙江工业大学,25ZJUT7,2,167
2025,2,895,中国石油大学(华东),UPC1997,2,168
2025,2,895,广东工业大学揭阳校区,Sumimi,2,168
2025,2,897,北京交通大学,BJTU04,2,172
2025,2,898,深圳技术大学,SZTU_云中锦书,2,176
2025,2,899,南京航空航天大学,下班,2,180
2025,2,900,香港理工大学,我不是小茂密,2,183
2025,2,901,南通大学,复制粘贴,2,188
2025,2,902,电子科技大学中山学院,随便做都队,2,189
2025,2,903,中南林业科技大学,CSUFT1,2,190
2025,2,903,中国民航大学,空指针指向我的心,2,190
2025,2,905,沈阳师范大学,"今夜,星光灿烂",2,191
2025,2,906,山东师范大学,爆零就去玩原神,2,194
2025,2,906,广东工业大学,暗黑寻猎者,2,194
2025,2,906,南京林业大学,长夜月,2,194
2025,2,909,天津工业大学,良田满穗,2,195
2025,2,909,北京师范大学珠海校区,我是米猪,2,195
2025,2,911,成都锦城学院,樱花泪,2,196
2025,2,912,烟台大学,评测机的那边是AC,2,199
2025,2,913,杭州师范大学,春天的草莓和夏天的啤酒花,2,201
2025,2,914,浙江师范大学,给我吃一口脑子,2,205
2025,2,915,临沂大学,金角大王,2,206
2025,2,916,浙江广厦建设职业技术大学,"给我们名额吧,我们真的想旅游",2,208
2025,2,917,中原工学院,WRL,2,212
2025,2,918,青岛理工大学,把我的汉堡还给我!,2,215
2025,2,919,青岛大学,水天一色,2,216
2025,2,920,浙大宁波理工学院,浙大宁理8队,2,217
2025,2,921,中国矿业大学(北京),Fortune,2,218
2025,2,922,河南工程学院,南苑一队,2,225
2025,2,923,华南农业大学,一一得一,2,227
2025,2,924,常熟理工学院(苏州工学院),菜狗之我要重生,2,229
2025,2,925,浙江农林大学,Blessing,2,230
2025,2,925,青岛大学,为青大之崛起而AC,2,230
2025,2,927,华南理工大学,AC自动机,2,231
2025,2,928,福州大学,福大8队,2,232
2025,2,929,太原理工大学,"我有一个绝妙的算法,但空白处太少,我写不下",2,234
2025,2,930,国防科技大学,一年之诗,2,239
2025,2,931,江西理工大学,江理托举,2,240
2025,2,932,河南科技大学,难铜的最后一舞,2,241
2025,2,932,同济大学,边缘者,2,241
2025,2,932,江西师范大学,梨蛋汤,2,241
2025,2,935,珠海科技学院,没学过算法幻想打icpc,2,248
2025,2,935,暨南大学,我需要vscode,2,248
2025,2,935,江南大学,凹嗷奥熬袄,2,248
2025,2,938,贵州师范大学,GZNU-1队,2,250
2025,2,938,武汉纺织大学,扣1送金牌,2,250
2025,2,940,南京农业大学,没有人比我更懂AC,2,252
2025,2,941,山东财经大学,起名不比算法简单,2,255
2025,2,942,厦门大学,AAA牌子批发,2,256
2025,2,942,华南师范大学,江南行者,2,256
2025,2,942,西南财经大学,队友队友要不要和我一起打xcpc喵喵喵喵喵,2,256
2025,2,945,黄冈师范学院,好喜欢你怎么办,2,258
2025,2,945,宁波职业技术大学,她不一样,2,258
2025,2,945,广东东软学院,迪亦昂牧,2,258
2025,2,948,安徽师范大学,队都的说哀原灰,2,259
2025,2,948,中国地质大学(武汉),不可思议之国的爱丽丝正在梦游仙境,2,259
2025,2,950,香港大学,想要成为icpc糕手,2,261
2025,2,950,中国石油大学(华东),UPC2021,2,261
2025,2,950,中国矿业大学,宇宙兄弟,2,261
2025,2,953,浙江工商大学,以我残躯化烈火,2,263
2025,2,953,南京工业大学,我太想进步了,2,263
2025,2,955,南阳理工学院,我们一直在哭,2,264
2025,2,956,贵州大学,说的道理,2,265
2025,2,956,烟台大学,甘文崔,2,265
2025,2,956,山东理工大学,夜航星,2,265
2025,2,959,陕西科技大学,AC智能体,2,266
2025,2,960,厦门大学,搏至无憾,2,267
2025,2,960,湖南科技大学,湖南科大三队,2,267
2025,2,962,厦门大学,后缀自动机,2,268
2025,2,963,湖南财政经济学院,死手快敲,2,271
2025,2,964,山东建筑大学,大明湖水怪,2,272
2025,2,964,湖北师范大学,WA!AC!,2,272
2025,2,964,重庆邮电大学,3G联盟,2,272
2025,2,967,四川大学,今晚来我床上打舞萌中二,2,273
2025,2,968,河海大学,如果是勇者辛美尔的话一定会AC的,2,276
2025,2,969,中国矿业大学,码到成功,2,277
2025,2,970,东华大学,因为在0721和我推的绫地宁宁组一辈子乐队,2,279
2025,2,971,广西民族大学,超级薯条,2,280
2025,2,971,华南理工大学,您的AC订单正在配送,2,280
2025,2,973,中国科学技术大学,WA也是A,2,284
2025,2,973,杭州师范大学,星弈,2,284
2025,2,975,湖北工业大学,小丑派对,2,285
2025,2,975,南京邮电大学,njupt25team003,2,285
2025,2,975,浙江工业大学之江学院,我开挂了求针对,2,285
2025,2,978,济南大学,重生之世界代码能力降低一万倍,2,286
2025,2,978,福建师范大学,超级飞侠快使用后仰跳投,2,286
2025,2,978,长江大学,代码复仇者,2,286
2025,2,981,河海大学,在网络赛寻求奖牌是否搞错了什么,2,287
2025,2,982,天津工业大学,祥子帮帮写,2,288
2025,2,983,西南民族大学,SMU2502,2,289
2025,2,984,杭州师范大学,哈哈请冷静,2,290
2025,2,985,吉林大学,白毛红瞳小萝莉,2,291
2025,2,985,河南工程学院,南苑二队,2,291
2025,2,985,安徽大学,神秘WA学弟,2,291
2025,2,988,山东大学(威海),是谁在叫我宝宝,2,292
2025,2,989,华中农业大学,一支队伍,2,293
2025,2,990,广州大学,宵宫流萤,2,294
2025,2,991,中国矿业大学,矿兵出击,2,296
2025,2,991,北京语言大学,轮椅压牛算猪脚吗,2,296
2025,2,993,广西师范大学,哇哈哈哈哈哈,2,298
2025,2,994,广东工业大学,无限随机,2,299
2025,2,995,云南大学,维什戴尔实在是太吃操作了,2,301
2025,2,995,浙江育英职业技术学院,育英五队,2,301
2025,2,995,华南农业大学,想队名这种事情不要啊,2,301
2025,2,998,湖南科技大学,湖南科大四队,2,302
2025,2,999,华南农业大学,天鹅繁育中心,2,303
2025,2,1000,中南大学,听说有原石领我就来了,2,305
2025,2,1000,广东工业大学,循序渐进,2,305
2025,2,1002,滁州学院,名字好也没用,2,309
2025,2,1003,湘潭大学,湘大六队,2,310
2025,2,1004,大连理工大学盘锦校区,无限战争,2,312
2025,2,1005,中国科学技术大学,高级CV工程师,2,313
2025,2,1005,南京大学,胡萝卜炖鱼梨,2,313
2025,2,1005,安徽大学,"WA是没有理由的,只是今天没能调出bug罢了",2,313
2025,2,1008,西华大学,鸡蛋糕,2,314
2025,2,1008,浙江理工大学,三个方块人一台戏,2,314
2025,2,1008,深圳技术大学,SZTU_睡一觉就AC,2,314
2025,2,1011,湖南大学,凌空摘星,2,315
2025,2,1011,西安科技大学,炼金术士,2,315
2025,2,1013,广东金融学院,哥布林之家,2,318
2025,2,1013,北京理工大学,打铁也能报销吗,2,318
2025,2,1013,华南理工大学,HowA,2,318
2025,2,1016,华南师范大学,四世同堂——计院版,2,321
2025,2,1016,宁波大学,broken23,2,321
2025,2,1018,郑州轻工业大学,苏坡比个卡普,2,322
2025,2,1019,常州大学,队名忘起了,2,323
2025,2,1020,中国民航大学,分母,2,324
2025,2,1020,浙江科技大学,这个真好吃 nya ٩(๑ ́ `๑)۶,2,324
2025,2,1022,齐鲁工业大学,江盼流星雨,2,326
2025,2,1022,江南大学,"∀无牌转生,来到ACM就拿出真本事",2,326
2025,2,1024,香港科技大学(广州),火龙果队,2,328
2025,2,1025,成都信息工程大学,竹叶雨,2,330
2025,2,1025,湖南工业大学,2,2,330
2025,2,1027,暨南大学,"printf(""队友呢救一下啊"")",2,331
2025,2,1027,山东科技大学,鹰号,2,331
2025,2,1029,东北师范大学,骑士,2,333
2025,2,1030,温州大学,牌入栈 栈溢出,2,334
2025,2,1030,广东工业大学,起名最麻烦了,2,334
2025,2,1032,吉林大学,酒笙清栀,2,335
2025,2,1033,杭州师范大学,尽欣杰力还是做不到吗,2,336
2025,2,1034,嘉应学院,W°C可以煮鱼L!,2,337
2025,2,1034,武汉科技大学,天地一家大爱盟,2,337
2025,2,1034,浙江外国语学院,浙外X队,2,337
2025,2,1034,四川大学,想学水利水电工程,2,337
2025,2,1034,上海理工大学,自由曲面,2,337
2025,2,1039,北京印刷学院,中国出版大学,2,338
2025,2,1039,同济大学,芒果派队,2,338
2025,2,1039,南京邮电大学,njupt25team006,2,338
2025,2,1042,浙江工业大学,25ZJUT5,2,339
2025,2,1043,东北大学秦皇岛分校,蓦然回首,2,340
2025,2,1043,东华理工大学,吃个冻梨不嘻嘻,2,340
2025,2,1043,浙江师范大学,未名征途烙星痕,2,340
2025,2,1046,新疆大学,宝宝呼啦圈,2,341
2025,2,1047,武汉科技大学,赤色风铃,2,346
2025,2,1047,重庆大学,代码奇点,2,346
2025,2,1049,浙江科技大学,老人带新人,2,348
2025,2,1049,西南科技大学,我有一个小构思,2,348
2025,2,1051,江西财经大学,没有下次再见吧,2,349
2025,2,1052,成都理工大学,满穗说ACMYGO是睦头长期素食导致,2,350
2025,2,1052,华南农业大学,签完到就去出勤,2,350
2025,2,1054,青岛农业大学,代码小魔仙,2,351
2025,2,1055,福建理工大学,福建理工大学2队,2,352
2025,2,1056,南阳理工学院,你不会离开我的对不对,2,353
2025,2,1057,郑州轻工业大学,样例对了就是过了,2,354
2025,2,1057,山东科技大学,赤城号,2,354
2025,2,1057,北京理工大学珠海学院,江郎不想才尽,2,354
2025,2,1060,苏州大学,素粥大雪登山队,2,355
2025,2,1060,厦门大学,顶级理解,2,355
2025,2,1060,南华大学,月夕花晨,2,355
2025,2,1063,韶关学院,灌注hsn8086,2,356
2025,2,1064,宁波工程学院,打网络赛被管家活活打断了双腿,2,357
2025,2,1065,福州大学,福大9队,2,358
2025,2,1066,上海工程技术大学,队友起队名突然病倒我发誓一定要写出救赎队友的队名却发现没有起队名的才能崩溃的我被队友丢进鱼缸边哭边喊我讨厌你们的温柔,2,359
2025,2,1067,东北师范大学,鼠鼠猛攻acm,2,360
2025,2,1067,陕西师范大学,Not Found 404,2,360
2025,2,1067,广东工业大学揭阳校区,彼岸之约,2,360
2025,2,1070,鲁东大学,贪生pass,2,361
2025,2,1071,贵州大学,我要吃纸包鱼,2,362
2025,2,1072,香港中文大学(深圳),AC娘单推人,2,363
2025,2,1073,苏州大学,咖啡宝贝,2,364
2025,2,1073,河南理工大学,呆头呆脑,2,364
2025,2,1075,浙大城市学院,"猫,架子与水杯",2,365
2025,2,1076,合肥大学,好心态确定一生,2,366
2025,2,1077,北京中医药大学,有谁知道队名最长可以多长,2,367
2025,2,1077,江西师范大学,一时半会想不出,2,367
2025,2,1077,上海理工大学,那一天的WA AC起来,2,367
2025,2,1080,山东大学,零一之间,2,368
2025,2,1080,莆田学院,中二病也要当A批,2,368
2025,2,1080,宁波大学,蜜雪三分糖加AC,2,368
2025,2,1083,江西财经大学,ac梦不是梦,2,369
2025,2,1083,西南科技大学,植物大战僵尸 杂交版,2,369
2025,2,1085,岳阳学院,深度睡眠,2,370
2025,2,1085,黑龙江大学,地灵殿刷铁机,2,370
2025,2,1087,新疆大学,三个人挂了十次四六级,2,372
2025,2,1087,大连理工大学,dlut05,2,372
2025,2,1089,山东大学,芝士队名,2,375
2025,2,1089,中国石油大学(华东),UPC2025,2,375
2025,2,1091,齐鲁工业大学,负重越野,2,376
2025,2,1092,国防科技大学,巴别塔,2,378
2025,2,1092,南阳理工学院,没事还有另一队,2,378
2025,2,1092,郑州轻工业大学,我没意见,2,378
2025,2,1092,西北大学,欲买桂花同载酒,2,378
2025,2,1092,河海大学,关于我转生成acm蒟蒻这档事,2,378
2025,2,1097,浙江工商大学,猫猫骑士团,2,379
2025,2,1097,北京林业大学,万一给我们创对了呢,2,379
2025,2,1099,中国矿业大学,我的青春acm物语果然有问题,2,380
2025,2,1100,浙江工商大学,魔法火焰,2,382
2025,2,1101,中国矿业大学,三只煤球想成金,2,383
2025,2,1102,中国科学技术大学,byto,2,384
2025,2,1103,西安电子科技大学,突然想到一个O(N^N)的做法,2,386
2025,2,1104,浙江水利水电学院,咕噜咕噜,2,387
2025,2,1104,安徽大学,众梦之聚,2,387
2025,2,1106,河南农业大学,压缩猫饼,2,388
2025,2,1107,西南石油大学,swpu_1,2,391
2025,2,1107,黑龙江大学,飞屋历险记,2,391
2025,2,1109,浙江工业职业技术学院,浙工院2队,2,392
2025,2,1110,浙江理工大学,对...对吗?对的对的,2,393
2025,2,1110,南京工业大学,AC一题就算win,2,393
2025,2,1112,上海大学,寒蝉鸣泣之时,2,395
2025,2,1113,延安大学西安创新学院,BY.小羊驼,2,396
2025,2,1113,山东大学,一场伟大的魔术,2,396
2025,2,1113,集美大学,绝不会忘记,2,396
2025,2,1113,华南理工大学,组一辈子乐队,2,396
2025,2,1117,南京邮电大学,njupt25team010,2,398
2025,2,1118,西安理工大学,我被困在了哈基乡,2,399
2025,2,1119,华东理工大学,珂朵莉最可爱了,2,400
2025,2,1119,江苏海洋大学,"好好学习,天天向上",2,400
2025,2,1119,陕西师范大学,恒卷时刻,2,400
2025,2,1122,南阳理工学院,H神酱味大鸡,2,401
2025,2,1122,三峡大学,三大2队,2,401
2025,2,1124,江西农业大学,你的存在是一个奇迹,2,403
2025,2,1124,丽水学院,月相人生,2,403
2025,2,1126,河南工业大学,长夜破晓,2,404
2025,2,1127,浙江工商大学,浮梦,2,405
2025,2,1128,武汉理工大学,最速WA传说,2,406
2025,2,1128,西南科技大学,当然!当然!当然!,2,406
2025,2,1130,湖南中医药大学,摆大烂,2,407
2025,2,1130,南京师范大学,gogogo粗发咯,2,407
2025,2,1132,中国地质大学(北京),前途一片完犊紫,2,408
2025,2,1133,华东交通大学,薛定谔的AC,2,409
2025,2,1133,成都信息工程大学,还在为她患得患失吗,2,409
2025,2,1133,山东大学,分形黄昏,2,409
2025,2,1136,湖南人文科技学院,队里有猫娘,2,410
2025,2,1137,河南大学,雨,2,411
2025,2,1137,南通大学,屠零,2,411
2025,2,1139,广西大学,队名WA2了,2,412
2025,2,1139,福建农林大学,想打一辈子算法竞赛,2,412
2025,2,1141,南京工业大学,做AK梦,2,413
2025,2,1141,暨南大学,没测样例就交,2,413
2025,2,1143,中南大学,go学长拒绝wa学弟,2,414
2025,2,1143,上海理工大学,你不是会变红色吗?变给我看啊!,2,414
2025,2,1145,齐鲁工业大学,"还没到六点,早安你个头",2,415
2025,2,1146,武汉工程大学,汉堡套餐,2,416
2025,2,1146,中南民族大学,二兆亿的流年,2,416
2025,2,1148,广东工业大学,AC发电机,2,418
2025,2,1149,台州学院,"让我们ac吧,我们什么都会做的",2,419
2025,2,1149,东北林业大学,文酱の万事屋,2,419
2025,2,1151,南开大学,在此输入队名,2,420
2025,2,1151,暨南大学,不AC也要来滴茶,2,420
2025,2,1151,四川师范大学,"一觉醒来,全球算法水平下降一万倍",2,420
2025,2,1154,宁波工程学院,判题姬再爱我一次,2,421
2025,2,1154,长沙学院,我需要题目意思,2,421
2025,2,1156,云南大学,残虹,2,422
2025,2,1156,西北工业大学,呼神护卫,2,422
2025,2,1156,西南科技大学,香尼乐铁汁,2,422
2025,2,1156,上海海洋大学,牢铁传说之陨落的天才,2,422
2025,2,1160,山西大学,咖波后援团,2,424
2025,2,1161,东北大学,东北大学_我都可以,2,426
2025,2,1162,北京科技大学,测试点全队,2,427
2025,2,1163,湖南城市学院,对,2,430
2025,2,1163,南京信息工程大学,那就先ai生成吧,2,430
2025,2,1165,上海海事大学,想获得名额的人脸上是没有笑容的,2,432
2025,2,1165,南京邮电大学,njupt25team004,2,432
2025,2,1167,深圳大学,扣1生成队名,2,433
2025,2,1167,东华大学,猫尾草,2,433
2025,2,1169,湖南工业大学,1,2,434
2025,2,1169,北京交通大学,BJTU05,2,434
2025,2,1169,华南农业大学,比赛没一个是醒的,2,434
2025,2,1169,浙江农林大学,计算练习生^_^,2,434
2025,2,1169,东北农业大学,广告位招租,2,434
2025,2,1174,河南大学,好想玩道德与法治6,2,435
2025,2,1175,河南科技学院,重生之我在ACM赛场上原神启动,2,438
2025,2,1176,大连理工大学,dlut08,2,439
2025,2,1176,昆山杜克大学,昆杜四队,2,439
2025,2,1178,东北大学,东北大学_必码温,2,440
2025,2,1179,广州南方学院,狂怒,2,442
2025,2,1180,中国地质大学(武汉),请输入文本,2,443
2025,2,1181,湖南大学,蝴蝶穿花,2,444
2025,2,1182,绍兴文理学院,可爱星星飞天撞,2,449
2025,2,1182,宁波大学,帮狗猫,2,449
2025,2,1184,清华大学,无荆,2,452
2025,2,1184,宁波大学,初音未来-纳西妲-芙宁娜第一可爱喵,2,452
2025,2,1184,安徽大学,"顺境吃圆博,逆境洗澡澡,绝境靠建强",2,452
2025,2,1187,南华大学,不吃拼好饭,2,453
2025,2,1187,华东理工大学,滴泛音特隆隆,2,453
2025,2,1189,河南农业大学,"这么中,那么燃,周末到河南",2,454
2025,2,1190,济南大学,风鹏万里,2,458
2025,2,1190,北京师范大学珠海校区,天然愚蠢,2,458
2025,2,1192,福州大学,福大5队,2,461
2025,2,1193,汕头大学,黑手冲锋队,2,462
2025,2,1194,苏州大学,代码提交长度限制十万字符,2,463
2025,2,1194,北师香港浸会大学,"收下吧,这是我最后的AC了",2,463
2025,2,1194,中国计量大学,樱梦殇,2,463
2025,2,1197,上海电力大学,爆裂黎明,2,464
2025,2,1198,上海财经大学,虾糊闹,2,466
2025,2,1198,广州大学,哈基米南北绿多,2,466
2025,2,1198,嘉应学院,蒜鸟蒜鸟大家都不yong易对不队,2,466
2025,2,1201,成都信息工程大学,鼠鼠大王,2,468
2025,2,1202,青岛理工大学,哈气之路,2,469
2025,2,1203,佛山大学,粉狗冲鸭,2,474
2025,2,1204,华北电力大学(保定),pwq不会起名字、,2,480
2025,2,1204,西南财经大学,"枚举连接大脑,暴力代替思考",2,480
2025,2,1206,浙江理工大学,幻想郷最強伝説と完全で瀟洒な従者!十六夜咲夜です,2,481
2025,2,1207,北方工业大学,样例收割机,2,482
2025,2,1208,江南大学,我79连上网了 切不动题就用电网惩罚全场,2,483
2025,2,1209,长春理工大学,手动ac机,2,486
2025,2,1210,海南大学,洗澡不跳舞等于没洗,2,488
2025,2,1211,河海大学,0d00爆吃0721发罚时用粉色起爆器炸毁评测机,2,491
2025,2,1212,西北工业大学,众神眷恋的幻想乡,2,492
2025,2,1212,哈尔滨工业大学,为无机世界增添色彩-1,2,492
2025,2,1214,河北师范大学,指尖破晓,2,493
2025,2,1215,郑州轻工业大学,非人类大队,2,495
2025,2,1216,成都信息工程大学,说好的幸福呢,2,497
2025,2,1216,南京邮电大学,njupt25team013,2,497
2025,2,1216,无锡学院,不会起名,2,497
2025,2,1219,上海理工大学,随机起名,2,499
2025,2,1220,北京化工大学,只要爆搜就能队,2,501
2025,2,1221,广东金融学院,多多柠檬茶,2,502
2025,2,1221,常熟理工学院(苏州工学院),"无所谓,我会 AC",2,502
2025,2,1223,长沙理工大学,美好的事可不可以发生在我身上,2,506
2025,2,1224,郑州轻工业大学,遥遥领先,2,507
2025,2,1225,湖北工业大学,猫猫虫,2,508
2025,2,1226,苏州大学,wa乃兵家常事,2,509
2025,2,1226,武汉大学,星河剪枝,2,509
2025,2,1226,山东大学(威海),菜菜也能AC吗,2,509
2025,2,1229,广州华商学院,777,2,511
2025,2,1230,山东大学,不万元申万的,2,512
2025,2,1230,曲阜师范大学,再多过一道题她就会回来,2,512
2025,2,1232,武汉纺织大学,满月三人组,2,513
2025,2,1233,江西师范大学,罚坐艺术家,2,515
2025,2,1234,江西师范大学,Wrong_answer_on_test_1,2,518
2025,2,1235,北师香港浸会大学,jiangly临时有事由我们来替他捧杯,2,519
2025,2,1235,南京信息工程大学,玄机策揽玲珑霄,2,519
2025,2,1237,中南民族大学,哈基仙,2,520
2025,2,1238,青岛农业大学,手写的从前,2,521
2025,2,1239,华南师范大学,A了这题就当归宅部,2,523
2025,2,1239,上海理工大学,证明?向出题人要去吧!,2,523
2025,2,1241,合肥工业大学宣城校区,我们打得都队,2,526
2025,2,1241,河海大学,堵桥来,2,526
2025,2,1243,浙江工业大学之江学院,做博丽灵梦谈古明地恋睡古明地觉,2,528
2025,2,1244,南京航空航天大学,0xAC小队,2,529
2025,2,1244,广州大学,无条件相信草神,2,529
2025,2,1246,成都信息工程大学,BanG Dream! It's MyALGO!!!!!,2,531
2025,2,1246,湖南工程学院,hnie01,2,531
2025,2,1246,燕山大学,燕大3队,2,531
2025,2,1249,中国石油大学(华东),UPC2013,2,533
2025,2,1250,华南师范大学,wa学弟幻想ac,2,535
2025,2,1251,常熟理工学院(苏州工学院),超级卡比猎人队,2,536
2025,2,1251,中国计量大学,倒影,2,536
2025,2,1253,厦门大学,马拉车拉马,2,537
2025,2,1253,东北大学秦皇岛分校,你从来没觉得打算法竞赛快乐过,2,537
2025,2,1253,武汉科技大学,漫步AC,2,537
2025,2,1256,中国矿业大学,5年oi三年io,2,539
2025,2,1257,合肥大学,反正能过样例,2,543
2025,2,1258,西湖大学,老鹰打饱嗝,2,544
2025,2,1258,南京航空航天大学,透明,2,544
2025,2,1260,信息工程大学,208,2,545
2025,2,1261,福州大学,福大12队,2,546
2025,2,1262,南京信息工程大学,旧梦新章,2,548
2025,2,1262,浙大城市学院,熔岩烤鸡,2,548
2025,2,1264,郑州大学,郑大队伍3,2,552
2025,2,1265,浙大宁波理工学院,浙大宁理4队,2,554
2025,2,1266,华南师范大学,一路向南,2,556
2025,2,1266,中国海洋大学,章鱼法师,2,556
2025,2,1268,河北师范大学,面向样例编程,2,557
2025,2,1269,绍兴文理学院,你渴望找到真正的奶龙吗?,2,559
2025,2,1270,烟台大学,魔晶,2,560
2025,2,1271,湖南大学,"繁花落尽,心中仍留花落的声音。一朵,一朵,在无人的山间轻轻飘落",2,562
2025,2,1272,湖南工业大学,3,2,563
2025,2,1273,福州大学,福大13队,2,565
2025,2,1274,河北师范大学,狱卒未到乡,2,568
2025,2,1275,天津仁爱学院,tjrac网络赛队伍1,2,573
2025,2,1276,临沂大学,临大汪汪队,2,574
2025,2,1277,天津工业大学,贪心全靠猜,2,581
2025,2,1278,山东大学,海鸥灭火器,2,586
2025,2,1278,山东工商学院,南极洲的return,2,586
2025,2,1280,佛山大学,acmer也是五字神人,2,588
2025,2,1280,华南理工大学,不要哇,2,588
2025,2,1282,浙江工业大学,25ZJUT8,2,593
2025,2,1283,哈尔滨理工大学,HRBUST1,2,596
2025,2,1284,广东工业大学,做得都队,2,599
2025,2,1285,江西农业大学,领航者,2,602
2025,2,1286,暨南大学,一遍过,2,604
2025,2,1287,华南农业大学,老爷保号队,2,605
2025,2,1288,内蒙古大学,等我长小了也要打OI,2,609
2025,2,1289,武汉纺织大学,零式镇魂曲,2,612
2025,2,1290,衡阳师范学院,WA就是AC,2,613
2025,2,1291,山东大学,圆一定要是圆形的,2,616
2025,2,1292,浙江财经大学,浙财6队,2,619
2025,2,1293,南京邮电大学,njupt25team008,2,621
2025,2,1294,常州大学,叫什么队,2,629
2025,2,1295,南京林业大学,青春acmer少年爱上了瓦学姐,2,634
2025,2,1296,江苏大学,Null,2,635
2025,2,1297,深圳大学,多娜多娜~一起来打代码吧,2,639
2025,2,1298,沈阳理工大学,Silvercloud Dreamer,2,644
2025,2,1299,广州大学,暴力美学,2,652
2025,2,1300,北京工业大学,鲁棒司机,2,663
2025,2,1301,浙江财经大学,浙财5队,2,668
2025,2,1302,吉利学院,吉利太美,2,679
2025,2,1303,浙江万里学院,梦想是咸鱼,2,686
2025,2,1304,北方工业大学,落榜程序员,2,709
2025,2,1305,长江大学,长夜未央,2,749
2025,2,1306,武汉纺织大学,我的青春AC果然物语,2,761
2025,2,1307,南京大学,"爆搜挂着机,打表出省一",2,780
2025,2,1308,石家庄铁道大学,测试账号9,2,790
2025,2,1309,西南科技大学,还是人类吗,1,37
2025,2,1310,广东金融学院,玉米爱吃炮车,1,40
2025,2,1311,厦门理工学院,有了有了,1,44
2025,2,1312,唐山学院,"泪水打湿ide,发誓不要tle",1,46
2025,2,1312,重庆大学,嘉陵江有色金属货轮,1,46
2025,2,1314,上海财经大学,AC,1,54
2025,2,1315,东华大学,不吃蔬菜,1,56
2025,2,1316,成都信息工程大学,如果队友可以变成算法大佬然后把我带飞的话......,1,58
2025,2,1317,华侨大学,华侨大学1队,1,64
2025,2,1318,金陵科技学院,二旬老人勇闯CPC,1,69
2025,2,1319,山东大学,LAMBDA拉面大师,1,73
2025,2,1319,同济大学,路边三条,1,73
2025,2,1321,江西理工大学,中二病也要AC,1,74
2025,2,1322,中国地质大学(北京),说啥都队,1,75
2025,2,1323,阜阳师范大学,金银铜,1,76
2025,2,1324,杭州电子科技大学信息工程学院,hziee2,1,79
2025,2,1325,南京林业大学,超时是日常队,1,81
2025,2,1326,北京电子科技学院,丢掉幻想准备斗争,1,84
2025,2,1327,兰州大学,莲子粥,1,85
2025,2,1328,哈尔滨工程大学,购入了一支名为AC的绿色股票,1,86
2025,2,1329,中国科学技术大学,广告位招租,1,88
2025,2,1329,山东大学,从山大中来到大山中去,1,88
2025,2,1329,大连海事大学,debug不如喝奶茶,1,88
2025,2,1332,广东海洋大学,广海某队,1,90
2025,2,1333,中南民族大学,关注华黎卡喵!关注华黎卡谢谢喵!,1,91
2025,2,1334,浙江工商大学,博神带俩坑,1,92
2025,2,1335,东华理工大学,哈基米南北绿豆,1,94
2025,2,1335,杭州师范大学,知识学爆,1,94
2025,2,1337,湖南师范大学,师大一队,1,95
2025,2,1338,北京师范大学,火龙狗,1,96
2025,2,1339,中国海洋大学,养马王,1,97
2025,2,1340,北京化工大学,"25时,Nightcode见",1,98
2025,2,1340,华南农业大学,三个键盘手也能组一辈子的乐队吗,1,98
2025,2,1340,北京林业大学,小AC找码码,1,98
2025,2,1343,上海海事大学,放学后Algorithm time,1,99
2025,2,1343,中国矿业大学,AC永动机,1,99
2025,2,1345,重庆工程学院,重工一队,1,100
2025,2,1345,淮北理工学院,来我淮理玩吖,1,100
2025,2,1345,浙江工商大学,瑞神和他的队友们,1,100
2025,2,1348,成都信息工程大学,一千零一,1,101
2025,2,1348,汕头大学,小鸟鸭梨懒羊羊,1,101
2025,2,1348,北京语言大学,你说天堂支点TLE是什么意思,1,101
2025,2,1351,上海杉达学院,完赛后舞萌俱乐部,1,102
2025,2,1352,东北大学秦皇岛分校,数据别和我们作队,1,103
2025,2,1352,五邑大学,这是什么大专,1,103
2025,2,1352,浙江工商大学,珂朵莉,1,103
2025,2,1355,兰州理工大学,我真的好想TA,1,104
2025,2,1355,湖北汽车工业学院,"前面忘了,坚决抵制c++本子,后面忘了",1,104
2025,2,1357,上海电力大学,ac是你的谎言,1,107
2025,2,1358,湖南工学院,我们必须想象打铁是幸福的,1,108
2025,2,1359,大连理工大学,dlut09,1,109
2025,2,1359,中南民族大学,404,1,109
2025,2,1361,中国人民大学,异步并行队,1,110
2025,2,1361,兰州大学,驾着马车的OIer,1,110
2025,2,1363,东北大学秦皇岛分校,二十四桥明月夜,1,111
2025,2,1364,深圳技术大学,SZTU_没有她的四月,1,114
2025,2,1365,贵州大学,ITZY,1,115
2025,2,1365,上海第二工业大学,这次别叫奶龙了,1,115
2025,2,1367,华南农业大学,没那么对,1,116
2025,2,1368,鲁东大学,太阳花,1,118
2025,2,1368,四川师范大学,好家伙,1,118
2025,2,1370,中国科学院大学,对对队,1,120
2025,2,1371,中央财经大学,You’ll Never Wrong Answer,1,121
2025,2,1371,南开大学,没想法就用少女乐队,1,121
2025,2,1371,山东大学,赛博守夜人,1,121
2025,2,1371,井冈山大学,哈基易秒开棘背龙打acm,1,121
2025,2,1371,东北农业大学,"叶公好龙,但是奶龙",1,121
2025,2,1376,天津大学,调一下午还不队,1,123
2025,2,1376,同济大学,C++养老院,1,123
2025,2,1376,丽水学院,404NotFound,1,123
2025,2,1379,中国民航大学,记得开龙龙,1,124
2025,2,1380,长安大学,重生之憧憬成为菜狗,1,125
2025,2,1380,哈尔滨工程大学,注定伟大,1,125
2025,2,1380,哈尔滨理工大学,HRBUST10,1,125
2025,2,1380,扬州大学,柚子醋蒸虾头,1,125
2025,2,1380,齐齐哈尔大学,AC不停,1,125
2025,2,1385,浙江广厦建设职业技术大学,群聊(3),1,126
2025,2,1385,青岛大学,起什么名字不如AC,1,126
2025,2,1387,南京理工大学泰州科技学院,那就不要再留遗憾了吧,1,128
2025,2,1387,长江大学,破晓,1,128
2025,2,1389,东北农业大学,是我太贪心试图规划未来,1,129
2025,2,1389,长江大学,深海探索者大战旭日宝宝,1,129
2025,2,1391,北京交通大学(威海),bjv007,1,131
2025,2,1391,河南财经政法大学,亚托莉,1,131
2025,2,1393,中国科学技术大学,三个臭皮匠,1,135
2025,2,1393,哈尔滨工业大学(威海),丝之队,1,135
2025,2,1395,曲阜师范大学,爱吃彩虹糖,1,136
2025,2,1396,河南农业大学,500请求失败,1,137
2025,2,1397,华南理工大学,我WA故我在,1,139
2025,2,1397,山东管理学院,猫猫大队,1,139
2025,2,1399,海南大学,峰城大学算法竞赛同好会,1,140
2025,2,1399,江西理工大学南昌校区,击杀王睦子米,1,140
2025,2,1401,广西科技大学,这一发·来自终焉,1,141
2025,2,1401,东南大学,秉烛问山,1,141
2025,2,1401,兰州大学,陇月天山雪未消,1,141
2025,2,1404,长安大学,先入黄金乡者赏芙蓉王,1,143
2025,2,1405,台州学院,与太阳同在,1,145
2025,2,1405,华北水利水电大学,"打铁的命,AC的心",1,145
2025,2,1405,石河子大学,能够做出图论的队伍做什么都能成功的,1,145
2025,2,1408,沈阳化工大学,又活一天,1,147
2025,2,1408,大连交通大学,火箭汪汪队,1,147
2025,2,1410,上海对外经贸大学,猫馔,1,148
2025,2,1410,兰州大学,请允许我再交一发,1,148
2025,2,1412,长江师范学院,三发罚时罚散兄弟情,1,149
2025,2,1412,山东大学,。。。,1,149
2025,2,1412,大连民族大学,获得成就:拼好队,1,149
2025,2,1415,成都理工大学,三位大帝码的天昏地暗键盘上的包浆都磨灭了,1,151
2025,2,1416,延边大学,延边大学1队,1,153
2025,2,1417,山东科技大学济南校区,卷摆二象性,1,155
2025,2,1418,南昌理工学院,2025 南理 2 队,1,156
2025,2,1419,天津大学,八骏宏图,1,157
2025,2,1419,武汉轻工大学,whpu01,1,157
2025,2,1421,武汉科技大学,您的骑手正在赶往ICPC的路上,1,158
2025,2,1421,青岛理工大学,一键三连了,1,158
2025,2,1423,安徽工业大学,666,1,160
2025,2,1423,惠州学院,能过样例就是赢,1,160
2025,2,1425,西南交通大学,西南交91同好会,1,162
2025,2,1425,华东交通大学,真的想不到队名了,1,162
2025,2,1427,福建农林大学,多给一分行不行,1,163
2025,2,1427,绍兴理工学院,做题5分钟翻译两小时,1,163
2025,2,1429,华南师范大学,过了样例就算对,1,164
2025,2,1429,四川师范大学,哈基米南北绿豆,1,164
2025,2,1431,西安理工大学,从零开始的WA生活,1,165
2025,2,1431,成都东软学院,蛋黄瑞士卷,1,165
2025,2,1431,湖北工业大学,备用机位,1,165
2025,2,1434,东北大学秦皇岛分校,代码斩杀使-芙莉莲,1,166
2025,2,1434,深圳技术大学,SZTU_鸡砖挖掘机,1,166
2025,2,1436,浙江万里学院,玩仔不想打铁,1,167
2025,2,1437,甘肃农业大学,信科奥力给,1,168
2025,2,1437,华南师范大学,区间合并,1,168
2025,2,1439,上海纽约大学,上纽1队,1,169
2025,2,1439,浙江育英职业技术学院,育英七队,1,169
2025,2,1439,安阳工学院,摆烂摸鱼打铁队,1,169
2025,2,1439,中国传媒大学,爱WA还是Go,1,169
2025,2,1443,沈阳农业大学,谷涨稷萁稔,1,170
2025,2,1444,南京航空航天大学,Wrongtime Error,1,171
2025,2,1445,怀化学院,真的热爱ACM吗,1,172
2025,2,1445,华南农业大学,你WA我不WA队,1,172
2025,2,1447,广西大学,奇迹与你,1,173
2025,2,1447,湖南农业大学,不要指望我们,1,173
2025,2,1449,新疆大学,AC自动机不能自动AC,1,174
2025,2,1449,东华大学,缝纫机糕手,1,174
2025,2,1451,大连理工大学,dlut07,1,175
2025,2,1451,华南师范大学,三百五十四种番茄炒蛋的做法,1,175
2025,2,1453,武汉理工大学,样例没过也要交,1,176
2025,2,1453,华南理工大学,ECF,1,176
2025,2,1455,福建农林大学,熊羊-fans,1,177
2025,2,1455,闽南师范大学,没有以前那么喜欢你了,1,177
2025,2,1455,安阳师范学院,Ctrl+Z,1,177
2025,2,1455,太原理工大学,张强,1,177
2025,2,1455,华中师范大学,"我重生了,这一世我要拿北京金牌娶回zzz",1,177
2025,2,1460,湖南农业大学,被资本针队,1,178
2025,2,1460,浙江农林大学,脑子逝去的夏天,1,178
2025,2,1462,北方工业大学,不爆零就是胜利,1,179
2025,2,1462,江西财经大学,三人驭六丸,1,179
2025,2,1462,南京农业大学,冗定,1,179
2025,2,1465,东北大学秦皇岛分校,样例过了就是AC,1,180
2025,2,1466,哈尔滨工业大学(威海),被ICPC暴打,1,181
2025,2,1466,郑州工商学院,四小时下班,1,181
2025,2,1466,信阳师范大学,Icpcwewin,1,181
2025,2,1469,内蒙古大学,哇哇哇,1,182
2025,2,1469,浙江机电职业技术大学,机电3队,1,182
2025,2,1469,四川信息职业技术学院,红鲤鱼与绿鲤鱼与驴o.〇,1,182
2025,2,1472,苏州大学,天外来物,1,183
2025,2,1472,华东交通大学,galgame小屋,1,183
2025,2,1472,惠州学院,破芒之拳,1,183
2025,2,1475,大连民族大学,我们有个队员六级没过哈哈哈,1,184
2025,2,1475,湖州师范学院,WA乃AC之母,1,184
2025,2,1477,韶关学院,icpc后援队,1,185
2025,2,1478,中国地质大学(北京),头像代表实力,1,186
2025,2,1478,广州城市理工学院,塞翁失码,1,186
2025,2,1480,广州大学,蛞蝓猫猫队,1,187
2025,2,1481,山东科技大学,亚特兰蒂斯号,1,188
2025,2,1482,长春工业大学,风平浪静,1,189
2025,2,1482,石家庄铁道大学,打瓦找妈堵桥花,1,189
2025,2,1482,广州城市理工学院,AC穿梭在银河的火箭队,1,189
2025,2,1482,内蒙古工业大学,希远,1,189
2025,2,1486,河南农业大学,吉伊卡哇,1,190
2025,2,1486,齐鲁工业大学,坐看云起时,1,190
2025,2,1486,新疆大学,iron medal show show way,1,190
2025,2,1486,同济大学,cia不多得llo~(∠・ω< )⌒☆,1,190
2025,2,1486,河南理工大学,蛋仔派队,1,190
2025,2,1491,浙江万里学院,砥砺前行,1,191
2025,2,1492,北京化工大学,大概是鼠鼠队,1,192
2025,2,1492,山东大学,1010011010演都不演了,1,192
2025,2,1494,西北工业大学,2085,1,193
2025,2,1494,惠州学院,那年人杰地灵,1,193
2025,2,1496,湖南工程学院,hnie03,1,194
2025,2,1497,河南财经政法大学,我要找妈妈,1,195
2025,2,1497,西南科技大学,无TL无WA一发过,1,195
2025,2,1499,华中科技大学,三缺一,1,196
2025,2,1499,上海理工大学,3英大战ACM,1,196
2025,2,1501,苏州大学,罗杰的最后一个WA,1,197
2025,2,1502,深圳大学,加睡不如加睡,1,198
2025,2,1503,成都信息工程大学,如果有一天爱上了算法竞赛,1,199
2025,2,1503,江西财经大学,彩虹海,1,199
2025,2,1505,梧州学院,点击输入文字,1,200
2025,2,1505,台州学院,我不吃AC,1,200
2025,2,1507,山东师范大学,复制粘贴王,1,201
2025,2,1508,长沙理工大学,厂里真练技术,1,202
2025,2,1508,西南民族大学,SMU2503,1,202
2025,2,1510,山西财经大学,除尘布队,1,203
2025,2,1511,广东技术师范大学,那就这个了,1,204
2025,2,1511,湖北第二师范学院,小猫雪豹和小学生,1,204
2025,2,1511,东华理工大学,破晓星,1,204
2025,2,1514,湖南财政经济学院,为美好的世界献上AC!,1,205
2025,2,1514,北方工业大学,代码不会WAWA叫,1,205
2025,2,1516,惠州学院,寒蝉鸣泣之时,1,206
2025,2,1517,大连大学,DLU1,1,207
2025,2,1517,华北水利水电大学,New一个奖牌,1,207
2025,2,1517,广东技术师范大学,打xcpc导致的,1,207
2025,2,1517,莆田学院,口胡银牌题,1,207
2025,2,1517,厦门大学嘉庚学院,帕斯,1,207
2025,2,1522,哈尔滨工业大学,让HIT再次伟大,1,208
2025,2,1522,海南大学,队友带个我都能AC,1,208
2025,2,1524,哈尔滨理工大学,HRBUST4,1,209
2025,2,1524,江苏科技大学,纯爱战士,1,209
2025,2,1526,云南大学,/kill @e,1,210
2025,2,1526,中国地质大学(武汉),ACM自动寄,1,210
2025,2,1526,中国石油大学(华东),UPC2053,1,210
2025,2,1529,太原科技大学,想不出来队名,1,212
2025,2,1529,浙江机电职业技术大学,机电2队,1,212
2025,2,1531,广东工业大学,静声,1,213
2025,2,1531,浙江科技大学,葫芦大金刚,1,213
2025,2,1533,华北科技学院,忒修斯之船,1,215
2025,2,1533,西南财经大学,柳浪湾流浪汉,1,215
2025,2,1535,西南交通大学,"球球你让我AC吧,队友什么都会做的",1,216
2025,2,1535,海南大学,溢出即自由,1,216
2025,2,1535,南京师范大学,不Seek会死,1,216
2025,2,1535,石河子大学,算法届的泥石流,1,216
2025,2,1539,广州华商学院,"不知道啊,队友说请吃烧烤我就来了",1,217
2025,2,1540,华南师范大学,后来的我们,1,218
2025,2,1540,西北工业大学,北极星,1,218
2025,2,1540,东莞理工学院,求求你让我a一题,1,218
2025,2,1540,浙江科技大学,对对队,1,218
2025,2,1544,浙江理工大学,zstu_春夏秋冬,1,219
2025,2,1544,河南理工大学,河狸诸葛亮,1,219
2025,2,1544,中国石油大学(北京)克拉玛依校区,中石大克,1,219
2025,2,1547,广东外语外贸大学,广外1队,1,220
2025,2,1547,中国矿业大学,重生之我们打进了wf,1,220
2025,2,1547,丽水学院,AK培养手册,1,220
2025,2,1550,广州大学,比赛时在做什么?有没有AC?可以来debug吗?,1,221
2025,2,1551,江西师范大学,埃塞披萨,1,222
2025,2,1552,上海理工大学,三行代码让评测机哭着喊AC,1,223
2025,2,1553,上海应用技术大学,晨续源,1,225
2025,2,1553,天津理工大学,TJUT_样例杀手不杀样例,1,225
2025,2,1553,重庆邮电大学,憧憬成为ACM高手,1,225
2025,2,1553,浙大城市学院,不如睡大觉,1,225
2025,2,1553,哈尔滨石油学院,老Java炒河粉,1,225
2025,2,1558,北京工业大学,相信奇迹,1,226
2025,2,1558,安阳师范学院,栈满为患,1,226
2025,2,1560,成都信息工程大学,白虎朱雀玄武,1,228
2025,2,1561,昆明理工大学,昆工刺客,1,229
2025,2,1562,东南大学,最不会取名,1,230
2025,2,1562,河南大学,我要睡觉了,1,230
2025,2,1564,大连理工大学,dlut06,1,231
2025,2,1565,北京工业大学,苦来惜苦,1,232
2025,2,1565,上海大学,对对对,1,232
2025,2,1565,阜阳师范大学,汪汪汪汪汪汪队,1,232
2025,2,1568,东北师范大学,ac不wa队,1,233
2025,2,1568,西南科技大学,喵喵队,1,233
2025,2,1568,中国矿业大学(北京),京矿小分队,1,233
2025,2,1568,浙江师范大学,蒟蒻三巨头,1,233
2025,2,1568,信息工程大学,新旬拔队,1,233
2025,2,1573,盐城工学院,红烧狮子头,1,234
2025,2,1573,东南大学,叶天舟,1,234
2025,2,1573,北京电子科技学院,蒙的全队,1,234
2025,2,1573,青岛理工大学,你好,1,234
2025,2,1573,鲁东大学,编译月华曲,1,234
2025,2,1578,中国海洋大学,海马程序员,1,236
2025,2,1578,宁夏大学,鹅鹅鹅鹅,1,236
2025,2,1580,安阳师范学院,无能的丈夫ovo,1,237
2025,2,1581,重庆文理学院,重庆工业大学一队,1,238
2025,2,1581,西安电子科技大学,AC0721发用0d00起爆器炸毁测评机,1,238
2025,2,1583,郑州大学,郑大队伍1,1,239
2025,2,1583,湖北第二师范学院,whynot,1,239
2025,2,1585,南昌理工学院,2025 南理 1 队,1,240
2025,2,1585,武昌理工学院,松弛感,1,240
2025,2,1585,山东女子学院,他与银牌皆失,1,240
2025,2,1585,兰州大学,希望别爆零,1,240
2025,2,1589,华北水利水电大学,我的头发是真发,1,241
2025,2,1589,广州城市理工学院,码码带我打wa,1,241
2025,2,1589,浙江科技大学,我不会再遇幻想乡,1,241
2025,2,1592,天津大学,"你们好啊,我是铁墓,我要感染评测机了",1,242
2025,2,1592,湖北工业大学,猫真的尽力了,1,242
2025,2,1592,西华师范大学,倒着ac,1,242
2025,2,1592,北京信息科技大学,哈门,1,242
2025,2,1596,哈尔滨工业大学(威海),爆零预言家,1,243
2025,2,1596,厦门大学,我也想跟你们一样厉害,1,243
2025,2,1596,哈尔滨工程大学,恩师可爱柚子厨(空间已更新)(已有闺),1,243
2025,2,1599,南京师范大学,"不懂,我推兰音的",1,244
2025,2,1600,嘉应学院,AAA 算法建材集团,1,245
2025,2,1601,广东技术师范大学,南北绿豆队,1,246
2025,2,1602,华北理工大学,提交按钮在哪里,1,247
2025,2,1602,浙大宁波理工学院,浙大宁理3队,1,247
2025,2,1604,哈尔滨商业大学,哈商大附中01队,1,248
2025,2,1604,合肥大学,一切都是命运石之门的选择,1,248
2025,2,1606,广东工业大学揭阳校区,和队友关闭思维流同步了,1,249
2025,2,1606,湖州师范学院,给予智慧,1,249
2025,2,1606,贵州大学,不要指望我们队2.0,1,249
2025,2,1609,山东财经大学,请输入文本,1,250
2025,2,1610,北京电子科技学院,从零到一的指针,1,251
2025,2,1610,长安大学,丝玛龙仆,1,251
2025,2,1610,广东工业大学揭阳校区,WA与蒟蒻同在,1,251
2025,2,1613,陕西科技大学,三世同堂,1,255
2025,2,1614,中南林业科技大学,CSUFT2,1,258
2025,2,1615,华中农业大学,天糖制造,1,259
2025,2,1615,北京电子科技学院,不知道叫什么队,1,259
2025,2,1615,郑州轻工业大学,石中剑,1,259
2025,2,1615,上海科技大学,请输入文本,1,259
2025,2,1615,中南民族大学,好难,1,259
2025,2,1620,暨南大学,cyf粉丝群,1,260
2025,2,1621,湖南工学院,狙击王,1,261
2025,2,1622,北师香港浸会大学,Westlake cufish,1,262
2025,2,1622,南阳理工学院,再wa一发,1,262
2025,2,1624,江西农业大学,"前面忘了,中间忘了,后面忘了",1,264
2025,2,1624,山东工商学院,古希腊掌管时间与空间的神,1,264
2025,2,1626,北京工业大学,恩师肖恩,1,265
2025,2,1626,北京工业大学,计算科学也是计科,1,265
2025,2,1626,西安电子科技大学,但愿你的道路漫长长长长长长长,1,265
2025,2,1629,福建技术师范学院,福建技术师范学院,1,267
2025,2,1629,苏州大学,汪汪队,1,267
2025,2,1629,九江学院,九江大学,1,267
2025,2,1629,南京邮电大学,njupt25team014,1,267
2025,2,1633,中原工学院,秦始皇,1,268
2025,2,1634,东北林业大学,哈计迷,1,269
2025,2,1634,西南民族大学,SMU2504,1,269
2025,2,1634,同济大学,静态规划,1,269
2025,2,1637,台州学院,胡桃率先出击,1,270
2025,2,1638,山东科技大学,心宿号,1,271
2025,2,1639,江西农业大学,些许风霜衣角微脏,1,273
2025,2,1639,云南大学,玉兰花,1,273
2025,2,1641,延安大学西安创新学院,无限剑制,1,274
2025,2,1641,南京邮电大学,njupt25team015,1,274
2025,2,1643,南阳理工学院,九个臭皮匠,1,275
2025,2,1643,华南理工大学,希腊奶,1,275
2025,2,1643,湖南财政经济学院,"铁汁,别生气",1,275
2025,2,1646,首都师范大学,Mon3tr后援团,1,276
2025,2,1647,福州外语外贸学院,请神自动机,1,277
2025,2,1648,东北师范大学,enjoy yourself,1,279
2025,2,1648,河南财经政法大学,爆零这种事不要啊,1,279
2025,2,1648,西南民族大学,SMU2505,1,279
2025,2,1651,成都信息工程大学,一码向前,1,280
2025,2,1651,成都信息工程大学,稳博,1,280
2025,2,1651,大连海事大学,放不下绩点,1,280
2025,2,1654,北京语言大学,Town In Go能不能AC?回答我!,1,281
2025,2,1655,山东大学,幻术协奏,1,282
2025,2,1655,东北师范大学,我重生了,1,282
2025,2,1655,西交利物浦大学,把你们都变成猫娘喵!,1,282
2025,2,1655,中国石油大学(华东),UPC1969,1,282
2025,2,1655,武汉纺织大学,A了,1,282
2025,2,1660,成都信息工程大学,兰花草,1,284
2025,2,1660,江西理工大学,样例过了就行,1,284
2025,2,1660,安徽大学,想要飞升萝莉星球,1,284
2025,2,1663,北京化工大学,再临,1,285
2025,2,1664,成都锦城学院,LTA1,1,286
2025,2,1665,福建农林大学,跃迁,1,288
2025,2,1665,临沂大学,AI数据结构,1,288
2025,2,1665,中原工学院,只是有点难度,1,288
2025,2,1668,南昌理工学院,2025 南理 3 队,1,289
2025,2,1668,上海师范大学,赛前不小心通宵了,1,289
2025,2,1670,韶关学院,MyALGO!!!,1,290
2025,2,1670,山东师范大学,最后亿舞,1,290
2025,2,1672,北华大学,抹茶芭菲,1,291
2025,2,1672,福州大学,福大14队,1,291
2025,2,1674,青岛大学,烨晨长安,1,292
2025,2,1675,苏州大学,复行数十步,1,293
2025,2,1675,陕西师范大学,宋,1,293
2025,2,1677,河北工程大学,七维叉积,1,295
2025,2,1677,中国民航大学,样例AC也是AC,1,295
2025,2,1679,武汉科技大学,超级无敌究极无敌永恒无敌霸王龙战队,1,296
2025,2,1680,浙大宁波理工学院,浙大宁理6队,1,297
2025,2,1681,南阳理工学院,CCZ困难解决小分队,1,298
2025,2,1681,西北农林科技大学,NWAFU_1,1,298
2025,2,1681,大连海事大学,都行,1,298
2025,2,1684,西安科技大学,同舟队,1,300
2025,2,1685,西北农林科技大学,NWAFU_3,1,301
2025,2,1685,中国矿业大学,wawa队立大功,1,301
2025,2,1687,浙江工商大学,咕咕嘎嘎,1,302
2025,2,1688,湖南农业大学,WA_Automatons,1,304
2025,2,1689,长沙理工大学,长理不包吃住,1,305
2025,2,1689,华东师范大学,讨厌TLE,1,305
2025,2,1691,南华大学,想不出队名,1,308
2025,2,1692,沈阳化工大学,打完回家吃饭,1,309
2025,2,1692,中国地质大学(武汉),折磨评测机,1,309
2025,2,1694,东北大学秦皇岛分校,发际线保护协会,1,311
2025,2,1695,齐鲁工业大学,破晓之光,1,313
2025,2,1695,广州理工学院,gzist,1,313
2025,2,1697,深圳职业技术大学,不想打铁,1,316
2025,2,1698,江西农业大学,遇到困难睡大觉,1,317
2025,2,1699,西南大学,bug有longlong那么多,1,320
2025,2,1700,中南民族大学,曙光,1,323
2025,2,1701,湖南人文科技学院,代码对不队,1,324
2025,2,1702,西南石油大学,此夜灯火长明,1,325
2025,2,1703,湘潭大学,湘大七队,1,328
2025,2,1704,郑州升达经贸管理学院,Accept,1,329
2025,2,1705,江西农业大学,战斗爽,1,331
2025,2,1706,河南科技大学,胡子猫海盗团,1,334
2025,2,1706,中国地质大学(武汉),三人穿墙,1,334
2025,2,1708,北京师范大学,许愿出金不歪,1,335
2025,2,1708,长安大学,这能不Ac_O!,1,335
2025,2,1710,盐城工学院,晓刃,1,336
2025,2,1711,武汉学院,吕吕汪汪队,1,337
2025,2,1711,北京师范大学,深藏blue,1,337
2025,2,1713,曲阜师范大学,重生之我是icpc战士,1,341
2025,2,1713,电子科技大学成都学院,科成2队,1,341
2025,2,1715,华中师范大学,月光化樱吹雪成泥,1,344
2025,2,1716,上海海事大学,熵减引擎,1,346
2025,2,1717,上海财经大学,求求你别WA,1,347
2025,2,1718,北京电子科技学院,罚时罚到外婆桥,1,352
2025,2,1719,中国民航大学,DP救我,1,357
2025,2,1719,河南财经政法大学,"删粥删农只为空月之歌,启动!",1,357
2025,2,1721,西安工业大学,仙宫四队,1,359
2025,2,1721,哈尔滨理工大学,HRBUST6,1,359
2025,2,1723,太原理工大学,事不过10086,1,364
2025,2,1724,浙江工商大学,奈落圆舞曲,1,367
2025,2,1724,黑龙江大学,黑大舞队,1,367
2025,2,1726,琼台师范学院,忘了我也无所谓,1,375
2025,2,1727,郑州大学,郑大队伍2,1,379
2025,2,1728,江西财经大学,证明!!!,1,380
2025,2,1729,重庆大学,emmm,1,392
2025,2,1730,石家庄铁道大学,崩坏:庄窠铁道,1,412
2025,2,1730,南京邮电大学,njupt25team016,1,412
2025,2,1732,湖北师范大学,新世纪AC战士,1,414
2025,2,1732,沈阳师范大学,队长霸占机子疯狂A题,1,414
2025,2,1734,中央民族大学,acmer去看蛤蟆先生,1,416
2025,2,1735,江南大学,关于我转生成acmer的这档事,1,452
2025,2,1736,浙大城市学院,未命名1,1,455
2025,2,1737,浙江工商大学,重生之我是奶龙,1,462
2025,2,1738,南京邮电大学,njupt25team020,1,467
2025,2,1739,香港城市大学(东莞),我的键盘已经碎了- 我的午饭也馊了- 但我的冲锋- 是唐吉可德式的冲锋- 名为“ICPC”的大风车啊- ——我要与你再战三百回合。,1,468
2025,2,1740,上饶师范学院,铁匠队,1,469
2025,2,1740,江西财经大学,让我拿个奖吧求求了,1,469
2025,2,1742,东北大学秦皇岛分校,牛叉的队名,1,474
2025,2,1743,四川现代职业学院,唯有遗忘是最漫长,1,506
2025,2,1744,惠州学院,废柴精灵队,1,575
2025,2,1745,山东石油化工学院,来猜来财,1,642
2026,1,1,清华大学,PERFECT GIRL,12,1368
2026,1,2,清华大学,遥不可及,11,1131
2026,1,3,清华大学,击中月亮,11,1296
2026,1,4,复旦大学,格温的收集者,11,1391
2026,1,5,中山大学,中山大学-眉毛,11,1440
2026,1,6,北京大学,杨桃超新星,11,1460
2026,1,7,复旦大学,把天赋带到东海岸,11,1471
2026,1,8,清华大学,青一色,11,1766
2026,1,9,浙江大学,假如像他一样语文 130,11,1912
2026,1,10,北京大学,抹茶小蛋糕,10,968
2026,1,11,上海交通大学,照夜白,10,1017
2026,1,12,北京大学,随机匹配,10,1032
2026,1,13,中山大学,中山大学-四字队名,10,1057
2026,1,14,香港中文大学,"别笑,你来你也过不了test 2",10,1129
2026,1,15,南方科技大学,南方科技大学1队,10,1136
2026,1,16,浙江大学,队线大冲浪,10,1142
2026,1,17,清华大学,泰拉大陆打星队,10,1219
2026,1,18,香港中文大学(深圳),港中深 6 队,10,1273
2026,1,19,西安交通大学,少女擅长正解,10,1291
2026,1,20,复旦大学,是啊吃什么,10,1366
2026,1,21,上海交通大学,黎明前线,10,1383
2026,1,22,北京航空航天大学,天铸币,10,1399
2026,1,23,南京大学,随机过题,10,1419
2026,1,24,清华大学,不会唱歌,10,1420
2026,1,25,中山大学,中山大学-真的菜队,10,1434
2026,1,26,清华大学,压力一只蓝色大肥鱼?,10,1441
2026,1,27,清华大学,因为我要转ai了哈哈哈哈哈哈,10,1465
2026,1,28,香港中文大学(深圳),港中深 4 队,10,1466
2026,1,29,清华大学,从区开始的ICPC生活,10,1526
2026,1,30,复旦大学,AAA专业歪榜修正奶龙,10,1534
2026,1,31,广东工业大学,打ACM导致的,10,1562
2026,1,32,浙江大学,杨桃星球,10,1573
2026,1,33,清华大学,雾里看花,10,1611
2026,1,34,香港科技大学,喵喵喵幼儿园,10,1626
2026,1,35,北京大学,UTG,10,1912
2026,1,36,福州大学,惡·即·斬,9,788
2026,1,37,南京大学,肆零捌,9,829
2026,1,38,中国人民大学,睡眠一队,9,887
2026,1,39,南京大学,掉进兔子洞,9,896
2026,1,40,山东大学,电话微波炉(暂定),9,903
2026,1,41,香港中文大学,酒心魚蛋派,9,915
2026,1,42,北京大学,茉莉雨,9,927
2026,1,43,浙江大学,"等等,啥?",9,955
2026,1,44,香港科技大学(广州),一点都对,9,965
2026,1,45,西北工业大学,wanna be free,9,980
2026,1,46,西安交通大学,今晚一定要开一场了,9,984
2026,1,47,北京师范大学,ACM一缺二速来!!,9,989
2026,1,48,同济大学,于离别之朝束起约定之花,9,996
2026,1,49,清华大学,惊觉往事历历历历已经年,9,1007
2026,1,50,北京航空航天大学,亡灵大军,9,1066
2026,1,51,杭州电子科技大学,2026杭电1队,9,1074
2026,1,52,东南大学,皓月千里,9,1083
2026,1,53,华中科技大学,"君既真龙,仆安僭为",9,1113
2026,1,54,杭州师范大学,决胜于逆转之时,9,1116
2026,1,55,中南大学,茶市一种烩饭,9,1126
2026,1,55,电子科技大学,UESTC_忒修斯之船,9,1126
2026,1,57,北京邮电大学,不是清北一队,9,1177
2026,1,58,厦门大学,别急等我codex重置,9,1199
2026,1,59,中山大学,中山大学-喵喵队想旷工,9,1209
2026,1,60,南京大学,逐星,9,1217
2026,1,61,南京邮电大学,njupt26team001,9,1236
2026,1,62,中国人民大学,霧中流星,9,1248
2026,1,63,南京大学,微软大战代码2026,9,1263
2026,1,64,复旦大学,摇椅和棉花娃娃,9,1370
2026,1,65,南京大学,三只小猪,9,1395
2026,1,66,上海交通大学,蓝二乘,9,1397
2026,1,67,清华大学,哈吉米茵乐会,9,1424
2026,1,68,哈尔滨工业大学,水蓝色黎明 2,9,1426
2026,1,69,中国科学技术大学,蓝毛粉丝群,9,1493
2026,1,70,清华大学,X X XXX,9,1524
2026,1,71,清华大学,"放弃 OI 后,我在高考春暖花开",9,1572
2026,1,72,复旦大学,使题来袭╭(╯ε╰)╮AC力场全开,9,1581
2026,1,73,中国科学院大学,"我们身体不适,今日请假",9,1719
2026,1,74,中国人民大学,1+1,8,514
2026,1,75,武汉大学,夜深了猪意休息,8,689
2026,1,76,武汉大学,很弱的低手,8,694
2026,1,77,中山大学,中山大学-什么,8,792
2026,1,78,北京邮电大学,异等小队,8,839
2026,1,78,同济大学,YE5 or N0,8,839
2026,1,80,香港科技大学(广州),因为太怕WA就全点大模拟了,8,849
2026,1,81,清华大学,一粒玉米,8,851
2026,1,82,中山大学,中山大学-今天不想写题,8,863
2026,1,82,西安交通大学,六兆年零一夜的ACM,8,863
2026,1,84,哈尔滨工业大学,又到了白色相簿的季节,8,867
2026,1,85,湖南师范大学,HUNNU06,8,871
2026,1,86,深圳技术大学,SZTU_躲在超市后门玩原神的三人,8,880
2026,1,87,中国科学技术大学,王怡钧蔡俊成李俊辰代表队,8,885
2026,1,88,清华大学,今年争取不卡第二题,8,890
2026,1,89,中国科学技术大学,卫何我这么蔡,8,892
2026,1,90,西安交通大学,麒麟王的心脏,8,894
2026,1,91,清华大学,队仨,8,898
2026,1,92,北京航空航天大学,罗德岛驻基沃托斯冒险家协会,8,906
2026,1,93,南京大学,不对不对哦对的对的,8,912
2026,1,94,清华大学,新世纪福音战队,8,918
2026,1,95,北京航空航天大学,转人机,8,925
2026,1,96,北京航空航天大学,竹叶青,8,929
2026,1,97,西安工业大学,五代目—四非也有一红两橙吗,8,944
2026,1,97,清华大学,暂时不能给你明确的答复,8,944
2026,1,99,南京航空航天大学,让我...把一切都忘掉吧,8,975
2026,1,100,清华大学,1+2只会A,8,1046
2026,1,101,香港科技大学(广州),#define long long long,8,1050
2026,1,102,南京大学,创建队伍需要有名字,8,1058
2026,1,103,北京工业大学,各位对队名有什么想法,8,1075
2026,1,104,南京大学,非空集合,8,1094
2026,1,105,西北工业大学,#N/A,8,1104
2026,1,106,中山大学,中山大学-无名,8,1105
2026,1,107,重庆邮电大学,点兔之家,8,1106
2026,1,108,武汉大学,空,8,1108
2026,1,109,复旦大学,复旦七队,8,1109
2026,1,110,复旦大学,看我黑客快读,8,1117
2026,1,111,哈尔滨工业大学(深圳),耄已急哭,8,1121
2026,1,112,中山大学,"中山大学-是啊,吃什么",8,1132
2026,1,113,哈尔滨工业大学(威海),"先生,这得花不少token",8,1158
2026,1,114,北京航空航天大学,你染上四暗刻了,8,1200
2026,1,115,杭州电子科技大学,2026杭电14队,8,1203
2026,1,116,南方科技大学,南方科技大学3队,8,1218
2026,1,117,中国科学技术大学,永恒流转,8,1219
2026,1,118,东南大学,三英荟寝室,8,1223
2026,1,119,中山大学,中山大学-格式化杀手,8,1263
2026,1,120,杭州电子科技大学,2026杭电负1队,8,1269
2026,1,121,香港理工大学,冻柠去冰,8,1293
2026,1,122,东南大学,旧日遗梦,8,1299
2026,1,123,南开大学,月之暗面六点零,8,1310
2026,1,124,四川大学,薄荷水,8,1376
2026,1,125,华中科技大学,飞翔的荷兰人,8,1408
2026,1,126,浙江工业大学,ZJUT1,7,445
2026,1,127,中山大学,中山大学-2333er,7,492
2026,1,128,吉林大学,交流障碍星人,7,520
2026,1,129,北京交通大学,BJTU05,7,560
2026,1,130,华东师范大学,ecnu02,7,564
2026,1,131,东北大学秦皇岛分校,样例之外,7,566
2026,1,132,浙江大学,金雀花,7,580
2026,1,133,北京师范大学,无法歌唱的偶像,7,590
2026,1,134,同济大学,菜的 Ag 弃子队,7,596
2026,1,135,北京航空航天大学,龙乃帝王之征,7,597
2026,1,136,复旦大学,我们取了一个得体的队名,7,598
2026,1,137,北京邮电大学,二阶堂艾玛,7,604
2026,1,138,北京航空航天大学,队名长度对21(一个合数)取模,7,620
2026,1,139,北京化工大学,先wa带动后wa,7,623
2026,1,140,清华大学,铸剑,7,634
2026,1,141,东北师范大学,咔咔!!!,7,636
2026,1,142,电子科技大学,UESTC_启发式思考,7,642
2026,1,143,吉林大学,故障吉奇人,7,655
2026,1,144,华中科技大学,终帆,7,662
2026,1,145,北京信息科技大学,我家猪不见了,7,664
2026,1,146,西北工业大学,DDD,7,675
2026,1,147,华中科技大学,叽里咕噜说啥呢,7,676
2026,1,148,中山大学,中山大学-ucup-team7102,7,679
2026,1,149,兰州大学,十二奇策,7,681
2026,1,150,哈尔滨工业大学(深圳),"是啊,开什么?",7,706
2026,1,151,华南理工大学,scut resume,7,709
2026,1,152,华南农业大学,SCAU_wolfcub,7,712
2026,1,153,西安交通大学,这是一个ACM队,7,717
2026,1,154,暨南大学,"你,去vp了吧,和我不认识的人一起",7,725
2026,1,155,同济大学,ACM里的不油腻大学生,7,729
2026,1,156,香港科技大学(广州),就叫这个吧,7,734
2026,1,157,华南理工大学,椰子猫物语,7,738
2026,1,158,香港科技大学(广州),红鸟,7,741
2026,1,159,香港科技大学(广州),逆序队,7,747
2026,1,160,北方工业大学,已命名。,7,751
2026,1,161,南京大学,!?Xterfusion?!,7,758
2026,1,162,四川大学,华西子涵,7,759
2026,1,163,西湖大学,world.execute(me);,7,775
2026,1,164,南京理工大学,njust_2,7,779
2026,1,165,东北大学,东北大学_巧乐兹品味有多浓,7,781
2026,1,165,上海交通大学,猛虎上山,7,781
2026,1,167,东北大学,东北大学_RE:从段错误开始的主世界生活,7,785
2026,1,168,哈尔滨工业大学(深圳),樱桃kk,7,794
2026,1,168,同济大学,广铁集团,7,794
2026,1,170,中国人民大学,亻亻亻,7,797
2026,1,171,哈尔滨工业大学(深圳),路边大狗疯狂撕咬,7,798
2026,1,171,四川大学,"yunoyuno,帮我生成一个ACM队名",7,798
2026,1,173,同济大学,一月雨,7,802
2026,1,174,清华大学,队长说拿不了金牌就女装带我们看牛来,7,803
2026,1,175,电子科技大学,UESTC_我的思路无懈可击,7,817
2026,1,176,江西农业大学,领航者,7,818
2026,1,177,上海交通大学,键落星辰,7,820
2026,1,178,浙江理工大学,模,7,823
2026,1,179,杭州电子科技大学,2026杭电4队,7,825
2026,1,180,北京航空航天大学,支持明日方舟终末地谢谢喵,7,832
2026,1,181,北京理工大学,木叶三忍,7,834
2026,1,182,吉林大学,飞鸿踏雪,7,836
2026,1,183,中国科学院大学,唉唉焦虑了,7,844
2026,1,184,香港中文大学(深圳),港中深 8 队,7,847
2026,1,184,南京大学,kskbl,7,847
2026,1,186,电子科技大学,UESTC_深度睡眠,7,852
2026,1,187,清华大学,复仇滚木,7,868
2026,1,188,南京大学,未命名1.cpp,7,873
2026,1,189,长沙理工大学,长沙理工大学一队,7,874
2026,1,190,华东理工大学,Fashi-nashi AC-ari,7,875
2026,1,191,中山大学,中山大学-小馋猫,7,878
2026,1,192,南京大学,警惕问题求解,7,886
2026,1,193,南京邮电大学,njupt26team007,7,888
2026,1,194,上海交通大学,水镜,7,896
2026,1,195,华中科技大学,终帆粉丝团,7,912
2026,1,196,电子科技大学,UESTC_无尽相拥,7,913
2026,1,197,西南交通大学,SWJTU-AAA猪猪批发,7,916
2026,1,198,中南大学,AC自动机不会自动AC,7,917
2026,1,198,暨南大学,主人的命令罢了,7,917
2026,1,200,香港中文大学(深圳),港中深 9 队,7,935
2026,1,201,南京大学,黑骑士,7,944
2026,1,202,南开大学,2026,7,947
2026,1,203,天津大学,永远跟榜走,7,948
2026,1,204,香港科技大学,许愿是要付出代价的,7,951
2026,1,205,武汉大学,暴力助我破鼎,7,963
2026,1,206,深圳大学,十余年玩游戏创未来,7,979
2026,1,207,武汉大学,retripeople,7,984
2026,1,208,上海科技大学,羽生萌萌香鱼子酱,7,989
2026,1,209,中国科学技术大学,我毫无头绪。该如何观察?该如何求解?,7,992
2026,1,210,香港中文大学(深圳),港中深 2 队,7,1010
2026,1,211,中山大学,中山大学-[二阶堂希罗-又UB了],7,1013
2026,1,212,中国科学院大学,。!,7,1017
2026,1,213,同济大学,一斩,7,1019
2026,1,214,北京理工大学,树状数组,7,1041
2026,1,215,南京邮电大学,njupt26team004,7,1048
2026,1,216,中央财经大学,Blinding Accepts,7,1049
2026,1,217,同济大学,A-Priori Non-Trivial TLE,7,1059
2026,1,218,温州大学,温大一队,7,1064
2026,1,219,哈尔滨工业大学(深圳),真功夫队,7,1124
2026,1,220,南京大学,梦中呢喃,7,1139
2026,1,221,浙江理工大学,浙理屠龙刀,7,1152
2026,1,222,中国科学技术大学,"hello&bye,codes",7,1233
2026,1,223,哈尔滨工业大学,水蓝色黎明 1,7,1278
2026,1,224,重庆理工大学,弈,6,252
2026,1,225,湖南大学,凌空摘星,6,301
2026,1,226,北京化工大学,11408,6,305
2026,1,227,山东理工大学,飘向北方,6,321
2026,1,228,武汉纺织大学,最后一舞,6,335
2026,1,229,南京大学,"218105633,十六进制",6,339
2026,1,230,东北大学秦皇岛分校,羽歌,6,359
2026,1,231,杭州电子科技大学,2026杭电2队,6,362
2026,1,232,河南大学,雨,6,370
2026,1,233,华南理工大学,九紫星,6,376
2026,1,234,华中科技大学,连点成线,6,379
2026,1,235,华东师范大学,杉淼,6,381
2026,1,236,青岛理工大学,QUT:崭新之日,6,394
2026,1,237,南通大学,u can u up,6,396
2026,1,238,北京工业大学,铁牌也是牌,6,399
2026,1,238,北京化工大学,再飞行,6,399
2026,1,240,北京邮电大学,橙雨星瞳,6,404
2026,1,241,武汉理工大学,万物一心,6,408
2026,1,242,西北大学,WA喵喵,6,410
2026,1,242,浙江师范大学,当心队友,6,410
2026,1,242,暨南大学,无球六不改名,6,410
2026,1,245,北京航空航天大学,三鲜汉堡,6,413
2026,1,246,山东大学,Rolling Girl,6,416
2026,1,247,华中科技大学,"这个可以,别这么说",6,422
2026,1,248,厦门大学,爱尔特璐琪布伦史塔德,6,424
2026,1,249,上海大学,大家都是美少女,6,426
2026,1,250,北京航空航天大学,蒟蒻果冻,6,428
2026,1,251,香港中文大学(深圳),港中深 3 队,6,431
2026,1,252,电子科技大学,UESTC_抹茶芭菲,6,433
2026,1,253,西南财经大学,狼狼狼,6,441
2026,1,254,华南理工大学,走地鸡的幻想乡,6,445
2026,1,255,西安交通大学,过往的画面全都是我不对,6,446
2026,1,256,哈尔滨工业大学(威海),"灾厄,晚安",6,451
2026,1,257,华东师范大学,关于我们本来以为读研就能戒掉网瘾这件事,6,452
2026,1,257,宁波工程学院,AAA金牌批发宣总,6,452
2026,1,259,宁波大学,泥巴动物园,6,453
2026,1,260,复旦大学,暴力式罚时,6,454
2026,1,260,华东师范大学,"mex {fe, cu, ag}",6,454
2026,1,262,东北大学,东北大学_再见了所有的0计软,6,461
2026,1,263,电子科技大学,UESTC_博余丁,6,463
2026,1,264,浙江师范大学,姜还是老的辣知道不,6,466
2026,1,265,广东工业大学,螺旋飞升,6,469
2026,1,266,武汉工程大学,让我想想,6,470
2026,1,267,北京邮电大学,永远别放弃,6,471
2026,1,268,北京航空航天大学,不再逃避,6,472
2026,1,269,宁波财经学院,Incredible Reversal,6,473
2026,1,270,中山大学,中山大学-请不要带走AC,6,476
2026,1,271,大连理工大学,万业有日涅槃无枝,6,479
2026,1,272,哈尔滨工业大学(深圳),溢出,6,481
2026,1,273,北京科技大学,北京科技大学队伍1,6,485
2026,1,274,香港科技大学(广州),AAA土豆批发钢壳厂,6,487
2026,1,275,上海大学,退火随机模拟,6,488
2026,1,276,东南大学,西西弗斯,6,489
2026,1,277,吉林大学,悲怆,6,491
2026,1,278,华东理工大学,海王奶龙,6,493
2026,1,279,东莞理工学院,今年打不到名额了,6,496
2026,1,280,华南理工大学,爱吃麦旋风,6,497
2026,1,281,乐山师范学院,星降之海,6,498
2026,1,282,深圳大学,"其他人:奥德赛龙餐馆,我:牛来,就很...",6,500
2026,1,283,北京科技大学,北京科技大学队伍4,6,502
2026,1,284,电子科技大学,UESTC_凹歪西_饭克拉布,6,504
2026,1,285,中国科学技术大学,晚安玛卡巴卡,6,505
2026,1,286,北京邮电大学,三只企鹅,6,506
2026,1,286,华中科技大学,重生归来之我带着动物朋友们躺赢,6,506
2026,1,288,西安电子科技大学,"百花啊,请为明天绽放",6,508
2026,1,289,西湖大学,出题人胆子真是肥嘟嘟的,6,510
2026,1,289,吉林大学,金色心电图,6,510
2026,1,291,南京航空航天大学,预测者,6,511
2026,1,291,香港大学,今天必须取个队名,6,511
2026,1,293,上海电力大学,空尘与1233,6,513
2026,1,293,西南科技大学,西南科技大学默认队名,6,513
2026,1,293,江苏大学,做就队,6,513
2026,1,296,华南理工大学,珂朵莉和她的两个马尾,6,514
2026,1,297,国防科技大学,没有眼泪的明天,6,517
2026,1,298,成都大学,Amore,6,521
2026,1,298,福州大学,千鳥,6,521
2026,1,300,同济大学,智商测试真实吗,6,522
2026,1,301,广州大学,无条件相信峰神,6,525
2026,1,301,上海大学,创造性AC,6,525
2026,1,303,浙大城市学院,不如睡大觉,6,528
2026,1,304,重庆大学,CQU Flames,6,529
2026,1,305,山东大学,treap粉丝团,6,532
2026,1,306,杭州电子科技大学,2026杭电11队,6,533
2026,1,307,南开大学,《中文》~SomeEnglish,6,538
2026,1,307,暨南大学,勇敢牛牛不怕困难,6,538
2026,1,309,华南农业大学,Ciallo的每一天,6,539
2026,1,310,西安理工大学,Lucky,6,540
2026,1,310,深圳大学,已被标记为牛弊,6,540
2026,1,310,北京理工大学,未闻题解,6,540
2026,1,313,中国科学院大学,啥,6,542
2026,1,314,北京邮电大学,超时空代码姬,6,546
2026,1,315,中山大学,中山大学-铁器时代,6,548
2026,1,316,华中科技大学,我从珞珈山中来,6,549
2026,1,316,山东科技大学,兰树号,6,549
2026,1,316,浙江农林大学,"一把任之剑,一把益之剑",6,549
2026,1,316,南京信息工程大学,保健班一队,6,549
2026,1,320,哈尔滨工程大学,Gta:严肃缺席,6,550
2026,1,321,浙江工商大学,拿杯好戏2,6,551
2026,1,322,东南大学,独孤微波炉至上烹饪真经,6,552
2026,1,323,南方科技大学,南方科技大学2队,6,554
2026,1,323,西安电子科技大学,星灵追光者,6,554
2026,1,325,南京航空航天大学,X?L,6,555
2026,1,325,天津大学,找一车牛来弄你,6,555
2026,1,325,南京信息工程大学,life game,6,555
2026,1,328,南京大学,问道南山,6,556
2026,1,329,南开大学,你一句别送我就敢往前冲,6,558
2026,1,329,宁波大学,时间紧任务重,6,558
2026,1,331,烟台大学,拉文克劳之鹰,6,559
2026,1,332,吉林大学,卡卡,6,560
2026,1,332,大连理工大学,猫猫虫小队,6,560
2026,1,334,北京师范大学,数数又学学,6,561
2026,1,335,西南科技大学,无敌奶龙,6,562
2026,1,336,浙江农林大学,天依天依天,6,564
2026,1,337,杭州电子科技大学,2026杭电7队,6,566
2026,1,338,江苏大学,我讨厌你,6,567
2026,1,339,江南大学,禁忌「莱瓦汀」,6,569
2026,1,339,中国传媒大学,嗷呜呜呜,6,569
2026,1,341,东华大学,不可视境界线,6,573
2026,1,341,苏州大学,谷菇顾,6,573
2026,1,343,湖南大学,彗星蜜月,6,575
2026,1,344,北京建筑大学,96choke,6,576
2026,1,345,华中科技大学,不重要,6,581
2026,1,346,浙江工商大学,窝这一生如绿豆冰,6,582
2026,1,347,重庆大学,次元沸腾,6,583
2026,1,348,苏州大学,木兰从军,6,586
2026,1,348,中国传媒大学,葬送的acmer与香辛料,6,586
2026,1,350,成都信息工程大学,冰冷鼠鼠,6,590
2026,1,351,南京农业大学,自费比赛志在冲金,6,591
2026,1,352,福建理工大学,福建理工大学1队,6,593
2026,1,353,中国科学技术大学,蓝眼泪,6,594
2026,1,353,山东理工大学,夜航星,6,594
2026,1,355,兰州大学,距离27考研还有104天,6,595
2026,1,356,武汉理工大学,不再曼波-重放一,6,597
2026,1,357,深圳大学,忘我之境,6,599
2026,1,358,厦门大学,我只有两岁,6,600
2026,1,359,吉林大学,时代码戏团,6,601
2026,1,360,华南师范大学,红石蔷薇,6,602
2026,1,361,暨南大学,打表数学线段树三仙人,6,603
2026,1,362,上海科技大学,"计划有变,准备冲榜",6,607
2026,1,362,浙江工业大学,ZJUT3,6,607
2026,1,364,香港科技大学(广州),队了么,6,608
2026,1,364,东南大学,AC不要停,6,608
2026,1,366,南京理工大学,许愿池不带血石耳环可以通关赛菲莉娅吗,6,609
2026,1,367,华南师范大学,A 了这题就吃麦旋风,6,614
2026,1,368,香港城市大学,CityU1,6,615
2026,1,369,青岛大学,奶家人,6,616
2026,1,370,西北工业大学,憧憬成为算法少女,6,617
2026,1,371,华中科技大学,哈斯特三野猪,6,618
2026,1,372,华中科技大学,这次能报销吗,6,620
2026,1,373,中南大学,你说再见面的话 是落叶还是飘雪,6,623
2026,1,373,四川大学,算法捕猎队,6,623
2026,1,375,南开大学,1mp20v3 my531f,6,624
2026,1,376,同济大学,神说要有bug,6,625
2026,1,377,同济大学,因为夏日将终,6,626
2026,1,378,南京邮电大学,njupt26team002,6,627
2026,1,378,四川大学,简易长矛烤美味焗雪梨,6,627
2026,1,380,华中农业大学,擢升,6,632
2026,1,381,浙江财经大学,浙财3队,6,633
2026,1,382,中国科学技术大学,某科学的ACM掌握,6,635
2026,1,383,东北大学秦皇岛分校,我vibe队友coding,6,636
2026,1,384,北京航空航天大学,相模茶泡饭,6,637
2026,1,385,燕山大学,裂骨生花,6,639
2026,1,385,武汉理工大学,树下奶龙,6,639
2026,1,387,东南大学,酸是盐的妈妈,6,642
2026,1,387,中国农业大学,CAU_CiAllo University,6,642
2026,1,387,华中农业大学,天糖制造,6,642
2026,1,390,北京航空航天大学,WA自动机,6,645
2026,1,391,东北大学,东北大学_花吹雪,6,646
2026,1,391,北京交通大学,BJTU02,6,646
2026,1,391,东北师范大学,精神外耗,6,646
2026,1,394,山西工程科技职业大学,你知道吗,6,647
2026,1,395,浙江大学,我把整个IOI都删掉了,6,648
2026,1,396,哈尔滨工业大学(深圳),样例过了就是过了,6,649
2026,1,397,杭州师范大学,!?你是说教练每周四让你v50报名训练赛?!,6,650
2026,1,398,大连理工大学,der der 龙,6,651
2026,1,399,东北大学秦皇岛分校,曼波大战哈姆莱特我真的能拿到牌子吗不如睡大觉,6,654
2026,1,400,湖南理工学院,震撼首发,6,655
2026,1,400,东北大学秦皇岛分校,傲娇白毛____,6,655
2026,1,402,河南大学,灰色轨迹,6,656
2026,1,403,山东大学,sduteam002,6,657
2026,1,404,上海科技大学,豆包豆包这题我不会,6,658
2026,1,404,中国石油大学(华东),中石大2026,6,658
2026,1,406,浙江工业大学,ZJUT2,6,659
2026,1,407,大连理工大学,最后一发,6,660
2026,1,407,中国石油大学(华东),中石大1197,6,660
2026,1,409,香港科技大学(广州),这个队名挺好,6,661
2026,1,409,曲阜师范大学,罚时畅吃,6,661
2026,1,411,南开大学,504-大脑连接超时,6,663
2026,1,412,广东工业大学,逆转未来,6,665
2026,1,413,四川大学,有无队名推荐,6,666
2026,1,413,南京信息工程大学,CF拒绝评分,6,666
2026,1,415,北京化工大学,死锁,6,669
2026,1,415,华东师范大学,今晚吃什么,6,669
2026,1,417,河北师范大学,镇北皇,6,671
2026,1,418,中山大学,中山大学-古希腊掌管罚时的神,6,673
2026,1,419,吉林大学,幻想乡自动机,6,675
2026,1,420,中国科学技术大学,"两岸AC啼不住,代码已过WA重山",6,677
2026,1,420,哈尔滨工业大学,秘术「快速傅里叶变换」,6,677
2026,1,422,深圳大学,挂机的阿凯,6,678
2026,1,422,中国传媒大学,四队,6,678
2026,1,424,南京大学,意何味意何意味何意,6,679
2026,1,425,湘潭大学,xtu-1,6,680
2026,1,425,集美大学,桥,6,680
2026,1,427,哈尔滨工业大学,有哪些优秀的 ACM 队名,6,684
2026,1,427,山东大学,不万元申万的,6,684
2026,1,429,绍兴大学,咕咕嘎嘎,6,686
2026,1,430,西湖大学,稀糊大学,6,687
2026,1,430,天津大学,天津ag超狼队,6,687
2026,1,432,中山大学,中山大学-布尺法师,6,692
2026,1,433,广州大学,宵宫流萤,6,693
2026,1,433,武汉大学,我沒意見,6,693
2026,1,433,福州大学,世界翻转,6,693
2026,1,436,深圳大学,ClaudeCodeBuddy,6,694
2026,1,436,杭州电子科技大学,2026杭电10队,6,694
2026,1,438,河北工业大学,"不需要 ap 和 aj,需要 ac",6,695
2026,1,439,浙江万里学院,万里 inf 队,6,697
2026,1,440,广州大学,老年人观光旅游团,6,698
2026,1,441,河海大学,队友呢队友呢救一下啊,6,700
2026,1,441,杭州电子科技大学,2026杭电5队,6,700
2026,1,443,暨南大学,梅兰竹菊松柏柳,6,701
2026,1,444,武汉大学,这是一个很重要的问题,6,702
2026,1,444,北京理工大学,贷款也要打XCPC,6,702
2026,1,446,云南大学,不许欺负小奶蛙,6,704
2026,1,446,华南理工大学,香草抹茶冰淇零,6,704
2026,1,446,杭州电子科技大学,2026杭电15队,6,704
2026,1,449,哈尔滨工业大学,哈德曼的妖怪少女 1,6,706
2026,1,450,南京晓庄学院,惠赢吗?惠赢的,6,710
2026,1,451,东南大学,Always Crash,6,711
2026,1,452,深圳大学,为什么我不是唐小菲,6,716
2026,1,453,北京交通大学,BJTU04,6,718
2026,1,453,吉林大学,迷途之子,6,718
2026,1,453,嘉应学院,低破西科搜索鱼片只会出现食物,6,718
2026,1,456,厦门大学,模式识别,6,719
2026,1,457,香港科技大学(广州),葬送的罚时,6,720
2026,1,457,武汉大学,呜呜 泽哥好惨,6,720
2026,1,459,北京师范大学珠海校区,安卓猫,6,725
2026,1,459,同济大学,"俊福社孓の,吗白勺,找耍吧他希子",6,725
2026,1,459,福州大学,"你在冷落我,又在捂热谁",6,725
2026,1,462,重庆邮电大学,算法小区,6,728
2026,1,463,长安大学,马兰比吉,6,729
2026,1,463,武汉大学,种瓜得瓜 种豆得豆,6,729
2026,1,465,福建师范大学,你要吃橙子吗?,6,730
2026,1,466,江西财经大学,别开香槟开早了,6,732
2026,1,467,昆山杜克大学,昆杜一队,6,733
2026,1,468,杭州师范大学,Empty_Sky,6,734
2026,1,469,北京邮电大学,SEISHUN://NO_HACKING,6,735
2026,1,470,扬州大学,四重奏,6,737
2026,1,471,香港科技大学(广州),一发入魂,6,742
2026,1,471,广东工业大学,空越之鸽,6,742
2026,1,473,东北大学,东北大学_不放橙汁不放盐放酱肘子,6,744
2026,1,473,佛山大学,猪壁联合,6,744
2026,1,475,安徽理工大学,我永远喜欢珂朵莉,6,748
2026,1,476,南京航空航天大学,没想法,6,754
2026,1,476,四川大学,你一句别送我就罚五分钟,6,754
2026,1,478,广东金融学院,哥布林之家,6,760
2026,1,479,中南大学,翘课后茶话会,6,761
2026,1,480,重庆邮电大学,南山猪咪队,6,762
2026,1,481,华南理工大学,某科学的一发AC,6,764
2026,1,482,中国人民解放军网络空间部队信息工程大学,花生可,6,768
2026,1,483,西南财经大学,"愿此行,终抵Final",6,769
2026,1,484,山东科技大学,鹰号,6,770
2026,1,485,湖南城市学院,acacak,6,773
2026,1,485,西安交通大学,不为人知的XCPC童谣,6,773
2026,1,487,厦门理工学院,愿戴荣光坠入天渊,6,776
2026,1,488,郑州大学,郑大26网络赛队伍5,6,779
2026,1,489,河南理工大学,SET HPU='Au';,6,780
2026,1,490,南开大学,Name==NULL,6,783
2026,1,491,南开大学,阿一古,6,784
2026,1,492,北京航空航天大学,来打一辈子算法竞赛吧,6,786
2026,1,493,南京航空航天大学,彩的没编了,6,787
2026,1,493,安徽师范大学,小鸟游六花说的都队,6,787
2026,1,495,北京工业大学,啊对对对,6,790
2026,1,496,中国民航大学,空指针指向我的心,6,791
2026,1,497,新疆大学,风禾尽起,6,792
2026,1,497,暨南大学,巴巴博弈论,6,792
2026,1,499,中国民航大学,"我需要力量,更强的力量",6,794
2026,1,500,东北大学,东北大学_季秋辞笺,6,796
2026,1,501,浙江工业大学,ZJUT10,6,798
2026,1,502,南昌大学,前湖曼巴,6,799
2026,1,502,西安电子科技大学,猫猫劫,6,799
2026,1,504,东南大学,请输入文本,6,802
2026,1,504,上海科技大学,奶龙 998244343 丽,6,802
2026,1,506,湖南工业大学,三星铜牌,6,803
2026,1,507,同济大学,没想好,6,804
2026,1,508,北京信息科技大学,给我个区域赛名额求你了,6,806
2026,1,509,电子科技大学,UESTC_且到夜之城,6,807
2026,1,510,哈尔滨理工大学,2026哈理工02,6,808
2026,1,511,山东大学,我的电脑,6,809
2026,1,512,南京理工大学,njust_3,6,811
2026,1,512,北方工业大学,我为什么坐在这里,6,811
2026,1,514,西安电子科技大学,组一辈子ACM队,6,813
2026,1,515,哈尔滨工程大学,深蓝书签+奖励+拓锐斯特,6,814
2026,1,515,南京大学,累计罚满,6,814
2026,1,517,上海大学,奶龙杀手,6,815
2026,1,518,中国科学院大学,组一辈子乐队,6,817
2026,1,519,郑州轻工业大学,石中剑,6,819
2026,1,520,西湖大学,全糖奶西,6,822
2026,1,520,中山大学,中山大学-奶人捧腹大校新生一队,6,822
2026,1,522,中国矿业大学,cumt0,6,823
2026,1,523,安徽农业大学,美若水眼之清源,6,825
2026,1,524,齐鲁工业大学(山东省科学院),江盼流星雨,6,831
2026,1,525,西南科技大学,***,6,839
2026,1,526,西安电子科技大学,三角缺一,6,841
2026,1,526,西北工业大学,呼神护卫,6,841
2026,1,528,汕头大学,逐星,6,843
2026,1,529,华中科技大学,"我不到啊,听说有学分我就来了",6,845
2026,1,530,华中科技大学,直到罚时变成一颗气球,6,848
2026,1,531,安徽师范大学,天码行空,6,849
2026,1,532,南昌大学,雪月花,6,850
2026,1,533,山东大学,我在ACM圈就像Deepseek直接干掉Chatgpt,6,854
2026,1,533,北京工业大学,这是一个队名,6,854
2026,1,535,深圳技术大学,SZTU_终结技来咯,6,855
2026,1,536,中山大学,中山大学-觉睡不长队,6,864
2026,1,537,郑州轻工业大学,点击领奖,6,866
2026,1,538,同济大学,上海市第一信息化建筑施工队,6,867
2026,1,539,湖南农业大学,喝生椰就不会拿铁咯,6,868
2026,1,540,浙江师范大学,欸?云朵!,6,873
2026,1,540,杭州电子科技大学,2026杭电9队,6,873
2026,1,542,深圳大学,样例过++,6,874
2026,1,543,合肥工业大学,合工大2601,6,875
2026,1,544,蒙古国立大学(Монгол Улсын Их Сургууль),NUM-R^3,6,877
2026,1,545,香港大学,WeShowSpeed,6,884
2026,1,546,吉林大学,醉星河,6,895
2026,1,547,华南师范大学,沉默懦弱错过成长生命幸福无垠无尽无央,6,896
2026,1,548,云南大学,海绵宝宝抓派大星抓章鱼哥抓水母,6,898
2026,1,549,中南大学,听说有原石领就来了,6,899
2026,1,550,华东师范大学,ecnu01,6,901
2026,1,551,湖北工业大学,我想到了一个O(玄学)的解法,6,904
2026,1,552,湘潭大学,xtu-2,6,915
2026,1,552,浙大城市学院,灰化肥挥发会发黑,6,915
2026,1,554,武汉大学,道爷留步,6,928
2026,1,555,山东大学,???,6,934
2026,1,556,中山大学,中山大学-特判工厂,6,938
2026,1,557,东南大学,大狗叫,6,941
2026,1,558,香港中文大学(深圳),港中深 1 队,6,948
2026,1,559,南开大学,京津冀一体化,6,950
2026,1,560,电子科技大学中山学院,赛时总有神秘优化,6,953
2026,1,561,河北工业大学,楼上能滚榜滚上去吗,6,956
2026,1,562,山东科技大学,渡鸦号,6,957
2026,1,563,南京信息工程大学,能不能别干什么都带着你那破棉花小人了,6,963
2026,1,564,中国科学院大学,到底对不队,6,974
2026,1,565,湖南大学,星之律动,6,975
2026,1,566,复旦大学,不会莫,6,979
2026,1,567,上海大学,密境行者,6,984
2026,1,568,江西师范大学,我没招了,6,994
2026,1,569,华南农业大学,三个键盘手也能组乐队吗,6,997
2026,1,570,东北大学,东北大学_第十六把钥匙,6,1005
2026,1,571,西安电子科技大学,与你AC到生命尽头,6,1015
2026,1,572,华中科技大学,电子白脸角鸮已被校内猛禽逮捕,6,1018
2026,1,573,西安邮电大学,XUPT1,6,1032
2026,1,574,同济大学,仍存一线生机于是发动最後攻勢,6,1033
2026,1,575,杭州电子科技大学,2026杭电0队,6,1036
2026,1,576,郑州轻工业大学,NoTitle,6,1038
2026,1,576,哈尔滨工程大学,Sky,6,1038
2026,1,578,哈尔滨工业大学(深圳),惊天三条区,6,1044
2026,1,579,华中科技大学,宁静致远,6,1048
2026,1,580,香港中文大学,放學後飲茶時間!!,6,1049
2026,1,581,香港理工大学,白兰地,6,1050
2026,1,582,西安电子科技大学,鸡鸡鸡鸡鸡鸡鸡,6,1059
2026,1,583,成都信息工程大学,竹叶雨,6,1077
2026,1,584,华南理工大学,超时空辉夜姬,6,1103
2026,1,585,蒙古国立大学(Монгол Улсын Их Сургууль),NUM-MNM,6,1119
2026,1,586,广西大学,队名WA2了,6,1121
2026,1,587,山东大学(威海),ACM笑传之冲冲榜,6,1130
2026,1,588,东北大学,东北大学_落叶归根,6,1146
2026,1,589,西安交通大学,直到大地变成一颗酸橙,6,1192
2026,1,590,香港中文大学(深圳),港中深 7 队,6,1193
2026,1,591,香港中文大学(深圳),港中深 5 队,6,1197
2026,1,592,清华大学,超时避难所,6,1323
2026,1,593,华南理工大学,老登,5,203
2026,1,594,浙大城市学院,别碰我键盘,5,248
2026,1,595,西南民族大学,新王朝,5,250
2026,1,596,河北工程大学,喵喵大王,5,251
2026,1,597,浙江广厦建设职业技术大学,东阳大学B队,5,261
2026,1,598,山东大学(威海),进击的奶蛙,5,263
2026,1,599,东南大学,巧乐兹爱跑步,5,285
2026,1,600,重庆邮电大学,"打A是骗局,打瓦是真爽",5,291
2026,1,601,中南大学,中午吃什么,5,298
2026,1,602,浙江科技大学,这个真好吃nya,5,301
2026,1,603,湖南理工学院,君不见高堂评测悲全WA,5,304
2026,1,604,华南农业大学,西园香引香袁茜,5,306
2026,1,605,哈尔滨工业大学(深圳),奶龙耄耋Doro合体,5,307
2026,1,606,福州大学,"要多少题过多少题的我只过了签到,因为其他的要不起",5,310
2026,1,607,东北大学,东北大学_虚无小姐,5,313
2026,1,608,同济大学,词元跳动,5,314
2026,1,609,华东理工大学,一发AC喵!一发AC谢谢喵!,5,315
2026,1,610,大连海事大学,曼波,5,316
2026,1,611,东北大学,东北大学_杆位带回,5,317
2026,1,612,四川大学,八,5,319
2026,1,613,中南大学,天堂鸟,5,320
2026,1,614,广东技术师范大学,耐龙,5,322
2026,1,615,兰州大学,风起金兰,5,325
2026,1,616,长安大学,世末歌者,5,328
2026,1,616,无锡学院,哒哒哒哒哒,5,328
2026,1,618,天津大学,"拼搏百天,我要上天津大学",5,330
2026,1,618,浙江师范大学,三世同堂,5,330
2026,1,620,中国海洋大学,Auntitled,5,331
2026,1,621,成都锦城学院,牛来,5,337
2026,1,622,临沂大学,嗨喽沃德,5,339
2026,1,623,上海大学,村里第一个炼丹师,5,341
2026,1,624,江西师范大学,All-Killed,5,345
2026,1,625,哈尔滨工业大学,多次元宇宙融合论,5,348
2026,1,626,宁波工程学院,未完成,5,351
2026,1,627,南昌大学,前湖奶龙,5,352
2026,1,628,华中师范大学,麻衣学姐想念ZZZ,5,353
2026,1,629,中国人民解放军网络空间部队信息工程大学,重生之我在信大,5,356
2026,1,630,哈尔滨工程大学,Destined for xxx,5,362
2026,1,630,华南师范大学,魔法子弹,5,362
2026,1,630,天津工业大学,良田满穗,5,362
2026,1,633,河海大学,借点钱充鸣潮呗,5,365
2026,1,634,江苏科技大学,江科大十三队,5,377
2026,1,635,武汉大学,栈中星河,5,378
2026,1,636,内蒙古大学,等我长小了也要打OI,5,379
2026,1,636,华南理工大学,走地鸡能 AC,5,379
2026,1,638,成都信息工程大学,帝企鹅,5,380
2026,1,639,浙大宁波理工学院,宁波理工2队,5,390
2026,1,640,杭州电子科技大学,2026杭电12队,5,393
2026,1,641,湖南科技大学,逾界行者,5,395
2026,1,642,西湖大学,自我突围,5,396
2026,1,643,吉林大学,吉林大学有空调了就很...队,5,397
2026,1,644,中国科学技术大学,建行行长队,5,401
2026,1,644,东北大学秦皇岛分校,队长带头玩galgame,5,401
2026,1,646,中国科学技术大学,阿卡纳伊甸,5,404
2026,1,647,西湖大学,千许别玩原神了,5,405
2026,1,647,华南理工大学,评测姬你醒醒啊,5,405
2026,1,649,吉林大学,帮我开下A103,5,406
2026,1,649,浙大宁波理工学院,宁波理工3队,5,406
2026,1,651,东北大学,东北大学_111,5,407
2026,1,652,香港科技大学,LG7好好吃,5,408
2026,1,653,天津大学,TJU10,5,409
2026,1,653,桂林电子科技大学,"开局睡觉,考核队友的来",5,409
2026,1,653,西南大学,SWU-PC,5,409
2026,1,656,南京工业大学,NJTECH2,5,413
2026,1,657,广州大学,起队名给我起好了呀,5,417
2026,1,658,深圳技术大学,SZTU_我不是蔡神,5,418
2026,1,659,大连理工大学,北极星,5,419
2026,1,659,华中科技大学,黄叶换秋色,5,419
2026,1,659,四川大学,且望川行,5,419
2026,1,662,湖南科技大学,三区兄弟,5,426
2026,1,663,安徽大学,三条区花两天想一个队名结果输出〇个字,5,432
2026,1,664,浙大城市学院,躲在实验室里WA的三人,5,436
2026,1,665,南京工程学院,不顾罪孽与爱春日终将逝去,5,437
2026,1,666,南京信息工程大学,旧梦新章,5,441
2026,1,667,北京邮电大学,疑似mygo,5,443
2026,1,668,上海海洋大学,猫猫队长领着两只小猪一起来参加icpc啦!,5,444
2026,1,669,杭州师范大学,知识学爆,5,447
2026,1,670,北京航空航天大学,优雅绽放的墨染樱,5,448
2026,1,671,华中科技大学,静雨听花,5,449
2026,1,672,四川大学,渡川,5,450
2026,1,673,浙江工业大学,ZJUT4,5,452
2026,1,674,北京林业大学,山水树人,5,454
2026,1,675,南京理工大学,njust_7,5,455
2026,1,676,阿坝师范学院,南蛮入侵,5,457
2026,1,677,河南科技大学,数年未能打出名额今年有希望吗,5,458
2026,1,678,华东理工大学,何名字,5,459
2026,1,679,海南大学,峰城大学算法竞赛同好会,5,460
2026,1,680,中国农业大学,因为推不动恋爱线所以打ACM,5,461
2026,1,681,兰州大学,实力不详,5,463
2026,1,682,吉林大学,皮卡丘站起来是皮卡兵,5,464
2026,1,683,电子科技大学,UESTC_泰拉马桶,5,465
2026,1,684,河南师范大学,我不是起名大师,5,468
2026,1,685,中国矿业大学,cumt1,5,470
2026,1,685,杭州师范大学,这次尽欣杰力能做到吗,5,470
2026,1,687,杭州电子科技大学,2026杭电8队,5,471
2026,1,688,浙江师范大学,别小看大三难铜的羁绊啊!,5,474
2026,1,689,西安交通大学,原神的心脏,5,478
2026,1,690,哈尔滨工业大学,哈工大八队 1,5,480
2026,1,690,杭州电子科技大学,2026杭电6队,5,480
2026,1,692,北京理工大学,AC:从零开始的算法竞赛人生,5,482
2026,1,693,南开大学,"我超,打比赛给我打好的啊",5,484
2026,1,693,浙江师范大学,重生之我带着猫猫打ACM,5,484
2026,1,695,深圳大学,想要江莉大人的膝枕,5,485
2026,1,695,西安电子科技大学,取名真是麻烦,5,485
2026,1,697,华南理工大学,组一辈子乐队,5,486
2026,1,698,南阳师范学院,迎风向前,5,487
2026,1,699,安阳工学院,零域沉析,5,489
2026,1,699,山东建筑大学,大明湖水怪,5,489
2026,1,701,河南科技学院,再解一题就走,5,491
2026,1,701,中国石油大学(华东),中石大8888,5,491
2026,1,701,东北师范大学,吃什么,5,491
2026,1,704,河北科技大学,歪比巴布 Thinking,5,497
2026,1,704,四川农业大学,我们有铁牌,5,497
2026,1,706,中国矿业大学(北京),企鹅能量,5,498
2026,1,706,沈阳化工大学,风行,5,498
2026,1,708,南京邮电大学,njupt26team003,5,499
2026,1,708,中国计量大学,"兄弟,该你们拿牌了",5,499
2026,1,710,湖北大学,HUBU01,5,501
2026,1,711,上海理工大学,"桂花喝酒,小孩游泳",5,502
2026,1,712,哈尔滨工业大学,已深度思考5h,5,503
2026,1,712,华南理工大学,xcpc有感觉吗,5,503
2026,1,712,东华理工大学,零基础老登10086队,5,503
2026,1,715,武汉理工大学,爱抖露码斯他,5,504
2026,1,716,湘潭大学,xtu-5,5,505
2026,1,717,浙江理工大学,队友都玩原神,5,506
2026,1,718,南昌大学,全都不会写[颂乐人偶_眯眼笑],5,507
2026,1,718,杭州电子科技大学,2026杭电16队,5,507
2026,1,720,湖南工业大学,艺吕扬帆,5,511
2026,1,721,武汉大学,山高狐狸野,5,512
2026,1,722,山东大学,不知道哇,5,513
2026,1,723,杭州电子科技大学,2026杭电3队,5,514
2026,1,724,重庆邮电大学,动态规划小分队,5,515
2026,1,724,山东大学(威海),奶植大战奶尸,5,515
2026,1,726,吉林大学,心如止水,5,516
2026,1,727,哈尔滨工业大学(深圳),牛莱人形,5,517
2026,1,728,河南师范大学,起个不简单的吧,5,518
2026,1,729,湖南科技大学,咸鱼也有翻身梦,5,521
2026,1,730,东北大学,东北大学_大脑未响应,5,523
2026,1,730,武汉大学,想个队名,5,523
2026,1,732,山东大学,光陨之秋,5,524
2026,1,733,浙江科技大学,看不懂英文,5,526
2026,1,734,哈尔滨工业大学(威海),全交给运气了,5,528
2026,1,734,广东工业大学,呜哇,5,528
2026,1,736,南京邮电大学,njupt26team014,5,529
2026,1,737,东北大学秦皇岛分校,脑子离家出走,5,530
2026,1,738,四川大学,队名已被占用,5,532
2026,1,739,江西财经大学,CS_喜欢只是错觉,5,535
2026,1,739,苏州大学,AC自动姬,5,535
2026,1,741,河海大学,"26时,在达尔豪斯肆业",5,537
2026,1,741,武汉大学,绝界行,5,537
2026,1,743,河南大学,河南人会飞,5,539
2026,1,744,深圳理工大学,SUAT曙光231,5,540
2026,1,744,重庆城市科技学院,ZywOᴗoಣ,5,540
2026,1,746,嘉兴大学,嘉兴大学1队,5,541
2026,1,747,中国地质大学(武汉),acm自动寄,5,542
2026,1,748,苏州科技大学,为什么你会这么熟练啊!,5,544
2026,1,748,上海师范大学,_clear._,5,544
2026,1,748,北京理工大学,0xAC,5,544
2026,1,751,广东东软学院,重生之大佬带我飞,5,545
2026,1,752,华南农业大学,大哥我们能进final吗,5,546
2026,1,753,湖南财政经济学院,橙子,5,547
2026,1,754,西北工业大学,鸣潮拯救世界,5,548
2026,1,755,苏州工学院,今晚打老虎,5,550
2026,1,756,合肥工业大学,合工大2606队,5,551
2026,1,757,浙江万里学院,终将成为你,5,553
2026,1,757,合肥工业大学,合工大2603,5,553
2026,1,759,电子科技大学,UESTC_无限轮回,5,554
2026,1,760,广东技术师范大学,奶龙,5,555
2026,1,761,成都理工大学,吃瓜群众,5,556
2026,1,762,郑州大学,郑大26网络赛队伍13,5,557
2026,1,763,太原科技大学,"小猫想要,小猫得到",5,559
2026,1,764,华北理工大学,师承aori师姐,5,560
2026,1,765,江南大学,喵拉喵丘好丸喵!咿~在骗新猫娘了别电窝喵,5,561
2026,1,765,福州大学,你说内存溢出等于运行错误?,5,561
2026,1,767,河南理工大学,hpujsj2,5,565
2026,1,768,南京林业大学,最后一舞,5,574
2026,1,769,河南大学,零糖零卡,5,575
2026,1,770,西南科技大学,彼岸归航,5,576
2026,1,771,河海大学,轻飘飘时间,5,577
2026,1,772,国防科技大学,一支队伍,5,579
2026,1,773,辽宁大学,超弦共振,5,581
2026,1,774,广州大学,AC超玩会,5,582
2026,1,774,华东师范大学,ecnu06,5,582
2026,1,776,厦门大学马来西亚分校,田鸡赛码,5,583
2026,1,777,山西大学,老师说有学分加就来了,5,584
2026,1,777,上海理工大学,待流年奔涌破茧,5,584
2026,1,777,华侨大学,华侨大学1队,5,584
2026,1,780,南京航空航天大学,HR自动机,5,585
2026,1,780,南京邮电大学,njupt26team013,5,585
2026,1,780,西北工业大学,忙碌的小喵喵喵喵,5,585
2026,1,783,中国民航大学,崭新之日,5,587
2026,1,783,南昌航空大学,奇迹再现,5,587
2026,1,785,山东大学,玩玩原神就会了,5,588
2026,1,786,上海交通大学,观澜,5,589
2026,1,787,郑州大学,郑大26网络赛队伍6,5,590
2026,1,787,香港城市大学(东莞),Fairy Blue,5,590
2026,1,789,湖南科技大学,馥梦繁花,5,591
2026,1,790,上海大学,绝对的强者由此而生的AC教会你写代码的是,5,592
2026,1,791,上海科技大学,又不知道什么队,5,595
2026,1,792,台州学院,要不再猜一下,5,596
2026,1,793,中国地质大学(武汉),#define int long long,5,598
2026,1,794,哈尔滨工程大学,队长说拿金牌就女装,5,599
2026,1,794,山东大学,重生之我要上 UDS,5,599
2026,1,794,广东东软学院,此队伍未通过人机验证,5,599
2026,1,797,浙江师范大学,"官炷溚裶喵 , 瘝拀溚",5,601
2026,1,798,哈尔滨工业大学(深圳),小青虫,5,607
2026,1,799,成都信息工程大学,倒带,5,609
2026,1,799,北京电子科技学院,来自瓦纳海姆『带我飞去你的身旁放声地歌唱』,5,609
2026,1,801,嘉应学院,我们的胆子真是肥嘟嘟的,5,611
2026,1,802,中南大学,阿梓喵,5,612
2026,1,802,安徽工业大学,有才的香蕉,5,612
2026,1,804,北师香港浸会大学,Random Deep Cat Tree,5,613
2026,1,805,河海大学,某科学的AC自动机,5,616
2026,1,806,海南大学,挂科梭哈学长和旮旯高手加上原神手子将会摧毁算法竞赛,5,617
2026,1,806,上海海事大学,放学后Algorithm Time,5,617
2026,1,808,中国人民大学,汪汪队,5,619
2026,1,809,山东农业大学,人闲桂花落,5,621
2026,1,810,香港理工大学,M&M&M,5,631
2026,1,811,湖南科技大学,无向图,5,635
2026,1,812,山东理工大学,无尽能源,5,636
2026,1,813,深圳北理莫斯科大学,深北莫3队,5,640
2026,1,814,湖北工业大学,侦查你的玄学解法,5,642
2026,1,815,成都信息工程大学,还在为她患得患失吗,5,645
2026,1,816,北京理工大学,"服务器繁忙,请稍后再试",5,646
2026,1,817,电子科技大学,UESTC_沉思的奶龙,5,650
2026,1,818,南昌航空大学,奶龙的结合:反悔,5,651
2026,1,818,广西大学,王从天降,5,651
2026,1,820,西南交通大学,SWJTU-巴巴博弈,5,652
2026,1,821,香港科技大学,Set & Tree,5,657
2026,1,822,中国计量大学,直到🐆变成一只猫娘,5,665
2026,1,823,杭州电子科技大学,2026杭电13队,5,667
2026,1,824,齐鲁工业大学(山东省科学院),冬日狂想曲,5,668
2026,1,825,广州大学,十年oi打铁,5,669
2026,1,826,山东大学,梦想家,5,671
2026,1,826,江西财经大学,四氧化三铁,5,671
2026,1,826,东北农业大学,捧腹大笑奶龙,5,671
2026,1,829,浙江财经大学,浙财2队,5,672
2026,1,830,安徽大学,老大我们这样真的能骗到报销吗,5,673
2026,1,831,武汉大学,"long,可是帝王之征啊",5,674
2026,1,831,西安电子科技大学,水赛不发力,5,674
2026,1,833,山西大学,超时空AC姬,5,675
2026,1,834,福建农林大学,跃迁,5,678
2026,1,835,辽宁科技大学,ROLL快乐企鹅之蓝眼王朝,5,680
2026,1,836,武汉大学,凌波微步,5,681
2026,1,837,长安大学,狗修金撒嘛,5,684
2026,1,837,蒙古国立大学(Монгол Улсын Их Сургууль),NUM-XOX,5,684
2026,1,839,湖州师范大学,给予智慧,5,688
2026,1,840,南京邮电大学,njupt26team019,5,689
2026,1,841,青岛科技大学,青稞一队,5,690
2026,1,842,广西大学,你是我的梦幻之AC,5,691
2026,1,843,东北大学秦皇岛分校,第一红宝,5,695
2026,1,844,黑龙江大学,地灵殿刷铁机,5,697
2026,1,845,国防科技大学,不见春秋,5,698
2026,1,846,西安工业大学,"复杂度能飞,TLE才对,暴力就是美",5,699
2026,1,847,中国矿业大学,cumt3,5,701
2026,1,848,浙江工商大学,和溢位,5,705
2026,1,849,北京交通大学,BJTU01,5,706
2026,1,850,哈尔滨工业大学(威海),劳大我发现网络流是O1的,5,710
2026,1,851,盐城工学院,咕咕嘎嘎,5,717
2026,1,852,上海杉达学院,杉树长青-1,5,719
2026,1,853,南京邮电大学,njupt26team000,5,721
2026,1,853,长春理工大学,天道酬勤,5,721
2026,1,855,北京师范大学,可乐狗,5,723
2026,1,856,华中科技大学,败犬男配,5,728
2026,1,857,北京交通大学(威海),bjv01,5,729
2026,1,858,长春理工大学,三小只只会打暴力,5,731
2026,1,859,上海大学,队名已驳回,5,732
2026,1,860,中国计量大学,Deepsuck测试队,5,738
2026,1,861,南京邮电大学,njupt26team020,5,743
2026,1,862,南京工业大学,NJTECH3,5,749
2026,1,862,中国地质大学(武汉),膜莫模,5,749
2026,1,864,中国科学技术大学,和树皮保持距离,5,755
2026,1,864,东南大学,为什么要演奏#include,5,755
2026,1,866,昆明理工大学,N.P.L.G,5,757
2026,1,866,江西财经大学,CS_200g 金牌和铁牌哪个更重,5,757
2026,1,868,山东大学,填线宝宝,5,758
2026,1,868,天津科技大学,魔都咔咔,5,758
2026,1,870,山东大学,先想后写,5,760
2026,1,871,上海科技大学,打 acm 都是图领奖,5,762
2026,1,872,电子科技大学,UESTC_沙河战舰,5,765
2026,1,872,河南牧业经济学院,人生南北多歧路,5,765
2026,1,874,西南财经大学,魔改造,5,770
2026,1,875,华南理工大学,我WA故我在,5,771
2026,1,876,南阳理工学院,提瓦特也是瓦,5,775
2026,1,876,西南石油大学,罗哥带我飞,5,775
2026,1,878,重庆大学,春秋霸主,5,780
2026,1,878,上海理工大学,千年科技真理部,5,780
2026,1,880,浙江育英职业技术学院,胡旌喵ฅ(*`ω ́*)ฅ,5,782
2026,1,881,闽南师范大学,没有以前那么喜欢你了,5,784
2026,1,882,湖州师范大学,面向玄学编程,5,785
2026,1,883,西北农林科技大学,拒绝WA大队,5,793
2026,1,884,北京理工大学,有点太草率了,5,797
2026,1,885,天津师范大学,忧郁菇大战史蒂夫误伤契诃夫,5,798
2026,1,886,西北工业大学,众神眷恋的幻想乡,5,802
2026,1,886,山东理工大学,EOF,5,802
2026,1,888,成都师范学院,成都师范学院三队,5,806
2026,1,889,东南大学,玩舟玩的,5,807
2026,1,890,中国科学院大学,来只奶龙,5,809
2026,1,891,浙大城市学院,AC控,5,811
2026,1,892,武汉理工大学,又到了WA的季节,5,812
2026,1,893,华南师范大学,"这得罚不少发,先生",5,813
2026,1,894,华南农业大学,我感觉队,5,816
2026,1,895,上海师范大学,"小来啃老,老来啃小",5,824
2026,1,896,山东师范大学,爆零就去玩三角洲,5,828
2026,1,897,陕西师范大学,昼夜恒星落在每页窗外永恒永远,5,829
2026,1,898,广东工业大学,三只咕嘎,5,836
2026,1,899,中国科学技术大学,电击车小队,5,843
2026,1,900,宁波大学,随机存取存储器,5,854
2026,1,901,浙江科技大学,哦齁齁齁,5,871
2026,1,902,深圳技术大学,SZTU_写的不队,5,893
2026,1,903,上海理工大学,鳄鱼伤人心,5,922
2026,1,904,吉林大学,菜吉互啄,5,953
2026,1,905,山东大学,不如我们叫啊对对队如何,5,1044
2026,1,906,华中农业大学,凭什么遗憾留给我,5,1099
2026,1,907,山东管理学院,喵喵大队,5,1111
2026,1,908,华中农业大学,不抛弃不放弃🌹🌹🌹,5,1158
2026,1,909,浙江工商大学,素晴月,4,174
2026,1,910,西南民族大学,漆黑的噬龙者,4,188
2026,1,910,东华理工大学,我爱玩迷你世界,4,188
2026,1,912,北京林业大学,赛博护林猿,4,192
2026,1,913,重庆移通学院,Courage,4,193
2026,1,913,东北大学秦皇岛分校,队友别写Dijkspfa了,4,193
2026,1,913,江南大学,"本喵明明什么坏事都没干,为什么罚时越来越多了喵",4,193
2026,1,916,江南大学,队伍里有三个只会写bug的魔法少女,4,205
2026,1,916,宁夏大学,一勺料汁,4,205
2026,1,918,厦门大学,厦大六队,4,208
2026,1,918,重庆大学,?!!区区!!?,4,208
2026,1,920,中国矿业大学(北京),传奇,4,210
2026,1,921,宁波大学,子房子房子,4,215
2026,1,922,大连理工大学,低调的黑客,4,216
2026,1,923,西南交通大学,SWJTU-风纪委员第1e9+7支部,4,217
2026,1,924,广东金融学院,你怎么知道我英语四级375,4,218
2026,1,925,山东大学,败北acmer太多了!,4,220
2026,1,926,暨南大学,小坤怡七,4,222
2026,1,927,南京理工大学,njust_4,4,223
2026,1,928,北京交通大学,BJTU03,4,226
2026,1,929,安阳工学院,自动ac机,4,231
2026,1,930,青岛大学,第二文艺部,4,233
2026,1,930,上海第二工业大学,性感奶龙学长在线退役,4,233
2026,1,930,华中师范大学,故障达不溜故障达不故障达故障故,4,233
2026,1,933,武汉轻工大学,臭鸡炸炸炸,4,236
2026,1,934,东华大学,不可视猫猫虫,4,240
2026,1,935,中原工学院,WRD,4,241
2026,1,936,华东交通大学,旮旯小屋,4,246
2026,1,937,福建理工大学,福建理工大学3队,4,247
2026,1,937,长春理工大学,炒鸡无敌旋风霹雳犬,4,247
2026,1,939,北师香港浸会大学,AC or AI,4,249
2026,1,940,重庆邮电大学,你又WA了,4,251
2026,1,941,浙江育英职业技术学院,Zzz... 判题机轻点吵 (。-ω-)zzzゞ,4,252
2026,1,942,武汉科技大学,我们仍未知道那天想出的绝世好队名,4,254
2026,1,943,武汉科技大学,交题胆子肥嘟嘟的,4,255
2026,1,944,北京邮电大学,我的青春算竞物语果然有问题,4,258
2026,1,945,西北工业大学,Any Ideas,4,260
2026,1,946,南京邮电大学,njupt26team021,4,263
2026,1,947,山东理工大学,老马啊老马,4,268
2026,1,948,电子科技大学,UESTC_椒盐噪声,4,270
2026,1,949,北京语言大学,码上飞升,4,271
2026,1,950,西南科技大学,"遥望齐州九点烟,一泓海水杯中泄",4,273
2026,1,951,浙江师范大学,就算只有1/1000000 的希望,4,275
2026,1,951,浙江农林大学,利群与青岛不如利兹与青鸟,4,275
2026,1,953,上海应用技术大学,教练我想拿牌子,4,282
2026,1,953,南华大学,疯狂周六日,4,282
2026,1,955,江西师范大学,Flawed_Jade,4,284
2026,1,956,武汉科技大学,妄想感伤代偿联盟,4,286
2026,1,956,武汉工程大学,别问我们叫什么队,4,286
2026,1,956,西南大学,莴趣不枣说,4,286
2026,1,956,西南财经大学,"taffy要吃到胖乎乎,然后噜噜噜噜噜",4,286
2026,1,960,武汉理工大学,请问我们是已经教到stl了吗,4,287
2026,1,961,郑州商学院,牛圈沟,4,289
2026,1,962,杭州师范大学,0.0,4,293
2026,1,963,南京邮电大学,njupt26team015,4,296
2026,1,963,宁波大学,Seeking,4,296
2026,1,965,重庆大学,虫来,4,298
2026,1,966,河南农业大学,零一之间,4,299
2026,1,967,电子科技大学中山学院,美美AC了喵,4,300
2026,1,968,中国矿业大学,cumt2,4,301
2026,1,969,山东科技大学,诺格号,4,303
2026,1,969,合肥工业大学宣城校区,宣冰糖,4,303
2026,1,971,河南师范大学,彩云归,4,306
2026,1,972,东北师范大学,与你相WA到世界尽头,4,307
2026,1,973,大连理工大学盘锦校区,不想打一辈子铁,4,308
2026,1,973,中南民族大学,银牌和驾照哪个先来,4,308
2026,1,975,山东大学,偷摸跟榜喵~,4,310
2026,1,975,新疆大学,红烧基米饭,4,310
2026,1,977,中国民航大学,万能头,4,311
2026,1,978,北京林业大学,WA学弟,4,312
2026,1,979,武汉工程大学,大狗嚼嚼嚼,4,313
2026,1,980,西华大学,三只蒟蒻牛,4,317
2026,1,981,齐鲁工业大学(山东省科学院),线段树维护麦当劳薯条,4,325
2026,1,982,南京航空航天大学,一百六十八AC你的签到题,4,328
2026,1,983,燕山大学,封闭世界,4,330
2026,1,983,长春大学,25时vscode见,4,330
2026,1,983,苏州大学,WillToGlory,4,330
2026,1,986,江西师范大学,若能化作MengFish,4,331
2026,1,987,南阳理工学院,小清华也是清华,4,332
2026,1,987,吉林大学,告白氧球,4,332
2026,1,989,郑州轻工业大学,三重肯定,4,333
2026,1,989,上海师范大学,AI可写不出我这么优雅的WA代码,4,333
2026,1,991,西华师范大学,"鄙人者三,末之届也",4,334
2026,1,992,河南农业大学,汪汪队,4,335
2026,1,993,成都信息工程大学,逆熵,4,336
2026,1,994,青岛理工大学,梦的起点,4,337
2026,1,995,东北大学,东北大学_这次我们搞个远离wa的队名吧,4,338
2026,1,995,山东工程职业技术大学,南桥杯省三落榜,4,338
2026,1,997,山东大学,超时空AC姬,4,340
2026,1,997,南京大学,空想花庭,4,340
2026,1,997,西安电子科技大学,憧憬成为ACM少女,4,340
2026,1,1000,武汉理工大学,无理取闹,4,341
2026,1,1001,湘潭大学,xtu-8,4,345
2026,1,1001,中山大学,中山大学-就叫这个叭,4,345
2026,1,1003,西北农林科技大学,三条区,4,346
2026,1,1004,浙大宁波理工学院,宁波理工5队,4,347
2026,1,1004,北京林业大学,CCF-A在投,4,347
2026,1,1006,湖南师范大学,放学后的WA日常,4,350
2026,1,1006,广东技术师范大学,乃龙,4,350
2026,1,1008,香港大学,纪中坑u分部,4,351
2026,1,1008,大连海事大学,激思构境,4,351
2026,1,1010,滁州学院,这里不让睡觉,4,357
2026,1,1010,鲁东大学,破晓,4,357
2026,1,1012,广东工业大学,暗黑寻猎者,4,360
2026,1,1012,宁波大学,养生有机菜按住W开始创造性AC,4,360
2026,1,1014,西安交通大学,锦筝叹,4,363
2026,1,1015,太原理工大学,蒟蒻派对,4,366
2026,1,1016,华南农业大学,该字段已加密,4,370
2026,1,1017,华东理工大学,都可都可,4,371
2026,1,1017,浙江农林大学,placeholder,4,371
2026,1,1017,广东工业大学揭阳校区,三千星芒织我翼,4,371
2026,1,1020,湖南师范大学,HUNNU05,4,372
2026,1,1021,东北林业大学,东林1队,4,375
2026,1,1022,东华大学,AC型人格,4,377
2026,1,1022,上海交通大学,复活者联盟II,4,377
2026,1,1024,郑州轻工业大学,轻度睡眠,4,378
2026,1,1024,青岛农业大学,岁末将阑,4,378
2026,1,1026,东华大学,超高校级的ACMer,4,380
2026,1,1027,浙江工业大学,ZJUT6,4,381
2026,1,1028,北京航空航天大学,愿算法竞赛没有数串题,4,382
2026,1,1029,华中师范大学,BMPT-58MKK,4,384
2026,1,1030,上海工程技术大学,你技大了,4,387
2026,1,1030,浙江农林大学,我们离女队只差一个发型,4,387
2026,1,1030,深圳职业技术大学,薇欧拉是好女孩,4,387
2026,1,1033,哈尔滨理工大学,2026哈理工01,4,388
2026,1,1033,西安电子科技大学,电铸币,4,388
2026,1,1035,武汉科技大学,俺老孙又回来了,4,391
2026,1,1035,郑州大学,郑大26网络赛队伍12,4,391
2026,1,1037,广东海洋大学,"循此苦旅,终抵群星",4,392
2026,1,1038,湖南工业大学,再飞行,4,394
2026,1,1039,东华大学,天堂调查兵团No.179377,4,395
2026,1,1039,江苏科技大学,AC自动机自动AC喵,4,395
2026,1,1041,浙江科技大学,浙科十一队,4,398
2026,1,1042,中国传媒大学,图南,4,400
2026,1,1043,南京信息工程大学,予愿,4,401
2026,1,1043,河南财经政法大学,板藤苔藓玉米队,4,401
2026,1,1045,上海科技大学,Fumo脑袋空空喵,4,402
2026,1,1046,中国民航大学,总该醒了吧,4,405
2026,1,1047,山东大学(威海),零新生纯基础队,4,409
2026,1,1048,天津工业大学,自动WA机,4,410
2026,1,1049,中国地质大学(武汉),RJ消灭计划,4,411
2026,1,1050,韶关学院,可是雾月真的好可爱,4,412
2026,1,1050,南阳师范学院,大四老登打爆小登,4,412
2026,1,1050,浙江工商大学,回到夏天,4,412
2026,1,1053,福州大学,打ACM不能AC只能打M,4,416
2026,1,1054,中国石油大学(华东),中石大2025,4,417
2026,1,1055,天津大学,今天中午吃什么,4,419
2026,1,1056,北京科技大学,北京科技大学队伍3,4,420
2026,1,1056,西北工业大学,define int long long,4,420
2026,1,1056,福州大学,wawa碎冰冰,4,420
2026,1,1059,温州大学,拉呱朗日不共轭,4,421
2026,1,1060,大连理工大学盘锦校区,如果只转身后退就能回到那个夏天,4,422
2026,1,1061,长春理工大学,3subagent,4,423
2026,1,1061,吉林大学,追忆,4,423
2026,1,1061,山东财经大学,拿到属于我们的一切,4,423
2026,1,1064,东华大学,福音摇滚,4,424
2026,1,1064,东南大学,是人,4,424
2026,1,1064,合肥工业大学宣城校区,hfutxc001,4,424
2026,1,1067,吉林大学,前有绝景,4,425
2026,1,1068,南京航空航天大学,1+1+1,4,426
2026,1,1068,中央民族大学,愿此行终抵繁星,4,426
2026,1,1070,河南师范大学,网恋男娘发现对面不带把被骗伍佰元,4,430
2026,1,1071,中国矿业大学,cumt6,4,433
2026,1,1072,北京邮电大学,重生之忘带前世记忆打acm,4,437
2026,1,1072,河南师范大学,线段树三杰,4,437
2026,1,1074,同济大学,局外人,4,438
2026,1,1075,浙江理工大学,白饭大肥鱼,4,439
2026,1,1075,南昌大学,前湖雪峰,4,439
2026,1,1077,东北大学,东北大学_一只队伍,4,440
2026,1,1077,山东师范大学,最后亿舞,4,440
2026,1,1079,浙江工业大学,ZJUT7,4,441
2026,1,1079,河南理工大学,hpujsj0,4,441
2026,1,1081,西安理工大学,风与天空,4,443
2026,1,1082,哈尔滨理工大学,2026哈理工05,4,448
2026,1,1082,台州学院,想法大于代码,4,448
2026,1,1084,赣东学院,世界遗忘我,4,449
2026,1,1085,北京工业大学,请输入文本,4,451
2026,1,1085,江南大学,从零开始的WARETLEMLE生活,4,451
2026,1,1085,山东大学(威海),数组开外面队,4,451
2026,1,1088,杭州师范大学,飞天小女警(3),4,452
2026,1,1089,长沙理工大学,长沙理工大学二队,4,453
2026,1,1089,西北工业大学,爆裂一大清早,4,453
2026,1,1091,江西财经大学,CS_关注哔站红烧猪猪头谢谢喵,4,456
2026,1,1092,乐山师范学院,星回赴序,4,457
2026,1,1093,山西财经大学,山财一队,4,458
2026,1,1093,江西师范大学,窝邀烟牌,4,458
2026,1,1095,吉利学院,哈吉利哟难买绿豆,4,459
2026,1,1095,大连海事大学,初见好运连连,4,459
2026,1,1097,武汉纺织大学,队友十年单身换取铜牌,4,460
2026,1,1098,海南大学,找一车牛来弄你,4,462
2026,1,1099,湖北经济学院,无基转生~到了算竞界就拿出真本事~,4,463
2026,1,1100,河南大学,果宝三剑客,4,465
2026,1,1101,大连理工大学,八角楼一队,4,473
2026,1,1102,广州南方学院,欸司,4,476
2026,1,1103,惠州学院,三个键盘手也要组乐队,4,477
2026,1,1103,华中科技大学,最正常的队名,4,477
2026,1,1105,重庆邮电大学,藍二橋,4,480
2026,1,1106,江西师范大学,暂无,4,481
2026,1,1107,香港大学,RIA,4,483
2026,1,1108,浙江理工大学,超级奶牛力量,4,484
2026,1,1108,福州外语外贸学院,方程也也与前羊昭化VS轴承一蓝名泽董鱼润,4,484
2026,1,1110,长春理工大学,将牛来错认成牛客娘的我痛呼打错了,4,485
2026,1,1110,兰州大学,带着三蛋荡平他们!,4,485
2026,1,1112,福州大学,没想好,4,486
2026,1,1113,鲁东大学,牢强说百斤脂肪就能换区域赛名额,4,489
2026,1,1114,西北工业大学,Ciallo World!,4,492
2026,1,1115,重庆大学,超暴力,4,493
2026,1,1116,四川师范大学,一觉醒来世界算法水平下降一万倍,4,494
2026,1,1116,山东理工大学,柚子厨占领世界,4,494
2026,1,1116,安徽大学,猛炫罚时中,4,494
2026,1,1119,北京工业大学,中国人能飞,4,495
2026,1,1119,吉林大学,欧拉回响,4,495
2026,1,1121,郑州大学,郑大26网络赛队伍8,4,497
2026,1,1121,北京工业大学,鲁棒司机,4,497
2026,1,1121,浙大宁波理工学院,宁波理工7队,4,497
2026,1,1124,重庆大学,三个摆子也能打ACM吗,4,498
2026,1,1125,华中师范大学,无名之辈,4,499
2026,1,1126,东北林业大学,东林3队,4,501
2026,1,1126,浙江工商大学,自定义小队,4,501
2026,1,1128,宁波大学,初音未来-纳西妲-樱羽艾玛第一可爱喵,4,502
2026,1,1129,云南大学,异贪构思,4,503
2026,1,1130,南京信息工程大学,今天几题下班玩原神,4,505
2026,1,1130,新疆大学,失而复得,4,505
2026,1,1132,香港科技大学(广州),让我想想,4,507
2026,1,1133,浙江工商大学,哈基米南北绿豆,4,508
2026,1,1134,南京邮电大学,njupt26team011,4,510
2026,1,1135,北京语言大学,高雅人士,4,513
2026,1,1136,青岛科技大学,AC大作战,4,516
2026,1,1137,同济大学,AAAtoken批发客服丰川祥子,4,518
2026,1,1137,深圳大学,队名跑丢了,4,518
2026,1,1137,广东工业大学,循序渐进,4,518
2026,1,1140,中南民族大学,群友都是小蛋糕,4,520
2026,1,1141,广西大学,可问春风,4,524
2026,1,1142,山东大学,Re:从零开始的 ACM 生活,4,525
2026,1,1143,惠州学院,漫无止境的八月迭代尚未寻得AC出口,4,526
2026,1,1144,河南大学,云开月明,4,527
2026,1,1145,哈尔滨工业大学(深圳),死脑快想啊,4,530
2026,1,1146,武汉大学,不爱吃仓鼠肉,4,533
2026,1,1147,贵州大学,贵大2队,4,534
2026,1,1148,青岛科技大学,只有我想摸鱼吗,4,538
2026,1,1148,沈阳工业大学,维度01,4,538
2026,1,1148,温州医科大学,wmu-A,4,538
2026,1,1151,东南大学,羲和算尺,4,539
2026,1,1151,华南理工大学,队名难起?!?起难名队,4,539
2026,1,1153,华中师范大学,"至今,仍没找到一个舒服的睡觉姿势",4,540
2026,1,1154,深圳大学,WA了我吃字典树,4,543
2026,1,1155,同济大学,盛开在有你的未来,4,545
2026,1,1156,浙江师范大学,等到TLE也不愿接受WA,4,546
2026,1,1157,大连理工大学盘锦校区,再一次,4,547
2026,1,1157,兰州大学,123,4,547
2026,1,1159,河南师范大学,欢迎来到至冬,4,550
2026,1,1160,湘潭大学,xtu-4,4,554
2026,1,1160,安徽工业大学,搞得跟真的一样,4,554
2026,1,1162,广州大学,兔已着陆!,4,559
2026,1,1162,北京工业大学,别催了在调了,4,559
2026,1,1164,山东交通学院,"须晴日,看红装素裹,分外妖娆!",4,561
2026,1,1165,中国人民解放军网络空间部队信息工程大学,new8,4,566
2026,1,1166,华中师范大学,是区不是凶,4,568
2026,1,1167,河南工业大学,"又去打ICPC了,但她还会回来吗?",4,572
2026,1,1168,上海纽约大学,王者归来,4,573
2026,1,1169,江西财经大学,酱菜一队,4,578
2026,1,1169,中国计量大学,青春咕咕嘎嘎遇不到红名学姐,4,578
2026,1,1171,蒙古国立大学(Монгол Улсын Их Сургууль),NUM-B2D,4,579
2026,1,1171,江西师范大学,海之蓝,4,579
2026,1,1173,南京航空航天大学,"老师,我想选机类",4,581
2026,1,1173,河南师范大学,样例过了就是过了,4,581
2026,1,1173,陕西师范大学,一个队名,4,581
2026,1,1176,西南财经大学,致黯淡星,4,589
2026,1,1176,中国计量大学,"芙芙,mjj,lgz都是天才喵",4,589
2026,1,1178,武汉大学,GDB It's MyGO,4,590
2026,1,1179,武汉大学,永恒的武汉大学,4,598
2026,1,1179,华中科技大学,"思考40s,爆了",4,598
2026,1,1181,中国科学技术大学,头脑特工队,4,602
2026,1,1182,山东工商学院,罚时拉满但能队,4,606
2026,1,1183,浙大城市学院,偏差认知了,4,610
2026,1,1184,南昌大学,我们就是奇迹,4,611
2026,1,1185,深圳理工大学,圳美奶牛队,4,615
2026,1,1185,西北农林科技大学,OpenAC,4,615
2026,1,1185,兰州大学,只有我与CPC,4,615
2026,1,1188,长安大学,三个乐乐气不气,4,617
2026,1,1188,北京邮电大学,ClosedClaw,4,617
2026,1,1190,吉林大学,中国龙能飞,4,618
2026,1,1191,青岛大学,大四学长最后一舞,4,622
2026,1,1192,东北大学秦皇岛分校,WA的一声哭出来,4,623
2026,1,1193,上海科技大学,秋风之墩号,4,626
2026,1,1194,上海海洋大学,我是一只不爱亲近人的高傲小猫,4,630
2026,1,1195,上海大学,成生ia包豆,4,633
2026,1,1196,福建师范大学,白林尽默,4,636
2026,1,1197,北京交通大学(威海),bjv02,4,637
2026,1,1198,湖南财政经济学院,西瓜,4,638
2026,1,1199,暨南大学,鸿运当头吉星高照紫气东来上上上上上签,4,639
2026,1,1200,南京信息工程大学,WA的一声就哭了出来,4,642
2026,1,1201,南京师范大学,三个取名高手最后一舞,4,643
2026,1,1202,郑州经贸学院,君与ACM之恋,4,644
2026,1,1203,西南交通大学,SWJTU-MilkDragon,4,646
2026,1,1204,北京科技大学,北京科技大学队伍5,4,656
2026,1,1205,江西理工大学,dyh,4,657
2026,1,1206,西安欧亚学院,紧闭的恋之瞳,4,660
2026,1,1207,中国科学院大学,咕咕嘎嘎,4,675
2026,1,1208,浙江大学,猫没有通过图灵测试,4,680
2026,1,1209,浙江工业大学之江学院,ZZJC02,4,690
2026,1,1210,兰州大学,樱井鹿初雪,4,694
2026,1,1211,福州大学,转生成大昔涟在霜月见到琪亚娜,4,708
2026,1,1212,江苏科技大学,大狗叫横扫哈基米,4,711
2026,1,1213,成都大学,抱走Sakura的小黄鸭,4,723
2026,1,1214,北京师范大学,百事狗,4,787
2026,1,1215,山东大学,不知道叫啥队,4,825
2026,1,1216,厦门大学,队长说不拿牌就改名嘉豪,3,48
2026,1,1217,郑州轻工业大学,码农转生,3,51
2026,1,1218,中国石油大学(华东),中石大1145,3,54
2026,1,1218,湖南大学,段正确,3,54
2026,1,1220,中国人民大学,喝杯咖啡猪,3,59
2026,1,1221,河南农业大学,吉伊卡哇,3,60
2026,1,1222,丽水学院,向尚未发生举杯,3,62
2026,1,1223,上海大学,天天开心,3,63
2026,1,1224,河海大学,胆子真是肥嘟嘟的,3,64
2026,1,1225,南京信息工程大学,三倍Ice Cream,3,65
2026,1,1226,陕西师范大学,线段树上长麦当劳,3,67
2026,1,1227,青岛大学,可惜你从未心疼我的笨,3,70
2026,1,1228,宁波城市职业技术学院,关于我在赛场打酱油这件事,3,73
2026,1,1229,国防科技大学,内核崩溃,3,74
2026,1,1230,中北大学,旅行家,3,79
2026,1,1230,浙江广厦建设职业技术大学,东阳大学C队,3,79
2026,1,1232,西北大学,AAA不打铁,3,80
2026,1,1232,齐鲁工业大学(山东省科学院),熟读四书五经,3,80
2026,1,1234,东北大学,东北大学_请输入队名,3,83
2026,1,1234,中南民族大学,黎卡今天吃什么,3,83
2026,1,1236,成都理工大学工程技术学院,读完了依赖你很快就离开,3,84
2026,1,1237,浙江工商大学,ac不了就去玩原神,3,86
2026,1,1238,西南科技大学,小奶龙,3,88
2026,1,1239,南京理工大学,njust_10,3,90
2026,1,1239,中国传媒大学,不对也队,3,90
2026,1,1241,江西财经大学,没脸见人,3,91
2026,1,1241,江南大学,找一车牛来弄你,3,91
2026,1,1243,北师香港浸会大学,WestLake CuFish,3,92
2026,1,1244,西南交通大学,SWJTU-如何起队名,3,93
2026,1,1245,东北大学秦皇岛分校,AAA罚时批发,3,94
2026,1,1245,集美大学,ac进行时,3,94
2026,1,1245,厦门大学马来西亚分校,时间复杂度,3,94
2026,1,1248,东北电力大学,你码不过我你信吗,3,98
2026,1,1249,山东大学,祈愿落雪江南,3,100
2026,1,1249,山东管理学院,"死手快写,别看榜单了",3,100
2026,1,1251,山东师范大学,都不玩原神,3,101
2026,1,1252,贵州大学,对对队,3,103
2026,1,1252,浙江师范大学,高冷测评姬居然独宠我们队?!,3,103
2026,1,1254,南通大学,妮蔻,3,104
2026,1,1254,重庆邮电大学,憧憬成为acm高手,3,104
2026,1,1254,浙江工商大学,两人爬塔一人匡扶汉室零过题,3,104
2026,1,1254,天津工业大学,曦火流光,3,104
2026,1,1258,湘潭大学,xtu-7,3,105
2026,1,1258,中国石油大学(华东),中石大1999,3,105
2026,1,1258,台州学院,wa就wa了,3,105
2026,1,1258,浙江工业大学,ZJUT5,3,105
2026,1,1258,浙江农林大学,奶龙大王在此,3,105
2026,1,1263,南阳理工学院,三只喵喵酱,3,106
2026,1,1263,华南师范大学,如果星星能记得布宜诺斯艾利斯的永恒黄昏,3,106
2026,1,1263,武汉理工大学,少女周末旅行,3,106
2026,1,1266,北京化工大学,bug饲养员,3,108
2026,1,1267,浙大城市学院,判定线飞出评测机,3,109
2026,1,1268,华南农业大学,憧憬成为acm学长邂逅ac学妹,3,110
2026,1,1268,同济大学,"昂首,足践烈焰",3,110
2026,1,1268,中国石油大学(华东),中石大2027,3,110
2026,1,1271,东南大学,在小小的花园里面挖呀挖呀挖,3,111
2026,1,1272,浙江农林大学,ai取一个,3,113
2026,1,1273,湖南文理学院,不知道叫啥,3,114
2026,1,1274,青岛科技大学,不吃罚时,3,118
2026,1,1274,武汉纺织大学,毛毛虫织布,3,118
2026,1,1274,郑州大学,郑大26网络赛队伍2,3,118
2026,1,1277,河南理工大学,这题目前没想法,3,119
2026,1,1277,西北工业大学,never gonna give AC up,3,119
2026,1,1279,中国海洋大学,再AC14题就好,3,121
2026,1,1279,烟台大学,哄骗编译器,3,121
2026,1,1279,福州大学,爆裂一大青枣,3,121
2026,1,1282,西南民族大学,不贪心,3,122
2026,1,1283,中国民航大学,爆零小子,3,123
2026,1,1283,福州大学,灵指,3,123
2026,1,1285,合肥大学,命运石之门,3,125
2026,1,1286,湖南工业大学,HUT4队,3,126
2026,1,1287,惠州学院,神秘AC事件调查组,3,127
2026,1,1288,大连民族大学,我们太菜了,3,129
2026,1,1288,浙江工商大学,电之迹,3,129
2026,1,1288,中国矿业大学,cumt5,3,129
2026,1,1291,江西理工大学南昌校区,AC空间线性基,3,130
2026,1,1291,西安理工大学,CF乞丐,3,130
2026,1,1291,大连海事大学,[中國翻譯](C2026)超時喵限,3,130
2026,1,1291,中国矿业大学,cumt4,3,130
2026,1,1295,鲁东大学,key,3,131
2026,1,1295,南京财经大学,金盏花,3,131
2026,1,1297,湖南农业大学,零罚时,3,133
2026,1,1298,郑州工商学院,四小时下班2,3,134
2026,1,1298,广东工业大学揭阳校区,天空覆层的观测者,3,134
2026,1,1300,沈阳工业大学,维度02,3,135
2026,1,1300,湖南文理学院,我在文理打acm,3,135
2026,1,1300,中国人民解放军网络空间部队信息工程大学,不知道叫什么队,3,135
2026,1,1303,广州大学,露琪亚,3,136
2026,1,1303,江西师范大学,WAChovy,3,136
2026,1,1305,江西农业大学,超越时间之影,3,138
2026,1,1305,绍兴理工学院,讨厌字符串数论构造,3,138
2026,1,1305,辽宁大学,这一发AC,3,138
2026,1,1308,成都信息工程大学,汉堡王还有三小时降临地球,3,139
2026,1,1308,广东工业大学,DJ.皇牌梦之队,3,139
2026,1,1310,华南师范大学,"你,去打xcpc了对吧,和我不认识的人一起",3,140
2026,1,1310,台州学院,别炸我青铜,3,140
2026,1,1312,广州华商学院,GZHSC01,3,141
2026,1,1313,琼台师范学院,导员说加学分就来了,3,143
2026,1,1313,北京化工大学,打铁还需自身硬,3,143
2026,1,1315,哈尔滨工程大学,普通热心市民,3,145
2026,1,1315,河南理工大学,hpujsj4,3,145
2026,1,1315,浙江农林大学,蛋仔派对,3,145
2026,1,1318,北京信息科技大学,只猪-打铁二度,3,146
2026,1,1318,湖南大学,randomseed42,3,146
2026,1,1318,河北师范大学,RE:从零开始的WA生活,3,146
2026,1,1321,郑州轻工业大学,燎原之盒,3,149
2026,1,1321,华南师范大学,我也要打XCPC吗,3,149
2026,1,1321,河南大学,霸气一点,3,149
2026,1,1324,河北工业大学,少打音游多读书,3,151
2026,1,1324,苏州大学,已连接ac,3,151
2026,1,1326,太原理工大学,已经想好,3,152
2026,1,1326,成都理工大学,无限喵喵,3,152
2026,1,1326,武汉工程大学,AC誓约,3,152
2026,1,1329,华东理工大学,熠熠生辉的宝石箱,3,153
2026,1,1329,山东理工大学,三人成行,3,153
2026,1,1331,北京化工大学,ONE PIECE是存在的,3,154
2026,1,1332,浙江广厦建设职业技术大学,东阳大学A队,3,155
2026,1,1333,江西农业大学,砂糖橘看日出,3,157
2026,1,1333,衡水学院,衡水学院一队,3,157
2026,1,1335,吉林大学,没想好叫什么,3,158
2026,1,1335,佛山大学,"那一天,人类想起了被WA支配的恐惧",3,158
2026,1,1337,湖北工业大学,蛋仔派对O_O,3,160
2026,1,1337,宁波大学,本质高手,3,160
2026,1,1339,武汉科技大学,未闻队名,3,161
2026,1,1339,上海大学,凤瑞阁,3,161
2026,1,1339,浙江工业大学,ZJUT8,3,161
2026,1,1342,河南工程学院,河工一队,3,162
2026,1,1343,西安电子科技大学,也就写写水题骗骗自己了,3,163
2026,1,1344,台州学院,最后一维的投影,3,165
2026,1,1345,浙大宁波理工学院,宁波理工1队,3,167
2026,1,1346,郑州轻工业大学,贪婪猫,3,168
2026,1,1346,江西师范大学,吾复何言哉,3,168
2026,1,1348,广州大学,我已急哭,3,170
2026,1,1348,浙江农林大学,waitforduskatnanshan,3,170
2026,1,1348,青岛农业大学,魔仙堡,3,170
2026,1,1351,南阳理工学院,再wa一发,3,171
2026,1,1352,重庆大学,"我怎么可能成为ACM大佬,不行不行(※不是不可能!?)",3,172
2026,1,1352,西北农林科技大学,虚空,3,172
2026,1,1352,江西警察学院,WA之神,3,172
2026,1,1355,东北大学秦皇岛分校,桃园三结义,3,173
2026,1,1355,中国计量大学,(◣ ‸ ◢)哈!,3,173
2026,1,1357,河南大学,母鸡队,3,174
2026,1,1357,电子科技大学,UESTC_签早爱赢,3,174
2026,1,1359,成都信息工程大学,竞赛是场骗局,3,175
2026,1,1359,南阳理工学院,"芙宁娜,审判长喊你debug喵~",3,175
2026,1,1359,浙大宁波理工学院,宁波理工6队,3,175
2026,1,1362,华南农业大学,下一题能队,3,176
2026,1,1362,大连民族大学,答案正确,3,176
2026,1,1364,衡阳师范学院,会赢的,3,177
2026,1,1364,北方工业大学,人从众,3,177
2026,1,1366,宁波大学,WA自动机,3,178
2026,1,1367,华南师范大学,胆子肥嘟嘟,3,179
2026,1,1368,成都理工大学,某科学的一方通行,3,180
2026,1,1368,中国石油大学(华东),中石大1336,3,180
2026,1,1368,山东财经大学,罗德岛,3,180
2026,1,1368,山东第一医科大学,AC是你的谎言,3,180
2026,1,1372,澳门城市大学,三条悟,3,181
2026,1,1373,安阳工学院,飞行码戏,3,182
2026,1,1374,哈尔滨工业大学(威海),被ICPC暴打,3,183
2026,1,1374,郑州大学,郑大26网络赛队伍3,3,183
2026,1,1374,东华理工大学,灌注塔菲喵,3,183
2026,1,1374,天津理工大学,水滴,3,183
2026,1,1378,新疆大学,咸鱼梦想家,3,185
2026,1,1378,江西农业大学,旮旯给木领域大蛇,3,185
2026,1,1380,商丘师范学院,送你一朵小红花,3,186
2026,1,1381,合肥工业大学,合工大2602,3,188
2026,1,1382,河南工业大学,花团锦簇分队,3,191
2026,1,1382,北京林业大学,想要牌子三只龙,3,191
2026,1,1384,中南民族大学,三人环式求带,3,192
2026,1,1385,河南理工大学,hpujsj1,3,193
2026,1,1385,江苏理工学院,正在加载中,3,193
2026,1,1385,西安电子科技大学,while(1)debug();,3,193
2026,1,1388,惠州学院,蔚然兴墨,3,196
2026,1,1388,安徽师范大学,天绫绫地宁宁,3,196
2026,1,1388,河南师范大学,想不出队名所以无队名,3,196
2026,1,1388,中国矿业大学,cumt8,3,196
2026,1,1388,华东师范大学,哎哎我告诉你个秘密哎,3,196
2026,1,1393,浙江工商大学,"天上天下,唯wu独尊",3,202
2026,1,1394,湖北大学,HUBU03,3,205
2026,1,1394,广州城市理工学院,GCU-村好队,3,205
2026,1,1396,东北大学,东北大学_到达胜利之前无法回头,3,206
2026,1,1397,南京邮电大学,njupt26team006,3,207
2026,1,1397,西北农林科技大学,圣碧希纳,3,207
2026,1,1397,浙大城市学院,摸鱼大师,3,207
2026,1,1400,上海第二工业大学,竞赛笑传之程程编,3,208
2026,1,1400,中国矿业大学(北京),白银矿工,3,208
2026,1,1400,成都理工大学,红名很难吗我DXrating7000,3,208
2026,1,1403,南京工业大学,NJTECH1,3,209
2026,1,1404,西华师范大学,amazing,3,212
2026,1,1405,湖南大学,宵暗花火,3,213
2026,1,1406,郑州经贸学院,夏季大三角,3,214
2026,1,1406,吉林师范大学,AC之旅,3,214
2026,1,1408,安阳工学院,无误之境,3,215
2026,1,1408,南阳理工学院,豪情在天,3,215
2026,1,1408,湖南工程学院,湖南工程学院信工院001队,3,215
2026,1,1408,华东师范大学,打ACM但是AC不了只剩M,3,215
2026,1,1412,山西大学,氕氘氚,3,216
2026,1,1412,浙江师范大学,ACM没AC还剩什么,3,216
2026,1,1414,西南财经大学,来点创意,3,217
2026,1,1415,山东大学,"即使是 WA,只要是你就没关系的哦",3,218
2026,1,1416,上海大学,朗基努斯之枪,3,219
2026,1,1416,上海海洋大学,在奶茶店DIY庄方宜厚黑麒麟脚浸乳芝士特调,3,219
2026,1,1418,西南交通大学,SWJTU-AC自动机能帮我AC吗,3,220
2026,1,1418,南京晓庄学院,南晓智能人工,3,220
2026,1,1420,山东大学,重生之我在软村打 ACM,3,221
2026,1,1420,华东理工大学,AC 万事兴,3,221
2026,1,1420,苏州大学,一周一次抢下队友机子的那些事,3,221
2026,1,1423,江西财经大学,CS_阳光彩虹不白码,3,222
2026,1,1423,湖南大学,芙兰大学怎么没有东方社团,3,222
2026,1,1425,蒙古国立大学(Монгол Улсын Их Сургууль),NUM-SEA,3,223
2026,1,1425,东北林业大学,朝夕之间,3,223
2026,1,1427,湖南大学,三枪队,3,224
2026,1,1428,同济大学,牛来,3,225
2026,1,1429,天津大学,津辉恋曲三重奏,3,227
2026,1,1429,西南交通大学,SWJTU-打完这把就退役,3,227
2026,1,1429,山东大学(威海),面向样例编程队,3,227
2026,1,1432,浙江师范大学,空间换时间,3,228
2026,1,1433,浙江科技大学,这得拿不少AC先生,3,229
2026,1,1433,河南师范大学,叁川渡,3,229
2026,1,1433,黄淮学院,如果忧郁是种天赋,3,229
2026,1,1436,中国人民公安大学,泡泡酥脆,3,230
2026,1,1436,苏州工学院,我的算法青春果然没问题,3,230
2026,1,1438,南阳理工学院,她会回来吗,3,231
2026,1,1438,中南财经政法大学,千恋万 WA,3,231
2026,1,1440,华南农业大学,“栎的第七章”赛场不软脚爆冷带队强取牌牌,3,232
2026,1,1440,南昌航空大学,请输入文本,3,232
2026,1,1442,湘潭大学,xtu-6,3,233
2026,1,1442,湖北经济学院,直到罚时变成一块铁牌,3,233
2026,1,1442,兰州大学,鸡毛飞上天,3,233
2026,1,1445,华南农业大学,豆包AI生成,3,234
2026,1,1445,江苏海洋大学,难道要放弃了吗,3,234
2026,1,1447,苏州工学院,超级地球真理部,3,235
2026,1,1448,台州学院,胡桃率先出击,3,236
2026,1,1449,湖南文理学院,AAAAA级,3,238
2026,1,1450,山东建筑大学,莫桑比克,3,240
2026,1,1450,华东师范大学,ecnu04,3,240
2026,1,1452,新疆大学,逢魔时分,3,241
2026,1,1453,华南农业大学,Code::Code::Bee,3,242
2026,1,1453,南阳师范学院,俺变得更强壮了,3,242
2026,1,1453,西华师范大学,宇宙勇,3,242
2026,1,1456,南华大学,月夕花晨,3,243
2026,1,1457,郑州大学,郑大26网络赛队伍4,3,246
2026,1,1457,广东工业大学,编了个爪,3,246
2026,1,1459,成都理工大学,鸟之诗,3,248
2026,1,1460,大连理工大学,都是同龄人我原本没想吃酱味大鸡,3,249
2026,1,1460,中国海洋大学,合成大baka,3,249
2026,1,1462,南京航空航天大学,未命名,3,250
2026,1,1463,南阳理工学院,H神酱味大鸡,3,251
2026,1,1463,新疆大学,飞出迷楼,3,251
2026,1,1465,怀化学院,什么罐头我说,3,252
2026,1,1466,南开大学,在此输入队名,3,253
2026,1,1466,中南民族大学,新参者,3,253
2026,1,1468,东北林业大学,东林2队,3,254
2026,1,1468,华东师范大学,ecnu05,3,254
2026,1,1470,衡阳师范学院,111,3,256
2026,1,1471,烟台大学,三只松鼠,3,259
2026,1,1472,东南大学,青川拓扑,3,260
2026,1,1472,北京师范大学,我都可以,3,260
2026,1,1474,南京理工大学,njust_6,3,261
2026,1,1475,东北农业大学,玖仟玖佰捌拾贰肆万肆仟叁佰伍拾叁,3,262
2026,1,1476,北师香港浸会大学,大佬说的都队,3,266
2026,1,1476,长江大学,铁花飞,3,266
2026,1,1478,中国人民解放军网络空间部队信息工程大学,321,3,267
2026,1,1478,湖南涉外经济学院,赵记刘肉炒虞,3,267
2026,1,1480,武昌理工学院,松驰感,3,268
2026,1,1481,南京工业职业技术大学,盖罗塞克特女子学院超异科王牌一号,3,273
2026,1,1481,中国民航大学,诶我队友呢,3,273
2026,1,1483,华南师范大学,样例中的奇迹,3,274
2026,1,1483,福建师范大学,111,3,274
2026,1,1485,河南工程学院,南苑一队,3,275
2026,1,1486,华南理工大学,不要哇,3,276
2026,1,1487,上海科技大学,ZINAT Is Not A Team,3,277
2026,1,1487,浙江师范大学,喵,3,277
2026,1,1487,浙江农林大学暨阳学院,洛神教教徒,3,277
2026,1,1490,吉林大学,随缘AC,3,279
2026,1,1490,广东海洋大学,我想拿铜奖,3,279
2026,1,1492,天津工业大学,算法三剑客,3,280
2026,1,1493,南阳理工学院,假如他俩都是苦力,3,281
2026,1,1494,华东师范大学,你好这里不让睡觉,3,282
2026,1,1495,成都信息工程大学,我不要当WA学弟,3,283
2026,1,1495,中国海洋大学,一般路过的方程也,3,283
2026,1,1497,苏州工学院,超级卡比猎人队,3,284
2026,1,1498,上海财经大学,完美答案,3,287
2026,1,1499,西南民族大学,鼠鼠卡了,3,289
2026,1,1500,西南科技大学,两只刀盾一只奶龙,3,291
2026,1,1501,吉林大学,我也要AC吗,3,292
2026,1,1502,常州大学,爆零人会梦见签到题吗?,3,293
2026,1,1502,广东工业大学,星光,3,293
2026,1,1504,哈尔滨工业大学,哈德曼的妖怪少女 2,3,294
2026,1,1505,江西农业大学,一切都是命运石之门的选择,3,295
2026,1,1506,天津工业大学,奶long long,3,297
2026,1,1507,蒙古国立大学(Монгол Улсын Их Сургууль),NUM-BSB,3,299
2026,1,1507,江西软件职业技术大学,朗朗晴天,3,299
2026,1,1509,浙江财经大学,浙财1队,3,300
2026,1,1509,武汉科技大学,3只小猪,3,300
2026,1,1511,上海纽约大学,看看外国人,3,302
2026,1,1512,南京工程学院,想不出来,3,304
2026,1,1513,泰山学院,组一辈子ACM,3,305
2026,1,1514,上海理工大学,歧路余欢,3,306
2026,1,1515,浙江理工大学,乌卡拉卡巴巴博弈,3,307
2026,1,1515,华南理工大学,bhy和他的左右魔丸,3,307
2026,1,1517,南京邮电大学,njupt26team005,3,308
2026,1,1518,南京工业大学,NJTECH4,3,309
2026,1,1518,山东大学(威海),俺要学猛虎下山,3,309
2026,1,1520,南昌理工学院,辉夜大小姐要给我告白,3,310
2026,1,1520,福建师范大学,开局wa倒地激发队友潜力(?,3,310
2026,1,1522,浙江农林大学,数组又开小了,3,312
2026,1,1523,蒙古国立大学(Монгол Улсын Их Сургууль),NUM-SOTS,3,313
2026,1,1524,东华理工大学,全WA队,3,315
2026,1,1525,湘潭大学,xtu-9,3,316
2026,1,1526,中南民族大学,<(oOo)><(oOo)><(oOo)>,3,317
2026,1,1527,北京工业大学,从不AF之队,3,318
2026,1,1527,黑龙江大学,ACM就是要自动AC的才好玩,3,318
2026,1,1527,暨南大学,想看deepseek生鱼片,3,318
2026,1,1527,温州医科大学,wmu-B,3,318
2026,1,1531,南京师范大学,没什么想法,3,319
2026,1,1531,湖南大学,学吸不如学罗斯特,3,319
2026,1,1533,中国人民大学,这队名真难取,3,320
2026,1,1533,中国民航大学,不吃罚时,3,320
2026,1,1533,浙江科技大学,逐码寻途,3,320
2026,1,1536,同济大学,请输入文本,3,321
2026,1,1537,温州商学院,温商队,3,324
2026,1,1537,北京林业大学,不知豆啊样例明明过了,3,324
2026,1,1539,中国计量大学,偷星九月天,3,325
2026,1,1540,南开大学,DeepOverflow,3,326
2026,1,1540,中国科学院大学,随便打打,3,326
2026,1,1540,宁波工程学院,40+8,3,326
2026,1,1543,五邑大学,海上钢琴师,3,327
2026,1,1543,河南师范大学,比比比比比比拉布,3,327
2026,1,1545,郑州师范学院,我是凑企鹅,3,328
2026,1,1545,江西财经大学,CS_雨宫莲,3,328
2026,1,1545,天津工业大学,组一辈子乐队,3,328
2026,1,1548,河南农业大学,我无疑是兴奋的,3,331
2026,1,1549,天津仁爱学院,请输入文本,3,332
2026,1,1550,江西师范大学,启运阁,3,333
2026,1,1551,中央民族大学,端茶倒水,3,336
2026,1,1552,惠州学院,雷霆苦力怕,3,338
2026,1,1553,成都信息工程大学,普鲁斯鳄,3,339
2026,1,1553,黑龙江大学,O(1)的脑子处理O(N!)的题,3,339
2026,1,1555,安阳工学院,罚时退退退,3,340
2026,1,1555,齐鲁工业大学(山东省科学院),签完到就去吃饭,3,340
2026,1,1555,兰州大学,既然不知道取什么名字就取这个名字好了,3,340
2026,1,1558,福建师范大学,福建旅行团,3,341
2026,1,1559,山东女子学院,算鸟捞AC队,3,343
2026,1,1560,北京印刷学院,因人RE,3,344
2026,1,1561,暨南大学,签到5分钟坐牢5小时,3,345
2026,1,1562,上饶师范学院,薪火相传,3,347
2026,1,1562,浙江中医药大学,ZCMU01,3,347
2026,1,1564,郑州经贸学院,青梧揽月庭,3,350
2026,1,1565,中国矿业大学(北京),盗火者们,3,352
2026,1,1565,浙江科技大学,言语人类懂不看,3,352
2026,1,1567,山东大学,从山里来的队,3,353
2026,1,1567,哈尔滨石油学院,贪心小队,3,353
2026,1,1567,南华大学,给我Accept的WA TAT,3,353
2026,1,1570,东南大学,我电脑上能跑啊,3,356
2026,1,1570,温州大学,经风潦后栖寒舍感怀尘途羁旅念平生之浮沉,3,356
2026,1,1572,南京信息工程大学,水豚噜噜,3,360
2026,1,1572,河南师范大学,不想打铁花,3,360
2026,1,1574,浙江机电职业技术大学,云清林,3,361
2026,1,1575,衡阳师范学院,臭企鹅,3,364
2026,1,1576,河北师范大学,对的,3,365
2026,1,1577,河南师范大学,昙花一现,3,366
2026,1,1577,天津工业大学,#include<队友的脑子>,3,366
2026,1,1579,杭州师范大学,写不出来就睡大觉,3,367
2026,1,1580,惠州学院,0基础新生队,3,370
2026,1,1580,南阳理工学院,这次尽量不wa,3,370
2026,1,1580,山东大学(威海),薛定谔的ACM,3,370
2026,1,1580,浙江科技大学,我也要AK吗,3,370
2026,1,1584,南京航空航天大学,老大我们这样真的能AC吗,3,371
2026,1,1584,广东金融学院,燃烧精血也要AK,3,371
2026,1,1586,武汉科技大学,"AC小姐,拜托了",3,373
2026,1,1587,华北理工大学,能工智人,3,374
2026,1,1587,福州大学,爆炎魔法,3,374
2026,1,1589,湖北工业大学,异贪构思,3,375
2026,1,1590,福建师范大学,烧烤大队,3,380
2026,1,1590,中南财经政法大学,蒸蒸日上,3,380
2026,1,1592,东南大学,AC自动坤,3,383
2026,1,1593,江西财经大学,重生之队友是算法大神,3,386
2026,1,1594,台州学院,"三个键盘手怎么可能组乐队,不行不行!(※不是不可能!?)",3,387
2026,1,1595,福建农林大学,这个小队有格调,3,390
2026,1,1595,中国计量大学现代科技学院,一切都是命运石之门的选择,3,390
2026,1,1597,重庆大学,弓长张,3,392
2026,1,1598,河南工业大学,点击输入队名,3,393
2026,1,1599,天津大学,?!这么弱!?,3,394
2026,1,1599,安徽大学,全靠蒙队,3,394
2026,1,1601,哈尔滨工程大学,"好好睡觉,天天吃饭",3,397
2026,1,1602,南昌理工学院,你Wa不过我你信吗,3,398
2026,1,1603,哈尔滨工程大学,一点也不卡WA#1,3,401
2026,1,1603,广东工业大学,同余方程组,3,401
2026,1,1605,中国传媒大学,泥船大战代码分 30 亿 error,3,405
2026,1,1606,湖南工业大学,来个奶龙开一题,3,411
2026,1,1607,河海大学,关于我转生成acm蒟蒻这件事,3,417
2026,1,1608,青岛理工大学,恶魔契约,3,418
2026,1,1608,西南石油大学,昇天,3,418
2026,1,1610,西南科技大学,暗之三奶龙,3,419
2026,1,1610,北京工业大学,我用DP去买菜,3,419
2026,1,1612,湖南警察学院,湘警院1队,3,421
2026,1,1613,上海科技大学,三打酱油,3,422
2026,1,1614,北京科技大学,北京科技大学队伍6,3,423
2026,1,1614,上海海事大学,在教室后门的三个wa学弟,3,423
2026,1,1616,湖南大学,古希腊掌握古法编程的哈基米,3,424
2026,1,1617,武汉纺织大学,未完成的队伍名,3,426
2026,1,1618,中国矿业大学,cumt9,3,428
2026,1,1619,南京邮电大学,njupt26team023,3,430
2026,1,1619,青岛农业大学,如果网络赛出线我就去见她,3,430
2026,1,1621,中国科学技术大学,10101100,3,437
2026,1,1621,东北大学秦皇岛分校,不要温和地走入那良夜,3,437
2026,1,1623,齐齐哈尔大学,中二病也要打ACM,3,438
2026,1,1624,西南大学,不要做 WA 学弟了,3,447
2026,1,1624,成都大学,世界线变动,3,447
2026,1,1626,河南师范大学,你会像讨厌那些又臭又长的名字讨厌我吗,3,458
2026,1,1627,西南大学,梦到哪句写哪句万一对了呢,3,462
2026,1,1628,浙江农林大学,不怡喵粉丝团二队,3,463
2026,1,1629,哈尔滨理工大学,2026哈理工07,3,485
2026,1,1630,南昌大学,区在打铁,3,486
2026,1,1631,武汉纺织大学,这次AC了再走,3,487
2026,1,1632,宁波诺丁汉大学,找一车牛来弄你,3,490
2026,1,1633,青岛农业大学,不吃奶龙,3,492
2026,1,1634,南昌大学,尝试Hello world一万次最终放弃,3,494
2026,1,1635,湖州师范大学,芭比与三剑客,3,497
2026,1,1636,南京邮电大学,njupt26team012,3,501
2026,1,1637,上海理工大学,米娜桑,3,515
2026,1,1638,山东大学,队名,3,518
2026,1,1639,山东女子学院,while(1) accepted;,3,521
2026,1,1640,湖南师范大学,HUNNU04,3,526
2026,1,1641,重庆工程学院,重工新生队,3,549
2026,1,1642,中国科学技术大学,名侦探科男,3,550
2026,1,1643,浙江工商大学,哆啦AK,3,553
2026,1,1644,五邑大学,问号好想玩原神,3,608
2026,1,1645,河南理工大学,青春acm少年不会梦到兔女郎,3,615
2026,1,1646,武昌首义学院,wmc不会梦到热葡萄,3,625
2026,1,1647,宜春幼儿师范高等专科学校,"M3,对他使用指令:熔毁",3,659
2026,1,1648,上海科技大学,退堂鼓表演艺术家,3,690
2026,1,1649,淮安大学,转生成为能工智人只要吃token就能变强,3,778
2026,1,1650,西北工业大学,我们有铁牌,2,14
2026,1,1650,山东大学(威海),AC自动基米,2,14
2026,1,1652,成都理工大学,为美好世界献上祝福,2,15
2026,1,1653,长沙学院,次年佛如,2,16
2026,1,1653,西安石油大学,未名舟,2,16
2026,1,1655,苏州科技大学,1000行以内最好的算法,2,17
2026,1,1655,广东技术师范大学,关于我的队友把偷菜当成每日训练这件事,2,17
2026,1,1657,衡阳师范学院,咕咕嘎嘎,2,18
2026,1,1658,长安大学,青空之区,2,19
2026,1,1658,南京航空航天大学,我的胆子就是肥嘟嘟的,2,19
2026,1,1658,东莞理工学院,芙芙天下第一,2,19
2026,1,1658,中国石油大学(华东),中石大3827,2,19
2026,1,1662,沈阳化工大学,華鳥風月,2,20
2026,1,1663,北京师范大学,仿生蝴蝶会梦到电子气球吗,2,21
2026,1,1663,南昌航空大学,究竟是谁开的桂,2,21
2026,1,1663,合肥大学,AnywayPassSample,2,21
2026,1,1663,中国传媒大学,叽里呱啦说啥呢我是学文科的,2,21
2026,1,1667,南京航空航天大学,别卡我样例,2,22
2026,1,1667,大连理工大学,你们说的都不队,2,22
2026,1,1667,绍兴理工学院,奶龙VS黄色老鼠,2,22
2026,1,1667,中国民航大学,队名暂定,2,22
2026,1,1667,沈阳农业大学,四个四重奏,2,22
2026,1,1667,福建农林大学,凸包排序,2,22
2026,1,1667,香港城市大学(东莞),老鼠洗完头,2,22
2026,1,1674,哈尔滨工业大学(威海),下发一定队,2,23
2026,1,1674,南京邮电大学,njupt26team010,2,23
2026,1,1674,北京师范大学珠海校区,这得好好想想,2,23
2026,1,1674,齐鲁工业大学(山东省科学院),暗香浮动月黄昏,2,23
2026,1,1674,东北大学秦皇岛分校,鸟为什么会飞,2,23
2026,1,1674,东北大学秦皇岛分校,cf上四位数怎么这么难,2,23
2026,1,1674,福建农林大学,缠绕在我脸上的悲伤,2,23
2026,1,1674,西安电子科技大学,哈吉米大人求带飞,2,23
2026,1,1682,江汉大学,不动的大图书馆,2,24
2026,1,1682,中国民航大学,ACAC\!^O^!/ACAC,2,24
2026,1,1682,北京化工大学,暴力永远不TLE,2,24
2026,1,1682,武昌理工学院,最优解在左,2,24
2026,1,1682,五邑大学,我的学姐呢,2,24
2026,1,1682,重庆大学,爱上AC不是我的错,2,24
2026,1,1682,河北农业大学,Aurora,2,24
2026,1,1682,长江大学,第六感,2,24
2026,1,1690,武汉纺织大学,TLX,2,25
2026,1,1690,青岛理工大学,凡事皆是虚空,2,25
2026,1,1690,东莞理工学院,巴巴博弈,2,25
2026,1,1690,西安理工大学,我们也要起名字吗,2,25
2026,1,1690,韩山师范学院,没想法,2,25
2026,1,1690,大连海事大学,请输入文本,2,25
2026,1,1690,内蒙古师范大学,内师1队,2,25
2026,1,1690,浙大宁波理工学院,宁波理工4队,2,25
2026,1,1690,中原工学院,ICPC Dream! ACMyGo!!!,2,25
2026,1,1690,嘉兴大学,嘉兴大学3队,2,25
2026,1,1700,广西科技大学,Deepsleep V4 Pro 满血版,2,26
2026,1,1700,南京邮电大学,njupt26team016,2,26
2026,1,1700,澳门科技大学,做完签到就是胜利,2,26
2026,1,1700,重庆工商大学,重庆工商一队,2,26
2026,1,1700,安徽师范大学,随缘,2,26
2026,1,1700,湖北第二师范学院,Whynot,2,26
2026,1,1700,东北大学秦皇岛分校,我想去月球,2,26
2026,1,1700,上海大学,SHU14,2,26
2026,1,1700,北京化工大学,一曲红绡不知数,2,26
2026,1,1700,苏州大学,她说那晚人很多以为有你,2,26
2026,1,1700,东北林业大学,东林12队,2,26
2026,1,1700,哈尔滨理工大学,2026哈理工03,2,26
2026,1,1700,合肥大学,ABCD without BD,2,26
2026,1,1700,重庆大学,BDACM爱好者,2,26
2026,1,1700,丽水学院,喵喵喵,2,26
2026,1,1700,东北农业大学,好想放假,2,26
2026,1,1716,上海纽约大学,紫麒麟,2,27
2026,1,1716,天津大学,KFC大队,2,27
2026,1,1716,东南大学,布橙,2,27
2026,1,1716,山东工商学院,好礼回家,2,27
2026,1,1716,山东中医药大学,求求了给个名额吧,2,27
2026,1,1716,中国民航大学,人人为我我为人人,2,27
2026,1,1716,哈尔滨理工大学,2026哈理工04,2,27
2026,1,1716,曲阜师范大学,未闻花名皆AC,2,27
2026,1,1716,唐山学院,巴巴博一勇闯ACM,2,27
2026,1,1716,上海大学,0007,2,27
2026,1,1716,湖北汽车工业学院,我的Acm物语果然有问题,2,27
2026,1,1727,香港科技大学(广州),希望暴力能队,2,28
2026,1,1727,深圳理工大学,always kill,2,28
2026,1,1727,湖北师范大学,"震鲸瘫坐,核弹爆炸",2,28
2026,1,1727,安徽师范大学,名字自己冒出来,2,28
2026,1,1727,大连民族大学,平原反应的山顶洞人,2,28
2026,1,1727,南京农业大学,想做奶龙不容易,2,28
2026,1,1727,集美大学,游客一队,2,28
2026,1,1727,太原理工大学,DP优化者,2,28
2026,1,1727,浙江工业大学,ZJUT11,2,28
2026,1,1727,河南师范大学,吴劭鹏,2,28
2026,1,1727,中国传媒大学,枫落潮声起,2,28
2026,1,1727,深圳技术大学,SZTU_全职ACMer,2,28
2026,1,1727,北方工业大学,豆包奇遇记,2,28
2026,1,1740,河南农业大学,随便都行队,2,29
2026,1,1740,湘潭大学,xtu-3,2,29
2026,1,1740,江西农业大学,不认真的雪,2,29
2026,1,1740,中北大学,然后成为acmer,2,29
2026,1,1740,西安建筑科技大学,"根本赢不了,我听不懂!",2,29
2026,1,1740,沈阳师范大学,征用终末地工业,2,29
2026,1,1740,绍兴理工学院,特别的人,2,29
2026,1,1740,华北水利水电大学,绷住别WA,2,29
2026,1,1740,山东科技大学,雷神之子号,2,29
2026,1,1740,山东科技大学,航海家号,2,29
2026,1,1740,南京理工大学,njust_8,2,29
2026,1,1740,苏州大学,加载中*,2,29
2026,1,1740,东北林业大学,东林6队,2,29
2026,1,1740,长沙学院,路边三只猪,2,29
2026,1,1754,西北大学,重生之我在网络赛爆零,2,30
2026,1,1754,燕山大学,弓长,2,30
2026,1,1754,南京航空航天大学,可惜,2,30
2026,1,1754,哈尔滨工业大学(威海),听说这里送气球我就来了,2,30
2026,1,1754,深圳理工大学,甜玉米队,2,30
2026,1,1754,江汉大学,"电脑怎么改的,码发一下",2,30
2026,1,1754,河南师范大学,神威难藏泪,2,30
2026,1,1754,广东工业大学,深度睡眠,2,30
2026,1,1754,湖南大学,队名不见了,2,30
2026,1,1754,江西师范大学,"芸芸众生,博弈代码",2,30
2026,1,1754,江西师范大学,谁还有多余Token,2,30
2026,1,1765,浙江理工大学,罚时仙人,2,31
2026,1,1765,上海财经大学,今天晚上吃什么,2,31
2026,1,1765,湖南农业大学,三脚猫,2,31
2026,1,1765,武汉商学院,月诏粉丝团2.0,2,31
2026,1,1765,大连理工大学,不为人知的CPC童谣,2,31
2026,1,1765,东华大学,猫尾草,2,31
2026,1,1765,河北金融学院,幽怀,2,31
2026,1,1765,安徽师范大学,神之三首,2,31
2026,1,1765,中国地质大学(武汉),QWERTYUIOP,2,31
2026,1,1765,中国民航大学,三进制,2,31
2026,1,1765,集美大学,萌新>新人>窝,2,31
2026,1,1765,天津理工大学,有困难我先撤,2,31
2026,1,1765,福建理工大学,福建理工大学2队,2,31
2026,1,1765,浙江工商大学,404隐藏,2,31
2026,1,1765,山东财经大学,码系团,2,31
2026,1,1765,重庆大学,查无此队,2,31
2026,1,1781,北京科技大学,北京科技大学队伍2,2,32
2026,1,1781,华南师范大学,深度优先搜索,2,32
2026,1,1781,郑州大学,郑大26网络赛队伍15,2,32
2026,1,1781,郑州大学,郑大26网络赛队伍1,2,32
2026,1,1781,绍兴理工学院,队名,2,32
2026,1,1781,华北水利水电大学,"cout << ""AC""",2,32
2026,1,1781,唐山学院,铁牌滚远点,2,32
2026,1,1781,中国人民解放军网络空间部队信息工程大学,牛没来,2,32
2026,1,1781,国防科技大学,一马当先,2,32
2026,1,1781,哈尔滨理工大学,2026哈理工19,2,32
2026,1,1781,长沙理工大学,长沙理工大学四队,2,32
2026,1,1781,山东大学(威海),被题踢出对局,2,32
2026,1,1781,东北师范大学,我思故我队,2,32
2026,1,1781,东北师范大学,啦啦队,2,32
2026,1,1781,河南师范大学,qu新人类,2,32
2026,1,1781,西安电子科技大学,我知道你很急但是你先别急,2,32
2026,1,1781,杭州师范大学,so爱会消失对不队,2,32
2026,1,1781,天津工业大学,“代码对不”队,2,32
2026,1,1781,西南石油大学,接地,2,32
2026,1,1781,河南工程学院,南苑三队,2,32
2026,1,1801,香港浸会大学,我真求你了让我AC吧,2,33
2026,1,1801,安阳工学院,没有罚时,2,33
2026,1,1801,华南农业大学,恶魔猫猫摸猫猫,2,33
2026,1,1801,华南农业大学,RHL—ong,2,33
2026,1,1801,华南农业大学,运行错误,2,33
2026,1,1801,成都锦城学院,创智二队,2,33
2026,1,1801,东莞理工学院,只会暴力和罚时,2,33
2026,1,1801,中国地质大学(武汉),经验加三,2,33
2026,1,1801,北京电子科技学院,无穷暴龙团2.0,2,33
2026,1,1801,成都东软学院,"皇上~该起了,比赛要开始了,去晚了就打铁了",2,33
2026,1,1801,浙江工商大学,野生狗奶,2,33
2026,1,1801,南京信息工程大学,三只小猫,2,33
2026,1,1801,太原理工大学,一切都是命运石之门的选择,2,33
2026,1,1801,浙江农林大学,求求下面的队伍不要再AC了,2,33
2026,1,1801,西南石油大学,星序,2,33
2026,1,1801,东北农业大学,其实我更会种地,2,33
2026,1,1817,香港科技大学(广州),RE:从零开始的XCPC生活,2,34
2026,1,1817,南通大学,贪心三剑客,2,34
2026,1,1817,南阳理工学院,你A不过我你信吗,2,34
2026,1,1817,南阳理工学院,全队都夯爆了,2,34
2026,1,1817,大连民族大学,晚安,2,34
2026,1,1817,山东科技大学,罗得岛号,2,34
2026,1,1817,北京语言大学,专业人士分队,2,34
2026,1,1817,大连海事大学,那是因为我还没有启动,2,34
2026,1,1817,北京化工大学,WA自动机,2,34
2026,1,1817,东北林业大学,东林7队,2,34
2026,1,1817,河南工业大学,洛信封.zls,2,34
2026,1,1817,绍兴大学,破晓,2,34
2026,1,1817,宁波大学,样例没过ac队,2,34
2026,1,1817,河南师范大学,从容面队,2,34
2026,1,1817,山东石油化工学院,共享大脑未连接,2,34
2026,1,1817,陕西师范大学,纳豆拌饭,2,34
2026,1,1817,宁德师范学院,莲见蕾雅,2,34
2026,1,1834,西北大学,咕咕嘎嘎,2,35
2026,1,1834,大连理工大学,一人一道做完睡觉,2,35
2026,1,1834,青岛大学,妄想天使三小只,2,35
2026,1,1834,山东理工大学,聪明人鱼和人类,2,35
2026,1,1834,南昌航空大学,三人成行,2,35
2026,1,1834,东北大学秦皇岛分校,冕,2,35
2026,1,1834,兰州大学,丸酮吸老叟,2,35
2026,1,1834,浙江工商大学,宇宙哦索几哈吉马路哟,2,35
2026,1,1834,东北电力大学,测评机夸我WonderfulAnswer,2,35
2026,1,1834,江西师范大学,"焦海星烬,曜没黍栅。",2,35
2026,1,1834,河南师范大学,烈酒豪情,2,35
2026,1,1834,深圳技术大学,SZTU_能AC吗,2,35
2026,1,1834,河北师范大学,黎明曦光,2,35
2026,1,1847,江苏科技大学张家港校区,打铁还需自身硬,2,36
2026,1,1847,云南大学,打铁组队看牛来,2,36
2026,1,1847,齐鲁工业大学(山东省科学院),桃花依旧笑春风,2,36
2026,1,1847,南京师范大学,姜维妲己,2,36
2026,1,1847,西南大学,我需要一个队名,2,36
2026,1,1847,中国海洋大学,宕机小队,2,36
2026,1,1847,东北大学秦皇岛分校,发际线保护协会,2,36
2026,1,1847,吉首大学,不要打铁,2,36
2026,1,1847,东北师范大学,时思,2,36
2026,1,1847,西南石油大学,下海,2,36
2026,1,1857,香港理工大学,International Grand Newbies,2,37
2026,1,1857,华南农业大学,请您今天要来点AC吗?,2,37
2026,1,1857,上海科技大学,正在重新连接 5/5,2,37
2026,1,1857,上海杉达学院,杉树长青-2,2,37
2026,1,1857,河南师范大学,wa到天凉,2,37
2026,1,1857,重庆交通大学,顽童戏老叟,2,37
2026,1,1857,大连理工大学盘锦校区,永不AC之人喵,2,37
2026,1,1857,湖南理工学院,侥幸AC,2,37
2026,1,1857,中南财经政法大学,键盘给你你来写,2,37
2026,1,1857,哈尔滨理工大学威海校区,长征1,2,37
2026,1,1857,湖南涉外经济学院,幺零零,2,37
2026,1,1857,大连交通大学,细准焦螺旋,2,37
2026,1,1869,湖北工业大学,哈基米大战代码,2,38
2026,1,1869,东北大学,东北大学_我心常淡,2,38
2026,1,1869,黑龙江工程学院,格泽曜日,2,38
2026,1,1869,河南工程学院,河工二队,2,38
2026,1,1869,沈阳航空航天大学,乐邦詹士快攻的勾特,2,38
2026,1,1869,内蒙古大学,打音游得腱鞘炎被白毛红瞳大姐姐分手的夜晚,2,38
2026,1,1869,河海大学,史蒂夫能在提瓦特用哈夫币换金牌吗,2,38
2026,1,1869,齐鲁工业大学(山东省科学院),霜叶白于冬月雪,2,38
2026,1,1869,南京师范大学,青春两脚牛来不会梦见建筑风豹拉,2,38
2026,1,1869,中国人民解放军网络空间部队信息工程大学,无畏舰,2,38
2026,1,1869,东北师范大学,样例全过,2,38
2026,1,1869,河南师范大学,都行吧,2,38
2026,1,1881,湖北大学,HUBU02,2,39
2026,1,1881,昆明学院,模运算里相逢,2,39
2026,1,1881,南京航空航天大学,贵物,2,39
2026,1,1881,中国人民大学,龙骑士,2,39
2026,1,1881,浙江万里学院,按住w开始思索,2,39
2026,1,1881,延安大学西安创新学院,无足鸟,2,39
2026,1,1881,北京建筑大学,明湖1队,2,39
2026,1,1881,大连理工大学盘锦校区,AC自动机,2,39
2026,1,1881,重庆大学,"编程转生,来到icpc就拿出真本事",2,39
2026,1,1881,北方工业大学,我们真的会AC,2,39
2026,1,1881,丽水学院,不要指望我们队,2,39
2026,1,1881,浙江机电职业技术大学,WA去,2,39
2026,1,1893,西北大学,我也可以AC吗,2,40
2026,1,1893,西南民族大学,鼠鼠也想起好听队名,2,40
2026,1,1893,上海财经大学,取不出队名队,2,40
2026,1,1893,大连理工大学,不存在的你和AC,2,40
2026,1,1893,郑州大学,郑大26网络赛队伍11,2,40
2026,1,1893,成都锦城学院,睁眼看世界,2,40
2026,1,1893,天津大学,牛马鸽,2,40
2026,1,1893,兰州理工大学,回归基本功,2,40
2026,1,1893,南京农业大学,这题我背过,2,40
2026,1,1893,河南理工大学,hpujsj3,2,40
2026,1,1893,中央民族大学,AC在哪里,2,40
2026,1,1893,国防科技大学,科大四队,2,40
2026,1,1893,湖南大学,小手子队,2,40
2026,1,1893,宿州学院,过样例也算过,2,40
2026,1,1893,河南师范大学,西格玛AC机,2,40
2026,1,1893,杭州师范大学,AC就去吃麦当劳,2,40
2026,1,1893,长江师范学院,正在启动,2,40
2026,1,1910,郑州轻工业大学,?!给给?!,2,41
2026,1,1910,怀化学院,三只小萝卜,2,41
2026,1,1910,南京邮电大学,njupt26team009,2,41
2026,1,1910,南京邮电大学,njupt26team008,2,41
2026,1,1910,江西财经大学,CS_擅长捉弄的出题人同学,2,41
2026,1,1910,四川师范大学,A完这道题就回家结婚的话大抵要单一辈子了,2,41
2026,1,1910,四川师范大学,都是同龄人,2,41
2026,1,1910,郑州大学,郑大26网络赛队伍10,2,41
2026,1,1910,北京电子科技学院,RING0,2,41
2026,1,1910,浙江工商大学,炒鸡棒棒糖助我AC,2,41
2026,1,1910,兰州理工大学,为AK的世界献上祝福,2,41
2026,1,1921,北京语言大学,西瓜西瓜顶呱呱,2,42
2026,1,1921,广州华商学院,GZHSC02,2,42
2026,1,1921,南京理工大学,njust_5,2,42
2026,1,1921,中国人民解放军网络空间部队信息工程大学,故障机器人,2,42
2026,1,1921,浙江工商大学,新时代古法编程传承人,2,42
2026,1,1921,烟台大学,聚云峰队,2,42
2026,1,1921,兰州理工大学,最后一舞,2,42
2026,1,1921,江西师范大学,npc,2,42
2026,1,1929,山东科技大学,奥德赛号,2,43
2026,1,1929,琼台师范学院,默默不语,2,43
2026,1,1929,鲁东大学,不爆零骑士团,2,43
2026,1,1929,河南师范大学,ccttbb,2,43
2026,1,1929,宁波工程学院,WA到失去梦想,2,43
2026,1,1934,宁波职业技术大学,xyl go work,2,44
2026,1,1934,广东技术师范大学,队名太长审核过不了,2,44
2026,1,1934,南京邮电大学通达学院,队名换到拿奖止,2,44
2026,1,1934,华南师范大学,星海归航,2,44
2026,1,1934,广州理工学院,广州理工学院一队,2,44
2026,1,1934,山东科技大学,奥伯龙号,2,44
2026,1,1934,福建师范大学,ACM一定要有AC,2,44
2026,1,1934,浙江工业大学,ZJUT9,2,44
2026,1,1934,西南财经大学,别急让我想想,2,44
2026,1,1934,中南民族大学,WA机器,2,44
2026,1,1934,武汉轻工大学,我大E了没有WA,2,44
2026,1,1934,江西师范大学,ovO,2,44
2026,1,1934,河南师范大学,派蒙正在编译中,2,44
2026,1,1934,河南师范大学,棉花糖,2,44
2026,1,1934,鲁东大学,只会写暴力,2,44
2026,1,1949,上海财经大学,摆烂队,2,45
2026,1,1949,南京师范大学,icpc能飞,2,45
2026,1,1949,浙江理工大学,留白,2,45
2026,1,1949,上海财经大学,猛攻队,2,45
2026,1,1949,山东科技大学,尤里卡号,2,45
2026,1,1949,山东农业大学,方舟的骑士,2,45
2026,1,1949,南昌大学,再交一次就AC,2,45
2026,1,1949,北京电子科技学院,为什么要演奏春日影队,2,45
2026,1,1949,上海大学,你的cpp跑不过我你信吗,2,45
2026,1,1949,烟台大学,异丁醛队,2,45
2026,1,1949,山东大学(威海),信创泥头车,2,45
2026,1,1949,河南师范大学,红橙黄绿青蓝紫,2,45
2026,1,1961,山东科技大学,图拉号,2,46
2026,1,1961,湖北第二师范学院,(ovo*''),2,46
2026,1,1961,东华理工大学,用10个TLE换她一个回眸队,2,46
2026,1,1961,华南理工大学,三人都过,2,46
2026,1,1961,河北师范大学,还没想好队名,2,46
2026,1,1961,西南财经大学,顽童戏老叟,2,46
2026,1,1961,广东工业大学揭阳校区,和队友关闭思维流同步了,2,46
2026,1,1968,湖南农业大学,茉莉与,2,47
2026,1,1968,四川师范大学,总是做不队,2,47
2026,1,1968,北京语言大学,TLE Engineer,2,47
2026,1,1968,南京晓庄学院,蛇分身换位引罗万象,2,47
2026,1,1968,武汉理工大学,让C++再次伟大,2,47
2026,1,1968,杭州师范大学,"光之国的家,是他们的故乡",2,47
2026,1,1968,河南工程学院,南苑四队,2,47
2026,1,1975,南通大学,样例过了就算AC,2,48
2026,1,1975,梧州学院,千LE万WA,2,48
2026,1,1975,绍兴理工学院,重生大帝被数据薄纱,2,48
2026,1,1975,韶关学院,这次有汉堡吃吗,2,48
2026,1,1975,蒙古国立大学(Монгол Улсын Их Сургууль),NUM-BTsCh,2,48
2026,1,1980,山东大学,以上队伍成绩无效,2,49
2026,1,1980,中北大学,此喜2.0,2,49
2026,1,1980,华东理工大学,奶龙脚趾剪枝失败,2,49
2026,1,1980,长春工业大学,力拔山兮,2,49
2026,1,1980,东华理工大学,无bug有AC队,2,49
2026,1,1980,湖北中医药大学,笑发财,2,49
2026,1,1986,华南师范大学,好想吃薯条,2,50
2026,1,1986,上海应用技术大学,WA简称哇了,2,50
2026,1,1986,南京工程学院,奶龙队,2,50
2026,1,1986,东莞理工学院,给小睦黄瓜叠3层fever,2,50
2026,1,1986,哈尔滨理工大学,2026哈理工09,2,50
2026,1,1986,乐山师范学院,这是队名,2,50
2026,1,1986,泉州师范学院,强强强联合,2,50
2026,1,1986,华东师范大学,ecnu03,2,50
2026,1,1986,阜阳师范大学,AC一题就算对,2,50
2026,1,1986,河北工程大学,AAA代码批发商,2,50
2026,1,1986,河南工程学院,南苑二队,2,50
2026,1,1997,云南大学,我爱黄迪,2,51
2026,1,1997,成都师范学院,成都师范学院一队,2,51
2026,1,1997,四川大学锦江学院,南北组好评,2,51
2026,1,1997,宁波大学,努力,2,51
2026,1,1997,宁波大学,注定伟大,2,51
2026,1,1997,中南民族大学,111111111传媒,2,51
2026,1,1997,长沙学院,对对队,2,51
2026,1,2004,中北大学,上兰理工,2,52
2026,1,2004,南京邮电大学,njupt26team017,2,52
2026,1,2004,成都锦城学院,创智一队,2,52
2026,1,2004,长春工业大学,正在启动,2,52
2026,1,2004,兰州交通大学,溯数小队,2,52
2026,1,2004,东华理工大学,这道题我昨天刚做过,2,52
2026,1,2004,浙江工商大学,看我装阴唐他一手,2,52
2026,1,2011,江西财经大学,CS_老骥伏枥,2,53
2026,1,2011,皖西学院,猪猪队,2,53
2026,1,2011,南宁师范大学,不是你想的那个零,2,53
2026,1,2011,长沙学院,你管我对不对,2,53
2026,1,2011,佛山大学,我的刀盾,2,53
2026,1,2011,广西科技师范学院,"哦不不不,面对这种题目,符神无疑不是雷霆暴怒的",2,53
2026,1,2017,南京航空航天大学,哞哞哞,2,54
2026,1,2017,苏州大学,汪汪队,2,54
2026,1,2019,江西理工大学南昌校区,千算万法,2,55
2026,1,2019,广州大学,我要acm题,2,55
2026,1,2019,大连民族大学,AK自动机,2,55
2026,1,2019,琼台师范学院,边界杀手,2,55
2026,1,2019,中国人民解放军网络空间部队信息工程大学,糖的霉变,2,55
2026,1,2019,福建农林大学,赤炎杯杯勇闯ICPC,2,55
2026,1,2019,绍兴大学,重生之队长cos兔女郎鞭策我补题,2,55
2026,1,2019,曲阜师范大学,神秘耄耋,2,55
2026,1,2019,广东工业大学揭阳校区,扣1送贪心板子,2,55
2026,1,2019,湖南科技学院,高性能萝卜子,2,55
2026,1,2019,延边大学,我根本不会算法我只会乱按键盘,2,55
2026,1,2019,湖北中医药大学,若能触及群星,2,55
2026,1,2031,哈尔滨工业大学(威海),我吃一口尝尝咸淡,2,56
2026,1,2031,南阳理工学院,开完签到就坐牢,2,56
2026,1,2031,北京化工大学,我们队长被卷毛男毁了一辈子,2,56
2026,1,2031,苏州大学,大白猫,2,56
2026,1,2031,河南农业大学,不哭不哭只是宝宝,2,56
2026,1,2031,广东工业大学揭阳校区,如日方升,2,56
2026,1,2031,燕京理工学院,千言万语汇成一句 “我爱你”,2,56
2026,1,2031,佛山大学,无敌仓库大王,2,56
2026,1,2031,信阳师范大学,撕碎博弈的至高算法王权,2,56
2026,1,2040,郑州轻工业大学,嗷呜辉吃牛肉,2,57
2026,1,2040,成都信息工程大学,脖子好啦,2,57
2026,1,2040,西南大学,设备的问题,2,57
2026,1,2040,山东师范大学,评测机压力测试队,2,57
2026,1,2040,长沙理工大学,长沙理工大学三队,2,57
2026,1,2040,吉林农业科技学院,半夜跟蓝桥杯调情被正主acm抓包,2,57
2026,1,2046,武汉纺织大学外经贸学院,榜歪了别看队,2,58
2026,1,2046,内蒙古师范大学,内师5队,2,58
2026,1,2046,南昌航空大学,直到ICPC变成一个猫娘,2,58
2026,1,2049,浙江理工大学,想吃掉我的ACM少女,2,59
2026,1,2049,华南农业大学,为番茄炒蛋甜咸吵到打满罚时,2,59
2026,1,2049,成都信息工程大学,123,2,59
2026,1,2049,上海应用技术大学,WA了就摆烂,2,59
2026,1,2049,北京邮电大学世纪学院,这是一个队,2,59
2026,1,2049,苏州大学,样例全队,2,59
2026,1,2049,中国矿业大学(北京),段错屋,2,59
2026,1,2049,东北大学秦皇岛分校,不上早八补觉才队,2,59
2026,1,2049,同济大学,明日渺远不及,2,59
2026,1,2049,山东师范大学,仅样例通过,2,59
2026,1,2049,常州大学,404name,2,59
2026,1,2049,西北工业大学,你说的都队,2,59
2026,1,2049,陕西师范大学,爱笑的奶蛙运气不会差,2,59
2026,1,2049,上海海洋大学,键盘漏电cosDJ,2,59
2026,1,2049,北方工业大学,你不在这队,2,59
2026,1,2049,东莞城市学院,东莞城市学院先锋队,2,59
2026,1,2049,南京理工大学紫金学院,AC小姐拜托了,2,59
2026,1,2049,吉首大学,队友带我,2,59
2026,1,2067,江汉大学,江大accccc,2,60
2026,1,2067,广州城市理工学院,异世相遇尽享美味,2,60
2026,1,2067,河北科技大学,感觉都队,2,60
2026,1,2067,山东工商学院,少睡觉多 AC,2,60
2026,1,2067,商丘师范学院,我已疾苦,2,60
2026,1,2067,浙江科技大学,地底蔷薇,2,60
2026,1,2073,广州新华学院,前驱与后继,2,61
2026,1,2073,长春工业大学,未掘宝石,2,61
2026,1,2073,西南财经大学,海底小纵队,2,61
2026,1,2073,沈阳化工大学,铠甲勇士之奶龙,2,61
2026,1,2073,宁波财经学院,ac自动机能帮我自动ac吗,2,61
2026,1,2073,长沙学院,lucy,2,61
2026,1,2079,温州大学,逐光同舟,2,62
2026,1,2079,河北工程大学,早日过四六级,2,62
2026,1,2079,浙大城市学院,不知道,2,62
2026,1,2079,南京大学,妈妈我想回家,2,62
2026,1,2083,韶关学院,"打表过样例,大力出奇迹",2,63
2026,1,2083,大连民族大学,珍珠奶茶,2,63
2026,1,2083,河南师范大学,123,2,63
2026,1,2083,湖南财政经济学院,从零开始的ACM,2,63
2026,1,2083,北京化工大学,就差一个写代码的了,2,63
2026,1,2083,华中科技大学,蛙蛙汐汐棋棋,2,63
2026,1,2089,南京师范大学,不知道取啥名,2,64
2026,1,2089,青岛理工大学,奶龙,2,64
2026,1,2089,江西农业大学,柴烧曹记凉菜,2,64
2026,1,2089,大连理工大学盘锦校区,不是怎么老被炸啊,2,64
2026,1,2089,广州城市理工学院,写啥都队,2,64
2026,1,2089,东南大学,不变量,2,64
2026,1,2089,南京农业大学,很菜很菜的鸡,2,64
2026,1,2089,西南财经大学,水队,2,64
2026,1,2089,暨南大学,签到就跑路,2,64
2026,1,2089,唐山师范学院,南波万,2,64
2026,1,2099,浙江万里学院,马头神了,2,65
2026,1,2099,东华大学,我依然是世一码,2,65
2026,1,2099,北京工业大学,我不想开学,2,65
2026,1,2099,中国石油大学(华东),中石大1024,2,65
2026,1,2099,台州学院,声声man,2,65
2026,1,2104,吉利学院,真的好难铜,2,66
2026,1,2104,华南师范大学,好问题,2,66
2026,1,2104,琼台师范学院,熵减,2,66
2026,1,2104,昆山杜克大学,昆杜三队,2,66
2026,1,2104,烟台大学,WA收容所,2,66
2026,1,2104,河北工程大学,我也要打吗,2,66
2026,1,2110,重庆文理学院,曾存于此的奶蛙之终,2,67
2026,1,2110,南京理工大学泰州科技学院,大有可为,2,67
2026,1,2110,西南大学,算法进阶退役指南,2,67
2026,1,2110,琼台师范学院,关于我转生成AC这件事,2,67
2026,1,2110,南京晓庄学院,杜麦尼,2,67
2026,1,2110,福建农林大学,404 Errors,2,67
2026,1,2110,中国传媒大学,奶界最忧郁之龙,2,67
2026,1,2117,成都信息工程大学,小企鹅,2,68
2026,1,2117,齐鲁工业大学(山东省科学院),定风波,2,68
2026,1,2117,重庆交通大学,逐火之蛾,2,68
2026,1,2117,湖南财政经济学院,蓝天白云,2,68
2026,1,2117,长春工业大学,草帽小队,2,68
2026,1,2117,湖南大学,杨例罗地洪一片,2,68
2026,1,2117,沈阳化工大学,AK自动机,2,68
2026,1,2124,金陵科技学院,北落南星,2,69
2026,1,2124,广州软件学院,转生铁牌,2,69
2026,1,2124,武汉软件工程职业学院,火锅鸡真好吃,2,69
2026,1,2124,丽水学院,1+1+1=3,2,69
2026,1,2128,云南大学,写不出来就直接睡觉,2,70
2026,1,2128,北京理工大学,反正样例全队,2,70
2026,1,2128,江西师范大学,研究奶蛙打破奶龙封锁,2,70
2026,1,2131,中国民航大学,样例过了就是AC!,2,71
2026,1,2131,临沂大学,未命名,2,71
2026,1,2133,河南农业大学,木头人,2,72
2026,1,2133,湖南师范大学,HUNNU02,2,72
2026,1,2133,大连大学,黑曜石奶奶,2,72
2026,1,2133,武汉大学,与你WA到生命尽头,2,72
2026,1,2133,东北师范大学,319小分队,2,72
2026,1,2133,东北师范大学,奶牛band也要打icpc吗,2,72
2026,1,2139,香港理工大学,WAAC,2,73
2026,1,2139,西安理工大学,倒卷天河饮玉虹,2,73
2026,1,2139,中国人民解放军网络空间部队信息工程大学,千里码,2,73
2026,1,2139,昆山杜克大学,昆杜二队,2,73
2026,1,2139,重庆大学,测码奔腾,2,73
2026,1,2139,重庆大学,宗门天骄,2,73
2026,1,2139,浙江科技大学,这里还有人类吗,2,73
2026,1,2146,武汉科技大学,我感觉很多队伍取名都很随意,2,74
2026,1,2146,中国海洋大学,Juggernaut,2,74
2026,1,2146,太原理工大学,优先队列,2,74
2026,1,2146,昭通学院,求求这发AC,2,74
2026,1,2146,乐山师范学院,签到题在哪,2,74
2026,1,2146,乐山师范学院,"这题不会,d一下",2,74
2026,1,2152,山东科技大学,占星者号,2,75
2026,1,2152,中国人民解放军网络空间部队信息工程大学,圣沙蒙,2,75
2026,1,2152,五邑大学,11_,2,75
2026,1,2155,温州医科大学,wmu-C,2,76
2026,1,2155,台州学院,阳光咩咩,2,76
2026,1,2157,南阳理工学院,全都A了,2,77
2026,1,2157,南京师范大学,外院弟子会梦见icpc吗,2,77
2026,1,2157,嘉应学院,暮色运算符,2,77
2026,1,2157,浙江工商大学,咕咕嘎嘎?!,2,77
2026,1,2157,怀化学院,哆啦a梦的任意门,2,77
2026,1,2157,山东财经大学,不知道啊发通知我们就来了,2,77
2026,1,2163,山东大学,重生之我在田径班打竞赛,2,78
2026,1,2163,华北水利水电大学,胆子真是肥嘟嘟的,2,78
2026,1,2163,宁波大学,进击的双马尾小猫,2,78
2026,1,2166,广东轻工职业技术大学,卡jioC,2,79
2026,1,2166,韶关学院,三个打铁匠,2,79
2026,1,2166,哈尔滨理工大学威海校区,长征4,2,79
2026,1,2166,哈尔滨理工大学,2026哈理工08,2,79
2026,1,2166,长沙理工大学,长沙理工大学六队,2,79
2026,1,2171,绵阳城市学院,DDUP,2,80
2026,1,2171,北京印刷学院,中国出版大学,2,80
2026,1,2171,北师香港浸会大学,广告招租位,2,80
2026,1,2171,内蒙古工业大学,NOI没拿到的牌子就在ICPC拿吧,2,80
2026,1,2171,合肥大学,南通队伍想要队长点金,2,80
2026,1,2171,南京理工大学紫金学院,观光打卡代表队,2,80
2026,1,2171,北方工业大学,真能AC吗,2,80
2026,1,2171,丽水学院,清流,2,80
2026,1,2179,深圳北理莫斯科大学,深北莫1队,2,81
2026,1,2179,合肥工业大学,合工大2607,2,81
2026,1,2179,湖南大学,哈德曼的妖怪算法,2,81
2026,1,2179,河北师范大学,夜班敲代码,2,81
2026,1,2179,山东工程职业技术大学,注意力就是你需要的一切,2,81
2026,1,2179,华东师范大学,WA自动机初号机,2,81
2026,1,2179,浙江机电职业技术大学,在启动了,2,81
2026,1,2186,南昌航空大学,浅闯ICPC,2,82
2026,1,2186,湖南文理学院,胆子真是肥嘟嘟的,2,82
2026,1,2186,北京师范大学,三人成行,2,82
2026,1,2186,烟台大学,奶龙,2,82
2026,1,2186,郑州工商学院,摸鱼刷题两不误,2,82
2026,1,2186,安徽建筑大学,我永远喜欢小野寺小咲,2,82
2026,1,2192,武昌首义学院,队名好难想,2,83
2026,1,2192,湖北中医药大学,三牛马,2,83
2026,1,2194,江西财经大学,CS_你火龙果大人,2,85
2026,1,2194,浙江万里学院,我怎会不知你挚爱纯蓝,2,85
2026,1,2194,南通大学,余烬逻辑,2,85
2026,1,2194,山东理工大学,我不想当区,2,85
2026,1,2194,大连海事大学,石明子,2,85
2026,1,2194,烟台大学,AC队,2,85
2026,1,2194,成都大学,遇橙则成,2,85
2026,1,2194,江西师范大学,asdfghjkl;,2,85
2026,1,2202,浙江师范大学,大狗嚼俱乐部,2,86
2026,1,2202,湖北经济学院,AC三问,2,86
2026,1,2204,广州大学,林林林,2,87
2026,1,2204,安徽师范大学,天天ac,2,87
2026,1,2204,成都大学,小白逆袭三剑客,2,87
2026,1,2207,黄淮学院,签上到就算赢,2,88
2026,1,2207,湖南警察学院,湘警院2队,2,88
2026,1,2207,南阳理工学院,三驱兄弟,2,88
2026,1,2207,中国人民解放军网络空间部队信息工程大学,串线别找我,2,88
2026,1,2207,嘉应学院,会AC的对不队,2,88
2026,1,2212,安徽师范大学,逐星长旅 终遂己愿,2,89
2026,1,2212,大连工程学院,忆水合氨,2,89
2026,1,2214,江西理工大学,吃包辣条再打A,2,90
2026,1,2214,嘉应学院,能过就行,2,90
2026,1,2216,郑州轻工业大学,My teammates can't be so cute,2,91
2026,1,2216,郑州大学,郑大26网络赛队伍9,2,91
2026,1,2216,河南理工大学,hpujsj5,2,91
2026,1,2216,哈尔滨理工大学威海校区,长征2,2,91
2026,1,2220,山东科技大学,圣剑号,2,92
2026,1,2221,天津仁爱学院,胜兵必骄兵必败兵必哀兵必胜,2,93
2026,1,2221,安阳工学院,输出全靠猜,2,93
2026,1,2221,江西警察学院,算了你说什么都队,2,93
2026,1,2224,天津仁爱学院,重生之在编程比赛把你们当萝莉,2,94
2026,1,2224,河海大学,我们打acm?。。。唉?。。。 真的假的?,2,94
2026,1,2224,湖南理工学院,中国人能飞,2,94
2026,1,2227,安阳工学院,写的都对,2,95
2026,1,2228,龙岩学院,公安九课,2,96
2026,1,2229,南京邮电大学,njupt26team022,2,97
2026,1,2230,山东科技大学,奋进号,2,98
2026,1,2231,上海对外经贸大学,剑指铜牌,2,100
2026,1,2231,河南工程学院,南苑五队,2,100
2026,1,2233,贵州理工学院,重铸贵理工荣耀,2,101
2026,1,2234,广东外语外贸大学南国商学院,广外南国初生牛犊,2,102
2026,1,2234,东莞理工学院,大改要想,2,102
2026,1,2234,上海大学,永不打铁,2,102
2026,1,2237,贵州民族大学,红魔幼儿编程,2,103
2026,1,2238,阿坝师范学院,疏影,2,104
2026,1,2239,中国海洋大学,嘎嘣脆,2,105
2026,1,2239,成都理工大学工程技术学院,"老米只会写**,老库不会写**",2,105
2026,1,2241,西南石油大学,蒙的全对,2,106
2026,1,2242,中国民航大学,你说这题对不队,2,107
2026,1,2242,吉林外国语大学,设计原始数值保守不建议抽取,2,107
2026,1,2244,太原理工大学,请问您今天要来点算法吗?,2,108
2026,1,2245,淮安大学,想取一个又长又雷霆的队名但是根本想不出来取什么于是开始凑字数,2,109
2026,1,2245,成都东软学院,"哦对对对,我也是这么想的",2,109
2026,1,2247,深圳理工大学,这白开水怎么没味儿啊,2,110
2026,1,2247,黑龙江大学,队名正在加载中,2,110
2026,1,2247,桂林电子科技大学,桂电二队,2,110
2026,1,2247,闽南师范大学,夏虫振翅向灼热光明,2,110
2026,1,2247,成都东软学院,大狗大狗喵喵叫,2,110
2026,1,2247,嘉兴大学,嘉兴大学2队,2,110
2026,1,2253,江西理工大学南昌校区,你才是奶龙,2,111
2026,1,2253,中国人民解放军网络空间部队信息工程大学,中国人能飞,2,111
2026,1,2255,浙江工业大学之江学院,ZZJC01,2,112
2026,1,2255,华南理工大学,三nbs,2,112
2026,1,2255,衡水学院,衡水学院二队,2,112
2026,1,2258,河南工程学院,河工三队,2,113
2026,1,2258,中国矿业大学徐海学院,灵动1,2,113
2026,1,2258,乐山师范学院,少个敲代码的,2,113
2026,1,2258,唐山学院,超时迷途,2,113
2026,1,2258,江西科技学院,三个人也可以组乐队,2,113
2026,1,2263,南昌理工学院,夜来风雨声,2,114
2026,1,2263,南京理工大学,njust_9,2,114
2026,1,2263,陕西师范大学,月球区域金,2,114
2026,1,2266,五邑大学,神不需要键盘,2,115
2026,1,2267,烟台大学,怠工智人,2,116
2026,1,2268,昭通学院,样例过了就AC,2,117
2026,1,2269,安徽财经大学,小孩哥别炸我,2,118
2026,1,2269,重庆电子科技职业大学,雪莲花,2,118
2026,1,2271,中国科学技术大学,wACe,2,119
2026,1,2272,山西财经大学,山财二队,2,123
2026,1,2273,哈尔滨理工大学威海校区,长征5,2,124
2026,1,2274,西南大学,"牢大,我们这样学算法真的能梦到奶龙吗",2,125
2026,1,2275,大连理工大学盘锦校区,大肚奶龙队,2,127
2026,1,2276,北京交通大学(威海),bjv04,2,128
2026,1,2276,成都信息工程大学,请输入队名,2,128
2026,1,2276,浙江科技大学,三题就下班,2,128
2026,1,2279,成都锦城学院,极致的冷静,2,129
2026,1,2280,南京邮电大学通达学院,这题凭什么队,2,130
2026,1,2280,南阳理工学院,金牌wa掘机,2,130
2026,1,2280,闽南师范大学,对对对,2,130
2026,1,2283,中央民族大学,央民是大区,2,131
2026,1,2284,西南科技大学,哈基米敲代码,2,132
2026,1,2285,鲁东大学,ACM超会玩,2,133
2026,1,2285,中国矿业大学,cumt7,2,133
2026,1,2287,中南民族大学,"超级大虾,高举虾钳,绝不软脚",2,135
2026,1,2288,贵州大学,贵大3队,2,137
2026,1,2289,中国人民解放军网络空间部队信息工程大学,签到AC万岁,2,138
2026,1,2290,内蒙古师范大学,内师2队,2,142
2026,1,2290,湖南大学,摸鱼总冠军,2,142
2026,1,2290,重庆大学,你随便取,2,142
2026,1,2290,郑州工商学院,代码不超时,2,142
2026,1,2294,山东女子学院,重生之acm再再看我一眼,2,143
2026,1,2294,武汉大学,Charlotte,2,143
2026,1,2296,北方民族大学,队名叫啥,2,145
2026,1,2297,西南科技大学,茱萸,2,146
2026,1,2297,浙江农林大学,jisuanji253,2,146
2026,1,2299,沈阳航空航天大学,正相反的WA和我,2,147
2026,1,2300,西安工业大学,我要睡了,2,149
2026,1,2301,浙江工商大学,随风入红尘,2,151
2026,1,2302,琼台师范学院,贪得吴彦组,2,152
2026,1,2303,福州工商学院,王不留行,2,156
2026,1,2304,山东大学,队伍0886,2,157
2026,1,2304,深圳大学,再想五分钟,2,157
2026,1,2306,江汉大学,三人成行,2,159
2026,1,2306,陕西科技大学,做AI研究到半夜,2,159
2026,1,2306,郑州工商学院,加仓罚时,2,159
2026,1,2309,曲阜师范大学,AAAAC批发市场,2,160
2026,1,2310,湖南城市学院,队友不知道取啥名,2,161
2026,1,2311,唐山师范学院,随随便便才能队,2,162
2026,1,2312,成都理工大学工程技术学院,大哥叫我来巡山,2,163
2026,1,2313,北京航空航天大学,最区队,2,165
2026,1,2314,南昌理工学院,队里有熊,2,166
2026,1,2314,厦门大学嘉庚学院,涂队要带飞,2,166
2026,1,2314,贵州师范学院,AAA 智神星批发,2,166
2026,1,2317,南京信息工程大学,"我是噜噜,我是噜噜,我才是噜噜",2,167
2026,1,2318,上海财经大学,三人行必有AC,2,168
2026,1,2319,中国人民解放军网络空间部队信息工程大学,阖太乐,2,169
2026,1,2320,郑州师范学院,哔哔拉布,2,170
2026,1,2320,阜阳师范大学,Demiurge,2,170
2026,1,2320,哈尔滨理工大学,2026哈理工18,2,170
2026,1,2323,中国传媒大学,锟斤拷の复仇,2,171
2026,1,2324,温州大学,芦花小姐也会有爱情吗,2,172
2026,1,2324,中央民族大学,这里填队名,2,172
2026,1,2326,湖南理工学院,冰淇淋,2,175
2026,1,2326,华中科技大学,古法编程非遗传承人,2,175
2026,1,2328,怀化学院,灼华留名,2,176
2026,1,2328,兰州大学,乘风破浪,2,176
2026,1,2330,中国民航大学,"一入递归深似海,从此回不来",2,181
2026,1,2331,成都大学,Flower Dance,2,182
2026,1,2331,浙江科技大学,我们是最棒的小羊,2,182
2026,1,2333,中国科学院大学,啊对对队,2,183
2026,1,2334,北京外国语大学,样例过了就队,2,185
2026,1,2335,上海财经大学,不TLE,2,186
2026,1,2336,北京科技大学,北京科技大学队伍7,2,189
2026,1,2337,金陵科技学院,锐码破题,2,190
2026,1,2337,郑州大学,郑大26网络赛队伍14,2,190
2026,1,2337,成都理工大学,这么强强么这,2,190
2026,1,2340,乐山师范学院,"溢演顶针,鉴定为WA",2,191
2026,1,2341,深圳职业技术大学,灌注塔菲喵,2,194
2026,1,2342,湖南理工学院,没有,2,197
2026,1,2343,哈尔滨理工大学,2026哈理工11,2,198
2026,1,2344,北师香港浸会大学,麻麻酱我染上了福瑞我要变成奶龙了,2,199
2026,1,2345,辽宁工业大学,超人强,2,200
2026,1,2346,内蒙古工业大学,不理我我就随便起名了,2,203
2026,1,2346,大连工程学院,风尘叹,2,203
2026,1,2346,杭州师范大学,just experience,2,203
2026,1,2349,长安大学,闯红灯,2,206
2026,1,2350,天津理工大学,小猪猪,2,210
2026,1,2351,广东技术师范大学,奶尤,2,211
2026,1,2352,陕西科技大学,向深水中的晨星,2,215
2026,1,2353,怀化学院,贪心美梦,2,219
2026,1,2353,大连民族大学,又是一年蝉鸣,2,219
2026,1,2353,兰州理工大学,青竹小队,2,219
2026,1,2356,福建师范大学协和学院,从零开始的ACM算法生活,2,221
2026,1,2357,广东海洋大学,蹦蹦炸弹炸飞奶龙,2,223
2026,1,2358,南昌理工学院,三小只,2,230
2026,1,2359,长江师范学院,AC自动机,2,233
2026,1,2360,广州大学,我爻验token,2,234
2026,1,2361,北方工业大学,蒟蒻排队,2,235
2026,1,2362,贵州民族大学,写的都对,2,236
2026,1,2363,成都理工大学工程技术学院,我承认我自卑 我真的很怕黑,2,238
2026,1,2364,五邑大学,晓之怡礼动之以情,2,242
2026,1,2365,中国人民解放军网络空间部队信息工程大学,南波湾,2,244
2026,1,2366,上海海洋大学,图灵空间,2,245
2026,1,2367,五邑大学,这是什么比赛,2,250
2026,1,2367,长春财经学院,永远是深夜有多好,2,250
2026,1,2369,闽南师范大学,%%%,2,251
2026,1,2370,南昌交通学院,南昌交通一队,2,252
2026,1,2370,哈尔滨理工大学,2026哈理工17,2,252
2026,1,2372,西南石油大学,不拿金牌不下播,2,254
2026,1,2372,厦门理工学院,黑大帅,2,254
2026,1,2374,内蒙古师范大学,内师7队,2,255
2026,1,2374,大连民族大学,想过好日子,2,255
2026,1,2376,湖南理工学院,爱坤,2,260
2026,1,2377,新疆大学,chong,2,264
2026,1,2378,广东海洋大学,永雏塔菲香香喵,2,269
2026,1,2379,北京外国语大学,不CE就算队,2,271
2026,1,2380,哈尔滨理工大学,2026哈理工14,2,272
2026,1,2380,郑州工商学院,犬子队,2,272
2026,1,2382,嘉兴大学,嘉兴大学4队,2,273
2026,1,2383,河南科技学院,超级无敌霸王龙,2,275
2026,1,2383,山东青年政治学院,IDK,2,275
2026,1,2385,厦门大学,厦大七队,2,276
2026,1,2386,南京邮电大学,njupt26team018,2,279
2026,1,2386,南京工业大学,NJTECH5,2,279
2026,1,2388,陕西科技大学,半自动AC,2,284
2026,1,2389,郑州工商学院,特判救全队,2,287
2026,1,2390,吉林大学,编C++编的,2,292
2026,1,2391,广州城市理工学院,GCU-从路人角色开始探索ACM,2,293
2026,1,2392,江西服装学院,怎么算都不,2,298
2026,1,2393,香港理工大学,猪思考,2,306
2026,1,2394,贵州民族大学,少吃点,2,312
2026,1,2395,湖南农业大学,码系团,2,319
2026,1,2396,成都大学,零一奔赴,2,331
2026,1,2397,大连大学,从零开始的icpc生活,2,332
2026,1,2397,郑州工商学院,顽童戏老叟,2,332
2026,1,2399,浙江工商大学杭州商学院,桐庐码客,2,343
2026,1,2400,阜阳师范大学,比奇堡摸鱼小队,2,344
2026,1,2401,重庆工商大学,我都可以,2,358
2026,1,2402,盐城工学院,骁刃,2,366
2026,1,2403,浙江农林大学,错误技,2,378
2026,1,2404,哈尔滨石油学院,边界溢出观测组,2,380
2026,1,2405,苏州职业技术大学,我的刷题日常果然没bug,2,383
2026,1,2406,黑龙江工程学院,国赛数气球来,2,392
2026,1,2406,蒙古国立大学(Монгол Улсын Их Сургууль),NUM-GZB,2,392
2026,1,2408,浙江工商大学,有刺无刺,2,416
2026,1,2409,北方工业大学,你说的都队,2,417
2026,1,2410,哈尔滨理工大学,2026哈理工06,2,438
2026,1,2411,哈尔滨理工大学,2026哈理工12,2,441
2026,1,2412,清华大学,崔万刘队,2,521
2026,1,2413,中国人民解放军网络空间部队信息工程大学,道可道,2,523
2026,1,2414,乐山师范学院,AC自动机,2,546
2026,1,2415,江汉大学,我只是想试试对不队,2,659
2026,1,2416,北方工业大学,海底小纵队从容应对,1,13
2026,1,2417,南京师范大学,呆呆能攻智人不会梦见清纯ac姬,1,14
2026,1,2418,南京邮电大学,njupt26team024,1,16
2026,1,2419,哈尔滨理工大学威海校区,长征3,1,20
2026,1,2420,河北师范大学,AC了才行,1,21
2026,1,2421,郑州大学,郑大26网络赛队伍7,1,22
2026,1,2421,长江大学,扬子江比特,1,22
2026,1,2423,中南财经政法大学,考的全会蒙的全队,1,25
2026,1,2424,广州软件学院,拒绝TLE,1,28
2026,1,2425,安徽财经大学,三人行,1,29
2026,1,2425,暨南大学,颅内草原默默放牧,1,29
2026,1,2425,深圳大学,自动编译机,1,29
2026,1,2428,吉林外国语大学,远离RE,1,30
2026,1,2429,江汉大学,头脑特空队,1,31
2026,1,2430,中国矿业大学徐海学院,灵动2,1,32
2026,1,2430,山东科技大学,克拉克号,1,32
2026,1,2430,北京化工大学,胆double天队,1,32
2026,1,2433,福州外语外贸学院,析构万理的发条公主堂堂登场,1,33
2026,1,2434,山西财经大学,沉默得金,1,37
2026,1,2434,中国科学技术大学,异想天开,1,37
2026,1,2436,南昌理工学院,喜洋洋俱乐部,1,40
2026,1,2436,河北工程大学,终序车队创立,1,40
2026,1,2438,金陵科技学院,深藏Blue,1,41
2026,1,2438,上海应用技术大学,堵桥队,1,41
2026,1,2438,贵州师范学院,遇到困难就睡大觉,1,41
2026,1,2438,成都师范学院,成都师范学院二队,1,41
2026,1,2438,中南财经政法大学,拒绝TLE,1,41
2026,1,2443,中南财经政法大学,牛来队,1,42
2026,1,2444,沈阳航空航天大学,如果情绪有天气 那我困在阴天里队,1,45
2026,1,2444,内蒙古师范大学,内师6队,1,45
2026,1,2446,哈尔滨理工大学,2026哈理工10,1,48
2026,1,2447,长沙理工大学,长沙理工大学五队,1,50
2026,1,2448,湖南师范大学,HUNNU03,1,51
2026,1,2449,哈尔滨理工大学,2026哈理工16,1,54
2026,1,2450,北京化工大学,北化少女乐队,1,56
2026,1,2451,山东科技大学,庄严号,1,57
2026,1,2451,安徽财经大学,ac一题就退役,1,57
2026,1,2453,内蒙古师范大学,内师3队,1,58
2026,1,2453,中央民族大学,救命,1,58
2026,1,2455,大连理工大学盘锦校区,0xDEADBEEF,1,64
2026,1,2456,天津仁爱学院,屠完城开满鲜花,1,65
2026,1,2457,中央民族大学,永不罚时,1,66
2026,1,2458,广州软件学院,哦啊啊 耶 duang duang duang,1,70
2026,1,2458,广州城市理工学院,棚户区,1,70
2026,1,2460,中国民航大学,朕说的都队,1,72
2026,1,2461,长江师范学院,梦之队,1,97
2026,1,2462,北京交通大学(威海),bjv03,1,100
2026,1,2462,内蒙古师范大学,内师4队,1,100
2026,1,2464,绵阳城市学院,No_Bug_No_Life,1,101
2026,1,2465,宁波诺丁汉大学,茶歇得吃队,1,110
2026,1,2466,郑州西亚斯学院,雷霆万钧队,1,112
2026,1,2467,贵州民族大学,我欲乘风,1,127
2026,1,2468,河南师范大学,逻辑暂时出走,1,134
2026,1,2469,深圳北理莫斯科大学,深北莫2队,1,141
2026,1,2470,北京交通大学(威海),bjv05,1,145
2026,1,2470,北京建筑大学,ADX445WFGMBOX,1,145
2026,1,2472,广州城市理工学院,GCU-WA专业户,1,148
2026,1,2473,北京建筑大学,Hello World!,1,151
2026,1,2474,河南科技学院,追求者,1,156
2026,1,2475,北京建筑大学,星轨界隈,1,161
2026,1,2476,湖南理工学院,周末不回信,1,170
2026,1,2477,北师香港浸会大学,午夜猎手,1,175
2026,1,2478,哈尔滨理工大学,2026哈理工20,1,200
2026,1,2479,贵州师范学院,卷心菜,1,217
2026,1,2480,广州城市理工学院,ac一道玩一天原神,1,225
2026,1,2481,哈尔滨理工大学,2026哈理工15,1,241
2026,1,2482,沈阳城市学院,苦学自动ac机发现不能ac,1,242
2026,1,2483,华东理工大学,WA到评测机燃,1,255
2026,1,2484,昭通学院,AC选手联盟,1,261
2026,1,2485,武汉学院,WCHH,1,273
2026,1,2486,北师香港浸会大学,汪汪队,1,287
2026,2,1,清华大学,零基础新生 1 队,10,1258
2026,2,2,清华大学,PERFECT GIRL,10,1556
2026,2,3,北京大学,柚子超玩会,9,870
2026,2,4,北京大学,飞带不长队,9,886
2026,2,5,清华大学,Oblivion,9,954
2026,2,6,北京大学,UTG,9,1067
2026,2,7,北京大学,随机匹配,9,1116
2026,2,8,清华大学,击中月亮,9,1117
2026,2,9,北京大学,流光,9,1182
2026,2,10,北京大学,茉莉雨,9,1230
2026,2,11,北京大学,宇宙冷漠,9,1255
2026,2,12,北京大学,昊吧信奥工作室,9,1488
2026,2,13,上海交通大学,照夜白,8,975
2026,2,14,北京大学,蒟蒻排队,8,1008
2026,2,15,香港中文大学(深圳),港中深 7 队,8,1026
2026,2,16,浙江大学,杨桃星球 V,8,1159
2026,2,17,北京大学,人形电脑猫猫心(转生ver.),8,1219
2026,2,18,北京大学,抹茶小蛋糕,8,1230
2026,2,19,北京大学,补队,8,1247
2026,2,20,复旦大学,格温的收集者,8,1252
2026,2,21,北京大学,没队要,8,1255
2026,2,22,中山大学,中山大学-真的菜队,8,1261
2026,2,23,清华大学,X X XXX,8,1318
2026,2,24,清华大学,不会唱歌,8,1327
2026,2,25,清华大学,惊觉往事历历历历已经年,8,1464
2026,2,26,浙江大学,至亮之焰+,7,797
2026,2,27,北京大学,上床下桌,7,798
2026,2,28,清华大学,遥不可及,7,822
2026,2,29,浙江大学,队线大冲浪,7,841
2026,2,30,上海交通大学,黎明前线,7,845
2026,2,31,复旦大学,倒头就睡,7,851
2026,2,32,中山大学,中山大学-眉毛,7,858
2026,2,33,北京大学,耳畔虹蓝梦,7,887
2026,2,34,中国科学技术大学,卫何我这么蔡,7,946
2026,2,35,清华大学,雾里看花,7,957
2026,2,36,清华大学,复仇滚木,7,984
2026,2,37,中国科学技术大学,永恒流转,7,994
2026,2,38,中山大学,"中山大学-是啊,吃什么",7,1012
2026,2,39,北京航空航天大学,竹叶青,7,1017
2026,2,40,浙江大学,幽幽幽幽幽幽子,7,1020
2026,2,41,北京航空航天大学,队名长度对21(一个合数)取模,7,1024
2026,2,42,清华大学,青一色,7,1028
2026,2,43,北京大学,"我怎么可能过河卒爆零,不行不行!(※不是不可能!?)",7,1030
2026,2,44,南京大学,三只小猪,7,1053
2026,2,45,浙江大学,假如像他一样语文 130,7,1058
2026,2,46,清华大学,队对队对队,7,1085
2026,2,47,中山大学,中山大学-四字队名,7,1092
2026,2,48,北京大学,家园火锅点特辣,7,1113
2026,2,49,清华大学,从区开始的ICPC生活,7,1115
2026,2,50,武汉大学,空,7,1153
2026,2,51,北京大学,需要思考一个队名,7,1217
2026,2,52,清华大学,今年争取不卡第二题,7,1223
2026,2,53,北京大学,呆呆鸡,7,1306
2026,2,54,清华大学,重心,7,1318
2026,2,55,北京大学,超级乞丐,7,1347
2026,2,56,北京大学,爱笑的奶龙运气不会特别差,7,1351
2026,2,57,中国人民大学,霧中流星,7,1523
2026,2,58,吉林大学,故障吉奇人,6,482
2026,2,59,电子科技大学,UESTC_忒修斯之船,6,520
2026,2,60,南京大学,微软大战代码2026,6,575
2026,2,61,香港中文大学(深圳),港中深 5 队,6,591
2026,2,62,南京大学,掉进兔子洞,6,648
2026,2,63,香港科技大学,喵喵喵幼儿园,6,704
2026,2,64,复旦大学,把天赋带到东海岸,6,706
2026,2,65,西安交通大学,今晚一定要开一场了,6,711
2026,2,66,清华大学,哈吉米茵乐会,6,727
2026,2,67,东北大学秦皇岛分校,样例之外,6,732
2026,2,68,上海交通大学,蓝二乘,6,734
2026,2,69,浙江大学,"等等,啥?",6,749
2026,2,70,东南大学,皓月千里,6,765
2026,2,71,清华大学,摇奖出力,6,766
2026,2,72,北京大学,贼船,6,775
2026,2,73,清华大学,泰拉大陆打星队,6,781
2026,2,74,哈尔滨工业大学,水蓝色黎明 2,6,799
2026,2,75,香港科技大学(广州),#define long long long,6,809
2026,2,76,重庆邮电大学,点兔之家,6,823
2026,2,77,重庆大学,虫来,6,845
2026,2,78,武汉理工大学,万物一心,6,854
2026,2,79,北京大学,一只猪,6,856
2026,2,80,香港科技大学(广州),因为太怕WA就全点大模拟了,6,861
2026,2,81,清华大学,"放弃 OI 后,我在高考春暖花开",6,867
2026,2,82,北京邮电大学,不是清北一队,6,876
2026,2,83,复旦大学,AAA专业歪榜修正奶龙,6,892
2026,2,84,中山大学,中山大学-2333er,6,895
2026,2,85,厦门大学,别急等我codex重置,6,915
2026,2,86,清华大学,一粒玉米,6,924
2026,2,87,浙江大学,我把整个IOI都删掉了,6,949
2026,2,88,北京交通大学,BJTU01,6,953
2026,2,89,清华大学,进行一个象的抽,6,956
2026,2,90,四川大学,薄荷水,6,968
2026,2,91,清华大学,1+2只会A,6,990
2026,2,92,中国科学技术大学,我毫无头绪。该如何观察?该如何求解?,6,1083
2026,2,93,北京交通大学,BJTU03,6,1331
2026,2,94,北京航空航天大学,亡灵大军,5,367
2026,2,95,中山大学,中山大学-什么,5,409
2026,2,96,济南大学,花开之夜,5,410
2026,2,97,华南农业大学,SCAU_wolfcub,5,423
2026,2,98,清华大学,暂时不能给你明确的答复,5,457
2026,2,99,中国科学技术大学,蓝毛粉丝群,5,479
2026,2,100,武汉大学,凌波微步,5,492
2026,2,100,南京大学,随机过题,5,492
2026,2,102,浙江大学,猫没有通过图灵测试,5,493
2026,2,103,东北师范大学,咔咔!!!,5,508
2026,2,104,北京邮电大学,二阶堂艾玛,5,510
2026,2,105,南京大学,未命名1.cpp,5,522
2026,2,106,南京大学,系统F,5,524
2026,2,107,清华大学,铸剑,5,541
2026,2,108,南京大学,不对不对哦对的对的,5,551
2026,2,109,东南大学,旧日遗梦,5,552
2026,2,110,复旦大学,是啊吃什么,5,560
2026,2,110,香港中文大学,愛心魚蛋派,5,560
2026,2,112,哈尔滨工业大学(深圳),路边大狗疯狂撕咬,5,568
2026,2,113,南京大学,创建队伍需要有名字,5,574
2026,2,114,北京航空航天大学,不再逃避,5,576
2026,2,115,哈尔滨工业大学,水蓝色黎明 1,5,579
2026,2,116,国防科技大学,没有眼泪的明天,5,584
2026,2,117,电子科技大学,UESTC_我的思路无懈可击,5,587
2026,2,118,南京大学,警惕问题求解,5,591
2026,2,119,北京师范大学,ACM一缺二速来!!,5,593
2026,2,120,大连理工大学,这么六,5,597
2026,2,121,北京大学,怎么在高三整个活呢,5,599
2026,2,122,北京理工大学,AC:从零开始的算法竞赛人生,5,600
2026,2,123,深圳技术大学,SZTU_躲在超市后门玩原神的三人,5,604
2026,2,124,复旦大学,使题来袭╭(╯ε╰)╮AC力场全开,5,606
2026,2,124,电子科技大学,UESTC_深度睡眠,5,606
2026,2,126,西安交通大学,少女擅长正解,5,611
2026,2,126,南京大学,平流层,5,611
2026,2,128,香港中文大学(深圳),港中深 9 队,5,613
2026,2,129,南京邮电大学,njupt26team001,5,616
2026,2,129,华东师范大学,ecnu02,5,616
2026,2,131,同济大学,于离别之朝束起约定之花,5,630
2026,2,132,武汉大学,很弱的低手,5,632
2026,2,133,华中科技大学,"这个可以,别这么说",5,636
2026,2,134,北京大学,未预期行为,5,641
2026,2,135,南京大学,肆零捌,5,643
2026,2,136,南方科技大学,南方科技大学1队,5,659
2026,2,137,中国人民大学,睡眠一队,5,671
2026,2,138,中山大学,中山大学-觉睡不长队,5,679
2026,2,139,清华大学,请善待一旬老人,5,681
2026,2,140,同济大学,一月雨,5,685
2026,2,140,浙江工业大学,ZJUT1,5,685
2026,2,142,湘潭大学,xtu-1,5,686
2026,2,142,电子科技大学,UESTC_无尽相拥,5,686
2026,2,144,浙江师范大学,姜还是老的辣知道不,5,688
2026,2,145,哈尔滨工业大学,哈工大八队 2,5,690
2026,2,146,香港中文大学,"别笑,你来你也过不了test 2",5,700
2026,2,147,中央财经大学,Blinding Accepts,5,701
2026,2,148,重庆大学,CQU Flames,5,706
2026,2,149,南开大学,你一句别送我就敢往前冲,5,710
2026,2,149,哈尔滨工业大学,又到了白色相簿的季节,5,710
2026,2,151,南京航空航天大学,X?L,5,711
2026,2,152,西北工业大学,wanna be free,5,717
2026,2,153,西安交通大学,六兆年零一夜的ACM,5,718
2026,2,154,上海大学,密境行者,5,724
2026,2,155,杭州师范大学,决胜于逆转之时,5,728
2026,2,156,复旦大学,不会莫,5,729
2026,2,156,中山大学,中山大学-奶人捧腹大校新生一队,5,729
2026,2,158,东南大学,三英荟寝室,5,734
2026,2,159,华中科技大学,终帆粉丝团,5,738
2026,2,160,中国科学技术大学,王怡钧蔡俊成李俊辰代表队,5,759
2026,2,161,南京大学,"218105633,十六进制",5,763
2026,2,162,清华大学,队长说拿不了金牌就女装带我们看牛来,5,769
2026,2,162,中国人民大学,亻亻亻,5,769
2026,2,164,哈尔滨工业大学(深圳),樱桃kk,5,777
2026,2,165,清华大学,新世纪福音战队,5,791
2026,2,166,东北大学秦皇岛分校,羽歌,5,792
2026,2,167,四川大学,华西子涵,5,805
2026,2,168,南方科技大学,南方科技大学3队,5,806
2026,2,169,北京大学,AAA江西柚子批发队,5,808
2026,2,170,天津大学,永远跟榜走,5,836
2026,2,171,哈尔滨工业大学(深圳),耄已急哭,5,837
2026,2,172,中山大学,中山大学-ucup-team7102,5,855
2026,2,173,上海科技大学,羽生萌萌香鱼子酱,5,862
2026,2,174,西安工业大学,五代目—四非也有一红两橙吗,5,867
2026,2,175,中山大学,中山大学-格式化杀手,5,869
2026,2,176,复旦大学,暴力式罚时,5,873
2026,2,177,中国科学技术大学,阿卡纳伊甸,5,894
2026,2,178,哈尔滨工业大学,已深度思考5h,5,899
2026,2,179,南开大学,1mp20v3 my531f,5,900
2026,2,180,西湖大学,world.execute(me);,5,948
2026,2,181,西安交通大学,过往的画面全都是我不对,5,958
2026,2,182,华中科技大学,"君既真龙,仆安僭为",5,978
2026,2,183,南京航空航天大学,让我...把一切都忘掉吧,5,992
2026,2,184,北京大学,现充队友太多了!,5,1146
2026,2,185,广东工业大学,打ACM导致的,4,138
2026,2,186,山东理工大学,飘向北方,4,198
2026,2,187,武汉大学,种瓜得瓜 种豆得豆,4,211
2026,2,188,香港大学,今天必须取个队名,4,231
2026,2,189,复旦大学,任什么时候来,4,249
2026,2,189,清华大学,队仨,4,249
2026,2,189,上海交通大学,猛虎上山,4,249
2026,2,192,北京工业大学,铁牌也是牌,4,252
2026,2,192,上海理工大学,"桂花喝酒,小孩游泳",4,252
2026,2,194,西安交通大学,不为人知的XCPC童谣,4,263
2026,2,195,中国科学技术大学,10101100,4,282
2026,2,195,北京邮电大学,SEISHUN://NO_HACKING,4,282
2026,2,197,中南大学,中午吃什么,4,287
2026,2,197,北京大学,老兵,4,287
2026,2,199,北京航空航天大学,罗德岛驻基沃托斯冒险家协会,4,289
2026,2,200,北京航空航天大学,支持明日方舟终末地谢谢喵,4,294
2026,2,201,北京理工大学,木叶三忍,4,296
2026,2,202,东北大学,东北大学_RE:从段错误开始的主世界生活,4,298
2026,2,202,北京建筑大学,96choke,4,298
2026,2,204,大连理工大学,万业有日涅槃无枝,4,303
2026,2,205,兰州大学,風起金蘭,4,304
2026,2,206,北京邮电大学,异等小队,4,309
2026,2,207,中国人民大学,1+1,4,310
2026,2,208,华南理工大学,椰子猫物语,4,312
2026,2,209,西湖大学,出题人胆子真是肥嘟嘟的,4,313
2026,2,209,山东大学,treap粉丝团,4,313
2026,2,211,湖南科技大学,馥梦繁花,4,315
2026,2,212,北京工业大学,各位对队名有什么想法,4,319
2026,2,213,南京大学,空想花庭,4,322
2026,2,214,电子科技大学,UESTC_启发式思考,4,323
2026,2,215,长沙理工大学,长沙理工大学一队,4,325
2026,2,216,北京大学,注意到不难发现,4,326
2026,2,217,北京交通大学,BJTU02,4,327
2026,2,218,北京邮电大学,橙雨星瞳,4,332
2026,2,218,南京理工大学,njust_1,4,332
2026,2,218,同济大学,因为夏日将终,4,332
2026,2,221,武汉大学,暴力助我破鼎,4,333
2026,2,222,山东大学,电话微波炉(暂定),4,335
2026,2,223,北京大学,缘分的天空,4,338
2026,2,224,香港科技大学(广州),一点都对,4,342
2026,2,225,香港中文大学(深圳),港中深 2 队,4,346
2026,2,226,香港科技大学(广州),红鸟,4,347
2026,2,227,华南理工大学,九紫星,4,350
2026,2,228,香港中文大学(深圳),港中深 8 队,4,351
2026,2,229,武汉大学,retripeople,4,352
2026,2,230,华南师范大学,红石蔷薇,4,353
2026,2,231,四川大学,算法捕猎队,4,354
2026,2,232,哈尔滨工业大学(威海),"先生,这得花不少token",4,356
2026,2,232,西南民族大学,漆黑的噬龙者,4,356
2026,2,234,哈尔滨工业大学(深圳),溢出,4,357
2026,2,234,福州大学,惡·即·斬,4,357
2026,2,236,吉林大学,卡卡,4,358
2026,2,236,广东东软学院,此队伍未通过人机验证,4,358
2026,2,238,华中科技大学,电子白脸角鸮已被校内猛禽逮捕,4,363
2026,2,239,广东工业大学,空越之鸽,4,364
2026,2,240,湖南城市学院,acacak,4,365
2026,2,240,吉林大学,交流障碍星人,4,365
2026,2,242,同济大学,菜的 Ag 弃子队,4,368
2026,2,243,武汉纺织大学,最后一舞,4,369
2026,2,243,西安电子科技大学,猫猫劫,4,369
2026,2,245,四川大学,简易长矛烤美味焗雪梨,4,371
2026,2,245,江南大学,"本喵明明什么坏事都没干,为什么罚时越来越多了喵",4,371
2026,2,247,北京大学,瓦不,4,376
2026,2,248,西安交通大学,直到大地变成一颗酸橙,4,377
2026,2,249,北京师范大学珠海校区,安卓猫,4,378
2026,2,250,东南大学,我电脑上能跑啊,4,379
2026,2,250,大连理工大学,猫猫虫小队,4,379
2026,2,252,哈尔滨工业大学,哈工大八队 1,4,380
2026,2,253,北京航空航天大学,转人机,4,382
2026,2,253,华中科技大学,终帆,4,382
2026,2,255,复旦大学,我们取了一个得体的队名,4,383
2026,2,255,江南大学,禁忌「莱瓦汀」,4,383
2026,2,257,北京大学,再想五分钟就队,4,387
2026,2,258,四川大学,且望川行,4,388
2026,2,258,北京科技大学,北京科技大学队伍4,4,388
2026,2,258,华中科技大学,重生归来之我带着动物朋友们躺赢,4,388
2026,2,258,湖南大学,彗星蜜月,4,388
2026,2,262,华南师范大学,A 了这题就吃麦旋风,4,389
2026,2,263,西北大学,WA喵喵,4,390
2026,2,263,华东师范大学,ecnu01,4,390
2026,2,265,南京大学,kskbl,4,391
2026,2,266,西北工业大学,憧憬成为算法少女,4,393
2026,2,267,南京大学,非空集合,4,395
2026,2,268,厦门大学,我只有两岁,4,396
2026,2,268,哈尔滨工程大学,哭泣少年乐队,4,396
2026,2,268,中山大学,中山大学-无名,4,396
2026,2,271,山东大学,光陨之秋,4,397
2026,2,272,西湖大学,全糖奶西,4,401
2026,2,273,北京师范大学,无法歌唱的偶像,4,404
2026,2,273,武汉大学,永恒的武汉大学,4,404
2026,2,275,华南理工大学,爱吃麦旋风,4,417
2026,2,276,兰州大学,十二奇策,4,419
2026,2,276,厦门大学马来西亚分校,田鸡赛码,4,419
2026,2,276,西安电子科技大学,星灵追光者,4,419
2026,2,279,河南大学,灰色轨迹,4,420
2026,2,279,中国农业大学,CAU_CiAllo University,4,420
2026,2,281,东南大学,酸是盐的妈妈,4,421
2026,2,282,广州大学,老年人观光旅游团,4,422
2026,2,282,南京信息工程大学,保健班1队,4,422
2026,2,282,南京大学,问道南山,4,422
2026,2,285,中国科学技术大学,"两岸AC啼不住,代码已过WA重山",4,423
2026,2,286,南京邮电大学,njupt26team007,4,424
2026,2,287,香港理工大学,火鸟,4,427
2026,2,287,福州大学,世界翻转,4,427
2026,2,289,浙江农林大学,天依天依天,4,428
2026,2,290,中南大学,天堂鸟,4,429
2026,2,290,南京大学,!?Xterfusion?!,4,429
2026,2,292,北京化工大学,先wa带动后wa,4,430
2026,2,292,上海大学,绝对的强者由此而生的AC教会你写代码的是,4,430
2026,2,294,哈尔滨工业大学(深圳),"是啊,开什么?",4,432
2026,2,294,浙江大学,金雀花,4,432
2026,2,294,武汉大学,夜深了猪意休息,4,432
2026,2,297,深圳大学,挂机的阿凯,4,433
2026,2,297,北京航空航天大学,三鲜汉堡,4,433
2026,2,299,东南大学,西西弗斯,4,434
2026,2,299,南京信息工程大学,CF拒绝评分,4,434
2026,2,301,绍兴理工学院,讨厌字符串数论构造,4,435
2026,2,302,北京航空航天大学,蒟蒻果冻,4,436
2026,2,302,乐山师范学院,星降之海,4,436
2026,2,304,华中农业大学,擢升,4,439
2026,2,305,武汉轻工大学,臭鸡炸炸炸,4,440
2026,2,306,北京科技大学,北京科技大学队伍3,4,441
2026,2,307,复旦大学,摇椅和棉花娃娃,4,442
2026,2,307,中国人民大学,疑悟队,4,442
2026,2,307,浙江工业大学,ZJUT2,4,442
2026,2,310,河北师范大学,可燃冰红茶,4,443
2026,2,310,香港大学,WeShowSpeed,4,443
2026,2,310,山东理工大学,EOF,4,443
2026,2,313,上海交通大学,键落星辰,4,444
2026,2,314,华南理工大学,xcpc有感觉吗,4,449
2026,2,315,上海电力大学,日常与地球的画框,4,450
2026,2,316,天津工业大学,良田满穗,4,453
2026,2,317,北京邮电大学,永远别放弃,4,454
2026,2,318,西南财经大学,狼狼狼,4,455
2026,2,319,东南大学,大狗叫,4,456
2026,2,320,暨南大学,主人的命令罢了,4,457
2026,2,320,大连理工大学盘锦校区,如果只转身后退就能回到那个夏天,4,457
2026,2,322,北京大学,逃离幽蓝边界の24秒,4,458
2026,2,323,中山大学,中山大学-[二阶堂希罗-又UB了],4,460
2026,2,323,东南大学,AC不要停,4,460
2026,2,323,南京信息工程大学,旧梦新章,4,460
2026,2,326,厦门大学,厦大八队,4,461
2026,2,326,中山大学,中山大学-小馋猫,4,461
2026,2,328,东莞理工学院,今年打不到名额了,4,463
2026,2,328,上海大学,大家都是美少女,4,463
2026,2,330,吉林大学,飞鸿踏雪,4,465
2026,2,331,西安交通大学,锦筝叹,4,466
2026,2,332,四川大学,八,4,467
2026,2,333,暨南大学,梅兰竹菊松柏柳,4,470
2026,2,333,宁波大学,泥巴动物园,4,470
2026,2,333,宁波财经学院,Incredible Reversal,4,470
2026,2,336,中国矿业大学,cumt6,4,471
2026,2,337,中南大学,茶市一种烩饭,4,472
2026,2,337,浙江工业大学,ZJUT6,4,472
2026,2,339,同济大学,广铁集团,4,473
2026,2,340,河南大学,雨,4,474
2026,2,340,上海理工大学,鳄鱼伤人心,4,474
2026,2,342,湘潭大学,xtu-4,4,475
2026,2,342,同济大学,ACM里的不油腻大学生,4,475
2026,2,344,吉林大学,醉星河,4,478
2026,2,345,吉林大学,时代码戏团,4,479
2026,2,345,山东理工大学,夜航星,4,479
2026,2,347,东北大学,东北大学_take pole,4,480
2026,2,348,东北大学秦皇岛分校,我vibe队友coding,4,481
2026,2,349,蒙古国立大学(Монгол Улсын Их Сургууль),NUM-R^3,4,482
2026,2,350,国防科技大学,不见春秋,4,483
2026,2,351,北京化工大学,11408,4,485
2026,2,351,郑州大学,郑大26网络赛队伍5,4,485
2026,2,353,西安交通大学,麒麟王的心脏,4,487
2026,2,354,天津大学,找一车牛来弄你,4,489
2026,2,355,中国石油大学(华东),中石大2026,4,490
2026,2,356,暨南大学,小坤怡七,4,491
2026,2,356,重庆大学,春秋霸主,4,491
2026,2,356,北京理工大学,有点太草率了,4,491
2026,2,359,北京航空航天大学,天铸币,4,492
2026,2,359,广东东软学院,重生之大佬带我飞,4,492
2026,2,361,中国矿业大学(北京),企鹅能量,4,496
2026,2,362,同济大学,本队已被ChatGPT接管,4,498
2026,2,363,南京大学,梦中呢喃,4,499
2026,2,364,上海科技大学,"计划有变,准备冲榜",4,500
2026,2,365,西安交通大学,这是一个ACM队,4,501
2026,2,366,南开大学,京津冀一体化,4,502
2026,2,367,阳光学院,构造题毁了我的GM梦,4,503
2026,2,367,南开大学,504-大脑连接超时,4,503
2026,2,369,暨南大学,巴巴博弈论,4,504
2026,2,370,同济大学,词元跳动,4,505
2026,2,371,临沂大学,嗨喽沃德,4,506
2026,2,372,香港科技大学(广州),队了么,4,507
2026,2,372,西南科技大学,无敌奶龙,4,507
2026,2,372,西北工业大学,#N/A,4,507
2026,2,375,南昌大学,雪月花,4,508
2026,2,376,武汉大学,绝界行,4,509
2026,2,377,暨南大学,"你,去vp了吧,和我不认识的人一起",4,511
2026,2,377,中国科学院大学,寸头没事雁栖湖溜达猪,4,511
2026,2,377,武汉大学,这是一个很重要的问题,4,511
2026,2,380,华南理工大学,老登,4,513
2026,2,380,中国石油大学(华东),中石大2025,4,513
2026,2,380,同济大学,A-Priori Non-Trivial TLE,4,513
2026,2,383,中南大学,阿梓喵,4,514
2026,2,383,华中科技大学,不重要,4,514
2026,2,385,四川师范大学,一觉醒来世界算法水平下降一万倍,4,516
2026,2,385,广东金融学院,哥布林之家,4,516
2026,2,387,上海大学,退火随机模拟,4,518
2026,2,387,北京邮电大学,疑似mygo,4,518
2026,2,387,西安电子科技大学,"百花啊,请为明天绽放",4,518
2026,2,387,浙大城市学院,不如睡大觉,4,518
2026,2,391,哈尔滨工程大学,Gta: 严肃缺席,4,519
2026,2,391,西南大学,SWU-PC,4,519
2026,2,391,北京林业大学,山水树人,4,519
2026,2,394,华北理工大学,师承aori学姐,4,521
2026,2,395,浙江农林大学,我们离女队只差一个发型,4,523
2026,2,396,华东师范大学,ecnu05,4,527
2026,2,397,中国科学院大学,唉唉焦虑了,4,529
2026,2,398,北京航空航天大学,WA自动机,4,531
2026,2,398,上海交通大学,水镜,4,531
2026,2,400,山东大学(威海),进击的奶蛙,4,532
2026,2,401,河海大学,队友呢队友呢救一下啊,4,533
2026,2,402,中国人民大学,喝杯咖啡猪,4,535
2026,2,403,南开大学,2026,4,538
2026,2,403,南华大学,疯狂周六日,4,538
2026,2,403,新疆大学,逢魔时分,4,538
2026,2,406,华南理工大学,超时空辉夜姬,4,539
2026,2,406,齐鲁工业大学(山东省科学院),熟读四书五经,4,539
2026,2,408,浙江大学,没空点球,4,540
2026,2,408,香港科技大学(广州),就叫这个吧,4,540
2026,2,408,吉林大学,迷途之子,4,540
2026,2,411,西湖大学,千许别玩原神了,4,542
2026,2,412,清华大学,无旋伸展树,4,547
2026,2,413,华南农业大学,西园香引香袁茜,4,549
2026,2,413,重庆大学,次元沸腾,4,549
2026,2,415,西安理工大学,Lucky,4,550
2026,2,416,天津大学,"拼搏百天,我要上天津大学",4,552
2026,2,417,西安电子科技大学,与你AC到生命尽头,4,555
2026,2,418,四川大学,"yunoyuno,帮我生成一个ACM队名",4,556
2026,2,418,成都师范学院,成都师范学院三队,4,556
2026,2,420,哈尔滨工业大学(深圳),奶龙耄耋Doro合体,4,558
2026,2,420,香港中文大学(深圳),港中深 6 队,4,558
2026,2,422,中国科学院大学,到底对不队,4,559
2026,2,423,厦门大学,爱尔奎特布伦史塔德,4,561
2026,2,423,福州大学,"你在冷落我,又在捂热谁",4,561
2026,2,425,浙江师范大学,三世同堂,4,563
2026,2,425,湖南大学,凌空摘星,4,563
2026,2,427,华中科技大学,宁静致远,4,564
2026,2,428,江苏大学,我讨厌你,4,565
2026,2,429,北京大学,青年是常为新的,4,567
2026,2,429,福州大学,wawa碎冰冰,4,567
2026,2,431,安徽理工大学,我永远喜欢珂朵莉,4,568
2026,2,432,中国科学院大学,啥,4,569
2026,2,432,哈尔滨理工大学,2026哈理工01,4,569
2026,2,432,河北工业大学,"不需要 ap 和 aj,需要 ac",4,569
2026,2,435,中南大学,翘课后茶话会,4,570
2026,2,435,中南大学,AC自动机不会自动AC,4,570
2026,2,435,安徽工业大学,有才的香蕉,4,570
2026,2,438,郑州大学,郑大26网络赛队伍6,4,571
2026,2,439,上海科技大学,豆包豆包这题我不会,4,572
2026,2,439,湖州师范大学,给予智慧,4,572
2026,2,441,浙江理工大学,模,4,573
2026,2,441,东华理工大学,我爱玩迷你世界,4,573
2026,2,441,西北工业大学,鸣潮拯救世界,4,573
2026,2,444,北京信息科技大学,你看见我家猪了吗,4,576
2026,2,445,广东工业大学,螺旋飞升,4,577
2026,2,446,东南大学,为什么要演奏#include,4,579
2026,2,447,昆明理工大学,N.P.L.G.,4,581
2026,2,448,哈尔滨工业大学(威海),"灾厄,晚安",4,583
2026,2,448,华中科技大学,这次能报销吗,4,583
2026,2,448,华中科技大学,"我不到啊,听说有学分我就来了",4,583
2026,2,451,北京理工大学,树状数组,4,584
2026,2,451,南京大学,意何味意何意味何意,4,584
2026,2,453,江西师范大学,"焦海星烬,曜没黍栅。",4,585
2026,2,454,苏州大学,谷菇顾,4,588
2026,2,455,大连海事大学,曼波波,4,589
2026,2,456,杭州师范大学,!?你是说教练每周四让你v50报名训练赛?!,4,590
2026,2,456,上海第二工业大学,性感奶龙学长在线退役,4,590
2026,2,458,中国人民解放军网络空间部队信息工程大学,重生之我在信大,4,591
2026,2,459,河海大学,借点钱充鸣潮呗,4,594
2026,2,460,深圳大学,"其他人:奥德赛龙餐馆,我:牛来,就很...",4,596
2026,2,461,浙江工商大学,拿杯好戏2,4,598
2026,2,462,中国矿业大学,cumt0,4,599
2026,2,462,南京大学,黑骑士,4,599
2026,2,464,华中科技大学,落花辞树,4,600
2026,2,464,绍兴大学,咕咕嘎嘎,4,600
2026,2,466,上海大学,村里第一个炼丹师,4,601
2026,2,467,中国科学技术大学,晚安玛卡巴卡,4,602
2026,2,467,西华大学,三只蒟蒻牛,4,602
2026,2,469,浙江工商大学,素晴月,4,604
2026,2,470,武汉大学,呜呜 泽哥好惨,4,605
2026,2,471,燕山大学,裂骨生花,4,608
2026,2,472,山西大学,老师说有学分加就来了,4,610
2026,2,473,浙江工商大学,自定义小队,4,611
2026,2,474,杭州师范大学,这次尽欣杰力能做到吗,4,615
2026,2,475,上海师范大学,AI可写不出我这么优雅的WA代码,4,618
2026,2,475,华东师范大学,"mex {fe, cu, ag}",4,618
2026,2,477,北京航空航天大学,相模茶泡饭,4,619
2026,2,477,北京理工大学,未闻题解,4,619
2026,2,479,东南大学,Always Crash,4,620
2026,2,479,电子科技大学,UESTC_凹歪西_饭克拉布,4,620
2026,2,481,上海交通大学,复活者联盟II,4,621
2026,2,482,中国科学院大学,。!,4,622
2026,2,483,北京邮电大学,我的青春算竞物语果然有问题,4,623
2026,2,483,东南大学,独孤微波炉至上烹饪真经,4,623
2026,2,485,哈尔滨工业大学,多次元宇宙融合论,4,624
2026,2,486,华东师范大学,杉淼,4,625
2026,2,487,北京邮电大学,超时空代码姬,4,628
2026,2,487,西安电子科技大学,三角缺一,4,628
2026,2,489,东北大学秦皇岛分校,傲娇白毛____,4,629
2026,2,490,湖南财政经济学院,橙子,4,630
2026,2,491,成都信息工程大学,冰冷鼠鼠,4,633
2026,2,491,江苏大学,做就队,4,633
2026,2,493,北京航空航天大学,优雅绽放的墨染樱,4,634
2026,2,494,华南理工大学,珂朵莉和她的两个马尾,4,636
2026,2,495,西安交通大学,原神的心脏,4,637
2026,2,496,中国石油大学(华东),中石大1197,4,639
2026,2,497,东北大学,东北大学_花吹雪,4,642
2026,2,497,华中师范大学,故障达不溜故障达不故障达故障故,4,642
2026,2,499,苏州大学,木兰从军,4,645
2026,2,500,南昌理工学院,辉夜大小姐要给我告白,4,648
2026,2,501,华南师范大学,魔法子弹,4,650
2026,2,502,成都信息工程大学,还在为她患得患失吗,4,652
2026,2,502,北京师范大学,数数又学学,4,652
2026,2,502,河北工业大学,楼上能滚榜滚上去吗,4,652
2026,2,505,中国科学技术大学,某科学的ACM掌握,4,654
2026,2,506,南京邮电大学,njupt26team000,4,660
2026,2,507,华中科技大学,败犬男配,4,662
2026,2,508,东北大学,东北大学_第十六把钥匙,4,665
2026,2,508,中山大学,中山大学-布尺法师,4,665
2026,2,510,华中科技大学,飞翔的荷兰人,4,670
2026,2,511,华东师范大学,关于我们本来以为读研就能戒掉网瘾这件事,4,673
2026,2,512,南开大学,"我超,打比赛给我打好的啊",4,675
2026,2,513,长安大学,世末歌者,4,678
2026,2,514,郑州轻工业大学,石中剑,4,680
2026,2,514,暨南大学,打表数学线段树三仙人,4,680
2026,2,514,中国传媒大学,葬送的acmer与香辛料,4,680
2026,2,517,湖南理工学院,君不见高堂评测悲全WA,4,681
2026,2,517,香港科技大学(广州),AAA土豆批发钢壳厂,4,681
2026,2,519,福建理工大学,福建理工大学1队,4,685
2026,2,520,中国石油大学(华东),中石大1145,4,687
2026,2,521,华中科技大学,静雨听花,4,692
2026,2,522,吉林大学,金色心电图,4,694
2026,2,523,深圳大学,已被标记为牛弊,4,695
2026,2,523,重庆城市科技学院,ZywOᴗoಣ,4,695
2026,2,525,华东师范大学,ecnu04,4,697
2026,2,526,哈尔滨工业大学,秘术「快速傅里叶变换」,4,699
2026,2,527,河北工程大学,喵喵大王,4,705
2026,2,528,中山大学,中山大学-就叫这个叭,4,706
2026,2,529,大连理工大学,der der 龙,4,708
2026,2,530,电子科技大学,UESTC_博余丁,4,709
2026,2,531,上海科技大学,又不知道什么队,4,711
2026,2,532,山东大学,先想后写,4,714
2026,2,532,湖北工业大学,侦查你的玄学解法,4,714
2026,2,532,西南财经大学,"愿此行,终抵Final",4,714
2026,2,535,重庆邮电大学,你又WA了,4,716
2026,2,536,浙江理工大学,队友都玩原神,4,718
2026,2,537,浙大城市学院,别碰我键盘,4,723
2026,2,538,贵州大学,贵大3,4,730
2026,2,539,南开大学,阿一古,4,733
2026,2,540,香港科技大学(广州),逆序队,4,738
2026,2,541,西湖大学,自我突围,4,745
2026,2,541,河南理工大学,hpu1,4,745
2026,2,543,厦门大学,豪到你了评测姬小妹妹,4,751
2026,2,544,电子科技大学,UESTC_椒盐噪声,4,753
2026,2,545,华东交通大学,旮旯小屋,4,755
2026,2,546,武汉大学,我沒意見,4,761
2026,2,547,华南理工大学,scut resume,4,766
2026,2,548,中山大学,中山大学-铁器时代,4,767
2026,2,549,北京林业大学,CCF-A在投,4,775
2026,2,550,东北大学,东北大学_巧乐兹品味有多浓,4,780
2026,2,551,香港理工大学,M&M,4,792
2026,2,552,武汉大学,想个队名,4,794
2026,2,553,华中科技大学,直到罚时变成一颗气球,4,803
2026,2,554,南京大学,累计罚满,4,806
2026,2,555,浙江工商大学,窝这一生如绿豆冰,4,807
2026,2,556,烟台大学,拉文克劳之鹰,4,816
2026,2,557,吉林大学,皮卡丘站起来是皮卡兵,4,817
2026,2,558,延边大学,我根本不会算法我只会乱按键盘,4,818
2026,2,559,中国人民解放军网络空间部队信息工程大学,花生可,4,821
2026,2,560,山东大学,Rolling Girl,4,830
2026,2,561,宁波大学,初音未来-纳西妲-樱羽艾玛第一可爱喵,4,836
2026,2,562,电子科技大学,UESTC_抹茶芭菲,4,837
2026,2,563,福州大学,"要多少题过多少题的我只过了签到,因为其他的要不起",4,847
2026,2,564,青岛大学,第二文艺部,4,849
2026,2,565,北京航空航天大学,龙乃帝王之征,4,870
2026,2,566,东华大学,不可视猫猫虫,4,896
2026,2,567,浙江师范大学,就算只有1/1000000 的希望,4,897
2026,2,568,北京化工大学,死锁,4,904
2026,2,569,南开大学,月之暗面六点零,4,963
2026,2,570,南京理工大学,njust_2,3,109
2026,2,571,东南大学,猫土上的星罗班,3,136
2026,2,572,华南农业大学,大哥我们能进final吗,3,147
2026,2,573,温州医科大学,wmu-B,3,162
2026,2,574,集美大学,桥,3,165
2026,2,575,西南交通大学,"SWJTU-长存不灭的过去,逐渐消逝的未来",3,169
2026,2,576,东华大学,福音摇滚,3,172
2026,2,577,湖南大学,段正确,3,177
2026,2,578,南京航空航天大学,一百六十八AC你的签到题,3,178
2026,2,578,湖南工业大学,三星铜牌,3,178
2026,2,580,重庆移通学院,WAngelion: Wings of theve,3,180
2026,2,580,浙大宁波理工学院,宁波理工3队,3,180
2026,2,582,南京航空航天大学,预测者,3,181
2026,2,582,长春理工大学,将牛来错认成牛客娘的我痛呼打错了,3,181
2026,2,584,福建理工大学,福建理工大学3队,3,184
2026,2,585,同济大学,智商测试真实吗,3,185
2026,2,586,北京邮电大学,三只企鹅,3,186
2026,2,587,湘潭大学,xtu-2,3,190
2026,2,588,合肥工业大学宣城校区,hfutxc001,3,191
2026,2,589,江西农业大学,领航者,3,192
2026,2,590,南京航空航天大学,HR自动机,3,195
2026,2,591,香港中文大学(深圳),港中深 3 队,3,197
2026,2,591,中国民航大学,爆零小子,3,197
2026,2,593,中山大学,中山大学-请不要带走AC,3,200
2026,2,594,东北大学,东北大学_不放橙汁不放盐放酱肘子,3,201
2026,2,595,宁波大学,时间紧任务重,3,202
2026,2,596,青岛科技大学,青稞一队,3,204
2026,2,597,北京理工大学,0xAC,3,205
2026,2,598,北京化工大学,一曲红绡不知数,3,208
2026,2,598,电子科技大学,UESTC_沉思的奶龙,3,208
2026,2,600,华南理工大学,某科学的一发AC,3,213
2026,2,600,浙大城市学院,AC控,3,213
2026,2,602,中南大学,从零开始的Wa生活,3,215
2026,2,603,广东技术师范大学,奶龙,3,220
2026,2,604,江西师范大学,谁还有多余Token,3,221
2026,2,604,合肥工业大学宣城校区,最后留下的路标,3,221
2026,2,606,南京晓庄学院,竭尽全力研发贪心板子,3,229
2026,2,607,南京大学,逐星,3,232
2026,2,608,华南理工大学,香草抹茶冰淇零,3,233
2026,2,609,东华大学,天堂调查兵团No.179377,3,235
2026,2,610,南京信息工程大学,life game,3,240
2026,2,611,西湖大学,稀糊大学,3,241
2026,2,612,西南科技大学,***,3,242
2026,2,613,北京工业大学,这是一个队名,3,243
2026,2,614,哈尔滨工业大学(深圳),样例过了就是过了,3,245
2026,2,615,山东大学,不知道哇,3,247
2026,2,616,广东工业大学,同余方程组,3,248
2026,2,617,哈尔滨工程大学,普通热心市民,3,249
2026,2,618,上海科技大学,打 acm 都是图领奖,3,250
2026,2,618,成都大学,Amore,3,250
2026,2,618,衡水学院,衡水学院一队,3,250
2026,2,621,香港科技大学,许愿是要付出代价的,3,254
2026,2,621,东北林业大学,东林1队,3,254
2026,2,623,郑州商学院,牛圈沟,3,255
2026,2,623,湖南师范大学,HUNNU06,3,255
2026,2,623,江西师范大学,我没招了,3,255
2026,2,626,郑州轻工业大学,NoTitle,3,256
2026,2,626,浙江师范大学,欸?云朵!,3,256
2026,2,626,台州学院,"三个键盘手怎么可能组乐队,不行不行!(※不是不可能!?)",3,256
2026,2,626,浙江科技大学,这个真好吃nya,3,256
2026,2,630,华南理工大学,我WA故我在,3,257
2026,2,630,山东大学(威海),ACM笑传之冲冲榜,3,257
2026,2,632,西南石油大学,接地,3,258
2026,2,633,上海交通大学,观澜,3,259
2026,2,634,福建师范大学,你要吃橙子吗?,3,260
2026,2,634,曲阜师范大学,罚时畅吃,3,260
2026,2,636,中国矿业大学,cumt1,3,262
2026,2,637,北京林业大学,赛博护林猿,3,263
2026,2,638,深圳大学,WA了我吃字典树,3,264
2026,2,638,宁波工程学院,未完成,3,264
2026,2,640,浙江万里学院,终将成为你,3,265
2026,2,640,南昌大学,前湖奶龙,3,265
2026,2,642,西南交通大学,SWJTU-空气浊化器,3,266
2026,2,642,上海大学,创造性AC,3,266
2026,2,644,香港中文大学(深圳),港中深 4 队,3,268
2026,2,644,中原工学院,WRD,3,268
2026,2,646,云南大学,不许欺负小奶蛙,3,271
2026,2,647,中国科学技术大学,名侦探科男,3,272
2026,2,647,广东工业大学,呜哇,3,272
2026,2,649,南京师范大学,三个取名高手最后一舞,3,273
2026,2,649,吉林大学,悲怆,3,273
2026,2,649,华中农业大学,不抛弃不放弃🌹🌹🌹,3,273
2026,2,652,长安大学,马兰比吉,3,274
2026,2,652,江苏科技大学,大狗叫横扫哈基米,3,274
2026,2,654,同济大学,上海市第一信息化建筑施工队,3,275
2026,2,655,南京信息工程大学,水豚噜噜,3,276
2026,2,656,广州大学,无条件相信峰神,3,277
2026,2,656,宁波大学,我能说什么,3,277
2026,2,658,哈尔滨工业大学(深圳),惊天三条区,3,278
2026,2,658,山东大学,???,3,278
2026,2,660,成都信息工程大学,帝企鹅,3,279
2026,2,660,大连民族大学,我们太菜了,3,279
2026,2,662,山东师范大学,最后亿舞,3,280
2026,2,663,广东工业大学,三只咕嘎,3,281
2026,2,664,南京林业大学,最后二舞,3,282
2026,2,665,哈尔滨工业大学(深圳),绿题队,3,283
2026,2,665,江西财经大学,没脸见人,3,283
2026,2,665,浙大宁波理工学院,宁波理工6队,3,283
2026,2,668,南京邮电大学,njupt26team002,3,285
2026,2,669,吉林大学,帮我开下A103,3,286
2026,2,670,华南农业大学,三个键盘手也能组乐队吗,3,289
2026,2,670,苏州科技大学,为什么你会这么熟练啊!,3,289
2026,2,670,河南工程学院,南苑一队,3,289
2026,2,673,山东科技大学,渡鸦号,3,290
2026,2,673,合肥工业大学,合工大2603,3,290
2026,2,675,北京工业大学,请输入文本,3,292
2026,2,675,上海海事大学,放学后Algorithm Time,3,292
2026,2,677,西北工业大学,define int long long,3,293
2026,2,677,上海海洋大学,我是一只不爱亲近人的高傲小猫,3,293
2026,2,679,哈尔滨工业大学(深圳),小青虫,3,294
2026,2,680,北方工业大学,已命名。,3,295
2026,2,681,浙江工业大学,ZJUT3,3,298
2026,2,682,哈尔滨工业大学(威海),全交给运气了,3,299
2026,2,682,山东科技大学,鹰号,3,299
2026,2,682,湖南科技大学,三区兄弟,3,299
2026,2,682,南京师范大学,外院弟子会梦见icpc吗,3,299
2026,2,682,宁波大学,本质高手,3,299
2026,2,687,宁波职业技术大学,xyl go work,3,300
2026,2,687,河北师范大学,镇北皇,3,300
2026,2,689,浙江师范大学,别小看大三难铜的羁绊啊!,3,305
2026,2,689,南方科技大学,南方科技大学2队,3,305
2026,2,691,哈尔滨工业大学(威海),下发一定,3,306
2026,2,692,北师香港浸会大学,AC or AI,3,307
2026,2,693,苏州大学,一周一次抢下队友机子的那些事,3,308
2026,2,693,安徽师范大学,天天ac,3,308
2026,2,693,海南大学,找一车牛来弄你,3,308
2026,2,696,南京理工大学,njust_10,3,309
2026,2,697,中国石油大学(华东),中石大3827,3,310
2026,2,697,同济大学,请输入文本,3,310
2026,2,699,南京航空航天大学,没想法,3,312
2026,2,699,东北大学秦皇岛分校,队友别写Dijkspfa了,3,312
2026,2,699,东南大学,请输入文本,3,312
2026,2,702,西北工业大学,Any Ideas,3,313
2026,2,703,浙江万里学院,万里 inf 队,3,314
2026,2,704,南京理工大学,njust_3,3,315
2026,2,704,广西大学,王从天降,3,315
2026,2,706,厦门大学,厦大五队,3,316
2026,2,706,河南大学,河南人会飞,3,316
2026,2,708,江西师范大学,All-Killed,3,317
2026,2,708,北京工业大学,别催了在调了,3,317
2026,2,710,成都大学,世界线变动,3,318
2026,2,711,哈尔滨理工大学,2026哈理工05,3,321
2026,2,712,西南民族大学,新王朝,3,322
2026,2,713,电子科技大学,UESTC_泰拉马桶,3,323
2026,2,714,河南理工大学,SET HPU='Au';,3,324
2026,2,714,长春理工大学,炒鸡无敌旋风霹雳犬,3,324
2026,2,716,成都信息工程大学,倒带,3,326
2026,2,716,安徽大学,三条区花两天想一个队名结果输出〇个字,3,326
2026,2,716,赣东学院,世界遗忘我,3,326
2026,2,716,重庆邮电大学,南山猪咪队,3,326
2026,2,720,福建师范大学,白林尽默,3,327
2026,2,720,中央民族大学,愿此行终抵繁星,3,327
2026,2,722,河北工业大学,少打音游多读书,3,328
2026,2,722,电子科技大学,UESTC_无限轮回,3,328
2026,2,724,南京航空航天大学,彩的没编了,3,329
2026,2,724,温州大学,炫彩猫猫,3,329
2026,2,724,南京理工大学,njust_5,3,329
2026,2,724,中国矿业大学,cumt9,3,329
2026,2,728,苏州大学,鼠大的膽子真是肥嘟嘟的,3,330
2026,2,729,福州大学,没想好,3,331
2026,2,730,东华大学,不可视境界线,3,332
2026,2,731,南京邮电大学,njupt26team010,3,335
2026,2,731,中国计量大学,(◣ ‸ ◢)哈!,3,335
2026,2,733,山东理工大学,无尽能源,3,336
2026,2,734,南京航空航天大学,1+1+1,3,338
2026,2,734,福州大学,千鳥,3,338
2026,2,736,西南大学,莴趣不枣说,3,340
2026,2,737,浙江农林大学,ai取一个,3,341
2026,2,737,广东工业大学揭阳校区,和队友关闭思维流同步了,3,341
2026,2,739,深圳大学,样例过++,3,342
2026,2,740,郑州轻工业大学,轻度睡眠,3,343
2026,2,740,山东大学,超时空 AC 姬,3,343
2026,2,740,中国海洋大学,Auntitled,3,343
2026,2,740,中国传媒大学,不对也队,3,343
2026,2,744,西北工业大学,众神眷恋的幻想乡,3,344
2026,2,745,山东大学,sduteam002,3,345
2026,2,745,河海大学,关于我转生成acm蒟蒻这件事,3,345
2026,2,747,中国科学技术大学,蓝眼泪,3,347
2026,2,747,深圳大学,想要江莉大人的膝枕,3,347
2026,2,747,湖南大学,星之律动,3,347
2026,2,747,电子科技大学中山学院,赛时总有神秘优化,3,347
2026,2,751,香港科技大学(广州),葬送的罚时,3,348
2026,2,752,中国民航大学,空指针指向我的心,3,349
2026,2,752,河南财经政法大学,板藤苔藓玉米队,3,349
2026,2,754,中山大学,中山大学-古希腊掌管罚时的神,3,351
2026,2,755,兰州大学,樱井鹿初雪,3,356
2026,2,755,香港城市大学(东莞),老鼠洗完头,3,356
2026,2,755,西安邮电大学,XUPT1,3,356
2026,2,755,沈阳化工大学,风行,3,356
2026,2,759,浙江师范大学,当心队友,3,357
2026,2,760,北京航空航天大学,你染上四暗刻了,3,358
2026,2,760,安徽师范大学,天码行空,3,358
2026,2,762,香港科技大学,Set & Tree,3,359
2026,2,762,福建师范大学,福建旅行团,3,359
2026,2,762,北京交通大学,BJTU04,3,359
2026,2,765,东南大学,巧乐兹爱跑步,3,360
2026,2,766,广东金融学院,燃烧精血也要AK,3,362
2026,2,766,江西财经大学,别开香槟开早了,3,362
2026,2,768,湖南理工学院,震撼首发,3,363
2026,2,768,中国地质大学(武汉),#define int long long,3,363
2026,2,770,武汉理工大学,又到了WA的季节,3,364
2026,2,771,东北大学,东北大学_落叶归根,3,365
2026,2,772,国防科技大学,科大四队,3,366
2026,2,773,中国民航大学,"我需要力量,更强的力量",3,367
2026,2,774,北京语言大学,码上飞升,3,369
2026,2,775,中国人民大学,这队名真难取,3,371
2026,2,775,浙江工业大学,ZJUT5,3,371
2026,2,777,哈尔滨工业大学,哈德曼的妖怪少女 1,3,374
2026,2,777,杭州师范大学,Empty_Sky,3,374
2026,2,777,嘉应学院,低破西科搜索鱼片只会出现食物,3,374
2026,2,780,常州大学,404name,3,375
2026,2,780,浙大城市学院,判定线飞出评测机,3,375
2026,2,782,东北大学,东北大学_虚无小姐,3,376
2026,2,782,上海师范大学,"小来啃老,老来啃小",3,376
2026,2,782,浙大城市学院,偏差认知了,3,376
2026,2,785,江西财经大学,CS_关注哔站红烧猪猪头谢谢喵,3,378
2026,2,785,长春理工大学,天道酬勤,3,378
2026,2,787,山东建筑大学,大明湖水怪,3,380
2026,2,787,上海大学,天天开心,3,380
2026,2,787,福州大学,打ACM不能AC只能打M,3,380
2026,2,787,广西大学,队名WA2了,3,380
2026,2,791,暨南大学,无球六不改名,3,381
2026,2,792,厦门大学,厦大六队,3,382
2026,2,792,中国地质大学(北京),榜多力:一次埋够!!!!!,3,382
2026,2,792,吉利学院,哈吉利哟难买绿豆,3,382
2026,2,792,同济大学,一斩,3,382
2026,2,796,江苏科技大学,江科大十三队,3,383
2026,2,797,哈尔滨工业大学(威海),劳大我发现网络流是O1的,3,384
2026,2,797,合肥大学,AnywayPassSample,3,384
2026,2,797,新疆大学,红烧基米饭,3,384
2026,2,800,湖南大学,randomseed42,3,385
2026,2,801,东北大学秦皇岛分校,压线起队名,3,386
2026,2,801,内蒙古大学,等我长小了也要打OI,3,386
2026,2,801,浙大城市学院,灰化肥挥发会发黑,3,386
2026,2,804,深圳大学,忘我之境,3,387
2026,2,804,齐鲁工业大学(山东省科学院),冬日狂想曲,3,387
2026,2,804,成都锦城学院,牛来,3,387
2026,2,807,南京邮电大学,njupt26team015,3,388
2026,2,808,复旦大学,看我黑客快读,3,389
2026,2,808,安徽师范大学,小鸟游六花说的都队,3,389
2026,2,810,衡阳师范学院,会赢的,3,390
2026,2,810,四川大学,你一句别送我就罚五分钟,3,390
2026,2,810,香港中文大学,放學後飲茶時間!!,3,390
2026,2,810,宁波大学,养生有机菜按住W开始创造性AC,3,390
2026,2,814,郑州大学,郑大26网络赛队伍13,3,391
2026,2,815,中南财经政法大学,千恋万 WA,3,392
2026,2,815,浙江工商大学,和溢位,3,392
2026,2,817,香港大学,五条牢师,3,393
2026,2,817,湖北工业大学,我想到了一个O(玄学)的解法,3,393
2026,2,817,南开大学,《中文》~SomeEnglish,3,393
2026,2,817,广东工业大学,DJ.皇牌梦之队,3,393
2026,2,821,成都大学,抱走Sakura的小黄鸭,3,394
2026,2,821,苏州大学,AC自动姬,3,394
2026,2,821,西安欧亚学院,紧闭的恋之瞳,3,394
2026,2,824,哈尔滨工业大学,哈德曼的妖怪少女 2,3,396
2026,2,824,东华理工大学,零基础老登10086队,3,396
2026,2,826,华中农业大学,凭什么遗憾留给我,3,397
2026,2,827,西南大学,我需要一个队名,3,398
2026,2,827,河南师范大学,样例过了就是过了,3,398
2026,2,827,重庆邮电大学,藍二橋,3,398
2026,2,830,华南师范大学,沉默懦弱错过成长生命幸福无垠无尽无央,3,399
2026,2,830,安徽大学,老大我们这样真的能骗到报销吗,3,399
2026,2,832,上海海洋大学,"清澈抱抱香香喵,清澈狼狼不要喵",3,401
2026,2,832,嘉应学院,我们的胆子真是肥嘟嘟的,3,401
2026,2,832,南京信息工程大学,今天几题下班玩原神,3,401
2026,2,835,扬州大学,四重奏,3,402
2026,2,835,东南大学,兔头博士不会梦到阿米娅学妹,3,402
2026,2,835,山东科技大学,兰树号,3,402
2026,2,838,广东海洋大学,轻松铁之,3,403
2026,2,839,中国科学技术大学,头脑特工队,3,404
2026,2,839,山东大学(威海),面向样例编程队,3,404
2026,2,839,西安电子科技大学,电铸币,3,404
2026,2,842,哈尔滨工程大学,Sky,3,405
2026,2,843,河海大学,某科学的AC自动机,3,407
2026,2,843,中国科学院大学,来只奶龙,3,407
2026,2,843,北京交通大学,BJTU05,3,407
2026,2,843,武汉大学,GDB It's MyGO,3,407
2026,2,847,华北水利水电大学,绷住别WA,3,408
2026,2,847,杭州师范大学,康楚溪康楚薇一下就过了,3,408
2026,2,849,深圳大学,队名跑丢了,3,409
2026,2,849,华东师范大学,打ACM但是AC不了只剩M,3,409
2026,2,849,宁波财经学院,算法予救赎,3,409
2026,2,852,深圳职业技术大学,薇欧拉是好女孩,3,410
2026,2,853,湘潭大学,xtu-3,3,411
2026,2,853,中国传媒大学,泥船大战代码分 30 亿 error,3,411
2026,2,853,香港城市大学(东莞),Fairy Blue,3,411
2026,2,856,香港科技大学(广州),让我想想,3,412
2026,2,857,中国人民大学,汪汪队,3,413
2026,2,857,浙江科技大学,哦齁齁齁,3,413
2026,2,859,韶关学院,可是雾月真的好可爱,3,414
2026,2,859,南昌航空大学,直到ICPC变成一个猫娘,3,414
2026,2,861,西安电子科技大学,鸡鸡鸡鸡鸡鸡鸡,3,415
2026,2,862,阿坝师范学院,南蛮入侵,3,416
2026,2,863,香港科技大学(广州),这个队名挺好,3,417
2026,2,864,河海大学,轻飘飘时间,3,418
2026,2,864,南阳理工学院,豪情在天,3,418
2026,2,866,香港科技大学(广州),希望暴力能队,3,419
2026,2,867,深圳大学,十余年玩游戏创未来,3,420
2026,2,867,江西财经大学,CS_喜欢只是错觉,3,420
2026,2,867,山东农业大学,人闲桂花落,3,420
2026,2,867,浙江农林大学,利群与青岛不如利兹与青鸟,3,420
2026,2,871,昆山杜克大学,昆杜三队,3,423
2026,2,872,北京化工大学,再飞行,3,424
2026,2,872,西华师范大学,"鄙人者三,末之届也",3,424
2026,2,874,南昌大学,前湖曼巴,3,425
2026,2,875,湖南大学,宵暗花火,3,426
2026,2,876,湖南农业大学,喝生椰就不会拿铁咯,3,427
2026,2,876,哈尔滨工业大学,有哪些优秀的 ACM 队名,3,427
2026,2,876,北方工业大学,我为什么坐在这里,3,427
2026,2,879,安阳工学院,零域沉析,3,428
2026,2,879,哈尔滨工业大学(深圳),牛莱人形,3,428
2026,2,879,浙江师范大学,"官炷溚裶喵 , 瘝拀溚",3,428
2026,2,882,南京邮电大学,njupt26team021,3,429
2026,2,882,南京工业大学,NJTECH1,3,429
2026,2,882,泉州师范学院,强强强联合,3,429
2026,2,882,浙江科技大学,这得拿不少AC先生,3,429
2026,2,886,南京邮电大学,njupt26team004,3,430
2026,2,886,暨南大学,勇敢牛牛不怕困难,3,430
2026,2,888,合肥工业大学,合工大2606,3,431
2026,2,888,广东工业大学,循序渐进,3,431
2026,2,890,河南大学,果宝三剑客,3,433
2026,2,890,浙江农林大学,蛋仔派队,3,433
2026,2,890,中国传媒大学,图南,3,433
2026,2,890,中国传媒大学,嗷呜呜呜,3,433
2026,2,894,东华大学,我依然是世一码,3,434
2026,2,895,惠州学院,三个键盘手也要组乐队,3,435
2026,2,895,滁州学院,这里不让睡觉,3,435
2026,2,897,太原科技大学,"小猫想要,小猫得到",3,436
2026,2,897,西安电子科技大学,水赛不发力,3,436
2026,2,897,苏州工学院,超级地球真理部,3,436
2026,2,900,哈尔滨工程大学,Destined for xxx,3,437
2026,2,900,同济大学,没想好,3,437
2026,2,902,无锡学院,哒哒哒哒哒,3,438
2026,2,903,安阳工学院,自动ac机,3,439
2026,2,903,广州大学,宵宫流萤,3,439
2026,2,905,四川大学,队名已被占用,3,440
2026,2,905,湖南科技大学,无向图,3,440
2026,2,907,北京航空航天大学,来打一辈子算法竞赛吧,3,442
2026,2,908,华南理工大学,评测姬你醒醒啊,3,444
2026,2,908,南昌理工学院,夜来风雨声,3,444
2026,2,910,上海纽约大学,紫麒麟,3,445
2026,2,910,中国科学院大学,组一辈子乐队,3,445
2026,2,910,河南师范大学,我不是起名大师,3,445
2026,2,913,江西财经大学,CS_200g 金牌和铁牌哪个更重,3,447
2026,2,914,江南大学,找一车牛来弄你,3,449
2026,2,915,华中科技大学,黄叶换秋色,3,450
2026,2,916,吉林大学,吉林大学有空调了就很...队,3,451
2026,2,917,湖北大学,HUBU01,3,452
2026,2,918,上海纽约大学,王者归来,3,453
2026,2,918,长春工业大学,"AC树上AC果,AC树下WrongAnswer",3,453
2026,2,920,河南农业大学,零一之间,3,454
2026,2,920,郑州轻工业大学,三重肯定,3,454
2026,2,920,北京工业大学,啊对对对,3,454
2026,2,923,江西师范大学,"你一句别怂,我就敢往前冲",3,455
2026,2,923,山东大学(威海),俺要学猛虎下山,3,455
2026,2,925,华南理工大学,队名难起?!?起难名队,3,457
2026,2,926,浙江广厦建设职业技术大学,东阳大学A队,3,458
2026,2,927,天津大学,天津ag超狼队,3,459
2026,2,927,湖南大学,三枪队,3,459
2026,2,929,中国计量大学,青春咕咕嘎嘎遇不到红名学姐,3,460
2026,2,930,长春理工大学,三小只只会打暴力,3,462
2026,2,930,浙江工商大学,404隐藏,3,462
2026,2,932,北京科技大学,北京科技大学队伍6,3,463
2026,2,933,郑州师范学院,我是凑企鹅,3,464
2026,2,933,浙江理工大学,罚时仙人,3,464
2026,2,933,浙江工业大学,ZJUT10,3,464
2026,2,933,电子科技大学,UESTC_沙河战舰,3,464
2026,2,933,河南牧业经济学院,人生南北多歧路,3,464
2026,2,938,吉林大学,心如止水,3,465
2026,2,939,新疆大学,晨曦初启,3,466
2026,2,939,同济大学,YE5 or N0,3,466
2026,2,939,新疆大学,飞出迷楼,3,466
2026,2,942,苏州工学院,超级卡比猎人队,3,467
2026,2,943,中国科学技术大学,建行行长队,3,468
2026,2,943,惠州学院,雷霆苦力怕,3,468
2026,2,943,西南交通大学,SWJTU-巴巴博弈,3,468
2026,2,943,哈尔滨理工大学,2026哈理工02,3,468
2026,2,947,河南师范大学,彩云归,3,469
2026,2,948,山东财经大学,吮指原味鸡,3,470
2026,2,948,广东工业大学,星光,3,470
2026,2,950,哈尔滨工程大学,深蓝书签+奖励+拓锐斯特,3,473
2026,2,950,武汉科技大学,我们仍未知道那天想出的绝世好队名,3,473
2026,2,950,北京电子科技学院,来自瓦纳海姆『带我飞去你的身旁放声地歌唱』,3,473
2026,2,950,海南大学,峰城大学算法竞赛同好会,3,473
2026,2,950,山东师范大学,爆零就去玩三角洲,3,473
2026,2,955,广东技术师范大学,耐龙,3,474
2026,2,956,电子科技大学,UESTC_签早爱赢,3,475
2026,2,957,深圳大学,为什么我不是唐小菲,3,476
2026,2,958,山东师范大学,评测机压力测试队,3,478
2026,2,959,重庆大学,超暴力,3,479
2026,2,959,河南科技大学,数年未能打出名额今年有希望吗,3,479
2026,2,961,武汉大学,"long,可是帝王之征啊",3,480
2026,2,962,福州大学,爆炎魔法,3,481
2026,2,963,重庆大学,三个摆子也能打ACM吗,3,482
2026,2,964,华南理工大学,走地鸡能 AC,3,483
2026,2,964,中国计量大学,"兄弟,该你们拿牌了",3,483
2026,2,966,华南师范大学,如果星星能记得布宜诺斯艾利斯的永恒黄昏,3,484
2026,2,967,郑州工商学院,四小时下班2,3,486
2026,2,968,东北大学秦皇岛分校,曼波大战哈姆莱特我真的能拿到牌子吗不如睡大觉,3,490
2026,2,969,江西软件职业技术大学,朗朗晴天,3,491
2026,2,970,西安电子科技大学,憧憬成为ACM少女,3,493
2026,2,971,同济大学,同济在coding,3,496
2026,2,971,江西理工大学,吃包辣条再打A,3,496
2026,2,973,天津科技大学,魔都咔咔,3,499
2026,2,973,兰州大学,辘辘饥肠,3,499
2026,2,975,武汉理工大学,请问我们是已经教到stl了吗,3,504
2026,2,976,重庆工商大学,我都可以,3,505
2026,2,977,南京理工大学,njust_4,3,506
2026,2,978,广西大学,可问春风,3,509
2026,2,979,广州华商学院,GZHSC01,3,511
2026,2,980,重庆邮电大学,算法小区,3,513
2026,2,981,蒙古国立大学(Монгол Улсын Их Сургууль),NUM-MNM,3,516
2026,2,981,青岛农业大学,魔仙堡,3,516
2026,2,983,山东大学,梦想家,3,518
2026,2,983,苏州大学,WillToGlory,3,518
2026,2,983,东南大学,玩舟玩的,3,518
2026,2,983,浙江工业大学,ZJUT4,3,518
2026,2,987,江西师范大学,Flawed_Jade,3,520
2026,2,988,中北大学,宇宙超级无敌暴龙战士(已黑化),3,521
2026,2,988,湖南科技大学,逾界行者,3,521
2026,2,990,华南师范大学,"你,去打xcpc了对吧,和我不认识的人一起",3,522
2026,2,991,华南农业大学,Ciallo的每一天,3,523
2026,2,991,西南科技大学,暗之三奶龙,3,523
2026,2,993,上海科技大学,秋风之墩号,3,524
2026,2,993,浙江农林大学,不怡喵粉丝团二队,3,524
2026,2,995,东北大学,东北大学_大脑未响应,3,525
2026,2,996,中国科学技术大学,妮可蜗壳,3,526
2026,2,997,西安理工大学,CF乞丐,3,527
2026,2,998,西安工业大学,"复杂度能飞,TLE才对,暴力就是美",3,528
2026,2,999,电子科技大学,UESTC_且到夜之城,3,529
2026,2,1000,南昌航空大学,奶龙的结合:反悔,3,530
2026,2,1001,南阳理工学院,H神酱味大鸡,3,532
2026,2,1001,湖南涉外经济学院,赵记刘肉炒虞,3,532
2026,2,1003,湖南工业大学,艺吕扬帆,3,533
2026,2,1004,华中科技大学,连点成线,3,535
2026,2,1004,佛山大学,我的刀盾,3,535
2026,2,1006,台州学院,想法大于代码,3,536
2026,2,1007,江西师范大学,若能化作MengFish,3,539
2026,2,1007,香港科技大学(广州),一发入魂,3,539
2026,2,1009,南京邮电大学,njupt26team020,3,540
2026,2,1010,兰州大学,123,3,541
2026,2,1011,南昌大学,前湖雪峰,3,543
2026,2,1012,青岛科技大学,不吃罚时,3,545
2026,2,1012,成都理工大学,鸟之诗,3,545
2026,2,1014,燕山大学,封闭世界,3,547
2026,2,1014,吉林大学,幻想乡自动机,3,547
2026,2,1016,四川大学,渡川,3,550
2026,2,1017,四川农业大学,我们有铁牌,3,554
2026,2,1018,河南科技学院,再解一题就走,3,557
2026,2,1018,中国人民公安大学,泡泡酥脆,3,557
2026,2,1020,广州大学,兔已着陆!,3,559
2026,2,1020,上海大学,奶龙杀手,3,559
2026,2,1022,江西师范大学,asdfghjkl;,3,562
2026,2,1023,山东理工大学,聪明人鱼和人类,3,563
2026,2,1024,安徽信息工程学院,世一区,3,565
2026,2,1024,浙江师范大学,重生之我带着猫猫打ACM,3,565
2026,2,1026,香港城市大学(东莞),队长写的下等码,3,566
2026,2,1027,河南理工大学,这题目前没想法,3,567
2026,2,1027,中国计量大学现代科技学院,一切都是命运石之门的选择,3,567
2026,2,1029,深圳技术大学,SZTU_写的不队,3,568
2026,2,1030,河南师范大学,吴劭鹏,3,575
2026,2,1031,浙江师范大学,大狗嚼俱乐部,3,576
2026,2,1032,陕西师范大学,一个队名,3,579
2026,2,1033,深圳北理莫斯科大学,深北莫2队,3,582
2026,2,1034,浙江广厦建设职业技术大学,东阳大学B队,3,584
2026,2,1035,浙江农林大学,数组又开小了,3,585
2026,2,1036,中国地质大学(北京),永远不超时辉夜姬,3,587
2026,2,1037,西南科技大学,西南科技大小默认队名,3,588
2026,2,1038,浙江科技大学,看不懂英文,3,591
2026,2,1039,湘潭大学,xtu-5,3,593
2026,2,1040,武汉科技大学,交题胆子肥嘟嘟的,3,594
2026,2,1041,合肥工业大学宣城校区,打一半队友丢包撤了,3,595
2026,2,1042,香港中文大学(深圳),港中深 1 队,3,597
2026,2,1043,国防科技大学,一支队伍,3,604
2026,2,1044,武汉理工大学,少女周末旅行,3,606
2026,2,1045,西南交通大学,SWJTU-奶蛙,3,607
2026,2,1046,上海纽约大学,上纽1队,3,613
2026,2,1047,吉林大学,菜吉互啄,3,616
2026,2,1048,湖北经济学院,AC三问,3,618
2026,2,1049,东华理工大学,灌注塔菲喵,3,621
2026,2,1050,西南石油大学,罗哥带我飞,3,624
2026,2,1050,西南科技大学,小奶龙,3,624
2026,2,1052,北京航空航天大学,愿算法竞赛没有数串题,3,631
2026,2,1053,集美大学,ac进行时,3,636
2026,2,1054,南昌航空大学,究竟是谁开的桂,3,638
2026,2,1055,东南大学,羲和算尺,3,643
2026,2,1056,南阳理工学院,再 wa 一发,3,649
2026,2,1057,江西财经大学,CS_阳光彩虹不白码,3,652
2026,2,1058,吉林大学,告白氧球,3,658
2026,2,1059,西北大学,队名被打回队,3,667
2026,2,1059,澳门城市大学,三条悟,3,667
2026,2,1061,井冈山大学,等我再a一道,3,676
2026,2,1062,武汉工程大学,AC誓约,3,677
2026,2,1063,湖南师范大学,HUNNU05,3,689
2026,2,1064,中国人民解放军网络空间部队信息工程大学,不知道叫什么队,3,747
2026,2,1065,浙江育英职业技术学院,胡旌喵ฅ(*`ω ́*)ฅ,3,778
2026,2,1066,福州外语外贸学院,宇宙无敌霹雳雷霆爆炸第一草莓蛋糕,3,779
2026,2,1067,南京邮电大学,njupt26team013,3,806
2026,2,1068,成都理工大学,红名很难吗我DXrating7000,3,849
2026,2,1069,江西农业大学,砂糖橘看日出,3,856
2026,2,1070,山东大学,菜鸡勿虐,3,1077
2026,2,1071,青岛理工大学,凡事皆是虚空,3,1131
2026,2,1072,江西财经大学,酱菜一队,2,39
2026,2,1072,北京林业大学,WA学弟,2,39
2026,2,1074,深圳大学,ClaudeCodeBuddy,2,41
2026,2,1075,河北科技大学,歪比巴布 Thinking,2,45
2026,2,1076,南开大学,在此输入队名,2,49
2026,2,1077,南京工程学院,队名生成中,2,50
2026,2,1078,陕西师范大学,昼夜恒星落在每页窗外永恒永远,2,52
2026,2,1079,南京师范大学,青春两脚牛来不会梦见建筑风豹拉,2,53
2026,2,1080,浙江农林大学,placeholder,2,54
2026,2,1081,惠州学院,沧海一栗,2,55
2026,2,1081,山西工程科技职业大学,你知道吗,2,55
2026,2,1083,浙江理工大学,浙理屠龙刀,2,56
2026,2,1084,江西农业大学,超越时间之影,2,57
2026,2,1085,郑州轻工业大学,码农转生,2,59
2026,2,1085,山东大学,高坚果尖尖,2,59
2026,2,1085,中国人民解放军网络空间部队信息工程大学,无畏舰,2,59
2026,2,1085,商丘师范学院,送你一朵小红花,2,59
2026,2,1085,河南工程学院,南苑四队,2,59
2026,2,1090,西南科技大学,彼岸归航,2,60
2026,2,1090,电子科技大学中山学院,美美AC了喵,2,60
2026,2,1090,大连理工大学,八角楼一队,2,60
2026,2,1093,东北大学,东北大学_111,2,61
2026,2,1093,山东建筑大学,映雪湖水怪,2,61
2026,2,1093,广东工业大学,逆转未来,2,61
2026,2,1096,东北大学,东北大学_这次我们搞个远离wa的队名吧,2,62
2026,2,1096,上海大学,成生ia包豆,2,62
2026,2,1096,大连理工大学,北极星,2,62
2026,2,1096,东北林业大学,东林3队,2,62
2026,2,1096,武汉理工大学,树下奶龙,2,62
2026,2,1096,江南大学,喵拉喵丘好丸喵!咿~在骗新猫娘了别电窝喵,2,62
2026,2,1096,西北工业大学,忙碌的小喵喵喵喵,2,62
2026,2,1096,华侨大学,华侨大学1队,2,62
2026,2,1104,东华大学,猫尾草,2,63
2026,2,1104,成都理工大学,吃瓜群众,2,63
2026,2,1104,山东交通学院,醉里挑灯看剑!,2,63
2026,2,1107,南京邮电大学,njupt26team011,2,64
2026,2,1107,青岛理工大学,QUT:崭新之日,2,64
2026,2,1107,中国石油大学(华东),中石大2027,2,64
2026,2,1107,天津大学,TJU10,2,64
2026,2,1111,香港城市大学,CityU2,2,65
2026,2,1111,东北大学秦皇岛分校,不要温和地走入那良夜,2,65
2026,2,1111,南阳理工学院,她会回来吗,2,65
2026,2,1111,长沙学院,次年佛如,2,65
2026,2,1111,合肥大学,命运石之门,2,65
2026,2,1111,武汉大学,栈中星河,2,65
2026,2,1111,武汉大学,山高狐狸野,2,65
2026,2,1111,上海海洋大学,我IIDX极八段了,2,65
2026,2,1119,南京航空航天大学,老大我们这样真的能AC吗,2,66
2026,2,1119,华南理工大学,不要哇,2,66
2026,2,1119,郑州经贸学院,君与acm之恋,2,66
2026,2,1119,宁波大学,样例没过ac队,2,66
2026,2,1119,中南民族大学,黎卡今天吃什么,2,66
2026,2,1124,南通大学,妮蔻,2,67
2026,2,1124,南京工业大学,NJTECH2,2,67
2026,2,1124,南京信息工程大学,三倍Ice Cream,2,67
2026,2,1124,华中师范大学,麻衣学姐想念ZZZ,2,67
2026,2,1124,辽宁科技大学,ROLL快乐企鹅之蓝眼王朝,2,67
2026,2,1124,东北师范大学,精神外耗,2,67
2026,2,1130,南京邮电大学,njupt26team006,2,68
2026,2,1130,西北大学,咕咕嘎嘎,2,68
2026,2,1130,湖南工业大学,再见603,2,68
2026,2,1130,南昌航空大学,奇迹再现,2,68
2026,2,1130,河北大学,网寄守门员,2,68
2026,2,1130,哈尔滨理工大学,2026哈理工04,2,68
2026,2,1136,山东大学,不如我们叫啊对对队如何,2,69
2026,2,1136,南京理工大学,njust_8,2,69
2026,2,1136,安徽工业大学,搞得跟真的一样,2,69
2026,2,1136,福州大学,你说内存溢出等于运行错误?,2,69
2026,2,1136,浙江科技大学,我也要AK吗,2,69
2026,2,1141,青岛大学,大四学长最后一舞,2,70
2026,2,1141,青岛理工大学,优菈粉丝后援会,2,70
2026,2,1141,北京邮电大学,ClosedClaw,2,70
2026,2,1141,山西大学,氕氘氚,2,70
2026,2,1141,华南师范大学,样例中的奇迹,2,70
2026,2,1141,西南科技大学,"遥望齐州九点烟,一泓海水杯中泻",2,70
2026,2,1141,山东理工大学,我不想当区,2,70
2026,2,1141,南昌航空大学,请输入文本,2,70
2026,2,1141,闽南师范大学,没有以前那么喜欢你了,2,70
2026,2,1141,上海大学,队名已驳回,2,70
2026,2,1141,河北师范大学,RE:从零开始的WA生活,2,70
2026,2,1141,北京理工大学,贷款也要打XCPC,2,70
2026,2,1153,武昌理工学院,松驰感,2,71
2026,2,1153,苏州大学,样例全队,2,71
2026,2,1153,清华大学,超时避难所,2,71
2026,2,1153,江西财经大学,四氧化三铁,2,71
2026,2,1153,同济大学,AAAtoken批发客服丰川祥子,2,71
2026,2,1153,上海理工大学,待流年奔涌破茧,2,71
2026,2,1153,山东大学(威海),零新生纯基础队,2,71
2026,2,1153,中南民族大学,银牌和驾照哪个先来,2,71
2026,2,1153,浙大宁波理工学院,宁波理工5队,2,71
2026,2,1153,鲁东大学,牢强说百斤脂肪就能换区域赛名额,2,71
2026,2,1163,东北大学,东北大学_季秋辞笺,2,72
2026,2,1163,河海大学,"26时,在达尔豪斯肆业",2,72
2026,2,1163,南阳理工学院,小清华也是清华,2,72
2026,2,1163,长春工业大学,未掘宝石,2,72
2026,2,1163,五邑大学,问号好想玩原神,2,72
2026,2,1163,北京信息科技大学,给我个区域赛名额求你了,2,72
2026,2,1163,湖州师范大学,面向玄学编程,2,72
2026,2,1163,浙大宁波理工学院,宁波理工2队,2,72
2026,2,1163,宁波城市职业技术学院,关于我在赛场打酱油这件事,2,72
2026,2,1172,华南理工大学,组一辈子乐队,2,73
2026,2,1172,北京师范大学,百事狗,2,73
2026,2,1172,重庆邮电大学,动态规划小分队,2,73
2026,2,1172,西安电子科技大学,取名真是麻烦,2,73
2026,2,1172,东北农业大学,玖仟玖佰捌拾贰肆万肆仟叁佰伍拾叁,2,73
2026,2,1177,东北大学,东北大学_到达胜利之前无法回头,2,74
2026,2,1177,青岛理工大学,梦的终点,2,74
2026,2,1177,大连海事大学,激思构境,2,74
2026,2,1177,齐鲁工业大学(山东省科学院),江盼流星雨,2,74
2026,2,1177,昆山杜克大学,昆杜二队,2,74
2026,2,1177,合肥工业大学,合工大2601,2,74
2026,2,1177,山东工商学院,罚时拉满但能队,2,74
2026,2,1177,西安电子科技大学,哈吉米大人求带飞,2,74
2026,2,1185,广州大学,起队名给我起好了呀,2,75
2026,2,1185,大连海事大学,[中國翻譯](C2026)超時喵限,2,75
2026,2,1185,云南大学,异贪构思,2,75
2026,2,1185,河南师范大学,欢迎来到至冬,2,75
2026,2,1185,同济大学,神说要有bug,2,75
2026,2,1185,西南财经大学,"taffy要吃到胖乎乎,然后噜噜噜噜噜",2,75
2026,2,1191,浙江理工大学,乌卡拉卡巴巴博弈,2,76
2026,2,1191,华南理工大学,bhy和他的左右魔丸,2,76
2026,2,1191,南京信息工程大学,WA的一声就哭了出来,2,76
2026,2,1191,中国矿业大学(北京),白银矿工,2,76
2026,2,1191,中国矿业大学(北京),盗火者们,2,76
2026,2,1191,中国农业大学,因为推不动恋爱线所以打ACM,2,76
2026,2,1191,东北林业大学,东林7队,2,76
2026,2,1198,中南大学,听说有原石领就来了,2,77
2026,2,1198,郑州大学,郑大26网络赛队伍3,2,77
2026,2,1198,广东工业大学揭阳校区,扣1送贪心板子,2,77
2026,2,1198,广东工业大学揭阳校区,三千星芒织我翼,2,77
2026,2,1202,南京邮电大学,njupt26team014,2,78
2026,2,1202,济南大学,超时控,2,78
2026,2,1202,南开大学,DeepOverflow,2,78
2026,2,1202,同济大学,仍存一线生机于是发动最後攻勢,2,78
2026,2,1202,浙江工商大学,哈基米南北绿豆,2,78
2026,2,1202,山东大学(威海),奶植大战奶尸,2,78
2026,2,1208,四川大学,有无队名推荐,2,79
2026,2,1208,上海杉达学院,杉树长青-1,2,79
2026,2,1208,北京理工大学,"服务器繁忙,请稍后再试",2,79
2026,2,1211,青岛大学,奶家人,2,80
2026,2,1211,中北大学,然后成为acmer,2,80
2026,2,1211,深圳理工大学,感觉不如原神,2,80
2026,2,1211,长沙理工大学,长沙理工大学四队,2,80
2026,2,1211,江西理工大学南昌校区,缘起甜韵趣恋丛生!,2,80
2026,2,1211,中国传媒大学,四队,2,80
2026,2,1211,宁夏大学,一勺料汁,2,80
2026,2,1218,哈尔滨工业大学(深圳),死脑快想啊,2,81
2026,2,1218,东北大学秦皇岛分校,WA的一声哭出来,2,81
2026,2,1218,武昌理工学院,最优解在左,2,81
2026,2,1218,浙江万里学院,马头神了,2,81
2026,2,1218,合肥工业大学宣城校区,严肃学习,2,81
2026,2,1218,重庆大学,小AC找妈妈,2,81
2026,2,1218,山东大学(威海),薛定谔的ACM,2,81
2026,2,1218,西安电子科技大学,调试自动机,2,81
2026,2,1226,南京理工大学,njust_6,2,82
2026,2,1226,武汉科技大学,妄想感伤代偿联盟,2,82
2026,2,1226,浙江师范大学,等到TLE也不愿接受WA,2,82
2026,2,1226,浙江广厦建设职业技术大学,东阳大学C队,2,82
2026,2,1226,中国传媒大学,奶界最忧郁之龙,2,82
2026,2,1226,兰州大学,鸡毛飞上天,2,82
2026,2,1232,中国科学技术大学,和树皮保持距离,2,83
2026,2,1232,东北大学秦皇岛分校,AAA罚时批发,2,83
2026,2,1232,广州大学,露琪亚,2,83
2026,2,1232,成都锦城学院,创智一队,2,83
2026,2,1232,太原理工大学,蒟蒻派对,2,83
2026,2,1232,湖北汽车工业学院,我的Acm物语果然有问题,2,83
2026,2,1238,广州大学,AC超玩会,2,84
2026,2,1238,韶关学院,这次有汉堡吃吗,2,84
2026,2,1238,南阳理工学院,"芙宁娜,审判长喊你debug喵~",2,84
2026,2,1238,河南师范大学,昙花一现,2,84
2026,2,1238,浙大城市学院,躲在实验室里WA的三人,2,84
2026,2,1238,福州大学,转生成大昔涟在霜月见到琪亚娜,2,84
2026,2,1238,东北农业大学,捧腹大笑奶龙,2,84
2026,2,1245,湖南中医药大学,再WA一次就去送外卖,2,85
2026,2,1245,山西财经大学,山财一队,2,85
2026,2,1245,大连海事大学,初见好运连连,2,85
2026,2,1245,上海第二工业大学,竞赛笑传之程程编,2,85
2026,2,1245,华中科技大学,哈斯特三野猪,2,85
2026,2,1245,中国民航大学,ACAC\!^O^!/ACAC,2,85
2026,2,1245,太原理工大学,已经想好,2,85
2026,2,1245,西北农林科技大学,QUQ,2,85
2026,2,1245,西安电子科技大学,我知道你很急但是你先别急,2,85
2026,2,1245,东北师范大学,与你相WA到世界尽头,2,85
2026,2,1255,浙江财经大学,浙财1队,2,86
2026,2,1255,江西农业大学,旮旯给木领域大蛇,2,86
2026,2,1255,武汉科技大学,俺老孙又回来了,2,86
2026,2,1255,辽宁大学,超弦共振,2,86
2026,2,1255,华东师范大学,ecnu06,2,86
2026,2,1255,华东师范大学,今晚吃什么,2,86
2026,2,1255,浙江机电职业技术大学,云清林,2,86
2026,2,1262,河南农业大学,汪汪队,2,87
2026,2,1262,北师香港浸会大学,Random Deep Cat Tree,2,87
2026,2,1262,东南大学,布橙,2,87
2026,2,1262,兰州大学,只有我与CPC,2,87
2026,2,1266,浙江理工大学,留白,2,88
2026,2,1266,哈尔滨工业大学(威海),听说这里送气球我就来了,2,88
2026,2,1266,南京航空航天大学,"老师,我想选机类",2,88
2026,2,1266,惠州学院,神秘AC事件调查组,2,88
2026,2,1266,华南理工大学,走地鸡的幻想乡,2,88
2026,2,1266,深圳理工大学,圳美奶牛队,2,88
2026,2,1266,上海科技大学,奶龙 998244343 丽,2,88
2026,2,1266,郑州大学,郑大26网络赛队伍8,2,88
2026,2,1266,河南工业大学,"又去打ICPC了,但她还会回来吗?",2,88
2026,2,1266,西北工业大学,cooZ,2,88
2026,2,1266,广西大学,你是我的梦幻之AC,2,88
2026,2,1266,陕西师范大学,线段树上长麦当劳,2,88
2026,2,1266,东北师范大学,吃什么,2,88
2026,2,1279,福建理工大学,福建理工大学4队,2,89
2026,2,1279,湖州学院,队名怎么说,2,89
2026,2,1279,齐鲁工业大学(山东省科学院),桃花依旧笑春风,2,89
2026,2,1279,南昌大学,全都不会写[颂乐人偶_眯眼笑],2,89
2026,2,1279,天津工业大学,奶long long,2,89
2026,2,1279,江苏科技大学,AC自动机自动AC喵,2,89
2026,2,1285,香港城市大学,CityU1,2,90
2026,2,1285,沈阳理工大学,求求给我个名额吧,2,90
2026,2,1285,山东大学,team0886,2,90
2026,2,1285,暨南大学,签到5分钟坐牢5小时,2,90
2026,2,1285,南通大学,u can u up,2,90
2026,2,1285,中国人民解放军网络空间部队信息工程大学,new8,2,90
2026,2,1285,中国海洋大学,一般路过的方程也,2,90
2026,2,1285,上海师范大学,_clear._,2,90
2026,2,1293,河南农业大学,吉伊卡哇,2,91
2026,2,1293,浙江理工大学,超级奶牛力量,2,91
2026,2,1293,浙江理工大学,白饭大肥鱼,2,91
2026,2,1293,中国地质大学(北京),码上要疯了,2,91
2026,2,1293,齐鲁工业大学(山东省科学院),线段树维护麦当劳薯条,2,91
2026,2,1293,南京理工大学,njust_9,2,91
2026,2,1293,中国地质大学(武汉),acm自动寄,2,91
2026,2,1293,湖北经济学院,直到罚时变成一块铁牌,2,91
2026,2,1293,武汉大学,道爷留步,2,91
2026,2,1293,西北工业大学,Ciallo World!,2,91
2026,2,1303,长安大学,三个乐乐气不气,2,92
2026,2,1303,山东大学,填线宝宝,2,92
2026,2,1303,中国石油大学(华东),中石大8888,2,92
2026,2,1303,安徽农业大学,结于杉木之古缘,2,92
2026,2,1303,宁波大学,随机存取存储器,2,92
2026,2,1303,浙江农林大学暨阳学院,洛神教教徒,2,92
2026,2,1309,东华大学,超高校级的ACMer,2,93
2026,2,1309,西北大学,AAA不打铁,2,93
2026,2,1309,福建师范大学,111,2,93
2026,2,1309,广东工业大学揭阳校区,如日方升,2,93
2026,2,1309,西安电子科技大学,组一辈子ACM队,2,93
2026,2,1309,天津工业大学,组一辈子乐队,2,93
2026,2,1315,安阳工学院,飞行码戏,2,94
2026,2,1315,东北大学秦皇岛分校,鸟为什么会飞,2,94
2026,2,1315,山东科技大学,雷神之子号,2,94
2026,2,1315,成都信息工程大学,普鲁斯鳄,2,94
2026,2,1315,福建农林大学,赤炎杯杯勇闯ICPC,2,94
2026,2,1315,山东大学(威海),花乐园,2,94
2026,2,1315,上海海事大学,在教室后门的三个wa学弟,2,94
2026,2,1315,东莞城市学院,东莞城市学院旗帜队,2,94
2026,2,1323,东北大学,东北大学_一只队伍,2,95
2026,2,1323,山东科技大学,诺格号,2,95
2026,2,1323,广西师范大学,哦吼吼吼吼,2,95
2026,2,1323,安徽师范大学,逐星长旅 终遂己愿,2,95
2026,2,1323,东北林业大学,东林6队,2,95
2026,2,1323,山东大学(威海),信创泥头车,2,95
2026,2,1323,天津工业大学,#include<队友的脑子>,2,95
2026,2,1330,河南农业大学,随便都行队,2,96
2026,2,1330,南京航空航天大学,我的胆子就是肥嘟嘟的,2,96
2026,2,1330,武汉商学院,月诏粉丝团2.0,2,96
2026,2,1330,天津大学,KFC大队,2,96
2026,2,1330,上海大学,凤瑞阁,2,96
2026,2,1335,南京航空航天大学,未命名,2,97
2026,2,1335,山东大学,不万元申万的,2,97
2026,2,1335,中国人民解放军网络空间部队信息工程大学,串线别找我,2,97
2026,2,1335,杭州师范大学,知识学爆,2,97
2026,2,1335,浙江工业大学,ZJUT8,2,97
2026,2,1335,浙江工商大学,宇宙哦索几哈吉马路哟,2,97
2026,2,1335,山东女子学院,SDWU Flames,2,97
2026,2,1335,中国计量大学,Deepsuck测试队,2,97
2026,2,1343,南京航空航天大学,可惜,2,98
2026,2,1343,广州大学,林林林,2,98
2026,2,1343,江西师范大学,WAChovy,2,98
2026,2,1343,西南民族大学,鼠鼠卡了,2,98
2026,2,1343,湖南工业大学,再飞行,2,98
2026,2,1343,河南大学,零糖零卡,2,98
2026,2,1343,湖南文理学院,AAAAA级,2,98
2026,2,1343,浙江工业大学,ZJUT7,2,98
2026,2,1351,衡阳师范学院,111,2,99
2026,2,1351,青岛科技大学,AC大作战,2,99
2026,2,1351,华南师范大学,深度优先搜索,2,99
2026,2,1351,南阳理工学院,金牌 wa 掘机,2,99
2026,2,1351,成都东软学院,大狗大狗喵喵叫,2,99
2026,2,1351,郑州工商学院,加仓罚时,2,99
2026,2,1357,沈阳工业大学,维度01,2,100
2026,2,1357,北京科技大学,北京科技大学队伍2,2,100
2026,2,1357,南阳师范学院,大四老登打爆小登,2,100
2026,2,1357,三峡大学,ctgu1,2,100
2026,2,1357,新疆大学,失而复得,2,100
2026,2,1362,沈阳师范大学,队长霸占机子封榜后狂A3题,2,101
2026,2,1362,郑州大学,郑大26网络赛队伍12,2,101
2026,2,1362,南京晓庄学院,旮旯给木研究是icpc的克星,2,101
2026,2,1362,安徽大学,猛炫罚时中,2,101
2026,2,1366,北京交通大学(威海),bjv02,2,102
2026,2,1366,西安邮电大学,Parallelism Limit Exceeded,2,102
2026,2,1366,东莞理工学院,芙芙天下第一,2,102
2026,2,1366,昆山杜克大学,昆杜四队,2,102
2026,2,1366,中国民航大学,诶我队友呢,2,102
2026,2,1366,重庆大学,爱上AC不是我的错,2,102
2026,2,1372,贵州大学,贵大2队,2,103
2026,2,1372,上海科技大学,ZINAT Is Not A Team,2,103
2026,2,1372,河北师范大学,黎明曦光,2,103
2026,2,1372,大连理工大学,低调的黑客,2,103
2026,2,1372,长江大学,第六感,2,103
2026,2,1372,天津工业大学,自动WA机,2,103
2026,2,1378,湖南师范大学,HUNNU04,2,104
2026,2,1378,南开大学,Name==NULL,2,104
2026,2,1378,天津大学,今天中午吃什么,2,104
2026,2,1378,北京师范大学,我都可以,2,104
2026,2,1378,安徽师范大学,名字自己冒出来,2,104
2026,2,1378,湖北经济学院,无基转生~到了算竞界就拿出真本事~,2,104
2026,2,1378,南京大学,妈妈我想回家,2,104
2026,2,1378,信阳师范大学,执掌万物合法解的造物神,2,104
2026,2,1386,北京交通大学(威海),bjv01,2,105
2026,2,1386,湘潭大学,xtu-6,2,105
2026,2,1386,广东技术师范大学,乃龙,2,105
2026,2,1386,辽宁大学,这一发AC,2,105
2026,2,1386,济宁医学院,济医之星,2,105
2026,2,1386,深圳技术大学,SZTU_能AC吗,2,105
2026,2,1392,河南农业大学,木头人,2,106
2026,2,1392,江西水利电力大学,上次网络赛爆0了这次总不会了吧,2,106
2026,2,1392,温州大学,我没意见,2,106
2026,2,1392,西南科技大学,两只刀盾一只奶龙,2,106
2026,2,1392,中国人民大学,龙骑士,2,106
2026,2,1392,成都信息工程大学,竞赛是场骗局,2,106
2026,2,1392,江西财经大学,CS_老骥伏枥,2,106
2026,2,1392,广东工业大学,编了个爪,2,106
2026,2,1392,广东工业大学,暗黑寻猎者,2,106
2026,2,1392,湖南工程学院,湖南工程学院信工院1队,2,106
2026,2,1392,北京林业大学,想要牌子三只龙,2,106
2026,2,1403,湖南工业大学,来个奶龙开一题,2,107
2026,2,1403,杭州师范大学,so爱会消失对不队,2,107
2026,2,1403,怀化学院,什么罐头我说,2,107
2026,2,1403,南京信息工程大学,予愿,2,107
2026,2,1407,大连东软信息学院,大魔法部,2,108
2026,2,1407,东南大学,青川拓扑,2,108
2026,2,1407,北京师范大学,可乐狗,2,108
2026,2,1407,长沙理工大学,长沙理工大学二队,2,108
2026,2,1407,东北林业大学,东林4队,2,108
2026,2,1407,合肥工业大学,合工大2602,2,108
2026,2,1413,长安大学,青空之区,2,109
2026,2,1413,惠州学院,蔚然兴墨,2,109
2026,2,1413,苏州大学,加载中*,2,109
2026,2,1413,中山大学,中山大学-特判工厂,2,109
2026,2,1413,广州理工学院,广州理工学院二队,2,109
2026,2,1413,吉林大学,欧拉回响,2,109
2026,2,1413,河南工业大学,点击输入队名,2,109
2026,2,1413,西南财经大学,魔改造,2,109
2026,2,1413,北京理工大学,反正样例全队,2,109
2026,2,1422,中国科学技术大学,wACe,2,110
2026,2,1422,湘潭大学,xtu-8,2,110
2026,2,1422,华南农业大学,请您今天要来点AC吗?,2,110
2026,2,1422,杭州师范大学,飞天小女警(3),2,110
2026,2,1422,湖南涉外经济学院,鼠鼠,2,110
2026,2,1427,郑州轻工业大学,?!给给?!,2,111
2026,2,1427,北京化工大学,ONE PIECE是存在的,2,111
2026,2,1427,汕头大学,逐星,2,111
2026,2,1427,中国民航大学,总该醒了吧,2,111
2026,2,1427,江南大学,队伍里有三个只会写bug的魔法少女,2,111
2026,2,1427,吉林师范大学,AC之旅,2,111
2026,2,1427,北方工业大学,人从众,2,111
2026,2,1427,华中农业大学,天糖制造,2,111
2026,2,1435,西北大学,重生之我在网络赛爆零,2,112
2026,2,1435,中北大学,此喜2.0,2,112
2026,2,1435,内蒙古大学,打音游得腱鞘炎被白毛红瞳大姐姐分手的夜晚,2,112
2026,2,1435,华中科技大学,最正常的队名,2,112
2026,2,1435,福建理工大学,福建理工大学2队,2,112
2026,2,1435,江南大学,从零开始的WARETLEMLE生活,2,112
2026,2,1435,上海理工大学,歧路余欢,2,112
2026,2,1435,苏州工学院,今晚打老虎,2,112
2026,2,1443,泰山学院,组一辈子ACM,2,113
2026,2,1443,徐州工程学院,咕咕嘎嘎历险记,2,113
2026,2,1443,北京印刷学院,中国出版大学,2,113
2026,2,1443,浙江工商大学,"天上天下,唯wu独尊",2,113
2026,2,1443,山东理工大学,三人成行,2,113
2026,2,1443,陕西师范大学,纳豆拌饭,2,113
2026,2,1449,中国科学技术大学,电击车小队,2,114
2026,2,1449,江西师范大学,窝邀烟牌,2,114
2026,2,1449,天津仁爱学院,胜兵必骄兵必败兵必哀兵必胜,2,114
2026,2,1449,华南农业大学,RHL—ong,2,114
2026,2,1449,香港浸会大学,我真求你了让我AC吧,2,114
2026,2,1449,武汉纺织大学,未完成的队伍名,2,114
2026,2,1449,浙江师范大学,高冷测评姬居然独宠我们队?!,2,114
2026,2,1449,宁波大学,WA自动机,2,114
2026,2,1449,西安理工大学,风与天空,2,114
2026,2,1449,浙江工商大学,电之迹,2,114
2026,2,1449,绍兴大学,重生之队长cos兔女郎鞭策我补题,2,114
2026,2,1460,哈尔滨工业大学(威海),我吃一口尝尝咸淡,2,115
2026,2,1460,扬州大学,俊乐高飞,2,115
2026,2,1460,山东科技大学,奥德赛号,2,115
2026,2,1460,东北林业大学,东林2队,2,115
2026,2,1460,海南大学,挂科梭哈学长和旮旯高手加上原神手子将会摧毁算法竞赛,2,115
2026,2,1460,东华理工大学,无bug有AC队,2,115
2026,2,1466,成都大学,遇橙则成,2,116
2026,2,1466,山东工商学院,好礼回家,2,116
2026,2,1466,北京工业大学,我用DP去买菜,2,116
2026,2,1466,中国民航大学,崭新之日,2,116
2026,2,1466,常州大学,爆零人会梦见签到题吗?,2,116
2026,2,1466,西安电子科技大学,也就写写水题骗骗自己了,2,116
2026,2,1466,山东财经大学,拿到属于我们的一切,2,116
2026,2,1466,河南工程学院,南苑二队,2,116
2026,2,1466,西南石油大学,昇天,2,116
2026,2,1475,郑州轻工业大学,点击领奖,2,117
2026,2,1475,南京航空航天大学,别卡我样例,2,117
2026,2,1475,国防科技大学,一马当先,2,117
2026,2,1475,成都信息工程大学,123,2,117
2026,2,1475,东莞理工学院,只会暴力和罚时,2,117
2026,2,1475,浙江工商大学,野生狗奶,2,117
2026,2,1475,兰州大学,丸酮吸老叟,2,117
2026,2,1475,上海理工大学,米娜桑,2,117
2026,2,1475,中国矿业大学,cumt5,2,117
2026,2,1484,上海电力大学,豆豆的包,2,118
2026,2,1484,长安大学,狗修金撒嘛,2,118
2026,2,1484,南阳理工学院,全都 A 了,2,118
2026,2,1484,天津理工大学,小猪猪,2,118
2026,2,1484,郑州经贸学院,青梧揽月庭,2,118
2026,2,1484,齐齐哈尔大学,中二病也要打ACM,2,118
2026,2,1484,福州大学,爆裂一大青枣,2,118
2026,2,1491,南京邮电大学,njupt26team003,2,119
2026,2,1491,青岛科技大学,只有我想摸鱼吗,2,119
2026,2,1491,苏州大学,已连接ac,2,119
2026,2,1491,湖南大学,小手子队,2,119
2026,2,1491,西安理工大学,倒卷天河饮玉虹,2,119
2026,2,1491,新疆大学,她说我们结束吧,2,119
2026,2,1497,东北大学秦皇岛分校,第一红宝,2,120
2026,2,1497,济南大学,暴力是你的谎言,2,120
2026,2,1497,暨南大学,鸿运当头吉星高照紫气东来上上上上上签,2,120
2026,2,1497,大连理工大学,不为人知的CPC童谣,2,120
2026,2,1497,北京语言大学,高雅人士,2,120
2026,2,1497,西北工业大学,哈基米难买绿勾,2,120
2026,2,1497,深圳技术大学,SZTU_我不是蔡神,2,120
2026,2,1504,成都理工大学,为美好世界献上祝福,2,121
2026,2,1504,湖南师范大学,放学后的WA日常,2,121
2026,2,1504,南昌大学,我们就是奇迹,2,121
2026,2,1504,宁波工程学院,AAA金牌批发宣总,2,121
2026,2,1508,东北大学秦皇岛分校,队长带头玩galgame,2,122
2026,2,1508,北京印刷学院,因人RE,2,122
2026,2,1508,武汉科技大学,我感觉很多队伍取名都很随意,2,122
2026,2,1508,重庆大学,"我怎么可能成为ACM大佬,不行不行(※不是不可能!?)",2,122
2026,2,1508,湖南工程学院,湖南工程学院信工院4队,2,122
2026,2,1508,广东工业大学揭阳校区,天空覆层的观测者,2,122
2026,2,1508,长江大学,铁花飞,2,122
2026,2,1515,河南理工大学,hpu4,2,123
2026,2,1515,蒙古国立大学(Монгол Улсын Их Сургууль),NUM-BSB,2,123
2026,2,1515,浙江工商大学,两人爬塔一人匡扶汉室零过题,2,123
2026,2,1515,河南师范大学,红橙黄绿青蓝紫,2,123
2026,2,1519,安庆师范大学,求求给个牌子吧,2,124
2026,2,1519,山东大学,玩玩原神就会了,2,124
2026,2,1519,成都理工大学,无限喵喵,2,124
2026,2,1519,长沙学院,lucy,2,124
2026,2,1523,上海应用技术大学,教练我想拿牌子,2,125
2026,2,1523,江西理工大学,dyh,2,125
2026,2,1523,成都信息工程大学,汉堡王还有三小时降临地球,2,125
2026,2,1523,重庆邮电大学,憧憬成为acm高手,2,125
2026,2,1523,武汉理工大学,无理取闹,2,125
2026,2,1523,西北农林科技大学,OpenAC,2,125
2026,2,1523,北京林业大学,不知豆啊样例明明过了,2,125
2026,2,1530,澳门大学,银霜流萤,2,126
2026,2,1530,北京化工大学,bug饲养员,2,126
2026,2,1530,北京化工大学,WA自动机,2,126
2026,2,1530,蒙古国立大学(Монгол Улсын Их Сургууль),NUM-SEA,2,126
2026,2,1530,浙江工商大学,新时代古法编程传承人,2,126
2026,2,1530,中国计量大学,直到🐆变成一只猫娘,2,126
2026,2,1536,广州大学,我要acm题,2,127
2026,2,1536,江西农业大学,NeverMissAnyDetail,2,127
2026,2,1536,山东科技大学,罗德号,2,127
2026,2,1536,南昌大学,再交一次就AC,2,127
2026,2,1536,浙江工商大学,回到夏天,2,127
2026,2,1536,浙江工商大学,炒鸡棒棒糖助我AC,2,127
2026,2,1536,燕京理工学院,"假如借我三天""马翔""",2,127
2026,2,1543,厦门大学,厦大七队,2,128
2026,2,1543,江西师范大学,暂无,2,128
2026,2,1543,河海大学,胆子真是肥嘟嘟的,2,128
2026,2,1546,惠州学院,算运亨通,2,129
2026,2,1546,陕西科技大学,"kskbl,真的假的",2,129
2026,2,1546,天津仁爱学院,请输入文本,2,129
2026,2,1546,北京科技大学,北京科技大学队伍1,2,129
2026,2,1546,西南科技大学,哈基米敲代码,2,129
2026,2,1546,上海科技大学,Fumo脑袋空空喵,2,129
2026,2,1546,烟台大学,哄骗编译器,2,129
2026,2,1546,山东大学(威海),数组开外面队,2,129
2026,2,1554,大连理工大学,最后一发,2,130
2026,2,1554,成都信息工程大学,逆熵,2,130
2026,2,1554,宜春幼儿师范高等专科学校,"M3,对他使用指令:熔毁",2,130
2026,2,1554,韩山师范学院,没想法,2,130
2026,2,1554,台州学院,别炸我青铜,2,130
2026,2,1559,山东科技大学,航海家号,2,131
2026,2,1559,深圳理工大学,"#include ""maimai.dx""",2,131
2026,2,1559,江西财经大学,CS_sleep_the_present,2,131
2026,2,1559,北京师范大学珠海校区,这得好好想想,2,131
2026,2,1559,北京工业大学,中国人能飞,2,131
2026,2,1559,北京语言大学,专业人士分队,2,131
2026,2,1559,广东金融学院,WA了就拔你网线,2,131
2026,2,1559,中国地质大学(武汉),RJ消灭计划,2,131
2026,2,1559,浙江工商大学,有刺无刺,2,131
2026,2,1568,郑州轻工业大学,My teammates can't be so cute,2,132
2026,2,1568,宁波大学,注定伟大,2,132
2026,2,1568,福建农林大学,404 Errors,2,132
2026,2,1568,华中师范大学,无名之辈,2,132
2026,2,1572,浙江万里学院,按住w开始思索,2,133
2026,2,1572,华南农业大学,“栎的第七章”赛场不软脚爆冷带队强取牌牌,2,133
2026,2,1572,湖南城市学院,队友不知道取啥名,2,133
2026,2,1572,中南民族大学,新参者,2,133
2026,2,1572,佛山大学,猪壁联合,2,133
2026,2,1577,郑州轻工业大学,贪婪猫,2,134
2026,2,1577,山东大学,Re:从零开始的 ACM 生活,2,134
2026,2,1577,泉州信息工程学院,找不到队名,2,134
2026,2,1577,福建师范大学,烧烤大队,2,134
2026,2,1577,四川师范大学,阿玛特拉斯,2,134
2026,2,1577,长沙理工大学,长沙理工大学三队,2,134
2026,2,1577,三峡大学,ctgu4,2,134
2026,2,1577,中南民族大学,群友都是小蛋糕,2,134
2026,2,1577,福建师范大学协和学院,从零开始的ACM算法生活,2,134
2026,2,1586,武汉商学院,WBU1,2,135
2026,2,1586,湖南大学,摸鱼总冠军,2,135
2026,2,1586,福建农林大学,跃迁,2,135
2026,2,1586,吉林大学,中国龙能飞,2,135
2026,2,1586,浙大宁波理工学院,宁波理工1队,2,135
2026,2,1591,江西师范大学,npc,2,136
2026,2,1591,西南大学,算法进阶退役指南,2,136
2026,2,1591,大连民族大学,AK自动机,2,136
2026,2,1591,北京工业大学,鲁棒司机,2,136
2026,2,1591,湖北中医药大学,若能触及群星,2,136
2026,2,1596,成都信息工程大学,竹叶雨,2,137
2026,2,1596,郑州升达经贸管理学院,中国人能飞,2,137
2026,2,1596,吉林大学,坐标轴,2,137
2026,2,1596,苏州工学院,我的算法青春果然没问题,2,137
2026,2,1600,南京邮电大学,njupt26team012,2,138
2026,2,1600,东北大学秦皇岛分校,不上早八补觉才队,2,138
2026,2,1600,华南农业大学,豆包AI生成,2,138
2026,2,1600,华南师范大学,胆子肥嘟嘟,2,138
2026,2,1600,云南大学,我爱黄迪,2,138
2026,2,1600,中国地质大学(武汉),膜莫模,2,138
2026,2,1600,中国民航大学,万能头,2,138
2026,2,1600,沈阳农业大学,四个四重奏,2,138
2026,2,1600,河南师范大学,不想打铁花,2,138
2026,2,1609,绍兴理工学院,特别的人,2,139
2026,2,1609,大连民族大学,平原反应的山顶洞人,2,139
2026,2,1609,北京信息科技大学,只猪-打铁二度,2,139
2026,2,1609,山东师范大学,都不玩原神,2,139
2026,2,1609,河南师范大学,烈酒豪情,2,139
2026,2,1614,南京邮电大学,njupt26team009,2,140
2026,2,1614,沈阳工业大学,维度02,2,140
2026,2,1614,北京邮电大学,一次买够北邮小魔女,2,140
2026,2,1614,郑州大学,郑大26网络赛队伍2,2,140
2026,2,1614,同济大学,"昂首,足践烈焰",2,140
2026,2,1614,广东工业大学,深度睡眠,2,140
2026,2,1614,东北电力大学,你码不过我你信吗,2,140
2026,2,1621,东北大学,东北大学_我心常淡,2,141
2026,2,1621,江汉大学,"电脑怎么改的,码发一下",2,141
2026,2,1621,重庆工商大学,重庆工商一队,2,141
2026,2,1621,阜阳师范大学,AC一题就算对,2,141
2026,2,1625,安阳工学院,无误之境,2,142
2026,2,1625,广西科技大学,星际漫游,2,142
2026,2,1625,江西师范大学,海之蓝,2,142
2026,2,1625,深圳理工大学,甜玉米队,2,142
2026,2,1625,华南师范大学,"这得罚不少发,先生",2,142
2026,2,1625,杭州师范大学,写不出来就睡大觉,2,142
2026,2,1631,中国石油大学(华东),中石大1999,2,143
2026,2,1631,内蒙古工业大学,NOI没拿到的牌子就在ICPC拿吧,2,143
2026,2,1631,浙江师范大学,ACM没AC还剩什么,2,143
2026,2,1631,香港城市大学(东莞),DeepSleep v50 Pro-0325 小难梁灰测限定版,2,143
2026,2,1631,河南师范大学,你会像讨厌那些又臭又长的名字讨厌我吗,2,143
2026,2,1631,中国矿业大学,cumt2,2,143
2026,2,1631,中国传媒大学,WZ,2,143
2026,2,1638,武汉科技大学,3只小猪,2,144
2026,2,1638,温州商学院,温商队,2,144
2026,2,1640,上海纽约大学,原神,2,145
2026,2,1640,湖南师范大学,HUNNU02,2,145
2026,2,1640,潍坊学院,别爆零,2,145
2026,2,1640,中央民族大学,AC在哪里,2,145
2026,2,1640,哈尔滨理工大学,2026哈理工07,2,145
2026,2,1640,广州城市理工学院,村好队,2,145
2026,2,1640,河南师范大学,叁川渡,2,145
2026,2,1640,兰州大学,带着三蛋荡平他们!,2,145
2026,2,1648,东北大学秦皇岛分校,我想去月球,2,146
2026,2,1648,江西农业大学,柴烧曹记凉菜,2,146
2026,2,1648,广州南方学院,欸司,2,146
2026,2,1648,河北师范大学,还没想好队名,2,146
2026,2,1648,东北师范大学,样例全过,2,146
2026,2,1648,江西警察学院,WA之神,2,146
2026,2,1654,河南牧业经济学院,等你下课,2,147
2026,2,1654,北师香港浸会大学,时常因为不够抽象而感到格格blue,2,147
2026,2,1654,郑州大学,郑大26网络赛队伍9,2,147
2026,2,1654,天津理工大学,有困难我先撤,2,147
2026,2,1654,浙江工商大学,咕咕嘎嘎?!,2,147
2026,2,1654,合肥大学,南通队伍想要队长点金,2,147
2026,2,1654,西北工业大学,End of a RE,2,147
2026,2,1654,中国计量大学,"芙芙,mjj,lgz都是天才喵",2,147
2026,2,1654,西南石油大学,星序,2,147
2026,2,1663,南京邮电大学,njupt26team023,2,148
2026,2,1663,山东大学,"即使是 WA,只要是你就没关系的哦",2,148
2026,2,1663,大连理工大学,都是同龄人我原本没想吃酱味大鸡,2,148
2026,2,1663,武汉科技大学,未闻队名,2,148
2026,2,1663,大连大学,黑曜石奶奶,2,148
2026,2,1663,中国人民解放军网络空间部队信息工程大学,糖的霉变,2,148
2026,2,1669,上海财经大学,摆烂队,2,149
2026,2,1669,哈尔滨商业大学,胆子真是肥嘟嘟的,2,149
2026,2,1669,华南农业大学,我感觉队,2,149
2026,2,1669,山东管理学院,喵喵大队,2,149
2026,2,1669,河南师范大学,神秘,2,149
2026,2,1674,南京航空航天大学,"不比介怀我的哈气,我也不是你的基米",2,150
2026,2,1674,四川师范大学,都是同龄人,2,150
2026,2,1674,中国海洋大学,Juggernaut,2,150
2026,2,1674,温州医科大学,wmu-A,2,150
2026,2,1674,鲁东大学,key,2,150
2026,2,1679,河南理工大学,青春acm少年不会梦到兔女郎,2,151
2026,2,1679,西南民族大学,不贪心,2,151
2026,2,1679,西南民族大学,鼠鼠也想起好听队名,2,151
2026,2,1679,北京建筑大学,北建大明湖队,2,151
2026,2,1679,南阳理工学院,开完签到就坐牢,2,151
2026,2,1679,兰州理工大学,为AK的世界献上祝福,2,151
2026,2,1679,北方工业大学,真能AC吗,2,151
2026,2,1679,吉首大学,队友带我真好,2,151
2026,2,1687,哈尔滨工程大学,"好好睡觉,天天吃饭",2,152
2026,2,1687,华南理工大学,三nbs,2,152
2026,2,1687,浙江师范大学,喵,2,152
2026,2,1687,大连民族大学,答案正确,2,152
2026,2,1687,浙江科技大学,逐码寻途,2,152
2026,2,1687,丽水学院,向尚未发生举杯,2,152
2026,2,1693,香港理工大学,PolyU1,2,153
2026,2,1693,上海应用技术大学,WA了就摆烂,2,153
2026,2,1693,南阳理工学院,三只喵喵酱,2,153
2026,2,1693,南阳师范学院,俺变得更强壮了,2,153
2026,2,1697,上海财经大学,今天晚上吃什么,2,154
2026,2,1697,曲阜师范大学,AAAAC批发市场,2,154
2026,2,1697,华中科技大学,蛙蛙汐汐棋棋,2,154
2026,2,1697,上海大学,你的cpp跑不过我你信吗,2,154
2026,2,1701,山西大学,超时空AC姬,2,155
2026,2,1701,河南师范大学,线段树三杰,2,155
2026,2,1701,东华理工大学,这道题我昨天刚做过,2,155
2026,2,1704,郑州轻工业大学,燎原之盒,2,156
2026,2,1704,东北大学秦皇岛分校,cf上四位数怎么这么难,2,156
2026,2,1704,南京邮电大学,njupt26team019,2,156
2026,2,1704,北师香港浸会大学,大佬说的都队,2,156
2026,2,1704,绍兴大学,破晓,2,156
2026,2,1704,浙江工业大学,ZJUT11,2,156
2026,2,1704,中国传媒大学,叽里呱啦说啥呢我是学文科的,2,156
2026,2,1711,山东大学,不知道叫啥队,2,157
2026,2,1711,大连海事大学,那是因为我还没有启动,2,157
2026,2,1711,南京理工大学,njust_7,2,157
2026,2,1711,黑龙江大学,O(1)的脑子处理O(N!)的题,2,157
2026,2,1711,长春工业大学,正在启动,2,157
2026,2,1716,武汉纺织大学,这次AC了再走,2,158
2026,2,1716,湖南大学,杨例罗地洪一片,2,158
2026,2,1718,江汉大学,不动的大图书馆,2,159
2026,2,1718,盐城工学院,咕咕嘎嘎,2,159
2026,2,1718,河南工业大学,花团锦簇分队,2,159
2026,2,1718,华中师范大学,"至今,仍没找到一个舒服的睡觉姿势",2,159
2026,2,1722,中国地质大学(北京),temp,2,160
2026,2,1722,杭州电子科技大学信息工程学院,hziee1,2,160
2026,2,1722,丽水学院,1+1+1=3,2,160
2026,2,1725,中国民航大学,你说这题对不队,2,161
2026,2,1725,佛山大学,"那一天,人类想起了被WA支配的恐惧",2,161
2026,2,1725,深圳技术大学,SZTU_全职ACMer,2,161
2026,2,1728,浙江工商大学,未来之光,2,162
2026,2,1728,湖南理工学院,侥幸AC,2,162
2026,2,1728,陕西科技大学,做AI研究到半夜,2,162
2026,2,1728,河北师范大学,对的,2,162
2026,2,1732,武汉纺织大学,队友十年单身换取铜牌,2,163
2026,2,1732,中国民航大学,"一入递归深似海,从此回不来",2,163
2026,2,1732,吉林大学,没想好叫什么,2,163
2026,2,1732,嘉应学院,即兴演奏,2,163
2026,2,1732,山东第一医科大学,AC是你的谎言,2,163
2026,2,1737,燕山大学,弓长,2,164
2026,2,1737,中国海洋大学,合成大baka,2,164
2026,2,1737,吉林大学,随缘AC,2,164
2026,2,1737,沈阳化工大学,華鳥風月,2,164
2026,2,1741,江西师范大学,"芸芸众生,博弈代码",2,165
2026,2,1741,大连理工大学,不存在的你和AC,2,165
2026,2,1741,南京信息工程大学,三只小猫,2,165
2026,2,1744,东北大学秦皇岛分校,桃园三结义,2,166
2026,2,1744,湖南大学,芙兰大学怎么没有东方社团,2,166
2026,2,1746,集美大学,游客一队,2,167
2026,2,1746,河南工业大学,洛信封.zls,2,167
2026,2,1746,台州学院,要不再猜一下,2,167
2026,2,1749,上海科技大学,三打酱油,2,168
2026,2,1749,湖南财政经济学院,西瓜,2,168
2026,2,1749,河南师范大学,比比比比比比拉布,2,168
2026,2,1752,山东科技大学,奥伯龙号,2,169
2026,2,1752,南昌理工学院,队里有熊,2,169
2026,2,1752,南京理工大学泰州科技学院,大有可为,2,169
2026,2,1752,北京邮电大学世纪学院,这是一个队,2,169
2026,2,1752,河南师范大学,wa到天凉,2,169
2026,2,1752,华中师范大学,是区不是凶,2,169
2026,2,1752,五邑大学,我的学姐呢,2,169
2026,2,1752,中国矿业大学,cumt4,2,169
2026,2,1752,东北农业大学,其实我更会种地,2,169
2026,2,1761,暨南大学,想看deepseek生鱼片,2,170
2026,2,1761,宁波诺丁汉大学,Yurikamome,2,170
2026,2,1761,郑州大学,郑大26网络赛队伍1,2,170
2026,2,1761,云南大学,打铁组队看牛来,2,170
2026,2,1761,黑龙江八一农垦大学,八一农垦_新生一队,2,170
2026,2,1761,杭州师范大学,0.0,2,170
2026,2,1761,琼台师范学院,导员说加学分就来了,2,170
2026,2,1761,江苏师范大学,学算法学的,2,170
2026,2,1761,成都理工大学工程技术学院,读完了依赖你很快就离开,2,170
2026,2,1770,华中师范大学,ICPC存取ICBC,2,171
2026,2,1770,深圳理工大学,always kill,2,171
2026,2,1770,新疆大学,咸鱼梦想家,2,171
2026,2,1773,山东理工大学,柚子厨占领世界,2,173
2026,2,1773,济南大学,#N/A,2,173
2026,2,1773,南宁师范大学,没有复杂度,2,173
2026,2,1776,温州大学,温大一队,2,174
2026,2,1776,华南农业大学,该字段已加密,2,174
2026,2,1776,中央民族大学,端茶倒水,2,174
2026,2,1779,莆田学院,火之意志继承者,2,175
2026,2,1779,西南科技大学,茱萸,2,175
2026,2,1779,蒙古国立大学(Монгол Улсын Их Сургууль),NUM-SOTS,2,175
2026,2,1779,大连理工大学,你们说的都不队,2,175
2026,2,1779,中国人民解放军网络空间部队信息工程大学,321,2,175
2026,2,1779,昆山杜克大学,昆杜一队,2,175
2026,2,1785,浙江工业大学之江学院,ZZJC02,2,176
2026,2,1785,江西财经大学,重生之队友是算法大神,2,176
2026,2,1785,浙江育英职业技术学院,Zzz... 判题机轻点吵 (。-ω-)zzzゞ,2,176
2026,2,1785,集美大学,萌新>新人>窝,2,176
2026,2,1785,重庆大学,?!!区区!!?,2,176
2026,2,1785,河北师范大学,夜班敲代码,2,176
2026,2,1785,中南民族大学,WA机器,2,176
2026,2,1792,浙江工业大学之江学院,ZZJC01,2,177
2026,2,1792,北京化工大学,铁牌也是牌,2,177
2026,2,1792,南昌理工学院,你Wa不过我你信吗,2,177
2026,2,1792,湖南大学,学吸不如学罗斯特,2,177
2026,2,1792,浙江农林大学,waitforduskatnanshan,2,177
2026,2,1792,江苏海洋大学,难道要放弃了吗,2,177
2026,2,1792,北方工业大学,豆包奇遇记,2,177
2026,2,1799,杭州师范大学,"光之国的家,是他们的故乡",2,178
2026,2,1799,南京晓庄学院,杜麦尼,2,178
2026,2,1799,台州学院,wa就wa了,2,178
2026,2,1802,大连民族大学,晚安,2,179
2026,2,1802,山东女子学院,算鸟捞AC队,2,179
2026,2,1804,大连理工大学,一人一道做完睡觉,2,180
2026,2,1804,中国海洋大学,再AC14题就好,2,180
2026,2,1804,合肥大学,ABCD without BD,2,180
2026,2,1807,南昌大学,抽象一点,2,181
2026,2,1807,深圳理工大学,SUAT曙光231,2,181
2026,2,1807,乐山师范学院,"这题不会,d一下",2,181
2026,2,1807,深圳技术大学,SZTU_终结技来咯,2,181
2026,2,1811,蒙古国立大学(Монгол Улсын Их Сургууль),NUM-BTsCh,2,182
2026,2,1811,南阳理工学院,三驱兄弟,2,182
2026,2,1811,西北农林科技大学,圣碧希纳,2,182
2026,2,1811,河南师范大学,起个不简单的吧,2,182
2026,2,1811,沈阳化工大学,AK自动机,2,182
2026,2,1816,重庆文理学院,曾存于此的奶蛙之终,2,183
2026,2,1816,上海大学,朗基努斯之枪,2,183
2026,2,1816,吉林大学,我也要AC吗,2,183
2026,2,1816,北方工业大学,你说的都队,2,183
2026,2,1820,绍兴理工学院,重生大帝被数据薄纱,2,184
2026,2,1820,吉林大学,编C++编的,2,184
2026,2,1820,成都理工大学工程技术学院,"老米只会写**,老库不会写**",2,184
2026,2,1820,中国矿业大学,cumt3,2,184
2026,2,1824,浙大宁波理工学院,宁波理工7队,2,185
2026,2,1825,齐鲁工业大学(山东省科学院),暗香浮动月黄昏,2,186
2026,2,1825,郑州大学,郑大26网络赛队伍14,2,186
2026,2,1825,西华师范大学,宇宙勇,2,186
2026,2,1825,河南师范大学,神威难藏泪,2,186
2026,2,1825,中国民航大学,人人为我我为人人,2,186
2026,2,1830,湖北师范大学,"震鲸瘫坐,核弹爆炸",2,187
2026,2,1830,南京工业大学,NJTECH3,2,187
2026,2,1830,哈尔滨理工大学,2026哈理工03,2,187
2026,2,1830,南京理工大学紫金学院,您是人类,2,187
2026,2,1834,南阳师范学院,迎风向前,2,188
2026,2,1834,江苏理工学院,正在加载中,2,188
2026,2,1836,天津理工大学,水滴,2,189
2026,2,1837,重庆工程学院,重工新生队,2,190
2026,2,1837,武汉工程大学,别问我们叫什么队,2,190
2026,2,1837,黄冈师范学院,思考ing,2,190
2026,2,1837,上海大学,SHU14,2,190
2026,2,1841,浙江财经大学,浙财3队,2,191
2026,2,1841,浙江农林大学,求求下面的队伍不要再AC了,2,191
2026,2,1843,中南财经政法大学,键盘给你你来写,2,192
2026,2,1843,山东大学,偷摸跟榜喵~,2,192
2026,2,1843,华南农业大学,憧憬成为acm学长邂逅ac学妹,2,192
2026,2,1843,福建理工大学,福建理工大学女队,2,192
2026,2,1847,陕西师范大学,爱笑的奶蛙运气不会差,2,193
2026,2,1847,福州工商学院,王不留行,2,193
2026,2,1849,江西师范大学,ovO,2,194
2026,2,1849,武汉理工大学,让C++再次伟大,2,194
2026,2,1849,丽水学院,清流,2,194
2026,2,1852,湖北工业大学,异贪构思,2,195
2026,2,1852,绍兴理工学院,奶龙VS黄色老鼠,2,195
2026,2,1854,同济大学,局外人,2,196
2026,2,1854,中南民族大学,<(oOo)><(oOo)><(oOo)>,2,196
2026,2,1856,齐鲁工业大学(山东省科学院),霜叶白于冬月雪,2,197
2026,2,1856,宁波工程学院,WA到失去梦想,2,197
2026,2,1858,南京邮电大学,njupt26team008,2,198
2026,2,1859,韶关学院,"打表过样例,大力出奇迹",2,199
2026,2,1859,西北农林科技大学,拒绝WA大队,2,199
2026,2,1861,中国科学院大学,咕咕嘎嘎,2,200
2026,2,1861,湖南警察学院,湘警院1队,2,200
2026,2,1861,河南工程学院,南苑五队,2,200
2026,2,1864,南京邮电大学,njupt26team016,2,201
2026,2,1864,宁波大学,Seeking,2,201
2026,2,1866,韶关学院,三个打铁匠,2,203
2026,2,1866,新疆大学,签到就是胜利,2,203
2026,2,1866,成都信息工程大学,脖子好啦,2,203
2026,2,1866,四川师范大学,签到题必过,2,203
2026,2,1866,新疆大学,高亮天下第一,2,203
2026,2,1871,南京邮电大学,njupt26team018,2,204
2026,2,1871,青岛大学,可惜你从未心疼我的笨,2,204
2026,2,1871,中国人民解放军网络空间部队信息工程大学,南波湾,2,204
2026,2,1871,中国民航大学,不吃罚时,2,204
2026,2,1875,湖南科技大学,咸鱼也有翻身梦,2,205
2026,2,1875,南京师范大学,不知道取啥名,2,205
2026,2,1877,河南理工大学,hpu3,2,206
2026,2,1877,南京邮电大学通达学院,绝对暴力,2,206
2026,2,1879,哈尔滨工业大学(威海),被ICPC暴打,2,207
2026,2,1879,湖南大学,古希腊掌握古法编程的哈基米,2,207
2026,2,1879,福建农林大学,凸包排序,2,207
2026,2,1879,福建农林大学,这个小队有格调,2,207
2026,2,1879,重庆大学,弓长张,2,207
2026,2,1884,成都东软学院,"皇上~该起了,比赛要开始了,去晚了就打铁了",2,208
2026,2,1885,郑州轻工业大学,嗷呜辉吃牛肉,2,209
2026,2,1885,东莞理工学院,给小睦黄瓜叠3层fever,2,209
2026,2,1885,山东女子学院,重生之acm再再看我一眼,2,209
2026,2,1888,浙江理工大学,想吃掉我的ACM少女,2,211
2026,2,1888,河南理工大学,hpu2,2,211
2026,2,1888,广州应用科技学院,Wa的尽头是Ac,2,211
2026,2,1888,五邑大学,神不需要键盘,2,211
2026,2,1892,浙江农林大学,奶龙大王在此,2,212
2026,2,1892,浙江农林大学,jisuanji253,2,212
2026,2,1894,电子科技大学成都学院,平泽唯,2,213
2026,2,1895,国防科技大学,内核崩溃,2,214
2026,2,1895,深圳大学,再想五分钟,2,214
2026,2,1895,广东海洋大学,我想拿铜奖,2,214
2026,2,1898,南华大学,给我Accept的WA TAT,2,215
2026,2,1899,西安建筑科技大学,"根本赢不了,我听不懂!",2,216
2026,2,1899,怀化学院,哆啦a梦的任意门,2,216
2026,2,1899,宁波大学,努力,2,216
2026,2,1899,重庆邮电大学,"打A是骗局,打瓦是真爽",2,216
2026,2,1899,鲁东大学,破晓,2,216
2026,2,1904,武汉纺织大学,毛毛虫织布,2,217
2026,2,1904,武汉纺织大学外经贸学院,榜歪了别看,2,217
2026,2,1906,沈阳师范大学,致敬传奇synu算法皇帝仓鼠,2,218
2026,2,1906,北京化工大学,暴力永远不TLE,2,218
2026,2,1906,中国石油大学(华东),中石大1336,2,218
2026,2,1906,同济大学,盛开在有你的未来,2,218
2026,2,1910,武汉纺织大学,TLX,2,219
2026,2,1910,黑龙江大学,地灵殿刷铁机,2,219
2026,2,1910,西华师范大学,amazing,2,219
2026,2,1913,华南农业大学,为番茄炒蛋甜咸吵到打满罚时,2,220
2026,2,1913,华南农业大学,Code::Code::Bee,2,220
2026,2,1913,湖南理工学院,中国人能飞,2,220
2026,2,1913,沈阳航空航天大学,乐邦詹士快攻的勾特,2,220
2026,2,1913,南京师范大学,没什么想法,2,220
2026,2,1913,西安理工大学,我们也要起名字吗,2,220
2026,2,1913,哈尔滨理工大学,2026哈理工19,2,220
2026,2,1920,衡阳师范学院,咕咕嘎嘎,2,221
2026,2,1921,武汉轻工大学,超超超喜欢你的100个acmer,2,223
2026,2,1921,河北工程大学,我也要打吗,2,223
2026,2,1923,宁夏大学,这个动物拟人,2,224
2026,2,1923,中国计量大学,偷星九月天,2,224
2026,2,1925,南京财经大学,紫丁香,2,225
2026,2,1925,浙江工商大学,ac不了就去玩原神,2,225
2026,2,1927,安徽师范大学,随缘,2,226
2026,2,1928,东莞理工学院,巴巴博弈,2,227
2026,2,1928,上海大学,永不打铁,2,227
2026,2,1930,上海电力大学,上电新生一队,2,228
2026,2,1930,长春工业大学,飞沙走石,2,228
2026,2,1930,湖南工程学院,湖南工程学院信工院3队,2,228
2026,2,1933,中国矿业大学,cumt8,2,229
2026,2,1933,河南师范大学,派蒙正在编译中,2,229
2026,2,1935,深圳理工大学,这白开水怎么没味儿啊,2,230
2026,2,1935,西北工业大学,三WA精,2,230
2026,2,1937,河南大学,云开月明,2,233
2026,2,1938,郑州大学,郑大26网络赛队伍4,2,234
2026,2,1939,山东师范大学,仅样例通过,2,235
2026,2,1940,广西师范大学,哇哈哈哈哈,2,236
2026,2,1940,佛山大学,无敌仓库大王,2,236
2026,2,1942,南京航空航天大学,哞哞哞,2,237
2026,2,1943,湖南农业大学,零罚时,2,238
2026,2,1943,长沙学院,路边三只猪,2,238
2026,2,1943,长沙理工大学,长沙理工大学五队,2,238
2026,2,1943,青岛农业大学,如果网络赛出线我就去见她,2,238
2026,2,1947,大连海事大学,石明子,2,239
2026,2,1947,乐山师范学院,星回赴序,2,239
2026,2,1949,山东管理学院,"死手快写,别看榜单了",2,240
2026,2,1950,衢州职业技术学院,不要数数,2,242
2026,2,1950,河南工程学院,河工一队,2,242
2026,2,1952,哈尔滨商业大学,黄嘉毅的小跟班们,2,243
2026,2,1952,陕西科技大学,向深水中的晨星,2,243
2026,2,1952,香港科技大学,LG7好好吃,2,243
2026,2,1952,上海大学,"队长都不在的队伍,有没有懂的",2,243
2026,2,1952,湖州师范大学,芭比与三剑客,2,243
2026,2,1957,武汉科技大学,"AC小姐,拜托了",2,244
2026,2,1957,厦门理工学院,愿戴荣光坠入天渊,2,244
2026,2,1957,浙江科技大学,地底蔷薇,2,244
2026,2,1960,华南农业大学,恶魔猫猫摸猫猫,2,245
2026,2,1961,上海应用技术大学,老大我们这样真能AC吗,2,246
2026,2,1962,华东师范大学,WA自动机初号机,2,247
2026,2,1962,丽水学院,喵喵喵,2,247
2026,2,1964,河南大学,母鸡队,2,248
2026,2,1964,浙江工商大学,看我装阴唐他一手,2,248
2026,2,1966,桂林电子科技大学,"开局睡觉,考核队友的来",2,249
2026,2,1966,无锡学院,怎么一来就AC了,2,249
2026,2,1966,浙江工业大学,ZJUT9,2,249
2026,2,1966,东北师范大学,319小分队,2,249
2026,2,1970,山东大学,重生之我在软村打 ACM,2,250
2026,2,1970,齐鲁工业大学(山东省科学院),初来赛场菜菜的,2,250
2026,2,1970,黑龙江大学,ACM就是要自动AC的才好玩,2,250
2026,2,1970,湖南财政经济学院,蓝天白云,2,250
2026,2,1974,湖南农业大学,茉莉与,2,251
2026,2,1974,温州医科大学,wmu-C,2,251
2026,2,1974,浙江科技大学,言语人类懂不看,2,251
2026,2,1974,西南石油大学,下海,2,251
2026,2,1978,齐鲁工业大学(山东省科学院),定风波,2,252
2026,2,1978,河南师范大学,想不出队名所以无队名,2,252
2026,2,1978,吉林大学,前有绝景,2,252
2026,2,1981,长春工业大学,草帽小队,2,253
2026,2,1982,郑州航空工业管理学院,郑州航空工业管理学院,2,254
2026,2,1983,南京邮电大学,njupt26team022,2,257
2026,2,1984,浙江农林大学,错误技,2,258
2026,2,1984,华中师范大学,BMPT-58MKK,2,258
2026,2,1986,郑州经贸学院,夏季大三角,2,259
2026,2,1986,山东石油化工学院,共享大脑未连接,2,259
2026,2,1988,中央民族大学,央民是大区,2,260
2026,2,1989,武昌首义学院,队名好难想,2,261
2026,2,1989,南京晓庄学院,破绽 烧冻鸡翅,2,261
2026,2,1989,中国传媒大学,枫落潮声起,2,261
2026,2,1992,南昌航空大学,三人成行,2,262
2026,2,1993,南京师范大学,牛来,2,263
2026,2,1993,河北工程大学,AAA代码批发商,2,263
2026,2,1995,苏州大学,她说那晚人很多以为有你,2,264
2026,2,1996,大连理工大学盘锦校区,再一次,2,265
2026,2,1996,惠州学院,睡五个小时,2,265
2026,2,1996,山东科技大学,占星者号,2,265
2026,2,1996,三峡大学,ctgu3,2,265
2026,2,1996,浙江机电职业技术大学,1W1T1M,2,265
2026,2,2001,延安大学西安创新学院,无足鸟,2,266
2026,2,2001,鲁东大学,不爆零骑士团,2,266
2026,2,2001,浙江科技大学,这里还有人类吗,2,266
2026,2,2001,天津工业大学,曦火流光,2,266
2026,2,2005,大连理工大学盘锦校区,临时组的,2,267
2026,2,2005,吉林大学,追忆,2,267
2026,2,2005,上海理工大学,千年科技真理部,2,267
2026,2,2008,成都理工大学,这么强强么这,2,270
2026,2,2008,山东大学(威海),被题踢出对局,2,270
2026,2,2008,湖南科技学院,高性能萝卜子,2,270
2026,2,2011,青岛大学,妄想天使三小只,2,271
2026,2,2011,浙江传媒学院,"巨型AC,破壳而出",2,271
2026,2,2013,东北大学秦皇岛分校,脑子离家出走,2,272
2026,2,2013,东华理工大学,用10个TLE换她一个回眸队,2,272
2026,2,2013,合肥工业大学,合工大2604,2,272
2026,2,2016,成都锦城学院,创智二队,2,273
2026,2,2016,天津大学,津辉恋曲三重奏,2,273
2026,2,2018,中南民族大学,"超级大虾,高举虾钳,绝不软脚",2,274
2026,2,2018,华东师范大学,你好这里不让睡觉,2,274
2026,2,2020,中国矿业大学(北京),传奇,2,275
2026,2,2021,北师香港浸会大学,广告招租位,2,276
2026,2,2022,香港科技大学(广州),RE:从零开始的XCPC生活,2,277
2026,2,2022,南阳理工学院,全队都夯爆了,2,277
2026,2,2024,安徽大学,全靠蒙队,2,278
2026,2,2025,哈尔滨工业大学(威海),优雅暴力,2,279
2026,2,2025,中原工学院,tbd,2,279
2026,2,2027,贵州民族大学,红魔幼儿编程,2,280
2026,2,2027,中国地质大学(武汉),QWERTYUIOP,2,280
2026,2,2027,黄冈师范学院,整点薯条,2,280
2026,2,2027,西南财经大学,初出茅庐,2,280
2026,2,2031,浙江财经大学,浙财2队,2,281
2026,2,2031,怀化学院,灼华留名,2,281
2026,2,2033,黄淮学院,签上到就算赢,2,282
2026,2,2033,天津大学,牛马鸽,2,282
2026,2,2035,广州软件学院,转生铁牌,2,284
2026,2,2036,香港城市大学,CityU3,2,285
2026,2,2037,贵州民族大学,少吃点,2,287
2026,2,2037,黄淮学院,如果忧郁是种天赋,2,287
2026,2,2039,北方民族大学,不会英语队,2,289
2026,2,2039,琼台师范学院,默默不语,2,289
2026,2,2041,南京邮电大学,njupt26team005,2,294
2026,2,2042,中南民族大学,111111111传媒,2,295
2026,2,2042,天津工业大学,算法三剑客,2,295
2026,2,2044,广东金融学院,你怎么知道我英语四级375,2,296
2026,2,2044,河南师范大学,qu新人类,2,296
2026,2,2046,浙江师范大学,空间换时间,2,297
2026,2,2046,黄冈师范学院,愚者纵千丝,2,297
2026,2,2048,成都信息工程大学,小企鹅,2,298
2026,2,2049,湖北工业大学,蛋仔派对O_O,2,300
2026,2,2050,武昌首义学院,签到领气球观光团,2,301
2026,2,2051,福建技术师范学院,福建技术师范学院,2,302
2026,2,2051,五邑大学,海上钢琴师,2,302
2026,2,2051,华东师范大学,哎哎我告诉你个秘密哎,2,302
2026,2,2054,哈尔滨工业大学(深圳),真功夫队,2,303
2026,2,2054,山东科技大学,圣剑号,2,303
2026,2,2056,北京邮电大学,重生之忘带前世记忆打acm,2,304
2026,2,2056,成都师范学院,成都师范学院一队,2,304
2026,2,2058,苏州大学,汪汪队,2,305
2026,2,2058,湖南大学,哈德曼的妖怪算法,2,305
2026,2,2060,安徽师范大学,天绫绫地宁宁,2,306
2026,2,2061,陕西科技大学,浑水摸鱼,2,307
2026,2,2061,北京语言大学,样例搬运工,2,307
2026,2,2063,陕西师范大学,月球区域金,2,308
2026,2,2064,重庆大学,查无此队,2,309
2026,2,2064,西北工业大学,爆裂一大清早,2,309
2026,2,2066,内蒙古师范大学,内师2队,2,310
2026,2,2067,郑州工商学院,特判救全队,2,311
2026,2,2068,浙江工商大学,AAA电脑维修小队,2,312
2026,2,2069,东华大学,AC型人格,2,316
2026,2,2069,华东师范大学,ecnu03,2,316
2026,2,2071,江南大学,这道题我好像见过~~,2,317
2026,2,2072,海南大学,两个人也可以吗,2,318
2026,2,2073,长安大学,闯红灯,2,321
2026,2,2074,香港理工大学,传奇蒟蒻,2,324
2026,2,2074,浙江工业职业技术学院,浙工院1队,2,324
2026,2,2076,河南工程学院,河工二队,2,327
2026,2,2076,杭州师范大学,AC就去吃麦当劳,2,327
2026,2,2078,广东技术师范大学,奶尤,2,331
2026,2,2079,吉利学院,真的好难铜,2,333
2026,2,2079,厦门大学马来西亚分校,时间复杂度,2,333
2026,2,2081,广州大学,清分落叶需沁春,2,336
2026,2,2082,中国人民解放军网络空间部队信息工程大学,道可道,2,339
2026,2,2082,广东海洋大学,永雏塔菲香香喵,2,339
2026,2,2082,河南农业大学,我无疑是兴奋的,2,339
2026,2,2085,江西师范大学,启运阁,2,340
2026,2,2086,北京科技大学,北京科技大学队伍5,2,341
2026,2,2087,济南大学,抽卡不歪之队,2,344
2026,2,2088,宁波大学,进击的双马尾小猫,2,345
2026,2,2089,东北林业大学,东林5队,2,347
2026,2,2090,杭州师范大学,just experience,2,348
2026,2,2090,太原理工大学,优先队列,2,348
2026,2,2092,东北大学,东北大学_请输入队名,2,349
2026,2,2092,哈尔滨工程大学,一点也不长WA#1,2,349
2026,2,2092,丽水学院,不要指望我们队,2,349
2026,2,2095,蒙古国立大学(Монгол Улсын Их Сургууль),NUM-XOX,2,353
2026,2,2096,南京工业大学,NJTECH4,2,358
2026,2,2097,河海大学,史蒂夫能在提瓦特用哈夫币换金牌吗,2,359
2026,2,2098,南通大学,样例过了就算AC,2,361
2026,2,2098,河南工程学院,南苑三队,2,361
2026,2,2100,中国民航大学,三进制,2,363
2026,2,2101,东北农业大学,好想放假,2,364
2026,2,2102,北方工业大学,你不在这队,2,365
2026,2,2103,天津大学,?!这么弱!?,2,366
2026,2,2104,杭州电子科技大学信息工程学院,hziee2,2,367
2026,2,2104,湘潭大学,xtu-7,2,367
2026,2,2106,湖南中医药大学,样例过了就提交,2,369
2026,2,2106,沈阳航空航天大学,正相反的WA和我,2,369
2026,2,2106,湖南工程学院,湖南工程学院信工院2队,2,369
2026,2,2109,长沙理工大学,长沙理工大学六队,2,370
2026,2,2109,兰州大学,既然不知道取什么名字就取这个名字好了,2,370
2026,2,2111,河北科技大学,感觉都队,2,372
2026,2,2112,天津仁爱学院,仁爱网络赛参赛队,2,374
2026,2,2113,安徽师范大学,神之三首,2,375
2026,2,2114,北方工业大学,我们真的会AC,2,378
2026,2,2115,嘉应学院,暮色运算符,2,381
2026,2,2116,西南交通大学,SWJTU-爱玩末地烛说是,2,385
2026,2,2117,吉利学院,老叟戏顽童,2,390
2026,2,2118,河南师范大学,ccttbb,2,393
2026,2,2119,江西财经大学,CS_别TLE了AC吧,2,394
2026,2,2119,鲁东大学,只会写暴力,2,394
2026,2,2121,大连海事大学,宝子你继续嗯,2,396
2026,2,2122,四川师范大学,总是做不队,2,397
2026,2,2123,同济大学,牛来,2,400
2026,2,2124,湖北大学,HUBU02,2,401
2026,2,2125,中南民族大学,三人环式求带,2,403
2026,2,2126,浙江机电职业技术大学,样例全过就队,2,404
2026,2,2127,西北农林科技大学,虚空,2,410
2026,2,2128,东华理工大学,全WA队,2,411
2026,2,2129,南京师范大学,呆呆能攻智人不会梦见清纯ac姬,2,414
2026,2,2130,浙大城市学院,不知道,2,430
2026,2,2131,河南师范大学,123,2,437
2026,2,2132,南阳理工学院,假如他俩都是苦力,2,442
2026,2,2133,青岛农业大学,队伍名称,2,443
2026,2,2134,广西科技师范学院,两个男队友分手了打比赛我被夹在中间传话发现其中一个怀孕了,2,444
2026,2,2135,成都锦城学院,创智十五队,2,457
2026,2,2136,台州学院,最后一维的投影,2,458
2026,2,2137,福建师范大学,开局wa倒地激发队友潜力(?,2,463
2026,2,2138,四川师范大学,固长机器人,2,464
2026,2,2139,黑龙江大学,队名正在加载中,2,468
2026,2,2140,南阳理工学院,你 A 不过我你信吗,2,470
2026,2,2141,浙江工商大学,随风入红尘,2,473
2026,2,2142,金陵科技学院,没,2,476
2026,2,2143,中国矿业大学(北京),段错屋,2,481
2026,2,2144,北京工业大学,码上就写队,2,495
2026,2,2145,湖北大学,HUBU03,2,522
2026,2,2146,浙江中医药大学,ZCMU02,2,531
2026,2,2147,昭通学院,求求这发AC,2,537
2026,2,2148,闽南师范大学,对对对,2,564
2026,2,2149,湖南理工学院,冰淇淋,2,599
2026,2,2150,湖北工业大学,哈基米大战代码,2,627
2026,2,2151,河南师范大学,都行吧,2,657
2026,2,2152,大连工程学院,忆水合氨,2,658
2026,2,2153,阿坝师范学院,疏影,2,711
2026,2,2154,河南工程学院,河工三队,2,712
2026,2,2155,南京工程学院,奶龙队,2,728
2026,2,2156,成都信息工程大学,我不要当WA学弟,2,777
2026,2,2157,天津工业大学,“代码对不”队,1,16
2026,2,2158,台州学院,胡桃率先出击,1,17
2026,2,2159,淮安大学,我说原神牛逼尼尔多隆吗?,1,18
2026,2,2159,上海科技大学,正在重新连接 5/5,1,18
2026,2,2161,西南财经大学,顽童戏老叟,1,19
2026,2,2162,东南大学,是人,1,20
2026,2,2163,首都师范大学,老街管道耍连喷,1,21
2026,2,2164,中国地质大学(北京),男人一生只wa十八次,1,22
2026,2,2164,郑州大学,郑大26网络赛队伍10,1,22
2026,2,2164,山东青年政治学院,IDK,1,22
2026,2,2164,浙大宁波理工学院,宁波理工4队,1,22
2026,2,2168,成都信息工程大学,请输入队名,1,23
2026,2,2168,兰州大学,距离27考研还有104天,1,23
2026,2,2168,宿州学院,过样例也算过,1,23
2026,2,2171,北京交通大学(威海),bjv03,1,24
2026,2,2171,广州大学,我爻验token,1,24
2026,2,2171,山东大学,从山里来的队,1,24
2026,2,2171,山东工商学院,别再TLE,1,24
2026,2,2171,桂林电子科技大学,桂电二队,1,24
2026,2,2171,南昌航空大学,浅闯ICPC,1,24
2026,2,2177,广州华商学院,GZHSC02,1,25
2026,2,2177,成都锦城学院,睁眼看世界,1,25
2026,2,2177,南阳理工学院,这次尽量不 wa,1,25
2026,2,2177,中国海洋大学,宕机小队,1,25
2026,2,2177,江西警察学院,算了你说什么都队,1,25
2026,2,2177,湖北中医药大学,笑发财,1,25
2026,2,2183,上海科技大学,退堂鼓表演艺术家,1,26
2026,2,2183,南昌大学,尝试Hello world一万次最终放弃,1,26
2026,2,2185,香港科技大学,类型不对啊,1,27
2026,2,2185,华南理工大学,三人都过,1,27
2026,2,2185,东南大学,不变量,1,27
2026,2,2188,华南农业大学,下一题能队,1,28
2026,2,2188,怀化学院,花匠不再养花,1,28
2026,2,2188,哈尔滨理工大学,2026哈理工08,1,28
2026,2,2191,东北大学秦皇岛分校,冕,1,29
2026,2,2191,上海电力大学,只学二进制语言就够了,1,29
2026,2,2191,燕山大学,你的代码真是红嘟嘟,1,29
2026,2,2191,苏州大学,大白猫,1,29
2026,2,2191,绍兴理工学院,队名,1,29
2026,2,2191,广东轻工职业技术大学,卡jioC,1,29
2026,2,2191,琼台师范学院,熵减,1,29
2026,2,2191,东北师范大学,啦啦队,1,29
2026,2,2199,南京航空航天大学,贵物,1,30
2026,2,2199,中国人民解放军网络空间部队信息工程大学,中国人能飞,1,30
2026,2,2199,台州学院,阳光咩咩,1,30
2026,2,2199,唐山学院,超时迷途,1,30
2026,2,2203,南京邮电大学,njupt26team024,1,31
2026,2,2203,西南大学,设备的问题,1,31
2026,2,2205,东南大学,AC自动坤,1,32
2026,2,2205,中央民族大学,队名,1,32
2026,2,2207,中南财经政法大学,拒绝TLE,1,33
2026,2,2207,广东技术师范大学,关于我的队友把偷菜当成每日训练这件事,1,33
2026,2,2207,西安理工大学高科学院,锟斤拷,1,33
2026,2,2207,哈尔滨理工大学,2026哈理工12,1,33
2026,2,2211,成都理工大学,某科学的一方通行,1,34
2026,2,2211,河南师范大学,西格玛AC机,1,34
2026,2,2213,嘉应学院,做得都队,1,35
2026,2,2214,深圳北理莫斯科大学,深北莫1队,1,36
2026,2,2214,西南财经大学,海底小纵队,1,36
2026,2,2214,郑州工商学院,犬子队,1,36
2026,2,2214,郑州工商学院,代码不超时,1,36
2026,2,2218,南京邮电大学,njupt26team017,1,37
2026,2,2218,郑州升达经贸管理学院,二分永不超时,1,37
2026,2,2218,河北师范大学,AC了才行,1,37
2026,2,2218,河南师范大学,从容面队,1,37
2026,2,2222,中南财经政法大学,考的全会蒙的全队,1,38
2026,2,2222,浙江万里学院,万里六队,1,38
2026,2,2222,金陵科技学院,超级无敌大奶龙,1,38
2026,2,2222,西南大学,不要做 WA 学弟了,1,38
2026,2,2222,哈尔滨理工大学,2026哈理工18,1,38
2026,2,2222,武汉大学,不爱吃仓鼠肉,1,38
2026,2,2228,惠州学院,骗过系统偷AC,1,39
2026,2,2228,华南师范大学,好想吃薯条,1,39
2026,2,2228,云南大学,写不出来就直接睡觉,1,39
2026,2,2231,南京信息工程大学,"我是噜噜,我是噜噜,我才是噜噜",1,40
2026,2,2231,广州软件学院,吮指原味鸡,1,40
2026,2,2231,长沙学院,你管我对不对,1,40
2026,2,2231,浙大城市学院,摸鱼大师,1,40
2026,2,2231,唐山学院,巴巴博一勇闯ACM,1,40
2026,2,2236,江汉大学,江大accccc,1,41
2026,2,2236,大连理工大学盘锦校区,AC自动二号机,1,41
2026,2,2236,安徽财经大学,小孩哥别炸我,1,41
2026,2,2239,内蒙古师范大学,内师3队,1,42
2026,2,2239,山东财经大学,不知道啊发通知我们就来了,1,42
2026,2,2241,北京外国语大学,不CE就算队,1,43
2026,2,2241,五邑大学,这是什么比赛,1,43
2026,2,2241,郑州工商学院,+11何意味,1,43
2026,2,2244,中国科学院大学,啊对对队,1,44
2026,2,2244,闽南师范大学,%%%,1,44
2026,2,2244,台州学院,声声man,1,44
2026,2,2247,华南师范大学,好问题,1,45
2026,2,2247,琼台师范学院,边界杀手,1,45
2026,2,2247,太原理工大学,一切都是命运石之门的选择,1,45
2026,2,2250,兰州交通大学,锐锋三杰,1,46
2026,2,2250,厦门大学嘉庚学院,请输入文本,1,46
2026,2,2252,贵州民族大学,想知道我们为什么这么可爱?我们有我们的糖王,1,47
2026,2,2253,唐山师范学院,南波万,1,48
2026,2,2253,浙江科技大学,浙科十一队,1,48
2026,2,2255,中南财经政法大学,牛来队,1,49
2026,2,2255,贵州大学,贵大1队,1,49
2026,2,2255,湖南财政经济学院,从零开始的ACM,1,49
2026,2,2255,长春大学,哒哒哒哒哒好想玩原神,1,49
2026,2,2255,唐山师范学院,随随便便才能队,1,49
2026,2,2260,北京化工大学,北化少女乐队,1,50
2026,2,2260,重庆大学,BDACM爱好者,1,50
2026,2,2262,成都大学,小白逆袭三剑客,1,51
2026,2,2262,淮安大学,想打acm结果发现一道题都不会于是打开原神开始刷圣遗物被取消比赛资格,1,51
2026,2,2262,济宁学院,济宁学院2队,1,51
2026,2,2262,哈尔滨理工大学威海校区,长征队,1,51
2026,2,2266,宁波诺丁汉大学,WA再交一发,1,52
2026,2,2266,华南师范大学,星海归航,1,52
2026,2,2266,广东海洋大学,蹦蹦炸弹炸飞奶龙,1,52
2026,2,2269,西南石油大学,蒙的全对,1,53
2026,2,2269,南京工业大学,NJTECH5,1,53
2026,2,2269,大连理工大学盘锦校区,0xDEADBEEF,1,53
2026,2,2269,西南财经大学,顺其自然,1,53
2026,2,2273,兰州大学,宁拾伍,1,54
2026,2,2273,大连东软信息学院,教练我们这么写真的能过吗,1,54
2026,2,2273,浙江科技大学,我们是最棒的小羊,1,54
2026,2,2276,华中科技大学,古法编程非遗传承人,1,55
2026,2,2276,琼台师范学院,贪得吴彦组,1,55
2026,2,2276,青岛农业大学,青春在校acmer会不会遇到他的WA学姐,1,55
2026,2,2279,南京邮电大学通达学院,对对队,1,57
2026,2,2279,福建师范大学,ACM一定要有AC,1,57
2026,2,2279,中国海洋大学,嘎嘣脆,1,57
2026,2,2279,北师香港浸会大学,麻麻酱我染上了福瑞我要变成奶龙了,1,57
2026,2,2279,大连民族大学,想过好日子,1,57
2026,2,2279,沈阳化工大学,铠甲勇士之奶龙,1,57
2026,2,2285,兰州交通大学,溯数小队,1,58
2026,2,2285,青岛黄海学院,"吾爱有三,日月ACM",1,58
2026,2,2285,中国矿业大学,cumt7,1,58
2026,2,2285,河南农业大学,不哭不哭只是宝宝,1,58
2026,2,2289,湖南农业大学,码系团,1,59
2026,2,2289,杭州电子科技大学信息工程学院,hziee3,1,59
2026,2,2289,山东科技大学,图拉号,1,59
2026,2,2289,哈尔滨理工大学,2026哈理工10,1,59
2026,2,2293,西南财经大学,无限AC,1,60
2026,2,2293,西南财经大学,别急让我想想,1,60
2026,2,2295,北华大学,赞达尔·叁·桑原,1,61
2026,2,2295,广州大学,我已急哭,1,61
2026,2,2295,武汉大学,与你WA到生命尽头,1,61
2026,2,2295,重庆大学,"编程转生,来到icpc就拿出真本事",1,61
2026,2,2299,山东科技大学,庄严号,1,62
2026,2,2299,哈尔滨理工大学,2026哈理工17,1,62
2026,2,2301,河北科技大学,暴力过一切,1,63
2026,2,2301,南京师范大学,姜维妲己,1,63
2026,2,2303,香港理工大学,我是怨种,1,64
2026,2,2303,河南科技学院,超级无敌霸王龙,1,64
2026,2,2303,中国民航大学,样例过了就是AC!,1,64
2026,2,2303,五邑大学,11_,1,64
2026,2,2307,郑州师范学院,哔哔拉布,1,65
2026,2,2307,上海应用技术大学,李国草,1,65
2026,2,2307,惠州学院,0基础新生队,1,65
2026,2,2307,大连海洋大学,大连海洋大学1号队,1,65
2026,2,2311,湖南理工学院,周末不回信,1,66
2026,2,2311,河北金融学院,幽怀,1,66
2026,2,2313,浙江传媒学院,丸之内TLE狂,1,67
2026,2,2313,山东科技大学,尤里卡号,1,67
2026,2,2313,南昌理工学院,三小只,1,67
2026,2,2313,浙江工商大学杭州商学院,桐庐码客,1,67
2026,2,2313,云南大学,海绵宝宝抓派大星抓章鱼哥抓水母,1,67
2026,2,2318,湖州学院,罚时大王,1,68
2026,2,2318,广州华商学院,GZHSC03,1,68
2026,2,2318,郑州大学,郑大26网络赛队伍15,1,68
2026,2,2321,华中师范大学,别抠我Ctrl+C+V,1,69
2026,2,2321,东北师范大学,奶牛band也要打icpc吗,1,69
2026,2,2323,华北理工大学,给你柠檬椰果养乐多能给我AC吗,1,70
2026,2,2323,湖北文理学院,湖北文理学院1队,1,70
2026,2,2323,温州大学,只因你太美,1,70
2026,2,2323,合肥工业大学,合工大2607,1,70
2026,2,2327,南华大学,月夕花晨,1,71
2026,2,2328,山东科技大学,克拉克号,1,72
2026,2,2328,徐州工程学院,咕咕嘎嘎,1,72
2026,2,2328,吉首大学,No Iron,1,72
2026,2,2328,湖南涉外经济学院,关注萌新喵喵,1,72
2026,2,2332,皖南医科大学,周末不加班,1,73
2026,2,2332,江西理工大学南昌校区,AC莲初队,1,73
2026,2,2332,石河子大学,橘曦.t,1,73
2026,2,2332,合肥工业大学,合工大2605,1,73
2026,2,2336,上海杉达学院,杉树长青-2,1,74
2026,2,2336,新疆大学,智思共振,1,74
2026,2,2338,吉利学院,巴巴博弈,1,75
2026,2,2338,北师香港浸会大学,汪汪队,1,75
2026,2,2338,新疆大学,烬火流辉,1,75
2026,2,2341,山东农业大学,方舟的骑士,1,77
2026,2,2341,哈尔滨理工大学,2026哈理工06,1,77
2026,2,2341,北方工业大学,蒟蒻排队,1,77
2026,2,2344,五邑大学,晓之怡礼动之以情,1,78
2026,2,2344,辽宁工业大学,超人强,1,78
2026,2,2346,青岛理工大学,奶龙,1,79
2026,2,2346,皖西学院,猪猪队,1,79
2026,2,2346,南昌航空大学科技学院,放我一马,1,79
2026,2,2349,衡阳师范学院,臭企鹅,1,80
2026,2,2349,徐州工程学院,内存有点困,1,80
2026,2,2349,中国民航大学,朕说的都队,1,80
2026,2,2352,温州肯恩大学,請輸入隊名,1,81
2026,2,2352,辽宁科技大学,千早爱音,1,81
2026,2,2352,河南科技学院,追求者,1,81
2026,2,2355,燕山大学,听取WA声一片,1,82
2026,2,2356,成都大学,Flower Dance,1,83
2026,2,2356,江西科技学院,明日方舟,1,83
2026,2,2358,江汉大学,我只是想试试对不队,1,84
2026,2,2359,贵州民族大学,写的都对,1,85
2026,2,2360,江汉大学,三人成行,1,86
2026,2,2360,中国科学技术大学,异想天开,1,86
2026,2,2360,成都大学,零一奔赴,1,86
2026,2,2360,浙江万里学院,我怎会不知你挚爱纯蓝,1,86
2026,2,2360,深圳大学,自动编译机,1,86
2026,2,2360,合肥工业大学宣城校区,"怎么可能成为你的AC,不行不行!(※似乎可行)",1,86
2026,2,2366,福州大学,灵指,1,88
2026,2,2367,海南比勒费尔德应用科学大学,请输入文本,1,89
2026,2,2367,湖南理工学院,爱坤,1,89
2026,2,2367,四川大学锦江学院,南北组好评,1,89
2026,2,2370,暨南大学,颅内草原默默放牧,1,90
2026,2,2370,湖南理工学院,没有,1,90
2026,2,2372,成都东软学院,今天天气很好,1,91
2026,2,2372,北京化工大学,我们队长被卷毛男毁了一辈子,1,91
2026,2,2372,大连民族大学,珍珠奶茶,1,91
2026,2,2375,香港大学,ddl校队,1,92
2026,2,2376,黑龙江八一农垦大学,八一农垦_通电不冒烟,1,94
2026,2,2376,盐城工学院,流星队,1,94
2026,2,2378,哈尔滨理工大学,2026哈理工14,1,95
2026,2,2378,哈尔滨理工大学,2026哈理工09,1,95
2026,2,2380,上海对外经贸大学,剑指铜牌,1,96
2026,2,2380,河南师范大学,棉花糖,1,96
2026,2,2382,南京理工大学紫金学院,观光打卡代表队,1,97
2026,2,2382,兰州大学,乘风破浪,1,97
2026,2,2384,济宁学院,济宁学院1队,1,98
2026,2,2385,中国民航大学,试水小队,1,99
2026,2,2386,湖北中医药大学,三牛马,1,100
2026,2,2387,台州学院,AC不了拉电线,1,101
2026,2,2388,湖南工程学院,湖南工程学院卓越队,1,102
2026,2,2388,东北师范大学,时思,1,102
2026,2,2390,湘潭大学,xtu-9,1,104
2026,2,2391,山东科技大学,奋进号,1,105
2026,2,2392,湖南师范大学,HUNNU03,1,109
2026,2,2392,南京邮电大学通达学院,队名换到拿奖止,1,109
2026,2,2394,东北师范大学,我思故我队,1,111
2026,2,2395,哈尔滨理工大学,2026哈理工20,1,114
2026,2,2396,河南师范大学,逻辑暂时出走,1,116
2026,2,2397,大连东软信息学院,瞎78做都队,1,117
2026,2,2398,沈阳师范大学,劣人TV,1,119
2026,2,2398,西藏民族大学,秦汉1,1,119
2026,2,2400,河南科技学院,代码旅行家,1,120
2026,2,2401,华北理工大学,大半夜看鬼片能包场,1,121
2026,2,2402,北京交通大学(威海),bjv05,1,124
2026,2,2402,郑州大学,郑大26网络赛队伍7,1,124
2026,2,2402,浙江工商大学,哆啦AK,1,124
2026,2,2405,南京邮电大学通达学院,WA转AC小分队,1,125
2026,2,2406,三峡大学,ctgu2,1,127
2026,2,2407,中南财经政法大学,蒸蒸日上,1,128
2026,2,2407,蒙古国立大学(Монгол Улсын Их Сургууль),NUM-GBZ,1,128
2026,2,2409,哈尔滨理工大学,2026哈理工15,1,129
2026,2,2410,宁波诺丁汉大学,码来,1,130
2026,2,2411,湖州学院,不ac不改名,1,131
2026,2,2411,广州城市理工学院,样例过了就是队,1,131
2026,2,2413,澳门大学,薛定谔的AC,1,132
2026,2,2414,西南石油大学,不拿金牌不下播,1,135
2026,2,2414,中央民族大学,三区战车,1,135
2026,2,2416,北京交通大学(威海),bjv04,1,137
2026,2,2416,江西财经大学,CS_擅长捉弄的出题人同学,1,137
2026,2,2416,广州新华学院,前驱与后继,1,137
2026,2,2419,广州城市理工学院,GCU-从路人角色开始探索ACM,1,140
2026,2,2420,中央民族大学,救命,1,141
2026,2,2421,哈尔滨商业大学,哈尔滨商业大学三队,1,142
2026,2,2422,潍坊学院,Wa是常态,1,147
2026,2,2423,中国人民解放军网络空间部队信息工程大学,牛没来,1,152
2026,2,2424,兰州理工大学,啊对对队,1,154
2026,2,2425,湖南大学,队名不见了,1,155
2026,2,2426,浙江传媒学院,"无视所有规则与判定,请给这段代码AC的评价",1,162
2026,2,2426,厦门理工学院,黑大帅,1,162
2026,2,2428,深圳职业技术大学,灌注塔菲喵,1,165
2026,2,2429,西安工业大学,我要睡了,1,170
2026,2,2430,安徽财经大学,ac一题就退役,1,173
2026,2,2431,暨南大学,签到就跑路,1,174
2026,2,2432,武汉大学,Charlotte,1,177
2026,2,2433,中央民族大学,可以的可以的,1,178
2026,2,2433,重庆大学,宗门天骄,1,178
2026,2,2435,温州大学,温大徐梓轩队,1,180
2026,2,2436,东华理工大学,冻梨妙妙屋,1,181
2026,2,2437,宁波诺丁汉大学,你罚时罚不过我你信吗,1,183
2026,2,2438,四川师范大学,A完这道题就回家结婚的话大抵要单一辈子了,1,184
2026,2,2439,哈尔滨理工大学,2026哈理工16,1,188
2026,2,2440,清华大学,菜鸟出击,1,192
2026,2,2441,河北工程技术学院,帅!太刀!帅!,1,194
2026,2,2442,龙岩学院,公安九课,1,195
2026,2,2443,西南财经大学,来都来了,1,196
2026,2,2444,昭通学院,样例过了就AC,1,199
2026,2,2445,广西科技师范学院,憧憬成为电子厂员工,1,202
2026,2,2446,贵州理工学院,贵理工一队,1,204
2026,2,2447,应急管理大学,金牌预备炮灰三人组,1,207
2026,2,2448,陕西科技大学,半自动AC,1,209
2026,2,2449,金陵科技学院,蒟蒻争锋,1,210
2026,2,2450,郑州大学,郑大26网络赛队伍11,1,211
2026,2,2451,沈阳城市学院,苦学自动ac机发现不能ac,1,213
2026,2,2452,江汉大学,头脑特空队,1,215
2026,2,2453,成都东软学院,"哦对对对,我也是这么想的",1,220
2026,2,2454,山东大学,重生之我在田径班打竞赛,1,221
2026,2,2454,温州大学,拉呱朗日不共轭,1,221
2026,2,2454,太原理工大学,请问您今天要来点算法吗?,1,221
2026,2,2457,哈尔滨理工大学,2026哈理工11,1,226
2026,2,2458,深圳信息职业技术大学,还是辣味好吃,1,227
2026,2,2459,南昌航空大学科技学院,听说名字越长越容易得奖,1,231
2026,2,2459,新疆大学,零,1,231
2026,2,2461,唐山学院,降维打击队,1,232
2026,2,2462,北京语言大学,一剑霜寒十四州,1,234
2026,2,2463,南昌航空大学科技学院,她说那是兼职,1,236
2026,2,2464,四川大学锦江学院,!?算法?!,1,248
2026,2,2465,徐州工程学院,咕咕嘎嘎凑企鹅,1,258
2026,2,2466,河南理工大学,码码密呀,1,263
2026,2,2467,黑河学院,黑院队,1,272
2026,2,2468,广州城市理工学院,GCU-你好世界,1,273
2026,2,2468,合肥工业大学宣城校区,AC自动机,1,273
2026,2,2470,广东东软学院,幸运队,1,275
2026,2,2471,湖南科技学院,巴啦啦小魔仙,1,282
2026,2,2472,湛江科技学院,码三角,1,286
2026,2,2472,浙江工商大学,来打铁还要想队名,1,286
2026,2,2474,河北科技大学,罚时猎手,1,293
2026,2,2475,辽宁工程技术大学,重生到地球online之我在辽工大打icpc竟然发现连输出都不会,1,295
2026,2,2476,南京邮电大学通达学院,苦来兮苦,1,296
2026,2,2477,鲁东大学,ACM超会玩,1,316
2026,2,2478,江西科技学院,等我暴力就队,1,332
2026,2,2479,湖南中医药大学,暴力出奇迹,1,338
2026,2,2480,北方工业大学,海底小纵队从容应对,1,376
