season,table,rank,school
2022,round1,1,清华大学
2022,round1,2,西安电子科技大学
2022,round1,3,浙江大学
2022,round1,4,南京大学
2022,round1,5,武汉大学
2022,round1,6,哈尔滨工程大学
2022,round1,7,中南大学
2022,round1,8,香港中文大学(深圳)
2022,round1,9,西安交通大学
2022,round1,10,湖南大学
2022,round1,11,杭州电子科技大学
2022,round1,12,中国科学技术大学
2022,round1,13,上海交通大学
2022,round1,14,武汉理工大学
2022,round1,15,电子科技大学
2022,round1,16,华中科技大学
2022,round1,17,中山大学
2022,round1,18,北京邮电大学
2022,round1,19,暨南大学
2022,round1,20,华南理工大学
2022,round1,21,国防科技大学
2022,round1,22,北京理工大学
2022,round1,23,南京理工大学
2022,round1,24,哈尔滨工业大学
2022,round1,25,华侨大学
2022,round1,26,同济大学
2022,round1,27,浙江师范大学
2022,round1,28,浙江工业大学
2022,round1,29,复旦大学
2022,round1,30,大连理工大学
2022,round1,31,北京大学
2022,round1,32,吉林大学
2022,round1,33,安徽大学
2022,round1,34,香港大学
2022,round1,35,湘潭大学
2022,round1,36,湖南师范大学
2022,round1,37,四川大学
2022,round1,38,哈尔滨工业大学(深圳)
2022,round1,39,北京交通大学
2022,round1,40,南方科技大学
2022,round1,41,厦门大学
2022,round1,42,南开大学
2022,round1,43,山东大学
2022,round1,44,宁波大学
2022,round1,45,西北工业大学
2022,round1,46,福州大学
2022,round1,47,上海科技大学
2022,round1,48,兰州大学
2022,round1,49,中国地质大学(武汉)
2022,round1,50,哈尔滨工业大学(威海)
2022,round1,51,东南大学
2022,round1,52,南京航空航天大学
2022,round1,53,浙江工商大学
2022,round1,54,东北大学
2022,round1,55,深圳大学
2022,round1,56,广州大学
2022,round1,57,北京航空航天大学
2022,round1,58,北京理工大学珠海学院
2022,round1,59,浙江农林大学
2022,round1,60,北华大学
2022,round1,61,山东大学(威海)
2022,round1,62,中国矿业大学
2022,round1,63,南昌航空大学
2022,round1,64,北京师范大学
2022,round1,65,广东工业大学
2022,round1,66,浙江理工大学
2022,round1,67,西南交通大学
2022,round1,68,哈尔滨理工大学
2022,round1,69,中国地质大学(北京)
2022,round1,70,南京信息工程大学
2022,round1,71,燕山大学
2022,round1,72,西北农林科技大学
2022,round1,73,东北大学秦皇岛分校
2022,round1,74,河海大学常州校区
2022,round1,75,北京林业大学
2022,round1,76,香港浸会大学
2022,round1,77,苏州大学
2022,round1,78,贵州大学
2022,round1,79,福建师范大学
2022,round1,80,浙大城市学院
2022,round1,81,青岛科技大学
2022,round1,82,杭州师范大学
2022,round1,83,青岛大学
2022,round1,84,华南农业大学
2022,round1,85,济南大学
2022,round1,86,合肥工业大学
2022,round1,87,中国石油大学(华东)
2022,round1,88,重庆邮电大学
2022,round1,89,郑州大学
2022,round1,90,哈尔滨商业大学
2022,round1,91,南京邮电大学
2022,round1,92,重庆大学
2022,round1,93,东莞理工学院
2022,round1,94,上海理工大学
2022,round1,94,华南师范大学
2022,round1,96,浙江万里学院
2022,round1,97,西南民族大学
2022,round1,98,东北农业大学
2022,round1,99,苏州科技大学
2022,round1,100,杭州电子科技大学信息工程学院
2022,round1,101,湖南理工学院
2022,round1,102,江西师范大学
2022,round1,103,太原理工大学
2022,round1,104,中北大学
2022,round1,105,信息工程大学
2022,round1,106,武汉轻工大学
2022,round1,107,成都信息工程大学
2022,round1,108,湖南工学院
2022,round1,109,中国科学院大学
2022,round1,110,东华大学
2022,round1,111,电子科技大学中山学院
2022,round1,112,香港科技大学
2022,round1,113,上海大学
2022,round1,114,香港城市大学
2022,round1,115,台州学院
2022,round1,116,福建农林大学
2022,round1,117,西北大学
2022,round1,118,北京化工大学
2022,round1,119,集美大学
2022,round1,120,南华大学
2022,round1,121,山东理工大学
2022,round1,122,东北电力大学
2022,round1,123,成都理工大学
2022,round1,124,中南民族大学
2022,round1,125,江南大学
2022,round1,126,深圳技术大学
2022,round1,127,浙江科技学院
2022,round1,128,武汉科技大学
2022,round1,128,江苏科技大学
2022,round1,130,长沙理工大学
2022,round1,130,烟台大学
2022,round1,132,绍兴文理学院元培学院
2022,round1,133,辽宁大学
2022,round1,134,河南财政金融学院
2022,round1,135,河南大学
2022,round1,136,山东师范大学
2022,round1,137,广西大学
2022,round1,138,广州城市理工学院
2022,round1,139,中国计量大学
2022,round1,140,湖南科技大学
2022,round1,141,惠州学院
2022,round1,142,河南工业大学
2022,round1,143,南昌理工学院
2022,round1,144,大连海事大学
2022,round1,145,周口师范学院
2022,round1,146,浙大宁波理工学院
2022,round1,147,广东工业大学揭阳校区
2022,round1,147,乐山师范学院
2022,round1,149,齐鲁工业大学
2022,round1,150,安徽工程大学
2022,round1,150,河南农业大学
2022,round1,152,南京林业大学
2022,round1,153,北方工业大学
2022,round1,154,长沙学院
2022,round1,155,南阳理工学院
2022,round1,156,浙江中医药大学
2022,round1,157,北京师范大学珠海校区
2022,round1,158,浙江财经大学
2022,round1,159,绍兴文理学院
2022,round1,160,江西理工大学
2022,round1,161,东北林业大学
2022,round1,162,西安建筑科技大学
2022,round1,163,中原工学院
2022,round1,164,金华职业技术学院
2022,round1,165,中国矿业大学(北京)
2022,round1,166,浙江农林大学暨阳学院
2022,round1,167,天津工业大学
2022,round1,168,沈阳理工大学
2022,round1,169,武汉纺织大学
2022,round1,170,西南科技大学
2022,round1,171,南京工业大学
2022,round1,172,广西民族大学
2022,round1,173,河北大学
2022,round1,173,湖南文理学院
2022,round1,175,河海大学
2022,round1,176,湖南警察学院
2022,round1,177,中国人民大学
2022,round1,178,华中师范大学
2022,round1,179,华东师范大学
2022,round1,180,江西理工大学南昌校区
2022,round1,181,湖南工业大学
2022,round1,182,江苏大学
2022,round1,183,武昌理工学院
2022,round1,184,郑州轻工业大学
2022,round1,185,温州大学
2022,round1,186,常熟理工学院
2022,round1,187,临沂大学
2022,round1,187,沈阳航空航天大学
2022,round1,189,南昌大学
2022,round1,190,青岛理工大学
2022,round1,191,上海海洋大学
2022,round1,192,新疆大学
2022,round1,193,华东交通大学
2022,round1,194,中央民族大学
2022,round1,195,成都东软学院
2022,round1,196,东北师范大学
2022,round1,197,三峡大学
2022,round1,198,黑龙江大学
2022,round1,199,肇庆学院
2022,round1,200,成都锦城学院
2022,round1,201,沈阳化工大学
2022,round1,202,上海第二工业大学
2022,round1,203,福州职业技术学院
2022,round1,204,湖南农业大学
2022,round1,205,浙江机电职业技术学院
2022,round1,206,中国矿业大学徐海学院
2022,round1,207,昆明理工大学
2022,round1,208,厦门大学嘉庚学院
2022,round1,209,长春理工大学
2022,round1,210,福建工程学院
2022,round1,211,南通大学
2022,round1,212,邵阳学院
2022,round1,213,广东技术师范大学
2022,round1,214,河南理工大学
2022,round1,215,浙江金融职业学院
2022,round1,215,嘉应学院
2022,round1,217,中南林业科技大学
2022,round1,217,吉首大学
2022,round1,219,中国民航大学
2022,round1,220,湖北工业大学
2022,round1,221,石家庄铁道大学
2022,round1,221,西北师范大学
2022,round1,223,浙江育英职业技术学院
2022,round1,224,新疆师范大学
2022,round1,225,中国传媒大学
2022,round1,226,南阳师范学院
2022,round1,227,大连大学
2022,round1,228,山东工商学院
2022,round1,229,长春工业大学
2022,round1,230,盐城工学院
2022,round1,231,湖南第一师范学院
2022,round1,232,北京工业大学
2022,round1,233,衡阳师范学院
2022,round1,234,广西师范大学
2022,round1,234,湖北第二师范学院
2022,round1,236,鲁东大学
2022,round1,237,闽南师范大学
2022,round1,238,安徽工业大学
2022,round1,239,山东农业大学
2022,round1,240,河北师范大学
2022,round1,241,徐州工程学院
2022,round1,242,长安大学
2022,round1,243,广东东软学院
2022,round1,244,北京建筑大学
2022,round1,245,平顶山学院
2022,round1,246,金陵科技学院
2022,round1,247,韶关学院
2022,round1,248,齐齐哈尔大学
2022,round1,249,武汉工程大学
2022,round1,250,天津理工大学
2022,round1,251,淮北师范大学
2022,round1,252,华中农业大学
2022,round1,253,湖南涉外经济学院
2022,round1,254,湖南城市学院
2022,round1,255,湖南科技学院
2022,round1,256,安阳工学院
2022,round1,256,广东财经大学
2022,round1,258,天津仁爱学院
2022,round1,259,信阳师范学院
2022,round1,260,西安石油大学
2022,round1,261,四川师范大学
2022,round1,262,湖州师范学院
2022,round1,263,长春大学
2022,round1,264,韩山师范学院
2022,round1,265,广东金融学院
2022,round1,266,哈尔滨理工大学(威海)
2022,round1,267,华东理工大学
2022,round1,268,广东外语外贸大学
2022,round1,269,合肥学院
2022,round1,270,武汉商学院
2022,round1,271,江西财经大学
2022,round1,272,西南石油大学
2022,round1,273,佛山科学技术学院
2022,round1,274,河南科技大学
2022,round1,275,华北科技学院
2022,round1,276,湖南中医药大学
2022,round1,277,山东财经大学
2022,round1,278,河南师范大学
2022,round1,278,上海电机学院
2022,round1,280,曲阜师范大学
2022,round1,281,河北农业大学
2022,round1,282,井冈山大学
2022,round1,283,湖北大学
2022,round1,284,青岛农业大学
2022,round1,285,中国海洋大学
2022,round1,286,西藏民族大学
2022,round1,287,湖州学院
2022,round1,288,广西科技大学
2022,round1,289,广东理工学院
2022,round1,290,宁波工程学院
2022,round1,291,湖南人文科技学院
2022,round1,292,辽宁工程技术大学
2022,round1,293,陕西科技大学
2022,round1,294,石河子大学
2022,round1,295,西南大学
2022,round1,296,河北工业大学
2022,round1,297,大连理工大学盘锦校区
2022,round1,298,广州软件学院
2022,round1,299,北京联合大学
2022,round1,300,广东海洋大学
2022,round1,301,湖南农业大学东方科技学院
2022,round1,302,浙江广厦建设职业技术大学
2022,round1,303,闽江学院
2022,round1,304,厦门理工学院
2022,round1,305,郑州升达经贸管理学院
2022,round1,306,兰州理工大学
2022,round1,307,四川信息职业技术学院
2022,round1,308,汉口学院
2022,round1,309,黄冈师范学院
2022,round1,310,湖北经济学院
2022,round1,311,中国人民解放军陆军工程大学
2022,round1,312,泉州师范学院
2022,round1,313,广东培正学院
2022,round1,314,深圳职业技术学院
2022,round1,315,黄淮学院
2022,round1,316,福州大学至诚学院
2022,round1,317,无锡学院
2022,round1,318,湖北中医药大学
2022,round1,319,长江师范学院
2022,round1,320,重庆交通大学
2022,round1,321,滁州学院
2022,round1,322,浙江工业职业技术学院
2022,round1,323,黑龙江工程学院
2022,round1,324,武昌首义学院
2022,round1,325,重庆工程学院
2022,round1,326,沈阳师范大学
2022,round1,327,泰州职业技术学院
2022,round1,328,赣南医学院
2022,round1,329,莆田学院
2022,round1,330,内蒙古师范大学
2022,round1,331,江西工程学院
2022,round1,332,青岛农业大学海都学院
2022,round1,333,河北科技大学
2022,round1,334,阿坝师范学院
2022,round1,335,福建技术师范学院
2022,round1,336,安徽财经大学
2022,round1,337,贵州工程应用技术学院
2022,round1,338,上海财经大学
2022,round1,339,成都理工大学工程技术学院
2022,round1,340,国际关系学院
2022,round1,341,延安大学西安创新学院
2022,round1,342,哈尔滨华德学院
2022,round2,1,北京大学
2022,round2,2,清华大学
2022,round2,3,浙江大学
2022,round2,4,南京邮电大学
2022,round2,5,南京大学
2022,round2,6,中南大学
2022,round2,7,上海交通大学
2022,round2,8,中山大学
2022,round2,9,暨南大学
2022,round2,10,中国科学技术大学
2022,round2,11,北京航空航天大学
2022,round2,12,兰州大学
2022,round2,13,华中科技大学
2022,round2,14,天津大学
2022,round2,15,西安电子科技大学
2022,round2,16,吉林大学
2022,round2,17,南方科技大学
2022,round2,18,复旦大学
2022,round2,19,武汉理工大学
2022,round2,20,哈尔滨工业大学
2022,round2,21,武汉大学
2022,round2,22,湖南大学
2022,round2,23,北京理工大学
2022,round2,24,北京师范大学
2022,round2,25,华中师范大学
2022,round2,26,香港中文大学(深圳)
2022,round2,27,浙江师范大学
2022,round2,28,哈尔滨工业大学(深圳)
2022,round2,29,北京邮电大学
2022,round2,30,南京理工大学
2022,round2,31,哈尔滨工程大学
2022,round2,32,电子科技大学
2022,round2,33,香港浸会大学
2022,round2,34,哈尔滨工业大学(威海)
2022,round2,35,东南大学
2022,round2,36,中国石油大学(华东)
2022,round2,37,中国科学院大学
2022,round2,38,华东理工大学
2022,round2,39,北京建筑大学
2022,round2,40,北京交通大学
2022,round2,41,厦门大学
2022,round2,42,深圳大学
2022,round2,43,湘潭大学
2022,round2,44,南京信息工程大学
2022,round2,45,山东大学
2022,round2,46,太原理工大学
2022,round2,47,湖南师范大学
2022,round2,48,香港大学
2022,round2,49,东北大学
2022,round2,50,浙江工商大学
2022,round2,51,同济大学
2022,round2,52,福州大学
2022,round2,53,青岛科技大学
2022,round2,54,华东师范大学
2022,round2,55,济南大学
2022,round2,56,贵州大学
2022,round2,57,浙江工业大学
2022,round2,58,四川大学
2022,round2,59,江西师范大学
2022,round2,60,西安交通大学
2022,round2,61,南京航空航天大学
2022,round2,62,哈尔滨理工大学
2022,round2,63,重庆邮电大学
2022,round2,64,安徽大学
2022,round2,65,杭州电子科技大学信息工程学院
2022,round2,66,浙大城市学院
2022,round2,67,郑州大学
2022,round2,68,宁波大学
2022,round2,69,国防科技大学
2022,round2,70,南昌航空大学
2022,round2,71,中国计量大学
2022,round2,72,苏州大学
2022,round2,73,广东工业大学
2022,round2,74,北方工业大学
2022,round2,75,杭州师范大学
2022,round2,76,山东大学(威海)
2022,round2,77,山东理工大学
2022,round2,78,合肥工业大学宣城校区
2022,round2,79,福建师范大学
2022,round2,80,中国地质大学(北京)
2022,round2,81,西北农林科技大学
2022,round2,82,广州大学
2022,round2,83,西北工业大学
2022,round2,84,合肥工业大学
2022,round2,85,长沙理工大学
2022,round2,86,浙江理工大学
2022,round2,87,中国人民大学
2022,round2,88,广西大学
2022,round2,89,天津工业大学
2022,round2,90,浙江财经大学
2022,round2,91,东北大学秦皇岛分校
2022,round2,92,长春理工大学
2022,round2,93,上海理工大学
2022,round2,94,燕山大学
2022,round2,95,西湖大学
2022,round2,96,昆山杜克大学
2022,round2,97,重庆大学
2022,round2,98,西南交通大学
2022,round2,99,辽宁大学
2022,round2,100,浙江科技学院
2022,round2,101,西南大学
2022,round2,102,西北大学
2022,round2,103,成都理工大学
2022,round2,104,东莞理工学院
2022,round2,105,中国地质大学(武汉)
2022,round2,106,浙江农林大学
2022,round2,107,东北农业大学
2022,round2,108,湖南科技大学
2022,round2,109,湖南文理学院
2022,round2,110,武昌理工学院
2022,round2,111,河南农业大学
2022,round2,112,常熟理工学院
2022,round2,113,桂林电子科技大学
2022,round2,114,河北师范大学
2022,round2,115,北京化工大学
2022,round2,116,台州学院
2022,round2,117,南开大学
2022,round2,118,湖南警察学院
2022,round2,119,江南大学
2022,round2,120,北京科技大学
2022,round2,121,河南大学
2022,round2,122,大连大学
2022,round2,122,郑州轻工业大学
2022,round2,124,河北工业大学
2022,round2,125,北京林业大学
2022,round2,126,东华大学
2022,round2,127,湖南农业大学
2022,round2,128,青岛大学
2022,round2,129,河海大学
2022,round2,130,山东师范大学
2022,round2,131,西安理工大学
2022,round2,132,西南科技大学
2022,round2,133,西南财经大学
2022,round2,134,华南师范大学
2022,round2,135,南阳理工学院
2022,round2,136,北京工业大学
2022,round2,137,武汉科技大学
2022,round2,138,华南农业大学
2022,round2,139,山东科技大学
2022,round2,140,绍兴文理学院
2022,round2,141,南京师范大学
2022,round2,142,中原工学院
2022,round2,143,华中农业大学
2022,round2,144,成都信息工程大学
2022,round2,145,吉首大学
2022,round2,146,河北大学
2022,round2,147,浙江农林大学暨阳学院
2022,round2,148,安徽工程大学
2022,round2,149,齐鲁工业大学
2022,round2,150,东北电力大学
2022,round2,151,上海海事大学
2022,round2,152,淮北师范大学
2022,round2,153,湖南理工学院
2022,round2,154,江苏科技大学
2022,round2,155,西南民族大学
2022,round2,156,昆明理工大学
2022,round2,157,上海大学
2022,round2,158,华东交通大学
2022,round2,159,金华职业技术学院
2022,round2,160,东北林业大学
2022,round2,161,成都锦城学院
2022,round2,162,武汉轻工大学
2022,round2,163,烟台大学
2022,round2,164,哈尔滨商业大学
2022,round2,165,湖北工业大学
2022,round2,166,温州大学
2022,round2,167,江苏大学
2022,round2,168,湖州师范学院
2022,round2,169,广东培正学院
2022,round2,170,中国民航大学
2022,round2,171,南华大学
2022,round2,172,南昌大学
2022,round2,173,东北师范大学
2022,round2,174,中南民族大学
2022,round2,175,中北大学
2022,round2,176,沈阳化工大学
2022,round2,177,长沙学院
2022,round2,178,沈阳理工大学
2022,round2,179,深圳技术大学
2022,round2,180,临沂大学
2022,round2,181,浙江中医药大学
2022,round2,182,中国矿业大学(北京)
2022,round2,183,云南大学
2022,round2,184,湖南工学院
2022,round2,185,上海科技大学
2022,round2,186,华北电力大学(北京)
2022,round2,187,香港城市大学
2022,round2,188,青岛理工大学
2022,round2,189,浙大宁波理工学院
2022,round2,190,集美大学
2022,round2,191,浙江工业大学之江学院
2022,round2,192,中央民族大学
2022,round2,193,电子科技大学中山学院
2022,round2,194,安阳工学院
2022,round2,195,福建农林大学
2022,round2,196,河南科技大学
2022,round2,197,四川师范大学
2022,round2,198,西安建筑科技大学
2022,round2,199,黑龙江大学
2022,round2,200,衡阳师范学院
2022,round2,201,广东技术师范大学
2022,round2,202,南昌职业大学
2022,round2,203,福建工程学院
2022,round2,204,中南林业科技大学
2022,round2,205,湖南城市学院
2022,round2,206,北京理工大学珠海学院
2022,round2,207,三峡大学
2022,round2,208,金陵科技学院
2022,round2,209,闽南师范大学
2022,round2,210,天津理工大学
2022,round2,211,上海财经大学
2022,round2,212,周口师范学院
2022,round2,213,江西理工大学南昌校区
2022,round2,214,浙江万里学院
2022,round2,215,南昌理工学院
2022,round2,216,徐州工程学院
2022,round2,217,盐城工学院
2022,round2,218,湖南工业大学
2022,round2,219,华北理工大学
2022,round2,220,浙江工业职业技术学院
2022,round2,221,河南工业大学
2022,round2,222,武汉纺织大学
2022,round2,223,浙江金融职业学院
2022,round2,224,江西财经大学
2022,round2,225,浙江育英职业技术学院
2022,round2,225,厦门大学嘉庚学院
2022,round2,227,大连海事大学
2022,round2,228,合肥学院
2022,round2,229,成都东软学院
2022,round2,230,河南财政金融学院
2022,round2,231,西南石油大学
2022,round2,232,中国传媒大学
2022,round2,233,上海第二工业大学
2022,round2,234,南通大学
2022,round2,235,沈阳航空航天大学
2022,round2,236,惠州学院
2022,round2,237,江西理工大学
2022,round2,238,湖南科技学院
2022,round2,238,重庆交通大学
2022,round2,240,广州城市理工学院
2022,round2,241,中国矿业大学徐海学院
2022,round2,242,肇庆学院
2022,round2,243,西北师范大学
2022,round2,244,天津仁爱学院
2022,round2,245,南阳师范学院
2022,round2,246,石家庄铁道大学
2022,round2,247,安阳师范学院
2022,round2,248,乐山师范学院
2022,round2,249,武汉商学院
2022,round2,250,山东工商学院
2022,round2,251,沈阳师范大学
2022,round2,252,苏州科技大学
2022,round2,253,陕西科技大学
2022,round2,254,信息工程大学
2022,round2,255,鲁东大学
2022,round2,256,齐齐哈尔大学
2022,round2,256,广西师范大学
2022,round2,258,中国海洋大学
2022,round2,258,西安邮电大学
2022,round2,260,河南师范大学
2022,round2,261,福建技术师范学院
2022,round2,262,平顶山学院
2022,round2,263,井冈山大学
2022,round2,264,广东东软学院
2022,round2,265,嘉应学院
2022,round2,266,武汉工程大学
2022,round2,267,山东农业大学
2022,round2,268,广东财经大学
2022,round2,268,长春工业大学
2022,round2,270,上海海洋大学
2022,round2,270,长江师范学院
2022,round2,272,安徽工业大学
2022,round2,273,聊城大学
2022,round2,274,广西民族大学
2022,round2,275,湖北中医药大学
2022,round2,276,广东外语外贸大学
2022,round2,277,石河子大学
2022,round2,278,长安大学
2022,round2,279,河南理工大学
2022,round2,280,深圳职业技术学院
2022,round2,281,佛山科学技术学院
2022,round2,282,兰州理工大学
2022,round2,282,邵阳学院
2022,round2,284,新疆师范大学
2022,round2,285,成都大学
2022,round2,286,宁波诺丁汉大学
2022,round2,287,长春大学
2022,round2,288,山西大学
2022,round2,289,南京林业大学
2022,round2,290,阿坝师范学院
2022,round2,291,北京师范大学珠海校区
2022,round2,292,上海电机学院
2022,round2,293,安徽师范大学
2022,round2,294,阜阳师范大学
2022,round2,295,曲阜师范大学
2022,round2,296,中国石油大学(北京)
2022,round2,297,成都理工大学宜宾校区
2022,round2,298,湖北第二师范学院
2022,round2,299,湖南第一师范学院
2022,round2,300,南京工业大学
2022,round2,301,厦门理工学院
2022,round2,302,四川信息职业技术学院
2022,round2,303,哈尔滨学院
2022,round2,304,韩山师范学院
2022,round2,305,西安科技大学
2022,round2,306,韶关学院
2022,round2,306,广东工业大学揭阳校区
2022,round2,308,广东金融学院
2022,round2,309,泉州师范学院
2022,round2,310,黄冈师范学院
2022,round2,311,湖南中医药大学
2022,round2,312,绍兴文理学院元培学院
2022,round2,313,中国农业大学
2022,round2,314,浙江广厦建设职业技术大学
2022,round2,315,山东科技大学(泰安校区)
2022,round2,316,辽宁石油化工大学
2022,round2,317,广州软件学院
2022,round2,318,河北经贸大学
2022,round2,319,山东石油化工学院
2022,round2,320,北京信息科技大学
2022,round2,321,莆田学院
2022,round2,322,山东建筑大学
2022,round2,323,南京晓庄学院
2022,round2,323,广州航海学院
2022,round2,325,东华理工大学
2022,round2,326,辽宁工程技术大学
2022,round2,326,南京邮电大学通达学院
2022,round2,328,江苏理工学院
2022,round2,329,湖北经济学院
2022,round2,330,潍坊学院
2022,round2,331,河北农业大学
2022,round2,332,湖南人文科技学院
2022,round2,333,河南财经政法大学
2022,round2,333,山东女子学院
2022,round2,333,安徽财经大学
2022,round2,336,江西工程学院
2022,round2,337,大连理工大学
2022,round2,338,浙江工商大学杭州商学院
2022,round2,339,黑龙江科技大学
2022,round2,340,宁波工程学院
2022,round2,340,武昌首义学院
2022,round2,342,南通师范高等专科学校
2022,round2,343,西安工业大学
2022,round2,344,中国矿业大学
2022,round2,345,内蒙古师范大学
2022,round2,346,华北科技学院
2022,round2,347,宁波财经学院
2022,round2,348,武汉学院
2022,round2,349,湖北大学
2022,round2,350,中国人民警察大学
2022,round2,351,宜春学院
2022,round2,352,泰州职业技术学院
2022,round2,353,湖州学院
2022,round2,354,无锡学院
2022,round2,355,福州大学至诚学院
2022,round2,355,湖南信息学院
2022,round2,357,上海建桥学院
2022,round2,357,黑龙江工程学院
2022,round2,359,广西科技大学
2022,round2,360,上海应用技术大学
2022,round2,361,郑州工程技术学院
2022,round2,362,延安大学西安创新学院
2022,round2,363,贵州民族大学
2022,round2,364,国际关系学院
2022,round2,365,湖南农业大学东方科技学院
2022,round2,366,广东理工学院
2022,round2,367,西安石油大学
2022,round2,368,哈尔滨理工大学(威海)
2022,round2,369,山东中医药大学
2022,round2,370,汕头大学
2022,round2,371,内蒙古科技大学
2022,round2,372,南京农业大学
2022,round2,373,北京电子科技学院
2022,round2,374,中国人民公安大学
2022,round2,375,重庆移通学院
2022,round2,376,河北工程大学
2022,round2,377,山东财经大学
2022,round2,378,江西科技学院
2022,round2,379,陕西师范大学
2022,round2,379,大连东软信息学院
2022,round2,381,郑州工商学院
2022,round2,382,闽江学院
2022,round2,383,重庆工程学院
2022,round2,384,赣南医学院
2022,round2,385,山东协和学院
2022,round2,386,温州商学院
2022,round2,387,北京师范大学珠海分校
2022,round2,388,郑州升达经贸管理学院
2022,round2,388,中国人民解放军陆军工程大学
2022,round2,390,北华大学
2022,round2,391,西藏民族大学
2022,round2,391,重庆科技学院
2022,round2,393,湖南工程学院
2022,round2,394,淮阴工学院
2022,round2,395,桂林信息科技学院
2022,round2,396,首都师范大学
2022,round2,397,成都理工大学工程技术学院
2022,round2,398,南昌工程学院
2022,round2,399,南昌航空大学科技学院
2022,round2,400,哈尔滨华德学院
2022,round2,401,商丘学院应用科技学院
2022,round2,402,青岛农业大学海都学院
2022,round2,403,河北科技师范学院
2022,round2,404,九江学院
2022,round2,405,嘉兴学院
2022,round2,406,文华学院
2022,round2,407,黄淮学院
2022,round2,408,泰州学院
2022,round2,409,河北科技大学
2022,round2,410,西华大学
2022,round2,411,衡水学院
2022,round2,412,南京师范大学中北学院
2022,round2,413,通化师范学院
2022,round2,414,广州南方学院
2022,round2,415,南昌大学科学技术学院
2022,round2,416,海南科技职业大学
2022,round2,417,东南大学成贤学院
2022,round2,418,南京医科大学
2022,round2,419,重庆人文科技学院
2022,round2,420,信阳师范学院
2022,combined,1,清华大学
2022,combined,2,北京大学
2022,combined,3,西安电子科技大学
2022,combined,4,浙江大学
2022,combined,5,南京大学
2022,combined,6,南京邮电大学
2022,combined,7,武汉大学
2022,combined,8,哈尔滨工程大学
2022,combined,9,中南大学
2022,combined,10,上海交通大学
2022,combined,11,香港中文大学(深圳)
2022,combined,12,中山大学
2022,combined,13,西安交通大学
2022,combined,14,暨南大学
2022,combined,15,湖南大学
2022,combined,16,中国科学技术大学
2022,combined,17,杭州电子科技大学
2022,combined,18,北京航空航天大学
2022,combined,19,兰州大学
2022,combined,20,华中科技大学
2022,combined,21,武汉理工大学
2022,combined,22,天津大学
2022,combined,23,电子科技大学
2022,combined,24,吉林大学
2022,combined,25,南方科技大学
2022,combined,26,北京邮电大学
2022,combined,27,复旦大学
2022,combined,28,华南理工大学
2022,combined,29,哈尔滨工业大学
2022,combined,30,国防科技大学
2022,combined,31,北京理工大学
2022,combined,32,南京理工大学
2022,combined,33,北京师范大学
2022,combined,34,华侨大学
2022,combined,35,华中师范大学
2022,combined,36,同济大学
2022,combined,37,浙江师范大学
2022,combined,38,浙江工业大学
2022,combined,39,哈尔滨工业大学(深圳)
2022,combined,40,大连理工大学
2022,combined,41,安徽大学
2022,combined,42,香港浸会大学
2022,combined,43,香港大学
2022,combined,44,哈尔滨工业大学(威海)
2022,combined,45,湘潭大学
2022,combined,46,东南大学
2022,combined,47,湖南师范大学
2022,combined,48,中国石油大学(华东)
2022,combined,49,四川大学
2022,combined,50,中国科学院大学
2022,combined,51,华东理工大学
2022,combined,52,北京交通大学
2022,combined,53,北京建筑大学
2022,combined,54,厦门大学
2022,combined,55,南开大学
2022,combined,56,深圳大学
2022,combined,57,山东大学
2022,combined,58,宁波大学
2022,combined,59,南京信息工程大学
2022,combined,60,西北工业大学
2022,combined,61,福州大学
2022,combined,62,太原理工大学
2022,combined,63,上海科技大学
2022,combined,64,中国地质大学(武汉)
2022,combined,65,东北大学
2022,combined,66,浙江工商大学
2022,combined,67,南京航空航天大学
2022,combined,68,青岛科技大学
2022,combined,69,华东师范大学
2022,combined,70,济南大学
2022,combined,71,广州大学
2022,combined,72,贵州大学
2022,combined,73,北京理工大学珠海学院
2022,combined,74,浙江农林大学
2022,combined,75,江西师范大学
2022,combined,76,北华大学
2022,combined,77,山东大学(威海)
2022,combined,78,中国矿业大学
2022,combined,79,哈尔滨理工大学
2022,combined,80,南昌航空大学
2022,combined,81,重庆邮电大学
2022,combined,82,广东工业大学
2022,combined,83,杭州电子科技大学信息工程学院
2022,combined,84,浙江理工大学
2022,combined,85,浙大城市学院
2022,combined,86,西南交通大学
2022,combined,87,郑州大学
2022,combined,88,中国地质大学(北京)
2022,combined,89,燕山大学
2022,combined,90,中国计量大学
2022,combined,91,西北农林科技大学
2022,combined,92,苏州大学
2022,combined,93,东北大学秦皇岛分校
2022,combined,94,河海大学常州校区
2022,combined,95,北方工业大学
2022,combined,96,北京林业大学
2022,combined,97,杭州师范大学
2022,combined,98,山东理工大学
2022,combined,99,合肥工业大学宣城校区
2022,combined,100,福建师范大学
2022,combined,101,青岛大学
2022,combined,102,华南农业大学
2022,combined,103,合肥工业大学
2022,combined,104,长沙理工大学
2022,combined,105,中国人民大学
2022,combined,106,广西大学
2022,combined,107,天津工业大学
2022,combined,108,哈尔滨商业大学
2022,combined,109,浙江财经大学
2022,combined,110,重庆大学
2022,combined,111,长春理工大学
2022,combined,112,东莞理工学院
2022,combined,113,上海理工大学
2022,combined,114,华南师范大学
2022,combined,115,西湖大学
2022,combined,116,浙江万里学院
2022,combined,117,昆山杜克大学
2022,combined,118,西南民族大学
2022,combined,119,东北农业大学
2022,combined,120,苏州科技大学
2022,combined,121,辽宁大学
2022,combined,122,浙江科技学院
2022,combined,123,湖南理工学院
2022,combined,124,西南大学
2022,combined,125,西北大学
2022,combined,126,成都理工大学
2022,combined,127,中北大学
2022,combined,128,信息工程大学
2022,combined,129,武汉轻工大学
2022,combined,130,成都信息工程大学
2022,combined,131,湖南工学院
2022,combined,132,湖南科技大学
2022,combined,133,湖南文理学院
2022,combined,134,东华大学
2022,combined,135,武昌理工学院
2022,combined,136,电子科技大学中山学院
2022,combined,137,河南农业大学
2022,combined,138,香港科技大学
2022,combined,139,常熟理工学院
2022,combined,140,上海大学
2022,combined,141,桂林电子科技大学
2022,combined,142,香港城市大学
2022,combined,143,河北师范大学
2022,combined,144,台州学院
2022,combined,145,北京化工大学
2022,combined,146,福建农林大学
2022,combined,147,湖南警察学院
2022,combined,148,集美大学
2022,combined,149,江南大学
2022,combined,150,南华大学
2022,combined,151,北京科技大学
2022,combined,152,河南大学
2022,combined,153,东北电力大学
2022,combined,154,郑州轻工业大学
2022,combined,154,大连大学
2022,combined,156,中南民族大学
2022,combined,157,河北工业大学
2022,combined,158,深圳技术大学
2022,combined,159,湖南农业大学
2022,combined,160,武汉科技大学
2022,combined,160,江苏科技大学
2022,combined,162,河海大学
2022,combined,163,烟台大学
2022,combined,164,山东师范大学
2022,combined,165,西安理工大学
2022,combined,166,绍兴文理学院元培学院
2022,combined,167,西南科技大学
2022,combined,168,西南财经大学
2022,combined,169,河南财政金融学院
2022,combined,170,南阳理工学院
2022,combined,171,北京工业大学
2022,combined,172,广州城市理工学院
2022,combined,173,山东科技大学
2022,combined,174,绍兴文理学院
2022,combined,175,惠州学院
2022,combined,176,南京师范大学
2022,combined,177,河南工业大学
2022,combined,178,中原工学院
2022,combined,179,南昌理工学院
2022,combined,180,华中农业大学
2022,combined,181,大连海事大学
2022,combined,182,周口师范学院
2022,combined,183,吉首大学
2022,combined,184,浙大宁波理工学院
2022,combined,185,河北大学
2022,combined,186,广东工业大学揭阳校区
2022,combined,186,乐山师范学院
2022,combined,188,浙江农林大学暨阳学院
2022,combined,189,安徽工程大学
2022,combined,190,齐鲁工业大学
2022,combined,191,上海海事大学
2022,combined,192,南京林业大学
2022,combined,193,淮北师范大学
2022,combined,194,长沙学院
2022,combined,195,浙江中医药大学
2022,combined,196,昆明理工大学
2022,combined,197,北京师范大学珠海校区
2022,combined,198,华东交通大学
2022,combined,199,金华职业技术学院
2022,combined,200,江西理工大学
2022,combined,201,东北林业大学
2022,combined,202,成都锦城学院
2022,combined,203,西安建筑科技大学
2022,combined,204,中国矿业大学(北京)
2022,combined,205,湖北工业大学
2022,combined,206,温州大学
2022,combined,207,江苏大学
2022,combined,208,沈阳理工大学
2022,combined,209,湖州师范学院
2022,combined,210,武汉纺织大学
2022,combined,211,广东培正学院
2022,combined,212,中国民航大学
2022,combined,213,南京工业大学
2022,combined,214,广西民族大学
2022,combined,215,南昌大学
2022,combined,216,东北师范大学
2022,combined,217,沈阳化工大学
2022,combined,218,江西理工大学南昌校区
2022,combined,219,临沂大学
2022,combined,220,湖南工业大学
2022,combined,221,云南大学
2022,combined,222,华北电力大学(北京)
2022,combined,223,沈阳航空航天大学
2022,combined,224,青岛理工大学
2022,combined,225,上海海洋大学
2022,combined,226,浙江工业大学之江学院
2022,combined,227,新疆大学
2022,combined,228,中央民族大学
2022,combined,229,安阳工学院
2022,combined,230,成都东软学院
2022,combined,231,河南科技大学
2022,combined,232,三峡大学
2022,combined,233,四川师范大学
2022,combined,234,黑龙江大学
2022,combined,235,肇庆学院
2022,combined,236,衡阳师范学院
2022,combined,237,广东技术师范大学
2022,combined,238,上海第二工业大学
2022,combined,239,南昌职业大学
2022,combined,240,福州职业技术学院
2022,combined,241,福建工程学院
2022,combined,242,中南林业科技大学
2022,combined,243,浙江机电职业技术学院
2022,combined,244,湖南城市学院
2022,combined,245,中国矿业大学徐海学院
2022,combined,246,厦门大学嘉庚学院
2022,combined,247,金陵科技学院
2022,combined,248,闽南师范大学
2022,combined,249,天津理工大学
2022,combined,250,南通大学
2022,combined,251,上海财经大学
2022,combined,252,邵阳学院
2022,combined,253,河南理工大学
2022,combined,254,浙江金融职业学院
2022,combined,254,嘉应学院
2022,combined,256,徐州工程学院
2022,combined,257,盐城工学院
2022,combined,258,华北理工大学
2022,combined,259,浙江工业职业技术学院
2022,combined,260,石家庄铁道大学
2022,combined,260,西北师范大学
2022,combined,262,浙江育英职业技术学院
2022,combined,263,新疆师范大学
2022,combined,264,江西财经大学
2022,combined,265,中国传媒大学
2022,combined,266,南阳师范学院
2022,combined,267,山东工商学院
2022,combined,268,合肥学院
2022,combined,269,长春工业大学
2022,combined,270,湖南第一师范学院
2022,combined,271,西南石油大学
2022,combined,272,广西师范大学
2022,combined,272,湖北第二师范学院
2022,combined,274,鲁东大学
2022,combined,275,安徽工业大学
2022,combined,276,湖南科技学院
2022,combined,276,重庆交通大学
2022,combined,278,山东农业大学
2022,combined,279,长安大学
2022,combined,280,广东东软学院
2022,combined,281,天津仁爱学院
2022,combined,282,平顶山学院
2022,combined,283,韶关学院
2022,combined,284,安阳师范学院
2022,combined,285,齐齐哈尔大学
2022,combined,286,武汉工程大学
2022,combined,287,武汉商学院
2022,combined,288,沈阳师范大学
2022,combined,289,湖南涉外经济学院
2022,combined,290,陕西科技大学
2022,combined,291,广东财经大学
2022,combined,292,中国海洋大学
2022,combined,292,西安邮电大学
2022,combined,294,信阳师范学院
2022,combined,295,西安石油大学
2022,combined,296,河南师范大学
2022,combined,297,福建技术师范学院
2022,combined,298,长春大学
2022,combined,299,井冈山大学
2022,combined,300,韩山师范学院
2022,combined,301,广东金融学院
2022,combined,302,哈尔滨理工大学(威海)
2022,combined,303,广东外语外贸大学
2022,combined,304,长江师范学院
2022,combined,305,佛山科学技术学院
2022,combined,306,聊城大学
2022,combined,307,华北科技学院
2022,combined,308,湖北中医药大学
2022,combined,309,湖南中医药大学
2022,combined,310,山东财经大学
2022,combined,311,石河子大学
2022,combined,312,上海电机学院
2022,combined,313,曲阜师范大学
2022,combined,314,深圳职业技术学院
2022,combined,315,河北农业大学
2022,combined,316,兰州理工大学
2022,combined,317,湖北大学
2022,combined,318,青岛农业大学
2022,combined,319,成都大学
2022,combined,320,西藏民族大学
2022,combined,321,宁波诺丁汉大学
2022,combined,322,湖州学院
2022,combined,323,广西科技大学
2022,combined,324,山西大学
2022,combined,325,广东理工学院
2022,combined,326,宁波工程学院
2022,combined,327,阿坝师范学院
2022,combined,328,湖南人文科技学院
2022,combined,329,辽宁工程技术大学
2022,combined,330,安徽师范大学
2022,combined,331,阜阳师范大学
2022,combined,332,中国石油大学(北京)
2022,combined,333,大连理工大学盘锦校区
2022,combined,334,成都理工大学宜宾校区
2022,combined,335,广州软件学院
2022,combined,336,北京联合大学
2022,combined,337,广东海洋大学
2022,combined,338,湖南农业大学东方科技学院
2022,combined,339,厦门理工学院
2022,combined,340,浙江广厦建设职业技术大学
2022,combined,341,四川信息职业技术学院
2022,combined,342,闽江学院
2022,combined,343,哈尔滨学院
2022,combined,344,郑州升达经贸管理学院
2022,combined,345,西安科技大学
2022,combined,346,汉口学院
2022,combined,347,黄冈师范学院
2022,combined,348,泉州师范学院
2022,combined,349,湖北经济学院
2022,combined,350,中国人民解放军陆军工程大学
2022,combined,351,中国农业大学
2022,combined,352,黄淮学院
2022,combined,353,山东科技大学(泰安校区)
2022,combined,354,福州大学至诚学院
2022,combined,355,辽宁石油化工大学
2022,combined,356,无锡学院
2022,combined,357,河北经贸大学
2022,combined,358,山东石油化工学院
2022,combined,359,北京信息科技大学
2022,combined,360,滁州学院
2022,combined,361,莆田学院
2022,combined,362,山东建筑大学
2022,combined,363,黑龙江工程学院
2022,combined,364,南京晓庄学院
2022,combined,364,广州航海学院
2022,combined,366,武昌首义学院
2022,combined,367,重庆工程学院
2022,combined,368,东华理工大学
2022,combined,369,南京邮电大学通达学院
2022,combined,370,泰州职业技术学院
2022,combined,371,赣南医学院
2022,combined,372,江苏理工学院
2022,combined,373,内蒙古师范大学
2022,combined,374,潍坊学院
2022,combined,375,江西工程学院
2022,combined,376,青岛农业大学海都学院
2022,combined,377,河北科技大学
2022,combined,378,安徽财经大学
2022,combined,378,河南财经政法大学
2022,combined,378,山东女子学院
2022,combined,381,贵州工程应用技术学院
2022,combined,382,浙江工商大学杭州商学院
2022,combined,383,成都理工大学工程技术学院
2022,combined,384,黑龙江科技大学
2022,combined,385,国际关系学院
2022,combined,386,延安大学西安创新学院
2022,combined,387,哈尔滨华德学院
2022,combined,388,南通师范高等专科学校
2022,combined,389,西安工业大学
2022,combined,390,宁波财经学院
2022,combined,391,武汉学院
2022,combined,392,中国人民警察大学
2022,combined,393,宜春学院
2022,combined,394,湖南信息学院
2022,combined,395,上海建桥学院
2022,combined,396,上海应用技术大学
2022,combined,397,郑州工程技术学院
2022,combined,398,贵州民族大学
2022,combined,399,山东中医药大学
2022,combined,400,汕头大学
2022,combined,401,内蒙古科技大学
2022,combined,402,南京农业大学
2022,combined,403,北京电子科技学院
2022,combined,404,中国人民公安大学
2022,combined,405,重庆移通学院
2022,combined,406,河北工程大学
2022,combined,407,江西科技学院
2022,combined,408,大连东软信息学院
2022,combined,408,陕西师范大学
2022,combined,410,郑州工商学院
2022,combined,411,山东协和学院
2022,combined,412,温州商学院
2022,combined,413,北京师范大学珠海分校
2022,combined,414,重庆科技学院
2022,combined,415,湖南工程学院
2022,combined,416,淮阴工学院
2022,combined,417,桂林信息科技学院
2022,combined,418,首都师范大学
2022,combined,419,南昌工程学院
2022,combined,420,南昌航空大学科技学院
2022,combined,421,商丘学院应用科技学院
2022,combined,422,河北科技师范学院
2022,combined,423,九江学院
2022,combined,424,嘉兴学院
2022,combined,425,文华学院
2022,combined,426,泰州学院
2022,combined,427,西华大学
2022,combined,428,衡水学院
2022,combined,429,南京师范大学中北学院
2022,combined,430,通化师范学院
2022,combined,431,广州南方学院
2022,combined,432,南昌大学科学技术学院
2022,combined,433,海南科技职业大学
2022,combined,434,东南大学成贤学院
2022,combined,435,南京医科大学
2022,combined,436,重庆人文科技学院
2023,round1,1,北京大学
2023,round1,2,浙江大学
2023,round1,3,清华大学
2023,round1,4,南京大学
2023,round1,5,上海交通大学
2023,round1,6,中国科学技术大学
2023,round1,7,哈尔滨工业大学
2023,round1,8,南方科技大学
2023,round1,9,西南交通大学
2023,round1,10,北京理工大学
2023,round1,11,中山大学
2023,round1,12,南京邮电大学
2023,round1,13,北京交通大学
2023,round1,14,华中科技大学
2023,round1,15,四川大学
2023,round1,16,北京航空航天大学
2023,round1,16,香港中文大学(深圳)
2023,round1,18,浙江师范大学
2023,round1,19,南京理工大学
2023,round1,20,中南大学
2023,round1,21,香港理工大学
2023,round1,22,南开大学
2023,round1,23,西安电子科技大学
2023,round1,24,电子科技大学
2023,round1,25,华侨大学
2023,round1,26,西北工业大学
2023,round1,27,复旦大学
2023,round1,28,哈尔滨工业大学(深圳)
2023,round1,29,香港中文大学
2023,round1,30,北京邮电大学
2023,round1,31,武汉理工大学
2023,round1,32,重庆大学
2023,round1,33,西安交通大学
2023,round1,34,厦门大学
2023,round1,35,东北大学
2023,round1,36,华中师范大学
2023,round1,37,同济大学
2023,round1,38,中国科学院大学
2023,round1,39,香港大学
2023,round1,40,吉林大学
2023,round1,41,武汉大学
2023,round1,42,香港浸会大学
2023,round1,43,东南大学
2023,round1,44,北京建筑大学
2023,round1,45,华东理工大学
2023,round1,46,南京航空航天大学
2023,round1,47,上海大学
2023,round1,48,福州大学
2023,round1,49,东华大学
2023,round1,50,深圳大学
2023,round1,51,哈尔滨工业大学(威海)
2023,round1,52,华南理工大学
2023,round1,53,华东师范大学
2023,round1,54,浙大城市学院
2023,round1,55,苏州大学
2023,round1,56,广西大学
2023,round1,57,湘潭大学
2023,round1,58,郑州大学
2023,round1,59,浙江工业大学
2023,round1,60,浙江工商大学
2023,round1,61,香港科技大学(广州)
2023,round1,62,重庆邮电大学
2023,round1,63,哈尔滨工程大学
2023,round1,64,山东大学
2023,round1,65,天津大学
2023,round1,65,东北大学秦皇岛分校
2023,round1,67,浙江农林大学
2023,round1,68,河南科技大学
2023,round1,69,北京师范大学
2023,round1,70,南京信息工程大学
2023,round1,71,杭州电子科技大学信息工程学院
2023,round1,72,上海理工大学
2023,round1,73,山东大学(威海)
2023,round1,74,上海财经大学
2023,round1,75,大连理工大学
2023,round1,76,北京化工大学
2023,round1,77,合肥工业大学宣城校区
2023,round1,78,暨南大学
2023,round1,79,长沙学院
2023,round1,80,武汉科技大学
2023,round1,81,哈尔滨理工大学
2023,round1,82,广东工业大学
2023,round1,83,山东理工大学
2023,round1,84,河海大学
2023,round1,85,安徽大学
2023,round1,86,宁波大学
2023,round1,87,太原理工大学
2023,round1,88,湖南师范大学
2023,round1,89,杭州师范大学
2023,round1,90,河南大学
2023,round1,91,华南农业大学
2023,round1,92,中南民族大学
2023,round1,93,华南师范大学
2023,round1,94,浙江理工大学
2023,round1,95,河南农业大学
2023,round1,96,江西理工大学
2023,round1,97,河南工业大学
2023,round1,98,中国民航大学
2023,round1,99,福建理工大学
2023,round1,100,河北工业大学
2023,round1,101,成都理工大学
2023,round1,102,燕山大学
2023,round1,103,西湖大学
2023,round1,104,上海科技大学
2023,round1,105,中国地质大学(北京)
2023,round1,106,大连大学
2023,round1,107,天津理工大学
2023,round1,108,西南大学
2023,round1,108,西北农林科技大学
2023,round1,108,广州大学
2023,round1,111,中国人民大学
2023,round1,112,香港城市大学
2023,round1,113,台州学院
2023,round1,114,南通大学
2023,round1,115,中国海洋大学
2023,round1,116,山东科技大学
2023,round1,117,北京工业大学
2023,round1,118,广东工业大学揭阳校区
2023,round1,119,长沙理工大学
2023,round1,120,西北大学
2023,round1,121,温州大学
2023,round1,122,青岛大学
2023,round1,123,浙大宁波理工学院
2023,round1,124,中国地质大学(武汉)
2023,round1,125,济南大学
2023,round1,126,河南理工大学
2023,round1,127,江西师范大学
2023,round1,128,辽宁大学
2023,round1,129,湖南科技大学
2023,round1,130,浙江万里学院
2023,round1,131,长春理工大学
2023,round1,131,中北大学
2023,round1,133,郑州轻工业大学
2023,round1,134,浙江科技学院
2023,round1,135,青岛理工大学
2023,round1,136,齐齐哈尔大学
2023,round1,137,浙江农林大学暨阳学院
2023,round1,138,成都信息工程大学
2023,round1,139,乐山师范学院
2023,round1,140,齐鲁工业大学
2023,round1,141,江西财经大学
2023,round1,142,东北电力大学
2023,round1,143,东北农业大学
2023,round1,144,上海海事大学
2023,round1,145,浙江财经大学
2023,round1,146,哈尔滨商业大学
2023,round1,147,湖北工业大学
2023,round1,148,贵州大学
2023,round1,149,西南科技大学
2023,round1,150,江南大学
2023,round1,151,山西大学
2023,round1,152,东莞理工学院
2023,round1,152,河北师范大学
2023,round1,154,福建师范大学
2023,round1,155,南京林业大学
2023,round1,156,长安大学
2023,round1,157,绍兴文理学院元培学院
2023,round1,158,西安理工大学
2023,round1,159,集美大学
2023,round1,160,大连理工大学盘锦校区
2023,round1,161,南京师范大学
2023,round1,162,南京工业大学
2023,round1,163,天津仁爱学院
2023,round1,164,上海应用技术大学
2023,round1,165,北京林业大学
2023,round1,166,华中农业大学
2023,round1,167,云南大学
2023,round1,168,西南民族大学
2023,round1,169,武汉商学院
2023,round1,170,北京理工大学珠海学院
2023,round1,171,新疆大学
2023,round1,172,广西师范大学
2023,round1,173,上海海洋大学
2023,round1,174,深圳技术大学
2023,round1,175,武汉工程大学
2023,round1,176,深圳北理莫斯科大学
2023,round1,177,广西民族大学
2023,round1,178,北京科技大学
2023,round1,179,常熟理工学院
2023,round1,180,中国矿业大学
2023,round1,181,电子科技大学中山学院
2023,round1,182,西南财经大学
2023,round1,183,中国石油大学(华东)
2023,round1,184,南昌航空大学
2023,round1,185,中国人民解放军战略支援部队信息工程大学
2023,round1,186,安徽工业大学
2023,round1,187,南阳理工学院
2023,round1,188,浙江工业大学之江学院
2023,round1,189,韶关学院
2023,round1,190,中国石油大学(北京)克拉玛依校区
2023,round1,191,西南石油大学
2023,round1,192,常州大学
2023,round1,193,三峡大学
2023,round1,194,青岛科技大学
2023,round1,195,佛山科学技术学院
2023,round1,196,北华大学
2023,round1,197,合肥工业大学
2023,round1,198,苏州科技大学
2023,round1,199,海南大学
2023,round1,199,宁波财经学院
2023,round1,201,福建农林大学
2023,round1,202,东北师范大学
2023,round1,203,北方工业大学
2023,round1,204,绍兴文理学院
2023,round1,205,沈阳航空航天大学
2023,round1,206,山东师范大学
2023,round1,207,中国传媒大学
2023,round1,208,鲁东大学
2023,round1,208,广东东软学院
2023,round1,210,华北电力大学(北京)
2023,round1,211,泉州师范学院
2023,round1,212,黄冈师范学院
2023,round1,213,信阳农林学院
2023,round1,214,合肥学院
2023,round1,215,中国农业大学
2023,round1,216,周口师范学院
2023,round1,217,北京信息科技大学
2023,round1,218,江苏科技大学
2023,round1,219,盐城工学院
2023,round1,220,上海电机学院
2023,round1,220,广州城市理工学院
2023,round1,222,重庆科技学院
2023,round1,223,南昌大学
2023,round1,224,中国计量大学
2023,round1,225,嘉应学院
2023,round1,226,广东财经大学
2023,round1,227,黑龙江大学
2023,round1,228,南阳师范学院
2023,round1,229,西安邮电大学
2023,round1,230,上海第二工业大学
2023,round1,231,重庆交通大学
2023,round1,232,阜阳师范大学
2023,round1,233,沈阳化工大学
2023,round1,234,江苏大学
2023,round1,235,江西科技师范大学
2023,round1,235,北京交通大学威海校区
2023,round1,237,华东交通大学
2023,round1,238,井冈山大学
2023,round1,239,安徽农业大学
2023,round1,240,徐州工程学院
2023,round1,241,广东外语外贸大学
2023,round1,242,南华大学
2023,round1,243,莆田学院
2023,round1,244,重庆工程学院
2023,round1,245,山东农业大学
2023,round1,246,石家庄铁道大学
2023,round1,247,广州华立学院
2023,round1,248,桂林电子科技大学
2023,round1,249,安徽工程大学
2023,round1,250,国际关系学院
2023,round1,250,厦门理工学院
2023,round1,252,北京电子科技学院
2023,round1,253,河南师范大学
2023,round1,254,成都理工大学工程技术学院
2023,round1,255,西华大学
2023,round1,255,中国石油大学(北京)
2023,round1,257,闽南师范大学
2023,round1,258,浙江育英职业技术学院
2023,round1,259,仲恺农业工程学院
2023,round1,260,聊城大学
2023,round1,261,惠州学院
2023,round1,262,南京工程学院
2023,round1,263,山东财经大学
2023,round1,264,五邑大学
2023,round1,265,广西外国语学院
2023,round1,266,宁波职业技术学院
2023,round1,267,成都东软学院
2023,round1,268,南京邮电大学通达学院
2023,round1,269,肇庆学院
2023,round1,270,安徽师范大学
2023,round1,271,武汉纺织大学
2023,round1,272,成都锦城学院
2023,round1,273,澳门大学
2023,round1,274,延边大学
2023,round1,275,烟台大学
2023,round1,276,吉林师范大学
2023,round1,277,江汉大学
2023,round1,278,北京师范大学-香港浸会大学联合国际学院
2023,round1,279,广东培正学院
2023,round1,280,山东工商学院
2023,round1,281,无锡学院
2023,round1,282,浙江传媒学院
2023,round1,283,成都大学
2023,round1,284,中国计量大学现代科技学院
2023,round1,285,石河子大学
2023,round1,286,安阳工学院
2023,round1,287,广东金融学院
2023,round1,288,陕西科技大学
2023,round1,289,山东建筑大学
2023,round1,290,青岛农业大学
2023,round1,291,重庆理工大学
2023,round1,292,平顶山学院
2023,round1,293,阿坝师范学院
2023,round1,294,临沂大学
2023,round1,295,中原工学院
2023,round1,296,浙江广厦建设职业技术大学
2023,round1,297,宁波工程学院
2023,round1,298,西安科技大学
2023,round1,299,浙江中医药大学
2023,round1,300,南昌理工学院
2023,round1,301,江西农业大学
2023,round1,302,温州理工学院
2023,round1,303,长江师范学院
2023,round1,304,广西科技大学
2023,round1,305,郑州升达经贸管理学院
2023,round1,306,西安工业大学
2023,round1,307,沈阳师范大学
2023,round1,308,广东技术师范大学
2023,round1,309,郑州航空工业管理学院
2023,round1,310,温州商学院
2023,round1,311,湖北第二师范学院
2023,round1,312,衡水学院
2023,round1,312,湖州师范学院
2023,round1,314,扬州大学
2023,round1,315,韩山师范学院
2023,round1,316,山东女子学院
2023,round1,317,河北经贸大学
2023,round1,318,曲阜师范大学
2023,round1,319,滁州学院
2023,round1,320,江西科技学院
2023,round1,321,湖南理工学院
2023,round1,322,河南财经政法大学
2023,round1,323,新疆理工学院
2023,round1,324,华北理工大学
2023,round1,325,金陵科技学院
2023,round1,326,淮北师范大学
2023,round1,327,江西中医药大学
2023,round1,328,浙江机电职业技术学院
2023,round1,329,河北民族师范学院
2023,round1,330,长江大学
2023,round1,331,上海建桥学院
2023,round1,332,河南工程学院
2023,round1,333,浙江警官职业学院
2023,round1,334,湖南中医药大学
2023,round1,335,潍坊学院
2023,round1,336,武汉轻工大学
2023,round1,337,广州南方学院
2023,round1,338,浙江金融职业学院
2023,round1,339,吉首大学
2023,round1,340,桂林信息科技学院
2023,round1,341,宜春学院
2023,round1,342,浙江工商大学杭州商学院
2023,round1,343,上饶师范学院
2023,round1,344,安阳师范学院
2023,round1,345,淮阴工学院
2023,round1,346,山东科技大学泰安校区
2023,round1,347,华北水利水电大学
2023,round1,348,武昌首义学院
2023,round1,349,南昌职业大学
2023,round1,350,西北师范大学
2023,round1,351,湖北中医药大学
2023,round1,352,山东石油化工学院
2023,round1,353,九江学院
2023,round1,354,河南财政金融学院
2023,round1,355,黄淮学院
2023,round1,356,贵州工程应用技术学院
2023,round1,357,山东管理学院
2023,round1,358,烟台科技学院
2023,round1,358,河北工程技术学院
2023,round1,360,济宁医学院
2023,round1,361,北京印刷学院
2023,round1,361,广州软件学院
2023,round1,363,贵州民族大学
2023,round1,364,黑龙江工程学院
2023,round1,365,长沙师范学院
2023,round1,366,郑州经贸学院
2023,round1,366,湖南城市学院
2023,round1,368,通化师范学院
2023,round1,369,武昌理工学院
2023,round1,370,泰州学院
2023,round1,371,江苏理工学院
2023,round1,372,共青科技职业学院
2023,round1,372,辽宁科技大学
2023,round1,374,厦门大学嘉庚学院
2023,round1,375,河北地质大学
2023,round1,376,青岛农业大学海都学院
2023,round1,376,菏泽学院
2023,round1,378,北京师范大学珠海校区
2023,round1,379,哈尔滨理工大学(荣成)
2023,round1,380,湖南警察学院
2023,round1,381,烟台理工学院
2023,round1,381,广西职业师范学院
2023,round1,383,桂林电子科技大学北海校区
2023,round1,383,湖南工学院
2023,round1,385,南京理工大学泰州科技学院
2023,round1,386,南昌航空大学科技学院
2023,round1,387,湖南工程学院
2023,round1,388,商丘师范学院
2023,round1,389,哈尔滨华德学院
2023,round1,390,洛阳师范学院
2023,round1,391,北京师范大学珠海分校
2023,round1,392,延安大学西安创新学院
2023,round1,393,重庆人文科技学院
2023,round1,394,大连东软信息学院
2023,round1,395,河南中医药大学
2023,round1,396,天津商业大学
2023,round1,397,西华师范大学
2023,round1,398,河北科技师范学院
2023,round1,399,安徽信息工程学院
2023,round1,400,广东药科大学
2023,round1,401,大连理工大学城市学院
2023,round1,402,内蒙古师范大学
2023,round1,403,内蒙古工业大学
2023,round1,404,信阳师范大学
2023,round1,405,西藏民族大学
2023,round1,406,山东中医药大学
2023,round1,407,吉林建筑大学
2023,round1,408,郑州商学院
2023,round1,409,南京晓庄学院
2023,round1,410,上海工程技术大学
2023,round1,411,北京科技大学天津学院
2023,round1,412,烟台南山学院
2023,round1,413,北京联合大学
2023,round1,413,上海财经大学浙江学院
2023,round1,415,齐鲁师范学院
2023,round1,416,四川信息职业技术学院
2023,round1,417,沈阳农业大学
2023,round1,418,中央财经大学
2023,round1,419,哈尔滨信息工程学院
2023,round2,1,北京大学
2023,round2,2,四川大学
2023,round2,3,浙江大学
2023,round2,4,清华大学
2023,round2,5,北京航空航天大学
2023,round2,6,上海交通大学
2023,round2,7,中山大学
2023,round2,8,国防科技大学
2023,round2,9,北京交通大学
2023,round2,10,杭州电子科技大学
2023,round2,11,华中科技大学
2023,round2,12,中国科学技术大学
2023,round2,13,复旦大学
2023,round2,14,南京大学
2023,round2,15,香港中文大学(深圳)
2023,round2,16,苏州大学
2023,round2,17,南方科技大学
2023,round2,18,山东大学
2023,round2,19,南京信息工程大学
2023,round2,20,东北大学
2023,round2,21,吉林大学
2023,round2,22,香港大学
2023,round2,23,香港中文大学
2023,round2,24,北京邮电大学
2023,round2,25,北京理工大学
2023,round2,26,深圳大学
2023,round2,27,上海大学
2023,round2,28,香港城市大学
2023,round2,29,哈尔滨工业大学
2023,round2,30,哈尔滨理工大学
2023,round2,31,浙江师范大学
2023,round2,32,浙江工商大学
2023,round2,33,中南大学
2023,round2,34,温州大学
2023,round2,35,燕山大学
2023,round2,36,广东工业大学
2023,round2,37,华东师范大学
2023,round2,38,兰州大学
2023,round2,39,武汉大学
2023,round2,40,湖南理工学院
2023,round2,41,武汉理工大学
2023,round2,42,厦门大学
2023,round2,43,福州大学
2023,round2,44,湘潭大学
2023,round2,45,电子科技大学
2023,round2,46,同济大学
2023,round2,47,湖南大学
2023,round2,48,中国人民大学
2023,round2,49,西安交通大学
2023,round2,50,浙江工业大学
2023,round2,51,昆山杜克大学
2023,round2,52,西北工业大学
2023,round2,53,南京航空航天大学
2023,round2,54,西南交通大学
2023,round2,55,北京林业大学
2023,round2,56,南京理工大学
2023,round2,57,杭州电子科技大学信息工程学院
2023,round2,58,天津大学
2023,round2,58,华南理工大学
2023,round2,60,华中师范大学
2023,round2,61,北京化工大学
2023,round2,62,大连理工大学
2023,round2,63,浙大城市学院
2023,round2,64,哈尔滨工业大学(深圳)
2023,round2,65,湖南师范大学
2023,round2,66,中国科学院大学
2023,round2,67,中国地质大学(北京)
2023,round2,68,华侨大学
2023,round2,69,浙江农林大学
2023,round2,70,西南石油大学
2023,round2,71,成都信息工程大学
2023,round2,72,山东大学(威海)
2023,round2,73,东华大学
2023,round2,74,北京师范大学
2023,round2,75,重庆邮电大学
2023,round2,76,北京建筑大学
2023,round2,77,上海理工大学
2023,round2,78,杭州师范大学
2023,round2,79,哈尔滨工程大学
2023,round2,80,南京邮电大学
2023,round2,81,浙江农林大学暨阳学院
2023,round2,82,浙江理工大学
2023,round2,83,广西大学
2023,round2,84,东北电力大学
2023,round2,85,南开大学
2023,round2,86,台州学院
2023,round2,86,鲁东大学
2023,round2,88,齐鲁工业大学
2023,round2,89,上海财经大学
2023,round2,90,东北大学秦皇岛分校
2023,round2,91,合肥学院
2023,round2,92,重庆大学
2023,round2,93,天津仁爱学院
2023,round2,94,江西师范大学
2023,round2,95,西安电子科技大学
2023,round2,96,南京师范大学
2023,round2,97,南华大学
2023,round2,98,南通大学
2023,round2,99,新疆大学
2023,round2,100,安徽大学
2023,round2,101,湖南文理学院
2023,round2,102,河南农业大学
2023,round2,103,东南大学
2023,round2,104,河南工业大学
2023,round2,105,福建师范大学
2023,round2,106,华南农业大学
2023,round2,107,上海科技大学
2023,round2,108,西南科技大学
2023,round2,109,安徽工业大学
2023,round2,110,河海大学
2023,round2,111,绍兴文理学院元培学院
2023,round2,112,北京工业大学
2023,round2,113,长沙理工大学
2023,round2,114,合肥工业大学
2023,round2,115,武汉科技大学
2023,round2,116,南京工业大学
2023,round2,117,云南大学
2023,round2,118,衡阳师范学院
2023,round2,119,山东理工大学
2023,round2,120,华南师范大学
2023,round2,121,广州大学
2023,round2,122,中北大学
2023,round2,122,南京林业大学
2023,round2,124,浙江万里学院
2023,round2,125,周口师范学院
2023,round2,126,中国计量大学
2023,round2,126,北京科技大学
2023,round2,128,东北农业大学
2023,round2,129,湖南科技大学
2023,round2,130,天津理工大学
2023,round2,131,青岛理工大学
2023,round2,132,江南大学
2023,round2,133,浙大宁波理工学院
2023,round2,134,南昌航空大学
2023,round2,135,北京理工大学珠海学院
2023,round2,136,合肥工业大学宣城校区
2023,round2,137,辽宁大学
2023,round2,138,成都理工大学
2023,round2,139,嘉应学院
2023,round2,140,长沙学院
2023,round2,140,浙江财经大学
2023,round2,142,齐齐哈尔大学
2023,round2,142,莆田学院
2023,round2,144,上海海洋大学
2023,round2,145,山东师范大学
2023,round2,146,西湖大学
2023,round2,146,桂林电子科技大学
2023,round2,148,华北理工大学
2023,round2,149,香港科技大学(广州)
2023,round2,149,中国海洋大学
2023,round2,151,青岛科技大学
2023,round2,152,中国石油大学(华东)
2023,round2,153,青岛大学
2023,round2,154,集美大学
2023,round2,155,韶关学院
2023,round2,156,湖南人文科技学院
2023,round2,157,广西师范大学
2023,round2,158,湖南农业大学
2023,round2,159,北京电子科技学院
2023,round2,160,吉首大学
2023,round2,161,石河子大学
2023,round2,162,郑州大学
2023,round2,163,武汉商学院
2023,round2,164,中国民航大学
2023,round2,165,浙江科技学院
2023,round2,165,西北大学
2023,round2,167,南阳师范学院
2023,round2,168,武汉工程大学
2023,round2,169,江西财经大学
2023,round2,170,广东外语外贸大学
2023,round2,171,苏州科技大学
2023,round2,172,大连大学
2023,round2,173,广东工业大学揭阳校区
2023,round2,174,河北师范大学
2023,round2,175,绍兴文理学院
2023,round2,176,宁波大学
2023,round2,177,河南理工大学
2023,round2,178,中国地质大学(武汉)
2023,round2,179,西北农林科技大学
2023,round2,179,惠州学院
2023,round2,181,西南民族大学
2023,round2,182,上海海事大学
2023,round2,183,宁波财经学院
2023,round2,184,福建农林大学
2023,round2,185,南阳理工学院
2023,round2,186,中原工学院
2023,round2,187,曲阜师范大学
2023,round2,188,深圳北理莫斯科大学
2023,round2,189,澳门大学
2023,round2,190,江西理工大学
2023,round2,191,中国矿业大学(北京)
2023,round2,192,西南大学
2023,round2,193,佛山科学技术学院
2023,round2,193,湖南城市学院
2023,round2,195,华中农业大学
2023,round2,196,哈尔滨商业大学
2023,round2,197,长春理工大学
2023,round2,198,盐城工学院
2023,round2,199,郑州轻工业大学
2023,round2,200,黑龙江大学
2023,round2,201,乐山师范学院
2023,round2,202,深圳技术大学
2023,round2,203,河南大学
2023,round2,204,河南科技大学
2023,round2,205,北方工业大学
2023,round2,206,福建理工大学
2023,round2,207,贵州大学
2023,round2,208,山东科技大学
2023,round2,209,江西科技师范大学
2023,round2,210,沈阳航空航天大学
2023,round2,211,长安大学
2023,round2,212,暨南大学
2023,round2,213,武汉纺织大学
2023,round2,214,华北电力大学(北京)
2023,round2,215,中国传媒大学
2023,round2,216,中国人民解放军战略支援部队信息工程大学
2023,round2,217,上海第二工业大学
2023,round2,218,肇庆学院
2023,round2,219,电子科技大学中山学院
2023,round2,220,安徽农业大学
2023,round2,221,太原理工大学
2023,round2,222,常州大学
2023,round2,223,成都东软学院
2023,round2,224,黄冈师范学院
2023,round2,225,南昌大学
2023,round2,226,烟台大学
2023,round2,227,湖州师范学院
2023,round2,228,常熟理工学院
2023,round2,229,泉州师范学院
2023,round2,230,中国矿业大学
2023,round2,231,山东农业大学
2023,round2,232,东莞理工学院
2023,round2,233,宁波职业技术学院
2023,round2,234,仲恺农业工程学院
2023,round2,235,中国石油大学(北京)
2023,round2,236,怀化学院
2023,round2,236,陕西科技大学
2023,round2,238,东华理工大学
2023,round2,239,东北师范大学
2023,round2,240,信阳农林学院
2023,round2,241,西安邮电大学
2023,round2,242,成都大学
2023,round2,243,湖北工业大学
2023,round2,244,河北工业大学
2023,round2,245,南京邮电大学通达学院
2023,round2,246,沈阳化工大学
2023,round2,247,兰州理工大学
2023,round2,248,华东理工大学
2023,round2,249,西安理工大学
2023,round2,250,井冈山大学
2023,round2,251,中国农业大学
2023,round2,252,上海电机学院
2023,round2,253,南京晓庄学院
2023,round2,254,厦门理工学院
2023,round2,254,广东技术师范大学
2023,round2,256,武昌首义学院
2023,round2,257,徐州工程学院
2023,round2,258,北京师范大学-香港浸会大学联合国际学院
2023,round2,259,湖北大学
2023,round2,260,厦门大学嘉庚学院
2023,round2,261,汉口学院
2023,round2,262,北京师范大学珠海分校
2023,round2,263,河南师范大学
2023,round2,264,山东女子学院
2023,round2,265,广西民族大学
2023,round2,266,浙江广厦建设职业技术大学
2023,round2,267,湖南警察学院
2023,round2,268,沈阳师范大学
2023,round2,269,武汉轻工大学
2023,round2,270,成都锦城学院
2023,round2,271,广州城市理工学院
2023,round2,272,济南大学
2023,round2,273,西安科技大学
2023,round2,274,西南财经大学
2023,round2,275,山东建筑大学
2023,round2,276,韩山师范学院
2023,round2,277,湖南中医药大学
2023,round2,278,重庆科技学院
2023,round2,279,中国计量大学现代科技学院
2023,round2,280,聊城大学
2023,round2,281,华北水利水电大学
2023,round2,282,浙江育英职业技术学院
2023,round2,283,无锡学院
2023,round2,284,南昌职业大学
2023,round2,285,长沙师范学院
2023,round2,286,闽南师范大学
2023,round2,287,浙江金融职业学院
2023,round2,288,广东金融学院
2023,round2,289,华东交通大学
2023,round2,290,三峡大学
2023,round2,291,中南林业科技大学
2023,round2,292,山东工商学院
2023,round2,293,湖南涉外经济学院
2023,round2,294,南京工程学院
2023,round2,295,河北经贸大学
2023,round2,296,中国石油大学(北京)克拉玛依校区
2023,round2,297,西安石油大学
2023,round2,298,北华大学
2023,round2,299,临沂大学
2023,round2,300,西华大学
2023,round2,300,宁波诺丁汉大学
2023,round2,302,潍坊学院
2023,round2,303,广东东软学院
2023,round2,304,哈尔滨学院
2023,round2,304,阜阳师范大学
2023,round2,306,广东培正学院
2023,round2,307,宁波工程学院
2023,round2,308,广东海洋大学
2023,round2,309,浙江工业大学之江学院
2023,round2,310,山东财经大学
2023,round2,311,上海应用技术大学
2023,round2,312,安阳工学院
2023,round2,313,广西科技大学
2023,round2,314,重庆工程学院
2023,round2,315,温州商学院
2023,round2,316,湖北文理学院
2023,round2,317,扬州大学
2023,round2,318,江苏科技大学
2023,round2,319,石家庄铁道大学
2023,round2,320,西北师范大学
2023,round2,321,南昌理工学院
2023,round2,322,长江师范学院
2023,round2,322,河南工程学院
2023,round2,324,湖南第一师范学院
2023,round2,325,重庆理工大学
2023,round2,326,山东石油化工学院
2023,round2,326,九江学院
2023,round2,326,湖南信息学院
2023,round2,329,江西农业大学
2023,round2,329,河南财经政法大学
2023,round2,331,黄淮学院
2023,round2,332,江苏大学
2023,round2,333,浙江中医药大学
2023,round2,333,滁州学院
2023,round2,335,山东管理学院
2023,round2,335,山东科技大学济南校区
2023,round2,337,广西外国语学院
2023,round2,338,安阳师范学院
2023,round2,339,辽宁科技大学
2023,round2,340,商丘师范学院
2023,round2,341,湖南工学院
2023,round2,342,湖北中医药大学
2023,round2,343,国际关系学院
2023,round2,343,浙江工业职业技术学院
2023,round2,343,五邑大学
2023,round2,346,平顶山学院
2023,round2,347,河北民族师范学院
2023,round2,348,吉林师范大学
2023,round2,348,广东医科大学
2023,round2,350,山东协和学院
2023,round2,350,安徽信息工程学院
2023,round2,352,浙江传媒学院
2023,round2,353,长江大学
2023,round2,354,广州南方学院
2023,round2,355,阿坝师范学院
2023,round2,356,广东财经大学
2023,round2,357,广东药科大学
2023,round2,358,黑龙江工程学院
2023,round2,358,新疆理工学院
2023,round2,360,泰州学院
2023,round2,360,安徽师范大学
2023,round2,362,江西中医药大学
2023,round2,363,广州软件学院
2023,round2,364,金陵科技学院
2023,round2,365,温州理工学院
2023,round2,366,青岛农业大学海都学院
2023,round2,367,贵州民族大学
2023,round2,367,淮阴工学院
2023,round2,369,河南财政金融学院
2023,round2,370,淮北师范大学
2023,round2,371,共青科技职业学院
2023,round2,371,福建技术师范学院
2023,round2,373,兰州交通大学
2023,round2,374,宜春学院
2023,round2,375,大连理工大学盘锦校区
2023,round2,376,延安大学西安创新学院
2023,round2,377,郑州航空工业管理学院
2023,round2,378,上饶师范学院
2023,round2,379,北京印刷学院
2023,round2,379,烟台理工学院
2023,round2,381,广州华立学院
2023,round2,382,河北工程大学
2023,round2,383,湖南工程学院
2023,round2,384,江西科技学院
2023,round2,385,大连理工大学城市学院
2023,round2,386,江苏理工学院
2023,round2,387,福州大学至诚学院
2023,round2,388,衡水学院
2023,round2,389,西藏民族大学
2023,round2,390,河北工程技术学院
2023,round2,391,山东中医药大学
2023,round2,392,桂林电子科技大学北海校区
2023,round2,393,河南科技学院
2023,round2,394,大连东软信息学院
2023,round2,395,安徽工程大学
2023,round2,395,重庆交通大学
2023,round2,397,武昌理工学院
2023,round2,398,上海工程技术大学
2023,round2,399,北京师范大学珠海校区
2023,round2,400,浙江警官职业学院
2023,round2,400,通化师范学院
2023,round2,402,西华师范大学
2023,round2,403,贵州工程应用技术学院
2023,round2,404,河南中医药大学
2023,round2,405,郑州经贸学院
2023,round2,406,成都理工大学工程技术学院
2023,round2,407,唐山师范学院
2023,round2,407,湖南工商大学
2023,round2,409,安徽财经大学
2023,round2,410,沈阳农业大学
2023,round2,411,海南大学
2023,round2,412,四川信息职业技术学院
2023,round2,413,重庆城市科技学院
2023,round2,414,武汉工程大学邮电与信息工程学院
2023,round2,415,南京警察学院
2023,round2,416,郑州工商学院
2023,round2,417,南京理工大学泰州科技学院
2023,combined,1,北京大学
2023,combined,2,浙江大学
2023,combined,3,四川大学
2023,combined,4,清华大学
2023,combined,5,南京大学
2023,combined,6,上海交通大学
2023,combined,7,北京航空航天大学
2023,combined,8,中国科学技术大学
2023,combined,9,哈尔滨工业大学
2023,combined,10,中山大学
2023,combined,11,南方科技大学
2023,combined,12,国防科技大学
2023,combined,13,西南交通大学
2023,combined,14,北京交通大学
2023,combined,15,北京理工大学
2023,combined,16,杭州电子科技大学
2023,combined,17,华中科技大学
2023,combined,18,南京邮电大学
2023,combined,19,复旦大学
2023,combined,20,香港中文大学(深圳)
2023,combined,21,苏州大学
2023,combined,22,浙江师范大学
2023,combined,23,山东大学
2023,combined,24,南京理工大学
2023,combined,25,南京信息工程大学
2023,combined,26,中南大学
2023,combined,27,东北大学
2023,combined,28,香港理工大学
2023,combined,29,吉林大学
2023,combined,30,南开大学
2023,combined,31,香港大学
2023,combined,32,西安电子科技大学
2023,combined,33,香港中文大学
2023,combined,34,电子科技大学
2023,combined,35,北京邮电大学
2023,combined,36,华侨大学
2023,combined,37,西北工业大学
2023,combined,38,深圳大学
2023,combined,39,上海大学
2023,combined,40,哈尔滨工业大学(深圳)
2023,combined,41,香港城市大学
2023,combined,42,哈尔滨理工大学
2023,combined,43,武汉理工大学
2023,combined,44,重庆大学
2023,combined,45,浙江工商大学
2023,combined,46,西安交通大学
2023,combined,47,厦门大学
2023,combined,48,温州大学
2023,combined,49,燕山大学
2023,combined,50,华中师范大学
2023,combined,51,广东工业大学
2023,combined,52,同济大学
2023,combined,53,华东师范大学
2023,combined,54,中国科学院大学
2023,combined,55,兰州大学
2023,combined,56,武汉大学
2023,combined,57,湖南理工学院
2023,combined,58,香港浸会大学
2023,combined,59,东南大学
2023,combined,60,福州大学
2023,combined,61,北京建筑大学
2023,combined,62,湘潭大学
2023,combined,63,华东理工大学
2023,combined,64,南京航空航天大学
2023,combined,65,湖南大学
2023,combined,66,中国人民大学
2023,combined,67,东华大学
2023,combined,68,浙江工业大学
2023,combined,69,哈尔滨工业大学(威海)
2023,combined,70,昆山杜克大学
2023,combined,71,华南理工大学
2023,combined,72,浙大城市学院
2023,combined,73,北京林业大学
2023,combined,74,广西大学
2023,combined,75,杭州电子科技大学信息工程学院
2023,combined,76,郑州大学
2023,combined,77,天津大学
2023,combined,78,香港科技大学(广州)
2023,combined,79,北京化工大学
2023,combined,80,重庆邮电大学
2023,combined,81,大连理工大学
2023,combined,82,哈尔滨工程大学
2023,combined,83,东北大学秦皇岛分校
2023,combined,84,湖南师范大学
2023,combined,85,浙江农林大学
2023,combined,86,中国地质大学(北京)
2023,combined,87,河南科技大学
2023,combined,88,北京师范大学
2023,combined,89,西南石油大学
2023,combined,90,成都信息工程大学
2023,combined,91,上海理工大学
2023,combined,92,山东大学(威海)
2023,combined,93,上海财经大学
2023,combined,94,合肥工业大学宣城校区
2023,combined,95,暨南大学
2023,combined,96,杭州师范大学
2023,combined,97,长沙学院
2023,combined,98,武汉科技大学
2023,combined,99,浙江农林大学暨阳学院
2023,combined,100,浙江理工大学
2023,combined,101,山东理工大学
2023,combined,102,河海大学
2023,combined,103,东北电力大学
2023,combined,104,安徽大学
2023,combined,105,宁波大学
2023,combined,106,台州学院
2023,combined,106,鲁东大学
2023,combined,108,太原理工大学
2023,combined,109,齐鲁工业大学
2023,combined,110,河南大学
2023,combined,111,华南农业大学
2023,combined,112,合肥学院
2023,combined,113,中南民族大学
2023,combined,114,华南师范大学
2023,combined,115,天津仁爱学院
2023,combined,116,江西师范大学
2023,combined,117,河南农业大学
2023,combined,118,江西理工大学
2023,combined,119,南京师范大学
2023,combined,120,河南工业大学
2023,combined,121,南华大学
2023,combined,122,中国民航大学
2023,combined,123,南通大学
2023,combined,124,福建理工大学
2023,combined,125,新疆大学
2023,combined,126,河北工业大学
2023,combined,127,成都理工大学
2023,combined,128,湖南文理学院
2023,combined,129,西湖大学
2023,combined,130,上海科技大学
2023,combined,131,福建师范大学
2023,combined,132,大连大学
2023,combined,133,天津理工大学
2023,combined,134,西南大学
2023,combined,134,西北农林科技大学
2023,combined,134,广州大学
2023,combined,137,西南科技大学
2023,combined,138,安徽工业大学
2023,combined,139,绍兴文理学院元培学院
2023,combined,140,北京工业大学
2023,combined,141,长沙理工大学
2023,combined,142,合肥工业大学
2023,combined,143,中国海洋大学
2023,combined,144,山东科技大学
2023,combined,145,南京工业大学
2023,combined,146,云南大学
2023,combined,147,广东工业大学揭阳校区
2023,combined,148,衡阳师范学院
2023,combined,149,西北大学
2023,combined,150,青岛大学
2023,combined,151,中北大学
2023,combined,151,南京林业大学
2023,combined,153,浙大宁波理工学院
2023,combined,154,中国地质大学(武汉)
2023,combined,155,浙江万里学院
2023,combined,156,济南大学
2023,combined,157,周口师范学院
2023,combined,158,河南理工大学
2023,combined,159,北京科技大学
2023,combined,159,中国计量大学
2023,combined,161,辽宁大学
2023,combined,162,东北农业大学
2023,combined,163,湖南科技大学
2023,combined,164,长春理工大学
2023,combined,165,青岛理工大学
2023,combined,166,江南大学
2023,combined,167,郑州轻工业大学
2023,combined,168,浙江科技学院
2023,combined,169,南昌航空大学
2023,combined,170,北京理工大学珠海学院
2023,combined,171,齐齐哈尔大学
2023,combined,172,乐山师范学院
2023,combined,173,嘉应学院
2023,combined,174,浙江财经大学
2023,combined,175,江西财经大学
2023,combined,176,莆田学院
2023,combined,177,上海海事大学
2023,combined,178,上海海洋大学
2023,combined,179,山东师范大学
2023,combined,180,哈尔滨商业大学
2023,combined,181,桂林电子科技大学
2023,combined,182,湖北工业大学
2023,combined,183,贵州大学
2023,combined,184,华北理工大学
2023,combined,185,山西大学
2023,combined,186,青岛科技大学
2023,combined,187,东莞理工学院
2023,combined,187,河北师范大学
2023,combined,189,中国石油大学(华东)
2023,combined,190,集美大学
2023,combined,191,韶关学院
2023,combined,192,长安大学
2023,combined,193,湖南人文科技学院
2023,combined,194,广西师范大学
2023,combined,195,西安理工大学
2023,combined,196,湖南农业大学
2023,combined,197,北京电子科技学院
2023,combined,198,大连理工大学盘锦校区
2023,combined,199,吉首大学
2023,combined,200,石河子大学
2023,combined,201,武汉商学院
2023,combined,202,上海应用技术大学
2023,combined,203,华中农业大学
2023,combined,204,南阳师范学院
2023,combined,205,西南民族大学
2023,combined,206,武汉工程大学
2023,combined,207,广东外语外贸大学
2023,combined,208,苏州科技大学
2023,combined,209,深圳技术大学
2023,combined,210,绍兴文理学院
2023,combined,211,深圳北理莫斯科大学
2023,combined,212,广西民族大学
2023,combined,213,常熟理工学院
2023,combined,214,惠州学院
2023,combined,215,中国矿业大学
2023,combined,216,电子科技大学中山学院
2023,combined,217,西南财经大学
2023,combined,218,宁波财经学院
2023,combined,219,福建农林大学
2023,combined,220,中国人民解放军战略支援部队信息工程大学
2023,combined,221,南阳理工学院
2023,combined,222,中原工学院
2023,combined,223,曲阜师范大学
2023,combined,224,浙江工业大学之江学院
2023,combined,225,澳门大学
2023,combined,226,中国石油大学(北京)克拉玛依校区
2023,combined,227,中国矿业大学(北京)
2023,combined,228,常州大学
2023,combined,229,三峡大学
2023,combined,230,佛山科学技术学院
2023,combined,230,湖南城市学院
2023,combined,232,北华大学
2023,combined,233,盐城工学院
2023,combined,234,海南大学
2023,combined,235,黑龙江大学
2023,combined,236,东北师范大学
2023,combined,237,北方工业大学
2023,combined,238,沈阳航空航天大学
2023,combined,239,中国传媒大学
2023,combined,240,广东东软学院
2023,combined,241,江西科技师范大学
2023,combined,242,华北电力大学(北京)
2023,combined,243,泉州师范学院
2023,combined,244,黄冈师范学院
2023,combined,245,信阳农林学院
2023,combined,246,武汉纺织大学
2023,combined,247,中国农业大学
2023,combined,248,北京信息科技大学
2023,combined,249,上海第二工业大学
2023,combined,250,江苏科技大学
2023,combined,251,肇庆学院
2023,combined,252,上海电机学院
2023,combined,252,广州城市理工学院
2023,combined,254,安徽农业大学
2023,combined,255,重庆科技学院
2023,combined,256,南昌大学
2023,combined,257,成都东软学院
2023,combined,258,广东财经大学
2023,combined,259,烟台大学
2023,combined,260,湖州师范学院
2023,combined,261,西安邮电大学
2023,combined,262,重庆交通大学
2023,combined,263,山东农业大学
2023,combined,264,阜阳师范大学
2023,combined,265,沈阳化工大学
2023,combined,266,宁波职业技术学院
2023,combined,267,江苏大学
2023,combined,268,仲恺农业工程学院
2023,combined,269,北京交通大学威海校区
2023,combined,270,中国石油大学(北京)
2023,combined,271,陕西科技大学
2023,combined,271,怀化学院
2023,combined,273,华东交通大学
2023,combined,274,井冈山大学
2023,combined,275,东华理工大学
2023,combined,276,徐州工程学院
2023,combined,277,成都大学
2023,combined,278,重庆工程学院
2023,combined,279,南京邮电大学通达学院
2023,combined,280,石家庄铁道大学
2023,combined,281,广州华立学院
2023,combined,282,兰州理工大学
2023,combined,283,安徽工程大学
2023,combined,284,国际关系学院
2023,combined,284,厦门理工学院
2023,combined,286,河南师范大学
2023,combined,287,南京晓庄学院
2023,combined,288,成都理工大学工程技术学院
2023,combined,289,广东技术师范大学
2023,combined,290,西华大学
2023,combined,291,武昌首义学院
2023,combined,292,闽南师范大学
2023,combined,293,浙江育英职业技术学院
2023,combined,294,北京师范大学-香港浸会大学联合国际学院
2023,combined,295,湖北大学
2023,combined,296,聊城大学
2023,combined,297,厦门大学嘉庚学院
2023,combined,298,汉口学院
2023,combined,299,南京工程学院
2023,combined,300,北京师范大学珠海分校
2023,combined,301,山东财经大学
2023,combined,302,五邑大学
2023,combined,303,山东女子学院
2023,combined,304,广西外国语学院
2023,combined,305,浙江广厦建设职业技术大学
2023,combined,306,湖南警察学院
2023,combined,307,沈阳师范大学
2023,combined,308,武汉轻工大学
2023,combined,309,安徽师范大学
2023,combined,310,成都锦城学院
2023,combined,311,西安科技大学
2023,combined,312,延边大学
2023,combined,313,山东建筑大学
2023,combined,314,吉林师范大学
2023,combined,315,韩山师范学院
2023,combined,316,江汉大学
2023,combined,317,湖南中医药大学
2023,combined,318,广东培正学院
2023,combined,319,中国计量大学现代科技学院
2023,combined,320,山东工商学院
2023,combined,321,无锡学院
2023,combined,322,华北水利水电大学
2023,combined,323,浙江传媒学院
2023,combined,324,南昌职业大学
2023,combined,325,长沙师范学院
2023,combined,326,安阳工学院
2023,combined,327,广东金融学院
2023,combined,328,浙江金融职业学院
2023,combined,329,青岛农业大学
2023,combined,330,重庆理工大学
2023,combined,331,中南林业科技大学
2023,combined,332,平顶山学院
2023,combined,333,阿坝师范学院
2023,combined,334,湖南涉外经济学院
2023,combined,335,临沂大学
2023,combined,336,河北经贸大学
2023,combined,337,宁波工程学院
2023,combined,338,西安石油大学
2023,combined,339,浙江中医药大学
2023,combined,340,南昌理工学院
2023,combined,341,宁波诺丁汉大学
2023,combined,342,江西农业大学
2023,combined,343,温州理工学院
2023,combined,344,潍坊学院
2023,combined,345,长江师范学院
2023,combined,346,广西科技大学
2023,combined,347,哈尔滨学院
2023,combined,348,郑州升达经贸管理学院
2023,combined,349,西安工业大学
2023,combined,350,广东海洋大学
2023,combined,351,郑州航空工业管理学院
2023,combined,352,温州商学院
2023,combined,353,湖北第二师范学院
2023,combined,354,衡水学院
2023,combined,355,扬州大学
2023,combined,356,湖北文理学院
2023,combined,357,滁州学院
2023,combined,358,江西科技学院
2023,combined,359,西北师范大学
2023,combined,360,河南财经政法大学
2023,combined,361,河南工程学院
2023,combined,362,新疆理工学院
2023,combined,363,湖南第一师范学院
2023,combined,364,金陵科技学院
2023,combined,365,淮北师范大学
2023,combined,366,山东石油化工学院
2023,combined,366,九江学院
2023,combined,366,湖南信息学院
2023,combined,369,江西中医药大学
2023,combined,370,浙江机电职业技术学院
2023,combined,371,河北民族师范学院
2023,combined,372,长江大学
2023,combined,373,上海建桥学院
2023,combined,374,黄淮学院
2023,combined,375,浙江警官职业学院
2023,combined,376,山东管理学院
2023,combined,376,山东科技大学济南校区
2023,combined,378,广州南方学院
2023,combined,379,安阳师范学院
2023,combined,380,辽宁科技大学
2023,combined,381,桂林信息科技学院
2023,combined,382,商丘师范学院
2023,combined,383,宜春学院
2023,combined,384,湖南工学院
2023,combined,385,浙江工商大学杭州商学院
2023,combined,386,湖北中医药大学
2023,combined,387,上饶师范学院
2023,combined,388,浙江工业职业技术学院
2023,combined,389,淮阴工学院
2023,combined,390,山东科技大学泰安校区
2023,combined,391,广东医科大学
2023,combined,392,安徽信息工程学院
2023,combined,392,山东协和学院
2023,combined,394,河南财政金融学院
2023,combined,395,贵州工程应用技术学院
2023,combined,396,广东药科大学
2023,combined,397,烟台科技学院
2023,combined,397,河北工程技术学院
2023,combined,399,黑龙江工程学院
2023,combined,400,济宁医学院
2023,combined,401,泰州学院
2023,combined,402,北京印刷学院
2023,combined,402,广州软件学院
2023,combined,404,贵州民族大学
2023,combined,405,郑州经贸学院
2023,combined,406,青岛农业大学海都学院
2023,combined,407,通化师范学院
2023,combined,408,武昌理工学院
2023,combined,409,江苏理工学院
2023,combined,410,共青科技职业学院
2023,combined,410,福建技术师范学院
2023,combined,412,兰州交通大学
2023,combined,413,河北地质大学
2023,combined,414,菏泽学院
2023,combined,415,延安大学西安创新学院
2023,combined,416,北京师范大学珠海校区
2023,combined,417,哈尔滨理工大学(荣成)
2023,combined,418,烟台理工学院
2023,combined,419,广西职业师范学院
2023,combined,420,河北工程大学
2023,combined,421,桂林电子科技大学北海校区
2023,combined,422,湖南工程学院
2023,combined,423,南京理工大学泰州科技学院
2023,combined,424,大连理工大学城市学院
2023,combined,425,南昌航空大学科技学院
2023,combined,426,福州大学至诚学院
2023,combined,427,哈尔滨华德学院
2023,combined,428,西藏民族大学
2023,combined,429,洛阳师范学院
2023,combined,430,山东中医药大学
2023,combined,431,重庆人文科技学院
2023,combined,432,河南科技学院
2023,combined,433,大连东软信息学院
2023,combined,434,河南中医药大学
2023,combined,435,天津商业大学
2023,combined,436,西华师范大学
2023,combined,437,河北科技师范学院
2023,combined,438,上海工程技术大学
2023,combined,439,内蒙古师范大学
2023,combined,440,内蒙古工业大学
2023,combined,441,信阳师范大学
2023,combined,442,吉林建筑大学
2023,combined,443,唐山师范学院
2023,combined,443,湖南工商大学
2023,combined,445,郑州商学院
2023,combined,446,安徽财经大学
2023,combined,447,沈阳农业大学
2023,combined,448,北京科技大学天津学院
2023,combined,449,烟台南山学院
2023,combined,450,四川信息职业技术学院
2023,combined,451,北京联合大学
2023,combined,451,上海财经大学浙江学院
2023,combined,453,重庆城市科技学院
2023,combined,454,武汉工程大学邮电与信息工程学院
2023,combined,455,齐鲁师范学院
2023,combined,456,南京警察学院
2023,combined,457,郑州工商学院
2023,combined,458,中央财经大学
2023,combined,459,哈尔滨信息工程学院
2024,round1,1,清华大学
2024,round1,2,北京大学
2024,round1,3,杭州电子科技大学
2024,round1,4,上海交通大学
2024,round1,5,中山大学
2024,round1,6,浙江大学
2024,round1,7,北京航空航天大学
2024,round1,8,南方科技大学
2024,round1,9,香港大学
2024,round1,10,复旦大学
2024,round1,11,哈尔滨工业大学
2024,round1,12,北京邮电大学
2024,round1,13,四川大学
2024,round1,14,广东工业大学
2024,round1,15,香港中文大学(深圳)
2024,round1,16,北京理工大学
2024,round1,17,武汉大学
2024,round1,18,福州大学
2024,round1,19,浙江工业大学
2024,round1,20,西安交通大学
2024,round1,21,南京航空航天大学
2024,round1,22,哈尔滨工业大学(深圳)
2024,round1,23,中国科学技术大学
2024,round1,24,厦门大学
2024,round1,25,南京大学
2024,round1,26,西北工业大学
2024,round1,26,南开大学
2024,round1,28,华中科技大学
2024,round1,29,南京理工大学
2024,round1,30,广东以色列理工学院
2024,round1,31,香港科技大学(广州)
2024,round1,32,吉林大学
2024,round1,33,香港中文大學
2024,round1,34,苏州大学
2024,round1,35,山东大学
2024,round1,36,天津大学
2024,round1,37,杭州电子科技大学信息工程学院
2024,round1,38,电子科技大学
2024,round1,39,同济大学
2024,round1,40,香港浸会大学
2024,round1,41,南京信息工程大学
2024,round1,42,浙江师范大学
2024,round1,43,东北大学秦皇岛分校
2024,round1,44,中国科学院大学
2024,round1,45,西湖大学
2024,round1,46,西安电子科技大学
2024,round1,47,中南大学
2024,round1,48,华东师范大学
2024,round1,49,上海财经大学
2024,round1,50,华南理工大学
2024,round1,51,湘潭大学
2024,round1,52,上海大学
2024,round1,53,西南交通大学
2024,round1,54,重庆理工大学
2024,round1,55,华中师范大学
2024,round1,56,大连理工大学盘锦校区
2024,round1,57,东南大学
2024,round1,58,福建师范大学
2024,round1,59,郑州大学
2024,round1,60,广州大学
2024,round1,61,深圳大学
2024,round1,62,浙大城市学院
2024,round1,63,绍兴文理学院元培学院
2024,round1,63,北京师范大学
2024,round1,65,南京邮电大学
2024,round1,66,东北大学
2024,round1,67,国防科技大学
2024,round1,68,西南大学
2024,round1,69,江苏大学
2024,round1,70,重庆邮电大学
2024,round1,71,集美大学
2024,round1,72,香港城市大学
2024,round1,73,香港科技大学
2024,round1,74,山东大学(威海)
2024,round1,75,重庆大学
2024,round1,75,西北大学
2024,round1,77,中国人民大学
2024,round1,78,哈尔滨工程大学
2024,round1,79,中国传媒大学
2024,round1,80,浙江万里学院
2024,round1,81,燕山大学
2024,round1,82,北京科技大学
2024,round1,83,昆山杜克大学
2024,round1,84,杭州师范大学
2024,round1,85,兰州大学
2024,round1,86,浙江科技大学
2024,round1,87,山东师范大学
2024,round1,88,上海纽约大学
2024,round1,89,浙江理工大学
2024,round1,90,新疆大学
2024,round1,91,北京林业大学
2024,round1,92,哈尔滨工业大学(威海)
2024,round1,93,安徽大学
2024,round1,94,湖南城市学院
2024,round1,95,武汉理工大学
2024,round1,96,上海师范大学
2024,round1,97,中国矿业大学
2024,round1,98,福建理工大学
2024,round1,99,香港理工大学
2024,round1,100,东华大学
2024,round1,101,长沙理工大学
2024,round1,102,中国海洋大学
2024,round1,103,北京交通大学
2024,round1,103,上海理工大学
2024,round1,105,大连海事大学
2024,round1,106,中国民航大学
2024,round1,107,华南师范大学
2024,round1,107,山东理工大学
2024,round1,109,北京工业大学
2024,round1,110,山东科技大学
2024,round1,111,宁波大学
2024,round1,112,北京信息科技大学
2024,round1,113,浙大宁波理工学院
2024,round1,114,中国地质大学(北京)
2024,round1,115,河南大学
2024,round1,115,成都信息工程大学
2024,round1,117,贵州大学
2024,round1,118,长沙学院
2024,round1,119,中国石油大学(华东)
2024,round1,120,湖南师范大学
2024,round1,121,湖南理工学院
2024,round1,122,北京化工大学
2024,round1,123,中国石油大学(北京)
2024,round1,124,哈尔滨理工大学
2024,round1,125,大连理工大学
2024,round1,126,中国矿业大学(北京)
2024,round1,127,华南农业大学
2024,round1,127,湖南科技大学
2024,round1,127,澳门大学
2024,round1,130,西安理工大学
2024,round1,131,西北农林科技大学
2024,round1,131,天津理工大学
2024,round1,133,郑州轻工业大学
2024,round1,134,天津仁爱学院
2024,round1,135,华北水利水电大学
2024,round1,136,云南大学
2024,round1,137,宁夏大学
2024,round1,138,西南民族大学
2024,round1,138,西南科技大学
2024,round1,140,武汉纺织大学
2024,round1,141,华东理工大学
2024,round1,142,台州学院
2024,round1,143,嘉应学院
2024,round1,143,山东财经大学
2024,round1,145,安徽理工大学
2024,round1,146,华中农业大学
2024,round1,147,南昌大学
2024,round1,148,华东交通大学
2024,round1,149,上海海洋大学
2024,round1,150,沈阳理工大学
2024,round1,151,江西农业大学
2024,round1,152,信息工程大学
2024,round1,153,重庆移通学院
2024,round1,153,山西大学
2024,round1,155,湖南工业大学
2024,round1,156,安徽师范大学
2024,round1,157,浙江财经大学
2024,round1,158,中国计量大学
2024,round1,159,合肥大学
2024,round1,160,湖南文理学院
2024,round1,161,大连大学
2024,round1,162,武汉科技大学
2024,round1,162,武汉工程大学
2024,round1,164,北京建筑大学
2024,round1,165,浙江农林大学
2024,round1,166,温州大学
2024,round1,167,重庆交通大学
2024,round1,168,江南大学
2024,round1,169,江西理工大学
2024,round1,170,浙江工商大学
2024,round1,171,上海应用技术大学
2024,round1,172,重庆工程学院
2024,round1,173,深圳技术大学
2024,round1,174,广州航海学院
2024,round1,175,宁波职业技术学院
2024,round1,176,海南大学
2024,round1,177,南京工程学院
2024,round1,178,安徽工业大学
2024,round1,179,广西大学
2024,round1,180,河海大学
2024,round1,181,武汉商学院
2024,round1,182,河海大学常州校区
2024,round1,182,曲阜师范大学
2024,round1,184,广东工业大学揭阳校区
2024,round1,185,河北农业大学
2024,round1,185,南京工业大学
2024,round1,187,长安大学
2024,round1,188,河南师范大学
2024,round1,189,广东技术师范大学
2024,round1,190,电子科技大学中山学院
2024,round1,191,南阳理工学院
2024,round1,192,江西财经大学
2024,round1,193,太原理工大学
2024,round1,194,北京师范大学珠海校区
2024,round1,195,江西师范大学
2024,round1,195,浙江机电职业技术大学
2024,round1,197,华侨大学
2024,round1,197,广东金融学院
2024,round1,199,绍兴文理学院
2024,round1,200,上海电力大学
2024,round1,201,湖南大学
2024,round1,202,中南民族大学
2024,round1,203,华北电力大学(保定)
2024,round1,204,浙江外国语学院
2024,round1,204,武昌首义学院
2024,round1,204,内蒙古大学
2024,round1,207,莆田学院
2024,round1,208,中国地质大学(武汉)
2024,round1,209,青岛大学
2024,round1,210,南昌航空大学
2024,round1,211,烟台大学
2024,round1,212,东北师范大学
2024,round1,213,阿坝师范学院
2024,round1,214,成都理工大学
2024,round1,215,河南农业大学
2024,round1,216,黄冈师范学院
2024,round1,216,青岛理工大学
2024,round1,218,湖北工业大学
2024,round1,218,沈阳师范大学
2024,round1,220,成都锦城学院
2024,round1,221,福建农林大学
2024,round1,221,安阳师范学院
2024,round1,221,安阳工学院
2024,round1,224,广西外国语学院
2024,round1,225,昆明理工大学
2024,round1,225,济南大学
2024,round1,227,合肥工业大学宣城校区
2024,round1,228,鲁东大学
2024,round1,229,西南财经大学
2024,round1,230,阜阳师范大学
2024,round1,230,长春理工大学
2024,round1,232,江苏科技大学
2024,round1,233,湖南财政经济学院
2024,round1,234,浙江农林大学暨阳学院
2024,round1,235,河南理工大学
2024,round1,236,南京林业大学
2024,round1,237,暨南大学
2024,round1,237,常熟理工学院
2024,round1,239,北方工业大学
2024,round1,240,天津工业大学
2024,round1,241,三峡大学
2024,round1,242,西安工业大学
2024,round1,242,成都东软学院
2024,round1,244,华北电力大学
2024,round1,244,延安大学西安创新学院
2024,round1,246,江西理工大学南昌校区
2024,round1,247,无锡学院
2024,round1,248,齐鲁工业大学
2024,round1,249,华北理工大学
2024,round1,250,常州大学
2024,round1,250,南阳师范学院
2024,round1,250,南华大学
2024,round1,253,南通大学
2024,round1,254,哈尔滨医科大学
2024,round1,255,河北工业大学
2024,round1,256,山东建筑大学
2024,round1,256,青岛科技大学
2024,round1,258,东北农业大学
2024,round1,259,南京师范大学
2024,round1,260,中北大学
2024,round1,260,浙江育英职业技术学院
2024,round1,262,北京师范大学-香港浸会大学联合国际学院
2024,round1,263,惠州学院
2024,round1,264,四川师范大学
2024,round1,264,宁波工程学院
2024,round1,266,西南石油大学
2024,round1,267,河南工程学院
2024,round1,267,西安科技大学
2024,round1,269,南昌理工学院
2024,round1,270,成都大学
2024,round1,271,广州南方学院
2024,round1,272,河北师范大学
2024,round1,272,临沂大学
2024,round1,274,上海科技大学
2024,round1,275,聊城大学
2024,round1,276,东北林业大学
2024,round1,277,湖南工学院
2024,round1,278,中国农业大学
2024,round1,278,山东协和学院
2024,round1,280,郑州经贸学院
2024,round1,281,西安欧亚学院
2024,round1,282,湖州师范学院
2024,round1,282,湖南警察学院
2024,round1,284,衡阳师范学院
2024,round1,284,黑龙江大学
2024,round1,286,中南林业科技大学
2024,round1,287,东莞理工学院
2024,round1,288,珠海科技学院
2024,round1,288,山东女子学院
2024,round1,290,山东航空学院
2024,round1,291,广东外语外贸大学
2024,round1,291,上海对外经贸大学
2024,round1,293,西华大学
2024,round1,294,中国计量大学现代科技学院
2024,round1,295,青岛农业大学
2024,round1,296,吉首大学
2024,round1,297,河北经贸大学
2024,round1,298,湖南人文科技学院
2024,round1,299,厦门大学嘉庚学院
2024,round1,300,辽宁大学
2024,round1,301,重庆科技大学
2024,round1,302,河南科技大学
2024,round1,303,山东管理学院
2024,round1,304,北京理工大学珠海学院
2024,round1,305,扬州大学
2024,round1,306,浙江工业大学之江学院
2024,round1,307,北京电子科技学院
2024,round1,308,徐州工程学院
2024,round1,309,东华理工大学
2024,round1,310,中国石油大学(北京)克拉玛依校区
2024,round1,311,广东培正学院
2024,round1,312,吉利学院
2024,round1,313,桂林电子科技大学
2024,round1,314,湖南理工学院南湖学院
2024,round1,315,沈阳航空航天大学
2024,round1,316,北华大学
2024,round1,317,湖南农业大学
2024,round1,318,广西师范大学
2024,round1,318,齐齐哈尔大学
2024,round1,320,安徽农业大学
2024,round1,321,西安邮电大学
2024,round1,322,南京农业大学
2024,round1,323,陕西科技大学
2024,round1,324,泉州师范学院
2024,round1,325,浙江水利水电学院
2024,round1,326,韶关学院
2024,round1,327,石家庄铁道大学
2024,round1,328,嘉兴大学
2024,round1,329,浙江广厦建设职业技术大学
2024,round1,329,长江大学
2024,round1,331,北京印刷学院
2024,round1,332,上海海事大学
2024,round1,333,龙岩学院
2024,round1,334,河南工业大学
2024,round1,335,浙江工业职业技术学院
2024,round1,336,宜春学院
2024,round1,337,信阳师范大学
2024,round1,338,乐山师范学院
2024,round1,339,井冈山大学
2024,round1,340,哈尔滨学院
2024,round1,341,大连理工大学城市学院
2024,round1,342,广东东软学院
2024,round1,343,汉江师范学院
2024,round1,344,中国矿业大学徐海学院
2024,round1,345,南京理工大学泰州科技学院
2024,round1,346,上海建桥学院
2024,round1,347,汉口学院
2024,round1,348,中原工学院
2024,round1,349,仲恺农业工程学院
2024,round1,350,浙江警官职业学院
2024,round1,351,广州城市理工学院
2024,round1,352,太原科技大学
2024,round1,353,韩山师范学院
2024,round1,353,广州华立学院
2024,round1,355,长春工业大学
2024,round1,356,浙江经贸职业技术学院
2024,round1,357,山东工商学院
2024,round1,358,河南财经政法大学
2024,round1,359,丽水学院
2024,round1,360,贵州民族大学
2024,round1,361,哈尔滨理工大学(荣成)
2024,round1,362,香港城市大学(东莞)
2024,round1,363,沈阳化工大学
2024,round1,364,五邑大学
2024,round1,365,苏州科技大学
2024,round1,366,上海电机学院
2024,round1,367,兰州理工大学
2024,round1,368,闽南师范大学
2024,round1,369,沈阳工业大学
2024,round1,370,河北工程大学
2024,round1,371,广西民族大学
2024,round1,372,北京交通大学威海校区
2024,round1,373,邵阳学院
2024,round1,374,华北科技学院
2024,round1,374,四川农业大学
2024,round1,376,武汉轻工大学
2024,round1,377,西华师范大学
2024,round1,378,山东石油化工学院
2024,round1,379,重庆城市科技学院
2024,round1,380,衡水学院
2024,round1,381,西安建筑科技大学
2024,round1,382,郑州航空工业管理学院
2024,round1,383,潍坊学院
2024,round1,384,哈尔滨商业大学
2024,round1,385,盐城工学院
2024,round1,386,九江学院
2024,round1,387,长江师范学院
2024,round1,388,肇庆学院
2024,round1,389,南京晓庄学院
2024,round1,390,湖北中医药大学
2024,round1,391,湖北大学
2024,round1,392,安徽财经大学
2024,round1,393,湖北经济学院
2024,round1,394,西藏民族大学
2024,round1,395,上海杉达学院
2024,round1,396,佛山大学
2024,round1,397,浙江传媒学院
2024,round1,398,淮北理工学院
2024,round1,399,湖南科技学院
2024,round1,400,重庆文理学院
2024,round1,401,江苏海洋大学
2024,round1,402,山东中医药大学
2024,round1,403,北京语言大学
2024,round1,404,郑州升达经贸管理学院
2024,round1,405,梧州学院
2024,round1,406,常州工学院
2024,round1,407,吉林建筑大学
2024,round1,408,宁波诺丁汉大学
2024,round1,409,上海工程技术大学
2024,round1,410,沈阳农业大学
2024,round1,411,邢台学院
2024,round1,412,汕头大学
2024,round1,413,商丘师范学院
2024,round1,414,广西民族大学相思湖学院
2024,round1,415,武汉职业技术学院
2024,round1,416,甘肃农业大学
2024,round1,417,泉州信息工程学院
2024,round1,418,大连东软信息学院
2024,round1,419,湖北汽车工业学院
2024,round1,420,成都理工大学工程技术学院
2024,round1,421,广东理工学院
2024,round1,422,山东农业大学
2024,round1,423,广东科技学院
2024,round1,424,河北大学
2024,round1,425,河北工程技术学院
2024,round1,426,文华学院
2024,round1,427,桂林信息科技学院
2024,round1,428,西安石油大学
2024,round1,429,烟台科技学院
2024,round1,430,黑龙江科技大学
2024,round1,431,昭通学院
2024,round1,431,四川现代职业学院
2024,round1,433,贵州工程应用技术学院
2024,round1,434,上饶师范学院
2024,round1,435,东北电力大学
2024,round1,436,共青科技职业学院
2024,round1,437,西安工程大学
2024,round1,438,泰州学院
2024,round1,439,福州大学至诚学院
2024,round1,440,广州华商学院
2024,round1,441,内蒙古师范大学
2024,round1,442,江苏理工学院
2024,round2,1,北京大学
2024,round2,2,浙江大学
2024,round2,3,清华大学
2024,round2,4,北京邮电大学
2024,round2,5,武汉大学
2024,round2,6,华中科技大学
2024,round2,7,北京航空航天大学
2024,round2,8,南京大学
2024,round2,9,哈尔滨工业大学(深圳)
2024,round2,10,中山大学
2024,round2,11,香港大学
2024,round2,12,南方科技大学
2024,round2,13,中国科学技术大学
2024,round2,14,香港中文大学(深圳)
2024,round2,15,复旦大学
2024,round2,16,电子科技大学
2024,round2,17,吉林大学
2024,round2,18,广东工业大学
2024,round2,19,山东大学
2024,round2,20,中南大学
2024,round2,21,北京理工大学
2024,round2,22,湖南师范大学
2024,round2,23,哈尔滨工业大学
2024,round2,24,北京交通大学
2024,round2,25,国防科技大学
2024,round2,26,华南理工大学
2024,round2,27,西安电子科技大学
2024,round2,28,南京航空航天大学
2024,round2,29,西安交通大学
2024,round2,30,中国人民大学
2024,round2,31,东南大学
2024,round2,32,香港理工大学
2024,round2,33,香港科技大学(广州)
2024,round2,34,厦门大学
2024,round2,35,中国科学院大学
2024,round2,36,上海纽约大学
2024,round2,37,东北大学
2024,round2,38,浙江工业大学
2024,round2,39,上海大学
2024,round2,40,上海交通大学
2024,round2,41,河海大学
2024,round2,42,天津大学
2024,round2,43,湘潭大学
2024,round2,44,哈尔滨工业大学(威海)
2024,round2,45,浙江理工大学
2024,round2,46,南开大学
2024,round2,47,温州大学
2024,round2,48,同济大学
2024,round2,49,香港中文大學
2024,round2,50,福州大学
2024,round2,51,东北大学秦皇岛分校
2024,round2,52,浙大城市学院
2024,round2,53,西北大学
2024,round2,54,华中师范大学
2024,round2,55,重庆邮电大学
2024,round2,55,上海财经大学
2024,round2,57,华东师范大学
2024,round2,57,四川大学
2024,round2,59,上海理工大学
2024,round2,60,中国民航大学
2024,round2,61,浙江师范大学
2024,round2,62,苏州大学
2024,round2,63,香港浸会大学
2024,round2,64,北京化工大学
2024,round2,65,西湖大学
2024,round2,66,江苏大学
2024,round2,67,青岛理工大学
2024,round2,67,北京林业大学
2024,round2,69,武汉理工大学
2024,round2,70,浙江科技大学
2024,round2,71,绍兴文理学院元培学院
2024,round2,72,福建师范大学
2024,round2,72,上海科技大学
2024,round2,74,大连理工大学
2024,round2,75,广西大学
2024,round2,76,南京信息工程大学
2024,round2,77,华南师范大学
2024,round2,77,西北工业大学
2024,round2,79,北京师范大学
2024,round2,80,郑州大学
2024,round2,81,福建理工大学
2024,round2,82,西南交通大学
2024,round2,83,江西财经大学
2024,round2,84,南京邮电大学
2024,round2,85,广东以色列理工学院
2024,round2,86,南京理工大学
2024,round2,87,成都信息工程大学
2024,round2,88,北京科技大学
2024,round2,89,广州大学
2024,round2,90,北京建筑大学
2024,round2,91,深圳大学
2024,round2,92,安徽理工大学
2024,round2,93,浙江财经大学
2024,round2,94,华南农业大学
2024,round2,95,重庆大学
2024,round2,96,北方工业大学
2024,round2,97,长沙学院
2024,round2,98,哈尔滨理工大学
2024,round2,99,大连海事大学
2024,round2,100,江西农业大学
2024,round2,101,湖南理工学院
2024,round2,101,重庆理工大学
2024,round2,103,中国地质大学(北京)
2024,round2,104,哈尔滨工程大学
2024,round2,105,中国计量大学
2024,round2,106,西南财经大学
2024,round2,107,河海大学常州校区
2024,round2,108,长沙理工大学
2024,round2,109,西安理工大学
2024,round2,110,中国矿业大学
2024,round2,111,山东大学(威海)
2024,round2,112,湖南科技大学
2024,round2,113,浙江工商大学
2024,round2,114,中国地质大学(武汉)
2024,round2,115,江西理工大学
2024,round2,116,江苏科技大学
2024,round2,117,浙江广厦建设职业技术大学
2024,round2,118,北京理工大学珠海学院
2024,round2,119,天津工业大学
2024,round2,120,浙江农林大学
2024,round2,121,华东理工大学
2024,round2,122,厦门理工学院
2024,round2,123,海南大学
2024,round2,124,宁波大学
2024,round2,125,上海电力大学
2024,round2,126,贵州大学
2024,round2,127,燕山大学
2024,round2,128,阜阳师范大学
2024,round2,128,中国石油大学(北京)
2024,round2,130,太原理工大学
2024,round2,131,山东理工大学
2024,round2,132,河南理工大学
2024,round2,133,河南农业大学
2024,round2,134,河南大学
2024,round2,135,杭州师范大学
2024,round2,136,山西大学
2024,round2,137,华中农业大学
2024,round2,138,长安大学
2024,round2,139,北京师范大学-香港浸会大学联合国际学院
2024,round2,140,西南科技大学
2024,round2,141,电子科技大学中山学院
2024,round2,142,上海师范大学
2024,round2,143,湖南文理学院
2024,round2,144,西北农林科技大学
2024,round2,145,湖南大学
2024,round2,146,成都锦城学院
2024,round2,147,广东培正学院
2024,round2,148,合肥大学
2024,round2,149,浙江农林大学暨阳学院
2024,round2,150,武汉科技大学
2024,round2,151,长春理工大学
2024,round2,152,山东师范大学
2024,round2,153,信息工程大学
2024,round2,154,安徽大学
2024,round2,155,台州学院
2024,round2,156,中国海洋大学
2024,round2,157,南昌航空大学
2024,round2,158,江西师范大学
2024,round2,159,江南大学
2024,round2,160,成都理工大学
2024,round2,161,山东科技大学
2024,round2,162,商丘师范学院
2024,round2,163,集美大学
2024,round2,164,广东工业大学揭阳校区
2024,round2,164,中国传媒大学
2024,round2,166,华东交通大学
2024,round2,167,无锡学院
2024,round2,168,广州航海学院
2024,round2,169,中国石油大学(华东)
2024,round2,170,上海海洋大学
2024,round2,171,惠州学院
2024,round2,171,湖南城市学院
2024,round2,171,莆田学院
2024,round2,174,湖南工业大学
2024,round2,174,西安邮电大学
2024,round2,176,河南工业大学
2024,round2,177,南阳师范学院
2024,round2,178,北京信息科技大学
2024,round2,179,中国石油大学(北京)克拉玛依校区
2024,round2,180,江西理工大学南昌校区
2024,round2,181,浙大宁波理工学院
2024,round2,182,烟台大学
2024,round2,183,东北师范大学
2024,round2,184,华北水利水电大学
2024,round2,184,南阳理工学院
2024,round2,186,辽宁大学
2024,round2,187,大连大学
2024,round2,188,南京工业大学
2024,round2,189,东北林业大学
2024,round2,190,四川师范大学
2024,round2,191,阿坝师范学院
2024,round2,192,合肥工业大学宣城校区
2024,round2,193,吉首大学
2024,round2,194,天津理工大学
2024,round2,195,湖州师范学院
2024,round2,195,青岛科技大学
2024,round2,197,浙江中医药大学
2024,round2,198,河南师范大学
2024,round2,199,东莞理工学院
2024,round2,200,河北工业大学
2024,round2,201,香港城市大学
2024,round2,202,昆明理工大学
2024,round2,203,南昌大学
2024,round2,204,武汉工程大学
2024,round2,205,北京工业大学
2024,round2,206,兰州大学
2024,round2,207,郑州轻工业大学
2024,round2,208,西南民族大学
2024,round2,209,武汉纺织大学
2024,round2,210,暨南大学
2024,round2,211,陕西师范大学
2024,round2,212,澳门大学
2024,round2,212,南京师范大学
2024,round2,214,南通大学
2024,round2,215,鲁东大学
2024,round2,216,北华大学
2024,round2,217,浙江万里学院
2024,round2,218,青岛大学
2024,round2,219,南华大学
2024,round2,220,中南民族大学
2024,round2,221,香港城市大学(东莞)
2024,round2,222,深圳技术大学
2024,round2,223,南京工程学院
2024,round2,224,浙江机电职业技术大学
2024,round2,225,湖北工业大学
2024,round2,226,江汉大学
2024,round2,227,大连理工大学盘锦校区
2024,round2,228,宁夏大学
2024,round2,229,浙江海洋大学
2024,round2,230,南京林业大学
2024,round2,231,黄冈师范学院
2024,round2,232,重庆移通学院
2024,round2,233,河北师范大学
2024,round2,234,成都大学
2024,round2,235,新疆大学
2024,round2,236,宁波职业技术学院
2024,round2,237,嘉应学院
2024,round2,238,上海第二工业大学
2024,round2,239,湖南农业大学
2024,round2,240,绍兴文理学院
2024,round2,241,南京邮电大学通达学院
2024,round2,242,乐山师范学院
2024,round2,243,重庆工程学院
2024,round2,244,安徽师范大学
2024,round2,245,广西外国语学院
2024,round2,246,上海应用技术大学
2024,round2,247,福建农林大学
2024,round2,248,华北电力大学
2024,round2,249,安徽工业大学
2024,round2,250,上海海事大学
2024,round2,251,井冈山大学
2024,round2,252,沈阳航空航天大学
2024,round2,252,山东财经大学
2024,round2,254,安徽工程大学
2024,round2,255,湖南工学院
2024,round2,256,汕头大学
2024,round2,257,湖南财政经济学院
2024,round2,258,扬州大学
2024,round2,259,成都东软学院
2024,round2,260,衡阳师范学院
2024,round2,261,四川农业大学
2024,round2,262,怀化学院
2024,round2,263,西南石油大学
2024,round2,264,济南大学
2024,round2,265,华侨大学
2024,round2,266,曲阜师范大学
2024,round2,267,常熟理工学院
2024,round2,268,广州华立学院
2024,round2,269,黑龙江大学
2024,round2,270,广东药科大学
2024,round2,270,青岛农业大学
2024,round2,272,中北大学
2024,round2,273,南京农业大学
2024,round2,274,龙岩学院
2024,round2,275,西安欧亚学院
2024,round2,276,内蒙古大学
2024,round2,277,河北工程大学
2024,round2,278,厦门大学嘉庚学院
2024,round2,279,东北农业大学
2024,round2,280,安徽农业大学
2024,round2,280,闽南师范大学
2024,round2,282,北京交通大学威海校区
2024,round2,283,天津仁爱学院
2024,round2,284,西安科技大学
2024,round2,285,宁波工程学院
2024,round2,286,浙江外国语学院
2024,round2,287,沈阳化工大学
2024,round2,288,泉州师范学院
2024,round2,289,中国矿业大学(北京)
2024,round2,290,潍坊学院
2024,round2,291,河北经贸大学
2024,round2,292,宁波财经学院
2024,round2,293,湖南警察学院
2024,round2,294,西华大学
2024,round2,295,临沂大学
2024,round2,296,中央民族大学
2024,round2,297,齐鲁工业大学
2024,round2,298,广东外语外贸大学
2024,round2,299,广东金融学院
2024,round2,300,云南大学
2024,round2,301,武汉轻工大学
2024,round2,302,广东东软学院
2024,round2,303,大连理工大学城市学院
2024,round2,304,广州南方学院
2024,round2,305,广西师范大学
2024,round2,306,山东工商学院
2024,round2,307,哈尔滨理工大学(荣成)
2024,round2,308,浙江工业职业技术学院
2024,round2,309,中原工学院
2024,round2,310,华北理工大学
2024,round2,311,广州城市理工学院
2024,round2,311,徐州工程学院
2024,round2,313,上海电机学院
2024,round2,314,烟台科技学院
2024,round2,315,西安石油大学
2024,round2,316,湖南中医药大学
2024,round2,317,金陵科技学院
2024,round2,318,武昌首义学院
2024,round2,319,广西科技大学
2024,round2,320,沈阳师范大学
2024,round2,321,长江大学
2024,round2,322,浙江工业大学之江学院
2024,round2,323,重庆城市科技学院
2024,round2,324,北京师范大学珠海校区
2024,round2,325,苏州科技大学
2024,round2,326,韶关学院
2024,round2,327,湖南科技学院
2024,round2,328,仲恺农业工程学院
2024,round2,329,大连东软信息学院
2024,round2,330,重庆科技大学
2024,round2,331,湖北中医药大学
2024,round2,332,武汉商学院
2024,round2,333,哈尔滨学院
2024,round2,334,中国农业大学
2024,round2,335,韩山师范学院
2024,round2,336,珠海科技学院
2024,round2,337,南京理工大学泰州科技学院
2024,round2,338,吉林建筑大学
2024,round2,339,西南大学
2024,round2,340,广东技术师范大学
2024,round2,340,沈阳工业大学
2024,round2,342,安阳师范学院
2024,round2,343,南京晓庄学院
2024,round2,344,湖北第二师范学院
2024,round2,345,重庆文理学院
2024,round2,346,湖南人文科技学院
2024,round2,347,山东建筑大学
2024,round2,348,吉利学院
2024,round2,349,太原科技大学
2024,round2,350,丽水学院
2024,round2,351,衡水学院
2024,round2,352,山东航空学院
2024,round2,353,北京印刷学院
2024,round2,354,桂林电子科技大学
2024,round2,355,河南工程学院
2024,round2,356,兰州理工大学
2024,round2,357,郑州经贸学院
2024,round2,358,山东女子学院
2024,round2,359,陕西科技大学
2024,round2,360,西华师范大学
2024,round2,361,常州大学
2024,round2,361,上海对外经贸大学
2024,round2,363,汉江师范学院
2024,round2,364,长春工业大学
2024,round2,365,浙江育英职业技术学院
2024,round2,366,汉口学院
2024,round2,367,齐齐哈尔大学
2024,round2,368,北京电子科技学院
2024,round2,369,天津商业大学
2024,round2,370,浙江水利水电学院
2024,round2,371,江苏海洋大学
2024,round2,372,九江学院
2024,round2,373,山东管理学院
2024,round2,374,北京语言大学
2024,round2,375,河南科技大学
2024,round2,376,西安工业大学
2024,round2,377,山东石油化工学院
2024,round2,378,山东农业大学
2024,round2,379,肇庆学院
2024,round2,380,广东财经大学
2024,round2,381,南昌理工学院
2024,round2,382,安阳工学院
2024,round2,383,温州商学院
2024,round2,384,宁夏理工学院
2024,round2,385,五邑大学
2024,round2,386,延安大学西安创新学院
2024,round2,387,广东理工学院
2024,round2,388,中国计量大学现代科技学院
2024,round2,389,安徽财经大学
2024,round2,390,浙江经贸职业技术学院
2024,round2,391,贵州师范大学
2024,round2,392,东华理工大学
2024,round2,393,安徽信息工程学院
2024,round2,394,广州软件学院
2024,round2,395,中国矿业大学徐海学院
2024,round2,396,杭州电子科技大学信息工程学院
2024,round2,397,华北科技学院
2024,round2,398,佛山大学
2024,round2,399,湖北大学
2024,round2,399,广州华商学院
2024,round2,401,成都理工大学工程技术学院
2024,round2,402,广东医科大学
2024,round2,403,甘肃农业大学
2024,round2,404,河北农业大学
2024,round2,405,湖北经济学院
2024,round2,406,聊城大学
2024,round2,407,石家庄铁道大学
2024,round2,408,江西软件职业技术大学
2024,round2,409,淮北理工学院
2024,round2,410,武昌理工学院
2024,round2,411,郑州航空工业管理学院
2024,round2,412,哈尔滨商业大学
2024,round2,413,上海工程技术大学
2024,round2,414,沈阳理工大学
2024,round2,415,河南财经政法大学
2024,round2,416,泰州学院
2024,round2,417,天津理工大学中环信息学院
2024,round2,418,河南工学院
2024,round2,419,浙江传媒学院
2024,round2,420,济宁医学院
2024,round2,420,长沙师范学院
2024,round2,422,黑龙江科技大学
2024,round2,423,梧州学院
2024,round2,424,兰州工业学院
2024,round2,425,贵州工程应用技术学院
2024,round2,426,河北民族师范学院
2024,round2,427,东北石油大学
2024,round2,428,江苏理工学院
2024,round2,429,深圳理工大学
2024,round2,430,山东科技大学济南校区
2024,round2,431,昭通学院
2024,round2,432,四川现代职业学院
2024,round2,433,嘉兴大学
2024,round2,434,常州工学院
2024,round2,435,内江师范学院
2024,round2,436,共青科技职业学院
2024,round2,437,洛阳师范学院
2024,round2,438,广东海洋大学
2024,round2,438,武汉职业技术学院
2024,round2,438,文华学院
2024,round2,441,东北电力大学
2024,round2,441,内蒙古师范大学
2024,round2,443,湖南理工学院南湖学院
2024,round2,444,桂林信息科技学院
2024,round2,444,广西民族大学
2024,round2,446,桂林电子科技大学北海校区
2024,round2,446,盐城工学院
2024,round2,448,沈阳农业大学
2024,round2,449,山东交通学院
2024,round2,450,宁波诺丁汉大学
2024,round2,451,湖南工程学院
2024,round2,452,上饶师范学院
2024,round2,453,南京警察学院
2024,round2,454,哈尔滨信息工程学院
2024,round2,455,运城学院
2024,round2,456,华北理工大学迁安学院
2024,round2,457,江西科技学院
2024,round2,458,潍坊科技学院
2024,round2,459,南通理工学院
2024,round2,460,上海建桥学院
2024,round2,461,南京传媒学院
2024,combined,1,清华大学
2024,combined,2,北京大学
2024,combined,3,浙江大学
2024,combined,4,杭州电子科技大学
2024,combined,5,上海交通大学
2024,combined,6,北京邮电大学
2024,combined,7,中山大学
2024,combined,8,武汉大学
2024,combined,9,华中科技大学
2024,combined,10,北京航空航天大学
2024,combined,11,南方科技大学
2024,combined,12,南京大学
2024,combined,13,香港大学
2024,combined,14,哈尔滨工业大学(深圳)
2024,combined,15,复旦大学
2024,combined,16,哈尔滨工业大学
2024,combined,17,四川大学
2024,combined,18,中国科学技术大学
2024,combined,19,广东工业大学
2024,combined,20,香港中文大学(深圳)
2024,combined,21,北京理工大学
2024,combined,22,电子科技大学
2024,combined,23,吉林大学
2024,combined,24,福州大学
2024,combined,25,浙江工业大学
2024,combined,26,山东大学
2024,combined,27,西安交通大学
2024,combined,28,中南大学
2024,combined,29,南京航空航天大学
2024,combined,30,湖南师范大学
2024,combined,31,厦门大学
2024,combined,32,北京交通大学
2024,combined,33,国防科技大学
2024,combined,34,南开大学
2024,combined,34,西北工业大学
2024,combined,36,华南理工大学
2024,combined,37,西安电子科技大学
2024,combined,38,南京理工大学
2024,combined,39,广东以色列理工学院
2024,combined,40,中国人民大学
2024,combined,41,香港科技大学(广州)
2024,combined,42,东南大学
2024,combined,43,香港理工大学
2024,combined,44,香港中文大學
2024,combined,45,苏州大学
2024,combined,46,中国科学院大学
2024,combined,47,天津大学
2024,combined,48,上海纽约大学
2024,combined,49,杭州电子科技大学信息工程学院
2024,combined,50,东北大学
2024,combined,51,同济大学
2024,combined,52,上海大学
2024,combined,53,香港浸会大学
2024,combined,54,南京信息工程大学
2024,combined,55,河海大学
2024,combined,56,浙江师范大学
2024,combined,57,东北大学秦皇岛分校
2024,combined,58,湘潭大学
2024,combined,59,哈尔滨工业大学(威海)
2024,combined,60,西湖大学
2024,combined,61,浙江理工大学
2024,combined,62,温州大学
2024,combined,63,华东师范大学
2024,combined,64,上海财经大学
2024,combined,65,浙大城市学院
2024,combined,66,西南交通大学
2024,combined,67,西北大学
2024,combined,68,重庆理工大学
2024,combined,69,华中师范大学
2024,combined,70,重庆邮电大学
2024,combined,71,大连理工大学盘锦校区
2024,combined,72,福建师范大学
2024,combined,73,郑州大学
2024,combined,74,上海理工大学
2024,combined,75,广州大学
2024,combined,76,中国民航大学
2024,combined,77,深圳大学
2024,combined,78,北京师范大学
2024,combined,78,绍兴文理学院元培学院
2024,combined,80,北京化工大学
2024,combined,81,南京邮电大学
2024,combined,82,江苏大学
2024,combined,83,北京林业大学
2024,combined,83,青岛理工大学
2024,combined,85,西南大学
2024,combined,86,武汉理工大学
2024,combined,87,浙江科技大学
2024,combined,88,集美大学
2024,combined,89,香港城市大学
2024,combined,90,上海科技大学
2024,combined,91,香港科技大学
2024,combined,92,山东大学(威海)
2024,combined,93,大连理工大学
2024,combined,94,重庆大学
2024,combined,95,广西大学
2024,combined,96,华南师范大学
2024,combined,97,哈尔滨工程大学
2024,combined,98,中国传媒大学
2024,combined,99,浙江万里学院
2024,combined,100,燕山大学
2024,combined,101,福建理工大学
2024,combined,102,北京科技大学
2024,combined,103,昆山杜克大学
2024,combined,104,江西财经大学
2024,combined,105,杭州师范大学
2024,combined,106,兰州大学
2024,combined,107,山东师范大学
2024,combined,108,成都信息工程大学
2024,combined,109,新疆大学
2024,combined,110,北京建筑大学
2024,combined,111,安徽理工大学
2024,combined,112,安徽大学
2024,combined,113,浙江财经大学
2024,combined,114,湖南城市学院
2024,combined,115,华南农业大学
2024,combined,116,上海师范大学
2024,combined,117,北方工业大学
2024,combined,118,中国矿业大学
2024,combined,119,长沙学院
2024,combined,120,哈尔滨理工大学
2024,combined,121,大连海事大学
2024,combined,122,东华大学
2024,combined,123,江西农业大学
2024,combined,124,长沙理工大学
2024,combined,125,湖南理工学院
2024,combined,126,中国海洋大学
2024,combined,127,中国地质大学(北京)
2024,combined,128,中国计量大学
2024,combined,129,西南财经大学
2024,combined,130,山东理工大学
2024,combined,131,河海大学常州校区
2024,combined,132,北京工业大学
2024,combined,133,西安理工大学
2024,combined,134,山东科技大学
2024,combined,135,宁波大学
2024,combined,136,北京信息科技大学
2024,combined,137,湖南科技大学
2024,combined,138,浙大宁波理工学院
2024,combined,139,浙江工商大学
2024,combined,140,中国地质大学(武汉)
2024,combined,141,河南大学
2024,combined,142,江西理工大学
2024,combined,143,江苏科技大学
2024,combined,144,贵州大学
2024,combined,145,浙江广厦建设职业技术大学
2024,combined,146,北京理工大学珠海学院
2024,combined,147,中国石油大学(华东)
2024,combined,148,天津工业大学
2024,combined,149,浙江农林大学
2024,combined,150,华东理工大学
2024,combined,151,厦门理工学院
2024,combined,152,中国石油大学(北京)
2024,combined,153,海南大学
2024,combined,154,上海电力大学
2024,combined,155,中国矿业大学(北京)
2024,combined,156,澳门大学
2024,combined,157,阜阳师范大学
2024,combined,158,太原理工大学
2024,combined,159,天津理工大学
2024,combined,159,西北农林科技大学
2024,combined,161,河南理工大学
2024,combined,162,郑州轻工业大学
2024,combined,163,河南农业大学
2024,combined,164,天津仁爱学院
2024,combined,165,华北水利水电大学
2024,combined,166,云南大学
2024,combined,167,山西大学
2024,combined,168,宁夏大学
2024,combined,169,华中农业大学
2024,combined,170,西南科技大学
2024,combined,170,西南民族大学
2024,combined,172,长安大学
2024,combined,173,北京师范大学-香港浸会大学联合国际学院
2024,combined,174,武汉纺织大学
2024,combined,175,电子科技大学中山学院
2024,combined,176,台州学院
2024,combined,177,嘉应学院
2024,combined,177,山东财经大学
2024,combined,179,湖南文理学院
2024,combined,180,湖南大学
2024,combined,181,成都锦城学院
2024,combined,182,南昌大学
2024,combined,183,广东培正学院
2024,combined,184,华东交通大学
2024,combined,185,合肥大学
2024,combined,186,上海海洋大学
2024,combined,187,浙江农林大学暨阳学院
2024,combined,188,沈阳理工大学
2024,combined,189,武汉科技大学
2024,combined,190,长春理工大学
2024,combined,191,信息工程大学
2024,combined,192,重庆移通学院
2024,combined,193,湖南工业大学
2024,combined,194,安徽师范大学
2024,combined,195,南昌航空大学
2024,combined,196,江西师范大学
2024,combined,197,江南大学
2024,combined,198,成都理工大学
2024,combined,199,大连大学
2024,combined,200,武汉工程大学
2024,combined,201,商丘师范学院
2024,combined,202,广东工业大学揭阳校区
2024,combined,203,重庆交通大学
2024,combined,204,无锡学院
2024,combined,205,广州航海学院
2024,combined,206,上海应用技术大学
2024,combined,207,惠州学院
2024,combined,207,莆田学院
2024,combined,209,重庆工程学院
2024,combined,210,深圳技术大学
2024,combined,211,西安邮电大学
2024,combined,212,宁波职业技术学院
2024,combined,213,河南工业大学
2024,combined,214,南京工程学院
2024,combined,215,南阳师范学院
2024,combined,216,安徽工业大学
2024,combined,217,中国石油大学(北京)克拉玛依校区
2024,combined,218,江西理工大学南昌校区
2024,combined,219,武汉商学院
2024,combined,220,曲阜师范大学
2024,combined,221,烟台大学
2024,combined,222,东北师范大学
2024,combined,223,南阳理工学院
2024,combined,224,河北农业大学
2024,combined,224,南京工业大学
2024,combined,226,辽宁大学
2024,combined,227,河南师范大学
2024,combined,228,广东技术师范大学
2024,combined,229,东北林业大学
2024,combined,230,四川师范大学
2024,combined,231,阿坝师范学院
2024,combined,232,合肥工业大学宣城校区
2024,combined,233,吉首大学
2024,combined,234,北京师范大学珠海校区
2024,combined,235,浙江机电职业技术大学
2024,combined,236,湖州师范学院
2024,combined,236,青岛科技大学
2024,combined,238,广东金融学院
2024,combined,238,华侨大学
2024,combined,240,浙江中医药大学
2024,combined,241,绍兴文理学院
2024,combined,242,东莞理工学院
2024,combined,243,河北工业大学
2024,combined,244,中南民族大学
2024,combined,245,昆明理工大学
2024,combined,246,华北电力大学(保定)
2024,combined,247,内蒙古大学
2024,combined,247,武昌首义学院
2024,combined,247,浙江外国语学院
2024,combined,250,青岛大学
2024,combined,251,暨南大学
2024,combined,252,陕西师范大学
2024,combined,253,南京师范大学
2024,combined,254,南通大学
2024,combined,255,鲁东大学
2024,combined,256,黄冈师范学院
2024,combined,257,北华大学
2024,combined,258,湖北工业大学
2024,combined,258,沈阳师范大学
2024,combined,260,南华大学
2024,combined,261,安阳工学院
2024,combined,261,安阳师范学院
2024,combined,261,福建农林大学
2024,combined,264,香港城市大学(东莞)
2024,combined,265,广西外国语学院
2024,combined,266,济南大学
2024,combined,267,江汉大学
2024,combined,268,浙江海洋大学
2024,combined,269,南京林业大学
2024,combined,270,湖南财政经济学院
2024,combined,271,河北师范大学
2024,combined,272,成都大学
2024,combined,273,常熟理工学院
2024,combined,274,上海第二工业大学
2024,combined,275,湖南农业大学
2024,combined,276,三峡大学
2024,combined,277,南京邮电大学通达学院
2024,combined,278,成都东软学院
2024,combined,278,西安工业大学
2024,combined,280,乐山师范学院
2024,combined,281,华北电力大学
2024,combined,281,延安大学西安创新学院
2024,combined,283,齐鲁工业大学
2024,combined,284,华北理工大学
2024,combined,285,常州大学
2024,combined,286,上海海事大学
2024,combined,287,井冈山大学
2024,combined,288,沈阳航空航天大学
2024,combined,289,哈尔滨医科大学
2024,combined,290,安徽工程大学
2024,combined,291,湖南工学院
2024,combined,292,山东建筑大学
2024,combined,293,汕头大学
2024,combined,294,东北农业大学
2024,combined,295,扬州大学
2024,combined,296,浙江育英职业技术学院
2024,combined,296,中北大学
2024,combined,298,衡阳师范学院
2024,combined,299,四川农业大学
2024,combined,300,怀化学院
2024,combined,301,西南石油大学
2024,combined,302,宁波工程学院
2024,combined,303,河南工程学院
2024,combined,303,西安科技大学
2024,combined,305,广州华立学院
2024,combined,306,南昌理工学院
2024,combined,307,黑龙江大学
2024,combined,308,广东药科大学
2024,combined,308,青岛农业大学
2024,combined,310,广州南方学院
2024,combined,311,临沂大学
2024,combined,312,南京农业大学
2024,combined,313,龙岩学院
2024,combined,314,聊城大学
2024,combined,315,西安欧亚学院
2024,combined,316,河北工程大学
2024,combined,317,山东协和学院
2024,combined,317,中国农业大学
2024,combined,319,厦门大学嘉庚学院
2024,combined,320,郑州经贸学院
2024,combined,321,安徽农业大学
2024,combined,321,闽南师范大学
2024,combined,323,湖南警察学院
2024,combined,324,北京交通大学威海校区
2024,combined,325,中南林业科技大学
2024,combined,326,沈阳化工大学
2024,combined,327,山东女子学院
2024,combined,327,珠海科技学院
2024,combined,329,泉州师范学院
2024,combined,330,山东航空学院
2024,combined,331,潍坊学院
2024,combined,332,广东外语外贸大学
2024,combined,332,上海对外经贸大学
2024,combined,334,河北经贸大学
2024,combined,335,宁波财经学院
2024,combined,336,西华大学
2024,combined,337,中国计量大学现代科技学院
2024,combined,338,中央民族大学
2024,combined,339,湖南人文科技学院
2024,combined,340,重庆科技大学
2024,combined,341,武汉轻工大学
2024,combined,342,河南科技大学
2024,combined,343,广东东软学院
2024,combined,344,山东管理学院
2024,combined,345,大连理工大学城市学院
2024,combined,346,广西师范大学
2024,combined,347,浙江工业大学之江学院
2024,combined,348,山东工商学院
2024,combined,349,北京电子科技学院
2024,combined,350,哈尔滨理工大学(荣成)
2024,combined,351,徐州工程学院
2024,combined,352,浙江工业职业技术学院
2024,combined,353,东华理工大学
2024,combined,354,中原工学院
2024,combined,355,广州城市理工学院
2024,combined,356,吉利学院
2024,combined,357,桂林电子科技大学
2024,combined,358,上海电机学院
2024,combined,359,湖南理工学院南湖学院
2024,combined,360,烟台科技学院
2024,combined,361,西安石油大学
2024,combined,362,湖南中医药大学
2024,combined,363,金陵科技学院
2024,combined,364,齐齐哈尔大学
2024,combined,365,广西科技大学
2024,combined,366,长江大学
2024,combined,367,陕西科技大学
2024,combined,368,重庆城市科技学院
2024,combined,369,浙江水利水电学院
2024,combined,370,苏州科技大学
2024,combined,371,韶关学院
2024,combined,372,石家庄铁道大学
2024,combined,373,湖南科技学院
2024,combined,374,嘉兴大学
2024,combined,375,仲恺农业工程学院
2024,combined,376,大连东软信息学院
2024,combined,377,北京印刷学院
2024,combined,378,湖北中医药大学
2024,combined,379,哈尔滨学院
2024,combined,380,韩山师范学院
2024,combined,381,宜春学院
2024,combined,382,信阳师范大学
2024,combined,383,南京理工大学泰州科技学院
2024,combined,384,吉林建筑大学
2024,combined,385,沈阳工业大学
2024,combined,386,汉江师范学院
2024,combined,387,南京晓庄学院
2024,combined,388,中国矿业大学徐海学院
2024,combined,389,湖北第二师范学院
2024,combined,390,重庆文理学院
2024,combined,391,上海建桥学院
2024,combined,392,汉口学院
2024,combined,393,太原科技大学
2024,combined,394,浙江警官职业学院
2024,combined,395,丽水学院
2024,combined,396,衡水学院
2024,combined,397,长春工业大学
2024,combined,398,浙江经贸职业技术学院
2024,combined,399,兰州理工大学
2024,combined,400,河南财经政法大学
2024,combined,401,贵州民族大学
2024,combined,402,西华师范大学
2024,combined,403,五邑大学
2024,combined,404,天津商业大学
2024,combined,405,广西民族大学
2024,combined,406,江苏海洋大学
2024,combined,407,九江学院
2024,combined,408,邵阳学院
2024,combined,409,华北科技学院
2024,combined,410,北京语言大学
2024,combined,411,山东石油化工学院
2024,combined,412,山东农业大学
2024,combined,413,肇庆学院
2024,combined,414,广东财经大学
2024,combined,415,西安建筑科技大学
2024,combined,416,郑州航空工业管理学院
2024,combined,417,温州商学院
2024,combined,418,哈尔滨商业大学
2024,combined,419,宁夏理工学院
2024,combined,420,盐城工学院
2024,combined,421,长江师范学院
2024,combined,422,广东理工学院
2024,combined,423,安徽财经大学
2024,combined,424,湖北大学
2024,combined,425,贵州师范大学
2024,combined,426,湖北经济学院
2024,combined,427,安徽信息工程学院
2024,combined,428,西藏民族大学
2024,combined,429,广州软件学院
2024,combined,430,上海杉达学院
2024,combined,431,佛山大学
2024,combined,432,浙江传媒学院
2024,combined,433,淮北理工学院
2024,combined,434,广州华商学院
2024,combined,435,成都理工大学工程技术学院
2024,combined,436,山东中医药大学
2024,combined,437,广东医科大学
2024,combined,438,甘肃农业大学
2024,combined,439,郑州升达经贸管理学院
2024,combined,440,梧州学院
2024,combined,441,常州工学院
2024,combined,442,宁波诺丁汉大学
2024,combined,443,江西软件职业技术大学
2024,combined,444,上海工程技术大学
2024,combined,445,沈阳农业大学
2024,combined,446,武昌理工学院
2024,combined,447,邢台学院
2024,combined,448,广西民族大学相思湖学院
2024,combined,449,武汉职业技术学院
2024,combined,450,泰州学院
2024,combined,451,泉州信息工程学院
2024,combined,452,天津理工大学中环信息学院
2024,combined,453,河南工学院
2024,combined,454,湖北汽车工业学院
2024,combined,455,济宁医学院
2024,combined,455,长沙师范学院
2024,combined,457,黑龙江科技大学
2024,combined,458,广东科技学院
2024,combined,459,河北大学
2024,combined,460,兰州工业学院
2024,combined,461,河北工程技术学院
2024,combined,462,贵州工程应用技术学院
2024,combined,463,文华学院
2024,combined,464,河北民族师范学院
2024,combined,465,桂林信息科技学院
2024,combined,466,东北石油大学
2024,combined,467,江苏理工学院
2024,combined,468,深圳理工大学
2024,combined,469,山东科技大学济南校区
2024,combined,470,四川现代职业学院
2024,combined,470,昭通学院
2024,combined,472,上饶师范学院
2024,combined,473,东北电力大学
2024,combined,474,内江师范学院
2024,combined,475,共青科技职业学院
2024,combined,476,西安工程大学
2024,combined,477,洛阳师范学院
2024,combined,478,广东海洋大学
2024,combined,479,福州大学至诚学院
2024,combined,480,内蒙古师范大学
2024,combined,481,桂林电子科技大学北海校区
2024,combined,482,山东交通学院
2024,combined,483,湖南工程学院
2024,combined,484,南京警察学院
2024,combined,485,哈尔滨信息工程学院
2024,combined,486,运城学院
2024,combined,487,华北理工大学迁安学院
2024,combined,488,江西科技学院
2024,combined,489,潍坊科技学院
2024,combined,490,南通理工学院
2024,combined,491,南京传媒学院
2025,round1,1,北京大学
2025,round1,2,浙江大学
2025,round1,3,复旦大学
2025,round1,4,清华大学
2025,round1,5,电子科技大学
2025,round1,6,哈尔滨工业大学
2025,round1,7,南方科技大学
2025,round1,8,香港科技大学(广州)
2025,round1,9,中山大学
2025,round1,10,杭州电子科技大学
2025,round1,10,香港中文大学(深圳)
2025,round1,12,中国科学技术大学
2025,round1,13,南京大学
2025,round1,14,香港中文大学
2025,round1,15,西安交通大学
2025,round1,16,哈尔滨工业大学(深圳)
2025,round1,17,浙江工业大学
2025,round1,18,广东工业大学
2025,round1,19,吉林大学
2025,round1,20,武汉大学
2025,round1,21,北京航空航天大学
2025,round1,22,西北工业大学
2025,round1,23,湖南大学
2025,round1,24,东北大学
2025,round1,25,北京建筑大学
2025,round1,26,上海交通大学
2025,round1,27,东南大学
2025,round1,28,中国人民大学
2025,round1,29,济南大学
2025,round1,30,南京航空航天大学
2025,round1,31,四川大学
2025,round1,32,东北大学秦皇岛分校
2025,round1,33,厦门大学
2025,round1,34,福州大学
2025,round1,35,西湖大学
2025,round1,36,北京交通大学
2025,round1,37,河南大学
2025,round1,38,华中科技大学
2025,round1,39,北京邮电大学
2025,round1,40,山东大学
2025,round1,41,南开大学
2025,round1,42,哈尔滨工业大学(威海)
2025,round1,43,西安电子科技大学
2025,round1,44,中南大学
2025,round1,45,重庆邮电大学
2025,round1,46,北京理工大学
2025,round1,47,湘潭大学
2025,round1,48,重庆大学
2025,round1,49,上海纽约大学
2025,round1,50,华东理工大学
2025,round1,51,华南理工大学
2025,round1,52,同济大学
2025,round1,53,浙江理工大学
2025,round1,54,上海大学
2025,round1,55,浙江师范大学
2025,round1,56,中国石油大学(华东)
2025,round1,57,上海理工大学
2025,round1,58,南京理工大学
2025,round1,59,长沙理工大学
2025,round1,60,深圳大学
2025,round1,61,江苏大学
2025,round1,62,大连理工大学
2025,round1,63,华东师范大学
2025,round1,64,台州学院
2025,round1,65,中国地质大学(北京)
2025,round1,66,华南农业大学
2025,round1,67,南京邮电大学
2025,round1,68,哈尔滨工程大学
2025,round1,69,山东科技大学
2025,round1,70,湖南师范大学
2025,round1,71,河南师范大学
2025,round1,72,东华大学
2025,round1,73,浙江农林大学
2025,round1,74,上海科技大学
2025,round1,75,绍兴理工学院
2025,round1,76,中国石油大学(北京)
2025,round1,77,华南师范大学
2025,round1,78,兰州大学
2025,round1,79,北京化工大学
2025,round1,79,重庆工程学院
2025,round1,81,成都信息工程大学
2025,round1,82,暨南大学
2025,round1,83,大连海事大学
2025,round1,84,西北大学
2025,round1,84,湖南科技大学
2025,round1,86,中国矿业大学
2025,round1,87,武汉纺织大学
2025,round1,88,湖南城市学院
2025,round1,89,苏州大学
2025,round1,90,浙大城市学院
2025,round1,91,中国地质大学(武汉)
2025,round1,92,广州大学
2025,round1,93,北京科技大学
2025,round1,94,重庆科技大学
2025,round1,95,南京信息工程大学
2025,round1,96,西安理工大学
2025,round1,97,武汉理工大学
2025,round1,98,北京城市学院
2025,round1,99,山东大学(威海)
2025,round1,100,山东师范大学
2025,round1,101,河北师范大学
2025,round1,102,长春理工大学
2025,round1,103,中国科学院大学
2025,round1,104,北京师范大学
2025,round1,105,东北师范大学
2025,round1,106,西南民族大学
2025,round1,107,中国计量大学
2025,round1,108,南阳理工学院
2025,round1,109,厦门理工学院
2025,round1,110,江南大学
2025,round1,111,西华大学
2025,round1,112,上海电力大学
2025,round1,113,深圳技术大学
2025,round1,114,东莞理工学院
2025,round1,115,华北电力大学(保定)
2025,round1,116,华中师范大学
2025,round1,117,天津大学
2025,round1,118,河南理工大学
2025,round1,119,云南大学
2025,round1,120,浙大宁波理工学院
2025,round1,121,中国传媒大学
2025,round1,122,浙江工商大学
2025,round1,123,江西师范大学
2025,round1,124,中国农业大学
2025,round1,125,电子科技大学中山学院
2025,round1,126,山东理工大学
2025,round1,127,宁波大学
2025,round1,128,香港理工大学
2025,round1,129,广东外语外贸大学
2025,round1,130,西南财经大学
2025,round1,131,福建理工大学
2025,round1,132,安阳师范学院
2025,round1,133,湖南理工学院
2025,round1,133,浙江科技大学
2025,round1,135,浙江机电职业技术大学
2025,round1,136,南京农业大学
2025,round1,137,河海大学
2025,round1,138,北方工业大学
2025,round1,139,江西农业大学
2025,round1,140,中央财经大学
2025,round1,141,贵州大学
2025,round1,142,莆田学院
2025,round1,143,安徽大学
2025,round1,144,湖南人文科技学院
2025,round1,145,中国矿业大学(北京)
2025,round1,146,南京工程学院
2025,round1,147,浙江育英职业技术学院
2025,round1,148,北京工业大学
2025,round1,149,临沂大学
2025,round1,150,青岛大学
2025,round1,151,广西大学
2025,round1,152,香港城市大学(东莞)
2025,round1,153,南京工业大学
2025,round1,153,齐鲁工业大学
2025,round1,155,西南科技大学
2025,round1,156,中北大学
2025,round1,157,安徽师范大学
2025,round1,158,安阳工学院
2025,round1,159,北京信息科技大学
2025,round1,160,郑州大学
2025,round1,161,北京林业大学
2025,round1,162,河北工程大学
2025,round1,163,中国民航大学
2025,round1,164,长沙学院
2025,round1,165,南京晓庄学院
2025,round1,166,黑龙江大学
2025,round1,167,澳门大学
2025,round1,168,华中农业大学
2025,round1,169,汉江师范学院
2025,round1,170,浙江万里学院
2025,round1,171,湖南农业大学
2025,round1,172,东北林业大学
2025,round1,173,天津工业大学
2025,round1,174,西安欧亚学院
2025,round1,175,湖北工业大学
2025,round1,175,中南民族大学
2025,round1,177,郑州轻工业大学
2025,round1,178,成都理工大学
2025,round1,179,浙江财经大学
2025,round1,180,上海财经大学
2025,round1,180,西南大学
2025,round1,182,绍兴文理学院
2025,round1,183,河南农业大学
2025,round1,184,集美大学
2025,round1,185,北师香港浸会大学
2025,round1,185,惠州学院
2025,round1,187,厦门大学嘉庚学院
2025,round1,188,上海海洋大学
2025,round1,189,信息工程大学
2025,round1,190,鲁东大学
2025,round1,191,杭州师范大学
2025,round1,191,贵州师范大学
2025,round1,193,武汉科技大学
2025,round1,194,上海第二工业大学
2025,round1,195,华东交通大学
2025,round1,196,沈阳理工大学
2025,round1,197,南昌航空大学
2025,round1,198,西南交通大学
2025,round1,199,南昌大学
2025,round1,200,中南林业科技大学
2025,round1,201,商丘师范学院
2025,round1,202,长安大学
2025,round1,203,广东东软学院
2025,round1,204,温州商学院
2025,round1,205,广东工业大学揭阳校区
2025,round1,206,太原理工大学
2025,round1,207,长江大学
2025,round1,208,珠海科技学院
2025,round1,209,四川农业大学
2025,round1,210,湖州师范学院
2025,round1,211,成都锦城学院
2025,round1,212,江西财经大学
2025,round1,213,大连理工大学盘锦校区
2025,round1,214,山东农业大学
2025,round1,215,湖南涉外经济学院
2025,round1,216,陕西师范大学
2025,round1,217,合肥工业大学
2025,round1,218,沈阳师范大学
2025,round1,219,山东管理学院
2025,round1,220,湖北大学
2025,round1,221,成都东软学院
2025,round1,222,广东技术师范大学
2025,round1,223,武昌首义学院
2025,round1,224,新疆大学
2025,round1,225,合肥大学
2025,round1,226,福建师范大学
2025,round1,227,浙江广厦建设职业技术大学
2025,round1,228,重庆城市科技学院
2025,round1,229,哈尔滨理工大学
2025,round1,230,怀化学院
2025,round1,231,南通大学
2025,round1,232,成都大学
2025,round1,233,汕头大学
2025,round1,234,阜阳师范大学
2025,round1,235,西安邮电大学
2025,round1,236,青岛理工大学
2025,round1,237,上海海事大学
2025,round1,238,河北工业大学
2025,round1,239,常熟理工学院(苏州工学院)
2025,round1,240,三峡大学
2025,round1,241,广西师范大学
2025,round1,241,辽宁大学
2025,round1,243,南京师范大学
2025,round1,244,江苏科技大学
2025,round1,245,延安大学西安创新学院
2025,round1,246,淮北理工学院
2025,round1,247,湖南财政经济学院
2025,round1,248,西南石油大学
2025,round1,248,大连民族大学
2025,round1,250,扬州大学
2025,round1,251,重庆移通学院
2025,round1,252,郑州经贸学院
2025,round1,253,天津理工大学
2025,round1,254,江汉大学
2025,round1,255,苏州科技大学
2025,round1,256,北华大学
2025,round1,257,青岛农业大学
2025,round1,258,安徽农业大学
2025,round1,259,上海师范大学
2025,round1,260,青岛科技大学
2025,round1,261,烟台大学
2025,round1,262,温州大学
2025,round1,263,信阳师范大学
2025,round1,264,江苏海洋大学
2025,round1,265,长春工业大学
2025,round1,266,湖南工业大学
2025,round1,267,陕西科技大学
2025,round1,268,宁波工程学院
2025,round1,269,中国海洋大学
2025,round1,270,五邑大学
2025,round1,271,沈阳化工大学
2025,round1,271,北京理工大学珠海学院
2025,round1,273,西安工业大学
2025,round1,274,深圳职业技术大学
2025,round1,275,南华大学
2025,round1,276,重庆文理学院
2025,round1,276,黄冈师范学院
2025,round1,278,南阳师范学院
2025,round1,278,韩山师范学院
2025,round1,278,无锡学院
2025,round1,281,四川师范大学
2025,round1,281,衡阳师范学院
2025,round1,283,井冈山大学
2025,round1,284,桂林电子科技大学
2025,round1,285,乐山师范学院
2025,round1,286,大连东软信息学院
2025,round1,287,武汉工程大学
2025,round1,288,河南科技大学
2025,round1,289,江西理工大学
2025,round1,290,徐州工程学院
2025,round1,291,南京林业大学
2025,round1,291,华北水利水电大学
2025,round1,293,浙江水利水电学院
2025,round1,294,哈尔滨理工大学(荣成)
2025,round1,295,石家庄铁道大学
2025,round1,296,阿坝师范学院
2025,round1,297,武汉轻工大学
2025,round1,298,东华理工大学
2025,round1,299,湖北汽车工业学院
2025,round1,300,中国石油大学(北京)克拉玛依校区
2025,round1,300,东北农业大学
2025,round1,302,西华师范大学
2025,round1,302,泉州师范学院
2025,round1,304,广东金融学院
2025,round1,305,北京师范大学珠海校区
2025,round1,306,昆明理工大学
2025,round1,306,山东财经大学
2025,round1,308,北京印刷学院
2025,round1,309,福建农林大学
2025,round1,310,内蒙古工业大学
2025,round1,311,广州软件学院
2025,round1,312,武汉学院
2025,round1,313,燕山大学
2025,round1,314,佛山大学
2025,round1,315,山西大学
2025,round1,316,潍坊学院
2025,round1,317,西交利物浦大学
2025,round1,318,香港大学
2025,round1,319,吉利学院
2025,round1,320,天津商业大学
2025,round1,321,丽水学院
2025,round1,321,岳阳学院
2025,round1,323,香港城市大学
2025,round1,324,广东海洋大学
2025,round1,325,天津仁爱学院
2025,round1,326,韶关学院
2025,round1,327,湖南科技学院
2025,round1,328,广州城市理工学院
2025,round1,329,嘉应学院
2025,round1,330,杭州电子科技大学信息工程学院
2025,round1,331,浙江外国语学院
2025,round1,332,江西水利电力大学
2025,round1,333,上海应用技术大学
2025,round1,334,曲阜师范大学
2025,round1,335,湖北经济学院
2025,round1,336,福州外语外贸学院
2025,round1,337,大连理工大学城市学院
2025,round1,338,山东建筑大学
2025,round1,339,昆山杜克大学
2025,round1,340,海南大学
2025,round1,341,武汉商学院
2025,round1,342,中原工学院
2025,round1,343,华北理工大学
2025,round1,344,广西民族大学
2025,round1,345,南昌理工学院
2025,round1,346,内蒙古大学
2025,round1,347,宁德师范学院
2025,round1,348,闽南师范大学
2025,round1,349,中国计量大学现代科技学院
2025,round1,350,盐城工学院
2025,round1,351,广州华商学院
2025,round1,352,石河子大学
2025,round1,353,武昌理工学院
2025,round1,353,河南财经政法大学
2025,round1,355,浙江工业大学之江学院
2025,round1,356,大连交通大学
2025,round1,357,甘肃农业大学
2025,round1,358,重庆交通大学
2025,round1,359,重庆人文科技学院
2025,round1,360,湖北师范大学
2025,round1,361,大连大学
2025,round1,362,景德镇陶瓷大学
2025,round1,363,辽宁科技大学
2025,round1,364,河北大学
2025,round1,365,宁波职业技术大学
2025,round1,366,衡水学院
2025,round1,367,哈尔滨商业大学
2025,round1,368,广东培正学院
2025,round1,369,九江学院
2025,round1,370,河南工程学院
2025,round1,371,广州华立学院
2025,round1,372,常州大学
2025,round1,373,香港浸会大学
2025,round1,374,安徽工业大学
2025,round1,375,沈阳农业大学
2025,round1,376,合肥工业大学宣城校区
2025,round1,377,北京交通大学(威海)
2025,round1,378,湖南中医药大学
2025,round1,379,湖南工学院
2025,round1,380,电子科技大学成都学院
2025,round1,381,浙江金融职业学院
2025,round1,382,山东石油化工学院
2025,round1,383,上海工程技术大学
2025,round1,384,山西财经大学
2025,round1,385,北京电子科技学院
2025,round1,386,上海对外经贸大学
2025,round1,387,山东工商学院
2025,round1,388,太原科技大学
2025,round1,389,华侨大学
2025,round1,390,琼台师范学院
2025,round1,391,宁波财经学院
2025,round1,392,滁州学院
2025,round1,393,河南工业大学
2025,round1,394,贵州民族大学
2025,round1,395,湖北中医药大学
2025,round1,396,天津科技大学
2025,round1,397,山西工程科技职业大学
2025,round1,398,河北科技大学
2025,round1,398,北京语言大学
2025,round1,400,成都理工大学工程技术学院
2025,round1,401,广西科技大学
2025,round1,402,贵州工程应用技术学院
2025,round1,403,黑龙江工程学院
2025,round1,404,四川现代职业学院
2025,round1,405,上海杉达学院
2025,round1,406,常州工学院
2025,round1,407,南京中医药大学
2025,round1,408,大连外国语大学
2025,round1,409,河南科技学院
2025,round1,410,南京理工大学泰州科技学院
2025,round1,411,中央民族大学
2025,round1,412,内蒙古师范大学
2025,round1,413,泉州信息工程学院
2025,round1,414,成都师范学院
2025,round1,415,南京工业职业技术大学
2025,round1,416,南昌航空大学科技学院
2025,round1,417,重庆第二师范学院
2025,round1,418,中国矿业大学徐海学院
2025,round1,419,西安建筑科技大学
2025,round1,420,北京邮电大学世纪学院
2025,round1,421,四川信息职业技术学院
2025,round1,422,宁夏大学
2025,round1,423,宁波诺丁汉大学
2025,round1,424,延边大学
2025,round1,425,福建商学院
2025,round1,426,山东科技大学济南校区
2025,round1,427,辽宁师范大学
2025,round1,428,云南财经大学
2025,round1,429,保定学院
2025,round1,430,宜春学院
2025,round1,431,武汉职业技术大学
2025,round1,432,广州商学院
2025,round1,433,湖北工业大学工程技术学院
2025,round1,434,桂林航天工业学院
2025,round1,435,广州南方学院
2025,round1,436,江苏理工学院
2025,round1,437,燕京理工学院
2025,round1,438,上饶师范学院
2025,round1,439,梧州学院
2025,round1,440,北方民族大学
2025,round2,1,北京大学
2025,round2,2,清华大学
2025,round2,3,复旦大学
2025,round2,4,南京大学
2025,round2,5,中山大学
2025,round2,6,东北大学
2025,round2,7,浙江大学
2025,round2,8,哈尔滨工业大学
2025,round2,9,广东工业大学
2025,round2,10,吉林大学
2025,round2,11,上海交通大学
2025,round2,12,武汉大学
2025,round2,13,中国科学技术大学
2025,round2,14,四川大学
2025,round2,15,香港大学
2025,round2,16,福州大学
2025,round2,17,同济大学
2025,round2,18,北京航空航天大学
2025,round2,19,南京理工大学
2025,round2,20,哈尔滨工业大学(威海)
2025,round2,21,浙江工业大学
2025,round2,22,南方科技大学
2025,round2,23,南京航空航天大学
2025,round2,24,北京师范大学
2025,round2,25,中国人民大学
2025,round2,26,西北工业大学
2025,round2,27,香港中文大学
2025,round2,27,东南大学
2025,round2,29,厦门大学
2025,round2,30,北京理工大学
2025,round2,31,西安交通大学
2025,round2,32,香港科技大学(广州)
2025,round2,33,香港中文大学(深圳)
2025,round2,34,西湖大学
2025,round2,35,北京邮电大学
2025,round2,36,东北大学秦皇岛分校
2025,round2,37,华中科技大学
2025,round2,38,浙江理工大学
2025,round2,39,杭州电子科技大学
2025,round2,40,绍兴理工学院
2025,round2,41,南开大学
2025,round2,42,哈尔滨工业大学(深圳)
2025,round2,43,上海纽约大学
2025,round2,44,湘潭大学
2025,round2,45,华南理工大学
2025,round2,46,上海理工大学
2025,round2,47,上海科技大学
2025,round2,48,杭州电子科技大学信息工程学院
2025,round2,49,武汉理工大学
2025,round2,50,大连理工大学
2025,round2,51,重庆大学
2025,round2,52,中国传媒大学
2025,round2,53,华东师范大学
2025,round2,54,香港科技大学
2025,round2,55,杭州师范大学
2025,round2,56,北京交通大学
2025,round2,57,南京邮电大学
2025,round2,58,重庆邮电大学
2025,round2,59,山东大学
2025,round2,60,浙江师范大学
2025,round2,61,湖南师范大学
2025,round2,62,华东理工大学
2025,round2,63,西安电子科技大学
2025,round2,64,山东科技大学
2025,round2,65,温州大学
2025,round2,66,河海大学
2025,round2,67,华南师范大学
2025,round2,68,中南大学
2025,round2,69,中国科学院大学
2025,round2,70,重庆理工大学
2025,round2,71,北京工业大学
2025,round2,72,兰州大学
2025,round2,73,东华大学
2025,round2,74,东北师范大学
2025,round2,75,广州大学
2025,round2,76,华中师范大学
2025,round2,76,宁波大学
2025,round2,78,大连海事大学
2025,round2,79,澳门大学
2025,round2,79,天津大学
2025,round2,81,北京科技大学
2025,round2,82,江苏大学
2025,round2,83,深圳技术大学
2025,round2,83,集美大学
2025,round2,85,南京信息工程大学
2025,round2,86,西北大学
2025,round2,87,哈尔滨工程大学
2025,round2,88,河南大学
2025,round2,89,湖南大学
2025,round2,90,西南财经大学
2025,round2,91,武汉科技大学
2025,round2,92,浙大城市学院
2025,round2,93,深圳大学
2025,round2,94,上海大学
2025,round2,95,武汉工程大学
2025,round2,96,北京信息科技大学
2025,round2,97,成都信息工程大学
2025,round2,98,广东外语外贸大学
2025,round2,99,江南大学
2025,round2,100,北京林业大学
2025,round2,101,江西财经大学
2025,round2,102,湖南城市学院
2025,round2,103,宁波财经学院
2025,round2,104,国防科技大学
2025,round2,105,武汉纺织大学
2025,round2,106,湖南科技大学
2025,round2,107,河北师范大学
2025,round2,108,山东大学(威海)
2025,round2,109,浙江农林大学
2025,round2,110,南通理工学院
2025,round2,111,浙江工商大学
2025,round2,112,合肥大学
2025,round2,113,长沙理工大学
2025,round2,114,苏州大学
2025,round2,115,华南农业大学
2025,round2,116,重庆城市科技学院
2025,round2,117,上海师范大学
2025,round2,118,长春理工大学
2025,round2,119,中国石油大学(北京)克拉玛依校区
2025,round2,120,浙江机电职业技术大学
2025,round2,121,广东培正学院
2025,round2,122,河南理工大学
2025,round2,123,台州学院
2025,round2,124,浙江财经大学
2025,round2,125,福建理工大学
2025,round2,126,西南大学
2025,round2,127,郑州大学
2025,round2,128,华中农业大学
2025,round2,129,中国民航大学
2025,round2,130,华北电力大学(保定)
2025,round2,131,南京农业大学
2025,round2,131,四川师范大学
2025,round2,133,长安大学
2025,round2,134,中国石油大学(华东)
2025,round2,135,大连理工大学盘锦校区
2025,round2,136,山东理工大学
2025,round2,137,南京师范大学
2025,round2,138,信息工程大学
2025,round2,139,莆田学院
2025,round2,139,重庆科技大学
2025,round2,141,安徽师范大学
2025,round2,142,安阳师范学院
2025,round2,142,湖北工业大学
2025,round2,144,暨南大学
2025,round2,145,西安邮电大学
2025,round2,146,新疆大学
2025,round2,147,东北林业大学
2025,round2,148,中国计量大学
2025,round2,149,成都大学
2025,round2,150,中国矿业大学
2025,round2,151,南昌航空大学
2025,round2,152,河北工业大学
2025,round2,153,上海财经大学
2025,round2,154,合肥工业大学
2025,round2,155,昆山杜克大学
2025,round2,156,北京城市学院
2025,round2,157,南昌大学
2025,round2,158,西安理工大学
2025,round2,159,河南农业大学
2025,round2,160,香港城市大学
2025,round2,161,东莞理工学院
2025,round2,162,中国农业大学
2025,round2,163,西北农林科技大学
2025,round2,164,西南科技大学
2025,round2,165,西南民族大学
2025,round2,166,湖州师范学院
2025,round2,167,华北理工大学
2025,round2,168,阿坝师范学院
2025,round2,169,南京工程学院
2025,round2,170,中央财经大学
2025,round2,171,北京化工大学
2025,round2,172,安徽农业大学
2025,round2,173,泉州师范学院
2025,round2,174,南阳理工学院
2025,round2,175,武汉商学院
2025,round2,176,哈尔滨理工大学
2025,round2,177,山东农业大学
2025,round2,178,天津理工大学
2025,round2,178,安徽大学
2025,round2,180,合肥工业大学宣城校区
2025,round2,181,华东政法大学
2025,round2,182,北华大学
2025,round2,183,广东技术师范大学
2025,round2,184,温州商学院
2025,round2,184,五邑大学
2025,round2,186,鲁东大学
2025,round2,187,浙大宁波理工学院
2025,round2,188,广东东软学院
2025,round2,189,西华大学
2025,round2,189,昆明理工大学
2025,round2,191,江苏科技大学
2025,round2,191,郑州经贸学院
2025,round2,193,湖南农业大学
2025,round2,193,陕西师范大学
2025,round2,195,青岛大学
2025,round2,196,湖北大学
2025,round2,197,郑州轻工业大学
2025,round2,198,南阳师范学院
2025,round2,199,福建师范大学
2025,round2,200,电子科技大学中山学院
2025,round2,201,青岛科技大学
2025,round2,202,衡阳师范学院
2025,round2,202,北方工业大学
2025,round2,204,成都理工大学
2025,round2,205,东北农业大学
2025,round2,206,中国矿业大学(北京)
2025,round2,206,中南民族大学
2025,round2,206,广西大学
2025,round2,209,赣东学院
2025,round2,210,浙江科技大学
2025,round2,211,南京晓庄学院
2025,round2,212,阜阳师范大学
2025,round2,213,江西师范大学
2025,round2,213,宁波工程学院
2025,round2,215,山东师范大学
2025,round2,216,惠州学院
2025,round2,217,井冈山大学
2025,round2,218,湖南理工学院
2025,round2,219,黑龙江大学
2025,round2,220,重庆移通学院
2025,round2,221,香港城市大学(东莞)
2025,round2,222,江汉大学
2025,round2,223,江西农业大学
2025,round2,224,苏州科技大学
2025,round2,224,河北工程大学
2025,round2,226,深圳职业技术大学
2025,round2,227,广西师范大学
2025,round2,228,安徽理工大学
2025,round2,229,中国地质大学(北京)
2025,round2,230,内蒙古大学
2025,round2,231,西南交通大学
2025,round2,231,天津工业大学
2025,round2,233,浙江万里学院
2025,round2,234,四川农业大学
2025,round2,235,香港理工大学
2025,round2,236,上海第二工业大学
2025,round2,237,大连理工大学城市学院
2025,round2,238,安阳工学院
2025,round2,239,怀化学院
2025,round2,240,西安欧亚学院
2025,round2,241,广州软件学院
2025,round2,242,上海海洋大学
2025,round2,243,三峡大学
2025,round2,244,西安工业大学
2025,round2,245,绍兴文理学院
2025,round2,246,辽宁大学
2025,round2,247,厦门大学嘉庚学院
2025,round2,248,中国海洋大学
2025,round2,249,燕山大学
2025,round2,250,信阳师范大学
2025,round2,251,宁德师范学院
2025,round2,252,上海电力大学
2025,round2,253,沈阳化工大学
2025,round2,254,徐州工程学院
2025,round2,255,武昌首义学院
2025,round2,256,中北大学
2025,round2,257,广东工业大学揭阳校区
2025,round2,258,南通大学
2025,round2,259,中南林业科技大学
2025,round2,260,沈阳师范大学
2025,round2,261,南京林业大学
2025,round2,262,北京师范大学珠海校区
2025,round2,263,成都锦城学院
2025,round2,264,烟台大学
2025,round2,265,临沂大学
2025,round2,266,浙江广厦建设职业技术大学
2025,round2,267,中原工学院
2025,round2,268,青岛理工大学
2025,round2,269,河南工程学院
2025,round2,270,常熟理工学院(苏州工学院)
2025,round2,271,太原理工大学
2025,round2,272,江西理工大学
2025,round2,273,河南科技大学
2025,round2,274,珠海科技学院
2025,round2,275,贵州师范大学
2025,round2,276,山东财经大学
2025,round2,277,黄冈师范学院
2025,round2,277,宁波职业技术大学
2025,round2,279,中国地质大学(武汉)
2025,round2,280,南京工业大学
2025,round2,281,贵州大学
2025,round2,282,陕西科技大学
2025,round2,283,湖南财政经济学院
2025,round2,284,山东建筑大学
2025,round2,284,湖北师范大学
2025,round2,286,广西民族大学
2025,round2,287,浙江工业大学之江学院
2025,round2,288,济南大学
2025,round2,288,长江大学
2025,round2,290,北京语言大学
2025,round2,291,云南大学
2025,round2,291,浙江育英职业技术学院
2025,round2,293,滁州学院
2025,round2,294,西安科技大学
2025,round2,295,广东金融学院
2025,round2,296,常州大学
2025,round2,297,齐鲁工业大学
2025,round2,298,湖南工业大学
2025,round2,299,嘉应学院
2025,round2,299,浙江外国语学院
2025,round2,301,北京印刷学院
2025,round2,302,东华理工大学
2025,round2,303,青岛农业大学
2025,round2,304,北京理工大学珠海学院
2025,round2,305,南华大学
2025,round2,306,韶关学院
2025,round2,307,上海工程技术大学
2025,round2,308,北京中医药大学
2025,round2,309,岳阳学院
2025,round2,310,浙江水利水电学院
2025,round2,311,西南石油大学
2025,round2,312,浙江工业职业技术学院
2025,round2,313,延安大学西安创新学院
2025,round2,314,江苏海洋大学
2025,round2,315,丽水学院
2025,round2,316,河南工业大学
2025,round2,317,湖南中医药大学
2025,round2,318,华东交通大学
2025,round2,319,湖南人文科技学院
2025,round2,320,福建农林大学
2025,round2,321,长沙学院
2025,round2,322,山西大学
2025,round2,323,上海海事大学
2025,round2,324,河南科技学院
2025,round2,325,广州南方学院
2025,round2,326,汕头大学
2025,round2,327,北师香港浸会大学
2025,round2,328,佛山大学
2025,round2,329,海南大学
2025,round2,330,无锡学院
2025,round2,331,广州华商学院
2025,round2,332,曲阜师范大学
2025,round2,333,湖南工程学院
2025,round2,334,天津仁爱学院
2025,round2,335,山东工商学院
2025,round2,336,沈阳理工大学
2025,round2,337,吉利学院
2025,round2,338,石家庄铁道大学
2025,round2,339,厦门理工学院
2025,round2,340,唐山学院
2025,round2,341,华侨大学
2025,round2,342,金陵科技学院
2025,round2,343,北京电子科技学院
2025,round2,344,广东海洋大学
2025,round2,345,重庆工程学院
2025,round2,345,淮北理工学院
2025,round2,347,上海杉达学院
2025,round2,348,兰州理工大学
2025,round2,348,湖北汽车工业学院
2025,round2,350,湖南工学院
2025,round2,351,扬州大学
2025,round2,351,齐齐哈尔大学
2025,round2,353,南京理工大学泰州科技学院
2025,round2,354,北京交通大学(威海)
2025,round2,354,河南财经政法大学
2025,round2,356,山东管理学院
2025,round2,357,江西理工大学南昌校区
2025,round2,358,广西科技大学
2025,round2,359,华北水利水电大学
2025,round2,359,石河子大学
2025,round2,361,大连交通大学
2025,round2,362,上海对外经贸大学
2025,round2,363,长江师范学院
2025,round2,363,大连民族大学
2025,round2,365,延边大学
2025,round2,366,山东科技大学济南校区
2025,round2,367,南昌理工学院
2025,round2,368,武汉轻工大学
2025,round2,369,安徽工业大学
2025,round2,370,成都东软学院
2025,round2,371,甘肃农业大学
2025,round2,372,沈阳农业大学
2025,round2,373,闽南师范大学
2025,round2,374,郑州工商学院
2025,round2,375,四川信息职业技术学院
2025,round2,376,广州城市理工学院
2025,round2,377,长春工业大学
2025,round2,377,内蒙古工业大学
2025,round2,379,梧州学院
2025,round2,380,山西财经大学
2025,round2,381,湖北第二师范学院
2025,round2,382,大连大学
2025,round2,383,太原科技大学
2025,round2,384,华北科技学院
2025,round2,385,上海应用技术大学
2025,round2,385,哈尔滨石油学院
2025,round2,387,盐城工学院
2025,round2,388,宁夏大学
2025,round2,389,重庆文理学院
2025,round2,390,武昌理工学院
2025,round2,390,山东女子学院
2025,round2,392,西华师范大学
2025,round2,393,哈尔滨商业大学
2025,round2,394,福建技术师范学院
2025,round2,394,九江学院
2025,round2,396,首都师范大学
2025,round2,397,福州外语外贸学院
2025,round2,398,西交利物浦大学
2025,round2,399,广州理工学院
2025,round2,400,郑州升达经贸管理学院
2025,round2,401,武汉学院
2025,round2,402,电子科技大学成都学院
2025,round2,403,琼台师范学院
2025,round2,404,中央民族大学
2025,round2,405,上饶师范学院
2025,round2,406,四川现代职业学院
2025,round2,407,山东石油化工学院
2025,combined,1,北京大学
2025,combined,2,浙江大学
2025,combined,3,清华大学
2025,combined,4,复旦大学
2025,combined,5,南京大学
2025,combined,6,电子科技大学
2025,combined,7,中山大学
2025,combined,8,哈尔滨工业大学
2025,combined,9,东北大学
2025,combined,10,南方科技大学
2025,combined,11,香港科技大学(广州)
2025,combined,12,广东工业大学
2025,combined,13,杭州电子科技大学
2025,combined,13,香港中文大学(深圳)
2025,combined,15,吉林大学
2025,combined,16,上海交通大学
2025,combined,17,中国科学技术大学
2025,combined,18,武汉大学
2025,combined,19,香港中文大学
2025,combined,20,四川大学
2025,combined,21,西安交通大学
2025,combined,22,香港大学
2025,combined,23,哈尔滨工业大学(深圳)
2025,combined,24,福州大学
2025,combined,25,浙江工业大学
2025,combined,26,同济大学
2025,combined,27,北京航空航天大学
2025,combined,28,南京理工大学
2025,combined,29,哈尔滨工业大学(威海)
2025,combined,30,西北工业大学
2025,combined,31,湖南大学
2025,combined,32,南京航空航天大学
2025,combined,33,北京师范大学
2025,combined,34,北京建筑大学
2025,combined,35,中国人民大学
2025,combined,36,东南大学
2025,combined,37,济南大学
2025,combined,38,厦门大学
2025,combined,39,北京理工大学
2025,combined,40,东北大学秦皇岛分校
2025,combined,41,西湖大学
2025,combined,42,北京邮电大学
2025,combined,43,北京交通大学
2025,combined,44,河南大学
2025,combined,45,华中科技大学
2025,combined,46,浙江理工大学
2025,combined,47,山东大学
2025,combined,48,绍兴理工学院
2025,combined,49,南开大学
2025,combined,50,西安电子科技大学
2025,combined,51,上海纽约大学
2025,combined,52,中南大学
2025,combined,53,湘潭大学
2025,combined,54,重庆邮电大学
2025,combined,55,华南理工大学
2025,combined,56,上海理工大学
2025,combined,57,上海科技大学
2025,combined,58,重庆大学
2025,combined,59,杭州电子科技大学信息工程学院
2025,combined,60,武汉理工大学
2025,combined,61,华东理工大学
2025,combined,62,大连理工大学
2025,combined,63,中国传媒大学
2025,combined,64,华东师范大学
2025,combined,65,上海大学
2025,combined,66,香港科技大学
2025,combined,67,浙江师范大学
2025,combined,68,杭州师范大学
2025,combined,69,中国石油大学(华东)
2025,combined,70,南京邮电大学
2025,combined,71,长沙理工大学
2025,combined,72,深圳大学
2025,combined,73,江苏大学
2025,combined,74,湖南师范大学
2025,combined,75,台州学院
2025,combined,76,山东科技大学
2025,combined,77,中国地质大学(北京)
2025,combined,78,温州大学
2025,combined,79,华南农业大学
2025,combined,80,河海大学
2025,combined,81,华南师范大学
2025,combined,82,哈尔滨工程大学
2025,combined,83,中国科学院大学
2025,combined,84,重庆理工大学
2025,combined,85,河南师范大学
2025,combined,86,北京工业大学
2025,combined,87,东华大学
2025,combined,88,兰州大学
2025,combined,89,浙江农林大学
2025,combined,90,东北师范大学
2025,combined,91,广州大学
2025,combined,92,中国石油大学(北京)
2025,combined,93,华中师范大学
2025,combined,93,宁波大学
2025,combined,95,大连海事大学
2025,combined,96,北京化工大学
2025,combined,96,重庆工程学院
2025,combined,98,天津大学
2025,combined,98,澳门大学
2025,combined,100,成都信息工程大学
2025,combined,101,北京科技大学
2025,combined,102,暨南大学
2025,combined,103,深圳技术大学
2025,combined,103,集美大学
2025,combined,105,西北大学
2025,combined,105,湖南科技大学
2025,combined,107,南京信息工程大学
2025,combined,108,中国矿业大学
2025,combined,109,武汉纺织大学
2025,combined,110,湖南城市学院
2025,combined,111,苏州大学
2025,combined,112,浙大城市学院
2025,combined,113,西南财经大学
2025,combined,114,中国地质大学(武汉)
2025,combined,115,武汉科技大学
2025,combined,116,重庆科技大学
2025,combined,117,武汉工程大学
2025,combined,118,西安理工大学
2025,combined,119,北京信息科技大学
2025,combined,120,北京城市学院
2025,combined,121,广东外语外贸大学
2025,combined,122,山东大学(威海)
2025,combined,123,江南大学
2025,combined,124,山东师范大学
2025,combined,125,北京林业大学
2025,combined,126,河北师范大学
2025,combined,127,江西财经大学
2025,combined,128,长春理工大学
2025,combined,129,宁波财经学院
2025,combined,130,国防科技大学
2025,combined,131,西南民族大学
2025,combined,132,中国计量大学
2025,combined,133,南阳理工学院
2025,combined,134,厦门理工学院
2025,combined,135,南通理工学院
2025,combined,136,西华大学
2025,combined,137,浙江工商大学
2025,combined,138,上海电力大学
2025,combined,139,合肥大学
2025,combined,140,东莞理工学院
2025,combined,141,华北电力大学(保定)
2025,combined,142,重庆城市科技学院
2025,combined,143,上海师范大学
2025,combined,144,河南理工大学
2025,combined,145,云南大学
2025,combined,146,中国石油大学(北京)克拉玛依校区
2025,combined,147,浙大宁波理工学院
2025,combined,148,浙江机电职业技术大学
2025,combined,149,广东培正学院
2025,combined,150,江西师范大学
2025,combined,151,中国农业大学
2025,combined,152,浙江财经大学
2025,combined,153,电子科技大学中山学院
2025,combined,154,福建理工大学
2025,combined,155,山东理工大学
2025,combined,156,西南大学
2025,combined,157,郑州大学
2025,combined,158,香港理工大学
2025,combined,159,华中农业大学
2025,combined,160,中国民航大学
2025,combined,161,南京农业大学
2025,combined,161,四川师范大学
2025,combined,163,安阳师范学院
2025,combined,164,湖南理工学院
2025,combined,164,浙江科技大学
2025,combined,166,长安大学
2025,combined,167,大连理工大学盘锦校区
2025,combined,168,南京师范大学
2025,combined,169,北方工业大学
2025,combined,170,信息工程大学
2025,combined,171,江西农业大学
2025,combined,172,莆田学院
2025,combined,173,中央财经大学
2025,combined,174,贵州大学
2025,combined,175,安徽师范大学
2025,combined,176,湖北工业大学
2025,combined,177,安徽大学
2025,combined,178,湖南人文科技学院
2025,combined,179,中国矿业大学(北京)
2025,combined,180,西安邮电大学
2025,combined,181,南京工程学院
2025,combined,182,新疆大学
2025,combined,183,浙江育英职业技术学院
2025,combined,184,东北林业大学
2025,combined,185,临沂大学
2025,combined,186,成都大学
2025,combined,187,青岛大学
2025,combined,188,广西大学
2025,combined,189,南昌航空大学
2025,combined,190,香港城市大学(东莞)
2025,combined,191,河北工业大学
2025,combined,192,南京工业大学
2025,combined,192,齐鲁工业大学
2025,combined,194,上海财经大学
2025,combined,195,合肥工业大学
2025,combined,196,西南科技大学
2025,combined,197,昆山杜克大学
2025,combined,198,中北大学
2025,combined,199,南昌大学
2025,combined,200,安阳工学院
2025,combined,201,河南农业大学
2025,combined,202,香港城市大学
2025,combined,203,河北工程大学
2025,combined,204,西北农林科技大学
2025,combined,205,长沙学院
2025,combined,206,南京晓庄学院
2025,combined,207,黑龙江大学
2025,combined,208,湖州师范学院
2025,combined,209,华北理工大学
2025,combined,210,阿坝师范学院
2025,combined,211,汉江师范学院
2025,combined,212,浙江万里学院
2025,combined,213,湖南农业大学
2025,combined,214,安徽农业大学
2025,combined,215,天津工业大学
2025,combined,216,泉州师范学院
2025,combined,217,西安欧亚学院
2025,combined,218,中南民族大学
2025,combined,219,武汉商学院
2025,combined,220,哈尔滨理工大学
2025,combined,221,郑州轻工业大学
2025,combined,222,山东农业大学
2025,combined,223,成都理工大学
2025,combined,224,天津理工大学
2025,combined,225,合肥工业大学宣城校区
2025,combined,226,华东政法大学
2025,combined,227,绍兴文理学院
2025,combined,228,北华大学
2025,combined,229,广东技术师范大学
2025,combined,230,温州商学院
2025,combined,230,五邑大学
2025,combined,232,北师香港浸会大学
2025,combined,232,惠州学院
2025,combined,234,鲁东大学
2025,combined,235,厦门大学嘉庚学院
2025,combined,236,上海海洋大学
2025,combined,237,广东东软学院
2025,combined,238,昆明理工大学
2025,combined,239,贵州师范大学
2025,combined,240,江苏科技大学
2025,combined,240,郑州经贸学院
2025,combined,242,陕西师范大学
2025,combined,243,上海第二工业大学
2025,combined,244,华东交通大学
2025,combined,245,沈阳理工大学
2025,combined,246,湖北大学
2025,combined,247,西南交通大学
2025,combined,248,南阳师范学院
2025,combined,249,福建师范大学
2025,combined,250,中南林业科技大学
2025,combined,251,商丘师范学院
2025,combined,252,青岛科技大学
2025,combined,253,衡阳师范学院
2025,combined,254,广东工业大学揭阳校区
2025,combined,255,东北农业大学
2025,combined,256,太原理工大学
2025,combined,257,长江大学
2025,combined,258,珠海科技学院
2025,combined,259,四川农业大学
2025,combined,260,赣东学院
2025,combined,261,成都锦城学院
2025,combined,262,阜阳师范大学
2025,combined,263,宁波工程学院
2025,combined,264,湖南涉外经济学院
2025,combined,265,井冈山大学
2025,combined,266,沈阳师范大学
2025,combined,267,山东管理学院
2025,combined,268,重庆移通学院
2025,combined,269,成都东软学院
2025,combined,270,江汉大学
2025,combined,271,武昌首义学院
2025,combined,272,苏州科技大学
2025,combined,273,深圳职业技术大学
2025,combined,274,浙江广厦建设职业技术大学
2025,combined,275,广西师范大学
2025,combined,276,安徽理工大学
2025,combined,277,怀化学院
2025,combined,278,内蒙古大学
2025,combined,279,南通大学
2025,combined,280,汕头大学
2025,combined,281,青岛理工大学
2025,combined,282,上海海事大学
2025,combined,283,大连理工大学城市学院
2025,combined,284,常熟理工学院(苏州工学院)
2025,combined,285,三峡大学
2025,combined,286,辽宁大学
2025,combined,287,广州软件学院
2025,combined,288,西安工业大学
2025,combined,289,延安大学西安创新学院
2025,combined,290,淮北理工学院
2025,combined,291,湖南财政经济学院
2025,combined,292,西南石油大学
2025,combined,292,大连民族大学
2025,combined,294,中国海洋大学
2025,combined,295,燕山大学
2025,combined,296,扬州大学
2025,combined,297,信阳师范大学
2025,combined,298,宁德师范学院
2025,combined,299,沈阳化工大学
2025,combined,300,徐州工程学院
2025,combined,301,青岛农业大学
2025,combined,302,烟台大学
2025,combined,303,南京林业大学
2025,combined,304,北京师范大学珠海校区
2025,combined,305,江苏海洋大学
2025,combined,306,长春工业大学
2025,combined,307,湖南工业大学
2025,combined,308,陕西科技大学
2025,combined,309,中原工学院
2025,combined,310,河南工程学院
2025,combined,311,北京理工大学珠海学院
2025,combined,312,江西理工大学
2025,combined,313,河南科技大学
2025,combined,314,南华大学
2025,combined,315,重庆文理学院
2025,combined,315,黄冈师范学院
2025,combined,317,山东财经大学
2025,combined,318,宁波职业技术大学
2025,combined,319,韩山师范学院
2025,combined,319,无锡学院
2025,combined,321,桂林电子科技大学
2025,combined,322,山东建筑大学
2025,combined,322,湖北师范大学
2025,combined,324,乐山师范学院
2025,combined,325,大连东软信息学院
2025,combined,326,广西民族大学
2025,combined,327,浙江工业大学之江学院
2025,combined,328,北京语言大学
2025,combined,329,华北水利水电大学
2025,combined,330,浙江水利水电学院
2025,combined,331,滁州学院
2025,combined,332,哈尔滨理工大学(荣成)
2025,combined,333,西安科技大学
2025,combined,334,石家庄铁道大学
2025,combined,335,广东金融学院
2025,combined,336,常州大学
2025,combined,337,武汉轻工大学
2025,combined,338,东华理工大学
2025,combined,339,湖北汽车工业学院
2025,combined,340,嘉应学院
2025,combined,340,浙江外国语学院
2025,combined,342,北京印刷学院
2025,combined,343,西华师范大学
2025,combined,344,韶关学院
2025,combined,345,上海工程技术大学
2025,combined,346,北京中医药大学
2025,combined,347,福建农林大学
2025,combined,348,岳阳学院
2025,combined,349,内蒙古工业大学
2025,combined,350,武汉学院
2025,combined,351,浙江工业职业技术学院
2025,combined,352,佛山大学
2025,combined,353,山西大学
2025,combined,354,丽水学院
2025,combined,355,潍坊学院
2025,combined,356,河南工业大学
2025,combined,357,西交利物浦大学
2025,combined,358,湖南中医药大学
2025,combined,359,吉利学院
2025,combined,360,天津商业大学
2025,combined,361,广东海洋大学
2025,combined,362,河南科技学院
2025,combined,363,天津仁爱学院
2025,combined,364,广州南方学院
2025,combined,365,湖南科技学院
2025,combined,366,广州城市理工学院
2025,combined,367,海南大学
2025,combined,368,广州华商学院
2025,combined,369,江西水利电力大学
2025,combined,370,曲阜师范大学
2025,combined,371,上海应用技术大学
2025,combined,372,湖南工程学院
2025,combined,373,湖北经济学院
2025,combined,374,山东工商学院
2025,combined,375,福州外语外贸学院
2025,combined,376,唐山学院
2025,combined,377,华侨大学
2025,combined,378,金陵科技学院
2025,combined,379,北京电子科技学院
2025,combined,380,南昌理工学院
2025,combined,381,上海杉达学院
2025,combined,382,闽南师范大学
2025,combined,383,兰州理工大学
2025,combined,384,中国计量大学现代科技学院
2025,combined,385,盐城工学院
2025,combined,386,湖南工学院
2025,combined,387,齐齐哈尔大学
2025,combined,388,石河子大学
2025,combined,389,武昌理工学院
2025,combined,389,河南财经政法大学
2025,combined,391,南京理工大学泰州科技学院
2025,combined,392,北京交通大学(威海)
2025,combined,393,大连交通大学
2025,combined,394,甘肃农业大学
2025,combined,395,江西理工大学南昌校区
2025,combined,396,重庆交通大学
2025,combined,397,广西科技大学
2025,combined,398,重庆人文科技学院
2025,combined,399,大连大学
2025,combined,400,景德镇陶瓷大学
2025,combined,401,上海对外经贸大学
2025,combined,402,辽宁科技大学
2025,combined,403,长江师范学院
2025,combined,404,河北大学
2025,combined,405,延边大学
2025,combined,406,衡水学院
2025,combined,407,山东科技大学济南校区
2025,combined,408,哈尔滨商业大学
2025,combined,409,九江学院
2025,combined,410,安徽工业大学
2025,combined,411,广州华立学院
2025,combined,412,沈阳农业大学
2025,combined,413,香港浸会大学
2025,combined,414,郑州工商学院
2025,combined,415,四川信息职业技术学院
2025,combined,416,梧州学院
2025,combined,417,电子科技大学成都学院
2025,combined,418,山西财经大学
2025,combined,419,浙江金融职业学院
2025,combined,420,湖北第二师范学院
2025,combined,421,山东石油化工学院
2025,combined,422,太原科技大学
2025,combined,423,华北科技学院
2025,combined,424,哈尔滨石油学院
2025,combined,425,宁夏大学
2025,combined,426,琼台师范学院
2025,combined,427,山东女子学院
2025,combined,428,贵州民族大学
2025,combined,429,福建技术师范学院
2025,combined,430,湖北中医药大学
2025,combined,431,天津科技大学
2025,combined,432,首都师范大学
2025,combined,433,山西工程科技职业大学
2025,combined,434,河北科技大学
2025,combined,435,广州理工学院
2025,combined,436,成都理工大学工程技术学院
2025,combined,437,郑州升达经贸管理学院
2025,combined,438,贵州工程应用技术学院
2025,combined,439,黑龙江工程学院
2025,combined,440,四川现代职业学院
2025,combined,441,中央民族大学
2025,combined,442,上饶师范学院
2025,combined,443,常州工学院
2025,combined,444,南京中医药大学
2025,combined,445,大连外国语大学
2025,combined,446,内蒙古师范大学
2025,combined,447,泉州信息工程学院
2025,combined,448,成都师范学院
2025,combined,449,南京工业职业技术大学
2025,combined,450,南昌航空大学科技学院
2025,combined,451,重庆第二师范学院
2025,combined,452,中国矿业大学徐海学院
2025,combined,453,西安建筑科技大学
2025,combined,454,北京邮电大学世纪学院
2025,combined,455,宁波诺丁汉大学
2025,combined,456,福建商学院
2025,combined,457,辽宁师范大学
2025,combined,458,云南财经大学
2025,combined,459,保定学院
2025,combined,460,宜春学院
2025,combined,461,武汉职业技术大学
2025,combined,462,广州商学院
2025,combined,463,湖北工业大学工程技术学院
2025,combined,464,桂林航天工业学院
2025,combined,465,江苏理工学院
2025,combined,466,燕京理工学院
2025,combined,467,北方民族大学
2026,round1,1,清华大学
2026,round1,2,复旦大学
2026,round1,3,中山大学
2026,round1,4,北京大学
2026,round1,5,浙江大学
2026,round1,6,上海交通大学
2026,round1,7,香港中文大学
2026,round1,8,南方科技大学
2026,round1,9,香港中文大学(深圳)
2026,round1,10,西安交通大学
2026,round1,11,北京航空航天大学
2026,round1,12,南京大学
2026,round1,13,广东工业大学
2026,round1,14,香港科技大学
2026,round1,15,福州大学
2026,round1,16,中国人民大学
2026,round1,17,山东大学
2026,round1,18,香港科技大学(广州)
2026,round1,19,西北工业大学
2026,round1,20,北京师范大学
2026,round1,21,同济大学
2026,round1,22,杭州电子科技大学
2026,round1,23,东南大学
2026,round1,24,华中科技大学
2026,round1,25,杭州师范大学
2026,round1,26,中南大学
2026,round1,26,电子科技大学
2026,round1,28,北京邮电大学
2026,round1,29,厦门大学
2026,round1,30,南京邮电大学
2026,round1,31,哈尔滨工业大学
2026,round1,32,中国科学技术大学
2026,round1,33,中国科学院大学
2026,round1,34,武汉大学
2026,round1,35,湖南师范大学
2026,round1,36,深圳技术大学
2026,round1,37,西安工业大学
2026,round1,38,南京航空航天大学
2026,round1,39,北京工业大学
2026,round1,40,重庆邮电大学
2026,round1,41,哈尔滨工业大学(深圳)
2026,round1,42,哈尔滨工业大学(威海)
2026,round1,43,香港理工大学
2026,round1,44,南开大学
2026,round1,45,四川大学
2026,round1,46,浙江工业大学
2026,round1,47,吉林大学
2026,round1,48,北京交通大学
2026,round1,49,华东师范大学
2026,round1,50,东北大学秦皇岛分校
2026,round1,51,北京化工大学
2026,round1,52,东北师范大学
2026,round1,53,北京信息科技大学
2026,round1,54,兰州大学
2026,round1,55,华南理工大学
2026,round1,56,华南农业大学
2026,round1,57,暨南大学
2026,round1,58,北方工业大学
2026,round1,59,西湖大学
2026,round1,60,南京理工大学
2026,round1,61,东北大学
2026,round1,62,江西农业大学
2026,round1,63,浙江理工大学
2026,round1,64,北京理工大学
2026,round1,65,长沙理工大学
2026,round1,66,华东理工大学
2026,round1,67,西南交通大学
2026,round1,68,天津大学
2026,round1,69,深圳大学
2026,round1,70,上海科技大学
2026,round1,71,中央财经大学
2026,round1,72,温州大学
2026,round1,73,重庆理工大学
2026,round1,74,湖南大学
2026,round1,75,山东理工大学
2026,round1,76,武汉纺织大学
2026,round1,77,河南大学
2026,round1,78,青岛理工大学
2026,round1,79,南通大学
2026,round1,80,武汉理工大学
2026,round1,81,西北大学
2026,round1,81,浙江师范大学
2026,round1,83,上海大学
2026,round1,84,西南财经大学
2026,round1,85,宁波工程学院
2026,round1,86,宁波大学
2026,round1,87,武汉工程大学
2026,round1,88,宁波财经学院
2026,round1,89,大连理工大学
2026,round1,90,北京科技大学
2026,round1,91,东莞理工学院
2026,round1,92,乐山师范学院
2026,round1,93,西安电子科技大学
2026,round1,94,香港大学
2026,round1,95,上海电力大学
2026,round1,95,西南科技大学
2026,round1,95,江苏大学
2026,round1,98,国防科技大学
2026,round1,99,成都大学
2026,round1,100,广州大学
2026,round1,101,浙大城市学院
2026,round1,102,重庆大学
2026,round1,103,西安理工大学
2026,round1,104,山东科技大学
2026,round1,104,浙江农林大学
2026,round1,104,南京信息工程大学
2026,round1,107,哈尔滨工程大学
2026,round1,108,浙江工商大学
2026,round1,109,烟台大学
2026,round1,110,江南大学
2026,round1,110,中国传媒大学
2026,round1,112,东华大学
2026,round1,112,苏州大学
2026,round1,114,北京建筑大学
2026,round1,115,成都信息工程大学
2026,round1,116,南京农业大学
2026,round1,117,福建理工大学
2026,round1,118,华南师范大学
2026,round1,119,香港城市大学
2026,round1,120,青岛大学
2026,round1,121,华中农业大学
2026,round1,122,浙江财经大学
2026,round1,123,燕山大学
2026,round1,124,中国农业大学
2026,round1,125,山西工程科技职业大学
2026,round1,126,湖南理工学院
2026,round1,127,中国石油大学(华东)
2026,round1,128,曲阜师范大学
2026,round1,129,河北师范大学
2026,round1,130,湘潭大学
2026,round1,130,集美大学
2026,round1,132,绍兴大学
2026,round1,133,河北工业大学
2026,round1,134,浙江万里学院
2026,round1,135,河海大学
2026,round1,136,云南大学
2026,round1,137,南京晓庄学院
2026,round1,138,嘉应学院
2026,round1,139,北京师范大学珠海校区
2026,round1,140,长安大学
2026,round1,141,福建师范大学
2026,round1,142,江西财经大学
2026,round1,143,昆山杜克大学
2026,round1,144,扬州大学
2026,round1,145,佛山大学
2026,round1,146,安徽理工大学
2026,round1,147,广东金融学院
2026,round1,148,中国人民解放军网络空间部队信息工程大学
2026,round1,149,湖南城市学院
2026,round1,150,厦门理工学院
2026,round1,151,郑州大学
2026,round1,152,河南理工大学
2026,round1,153,安徽师范大学
2026,round1,154,中国民航大学
2026,round1,155,新疆大学
2026,round1,156,南昌大学
2026,round1,157,湖南工业大学
2026,round1,158,哈尔滨理工大学
2026,round1,159,郑州轻工业大学
2026,round1,160,中国矿业大学
2026,round1,161,安徽农业大学
2026,round1,162,齐鲁工业大学(山东省科学院)
2026,round1,163,汕头大学
2026,round1,164,湖南农业大学
2026,round1,165,合肥工业大学
2026,round1,166,蒙古国立大学(Монгол Улсын Их Сургууль)
2026,round1,167,湖北工业大学
2026,round1,168,电子科技大学中山学院
2026,round1,169,江西师范大学
2026,round1,170,西安邮电大学
2026,round1,171,广西大学
2026,round1,172,山东大学(威海)
2026,round1,173,西南民族大学
2026,round1,174,河北工程大学
2026,round1,175,浙江广厦建设职业技术大学
2026,round1,176,浙江科技大学
2026,round1,177,大连海事大学
2026,round1,178,广东技术师范大学
2026,round1,179,无锡学院
2026,round1,180,中国海洋大学
2026,round1,181,成都锦城学院
2026,round1,182,临沂大学
2026,round1,183,华中师范大学
2026,round1,184,天津工业大学
2026,round1,185,江苏科技大学
2026,round1,186,内蒙古大学
2026,round1,187,浙大宁波理工学院
2026,round1,188,湖南科技大学
2026,round1,189,桂林电子科技大学
2026,round1,189,西南大学
2026,round1,191,南京工业大学
2026,round1,192,安徽大学
2026,round1,193,南京工程学院
2026,round1,194,上海海洋大学
2026,round1,195,北京林业大学
2026,round1,196,阿坝师范学院
2026,round1,197,河南科技大学
2026,round1,198,海南大学
2026,round1,199,河南师范大学
2026,round1,200,南阳师范学院
2026,round1,201,安阳工学院
2026,round1,201,山东建筑大学
2026,round1,203,河南科技学院
2026,round1,204,河北科技大学
2026,round1,204,四川农业大学
2026,round1,206,中国矿业大学(北京)
2026,round1,206,沈阳化工大学
2026,round1,208,中国计量大学
2026,round1,209,湖北大学
2026,round1,210,上海理工大学
2026,round1,211,东华理工大学
2026,round1,212,深圳理工大学
2026,round1,212,重庆城市科技学院
2026,round1,214,嘉兴大学
2026,round1,215,中国地质大学(武汉)
2026,round1,216,苏州科技大学
2026,round1,216,上海师范大学
2026,round1,218,广东东软学院
2026,round1,219,湖南财政经济学院
2026,round1,220,苏州工学院
2026,round1,221,成都理工大学
2026,round1,222,太原科技大学
2026,round1,223,华北理工大学
2026,round1,224,南京林业大学
2026,round1,225,辽宁大学
2026,round1,226,厦门大学马来西亚分校
2026,round1,227,山西大学
2026,round1,227,华侨大学
2026,round1,229,南昌航空大学
2026,round1,230,香港城市大学(东莞)
2026,round1,231,台州学院
2026,round1,232,北京电子科技学院
2026,round1,233,安徽工业大学
2026,round1,234,北师香港浸会大学
2026,round1,235,上海海事大学
2026,round1,236,山东农业大学
2026,round1,237,深圳北理莫斯科大学
2026,round1,238,东北农业大学
2026,round1,239,福建农林大学
2026,round1,240,辽宁科技大学
2026,round1,241,湖州师范大学
2026,round1,242,青岛科技大学
2026,round1,243,黑龙江大学
2026,round1,244,盐城工学院
2026,round1,245,上海杉达学院
2026,round1,246,长春理工大学
2026,round1,247,北京交通大学(威海)
2026,round1,248,昆明理工大学
2026,round1,249,天津科技大学
2026,round1,250,河南牧业经济学院
2026,round1,251,南阳理工学院
2026,round1,251,西南石油大学
2026,round1,253,浙江育英职业技术学院
2026,round1,254,闽南师范大学
2026,round1,255,西北农林科技大学
2026,round1,256,天津师范大学
2026,round1,257,成都师范学院
2026,round1,258,山东师范大学
2026,round1,259,陕西师范大学
2026,round1,260,山东管理学院
2026,round1,261,重庆移通学院
2026,round1,262,宁夏大学
2026,round1,263,上海第二工业大学
2026,round1,264,武汉轻工大学
2026,round1,265,中原工学院
2026,round1,266,华东交通大学
2026,round1,267,武汉科技大学
2026,round1,268,北京语言大学
2026,round1,269,上海应用技术大学
2026,round1,269,南华大学
2026,round1,271,郑州商学院
2026,round1,272,河南农业大学
2026,round1,273,合肥工业大学宣城校区
2026,round1,274,大连理工大学盘锦校区
2026,round1,274,中南民族大学
2026,round1,276,西华大学
2026,round1,277,长春大学
2026,round1,278,西华师范大学
2026,round1,279,山东工程职业技术大学
2026,round1,280,滁州学院
2026,round1,280,鲁东大学
2026,round1,282,太原理工大学
2026,round1,283,广东工业大学揭阳校区
2026,round1,284,东北林业大学
2026,round1,285,青岛农业大学
2026,round1,286,上海工程技术大学
2026,round1,286,深圳职业技术大学
2026,round1,288,广东海洋大学
2026,round1,289,河南财经政法大学
2026,round1,290,韶关学院
2026,round1,291,山东财经大学
2026,round1,292,中央民族大学
2026,round1,293,赣东学院
2026,round1,294,山西财经大学
2026,round1,295,吉利学院
2026,round1,296,湖北经济学院
2026,round1,297,广州南方学院
2026,round1,298,惠州学院
2026,round1,299,福州外语外贸学院
2026,round1,300,四川师范大学
2026,round1,301,贵州大学
2026,round1,302,沈阳工业大学
2026,round1,302,温州医科大学
2026,round1,304,山东交通学院
2026,round1,305,河南工业大学
2026,round1,306,上海纽约大学
2026,round1,307,山东工商学院
2026,round1,308,南京师范大学
2026,round1,309,郑州经贸学院
2026,round1,310,江西理工大学
2026,round1,311,西安欧亚学院
2026,round1,312,浙江工业大学之江学院
2026,round1,313,丽水学院
2026,round1,314,宁波城市职业技术学院
2026,round1,315,中北大学
2026,round1,316,成都理工大学工程技术学院
2026,round1,317,东北电力大学
2026,round1,318,湖南文理学院
2026,round1,319,合肥大学
2026,round1,320,大连民族大学
2026,round1,321,江西理工大学南昌校区
2026,round1,322,南京财经大学
2026,round1,323,郑州工商学院
2026,round1,324,绍兴理工学院
2026,round1,325,广州华商学院
2026,round1,326,琼台师范学院
2026,round1,327,衡水学院
2026,round1,328,河南工程学院
2026,round1,329,江西警察学院
2026,round1,330,衡阳师范学院
2026,round1,331,山东第一医科大学
2026,round1,332,澳门城市大学
2026,round1,333,天津理工大学
2026,round1,334,商丘师范学院
2026,round1,335,江苏理工学院
2026,round1,336,广州城市理工学院
2026,round1,337,吉林师范大学
2026,round1,338,湖南工程学院
2026,round1,339,黄淮学院
2026,round1,340,中国人民公安大学
2026,round1,341,中南财经政法大学
2026,round1,342,江苏海洋大学
2026,round1,343,怀化学院
2026,round1,344,长江大学
2026,round1,345,湖南涉外经济学院
2026,round1,346,武昌理工学院
2026,round1,347,南京工业职业技术大学
2026,round1,348,浙江农林大学暨阳学院
2026,round1,349,上海财经大学
2026,round1,350,常州大学
2026,round1,351,江西软件职业技术大学
2026,round1,352,泰山学院
2026,round1,353,南昌理工学院
2026,round1,354,温州商学院
2026,round1,355,五邑大学
2026,round1,356,郑州师范学院
2026,round1,357,天津仁爱学院
2026,round1,358,山东女子学院
2026,round1,359,北京印刷学院
2026,round1,360,上饶师范学院
2026,round1,360,浙江中医药大学
2026,round1,362,哈尔滨石油学院
2026,round1,363,浙江机电职业技术大学
2026,round1,364,中国计量大学现代科技学院
2026,round1,365,湖南警察学院
2026,round1,366,齐齐哈尔大学
2026,round1,367,宁波诺丁汉大学
2026,round1,368,重庆工程学院
2026,round1,369,武昌首义学院
2026,round1,370,宜春幼儿师范高等专科学校
2026,round1,371,淮安大学
2026,round1,372,长沙学院
2026,round1,372,西安石油大学
2026,round1,374,沈阳农业大学
2026,round1,375,江汉大学
2026,round1,375,河北农业大学
2026,round1,377,韩山师范学院
2026,round1,377,内蒙古师范大学
2026,round1,379,广西科技大学
2026,round1,379,澳门科技大学
2026,round1,379,重庆工商大学
2026,round1,379,湖北第二师范学院
2026,round1,383,山东中医药大学
2026,round1,383,唐山学院
2026,round1,383,湖北汽车工业学院
2026,round1,386,湖北师范大学
2026,round1,387,西安建筑科技大学
2026,round1,387,沈阳师范大学
2026,round1,387,华北水利水电大学
2026,round1,390,武汉商学院
2026,round1,390,河北金融学院
2026,round1,392,香港浸会大学
2026,round1,392,成都东软学院
2026,round1,394,山东石油化工学院
2026,round1,394,宁德师范学院
2026,round1,396,江苏科技大学张家港校区
2026,round1,396,吉首大学
2026,round1,398,重庆交通大学
2026,round1,398,哈尔滨理工大学威海校区
2026,round1,398,大连交通大学
2026,round1,401,黑龙江工程学院
2026,round1,401,沈阳航空航天大学
2026,round1,403,昆明学院
2026,round1,403,延安大学西安创新学院
2026,round1,405,兰州理工大学
2026,round1,405,宿州学院
2026,round1,405,长江师范学院
2026,round1,408,宁波职业技术大学
2026,round1,408,南京邮电大学通达学院
2026,round1,408,广州理工学院
2026,round1,411,梧州学院
2026,round1,412,长春工业大学
2026,round1,412,湖北中医药大学
2026,round1,414,泉州师范学院
2026,round1,414,阜阳师范大学
2026,round1,416,四川大学锦江学院
2026,round1,417,兰州交通大学
2026,round1,418,皖西学院
2026,round1,418,南宁师范大学
2026,round1,418,广西科技师范学院
2026,round1,421,湖南科技学院
2026,round1,421,延边大学
2026,round1,423,燕京理工学院
2026,round1,423,信阳师范大学
2026,round1,425,吉林农业科技学院
2026,round1,426,武汉纺织大学外经贸学院
2026,round1,427,北京邮电大学世纪学院
2026,round1,427,东莞城市学院
2026,round1,427,南京理工大学紫金学院
2026,round1,430,广州新华学院
2026,round1,431,唐山师范学院
2026,round1,432,重庆文理学院
2026,round1,432,南京理工大学泰州科技学院
2026,round1,434,金陵科技学院
2026,round1,434,广州软件学院
2026,round1,434,武汉软件工程职业学院
2026,round1,437,大连大学
2026,round1,438,昭通学院
2026,round1,439,广东轻工职业技术大学
2026,round1,440,绵阳城市学院
2026,round1,440,内蒙古工业大学
2026,round1,442,安徽建筑大学
2026,round1,443,大连工程学院
2026,round1,444,龙岩学院
2026,round1,445,上海对外经贸大学
2026,round1,446,贵州理工学院
2026,round1,447,广东外语外贸大学南国商学院
2026,round1,448,贵州民族大学
2026,round1,449,吉林外国语大学
2026,round1,450,中国矿业大学徐海学院
2026,round1,450,江西科技学院
2026,round1,452,安徽财经大学
2026,round1,452,重庆电子科技职业大学
2026,round1,454,北方民族大学
2026,round1,455,福州工商学院
2026,round1,456,陕西科技大学
2026,round1,457,厦门大学嘉庚学院
2026,round1,457,贵州师范学院
2026,round1,459,北京外国语大学
2026,round1,460,辽宁工业大学
2026,round1,461,福建师范大学协和学院
2026,round1,462,长春财经学院
2026,round1,463,南昌交通学院
2026,round1,464,山东青年政治学院
2026,round1,465,江西服装学院
2026,round1,466,浙江工商大学杭州商学院
2026,round1,467,苏州职业技术大学
2026,round1,468,郑州西亚斯学院
2026,round1,469,沈阳城市学院
2026,round1,470,武汉学院
2026,round2,1,清华大学
2026,round2,2,北京大学
2026,round2,3,上海交通大学
2026,round2,4,香港中文大学(深圳)
2026,round2,5,浙江大学
2026,round2,6,复旦大学
2026,round2,7,中山大学
2026,round2,8,中国科学技术大学
2026,round2,9,北京航空航天大学
2026,round2,10,南京大学
2026,round2,11,武汉大学
2026,round2,12,中国人民大学
2026,round2,13,吉林大学
2026,round2,14,电子科技大学
2026,round2,15,香港科技大学
2026,round2,16,西安交通大学
2026,round2,17,东北大学秦皇岛分校
2026,round2,18,东南大学
2026,round2,19,哈尔滨工业大学
2026,round2,20,香港科技大学(广州)
2026,round2,21,重庆邮电大学
2026,round2,22,重庆大学
2026,round2,23,武汉理工大学
2026,round2,24,北京邮电大学
2026,round2,25,厦门大学
2026,round2,26,北京交通大学
2026,round2,27,四川大学
2026,round2,28,济南大学
2026,round2,29,华南农业大学
2026,round2,30,东北师范大学
2026,round2,31,香港中文大学
2026,round2,32,哈尔滨工业大学(深圳)
2026,round2,33,国防科技大学
2026,round2,34,北京师范大学
2026,round2,35,大连理工大学
2026,round2,36,北京理工大学
2026,round2,37,深圳技术大学
2026,round2,38,南京邮电大学
2026,round2,38,华东师范大学
2026,round2,40,同济大学
2026,round2,41,华中科技大学
2026,round2,42,南方科技大学
2026,round2,43,浙江工业大学
2026,round2,44,湘潭大学
2026,round2,45,浙江师范大学
2026,round2,46,中央财经大学
2026,round2,47,南开大学
2026,round2,48,南京航空航天大学
2026,round2,49,西北工业大学
2026,round2,50,上海大学
2026,round2,51,杭州师范大学
2026,round2,52,天津大学
2026,round2,53,上海科技大学
2026,round2,54,西安工业大学
2026,round2,55,西湖大学
2026,round2,56,广东工业大学
2026,round2,57,山东理工大学
2026,round2,58,香港大学
2026,round2,59,北京工业大学
2026,round2,59,上海理工大学
2026,round2,61,中南大学
2026,round2,62,东北大学
2026,round2,62,北京建筑大学
2026,round2,64,兰州大学
2026,round2,65,华南理工大学
2026,round2,66,山东大学
2026,round2,67,湖南科技大学
2026,round2,68,长沙理工大学
2026,round2,69,南京理工大学
2026,round2,70,华南师范大学
2026,round2,71,哈尔滨工业大学(威海)
2026,round2,71,西南民族大学
2026,round2,73,福州大学
2026,round2,74,广东东软学院
2026,round2,75,湖南城市学院
2026,round2,76,武汉纺织大学
2026,round2,76,西安电子科技大学
2026,round2,78,江南大学
2026,round2,79,北京师范大学珠海校区
2026,round2,80,北京科技大学
2026,round2,80,湖南大学
2026,round2,82,西北大学
2026,round2,83,哈尔滨工程大学
2026,round2,84,厦门大学马来西亚分校
2026,round2,85,河南大学
2026,round2,85,中国农业大学
2026,round2,87,广州大学
2026,round2,87,南京信息工程大学
2026,round2,89,香港理工大学
2026,round2,90,浙江农林大学
2026,round2,91,北京化工大学
2026,round2,92,深圳大学
2026,round2,93,绍兴理工学院
2026,round2,94,乐山师范学院
2026,round2,95,华中农业大学
2026,round2,96,武汉轻工大学
2026,round2,97,河北师范大学
2026,round2,98,上海电力大学
2026,round2,99,天津工业大学
2026,round2,100,西南财经大学
2026,round2,101,暨南大学
2026,round2,101,大连理工大学盘锦校区
2026,round2,103,东莞理工学院
2026,round2,104,宁波大学
2026,round2,104,宁波财经学院
2026,round2,106,中国矿业大学
2026,round2,107,蒙古国立大学(Монгол Улсын Их Сургууль)
2026,round2,108,郑州大学
2026,round2,109,中国石油大学(华东)
2026,round2,110,中国矿业大学(北京)
2026,round2,111,阳光学院
2026,round2,112,临沂大学
2026,round2,113,西南科技大学
2026,round2,114,南昌大学
2026,round2,115,中国科学院大学
2026,round2,116,四川师范大学
2026,round2,116,广东金融学院
2026,round2,118,浙大城市学院
2026,round2,119,西南大学
2026,round2,119,北京林业大学
2026,round2,121,华北理工大学
2026,round2,122,山东大学(威海)
2026,round2,123,河海大学
2026,round2,124,南华大学
2026,round2,124,新疆大学
2026,round2,126,齐鲁工业大学(山东省科学院)
2026,round2,127,西安理工大学
2026,round2,128,成都师范学院
2026,round2,129,江苏大学
2026,round2,130,安徽理工大学
2026,round2,131,哈尔滨理工大学
2026,round2,131,河北工业大学
2026,round2,133,安徽工业大学
2026,round2,134,湖州师范大学
2026,round2,135,浙江理工大学
2026,round2,135,东华理工大学
2026,round2,137,北京信息科技大学
2026,round2,138,昆明理工大学
2026,round2,139,江西师范大学
2026,round2,140,苏州大学
2026,round2,141,大连海事大学
2026,round2,142,上海第二工业大学
2026,round2,143,中国人民解放军网络空间部队信息工程大学
2026,round2,144,浙江工商大学
2026,round2,145,绍兴大学
2026,round2,146,西华大学
2026,round2,147,燕山大学
2026,round2,148,山西大学
2026,round2,149,上海师范大学
2026,round2,150,湖南财政经济学院
2026,round2,151,成都信息工程大学
2026,round2,152,华中师范大学
2026,round2,153,南昌理工学院
2026,round2,154,长安大学
2026,round2,155,郑州轻工业大学
2026,round2,155,中国传媒大学
2026,round2,157,湖南理工学院
2026,round2,158,福建理工大学
2026,round2,159,重庆城市科技学院
2026,round2,160,河北工程大学
2026,round2,161,湖北工业大学
2026,round2,162,贵州大学
2026,round2,163,河南理工大学
2026,round2,164,华东交通大学
2026,round2,165,烟台大学
2026,round2,166,延边大学
2026,round2,167,青岛大学
2026,round2,168,东华大学
2026,round2,169,温州医科大学
2026,round2,170,集美大学
2026,round2,171,西南交通大学
2026,round2,172,湖南工业大学
2026,round2,173,重庆移通学院
2026,round2,173,浙大宁波理工学院
2026,round2,175,长春理工大学
2026,round2,176,合肥工业大学宣城校区
2026,round2,177,江西农业大学
2026,round2,178,中国民航大学
2026,round2,179,青岛科技大学
2026,round2,180,广东技术师范大学
2026,round2,181,南京晓庄学院
2026,round2,182,成都大学
2026,round2,182,衡水学院
2026,round2,184,东北林业大学
2026,round2,185,郑州商学院
2026,round2,185,湖南师范大学
2026,round2,187,台州学院
2026,round2,187,浙江科技大学
2026,round2,189,西南石油大学
2026,round2,190,福建师范大学
2026,round2,190,曲阜师范大学
2026,round2,192,宁波工程学院
2026,round2,193,浙江万里学院
2026,round2,194,中原工学院
2026,round2,195,云南大学
2026,round2,196,南京师范大学
2026,round2,197,江苏科技大学
2026,round2,198,大连民族大学
2026,round2,199,山东师范大学
2026,round2,200,南京林业大学
2026,round2,201,江西财经大学
2026,round2,202,苏州科技大学
2026,round2,202,河南工程学院
2026,round2,204,山东科技大学
2026,round2,204,合肥工业大学
2026,round2,206,上海海事大学
2026,round2,207,上海海洋大学
2026,round2,208,北方工业大学
2026,round2,209,宁波职业技术大学
2026,round2,210,北师香港浸会大学
2026,round2,211,安徽师范大学
2026,round2,211,海南大学
2026,round2,213,广西大学
2026,round2,214,安徽大学
2026,round2,214,赣东学院
2026,round2,216,中央民族大学
2026,round2,217,温州大学
2026,round2,218,中国计量大学
2026,round2,219,广东工业大学揭阳校区
2026,round2,220,中国海洋大学
2026,round2,221,电子科技大学中山学院
2026,round2,222,河南财经政法大学
2026,round2,223,香港城市大学(东莞)
2026,round2,223,西安邮电大学
2026,round2,223,沈阳化工大学
2026,round2,226,中国地质大学(武汉)
2026,round2,227,北京语言大学
2026,round2,228,嘉应学院
2026,round2,229,常州大学
2026,round2,230,山东建筑大学
2026,round2,231,中国地质大学(北京)
2026,round2,231,吉利学院
2026,round2,233,合肥大学
2026,round2,234,内蒙古大学
2026,round2,235,成都锦城学院
2026,round2,236,衡阳师范学院
2026,round2,237,中南财经政法大学
2026,round2,238,西安欧亚学院
2026,round2,239,河南师范大学
2026,round2,240,扬州大学
2026,round2,241,广东海洋大学
2026,round2,242,华北水利水电大学
2026,round2,243,深圳职业技术大学
2026,round2,244,韶关学院
2026,round2,244,南昌航空大学
2026,round2,246,阿坝师范学院
2026,round2,247,南阳理工学院
2026,round2,248,山东农业大学
2026,round2,249,昆山杜克大学
2026,round2,250,西华师范大学
2026,round2,251,湖南农业大学
2026,round2,252,安阳工学院
2026,round2,253,南京工业大学
2026,round2,253,泉州师范学院
2026,round2,255,惠州学院
2026,round2,255,滁州学院
2026,round2,257,太原科技大学
2026,round2,257,苏州工学院
2026,round2,259,无锡学院
2026,round2,260,上海纽约大学
2026,round2,261,湖北大学
2026,round2,262,长春工业大学
2026,round2,263,河南农业大学
2026,round2,264,浙江广厦建设职业技术大学
2026,round2,265,郑州师范学院
2026,round2,265,河南牧业经济学院
2026,round2,267,山东财经大学
2026,round2,268,武汉科技大学
2026,round2,268,北京电子科技学院
2026,round2,270,河南科技大学
2026,round2,271,郑州工商学院
2026,round2,272,江西软件职业技术大学
2026,round2,273,江西理工大学
2026,round2,274,天津科技大学
2026,round2,275,重庆工商大学
2026,round2,276,广州华商学院
2026,round2,277,青岛农业大学
2026,round2,278,中北大学
2026,round2,279,湖南涉外经济学院
2026,round2,280,佛山大学
2026,round2,281,成都理工大学
2026,round2,282,四川农业大学
2026,round2,283,河南科技学院
2026,round2,283,中国人民公安大学
2026,round2,285,安徽信息工程学院
2026,round2,286,中国计量大学现代科技学院
2026,round2,287,陕西师范大学
2026,round2,288,深圳北理莫斯科大学
2026,round2,289,湖北经济学院
2026,round2,290,澳门城市大学
2026,round2,291,井冈山大学
2026,round2,292,武汉工程大学
2026,round2,293,浙江育英职业技术学院
2026,round2,294,福州外语外贸学院
2026,round2,295,青岛理工大学
2026,round2,296,河北科技大学
2026,round2,297,南京工程学院
2026,round2,298,山西工程科技职业大学
2026,round2,299,商丘师范学院
2026,round2,300,华侨大学
2026,round2,301,山东交通学院
2026,round2,302,香港城市大学
2026,round2,302,长沙学院
2026,round2,304,郑州经贸学院
2026,round2,304,中南民族大学
2026,round2,306,南通大学
2026,round2,306,辽宁科技大学
2026,round2,308,河北大学
2026,round2,309,闽南师范大学
2026,round2,310,武昌理工学院
2026,round2,310,鲁东大学
2026,round2,312,五邑大学
2026,round2,312,宁波城市职业技术学院
2026,round2,314,东北农业大学
2026,round2,315,山东工商学院
2026,round2,316,上海杉达学院
2026,round2,317,深圳理工大学
2026,round2,317,江西理工大学南昌校区
2026,round2,317,宁夏大学
2026,round2,320,太原理工大学
2026,round2,320,湖北汽车工业学院
2026,round2,322,湖南中医药大学
2026,round2,322,山西财经大学
2026,round2,322,西北农林科技大学
2026,round2,325,浙江财经大学
2026,round2,325,辽宁大学
2026,round2,325,浙江机电职业技术大学
2026,round2,328,河南工业大学
2026,round2,329,湖州学院
2026,round2,330,沈阳理工大学
2026,round2,331,安徽农业大学
2026,round2,331,浙江农林大学暨阳学院
2026,round2,333,福建农林大学
2026,round2,333,东莞城市学院
2026,round2,335,广西师范大学
2026,round2,336,武汉商学院
2026,round2,337,山东女子学院
2026,round2,338,湖南文理学院
2026,round2,339,成都东软学院
2026,round2,340,沈阳工业大学
2026,round2,340,南阳师范学院
2026,round2,340,三峡大学
2026,round2,343,沈阳师范大学
2026,round2,344,北京交通大学(威海)
2026,round2,345,长江大学
2026,round2,346,信阳师范大学
2026,round2,347,济宁医学院
2026,round2,348,江西水利电力大学
2026,round2,348,湖南工程学院
2026,round2,350,怀化学院
2026,round2,351,大连东软信息学院
2026,round2,352,广州理工学院
2026,round2,353,汕头大学
2026,round2,353,吉林师范大学
2026,round2,355,泰山学院
2026,round2,355,徐州工程学院
2026,round2,355,北京印刷学院
2026,round2,358,天津仁爱学院
2026,round2,358,香港浸会大学
2026,round2,360,天津理工大学
2026,round2,360,齐齐哈尔大学
2026,round2,362,安庆师范大学
2026,round2,363,上海应用技术大学
2026,round2,364,澳门大学
2026,round2,365,燕京理工学院
2026,round2,366,陕西科技大学
2026,round2,367,宜春幼儿师范高等专科学校
2026,round2,367,韩山师范学院
2026,round2,369,泉州信息工程学院
2026,round2,369,福建师范大学协和学院
2026,round2,371,湖北中医药大学
2026,round2,372,郑州升达经贸管理学院
2026,round2,373,沈阳农业大学
2026,round2,374,东北电力大学
2026,round2,375,江汉大学
2026,round2,375,阜阳师范大学
2026,round2,377,广西科技大学
2026,round2,378,内蒙古工业大学
2026,round2,379,温州商学院
2026,round2,380,潍坊学院
2026,round2,380,广州城市理工学院
2026,round2,382,广州南方学院
2026,round2,382,江西警察学院
2026,round2,384,大连大学
2026,round2,385,上海财经大学
2026,round2,385,哈尔滨商业大学
2026,round2,385,山东管理学院
2026,round2,388,兰州理工大学
2026,round2,388,吉首大学
2026,round2,390,丽水学院
2026,round2,391,黑龙江大学
2026,round2,392,盐城工学院
2026,round2,393,杭州电子科技大学信息工程学院
2026,round2,394,山东第一医科大学
2026,round2,395,南京理工大学泰州科技学院
2026,round2,395,北京邮电大学世纪学院
2026,round2,397,宁波诺丁汉大学
2026,round2,397,黑龙江八一农垦大学
2026,round2,397,琼台师范学院
2026,round2,397,江苏师范大学
2026,round2,397,成都理工大学工程技术学院
2026,round2,402,南宁师范大学
2026,round2,403,莆田学院
2026,round2,404,浙江工业大学之江学院
2026,round2,405,江苏海洋大学
2026,round2,406,重庆文理学院
2026,round2,407,湖北师范大学
2026,round2,407,南京理工大学紫金学院
2026,round2,409,江苏理工学院
2026,round2,410,重庆工程学院
2026,round2,410,黄冈师范学院
2026,round2,412,福州工商学院
2026,round2,413,湖南警察学院
2026,round2,414,南京邮电大学通达学院
2026,round2,415,广州应用科技学院
2026,round2,416,电子科技大学成都学院
2026,round2,417,西安建筑科技大学
2026,round2,418,武汉纺织大学外经贸学院
2026,round2,419,沈阳航空航天大学
2026,round2,420,南京财经大学
2026,round2,421,衢州职业技术学院
2026,round2,422,厦门理工学院
2026,round2,423,桂林电子科技大学
2026,round2,424,郑州航空工业管理学院
2026,round2,425,山东石油化工学院
2026,round2,426,武昌首义学院
2026,round2,427,延安大学西安创新学院
2026,round2,428,湖南科技学院
2026,round2,429,浙江传媒学院
2026,round2,430,贵州民族大学
2026,round2,431,黄淮学院
2026,round2,432,广州软件学院
2026,round2,433,北方民族大学
2026,round2,434,福建技术师范学院
2026,round2,435,内蒙古师范大学
2026,round2,436,浙江工业职业技术学院
2026,round2,437,广西科技师范学院
2026,round2,438,金陵科技学院
2026,round2,439,浙江中医药大学
2026,round2,440,昭通学院
2026,round2,441,大连工程学院
2026,round2,442,淮安大学
2026,round2,443,首都师范大学
2026,round2,444,山东青年政治学院
2026,round2,445,宿州学院
2026,round2,446,广东轻工职业技术大学
2026,round2,447,唐山学院
2026,round2,448,西安理工大学高科学院
2026,round2,449,安徽财经大学
2026,round2,450,北京外国语大学
2026,round2,451,兰州交通大学
2026,round2,451,厦门大学嘉庚学院
2026,round2,453,唐山师范学院
2026,round2,454,长春大学
2026,round2,455,济宁学院
2026,round2,455,哈尔滨理工大学威海校区
2026,round2,457,青岛黄海学院
2026,round2,458,北华大学
2026,round2,459,大连海洋大学
2026,round2,460,河北金融学院
2026,round2,461,浙江工商大学杭州商学院
2026,round2,462,湖北文理学院
2026,round2,463,皖南医科大学
2026,round2,463,石河子大学
2026,round2,465,辽宁工业大学
2026,round2,466,皖西学院
2026,round2,466,南昌航空大学科技学院
2026,round2,468,温州肯恩大学
2026,round2,469,江西科技学院
2026,round2,470,海南比勒费尔德应用科学大学
2026,round2,470,四川大学锦江学院
2026,round2,472,上海对外经贸大学
2026,round2,473,西藏民族大学
2026,round2,474,广州新华学院
2026,round2,475,河北工程技术学院
2026,round2,476,龙岩学院
2026,round2,477,贵州理工学院
2026,round2,478,应急管理大学
2026,round2,479,沈阳城市学院
2026,round2,480,深圳信息职业技术大学
2026,round2,481,黑河学院
2026,round2,482,湛江科技学院
2026,round2,483,辽宁工程技术大学
2026,combined,1,清华大学
2026,combined,2,复旦大学
2026,combined,3,北京大学
2026,combined,4,中山大学
2026,combined,5,上海交通大学
2026,combined,6,香港中文大学(深圳)
2026,combined,7,浙江大学
2026,combined,8,香港中文大学
2026,combined,9,南方科技大学
2026,combined,10,中国科学技术大学
2026,combined,11,北京航空航天大学
2026,combined,12,西安交通大学
2026,combined,13,南京大学
2026,combined,14,武汉大学
2026,combined,15,中国人民大学
2026,combined,16,广东工业大学
2026,combined,17,吉林大学
2026,combined,18,香港科技大学
2026,combined,19,电子科技大学
2026,combined,20,福州大学
2026,combined,21,山东大学
2026,combined,22,东北大学秦皇岛分校
2026,combined,23,香港科技大学(广州)
2026,combined,24,东南大学
2026,combined,25,西北工业大学
2026,combined,26,哈尔滨工业大学
2026,combined,27,北京师范大学
2026,combined,28,同济大学
2026,combined,29,重庆邮电大学
2026,combined,30,杭州电子科技大学
2026,combined,31,重庆大学
2026,combined,32,武汉理工大学
2026,combined,33,华中科技大学
2026,combined,34,北京邮电大学
2026,combined,35,杭州师范大学
2026,combined,36,厦门大学
2026,combined,37,中南大学
2026,combined,38,北京交通大学
2026,combined,39,四川大学
2026,combined,40,济南大学
2026,combined,41,华南农业大学
2026,combined,42,南京邮电大学
2026,combined,43,东北师范大学
2026,combined,44,哈尔滨工业大学(深圳)
2026,combined,45,中国科学院大学
2026,combined,46,国防科技大学
2026,combined,47,湖南师范大学
2026,combined,48,大连理工大学
2026,combined,49,深圳技术大学
2026,combined,50,北京理工大学
2026,combined,51,西安工业大学
2026,combined,52,南京航空航天大学
2026,combined,53,华东师范大学
2026,combined,54,北京工业大学
2026,combined,55,哈尔滨工业大学(威海)
2026,combined,56,香港理工大学
2026,combined,57,浙江工业大学
2026,combined,58,南开大学
2026,combined,59,湘潭大学
2026,combined,60,浙江师范大学
2026,combined,61,中央财经大学
2026,combined,62,上海大学
2026,combined,63,北京化工大学
2026,combined,64,天津大学
2026,combined,65,北京信息科技大学
2026,combined,66,上海科技大学
2026,combined,67,兰州大学
2026,combined,68,华南理工大学
2026,combined,69,西湖大学
2026,combined,70,暨南大学
2026,combined,71,山东理工大学
2026,combined,72,北方工业大学
2026,combined,73,香港大学
2026,combined,74,上海理工大学
2026,combined,75,南京理工大学
2026,combined,76,东北大学
2026,combined,77,江西农业大学
2026,combined,78,北京建筑大学
2026,combined,79,浙江理工大学
2026,combined,80,长沙理工大学
2026,combined,81,华东理工大学
2026,combined,82,西南交通大学
2026,combined,83,湖南科技大学
2026,combined,84,深圳大学
2026,combined,85,华南师范大学
2026,combined,86,西南民族大学
2026,combined,87,温州大学
2026,combined,88,重庆理工大学
2026,combined,89,湖南大学
2026,combined,90,广东东软学院
2026,combined,91,湖南城市学院
2026,combined,92,武汉纺织大学
2026,combined,93,西安电子科技大学
2026,combined,94,河南大学
2026,combined,95,青岛理工大学
2026,combined,96,江南大学
2026,combined,97,南通大学
2026,combined,98,北京师范大学珠海校区
2026,combined,99,北京科技大学
2026,combined,100,西北大学
2026,combined,101,哈尔滨工程大学
2026,combined,102,西南财经大学
2026,combined,103,厦门大学马来西亚分校
2026,combined,104,宁波工程学院
2026,combined,105,中国农业大学
2026,combined,106,宁波大学
2026,combined,107,武汉工程大学
2026,combined,108,广州大学
2026,combined,108,南京信息工程大学
2026,combined,110,宁波财经学院
2026,combined,111,浙江农林大学
2026,combined,112,东莞理工学院
2026,combined,113,乐山师范学院
2026,combined,114,绍兴理工学院
2026,combined,115,上海电力大学
2026,combined,115,西南科技大学
2026,combined,115,江苏大学
2026,combined,118,华中农业大学
2026,combined,119,武汉轻工大学
2026,combined,120,河北师范大学
2026,combined,121,成都大学
2026,combined,122,天津工业大学
2026,combined,123,浙大城市学院
2026,combined,124,大连理工大学盘锦校区
2026,combined,125,西安理工大学
2026,combined,126,山东科技大学
2026,combined,127,中国矿业大学
2026,combined,128,蒙古国立大学(Монгол Улсын Их Сургууль)
2026,combined,129,浙江工商大学
2026,combined,130,郑州大学
2026,combined,131,烟台大学
2026,combined,132,中国石油大学(华东)
2026,combined,133,中国传媒大学
2026,combined,134,中国矿业大学(北京)
2026,combined,135,阳光学院
2026,combined,136,东华大学
2026,combined,136,苏州大学
2026,combined,138,临沂大学
2026,combined,139,南昌大学
2026,combined,140,成都信息工程大学
2026,combined,141,南京农业大学
2026,combined,142,广东金融学院
2026,combined,142,四川师范大学
2026,combined,144,福建理工大学
2026,combined,145,香港城市大学
2026,combined,146,西南大学
2026,combined,146,北京林业大学
2026,combined,148,青岛大学
2026,combined,149,华北理工大学
2026,combined,150,浙江财经大学
2026,combined,151,山东大学(威海)
2026,combined,152,燕山大学
2026,combined,153,河海大学
2026,combined,154,新疆大学
2026,combined,154,南华大学
2026,combined,156,山西工程科技职业大学
2026,combined,157,湖南理工学院
2026,combined,158,齐鲁工业大学(山东省科学院)
2026,combined,159,曲阜师范大学
2026,combined,160,成都师范学院
2026,combined,161,集美大学
2026,combined,162,安徽理工大学
2026,combined,163,河北工业大学
2026,combined,163,哈尔滨理工大学
2026,combined,165,绍兴大学
2026,combined,166,安徽工业大学
2026,combined,167,浙江万里学院
2026,combined,168,湖州师范大学
2026,combined,169,东华理工大学
2026,combined,170,云南大学
2026,combined,171,南京晓庄学院
2026,combined,172,嘉应学院
2026,combined,173,昆明理工大学
2026,combined,174,江西师范大学
2026,combined,175,长安大学
2026,combined,176,福建师范大学
2026,combined,177,大连海事大学
2026,combined,178,江西财经大学
2026,combined,179,上海第二工业大学
2026,combined,180,昆山杜克大学
2026,combined,181,中国人民解放军网络空间部队信息工程大学
2026,combined,182,扬州大学
2026,combined,183,佛山大学
2026,combined,184,西华大学
2026,combined,185,山西大学
2026,combined,186,上海师范大学
2026,combined,187,厦门理工学院
2026,combined,188,湖南财政经济学院
2026,combined,189,河南理工大学
2026,combined,190,华中师范大学
2026,combined,191,安徽师范大学
2026,combined,192,南昌理工学院
2026,combined,193,中国民航大学
2026,combined,194,郑州轻工业大学
2026,combined,195,湖南工业大学
2026,combined,196,重庆城市科技学院
2026,combined,197,河北工程大学
2026,combined,198,安徽农业大学
2026,combined,199,湖北工业大学
2026,combined,200,贵州大学
2026,combined,201,汕头大学
2026,combined,202,湖南农业大学
2026,combined,203,华东交通大学
2026,combined,204,合肥工业大学
2026,combined,205,延边大学
2026,combined,206,电子科技大学中山学院
2026,combined,207,温州医科大学
2026,combined,208,西安邮电大学
2026,combined,209,广西大学
2026,combined,210,浙大宁波理工学院
2026,combined,210,重庆移通学院
2026,combined,212,浙江广厦建设职业技术大学
2026,combined,213,长春理工大学
2026,combined,214,浙江科技大学
2026,combined,215,合肥工业大学宣城校区
2026,combined,216,广东技术师范大学
2026,combined,217,无锡学院
2026,combined,218,青岛科技大学
2026,combined,219,中国海洋大学
2026,combined,220,成都锦城学院
2026,combined,221,衡水学院
2026,combined,222,东北林业大学
2026,combined,223,江苏科技大学
2026,combined,224,郑州商学院
2026,combined,225,内蒙古大学
2026,combined,226,台州学院
2026,combined,227,桂林电子科技大学
2026,combined,228,西南石油大学
2026,combined,229,南京工业大学
2026,combined,230,安徽大学
2026,combined,231,南京工程学院
2026,combined,232,上海海洋大学
2026,combined,233,中原工学院
2026,combined,234,阿坝师范学院
2026,combined,235,南京师范大学
2026,combined,236,河南科技大学
2026,combined,237,海南大学
2026,combined,238,大连民族大学
2026,combined,239,河南师范大学
2026,combined,240,山东师范大学
2026,combined,241,南阳师范学院
2026,combined,242,南京林业大学
2026,combined,243,安阳工学院
2026,combined,243,山东建筑大学
2026,combined,245,苏州科技大学
2026,combined,245,河南工程学院
2026,combined,247,河南科技学院
2026,combined,248,河北科技大学
2026,combined,248,四川农业大学
2026,combined,250,沈阳化工大学
2026,combined,251,上海海事大学
2026,combined,252,中国计量大学
2026,combined,253,湖北大学
2026,combined,254,宁波职业技术大学
2026,combined,255,北师香港浸会大学
2026,combined,256,深圳理工大学
2026,combined,257,嘉兴大学
2026,combined,258,赣东学院
2026,combined,259,中国地质大学(武汉)
2026,combined,260,中央民族大学
2026,combined,261,广东工业大学揭阳校区
2026,combined,262,苏州工学院
2026,combined,263,成都理工大学
2026,combined,264,太原科技大学
2026,combined,265,河南财经政法大学
2026,combined,266,香港城市大学(东莞)
2026,combined,267,辽宁大学
2026,combined,268,华侨大学
2026,combined,269,北京语言大学
2026,combined,270,南昌航空大学
2026,combined,271,常州大学
2026,combined,272,吉利学院
2026,combined,272,中国地质大学(北京)
2026,combined,274,北京电子科技学院
2026,combined,275,合肥大学
2026,combined,276,山东农业大学
2026,combined,277,衡阳师范学院
2026,combined,278,深圳北理莫斯科大学
2026,combined,279,中南财经政法大学
2026,combined,280,东北农业大学
2026,combined,281,西安欧亚学院
2026,combined,282,福建农林大学
2026,combined,283,辽宁科技大学
2026,combined,284,广东海洋大学
2026,combined,285,华北水利水电大学
2026,combined,286,黑龙江大学
2026,combined,287,深圳职业技术大学
2026,combined,288,盐城工学院
2026,combined,289,韶关学院
2026,combined,290,上海杉达学院
2026,combined,291,北京交通大学(威海)
2026,combined,292,南阳理工学院
2026,combined,293,天津科技大学
2026,combined,294,河南牧业经济学院
2026,combined,295,西华师范大学
2026,combined,296,浙江育英职业技术学院
2026,combined,297,泉州师范学院
2026,combined,298,闽南师范大学
2026,combined,299,西北农林科技大学
2026,combined,300,滁州学院
2026,combined,300,惠州学院
2026,combined,302,天津师范大学
2026,combined,303,陕西师范大学
2026,combined,304,山东管理学院
2026,combined,305,上海纽约大学
2026,combined,306,宁夏大学
2026,combined,307,长春工业大学
2026,combined,308,河南农业大学
2026,combined,309,郑州师范学院
2026,combined,310,武汉科技大学
2026,combined,311,山东财经大学
2026,combined,312,上海应用技术大学
2026,combined,313,郑州工商学院
2026,combined,314,江西软件职业技术大学
2026,combined,315,江西理工大学
2026,combined,316,中南民族大学
2026,combined,317,重庆工商大学
2026,combined,318,广州华商学院
2026,combined,319,长春大学
2026,combined,320,青岛农业大学
2026,combined,321,中北大学
2026,combined,322,山东工程职业技术大学
2026,combined,323,湖南涉外经济学院
2026,combined,324,鲁东大学
2026,combined,325,太原理工大学
2026,combined,326,中国人民公安大学
2026,combined,327,安徽信息工程学院
2026,combined,328,上海工程技术大学
2026,combined,329,中国计量大学现代科技学院
2026,combined,330,湖北经济学院
2026,combined,331,澳门城市大学
2026,combined,332,井冈山大学
2026,combined,333,山西财经大学
2026,combined,334,福州外语外贸学院
2026,combined,335,广州南方学院
2026,combined,336,商丘师范学院
2026,combined,337,山东交通学院
2026,combined,338,沈阳工业大学
2026,combined,339,长沙学院
2026,combined,340,郑州经贸学院
2026,combined,341,河南工业大学
2026,combined,342,山东工商学院
2026,combined,343,河北大学
2026,combined,344,武昌理工学院
2026,combined,345,浙江工业大学之江学院
2026,combined,346,宁波城市职业技术学院
2026,combined,346,五邑大学
2026,combined,348,丽水学院
2026,combined,349,成都理工大学工程技术学院
2026,combined,350,东北电力大学
2026,combined,351,江西理工大学南昌校区
2026,combined,352,湖南文理学院
2026,combined,353,湖北汽车工业学院
2026,combined,354,南京财经大学
2026,combined,355,湖南中医药大学
2026,combined,356,浙江机电职业技术大学
2026,combined,357,琼台师范学院
2026,combined,358,江西警察学院
2026,combined,359,湖州学院
2026,combined,360,沈阳理工大学
2026,combined,361,山东第一医科大学
2026,combined,362,浙江农林大学暨阳学院
2026,combined,363,天津理工大学
2026,combined,364,东莞城市学院
2026,combined,365,江苏理工学院
2026,combined,366,广西师范大学
2026,combined,367,广州城市理工学院
2026,combined,368,武汉商学院
2026,combined,369,吉林师范大学
2026,combined,370,山东女子学院
2026,combined,371,湖南工程学院
2026,combined,372,黄淮学院
2026,combined,373,成都东软学院
2026,combined,374,三峡大学
2026,combined,375,江苏海洋大学
2026,combined,376,怀化学院
2026,combined,377,沈阳师范大学
2026,combined,378,长江大学
2026,combined,379,信阳师范大学
2026,combined,380,南京工业职业技术大学
2026,combined,381,济宁医学院
2026,combined,382,江西水利电力大学
2026,combined,383,上海财经大学
2026,combined,384,大连东软信息学院
2026,combined,385,泰山学院
2026,combined,386,广州理工学院
2026,combined,387,温州商学院
2026,combined,388,北京印刷学院
2026,combined,388,徐州工程学院
2026,combined,390,天津仁爱学院
2026,combined,391,香港浸会大学
2026,combined,392,上饶师范学院
2026,combined,392,浙江中医药大学
2026,combined,394,齐齐哈尔大学
2026,combined,395,哈尔滨石油学院
2026,combined,396,安庆师范大学
2026,combined,397,澳门大学
2026,combined,398,湖南警察学院
2026,combined,399,燕京理工学院
2026,combined,400,陕西科技大学
2026,combined,401,宁波诺丁汉大学
2026,combined,402,宜春幼儿师范高等专科学校
2026,combined,402,韩山师范学院
2026,combined,404,重庆工程学院
2026,combined,405,武昌首义学院
2026,combined,406,福建师范大学协和学院
2026,combined,406,泉州信息工程学院
2026,combined,408,淮安大学
2026,combined,409,湖北中医药大学
2026,combined,410,西安石油大学
2026,combined,411,郑州升达经贸管理学院
2026,combined,412,沈阳农业大学
2026,combined,413,江汉大学
2026,combined,413,河北农业大学
2026,combined,415,阜阳师范大学
2026,combined,416,内蒙古师范大学
2026,combined,417,广西科技大学
2026,combined,418,内蒙古工业大学
2026,combined,419,澳门科技大学
2026,combined,419,湖北第二师范学院
2026,combined,421,潍坊学院
2026,combined,422,山东中医药大学
2026,combined,422,唐山学院
2026,combined,424,大连大学
2026,combined,425,哈尔滨商业大学
2026,combined,426,湖北师范大学
2026,combined,427,西安建筑科技大学
2026,combined,428,吉首大学
2026,combined,428,兰州理工大学
2026,combined,430,河北金融学院
2026,combined,431,杭州电子科技大学信息工程学院
2026,combined,432,山东石油化工学院
2026,combined,432,宁德师范学院
2026,combined,434,北京邮电大学世纪学院
2026,combined,434,南京理工大学泰州科技学院
2026,combined,436,江苏科技大学张家港校区
2026,combined,437,黑龙江八一农垦大学
2026,combined,437,江苏师范大学
2026,combined,439,重庆交通大学
2026,combined,439,哈尔滨理工大学威海校区
2026,combined,439,大连交通大学
2026,combined,442,黑龙江工程学院
2026,combined,442,沈阳航空航天大学
2026,combined,444,南宁师范大学
2026,combined,445,昆明学院
2026,combined,445,延安大学西安创新学院
2026,combined,447,莆田学院
2026,combined,448,宿州学院
2026,combined,448,长江师范学院
2026,combined,450,重庆文理学院
2026,combined,451,南京理工大学紫金学院
2026,combined,452,南京邮电大学通达学院
2026,combined,453,黄冈师范学院
2026,combined,454,梧州学院
2026,combined,455,福州工商学院
2026,combined,456,广州应用科技学院
2026,combined,457,四川大学锦江学院
2026,combined,458,电子科技大学成都学院
2026,combined,459,兰州交通大学
2026,combined,460,皖西学院
2026,combined,460,广西科技师范学院
2026,combined,462,武汉纺织大学外经贸学院
2026,combined,463,湖南科技学院
2026,combined,464,衢州职业技术学院
2026,combined,465,郑州航空工业管理学院
2026,combined,466,吉林农业科技学院
2026,combined,467,浙江传媒学院
2026,combined,468,广州新华学院
2026,combined,469,贵州民族大学
2026,combined,470,唐山师范学院
2026,combined,471,广州软件学院
2026,combined,472,北方民族大学
2026,combined,473,金陵科技学院
2026,combined,473,武汉软件工程职业学院
2026,combined,475,福建技术师范学院
2026,combined,476,浙江工业职业技术学院
2026,combined,477,昭通学院
2026,combined,478,广东轻工职业技术大学
2026,combined,479,绵阳城市学院
2026,combined,480,大连工程学院
2026,combined,481,安徽建筑大学
2026,combined,482,首都师范大学
2026,combined,483,龙岩学院
2026,combined,484,山东青年政治学院
2026,combined,485,上海对外经贸大学
2026,combined,486,贵州理工学院
2026,combined,487,广东外语外贸大学南国商学院
2026,combined,488,西安理工大学高科学院
2026,combined,489,吉林外国语大学
2026,combined,490,安徽财经大学
2026,combined,491,中国矿业大学徐海学院
2026,combined,491,江西科技学院
2026,combined,493,北京外国语大学
2026,combined,494,厦门大学嘉庚学院
2026,combined,495,重庆电子科技职业大学
2026,combined,496,济宁学院
2026,combined,497,贵州师范学院
2026,combined,498,青岛黄海学院
2026,combined,499,北华大学
2026,combined,500,大连海洋大学
2026,combined,501,辽宁工业大学
2026,combined,502,浙江工商大学杭州商学院
2026,combined,503,长春财经学院
2026,combined,504,湖北文理学院
2026,combined,505,南昌交通学院
2026,combined,506,皖南医科大学
2026,combined,506,石河子大学
2026,combined,508,江西服装学院
2026,combined,509,南昌航空大学科技学院
2026,combined,510,苏州职业技术大学
2026,combined,511,郑州西亚斯学院
2026,combined,512,温州肯恩大学
2026,combined,513,沈阳城市学院
2026,combined,514,武汉学院
2026,combined,515,海南比勒费尔德应用科学大学
2026,combined,516,西藏民族大学
2026,combined,517,河北工程技术学院
2026,combined,518,应急管理大学
2026,combined,519,深圳信息职业技术大学
2026,combined,520,黑河学院
2026,combined,521,湛江科技学院
2026,combined,522,辽宁工程技术大学
