season,site,team_id,school,team,members,official,girl,solved,penalty_minutes,official_rank,medal,medal_source
2022,xian,2099202211130001,安徽财经大学,目标 K 一题,庆启涛|张曼如|瞿宇康,1,0,2,595,469,,rule_10_20_30
2022,xian,2099202211130035,北京邮电大学,MeUmy 天下第一,张晏宁|祝梓毅|陈睿扬,0,0,5,202,,,rule_10_20_30
2022,xian,2099202211130036,北京邮电大学,六目相对,崔家瑞|罗毅锐|谢骞,0,0,7,641,,,rule_10_20_30
2022,xian,2099202211130037,北京邮电大学,三个诸葛亮不如臭裨将,李威|李永琰|江浩诚,0,0,4,703,,,rule_10_20_30
2022,xian,2099202211130038,北京邮电大学,三只蒟蒻,区庆亮|张天泽|王佳禾,1,0,8,654,25,gold,rule_10_20_30
2022,xian,2099202211130039,北京邮电大学,沙河摸鱼队,张志睿|王子骏|赵正阳,0,0,6,515,,,rule_10_20_30
2022,xian,2099202211130040,北京邮电大学,未响应,杨云逸|王鸣谦|许铎,1,0,6,826,216,bronze,rule_10_20_30
2022,xian,2099202211130041,北京邮电大学,野鸡大队,任飞|李知拙|鲍睿钊,1,0,8,758,30,gold,rule_10_20_30
2022,xian,2099202211130042,北京邮电大学,一起开车,丁健|李伟宏|洪宇彬,0,0,7,673,,,rule_10_20_30
2022,xian,2099202211130043,北京邮电大学,愿青龙在 ac 十道题后摸上一整天的鱼,张子阳|徐元程|蔡维翰,1,0,7,779,78,silver,rule_10_20_30
2022,xian,2099202211130056,电子科技大学,UESTC_404,廖子牧|张昕诺|钟著晖,1,0,7,771,76,silver,rule_10_20_30
2022,xian,2099202211130057,电子科技大学,UESTC_BetaCode,张能|李欣朋|汪语桐,0,0,7,538,,,rule_10_20_30
2022,xian,2099202211130058,电子科技大学,UESTC_Guest_WiFi,喻鹏云|弋竞为|朱铖昊,1,0,9,1284,18,gold,rule_10_20_30
2022,xian,2099202211130059,电子科技大学,UESTC_Iron_Medal,吴骏驰|徐以恒|李泽昊,1,0,6,527,132,silver,rule_10_20_30
2022,xian,2099202211130060,电子科技大学,UESTC_Reverse,王振波|郑力文|魏祥翰,1,0,6,440,117,silver,rule_10_20_30
2022,xian,2099202211130192,华南师范大学,扶戈威武士,甘一伟|郑子荣|陆锦浩,1,0,5,497,263,bronze,rule_10_20_30
2022,xian,2099202211130193,华南师范大学,华师小分队,李勉鑫|谢宇轩|骆城林,0,0,5,908,,,rule_10_20_30
2022,xian,2099202211130194,华南师范大学,天江行者,吴清源|覃梓鑫|黄一肯,1,0,6,736,197,bronze,rule_10_20_30
2022,xian,2099202211130195,华南师范大学,虾虎遨游直至 AC,袁子锋|陈嘉成|陈家骏,0,0,4,253,,,rule_10_20_30
2022,xian,2099202211130196,华南师范大学,重生之我是顺十字,周锐楷|朱家明|马晖凯,1,0,5,683,300,,rule_10_20_30
2022,xian,2099202211130282,青岛科技大学,day lily,张宝文|温智凯|马淑华,0,0,6,262,,,rule_10_20_30
2022,xian,2099202211130283,青岛科技大学,VOBEYAN,武伯龙|陈鸿博|靳知见,1,0,4,362,384,,rule_10_20_30
2022,xian,2099202211130284,青岛科技大学,风郁玖,刘方旭|朱睿杰|杨克迅,0,0,4,519,,,rule_10_20_30
2022,xian,2099202211130285,青岛科技大学,有为青年,于文凯|孙博奡|董博文,0,0,3,447,,,rule_10_20_30
2022,xian,2099202211130286,青岛科技大学,与或非,晋学锐|林海|陈德山,1,0,5,437,250,bronze,rule_10_20_30
2022,xian,2099202211130333,四川大学,刀削面的疲倦,叶佳一|杨欣渝|邓雍,1,0,8,1038,41,gold,rule_10_20_30
2022,xian,2099202211130334,四川大学,基本无害,李名骕|牛佳文|苏臻,0,0,7,388,,,rule_10_20_30
2022,xian,2099202211130335,四川大学,连个打印机看代码，求求了,周钰翔|罗鑫|韩子毅,0,0,6,622,,,rule_10_20_30
2022,xian,2099202211130336,四川大学,面向出题人暴力编程,丁国峰|丁宗康|胡展鹏,1,0,6,430,114,silver,rule_10_20_30
2022,xian,2099202211130337,四川大学,这种事绝对很奇怪啊,杨雨豪|楚博然|顾曦骏,1,0,7,530,48,silver,rule_10_20_30
2022,xian,2099202211130012,北京大学,cxk,张开泰|袁晓坤|陈伯轩,1,0,9,1421,19,gold,rule_10_20_30
2022,xian,2099202211130013,北京大学,摆烂人,冯施源|彭博|钱易,1,0,11,827,1,gold,rule_10_20_30
2022,xian,2099202211130014,北京大学,寄点自由,吴孟周|曹原|陈胤戬,1,0,9,960,15,gold,rule_10_20_30
2022,xian,2099202211130015,北京大学,我们队名叫啥啊,何劲范|叶博文|黄骏齐,1,0,9,807,9,gold,rule_10_20_30
2022,xian,2099202211130017,北京航空航天大学,大吉大利，今晚吃 mian();,刘佳睿|潘天蔚|郝泽钰,1,0,6,325,102,silver,rule_10_20_30
2022,xian,2099202211130018,北京航空航天大学,你今天摆烂了对不队,吕双羽|杨汭|石睿知,1,0,6,367,107,silver,rule_10_20_30
2022,xian,2099202211130019,北京航空航天大学,题题都队,张飘|王梓源|闫佳豪,1,0,6,752,203,bronze,rule_10_20_30
2022,xian,2099202211130020,北京航空航天大学,总之就是非常离谱,何庆扬|荆睿涛|鲁超杰,1,0,6,420,113,silver,rule_10_20_30
2022,xian,2099202211130026,北京理工大学,Nardack,孙瑞祥|王天泽|郑子帆,1,0,6,674,182,bronze,rule_10_20_30
2022,xian,2099202211130027,北京理工大学,凉心做题人,何骏|苗沂坤|高浩轩,1,0,7,775,77,silver,rule_10_20_30
2022,xian,2099202211130028,北京理工大学,去马车整点挂件,于瀚文|孙嘉珺|焦鹏屹,1,0,7,619,57,silver,rule_10_20_30
2022,xian,2099202211130029,北京理工大学,为什么你们这么熟练啊,廖嘉琦|张程|李坚辉,1,0,8,866,36,gold,rule_10_20_30
2022,xian,2099202211130031,北京师范大学,AC 滞动机,孙旭琪|陈志锐|黄一航,1,0,6,518,131,silver,rule_10_20_30
2022,xian,2099202211130032,北京师范大学,Solo,徐悦萱|林靖轩|赵子豪,1,0,6,644,172,bronze,rule_10_20_30
2022,xian,2099202211130033,北京师范大学,万恶木馬,温怡健|贺耀仪|高延子鹏,1,0,5,621,287,,rule_10_20_30
2022,xian,2099202211130034,北京师范大学,战吗战啊,卢皓宇|孟媛|赵建锟,1,0,4,574,421,,rule_10_20_30
2022,xian,2099202211130061,电子科技大学中山学院,牛肉干 2 队,张涛|赖宇峰|黄李达,0,0,5,413,,,rule_10_20_30
2022,xian,2099202211130062,电子科技大学中山学院,牛肉干 3 队,丁子涵|蔡远立|陈灿跃,0,0,4,257,,,rule_10_20_30
2022,xian,2099202211130063,电子科技大学中山学院,牛肉干 5 队,李汶博|林崇宪|樊洪源,1,0,4,269,350,,rule_10_20_30
2022,xian,2099202211130064,电子科技大学中山学院,牛肉干 6 队,彭炫瑜|杨嘉杰|陈晓志,1,0,4,329,375,,rule_10_20_30
2022,xian,2099202211130347,泰州学院,DSHZ,王诗蝉|符心怡|马晶晶,1,1,2,215,464,,rule_10_20_30
2022,xian,2099202211130348,泰州学院,黑桃 A,仲晓敏|倪杨燕|葛亚楠,0,1,0,0,,,rule_10_20_30
2022,xian,2099202211130349,泰州学院,陌客,刘康|朱佳成|王子豪,1,0,4,478,412,,rule_10_20_30
2022,xian,2099202211130350,泰州学院,如果去西安就看大雁塔,储柳凡|王会涛|苟俊,1,0,2,220,465,,rule_10_20_30
2022,xian,2099202211130351,泰州学院,物联网队,朱昊辰|段鹏|沈旭晨,1,0,3,496,452,,rule_10_20_30
2022,xian,2099202211130461,浙江师范大学,大摆锤,周子清|祝礼杭|赵欣雨,0,0,6,578,,,rule_10_20_30
2022,xian,2099202211130462,浙江师范大学,猫猫把妖怪抓走了,厉文浩|温启涛|蒋润浩,1,0,6,374,108,silver,rule_10_20_30
2022,xian,2099202211130463,浙江师范大学,你不是一个人,丁逸飞|郑依佳|陈骏鹏,1,0,6,793,212,bronze,rule_10_20_30
2022,xian,2099202211130464,浙江师范大学,贪心,吴铮|郑顺帆|黄彬成,1,0,7,959,92,silver,rule_10_20_30
2022,xian,2099202211130465,浙江师范大学,未定义的奇妙组织,兰博望|张嘉斌|童培峻,1,0,6,816,214,bronze,rule_10_20_30
2022,xian,2099202211130010,北华大学,人活着就是为了魈,叶鑫楠|杨佳乐|王旭,1,0,4,244,340,,rule_10_20_30
2022,xian,2099202211130011,北华大学,只因你太美,彭章泽|李军航|王振,1,0,4,212,330,,rule_10_20_30
2022,xian,2099202211130186,华南理工大学,间谍果胶胶,刘彦佐|白佳业|郭子尧,1,0,6,569,148,bronze,rule_10_20_30
2022,xian,2099202211130187,华南理工大学,胖头鱼头胖,冼昊明|李珲|钱晨炼,1,0,8,760,32,gold,rule_10_20_30
2022,xian,2099202211130188,华南理工大学,我的 AC 方法果然有问题,尹广皓|张闻杰|谢锴东,1,0,5,627,289,,rule_10_20_30
2022,xian,2099202211130189,华南理工大学,希望能队,冯梓扬|彭彦童|欧阳凯,1,0,4,467,411,,rule_10_20_30
2022,xian,2099202211130205,吉林大学,H-Z-J 树,蒋致欧|郑佳策|黄哲霖,1,0,5,726,304,,rule_10_20_30
2022,xian,2099202211130206,吉林大学,Nan 上加 Nan,周宇恒|方涵斌|李祯浩,1,0,8,825,35,gold,rule_10_20_30
2022,xian,2099202211130207,吉林大学,天行,祝永祺|陈瀚|高钧,1,0,7,692,68,silver,rule_10_20_30
2022,xian,2099202211130208,吉林大学,一个王带俩二,孔泉智|涂嘉一|马维龙,0,0,5,461,,,rule_10_20_30
2022,xian,2099202211130244,南京大学,菜茎合作社,柴浩天|贺柄毓|陈荣锴,1,0,7,637,62,silver,rule_10_20_30
2022,xian,2099202211130245,南京大学,林间雨月,林朗|胡皓明|邓振霄,1,0,6,540,136,silver,rule_10_20_30
2022,xian,2099202211130246,南京大学,六只手都在摸鱼,刘响|王宇峣|陈政弛,1,0,9,906,12,gold,rule_10_20_30
2022,xian,2099202211130247,南京大学,圆狗后援团,孙源泽|陈佳庚|陈思翔,1,0,7,626,59,silver,rule_10_20_30
2022,xian,2099202211130249,南京航空航天大学,林克时间,刘明杰|袁尔杭|陈泓谙,1,0,4,141,312,,rule_10_20_30
2022,xian,2099202211130250,南京航空航天大学,愚人众第十二席,刘昊文|周栎|谢雨奇,1,0,6,630,169,bronze,rule_10_20_30
2022,xian,2099202211130251,南京航空航天大学,在 ICPC 中寻求 WA 并没有搞错什么,岑嘉诚|李亚宁|钱品亦,1,0,6,647,174,bronze,rule_10_20_30
2022,xian,2099202211130252,南京航空航天大学,这是一个正经队名,林龙河|陈岩|陈秋宇,1,0,4,584,423,,rule_10_20_30
2022,xian,2099202211130262,南京邮电大学,今天跑完 2000 米吗,吴政|肖鸿|陆晓琦,1,0,6,749,202,bronze,rule_10_20_30
2022,xian,2099202211130263,南京邮电大学,究竟怎么会是呢？,何乐晗|赵一舟|陈以信,1,0,8,758,30,gold,rule_10_20_30
2022,xian,2099202211130264,南京邮电大学,无限远点,向韫韬|蒋明辉|蔡永吉,1,0,5,429,248,bronze,rule_10_20_30
2022,xian,2099202211130265,南京邮电大学,拯救世界可太有趣辣,张帅青|蔡振川|金益凡,1,0,6,595,154,bronze,rule_10_20_30
2022,xian,2099202211130278,青岛大学,队长考桂电落榜了,孙浩宇|布文东|李国聪,1,0,6,712,194,bronze,rule_10_20_30
2022,xian,2099202211130279,青岛大学,老番茄粉,李国良|李坤熹|董洋,1,0,6,670,181,bronze,rule_10_20_30
2022,xian,2099202211130280,青岛大学,猫猫烧烤师粉丝后援团,林梦森|祝奕骏|谷永禾,1,0,4,239,338,,rule_10_20_30
2022,xian,2099202211130281,青岛大学,亚洲猫猫虫,刘乐鹏|毛聿麒|董亚洲,1,0,7,694,70,silver,rule_10_20_30
2022,xian,2099202211130287,清华大学,带我去月球,丁杭亮|徐哲安|陈立言,1,0,9,682,5,gold,rule_10_20_30
2022,xian,2099202211130288,清华大学,前路会与过往不同,王泽远|陈亮舟|魏衍芃,1,0,9,706,6,gold,rule_10_20_30
2022,xian,2099202211130289,清华大学,退役菜鸡纯送,叶昊星|徐嘉浩|王文铎,1,0,8,942,38,gold,rule_10_20_30
2022,xian,2099202211130290,清华大学,这次不会再 UB 了,张艺缤|杨耀良|迟凯文,1,0,8,490,20,gold,rule_10_20_30
2022,xian,2099202211130021,北京化工大学,全网认证唯一菜狗,付晓|徐文博|薛墨寒,1,0,6,874,221,bronze,rule_10_20_30
2022,xian,2099202211130022,北京化工大学,三人两伞,曾梓勋|梁凯星|洪枢适,0,0,5,287,,,rule_10_20_30
2022,xian,2099202211130298,山东大学,LCS,刘向斌|褚瑞凡|邵宇辰,1,0,6,533,133,silver,rule_10_20_30
2022,xian,2099202211130299,山东大学,黄金滋嘣狗,许蕴朴|郭子健|韩雨辰,0,0,8,1009,,,rule_10_20_30
2022,xian,2099202211130300,山东大学,三人行,张文静|王博|陈萌,1,0,5,484,260,bronze,rule_10_20_30
2022,xian,2099202211130301,山东大学,四小时下班,张炳琪|王天竹|禚安垣,1,0,8,949,39,gold,rule_10_20_30
2022,xian,2099202211130315,上海大学,搜铺,易兰萱|谢奕|连昊宇,1,0,7,1016,94,silver,rule_10_20_30
2022,xian,2099202211130316,上海大学,我都可以！,吕定巍|周济宸|陈柳莹,1,0,5,626,288,,rule_10_20_30
2022,xian,2099202211130317,上海大学,以上,吴凡|周子竣|贺新宇,1,0,4,428,398,,rule_10_20_30
2022,xian,2099202211130318,上海大学,玉兰花开,康高熙|李梓航|王静颐,1,0,7,818,81,silver,rule_10_20_30
2022,xian,2099202211130338,苏州大学,DFS,孙家扬|尹邓阳|范子铃,1,0,4,354,380,,rule_10_20_30
2022,xian,2099202211130339,苏州大学,GHC,陈晨|黄奕程|龚烨,0,0,4,187,,,rule_10_20_30
2022,xian,2099202211130340,苏州大学,金闪闪,周进一|肖锦嗣|韩则进,1,0,8,731,29,gold,rule_10_20_30
2022,xian,2099202211130341,苏州大学,驯服流星,杨哲元|柯骅|陈夫瑞,1,0,5,344,234,bronze,rule_10_20_30
2022,xian,2099202211130375,西安电子科技大学,剑指艾斯十二,吴海怿|王昱晨|许志鹏,1,0,5,526,270,bronze,rule_10_20_30
2022,xian,2099202211130376,西安电子科技大学,老人与 AC,柴东辰|王孟晞|陈德创,1,0,7,981,93,silver,rule_10_20_30
2022,xian,2099202211130377,西安电子科技大学,乱码小飞船,刘焕宇|汪文轩|陶天乐,1,0,6,410,111,silver,rule_10_20_30
2022,xian,2099202211130378,西安电子科技大学,小孩看到鬼,任秦含|王则清|祝经杭,1,0,6,578,152,bronze,rule_10_20_30
2022,xian,2099202211130389,西北工业大学,xhy 粉丝团,刘伟业|吴优|郝春博,1,0,5,696,301,,rule_10_20_30
2022,xian,2099202211130390,西北工业大学,翱翔西瓜队,吴茂佳|陈仕轩|高近书,1,0,5,438,252,bronze,rule_10_20_30
2022,xian,2099202211130391,西北工业大学,随便吧啥也不会,王一帆|罗强|马志翔,1,0,6,777,209,bronze,rule_10_20_30
2022,xian,2099202211130392,西北工业大学,只能说，啊，该摸了,徐浩洋|汪梁森|管孙笛,0,0,7,791,,,rule_10_20_30
2022,xian,2099202211130393,西北农林科技大学,飞鱼在努力,刘超宇|刘飞裕|易达,0,0,3,150,,,rule_10_20_30
2022,xian,2099202211130394,西北农林科技大学,三 A 大坐,单豪杰|林羽泽|祝涛,1,0,5,562,277,bronze,rule_10_20_30
2022,xian,2099202211130395,西北农林科技大学,下次一定换个二次元队名,王明栋|蔡祺峰|龚城圩,1,0,6,848,219,bronze,rule_10_20_30
2022,xian,2099202211130396,西北农林科技大学,先闭眼暴力一发,寻真|李慕晗|沈泉宏,0,0,5,430,,,rule_10_20_30
2022,xian,2099202211130403,西南民族大学,刚三,潘浩霖|胡一铭|龙海韬,0,0,5,747,,,rule_10_20_30
2022,xian,2099202211130404,西南民族大学,嘉然，只因你太美,刘家乐|张珺开|李锐,1,0,6,289,100,silver,rule_10_20_30
2022,xian,2099202211130405,西南民族大学,什么时候不打星什么时候改队名,杨子麒|谭剑宇|邓铠蓝,1,0,3,554,458,,rule_10_20_30
2022,xian,2099202211130406,西南民族大学,汪汪队,关桦楠|向敏|陈晓露,1,1,2,140,461,,rule_10_20_30
2022,xian,2099202211130002,安徽大学,OVERDOSE,张云飞|陈子安|高远航,1,0,6,542,138,silver,rule_10_20_30
2022,xian,2099202211130003,安徽大学,常见傅里叶变换队,徐麟|邵红坤|韩泓晟,1,0,5,1042,311,,rule_10_20_30
2022,xian,2099202211130004,安徽大学,融合巨怪,李骋|罗欣然|闵烁,1,0,8,566,23,gold,rule_10_20_30
2022,xian,2099202211130023,北京交通大学,杰哥不要啊,吴忠权|孙齐|谢钊杰,1,0,6,510,128,silver,rule_10_20_30
2022,xian,2099202211130024,北京交通大学,你说的都队,周荣智|王纪元|鲁晓曼,1,0,5,840,308,,rule_10_20_30
2022,xian,2099202211130025,北京交通大学,相遇天使,杨佳昊|邓人嘉|金恒柘,1,0,6,276,98,silver,rule_10_20_30
2022,xian,2099202211130428,长春理工大学,CUST 长三角校区,俞凯元|周璨|竺驰峰,1,0,6,736,197,bronze,rule_10_20_30
2022,xian,2099202211130429,长春理工大学,繁星,姚祥辉|潘奕霖|陈奕帆,0,0,5,458,,,rule_10_20_30
2022,xian,2099202211130430,长春理工大学,龙神神龙,任鑫|铁博文|魏龙飞,0,0,6,711,,,rule_10_20_30
2022,xian,2099202211130431,长春理工大学,一次就好,周泊宇|王大睿|郝良友,1,0,8,1109,43,gold,rule_10_20_30
2022,xian,2099202211130444,浙江工商大学,大红大紫,王晨杰|魏道|黄文豪,0,0,6,576,,,rule_10_20_30
2022,xian,2099202211130445,浙江工商大学,黑巧不苦,孙梦思|胡晨瑜|袁嘉,0,1,3,192,,,rule_10_20_30
2022,xian,2099202211130446,浙江工商大学,猫猫二百五,张殷杰|郭宇航|韩帅彪,1,0,6,638,170,bronze,rule_10_20_30
2022,xian,2099202211130447,浙江工商大学,猫猫滚脸,何天益|俞飞洋|汤英杰,1,0,8,814,34,gold,rule_10_20_30
2022,xian,2099202211130448,浙江工业大学,ZJUT10,杨若童|苏雨钦|高钰峰,1,0,6,676,183,bronze,rule_10_20_30
2022,xian,2099202211130449,浙江工业大学,ZJUT13,张锦鸿|蒋瑞丰|陈信言,1,0,4,354,380,,rule_10_20_30
2022,xian,2099202211130450,浙江工业大学,才思泉涌,张盛|蔡凯玮|黄陈兆鋆,1,0,7,578,50,silver,rule_10_20_30
2022,xian,2099202211130451,浙江工业大学,下岗再就业,吴雨轩|王浩名|陈尧,1,0,6,707,192,bronze,rule_10_20_30
2022,xian,2099202211130477,中北大学,Thornbush,冯奕铭|李吉祥|陈利鑫,1,0,6,646,173,bronze,rule_10_20_30
2022,xian,2099202211130478,中北大学,起名真麻烦,张纭昌|王任钰|范展诚,0,0,5,264,,,rule_10_20_30
2022,xian,2099202211130479,中北大学,天辰破晓,杨舒溶|王睿博|秦乐朋,0,0,6,677,,,rule_10_20_30
2022,xian,2099202211130480,中北大学,芝士 DJ,刘嘉华|方杰|程子昊,1,0,4,224,334,,rule_10_20_30
2022,xian,2099202211130491,中国科学技术大学,罚时要罚到无穷,丁子尧|吕泽龙|张天,1,0,9,871,10,gold,rule_10_20_30
2022,xian,2099202211130492,中国科学技术大学,闷声大发财,吕思源|杨岳|许可,1,0,6,653,176,bronze,rule_10_20_30
2022,xian,2099202211130493,中国科学技术大学,丝路市西套村代表队,吴开元|周翟恩和|洪文杰,1,0,9,904,11,gold,rule_10_20_30
2022,xian,2099202211130494,中国科学技术大学,愿天堂没有计算几何,周瓯翔|方驰正|陈卫星,1,0,9,926,14,gold,rule_10_20_30
2022,xian,2099202211130511,中山大学,中山大学 - 版本之子,梁梓豪|罗以彬|陈银超,1,0,8,708,28,gold,rule_10_20_30
2022,xian,2099202211130512,中山大学,中山大学 - 精神错乱,冯嘉乐|张彦博|谢泽辉,1,0,8,1031,40,gold,rule_10_20_30
2022,xian,2099202211130513,中山大学,中山大学 - 破败军团,姚敏清|彭泽铭|郑海俊,1,0,6,576,151,bronze,rule_10_20_30
2022,xian,2099202211130514,中山大学,中山大学 - 完结撒花,叶汇亘|梁励|牛彦栋,1,0,7,605,56,silver,rule_10_20_30
2022,xian,2099202211130522,山东科技大学（泰安校区）,完了全 WA 了,宋宇轩|袁恩宁|袁梓尧,1,0,2,200,463,,rule_10_20_30
2022,xian,2099202211130053,大连理工大学,我要做纳西妲的编译器,张思凡|袁振|闫希良,1,0,5,356,236,bronze,rule_10_20_30
2022,xian,2099202211130054,大连理工大学,想队名好难啊,丁瑞|李东|黄千骏,1,0,4,317,371,,rule_10_20_30
2022,xian,2099202211130055,大连理工大学,暂无名,夏鸿康|李胤驰|陈常杰,1,0,9,1117,17,gold,rule_10_20_30
2022,xian,2099202211130074,东北师范大学,极光,曾令树|胡潇|陈胤儒,1,0,4,422,396,,rule_10_20_30
2022,xian,2099202211130075,东北师范大学,镜花水月,戴文杰|王世茂|贺金龙,1,0,4,389,391,,rule_10_20_30
2022,xian,2099202211130076,东北师范大学,希格斯玻色子,吴越洋|张影|张沛毅,1,0,6,603,159,bronze,rule_10_20_30
2022,xian,2099202211130077,东华大学,陈晓剑舞,孙逸凡|李玟剑|郭旭阳,1,0,3,193,436,,rule_10_20_30
2022,xian,2099202211130078,东华大学,大 2.76 陪跑队,方源|潘有升|马千瑜,1,0,5,656,298,,rule_10_20_30
2022,xian,2099202211130079,东华大学,鸽子咕咕咕,傅奕宸|李虹宇|赵伯远,1,0,4,440,405,,rule_10_20_30
2022,xian,2099202211130089,福州大学,东北饺子馆,丁凌烁|王奕然|邓宇凡,1,0,9,1043,16,gold,rule_10_20_30
2022,xian,2099202211130090,福州大学,我队友什么时候上紫捏,傅安|李哲|黄腾,1,0,6,540,136,silver,rule_10_20_30
2022,xian,2099202211130091,福州大学,一支队伍,叶海鹏|方承锐|林奕鑫,1,0,4,355,382,,rule_10_20_30
2022,xian,2099202211130112,国防科技大学,比昂比昂面真好吃,朱鹏志|王圣铭|田益硕,1,0,3,247,442,,rule_10_20_30
2022,xian,2099202211130113,国防科技大学,线代做的都队,刘宇林|程星桦|苏弘烨,1,0,6,484,124,silver,rule_10_20_30
2022,xian,2099202211130114,国防科技大学,自然选择号,亢世嘉|吴佳英|左传奇,1,0,8,872,37,gold,rule_10_20_30
2022,xian,2099202211130115,哈尔滨工程大学,HH 后援同好会,刘书羽|李林轩|胡晗,1,0,5,370,239,bronze,rule_10_20_30
2022,xian,2099202211130116,哈尔滨工程大学,队友在考科目二,李在熙|欧阳慧|罗仕玮,1,0,6,434,115,silver,rule_10_20_30
2022,xian,2099202211130117,哈尔滨工程大学,下北泽沼气动力学园学园偶像同好会兼恋恋的信仰者教团改二,彭金浩|徐子涵|王昊宇,1,0,8,511,21,gold,rule_10_20_30
2022,xian,2099202211130118,哈尔滨工业大学,搬起石头砸自己的脚,刘宇哲|胡罡沣|谢明东,1,0,7,889,87,silver,rule_10_20_30
2022,xian,2099202211130119,哈尔滨工业大学,明日夜空哨戒班,徐琬|王子恺|王梓尧,1,0,7,595,54,silver,rule_10_20_30
2022,xian,2099202211130120,哈尔滨工业大学,上海紅茶館,张子扬|曲天元|赵育恒,1,0,7,588,52,silver,rule_10_20_30
2022,xian,2099202211130121,哈尔滨工业大学（深圳）,全都做不队,朱易峰|郑旭涛|黄奕翔,1,0,6,285,99,silver,rule_10_20_30
2022,xian,2099202211130122,哈尔滨工业大学（深圳）,删库跑路,任秦江|卢郡然|梁珊,1,0,7,454,46,gold,rule_10_20_30
2022,xian,2099202211130123,哈尔滨工业大学（深圳）,问就是你队,孙宇开|羊柯伍|陈宇轩,1,0,8,692,27,gold,rule_10_20_30
2022,xian,2099202211130149,河海大学,Akers,刘洋|张宇|黄兆彬,1,0,7,860,85,silver,rule_10_20_30
2022,xian,2099202211130150,河海大学,打了好多次西安站了,张星宇|王银霜|郭校廷,1,0,6,733,196,bronze,rule_10_20_30
2022,xian,2099202211130151,河海大学,肉蛋葱鸡,刘秉鑫|栾昊霖|陈奕涵,1,0,6,737,199,bronze,rule_10_20_30
2022,xian,2099202211130179,湖州师范学院,不带电脑队,吴泽涛|谭中正|钱越敏,0,0,6,637,,,rule_10_20_30
2022,xian,2099202211130180,湖州师范学院,不会 rap 的哀鲲们,周航圣|张廉仕|贺鹏翔,0,0,2,171,,,rule_10_20_30
2022,xian,2099202211130181,湖州师范学院,寄寄棒,励濠漩|叶紫琼|牛佳佳,1,0,2,160,462,,rule_10_20_30
2022,xian,2099202211130521,齐鲁工业大学（山东省科学院）,济你太美,张宇豪|张席畅|李昊坤,1,0,5,394,243,bronze,rule_10_20_30
2022,xian,2099202211130197,华中科技大学,team038,刘昕|刘祖泰|马承宇,1,0,6,395,110,silver,rule_10_20_30
2022,xian,2099202211130198,华中科技大学,V 我 50 就,李韦成|杨治|金城根,1,0,6,459,121,silver,rule_10_20_30
2022,xian,2099202211130199,华中科技大学,偏远小渔村传统弱校,李明翰|李根|陈贤坤,1,0,8,1073,42,gold,rule_10_20_30
2022,xian,2099202211130201,华中师范大学,可少看点二次元 8.jpg,张从政|陈屹群|黄青林,1,0,4,174,319,,rule_10_20_30
2022,xian,2099202211130202,华中师范大学,为了梦想,刘耀威|张国涛|杨泽坤,1,0,6,565,147,bronze,rule_10_20_30
2022,xian,2099202211130203,华中师范大学,樱吹雪,郭语|陈程|黄泓森,1,0,6,628,168,bronze,rule_10_20_30
2022,xian,2099202211130212,暨南大学,什么捏？,刘泰极|王子峻|陈沛恩,1,0,4,216,331,,rule_10_20_30
2022,xian,2099202211130213,暨南大学,速攻同调士,莫祖祥|许文豪|阮炜霖,1,0,6,701,191,bronze,rule_10_20_30
2022,xian,2099202211130214,暨南大学,追追光者者,周祝涛|李安宁|陈梓聪,1,0,4,292,362,,rule_10_20_30
2022,xian,2099202211130227,兰州大学,哈喽沃德 123,王岩松|韩明晓|黄逸昕,1,0,3,610,459,,rule_10_20_30
2022,xian,2099202211130228,兰州大学,我真不会取名啊,张恩彬|曾志亮|连浩鸣,1,0,6,824,215,bronze,rule_10_20_30
2022,xian,2099202211130229,兰州大学,真没睡,李大源|李文凯|水源,1,0,7,941,90,silver,rule_10_20_30
2022,xian,2099202211130230,乐山师范学院,代码全敲队,吴志杰|唐杨|苏海东,1,0,6,1011,228,bronze,rule_10_20_30
2022,xian,2099202211130231,乐山师范学院,乐山大佛保佑我,吕孟霖|周猛|李汶涛,1,0,5,628,290,,rule_10_20_30
2022,xian,2099202211130232,乐山师范学院,我的罚时在你之上,姜涛|崔伟浩|覃彦,0,0,5,510,,,rule_10_20_30
2022,xian,2099202211130240,南方科技大学,南方科技大学 - 凡尔赛,孙开轩|张嘉妤|肖佳辰,1,0,7,757,73,silver,rule_10_20_30
2022,xian,2099202211130241,南方科技大学,南方科技大学 - 图卢兹,孔繁初|李开|王德涵,1,0,7,544,49,silver,rule_10_20_30
2022,xian,2099202211130242,南方科技大学,南方科技大学 - 维希,李浩宇|洪朝阳|陈璐瑶,1,0,9,742,7,gold,rule_10_20_30
2022,xian,2099202211130253,南京理工大学,积木森林,代领|叶顺龙|石旭,1,0,4,241,339,,rule_10_20_30
2022,xian,2099202211130254,南京理工大学,猫猫头没有头,何丰辰|张悦熠|王一萌,1,0,6,608,160,bronze,rule_10_20_30
2022,xian,2099202211130255,南京理工大学,头猫猫猫头,张行|王俊鑫|邓谢喆,1,0,5,536,272,bronze,rule_10_20_30
2022,xian,2099202211130257,南京晓庄学院,明年本升小,单宇星|李志斌|胡颖,1,0,4,550,416,,rule_10_20_30
2022,xian,2099202211130258,南京晓庄学院,情字何解怎落笔都不对*,聂圣杰|陈玥|顾子妍,0,0,2,74,,,rule_10_20_30
2022,xian,2099202211130259,南京晓庄学院,这个队没有名字,张权|洪湘雪|王子越,1,0,4,341,377,,rule_10_20_30
2022,xian,2099202211130270,宁波大学,reincarnation,林成峰|梁航锋|赵瑞杰,0,0,5,448,,,rule_10_20_30
2022,xian,2099202211130271,宁波大学,霁,余涛|程亚玮|黄雨彤,1,0,4,158,317,,rule_10_20_30
2022,xian,2099202211130272,宁波大学,演员小队,吴凯晟|胡值闻|蒋轶波,1,0,4,247,341,,rule_10_20_30
2022,xian,2099202211130305,山东科技大学,爱因斯坦号,唐宇飞|姜函宋|岳立冬,1,0,3,162,432,,rule_10_20_30
2022,xian,2099202211130306,山东科技大学,奥德赛号,李庆振|温泽睿|赵紫城,1,0,3,495,451,,rule_10_20_30
2022,xian,2099202211130307,山东科技大学,戈达德号,孙梦瑜|张欣若|王兴宇,1,0,3,231,440,,rule_10_20_30
2022,xian,2099202211130520,华北电力大学（北京）,ncepu_Xian_001,乔守蓬|张政势|李想,1,0,6,543,139,silver,rule_10_20_30
2022,xian,2099202211130326,深圳大学,SZU_Tarjan,刘仟华|苏嘉淇|钟兆雄,1,0,7,1120,96,silver,rule_10_20_30
2022,xian,2099202211130327,深圳大学,SZU_Tencent,何元捷|刘逸飞|陈天行,0,0,6,325,,,rule_10_20_30
2022,xian,2099202211130328,深圳大学,SZU_YanranLee,许彦婷|郑杨|陈敏涵,1,0,5,481,259,bronze,rule_10_20_30
2022,xian,2099202211130352,天津大学,布莱克,温梓昕|王扬翰|陈市,1,0,4,466,410,,rule_10_20_30
2022,xian,2099202211130353,天津大学,文化先和初中生同步,张博凯|杜鼎勋|谢天驰,1,0,9,911,13,gold,rule_10_20_30
2022,xian,2099202211130354,天津大学,这下子可 AK 了,夏鹏|王子悦|石珂安,1,0,3,397,448,,rule_10_20_30
2022,xian,2099202211130358,同济大学,可燃冰,吕博文|彭兆祥|杨非凡,1,0,6,502,125,silver,rule_10_20_30
2022,xian,2099202211130359,同济大学,同寄,任喆轩|朱申哲|栾佳浩,1,0,6,803,213,bronze,rule_10_20_30
2022,xian,2099202211130360,同济大学,无紫不行,张翔|王铭邦|雒俊为,1,0,6,474,123,silver,rule_10_20_30
2022,xian,2099202211130363,武汉大学,放学后茶会,于丰林|张弛|郑寒友,1,0,7,594,53,silver,rule_10_20_30
2022,xian,2099202211130364,武汉大学,毛毛虫果冻？,林锟扬|王一言|许浩阳,1,0,6,617,164,bronze,rule_10_20_30
2022,xian,2099202211130365,武汉大学,我会自己写代码,卢凯宾|水熙锐|谷嘉良,1,0,7,744,72,silver,rule_10_20_30
2022,xian,2099202211130370,武汉理工大学,不会计数怎么办,奚兆阳|徐亚萌|罗越,1,0,7,620,58,silver,rule_10_20_30
2022,xian,2099202211130371,武汉理工大学,南湖打铁王,张逸敏|林玮琦|秦雨祥,1,0,4,205,328,,rule_10_20_30
2022,xian,2099202211130372,武汉理工大学,树上猫猫虫,易琢然|赵家荣|闫卢昊,1,0,9,784,8,gold,rule_10_20_30
2022,xian,2099202211130381,西安理工大学,二进制文豪,刘建军|刘治楷|贾成杰,1,0,2,247,466,,rule_10_20_30
2022,xian,2099202211130382,西安理工大学,感受一下比赛氛围,刘元涛|张佳成|张逸飞,1,0,3,537,457,,rule_10_20_30
2022,xian,2099202211130383,西安理工大学,神秘的力量,王颢焓|胡沛玮|马铭源,1,0,5,479,258,bronze,rule_10_20_30
2022,xian,2099202211130409,香港中文大学（深圳）,ICPC 摆大烂,程思浩|金德容|陈建文,1,0,5,574,280,bronze,rule_10_20_30
2022,xian,2099202211130410,香港中文大学（深圳）,别人 AK 我们只因,刘戴乐|康泽煊|邵辰航,1,0,5,463,255,bronze,rule_10_20_30
2022,xian,2099202211130411,香港中文大学（深圳）,不会起名字,施若暄|潘婕|董如暄,1,1,4,270,351,,rule_10_20_30
2022,xian,2099202211130412,湘潭大学,恶龙骑士,丁奥丞|夏楠林|郑灵欣,1,0,4,183,322,,rule_10_20_30
2022,xian,2099202211130413,湘潭大学,人不熬夜就不会熬夜,万鑫|罗旺|谷杰,1,0,5,717,303,,rule_10_20_30
2022,xian,2099202211130414,湘潭大学,三只小猪,万康|何恺|曾庆鑫,1,0,6,696,190,bronze,rule_10_20_30
2022,xian,2099202211130441,浙江大学,燃烧的番茄,俞枳枰|曹洋|赵龙庆,1,0,6,678,184,bronze,rule_10_20_30
2022,xian,2099202211130442,浙江大学,虚空之梦,彭博|褚写庭|陈逸,1,0,10,643,2,gold,rule_10_20_30
2022,xian,2099202211130443,浙江大学,幽灵门槛,唐嘉辰|李昌栋|黎伟诺,1,0,10,1014,3,gold,rule_10_20_30
2022,xian,2099202211130454,浙江理工大学,飞飞,徐波|朱鑫鑫|薛淞尹,1,0,6,559,146,bronze,rule_10_20_30
2022,xian,2099202211130455,浙江理工大学,海超人大洋游侠和隐形船,宁宇浩|王显龙|邱天,1,0,6,558,145,bronze,rule_10_20_30
2022,xian,2099202211130456,浙江理工大学,邪王真眼是最强的,俞璐瑶|庄志宽|陈颖豪,1,0,4,365,386,,rule_10_20_30
2022,xian,2099202211130515,中原工学院,wa 了，但没完全 wa,叶宇恒|程远哲|蔡敬斌,1,0,5,392,242,bronze,rule_10_20_30
2022,xian,2099202211130044,常熟理工学院,肉夹肉夹馍 plus,姚康政|常博豪|徐柔,1,0,6,363,106,silver,rule_10_20_30
2022,xian,2099202211130045,常熟理工学院,学姐让咱们周二之前想好队名,金豪楠|陶孟然|黄伟佳,1,0,4,695,427,,rule_10_20_30
2022,xian,2099202211130047,成都理工大学,龙专欢迎你,代乐顺|刘奕俊|雷笙达,1,0,4,181,321,,rule_10_20_30
2022,xian,2099202211130048,成都理工大学,无问,廖智|段瑞涛|陈嘉怡,1,0,5,550,274,bronze,rule_10_20_30
2022,xian,2099202211130049,成都信息工程大学,素键指韵,于天骄|张睿驰|李江平,1,0,4,146,313,,rule_10_20_30
2022,xian,2099202211130050,成都信息工程大学,与美少女的贴贴日常,徐世豪|沈祐正|王童,1,0,6,622,165,bronze,rule_10_20_30
2022,xian,2099202211130457,浙江农林大学,金牌菜鸟,叶露仁|姜逸辉|陈昱帆,1,0,5,309,231,bronze,rule_10_20_30
2022,xian,2099202211130458,浙江农林大学,两眼花花乱蛙一通,官洪林|沈杨阳|龚文强,1,0,5,454,253,bronze,rule_10_20_30
2022,xian,2099202211130459,浙江农林大学,这个彬彬交题超勇的 jb want to ac,倪铂涵|朱蕴仪|王健彬,1,0,6,438,116,silver,rule_10_20_30
2022,xian,2099202211130471,郑州大学,疯寝队,周舟|朱博文|牛靖博,1,0,0,0,471,,rule_10_20_30
2022,xian,2099202211130472,郑州大学,锐刻五队,张欣源|王建文|闫家航,1,0,0,0,471,,rule_10_20_30
2022,xian,2099202211130473,郑州大学,试锋组,兰家赫|王志宇|谢天贵,1,0,0,0,471,,rule_10_20_30
2022,xian,2099202211130474,郑州轻工业大学,分个序，排个块,孙泽国|张一泽|王家琪,1,0,6,509,127,silver,rule_10_20_30
2022,xian,2099202211130475,郑州轻工业大学,莫比乌斯反演队友,刘泽辰|赵永斌|郑皓阳,1,0,5,433,249,bronze,rule_10_20_30
2022,xian,2099202211130476,郑州轻工业大学,终而复始,刘滨豪|刘赵东|谷帅昊,1,0,5,487,262,bronze,rule_10_20_30
2022,xian,2099202211130482,中国地质大学（北京）,223,余明辉|汤家逸|田孟琦,1,0,3,311,445,,rule_10_20_30
2022,xian,2099202211130483,中国地质大学（北京）,肆零肆,刘锦程|易晨竹|黄恺瑞,1,0,6,465,122,silver,rule_10_20_30
2022,xian,2099202211130484,中国地质大学（北京）,为美好的世界献上祝福！,姚顺玙|曹胜华|王宁,1,0,6,255,97,silver,rule_10_20_30
2022,xian,2099202211130485,中国地质大学（武汉）,WA 自动只因,孟华龙|张家晨|潘敖,1,0,4,389,391,,rule_10_20_30
2022,xian,2099202211130486,中国地质大学（武汉）,卷摆二象性,张桄玮|赵传成|陈子阳,1,0,4,461,408,,rule_10_20_30
2022,xian,2099202211130487,中国地质大学（武汉）,路人选手的 WA 题方法,朱瑞东|李诏天|葛昊,1,0,3,501,454,,rule_10_20_30
2022,xian,2099202211130497,中国矿业大学（北京）,队长一人顶仨队,史坪巧|张泽豪|高晨莹,1,0,7,1029,95,silver,rule_10_20_30
2022,xian,2099202211130498,中国民航大学,你行不行啊，细狗,孔子豪|曹乃川|田振旭,0,0,3,275,,,rule_10_20_30
2022,xian,2099202211130499,中国民航大学,无问西东,傅一笑|刘家宁|饶恒,1,0,7,692,68,silver,rule_10_20_30
2022,xian,2099202211130500,中国民航大学,追光者,冉桐|崔天宇|王浩博,0,0,4,165,,,rule_10_20_30
2022,xian,2099202211130503,中国石油大学（华东）,冰泮北徂,孙镭铭|宁健|谢晨阳,1,0,5,632,294,,rule_10_20_30
2022,xian,2099202211130504,中国石油大学（华东）,签到题判题机,上官佳恩|刘晋博|戚贝宁,1,0,4,396,394,,rule_10_20_30
2022,xian,2099202211130505,中国石油大学（华东）,中华鲟,刘德雨|唐喜|陈冠融,1,0,4,564,418,,rule_10_20_30
2022,xian,2099202211130506,中南大学,T-34,叶则杨|李松佑|谭宇豪,1,0,7,648,66,silver,rule_10_20_30
2022,xian,2099202211130507,中南大学,摸鱼自动机,周霄羽|张皓然|黄道煜,1,0,7,644,65,silver,rule_10_20_30
2022,xian,2099202211130508,中南大学,三菜没汤,何晨|刘翊|祖淩铠,1,0,8,1119,44,gold,rule_10_20_30
2022,xian,2099202211130069,东北大学秦皇岛分校,bug 都改队,冯鼎容|曹怡明|曹立菲,1,0,6,708,193,bronze,rule_10_20_30
2022,xian,2099202211130070,东北大学秦皇岛分校,升空的奖牌，从台下看还是台上看？,刘琛|胡鸿捷|袁茂恒,1,0,6,440,117,silver,rule_10_20_30
2022,xian,2099202211130072,东北农业大学,以下队名无效 405 BAD WAY,刘纳川|朱秀滨|黄铎,1,0,6,949,226,bronze,rule_10_20_30
2022,xian,2099202211130073,东北农业大学,转生成为异世界泥头车司机～关于把勇者创回地球的事，然后与变成美少女的队友一起冒险,纪昱彤|谢客渊|陈优,1,0,6,788,211,bronze,rule_10_20_30
2022,xian,2099202211130087,福建师范大学,三进制赛博动物园,叶继禹|洪雅婷|黄静珊,1,0,4,430,400,,rule_10_20_30
2022,xian,2099202211130088,福建师范大学,夜幕降临,林骅|章军豪|陈坤坤,0,0,7,387,,,rule_10_20_30
2022,xian,2099202211130093,复旦大学,快速毛茸茸变换,俞嘉琪|周子羽|宋悦荣,1,0,6,394,109,silver,rule_10_20_30
2022,xian,2099202211130094,复旦大学,正在缓冲…,李航成|舒文韬|葛煦旸,1,0,7,781,79,silver,rule_10_20_30
2022,xian,2099202211130104,广西大学,火箭队,张可|武成志|陈松盛,1,0,6,935,224,bronze,rule_10_20_30
2022,xian,2099202211130105,广西大学,芝士雪豹,张一凡|王辰昊|黄连东,1,0,6,659,178,bronze,rule_10_20_30
2022,xian,2099202211130108,广州大学,听天由命,何俊骞|莫家宇|许炼彬,1,0,4,462,409,,rule_10_20_30
2022,xian,2099202211130109,广州大学,紫罗兰,吴朝亮|庄鹏鑫|林志伟,1,0,4,177,320,,rule_10_20_30
2022,xian,2099202211130124,哈尔滨工业大学（威海）,七仪鹿,刘金澜|张仪|杨志超,1,0,4,310,369,,rule_10_20_30
2022,xian,2099202211130125,哈尔滨工业大学（威海）,帅比队长在线征婚,戚煜|曹瑞宁|解裕懋,1,0,6,597,155,bronze,rule_10_20_30
2022,xian,2099202211130126,哈尔滨理工大学,哈理工 03 队,凌晟博|刘松语|张志娟,1,0,4,367,387,,rule_10_20_30
2022,xian,2099202211130127,哈尔滨理工大学,哈理工 11 队,冯旭|祝浩博|陈丁,1,0,5,367,238,bronze,rule_10_20_30
2022,xian,2099202211130128,哈尔滨商业大学,先行者 1 队,王梓镔|翁勇辉|葛钦凡,1,0,7,640,63,silver,rule_10_20_30
2022,xian,2099202211130129,哈尔滨商业大学,先行者 2 队,周家宝|宋辉鹏|王彬彬,1,0,5,582,283,,rule_10_20_30
2022,xian,2099202211130138,合肥工业大学,来都来了,张韬|阳勇权|黄超龙,1,0,4,389,391,,rule_10_20_30
2022,xian,2099202211130139,合肥工业大学,嫩牛五方,吴靖宇|张洪嘉|王熠闻,1,0,4,352,379,,rule_10_20_30
2022,xian,2099202211130140,合肥工业大学宣城校区,丘比特帮帮嘉文,吴嘉文|张亦弛|陆俊安,1,0,5,500,266,bronze,rule_10_20_30
2022,xian,2099202211130141,合肥工业大学宣城校区,与移风易俗者同行,张植淇|田时成|陈若欣,1,0,5,461,254,bronze,rule_10_20_30
2022,xian,2099202211130144,河北工业大学,uuz 可爱,张天翔|张玉印|李辰,1,0,7,922,89,silver,rule_10_20_30
2022,xian,2099202211130145,河北工业大学,先打他一块铁,张卓立|葛子赫|贾旭明,1,0,6,835,217,bronze,rule_10_20_30
2022,xian,2099202211130147,河北师范大学,算法如诗,帅祎伦|李志成|赵鹏,1,0,0,0,471,,rule_10_20_30
2022,xian,2099202211130148,河北师范大学,转生成为邦德公主当阿尼亚小姐的狗,侯思琪|翟一可|陈俊杰,1,0,0,0,471,,rule_10_20_30
2022,xian,2099202211130152,河海大学常州校区,几何杀手,俞天骋|孙嘉昊|王英吉,1,0,8,1225,45,gold,rule_10_20_30
2022,xian,2099202211130153,河海大学常州校区,你这么菜你队友不会生气吧哥哥,严则立|廖平|曾强,1,0,4,581,422,,rule_10_20_30
2022,xian,2099202211130154,河南大学,xzgg 爱上我,张浩东|王子轩|许壮,1,0,5,354,235,bronze,rule_10_20_30
2022,xian,2099202211130155,河南大学,零异事件,李金刚|毛子豪|程崇正,1,0,5,486,261,bronze,rule_10_20_30
2022,xian,2099202211130488,中国海洋大学,黑夜犬人 Pro,张成玺|解正源|蹇浩航,1,0,6,668,180,bronze,rule_10_20_30
2022,xian,2099202211130163,湖北工业大学,哈哈哈,喻洋|曾鼎仁|杨玥,1,0,6,942,225,bronze,rule_10_20_30
2022,xian,2099202211130164,湖北工业大学,旅游还是拿牌,余腾飞|国泽家|张宇帆,1,0,6,571,149,bronze,rule_10_20_30
2022,xian,2099202211130165,湖南大学,中部玄驹,刘佰幸|宋苏宇|张晨曦,1,0,6,511,130,silver,rule_10_20_30
2022,xian,2099202211130166,湖南大学,重拾信心,向金城|周之翔|黄家旺,1,0,6,601,157,bronze,rule_10_20_30
2022,xian,2099202211130168,湖南工业大学,std 错了,易洋|王献阳|蒋恩亮,1,0,6,597,155,bronze,rule_10_20_30
2022,xian,2099202211130169,湖南工业大学,求求给我们块铁牌吧,唐子俊|阳彝霖|陈锦硕,1,0,5,499,265,bronze,rule_10_20_30
2022,xian,2099202211130170,湖南警察学院,挣脱牢笼,王海|谭晓洋|龙俊宇,1,0,6,647,174,bronze,rule_10_20_30
2022,xian,2099202211130171,湖南警察学院,猪猪侠,稂昕鑫|许慧兰|郭远师,1,0,6,767,205,bronze,rule_10_20_30
2022,xian,2099202211130172,湖南科技大学,残夜将明,傅嘉|关鑫|秦豪远,1,0,7,626,59,silver,rule_10_20_30
2022,xian,2099202211130173,湖南科技大学,晨曦,曾改|李程仁|黄宇轩,1,0,5,419,246,bronze,rule_10_20_30
2022,xian,2099202211130174,湖南理工学院,bibabo,宋健|陈鹏|高天宇,1,0,4,265,349,,rule_10_20_30
2022,xian,2099202211130175,湖南理工学院,luckin,梁韧|王斯威|陈睿轩,1,0,5,508,268,bronze,rule_10_20_30
2022,xian,2099202211130190,华南农业大学,过不了四级,郭翀|陈思哲|黄浩良,1,0,5,374,240,bronze,rule_10_20_30
2022,xian,2099202211130191,华南农业大学,欧若拉,刘创嘉|林逸杰|郑晓楊,1,0,6,445,119,silver,rule_10_20_30
2022,xian,2099202211130215,嘉应学院,两极反转,张嘉焜|范淮宝|许昱华,0,0,5,373,,,rule_10_20_30
2022,xian,2099202211130216,嘉应学院,三个臭皮匠,庄宇航|张泽鑫|杨润财,1,0,4,280,356,,rule_10_20_30
2022,xian,2099202211130217,江南大学,靠你俩了,吴鉴航|徐周成|金家耀,1,0,4,592,424,,rule_10_20_30
2022,xian,2099202211130218,江南大学,无 B 树怎么只剩 WA 了,林腾|谭懿唯|魏晨宇,1,0,5,418,245,bronze,rule_10_20_30
2022,xian,2099202211130222,江西师范大学,ero automaton,张天福|陈哲|颜玮琦,1,0,7,627,61,silver,rule_10_20_30
2022,xian,2099202211130223,江西师范大学,骰子一投就是 6,杜恒国|程心奕|郑顶文,1,0,4,152,315,,rule_10_20_30
2022,xian,2099202211130225,空军工程大学,木落南翔,孙辉廷|李明朔|王赞,1,0,3,500,453,,rule_10_20_30
2022,xian,2099202211130226,空军工程大学,延安延安,丁鹏|王灵军|陈执,1,0,4,262,347,,rule_10_20_30
2022,xian,2099202211130237,南昌航空大学,雀食蟀二队,李浩然|谢梦涛|项煌坤,1,0,4,154,316,,rule_10_20_30
2022,xian,2099202211130238,南昌航空大学,正在起名中,肖豫崇|谢佳树|邹锦法,1,0,6,448,120,silver,rule_10_20_30
2022,xian,2099202211130260,南京信息工程大学,赋歌为悟世,孙嘉诚|徐凡明|薛成涵,1,0,4,437,403,,rule_10_20_30
2022,xian,2099202211130261,南京信息工程大学,那你能帮帮我吗,李嘉松|邢一鸣|魏林东,1,0,4,283,360,,rule_10_20_30
2022,xian,2099202211130266,南开大学,啊对__对对队,刘诺铭|罗宇|董昱华,1,0,5,329,233,bronze,rule_10_20_30
2022,xian,2099202211130267,南开大学,打比赛时在做什么？有没有空？可以来打铁吗？,杜岱玮|王超星|陈静怡,1,0,6,534,135,silver,rule_10_20_30
2022,xian,2099202211130274,宁夏大学,背带裤,卢一凡|杨柳|邬桐,1,0,3,175,435,,rule_10_20_30
2022,xian,2099202211130275,宁夏大学,默默欣赏队友切题,于世华|周俊峰|王亮,1,0,4,836,429,,rule_10_20_30
2022,xian,2099202211130481,中国传媒大学,智能工人队,凌海|沈钰欣|许安超,1,0,4,567,419,,rule_10_20_30
2022,xian,2099202211130008,北方工业大学,简简单单拿个奖,吴鸿宇|葛钰峣|陈立哲,1,0,4,486,413,,rule_10_20_30
2022,xian,2099202211130009,北方工业大学,为菈妮，我变成码农模样,罗沛松|覃奕涵|陈泱志,1,0,5,703,302,,rule_10_20_30
2022,xian,2099202211130065,东北大学,东北大学_毒,仝家驹|张帆|陈彦澍,1,0,7,768,75,silver,rule_10_20_30
2022,xian,2099202211130066,东北大学,东北大学_贰佰三十四,王泽宇|董一如|郑彤,1,0,6,572,150,bronze,rule_10_20_30
2022,xian,2099202211130067,东北大学,东北大学_时间列车,崔欣宁|郑丞秀|龙起涛,1,0,4,275,354,,rule_10_20_30
2022,xian,2099202211130068,东北大学,东北大学_遇到困难睡大觉,冯楚钊|张浩霖|顾竣凯,1,0,7,842,83,silver,rule_10_20_30
2022,xian,2099202211130080,东南大学,凤梨口味,史瑞潇|柯凯毅|陈琳昊,1,0,5,965,309,,rule_10_20_30
2022,xian,2099202211130081,东南大学,积分忘加 C,张家展|翁定楷|赖以政,1,0,6,786,210,bronze,rule_10_20_30
2022,xian,2099202211130082,东南大学,神奇海螺,侯博凡|王俊|胡佳栋,1,0,7,875,86,silver,rule_10_20_30
2022,xian,2099202211130083,东南大学,我口胡超强,徐宽|王梓鹏|肖旭杰,1,0,6,591,153,bronze,rule_10_20_30
2022,xian,2099202211130097,广东工业大学,代码敲不队,孙浩轩|彭德鑫|钟少鹏,1,0,4,295,363,,rule_10_20_30
2022,xian,2099202211130098,广东工业大学,登鲤,温俊浩|郭睿|陈威衡,1,0,3,215,437,,rule_10_20_30
2022,xian,2099202211130099,广东工业大学,猫猫吃代码,严瑞琪|张峻豪|王镇涛,1,0,6,296,101,silver,rule_10_20_30
2022,xian,2099202211130100,广东工业大学,遇到问题先喝茶,吴乐彬|陈奕杏|马煜彬,1,0,6,761,204,bronze,rule_10_20_30
2022,xian,2099202211130130,杭州电子科技大学,杭电 11 队,冯军荣|刘潞|沈航,1,0,6,510,128,silver,rule_10_20_30
2022,xian,2099202211130131,杭州电子科技大学,杭电 2 队,应以周|舒飘扬|郑豪杰,1,0,8,683,26,gold,rule_10_20_30
2022,xian,2099202211130132,杭州电子科技大学,杭电 5 队,万扬|张易|金楷鑫,1,0,7,758,74,silver,rule_10_20_30
2022,xian,2099202211130133,杭州电子科技大学,杭电 6 队,姜正|潘思成|陈载元,1,0,8,554,22,gold,rule_10_20_30
2022,xian,2099202211130134,杭州师范大学,满眼皆 AC,潘苏雄|祝胜毅|郑奇鸿,1,0,5,498,264,bronze,rule_10_20_30
2022,xian,2099202211130135,杭州师范大学,抹茶不拿铁,孙于晴|李齐|陈洁,1,0,6,748,200,bronze,rule_10_20_30
2022,xian,2099202211130136,杭州师范大学,三众全灰,傅贤杨|包嘉城|江宇杰,1,0,6,343,103,silver,rule_10_20_30
2022,xian,2099202211130137,杭州师范大学,幼稚未完,严家俊|俞家豪|周杭安,1,0,6,548,142,bronze,rule_10_20_30
2022,xian,2099202211130156,河南理工大学,AC 来咯,姚俊鹏|李佳龙|闫滋豪,1,0,4,382,390,,rule_10_20_30
2022,xian,2099202211130157,河南理工大学,三杯拿铁,付旭闯|李羽佳|田志俊,1,0,4,274,353,,rule_10_20_30
2022,xian,2099202211130158,河南理工大学,三个赌徒,任娱莹|李梦华|黄加钦,1,0,4,206,329,,rule_10_20_30
2022,xian,2099202211130159,河南理工大学,重生之我是菜鸡,杜欣恒|程佳豪|符建昊,1,0,4,327,374,,rule_10_20_30
2022,xian,2099202211130182,华东师范大学,KFC,姜朝顺|孙书航|贺佳欣,1,0,5,526,270,bronze,rule_10_20_30
2022,xian,2099202211130183,华东师范大学,SEI3,乔若奕|曹博|梅子健,1,0,5,586,284,,rule_10_20_30
2022,xian,2099202211130184,华东师范大学,签到题破防,熊高越|祝润天|谈笑枫,0,0,7,698,,,rule_10_20_30
2022,xian,2099202211130185,华东师范大学,英文队名逆序队,刘凯源|汪鼎尊|罗持,1,0,6,683,187,bronze,rule_10_20_30
2022,xian,2099202211130293,厦门大学,更漏子,邹品聪|韩可可|黄凯佳,1,0,8,785,33,gold,rule_10_20_30
2022,xian,2099202211130294,厦门大学,恋剖分剖恋,杨鑫|郭承辉|陈一鸣,1,0,7,641,64,silver,rule_10_20_30
2022,xian,2099202211130302,山东大学（威海）,灵活打铁,孙普华|张胜熙|朱浩天,1,0,5,381,241,bronze,rule_10_20_30
2022,xian,2099202211130303,山东大学（威海）,先占个位置,周润杰|曹津铭|陈格,1,0,6,659,178,bronze,rule_10_20_30
2022,xian,2099202211130308,山东理工大学,乘风破浪打工人,张子昊|王文正|苌锦煦,1,0,4,198,325,,rule_10_20_30
2022,xian,2099202211130309,山东理工大学,皮卡 Wa,徐董鑫|马健文|马润东,1,0,7,604,55,silver,rule_10_20_30
2022,xian,2099202211130322,上海交通大学,梦想天生,张明驰|张景博|林一凡,1,0,8,595,24,gold,rule_10_20_30
2022,xian,2099202211130323,上海交通大学,破晓狂想曲,肖景琦|袁莘睿|邵嘉南,1,0,9,664,4,gold,rule_10_20_30
2022,xian,2099202211130329,深圳技术大学,破晓,吴雨恒|张锐添|徐嘉辉,0,0,6,793,,,rule_10_20_30
2022,xian,2099202211130330,深圳技术大学,鹦鹉螺,吴泰维|曾熙柔|陈锦聪,1,0,5,254,229,bronze,rule_10_20_30
2022,xian,2099202211130343,台州学院,沧浪之水,孙宇飞|林钰琳|陈景钧,1,0,7,901,88,silver,rule_10_20_30
2022,xian,2099202211130344,台州学院,越人歌,任敏浩|关海圳|徐安格,1,0,5,327,232,bronze,rule_10_20_30
2022,xian,2099202211130345,太原理工大学,爆零菜鸟队,周翰洋|杜力威|黄欣禹,1,0,5,786,307,,rule_10_20_30
2022,xian,2099202211130346,太原理工大学,朝闻道,何玉斌|岳文颂|范之毓,1,0,5,477,257,bronze,rule_10_20_30
2022,xian,2099202211130355,天津工业大学,炫我嘴里,方仕远|李俊锋|汪杰頔,1,0,5,680,299,,rule_10_20_30
2022,xian,2099202211130356,天津工业大学,专注分母二十年,姚一鸣|宋一鸣|杨磊,1,0,6,411,112,silver,rule_10_20_30
2022,xian,2099202211130367,武汉科技大学,典一份恒好喝的胡 na 汤,孙煜恒|胡可欣|贾金,1,0,7,504,47,gold,rule_10_20_30
2022,xian,2099202211130368,武汉科技大学,队友 coding 我 sleeping,康敏|杨湃|程子雄,1,0,4,276,355,,rule_10_20_30
2022,xian,2099202211130373,武汉商学院,大笨钟,明天成|梁仁科|肖俊辉,1,0,1,154,470,,rule_10_20_30
2022,xian,2099202211130374,武汉商学院,天才妖精能读懂出题人想法吗,熊子豪|贾锐哲|马锦琦,0,0,3,256,,,rule_10_20_30
2022,xian,2099202211130384,西安明德理工学院,重生之我要 AC,于宁龙|刘颖华|赵梦阳,1,0,2,363,467,,rule_10_20_30
2022,xian,2099202211130385,西安明德理工学院,士别三日,刘少龙|成琳昱|薛美静,1,0,2,523,468,,rule_10_20_30
2022,xian,2099202211130387,西北大学,摸鱼读假题写 bug 演队友,何春林|施景阳|王平,1,0,6,351,104,silver,rule_10_20_30
2022,xian,2099202211130388,西北大学,如果 ACM 需要鼓励的话,刘锦堃|李国航|田朕铭,1,0,6,773,208,bronze,rule_10_20_30
2022,xian,2099202211130399,西南大学,啦啦队,何一|徐畅|陈雯丽,1,0,7,668,67,silver,rule_10_20_30
2022,xian,2099202211130400,西南大学,小黑子们 V 我 50,单义文|唐浩|谭宇森,1,0,3,171,434,,rule_10_20_30
2022,xian,2099202211130418,烟台大学,没有队名就是最好的队名,唐睿|宋旭洁|张晓璇,1,1,4,320,372,,rule_10_20_30
2022,xian,2099202211130419,烟台大学,只因,孔文辉|尹艺杰|靳有田,1,0,3,230,439,,rule_10_20_30
2022,xian,2099202211130425,长安大学,可达鸭今天什么都吃,刘文越|安天宇|郑程浩,1,0,4,222,332,,rule_10_20_30
2022,xian,2099202211130426,长安大学,我 ACMer 也绝非鳝类,余锦鹏|孙如祥|陈申奥,1,0,4,258,345,,rule_10_20_30
2022,xian,2099202211130468,浙江育英职业技术学院,暴躁粉红兔大战苗条!!! 橘子精,丁迪喜|沈汪洋|陈淑琪,1,0,4,307,367,,rule_10_20_30
2022,xian,2099202211130005,安徽工程大学,刘华强买瓜,程辉|蔡冯亮|鲍一凡,1,0,6,616,163,bronze,rule_10_20_30
2022,xian,2099202211130006,安徽工业大学,队名起什么,张睿炀|张驰|魏意卿,1,0,3,436,450,,rule_10_20_30
2022,xian,2099202211130007,安阳工学院,法外狂徒张哲,张哲|贾智卓|鲍小佳,1,0,6,715,195,bronze,rule_10_20_30
2022,xian,2099202211130016,北京工业大学,疯狂星期日,林世瀚|管丹辰|骆绍业,1,0,3,231,440,,rule_10_20_30
2022,xian,2099202211130030,北京林业大学,北林附小二队,梅涵|胡义|黄硕,1,0,5,602,286,,rule_10_20_30
2022,xian,2099202211130046,成都东软学院,东软钢铁侠,刘爽爽|周海君|杨天智,1,0,4,428,398,,rule_10_20_30
2022,xian,2099202211130432,长沙理工大学,老年混子队,刘康为|贺达|陈彬彬,1,0,6,769,206,bronze,rule_10_20_30
2022,xian,2099202211130433,长沙理工大学,猫猫队坐大牢,刘群|熊谦|王鼎亿,1,0,4,250,342,,rule_10_20_30
2022,xian,2099202211130436,浙大城市学院,226 寝室长去考研了,何伟煊|何勇杰|蒋净洋,1,0,7,787,80,silver,rule_10_20_30
2022,xian,2099202211130437,浙大城市学院,逃跑太阳,周思盈|李时博|纪国强,1,0,6,622,165,bronze,rule_10_20_30
2022,xian,2099202211130439,浙江财经大学,赛博朋克：边缘银者,张宏剑|张维康|徐宇诺,1,0,6,557,143,bronze,rule_10_20_30
2022,xian,2099202211130440,浙江财经大学,浙财 22 队,朱腾|王乔治|陈超,1,0,4,200,327,,rule_10_20_30
2022,xian,2099202211130452,浙江科技学院,局外人,史润培|蒋贤潇|赵家城,1,0,6,770,207,bronze,rule_10_20_30
2022,xian,2099202211130453,浙江科技学院,重庆鸡公煲,丁好|卢超翼|蒋银帆,1,0,7,826,82,silver,rule_10_20_30
2022,xian,2099202211130460,浙江农林大学暨阳学院,永昼,刘浩琪|姜梓堉|张启琛,1,0,6,503,126,silver,rule_10_20_30
2022,xian,2099202211130466,浙江万里学院,我的女装 ACmers 不可能这么可爱,李国荣|金奕琦|钱明杰,1,0,3,505,455,,rule_10_20_30
2022,xian,2099202211130467,浙江万里学院,咱三一队,何潇薇|朱欣仪|钱沁浩,1,0,4,359,383,,rule_10_20_30
2022,xian,2099202211130469,浙江中医药大学,ZCMU-胖头切丁味更佳,丁陈晨|梁禹|贺佳,1,1,4,305,366,,rule_10_20_30
2022,xian,2099202211130470,浙江中医药大学,ZCMU-学海无涯，心存高远,吴韩宇|毛冬冬|陈翊飞,1,0,4,250,342,,rule_10_20_30
2022,xian,2099202211130489,中国计量大学,fufu 吃大米,刘昕|裴君辉|金晖,1,0,5,297,230,bronze,rule_10_20_30
2022,xian,2099202211130490,中国计量大学,多 A 就 C 队,包维辰|胡剑豪|胡翰林,1,0,4,261,346,,rule_10_20_30
2022,xian,2099202211130495,中国矿业大学,法外矿徒,严川浙|吴仰喆|胡张喆,1,0,0,0,471,,rule_10_20_30
2022,xian,2099202211130496,中国矿业大学,矿世奇才,刘凯|肖佳乐|蔡家桢,1,0,4,236,337,,rule_10_20_30
2022,xian,2099202211130501,中国人民大学,陕公先锋,张联诚|张鑫恺|赵培宇,1,0,4,570,420,,rule_10_20_30
2022,xian,2099202211130502,中国人民大学,吾等勠力同心，定能回天转日！,何东楠|向尔格|李泽北,1,0,6,614,162,bronze,rule_10_20_30
2022,xian,2099202211130509,中南民族大学,回响,王创锐|谢瀚萱|陈珍,1,0,5,437,250,bronze,rule_10_20_30
2022,xian,2099202211130510,中南民族大学,温柔换不了温柔,陈柏林|项升辉|高俊杰,1,0,6,533,133,silver,rule_10_20_30
2022,xian,2099202211130516,重庆大学,康康你的队名,刘怡鹏|肖才银|黄康,1,0,5,553,276,bronze,rule_10_20_30
2022,xian,2099202211130517,重庆大学,智力 9,于轩|葛轩铭|裘博航,1,0,6,625,167,bronze,rule_10_20_30
2022,xian,2099202211130518,重庆邮电大学,抽根华子,汪子涵|王俊凌|陈金文,1,0,5,578,281,bronze,rule_10_20_30
2022,xian,2099202211130519,重庆邮电大学,炮灰小队,姜星洲|李宣龙|李豪,1,0,5,357,237,bronze,rule_10_20_30
2022,xian,2099202211130051,大连大学,还想要一个气球,孙文棋|李承昊|李民豪,1,0,5,639,297,,rule_10_20_30
2022,xian,2099202211130052,大连海事大学,冲冲冲,杨洋|熊俊宇|黄藩,1,0,4,272,352,,rule_10_20_30
2022,xian,2099202211130071,东北电力大学,每道题都能用二分做,李贵祥|郑建畅|陈黄洋,1,0,6,871,220,bronze,rule_10_20_30
2022,xian,2099202211130084,佛山科学技术学院,遇到困难摆大烂,林新锋|蔡璧润|越静怡,1,0,5,756,306,,rule_10_20_30
2022,xian,2099202211130085,福建工程学院,黄昏之烬的二重奏,林凯锋|江鑫|肖含境,1,0,6,653,176,bronze,rule_10_20_30
2022,xian,2099202211130086,福建农林大学,16KB 打铁队,李树彬|蒋恒艺|陈有锴,1,0,4,280,356,,rule_10_20_30
2022,xian,2099202211130092,阜阳师范大学,五彩斑斓的黑,汪梓豪|胡伟|胡召鑫,1,0,4,362,384,,rule_10_20_30
2022,xian,2099202211130095,广东财经大学,弗拉明戈舞步,何灏楠|刘恒利|蔡普凡,1,0,6,545,141,silver,rule_10_20_30
2022,xian,2099202211130096,广东东软学院,永不秃头队,杜沛源|林耐|胡天维,1,0,4,331,376,,rule_10_20_30
2022,xian,2099202211130101,广东工业大学揭阳校区,GDUTJY_你若 AC 便是晴天,罗拓展|苏嘉豪|黎俊霆,1,0,3,308,444,,rule_10_20_30
2022,xian,2099202211130102,广东金融学院,犟妞儿,卢瑞敏|张粤芳|林建诚,1,0,3,377,447,,rule_10_20_30
2022,xian,2099202211130103,广东外语外贸大学,满燕二神带一 fw,张艺冬|肖美满|蒋志燕,1,0,6,642,171,bronze,rule_10_20_30
2022,xian,2099202211130106,广西师范大学,涅槃重生,兰淞|石伟凡|钱浩栋,1,0,6,543,139,silver,rule_10_20_30
2022,xian,2099202211130107,广州城市理工学院,穿梭在银河的火箭队,何镓乐|陈宏营|马文轩,1,0,6,557,143,bronze,rule_10_20_30
2022,xian,2099202211130110,贵州大学,代码给我抄下呗,吴子劲|宋垒|潘学境,1,0,4,280,356,,rule_10_20_30
2022,xian,2099202211130111,桂林电子科技大学,你若 AK 便是蓝天,张安航|张蓝天|陈星宇,1,0,6,612,161,bronze,rule_10_20_30
2022,xian,2099202211130142,合肥学院,菲尼克斯,张帅|王彩超|王星力,1,0,4,251,344,,rule_10_20_30
2022,xian,2099202211130143,河北大学,河北大学云帆一队,刘哲轩|王旭|赵润朔,1,0,5,629,291,,rule_10_20_30
2022,xian,2099202211130146,河北经贸大学,重启征途,孙雨桐|王旭东|田少奇,1,0,5,515,269,bronze,rule_10_20_30
2022,xian,2099202211130160,河南农业大学,Indigo,李治毅|贾懿|闫亚鑫,1,0,5,571,279,bronze,rule_10_20_30
2022,xian,2099202211130161,河南师范大学,起名字好难,孙淑静|杨增昊|王宇航,1,0,4,158,317,,rule_10_20_30
2022,xian,2099202211130162,黑龙江大学,土土土突突突突,杨阳|林宏亮|郭韦垚,1,0,4,262,347,,rule_10_20_30
2022,xian,2099202211130167,湖南第一师范学院,楼上带带我,包珊萁|李俊宇|童晓岚,1,0,4,513,415,,rule_10_20_30
2022,xian,2099202211130176,湖南农业大学,速想个队名,李佰炎|李南翃|邱麒桦,1,0,4,441,406,,rule_10_20_30
2022,xian,2099202211130177,湖南人文科技学院,完美谢幕,张克胜|王玉|莫勤键,1,0,4,434,402,,rule_10_20_30
2022,xian,2099202211130178,湖南中医药大学,风卷残云,王雄俊|程志豪|郭星鑫,1,0,4,348,378,,rule_10_20_30
2022,xian,2099202211130200,华中农业大学,吸金石,吴俊彤|周广通|张浩辉,1,0,6,352,105,silver,rule_10_20_30
2022,xian,2099202211130204,惠州学院,不爆 0 就算成功,林锐涛|温培绚|郑凯毓,1,0,4,283,360,,rule_10_20_30
2022,xian,2099202211130209,吉首大学,Re:从打铁开始的 ACM,周杰洋|唐靖|沈子杰,1,0,4,311,370,,rule_10_20_30
2022,xian,2099202211130210,集美大学,抱歉，这没有集美,何皆庆|林贝宁|蔡万杰,1,0,7,946,91,silver,rule_10_20_30
2022,xian,2099202211130438,浙大宁波理工学院,球球给个银好不好,方晨|程文浩|胡铭,1,0,6,680,185,bronze,rule_10_20_30
2022,xian,2099202211130211,济南大学,樱之重生,刘延松|张益铭|龚奕天,1,0,7,585,51,silver,rule_10_20_30
2022,xian,2099202211130219,江西财经大学,Gold Slayer,Ouyang Yan|叶倖燚|徐雅,1,0,4,862,430,,rule_10_20_30
2022,xian,2099202211130220,江西理工大学,起名真费劲,冯奇山|吴旭阳|王际,1,0,6,843,218,bronze,rule_10_20_30
2022,xian,2099202211130221,江西理工大学南昌校区,边缘行者,王得懿|苏奕昕|高薇娟,1,0,5,552,275,bronze,rule_10_20_30
2022,xian,2099202211130224,金陵科技学院,先交一发再说,张佳佳|徐江涛|汪文鹏,1,0,4,554,417,,rule_10_20_30
2022,xian,2099202211130233,辽宁工程技术大学,肝！摸鱼鸭,孔庆博|郭子玮|韦海桑,1,0,3,410,449,,rule_10_20_30
2022,xian,2099202211130234,临沂大学,光之子,王恒|纪慧莹|范朝辉,1,0,4,195,324,,rule_10_20_30
2022,xian,2099202211130235,闽南师范大学,你是爱我的对不队,庄伟康|林挺|黄良平,1,0,3,376,446,,rule_10_20_30
2022,xian,2099202211130236,南昌大学,int mian,彭延飞|李长乐|樊能,1,0,6,986,227,bronze,rule_10_20_30
2022,xian,2099202211130239,南昌理工学院,啾咪,刘谦|李菁|莫浩东,1,0,6,748,200,bronze,rule_10_20_30
2022,xian,2099202211130243,南华大学,国家汪汪大队,宋泽坤|李卓能|肖珂,1,0,4,223,333,,rule_10_20_30
2022,xian,2099202211130248,南京工业大学,元宇宙,吴彦飞|薛艳|陈星,1,0,4,282,359,,rule_10_20_30
2022,xian,2099202211130256,南京林业大学,reji3tr,祝峰楠|邢超宇|雷宇,0,0,6,543,,,rule_10_20_30
2022,xian,2099202211130268,南阳理工学院,不懂人均算法,扶灿星|牛铜|陈志强,1,0,4,187,323,,rule_10_20_30
2022,xian,2099202211130269,南阳师范学院,BLQ 梦之队,凌明磊|白亚豪|邱志恩,1,0,4,457,407,,rule_10_20_30
2022,xian,2099202211130273,宁波工程学院,队长没过 4 级队,席帅|徐恩祥|耿龙斌,1,0,4,231,335,,rule_10_20_30
2022,xian,2099202211130276,平顶山学院,重生之 AC 不出来 Math 题使人发懵,冯梦星|朱梦飞|胡庆博,1,0,5,586,284,,rule_10_20_30
2022,xian,2099202211130277,莆田学院,白色相簿,郭翼|陈果|陈梅星,1,0,4,324,373,,rule_10_20_30
2022,xian,2099202211130291,曲阜师范大学,保研队友的 icpc 生活,孙涛|李政德|李树臻,1,0,4,424,397,,rule_10_20_30
2022,xian,2099202211130292,泉州师范学院,三个人凑不出一摩拉,侯灿坤|王文卓|苏坤灿,1,0,4,438,404,,rule_10_20_30
2022,xian,2099202211130295,厦门大学嘉庚学院,现在是学术时间,范徐伟|陆淳杰|黄振豪,1,0,4,146,313,,rule_10_20_30
2022,xian,2099202211130296,厦门理工学院,斯密马赛队,钟增贵|陈明顺|陈礼望,1,0,5,580,282,bronze,rule_10_20_30
2022,xian,2099202211130297,山东财经大学,巡天遥看一千河,来孟阳|韩世超|黄发强,1,0,3,162,432,,rule_10_20_30
2022,xian,2099202211130304,山东工商学院,优雅,刘骋羽|崔文贺|廖银,1,0,5,419,246,bronze,rule_10_20_30
2022,xian,2099202211130310,山东女子学院,哆啦 A 梦的魔法口袋,张俊涛|朱赟|王振东,1,0,6,914,222,bronze,rule_10_20_30
2022,xian,2099202211130311,山东师范大学,逆风,张锦淇|王位毅|聂晓阳,1,0,7,843,84,silver,rule_10_20_30
2022,xian,2099202211130312,陕西科技大学,做的全队,杨昊|武子超|路子辉,1,0,3,219,438,,rule_10_20_30
2022,xian,2099202211130313,陕西理工大学,天汉餐厅一楼的烤红薯非常好吃,李雨林|雷明泽|韩志宏,1,0,4,822,428,,rule_10_20_30
2022,xian,2099202211130314,上海财经大学,不超时,史靖玮|奚哲珺|陈嘉,1,0,5,631,293,,rule_10_20_30
2022,xian,2099202211130319,上海电机学院,队友单身换牌子,张德辉|王宁|罗慧康,1,0,5,630,292,,rule_10_20_30
2022,xian,2099202211130435,肇庆学院,北岭三队,梁荣滨|洪兆宇|钟楚能,1,0,4,421,395,,rule_10_20_30
2022,xian,2099202211130320,上海海事大学,仨个顶零,丁鹏|周子洋|陆锦云,1,0,4,307,367,,rule_10_20_30
2022,xian,2099202211130321,上海海洋大学,海绵宝宝,史沐青|谢澄|谭志良,1,0,5,408,244,bronze,rule_10_20_30
2022,xian,2099202211130324,韶关学院,这一次不会卡题,周俊颖|彭宇轩|蔡振棋,1,0,4,676,426,,rule_10_20_30
2022,xian,2099202211130325,绍兴文理学院,RE:从爆零开始的 ACM 生活,吴慧一|应贤儿|李柯叡,1,0,5,468,256,bronze,rule_10_20_30
2022,xian,2099202211130331,沈阳航空航天大学,打铁小分队,刘一鸣|刘立业|李书航,1,0,4,231,335,,rule_10_20_30
2022,xian,2099202211130332,沈阳化工大学,能上西工大找个男朋友嘛,周子怡|张舒怡|杨梦瑶,1,1,4,504,414,,rule_10_20_30
2022,xian,2099202211130342,苏州科技大学,菜,侯云飞|牟其霖|黄清扬,1,0,4,301,365,,rule_10_20_30
2022,xian,2099202211130357,天津理工大学,打铁还需自身硬,向东|罗耀宇|陈佳博,1,0,6,926,223,bronze,rule_10_20_30
2022,xian,2099202211130361,温州大学,A 了这题就睡觉,叶昱锋|沈潇|黄姜恺,1,0,4,592,424,,rule_10_20_30
2022,xian,2099202211130362,武昌理工学院,雅沙西,周思豪|常康腾|常毅威,1,0,7,694,70,silver,rule_10_20_30
2022,xian,2099202211130366,武汉纺织大学,猫猫虫莓问题,曹翔宇|祝津一|陆挺,1,0,5,567,278,bronze,rule_10_20_30
2022,xian,2099202211130369,武汉工程大学,Daybreak,张吉奥|段本庆|陈勇,1,0,3,137,431,,rule_10_20_30
2022,xian,2099202211130379,西安航空学院,ksar'ykls 催婚协会,张宇航|朱培林|陈雨露,1,0,3,949,460,,rule_10_20_30
2022,xian,2099202211130380,西安交通大学,n is not np,孙路|施劲松|朱晨曦,1,0,6,694,188,bronze,rule_10_20_30
2022,xian,2099202211130386,西安邮电大学,不响丸辣,李浩宇|杨瑞宁|苏李涛,1,0,6,601,157,bronze,rule_10_20_30
2022,xian,2099202211130397,西华大学,跪着挣 dollar,冯旭|刘奇|郑泽同,1,0,4,381,389,,rule_10_20_30
2022,xian,2099202211130398,西南财经大学,疯狂的小饼干,刘诗雨|范博洋|许倬钒,1,0,4,369,388,,rule_10_20_30
2022,xian,2099202211130401,西南交通大学,站着赚钱 - 幼儿园版,王翔宇|陈越|雷雨豪,1,0,5,505,267,bronze,rule_10_20_30
2022,xian,2099202211130402,西南科技大学,满目霜花云弄雪,毛宝文|纪佳宇|陆承长,1,0,5,547,273,bronze,rule_10_20_30
2022,xian,2099202211130407,西南石油大学,三元运算律,刘知鑫|叶天宇|谭涛,1,0,4,198,325,,rule_10_20_30
2022,xian,2099202211130408,香港科技大学,Void,段钦凯|王奕程|高之檬,1,0,6,694,188,bronze,rule_10_20_30
2022,xian,2099202211130415,新疆大学,xju-cyy-djc-zsy,章凇瑜|董俊成|陈永园,1,0,5,1039,310,,rule_10_20_30
2022,xian,2099202211130416,信息工程大学,三小只打铁怪,斯逸涵|梁卓芸|王嘉欣,1,1,4,432,401,,rule_10_20_30
2022,xian,2099202211130417,徐州工程学院,你就是歌姬,于孝元|周子淳|张赏赏,1,0,5,740,305,,rule_10_20_30
2022,xian,2099202211130420,延安大学西安创新学院,会的都队,沈子瑜|石晨欣|翟梦雨,1,0,3,516,456,,rule_10_20_30
2022,xian,2099202211130421,盐城工学院,盐工二队,戴赟|汪鹏|胡远韬,1,0,6,681,186,bronze,rule_10_20_30
2022,xian,2099202211130422,燕山大学,为了实现最后的梦想,孙振轩|李壮壮|马信宏,0,0,5,587,,,rule_10_20_30
2022,xian,2099202211130423,宜春学院,时空,尧文群|江明|陈厚文,1,0,3,255,443,,rule_10_20_30
2022,xian,2099202211130424,云南大学,ououo,杨佳祺|缪文昊|郑晓雷,1,0,5,635,296,,rule_10_20_30
2022,xian,2099202211130427,长春工业大学,荔枝只因洗澳—噶凹吸寅咯魏—古欧吃场,李金肖|郭畅|高新桂,1,0,5,634,295,,rule_10_20_30
2022,xian,2099202211130434,长沙学院,玛奇玛,张胜|彭钰淇|钟文博,1,0,4,299,364,,rule_10_20_30
2022,jinan,2099202211270001,东北大学,东北大学_哇哦,濮金骁|王俊满|王霆钧,1,0,3,182,297,bronze,rule_10_20_30
2022,jinan,2099202211270002,东北大学,东北大学_太妃糖,王禹博|祝云飞|金秋池,1,0,3,309,351,,rule_10_20_30
2022,jinan,2099202211270003,东北大学,东北大学_毒,仝家驹|张帆|陈彦澍,1,0,4,831,259,bronze,rule_10_20_30
2022,jinan,2099202211270004,东北大学,东北大学_环形枯竭,张烨坷|张都|王子晗,0,0,2,47,,,rule_10_20_30
2022,jinan,2099202211270005,东北大学,东北大学_贰佰三十四,王泽宇|董一如|郑彤,1,0,5,516,80,silver,rule_10_20_30
2022,jinan,2099202211270006,东北大学,东北大学_赢,徐越昊|李泽仁|陈少皇,0,0,5,839,,,rule_10_20_30
2022,jinan,2099202211270007,齐鲁工业大学（山东省科学院）,都可,刘春轩|杜朝阳|陈代睿,0,0,2,61,,,rule_10_20_30
2022,jinan,2099202211270008,齐鲁工业大学（山东省科学院）,菜鸟队,吴玉红|贾云玮|郗鸣,0,0,3,454,,,rule_10_20_30
2022,jinan,2099202211270009,齐鲁工业大学（山东省科学院）,痛，太痛了,任满意|包兴兴|魏玉雍,0,0,2,168,,,rule_10_20_30
2022,jinan,2099202211270010,齐鲁工业大学（山东省科学院）,你好 世界,张馨丹|蔡简简|魏凡杰,0,0,2,250,,,rule_10_20_30
2022,jinan,2099202211270011,齐鲁工业大学（山东省科学院）,三人一狗,吴泽彪|姜川|王励翔,0,0,3,207,,,rule_10_20_30
2022,jinan,2099202211270012,齐鲁工业大学（山东省科学院）,HD,刘易凡|王金旭|许一鸣,0,0,3,142,,,rule_10_20_30
2022,jinan,2099202211270013,深圳技术大学,破晓,吴雨恒|张锐添|徐嘉辉,1,0,2,133,454,,rule_10_20_30
2022,jinan,2099202211270014,深圳技术大学,故技重蛙,林泽扬|邓铭|黄瑛琪,0,0,4,447,,,rule_10_20_30
2022,jinan,2099202211270015,深圳技术大学,为什么不队,叶子豪|周宏玮|杨卓勋,0,0,3,427,,,rule_10_20_30
2022,jinan,2099202211270016,深圳技术大学,咯咯咯咯咯咯咯,刘瑀铮|李钊盛|林德成,0,0,3,465,,,rule_10_20_30
2022,jinan,2099202211270017,深圳技术大学,人菜瘾大,洪佳骏|潘键颖|郑佳鑫,0,0,3,299,,,rule_10_20_30
2022,jinan,2099202211270018,深圳技术大学,后奇点,林诚钊|欧伟凯|董照康,1,0,4,506,211,bronze,rule_10_20_30
2022,jinan,2099202211270019,苏州大学,DFS,孙家扬|尹邓阳|范子铃,0,0,2,53,,,rule_10_20_30
2022,jinan,2099202211270020,苏州大学,永不摆烂,何宇涛|周夏卿|陈泽豪,1,0,3,183,298,bronze,rule_10_20_30
2022,jinan,2099202211270021,苏州大学,啊对对队,杜林轩|杨宇博|王汛,0,0,3,275,,,rule_10_20_30
2022,jinan,2099202211270022,苏州大学,优雅，太优雅了,姜子健|胡驭|薛广泉,1,0,3,704,419,,rule_10_20_30
2022,jinan,2099202211270023,苏州大学,扣 1 拿牌 111,师锋|汤亦文|许吴昊,0,0,2,110,,,rule_10_20_30
2022,jinan,2099202211270024,苏州大学,GHC,陈晨|黄奕程|龚烨,1,0,4,565,227,bronze,rule_10_20_30
2022,jinan,2099202211270025,北京邮电大学,未响应,杨云逸|王鸣谦|许铎,0,0,0,0,,,rule_10_20_30
2022,jinan,2099202211270026,北京邮电大学,三天两套,李健扬|苏承烨|马玉龙,0,0,5,478,,,rule_10_20_30
2022,jinan,2099202211270027,北京邮电大学,珊瑚宫心海,程泓涛|董凯文|高畅,1,0,6,665,32,gold,rule_10_20_30
2022,jinan,2099202211270028,北京邮电大学,三只蒟蒻,区庆亮|张天泽|王佳禾,1,0,7,939,21,gold,rule_10_20_30
2022,jinan,2099202211270029,北京邮电大学,曙光黎明,何宇峰|李冠谕|李晨曦,1,0,6,871,52,silver,rule_10_20_30
2022,jinan,2099202211270439,安徽工业大学,比赛吃什么,祁子奕|陈万青|高泽铭,1,0,2,104,448,,rule_10_20_30
2022,jinan,2099202211270562,中国计量大学现代科技学院,现科一队,周正谊|徐建博|林仁豪,1,0,4,330,161,bronze,rule_10_20_30
2022,jinan,2099202211270030,电子科技大学中山学院,牛肉干 3 队,丁子涵|蔡远立|陈灿跃,0,0,4,596,,,rule_10_20_30
2022,jinan,2099202211270031,电子科技大学中山学院,牛肉干 5 队,李汶博|林崇宪|樊洪源,1,0,3,539,405,,rule_10_20_30
2022,jinan,2099202211270032,电子科技大学中山学院,牛肉干 4 队,邓振杰|陈梦奇|齐浩均,1,0,3,317,355,,rule_10_20_30
2022,jinan,2099202211270033,电子科技大学中山学院,牛肉干 2 队,张涛|赖宇峰|黄李达,1,0,3,214,311,,rule_10_20_30
2022,jinan,2099202211270034,电子科技大学中山学院,文君志鸿 2022,吴宝|林国杰|陈佳宝,0,0,5,526,,,rule_10_20_30
2022,jinan,2099202211270035,浙江工商大学,犇鸟先飞,汤亦奇|耿鑫伟|赵嘉磊,1,0,3,346,366,,rule_10_20_30
2022,jinan,2099202211270036,浙江工商大学,啊对对队,尤子涛|蔡嘉生|陈骏哲,0,0,3,436,,,rule_10_20_30
2022,jinan,2099202211270037,浙江工商大学,瑞道客道格,吴骏达|张子皓|张振,1,0,5,685,122,silver,rule_10_20_30
2022,jinan,2099202211270038,浙江工商大学,队名？,俞庄楠|陈南君|陈致远,1,0,4,259,149,silver,rule_10_20_30
2022,jinan,2099202211270039,浙江工商大学,噫叁柒陸悦刻唔,李力超|毛予哲|蓝鲁晟,0,0,4,551,,,rule_10_20_30
2022,jinan,2099202211270040,中北大学,天辰破晓,杨舒溶|王睿博|秦乐朋,1,0,3,414,380,,rule_10_20_30
2022,jinan,2099202211270041,中北大学,我们都是聪明豆,冯奕铭|张纭昌|范展诚,0,0,3,128,,,rule_10_20_30
2022,jinan,2099202211270042,中北大学,星辰之晖,武朝晖|武相辰|靳星宇,1,0,2,51,427,,rule_10_20_30
2022,jinan,2099202211270043,中北大学,三只菜只因,侯翔瑞|方杰|陈利鑫,0,0,4,473,,,rule_10_20_30
2022,jinan,2099202211270044,中北大学,0x3f,王烁|马少龙|高慧杰,0,0,2,34,,,rule_10_20_30
2022,jinan,2099202211270045,中国民航大学,无问西东,刘家宁|王浩博|饶恒,0,0,4,546,,,rule_10_20_30
2022,jinan,2099202211270046,中国民航大学,老舍,吕新权|张仁树|杨新汝,0,0,1,190,,,rule_10_20_30
2022,jinan,2099202211270047,中国民航大学,积极健康向上,吴鹏飞|王西霖|陈乐山,0,0,3,248,,,rule_10_20_30
2022,jinan,2099202211270048,中国民航大学,为了铁牌精疲力竭,孔子豪|曹乃川|田振旭,1,0,2,93,445,,rule_10_20_30
2022,jinan,2099202211270049,中国民航大学,追光者,傅一笑|冉桐|崔天宇,0,0,4,372,,,rule_10_20_30
2022,jinan,2099202211270050,北京大学,重生之我是菜狗,王展鹏|罗煜翔|蒋凌宇,1,0,12,1312,1,gold,rule_10_20_30
2022,jinan,2099202211270051,北京大学,黎明与萤火,刘晨宇|李思杰|黄蔚尧,1,0,6,897,54,silver,rule_10_20_30
2022,jinan,2099202211270052,北京大学,老年旅游队,刘和金|林枫|翁伟捷,1,0,9,1190,5,gold,rule_10_20_30
2022,jinan,2099202211270053,北京大学,寄点自由,吴孟周|曹原|陈胤戬,1,0,7,1112,27,gold,rule_10_20_30
2022,jinan,2099202211270440,安阳工学院,天龙八部,彭琪峰|谢肖剑|郑燕赛,1,0,3,447,391,,rule_10_20_30
2022,jinan,2099202211270563,中国矿业大学徐海学院,二龙山灵动派,赵涵铮|陈禹润|韦童杰,1,0,3,187,302,bronze,rule_10_20_30
2022,jinan,2099202211270568,山东省青岛第二中学,极地蜜蜂,倪润东|徐子谦|杨景皓,0,0,4,526,,,rule_10_20_30
2022,jinan,2099202211270569,山东省青岛第二中学,空指针,杨涵锐|苏项|金庆涵,0,0,0,0,,,rule_10_20_30
2022,jinan,2099202211270570,山东省青岛第二中学,青岛二中 4 队,王锦博|董瀚文|陈儒恒,0,0,3,313,,,rule_10_20_30
2022,jinan,2099202211270571,山东省青岛第二中学,时光,孙西越|欧奕阳|逄佳烨,0,0,3,320,,,rule_10_20_30
2022,jinan,2099202211270572,山东省青岛第二中学,如何在比赛中进行暴力和骗分？,崔博钧|王亦木|赵英智,0,0,7,1232,,,rule_10_20_30
2022,jinan,2099202211270082,清华大学,青蛙市中心,彭思进|李白天|黄子宽,1,0,9,1303,7,gold,rule_10_20_30
2022,jinan,2099202211270083,清华大学,一更人,叶卓睿|周欣|虞皓翔,1,0,10,1117,3,gold,rule_10_20_30
2022,jinan,2099202211270084,清华大学,别人 ac 我们 g,张隽恺|胡昊|胡杨,1,0,11,1151,2,gold,rule_10_20_30
2022,jinan,2099202211270085,清华大学,未名湖北路特一号,吴泽文|周子安|赵子轩,1,0,7,916,20,gold,rule_10_20_30
2022,jinan,2099202211270086,山东大学,csq 的小舔狗,周子涵|孔轲祎|李高源,1,0,4,375,169,bronze,rule_10_20_30
2022,jinan,2099202211270087,山东大学,世伊与愉快的伙伴们,俞程|滕家良|王明阳,1,0,3,210,306,,rule_10_20_30
2022,jinan,2099202211270088,山东大学,说好不秃,吴羲勇|张丁祎|门建彤,1,0,7,901,19,gold,rule_10_20_30
2022,jinan,2099202211270089,山东大学,蹦蹦炸弹,孙浩哲|曾祥宇|柳涵,1,0,4,638,239,bronze,rule_10_20_30
2022,jinan,2099202211270090,上海大学,相限,周子竣|谢贺予|连昊宇,1,0,4,529,220,bronze,rule_10_20_30
2022,jinan,2099202211270091,上海大学,寂静时刻,唐笑涵|秦云啸|黄添祎,1,0,3,434,388,,rule_10_20_30
2022,jinan,2099202211270092,上海大学,题题都对,史佳朋|施安然|黎思源,1,0,3,154,283,bronze,rule_10_20_30
2022,jinan,2099202211270093,上海大学,2.5 次元的我,吴逸磊|周而学|罗晨轩,1,0,4,462,197,bronze,rule_10_20_30
2022,jinan,2099202211270094,西南民族大学,什么时候不打星什么时候改队名,杨子麒|谭剑宇|邓铠蓝,1,0,1,72,495,,rule_10_20_30
2022,jinan,2099202211270095,西南民族大学,三川赴海,周亚栋|李正毅|李泽鑫,0,0,3,309,,,rule_10_20_30
2022,jinan,2099202211270096,西南民族大学,刚三,潘浩霖|胡一铭|龙海韬,1,0,3,184,299,bronze,rule_10_20_30
2022,jinan,2099202211270097,西南民族大学,嘉然，只因你太美,刘家乐|张珺开|李锐,1,0,5,617,104,silver,rule_10_20_30
2022,jinan,2099202211270098,浙江大学,下次娶你,李谞远|王梓|黄嘉尔,1,0,6,699,34,gold,rule_10_20_30
2022,jinan,2099202211270099,浙江大学,广告位招租,任庭旭|徐琪杰|王楚淏,1,0,8,1101,10,gold,rule_10_20_30
2022,jinan,2099202211270100,浙江大学,虚空之梦,彭博|褚写庭|陈逸,1,0,10,1357,4,gold,rule_10_20_30
2022,jinan,2099202211270101,浙江大学,您有一个加三十三,叶佳昂|李克成|陈科睿,1,0,7,802,16,gold,rule_10_20_30
2022,jinan,2099202211270102,浙江理工大学,剑鱼二番队,杨杰|王建成|郑尉欣,1,0,3,283,342,,rule_10_20_30
2022,jinan,2099202211270103,浙江理工大学,hspaa,周志勇|夏意晨|王鸿宇,1,0,4,696,247,bronze,rule_10_20_30
2022,jinan,2099202211270104,浙江理工大学,好起来 rua,晏阳英哲|杨子建|翁昊洋,0,0,3,218,,,rule_10_20_30
2022,jinan,2099202211270105,浙江理工大学,白兰咖啡厅,刘哲|肖泽宇|钟昀铮,1,0,5,584,96,silver,rule_10_20_30
2022,jinan,2099202211270106,浙江师范大学,大摆锤,周子清|祝礼杭|赵欣雨,1,0,3,282,339,,rule_10_20_30
2022,jinan,2099202211270107,浙江师范大学,三号楼说猫德是伪科学,张煜|章可仲|郑可,1,0,3,306,350,,rule_10_20_30
2022,jinan,2099202211270108,浙江师范大学,二手摩托,倪伟聪|王学远|陈增豪,1,0,4,282,153,bronze,rule_10_20_30
2022,jinan,2099202211270109,浙江师范大学,猫猫把妖怪抓走了,厉文浩|温启涛|蒋润浩,1,0,6,741,39,gold,rule_10_20_30
2022,jinan,2099202211270247,北方工业大学,简简单单拿个奖,吴鸿宇|葛钰峣|陈立哲,1,0,0,0,505,,rule_10_20_30
2022,jinan,2099202211270248,北方工业大学,996,刘铂|李昶鸿|郑元兴,1,0,2,166,465,,rule_10_20_30
2022,jinan,2099202211270565,中原工学院,三个诸葛亮,徐伟明|杨浩杰|赵孜硕,1,0,0,0,505,,rule_10_20_30
2022,jinan,2099202211270110,中国科学技术大学,23 科软点击就送,彭志远|李博宇|陈若朋,1,0,4,276,151,silver,rule_10_20_30
2022,jinan,2099202211270111,中国科学技术大学,未知错误队,刘卓|王以勒|陈铮铎,1,0,4,500,208,bronze,rule_10_20_30
2022,jinan,2099202211270112,中国科学技术大学,樱吹雪,刘畅|杨思汗|黄盛唐,1,0,5,738,130,silver,rule_10_20_30
2022,jinan,2099202211270113,中国科学技术大学,鸭鸭飞,叶余非|周一凡|王子龙,1,0,5,506,78,silver,rule_10_20_30
2022,jinan,2099202211270114,中国矿业大学,尼尔：机械寄元,张骏然|汉坤成|王伦,1,0,4,496,206,bronze,rule_10_20_30
2022,jinan,2099202211270115,中国矿业大学,你要自信,杨旭宸|赵涌翔|马嘉震,1,0,3,486,396,,rule_10_20_30
2022,jinan,2099202211270116,中国矿业大学,矿野之息,杨斌涵|肖扬航|雷毅,1,0,4,648,241,bronze,rule_10_20_30
2022,jinan,2099202211270117,中国矿业大学,革命不是请客吃饭,尉高耀|张士豪|罗浩巍,1,0,4,573,230,bronze,rule_10_20_30
2022,jinan,2099202211270118,中山大学,中山大学_破空之势,张温楷|李景楠|游少濠,1,0,3,220,312,,rule_10_20_30
2022,jinan,2099202211270119,中山大学,中山大学_精神错乱,冯嘉乐|张彦博|谢泽辉,1,0,5,446,73,silver,rule_10_20_30
2022,jinan,2099202211270120,中山大学,中山大学_完结撒花,叶汇亘|梁励|牛彦栋,1,0,5,710,126,silver,rule_10_20_30
2022,jinan,2099202211270121,中山大学,中山大学_铁匠,刘志源|赵肖睿|高诗豪,1,0,8,1366,13,gold,rule_10_20_30
2022,jinan,2099202211270122,北京航空航天大学,起床困难综合症,张殊睿|罗皓天|高湘一,1,0,6,760,41,gold,rule_10_20_30
2022,jinan,2099202211270123,北京航空航天大学,玄学过题,吴湛宇|权尚浩然|王宇龙,1,0,6,772,45,gold,rule_10_20_30
2022,jinan,2099202211270124,北京航空航天大学,XCPC 的奇妙冒险,吕诚鑫|韦若皓|韩一,1,0,6,521,30,gold,rule_10_20_30
2022,jinan,2099202211270125,北京交通大学,杰哥不要啊,吴忠权|孙齐|谢钊杰,1,0,3,587,411,,rule_10_20_30
2022,jinan,2099202211270126,北京交通大学,秋鸣山车神,付家齐|周一鸣|郑瑞秋,1,0,4,594,232,bronze,rule_10_20_30
2022,jinan,2099202211270127,北京交通大学,相遇天使,杨佳昊|邓人嘉|金恒柘,1,0,5,463,75,silver,rule_10_20_30
2022,jinan,2099202211270128,北京理工大学,雪崩团灭清一色,袁奕晨|费承昱|黄子越,1,0,7,942,23,gold,rule_10_20_30
2022,jinan,2099202211270129,北京理工大学,蒟蒻观光,凌铭志|王子默|罗琦宣,1,0,5,641,112,silver,rule_10_20_30
2022,jinan,2099202211270130,北京理工大学,凉心做题人,何骏|苗沂坤|高浩轩,1,0,5,466,76,silver,rule_10_20_30
2022,jinan,2099202211270131,北京师范大学,骗分过样例,傅俊林|宋泰霖|王璐瑶,1,0,2,69,433,,rule_10_20_30
2022,jinan,2099202211270132,北京师范大学,AC 滞动机,孙旭琪|陈志锐|黄一航,1,0,4,681,246,bronze,rule_10_20_30
2022,jinan,2099202211270133,北京师范大学,野指针,何佳文|徐若翔|段欣然,1,0,4,670,244,bronze,rule_10_20_30
2022,jinan,2099202211270134,常熟理工学院,双葉幼稚园不养废物,张明旭|曾谷优|陈昭,1,0,2,137,457,,rule_10_20_30
2022,jinan,2099202211270135,常熟理工学院,多喝岩浆,杨淳智|林强|邹静,1,0,4,516,215,bronze,rule_10_20_30
2022,jinan,2099202211270136,常熟理工学院,舞花猫,张鑫|沈俊康|顾家豪,1,0,3,386,375,,rule_10_20_30
2022,jinan,2099202211270137,大连理工大学,秋招没人要,李冠霖|江雨桐|蔡廷漳,1,0,6,1081,60,silver,rule_10_20_30
2022,jinan,2099202211270138,大连理工大学,鹏鹏今天吃什么,赵钧鹏|邓思航|高金鹏,1,0,5,748,132,silver,rule_10_20_30
2022,jinan,2099202211270139,大连理工大学,给个 AC 吧,张正礼|石炎东|韦品桓,1,0,3,341,363,,rule_10_20_30
2022,jinan,2099202211270566,重庆交通大学,背着队友偷偷 wa 题,向科城|王靖|陈龙,1,0,1,22,492,,rule_10_20_30
2022,jinan,2099202211270140,东华大学,大 2.76 陪跑队,方源|潘有升|马千瑜,1,0,3,261,329,,rule_10_20_30
2022,jinan,2099202211270141,东华大学,东华保安队,戈松|王天乐|邵兵,1,0,4,527,219,bronze,rule_10_20_30
2022,jinan,2099202211270142,东华大学,德凯,严涵|侯迦得|蔡晋,1,0,4,371,167,bronze,rule_10_20_30
2022,jinan,2099202211270143,东南大学,积分忘加 C,张家展|翁定楷|赖以政,1,0,4,595,233,bronze,rule_10_20_30
2022,jinan,2099202211270144,东南大学,玄学 OI 小组,孙浩芫|张一林|汪骏宇,1,0,3,150,281,bronze,rule_10_20_30
2022,jinan,2099202211270145,东南大学,我过了样例,徐朔|戚雨林|汪子杰,1,0,7,834,18,gold,rule_10_20_30
2022,jinan,2099202211270146,福建师范大学,我们店是室女座超星系团最好吃的沙县小吃,周奕帆|苏君鹏|陈杨涛,1,0,3,208,305,,rule_10_20_30
2022,jinan,2099202211270147,福建师范大学,夜幕降临,林骅|章军豪|陈坤坤,0,0,5,934,,,rule_10_20_30
2022,jinan,2099202211270148,福建师范大学,我们都有光明的未来对不队,林柏权|王翔|苏玮峰,1,0,4,641,240,bronze,rule_10_20_30
2022,jinan,2099202211270149,福州大学,卡绒熊,廖智炫|洪磊|陈昊旸,1,0,6,763,43,gold,rule_10_20_30
2022,jinan,2099202211270150,福州大学,最大费用最小流,李盈盈|江滢怡|游世伟,1,0,5,433,71,silver,rule_10_20_30
2022,jinan,2099202211270151,福州大学,太熊软糖,杨赫|程宇翔|詹涛,1,0,5,597,99,silver,rule_10_20_30
2022,jinan,2099202211270152,复旦大学,正在缓冲,李航成|舒文韬|葛煦旸,1,0,4,347,162,bronze,rule_10_20_30
2022,jinan,2099202211270153,复旦大学,同路人,周俊豪|周煜凯|柳西贤,1,0,5,800,139,silver,rule_10_20_30
2022,jinan,2099202211270154,复旦大学,有向无环图状数组,万欣芸|熊程远|邱欣祺,1,0,4,378,170,bronze,rule_10_20_30
2022,jinan,2099202211270155,广东工业大学,没吃饱没睡好,杨德荣|王泽荣|黄铭晖,1,0,3,87,266,bronze,rule_10_20_30
2022,jinan,2099202211270156,广东工业大学,难兄难弟,丘钊文|曾梓淮|李贤满,1,0,3,134,273,bronze,rule_10_20_30
2022,jinan,2099202211270157,广东工业大学,金缕衣,吴汝钊|段环宇|陈浩鹏,1,0,4,551,223,bronze,rule_10_20_30
2022,jinan,2099202211270158,哈尔滨工程大学,konami 还在做游戏,王志远|薛宇浩|贾宏昊,1,0,4,484,202,bronze,rule_10_20_30
2022,jinan,2099202211270159,哈尔滨工程大学,下北泽沼气动力学园学园偶像同好会兼恋恋的信仰者教团改二,彭金浩|徐子涵|王昊宇,1,0,7,787,15,gold,rule_10_20_30
2022,jinan,2099202211270160,哈尔滨工程大学,WA 自动机 Fail 树上建可持久化 RE 树,吴兆昕|杨春昊|黄凯鹏,1,0,6,573,31,gold,rule_10_20_30
2022,jinan,2099202211270161,哈尔滨工业大学（深圳）,骗分大队,曹杨|沈文|潘思成,1,0,6,729,35,gold,rule_10_20_30
2022,jinan,2099202211270162,哈尔滨工业大学（深圳）,冰糖屋,吴泽楷|唐楷杰|李彬昌,1,0,5,782,137,silver,rule_10_20_30
2022,jinan,2099202211270163,哈尔滨工业大学（深圳）,删库跑路,任秦江|卢郡然|梁珊,1,0,7,820,17,gold,rule_10_20_30
2022,jinan,2099202211270164,哈尔滨工业大学（威海）,心跳签到队,包赛龙|王庆涛|禚周浩然,1,0,3,415,381,,rule_10_20_30
2022,jinan,2099202211270165,哈尔滨工业大学（威海）,球达不溜球,安龙浩|程朗|高佳乐,1,0,3,276,335,,rule_10_20_30
2022,jinan,2099202211270166,哈尔滨工业大学（威海）,#66CCFF,刘梓竣|孙皓宇|张阳,1,0,2,80,442,,rule_10_20_30
2022,jinan,2099202211270167,哈尔滨理工大学,哈理工 08 队,王令开|王开纪|顾红卫,1,0,5,284,63,silver,rule_10_20_30
2022,jinan,2099202211270168,哈尔滨理工大学,哈理工 11 队,冯旭|祝浩博|陈丁,1,0,4,502,210,bronze,rule_10_20_30
2022,jinan,2099202211270169,哈尔滨理工大学,哈理工 06 队,林浩|沈锦轩|陈圻昇,1,0,3,337,361,,rule_10_20_30
2022,jinan,2099202211270567,重庆移通学院,一石队,谭明|陈晓强|韦富,1,0,3,422,385,,rule_10_20_30
2022,jinan,2099202211270170,合肥学院,随意,周豪|汪一明|汪少鸿,1,0,3,231,317,,rule_10_20_30
2022,jinan,2099202211270171,合肥学院,想要变成猫猫虫,朱艺杭|葛新雨|马云龙,0,0,3,277,,,rule_10_20_30
2022,jinan,2099202211270172,合肥学院,三核低效率解题机,李鹏飞|王国梁|高欢欢,0,0,3,347,,,rule_10_20_30
2022,jinan,2099202211270173,河北师范大学,宇将军,杜诚信|程子蕴|豆盼,1,0,3,435,389,,rule_10_20_30
2022,jinan,2099202211270174,河北师范大学,济南建筑有限公司,张天伟|李元浩|黄家豪,1,0,4,501,209,bronze,rule_10_20_30
2022,jinan,2099202211270175,河北师范大学,黎明之光,吕占捷|张圣哲|黄巍赟,1,0,3,239,322,,rule_10_20_30
2022,jinan,2099202211270176,华南理工大学,咬住秒针,唐古拉|李建成|董宏远,1,0,3,289,344,,rule_10_20_30
2022,jinan,2099202211270177,华南理工大学,星穹铁道 Star Rail,梁耀威|程科源|翟宇炫,1,0,4,357,163,bronze,rule_10_20_30
2022,jinan,2099202211270178,华南理工大学,wdc,吴海杰|蔡嘉健|邓楷译,1,0,4,422,182,bronze,rule_10_20_30
2022,jinan,2099202211270179,暨南大学,追追光者者,周祝涛|李安宁|陈梓聪,1,0,4,461,196,bronze,rule_10_20_30
2022,jinan,2099202211270180,暨南大学,菜鸟分割线,余欣妍|柯瑞凯|贾子涵,1,0,5,454,74,silver,rule_10_20_30
2022,jinan,2099202211270181,暨南大学,Reimei,文荫华|詹方榕|麦骏,1,0,7,696,14,gold,rule_10_20_30
2022,jinan,2099202211270182,江南大学,我们做的对,卜乐天|李欣宇|陈宇晨,1,0,3,452,392,,rule_10_20_30
2022,jinan,2099202211270183,江南大学,看排名把心态搞崩了不如多写几行代码,衣泽宇|诸丁玮|陈昕,1,0,2,149,461,,rule_10_20_30
2022,jinan,2099202211270184,江南大学,Somnus_Nevermore,夏凡|张程|熊宇非,1,0,3,236,319,,rule_10_20_30
2022,jinan,2099202211270185,南京大学,流火,姚嘉和|曹逸中|陈弘毅,1,0,7,1002,24,gold,rule_10_20_30
2022,jinan,2099202211270186,南京大学,虚幻黄昏,丁天行|单启程|欧丰宁,1,0,8,1343,12,gold,rule_10_20_30
2022,jinan,2099202211270187,南京大学,三妖精 SAY WA,赵子轩|邓铭越|邹忠奇,1,0,5,682,121,silver,rule_10_20_30
2022,jinan,2099202211270188,青岛大学,打铁自动机,张泽纬|祝奕骏|马一铭,1,0,4,432,186,bronze,rule_10_20_30
2022,jinan,2099202211270189,青岛大学,亚洲猫猫虫,刘乐鹏|毛聿麒|董亚洲,1,0,5,582,93,silver,rule_10_20_30
2022,jinan,2099202211270190,青岛大学,(^_^).zZ,姜恒玉|陈贺|韩明睿,1,0,5,614,103,silver,rule_10_20_30
2022,jinan,2099202211270191,山东大学（威海）,阿米浴说的道理,崔海勤|梁致嘉|王君豪,1,0,3,407,378,,rule_10_20_30
2022,jinan,2099202211270192,山东大学（威海）,队名过审,尚棋浩|李昊|禚文宇,1,0,4,427,184,bronze,rule_10_20_30
2022,jinan,2099202211270193,山东大学（威海）,我没啥意见,施钧瀚|毛骏奇|王偲谕,1,0,4,274,150,silver,rule_10_20_30
2022,jinan,2099202211270194,山东科技大学,奋进号,李泓霖|高云鹏|高宇,1,0,4,280,152,silver,rule_10_20_30
2022,jinan,2099202211270195,山东科技大学,布拉顿号,侯祥晨|李来利|王鑫,1,0,3,333,360,,rule_10_20_30
2022,jinan,2099202211270196,山东科技大学,NCC_26531 埃克塞特号,李增|李超楠|武守恒,1,0,3,338,362,,rule_10_20_30
2022,jinan,2099202211270197,山东理工大学,章鱼小 WA 子,孙美源|张森|潘清源,1,0,3,202,304,,rule_10_20_30
2022,jinan,2099202211270198,山东理工大学,Dawn,武向阳|王安卫|鲍啸天,1,0,3,274,333,,rule_10_20_30
2022,jinan,2099202211270199,山东理工大学,青春猪头少年不会梦到股圣 wz,孔祥宇|王震|赵凯,1,0,3,173,285,bronze,rule_10_20_30
2022,jinan,2099202211270576,临沂商城实验学校,嘉然小姐的狗仔,刘建行|曹家睿|颜祖一,0,0,3,199,,,rule_10_20_30
2022,jinan,2099202211270200,上海交通大学,破晓狂想曲,肖景琦|袁莘睿|邵嘉南,1,0,7,1173,29,gold,rule_10_20_30
2022,jinan,2099202211270201,上海交通大学,银色子弹,戚洋|江若泓|陈则佳,0,0,7,563,,,rule_10_20_30
2022,jinan,2099202211270202,上海交通大学,撸串的喵,朱铭阳|王云骥|罗祺皓,1,0,6,1006,59,silver,rule_10_20_30
2022,jinan,2099202211270203,四川大学,树上莫队,刘却桓|朱奕杰|黄云垄,1,0,5,697,123,silver,rule_10_20_30
2022,jinan,2099202211270204,四川大学,差分约束做不队,徐子翔|杜毅衡|杨轶涵,1,0,7,1068,26,gold,rule_10_20_30
2022,jinan,2099202211270205,四川大学,早八 208,周钰翔|罗鑫|韩子毅,1,0,5,583,95,silver,rule_10_20_30
2022,jinan,2099202211270206,武汉大学,对对胡门清四喜字一色,侯哲|冯烨聪|蔡玉聪,1,0,6,898,55,silver,rule_10_20_30
2022,jinan,2099202211270207,武汉大学,两立直海底四杠大三元,冷唯诺|王新喆|王骏峣,1,0,4,509,212,bronze,rule_10_20_30
2022,jinan,2099202211270208,武汉大学,难者不会,彭子恒|莫雯琦|陈嘉瑞,1,0,3,479,395,,rule_10_20_30
2022,jinan,2099202211270209,西安电子科技大学,栀子花,曾祥翼|胡宇航|赵人毅,1,0,5,639,111,silver,rule_10_20_30
2022,jinan,2099202211270210,西安电子科技大学,超额剩余价值,何贯中|蒋叶桢|陈俊丞,1,0,5,600,100,silver,rule_10_20_30
2022,jinan,2099202211270211,西安电子科技大学,机随乱打,孙振元|张艺龄|田康杰,1,0,4,511,214,bronze,rule_10_20_30
2022,jinan,2099202211270212,西北工业大学,就在今天,杨莫凡|范大卫|要凌峰,1,0,3,327,357,,rule_10_20_30
2022,jinan,2099202211270213,西北工业大学,发际线跟我作队,刘晨|杨昊|陈玟,1,0,4,320,158,bronze,rule_10_20_30
2022,jinan,2099202211270214,西北工业大学,只能说，啊，该摸了,徐浩洋|汪梁森|管孙笛,1,0,6,729,35,gold,rule_10_20_30
2022,jinan,2099202211270215,西北师范大学,代码对不队,冯伟|唐聪逸|杨世豪,0,0,0,0,,,rule_10_20_30
2022,jinan,2099202211270216,西北师范大学,速速归家,宁智伟|彭阳宇|高普伦,0,0,0,0,,,rule_10_20_30
2022,jinan,2099202211270217,西北师范大学,辉夜大小姐想让我拿牌～究极罚坐,丁佳鹏|庞子博|蒋宇轩,1,0,3,282,339,,rule_10_20_30
2022,jinan,2099202211270218,西南交通大学,劳斯浇浇我,林嘉俊|谢承志|郭欣森,1,0,3,274,333,,rule_10_20_30
2022,jinan,2099202211270219,西南交通大学,宋老板别催了,宋明富|惠子轩|王梓翕,1,0,4,635,238,bronze,rule_10_20_30
2022,jinan,2099202211270220,西南交通大学,SWJTU•陈•CF 杀戮之神•世界颜值的顶峰人•不可置疑的大师•帅帅帅之无敌帅•越宝的粉丝团,宋昊轩|赵一冰|郑星宇,0,0,3,87,,,rule_10_20_30
2022,jinan,2099202211270221,长春理工大学,虎哥哥虎,刘万超|杜雨轩|毕翔伟,1,0,3,95,267,bronze,rule_10_20_30
2022,jinan,2099202211270222,长春理工大学,繁星,姚祥辉|潘奕霖|陈奕帆,0,0,3,523,,,rule_10_20_30
2022,jinan,2099202211270223,长春理工大学,龙神神龙,任鑫|铁博文|魏龙飞,1,0,4,632,237,bronze,rule_10_20_30
2022,jinan,2099202211270224,长沙理工大学,生椰玛丽颜,彭本仁|鲍家帅|黄舒怡,1,0,4,400,177,bronze,rule_10_20_30
2022,jinan,2099202211270225,长沙理工大学,宝可梦之炼金术士,刘帅|刘赟贲|胡洋,1,0,4,388,173,bronze,rule_10_20_30
2022,jinan,2099202211270226,长沙理工大学,3TM,何晶|彭烨青|陈亮,1,0,4,819,257,bronze,rule_10_20_30
2022,jinan,2099202211270227,浙江工业大学,ZJUT14,徐洋|江银|赵恺捷,1,0,5,849,143,silver,rule_10_20_30
2022,jinan,2099202211270228,浙江工业大学,ZJUT12,包林鑫|朱锦|陆徐豪,1,0,5,739,131,silver,rule_10_20_30
2022,jinan,2099202211270229,浙江工业大学,才思泉涌,张盛|蔡凯玮|黄陈兆鋆,1,0,5,611,102,silver,rule_10_20_30
2022,jinan,2099202211270577,山东第一医科大学,第一,李修旭|杜元男|熊泉清,1,0,1,72,495,,rule_10_20_30
2022,jinan,2099202211270230,浙江农林大学,今天你签到了 WA,丁晨涛|王家安|黄伟杰,1,0,2,173,467,,rule_10_20_30
2022,jinan,2099202211270231,浙江农林大学,打铁还需自身硬,卢玮浩|赵锦阳|金轲,1,0,3,498,399,,rule_10_20_30
2022,jinan,2099202211270232,浙江农林大学,法式酸甜西红柿片配黄油鸡蛋粒,丁杭亮|章扬|邵建皓,1,0,3,295,347,,rule_10_20_30
2022,jinan,2099202211270233,郑州大学,郑在解封,乔培元|徐政中|石家华,1,0,4,824,258,bronze,rule_10_20_30
2022,jinan,2099202211270234,郑州大学,zzu_114514,俞子睿|吴程程|蔡明,1,0,4,751,253,bronze,rule_10_20_30
2022,jinan,2099202211270235,郑州大学,青铜时代号,刘贵源|张驰|李自攀,1,0,4,535,222,bronze,rule_10_20_30
2022,jinan,2099202211270236,中国石油大学（华东）,DP 我爱你,周冠|应昕诺|房永乐,1,0,3,353,368,,rule_10_20_30
2022,jinan,2099202211270237,中国石油大学（华东）,剑圣刻晴,于金龙|王岩|胡自骏,1,0,3,427,386,,rule_10_20_30
2022,jinan,2099202211270238,中国石油大学（华东）,黑色坦克,李科辰|秦骉|许嘉星,1,0,3,465,394,,rule_10_20_30
2022,jinan,2099202211270239,中南大学,明日之风的三重奏,徐国琛|李玄靖|赵伯阳,0,0,7,999,,,rule_10_20_30
2022,jinan,2099202211270240,中南大学,摸鱼自动机,周霄羽|张皓然|黄道煜,1,0,6,730,37,gold,rule_10_20_30
2022,jinan,2099202211270241,中南大学,破晓之时,李渔|沈方建|郑逸程,1,0,5,595,98,silver,rule_10_20_30
2022,jinan,2099202211270242,中南民族大学,啊对对对,李子安|李若兰|连煜博,1,0,2,292,481,,rule_10_20_30
2022,jinan,2099202211270243,中南民族大学,2022 互联网海量 offer,张子涵|程家威|陆尹凯,1,0,4,373,168,bronze,rule_10_20_30
2022,jinan,2099202211270244,中南民族大学,姐姐说的都对,张皓博|方可|林佳露,0,0,2,614,,,rule_10_20_30
2022,jinan,2099202211270249,北京化工大学,红绿灯,曾朴凡|李佩峰|熊伟,1,0,2,100,447,,rule_10_20_30
2022,jinan,2099202211270250,北京化工大学,萌新登场,刘祥睿|梁凯星|黄东琦,1,0,3,177,290,bronze,rule_10_20_30
2022,jinan,2099202211270251,北京理工大学珠海学院,翻译鬼才,丘晖扬|张梓俊|杨淦旭,1,0,3,331,359,,rule_10_20_30
2022,jinan,2099202211270252,北京理工大学珠海学院,猫猫狗狗,严景城|刘新宇|苏哲,1,0,2,491,490,,rule_10_20_30
2022,jinan,2099202211270253,北京联合大学,我和青春有个约定,宋长顺|赵世铭|邹开瑞,0,0,0,0,,,rule_10_20_30
2022,jinan,2099202211270254,北京联合大学,三点一线,王翊伟|钟水清|饶超,1,0,3,345,364,,rule_10_20_30
2022,jinan,2099202211270255,北京林业大学,亮,周楷|李子超|邱明亮,1,0,2,76,440,,rule_10_20_30
2022,jinan,2099202211270256,北京林业大学,杂毛小鸡,余行健|李明珠|陈浩翔,1,0,3,134,273,bronze,rule_10_20_30
2022,jinan,2099202211270393,香港大学,我不是密接，我是阳性,劉澈|姜佳禾|王安哲,1,0,8,1037,8,gold,rule_10_20_30
2022,jinan,2099202211270394,香港大学,牛牛拿开，老白,孙圣尧|宋骏凯|黄茂典,1,0,6,844,49,gold,rule_10_20_30
2022,jinan,2099202211270441,北京电子科技学院,小猪佩奇,冀彦丞|庄京生|黄人和,1,0,3,663,415,,rule_10_20_30
2022,jinan,2099202211270573,香港中文大学,焦糖布丁,劉汶楷|袁樂勤|鍾懷哲,1,0,5,558,89,silver,rule_10_20_30
2022,jinan,2099202211270574,香港中文大学,有冇諗法,周禮言|鄭希哲|黃梓謙,1,0,5,654,115,silver,rule_10_20_30
2022,jinan,2099202211270575,香港中文大学,零知孢子,吳曉峻|吳有孚|衛家熙,1,0,5,437,72,silver,rule_10_20_30
2022,jinan,2099202211270578,信息工程大学,宫园薰 YYDS,刘蔚|常勍豪|李淼晗,1,0,3,585,410,,rule_10_20_30
2022,jinan,2099202211270580,香港大学,今天必须再取个队名,施博骜|杨明天|胡肖帮,1,0,5,630,108,silver,rule_10_20_30
2022,jinan,2099202211270257,成都理工大学,文火鸽子汤,张文渝|汤昱力|闫学城,1,0,5,671,119,silver,rule_10_20_30
2022,jinan,2099202211270258,成都理工大学,龙专欢迎您,代乐顺|刘奕俊|雷笙达,1,0,3,213,310,,rule_10_20_30
2022,jinan,2099202211270259,成都信息工程大学,自动 wawa 机,周博文|胡峻搏|黄俊杰,1,0,3,304,349,,rule_10_20_30
2022,jinan,2099202211270260,成都信息工程大学,牛奶,何麟羽|郑淼|黄巫键,1,0,3,180,295,bronze,rule_10_20_30
2022,jinan,2099202211270261,东北大学秦皇岛分校,小饼卷大葱,司伟业|李不凡|董淑睿,1,0,6,1149,62,silver,rule_10_20_30
2022,jinan,2099202211270262,东北大学秦皇岛分校,ACE-101,吴一玄|王敬群|罗潇阳,1,0,5,556,88,silver,rule_10_20_30
2022,jinan,2099202211270263,东北农业大学,转生成为异世界泥头车司机～关于把勇者创回地球的事，然后与变成美少女的队友一起冒险,纪昱彤|谢克渊|陈优,1,0,3,132,272,bronze,rule_10_20_30
2022,jinan,2099202211270264,东北农业大学,不要再被签到题诈骗辣,武桐润|王家强|薛佳伟,1,0,3,419,383,,rule_10_20_30
2022,jinan,2099202211270265,东北师范大学,巨大喷流,胡哲瑜|范耀天|邹宇明,1,0,4,519,216,bronze,rule_10_20_30
2022,jinan,2099202211270266,东北师范大学,哲李好帅,朱衍哲|李然|郝帅,1,0,3,258,326,,rule_10_20_30
2022,jinan,2099202211270267,广州大学,WA&TLE 自动机,吴昊原|林国鑫|陈凯,1,0,3,174,286,bronze,rule_10_20_30
2022,jinan,2099202211270268,广州大学,紫罗兰,吴朝亮|庄鹏鑫|林志伟,1,0,3,107,269,bronze,rule_10_20_30
2022,jinan,2099202211270269,桂林电子科技大学,拔萝卜,刘善坤|叶修|莫泽华,1,0,2,42,423,,rule_10_20_30
2022,jinan,2099202211270270,桂林电子科技大学,《我们队长考青大落榜了》,元正臣|张安航|张蓝天,1,0,5,600,100,silver,rule_10_20_30
2022,jinan,2099202211270271,哈尔滨工业大学,魂魄出窍,祁展华|陈浩然|陈煜航,1,0,6,757,40,gold,rule_10_20_30
2022,jinan,2099202211270272,哈尔滨工业大学,血字的研究,唐贝利|朱峰|王羽婷,1,0,5,510,79,silver,rule_10_20_30
2022,jinan,2099202211270273,杭州电子科技大学信息工程学院,清蒸狮子头,尹凯乐|杨鑫|柳徐吉,1,0,6,763,43,gold,rule_10_20_30
2022,jinan,2099202211270274,杭州电子科技大学信息工程学院,杭州地三仙,李泽瑜|梁孝铨|顾凯耀,1,0,4,551,223,bronze,rule_10_20_30
2022,jinan,2099202211270275,合肥工业大学宣城校区,随便玩玩,何昕悦|唐志远|姜万磊,1,0,5,523,84,silver,rule_10_20_30
2022,jinan,2099202211270276,合肥工业大学宣城校区,茉莉清茶,张程曦|徐震|郑博文,1,0,4,477,200,bronze,rule_10_20_30
2022,jinan,2099202211270277,河海大学,喜猫,司雨佳|吕奕磊|赵子涵,1,0,4,716,250,bronze,rule_10_20_30
2022,jinan,2099202211270278,河海大学,肉蛋葱鸡,刘秉鑫|栾昊霖|陈奕涵,1,0,4,437,188,bronze,rule_10_20_30
2022,jinan,2099202211270279,河南大学,背起背包,刘泽运|邢丙鑫|陈经安,1,0,3,212,309,,rule_10_20_30
2022,jinan,2099202211270280,河南大学,望星,任勐鑫|史书铭|蔡俊宇,1,0,2,45,424,,rule_10_20_30
2022,jinan,2099202211270281,河南农业大学,Indigo,李治毅|贾懿|闫亚鑫,1,0,5,405,67,silver,rule_10_20_30
2022,jinan,2099202211270282,河南农业大学,甜牛奶店,李运超|来锋|王焕章,1,0,3,210,306,,rule_10_20_30
2022,jinan,2099202211270283,湖北工业大学,旅游还是拿牌,余腾飞|国泽家|张宇帆,1,0,5,774,136,silver,rule_10_20_30
2022,jinan,2099202211270284,湖北工业大学,汤先,孙嘉豪|柳俊|陈翔,1,0,5,669,118,silver,rule_10_20_30
2022,jinan,2099202211270285,湖南大学,重拾信心,向金城|周之翔|黄家旺,1,0,3,277,336,,rule_10_20_30
2022,jinan,2099202211270286,湖南大学,金色传说,廖曙康|苏杰|范则鸣,1,0,9,1248,6,gold,rule_10_20_30
2022,jinan,2099202211270579,中国石油大学胜利学院,我坤哥无所不能,凌超|徐帅航|牛正臣,1,0,3,490,398,,rule_10_20_30
2022,jinan,2099202211270287,湖南工业大学,std 错了,易洋|王献阳|蒋恩亮,1,0,3,593,412,,rule_10_20_30
2022,jinan,2099202211270288,湖南工业大学,不太会做题,刘平涛|孙凯文|蔡珏,1,0,3,236,319,,rule_10_20_30
2022,jinan,2099202211270289,湖南警察学院,猪猪队,廖靖华|段家吾|肖玮璟,1,0,2,176,468,,rule_10_20_30
2022,jinan,2099202211270290,湖南警察学院,签到跑路,唐琦|左国祥|洪鸿铭,1,0,4,442,190,bronze,rule_10_20_30
2022,jinan,2099202211270291,湖南科技大学,压力给到全队,张志|朱阿阳|赵文杰,1,0,4,771,255,bronze,rule_10_20_30
2022,jinan,2099202211270292,湖南科技大学,修菜机,渠伟|潘麟鑫|雷勇,1,0,2,66,432,,rule_10_20_30
2022,jinan,2099202211270293,湖州师范学院,练习时长两年半,李鸣涛|杨镓锋|梅耀东,0,0,1,286,,,rule_10_20_30
2022,jinan,2099202211270294,湖州师范学院,不带电脑队,吴泽涛|谭中正|钱越敏,1,0,3,148,280,bronze,rule_10_20_30
2022,jinan,2099202211270295,华东理工大学,小镇 AC 家,叶腾阳|张国辉|王哲元,1,0,3,513,402,,rule_10_20_30
2022,jinan,2099202211270296,华东理工大学,想队名比过题还难,曾剑涛|杭业晟|胡文波,1,0,4,328,159,bronze,rule_10_20_30
2022,jinan,2099202211270297,华东师范大学,量子思维,史晓磊|王晨阳|许青阳,1,0,3,225,316,,rule_10_20_30
2022,jinan,2099202211270298,华东师范大学,天堂制造,姜朝顺|孙书航|贺佳欣,1,0,3,177,290,bronze,rule_10_20_30
2022,jinan,2099202211270299,华南农业大学,缈秘繁星,董跃飞|谭皓|陈伟杰,1,0,2,40,422,,rule_10_20_30
2022,jinan,2099202211270300,华南农业大学,狄利克雷卷积吧,何勤政|何梓信|李泰立,1,0,4,440,189,bronze,rule_10_20_30
2022,jinan,2099202211270301,华南师范大学,公费旅游队,刘骏龙|李泽鹏|梁家健,1,0,3,248,324,,rule_10_20_30
2022,jinan,2099202211270302,华南师范大学,两肉一菜,张泽贤|陈绍民|黄磊,1,0,3,360,371,,rule_10_20_30
2022,jinan,2099202211270303,华中师范大学,你们 AC 我们野炊,张宏辉|曹俞欣|王彬宇,1,0,5,618,105,silver,rule_10_20_30
2022,jinan,2099202211270304,华中师范大学,烧冻鸡翅,熊吉祥|郭子寒|钟鸣,1,0,7,940,22,gold,rule_10_20_30
2022,jinan,2099202211270305,惠州学院,永远的难题,刘柯炜|吴观华|张恒,1,0,3,181,296,bronze,rule_10_20_30
2022,jinan,2099202211270306,惠州学院,代码只有一行,何宗鑫|刘俊龙|郭根鹏,1,0,3,597,413,,rule_10_20_30
2022,jinan,2099202211270307,吉林大学,执子之手抓饼，与子偕老干妈,杨骥遥|程子恒|薛坷佳,1,0,4,915,262,bronze,rule_10_20_30
2022,jinan,2099202211270308,吉林大学,Nan 上加 Nan,周宇恒|方涵斌|李祯浩,1,0,5,749,133,silver,rule_10_20_30
2022,jinan,2099202211270309,集美大学,深夜谁家灯火万盏,蔡培伟|陈伟盛|陈文静,1,0,3,329,358,,rule_10_20_30
2022,jinan,2099202211270310,集美大学,抱歉，这没有集美,何皆庆|林贝宁|蔡万杰,1,0,4,445,192,bronze,rule_10_20_30
2022,jinan,2099202211270311,江西理工大学,zlz,刘洋|朱金康|郑恒庆,1,0,4,315,157,bronze,rule_10_20_30
2022,jinan,2099202211270312,江西理工大学,撒网捕鱼,何旭铖|李鑫涛|汪一林,1,0,3,345,364,,rule_10_20_30
2022,jinan,2099202211270313,江西师范大学,abc,万莲康|张子航|谢炎臻,1,0,4,879,260,bronze,rule_10_20_30
2022,jinan,2099202211270314,江西师范大学,call of accept,万文清|邹怡鹏|钟骋,1,0,3,150,281,bronze,rule_10_20_30
2022,jinan,2099202211270315,兰州大学,河童软科,柴子轩|程思泽|题畅,1,0,0,0,505,,rule_10_20_30
2022,jinan,2099202211270316,兰州大学,真没醒,岑昊铭|邱昱杰|顾庭瑄,1,0,0,0,505,,rule_10_20_30
2022,jinan,2099202211270317,乐山师范学院,代码全敲队,吴志杰|唐杨|苏海东,1,0,3,489,397,,rule_10_20_30
2022,jinan,2099202211270318,乐山师范学院,水上由岐,何世春|罗明杨|钟闻杰,1,0,4,381,171,bronze,rule_10_20_30
2022,jinan,2099202211270319,临沂大学,打完这把就退役,张克嘉|李善杰|范朝辉,1,0,2,25,421,,rule_10_20_30
2022,jinan,2099202211270320,临沂大学,会发生奇迹对不对？,宗永帝|李扬|李海洋,1,0,3,175,287,bronze,rule_10_20_30
2022,jinan,2099202211270321,鲁东大学,功不唐捐,李振兴|郑晨晓|高翔,1,0,2,163,464,,rule_10_20_30
2022,jinan,2099202211270322,鲁东大学,灵狐，为你引路,张瑞哲|李春阳|许博,1,0,2,51,427,,rule_10_20_30
2022,jinan,2099202211270323,南昌航空大学,雀食蟀二队,李浩然|谢梦涛|项煌坤,1,0,4,456,194,bronze,rule_10_20_30
2022,jinan,2099202211270324,南昌航空大学,啥也不会队,涂尔轩|金磊|钱芳贵,1,0,4,598,234,bronze,rule_10_20_30
2022,jinan,2099202211270325,南方科技大学,枫丹白露,严翔羽|何俞均|陈明志,1,0,6,782,46,gold,rule_10_20_30
2022,jinan,2099202211270326,南方科技大学,南方科技大学 - 图卢兹,孔繁初|李开|王德涵,1,0,5,582,93,silver,rule_10_20_30
2022,jinan,2099202211270327,南华大学,陪可莉去打 ACM,彭昊|莫翔宇|蔡宇辰,1,0,2,70,434,,rule_10_20_30
2022,jinan,2099202211270328,南华大学,昨天刚学 C++,司超宁|李奕星|王圣宇,1,0,5,562,91,silver,rule_10_20_30
2022,jinan,2099202211270329,南京理工大学,汪汪立功队,丁宗健|吴其乐|顾怀安,1,0,4,718,251,bronze,rule_10_20_30
2022,jinan,2099202211270330,南京理工大学,立一摸断平三色猫猫头,郭佳樊|金朝哲|陈一涵,1,0,8,1263,11,gold,rule_10_20_30
2022,jinan,2099202211270331,南京林业大学,reji3ter,祝峰楠|邢超宇|雷宇,0,0,4,420,,,rule_10_20_30
2022,jinan,2099202211270332,南京林业大学,锁金村村队,徐震|杨瀚岚|葛文轩,1,0,2,123,453,,rule_10_20_30
2022,jinan,2099202211270333,南京信息工程大学,南信第一女队,方任斌|马钟蕙|鲁哲豪,1,0,4,360,164,bronze,rule_10_20_30
2022,jinan,2099202211270334,南京信息工程大学,生椰拿铁不拿铁,王梓宇|王雨航|管润达,1,0,5,897,145,silver,rule_10_20_30
2022,jinan,2099202211270335,南京邮电大学,今天跑完 2000 米吗,吴政|肖鸿|陆晓琦,1,0,4,600,235,bronze,rule_10_20_30
2022,jinan,2099202211270336,南京邮电大学,拯救世界可太有趣辣,张帅青|蔡振川|金益凡,1,0,5,637,110,silver,rule_10_20_30
2022,jinan,2099202211270337,南开大学,幻视之夜,侯黄博林|华志远|林诗润,1,0,4,696,247,bronze,rule_10_20_30
2022,jinan,2099202211270338,南开大学,只用 spfa 队,孔德嵘|李嘉豪|郭军凯,1,0,6,761,42,gold,rule_10_20_30
2022,jinan,2099202211270339,齐鲁工业大学（山东省科学院）,红黄蓝绿,袁璞鑫|谌兆晖|郑博维,0,0,0,0,,,rule_10_20_30
2022,jinan,2099202211270340,齐鲁工业大学（山东省科学院）,济你太美,张宇豪|张席畅|李昊坤,0,0,3,362,,,rule_10_20_30
2022,jinan,2099202211270341,青岛农业大学,壹来了,刘永奇|李沛恒|蒋炎光,1,0,2,150,462,,rule_10_20_30
2022,jinan,2099202211270342,青岛农业大学,零来了,周宏宝|臧允盛|陈天翊,1,0,3,185,300,bronze,rule_10_20_30
2022,jinan,2099202211270343,曲阜师范大学,孙涛天下第一,孙涛|李政德|李树臻,1,0,2,72,435,,rule_10_20_30
2022,jinan,2099202211270344,曲阜师范大学,吾队有站神,刘洪哲|孙中远|孙思源,1,0,2,106,451,,rule_10_20_30
2022,jinan,2099202211270345,厦门大学,乐观向上,刘政柱|张晋铭|纪奎彬,1,0,3,322,356,,rule_10_20_30
2022,jinan,2099202211270346,厦门大学,恋剖分剖恋,杨鑫|郭承辉|陈一鸣,1,0,4,455,193,bronze,rule_10_20_30
2022,jinan,2099202211270054,电子科技大学,UESTC_Broforce,李尚融|李林泽|程智涛,1,0,5,527,85,silver,rule_10_20_30
2022,jinan,2099202211270055,电子科技大学,UESTC_Black_mage,何旭|周雨辰|张子牛,1,0,6,818,48,gold,rule_10_20_30
2022,jinan,2099202211270056,电子科技大学,UESTC_BetaCode,张能|李欣朋|汪语桐,1,0,4,251,148,silver,rule_10_20_30
2022,jinan,2099202211270057,电子科技大学,UESTC_地平线,吴晓玉|贺皓哲|黄博奕,1,0,5,409,68,silver,rule_10_20_30
2022,jinan,2099202211270058,杭州电子科技大学,杭电 7 队,林圣钬|林炜钦|赵铁囝,1,0,8,1066,9,gold,rule_10_20_30
2022,jinan,2099202211270059,杭州电子科技大学,杭电 6 队,姜正|潘思成|陈载元,1,0,7,1141,28,gold,rule_10_20_30
2022,jinan,2099202211270060,杭州电子科技大学,杭电 11 队,冯军荣|刘潞|沈航,1,0,6,962,58,silver,rule_10_20_30
2022,jinan,2099202211270061,杭州电子科技大学,杭电 16 队,倪楠|徐墨凡|徐铭扬,1,0,5,532,86,silver,rule_10_20_30
2022,jinan,2099202211270062,杭州师范大学,l0afer,夏阳|李力|陈泓昕,1,0,4,569,229,bronze,rule_10_20_30
2022,jinan,2099202211270063,杭州师范大学,幼稚未完,严家俊|俞家豪|周杭安,1,0,3,135,275,bronze,rule_10_20_30
2022,jinan,2099202211270064,杭州师范大学,三众全灰,傅贤杨|包嘉城|江宇杰,1,0,3,146,278,bronze,rule_10_20_30
2022,jinan,2099202211270065,杭州师范大学,鹤望兰,林宏磊|邵铁夫|陈银桦,1,0,6,856,50,gold,rule_10_20_30
2022,jinan,2099202211270066,华中科技大学,从零开始的 ACMER 生活,唐继民|徐颢诚|李扬天,1,0,4,493,204,bronze,rule_10_20_30
2022,jinan,2099202211270067,华中科技大学,加权没了还想打 ACM？,卞曜洋|罗劲豪|陈开宇,1,0,5,520,83,silver,rule_10_20_30
2022,jinan,2099202211270068,华中科技大学,赛博懵哥：孤独行走,何佳林|喻珈|范彦廷,0,0,6,655,,,rule_10_20_30
2022,jinan,2099202211270069,华中科技大学,fufu 能有什么坏心眼呢,冯业齐|胡伟江|黄浚源,1,0,6,945,57,silver,rule_10_20_30
2022,jinan,2099202211270070,南京航空航天大学,队名不可为空,丁希宸|张正烨|赵谷井,1,0,3,529,404,,rule_10_20_30
2022,jinan,2099202211270071,南京航空航天大学,愚人众第十二席,刘昊文|周栎|谢雨奇,1,0,3,147,279,bronze,rule_10_20_30
2022,jinan,2099202211270072,南京航空航天大学,幺鸡小分队,刘昊哲|周傅毅楠|沈凌翔,1,0,5,810,141,silver,rule_10_20_30
2022,jinan,2099202211270073,南京航空航天大学,什么是 ICPC,张波|张海若|范承洁,1,0,2,279,480,,rule_10_20_30
2022,jinan,2099202211270074,宁波大学,俊哥说的队,姚沈豪|陈品文|黄良俊,0,0,3,487,,,rule_10_20_30
2022,jinan,2099202211270075,宁波大学,呵呵队,汪家乐|陈彦翰|陈炳灿,0,0,2,522,,,rule_10_20_30
2022,jinan,2099202211270076,宁波大学,为白雪染色,朱文豪|李嘉琪|王茹月,1,0,5,725,128,silver,rule_10_20_30
2022,jinan,2099202211270077,宁波大学,reincarnation,林成峰|梁航锋|赵瑞杰,1,0,4,386,172,bronze,rule_10_20_30
2022,jinan,2099202211270078,青岛科技大学,黑尾鸥,张宝文|温智凯|马淑华,1,0,6,787,47,gold,rule_10_20_30
2022,jinan,2099202211270079,青岛科技大学,面向样例的程序设计,王盛霖|王科智|闫振斌,0,0,4,539,,,rule_10_20_30
2022,jinan,2099202211270080,青岛科技大学,奥卡姆剃刀,武伯龙|陈鸿博|靳知见,1,0,3,177,290,bronze,rule_10_20_30
2022,jinan,2099202211270081,青岛科技大学,与或非,晋学锐|林海|陈德山,1,0,5,667,117,silver,rule_10_20_30
2022,jinan,2099202211270245,安徽大学,三条可怜,常昊冉|张允成|桑浩翔,1,0,5,736,129,silver,rule_10_20_30
2022,jinan,2099202211270246,安徽大学,融合巨怪,李骋|罗欣然|闵烁,1,0,7,1033,25,gold,rule_10_20_30
2022,jinan,2099202211270564,中南林业科技大学,中南林业科技大学 2 队,刘超|林靖洋|胡炬,1,0,2,110,452,,rule_10_20_30
2022,jinan,2099202211270347,山东财经大学,偶然性,康佳政|马金鹏|黄越,1,0,3,420,384,,rule_10_20_30
2022,jinan,2099202211270348,山东财经大学,杰哥不要嘛,付用鹏|刘晟豪|李杰,1,0,3,619,414,,rule_10_20_30
2022,jinan,2099202211270349,山东大学附属中学,疯狂星期四，今天我吃四,孙允泽|王子熙|王怡钧,0,0,0,0,,,rule_10_20_30
2022,jinan,2099202211270350,山东大学附属中学,摸鱼有罪，内卷万岁！,孔德玮|孙悦淳|韩尚格,0,0,0,0,,,rule_10_20_30
2022,jinan,2099202211270351,山东工商学院,时间超限,张乐康|李旭|王成魁,1,0,2,88,443,,rule_10_20_30
2022,jinan,2099202211270352,山东工商学院,优雅,刘骋羽|崔文贺|廖银,1,0,3,259,327,,rule_10_20_30
2022,jinan,2099202211270353,山东省平邑第一中学,红薯脆皮,孙子众|李俊杰|袁振轩,0,0,4,930,,,rule_10_20_30
2022,jinan,2099202211270354,山东省平邑第一中学,你说对，但原神,唐绍轩|潘天然|臧启超,0,0,3,307,,,rule_10_20_30
2022,jinan,2099202211270355,山东师范大学,蒙古上单,于健|代江坤|李永杰,1,0,3,577,409,,rule_10_20_30
2022,jinan,2099202211270356,山东师范大学,大二大三大四,张立坤|王位毅|聂晓阳,1,0,5,866,144,silver,rule_10_20_30
2022,jinan,2099202211270357,山东师范大学附属中学,法师祖,孙文康|谷宇益|闫昊潼,0,0,1,224,,,rule_10_20_30
2022,jinan,2099202211270358,山东师范大学附属中学,陈怡成是我老大哥,徐晟玮|曲泽阳|程明达,0,0,0,0,,,rule_10_20_30
2022,jinan,2099202211270359,深圳大学,twilight illusion,叶可禾|张艺轩|郑博瀚,1,0,5,560,90,silver,rule_10_20_30
2022,jinan,2099202211270360,深圳大学,SZU_Will-Qin,苏梓瀚|郭泽森|陈俊明,1,0,6,861,51,gold,rule_10_20_30
2022,jinan,2099202211270361,沈阳航空航天大学,打铁匠人,刘力源|吴晗|王恺瑞,1,0,2,55,430,,rule_10_20_30
2022,jinan,2099202211270362,沈阳航空航天大学,全是暴力，没有算法,姜昊|李博涵|白伟琦,1,0,3,301,348,,rule_10_20_30
2022,jinan,2099202211270363,石家庄铁道大学,嘉德罗斯,周正|宋佳勇|庄忠旭,1,0,4,749,252,bronze,rule_10_20_30
2022,jinan,2099202211270364,石家庄铁道大学,破浪队,刘梦阳|程智宇|赵宇康,1,0,2,105,449,,rule_10_20_30
2022,jinan,2099202211270365,台州学院,等等还没想好,孙张烨|罗志鹏|郑纪纲,1,0,3,119,270,bronze,rule_10_20_30
2022,jinan,2099202211270366,台州学院,越人歌,任敏浩|关海圳|徐安格,1,0,3,458,393,,rule_10_20_30
2022,jinan,2099202211270367,天津大学,背着队友偷偷 A 题,刘汶铮|艾力西尔·安外尔|陈曦,1,0,4,470,199,bronze,rule_10_20_30
2022,jinan,2099202211270368,天津大学,Ag 自动机,刘兴祖|阿布都萨拉木·阿布力米提|陈雨璇,1,0,3,95,267,bronze,rule_10_20_30
2022,jinan,2099202211270369,天津工业大学,别在这里发典,李政|郁文昊|陈骏昇,1,0,3,221,313,,rule_10_20_30
2022,jinan,2099202211270370,天津工业大学,怎么又要起名啊,张璐瑶|王南雄|王崧,1,0,3,314,354,,rule_10_20_30
2022,jinan,2099202211270371,同济大学,无紫不行,张翔|王铭邦|雒俊为,1,0,5,413,69,silver,rule_10_20_30
2022,jinan,2099202211270372,同济大学,达拉崩吧班德贝迪卜多比鲁翁,刘依扬|孙治弘|张乐天,1,0,5,516,80,silver,rule_10_20_30
2022,jinan,2099202211270373,威海市实验高级中学,养正融新_whsygz,刁元贺|王皓文|连君朴,0,0,3,153,,,rule_10_20_30
2022,jinan,2099202211270374,威海市实验高级中学,今晚九点，小王唱歌，不见不散。,戚朗瑞|谢知临|赵姜旭,0,0,3,240,,,rule_10_20_30
2022,jinan,2099202211270375,武汉科技大学,心里没点 AC 数,侯丞志|周神洲|马长敬,1,0,3,175,287,bronze,rule_10_20_30
2022,jinan,2099202211270376,武汉科技大学,无星之夜,聂泽锴|胡步|郑天佑,1,0,5,516,80,silver,rule_10_20_30
2022,jinan,2099202211270377,武汉理工大学,你敢跟他作队,吴雨桐|王奖昊|胡金融,1,0,4,400,177,bronze,rule_10_20_30
2022,jinan,2099202211270378,武汉理工大学,再睡五分钟,侯雪峰|叶圳琨|谢子扬,1,0,5,580,92,silver,rule_10_20_30
2022,jinan,2099202211270379,武汉商学院,百万核爆,张楷炜|贾锐哲|魏翔,0,0,2,221,,,rule_10_20_30
2022,jinan,2099202211270380,武汉商学院,大力水手吃菠菜,曾庆锋|许义|陈群强,1,0,0,0,505,,rule_10_20_30
2022,jinan,2099202211270381,西北大学,ACM 并非势均力敌，多位大厨正在烹饪,叶嘉宁|王卜言|郭子威,1,0,3,354,369,,rule_10_20_30
2022,jinan,2099202211270382,西北大学,只因械键盘,吴桐|孙潇桐|施宇杰,1,0,2,105,449,,rule_10_20_30
2022,jinan,2099202211270383,西北农林科技大学,先闭眼暴力一发,寻真|李慕晗|沈泉宏,1,0,4,526,218,bronze,rule_10_20_30
2022,jinan,2099202211270384,西北农林科技大学,飞鱼在努力,刘超宇|刘飞裕|易达,1,0,3,556,407,,rule_10_20_30
2022,jinan,2099202211270385,西藏民族大学,秦汉一,冯灵|李行|杜美璇,1,0,2,229,474,,rule_10_20_30
2022,jinan,2099202211270386,西藏民族大学,秦汉 2,李知远|王越|黄恩典,1,0,2,293,482,,rule_10_20_30
2022,jinan,2099202211270387,西南财经大学,西财汪汪队,侯爵|来冠男|王俊超,1,0,2,242,475,,rule_10_20_30
2022,jinan,2099202211270388,西南财经大学,超级飞侠,万正奇|赵行康|钱汇,1,0,1,311,504,,rule_10_20_30
2022,jinan,2099202211270389,西南科技大学,你有没有听见孩子们的悲鸣,杨展鹏|郭智超|黄小诚,1,0,4,497,207,bronze,rule_10_20_30
2022,jinan,2099202211270390,西南科技大学,贡嘎雪山,周杨杨|粟永航|袁博洋,1,0,4,435,187,bronze,rule_10_20_30
2022,jinan,2099202211270391,西南石油大学,南柯梦为真,|李冉曦|李潇,1,0,3,268,331,,rule_10_20_30
2022,jinan,2099202211270392,西南石油大学,暴龙战士,欧云峰|罗潇棋|钟夏林,1,0,3,411,379,,rule_10_20_30
2022,jinan,2099202211270395,香港中文大学（深圳）,隐约丁真,戴湛宸|梁骆城|赵若森,1,0,4,809,256,bronze,rule_10_20_30
2022,jinan,2099202211270396,香港中文大学（深圳）,龙大相遇快乐划水,夏禹扬|蒋一歌|赵子逸,1,0,6,880,53,silver,rule_10_20_30
2022,jinan,2099202211270397,湘潭大学,鳖载着理发店,李子熙|谭盾|陈彦宇,1,0,5,621,106,silver,rule_10_20_30
2022,jinan,2099202211270398,湘潭大学,先锋养猪场,吴勇|彭蔚祺|李越,1,0,2,140,459,,rule_10_20_30
2022,jinan,2099202211270399,烟台大学,不挤公交队,葛金鑫|郁昌民|郭一忱,1,0,2,265,477,,rule_10_20_30
2022,jinan,2099202211270400,烟台大学,启示录,俞传洲|徐振祥|王令辉,1,0,5,647,113,silver,rule_10_20_30
2022,jinan,2099202211270401,燕山大学,为了实现最后的梦想,孙振轩|李壮壮|马信宏,0,0,4,562,,,rule_10_20_30
2022,jinan,2099202211270402,燕山大学,雨无雪无梦,刘雨琛|杨开开|邵志旻,1,0,3,380,374,,rule_10_20_30
2022,jinan,2099202211270403,枣庄学院,艾电子流,张璐|李文烁|都文强,1,0,0,0,505,,rule_10_20_30
2022,jinan,2099202211270404,枣庄学院,燃烧陨石,刘志远|曹天澄|汪文清,1,0,1,123,500,,rule_10_20_30
2022,jinan,2099202211270405,长安大学,彩虹岛之戮,刘葆骐|张园|段可然,1,0,4,958,263,bronze,rule_10_20_30
2022,jinan,2099202211270406,长安大学,在我上面的都是 op,李嘉良|杨茂|石瑶,1,0,4,427,184,bronze,rule_10_20_30
2022,jinan,2099202211270407,长春工业大学,字符串我们大抵是寄了,余欢欢|李金肖|高新桂,1,0,3,268,331,,rule_10_20_30
2022,jinan,2099202211270408,长春工业大学,临江仙,吴越哲|季宏轩|邱宏阳,1,0,3,253,325,,rule_10_20_30
2022,jinan,2099202211270409,浙大城市学院,266 寝室长去考研了,何伟煊|何勇杰|蒋净洋,1,0,5,338,65,silver,rule_10_20_30
2022,jinan,2099202211270410,浙大城市学院,来杯拿铁,潘劲帆|章晨榆|钟天宇,1,0,5,293,64,silver,rule_10_20_30
2022,jinan,2099202211270411,浙江财经大学,秃如其来,叶国钊|张垚垚|朱新宇,1,0,6,698,33,gold,rule_10_20_30
2022,jinan,2099202211270412,浙江财经大学,读题困难户,劳佳鸿|肖惟宸|黄泳泉,1,0,3,224,315,,rule_10_20_30
2022,jinan,2099202211270413,浙江科技学院,遇到困难睡大觉,姚煜铭|蒋立彦|颜忠祥,1,0,2,54,429,,rule_10_20_30
2022,jinan,2099202211270414,浙江科技学院,浙科五队,杨之川|葛伟杰|黄俊豪,1,0,4,391,174,bronze,rule_10_20_30
2022,jinan,2099202211270415,浙江万里学院,精神小伙成双成队,岳杨|谢杭轩|郁佳烨,1,0,3,428,387,,rule_10_20_30
2022,jinan,2099202211270416,浙江万里学院,我们仨指定嘎嘎乱杀,吴振扬|袁礼赞|赵之钰,1,0,4,668,243,bronze,rule_10_20_30
2022,jinan,2099202211270417,郑州轻工业大学,分个序，排个块,孙泽国|张一泽|王家琪,1,0,4,290,155,bronze,rule_10_20_30
2022,jinan,2099202211270418,郑州轻工业大学,没有数理基础,刘子豪|卢亚冬|赵清杨,0,0,4,266,,,rule_10_20_30
2022,jinan,2099202211270419,中国传媒大学,定福庄好果汁株式会社,兰淳枫|杨宇森|潘东逸杰,1,0,0,0,505,,rule_10_20_30
2022,jinan,2099202211270420,中国传媒大学,三只菜汪,蒙佳健|邓何奇|郑华庆,1,0,3,415,381,,rule_10_20_30
2022,jinan,2099202211270421,中国地质大学（北京）,常夜樱的满绽,李桂嘉|罗逸恒|贾杨阳,1,0,3,285,343,,rule_10_20_30
2022,jinan,2099202211270422,中国地质大学（北京）,为美好的世界献上祝福！,姚顺玙|曹胜华|王宁,1,0,5,675,120,silver,rule_10_20_30
2022,jinan,2099202211270423,中国地质大学（武汉）,香水有毒,战翔宇|朱天泽|赵霄,1,0,3,282,339,,rule_10_20_30
2022,jinan,2099202211270424,中国地质大学（武汉）,只会做签到题,余熙|张芷豪|樊瑞航,1,0,2,343,484,,rule_10_20_30
2022,jinan,2099202211270425,中国计量大学,吴老板想要变成 chico 的狗,吴志存|杨晗|章霄宇,1,0,4,663,242,bronze,rule_10_20_30
2022,jinan,2099202211270426,中国计量大学,带恶人组织,杨亦栋|苗先涛|金志韬,1,0,5,905,146,silver,rule_10_20_30
2022,jinan,2099202211270427,中国科学院大学,骑士与龙,徐亦周|楼持恒|胡景佩,1,0,6,1096,61,silver,rule_10_20_30
2022,jinan,2099202211270428,中国科学院大学,你说的队,汪铭煜|燕翼鸣|苑骏康,1,0,4,702,249,bronze,rule_10_20_30
2022,jinan,2099202211270429,中国矿业大学（北京）,二进制的风,杨文强|程一帆|闵俊宝,1,0,2,470,489,,rule_10_20_30
2022,jinan,2099202211270430,中国矿业大学（北京）,明月照积雪,柳翔宇|田博闻|许正扬,1,0,1,153,502,,rule_10_20_30
2022,jinan,2099202211270431,中国人民解放军国防科技大学,终极规律号,李剑锋|李天豪|李鑫鹏,1,0,4,762,254,bronze,rule_10_20_30
2022,jinan,2099202211270432,中国人民解放军国防科技大学,湘江后浪,刘亚鹏|孙晓帆|陈昱达,1,0,4,509,212,bronze,rule_10_20_30
2022,jinan,2099202211270433,重庆大学,急急国王,冯宇航|毛顺强|许骏扬,1,0,3,158,284,bronze,rule_10_20_30
2022,jinan,2099202211270434,重庆大学,狂风之力,王冀鲁|黄思源|黄锐,1,0,6,739,38,gold,rule_10_20_30
2022,jinan,2099202211270435,重庆邮电大学,阿尔托莉雅,刘雨鹏|彭鑫宇|罗予恒,1,0,4,406,180,bronze,rule_10_20_30
2022,jinan,2099202211270436,重庆邮电大学,这是你的捍 WA 者,孙培博|江骏扬|罗昊,1,0,5,359,66,silver,rule_10_20_30
2022,jinan,2099202211270437,中国人民大学,快跑！挂！挂！！呱！！！,王子恒|舒文桐|高一鸣,1,0,5,750,135,silver,rule_10_20_30
2022,jinan,2099202211270438,中国人民大学,揭开盒子的面纱,唐熙霖|曾乐天|黄星童,1,0,4,532,221,bronze,rule_10_20_30
2022,jinan,2099202211270442,北京工业大学,AK 就吃华莱士,吴美霖|陈小勇|陈建宇,1,0,2,268,478,,rule_10_20_30
2022,jinan,2099202211270443,北京科技大学,我不行了,王诺贤|苏锦波|许卓婷,1,0,4,970,264,bronze,rule_10_20_30
2022,jinan,2099202211270444,北京师范大学珠海校区,公费旅游团,刘东轩|姚梦俊|张涵,1,0,2,161,463,,rule_10_20_30
2022,jinan,2099202211270445,常州大学,[微信红包] 恭喜发财，大吉大利,吕乐甜|徐伟浩|赵可鉴,1,0,4,611,236,bronze,rule_10_20_30
2022,jinan,2099202211270446,成都东软学院,练习两年半,张旭东|赵哲煜|陈笑,1,0,3,311,352,,rule_10_20_30
2022,jinan,2099202211270447,成都锦城学院,太美丽了！锦城,徐逸芃|杨凡|魏佳盛,1,0,3,280,338,,rule_10_20_30
2022,jinan,2099202211270448,大连大学,AK 为止,张璟琪|朱熙恒|梁亮,1,0,2,135,456,,rule_10_20_30
2022,jinan,2099202211270449,大连东软信息学院,1+1+1==0,刘校辰|邓文博|颜培政,1,0,2,88,443,,rule_10_20_30
2022,jinan,2099202211270450,大连海事大学,职业新生,孙林|王赟杰|覃相荣,1,0,2,166,465,,rule_10_20_30
2022,jinan,2099202211270451,东北电力大学,HAL 9000,关凯铭|徐浩东|李翔宇,1,0,5,547,87,silver,rule_10_20_30
2022,jinan,2099202211270452,东北林业大学,线性封闭,汪兴阳|潘航|赵俊博,1,0,3,294,346,,rule_10_20_30
2022,jinan,2099202211270453,东华理工大学,昏睡红茶队,刘强|张宇杰|董政,1,0,2,75,439,,rule_10_20_30
2022,jinan,2099202211270454,福建工程学院,黄昏之烬的二重奏,林凯锋|江鑫|肖含境,1,0,4,402,179,bronze,rule_10_20_30
2022,jinan,2099202211270455,福建农林大学,重生之我是懒狗,兰宇平|林新煜|陈心桥,1,0,6,920,56,silver,rule_10_20_30
2022,jinan,2099202211270456,福州职业技术学院,你没事就吃溜溜梅,孟羽佳|王东|郭泽楷,1,0,4,892,261,bronze,rule_10_20_30
2022,jinan,2099202211270457,阜阳师范大学,最后,储思晴|谢天意|谢腾飞,1,0,5,624,107,silver,rule_10_20_30
2022,jinan,2099202211270458,广东财经大学,CodeFire,甘孟勇|罗仲桥|黄阳辉,1,0,3,358,370,,rule_10_20_30
2022,jinan,2099202211270459,广东东软学院,三个寄俩,余青城|罗宇聪|黎亮,1,0,3,262,330,,rule_10_20_30
2022,jinan,2099202211270460,广东工业大学揭阳校区,GDUTJY_你若 AC 便是晴天,罗拓展|苏嘉豪|黎俊霆,1,0,2,72,435,,rule_10_20_30
2022,jinan,2099202211270461,广东海洋大学,啊对对队,张齐福|朱嘉玉|陈浩然,1,0,2,147,460,,rule_10_20_30
2022,jinan,2099202211270462,广东技术师范大学,分治 ac,林家民|谢合松|郑伊延,1,0,4,329,160,bronze,rule_10_20_30
2022,jinan,2099202211270463,广东培正学院,社恐,刘宇航|张绍洋|沈亦鱼,1,0,3,445,390,,rule_10_20_30
2022,jinan,2099202211270464,广东外语外贸大学,数组初始化了吗,吴泳彤|王辕|黄智维,1,0,2,72,435,,rule_10_20_30
2022,jinan,2099202211270465,广西大学,芝士雪豹,张一凡|王辰昊|黄连东,1,0,3,360,371,,rule_10_20_30
2022,jinan,2099202211270466,广西科技大学,猫猫星的守望,李欣燃|薛沈轲|高业诚,1,0,3,563,408,,rule_10_20_30
2022,jinan,2099202211270467,广西民族大学,无语了,吕继民|杨子龙|王志贤,1,0,3,369,373,,rule_10_20_30
2022,jinan,2099202211270468,广西师范大学,涅槃重生,兰淞|石伟凡|钱浩栋,1,0,4,584,231,bronze,rule_10_20_30
2022,jinan,2099202211270469,广州城市理工学院,小飞棍来喏,关向良|郑铖淇|麦基成,1,0,1,85,497,,rule_10_20_30
2022,jinan,2099202211270470,广州南方学院,狂怒,童希玮|谢旭鹏|黄嘉琳,1,0,2,133,454,,rule_10_20_30
2022,jinan,2099202211270471,贵州大学,青春 NovelAI 不会梦到 AlphaCode,李东阳|肖焕|邓惠敏,1,0,3,291,345,,rule_10_20_30
2022,jinan,2099202211270472,桂林信息科技学院,小飞机来喽,于文豪|徐轲|谢锐,1,0,2,220,473,,rule_10_20_30
2022,jinan,2099202211270473,国际关系学院,国际关系学院一队,戴景镕|石朔宇|谌伦杰,1,0,2,318,483,,rule_10_20_30
2022,jinan,2099202211270474,哈尔滨理工大学（荣成）,猫猫说的都队,刘希源|李佳浩|王天畅,1,0,2,246,476,,rule_10_20_30
2022,jinan,2099202211270475,合肥工业大学,还没学会,张嘉威|戴航|邓蓍颖,1,0,5,803,140,silver,rule_10_20_30
2022,jinan,2099202211270476,河北工程大学,赛博丁真,孙宏涛|李一诺|王有为,1,0,2,453,486,,rule_10_20_30
2022,jinan,2099202211270477,河北经贸大学,小飞棍来咯,孔博远|杨嘉莹|杨铠睿,1,0,1,97,499,,rule_10_20_30
2022,jinan,2099202211270478,河北民族师范学院,狗牌队请务必 AC,李子博|王利伟|雷百祥,1,0,2,273,479,,rule_10_20_30
2022,jinan,2099202211270479,河南工业大学,将故事写成我们,孔维飒|李志豪|苏锦鹏,1,0,4,360,164,bronze,rule_10_20_30
2022,jinan,2099202211270480,河南理工大学,三个猛男,张定一|朱胜豪|赵亚飞,1,0,5,591,97,silver,rule_10_20_30
2022,jinan,2099202211270481,河南师范大学,雪之下雪乃,张新可|陈卓|黄尹鸿,1,0,2,50,426,,rule_10_20_30
2022,jinan,2099202211270482,黑龙江大学,世界终焉即是 AC 开始,伍宝骅|徐振寓|李冠洋,1,0,3,211,308,,rule_10_20_30
2022,jinan,2099202211270483,湖南工学院,妙脆角,何松伟|周顺|旷鹏,1,0,3,514,403,,rule_10_20_30
2022,jinan,2099202211270484,湖南理工学院,WA，你很有希望！,向杰|李居航|李维逸,1,0,3,221,313,,rule_10_20_30
2022,jinan,2099202211270485,湖南农业大学,两蒂蒂夹面包,严圣培|张令轩|肖潇,1,0,3,312,353,,rule_10_20_30
2022,jinan,2099202211270486,湖南农业大学东方科技学院,啊队队队,李晟|欧阳升|黄鑫,1,0,3,683,418,,rule_10_20_30
2022,jinan,2099202211270487,湖南人文科技学院,guanwoniaoshi,余含|李柏林|邹高豪,1,0,3,233,318,,rule_10_20_30
2022,jinan,2099202211270488,湖南师范大学,师大之觲,倪祺祺|杨泽旭|马嘉豪,1,0,4,492,203,bronze,rule_10_20_30
2022,jinan,2099202211270489,华北科技学院,打铁铸铁,张水金|汤铠与|蔚明航,1,0,3,391,377,,rule_10_20_30
2022,jinan,2099202211270490,华北理工大学,深黑幻想,周广越|尹尚龙|张恒旭,1,0,3,135,275,bronze,rule_10_20_30
2022,jinan,2099202211270491,华中农业大学,吸金石,吴俊彤|周广通|张浩辉,1,0,4,444,191,bronze,rule_10_20_30
2022,jinan,2099202211270492,淮北师范大学,依古比古,倪敏慧|祝炜曈|黄新元,1,0,5,647,113,silver,rule_10_20_30
2022,jinan,2099202211270493,吉首大学,重生之非常 2+1,吴钿俊|文凯|易松杰,1,0,5,705,125,silver,rule_10_20_30
2022,jinan,2099202211270494,济南大学,SK 計画,周亚冰|尹依哲|李晓,1,0,2,208,472,,rule_10_20_30
2022,jinan,2099202211270495,济南市历城第二中学,核堆原,何彦霖|侯恩潇|张一博,0,0,0,0,,,rule_10_20_30
2022,jinan,2099202211270496,嘉应学院,两极反转,张嘉焜|范淮宝|许昱华,1,0,3,139,277,bronze,rule_10_20_30
2022,jinan,2099202211270497,江苏科技大学,没办法,殷苏海|王博|续马乐,1,0,5,701,124,silver,rule_10_20_30
2022,jinan,2099202211270498,江苏理工学院,可恶还是不行吗,李乐|杜晓行|郭宸逸,1,0,2,60,431,,rule_10_20_30
2022,jinan,2099202211270499,江西财经大学,hyyzzz,周伟杰|喻琰|胡衍滨,1,0,3,547,406,,rule_10_20_30
2022,jinan,2099202211270500,江西科技学院,咱三一队,宗杰|彭中宇|黎佳慧,1,0,1,34,493,,rule_10_20_30
2022,jinan,2099202211270501,金陵科技学院,先交一发再说,徐江涛|方赛|沙昱成,1,0,2,178,469,,rule_10_20_30
2022,jinan,2099202211270502,井冈山大学,大国铁匠,刘宇生|吴传民|张家钰,1,0,2,46,425,,rule_10_20_30
2022,jinan,2099202211270503,辽宁大学,地狱制造,沙茂林|洪梓炜|胡文龙,1,0,4,395,175,bronze,rule_10_20_30
2022,jinan,2099202211270504,闽南师范大学,变成嘉然偷吃贡品,吴汉松|林志强|龚泽民,1,0,4,566,228,bronze,rule_10_20_30
2022,jinan,2099202211270505,南昌大学,摆烂猫猫,万钧|惠鹏程|蔡定中,1,0,4,313,156,bronze,rule_10_20_30
2022,jinan,2099202211270506,南昌理工学院,写不出代码,万训炜|刘伟|姚俞坚,1,0,3,278,337,,rule_10_20_30
2022,jinan,2099202211270507,南京师范大学,昔日辉煌,宋廉鸿|彭章荣|李睿,1,0,5,661,116,silver,rule_10_20_30
2022,jinan,2099202211270508,南京晓庄学院,雪豹我们上,伍锦融|朱鑫磊|陶志诚,1,0,2,77,441,,rule_10_20_30
2022,jinan,2099202211270509,南阳理工学院,队友上机我开摆,张暮冉|李岩|梁儒冰,1,0,5,790,138,silver,rule_10_20_30
2022,jinan,2099202211270510,南阳师范学院,皮卡皮卡,周静饧|曹高磊|沈妍琪,1,0,4,519,216,bronze,rule_10_20_30
2022,jinan,2099202211270511,莆田学院,我一定可以 ac 对不队,巫易|王庆艳|许城涛,1,0,3,667,416,,rule_10_20_30
2022,jinan,2099202211270512,齐齐哈尔大学,教练说我们没有拿奖就不给报销,周海涛|胡永顺|邹建楠,1,0,4,456,194,bronze,rule_10_20_30
2022,jinan,2099202211270513,三峡大学,dp 请再爱我一次,李永波|颜立|鲍洋,1,0,3,260,328,,rule_10_20_30
2022,jinan,2099202211270514,厦门大学嘉庚学院,白开水没有味,吴志伟|吴新宇|杨骏飞,1,0,3,188,303,bronze,rule_10_20_30
2022,jinan,2099202211270515,厦门理工学院,天天码代码,范荣楷|郑钧胜|黄梓濠,1,0,2,454,487,,rule_10_20_30
2022,jinan,2099202211270516,山东管理学院,AC 自动机,姚忠禹|张华越|陈健豪,1,0,2,205,471,,rule_10_20_30
2022,jinan,2099202211270517,山东农业大学,一天队,李振一|武天乐|钟苏阳,1,0,3,177,290,bronze,rule_10_20_30
2022,jinan,2099202211270518,山东女子学院,BlackRed,姚秀涛|张艺颖|胡吉利,1,0,2,356,485,,rule_10_20_30
2022,jinan,2099202211270519,山东省泰安第一中学,塔元庄,房天乐|李卓航|王源鑫,0,0,5,699,,,rule_10_20_30
2022,jinan,2099202211270520,山东省淄博第四中学,淄博四中代表队,亓骏良|周晋烜|王骁松,0,0,2,304,,,rule_10_20_30
2022,jinan,2099202211270521,山东中医药大学,版本答案,宋振颖|张新帅|邢同昊,1,0,2,465,488,,rule_10_20_30
2022,jinan,2099202211270522,陕西科技大学,三个外省人打陕西省省赛,张席|张恩哲|方玟萱,1,0,3,681,417,,rule_10_20_30
2022,jinan,2099202211270523,陕西师范大学,三丘丘采药,於芸仲|杨扬|王子浩,1,0,1,66,494,,rule_10_20_30
2022,jinan,2099202211270524,上海财经大学,Sakana,曹人杰|费煜章|郭士纳,1,0,3,176,289,bronze,rule_10_20_30
2022,jinan,2099202211270525,上海第二工业大学,粉红毛毛兔,胡垚|邓人铭|陈骏蔚,1,0,3,127,271,bronze,rule_10_20_30
2022,jinan,2099202211270526,上海电机学院,队友单身换牌子,张德辉|王宁|罗慧康,1,0,3,244,323,,rule_10_20_30
2022,jinan,2099202211270527,上海海事大学,开学就算成功,李驰科|胡小川|邓明,1,0,2,188,470,,rule_10_20_30
2022,jinan,2099202211270528,上海海洋大学,临港贝极星,张一帆|徐华源|谷艺豪,1,0,4,560,226,bronze,rule_10_20_30
2022,jinan,2099202211270529,上海科技大学,嘉然今天吃 Lycoris,张城源|胡艾博|黄磊,1,0,5,749,133,silver,rule_10_20_30
2022,jinan,2099202211270530,上海理工大学,立直 Dora7,张沐龙|蔡钦成|饶星晨,1,0,4,481,201,bronze,rule_10_20_30
2022,jinan,2099202211270531,韶关学院,AC 下一题,杨扬|董滨豪|陈锦程,1,0,3,746,420,,rule_10_20_30
2022,jinan,2099202211270532,绍兴文理学院元培学院,保一争二,尤可扬|江雨珊|汤靖,1,0,3,178,294,bronze,rule_10_20_30
2022,jinan,2099202211270533,沈阳化工大学,拿到铜牌就退役,孙皓宸|易朝玺|朱宏凯,1,0,4,678,245,bronze,rule_10_20_30
2022,jinan,2099202211270534,沈阳师范大学,然而数院小姐姐并不想搭理我队友,孙岸琦|贾旭冉|钟日优,1,0,3,512,401,,rule_10_20_30
2022,jinan,2099202211270535,天津理工大学,打铁还需自身硬,向东|罗耀宇|陈佳博,1,0,5,1015,147,silver,rule_10_20_30
2022,jinan,2099202211270536,天津仁爱学院,无言以队,李安磊|李永龙|郭晓雨,1,0,2,73,438,,rule_10_20_30
2022,jinan,2099202211270537,潍坊学院,积极向上,孙国昌|梁英凡|王涵,1,0,3,236,319,,rule_10_20_30
2022,jinan,2099202211270538,温州大学,晓之车,张世杰|朱怿翔|汪景琦,1,0,2,94,446,,rule_10_20_30
2022,jinan,2099202211270539,武昌首义学院,一棵生成树,肖诺|胡跃北|袁辰,1,0,3,499,400,,rule_10_20_30
2022,jinan,2099202211270540,武汉纺织大学,仿生人会梦到电子羊吗,曹翔宇|祝津一|种佳琪,1,0,4,363,166,bronze,rule_10_20_30
2022,jinan,2099202211270541,武汉工程大学,Witeam,刘欣雨|王尔强|黎永琪,1,0,4,978,265,bronze,rule_10_20_30
2022,jinan,2099202211270542,武汉学院,WHCC,刘傲铭|耿雪雨|陈永垅,1,0,3,186,301,bronze,rule_10_20_30
2022,jinan,2099202211270543,西安建筑科技大学,三明智,王学荣|陈碧辉|黄林豪,1,0,4,426,183,bronze,rule_10_20_30
2022,jinan,2099202211270544,西安交通大学,写都写了，交一发吧,周品良|杨一帆|贺睿杰,1,0,5,428,70,silver,rule_10_20_30
2022,jinan,2099202211270545,西安理工大学,德鲁比,徐浩然|赵铭骏|金钰奇,1,0,4,397,176,bronze,rule_10_20_30
2022,jinan,2099202211270546,香港浸会大学,退役选手收容所,宋昊洋|芦钰棋|赵云翔,1,0,5,496,77,silver,rule_10_20_30
2022,jinan,2099202211270547,香港理工大学,鲨蜂树,张昊霖|徐乐|陈俊儒,1,0,5,835,142,silver,rule_10_20_30
2022,jinan,2099202211270548,新疆大学,详述,吕昂|陈永园|麻伟,1,0,2,138,458,,rule_10_20_30
2022,jinan,2099202211270549,徐州工程学院,little rubbish,华清鹏|解洋|许明远,1,0,1,19,491,,rule_10_20_30
2022,jinan,2099202211270550,延安大学西安创新学院,登山者,冯景帅|刘宸雨|梁志文,1,0,1,124,501,,rule_10_20_30
2022,jinan,2099202211270551,盐城工学院,希望之火,杨刚|石智轩|黄子豪,1,0,1,284,503,,rule_10_20_30
2022,jinan,2099202211270552,宜春学院,对不队,何江涛|刘泳斌|吴淇,1,0,1,96,498,,rule_10_20_30
2022,jinan,2099202211270553,云南大学,【B 限】昆明速度,吴晓蒙|李明康|林逸泉,1,0,4,411,181,bronze,rule_10_20_30
2022,jinan,2099202211270554,长江师范学院,妙 wa 种子,任晓峰|陈亮|龙柳桥,1,0,3,386,375,,rule_10_20_30
2022,jinan,2099202211270555,长沙学院,楚鸟未鸣,李书宇|肖天赐|贺治郅,1,0,3,351,367,,rule_10_20_30
2022,jinan,2099202211270556,肇庆学院,北岭一队,张晓鹏|李炫塔|蔡杰宁,1,0,4,551,223,bronze,rule_10_20_30
2022,jinan,2099202211270557,浙大宁波理工学院,芜湖白菜鱼,夏宇|胡向东|蔡禹杰,1,0,4,287,154,bronze,rule_10_20_30
2022,jinan,2099202211270558,浙江工业职业技术学院,恭喜你加入羊群,周越|杨楠|竺夏,1,0,4,463,198,bronze,rule_10_20_30
2022,jinan,2099202211270559,浙江育英职业技术学院,奕？悟！,张恒|方婧婧|沈永源,1,0,5,711,127,silver,rule_10_20_30
2022,jinan,2099202211270560,浙江中医药大学,ZCMU-难上加难,姚冠宇|毛冬冬|陈翊飞,1,0,4,494,205,bronze,rule_10_20_30
2022,jinan,2099202211270561,中国海洋大学,黑夜犬人 Pro,张成玺|解正源|蹇浩航,1,0,5,636,109,silver,rule_10_20_30
2022,hangzhou,2099202212040012,清华大学,有手有脚,杨珖|罗恺|陈于思,1,0,10,1444,2,gold,rule_10_20_30
2022,hangzhou,2099202212040013,清华大学,运气选手走不远的,彭志可|曹越|李天宇,1,0,7,837,16,gold,rule_10_20_30
2022,hangzhou,2099202212040014,清华大学,暑假胖十斤,何珈玮|孙乐然|陈卓裕,1,0,6,604,34,gold,rule_10_20_30
2022,hangzhou,2099202212040015,清华大学,JSOI 摸鱼队,孙若凡|张庭瑞|袁浩天,1,0,0,0,544,,rule_10_20_30
2022,hangzhou,2099202212040185,南京大学,triple_dogs,刘弘洋|张昕渊|王淳扬,1,0,8,688,6,gold,rule_10_20_30
2022,hangzhou,2099202212040186,南京大学,钟山风雨,王恺翔|陈昊洋|黄梓彦,1,0,6,714,41,gold,rule_10_20_30
2022,hangzhou,2099202212040187,南京大学,荆棘黄昏,缪天顺|蔡昊润|鞠哲,1,0,5,649,127,silver,rule_10_20_30
2022,hangzhou,2099202212040188,南京大学,三妖精 SAY WA,赵子轩|邓铭越|邹忠奇,0,0,5,1007,,,rule_10_20_30
2022,hangzhou,2099202212040189,南京大学,生瓜蛋子,张天钰|张成禹|颜树,0,0,4,258,,,rule_10_20_30
2022,hangzhou,2099202212040190,南京大学,乱敲键盘,张植翔|陈端锐|黄可唯,0,0,5,715,,,rule_10_20_30
2022,hangzhou,2099202212040191,南京大学,明明是我先来的,王崧睿|谭泽晖|黄文睿,0,0,6,758,,,rule_10_20_30
2022,hangzhou,2099202212040192,南京大学,流火,姚嘉和|曹逸中|陈弘毅,1,0,6,903,60,silver,rule_10_20_30
2022,hangzhou,2099202212040357,杭州师范大学,yaqu の头号粉丝,殷吴辉|王图南|陈科舟,0,0,4,698,,,rule_10_20_30
2022,hangzhou,2099202212040358,杭州师范大学,CPU 发烧队,余家帅|刘书凡|童春琦,0,0,2,43,,,rule_10_20_30
2022,hangzhou,2099202212040359,杭州师范大学,yaqu の二号粉丝,戴泽耀|李书培|潘志程,0,0,3,283,,,rule_10_20_30
2022,hangzhou,2099202212040360,杭州师范大学,Yaqu 拌饭,杨嘉福|潘宇琪|陈奕晨,0,0,4,562,,,rule_10_20_30
2022,hangzhou,2099202212040361,杭州师范大学,装只因的我会在杭州站邂逅什么,邵铁夫|邵铁夫|邵铁夫,0,0,4,329,,,rule_10_20_30
2022,hangzhou,2099202212040362,杭州师范大学,告死鸟,戴钒宇|林金泉|胡豪,0,0,2,85,,,rule_10_20_30
2022,hangzhou,2099202212040363,杭州师范大学,满眼皆 AC,潘苏雄|祝胜毅|郑奇鸿,0,0,2,106,,,rule_10_20_30
2022,hangzhou,2099202212040364,杭州师范大学,现在站在你面前的是 2022 年沈阳站金牌•2022 年杭州站冠军•cf_rating2000+•战绩可查•jxnu_sigma 赘婿——stff577,傅贤杨|孙于晴|林宏磊,0,0,5,723,,,rule_10_20_30
2022,hangzhou,2099202212040365,杭州师范大学,现在站在你面前的是 2022 年沈阳站金牌·2022 年杭州站冠军的队友·cf rating1800+·你行不行啊（拍胸）·嘲讽·异世相逢尽享美味·挠头的斗牛犬·绷不住了怎么这么搞·狗看了都摇头·攻击性爆棚但是饿饿の面壁,包嘉城|江宇杰|陈银桦,0,0,6,881,,,rule_10_20_30
2022,hangzhou,2099202212040517,华南师范大学,啊对对队,杨方安|温晨昊|钟志林,1,0,2,267,510,,rule_10_20_30
2022,hangzhou,2099202212040518,华南师范大学,定风波,古嘉诚|林榘驰|梁嘉熙,0,0,2,76,,,rule_10_20_30
2022,hangzhou,2099202212040519,华南师范大学,与发际线作队,周奕秀|邱镘霏|陈诗琪,0,0,2,231,,,rule_10_20_30
2022,hangzhou,2099202212040520,华南师范大学,野指针,李浩源|林泽勋|罗为,0,0,2,168,,,rule_10_20_30
2022,hangzhou,2099202212040521,华南师范大学,居然不对,夏克宇|海建荣|龙莹洁,0,0,2,65,,,rule_10_20_30
2022,hangzhou,2099202212040522,华南师范大学,重生之我要 AC,伦逸谦|张海锋|郑宝源,0,0,2,195,,,rule_10_20_30
2022,hangzhou,2099202212040523,华南师范大学,开摆队,温雅杰|许棋皓|陈泽勇,1,0,5,708,138,silver,rule_10_20_30
2022,hangzhou,2099202212040524,华南师范大学,梭哈队,冼嘉荣|林叶华|覃醒亮,1,0,5,746,147,silver,rule_10_20_30
2022,hangzhou,2099202212040639,华南师范大学,虾虎遨游直至 AC,袁子锋|陈嘉成|陈家骏,1,0,3,404,300,bronze,rule_10_20_30
2022,hangzhou,2099202212040018,北京化工大学,订阅号,刘祥睿|邱若昕|黄东琦,0,0,5,714,,,rule_10_20_30
2022,hangzhou,2099202212040019,北京化工大学,谁偷了我的快速幂板子？！,杨青博|汪孔煜|翟浩天,1,0,3,324,274,bronze,rule_10_20_30
2022,hangzhou,2099202212040020,北京化工大学,一条柚子,吕锦豪|蒋英健|赵逸飞扬,1,0,2,67,386,,rule_10_20_30
2022,hangzhou,2099202212040021,北京化工大学,打不过就哭哭,叶可|曾梓勋|韩明辰,1,0,3,239,258,bronze,rule_10_20_30
2022,hangzhou,2099202212040046,北京邮电大学,珊瑚宫心海,程泓涛|董凯文|高畅,1,0,6,522,29,gold,rule_10_20_30
2022,hangzhou,2099202212040047,北京邮电大学,三天两套,李健扬|苏承烨|马玉龙,1,0,6,725,43,gold,rule_10_20_30
2022,hangzhou,2099202212040048,北京邮电大学,六目相对,崔家瑞|罗毅锐|谢骞,1,0,5,747,148,silver,rule_10_20_30
2022,hangzhou,2099202212040049,北京邮电大学,未闻队名,张颢龄|王若竹|谢牧航,0,0,0,0,,,rule_10_20_30
2022,hangzhou,2099202212040050,北京邮电大学,bug 一次改队,张宇轩|易楷为|韩雅慧,0,0,0,0,,,rule_10_20_30
2022,hangzhou,2099202212040051,北京邮电大学,队伍名称,孙伟哲|王冀恒|黄旭,0,0,0,0,,,rule_10_20_30
2022,hangzhou,2099202212040327,浙江工商大学,希望代码一次敲队,刘冠轩|徐晨威|田博宇,0,0,4,511,,,rule_10_20_30
2022,hangzhou,2099202212040328,浙江工商大学,猫猫二百五,张殷杰|郭宇航|韩帅彪,0,0,4,495,,,rule_10_20_30
2022,hangzhou,2099202212040329,浙江工商大学,kkt,何青峰|葛凯|陈俊宇,1,0,3,459,315,bronze,rule_10_20_30
2022,hangzhou,2099202212040330,浙江工商大学,绿色 acm,张鑫豪|李骏阳|金典,0,0,2,169,,,rule_10_20_30
2022,hangzhou,2099202212040331,浙江工商大学,队名？,俞庄楠|陈南君|陈致远,1,0,3,377,289,bronze,rule_10_20_30
2022,hangzhou,2099202212040332,浙江工商大学,犇鸟先飞,汤亦奇|耿鑫伟|赵嘉磊,1,0,2,94,421,,rule_10_20_30
2022,hangzhou,2099202212040333,浙江工商大学,大红大紫,王晨杰|魏道|黄文豪,1,0,2,35,333,,rule_10_20_30
2022,hangzhou,2099202212040338,浙江理工大学,好起来 rua,晏阳英哲|杨子建|翁昊洋,0,0,4,624,,,rule_10_20_30
2022,hangzhou,2099202212040339,浙江理工大学,学林街保安队,卜洋程|张一弛|杨吴玙,1,0,2,56,370,,rule_10_20_30
2022,hangzhou,2099202212040340,浙江理工大学,锟斤拷,姚仁杰|陶稼辉|项帅,1,0,3,420,305,bronze,rule_10_20_30
2022,hangzhou,2099202212040341,浙江理工大学,海超人大洋游侠和隐形船,宁宇浩|王显龙|邱天,0,0,5,367,,,rule_10_20_30
2022,hangzhou,2099202212040342,浙江理工大学,喵喵队立大功,吴士超|楼家豪|瞿程浩,1,0,5,578,113,silver,rule_10_20_30
2022,hangzhou,2099202212040343,浙江理工大学,邪王真眼是最强的,俞璐瑶|庄志宽|陈颖豪,1,0,3,249,261,bronze,rule_10_20_30
2022,hangzhou,2099202212040527,广东工业大学,顶蛙蛙,张添乐|朱晋壕|林振杰,1,0,5,994,183,bronze,rule_10_20_30
2022,hangzhou,2099202212040528,广东工业大学,三地鼠,刘浩洋|林翦|赵焕雄,0,0,3,301,,,rule_10_20_30
2022,hangzhou,2099202212040529,广东工业大学,登鲤,温俊浩|郭睿|陈威衡,0,0,2,58,,,rule_10_20_30
2022,hangzhou,2099202212040530,广东工业大学,这不是 Bug，是特性,彭康杰|林智谦|黄文朗,0,0,2,142,,,rule_10_20_30
2022,hangzhou,2099202212040531,广东工业大学,二向箔,周凯慧|江舒婷|车文超,1,0,2,35,333,,rule_10_20_30
2022,hangzhou,2099202212040532,广东工业大学,交叉路,杨子弘|钟迪|黄海逸,1,0,5,722,142,silver,rule_10_20_30
2022,hangzhou,2099202212040533,广东工业大学,猪扒滑蛋饭,刘皓瑜|吴董超|梁泽丰,1,0,5,499,102,silver,rule_10_20_30
2022,hangzhou,2099202212040022,中央财经大学,程序猿队,刘宇航|应越|陈玄,1,0,0,0,544,,rule_10_20_30
2022,hangzhou,2099202212040028,中国人民大学,吾等勠力同心，定能回天转日,何东楠|向尔格|李泽北,1,0,5,443,93,silver,rule_10_20_30
2022,hangzhou,2099202212040029,中国人民大学,疲惫实验室,李雨航|杨兆琪|胡博文,0,0,3,492,,,rule_10_20_30
2022,hangzhou,2099202212040030,中国人民大学,嘉然今天创什么,李林豇|汪元森|王成瑞,1,0,6,624,35,gold,rule_10_20_30
2022,hangzhou,2099202212040031,中国人民大学,养老人员专属薏米茶,潘俊达|程云飞|陈路晰,1,0,4,601,220,bronze,rule_10_20_30
2022,hangzhou,2099202212040038,北京理工大学,蒟蒻观光,凌铭志|王子默|罗琦宣,1,0,4,442,198,bronze,rule_10_20_30
2022,hangzhou,2099202212040039,北京理工大学,北理菜币,卢子辰|张庚辰|徐子懋,1,0,5,555,111,silver,rule_10_20_30
2022,hangzhou,2099202212040040,北京理工大学,所以爱会消失对不队,刘艺程|周宇傲|张智博,1,0,6,1004,68,silver,rule_10_20_30
2022,hangzhou,2099202212040041,北京理工大学,ddl 战神,朱子林|林恺|邹知秋,1,0,7,884,18,gold,rule_10_20_30
2022,hangzhou,2099202212040059,北京航空航天大学,自由落体,唐怡浜|杨振炜|金炼凯,1,0,9,1127,3,gold,rule_10_20_30
2022,hangzhou,2099202212040060,北京航空航天大学,会挽雕弓如满月,傅可树|梁钧著|马一,1,0,5,686,135,silver,rule_10_20_30
2022,hangzhou,2099202212040061,北京航空航天大学,想抱住前面学长的大腿,吴昊恒|李秉翰|董雨润,1,0,6,787,46,gold,rule_10_20_30
2022,hangzhou,2099202212040062,北京航空航天大学,你今天摆烂了对不队,吕双羽|杨汭|石睿知,1,0,5,551,109,silver,rule_10_20_30
2022,hangzhou,2099202212040071,北京交通大学,白夜追风,余彦可|俞贤皓|彭彦铭,1,0,4,600,219,bronze,rule_10_20_30
2022,hangzhou,2099202212040072,北京交通大学,你说的都队,周荣智·|王纪元|鲁晓曼,1,0,2,135,461,,rule_10_20_30
2022,hangzhou,2099202212040073,北京交通大学,凑不出一摩拉,何昌鹏|杨纪升|许根瑞,1,0,4,756,236,bronze,rule_10_20_30
2022,hangzhou,2099202212040074,北京交通大学,羊羊羊,夏鹤鸣|张开元|郭昱哲,1,0,6,936,62,silver,rule_10_20_30
2022,hangzhou,2099202212040090,东北师范大学,竹取飞翔,刘一木|史曼玲|李嘉琦,1,0,2,43,346,,rule_10_20_30
2022,hangzhou,2099202212040091,东北师范大学,哲李好帅,朱衍哲|李然|郝帅,1,0,2,89,416,,rule_10_20_30
2022,hangzhou,2099202212040092,东北师范大学,希格斯玻色子,吴越洋|张影|张沛毅,1,0,1,83,540,,rule_10_20_30
2022,hangzhou,2099202212040093,东北师范大学,诗的二重奏,凌典|李岩松|杨熊鑫,1,0,0,0,544,,rule_10_20_30
2022,hangzhou,2099202212040110,上海交通大学,柳,叶瑶琦|姜天乐|王照梓,1,0,9,1280,4,gold,rule_10_20_30
2022,hangzhou,2099202212040111,上海交通大学,风乎舞雩,冯缘|唐靖淇|郭吉舟,1,0,8,1016,8,gold,rule_10_20_30
2022,hangzhou,2099202212040112,上海交通大学,云影徘徊,曾子瑞|陈圣尧|陈烨炜,1,0,5,394,84,silver,rule_10_20_30
2022,hangzhou,2099202212040613,杭州学军中学,学军中学五队,叶开|张勖扬|黄思远,0,0,7,1149,,,rule_10_20_30
2022,hangzhou,2099202212040614,杭州学军中学,学军 1 队,周康阳|周航锐|沈吉滪,0,0,11,1097,,,rule_10_20_30
2022,hangzhou,2099202212040615,杭州学军中学,玩游戏不玩原神,周莫非|朱翔宇|章弥炫,0,0,7,1095,,,rule_10_20_30
2022,hangzhou,2099202212040616,杭州学军中学,无所谓，反正 zak 会出手,冯阳阳|李其轩|王泽诚,0,0,8,945,,,rule_10_20_30
2022,hangzhou,2099202212040617,杭州学军中学,听说开 1e6 个 deque 会 MLE,张恒毅|朱泽木|陈诺,0,0,10,1409,,,rule_10_20_30
2022,hangzhou,2099202212040628,上海交通大学,吸风饮露,刘泳霖|杨崇烨|王鲲鹏,1,0,6,573,32,gold,rule_10_20_30
2022,hangzhou,2099202212040001,国防科技大学,万有引力号,张睿达|李泽锴|王子恒,1,0,5,531,106,silver,rule_10_20_30
2022,hangzhou,2099202212040002,国防科技大学,蓝色空间号,朱卓锋|王荣航|董理,1,0,5,510,104,silver,rule_10_20_30
2022,hangzhou,2099202212040123,西安电子科技大学,辛几何旋律,冯畅|周灿|湛忠胜,1,0,6,932,61,silver,rule_10_20_30
2022,hangzhou,2099202212040124,西安电子科技大学,机随乱打,孙振元|张艺龄|田康杰,1,0,5,534,107,silver,rule_10_20_30
2022,hangzhou,2099202212040125,西安电子科技大学,超额剩余价值,何贯中|蒋叶桢|陈俊丞,1,0,5,818,162,silver,rule_10_20_30
2022,hangzhou,2099202212040126,西安电子科技大学,栀子花,曾祥翼|胡宇航|赵人毅,1,0,3,434,309,bronze,rule_10_20_30
2022,hangzhou,2099202212040127,西北工业大学,翱翔西瓜队,吴茂佳|陈仕轩|高近书,1,0,2,71,394,,rule_10_20_30
2022,hangzhou,2099202212040128,西北工业大学,黎明与黄昏,李天舒|池久涛|赵一平,1,0,7,1167,25,gold,rule_10_20_30
2022,hangzhou,2099202212040129,西北工业大学,KYZ,康博意|杨昊|赵子元,1,0,4,820,244,bronze,rule_10_20_30
2022,hangzhou,2099202212040130,西北工业大学,命运之石,吴秋鹏|许洲宁|邹嘉豪,1,0,5,574,112,silver,rule_10_20_30
2022,hangzhou,2099202212040131,西北农林科技大学,以上队伍成绩无效,吴晨阳|曾令顺|贺浩轩,1,0,3,563,322,bronze,rule_10_20_30
2022,hangzhou,2099202212040132,西北农林科技大学,队友 carry 我 sorry,张清凌|徐学轩|李佐彤,0,0,2,181,,,rule_10_20_30
2022,hangzhou,2099202212040133,西北农林科技大学,天天向上,党金鹏|张旭|洪博,0,0,2,184,,,rule_10_20_30
2022,hangzhou,2099202212040134,西北农林科技大学,三碗不过冈,吉正杰|樊世豪|王正超,1,0,2,116,446,,rule_10_20_30
2022,hangzhou,2099202212040162,华南理工大学,香精蕨菜,余梓灏|赵冬青|陈漫璟,1,0,5,443,93,silver,rule_10_20_30
2022,hangzhou,2099202212040163,华南理工大学,啊堆堆对,杨鸿飞|樊炎志|钟宇超,1,0,5,901,175,bronze,rule_10_20_30
2022,hangzhou,2099202212040164,华南理工大学,Any,关锦权|赵宇|陈硕,1,0,5,1292,189,bronze,rule_10_20_30
2022,hangzhou,2099202212040165,华南理工大学,间谍果胶胶,刘彦佐|白佳业|郭子尧,1,0,5,725,144,silver,rule_10_20_30
2022,hangzhou,2099202212040166,中山大学,中山大学 - 版本之子,梁梓豪|罗以彬|陈银超,1,0,6,600,33,gold,rule_10_20_30
2022,hangzhou,2099202212040167,中山大学,中山大学 - 三轮车,何宇扬|曾德星|陈冠宏,1,0,5,687,136,silver,rule_10_20_30
2022,hangzhou,2099202212040168,中山大学,中山大学_无限,叶成隆|张凯东|朱泰锟,1,0,5,442,92,silver,rule_10_20_30
2022,hangzhou,2099202212040169,中山大学,中山大学_破败军团,姚敏清|彭泽铭|郑海俊,1,0,5,973,181,bronze,rule_10_20_30
2022,hangzhou,2099202212040170,东北大学,东北大学_赢,徐越昊|李泽仁|陈少皇,1,0,5,736,146,silver,rule_10_20_30
2022,hangzhou,2099202212040171,东北大学,东北大学_空指针,向辉|王乐言|陈锦绥,1,0,6,687,39,gold,rule_10_20_30
2022,hangzhou,2099202212040172,东北大学,东北大学_遇到困难睡大觉,冯楚钊|张浩霖|顾竣凯,1,0,5,510,104,silver,rule_10_20_30
2022,hangzhou,2099202212040173,东北大学,东北大学_不会起队名,徐子轩|方凯伦|郎敏杰,1,0,2,122,456,,rule_10_20_30
2022,hangzhou,2099202212040174,东南大学,神奇海螺,侯博凡|王俊|胡佳栋,1,0,3,430,308,bronze,rule_10_20_30
2022,hangzhou,2099202212040175,东南大学,咕噜咕噜,张皓|田昊冬|黄天宇,1,0,6,1146,74,silver,rule_10_20_30
2022,hangzhou,2099202212040176,东南大学,小猪佩奇冲冲冲,刘奕辰|李想|顾枢衡,1,0,3,216,252,bronze,rule_10_20_30
2022,hangzhou,2099202212040177,东南大学,原味鸡好吃,吴岱右|王玉珏|赵祖妍,1,0,3,384,294,bronze,rule_10_20_30
2022,hangzhou,2099202212040016,中国地质大学（北京）,莓莓奶昔,易晨竹|郭彦杏|黄恺瑞,1,0,5,592,116,silver,rule_10_20_30
2022,hangzhou,2099202212040017,中国地质大学（北京）,队名已隐藏,万楹凯|侯雨婷|纪永辉,1,0,2,169,480,,rule_10_20_30
2022,hangzhou,2099202212040178,南京航空航天大学,在 ICPC 中寻求 WA 并没有搞错什么,任衍硕|吕俊琪|姚远,1,0,5,475,99,silver,rule_10_20_30
2022,hangzhou,2099202212040179,南京航空航天大学,什么是 ICPC,张波|张海若|范承洁,1,0,2,120,455,,rule_10_20_30
2022,hangzhou,2099202212040180,南京航空航天大学,幺鸡小分队,刘昊哲|周傅毅楠|沈凌翔,1,0,6,878,57,silver,rule_10_20_30
2022,hangzhou,2099202212040181,南京航空航天大学,林克时间,刘明杰|袁尔杭|陈泓谙,1,0,4,540,208,bronze,rule_10_20_30
2022,hangzhou,2099202212040193,中国矿业大学,面向 AC 编程,唐嘉诣|程传彦|肖永烨,1,0,2,355,518,,rule_10_20_30
2022,hangzhou,2099202212040194,中国矿业大学,法外矿徒,严川浙|吴仰喆|胡张喆,1,0,2,297,514,,rule_10_20_30
2022,hangzhou,2099202212040195,中国矿业大学,矿世奇才,刘凯|肖佳乐|蔡家桢,1,0,5,666,130,silver,rule_10_20_30
2022,hangzhou,2099202212040196,中国矿业大学,T934,尉高耀|王书存|高新,0,0,2,93,,,rule_10_20_30
2022,hangzhou,2099202212040200,中国科学技术大学,ac 之恋,殷跃然|王涵斌|舒英特,1,0,7,797,15,gold,rule_10_20_30
2022,hangzhou,2099202212040201,中国科学技术大学,freedive,李泽林|欧阳博丁|肖羿,1,0,4,646,225,bronze,rule_10_20_30
2022,hangzhou,2099202212040202,中国石油大学（华东）,企图越过 Fe 砍到 Cu,周冠|应昕诺|房永乐,1,0,2,145,470,,rule_10_20_30
2022,hangzhou,2099202212040203,中国石油大学（华东）,噜噜 pig,于梓萱|周昊|娄永康,1,0,3,446,314,bronze,rule_10_20_30
2022,hangzhou,2099202212040204,中国石油大学（华东）,灵茶山艾府,吕栋|皮祥剑|邹越,1,0,2,72,397,,rule_10_20_30
2022,hangzhou,2099202212040205,中国石油大学（华东）,黑色坦克,李科辰|秦骉|许嘉星,1,0,2,42,344,,rule_10_20_30
2022,hangzhou,2099202212040206,山东大学,我猜你不猜我猜不猜你猜不猜,侯程文|苏程|陈子载,1,0,5,861,168,bronze,rule_10_20_30
2022,hangzhou,2099202212040207,山东大学,四小时下班,张炳琪|王天竹|禚安垣,1,0,5,683,134,silver,rule_10_20_30
2022,hangzhou,2099202212040208,山东大学,追光者,庞天祥|战绪丰|袁胜利,1,0,6,895,59,silver,rule_10_20_30
2022,hangzhou,2099202212040248,长春理工大学,CUST 长三角校区,俞凯元|周璨|竺驰峰,1,0,2,88,414,,rule_10_20_30
2022,hangzhou,2099202212040249,长春理工大学,繁星,姚祥辉|潘奕霖|陈奕帆,1,0,2,44,351,,rule_10_20_30
2022,hangzhou,2099202212040250,长春理工大学,龙神神龙,任鑫|铁博文|魏龙飞,0,0,2,63,,,rule_10_20_30
2022,hangzhou,2099202212040251,长春理工大学,啊耶,丁雨时|刘付萍|赵慧敏,0,0,2,243,,,rule_10_20_30
2022,hangzhou,2099202212040267,上海大学,夜归人,冀昱昊|金之谦|陶钧,1,0,6,1278,75,silver,rule_10_20_30
2022,hangzhou,2099202212040268,上海大学,玉兰花开,康高熙|李梓航|王静颐,1,0,4,806,243,bronze,rule_10_20_30
2022,hangzhou,2099202212040269,上海大学,寂静时刻,唐笑涵|秦云啸|黄添祎,1,0,2,80,411,,rule_10_20_30
2022,hangzhou,2099202212040270,上海大学,搜铺,易兰萱|谢奕|金铖,1,0,5,1183,188,bronze,rule_10_20_30
2022,hangzhou,2099202212040624,山东大学,梦天使,张昊雨|耿浩天|蒋裕成,1,0,5,641,124,silver,rule_10_20_30
2022,hangzhou,2099202212040634,中国科学技术大学,USTC 摸鱼队,林度|温家睿|陈凌峰,1,0,5,381,80,silver,rule_10_20_30
2022,hangzhou,2099202212040635,中国科学技术大学,罚时要高到无穷,桂之瑜|沈新迪|王博文,1,0,5,628,118,silver,rule_10_20_30
2022,hangzhou,2099202212040036,北京林业大学,亮,周楷|李子超|邱明亮,1,0,2,115,444,,rule_10_20_30
2022,hangzhou,2099202212040037,北京林业大学,北林合伙人,周子涵|肖云鸿|赵硕,1,0,2,50,362,,rule_10_20_30
2022,hangzhou,2099202212040272,南京邮电大学,斑鸠,崔泽昂|樊祺乐|郁青陟,1,0,6,1298,77,silver,rule_10_20_30
2022,hangzhou,2099202212040273,南京邮电大学,你别急，我先看看榜,冯坤|林恒正|聂晗,1,0,3,722,328,,rule_10_20_30
2022,hangzhou,2099202212040274,南京邮电大学,最喜欢的一集,孙靖辉|张烨民|陶陆天,1,0,4,559,214,bronze,rule_10_20_30
2022,hangzhou,2099202212040275,南京邮电大学,圣母圣咏,刘汪|卢雨田|周仕哲,1,0,3,328,275,bronze,rule_10_20_30
2022,hangzhou,2099202212040287,苏州大学,韩氏空指针上可持久化雨自动机,周逸扬|李承庚|赵鹏,1,0,5,718,141,silver,rule_10_20_30
2022,hangzhou,2099202212040288,苏州大学,555 我的炸鸡,林志诚|陈惟一|顾俊辉,1,0,5,670,132,silver,rule_10_20_30
2022,hangzhou,2099202212040289,苏州大学,白日梦,唐心诚|白宇杰|郭沈琳,0,0,0,0,,,rule_10_20_30
2022,hangzhou,2099202212040290,苏州大学,Blowback,周骁逸|王宇轩|简嘉瑶,1,0,7,1037,23,gold,rule_10_20_30
2022,hangzhou,2099202212040301,宁波大学,演员小队,吴凯晟|胡值闻|蒋轶波,0,0,3,574,,,rule_10_20_30
2022,hangzhou,2099202212040302,宁波大学,守望银蟾的汪酱,余涛|程亚玮|黄雨彤,1,0,3,468,317,bronze,rule_10_20_30
2022,hangzhou,2099202212040303,宁波大学,玛卡巴卡,金雯丽|陈品文|陈炳灿,1,0,2,215,497,,rule_10_20_30
2022,hangzhou,2099202212040304,宁波大学,追星星的喵酱,姚沈豪|李浩|王小管,1,0,5,713,140,silver,rule_10_20_30
2022,hangzhou,2099202212040305,浙江师范大学,你不是一个人,丁逸飞|郑依佳|陈骏鹏,1,0,6,956,65,silver,rule_10_20_30
2022,hangzhou,2099202212040306,浙江师范大学,三号楼说猫德是伪科学,张煜|章可仲|郑可,1,0,5,795,154,silver,rule_10_20_30
2022,hangzhou,2099202212040307,浙江师范大学,东方 1201,周启旋|朱晨峰|陈安琪,1,0,2,67,386,,rule_10_20_30
2022,hangzhou,2099202212040308,浙江师范大学,阿，退！退！退！,倪梦洁|滕佳倩|许凯胤,1,0,3,315,271,bronze,rule_10_20_30
2022,hangzhou,2099202212040311,浙江工业大学,地球猫猫,张宇翔|李亚伦|陈洁怡,1,0,8,1113,9,gold,rule_10_20_30
2022,hangzhou,2099202212040312,浙江工业大学,Insomniac,吴昊天|胡圣烩|谢洋帆,1,0,7,881,17,gold,rule_10_20_30
2022,hangzhou,2099202212040313,浙江工业大学,铁华团,李汶芝|王瑞|王路,1,0,5,462,97,silver,rule_10_20_30
2022,hangzhou,2099202212040314,浙江工业大学,下岗再就业,吴雨轩|王浩名|陈尧,1,0,5,905,177,bronze,rule_10_20_30
2022,hangzhou,2099202212040334,杭州电子科技大学,杭电 2 队,应以周|舒飘扬|郑豪杰,1,0,5,418,87,silver,rule_10_20_30
2022,hangzhou,2099202212040335,杭州电子科技大学,杭电 12 队,李卓然|林子睿|邹柳石,1,0,5,386,83,silver,rule_10_20_30
2022,hangzhou,2099202212040336,杭州电子科技大学,杭电 1 队,尹吴潇|戴志炜|赵政和,1,0,7,919,20,gold,rule_10_20_30
2022,hangzhou,2099202212040337,杭州电子科技大学,杭电 8 队,潘登|郑航凯|陈宗源,1,0,6,821,51,gold,rule_10_20_30
2022,hangzhou,2099202212040347,浙江机电职业技术学院,摸鱼的鸽子,应程杰|阮湛皓|陈佳宇,1,0,3,414,304,bronze,rule_10_20_30
2022,hangzhou,2099202212040348,浙江机电职业技术学院,机电八队,周伟剑|洪志伦|赵郑重,1,0,3,181,248,bronze,rule_10_20_30
2022,hangzhou,2099202212040349,浙江机电职业技术学院,啥都不对,余晨睿|章超瑜|骆振东,0,0,1,104,,,rule_10_20_30
2022,hangzhou,2099202212040636,浙江机电职业技术学院,原批一群,张磊|汪俊杰|金群策,0,0,2,234,,,rule_10_20_30
2022,hangzhou,2099202212040056,中央民族大学,玛卡巴卡,丁振杨|赵宇|陈俞宁,1,0,2,532,527,,rule_10_20_30
2022,hangzhou,2099202212040057,中央民族大学,切图仔来试试用 JavaScript 能不能 A 题,廖旭文|甘一超|陈博,0,0,3,372,,,rule_10_20_30
2022,hangzhou,2099202212040367,浙大城市学院,《天衣无缝》,吴宝俊|贾缤|黄宇航,1,0,3,409,302,bronze,rule_10_20_30
2022,hangzhou,2099202212040368,浙大城市学院,游客,张博超|方韬瑜|楼晨,1,0,5,805,157,silver,rule_10_20_30
2022,hangzhou,2099202212040369,浙大城市学院,乱拳打死老师傅,沈昕哲|王磊|褚锦威,1,0,4,602,221,bronze,rule_10_20_30
2022,hangzhou,2099202212040371,浙大城市学院,米兰的小铁匠,上官天韵|宫辰烨|陶重凯,1,0,2,175,482,,rule_10_20_30
2022,hangzhou,2099202212040378,湖州师范学院,不带电脑,吴泽涛|谭中正|钱越敏,0,0,3,356,,,rule_10_20_30
2022,hangzhou,2099202212040379,湖州师范学院,好运来,李嫣然|江雨宸|陈文骏,0,0,2,122,,,rule_10_20_30
2022,hangzhou,2099202212040380,湖州师范学院,取名短点节约时间但是好像又没有短名的队,励濠璇|叶紫琼|王胜钊,1,0,3,468,317,bronze,rule_10_20_30
2022,hangzhou,2099202212040381,湖州师范学院,cdn****,严宇赫|李佳杰|钟舒晴,1,0,2,262,509,,rule_10_20_30
2022,hangzhou,2099202212040407,福州大学,奇遇,林文浩|黄森|龙林,1,0,5,867,169,bronze,rule_10_20_30
2022,hangzhou,2099202212040408,福州大学,一人一瓶西湖水,傅晗|杨云飞|林东颖,1,0,5,582,114,silver,rule_10_20_30
2022,hangzhou,2099202212040409,福州大学,气球天降,吴英航|林章鹏|欧云帆,1,0,5,430,90,silver,rule_10_20_30
2022,hangzhou,2099202212040410,福州大学,东北饺子馆,丁凌烁|王奕然|邓宇凡,1,0,7,793,14,gold,rule_10_20_30
2022,hangzhou,2099202212040430,青岛科技大学,如果是美少女的话一定能 ac 的吧,刘硕|李忻怡|黄本瑞,0,0,2,171,,,rule_10_20_30
2022,hangzhou,2099202212040431,青岛科技大学,123qwe,初清平|崔喆|曾庆帅,1,0,2,42,344,,rule_10_20_30
2022,hangzhou,2099202212040432,青岛科技大学,斯卡布罗集市,侯佳文|朱文杰|高英翔,1,0,2,74,401,,rule_10_20_30
2022,hangzhou,2099202212040433,青岛科技大学,特鲁你看住小玉老爹先 A 道题,刘博|郭暾|陆知遥,0,0,2,191,,,rule_10_20_30
2022,hangzhou,2099202212040445,青岛大学,猫猫管家粉丝后援团,张云哲|张翔宇|白聿雄,1,0,2,441,522,,rule_10_20_30
2022,hangzhou,2099202212040446,青岛大学,(^_^).zZ,姜恒玉|陈贺|韩明睿,1,0,4,556,212,bronze,rule_10_20_30
2022,hangzhou,2099202212040447,青岛大学,空里流霜不觉飞，鬼刀一开看不见,杨镓溦|许林赫|赵浩辰,1,0,2,44,351,,rule_10_20_30
2022,hangzhou,2099202212040448,青岛大学,DAYDAYDREAM,安晓曼|杨晓达|段嘉奇,1,0,2,55,367,,rule_10_20_30
2022,hangzhou,2099202212040460,郑州轻工业大学,没有数理基础,刘子豪|卢亚冬|赵清杨,1,0,3,321,272,bronze,rule_10_20_30
2022,hangzhou,2099202212040461,郑州轻工业大学,莫比乌斯反演队友,刘泽辰|赵永斌|郑皓阳,0,0,2,95,,,rule_10_20_30
2022,hangzhou,2099202212040462,郑州轻工业大学,无所谓，队友会出手,张一帆|段家豪|霍海源,1,0,2,38,339,,rule_10_20_30
2022,hangzhou,2099202212040463,郑州轻工业大学,成为勇者魔王竟是我队友？！,司传钊|张青华|韩子昂,1,0,5,901,175,bronze,rule_10_20_30
2022,hangzhou,2099202212040557,电子科技大学中山学院,香山 1 队,吴宝|林国杰|陈佳宝,1,0,5,808,158,silver,rule_10_20_30
2022,hangzhou,2099202212040558,电子科技大学中山学院,香山 3 队,丁子涵|蔡远立|陈灿跃,0,0,2,71,,,rule_10_20_30
2022,hangzhou,2099202212040559,电子科技大学中山学院,香山 7 队,曾炜骅|王天德|董泓栎,1,0,2,100,429,,rule_10_20_30
2022,hangzhou,2099202212040560,电子科技大学中山学院,香山 8 队,廖铭源|舒智聪|钟毓鑫,0,0,2,810,,,rule_10_20_30
2022,hangzhou,2099202212040006,哈尔滨工业大学,队名怎么说,叶程鹏|师乐天|陈旭坤,1,0,5,837,166,bronze,rule_10_20_30
2022,hangzhou,2099202212040007,哈尔滨工业大学,搬起石头砸自己的脚,刘宇哲|胡罡沣|谢明东,1,0,5,812,159,silver,rule_10_20_30
2022,hangzhou,2099202212040008,哈尔滨工业大学,VHero 三一人,曹一豪|杨一正|王一桐,1,0,5,844,167,bronze,rule_10_20_30
2022,hangzhou,2099202212040009,中国科学院大学,果壳挂科王,徐亦周|徐致远|蓝天朗,1,0,5,412,86,silver,rule_10_20_30
2022,hangzhou,2099202212040010,中国科学院大学,果壳家的龙 ACMer,徐步骥|朱辰|李衍君,1,0,5,725,144,silver,rule_10_20_30
2022,hangzhou,2099202212040011,中国科学院大学,玉泉路酒吧,卢柯圳|张欣培|许晋升,1,0,3,574,323,bronze,rule_10_20_30
2022,hangzhou,2099202212040032,重庆大学,你有没有听见孩子们的悲鸣？,张恩宁|游越涵|聂泽宇,1,0,2,59,374,,rule_10_20_30
2022,hangzhou,2099202212040033,重庆大学,智力 9,于轩|葛轩铭|裘博航,1,0,5,660,129,silver,rule_10_20_30
2022,hangzhou,2099202212040034,重庆大学,康康你的队名,刘怡鹏|肖才银|黄康,1,0,5,381,80,silver,rule_10_20_30
2022,hangzhou,2099202212040042,四川大学,基本无害,李名骕|牛佳文|苏臻,1,0,6,759,44,gold,rule_10_20_30
2022,hangzhou,2099202212040043,四川大学,摸鱼小队,彭昌浩|杜双君|黄乙凌,1,0,4,490,201,bronze,rule_10_20_30
2022,hangzhou,2099202212040044,四川大学,树上莫队,刘却桓|朱奕杰|黄云垄,1,0,6,664,37,gold,rule_10_20_30
2022,hangzhou,2099202212040052,北京师范大学,野指针,何佳文|徐若翔|段欣然,1,0,3,830,329,,rule_10_20_30
2022,hangzhou,2099202212040053,北京师范大学,Hacker,武帅云博|王佳一|颜方志,1,0,1,97,541,,rule_10_20_30
2022,hangzhou,2099202212040054,北京师范大学,签到很蓝的,姜潮涌|娄格格|臧祝利,1,0,0,0,544,,rule_10_20_30
2022,hangzhou,2099202212040075,天津大学,背着队友偷偷 A 题,刘汶铮|艾力西尔·安外尔|陈曦,1,0,6,823,53,gold,rule_10_20_30
2022,hangzhou,2099202212040076,天津大学,归零,叶泽侬|崔奕凡|陈奕池,1,0,6,1288,76,silver,rule_10_20_30
2022,hangzhou,2099202212040077,天津大学,180 天了，还没改名,任俍栋|李俊佳|王子祺,1,0,4,560,215,bronze,rule_10_20_30
2022,hangzhou,2099202212040080,中国民航大学,积极健康向上,吴鹏飞|王西霖|陈乐山,1,0,2,141,466,,rule_10_20_30
2022,hangzhou,2099202212040081,中南民族大学,大师为友,叶家永|肖雨昊|胡双,0,0,2,127,,,rule_10_20_30
2022,hangzhou,2099202212040082,中南民族大学,回响,王创锐|谢瀚萱|陈珍,1,0,2,202,491,,rule_10_20_30
2022,hangzhou,2099202212040086,大连理工大学,打完赶紧开派对,张傲凡|张娄瑞|马硕达,0,0,2,118,,,rule_10_20_30
2022,hangzhou,2099202212040087,大连理工大学,鹏鹏今天吃什么,赵钧鹏|邓思航|高金鹏,1,0,3,242,260,bronze,rule_10_20_30
2022,hangzhou,2099202212040088,大连理工大学,看懂题面就算成功,唐弘基|杜梦杰|艾子懿,1,0,3,329,277,bronze,rule_10_20_30
2022,hangzhou,2099202212040099,哈尔滨工程大学,HH·木目木莫·岡本·木土艹雷其斤·001,王志远|薛宇浩|贾宏昊,1,0,5,750,150,silver,rule_10_20_30
2022,hangzhou,2099202212040100,哈尔滨工程大学,N 方过百万,冯小石|廖浠言|杜鹏宇,1,0,2,280,512,,rule_10_20_30
2022,hangzhou,2099202212040626,中南民族大学,看题看五小时,吴诗怡|王艳|陈阳,1,0,2,176,483,,rule_10_20_30
2022,hangzhou,2099202212040631,哈尔滨工程大学,让我再摸一下心之钢,于子涵|蒋保崧|郑祯睿,1,0,5,484,101,silver,rule_10_20_30
2022,hangzhou,2099202212040632,中国民航大学,无问西东,傅一笑|刘家宁|饶恒,0,0,5,767,,,rule_10_20_30
2022,hangzhou,2099202212040633,中国民航大学,追光者,何芋宏|冉桐|王思雨,0,0,2,292,,,rule_10_20_30
2022,hangzhou,2099202212040101,复旦大学,天体交织,聂绍珩|陆佳艺|陈可汗,1,0,5,381,80,silver,rule_10_20_30
2022,hangzhou,2099202212040102,复旦大学,刻耳柏洛斯,刘皓蓝|张宇琪|马成,1,0,6,821,51,gold,rule_10_20_30
2022,hangzhou,2099202212040103,复旦大学,黑莲,刘澈|吴思鸿|张润哲,1,0,6,1025,71,silver,rule_10_20_30
2022,hangzhou,2099202212040104,同济大学,达拉崩吧班德贝迪卜多比鲁翁,刘依扬|孙治弘|张乐天,1,0,6,773,45,gold,rule_10_20_30
2022,hangzhou,2099202212040105,同济大学,长日将尽,储德明|姜梓恒|朱泽凯,1,0,6,988,67,silver,rule_10_20_30
2022,hangzhou,2099202212040106,同济大学,打呗,徐正扬|成笑行|陈奕澄,1,0,3,328,275,bronze,rule_10_20_30
2022,hangzhou,2099202212040107,华东师范大学,自然选择前进四！,尹杰扬|汪坤灿|黄子豪,1,0,2,216,498,,rule_10_20_30
2022,hangzhou,2099202212040108,华东师范大学,签到题破防,熊高越|祝润天|谈笑枫,1,0,6,634,36,gold,rule_10_20_30
2022,hangzhou,2099202212040109,华东师范大学,东方 homo 馆,余东桦|漆宇祥|范晨阳,1,0,7,1328,27,gold,rule_10_20_30
2022,hangzhou,2099202212040113,东华大学,德凯,严涵|侯迦得|蔡晋,1,0,4,477,199,bronze,rule_10_20_30
2022,hangzhou,2099202212040114,东华大学,陈晓剑舞,孙逸凡|李玟剑|郭旭阳,1,0,1,21,535,,rule_10_20_30
2022,hangzhou,2099202212040115,东华大学,最后一舞,戈松|王天乐|邵兵,1,0,3,393,297,bronze,rule_10_20_30
2022,hangzhou,2099202212040120,西安交通大学,大秦酒店欢迎您,洪家庆|胡扬帆|陈子谦,1,0,7,928,21,gold,rule_10_20_30
2022,hangzhou,2099202212040121,西安交通大学,SonicYouth,何卓霖|夏玮钧|李纳川,1,0,5,370,78,silver,rule_10_20_30
2022,hangzhou,2099202212040122,西安交通大学,潮涌,张清扬|王禹皓|田雨阳,1,0,5,802,155,silver,rule_10_20_30
2022,hangzhou,2099202212040138,中国地质大学（武汉）,学长不在家我们都是小跳 wa,张桄玮|李诏天|潘敖,1,0,2,138,464,,rule_10_20_30
2022,hangzhou,2099202212040139,中国地质大学（武汉）,暴力混分队,张永成|王棋|聂诚选,1,0,2,117,448,,rule_10_20_30
2022,hangzhou,2099202212040140,中国地质大学（武汉）,背着队友偷偷 wa 题,于桐|付欣宇|何永鑫,1,0,5,436,91,silver,rule_10_20_30
2022,hangzhou,2099202212040146,湖南大学,化竞选手再物竞,张龙韬|朱名扬|陈叹,1,0,6,720,42,gold,rule_10_20_30
2022,hangzhou,2099202212040147,湖南大学,对不起_化竞选手再物竞,廖曙康|曾逸珂|苏杰,0,0,7,807,,,rule_10_20_30
2022,hangzhou,2099202212040148,湖南大学,宋苏宇的塞拉斯真猛,刘佰幸|宋苏宇|张晨曦,1,0,5,723,143,silver,rule_10_20_30
2022,hangzhou,2099202212040149,中南大学,明日之风的三重奏,徐国琛|李玄靖|赵伯阳,1,0,7,593,13,gold,rule_10_20_30
2022,hangzhou,2099202212040150,中南大学,TheEndingEden,代林凡|王丰呈|金子璇,1,0,5,1012,184,bronze,rule_10_20_30
2022,hangzhou,2099202212040151,中南大学,AK 是你的谎言,唐义丰|崔力鸿|羊宏宇,1,0,4,752,235,bronze,rule_10_20_30
2022,hangzhou,2099202212040156,西南民族大学,借东风,张书豪|李旭东|陈胤均,1,0,2,256,507,,rule_10_20_30
2022,hangzhou,2099202212040157,西南民族大学,刚三,潘浩霖|胡一铭|龙海韬,1,0,2,59,374,,rule_10_20_30
2022,hangzhou,2099202212040158,西南民族大学,三川赴海,周亚栋|李正毅|李泽鑫,1,0,2,112,442,,rule_10_20_30
2022,hangzhou,2099202212040159,西南交通大学,无疾而终,宁晟|陈加林|马杰成,1,0,3,439,310,bronze,rule_10_20_30
2022,hangzhou,2099202212040160,西南交通大学,赛马娘粉丝团,王浩源|王翔宇|陈越,1,0,5,640,123,silver,rule_10_20_30
2022,hangzhou,2099202212040161,西南交通大学,电灯泡也会心痛,徐梓航|赵一冰|郑欢庆,1,0,5,628,118,silver,rule_10_20_30
2022,hangzhou,2099202212040182,河海大学,队长六级 998244353 分,余一鸣|张时钊|郁冰哲,1,0,4,374,194,bronze,rule_10_20_30
2022,hangzhou,2099202212040183,河海大学,稳中向好,李伟嘉|程鑫宇|许正正,1,0,2,204,492,,rule_10_20_30
2022,hangzhou,2099202212040184,河海大学,灵异世界探险小组,付宏磊|徐圣翔|闫科儒,1,0,2,188,489,,rule_10_20_30
2022,hangzhou,2099202212040197,南京理工大学,立一摸断平三色猫猫头,郭佳樊|金朝哲|陈一涵,1,0,6,667,38,gold,rule_10_20_30
2022,hangzhou,2099202212040198,南京理工大学,头猫猫猫头,张行|王俊鑫|邓谢喆,1,0,2,44,351,,rule_10_20_30
2022,hangzhou,2099202212040199,南京理工大学,核平猫猫头,何平|蔡佳铭|陈涣焕,1,0,5,552,110,silver,rule_10_20_30
2022,hangzhou,2099202212040209,武汉大学,大秦可乐,杨宇杰|杨宇轩|陈昭宪,1,0,6,544,31,gold,rule_10_20_30
2022,hangzhou,2099202212040210,武汉大学,于寒风中飞弛,于丰林|张弛|郑寒友,1,0,6,880,58,silver,rule_10_20_30
2022,hangzhou,2099202212040211,武汉大学,青春可爱迷妹不会梦见十灯佐特,侯哲|冯烨聪|蔡玉聪,1,0,6,943,63,silver,rule_10_20_30
2022,hangzhou,2099202212040214,武汉理工大学,有福同享有难退队,李伦喆|林学涛|黄峻,1,0,4,569,217,bronze,rule_10_20_30
2022,hangzhou,2099202212040215,武汉理工大学,你敢跟他作队,吴雨桐|王奖昊|胡金融,1,0,2,70,393,,rule_10_20_30
2022,hangzhou,2099202212040216,武汉理工大学,再睡五分钟,侯雪峰|叶圳焜|谢子扬,1,0,4,632,224,bronze,rule_10_20_30
2022,hangzhou,2099202212040217,厦门大学,惊鸿过隙,周和|张俊杰|麦润埔,1,0,7,978,22,gold,rule_10_20_30
2022,hangzhou,2099202212040218,厦门大学,比奇堡三恶霸,宋笑宇|陈江旺|陈玮坚,1,0,4,796,242,bronze,rule_10_20_30
2022,hangzhou,2099202212040219,厦门大学,OI 时长两年半,李哲彦|林帅|陈臻,1,0,3,228,256,bronze,rule_10_20_30
2022,hangzhou,2099202212040229,东北大学秦皇岛分校,小饼卷大葱,司伟业|李不凡|董淑睿,1,0,5,448,95,silver,rule_10_20_30
2022,hangzhou,2099202212040230,东北大学秦皇岛分校,bug 都改队,冯鼎容|曹怡明|曹立菲,1,0,5,709,139,silver,rule_10_20_30
2022,hangzhou,2099202212040231,东北大学秦皇岛分校,AC 快才是真的怪,吴政龙|张荆冬|祝向博,1,0,5,747,148,silver,rule_10_20_30
2022,hangzhou,2099202212040235,中北大学,起名真麻烦,张纭昌|王任钰|范展诚,1,0,3,353,283,bronze,rule_10_20_30
2022,hangzhou,2099202212040236,中北大学,冲上云霄,王烁|马少龙|高慧杰,0,0,2,57,,,rule_10_20_30
2022,hangzhou,2099202212040237,中北大学,能开香槟吗,冯奕铭|方杰|陈利鑫,1,0,4,501,203,bronze,rule_10_20_30
2022,hangzhou,2099202212040241,沈阳航空航天大学,我也想 AC,张京川|张维佳|黄明宇,0,0,1,82,,,rule_10_20_30
2022,hangzhou,2099202212040242,沈阳航空航天大学,Knockstar*,张敬尧|赵午杰|赵永航,0,0,2,315,,,rule_10_20_30
2022,hangzhou,2099202212040243,沈阳航空航天大学,道阻且长,刘云鹏|薛逯|詹昊,1,0,4,701,233,bronze,rule_10_20_30
2022,hangzhou,2099202212040259,哈尔滨理工大学,哈理工 06 队,林浩|沈锦轩|陈圻昇,1,0,3,257,262,bronze,rule_10_20_30
2022,hangzhou,2099202212040260,哈尔滨理工大学,哈理工 08 队,王令开|王开纪|顾红卫,1,0,6,1063,72,silver,rule_10_20_30
2022,hangzhou,2099202212040261,哈尔滨理工大学,哈理工 05 队,卢昭佳|李晶洋|林如愿,1,0,2,224,501,,rule_10_20_30
2022,hangzhou,2099202212040276,南京信息工程大学,跟不上榜,洪伟|潘小康|董兆琦,1,0,6,1085,73,silver,rule_10_20_30
2022,hangzhou,2099202212040277,南京信息工程大学,那你能帮帮我吗,李嘉松|邢一鸣|魏林东,1,0,2,97,427,,rule_10_20_30
2022,hangzhou,2099202212040278,南京信息工程大学,流水线车间,张逸凡|林思程|马天顺,1,0,5,824,163,silver,rule_10_20_30
2022,hangzhou,2099202212040284,常熟理工学院,双葉幼稚园不养废物,张明旭|曾谷优|陈昭,1,0,3,336,278,bronze,rule_10_20_30
2022,hangzhou,2099202212040285,常熟理工学院,K-ONNN,严俊华|姚康政|郭仕杰,1,0,2,110,440,,rule_10_20_30
2022,hangzhou,2099202212040286,常熟理工学院,去码头整点鸽子,卓曼|李莉|谢园园,1,0,2,255,506,,rule_10_20_30
2022,hangzhou,2099202212040320,浙江万里学院,核酸不排队,戴单一|王若菲|陶璐,1,0,2,37,335,,rule_10_20_30
2022,hangzhou,2099202212040321,浙江万里学院,我们仨指定嘎嘎乱杀,吴振扬|袁礼赞|赵之钰,1,0,2,43,346,,rule_10_20_30
2022,hangzhou,2099202212040322,浙江万里学院,咱三一队,何潇薇|朱欣仪|钱沁浩,1,0,2,77,405,,rule_10_20_30
2022,hangzhou,2099202212040324,浙江科技学院,打星队,余将虎|孙寅|沈序戎,1,0,3,634,326,bronze,rule_10_20_30
2022,hangzhou,2099202212040325,浙江科技学院,炸鸡腿饭,应谢吾|王骏|童文韬,1,0,2,77,405,,rule_10_20_30
2022,hangzhou,2099202212040326,浙江科技学院,浙科十队,方行|沈嘉鸣|葛伟杰,1,0,2,19,330,,rule_10_20_30
2022,hangzhou,2099202212040386,浙江广厦建设职业技术大学,AR 队,余瑞|陈斌|麦文鹏,1,0,2,164,477,,rule_10_20_30
2022,hangzhou,2099202212040387,浙江广厦建设职业技术大学,快乐小组,宓启煊|常天俊|马草原,0,0,1,112,,,rule_10_20_30
2022,hangzhou,2099202212040388,浙江广厦建设职业技术大学,新新码戏,张皓杰|杨杰|陈家乐,1,0,2,612,530,,rule_10_20_30
2022,hangzhou,2099202212040389,台州学院,沧浪之水,孙宇飞|林钰琳|陈景钧,1,0,5,587,115,silver,rule_10_20_30
2022,hangzhou,2099202212040390,台州学院,烂个将就,刘宇翔|徐海迪|许骏楠,1,0,2,62,378,,rule_10_20_30
2022,hangzhou,2099202212040391,台州学院,404 错误,周珂雨|罗健|蒋旭东,1,0,2,56,370,,rule_10_20_30
2022,hangzhou,2099202212040392,安徽大学,常见傅里叶变换队,徐麟|邵红坤|韩泓晟,1,0,2,119,454,,rule_10_20_30
2022,hangzhou,2099202212040393,安徽大学,希腊奶，我从来没有想过 AC 这个问题,贾承龙|陈德相|鲍敏文,1,0,2,96,424,,rule_10_20_30
2022,hangzhou,2099202212040394,安徽大学,我去！我喜欢坐牢！,王飞亚|许少清|许钧剑,1,0,2,177,485,,rule_10_20_30
2022,hangzhou,2099202212040400,合肥学院,随意,周豪|汪一明|汪少鸿,1,0,3,442,312,bronze,rule_10_20_30
2022,hangzhou,2099202212040401,合肥学院,想要变成猫猫虫,朱艺杭|葛新雨|马云龙,0,0,2,102,,,rule_10_20_30
2022,hangzhou,2099202212040402,合肥学院,三核低效率解题机,李鹏飞|王国梁|高欢欢,1,0,2,38,339,,rule_10_20_30
2022,hangzhou,2099202212040420,南昌航空大学,到底叫啥 2.0,吕锴伦|王复兴|王旻镐,0,0,5,410,,,rule_10_20_30
2022,hangzhou,2099202212040421,南昌航空大学,debug 都队,付海清|徐良|赖敬超,1,0,2,161,475,,rule_10_20_30
2022,hangzhou,2099202212040422,南昌航空大学,正在起名中,肖豫崇|谢佳树|邹锦法,1,0,4,554,211,bronze,rule_10_20_30
2022,hangzhou,2099202212040442,山东理工大学,无至之境,宋天一|张广祺|杨帆,1,0,4,325,191,bronze,rule_10_20_30
2022,hangzhou,2099202212040443,山东理工大学,抹茶饼干,徐显赫|郭海滨|马玉堂,1,0,0,0,544,,rule_10_20_30
2022,hangzhou,2099202212040451,山东理工大学,凌乱 - 皮卡 Wa,徐董鑫|马健文|马润东,1,0,6,801,48,gold,rule_10_20_30
2022,hangzhou,2099202212040455,郑州大学,致命打击,李智宇|申重阳|蔡明,1,0,2,162,476,,rule_10_20_30
2022,hangzhou,2099202212040456,郑州大学,青铜时代号,刘贵源|张驰|李自攀,1,0,2,116,446,,rule_10_20_30
2022,hangzhou,2099202212040457,郑州大学,哈哈哈哈,杜金展|赵一丁|郭孝镇,1,0,0,0,544,,rule_10_20_30
2022,hangzhou,2099202212040003,电子科技大学,UESTC_阿梓从小就不会算期望,彭帅康|李纪甫|诸人豪,1,0,8,1210,11,gold,rule_10_20_30
2022,hangzhou,2099202212040004,电子科技大学,UESTC_BetaCode,张能|李欣朋|汪语桐,1,0,6,817,50,gold,rule_10_20_30
2022,hangzhou,2099202212040005,电子科技大学,UESTC_十夏花火,吴立俊|山佩永|朱子涵,0,0,7,979,,,rule_10_20_30
2022,hangzhou,2099202212040024,北京大学,逆十字,周雨扬|孔朝哲|潘骏跃,1,0,0,0,544,,rule_10_20_30
2022,hangzhou,2099202212040025,北京大学,淹园外被鸽的鸽子,吴清月|胡晋侨|袁傲慕飞,1,0,8,1131,10,gold,rule_10_20_30
2022,hangzhou,2099202212040026,北京大学,无名氏,任柯瑾|林帮才|肖千与,1,0,8,1241,12,gold,rule_10_20_30
2022,hangzhou,2099202212040027,北京大学,摆烂人,冯施源|彭博|钱易,1,0,10,1290,1,gold,rule_10_20_30
2022,hangzhou,2099202212040094,吉林大学,黑化肥挥发发灰会花飞,王鹏一|郑翔曦|郭冠男,1,0,6,804,49,gold,rule_10_20_30
2022,hangzhou,2099202212040095,吉林大学,H-Z-J 树,蒋致欧|郑佳策|黄哲霖,1,0,4,833,245,bronze,rule_10_20_30
2022,hangzhou,2099202212040096,吉林大学,无所谓，我们会 WA！,任可|都博远|马维龙,1,0,3,216,252,bronze,rule_10_20_30
2022,hangzhou,2099202212040097,吉林大学,糖彩屋养了仨复读鸡,李昊桐|李玉海|陈鹏宇,0,0,0,0,,,rule_10_20_30
2022,hangzhou,2099202212040098,吉林大学,咱 A 不了怎么想都是数据的锅,唐榆淇|李肇兴|邓力豪,0,0,0,0,,,rule_10_20_30
2022,hangzhou,2099202212040141,华中科技大学,若能与你再次相见,何佳林|喻珈|范彦廷,0,0,6,657,,,rule_10_20_30
2022,hangzhou,2099202212040142,华中科技大学,删库跑路,刘柏年|刘皓铭|汪文卓,1,0,6,966,66,silver,rule_10_20_30
2022,hangzhou,2099202212040143,华中科技大学,偏远小渔村传统弱校,李明翰|李根|陈贤坤,1,0,5,427,89,silver,rule_10_20_30
2022,hangzhou,2099202212040144,华中科技大学,流汗猫虫,吴佳黎|王尊玉|闫润邦,1,0,6,701,40,gold,rule_10_20_30
2022,hangzhou,2099202212040145,华中科技大学,鸭鸭鱼鱼虫虫,俞仲遥|郑欣|龚宸,1,0,9,1339,5,gold,rule_10_20_30
2022,hangzhou,2099202212040153,电子科技大学,UESTC_星际幽灵,张乐恒|王昱栋|罗旅洲,1,0,6,866,56,silver,rule_10_20_30
2022,hangzhou,2099202212040154,电子科技大学,UESTC_喵喵拳,熊文筱|程博文|胡瑞,1,0,5,618,117,silver,rule_10_20_30
2022,hangzhou,2099202212040315,浙江农林大学,pop rbp,杨成艺|章恒磊|郑懿,1,0,7,1059,24,gold,rule_10_20_30
2022,hangzhou,2099202212040316,浙江农林大学,带花树,沈博华|蒋文涛|顾芝瑜,0,0,2,81,,,rule_10_20_30
2022,hangzhou,2099202212040317,浙江农林大学,我想想,张圯|朱强|计妙钒,1,0,3,620,325,bronze,rule_10_20_30
2022,hangzhou,2099202212040318,浙江农林大学,致相,诸葛智棱|金沈扬|黄逸帆,1,0,2,47,359,,rule_10_20_30
2022,hangzhou,2099202212040319,浙江农林大学,Restart,王子超|王荣峥|郑伊磊,1,0,5,476,100,silver,rule_10_20_30
2022,hangzhou,2099202212040543,深圳大学,SZU_Planck,干天一|王曦|莫泽钊,1,0,3,389,296,bronze,rule_10_20_30
2022,hangzhou,2099202212040544,深圳大学,SZU_YanranLee,许彦婷|郑杨|陈敏涵,1,0,3,321,272,bronze,rule_10_20_30
2022,hangzhou,2099202212040545,深圳大学,SZU_Tarjan,刘仟华|苏嘉淇|钟兆雄,1,0,5,946,180,bronze,rule_10_20_30
2022,hangzhou,2099202212040546,深圳大学,SZU_Tencent,何元捷|刘逸飞|陈天行,0,0,5,629,,,rule_10_20_30
2022,hangzhou,2099202212040547,深圳大学,我是超人强，越超人越强,丁潇杰|何嘉键|郭泽森,0,0,6,892,,,rule_10_20_30
2022,hangzhou,2099202212040548,深圳大学,八级大狂风,叶可禾|查凯文|陈攒鑫,0,0,4,527,,,rule_10_20_30
2022,hangzhou,2099202212040023,北京科技大学,我不行了,刘伟浩|王诺贤|苏锦波,1,0,4,565,216,bronze,rule_10_20_30
2022,hangzhou,2099202212040063,北京电子科技学院,加载出来了,冀彦丞|林子沐|黄人和,0,0,2,106,,,rule_10_20_30
2022,hangzhou,2099202212040064,北京电子科技学院,加载不出来,庄京生|曲经民|黄湛,1,0,2,177,485,,rule_10_20_30
2022,hangzhou,2099202212040475,武汉科技大学,电子竞技，菜是原罪。,崔正|张子亮|樊景文,1,0,2,159,474,,rule_10_20_30
2022,hangzhou,2099202212040476,武汉科技大学,阿尼亚能读懂出题人吗,丁怡特|姬慧彤|曹阳兴,1,0,4,527,206,bronze,rule_10_20_30
2022,hangzhou,2099202212040477,武汉科技大学,无星之夜,聂泽锴|胡步|郑天佑,1,0,5,506,103,silver,rule_10_20_30
2022,hangzhou,2099202212040483,湖南师范大学,榛楛济济,张椿瑞|欧阳龙|郜博奕,1,0,4,412,195,bronze,rule_10_20_30
2022,hangzhou,2099202212040487,湖南师范大学,顽强拼搏,何嘉骏|王万福|胡缘,1,0,3,364,286,bronze,rule_10_20_30
2022,hangzhou,2099202212040488,湖南师范大学,HEX,倪祺祺|杨泽旭|马嘉豪,1,0,2,96,424,,rule_10_20_30
2022,hangzhou,2099202212040514,华南农业大学,欧若拉,刘创嘉|林逸杰|郑晓楊,1,0,5,793,153,silver,rule_10_20_30
2022,hangzhou,2099202212040515,华南农业大学,菠萝头猫猫,唐朝|蓝承玮|陈乾,1,0,2,34,332,,rule_10_20_30
2022,hangzhou,2099202212040516,华南农业大学,面对签到题面露难色三人组,张珈棋|谢兆扬|陈柏祺,1,0,2,223,500,,rule_10_20_30
2022,hangzhou,2099202212040539,广州大学,啊对对对,冯建华|林希栋|罗锦祺,1,0,5,873,171,bronze,rule_10_20_30
2022,hangzhou,2099202212040540,广州大学,负负得正,张靖|李泽刚|黎宝鸿,1,0,7,1205,26,gold,rule_10_20_30
2022,hangzhou,2099202212040541,广州大学,WA&TLE 自动机,吴昊原|林国鑫|陈凯,1,0,4,553,210,bronze,rule_10_20_30
2022,hangzhou,2099202212040549,南方科技大学,南方科技大学 - 枫丹白露,严翔羽|何俞均|陈明志,1,0,6,1012,69,silver,rule_10_20_30
2022,hangzhou,2099202212040550,深圳技术大学,好问题,叶子豪|周宏玮|杨卓勋,0,0,2,77,,,rule_10_20_30
2022,hangzhou,2099202212040551,深圳技术大学,"（一""一）",刘泽驰|周家宝|钱贵宁,1,0,2,27,331,,rule_10_20_30
2022,hangzhou,2099202212040552,深圳技术大学,鹦鹉螺,吴泰维|曾熙柔|陈锦聪,1,0,2,43,346,,rule_10_20_30
2022,hangzhou,2099202212040553,哈尔滨工业大学（深圳）,骗分大队,曹杨|沈文|潘思成,1,0,6,850,55,gold,rule_10_20_30
2022,hangzhou,2099202212040554,哈尔滨工业大学（深圳）,AE 钙奶队,夏鸿博|曹海东|高硕豪,1,0,5,639,122,silver,rule_10_20_30
2022,hangzhou,2099202212040555,哈尔滨工业大学（深圳）,白楼散华,孙宇开|羊柯伍|陈宇轩,1,0,5,375,79,silver,rule_10_20_30
2022,hangzhou,2099202212040622,南方科技大学,南方科技大学 - 佩皮尼昂,张书玮|程司哲|郑轶滔,1,0,6,947,64,silver,rule_10_20_30
2022,hangzhou,2099202212040623,南方科技大学,南方科技大学 - 敦刻尔克,邓清文|陈天乐|黄少霖,1,0,7,912,19,gold,rule_10_20_30
2022,hangzhou,2099202212040643,宁波市效实中学,水神,张文瀚|胡钰昊|陈宇翔,0,0,2,185,,,rule_10_20_30
2022,hangzhou,2099202212040644,宁波市效实中学,好好学,华羽帆|徐振羽|黄佳瑞,0,0,7,1117,,,rule_10_20_30
2022,hangzhou,2099202212040645,宁波市效实中学,贤明哥哥亲援队,王子瑜|赵子腾|钟元珂,0,0,4,846,,,rule_10_20_30
2022,hangzhou,2099202212040648,浙江省衢州第二中学,五年 OI 三年 IO,王远涛|钱易|陈子涵,0,0,4,385,,,rule_10_20_30
2022,hangzhou,2099202212040649,浙江省衢州第二中学,LYP 粉丝后援团,方心童|郑予谦|郑钧,0,0,7,1350,,,rule_10_20_30
2022,hangzhou,2099202212040650,浙江省衢州第二中学,异或非与队,任仕杰|姜泰哲|柴春阳,0,0,4,570,,,rule_10_20_30
2022,hangzhou,2099202212040065,合肥工业大学,嫩牛五方,吴靖宇|张洪嘉|王熠闻,1,0,2,208,494,,rule_10_20_30
2022,hangzhou,2099202212040066,合肥工业大学,来都来了,张韬|阳勇权|黄超龙,1,0,2,208,494,,rule_10_20_30
2022,hangzhou,2099202212040067,合肥工业大学宣城校区,柚子社天下第一,张程曦|徐震|郑博文,1,0,3,352,282,bronze,rule_10_20_30
2022,hangzhou,2099202212040068,合肥工业大学宣城校区,别打铁球球了,余华安|张益|胡菽颖,1,0,2,103,433,,rule_10_20_30
2022,hangzhou,2099202212040069,中国传媒大学,智能工人队,凌海|沈钰欣|许安超,1,0,2,69,390,,rule_10_20_30
2022,hangzhou,2099202212040070,中国传媒大学,一刀子一刀子,余健|李明萱|涂然,1,0,2,141,466,,rule_10_20_30
2022,hangzhou,2099202212040078,南开大学,狂乱木曜日,陈冠修|陈雪涛|魏冰青,1,0,4,649,226,bronze,rule_10_20_30
2022,hangzhou,2099202212040079,南开大学,虽 5 但 u,崔家贺|徐百朋|薛湛童,1,0,2,645,531,,rule_10_20_30
2022,hangzhou,2099202212040084,华中师范大学,RE 是评测机的谎言,余恒宇|史承钰|姚辰恺,1,0,5,1063,185,bronze,rule_10_20_30
2022,hangzhou,2099202212040085,华中师范大学,读题 - 评测-AC,刘良柱|蒋国华|邝明堔,1,0,2,96,424,,rule_10_20_30
2022,hangzhou,2099202212040117,华东理工大学,上课铃是摇篮曲所以我们 11 点就下线,姜中为|汪梓祥|逯天毅,1,0,4,665,230,bronze,rule_10_20_30
2022,hangzhou,2099202212040118,华东理工大学,想队名比过题还难,曾剑涛|杭业晟|胡文波,1,0,6,535,30,gold,rule_10_20_30
2022,hangzhou,2099202212040136,兰州大学,黑毛红瞳萝莉也万岁,傅楷|吕斯寒|许江南,1,0,0,0,544,,rule_10_20_30
2022,hangzhou,2099202212040137,兰州大学,灵光乍现,李欣杭|梁宇昊|王若譞,1,0,0,0,544,,rule_10_20_30
2022,hangzhou,2099202212040212,江南大学,远坂凛粉丝队,何云康|张逍遥|陈云豪,1,0,5,695,137,silver,rule_10_20_30
2022,hangzhou,2099202212040213,江南大学,签到，坐牢和机器人,史传正|林品丞|王欣恒,1,0,2,93,420,,rule_10_20_30
2022,hangzhou,2099202212040221,北方工业大学,sjbyyds,王帅帅|苏靖博|黄超,1,0,2,166,478,,rule_10_20_30
2022,hangzhou,2099202212040222,北方工业大学,没什么想法,刘宇轩|王思诚|马子晨,1,0,2,671,532,,rule_10_20_30
2022,hangzhou,2099202212040224,天津工业大学,转生到异世界然后一秒 AK,王鑫瑞|贾少晨|邬程毅,1,0,3,559,321,bronze,rule_10_20_30
2022,hangzhou,2099202212040225,天津工业大学,大聪明不相信眼泪,梁欢欢|王心想|石梓茜,1,0,2,257,508,,rule_10_20_30
2022,hangzhou,2099202212040227,燕山大学,塔山 Dark 树林,孙振轩|李一阳|赵玉航,1,0,5,755,152,silver,rule_10_20_30
2022,hangzhou,2099202212040228,燕山大学,来自东方的神秘力量,李壮壮|李悠然|牛彦深,1,0,3,606,324,bronze,rule_10_20_30
2022,hangzhou,2099202212040233,太原理工大学,为嘛黄瓜绿,何奇璋|李昌荣|李沛霖,1,0,5,473,98,silver,rule_10_20_30
2022,hangzhou,2099202212040234,太原理工大学,百闻不如一见队,李浩宇|汤奇霖|郭晋龙,1,0,1,16,534,,rule_10_20_30
2022,hangzhou,2099202212040246,大连大学,做 AC 梦,张璟琪|朱熙恒|梁亮,1,0,2,92,419,,rule_10_20_30
2022,hangzhou,2099202212040247,大连大学,幻想家协会,皮文轩|郑明威|钟子鹏,1,0,2,63,380,,rule_10_20_30
2022,hangzhou,2099202212040253,北华大学,卧龙,杜琪|袁一骏|陈君杰,1,0,5,868,170,bronze,rule_10_20_30
2022,hangzhou,2099202212040254,北华大学,时间限制,张宇飞|成鲜微|薛家琪,1,0,2,443,523,,rule_10_20_30
2022,hangzhou,2099202212040256,东北农业大学,四五六,刘新儒|武俊延|邵博宇,1,0,3,409,302,bronze,rule_10_20_30
2022,hangzhou,2099202212040257,东北农业大学,急急急急急急,刘世霖|李加栋|阎硕,1,0,2,65,383,,rule_10_20_30
2022,hangzhou,2099202212040263,上海科技大学,新建文件夹,单子维|滕致浩|胡港枫,1,0,5,817,161,silver,rule_10_20_30
2022,hangzhou,2099202212040264,上海科技大学,在世界终末的降临之日，我们的字符串题被卡常了,曹宇涵|林迦勒|白一诺,1,0,3,374,288,bronze,rule_10_20_30
2022,hangzhou,2099202212040271,上海第二工业大学,汪汪队起飞咯,庄欣昀|葛周麒|陈泽平,1,0,2,71,394,,rule_10_20_30
2022,hangzhou,2099202212040281,江苏科技大学,没办法,殷苏海|王博|续马乐,1,0,3,197,250,bronze,rule_10_20_30
2022,hangzhou,2099202212040282,江苏科技大学,小伙子你那什么车啊,周文杰|朱庆壁|郭杰良,1,0,2,66,385,,rule_10_20_30
2022,hangzhou,2099202212040291,苏州科技大学,ifan 不是 ijia·ijia 不是 iweng·iweng 不是 ikun·世界末彼岸花丛中的死之结界,江帆|翁康智|陈家杰,1,0,3,519,320,bronze,rule_10_20_30
2022,hangzhou,2099202212040292,苏州科技大学,最后的轻语,吴晓凡|时微淳|黄泱邦,1,0,4,1076,247,bronze,rule_10_20_30
2022,hangzhou,2099202212040294,南京晓庄学院,明年本升小,单宇星|李志斌|胡颖,1,0,2,106,436,,rule_10_20_30
2022,hangzhou,2099202212040295,南京晓庄学院,弓长木又车彳亍,张权|王子越|聂圣杰,1,0,2,225,502,,rule_10_20_30
2022,hangzhou,2099202212040297,徐州工程学院,啪的一下就过了,刘通|张恒|朱骏豪,1,0,2,134,459,,rule_10_20_30
2022,hangzhou,2099202212040298,徐州工程学院,无所谓,何陆颖|邵文杰|高乐,1,0,2,250,504,,rule_10_20_30
2022,hangzhou,2099202212040299,浙江财经大学,寒星孤月,冯裕钵|徐海天|陈启亮,1,0,4,683,232,bronze,rule_10_20_30
2022,hangzhou,2099202212040300,浙江财经大学,赛博朋克：边缘银者,张宏剑|张维康|徐宇诺,1,0,2,37,335,,rule_10_20_30
2022,hangzhou,2099202212040309,浙江中医药大学,ZCMU-珂朵莉樹上可持續化咕咕咕,姚冠宇|盛子阳|赵天骏,1,0,4,618,223,bronze,rule_10_20_30
2022,hangzhou,2099202212040310,浙江中医药大学,ZCMU-今天喝黄桃果霸,卢昕怡|景舒楠|钟晓芸,1,0,3,445,313,bronze,rule_10_20_30
2022,hangzhou,2099202212040345,中国计量大学,吴老板想要变成 chico 的狗,吴志存|杨晗|章霄宇,1,0,5,826,165,bronze,rule_10_20_30
2022,hangzhou,2099202212040346,中国计量大学,fufu 吃大米,刘昕|裴君辉|金晖,1,0,4,521,205,bronze,rule_10_20_30
2022,hangzhou,2099202212040351,浙江金融职业学院,这次应该可以,吕哲宇|吴俊杰|胡恩俊,1,0,2,69,390,,rule_10_20_30
2022,hangzhou,2099202212040352,浙江金融职业学院,芭芭拉冲呀,张如华|邓瑞琦|金汝霖,1,0,2,89,416,,rule_10_20_30
2022,hangzhou,2099202212040353,浙江工商大学杭州商学院,有空乱想不如多敲代码,柏晨垚|章起帆|郑子涵,1,0,2,250,504,,rule_10_20_30
2022,hangzhou,2099202212040354,浙江工商大学杭州商学院,一个中文名字,曾歆瑶|潘琮睿|麻嘉豪,1,0,2,117,448,,rule_10_20_30
2022,hangzhou,2099202212040355,杭州电子科技大学信息工程学院,清蒸狮子头,尹凯乐|杨鑫|柳徐吉,1,0,6,467,28,gold,rule_10_20_30
2022,hangzhou,2099202212040356,杭州电子科技大学信息工程学院,杭州地三仙,李泽瑜|郭程|顾凯耀,1,0,2,58,373,,rule_10_20_30
2022,hangzhou,2099202212040372,宁波工程学院,队长没过四级队,席帅|徐恩祥|耿龙斌,1,0,3,224,255,bronze,rule_10_20_30
2022,hangzhou,2099202212040373,宁波工程学院,暴力出奇迹,刘孙楠|吴敏哲|王济舟,1,0,2,353,517,,rule_10_20_30
2022,hangzhou,2099202212040374,浙大宁波理工学院,啊对对队,沈威|胡鑫磊|谢俊喆,1,0,3,427,307,bronze,rule_10_20_30
2022,hangzhou,2099202212040375,浙大宁波理工学院,大大黄焖鸡,吴杰|陈湘铭|黄炘,1,0,3,461,316,bronze,rule_10_20_30
2022,hangzhou,2099202212040376,宁波财经学院,wawa 菜,曾龙伟|朱宸旭|许江涛,1,0,2,89,416,,rule_10_20_30
2022,hangzhou,2099202212040377,宁波财经学院,偷吃贡品,林元钞|王海成|颜俊扬,1,0,2,122,456,,rule_10_20_30
2022,hangzhou,2099202212040621,上海第二工业大学,粉红毛毛兔,胡垚|邓人铭|陈骏蔚,0,0,2,70,,,rule_10_20_30
2022,hangzhou,2099202212040383,绍兴文理学院,破晓,孟嘉政|范康鑫|郑柏成,1,0,5,978,182,bronze,rule_10_20_30
2022,hangzhou,2099202212040384,绍兴文理学院,零始,吴慧一|应贤儿|李柯叡,1,0,2,103,433,,rule_10_20_30
2022,hangzhou,2099202212040396,安徽财经大学,逐火之蛾队,王清锐|邱昊天|郑翔元,0,0,0,0,,,rule_10_20_30
2022,hangzhou,2099202212040397,安徽财经大学,假 ikun,朱君锴|窦建邺|钱宸,1,0,1,31,537,,rule_10_20_30
2022,hangzhou,2099202212040403,集美大学,深夜谁家灯火万盏,蔡培伟|陈伟盛|陈文静,1,0,3,439,310,bronze,rule_10_20_30
2022,hangzhou,2099202212040404,集美大学,for++,吴杰|周鑫|陈煜晗,1,0,5,824,163,silver,rule_10_20_30
2022,hangzhou,2099202212040405,福建师范大学,回光返照,林骅|章军豪|陈坤坤,1,0,5,643,126,silver,rule_10_20_30
2022,hangzhou,2099202212040406,福建师范大学,我们店是室女座超星系团最好吃的沙县小吃,周奕帆|苏君鹏|陈杨涛,1,0,5,543,108,silver,rule_10_20_30
2022,hangzhou,2099202212040413,福建工程学院,傅里叶变换,廖泽晖|张山泉|王长青,1,0,2,78,407,,rule_10_20_30
2022,hangzhou,2099202212040414,福建工程学院,想不出名啦,王凱民|王铭森|郑启诚,0,0,2,100,,,rule_10_20_30
2022,hangzhou,2099202212040423,江西师范大学,非对称信息下的 ICPC 不平等博弈,庄芷滢|田震雄|陈康,1,0,5,804,156,silver,rule_10_20_30
2022,hangzhou,2099202212040425,江西财经大学,想成为纳西妲的编译器,周政|喻琰|欧阳岩,1,0,2,115,444,,rule_10_20_30
2022,hangzhou,2099202212040426,江西财经大学,蜜汁手残鸡,廖凌翔|王海峰|胡衍滨,1,0,2,86,413,,rule_10_20_30
2022,hangzhou,2099202212040437,烟台大学,未竟之梦,伍远毅|冯天书|田启初,1,0,2,55,367,,rule_10_20_30
2022,hangzhou,2099202212040438,烟台大学,一切都好,张自强|李富康|王振宁,1,0,2,101,430,,rule_10_20_30
2022,hangzhou,2099202212040453,哈尔滨工业大学（威海）,行雲流水,张春立|王昊川|罗江楠,1,0,5,656,128,silver,rule_10_20_30
2022,hangzhou,2099202212040454,哈尔滨工业大学（威海）,余好 Debug 以 AC 兮,易子杰|李昕烨|许展翔,1,0,2,237,503,,rule_10_20_30
2022,hangzhou,2099202212040465,河南大学,零异事件,李金刚|毛子豪|程崇正,1,0,3,407,301,bronze,rule_10_20_30
2022,hangzhou,2099202212040466,河南大学,IEEE754,刘挺屹|吴浩然|张宇,1,0,6,1019,70,silver,rule_10_20_30
2022,hangzhou,2099202212040478,武汉轻工大学,额可赛普特,王帅振|王百威|贾鹏城,1,0,2,72,397,,rule_10_20_30
2022,hangzhou,2099202212040479,武汉轻工大学,赢了放烟花，输了喝可乐,王小康|谷帼嵘|邵宽,1,0,4,517,204,bronze,rule_10_20_30
2022,hangzhou,2099202212040481,武汉商学院,心愿,田坤|胡恩照|贾锐哲,0,0,2,69,,,rule_10_20_30
2022,hangzhou,2099202212040482,武汉商学院,三哈,刘洋|刘津津|周天举,1,0,2,355,518,,rule_10_20_30
2022,hangzhou,2099202212040484,南华大学,难道他是天才吗,周楷傑|李柏顺|杨家骏,1,0,3,377,289,bronze,rule_10_20_30
2022,hangzhou,2099202212040485,湘潭大学,叫谢老板会被禁言,曾洋旭|李子熙|魏志高,1,0,5,874,172,bronze,rule_10_20_30
2022,hangzhou,2099202212040486,湘潭大学,三只小猪,万康|何恺|曾庆鑫,1,0,4,1035,246,bronze,rule_10_20_30
2022,hangzhou,2099202212040489,湖南农业大学,重振湘农荣光,唐扬|曾钰倬|李杰,1,0,4,441,197,bronze,rule_10_20_30
2022,hangzhou,2099202212040490,湖南农业大学,@全体成员 来个队名,李佰炎|李南翃|邱麒桦,1,0,2,114,443,,rule_10_20_30
2022,hangzhou,2099202212040509,南华大学,国家汪汪大队,宋泽坤|李卓能|肖珂,1,0,2,68,389,,rule_10_20_30
2022,hangzhou,2099202212040630,江西师范大学,ero automaton,张天福|陈哲|颜玮琦,1,0,5,399,85,silver,rule_10_20_30
2022,hangzhou,2099202212040493,湖南警察学院,hp2,唐琦|左国祥|洪鸿铭,1,0,4,664,229,bronze,rule_10_20_30
2022,hangzhou,2099202212040494,湖南警察学院,hp3,稂昕鑫|蔡子妮|郭远师,1,0,2,108,438,,rule_10_20_30
2022,hangzhou,2099202212040498,长沙理工大学,rush balloon!,侯骏哲|张禹轩|蔡灏东,1,0,2,37,335,,rule_10_20_30
2022,hangzhou,2099202212040499,长沙理工大学,宝可梦之炼金术士,刘帅|刘赟贲|胡洋,1,0,5,420,88,silver,rule_10_20_30
2022,hangzhou,2099202212040502,湖南科技大学,喵喵队也要拿出真本事,周林锋|朱宏烨|李映飞,1,0,5,898,174,bronze,rule_10_20_30
2022,hangzhou,2099202212040503,湖南科技大学,残夜将明,傅嘉|关鑫|秦豪远,1,0,2,44,351,,rule_10_20_30
2022,hangzhou,2099202212040504,湖南理工学院,夺心魔,姚周|杨可|魏文轩,1,0,2,154,473,,rule_10_20_30
2022,hangzhou,2099202212040505,湖南理工学院,luckin,梁韧|王斯威|陈睿轩,1,0,3,221,254,bronze,rule_10_20_30
2022,hangzhou,2099202212040506,湖南文理学院,huas_2 队,周宇轩|戴润鑫|林中庸,1,0,2,97,427,,rule_10_20_30
2022,hangzhou,2099202212040507,湖南文理学院,huas_1 队,刘威|吴立强|李嘉红,1,0,4,324,190,bronze,rule_10_20_30
2022,hangzhou,2099202212040511,长沙学院,代码敲不,李佳骏|肖春晴|邱一凡,1,0,3,311,270,bronze,rule_10_20_30
2022,hangzhou,2099202212040512,长沙学院,楚鸟未鸣,李书宇|肖天赐|贺治郅,1,0,3,379,291,bronze,rule_10_20_30
2022,hangzhou,2099202212040537,惠州学院,鶸巢,卢仲悦|陈之焕|陈辉阳,1,0,2,126,458,,rule_10_20_30
2022,hangzhou,2099202212040538,惠州学院,不爆 0 就算成功,林锐涛|温培绚|郑凯毓,1,0,2,94,421,,rule_10_20_30
2022,hangzhou,2099202212040564,重庆邮电大学,抽根华子,汪子涵|王俊凌|陈金文,1,0,3,350,281,bronze,rule_10_20_30
2022,hangzhou,2099202212040565,重庆邮电大学,遇到困难睡大觉,李自豪|毛博|洪洲,1,0,2,471,525,,rule_10_20_30
2022,hangzhou,2099202212040568,成都信息工程大学,与美少女的贴贴日常,徐世豪|沈祐正|王童,1,0,2,50,362,,rule_10_20_30
2022,hangzhou,2099202212040569,成都信息工程大学,往日不再,张李欣|张轩铭|林莫豪,1,0,3,290,265,bronze,rule_10_20_30
2022,hangzhou,2099202212040571,乐山师范学院,我的罚时在你之上,姜涛|崔伟浩|覃彦,1,0,3,305,268,bronze,rule_10_20_30
2022,hangzhou,2099202212040572,乐山师范学院,水上由岐,何世春|吕孟霖|钟闻杰,1,0,3,241,259,bronze,rule_10_20_30
2022,hangzhou,2099202212040573,成都理工大学,无问,廖智|段瑞涛|陈嘉怡,1,0,2,56,370,,rule_10_20_30
2022,hangzhou,2099202212040574,成都理工大学,正在起名,向悦帆|李松林|艾锋炎,1,0,2,105,435,,rule_10_20_30
2022,hangzhou,2099202212040576,西南科技大学,可见光,向子建|唐毅贵|陈同庆,1,0,2,65,383,,rule_10_20_30
2022,hangzhou,2099202212040577,西南科技大学,MinyaKonka,周杨杨|粟永航|袁博洋,1,0,3,426,306,bronze,rule_10_20_30
2022,hangzhou,2099202212040580,云南大学,爱拼队,杨佳祺|郑晓雷|郑知菲,0,0,3,402,,,rule_10_20_30
2022,hangzhou,2099202212040581,云南大学,梅花队,周翔宇|王柯|蔡新宇,1,0,2,183,488,,rule_10_20_30
2022,hangzhou,2099202212040582,昆明理工大学,Join&&Enjoy,代欣然|杨江南|陈博,1,0,2,698,533,,rule_10_20_30
2022,hangzhou,2099202212040583,昆明理工大学,Random Latte,刘锦昌|张践翼|邹驰誉,1,0,2,519,526,,rule_10_20_30
2022,hangzhou,2099202212040585,西北大学,早八睡不醒,严馨蕊|冯幸|王婷,1,0,2,143,469,,rule_10_20_30
2022,hangzhou,2099202212040586,西北大学,如果 ACM 需要鼓励的话,李国航|田朕铭|高子杰,1,0,2,136,462,,rule_10_20_30
2022,hangzhou,2099202212040035,中国石油大学（北京）,我为石油献代码,夏方略|潘耀宇|郑朝斌,1,0,5,461,96,silver,rule_10_20_30
2022,hangzhou,2099202212040045,华北电力大学（北京）,ncepu_Hangzhou_001,林鸿睿|武承禹|申艺翔,1,0,3,305,268,bronze,rule_10_20_30
2022,hangzhou,2099202212040055,北京师范大学珠海校区,先特判样例,张民轩|张涵|王昱超,1,0,2,43,346,,rule_10_20_30
2022,hangzhou,2099202212040058,中国矿业大学（北京）,队长一人顶仨队,史坪巧|张泽豪|高晨莹,1,0,3,341,279,bronze,rule_10_20_30
2022,hangzhou,2099202212040083,华中农业大学,三人成行,张馨月|郭竣豪|马杰,1,0,2,40,343,,rule_10_20_30
2022,hangzhou,2099202212040089,大连海事大学,反之亦然,王暄|童奕|陶安鑫,1,0,4,773,238,bronze,rule_10_20_30
2022,hangzhou,2099202212040116,上海财经大学,SAKANA,曹人杰|费煜章|郭士纳,1,0,5,641,124,silver,rule_10_20_30
2022,hangzhou,2099202212040119,中国海洋大学,三个老年银,吕筱玮|延书宇|葛足澳,1,0,2,95,423,,rule_10_20_30
2022,hangzhou,2099202212040135,长安大学,彩虹岛之戮,刘葆骐|张园|段可然,1,0,3,288,264,bronze,rule_10_20_30
2022,hangzhou,2099202212040152,西南大学,小黑子们 V 我 50,单义文|唐浩|谭宇森,1,0,2,176,483,,rule_10_20_30
2022,hangzhou,2099202212040155,西南财经大学,前进！冲击！突破！,张硕|杨文昊|钟明汉,1,0,5,633,120,silver,rule_10_20_30
2022,hangzhou,2099202212040220,北京工业大学,V50 吃疯狂星期四,余佳珉|刘海天|王钟楠,1,0,4,662,228,bronze,rule_10_20_30
2022,hangzhou,2099202212040589,西安石油大学,不想再罚坐了,任宇麒|张家树|林道斌,1,0,2,47,359,,rule_10_20_30
2022,hangzhou,2099202212040590,西安石油大学,WA 想要 AC,张景韬|张自清|李文慧,0,0,1,52,,,rule_10_20_30
2022,hangzhou,2099202212040596,山东大学（威海）,萌新不打铁,倪子鉴|钟菡树|魏志祥,1,0,2,48,361,,rule_10_20_30
2022,hangzhou,2099202212040597,山东大学（威海）,无所谓，我会 AC,崔海勤|张智航|朱益言,1,0,4,544,209,bronze,rule_10_20_30
2022,hangzhou,2099202212040599,浙江育英职业技术学院,巧克力霸王龙,宋仪彬|罗楠|黄文凯,1,0,2,55,367,,rule_10_20_30
2022,hangzhou,2099202212040600,浙江育英职业技术学院,弈？悟！,张恒|方婧婧|沈永源,1,0,2,117,448,,rule_10_20_30
2022,hangzhou,2099202212040606,北京理工大学珠海学院,星火燎原,张润泽|胡德存|陈军,1,0,5,939,179,bronze,rule_10_20_30
2022,hangzhou,2099202212040607,北京理工大学珠海学院,猫猫狗狗,严景城|江梓豪|苏哲,1,0,2,605,529,,rule_10_20_30
2022,hangzhou,2099202212040611,成都锦城学院,无所谓，我会打铁,王崧|王睿|陈柯源,1,0,3,385,295,bronze,rule_10_20_30
2022,hangzhou,2099202212040612,成都锦城学院,太美丽了！锦城,徐逸芃|杨凡|魏佳盛,1,0,2,75,403,,rule_10_20_30
2022,hangzhou,2099202212040619,信息工程大学,F1appy_b0ys,杜和儒|祝李哲|黄心庭,1,0,3,645,327,,rule_10_20_30
2022,hangzhou,2099202212040620,信息工程大学,老村长,李一帆|郑浩楠|陈润森,1,0,4,790,240,bronze,rule_10_20_30
2022,hangzhou,2099202212040637,上海应用技术大学,四面楚鸽,叶之捷|朱嘉钧|王俞力,1,0,3,364,286,bronze,rule_10_20_30
2022,hangzhou,2099202212040638,上海应用技术大学,星云的回响,刘和乐|祝乘风|许豪骏,0,0,2,34,,,rule_10_20_30
2022,hangzhou,2099202212040655,金华市丽泽中学,手我,梁润昊|汪致远|赵晟昊,0,0,7,1249,,,rule_10_20_30
2022,hangzhou,2099202212040656,金华市丽泽中学,谢谢老师,叶印东|宋子岩|项灏洋,0,0,3,254,,,rule_10_20_30
2022,hangzhou,2099202212040657,浙江金华第一中学,不为 OI 所动，打更专业的 ACM,姜圻圣|张涵硕|赖可依,0,0,6,709,,,rule_10_20_30
2022,hangzhou,2099202212040658,浙江金华第一中学,冰封王座,孙梓皓|毛艺婷|郑杞珩,0,0,8,856,,,rule_10_20_30
2022,hangzhou,2099202212040223,北京信息科技大学,走到湖边就会哈啦一下买一杯美式,刘泽昊|苏永鑫|金成厚,1,0,0,0,544,,rule_10_20_30
2022,hangzhou,2099202212040226,河北师范大学,黎明之光,吕占捷|张圣哲|黄巍赟,1,0,3,293,266,bronze,rule_10_20_30
2022,hangzhou,2099202212040232,山西大学,快冲,华晓飞|谢千一|邹佳乐,1,0,2,69,390,,rule_10_20_30
2022,hangzhou,2099202212040238,内蒙古师范大学,imnu1 队,王杰|赵文浩|马鸿飞,1,0,2,438,521,,rule_10_20_30
2022,hangzhou,2099202212040239,辽宁工程技术大学,太阳石之光,程佳阳|艾荣成|魏翔飞,1,0,2,206,493,,rule_10_20_30
2022,hangzhou,2099202212040240,沈阳理工大学,丁真,茅泉浩|金典|金铉杰,1,0,5,668,131,silver,rule_10_20_30
2022,hangzhou,2099202212040244,沈阳师范大学,三个人英语加起来都凑不到四级,孙岸琦|贾旭冉|钟日优,1,0,2,74,401,,rule_10_20_30
2022,hangzhou,2099202212040245,沈阳化工大学,Kiryca,周壮壮|惠蒲葵|陈如聪,1,0,4,482,200,bronze,rule_10_20_30
2022,hangzhou,2099202212040252,长春工业大学,二十三点五十九,吴越哲|徐梦皓|韩清丞,1,0,2,220,499,,rule_10_20_30
2022,hangzhou,2099202212040255,东北电力大学,HAL 9000,关凯铭|徐浩东|李翔宇,1,0,4,423,196,bronze,rule_10_20_30
2022,hangzhou,2099202212040258,黑龙江大学,拭暗晨曦,丁浩康|宋福海|邓基霄,1,0,4,490,201,bronze,rule_10_20_30
2022,hangzhou,2099202212040262,哈尔滨商业大学,先行者 4 队,张铂|李恒远|杜方鑫,1,0,2,172,481,,rule_10_20_30
2022,hangzhou,2099202212040265,上海海事大学,main,周金|应懿|薛津麒,1,0,4,677,231,bronze,rule_10_20_30
2022,hangzhou,2099202212040266,上海海洋大学,睡了吗,冯涛|刘国涛|魏朗天,1,0,2,73,400,,rule_10_20_30
2022,hangzhou,2099202212040279,南京师范大学,正宗大非柱,方铭宇|杨圣涵|葛子阳,1,0,2,78,407,,rule_10_20_30
2022,hangzhou,2099202212040280,南京林业大学,月与花束,周怿翔|张友鑫|郑镐予,1,0,2,88,414,,rule_10_20_30
2022,hangzhou,2099202212040283,盐城工学院,北巷清风,张涛|胡远韬|韩逸凡,1,0,2,59,374,,rule_10_20_30
2022,hangzhou,2099202212040293,南通大学,集思广益一波,周杰|张世梁|韩愈,1,0,2,37,335,,rule_10_20_30
2022,hangzhou,2099202212040296,金陵科技学院,二带一,万卓越|李蕴杰|盛夏涛,1,0,5,753,151,silver,rule_10_20_30
2022,hangzhou,2099202212040323,浙江传媒学院,竹杖芒鞋轻胜马,张训然|徐雷斌|许凯杰,1,0,2,286,513,,rule_10_20_30
2022,hangzhou,2099202212040344,嘉兴学院,摸鱼队,吴淘|林荫|马瑞祺,1,0,2,177,485,,rule_10_20_30
2022,hangzhou,2099202212040350,浙江工业职业技术学院,恭喜你加入羊群,周越|杨楠|竺夏,1,0,3,301,267,bronze,rule_10_20_30
2022,hangzhou,2099202212040366,西湖大学,Westlake,吴陈乐|张乐程|杨英豪,1,0,5,812,159,silver,rule_10_20_30
2022,hangzhou,2099202212040370,杭州江南实验学校,江南实验校队,廖子阳|张翰辰|董得乐,0,0,2,96,,,rule_10_20_30
2022,hangzhou,2099202212040382,湖州学院,想要个牌,孙禄毅|朱鑫燚|蓝忠杰,1,0,2,450,524,,rule_10_20_30
2022,hangzhou,2099202212040385,绍兴文理学院元培学院,朝气蓬勃大一队,杨孔俊|黄佳欣|黄鑫,1,0,2,54,366,,rule_10_20_30
2022,hangzhou,2099202212040395,阜阳师范大学,最后一队,储思晴|谢天意|谢腾飞,1,0,0,0,544,,rule_10_20_30
2022,hangzhou,2099202212040398,安徽工业大学,糊涂涂,张孟来|王锦波|郝思凯,1,0,2,52,364,,rule_10_20_30
2022,hangzhou,2099202212040399,滁州学院,琅琊山三壮士,卢小龙|楚森林|王燕春,1,0,2,43,346,,rule_10_20_30
2022,hangzhou,2099202212040411,闽南师范大学,阿尼亚今天 wakuwaku,梁国栋|沈汉强|郭雷,1,0,4,557,213,bronze,rule_10_20_30
2022,hangzhou,2099202212040412,福建农林大学,重生之我是懒狗,兰宇平|林新煜|陈心桥,1,0,5,913,178,bronze,rule_10_20_30
2022,hangzhou,2099202212040415,厦门理工学院,明理精工,孔德森|江贤哲|黄奇凡,1,0,2,142,468,,rule_10_20_30
2022,hangzhou,2099202212040416,泉州师范学院,世界上最菜的珂学家们,杨光|沈文韬|罗德鋆,1,0,1,24,536,,rule_10_20_30
2022,hangzhou,2099202212040417,江西理工大学,豆乳盒子再爱我一次,付仁杰|艾振欣|陶哲,1,0,2,45,356,,rule_10_20_30
2022,hangzhou,2099202212040418,南昌大学,摆烂猫猫,万钧|惠鹏程|蔡定中,1,0,5,1126,187,bronze,rule_10_20_30
2022,hangzhou,2099202212040419,江西理工大学南昌校区,天动万象,孙港|张汇鑫|王雄,1,0,3,345,280,bronze,rule_10_20_30
2022,hangzhou,2099202212040424,华东交通大学,喵喵喵,冷柯荣|刘树仁|宋亮,1,0,2,149,471,,rule_10_20_30
2022,hangzhou,2099202212040427,九江学院,赛博丁只因,何浩|杭天翔|许俊杰,1,0,2,212,496,,rule_10_20_30
2022,hangzhou,2099202212040428,宜春学院,每天都爽睡,吴淇|朱凯俊|童宗锐,1,0,2,150,472,,rule_10_20_30
2022,hangzhou,2099202212040429,青岛理工大学,一神带两坑,刘方|史杰|饶礼建,1,0,2,53,365,,rule_10_20_30
2022,hangzhou,2099202212040434,山东工商学院,茶话会,李亚然|王在媛|鲁庆,1,0,1,186,542,,rule_10_20_30
2022,hangzhou,2099202212040435,潍坊学院,良夜清风月满湖,冀瑞腾|周东超|周俊旭,1,0,2,63,380,,rule_10_20_30
2022,hangzhou,2099202212040436,山东财经大学,偶然性,康佳政|马金鹏|黄越,1,0,2,319,516,,rule_10_20_30
2022,hangzhou,2099202212040439,聊城大学,蓝桥杯选手,刘洪泉|吉炳羽|陈廷超,1,0,2,76,404,,rule_10_20_30
2022,hangzhou,2099202212040440,山东农业大学,一天队,李振一|武天乐|钟苏阳,1,0,2,59,374,,rule_10_20_30
2022,hangzhou,2099202212040441,济南大学,鸡你钛酶,周诗栩|王阳|王鸿宇,1,0,2,167,479,,rule_10_20_30
2022,hangzhou,2099202212040444,齐鲁工业大学,拿铜去上海,刘易凡|王金旭|许一鸣,1,0,4,574,218,bronze,rule_10_20_30
2022,hangzhou,2099202212040449,山东师范大学,三人的奇妙冒险,张明慧|贾庆稚|高梦媛,1,0,2,67,386,,rule_10_20_30
2022,hangzhou,2099202212040450,山东女子学院,我们也不知道能 A 几道,周子腾|曲瀚纬|程文蓉,1,0,0,0,544,,rule_10_20_30
2022,hangzhou,2099202212040452,山东石油化工学院,山中月水中石,宋健伟|郭晨晖|陈阳,1,0,2,72,397,,rule_10_20_30
2022,hangzhou,2099202212040458,河南师范大学,What is DFS,王宇航|郝奥恺|高新想,1,0,3,203,251,bronze,rule_10_20_30
2022,hangzhou,2099202212040459,南阳师范学院,BLQ 梦之队,凌明磊|白亚豪|邱志恩,1,0,1,257,543,,rule_10_20_30
2022,hangzhou,2099202212040464,河南工业大学,签上到就算成功,张子豪|张鑫|李昊阳,1,0,2,46,358,,rule_10_20_30
2022,hangzhou,2099202212040467,河南科技大学,jwq,王若龙|蒋成冉|钦钊,1,0,4,791,241,bronze,rule_10_20_30
2022,hangzhou,2099202212040468,信阳师范学院,信阳师范学院队,胡嘉兴|胡嘉兴|胡嘉兴,1,0,6,788,47,gold,rule_10_20_30
2022,hangzhou,2099202212040469,河南财政金融学院,wawawa,李祖卫|王梦贤|秦卓,1,0,2,44,351,,rule_10_20_30
2022,hangzhou,2099202212040470,安阳工学院,已经开始掉头发,刘曼|刘浩林|周雪婷,1,0,2,83,412,,rule_10_20_30
2022,hangzhou,2099202212040471,南阳理工学院,AC 小兔队,原勇涛|孙宇龙|陈超凡,1,0,2,38,339,,rule_10_20_30
2022,hangzhou,2099202212040472,湖北第二师范学院,幻想家 WC,刘保智|游俊爽|翁佳杭,1,0,2,63,380,,rule_10_20_30
2022,hangzhou,2099202212040473,湖北工业大学,人工鸽与电子鸟,张昕|柯鹏杰|王敬,1,0,4,737,234,bronze,rule_10_20_30
2022,hangzhou,2099202212040474,湖北大学,珂朵莉不想成为老司机,叶子骏|姜佳伟|王凌烽,1,0,2,71,394,,rule_10_20_30
2022,hangzhou,2099202212040480,武汉工程大学,zcy 粉丝团,刘超|樊长冰|符轩豪,1,0,4,769,237,bronze,rule_10_20_30
2022,hangzhou,2099202212040491,湖南中医药大学,从 TL 到 WA,付海洋|胡棵梁|范博弈,1,0,2,597,528,,rule_10_20_30
2022,hangzhou,2099202212040492,吉首大学,三个 TZ,冯浩楠|林强|石逸可,1,0,2,192,490,,rule_10_20_30
2022,hangzhou,2099202212040495,湖南城市学院,KFC 三人篮球,申皓民|盛凌峰|谢林宏,1,0,3,265,263,bronze,rule_10_20_30
2022,hangzhou,2099202212040496,湖南工学院,全是友军玩毛,刘坤|周传|胡梦泽,1,0,4,538,207,bronze,rule_10_20_30
2022,hangzhou,2099202212040497,湖南第一师范学院,舌尖上的 dysf,周德鹏|尹桂超|朱健辉,1,0,2,107,437,,rule_10_20_30
2022,hangzhou,2099202212040500,湖南工业大学,不太会做题,刘平涛|孙凯文|蔡珏,1,0,4,785,239,bronze,rule_10_20_30
2022,hangzhou,2099202212040501,中南林业科技大学,中南林业科技大学 1 队,周海勇|舒莳英|雷阳,1,0,4,371,192,bronze,rule_10_20_30
2022,hangzhou,2099202212040508,湖南科技学院,车拉马,朱祎文|李公全|李顺龙,1,0,5,680,133,silver,rule_10_20_30
2022,hangzhou,2099202212040510,湖南人文科技学院,铁沸物,喻昊阳|张富宇|陈奕斌,1,0,2,398,520,,rule_10_20_30
2022,hangzhou,2099202212040513,香港中文大学（深圳）,巴克利,忙秋阳|李冬旭|郭青硕,1,0,8,997,7,gold,rule_10_20_30
2022,hangzhou,2099202212040525,广东技术师范大学,分治 ac,林家民|谢合松|郑伊延,1,0,3,399,298,bronze,rule_10_20_30
2022,hangzhou,2099202212040526,广东外语外贸大学,路卡利欧,李梓康|梁晓中|王辕,1,0,4,605,222,bronze,rule_10_20_30
2022,hangzhou,2099202212040534,广东工业大学揭阳校区,GDUTJY_天依不加糖,袁畅|钟鸣|黄子扬,1,0,5,1064,186,bronze,rule_10_20_30
2022,hangzhou,2099202212040535,广东财经大学,CodeFire,甘孟勇|罗仲桥|黄阳辉,1,0,2,117,448,,rule_10_20_30
2022,hangzhou,2099202212040536,肇庆学院,北岭五队,李进锋|杨辉宇|陈盈盈,1,0,2,78,407,,rule_10_20_30
2022,hangzhou,2099202212040542,韶关学院,Siege lion,刘庭权|林日清|罗凯鑫,1,0,2,134,459,,rule_10_20_30
2022,hangzhou,2099202212040556,嘉应学院,神狗之争,蔡创昇|袁锐涛|颜朝杰,1,0,3,228,256,bronze,rule_10_20_30
2022,hangzhou,2099202212040561,广西大学,Sakana，你让我陷入疯狂！,孙城涛|洪越|蓝秋雨,1,0,3,183,249,bronze,rule_10_20_30
2022,hangzhou,2099202212040562,广西师范大学,八千里路云和月,叶伟强|黄娟娟|黄青怡,1,0,2,308,515,,rule_10_20_30
2022,hangzhou,2099202212040563,桂林电子科技大学,无名之辈,刘思语|汪庭浩|黄思晨,1,0,5,884,173,bronze,rule_10_20_30
2022,hangzhou,2099202212040566,重庆交通大学,白毛萝莉控重度患者,杨卡达|葛昌威|陈俊曦,1,0,4,651,227,bronze,rule_10_20_30
2022,hangzhou,2099202212040567,重庆科技学院,功夫猫猫,智旭东|涂禄林|陈麒霖,0,0,1,33,,,rule_10_20_30
2022,hangzhou,2099202212040570,四川师范大学,宋沅泽带头冲锋,晋云涛|李俊霖|梁敏聪,1,0,2,62,378,,rule_10_20_30
2022,hangzhou,2099202212040575,西南石油大学,队名想好了吗,梅琦|黄逸飞|黄馨月,1,0,2,101,430,,rule_10_20_30
2022,hangzhou,2099202212040578,贵州大学,wa 之勇者成名录,姜春磊|王硕|胡梦昕,1,0,6,844,54,gold,rule_10_20_30
2022,hangzhou,2099202212040579,贵州民族大学,重生之我是蒟蒻,但文豪|方仑|覃昱程,1,0,2,117,448,,rule_10_20_30
2022,hangzhou,2099202212040584,西藏民族大学,秦汉 3,徐文华|胡鑫|陈曦,1,0,0,0,544,,rule_10_20_30
2022,hangzhou,2099202212040587,西安理工大学,感受一下比赛氛围,刘元涛|张佳成|张逸飞,1,0,3,358,284,bronze,rule_10_20_30
2022,hangzhou,2099202212040588,陕西科技大学,三个外省人打陕西省省赛,张席|张恩哲|方玟萱,1,0,3,474,319,bronze,rule_10_20_30
2022,hangzhou,2099202212040591,西安邮电大学,同调加速连光都可以超越,刘珅池|王嘉男|赵景齐,1,0,3,359,285,bronze,rule_10_20_30
2022,hangzhou,2099202212040592,兰州理工大学,认真专注沉着冷静,丁垚垚|叶刘强|沈宇昊,1,0,2,118,453,,rule_10_20_30
2022,hangzhou,2099202212040593,新疆大学,听雨,李佳胜|杨弘毅|罗逸聪,1,0,2,38,339,,rule_10_20_30
2022,hangzhou,2099202212040594,新疆师范大学,一级警报,宁善成|毛智谦|毛智谦,1,0,3,382,293,bronze,rule_10_20_30
2022,hangzhou,2099202212040595,杭州二中白马湖学校,章绍嘉,张泽铠|蒋陈和|邵俊熹,0,0,5,989,,,rule_10_20_30
2022,hangzhou,2099202212040598,南京邮电大学通达学院,西西弗斯还在坐牢,杨有成|王以宁|陈天意,1,0,2,138,464,,rule_10_20_30
2022,hangzhou,2099202212040601,南昌理工学院,桃李不言,刘佳明|李强圣|李政通,1,0,2,101,430,,rule_10_20_30
2022,hangzhou,2099202212040602,江西科技学院,无言以队,余传珏|刘芳萍|金雷,1,0,1,43,538,,rule_10_20_30
2022,hangzhou,2099202212040603,武昌理工学院,雅沙西,周思豪|常康腾|常毅威,1,0,5,637,121,silver,rule_10_20_30
2022,hangzhou,2099202212040604,湖南涉外经济学院,三个蒟蒻,汤佳|裴建强|郑宇,1,0,2,109,439,,rule_10_20_30
2022,hangzhou,2099202212040605,广东东软学院,摸奖的艺术,温贵鸿|许杰森|郑旭,1,0,2,45,356,,rule_10_20_30
2022,hangzhou,2099202212040608,广东理工学院,答的都对,何明飞|陈国芳|陈苏琳,1,0,1,54,539,,rule_10_20_30
2022,hangzhou,2099202212040609,广州城市理工学院,这日子没法过了,傅智锐|彭钰伟|陈佳文,1,0,2,268,511,,rule_10_20_30
2022,hangzhou,2099202212040610,成都东软学院,再爱我一次,张旭东|赵哲煜|陈笑,1,0,3,379,291,bronze,rule_10_20_30
2022,hangzhou,2099202212040618,江苏省苏州中学园区校,蒟蒻小队,方亦晨|金天|黄万平,0,0,4,486,,,rule_10_20_30
2022,hangzhou,2099202212040625,香港城市大学,ASMAN,"Nuraaly TOKTONAZAR UULU, Talant DIYKANBAEV, Talantbek Zhenishbek uulu",1,0,2,111,441,,rule_10_20_30
2022,hangzhou,2099202212040627,宁波职业技术学院,九亿少女的震动的梦,滕宇凯|赵博渊|陈昌科,1,0,2,78,407,,rule_10_20_30
2022,hangzhou,2099202212040629,山东科技大学,奋进号,李泓霖|高云鹏|高宇,1,0,3,401,299,bronze,rule_10_20_30
2022,hangzhou,2099202212040640,大连理工大学盘锦校区,手速场真赢不了,刘楚杰|李金熹|王翊臣,1,0,2,136,462,,rule_10_20_30
2022,hangzhou,2099202212040641,杭州第四中学,杭州四中校队,林江涛|沈之皓|沈奕天,0,0,4,860,,,rule_10_20_30
2022,hangzhou,2099202212040642,杭州市钱学森学校,杭州市钱学森学校,吴到时|汪苏轶|章启莘,0,0,5,524,,,rule_10_20_30
2022,hangzhou,2099202212040646,温州绣山中学,超然绣之队,吴俊霖|张一言|王文轩,0,0,2,108,,,rule_10_20_30
2022,hangzhou,2099202212040647,北京师范大学附属嘉兴南湖高级中学,ICPC 杭州 + 北京师范大学附属嘉兴南湖高级中学,吕文凯|宋泊萱|计雨尘,0,0,1,200,,,rule_10_20_30
2022,hangzhou,2099202212040651,杭州市锦绣中学,锦绣育才元老三队,方昊|无|李景邦,0,0,2,191,,,rule_10_20_30
2022,hangzhou,2099202212040652,杭州市育才大城北学校,锦绣育才元老一队,周以山|陈崧岳|高铂峻,0,0,5,648,,,rule_10_20_30
2022,hangzhou,2099202212040653,杭州育才中学,锦绣育才元老二队,汤浩|王博宣|蔡亦凡,0,0,2,374,,,rule_10_20_30
2022,hangzhou,2099202212040654,安吉县实验初级中学,编绘童年,吕思吉|虞辰暄|黄子萌,0,0,4,701,,,rule_10_20_30
2022,hangzhou,2099202212040659,香港科技大学,樹狀數組不能維護 01 背包,何佳优|张重|池彦宽,1,0,4,371,192,bronze,rule_10_20_30
2022,nanjing,2000202212180001,吉林大学,回光返照,徐小权|王品欢|过思齐,1,0,6,889,48,silver,rule_10_20_30
2022,nanjing,2000202212180004,吉林大学,糖彩屋养了仨复读鸡,李玉海|陈鹏宇|马维龙,1,0,3,258,171,bronze,rule_10_20_30
2022,nanjing,2000202212180007,吉林大学,执子之手抓饼，与子偕老干妈,剧若菲|卢胤|张浩天,1,0,2,119,292,,rule_10_20_30
2022,nanjing,2000202212180010,南京大学,triple_dogs,刘弘洋|张昕渊|王淳扬,1,0,9,1002,2,gold,rule_10_20_30
2022,nanjing,2000202212180013,南京大学,不卡壳的旋转卡壳,张乃仁|徐沐杰|陈思睿,1,0,4,562,122,silver,rule_10_20_30
2022,nanjing,2000202212180016,南京大学,菜茎合作社,柴浩天|贺柄毓|陈荣锴,0,0,5,713,,,rule_10_20_30
2022,nanjing,2000202212180019,南京大学,黎明觉醒,刘朗麒|林荣恩|陈晓,1,0,7,1147,23,gold,rule_10_20_30
2022,nanjing,2000202212180022,南京大学,林间雨月,林朗|胡皓明|邓振霄,0,0,2,30,,,rule_10_20_30
2022,nanjing,2000202212180025,南京大学,流火,冉雨杭|曹逸中|陈弘毅,0,0,4,459,,,rule_10_20_30
2022,nanjing,2000202212180028,南京大学,南小鸟,周相羽|朱家辰|贺卓宇,0,0,2,80,,,rule_10_20_30
2022,nanjing,2000202212180031,南京大学,三妖精 SAY WA,赵子轩|邓铭越|邹忠奇,1,0,4,338,98,silver,rule_10_20_30
2022,nanjing,2000202212180034,南京大学,虚幻黄昏,丁天行|单启程|欧丰宁,0,0,8,751,,,rule_10_20_30
2022,nanjing,2000202212180037,南京大学,钟山风雨,王恺翔|陈昊洋|黄梓彦,0,0,5,545,,,rule_10_20_30
2022,nanjing,2000202212180040,广东工业大学,代码敲不队,孙浩轩|彭德鑫|钟少鹏,0,0,2,99,,,rule_10_20_30
2022,nanjing,2000202212180043,广东工业大学,交叉路,杨子弘|钟迪|黄海逸,0,0,5,1115,,,rule_10_20_30
2022,nanjing,2000202212180046,广东工业大学,金缕衣,吴汝钊|段环宇|陈浩鹏,1,0,6,770,39,gold,rule_10_20_30
2022,nanjing,2000202212180049,广东工业大学,没吃饱没睡好,杨德荣|王泽荣|黄铭晖,1,0,3,334,188,bronze,rule_10_20_30
2022,nanjing,2000202212180052,广东工业大学,妙 WA 种子,周逸川|林梓航|蔡嘉乐,1,0,2,313,352,,rule_10_20_30
2022,nanjing,2000202212180055,广东工业大学,强力去污粉,张茜|陈逸霖|马一凡,1,0,5,704,80,silver,rule_10_20_30
2022,nanjing,2000202212180058,广东工业大学,遇到问题先喝茶,吴乐彬|陈奕杏|马煜彬,0,0,3,356,,,rule_10_20_30
2022,nanjing,2000202212180061,青岛农业大学海都学院,打铁是你的谎言,崔剑烁|李炫谊|郭锦坤,1,0,2,589,371,,rule_10_20_30
2022,nanjing,2001202212180001,浙江工商大学,犇鸟先飞,汤亦奇|耿鑫伟|赵嘉磊,0,0,2,108,,,rule_10_20_30
2022,nanjing,2001202212180004,浙江工商大学,菲菲公组,朱超宇|李佳谕|江锦文,0,0,2,81,,,rule_10_20_30
2022,nanjing,2001202212180007,浙江工商大学,蒟蒻果冻,孙浩邦|潘前俊|黄威,1,0,4,373,99,silver,rule_10_20_30
2022,nanjing,2001202212180010,浙江工商大学,猫猫二百五,张殷杰|郭宇航|韩帅彪,1,0,4,505,116,silver,rule_10_20_30
2022,nanjing,2001202212180013,浙江工商大学,希望代码一次敲队,刘冠轩|徐晨威|田博宇,1,0,6,889,48,silver,rule_10_20_30
2022,nanjing,2001202212180016,西安电子科技大学,Flukehn,冯畅|周灿|湛忠胜,1,0,6,662,31,gold,rule_10_20_30
2022,nanjing,2001202212180019,西安电子科技大学,喵喵喵,刘朝旭|张亲翰|罗杰,1,0,6,644,29,gold,rule_10_20_30
2022,nanjing,2001202212180022,西安电子科技大学,嘤嘤嘤,丁雅可|万在舟|陶禹成,1,0,6,810,43,silver,rule_10_20_30
2022,nanjing,2001202212180025,电子科技大学,UESTC_Broforce,李尚融|李林泽|程智涛,0,0,0,0,,,rule_10_20_30
2022,nanjing,2001202212180028,电子科技大学,UESTC_Cdr_pup,但芮|常铭|汪一奇,0,0,3,438,,,rule_10_20_30
2022,nanjing,2001202212180031,电子科技大学,UESTC_阿梓从小就不会算期望,彭帅康|李纪甫|诸人豪,1,0,6,1012,56,silver,rule_10_20_30
2022,nanjing,2001202212180034,电子科技大学,UESTC_多重无限,冯宇扬|张梅宏|郝益民,1,0,3,127,154,bronze,rule_10_20_30
2022,nanjing,2001202212180037,电子科技大学,UESTC_篝月明火,李佳骏|李奕聪|陈奕可,1,0,8,1102,12,gold,rule_10_20_30
2022,nanjing,2001202212180040,电子科技大学,星际幽灵 - 重生之我打南京站 - 亚雷吗，我是 igang 你是谁 - 梅西加油,张乐恒|王昱栋|罗旅洲,1,0,6,810,43,silver,rule_10_20_30
2022,nanjing,2001202212180043,重庆工程学院,<>,姚玲灵|文鑫|谭光胜,1,0,2,428,366,,rule_10_20_30
2022,nanjing,2001202212180046,重庆工程学院,AC&&AC,何连勇|尹泽佑|王全彬,0,0,1,339,,,rule_10_20_30
2022,nanjing,2001202212180049,重庆工程学院,DP·网络流·莫队·贪心·KMP·亚线性筛·树上分块·DFS·构造·组合·计算几何·红黑树亲王二世,唐家怡|李智宇|李洪宇,0,0,1,174,,,rule_10_20_30
2022,nanjing,2001202212180052,重庆工程学院,犇犇犇,刘天波|戴军|朱兴运,0,0,1,7,,,rule_10_20_30
2022,nanjing,2001202212180055,重庆工程学院,划水,杜航|胡才静|袁泉,0,0,1,181,,,rule_10_20_30
2022,nanjing,2001202212180058,重庆工程学院,火焰,康硕|李毛毛|陈虹,0,0,1,271,,,rule_10_20_30
2022,nanjing,2003202212180001,浙江大学,Abracadabra,王培成|王造时|邓铭辉,1,0,6,740,36,gold,rule_10_20_30
2022,nanjing,2003202212180004,浙江大学,nameless story,凌子恒|林响烨|胡家齐,1,0,9,1544,6,gold,rule_10_20_30
2022,nanjing,2003202212180007,浙江大学,您有一个加三十三,叶佳昂|李克成|陈科睿,1,0,8,889,7,gold,rule_10_20_30
2022,nanjing,2003202212180010,浙江大学,未命名 1,严子轩|周轩熠|樊睿,1,0,8,1000,8,gold,rule_10_20_30
2022,nanjing,2003202212180013,浙江工业大学,ZJUT10,杨若童|苏雨钦|高钰峰,1,0,3,308,183,bronze,rule_10_20_30
2022,nanjing,2003202212180016,浙江工业大学,ZJUT14,徐洋|江银|赵恺捷,1,0,4,634,134,bronze,rule_10_20_30
2022,nanjing,2003202212180019,浙江工业大学,ZJUT15,朱家辉|虞锴宸|郭歆雨,1,0,2,283,344,,rule_10_20_30
2022,nanjing,2003202212180022,浙江工业大学,竹晓知禅,吴雨薇|狄鑫慧|钱晨,1,0,3,310,184,bronze,rule_10_20_30
2022,nanjing,2003202212180025,华南理工大学,HappyACCCC!,李亨|杨博|钟宇超,1,0,4,485,110,silver,rule_10_20_30
2022,nanjing,2003202212180028,华南理工大学,今天有在盲目跟榜吗,华宝杨|徐思飞|程琦,1,0,3,281,178,bronze,rule_10_20_30
2022,nanjing,2003202212180031,华南理工大学,胖头鱼头胖,冼昊明|李珲|钱晨炼,1,0,8,1055,11,gold,rule_10_20_30
2022,nanjing,2003202212180034,华南理工大学,星穹铁道 Star Rail,程科源|翟宇炫|赵冬青,1,0,7,988,16,gold,rule_10_20_30
2022,nanjing,2003202212180037,福州大学,卡绒熊,廖智炫|洪磊|陈昊旸,1,0,6,867,47,silver,rule_10_20_30
2022,nanjing,2003202212180040,福州大学,肃清摸鱼及反训练特别委员会,徐彻|林仕强|邓兴靖,1,0,3,447,218,bronze,rule_10_20_30
2022,nanjing,2003202212180043,福州大学,我队友什么时候上紫捏,傅安|李哲|黄腾,1,0,4,550,120,silver,rule_10_20_30
2022,nanjing,2003202212180046,福州大学,远梦聆泉,庄佳霖|李诺凡|林铮翔,1,0,4,675,139,bronze,rule_10_20_30
2022,nanjing,2003202212180049,青岛科技大学,京都不死鸟,张维文|陈才坤|高圣哲,1,0,2,249,337,,rule_10_20_30
2022,nanjing,2003202212180052,青岛科技大学,精通四种语言 Hello World,傅凯|刘少展|王耀路,0,0,2,44,,,rule_10_20_30
2022,nanjing,2003202212180055,青岛科技大学,玛卡巴卡阿卡哇卡米卡玛卡呣,张亚|曹钰涵|薛克程,1,0,3,386,202,bronze,rule_10_20_30
2022,nanjing,2003202212180058,青岛科技大学,面向样例的程序设计,王盛霖|王科智|闫振斌,0,0,2,117,,,rule_10_20_30
2022,nanjing,2004202212180001,上海大学,题题都对,史佳朋|施安然|黎思源,1,0,4,578,124,silver,rule_10_20_30
2022,nanjing,2004202212180004,上海大学,心温一月,李子浩|梁家琦|胡佩文,1,0,3,427,213,bronze,rule_10_20_30
2022,nanjing,2004202212180007,上海大学,夜归人,冀昱昊|金之谦|陶钧,1,0,6,721,34,gold,rule_10_20_30
2022,nanjing,2004202212180010,上海大学,月亮旁的小飞机,刘元皓|金霆峰|高轩,1,0,4,520,117,silver,rule_10_20_30
2022,nanjing,2004202212180013,浙江师范大学,阿，退！退！退！,倪梦洁|滕佳倩|许凯胤,1,0,4,691,142,bronze,rule_10_20_30
2022,nanjing,2004202212180016,浙江师范大学,大摆锤,周子清|祝礼杭|赵欣雨,1,0,3,620,247,bronze,rule_10_20_30
2022,nanjing,2004202212180019,浙江师范大学,三个铁酱,王千予|谢思怡|陈靖毅,1,0,3,254,170,bronze,rule_10_20_30
2022,nanjing,2004202212180022,浙江师范大学,未定义的奇妙组织,兰博望|张嘉斌|童培峻,1,0,2,212,327,,rule_10_20_30
2022,nanjing,2004202212180025,中北大学,冲上云霄,王烁|马少龙|高慧杰,1,0,2,46,259,,rule_10_20_30
2022,nanjing,2004202212180028,中北大学,求求银牌了,方杰|赵佳华|靳星宇,0,0,2,106,,,rule_10_20_30
2022,nanjing,2004202212180031,中北大学,最后一战,冯奕铭|张纭昌|范展诚,0,0,3,419,,,rule_10_20_30
2022,nanjing,2004202212180034,中北大学,天辰破晓,杨舒溶|王睿博|秦乐朋,0,0,0,0,,,rule_10_20_30
2022,nanjing,2004202212180037,中国矿业大学,白夜忆墨人,唐腾宇|宋明潇|钟泽旭,1,0,2,149,308,,rule_10_20_30
2022,nanjing,2004202212180040,中国矿业大学,查无此队,刘宇航|刘雯杰|邱盛凯,0,0,2,249,,,rule_10_20_30
2022,nanjing,2004202212180043,中国矿业大学,矿扶汉室,何甲文泽|华展博|曾虹荐,1,0,1,20,400,,rule_10_20_30
2022,nanjing,2004202212180046,中国矿业大学,矿野之息,杨斌涵|肖扬航|雷毅,1,0,4,385,101,silver,rule_10_20_30
2022,nanjing,2004202212180049,中国科学技术大学,0x03A2C940,徐笑阳|邱慕凡|郭一凡,1,0,6,995,55,silver,rule_10_20_30
2022,nanjing,2004202212180052,中国科学技术大学,好好写码天天修锅,李金彤|职旭阳|陈纳川,1,0,2,48,262,,rule_10_20_30
2022,nanjing,2004202212180055,中国科学技术大学,莫敢回手,冯正桦|赵星宇|阎昶澍,1,0,0,0,417,,rule_10_20_30
2022,nanjing,2004202212180058,中国科学技术大学,愿天堂没有计算几何,周瓯翔|方驰正|陈卫星,1,0,0,0,417,,rule_10_20_30
2022,nanjing,2005202212180001,中山大学,罚时溢出,谢岳良|谢文龙|黄致博,1,0,5,491,68,silver,rule_10_20_30
2022,nanjing,2005202212180004,中山大学,中山大学_打铁人,刘志源|赵肖睿|高诗豪,1,0,8,1004,9,gold,rule_10_20_30
2022,nanjing,2005202212180007,中山大学,中山大学_攻城狮,卢楷悦|王子睿|黄晓蓝,1,0,4,270,95,silver,rule_10_20_30
2022,nanjing,2005202212180010,中山大学,中山大学_破晓,古鸣浩|吴景图|欧梓洋,1,0,5,531,71,silver,rule_10_20_30
2022,nanjing,2005202212180013,北京大学,大黄鸭信徒,孙嘉伟|张记僖|陈知轩,1,0,6,785,42,gold,rule_10_20_30
2022,nanjing,2005202212180016,北京大学,逆十字,周雨扬|孔朝哲|潘骏跃,1,0,11,1476,1,gold,rule_10_20_30
2022,nanjing,2005202212180019,北京大学,日拱一卒,张佳豪|张力元|李思齐,1,0,7,1431,25,gold,rule_10_20_30
2022,nanjing,2005202212180022,北京大学,淹园外被鸽的鸽子,吴清月|胡晋侨|袁傲慕飞,1,0,0,0,417,,rule_10_20_30
2022,nanjing,2005202212180025,北京理工大学,阿夸滑滑蛋喝冰红茶,彭程|李嘉政|李轩宇,1,0,6,1047,59,silver,rule_10_20_30
2022,nanjing,2005202212180028,北京理工大学,厄普西隆,冯韵涵|彭田栩|苏彤睿,1,0,4,831,152,bronze,rule_10_20_30
2022,nanjing,2005202212180031,北京理工大学,啦啦队,戴睿|赵一辰|陈鹏宇,1,0,2,242,333,,rule_10_20_30
2022,nanjing,2005202212180034,北京理工大学,内核恐慌,张书豪|秦一飞|陈驭祺,1,0,7,1130,19,gold,rule_10_20_30
2022,nanjing,2005202212180037,北京航空航天大学,点子,蒋世祺|陈弘脉|黄泓亮,1,0,5,641,76,silver,rule_10_20_30
2022,nanjing,2005202212180040,北京航空航天大学,口嗨战神,王大禹|董和军|蒋槟阳,1,0,6,680,32,gold,rule_10_20_30
2022,nanjing,2005202212180043,北京航空航天大学,想抱住前面学长的大腿,吴昊恒|李秉翰|董雨润,1,0,5,576,72,silver,rule_10_20_30
2022,nanjing,2005202212180046,北京航空航天大学,玄学过题,吴湛宇|权尚浩然|王宇龙,1,0,3,234,164,bronze,rule_10_20_30
2022,nanjing,2005202212180049,北京邮电大学,MeUmy 天下第一,张晏宁|祝梓毅|陈睿扬,1,0,6,823,46,silver,rule_10_20_30
2022,nanjing,2005202212180052,北京邮电大学,加把劲骑士,孙伟哲|王冀恒|黄旭,1,0,6,971,53,silver,rule_10_20_30
2022,nanjing,2005202212180055,北京邮电大学,曙光黎明,何宇峰|李冠谕|李晨曦,1,0,5,850,87,silver,rule_10_20_30
2022,nanjing,2005202212180058,北京邮电大学,未闻队名,张颢龄|王若竹|谢牧航,1,0,2,218,328,,rule_10_20_30
2022,nanjing,2006202212180001,华东师范大学,ECNUNewer,张宇昂|王鹏程|陆天懿,1,0,2,328,358,,rule_10_20_30
2022,nanjing,2006202212180004,华东师范大学,东方 homo 馆,余东桦|漆宇祥|范晨阳,1,0,6,993,54,silver,rule_10_20_30
2022,nanjing,2006202212180007,华东师范大学,量子思维,史晓磊|王晨阳|许青阳,1,0,3,263,174,bronze,rule_10_20_30
2022,nanjing,2006202212180010,华东师范大学,英文队名逆序队,刘凯源|汪鼎尊|罗持,1,0,5,1179,94,silver,rule_10_20_30
2022,nanjing,2006202212180013,南京理工大学,不可以瑟瑟猫猫头,刘星辰|季若曦|王瀚楠,1,0,2,133,301,,rule_10_20_30
2022,nanjing,2006202212180016,南京理工大学,积木森林,代领|叶顺龙|吴耔贤,1,0,1,10,379,,rule_10_20_30
2022,nanjing,2006202212180019,南京理工大学,困困猫猫头,吴俐伽|李锐东|陈文轩,1,0,1,7,374,,rule_10_20_30
2022,nanjing,2006202212180022,南京理工大学,联系两年半,周桢瑜|徐子睿|王盼,1,0,3,307,182,bronze,rule_10_20_30
2022,nanjing,2006202212180025,南京邮电大学,mikumiku,周轶辉|薛梓屹|陈驰,1,0,2,317,354,,rule_10_20_30
2022,nanjing,2006202212180028,南京邮电大学,冷梦,戴鸿哲|石金轩|陈荣泽,1,0,2,127,295,,rule_10_20_30
2022,nanjing,2006202212180031,南京邮电大学,收收心找个电子厂上班了,冯一帆|张禹健|文超航,1,0,5,896,91,silver,rule_10_20_30
2022,nanjing,2006202212180034,南京邮电大学,守家大队,岳鹏宇|王一权|陈尽微,1,0,5,869,89,silver,rule_10_20_30
2022,nanjing,2006202212180037,安徽工业大学,比赛吃什么,祁子奕|陈万青|高泽铭,0,0,2,116,,,rule_10_20_30
2022,nanjing,2006202212180040,安徽工业大学,看！这有一队！,万祎博|张睿炀|魏意卿,0,0,2,227,,,rule_10_20_30
2022,nanjing,2006202212180043,安徽工业大学,无所谓,廖程鹏|曾国强|黄万斌,0,0,2,315,,,rule_10_20_30
2022,nanjing,2006202212180046,安徽工业大学,早上吃什么,林昊|王旭康|鲁宗顺,1,0,2,121,293,,rule_10_20_30
2022,nanjing,2006202212180049,山东大学,XXG,徐烨扬|葛鹏杰|薛正康,1,0,3,365,194,bronze,rule_10_20_30
2022,nanjing,2006202212180052,山东大学,黄金滋嘣狗,许蕴朴|郭子健|韩雨辰,1,0,2,106,286,,rule_10_20_30
2022,nanjing,2006202212180055,山东大学,世伊与愉快的伙伴们,俞程|滕家良|王明阳,1,0,3,274,176,bronze,rule_10_20_30
2022,nanjing,2006202212180058,山东大学,肃正协议,张博宁|时书桓|郭玉伟,1,0,2,62,267,,rule_10_20_30
2022,nanjing,2007202212180001,杭州师范大学,CPU 发烧队,余家帅|刘书凡|童春琦,1,0,2,131,300,,rule_10_20_30
2022,nanjing,2007202212180004,杭州师范大学,报名那一天我监考了 114514 个 oi 爷,殷吴辉|王图南|陈科舟,1,0,3,325,186,bronze,rule_10_20_30
2022,nanjing,2007202212180007,杭州师范大学,今天打鱼,戴泽耀|李书培|潘志程,1,0,2,64,271,,rule_10_20_30
2022,nanjing,2007202212180010,杭州师范大学,悠米拌饭,杨嘉福|潘宇琪|陈奕晨,1,0,3,195,158,bronze,rule_10_20_30
2022,nanjing,2007202212180013,杭州电子科技大学,杭电 10 队,方博|杜志远|王子习,1,0,6,1137,63,silver,rule_10_20_30
2022,nanjing,2007202212180016,杭州电子科技大学,杭电 14 队,张城楷|梅瑞贤|陈昕展,1,0,6,1080,61,silver,rule_10_20_30
2022,nanjing,2007202212180019,杭州电子科技大学,杭电 15 队,余梓诚|傅景康|徐熙来,1,0,6,774,40,gold,rule_10_20_30
2022,nanjing,2007202212180022,杭州电子科技大学,杭电 4 队,柴汉锋|赵章恺|高义雄,1,0,7,747,13,gold,rule_10_20_30
2022,nanjing,2007202212180025,浙江农林大学,403 can't AC,严滢|周星耀|徐昊,1,0,2,64,271,,rule_10_20_30
2022,nanjing,2007202212180028,浙江农林大学,Restart,王子超|王荣峥|郑伊磊,1,0,5,688,79,silver,rule_10_20_30
2022,nanjing,2007202212180031,浙江农林大学,咕咕咕,丁煜|仝梦燔|何泓硕,0,0,1,39,,,rule_10_20_30
2022,nanjing,2007202212180034,浙江农林大学,这个彬彬交题超勇的,倪铂涵|朱蕴仪|王健彬,1,0,4,476,109,silver,rule_10_20_30
2022,nanjing,2007202212180037,浙江机电职业技术学院,机电 8 队,周伟剑|张谦|赵郑重,1,0,2,146,306,,rule_10_20_30
2022,nanjing,2007202212180040,浙江机电职业技术学院,机电四队,张黎翔|陈资权|陈颜升,0,0,2,88,,,rule_10_20_30
2022,nanjing,2007202212180043,浙江机电职业技术学院,摸鱼的鸽子,应程杰|阮湛皓|陈佳宇,0,0,0,0,,,rule_10_20_30
2022,nanjing,2007202212180046,浙江机电职业技术学院,泥头车,张旭锋|洪志伦|薛彬,0,0,1,29,,,rule_10_20_30
2022,nanjing,2007202212180049,清华大学,别人 ac 我们 g,张隽恺|胡昊|胡杨,1,0,9,1059,3,gold,rule_10_20_30
2022,nanjing,2007202212180052,清华大学,大三元,丁思源|朱子晗|钱孚嘉,1,0,6,1017,57,silver,rule_10_20_30
2022,nanjing,2007202212180055,清华大学,写得不好，草草睡辽,丁其安|孙从博|顾奕成,1,0,6,644,29,gold,rule_10_20_30
2022,nanjing,2007202212180058,清华大学,有手有脚,杨珖|罗恺|陈于思,1,0,0,0,417,,rule_10_20_30
2022,nanjing,2008202212180001,西南交通大学,努力少女希尔薇,惠子轩|柴艺函|王浩源,1,0,5,786,84,silver,rule_10_20_30
2022,nanjing,2008202212180004,西南交通大学,站着挣钱,王凯伦|赵一冰|郑星宇,1,0,5,737,81,silver,rule_10_20_30
2022,nanjing,2008202212180007,成都东软学院,两菜一汤,文健|程仲远|范云飞,0,0,0,0,,,rule_10_20_30
2022,nanjing,2008202212180010,成都东软学院,三傻打脑壳,何仕成|周烨苇|薛熠,0,0,1,11,,,rule_10_20_30
2022,nanjing,2008202212180013,成都东软学院,香翅捞饭,廖华杰|李文瀚|王荣川,1,0,3,325,186,bronze,rule_10_20_30
2022,nanjing,2008202212180016,华中科技大学,Kelin，加训！,何佳林|喻珈|范彦廷,1,0,7,1062,17,gold,rule_10_20_30
2022,nanjing,2008202212180019,华中科技大学,编译不报错,刘明炜|周瑞骁|李赫,1,0,4,591,128,bronze,rule_10_20_30
2022,nanjing,2008202212180022,华中科技大学,加权没了还想打 ACM？,卞曜洋|罗劲豪|陈开宇,1,0,5,864,88,silver,rule_10_20_30
2022,nanjing,2008202212180025,西北工业大学,黎明与黄昏,李天舒|池久涛|赵一平,1,0,7,1144,21,gold,rule_10_20_30
2022,nanjing,2008202212180028,西北工业大学,迷失的海浪,张宸|张超|闻茁,1,0,3,499,226,bronze,rule_10_20_30
2022,nanjing,2008202212180031,西北工业大学,我的队友呢,姜峰|汤见林|许安杰,1,0,3,419,212,bronze,rule_10_20_30
2022,nanjing,2008202212180034,西北工业大学,芝士 ikun,李恒锐|王景珩|翁宇瑄,1,0,2,170,315,,rule_10_20_30
2022,nanjing,2008202212180037,西南民族大学,三川赴海,周亚栋|李正毅|李泽鑫,1,0,1,14,391,,rule_10_20_30
2022,nanjing,2008202212180040,西南民族大学,鲨鲨猫猫和汪汪,买鑫鑫|赵一竹|韦懂生,1,0,3,565,241,bronze,rule_10_20_30
2022,nanjing,2008202212180043,西南民族大学,五子题与棋,杨楚华|王尊明|龚科宇,1,0,2,272,340,,rule_10_20_30
2022,nanjing,2008202212180046,西南民族大学,"Re So So Si Do Si La,So La Si Si Si Si La Si Lа So，吹着前奏望着天空，我想起花瓣试着掉落",易旸|谢永桦|陈家峻,1,0,3,232,163,bronze,rule_10_20_30
2022,nanjing,2008202212180049,西安交通大学,TidalBore,张清扬|王禹皓|田雨阳,1,0,3,448,219,bronze,rule_10_20_30
2022,nanjing,2008202212180052,西安交通大学,渡渡鸟幼儿园,杨栋|王之坤|陈业元,1,0,9,1251,4,gold,rule_10_20_30
2022,nanjing,2008202212180055,西安交通大学,亲自读题，亲自通过,张晓昊|曹思宇|王珩,1,0,4,647,136,bronze,rule_10_20_30
2022,nanjing,2008202212180058,西安交通大学,怎么会是呢？,刘一可|栾家骏|郭修屹,1,0,7,1132,20,gold,rule_10_20_30
2022,nanjing,2009202212180001,郑州大学,发际线和我作对,刘玥含|古晨峰|邱宇,1,0,5,743,82,silver,rule_10_20_30
2022,nanjing,2009202212180004,郑州大学,粉丝派对,梁志杰|王亚琪|赵圣元,1,0,2,43,257,,rule_10_20_30
2022,nanjing,2009202212180007,东北大学秦皇岛分校,AC 快才是真的怪,吴政龙|张荆冬|祝向博,1,0,5,621,74,silver,rule_10_20_30
2022,nanjing,2009202212180010,东北大学秦皇岛分校,扫黑除恶,任万钟|徐忠翰|黄子说,1,0,0,0,417,,rule_10_20_30
2022,nanjing,2009202212180013,东北大学秦皇岛分校,升空的奖牌，从台下看还是台上看？,刘琛|胡鸿捷|袁茂恒,1,0,0,0,417,,rule_10_20_30
2022,nanjing,2009202212180016,青岛大学,叫个啥呀,张云哲|李坤鹏|白聿雄,1,0,3,361,193,bronze,rule_10_20_30
2022,nanjing,2009202212180019,青岛大学,老番茄粉,李国良|李坤熹|董洋,1,0,2,277,342,,rule_10_20_30
2022,nanjing,2009202212180022,青岛大学,赛博雪豹,于洪森|赵汝恒|陈冠霖,1,0,4,734,146,bronze,rule_10_20_30
2022,nanjing,2009202212180025,武汉大学,樱大轻音部,刘锡锐|吴飞洋|陈佳楹,1,0,4,488,112,silver,rule_10_20_30
2022,nanjing,2009202212180028,武汉大学,永远在线,张涵|徐嘉浩|潘非,1,0,7,1236,24,gold,rule_10_20_30
2022,nanjing,2009202212180031,武汉大学,在 ICPC 中寻求绝杀是否搞错了什么,卢凯宾|水熙锐|谷嘉良,1,0,5,365,67,silver,rule_10_20_30
2022,nanjing,2009202212180034,浙大城市学院,《天衣无缝》,吴宝俊|贾缤|黄宇航,1,0,3,404,207,bronze,rule_10_20_30
2022,nanjing,2009202212180037,浙大城市学院,AC 危机,孙梓轩|李悌超|杨宇轩,1,0,2,258,338,,rule_10_20_30
2022,nanjing,2009202212180040,浙大城市学院,逃跑太阳,周思盈|李时博|纪国强,1,0,3,235,165,bronze,rule_10_20_30
2022,nanjing,2009202212180043,山东理工大学,不做原批题,夏远|宋宪浩|王昊燃,1,0,3,409,210,bronze,rule_10_20_30
2022,nanjing,2009202212180046,山东理工大学,抹茶饼干,徐显赫|郭海滨|马玉堂,1,0,2,138,304,,rule_10_20_30
2022,nanjing,2009202212180049,山东理工大学,章鱼小 WA 子,孙美源|张森|潘清源,1,0,2,74,276,,rule_10_20_30
2022,nanjing,2009202212180052,上海交通大学,柳,叶瑶琦|姜天乐|王照梓,0,0,7,1175,,,rule_10_20_30
2022,nanjing,2009202212180055,上海交通大学,梦想天生,张明驰|张景博|林一凡,1,0,6,565,26,gold,rule_10_20_30
2022,nanjing,2009202212180058,上海交通大学,吸风饮露,刘泳霖|杨崇烨|王鲲鹏,1,0,7,1105,18,gold,rule_10_20_30
2022,nanjing,2010202212180001,福建师范大学,我们都有光明的未来对不队,林柏权|王翔|苏玮峰,1,0,2,62,267,,rule_10_20_30
2022,nanjing,2010202212180004,福建师范大学,这题咋做啊,徐松福|陈昕亮|黄城,1,0,2,244,335,,rule_10_20_30
2022,nanjing,2010202212180007,东北师范大学,竹取飞翔,刘一木|史曼玲|李嘉琦,1,0,3,299,181,bronze,rule_10_20_30
2022,nanjing,2010202212180010,东北师范大学,镜花水月,戴文杰|王世茂|贺金龙,0,0,2,96,,,rule_10_20_30
2022,nanjing,2010202212180013,东北师范大学,极光,曾令树|胡潇|陈胤儒,1,0,3,507,228,bronze,rule_10_20_30
2022,nanjing,2010202212180016,东莞理工学院,莞专 Wing,许智超|许鸿华|黄裕甲,0,0,2,392,,,rule_10_20_30
2022,nanjing,2010202212180019,东莞理工学院,太难做不出来,潘伟国|陈伟诚|陈桦信,1,0,2,299,348,,rule_10_20_30
2022,nanjing,2010202212180022,东莞理工学院,想好队名了吗,冯炜亨|叶磊|覃亮,1,0,4,404,103,silver,rule_10_20_30
2022,nanjing,2010202212180025,中南大学,HRK,刘嘉瑞|王宏浩|赵宇,1,0,3,524,233,bronze,rule_10_20_30
2022,nanjing,2010202212180028,中南大学,马口铁之舞,李渔|沈方建|郑逸程,1,0,4,473,106,silver,rule_10_20_30
2022,nanjing,2010202212180031,中南大学,一点之前 A 不出题,王一翔|苏宜扬|霍旭洋,1,0,3,533,238,bronze,rule_10_20_30
2022,nanjing,2010202212180034,中国人民大学,复旦栋梁,冯友和|张世骐|李修羽,1,0,4,475,108,silver,rule_10_20_30
2022,nanjing,2010202212180037,中国人民大学,嘉然今天创什么,李林豇|汪元森|王成瑞,1,0,4,907,153,bronze,rule_10_20_30
2022,nanjing,2010202212180040,中国人民大学,怎么去拥有一道彩虹,刘书玮|罗碚|陈志朋,1,0,6,960,52,silver,rule_10_20_30
2022,nanjing,2010202212180043,中国民航大学,new 一个牌子,吴鹏飞|王思雨|王西霖,0,0,0,0,,,rule_10_20_30
2022,nanjing,2010202212180046,中国民航大学,航带最后的守家人,吴骏|孔子豪|田振旭,0,0,0,0,,,rule_10_20_30
2022,nanjing,2010202212180049,中国民航大学,无问西东,冉桐|刘家宁|饶恒,1,0,4,445,104,silver,rule_10_20_30
2022,nanjing,2010202212180052,中国科学院大学,果壳家的龙 ACMer,徐步骥|李衍君|杨泽超,1,0,0,0,417,,rule_10_20_30
2022,nanjing,2010202212180055,中国科学院大学,你说的队,汪铭煜|燕翼鸣|苑骏康,1,0,4,616,132,bronze,rule_10_20_30
2022,nanjing,2010202212180058,中国科学院大学,我们都最可爱队,徐致远|楼云韬|蓝天朗,1,0,5,499,70,silver,rule_10_20_30
2022,nanjing,2011202212180001,上海科技大学,发际线跟我作队,乔楷淳|周守琛|沈则羲,1,0,0,0,417,,rule_10_20_30
2022,nanjing,2011202212180004,上海科技大学,好一个蛙蛙机,张涵锐|李泉|潘业成,1,0,1,16,394,,rule_10_20_30
2022,nanjing,2011202212180007,兰州大学,粉碎煎饼,孟戴浓达|狄农雨|王徐笙,1,0,7,1146,22,gold,rule_10_20_30
2022,nanjing,2011202212180010,兰州大学,灵光乍现,李欣杭|梁宇昊|王若譞,1,0,3,373,196,bronze,rule_10_20_30
2022,nanjing,2011202212180013,兰州大学,我真不会取名啊,张恩彬|曾志亮|连浩鸣,1,0,3,368,195,bronze,rule_10_20_30
2022,nanjing,2011202212180016,北京化工大学,◢🍔◤,张世东|杨青博|洪枢适,1,0,4,325,96,silver,rule_10_20_30
2022,nanjing,2011202212180019,北京化工大学,初学者,周权|樊文强|汪孔煜,1,0,2,81,278,,rule_10_20_30
2022,nanjing,2011202212180022,北京化工大学,全网唯一认证真菜狗,付晓|徐文博|薛墨寒,0,0,0,0,,,rule_10_20_30
2022,nanjing,2011202212180025,北京师范大学,TWZ,张嵩奇|汤毅|王佳一,1,0,1,26,404,,rule_10_20_30
2022,nanjing,2011202212180028,北京师范大学,Zood,卢炜文|李鼎懋|林泽瀚,1,0,8,1042,10,gold,rule_10_20_30
2022,nanjing,2011202212180031,北京师范大学,骗分过样例,傅俊林|宋泰霖|王璐瑶,1,0,1,21,401,,rule_10_20_30
2022,nanjing,2011202212180034,华南农业大学,菠萝头猫猫,唐朝|蓝承玮|陈乾,1,0,2,89,280,,rule_10_20_30
2022,nanjing,2011202212180037,华南农业大学,不要被虐了,吴思宇|漆永康|陈宇鹏,1,0,3,252,169,bronze,rule_10_20_30
2022,nanjing,2011202212180040,华南农业大学,狄利克雷卷积吧,何勤政|何梓信|李泰立,1,0,4,496,113,silver,rule_10_20_30
2022,nanjing,2011202212180043,华南师范大学,菜狗冲锋,刘源|卢泓钢|曾嘉杰,1,0,1,10,379,,rule_10_20_30
2022,nanjing,2011202212180046,华南师范大学,两肉一菜,张泽贤|陈绍民|黄磊,1,0,3,504,227,bronze,rule_10_20_30
2022,nanjing,2011202212180049,华南师范大学,天江行者,吴清源|覃梓鑫|黄一肯,1,0,4,730,145,bronze,rule_10_20_30
2022,nanjing,2011202212180052,南方科技大学,南方科技大学 - 敦刻尔克,邓清文|陈天乐|黄少霖,1,0,6,621,28,gold,rule_10_20_30
2022,nanjing,2011202212180055,南方科技大学,南方科技大学 - 马赛,眭和|秦禹洲|黎宇杰,1,0,5,815,86,silver,rule_10_20_30
2022,nanjing,2011202212180058,南方科技大学,南方科技大学 - 维希,李浩宇|洪朝阳|陈璐瑶,1,0,7,806,15,gold,rule_10_20_30
2022,nanjing,2002202212180001,哈尔滨工业大学,VHero 三一人,曹一豪|杨一正|王一桐,1,0,0,0,417,,rule_10_20_30
2022,nanjing,2002202212180004,哈尔滨工业大学,哈利路大旋风,丁文涛|王晓亮|陈宥羽,0,0,6,828,,,rule_10_20_30
2022,nanjing,2002202212180007,哈尔滨工业大学,明日夜空哨戒班,徐琬|王子恺|王梓尧,1,0,4,337,97,silver,rule_10_20_30
2022,nanjing,2002202212180010,哈尔滨工业大学,上海紅茶館,张子扬|曲天元|赵育恒,1,0,6,1018,58,silver,rule_10_20_30
2022,nanjing,2002202212180013,哈尔滨工业大学,网络热门队名鉴定,李文豪|王宜平|陈思阳,0,0,3,719,,,rule_10_20_30
2022,nanjing,2002202212180016,东北大学,东北大学_不会起队名,徐子轩|方凯伦|郎敏杰,1,0,2,127,295,,rule_10_20_30
2022,nanjing,2002202212180019,东北大学,东北大学_绝不空军,王啸烽|王岩|王志宇,1,0,4,571,123,silver,rule_10_20_30
2022,nanjing,2002202212180022,东北大学,东北大学_哇酷哇酷,张月婷|薛佳雯|贺英达,0,0,2,239,,,rule_10_20_30
2022,nanjing,2002202212180025,东北大学,东北大学_赢,徐越昊|李泽仁|陈少皇,1,0,6,592,27,gold,rule_10_20_30
2022,nanjing,2002202212180028,东北大学,东北大学_只因你太美,周尧|陈靖晖|高跃铭,1,0,2,377,361,,rule_10_20_30
2022,nanjing,2002202212180031,天津大学,Ag 自动机,刘兴祖|阿布都萨拉木·阿布力米提|陈雨璇,1,0,3,559,240,bronze,rule_10_20_30
2022,nanjing,2002202212180034,天津大学,归零,叶泽侬|崔奕凡|陈奕池,1,0,6,777,41,gold,rule_10_20_30
2022,nanjing,2002202212180037,天津大学,签到就是胜利,苏元楷|苏元楷|黄泽烨,0,0,1,27,,,rule_10_20_30
2022,nanjing,2002202212180040,天津大学,群名挺好的,安玺儒|许哲诚|陈晟骞,0,0,3,617,,,rule_10_20_30
2022,nanjing,2002202212180043,天津大学,人菜码多,张忠清|牟泓锦|黄敏行,1,0,0,0,417,,rule_10_20_30
2022,nanjing,2002202212180046,湖州师范学院,不带电脑,吴泽涛|谭中正|钱越敏,0,0,0,0,,,rule_10_20_30
2022,nanjing,2002202212180049,湖州师范学院,不会唱跳的哀鲲们,周航圣|张廉仕|贺鹏翔,1,0,0,0,417,,rule_10_20_30
2022,nanjing,2002202212180052,湖州师范学院,好运来,李嫣然|江雨宸|陈文骏,0,0,0,0,,,rule_10_20_30
2022,nanjing,2002202212180055,湖州师范学院,摸鱼小分队,皮兆婷|蒋沁宇|赵佳慧,0,0,0,0,,,rule_10_20_30
2022,nanjing,2002202212180058,湖州师范学院,原太阳温暖你的脸，,张家荣|王敏怡|王胜钊,0,0,0,0,,,rule_10_20_30
2022,nanjing,2012202212180001,国防科技大学,不给牌就捣蛋,乔义浩|仲昭浩|吴廉卿,1,0,2,326,355,,rule_10_20_30
2022,nanjing,2012202212180004,国防科技大学,宇宙警备队,刘宸|张星宇|李亦韩,1,0,2,305,350,,rule_10_20_30
2022,nanjing,2012202212180007,南昌航空大学,昌航 3c,巢俊|陈意|陈文毅,1,0,2,207,326,,rule_10_20_30
2022,nanjing,2012202212180010,南昌航空大学,到底叫啥 2.0,吕锴伦|王复兴|王旻镐,1,0,5,903,93,silver,rule_10_20_30
2022,nanjing,2012202212180013,南昌航空大学,极限火花,李奉阳|胡先斌|黎凤,0,0,2,286,,,rule_10_20_30
2022,nanjing,2012202212180016,厦门大学,OI 时长两年半,李哲彦|林帅|陈臻,1,0,3,268,175,bronze,rule_10_20_30
2022,nanjing,2012202212180019,厦门大学,更漏子,邹品聪|韩可可|黄凯佳,1,0,6,749,37,gold,rule_10_20_30
2022,nanjing,2012202212180022,厦门大学,银分治分银,周正|徐铭逸|高言峰,1,0,6,707,33,gold,rule_10_20_30
2022,nanjing,2012202212180025,同济大学,RE 自动机,余祥昆|张梓瀚|龙胡志远,1,0,3,437,217,bronze,rule_10_20_30
2022,nanjing,2012202212180028,同济大学,啊对对^-^队,伍祥麟|姜文渊|谢泽邦,1,0,2,115,289,,rule_10_20_30
2022,nanjing,2012202212180031,同济大学,扫雷大队,任柯睿|李博宇|杨英颢,1,0,3,380,200,bronze,rule_10_20_30
2022,nanjing,2012202212180034,哈尔滨工程大学,队友在考科目二,李在熙|欧阳慧|罗仕玮,1,0,3,484,224,bronze,rule_10_20_30
2022,nanjing,2012202212180037,哈尔滨工程大学,下一站茶山刘,伍凌雲|廖世立|盛海洋,1,0,1,34,406,,rule_10_20_30
2022,nanjing,2012202212180040,哈尔滨工程大学,做 AC 梦,徐玉峰|王冠翔|郭彬,1,0,4,662,138,bronze,rule_10_20_30
2022,nanjing,2012202212180043,哈尔滨理工大学,哈理工 02 队,刘泽旭|张令羽|牛梓旭,1,0,4,526,118,silver,rule_10_20_30
2022,nanjing,2012202212180046,哈尔滨理工大学,哈理工 03 队,凌晟博|刘松语|张志娟,1,0,2,165,314,,rule_10_20_30
2022,nanjing,2012202212180049,哈尔滨理工大学,哈理工 05 队,卢昭佳|李晶洋|林如愿,1,0,3,279,177,bronze,rule_10_20_30
2022,nanjing,2012202212180052,四川大学,╚(〃∀〃)∀・)∀´)╝,杨雨豪|楚博然|顾曦骏,1,0,6,910,50,silver,rule_10_20_30
2022,nanjing,2012202212180055,四川大学,差分约束做不队,徐子翔|杜毅衡|杨轶涵,1,0,5,647,77,silver,rule_10_20_30
2022,nanjing,2012202212180058,四川大学,重开,李佳员|杨晶城|赵杰友,1,0,4,468,105,silver,rule_10_20_30
2022,nanjing,2013202212180001,中国地质大学（北京）,Unbengable,吴坚|李龙洲|马增宸,1,0,2,40,256,,rule_10_20_30
2022,nanjing,2013202212180004,中国地质大学（北京）,我和我的二次元队友,伍泽鑫|张宇潇|郎文鹏,1,0,3,258,171,bronze,rule_10_20_30
2022,nanjing,2013202212180007,大连理工大学,今天午饭吃了吗,何立吾|徐立|谢喻荃,0,0,0,0,,,rule_10_20_30
2022,nanjing,2013202212180010,大连理工大学,一带三,侯硕伟|李雁志|葛俊辰,1,0,4,588,127,bronze,rule_10_20_30
2022,nanjing,2013202212180013,大连理工大学,在拂晓的水平线上刻下 AC,唐弘基|艾子懿|黄千骏,1,0,1,12,386,,rule_10_20_30
2022,nanjing,2013202212180016,安徽大学,WA，答案错误是绿的诶,刘圆博|宋文浩|王天心,1,0,1,14,391,,rule_10_20_30
2022,nanjing,2013202212180019,安徽大学,没有队名也是可以的,张嘉怡|沈欣悦|胡明道,1,0,2,272,340,,rule_10_20_30
2022,nanjing,2013202212180022,安徽大学,这支精致的队伍突然裂成了三瓣,吴昌盛|王飞亚|许少清,1,0,2,277,342,,rule_10_20_30
2022,nanjing,2013202212180025,广州大学,负负得正,张靖|李泽刚|黎宝鸿,1,0,4,536,119,silver,rule_10_20_30
2022,nanjing,2013202212180028,广州大学,面向样例编程,梁金成|王奕建|袁磊,1,0,1,6,373,,rule_10_20_30
2022,nanjing,2013202212180031,广州大学,我是一个一个一个什么队,林树沛|陈文鑫|黎英豪,1,0,2,47,260,,rule_10_20_30
2022,nanjing,2013202212180034,武汉理工大学,Isn't CCTV?,何江洋|梁旭东|胡宇轩,1,0,2,146,306,,rule_10_20_30
2022,nanjing,2013202212180037,武汉理工大学,有福同享有难退队,李伦喆|林学涛|黄峻,1,0,4,636,135,bronze,rule_10_20_30
2022,nanjing,2013202212180040,武汉理工大学,最喜欢 thjj 了,王天博|罗铭威|郭程嘉,1,0,4,753,149,bronze,rule_10_20_30
2022,nanjing,2013202212180043,浙江理工大学,hspaa,周志勇|夏意晨|王鸿宇,1,0,4,579,125,silver,rule_10_20_30
2022,nanjing,2013202212180046,浙江理工大学,白兰咖啡厅,刘哲|肖泽宇|钟昀铮,1,0,2,82,279,,rule_10_20_30
2022,nanjing,2013202212180049,浙江理工大学,萌新观光团,王景杰|罗家桥|陈毅,1,0,2,65,274,,rule_10_20_30
2022,nanjing,2013202212180052,深圳大学,Emanatry,叶可禾|杨熙全|蔡壁,1,0,6,1391,65,silver,rule_10_20_30
2022,nanjing,2013202212180055,深圳大学,SZU_CatWarlord,何元捷|刘逸飞|陈天行,1,0,3,432,215,bronze,rule_10_20_30
2022,nanjing,2013202212180058,深圳大学,SZU_Lagrange,叶瑞华|司徒灏|庞栋文,1,0,3,281,178,bronze,rule_10_20_30
2022,nanjing,2014202212180001,中国地质大学（武汉）,暴力混分队,张永成|王棋|聂诚选,1,0,2,382,363,,rule_10_20_30
2022,nanjing,2014202212180004,中国地质大学（武汉）,先做 M 题,刘剑峰|曹世杰|秦浩然,1,0,1,12,386,,rule_10_20_30
2022,nanjing,2014202212180007,中国石油大学（华东）,剑圣刻晴,于金龙|王岩|胡自骏,1,0,2,158,311,,rule_10_20_30
2022,nanjing,2014202212180010,中国石油大学（华东）,噜噜 pig,于梓萱|周昊|娄永康,1,0,3,400,206,bronze,rule_10_20_30
2022,nanjing,2014202212180013,北京交通大学,届不到的 AC,杨致远|王麒皓|邵天语,1,0,4,485,110,silver,rule_10_20_30
2022,nanjing,2014202212180016,北京交通大学,羊羊羊,夏鹤鸣|孙雨宸|韦正豪,1,0,3,261,173,bronze,rule_10_20_30
2022,nanjing,2014202212180019,北京建筑大学,RE：从爆零开始的 ACM 生活,姜皓|李一帆|齐思恺,1,0,6,728,35,gold,rule_10_20_30
2022,nanjing,2014202212180022,北京建筑大学,橘子酱必研,张瀚诚|王家晟|陈锶源,1,0,2,63,269,,rule_10_20_30
2022,nanjing,2014202212180025,苏州大学,白日梦,唐心诚|白宇杰|郭沈琳,1,0,3,407,208,bronze,rule_10_20_30
2022,nanjing,2014202212180028,苏州大学,金闪闪,周进一|肖锦嗣|韩则进,1,0,0,0,417,,rule_10_20_30
2022,nanjing,2014202212180031,苏州大学,扣 1 拿牌,师锋|汤亦文|许吴昊,1,0,1,14,391,,rule_10_20_30
2022,nanjing,2014202212180034,重庆大学,虫带菜只嘤你太美,张富友|陈泆君|鲁永卓,1,0,2,224,330,,rule_10_20_30
2022,nanjing,2014202212180037,重庆大学,急急国王,冯宇航|毛顺强|许骏扬,1,0,2,457,368,,rule_10_20_30
2022,nanjing,2014202212180040,重庆大学,你有没有感受到孩子们在分崩离析？,张恩宁|游越涵|聂泽宇,1,0,2,174,317,,rule_10_20_30
2022,nanjing,2014202212180043,长春理工大学,B 海蓝天，F 生若梦,周泊宇|王大睿|郝良友,1,0,6,1162,64,silver,rule_10_20_30
2022,nanjing,2014202212180046,长春理工大学,龙神神龙,任鑫|铁博文|魏龙飞,0,0,0,0,,,rule_10_20_30
2022,nanjing,2014202212180049,长春理工大学,随便,何铭洋|李新康|范泽涛,1,0,1,11,382,,rule_10_20_30
2022,nanjing,2014202212180052,哈尔滨工业大学（深圳）,冰糖屋,吴泽楷|唐楷杰|李彬昌,1,0,6,751,38,gold,rule_10_20_30
2022,nanjing,2014202212180055,哈尔滨工业大学（深圳）,机房老人,井然|周熙言|李源,1,0,5,887,90,silver,rule_10_20_30
2022,nanjing,2014202212180058,哈尔滨工业大学（深圳）,先交一发,刘一达|裴奕斐|高子烽,1,0,4,604,129,bronze,rule_10_20_30
2022,nanjing,2015202212180001,北京理工大学珠海学院,翻译鬼才,丘晖扬|张梓俊|杨淦旭,1,0,2,170,315,,rule_10_20_30
2022,nanjing,2015202212180004,北京理工大学珠海学院,时光机,刘新宇|杨帆|林佳皓,1,0,2,326,355,,rule_10_20_30
2022,nanjing,2015202212180007,北方工业大学,好坏小姐,刘桁铭|王北辰|郭志坚,1,0,3,532,237,bronze,rule_10_20_30
2022,nanjing,2015202212180010,北方工业大学,好运来,于新程|何瀛龙|林达华,1,0,4,740,147,bronze,rule_10_20_30
2022,nanjing,2015202212180013,华侨大学,红日初升,徐聪|赵雨扬|郑量,1,0,9,1307,5,gold,rule_10_20_30
2022,nanjing,2015202212180016,华侨大学,华大新手,危露平|苏明强|鄭創基,1,0,0,0,417,,rule_10_20_30
2022,nanjing,2015202212180019,南开大学,3ds,刘诺铭|董昱华|袁熙,1,0,2,188,320,,rule_10_20_30
2022,nanjing,2015202212180022,南开大学,Accelerator,丁屹|刘宇航|陶垄休,1,0,0,0,417,,rule_10_20_30
2022,nanjing,2015202212180025,合肥学院,三核低效率解题机,李鹏飞|王国梁|高欢欢,0,0,1,27,,,rule_10_20_30
2022,nanjing,2015202212180028,合肥学院,想要变成猫猫虫,朱艺杭|葛新雨|马云龙,1,0,2,58,265,,rule_10_20_30
2022,nanjing,2015202212180031,太原理工大学,不要柯学,刘国强|岳文颂|韩晓明,1,0,3,385,201,bronze,rule_10_20_30
2022,nanjing,2015202212180034,太原理工大学,菜鸟 SOS,崔佳敏|曹瑞浩|王睿杰,1,0,1,12,386,,rule_10_20_30
2022,nanjing,2015202212180037,宁波大学,NBU 十九队,徐丹|徐浩楠|王牧原,1,0,3,243,168,bronze,rule_10_20_30
2022,nanjing,2015202212180040,宁波大学,三个核桃,卢山|李幸尔|林宜鹏,1,0,3,551,239,bronze,rule_10_20_30
2022,nanjing,2015202212180043,安徽财经大学,稳中向好,吴亚涛|张政|李世豪,1,0,1,38,407,,rule_10_20_30
2022,nanjing,2015202212180046,安徽财经大学,追光者,宋润洋|王经州|赵海军,0,0,1,70,,,rule_10_20_30
2022,nanjing,2015202212180049,山东大学（威海）,大吉大利,卢绍华|梁致嘉|谭福华,1,0,2,58,265,,rule_10_20_30
2022,nanjing,2015202212180052,山东大学（威海）,听我说先别急,严一涵|周润杰|陈格,1,0,6,817,45,silver,rule_10_20_30
2022,nanjing,2015202212180055,常熟理工学院,黄金精神,杨淳智|林强|陈昭,0,0,3,297,,,rule_10_20_30
2022,nanjing,2015202212180058,常熟理工学院,醉挽清风,江文艺|郭仕杰|陶孟然,1,0,3,578,242,bronze,rule_10_20_30
2022,nanjing,2016202212180001,成都理工大学工程技术学院,我什么都做不到,余俊洁|李嘉晨|李诗琴,1,0,2,306,351,,rule_10_20_30
2022,nanjing,2016202212180004,成都理工大学工程技术学院,我系渣渣辉,张京尉|杨宝瑞|颜钰奇,0,0,1,32,,,rule_10_20_30
2022,nanjing,2016202212180007,武汉轻工大学,三料高级特工,常凤迪|杨锋|高灵芝,0,0,2,251,,,rule_10_20_30
2022,nanjing,2016202212180010,武汉轻工大学,赢了放烟花，输了喝可乐,王小康|谷帼嵘|邵宽,1,0,2,114,288,,rule_10_20_30
2022,nanjing,2016202212180013,河海大学,[プログラミングコンペ] コンテストが大好きな人たちとコンテストしましょう！[Digital][Chinese],张星宇|程诗雪|郭校廷,1,0,4,681,140,bronze,rule_10_20_30
2022,nanjing,2016202212180016,河海大学,载流子,仲欣晨|卢亮琦|张宇豪,1,0,3,337,189,bronze,rule_10_20_30
2022,nanjing,2016202212180019,江西师范大学,草帽帮,刘凯|曾智超|李智文,1,0,3,621,248,bronze,rule_10_20_30
2022,nanjing,2016202212180022,江西师范大学,非对称信息下的 ICPC 不平等博弈,庄芷滢|田震雄|陈康,1,0,4,647,136,bronze,rule_10_20_30
2022,nanjing,2016202212180025,沈阳航空航天大学,AC 钢印,张宗明|张西木|王恺瑞,0,0,1,13,,,rule_10_20_30
2022,nanjing,2016202212180028,沈阳航空航天大学,镜花水月,张喜瑞|杨峥|赵范佑,1,0,3,582,243,bronze,rule_10_20_30
2022,nanjing,2016202212180031,浙江万里学院,风灵月影,周启鸿|林哲正|郭义杰,1,0,4,583,126,bronze,rule_10_20_30
2022,nanjing,2016202212180034,浙江万里学院,我们仍未知道那天的题是否 AC,余欣达|郭雨欣|齐祖康,1,0,2,118,291,,rule_10_20_30
2022,nanjing,2016202212180037,湖南师范大学,摆烂自动机,唐熙林|石艺鑫|韦天赐,1,0,4,613,131,bronze,rule_10_20_30
2022,nanjing,2016202212180040,湖南师范大学,小兔哒哒,曹艺涵|项悦悦|魏佳蕾,1,1,3,199,159,bronze,rule_10_20_30
2022,nanjing,2016202212180043,湘潭大学,参宿一,田楚天|肖志林|胡梁宇,1,0,7,792,14,gold,rule_10_20_30
2022,nanjing,2016202212180046,湘潭大学,仿生猫猫也会梦到电子奖牌吗,付有鑫|梁宇|郝一鹏,1,0,5,806,85,silver,rule_10_20_30
2022,nanjing,2016202212180049,电子科技大学中山学院,六朝文物草连空,彭炫瑜|杨嘉杰|阮泓皓,0,0,2,63,,,rule_10_20_30
2022,nanjing,2016202212180052,电子科技大学中山学院,三万里河东入海,丁子涵|蔡远立|陈灿跃,1,0,2,57,264,,rule_10_20_30
2022,nanjing,2016202212180055,苏州科技大学,还有一周考研了，队长你不慌吗,孙宇航|沈广浩|王纪飞,1,0,1,7,374,,rule_10_20_30
2022,nanjing,2016202212180058,苏州科技大学,一次就好,蒋城|顾迅|高成杰,1,0,4,612,130,bronze,rule_10_20_30
2022,nanjing,2017202212180001,北京林业大学,先做 M 题,孙梓良|王思进|闫好真,1,0,2,339,359,,rule_10_20_30
2022,nanjing,2017202212180004,华中师范大学,忘放孜然,刘良柱|王文警|蒋国华,1,0,2,47,260,,rule_10_20_30
2022,nanjing,2017202212180007,福建工程学院,帅气逼人组合,张毅杭|李超|蔡东斌,1,0,2,245,336,,rule_10_20_30
2022,nanjing,2017202212180010,河南理工大学,榜歪了,任娱莹|李梦华|黄加钦,1,0,3,389,204,bronze,rule_10_20_30
2022,nanjing,2017202212180013,西北农林科技大学,AC 自动机,冯鑫源|张亿|胡家瑞,1,0,1,11,382,,rule_10_20_30
2022,nanjing,2017202212180016,西北农林科技大学,前面忘了，中间忘了，后面忘了,孙德铭|李宣熠|陈均铃,1,0,1,16,394,,rule_10_20_30
2022,nanjing,2017202212180019,西安石油大学,从还没入学就开始找 acm 队想一起参加 icpc 拿银摸金打入 WorldFinal 得到 tourist 的肯定与 jiangly 同台竞技,任宇麒|张家树|林道斌,0,0,0,0,,,rule_10_20_30
2022,nanjing,2017202212180022,西安石油大学,重生之我是郭逸劳,张景韬|张自清|李文慧,1,0,1,393,416,,rule_10_20_30
2022,nanjing,2017202212180025,重庆邮电大学,阿尔托莉雅,刘雨鹏|彭鑫宇|罗予恒,1,0,3,291,180,bronze,rule_10_20_30
2022,nanjing,2017202212180028,重庆邮电大学,这是你的捍 WA 者,孙培博|江骏扬|罗昊,1,0,3,529,236,bronze,rule_10_20_30
2022,nanjing,2017202212180031,长沙理工大学,干饭第一名,刘振林|周臻|杨韬,1,0,5,899,92,silver,rule_10_20_30
2022,nanjing,2017202212180034,长沙理工大学,面向样例编程,周杨涛|辜湘利|黎逆翔,1,0,2,63,269,,rule_10_20_30
2022,nanjing,2017202212180037,齐鲁工业大学,泪水打湿豆豆鞋,姜川|张宇豪|李昊坤,1,0,3,351,191,bronze,rule_10_20_30
2022,nanjing,2017202212180040,齐鲁工业大学,三人一狗,吴泽彪|张席畅|王励翔,1,0,4,504,115,silver,rule_10_20_30
2022,nanjing,2017202212180043,合肥工业大学宣城校区,别打铁球球了,余华安|张益|胡菽颖,1,0,3,509,230,bronze,rule_10_20_30
2022,nanjing,2017202212180046,合肥工业大学宣城校区,吃饱饱,张博|李军|谢炳晨,1,0,3,342,190,bronze,rule_10_20_30
2022,nanjing,2017202212180049,河海大学常州校区,几何杀手,俞天骋|孙嘉昊|王英吉,1,0,5,680,78,silver,rule_10_20_30
2022,nanjing,2017202212180052,河海大学常州校区,你这么菜你队友不会生气吧哥哥,严则立|廖平|曾强,1,0,2,315,353,,rule_10_20_30
2022,nanjing,2017202212180055,昆山杜克大学,绿恶魔,刘博恩|林宇翔|袁天骏,1,0,4,380,100,silver,rule_10_20_30
2022,nanjing,2017202212180058,昆山杜克大学,小螺号,宋雨辰|杨宁远|陈敬锋,1,0,1,17,397,,rule_10_20_30
2022,nanjing,2018202212180001,吉首大学,Re: 从打铁开始的 ACM,周杰洋|唐靖|沈子杰,1,0,2,67,275,,rule_10_20_30
2022,nanjing,2018202212180004,西南科技大学,最后一舞,李荣凯|白彪|黄志豪,1,0,2,35,253,,rule_10_20_30
2022,nanjing,2018202212180007,西安理工大学,新玛祖卡,张亿航|张舜尧|韩金怡,1,0,1,108,415,,rule_10_20_30
2022,nanjing,2018202212180010,合肥工业大学,知枚举可而为之,周家俊|葛嘉晨|陈浩杰,1,0,3,606,245,bronze,rule_10_20_30
2022,nanjing,2018202212180013,江西财经大学,逐梦,何洋|王玛琪|石翰林,1,0,4,785,150,bronze,rule_10_20_30
2022,nanjing,2018202212180016,闽南师范大学,重生之我是财阀,卢艺鸿|吴连捷|沈金荣,1,0,2,287,345,,rule_10_20_30
2022,nanjing,2018202212180019,陕西科技大学,hydro.ac,刘权梁|杨昊|黄熠,1,0,2,189,322,,rule_10_20_30
2022,nanjing,2018202212180022,武汉纺织大学,超级睡觉王,何书帆|刘洋|李成,1,0,3,407,208,bronze,rule_10_20_30
2022,nanjing,2018202212180025,浙江中医药大学,ZCMU-今天喝黄桃果霸,卢昕怡|景舒楠|钟晓芸,1,1,0,0,417,,rule_10_20_30
2022,nanjing,2018202212180028,郑州轻工业大学,成为勇者魔王竟是我队友？！,司传钊|张青华|韩子昂,1,0,3,378,199,bronze,rule_10_20_30
2022,nanjing,2018202212180031,上海应用技术大学,四面楚鸽,叶之捷|朱嘉钧|王俞力,1,0,3,151,157,bronze,rule_10_20_30
2022,nanjing,2018202212180034,上海海事大学,main,周金|应懿|潘飞扬,1,0,3,129,155,bronze,rule_10_20_30
2022,nanjing,2018202212180037,上海理工大学,胡学姐像阿尼亚一样可爱,刘斌然|潘孝安|胡洁昌,1,0,5,496,69,silver,rule_10_20_30
2022,nanjing,2018202212180040,上海财经大学,不超时,史靖玮|奚哲珺|陈嘉,1,0,3,376,197,bronze,rule_10_20_30
2022,nanjing,2018202212180043,东北林业大学,太阳花？,付钧元|潘航|蔺浩哲,1,0,0,0,417,,rule_10_20_30
2022,nanjing,2018202212180046,东华大学,太妃榛果不拿铁,俞鑫颜|陈燕玲|黄韵桐,1,1,1,100,414,,rule_10_20_30
2022,nanjing,2018202212180049,东华理工大学,闪耀土豆,刘强|张宇杰|董政,1,0,2,95,281,,rule_10_20_30
2022,nanjing,2018202212180052,东南大学,咕噜咕噜,张皓|田昊冬|黄天宇,0,0,4,341,,,rule_10_20_30
2022,nanjing,2018202212180055,中南林业科技大学,中南林业科技大学 2 队,刘超|林靖洋|胡炬,1,0,3,432,215,bronze,rule_10_20_30
2022,nanjing,2018202212180058,中南民族大学,温柔换不来温柔,肖雨昊|胡双|项升辉,1,0,2,128,297,,rule_10_20_30
2022,nanjing,2019202212180001,中国传媒大学,我很开心,官昕|胡露坤|谭星语,1,0,1,18,399,,rule_10_20_30
2022,nanjing,2019202212180004,中国海洋大学,三个老年银,吕筱玮|延书宇|葛足澳,1,0,2,636,372,,rule_10_20_30
2022,nanjing,2019202212180007,中国石油大学（北京）,我为石油献代码,夏方略|潘耀宇|郑朝斌,1,0,4,799,151,bronze,rule_10_20_30
2022,nanjing,2019202212180010,山东石油化工学院,不知道对不队,张云竹|赵悯|马始跃,1,1,1,63,411,,rule_10_20_30
2022,nanjing,2019202212180013,中国矿业大学（北京）,皇家挖煤人,杨沛然|罗心伟|邹放达,1,0,5,784,83,silver,rule_10_20_30
2022,nanjing,2019202212180016,中国计量大学,你所热爱的,张迅驰|梁孜祺|汪埕浩,1,0,6,934,51,silver,rule_10_20_30
2022,nanjing,2019202212180019,中央民族大学,有一吗,廖旭文|甘一超|陈博,1,0,2,294,347,,rule_10_20_30
2022,nanjing,2019202212180022,云南大学,no pains no prize,杨佳祺|郑晓雷|郑知菲,1,0,2,188,320,,rule_10_20_30
2022,nanjing,2019202212180025,佛山科学技术学院,遇到困难摆大烂,林新锋|蔡璧润|越静怡,1,0,3,676,250,bronze,rule_10_20_30
2022,nanjing,2019202212180028,兰州理工大学,认真专注沉着冷静,丁垚垚|周妤蔓|沈宇昊,1,0,2,378,362,,rule_10_20_30
2022,nanjing,2019202212180031,北京工业大学,Anonymous,佟祥正|周晟颐|洪蔚杰,1,0,4,473,106,silver,rule_10_20_30
2022,nanjing,2019202212180034,华东交通大学,猫和瑶瑶我全都要,刘俊威|张明辉|赵志豪,1,0,2,39,255,,rule_10_20_30
2022,nanjing,2019202212180037,华中农业大学,南湖打铁王,宗毅|朱振祎|邱前瑞,1,0,2,413,365,,rule_10_20_30
2022,nanjing,2019202212180040,华北理工大学,深黑幻想,周广越|尹尚龙|张恒旭,1,0,2,101,283,,rule_10_20_30
2022,nanjing,2019202212180043,广州城市理工学院,上次 A 了两题,吴楷鹏|岑明壤|钟新源,1,0,1,21,401,,rule_10_20_30
2022,nanjing,2019202212180046,南京信息工程大学,赋歌为悟世,孙嘉诚|徐凡明|薛成涵,1,0,1,16,394,,rule_10_20_30
2022,nanjing,2019202212180049,南京工业大学,AC 自动机,张喆|张林骏|朱伯钊,1,0,3,491,225,bronze,rule_10_20_30
2022,nanjing,2019202212180052,南京师范大学,计算机科学少年的诗篇,方铭宇|沈泽波|葛子阳,1,0,3,221,161,bronze,rule_10_20_30
2022,nanjing,2019202212180055,南京林业大学,reji3ter,祝峰楠|邢超宇|雷宇,1,0,2,326,355,,rule_10_20_30
2022,nanjing,2019202212180058,南京邮电大学通达学院,西西弗斯继续坐牢,杨有成|王以宁|陈天意,1,0,2,155,309,,rule_10_20_30
2022,nanjing,2020202212180001,南华大学,陪可莉去打 ACM,彭昊|莫翔宇|蔡宇辰,1,0,2,242,333,,rule_10_20_30
2022,nanjing,2020202212180004,南昌大学,最后的战役,周逸云|欧阳真真|赵赟,1,0,4,500,114,silver,rule_10_20_30
2022,nanjing,2020202212180007,南通大学,我只想打工,吴高杰|孙长江|蔡巧颖,1,0,1,8,377,,rule_10_20_30
2022,nanjing,2020202212180010,南阳理工学院,不懂人均算法,扶灿星|牛铜|陈志强,1,0,3,412,211,bronze,rule_10_20_30
2022,nanjing,2020202212180013,台州学院,空指针,徐立珉|沈刘杰|王其凯,1,0,2,431,367,,rule_10_20_30
2022,nanjing,2020202212180016,哈尔滨工业大学（威海）,球达不溜球,安龙浩|程朗|高佳乐,1,0,1,60,410,,rule_10_20_30
2022,nanjing,2020202212180019,嘉兴学院,Sunsh1ne,沈弘鑫|罗琦稚|胡赠军,1,0,3,431,214,bronze,rule_10_20_30
2022,nanjing,2020202212180022,嘉应学院,两极反转,张嘉焜|范淮宝|许昱华,1,0,2,195,325,,rule_10_20_30
2022,nanjing,2020202212180025,四川师范大学,宋沅泽带头冲锋,李俊霖|梁敏聪|游蓉,1,0,2,156,310,,rule_10_20_30
2022,nanjing,2020202212180028,大连海事大学,你好世界,任毅|周晨枫|张皓奕,1,0,1,38,407,,rule_10_20_30
2022,nanjing,2020202212180031,天津工业大学,铜首无妻,姚一鸣|宋一鸣|杨磊,1,0,6,1067,60,silver,rule_10_20_30
2022,nanjing,2020202212180034,浙大宁波理工学院,芜湖白菜鱼,夏宇|胡向东|蔡禹杰,1,0,3,228,162,bronze,rule_10_20_30
2022,nanjing,2020202212180037,山东工商学院,样例对了就是对了,修于航|杨新艺|田始坤,1,0,1,13,389,,rule_10_20_30
2022,nanjing,2020202212180040,山东师范大学,数组越界,尹博文|董昊鹏|蒋旭东,1,0,1,7,374,,rule_10_20_30
2022,nanjing,2020202212180043,山东财经大学,我不是阳了个阳！,康佳政|马金鹏|黄越,1,0,3,516,232,bronze,rule_10_20_30
2022,nanjing,2020202212180046,常州大学,西班牙总冠军,徐伟浩|赵可鉴|金鑫宇,1,0,4,751,148,bronze,rule_10_20_30
2022,nanjing,2020202212180049,广东东软学院,黑桃 A,梁彪|温贵鸿|陈祺丰,1,0,2,404,364,,rule_10_20_30
2022,nanjing,2020202212180052,广东理工学院,VS 来不来,何明飞|陈国芳|黄熙灿,1,0,1,13,389,,rule_10_20_30
2022,nanjing,2020202212180055,徐州工程学院,你好哇,朱绪洋|王士豪|蒋函芝,1,0,2,55,263,,rule_10_20_30
2022,nanjing,2020202212180058,成都信息工程大学,Bia,佘泳霏|曹逸飞|杨尚杰,1,0,4,696,143,bronze,rule_10_20_30
2022,nanjing,2021202212180001,成都大学,冰与火之歌,向家瑞|唐国超|罗万新,1,0,2,220,329,,rule_10_20_30
2022,nanjing,2021202212180004,成都理工大学,文火鸽子汤,张文渝|汤昱力|闫学城,1,0,0,0,417,,rule_10_20_30
2022,nanjing,2021202212180007,新疆大学,xju01,张家宝|章凇瑜|邹炎均,1,0,2,133,301,,rule_10_20_30
2022,nanjing,2021202212180010,新疆师范大学,一级警报,宁善成|毛智谦|毛智谦,1,0,0,0,417,,rule_10_20_30
2022,nanjing,2021202212180013,昆明理工大学,塞尔达砍树,吴金航|周林翰|谢程浩,1,0,3,388,203,bronze,rule_10_20_30
2022,nanjing,2021202212180016,桂林电子科技大学,那对我说有点难,彭鸿祥|李学诚|陈星宇,1,0,3,377,198,bronze,rule_10_20_30
2022,nanjing,2021202212180019,武汉学院,WHCC,刘傲铭|熊浩然|耿雪雨,1,0,3,829,251,,rule_10_20_30
2022,nanjing,2021202212180022,武汉工程大学,会有奇迹吗 2.0,尹睿怡|李东升|龚万,1,0,2,163,313,,rule_10_20_30
2022,nanjing,2021202212180025,武汉科技大学,阿尼亚能读懂出题人吗,丁怡特|姬慧彤|曹阳兴,1,0,4,554,121,silver,rule_10_20_30
2022,nanjing,2021202212180028,盐城工学院,菠萝少侠 3D 雨,戴赟|曹鑫|汪鹏,1,0,2,80,277,,rule_10_20_30
2022,nanjing,2021202212180031,江西理工大学,起名真费劲,冯奇山|吴旭阳|王际,1,0,3,467,221,bronze,rule_10_20_30
2022,nanjing,2021202212180034,江西科技学院,来只山鸡腿,潘奕潮|王磊|赵彬彬,1,0,1,90,413,,rule_10_20_30
2022,nanjing,2021202212180037,沈阳化工大学,kiryca,周壮壮|惠蒲葵|陈如聪,1,0,3,463,220,bronze,rule_10_20_30
2022,nanjing,2021202212180040,沈阳理工大学,丁真,茅泉浩|金典|金铉杰,1,0,4,723,144,bronze,rule_10_20_30
2022,nanjing,2021202212180043,河北师范大学,键上翻花,孙一|曲浩禹|陈哲良,1,0,3,623,249,bronze,rule_10_20_30
2022,nanjing,2021202212180046,河南大学,xzgg 爱上我,张浩东|王子轩|许壮,1,0,2,158,311,,rule_10_20_30
2022,nanjing,2021202212180049,河南工业大学,未来前夕,郑永康|高以宁|黄鹏宇,1,0,4,617,133,bronze,rule_10_20_30
2022,nanjing,2021202212180052,泉州师范学院,三个人凑不出一摩拉,侯灿坤|王文卓|苏坤灿,1,0,0,0,417,,rule_10_20_30
2022,nanjing,2021202212180055,济南大学,三体舰队,刘垚|刘志航|徐世豪,1,0,2,178,318,,rule_10_20_30
2022,nanjing,2021202212180058,浙江工业大学之江学院,大一萌新一拖二,何治强|程康涵|黄行健,1,0,2,238,332,,rule_10_20_30
2022,nanjing,2022202212180001,浙江农林大学暨阳学院,永不止步,吴招阳|汪柯宁|金智宇,1,0,2,43,257,,rule_10_20_30
2022,nanjing,2022202212180004,贵州大学,wa 之勇者成名录,姜春磊|胡梦昕|雷继翔,1,0,6,1086,62,silver,rule_10_20_30
2022,nanjing,2022202212180007,浙江科技学院,浙科三十队,周一魏|方行|潘江明,1,0,2,36,254,,rule_10_20_30
2022,nanjing,2022202212180010,浙江育英职业技术学院,第一章•龙傲天复仇归来•这一次我要拿回属于我的一切•第一步•主代单身换铜牌,张翔杰|蒋婉斐|谢榕,1,0,2,190,323,,rule_10_20_30
2022,nanjing,2022202212180013,浙江财经大学,花期渐远,宣驰裕|沈驰|王志祥,1,0,2,459,369,,rule_10_20_30
2022,nanjing,2022202212180016,温州大学,星空漫步,杨德曙|谢嘉璇|谢渚光,1,0,3,351,191,bronze,rule_10_20_30
2022,nanjing,2022202212180019,湖北大学,珂朵莉不想成为老司机,叶子骏|姜佳伟|王凌烽,1,0,0,0,417,,rule_10_20_30
2022,nanjing,2022202212180022,湖北工业大学,失败总是贯穿人生始终,席爽|王敬|许王浩,1,0,3,394,205,bronze,rule_10_20_30
2022,nanjing,2022202212180025,湖北第二师范学院,风启桓竹,屈贵川|杜春阳|王振,1,0,1,17,397,,rule_10_20_30
2022,nanjing,2022202212180028,湖南中医药大学,触底反弹,廖世兴|李思齐|欧阳亨杰,1,0,2,181,319,,rule_10_20_30
2022,nanjing,2022202212180031,湖南农业大学,莱茵之诗,刘嘉诚|王溪超|黎锦阳,1,0,3,144,156,bronze,rule_10_20_30
2022,nanjing,2022202212180034,湖南城市学院,拿牌指南,帅金文|杨静怡|邱嘉宇,1,0,2,136,303,,rule_10_20_30
2022,nanjing,2022202212180037,湖南大学,高数 100,刘城君|姜唯晟|张文凌,1,0,3,319,185,bronze,rule_10_20_30
2022,nanjing,2022202212180040,湖南工业大学,ac 咖啡馆,朱翰雯|王恒|郭嘉鑫,1,0,3,585,244,bronze,rule_10_20_30
2022,nanjing,2022202212180043,湖南文理学院,星云天空,杨鹏飞|邓成浩|陈敬乾,1,0,2,259,339,,rule_10_20_30
2022,nanjing,2022202212180046,湖南理工学院,GoldKilm,许盼|金烜宇|阳金里,1,0,4,686,141,bronze,rule_10_20_30
2022,nanjing,2022202212180049,湖南科技大学,晨曦,周子盛|曾改|黄宇轩,1,0,2,124,294,,rule_10_20_30
2022,nanjing,2022202212180052,湖南第一师范学院,我想要自动 ac,彭嘉富|朱威豪|童晓岚,1,0,2,347,360,,rule_10_20_30
2022,nanjing,2022202212180055,湖南警察学院,打铁,张雨希|曹永康|罗尧宇,1,0,2,129,298,,rule_10_20_30
2022,nanjing,2022202212180058,滁州学院,琅琊山三壮士,卢小龙|楚森林|王燕春,1,0,2,300,349,,rule_10_20_30
2022,nanjing,2023202212180001,潍坊学院,嘉然做不队,刘圣洋|卢守征|王衡禹,1,0,2,225,331,,rule_10_20_30
2022,nanjing,2023202212180004,燕山大学,塔山之巅,孙振轩|李一阳|马信宏,1,0,5,333,66,silver,rule_10_20_30
2022,nanjing,2023202212180007,石家庄铁道大学,拉尼亚凯亚,宋世鹏|李思成|胡赞,1,0,3,524,233,bronze,rule_10_20_30
2022,nanjing,2023202212180010,福州大学至诚学院,遇事不决直接开摆,弭锡运|谢嘉诚|赖子炜,1,0,2,104,285,,rule_10_20_30
2022,nanjing,2023202212180013,福建农林大学,重生之我是懒狗,兰宇平|林新煜|陈心桥,0,0,3,265,,,rule_10_20_30
2022,nanjing,2023202212180016,肇庆学院,北岭六队,张开乐|杨展鹏|陈俊宇,1,0,1,80,412,,rule_10_20_30
2022,nanjing,2023202212180019,衡阳师范学院,无留意,文福强|王方涵|肖哲,1,0,3,528,235,bronze,rule_10_20_30
2022,nanjing,2023202212180022,西北大学,皮展开了是因为打了羊胎素对不队,李欣雨|田思瑞|郭蓬佳,1,1,1,11,382,,rule_10_20_30
2022,nanjing,2023202212180025,西北师范大学,辉夜大小姐想让我拿牌～终级大逃杀~,庞子博|蒋宇轩|高普伦,1,0,1,10,379,,rule_10_20_30
2022,nanjing,2023202212180028,西南大学,暴力贪心水分队,刘海林|张钰涓|谢秉臻,1,0,0,0,417,,rule_10_20_30
2022,nanjing,2023202212180031,西南石油大学,明月别枝惊鹊,向耀鑫|李冉曦|李潇,1,0,2,145,305,,rule_10_20_30
2022,nanjing,2023202212180034,西南财经大学,三人成行,朱元宋|杨睿|梁巧粤,1,0,1,23,403,,rule_10_20_30
2022,nanjing,2023202212180037,西安建筑科技大学,三明智,王学荣|陈碧辉|黄林豪,1,0,3,242,166,bronze,rule_10_20_30
2022,nanjing,2023202212180040,西安邮电大学,不响丸辣,李浩宇|杨瑞宁|苏李涛,1,0,2,64,271,,rule_10_20_30
2022,nanjing,2023202212180043,信息工程大学,老村长,李一帆|郑浩楠|陈润森,1,0,3,467,221,bronze,rule_10_20_30
2022,nanjing,2023202212180046,辽宁工程技术大学,笨鸟先飞,冯晓璇|王海璐|黄羿达,1,0,0,0,417,,rule_10_20_30
2022,nanjing,2023202212180049,邵阳学院,我的狗叫队友,赵鹏宇|钱云东|高航,1,0,3,242,166,bronze,rule_10_20_30
2022,nanjing,2023202212180052,长安大学,可达鸭今天什么都吃,刘文越|安天宇|郑程浩,1,0,2,129,298,,rule_10_20_30
2022,nanjing,2023202212180055,长沙学院,无论云泥意贯一,李杰|邱一凡|高天宇,1,0,4,400,102,silver,rule_10_20_30
2022,nanjing,2023202212180058,青岛理工大学,今天也要吃红提,左庆会|王政|饶礼建,1,0,2,117,290,,rule_10_20_30
2022,nanjing,2024202212180001,韶关学院,韶关学院 5 队,周亚男|彭宇轩|朱昌威,1,0,1,11,382,,rule_10_20_30
2022,nanjing,2024202212180004,香港中文大学,焦糖布丁,劉汶楷|袁樂勤|鍾懷哲,1,0,5,629,75,silver,rule_10_20_30
2022,nanjing,2024202212180007,香港城市大学,九龙塘妙妙屋,何禹|余喆涵|郑上锟,0,0,0,0,,,rule_10_20_30
2022,nanjing,2024202212180010,鲁东大学,RE:关于我转生变成 ACMer 在地下城寻求邂逅中二病兔女郎学姐是否搞错了什么,张瑞哲|李春阳|许博,1,0,2,192,324,,rule_10_20_30
2022,nanjing,2024202212180013,黑龙江大学,拭暗晨曦,丁浩康|宋福海|邓基霄,1,0,3,199,159,bronze,rule_10_20_30
2022,nanjing,2024202212180016,深圳技术大学,最后一舞,叶子豪|林泽扬|程雨航,1,0,2,33,252,,rule_10_20_30
2022,nanjing,2024202212180019,西藏民族大学,秦汉 2,李知远|王越|黄恩典,1,0,1,32,405,,rule_10_20_30
2022,nanjing,2024202212180022,南昌理工学院,来杯冰可乐,叶标俊|吕家鹏|吴文涛,1,0,2,99,282,,rule_10_20_30
2022,nanjing,2024202212180025,乐山师范学院,大乱斗打到死,张茂林|李俐宣|罗明杨,1,0,2,102,284,,rule_10_20_30
2022,nanjing,2024202212180028,华北电力大学（北京）,ncepu_Nanjing_001,张政势|李想|武承禹,1,0,5,578,73,silver,rule_10_20_30
2022,nanjing,2024202212180031,韩山师范学院,玫瑰常开警告常在,刘荣铭|潘坤坡|陆泓宇,1,0,3,507,228,bronze,rule_10_20_30
2022,nanjing,2024202212180034,宁波财经学院,现役 JKLoLi,王海成|许江涛|颜俊扬,1,0,2,521,370,,rule_10_20_30
2022,nanjing,2024202212180037,河南财政金融学院,十亿少女的梦,张一恒|王世创|黄志博,1,0,3,515,231,bronze,rule_10_20_30
2022,nanjing,2024202212180040,广东技术师范大学,银牌恩泽菜狗,刘志威|张杰|许庆,1,0,3,609,246,bronze,rule_10_20_30
2022,nanjing,2024202212180043,周口师范学院,神里绫华,买琮文|刘博|贾文婷,1,0,3,473,223,bronze,rule_10_20_30
2022,nanjing,2024202212180046,北京师范大学珠海校区,公费旅游团,刘雨杭|张民轩|王昱超,1,0,2,109,287,,rule_10_20_30
2022,nanjing,2024202212180049,无锡学院,复读机我最深情,梁雄|潘格非|童天宇,1,0,1,9,378,,rule_10_20_30
2022,nanjing,2024202212180052,苏州中学园区校,未铭记何谈淡忘,张宝升|方亦晨|黄万平,0,0,4,874,,,rule_10_20_30
2022,nanjing,2024202212180055,南昌职业大学,有限铁牌自动机,李祥龙|江志辉|肖展斌,1,0,2,291,346,,rule_10_20_30
2022,nanjing,2024202212180058,广东工业大学揭阳校区,GDUTJY_打的都对呀,彭钱|曾锐璟|杨经纬,1,1,1,43,409,,rule_10_20_30
2022,hefei,2099202211200036,北京邮电大学,六目相对,崔家瑞|罗毅锐|谢骞,1,0,6,740,75,silver,rule_10_20_30
2022,hefei,2099202211200037,北京邮电大学,一起开车,丁健|李伟宏|洪宇彬,1,0,8,1324,33,gold,rule_10_20_30
2022,hefei,2099202211200038,北京邮电大学,22:35 的月光,王蕴哲|田苗|翁正琰,0,0,4,431,,,rule_10_20_30
2022,hefei,2099202211200039,北京邮电大学,珊瑚宫心海,程泓涛|董凯文|高畅,0,0,6,604,,,rule_10_20_30
2022,hefei,2099202211200040,北京邮电大学,沙河摸鱼,张志睿|王子骏|赵正阳,1,0,5,665,122,silver,rule_10_20_30
2022,hefei,2099202211200041,北京邮电大学,逆转结局,李椿洋|游俊轩|金浩然,0,0,5,1138,,,rule_10_20_30
2022,hefei,2099202211200042,北京邮电大学,曙光黎明,何宇峰|李冠谕|李晨曦,0,0,6,1031,,,rule_10_20_30
2022,hefei,2099202211200043,北京邮电大学,做的都队,姜杨皓|郭栩源|钱家文,0,0,4,614,,,rule_10_20_30
2022,hefei,2099202211200053,电子科技大学,UESTC_Black_mage,何旭|周雨辰|张子牛,1,0,5,605,117,silver,rule_10_20_30
2022,hefei,2099202211200054,电子科技大学,UESTC_Obsidians,刘芮利|宋易铮|陈奕林,1,0,4,589,191,bronze,rule_10_20_30
2022,hefei,2099202211200055,电子科技大学,UESTC_喵喵拳,熊文筱|程博文|胡瑞,1,0,6,548,70,silver,rule_10_20_30
2022,hefei,2099202211200056,电子科技大学,UESTC_nowloading,刘贝|李毅远|肖粤锋,1,0,5,935,146,bronze,rule_10_20_30
2022,hefei,2099202211200057,电子科技大学,UESTC_Cdr_pup,但芮|常铭|汪一奇,0,0,4,1062,,,rule_10_20_30
2022,hefei,2099202211200092,广东工业大学,三地鼠,刘浩洋|林翦|赵焕雄,1,0,5,807,134,silver,rule_10_20_30
2022,hefei,2099202211200093,广东工业大学,二向箔,周凯慧|江舒婷|车文超,1,0,4,623,196,bronze,rule_10_20_30
2022,hefei,2099202211200094,广东工业大学,顶蛙蛙,张添乐|朱晋壕|林振杰,1,0,5,1140,155,bronze,rule_10_20_30
2022,hefei,2099202211200095,广东工业大学,这不是 Bug，是特性,彭康杰|林智谦|黄文朗,1,0,2,276,357,,rule_10_20_30
2022,hefei,2099202211200096,广东工业大学,妙 WA 种子,周逸川|林梓航|蔡嘉乐,0,0,3,404,,,rule_10_20_30
2022,hefei,2099202211200323,深圳技术大学,人菜瘾大,洪佳骏|潘键颖|郑佳鑫,0,0,1,27,,,rule_10_20_30
2022,hefei,2099202211200324,深圳技术大学,后奇点,林诚钊|欧伟凯|董照康,0,0,4,497,,,rule_10_20_30
2022,hefei,2099202211200325,深圳技术大学,可持久化键盘,林泽扬|邓铭|黄瑛琪,0,0,3,322,,,rule_10_20_30
2022,hefei,2099202211200326,深圳技术大学,破晓,吴雨恒|张锐添|徐嘉辉,1,0,4,523,176,bronze,rule_10_20_30
2022,hefei,2099202211200327,深圳技术大学,咯咯咯咯咯咯咯,刘瑀铮|李钊盛|林德成,0,0,1,94,,,rule_10_20_30
2022,hefei,2099202211200328,深圳技术大学,大~泡~炮~,刘泽驰|周家宝|钱贵宁,0,0,5,702,,,rule_10_20_30
2022,hefei,2099202211200329,深圳技术大学,除了 AC 啥都会,林晓江|范佳铭|闫沛宇,0,0,1,73,,,rule_10_20_30
2022,hefei,2099202211200429,浙江工商大学,大红大紫,王晨杰|魏道|黄文豪,1,0,3,311,243,bronze,rule_10_20_30
2022,hefei,2099202211200430,浙江工商大学,蒟蒻果冻,孙浩邦|潘前俊|黄威,1,0,3,502,283,,rule_10_20_30
2022,hefei,2099202211200431,浙江工商大学,瑞道克道格,吴骏达|张子皓|张振,0,0,5,872,,,rule_10_20_30
2022,hefei,2099202211200432,浙江工商大学,队名？,俞庄楠|陈南君|陈致远,0,0,3,271,,,rule_10_20_30
2022,hefei,2099202211200433,浙江工商大学,猫猫滚脸,何天益|俞飞洋|汤英杰,1,0,8,1391,38,gold,rule_10_20_30
2022,hefei,2099202211200007,北方工业大学,为菈妮，我变成码农模样,罗沛松|覃奕涵|陈泱志,1,0,1,26,418,,rule_10_20_30
2022,hefei,2099202211200008,北方工业大学,指望另一队,李兰骁|李浩衔|王嘉欣,1,0,1,27,419,,rule_10_20_30
2022,hefei,2099202211200009,北京大学,重生之我是菜狗,王展鹏|罗煜翔|蒋凌宇,1,0,12,1284,2,gold,rule_10_20_30
2022,hefei,2099202211200010,北京大学,黎明与萤火,刘晨宇|李思杰|黄蔚尧,1,0,8,1104,24,gold,rule_10_20_30
2022,hefei,2099202211200011,北京大学,不是很菜,林思旭|王晟帆|陈益磊,1,0,6,889,87,silver,rule_10_20_30
2022,hefei,2099202211200012,北京大学,找不到该队,余快|戴傅聪|陈奇之,1,0,9,1542,16,gold,rule_10_20_30
2022,hefei,2099202211200014,北京航空航天大学,XCPC 的奇妙冒险,吕诚鑫|韦若皓|韩一,1,0,6,918,88,silver,rule_10_20_30
2022,hefei,2099202211200015,北京航空航天大学,欺负数理基础没有人？,唐怡浜|杨振炜|金炼凯,1,0,9,1065,11,gold,rule_10_20_30
2022,hefei,2099202211200016,北京航空航天大学,我不知道.png,冯玮琪|廖纪童|牟钰,1,0,7,670,45,gold,rule_10_20_30
2022,hefei,2099202211200017,北京航空航天大学,起床困难综合症,张殊睿|罗皓天|高湘一,1,0,6,485,69,silver,rule_10_20_30
2022,hefei,2099202211200024,北京理工大学,阿夸滑滑蛋喝冰红茶,彭程|李嘉政|李轩宇,1,0,8,1270,30,gold,rule_10_20_30
2022,hefei,2099202211200025,北京理工大学,ddl 战神,朱子林|林恺|邹知秋,1,0,10,1298,7,gold,rule_10_20_30
2022,hefei,2099202211200026,北京理工大学,内核恐慌,张书豪|秦一飞|陈驭祺,1,0,7,903,51,silver,rule_10_20_30
2022,hefei,2099202211200027,北京理工大学,为什么你们这么熟练啊,廖嘉琦|张程|李坚辉,1,0,8,1330,34,gold,rule_10_20_30
2022,hefei,2099202211200058,电子科技大学中山学院,牛肉干 3 队,丁子涵|蔡远立|陈灿跃,0,0,2,364,,,rule_10_20_30
2022,hefei,2099202211200059,电子科技大学中山学院,牛肉干 2 队,张涛|赖宇峰|黄李达,0,0,2,117,,,rule_10_20_30
2022,hefei,2099202211200060,电子科技大学中山学院,牛肉干 7 队,曾炜骅|王天德|董泓栎,1,0,1,67,439,,rule_10_20_30
2022,hefei,2099202211200061,电子科技大学中山学院,文君志鸿 2022,吴宝|林国杰|陈佳宝,0,0,3,604,,,rule_10_20_30
2022,hefei,2099202211200062,东北大学,东北大学_整点薯条,庞若天|李雨松|熊天毅,1,0,4,365,159,bronze,rule_10_20_30
2022,hefei,2099202211200063,东北大学,东北大学_凤蓂,刘可逸|姜文渊|陆天佑,1,0,5,653,120,silver,rule_10_20_30
2022,hefei,2099202211200064,东北大学,东北大学_思考一下,周家骏|王奕博|赵亮,1,0,1,13,389,,rule_10_20_30
2022,hefei,2099202211200065,东北大学,东北大学_空指针,向辉|王乐言|陈锦绥,1,0,8,1298,31,gold,rule_10_20_30
2022,hefei,2099202211200074,东南大学,咕噜咕噜,张皓|田昊冬|黄天宇,1,0,7,816,48,silver,rule_10_20_30
2022,hefei,2099202211200075,东南大学,玄学 OI 小组,孙浩芫|张一林|汪骏宇,1,0,2,109,314,,rule_10_20_30
2022,hefei,2099202211200076,东南大学,食堂不要排队,姜禹丞|王嘉诚|蒋承欢,1,0,3,385,268,bronze,rule_10_20_30
2022,hefei,2099202211200077,东南大学,小猪佩奇冲冲冲,刘奕辰|李想|顾枢衡,1,0,5,835,137,bronze,rule_10_20_30
2022,hefei,2099202211200082,福州大学,热带风味冰红茶,叶林忠|李鸿宇|潘泓岳,1,0,5,617,119,silver,rule_10_20_30
2022,hefei,2099202211200083,福州大学,远梦聆泉,庄佳霖|李诺凡|林铮翔,1,0,6,774,79,silver,rule_10_20_30
2022,hefei,2099202211200084,福州大学,最大费用最小流,李盈盈|江滢怡|游世伟,1,0,6,836,82,silver,rule_10_20_30
2022,hefei,2099202211200085,福州大学,太熊软糖,杨赫|程宇翔|詹涛,1,0,5,456,108,silver,rule_10_20_30
2022,hefei,2099202211200028,北京理工大学珠海学院,星火燎原,张润泽|胡德存|陈军,1,0,4,437,167,bronze,rule_10_20_30
2022,hefei,2099202211200029,北京理工大学珠海学院,时光机,杨帆|林佳皓|江梓豪,1,0,1,19,410,,rule_10_20_30
2022,hefei,2099202211200272,青岛科技大学,京都不死鸟,张维文|陈才坤|高圣哲,1,0,2,70,308,,rule_10_20_30
2022,hefei,2099202211200273,青岛科技大学,米奇妙妙屋,张珈硕|李文韬|邵志成,0,0,1,31,,,rule_10_20_30
2022,hefei,2099202211200274,青岛科技大学,Lychee,张宝文|温智凯|马淑华,1,0,6,1046,95,silver,rule_10_20_30
2022,hefei,2099202211200275,青岛科技大学,精通四种语言 Hello World,傅凯|刘少展|王耀路,0,0,1,40,,,rule_10_20_30
2022,hefei,2099202211200277,清华大学,JSOI 摸鱼队,孙若凡|张庭瑞|袁浩天,1,0,10,1256,5,gold,rule_10_20_30
2022,hefei,2099202211200278,清华大学,青蛙市中心,彭思进|李白天|黄子宽,1,0,12,1145,1,gold,rule_10_20_30
2022,hefei,2099202211200279,清华大学,城封了榜封了我也疯了,曹天佑|袁无为|魏精,1,0,9,961,10,gold,rule_10_20_30
2022,hefei,2099202211200280,清华大学,第 617 页,容逸朗|甄澄宇|郑东森,1,0,7,1172,64,silver,rule_10_20_30
2022,hefei,2099202211200289,山东大学,说好不秃,吴羲勇|张丁祎|门建彤,1,0,7,998,57,silver,rule_10_20_30
2022,hefei,2099202211200290,山东大学,黄金滋嘣狗,许蕴朴|郭子健|韩雨辰,1,0,3,355,257,bronze,rule_10_20_30
2022,hefei,2099202211200291,山东大学,我猜你不猜我猜不猜你猜不猜,侯程文|苏程|陈子载,1,0,4,482,171,bronze,rule_10_20_30
2022,hefei,2099202211200292,山东大学,LCS,刘向斌|褚瑞凡|邵宇辰,1,0,5,568,116,silver,rule_10_20_30
2022,hefei,2099202211200304,上海大学,只能过样例队,吴金珂|张芳菲|徐谟横,1,0,1,12,387,,rule_10_20_30
2022,hefei,2099202211200305,上海大学,2.5 次元的我,吴逸磊|周而学|罗晨轩,1,0,5,792,133,silver,rule_10_20_30
2022,hefei,2099202211200306,上海大学,自然选择,张哲瑞|杨明轩|梁家琦,1,0,1,36,424,,rule_10_20_30
2022,hefei,2099202211200307,上海大学,队名,奚仲璞|张瑞之|胡佩文,1,0,5,984,150,bronze,rule_10_20_30
2022,hefei,2099202211200310,上海交通大学,撸串的喵,朱铭阳|王云骥|罗祺皓,1,0,8,1036,21,gold,rule_10_20_30
2022,hefei,2099202211200311,上海交通大学,风乎舞雩,冯缘|唐靖淇|郭吉舟,1,0,7,938,55,silver,rule_10_20_30
2022,hefei,2099202211200312,上海交通大学,柳,叶瑶琦|姜天乐|王照梓,0,0,9,1162,,,rule_10_20_30
2022,hefei,2099202211200313,上海交通大学,银色子弹,戚洋|江若泓|陈则佳,1,0,11,1805,3,gold,rule_10_20_30
2022,hefei,2099202211200367,西安电子科技大学,老人与 AC,柴东辰|王孟晞|祝君超,1,0,7,929,54,silver,rule_10_20_30
2022,hefei,2099202211200368,西安电子科技大学,点石成我,曾岩|王舒琪|王言聪,1,0,6,1107,100,silver,rule_10_20_30
2022,hefei,2099202211200369,西安电子科技大学,嘤嘤嘤,丁雅可|万在舟|陶禹成,1,0,4,756,212,bronze,rule_10_20_30
2022,hefei,2099202211200370,西安电子科技大学,剑指艾斯十二,吴海怿|王昱晨|许志鹏,1,0,5,1031,153,bronze,rule_10_20_30
2022,hefei,2099202211200375,西北工业大学,别急，你听我说,张煜森|李星辰|黄梓恒,1,0,4,376,160,bronze,rule_10_20_30
2022,hefei,2099202211200376,西北工业大学,啊对对队,刘锦宇|许鑫平|谢宇轩,1,0,3,729,305,,rule_10_20_30
2022,hefei,2099202211200377,西北工业大学,祝福的午餐肉 +8,孟祥瑞|张超|陈玟,1,0,4,581,187,bronze,rule_10_20_30
2022,hefei,2099202211200378,西北工业大学,随便吧啥也不会,王一帆|罗强|马志翔,1,0,5,816,135,silver,rule_10_20_30
2022,hefei,2099202211200002,安徽大学,三条可怜,常昊冉|张允成|桑浩翔,1,0,6,651,72,silver,rule_10_20_30
2022,hefei,2099202211200003,安徽大学,OVERDOSE,张云飞|陈子安|高远航,1,0,2,209,343,,rule_10_20_30
2022,hefei,2099202211200004,安徽大学,安大四队,张芸祥|洪昱鹏|谢海龙,1,0,4,616,195,bronze,rule_10_20_30
2022,hefei,2099202211200021,北京交通大学,白夜追风,余彦可|俞贤皓|彭彦铭,1,0,5,408,106,silver,rule_10_20_30
2022,hefei,2099202211200022,北京交通大学,啊对对队,冯宏基|程维森|韦舒羽,1,0,2,261,354,,rule_10_20_30
2022,hefei,2099202211200023,北京交通大学,屑哥哥粉丝后援会,余文博|王泽祥|韩浩宇,1,0,1,13,389,,rule_10_20_30
2022,hefei,2099202211200425,浙江大学,nameless story,凌子恒|林响烨|胡家齐,1,0,10,1072,4,gold,rule_10_20_30
2022,hefei,2099202211200426,浙江大学,广告位招租,任庭旭|徐琪杰|王楚淏,1,0,8,613,17,gold,rule_10_20_30
2022,hefei,2099202211200427,浙江大学,不可以 D 鸭鸭哦,张志心|楼沁霈|郭一铭,1,0,5,497,109,silver,rule_10_20_30
2022,hefei,2099202211200428,浙江大学,未命名 1,严子轩|周轩熠|樊睿,1,0,9,1154,12,gold,rule_10_20_30
2022,hefei,2099202211200438,浙江理工大学,好起来 rua,晏阳英哲|杨子建|翁昊洋,1,0,3,592,298,,rule_10_20_30
2022,hefei,2099202211200439,浙江理工大学,飞飞,徐波|朱鑫鑫|薛淞尹,1,0,4,452,169,bronze,rule_10_20_30
2022,hefei,2099202211200440,浙江理工大学,浙理铁匠铺，打铁第一名,冯佳钧|张一弛|杨吴玙,0,0,2,319,,,rule_10_20_30
2022,hefei,2099202211200441,浙江理工大学,剑鱼二番队,杨杰|王建成|郑尉欣,1,0,5,912,145,bronze,rule_10_20_30
2022,hefei,2099202211200445,浙江师范大学,二手摩托,倪伟聪|王学远|陈增豪,1,0,6,924,89,silver,rule_10_20_30
2022,hefei,2099202211200446,浙江师范大学,前进四,王乐琦|王威杰|马嘉斌,1,0,5,668,123,silver,rule_10_20_30
2022,hefei,2099202211200447,浙江师范大学,羊村守护者,嵇纹垲|林宸|陈炯荣,1,0,4,581,187,bronze,rule_10_20_30
2022,hefei,2099202211200448,浙江师范大学,东方 1201,周启旋|朱晨峰|陈安琪,1,0,2,225,350,,rule_10_20_30
2022,hefei,2099202211200470,中国科学技术大学,中科大少女班,孙旭磊|殷跃然|赵泽昆,0,0,6,779,,,rule_10_20_30
2022,hefei,2099202211200471,中国科学技术大学,樱吹雪,刘畅|杨思汗|黄盛唐,0,0,0,0,,,rule_10_20_30
2022,hefei,2099202211200472,中国科学技术大学,好好写码天天修锅,李金彤|闫泽轩|陈纳川,0,0,3,406,,,rule_10_20_30
2022,hefei,2099202211200480,中国民航大学,打铁还需自身硬,刘瑞轩|葛朋林|薛傲翔,0,0,1,191,,,rule_10_20_30
2022,hefei,2099202211200481,中国民航大学,奥利奥,周子智|汪志豪|熊威林,0,0,1,22,,,rule_10_20_30
2022,hefei,2099202211200482,中国民航大学,追光者,傅一笑|冉桐|崔天宇,1,0,3,320,246,bronze,rule_10_20_30
2022,hefei,2099202211200483,中国民航大学,计院高级技师们,崔凌宵|李鑫福|陈锦浩,0,0,1,105,,,rule_10_20_30
2022,hefei,2099202211200493,中山大学,中山大学_每日签到,全宇昊|秦琬舒|黄烨,1,0,3,727,304,,rule_10_20_30
2022,hefei,2099202211200494,中山大学,中山大学_局外人,刘卓逸|涂博浩|陈冠一,1,0,6,760,77,silver,rule_10_20_30
2022,hefei,2099202211200495,中山大学,中山大学_超凡之盟,刘彦莹|杨天行|陈宇浩,1,0,6,697,73,silver,rule_10_20_30
2022,hefei,2099202211200496,中山大学,中山大学 - 攻城狮,张温楷|李景楠|游少濠,1,0,8,1369,37,gold,rule_10_20_30
2022,hefei,2099202211200033,北京师范大学,Zood,卢炜文|李鼎懋|林泽瀚,1,0,5,438,107,silver,rule_10_20_30
2022,hefei,2099202211200034,北京师范大学,Solo,徐悦萱|林靖轩|赵子豪,1,0,5,1023,152,bronze,rule_10_20_30
2022,hefei,2099202211200035,北京师范大学,猫喵妙,张睿琪|王小普|薄小荷,1,0,3,245,236,bronze,rule_10_20_30
2022,hefei,2099202211200066,东北大学秦皇岛分校,属鼠也想队,徐睿康|李曜航|梁绍涵,1,0,2,256,352,,rule_10_20_30
2022,hefei,2099202211200067,东北大学秦皇岛分校,落幕,池岩峻|陈世鑫|陈嘉鸿,1,0,1,11,384,,rule_10_20_30
2022,hefei,2099202211200068,东北大学秦皇岛分校,白给小分队,刘天阳|孙钰涛|戴枭龙,1,0,3,302,241,bronze,rule_10_20_30
2022,hefei,2099202211200103,广州大学,有名字的队,刘成|谢荣栩|陈旭明,1,0,2,332,368,,rule_10_20_30
2022,hefei,2099202211200104,广州大学,代码敲不队,凌宇晖|翁天盟|陈海辉,1,0,1,18,405,,rule_10_20_30
2022,hefei,2099202211200105,广州大学,面向样例编程,梁金成|王奕建|袁磊,1,0,3,819,307,,rule_10_20_30
2022,hefei,2099202211200111,哈尔滨工程大学,mybing 终于来了,张传炯|王一帆|肖帆,1,0,6,1049,96,silver,rule_10_20_30
2022,hefei,2099202211200112,哈尔滨工程大学,对着签到题面露难色的三人,于子涵|蒋保崧|郑祯睿,1,0,5,606,118,silver,rule_10_20_30
2022,hefei,2099202211200113,哈尔滨工程大学,做 AC 梦,徐玉峰|王冠翔|郭彬,1,0,3,472,281,,rule_10_20_30
2022,hefei,2099202211200114,哈尔滨工业大学,蛤工业 10 队,杜沛键|王续烨|金义扬,1,0,8,1469,40,gold,rule_10_20_30
2022,hefei,2099202211200115,哈尔滨工业大学,血字的研究,唐贝利|朱峰|王羽婷,1,0,8,1404,39,gold,rule_10_20_30
2022,hefei,2099202211200116,哈尔滨工业大学,魂魄出窍,祁展华|陈浩然|陈煜航,1,0,8,1792,42,gold,rule_10_20_30
2022,hefei,2099202211200117,哈尔滨工业大学（深圳）,先交一发,刘一达|裴奕斐|高子烽,1,0,3,317,244,bronze,rule_10_20_30
2022,hefei,2099202211200118,哈尔滨工业大学（深圳）,请求起飞,慎乐阳|王柣骁|骆天赐,1,0,6,962,92,silver,rule_10_20_30
2022,hefei,2099202211200119,哈尔滨工业大学（深圳）,我家还蛮大的,勾世杰|毕凌杰|王宇辰,1,0,4,426,165,bronze,rule_10_20_30
2022,hefei,2099202211200122,哈尔滨理工大学,哈理工 02 队,刘泽旭|张令羽|牛梓旭,1,0,3,522,288,,rule_10_20_30
2022,hefei,2099202211200123,哈尔滨理工大学,哈理工 07 队,岳金凤|李宇恒|马英杰,1,0,3,550,291,,rule_10_20_30
2022,hefei,2099202211200124,哈尔滨理工大学,哈理工 09 队,吕锦泽|邓大路|黄兆宇,1,0,6,986,93,silver,rule_10_20_30
2022,hefei,2099202211200166,湖南师范大学,榛楛济济,张椿瑞|欧阳龙|郜博奕,1,0,4,706,208,bronze,rule_10_20_30
2022,hefei,2099202211200167,湖南师范大学,咖啡猫,姜远仁|王辰宇|黄沛遥,1,0,8,1333,35,gold,rule_10_20_30
2022,hefei,2099202211200168,湖南师范大学,顽强拼搏,何嘉骏|王万福|胡缘,1,0,3,388,269,bronze,rule_10_20_30
2022,hefei,2099202211200170,湖州师范学院,不带电脑,吴泽涛|谭中正|钱越敏,0,0,4,818,,,rule_10_20_30
2022,hefei,2099202211200171,湖州师范学院,特日日世界第一可爱,严宇赫|李佳杰|钟舒晴,0,0,1,13,,,rule_10_20_30
2022,hefei,2099202211200172,湖州师范学院,好运来,李嫣然|江雨宸|陈文骏,1,0,1,32,422,,rule_10_20_30
2022,hefei,2099202211200176,华东师范大学,她说的都队,张宏伟|朱睿诚|林艺峰,1,0,5,695,127,silver,rule_10_20_30
2022,hefei,2099202211200177,华东师范大学,自然选择前进四！,尹杰扬|汪坤灿|黄子豪,1,0,2,173,333,,rule_10_20_30
2022,hefei,2099202211200178,华东师范大学,东方 homo 馆,余东桦|漆宇祥|范晨阳,0,0,5,703,,,rule_10_20_30
2022,hefei,2099202211200183,华南农业大学,ac 对对,江峰|洪文浩|郑浩楠,1,0,3,511,285,,rule_10_20_30
2022,hefei,2099202211200184,华南农业大学,柯学的暴莉队,张珈棋|谢兆扬|陈柏祺,1,0,2,109,314,,rule_10_20_30
2022,hefei,2099202211200185,华南农业大学,快乐一家,冯雨泽|杨天浩|谢昊峻,1,0,3,347,253,bronze,rule_10_20_30
2022,hefei,2099202211200191,华中科技大学,鸭鸭鱼鱼虫虫,俞仲遥|郑欣|龚宸,1,0,10,1493,8,gold,rule_10_20_30
2022,hefei,2099202211200192,华中科技大学,fufu 能有什么坏心眼呢,冯业齐|胡伟江|黄浚源,1,0,5,550,115,silver,rule_10_20_30
2022,hefei,2099202211200193,华中科技大学,从零开始的 ACMer 生活,唐继民|徐颢诚|李扬天,1,0,5,533,114,silver,rule_10_20_30
2022,hefei,2099202211200199,吉林大学,柴郡猫猫 QuQ,李光赫|陈铭豪|黄昌盛,1,0,8,1140,26,gold,rule_10_20_30
2022,hefei,2099202211200200,吉林大学,天行,祝永祺|陈瀚|高钧,1,0,4,443,168,bronze,rule_10_20_30
2022,hefei,2099202211200201,吉林大学,糖彩屋养了仨复读鸡,李昊桐|李玉海|陈鹏宇,1,0,3,189,230,bronze,rule_10_20_30
2022,hefei,2099202211200213,江西师范大学,非对称信息下的 ICPC 不平等博弈,庄芷滢|田震雄|陈康,0,0,3,384,,,rule_10_20_30
2022,hefei,2099202211200214,江西师范大学,骰子一投就是 6,杜恒国|程心奕|郑顶文,1,0,3,562,294,,rule_10_20_30
2022,hefei,2099202211200215,江西师范大学,草帽帮,刘凯|曾智超|李智文,1,0,2,328,367,,rule_10_20_30
2022,hefei,2099202211200220,兰州大学,克莱登州什么时候放我们回湖南,刘尚昊|郑宇航|鲁叶木,1,0,4,780,215,bronze,rule_10_20_30
2022,hefei,2099202211200221,兰州大学,白毛红瞳萝莉万岁,史桂铭|叶辉煌|吕斯寒,1,0,1,52,435,,rule_10_20_30
2022,hefei,2099202211200222,兰州大学,粉碎煎饼,孟戴浓达|狄农雨|王徐笙,1,0,7,1211,65,silver,rule_10_20_30
2022,hefei,2099202211200233,南方科技大学,南方科技大学 - 巴黎,冯照航|曹哲振|田若载,1,0,9,954,9,gold,rule_10_20_30
2022,hefei,2099202211200234,南方科技大学,南方科技大学 - 佩皮尼昂,张书玮|程司哲|郑轶滔,1,0,6,1058,98,silver,rule_10_20_30
2022,hefei,2099202211200235,南方科技大学,南方科技大学 - 凡尔赛,孙开轩|张嘉妤|肖佳辰,1,0,7,716,47,silver,rule_10_20_30
2022,hefei,2099202211200244,南京理工大学,猫猫头没有头,何丰辰|张悦熠|王一萌,1,0,4,504,174,bronze,rule_10_20_30
2022,hefei,2099202211200245,南京理工大学,核平猫猫头,何平|蔡佳铭|陈涣焕,1,0,7,961,56,silver,rule_10_20_30
2022,hefei,2099202211200246,南京理工大学,嘉然今天吃战斧牛排,丁则文|徐菲阳|王尧勇,1,0,3,559,292,,rule_10_20_30
2022,hefei,2099202211200250,南京信息工程大学,跟不上榜,洪伟|潘小康|董兆琦,1,0,4,422,164,bronze,rule_10_20_30
2022,hefei,2099202211200251,南京信息工程大学,蒟蒻果冻,夏涛|盛祥轩|秦睿智,1,0,2,355,370,,rule_10_20_30
2022,hefei,2099202211200252,南京信息工程大学,生椰拿铁不拿铁,王梓宇|王雨航|管润达,1,0,5,530,113,silver,rule_10_20_30
2022,hefei,2099202211200260,宁波大学,为白雪染色,朱文豪|李嘉琪|王茹月,1,0,5,702,128,silver,rule_10_20_30
2022,hefei,2099202211200261,宁波大学,三个核桃,卢山|李幸尔|林宜鹏,1,0,3,359,259,bronze,rule_10_20_30
2022,hefei,2099202211200262,宁波大学,发际线和我作队,施云|沈雨娟|金雯丽,0,0,1,24,,,rule_10_20_30
2022,hefei,2099202211200265,齐鲁工业大学,拿铜去上海,刘易凡|王金旭|许一鸣,1,0,3,364,261,bronze,rule_10_20_30
2022,hefei,2099202211200266,齐鲁工业大学,急得长痘痘,刘春轩|杜朝阳|陈代睿,1,0,1,11,384,,rule_10_20_30
2022,hefei,2099202211200267,齐鲁工业大学,你好_世界,张馨丹|蔡简简|魏凡杰,0,0,1,18,,,rule_10_20_30
2022,hefei,2099202211200269,青岛大学,快乐向前冲,严传奇|于文龙|季园竣,1,0,3,218,234,bronze,rule_10_20_30
2022,hefei,2099202211200270,青岛大学,赛博雪豹,徐易|赵汝恒|陈冠霖,1,0,2,314,364,,rule_10_20_30
2022,hefei,2099202211200271,青岛大学,爱你孤身走暗巷,杨镓溦|许林赫|赵浩辰,1,0,4,864,224,bronze,rule_10_20_30
2022,hefei,2099202211200283,厦门大学,点分治分点,周正|徐铭逸|高言峰,1,0,7,1804,67,silver,rule_10_20_30
2022,hefei,2099202211200284,厦门大学,惊鸿过隙,周和|张俊杰|麦润埔,1,0,6,750,76,silver,rule_10_20_30
2022,hefei,2099202211200285,厦门大学,攻城狮,张文韬|邱佳伟|黄勖,1,0,3,273,238,bronze,rule_10_20_30
2022,hefei,2099202211200297,山东理工大学,齐寄队,孔祥宇|王震|赵凯,1,0,3,369,264,bronze,rule_10_20_30
2022,hefei,2099202211200298,山东理工大学,从 Wa 开始的 ACM 生活,丁正阳|李晋|金杰,1,0,3,502,283,,rule_10_20_30
2022,hefei,2099202211200299,山东理工大学,AK 悍匪,张大乐|张文杰|王佳琳,1,0,1,69,440,,rule_10_20_30
2022,hefei,2099202211200320,深圳大学,SZU-Planck,干天一|王曦|莫泽钊,1,0,4,587,190,bronze,rule_10_20_30
2022,hefei,2099202211200321,深圳大学,SZU-Will_Qin,苏梓瀚|郭泽森|陈俊明,1,0,6,946,90,silver,rule_10_20_30
2022,hefei,2099202211200322,深圳大学,Emanatry,张艺轩|杨熙全|郑博瀚,1,0,7,889,49,silver,rule_10_20_30
2022,hefei,2099202211200335,四川大学,冲击波,李佳员|袁玮鸿|赵杰友,1,0,4,417,162,bronze,rule_10_20_30
2022,hefei,2099202211200336,四川大学,刀削面的疲倦,叶佳一|杨欣渝|邓雍,1,0,5,510,112,silver,rule_10_20_30
2022,hefei,2099202211200337,四川大学,基本无害,李名骕|牛佳文|苏臻,1,0,8,1308,32,gold,rule_10_20_30
2022,hefei,2099202211200340,苏州大学,555 我的炸鸡,林志诚|陈惟一|顾俊辉,1,0,4,327,158,bronze,rule_10_20_30
2022,hefei,2099202211200341,苏州大学,Blowback,周骁逸|王宇轩|简嘉瑶,1,0,8,1259,29,gold,rule_10_20_30
2022,hefei,2099202211200342,苏州大学,永不摆烂,何宇涛|周夏卿|陈泽豪,1,0,2,101,311,,rule_10_20_30
2022,hefei,2099202211200346,天津大学,可莉的禁闭室,王思远|郑明皓|马明朝,1,0,3,561,293,,rule_10_20_30
2022,hefei,2099202211200347,天津大学,理中人,刘书任|张中天|李旭辉,1,0,4,194,157,bronze,rule_10_20_30
2022,hefei,2099202211200348,天津大学,180 天了，还没改名,任俍栋|李俊佳|王子祺,1,0,5,1250,156,bronze,rule_10_20_30
2022,hefei,2099202211200351,同济大学,Magia,夏尧民|尚莉强|康力,1,0,3,241,235,bronze,rule_10_20_30
2022,hefei,2099202211200352,同济大学,长日将尽,储德明|姜梓恒|朱泽凯,1,0,8,1043,22,gold,rule_10_20_30
2022,hefei,2099202211200353,同济大学,打呗,徐正扬|成笑行|陈奕澄,1,0,5,841,138,bronze,rule_10_20_30
2022,hefei,2099202211200356,武汉大学,mikumikumi,杨宇杰|杨宇轩|陈昭宪,1,0,5,688,126,silver,rule_10_20_30
2022,hefei,2099202211200357,武汉大学,裂缝中的阳光,张涵|徐嘉浩|黄子君,1,0,8,1364,36,gold,rule_10_20_30
2022,hefei,2099202211200358,武汉大学,抱抱虫猫猫~,林锟扬|王一言|许浩阳,1,0,4,700,207,bronze,rule_10_20_30
2022,hefei,2099202211200363,武汉理工大学,不会计数怎么办,奚兆阳|徐亚萌|罗越,1,0,6,1233,103,silver,rule_10_20_30
2022,hefei,2099202211200364,武汉理工大学,猫猫虫过家家,吴佳伟|师佳琦|索键,1,0,4,572,184,bronze,rule_10_20_30
2022,hefei,2099202211200365,武汉理工大学,三个铁匠,宋宝刚|宋长天|郑云飞,1,0,4,747,211,bronze,rule_10_20_30
2022,hefei,2099202211200379,西北农林科技大学,下次一定换个二次元队名,王明栋|蔡祺峰|龚城圩,1,0,4,574,185,bronze,rule_10_20_30
2022,hefei,2099202211200380,西北农林科技大学,三碗不过冈,吉正杰|樊世豪|王正超,1,0,1,15,397,,rule_10_20_30
2022,hefei,2099202211200381,西北农林科技大学,先闭眼暴力一发,寻真|李慕晗|沈泉宏,0,0,1,38,,,rule_10_20_30
2022,hefei,2099202211200389,西南民族大学,我们是懂谢少的,易旸|谢永桦|陈家峻,1,0,3,336,251,bronze,rule_10_20_30
2022,hefei,2099202211200390,西南民族大学,借东风,张书豪|李旭东|陈胤均,1,0,2,304,361,,rule_10_20_30
2022,hefei,2099202211200391,西南民族大学,破冰行动,李婉儿|李悦冰|黄骏,1,0,2,173,333,,rule_10_20_30
2022,hefei,2099202211200395,香港中文大学（深圳）,*( ^w^ )/*,周宸宇|曾子荣|陈翰飞,1,0,8,1495,41,gold,rule_10_20_30
2022,hefei,2099202211200396,香港中文大学（深圳）,不会起名字,施若暄|潘婕|董如暄,1,0,3,348,254,bronze,rule_10_20_30
2022,hefei,2099202211200397,香港中文大学（深圳）,ICPC 摆大烂,程思浩|金德容|陈建文,1,0,4,549,181,bronze,rule_10_20_30
2022,hefei,2099202211200413,长春理工大学,没有名字也无所谓吧,张喆坤|李晨赫|贾宇轩,1,0,3,589,296,,rule_10_20_30
2022,hefei,2099202211200414,长春理工大学,繁星,姚祥辉|潘奕霖|陈奕帆,0,0,2,126,,,rule_10_20_30
2022,hefei,2099202211200415,长春理工大学,随便,何铭洋|李新康|范泽涛,1,0,2,290,359,,rule_10_20_30
2022,hefei,2099202211200434,浙江工业大学,竹晓知禅,吴雨薇|狄鑫慧|钱晨,1,0,7,1015,59,silver,rule_10_20_30
2022,hefei,2099202211200435,浙江工业大学,赛博鼠鼠,苗子豪|薛予凡|陈天阳,1,0,5,897,143,bronze,rule_10_20_30
2022,hefei,2099202211200436,浙江工业大学,地球猫猫,张宇翔|李亚伦|陈洁怡,1,0,7,656,44,gold,rule_10_20_30
2022,hefei,2099202211200442,浙江农林大学,金牌菜鸟,叶露仁|姜逸辉|陈昱帆,1,0,2,385,372,,rule_10_20_30
2022,hefei,2099202211200443,浙江农林大学,法式酸甜西红柿片配黄油鸡蛋粒,丁杭亮|章扬|邵建皓,1,0,2,135,323,,rule_10_20_30
2022,hefei,2099202211200444,浙江农林大学,zxw 为什么是神,张凯伦|张翕维|金汝城,1,0,1,18,405,,rule_10_20_30
2022,hefei,2099202211200453,郑州大学,铁华团,吕翊加|周逸进|李少昆,1,0,2,167,330,,rule_10_20_30
2022,hefei,2099202211200454,郑州大学,郑在解封,乔培元|徐政中|石家华,1,0,2,188,338,,rule_10_20_30
2022,hefei,2099202211200455,郑州大学,半场开香槟,吴程程|姚建业|张东方,1,0,5,686,125,silver,rule_10_20_30
2022,hefei,2099202211200456,郑州轻工业大学,没有数理基础,刘子豪|卢亚冬|赵清杨,1,0,3,432,277,,rule_10_20_30
2022,hefei,2099202211200457,郑州轻工业大学,3Ds,何嘉乐|刘成博|李云浩,0,0,2,236,,,rule_10_20_30
2022,hefei,2099202211200458,郑州轻工业大学,Bug 改不完,叶欣怡|曾显慧|陈怡杉,0,0,1,18,,,rule_10_20_30
2022,hefei,2099202211200459,中北大学,天辰破晓,杨舒溶|王睿博|秦乐朋,0,0,5,680,,,rule_10_20_30
2022,hefei,2099202211200460,中北大学,起名真麻烦,张纭昌|王任钰|范展诚,1,0,4,577,186,bronze,rule_10_20_30
2022,hefei,2099202211200461,中北大学,起名不简单,冯奕铭|常煜伟|陈利鑫,0,0,3,305,,,rule_10_20_30
2022,hefei,2099202211200475,中国矿业大学,白夜忆墨人,唐腾宇|宋明潇|钟泽旭,1,0,6,1177,102,silver,rule_10_20_30
2022,hefei,2099202211200476,中国矿业大学,如翼添虎,尉高耀|张士豪|罗浩巍,1,0,4,585,189,bronze,rule_10_20_30
2022,hefei,2099202211200477,中国矿业大学,村口型男不秃头,周佳炜|张梓渝|陈溪远,1,0,5,1081,154,bronze,rule_10_20_30
2022,hefei,2099202211200001,安徽财经大学,三个顶两,郭宸龙|陆凌云|顾峰,1,0,1,44,428,,rule_10_20_30
2022,hefei,2099202211200031,北京林业大学,杂毛小鸡,余行健|李明珠|陈浩翔,1,0,6,1502,105,silver,rule_10_20_30
2022,hefei,2099202211200032,北京林业大学,先做 M 题,孙梓良|王思进|闫好真,1,0,2,390,373,,rule_10_20_30
2022,hefei,2099202211200051,大连理工大学,罚时自动只因,丁瑞|申永琦|蔡廷漳,1,0,2,146,327,,rule_10_20_30
2022,hefei,2099202211200052,大连理工大学,暂无名,李胤驰|陈常杰|高盛轩,1,0,7,1001,58,silver,rule_10_20_30
2022,hefei,2099202211200069,东北林业大学,码路飘移,李田|蒙翔|闫东方,1,0,1,47,432,,rule_10_20_30
2022,hefei,2099202211200070,东北林业大学,线性开放,汪兴阳|潘航|赵俊博,0,0,0,0,,,rule_10_20_30
2022,hefei,2099202211200071,东北农业大学,打 ACM 两年，罚坐治好了我的电子杨伟,李子豪|盖永瑞|闫志涛,1,0,6,779,80,silver,rule_10_20_30
2022,hefei,2099202211200072,东北农业大学,四五六,刘新儒|武俊延|邵博宇,1,0,3,563,295,,rule_10_20_30
2022,hefei,2099202211200080,福建师范大学,夜幕降临,林骅|章军豪|陈坤坤,1,0,6,734,74,silver,rule_10_20_30
2022,hefei,2099202211200081,福建师范大学,禁止烧林,刘威|林泰良|茹迦怡,1,0,4,567,183,bronze,rule_10_20_30
2022,hefei,2099202211200088,复旦大学,天体交织,聂绍珩|陆佳艺|陈可汗,1,0,9,1254,13,gold,rule_10_20_30
2022,hefei,2099202211200089,复旦大学,有向无环图状数组,万欣芸|熊程远|邱欣祺,1,0,6,852,83,silver,rule_10_20_30
2022,hefei,2099202211200109,国防科技大学,自然选择号,亢世嘉|吴佳英|左传奇,1,0,9,1328,14,gold,rule_10_20_30
2022,hefei,2099202211200110,国防科技大学,超新星纪元,侯华玮|杨慕远|简泽鑫,1,0,3,531,289,,rule_10_20_30
2022,hefei,2099202211200120,哈尔滨工业大学（威海）,三世同堂,丁灏|刘高吉|唐炜堤,1,0,3,354,256,bronze,rule_10_20_30
2022,hefei,2099202211200121,哈尔滨工业大学（威海）,Hopeofthestar,刘乃铭|吕一波|柳博文,1,0,2,275,356,,rule_10_20_30
2022,hefei,2099202211200134,合肥工业大学,队伍名健康积极向上,徐泽宇|易锦均|黄枭威,1,0,6,875,85,silver,rule_10_20_30
2022,hefei,2099202211200135,合肥工业大学,还没学会,张嘉威|戴航|邓蓍颖,1,0,5,970,149,bronze,rule_10_20_30
2022,hefei,2099202211200136,合肥工业大学宣城校区,吃饱饱,张博|李军|谢炳晨,1,0,4,600,192,bronze,rule_10_20_30
2022,hefei,2099202211200137,合肥工业大学宣城校区,随便玩玩,何昕悦|唐志远|姜万磊,1,0,6,871,84,silver,rule_10_20_30
2022,hefei,2099202211200142,河北师范大学,九天揽月,伊文慧|李佳颖|罗佳琦,1,0,1,87,444,,rule_10_20_30
2022,hefei,2099202211200143,河北师范大学,算竞金三角,李元浩|程子蕴|黄家豪,1,0,1,14,393,,rule_10_20_30
2022,hefei,2099202211200156,湖南大学,相信珂学,曾逸珂|臧子健|陈莹杰,1,0,4,779,214,bronze,rule_10_20_30
2022,hefei,2099202211200157,湖南大学,物竞选手再化竞,张龙韬|朱名扬|陈叹,1,0,7,928,53,silver,rule_10_20_30
2022,hefei,2099202211200195,华中师范大学,樱吹雪,郭语|陈程|黄泓森,1,0,2,105,312,,rule_10_20_30
2022,hefei,2099202211200196,华中师范大学,可少看点二次元 8.jpg,张从政|陈屹群|黄青林,1,0,3,363,260,bronze,rule_10_20_30
2022,hefei,2099202211200487,中南大学,千帆星河,周硕|林谦豫|陈贤,1,0,6,1049,96,silver,rule_10_20_30
2022,hefei,2099202211200488,中南大学,T-34,叶则杨|李松佑|谭宇豪,1,0,3,430,275,,rule_10_20_30
2022,hefei,2099202211200489,中南大学,三菜没汤,何晨|刘翊|祖淩铠,1,0,5,738,130,silver,rule_10_20_30
2022,hefei,2099202211200204,暨南大学,什么捏？,刘泰极|王子峻|陈沛恩,1,0,3,517,287,,rule_10_20_30
2022,hefei,2099202211200205,暨南大学,速攻同调士,莫祖祥|许文豪|阮炜霖,1,0,3,168,229,bronze,rule_10_20_30
2022,hefei,2099202211200218,昆山杜克大学,好对,周轩昂|宋雨辰|杨宁远,1,0,2,220,348,,rule_10_20_30
2022,hefei,2099202211200219,昆山杜克大学,绿恶魔,刘博恩|林宇翔|袁天骏,1,0,8,1003,20,gold,rule_10_20_30
2022,hefei,2099202211200229,南昌航空大学,到底叫啥 2.0,吕锴伦|王复兴|王旻镐,1,0,5,852,140,bronze,rule_10_20_30
2022,hefei,2099202211200230,南昌航空大学,debug 都队,付海清|徐良|赖敬超,1,0,2,318,365,,rule_10_20_30
2022,hefei,2099202211200247,南京林业大学,reji3tr,祝峰楠|邢超宇|雷宇,0,0,3,437,,,rule_10_20_30
2022,hefei,2099202211200248,南京林业大学,基于 stable diffusion 的自动代码生成器,周怿翔|张友鑫|郑镐予,0,0,3,232,,,rule_10_20_30
2022,hefei,2099202211200257,南开大学,Accelerator,丁屹|刘宇航|陶垄休,1,0,4,712,210,bronze,rule_10_20_30
2022,hefei,2099202211200258,南开大学,疯狂星期天,冯宇好|胡晖|马琦,1,0,3,350,255,bronze,rule_10_20_30
2022,hefei,2099202211200293,山东大学（威海）,《摊摊手然后下班》,严一涵|毛骏奇|陈龙泽,1,0,7,1085,62,silver,rule_10_20_30
2022,hefei,2099202211200294,山东大学（威海）,灵活打铁,孙从众|王启帆|陈其轩,1,0,3,191,231,bronze,rule_10_20_30
2022,hefei,2099202211200314,上海科技大学,在世界终末的降临之日，我们的字符串题被卡常了,曹宇涵|林迦勒|白一诺,1,0,4,543,179,bronze,rule_10_20_30
2022,hefei,2099202211200315,上海科技大学,嘉然今天吃 Lycoris,张城源|胡艾博|黄磊,1,0,7,1250,66,silver,rule_10_20_30
2022,hefei,2099202211200316,上海理工大学,cf 难吗？,张沐龙|蔡钦成|饶星晨,1,0,6,961,91,silver,rule_10_20_30
2022,hefei,2099202211200317,上海理工大学,教练叫我别打铁,刘笑辰|张景彦|雷俊涛,1,0,2,380,371,,rule_10_20_30
2022,hefei,2099202211200338,四川信息职业技术学院,崽儿们加油啊,何平|刘睿超|管志伟,1,0,2,129,321,,rule_10_20_30
2022,hefei,2099202211200339,四川信息职业技术学院,为什么不队,张志诚|谢天佑|魏尧,0,0,1,50,,,rule_10_20_30
2022,hefei,2099202211200343,苏州科技大学,笨小孩,彭羽|蒋城|顾迅,1,0,2,258,353,,rule_10_20_30
2022,hefei,2099202211200344,苏州科技大学,蜘蛛侠 3 开学无归,吴晓凡|时微淳|黄泱邦,1,0,3,532,290,,rule_10_20_30
2022,hefei,2099202211200349,天津工业大学,炫我嘴里,方仕远|李俊锋|汪杰頔,1,0,2,422,377,,rule_10_20_30
2022,hefei,2099202211200350,天津工业大学,转生到异世界然后一秒 AK,王鑫瑞|贾少晨|邬程毅,1,0,1,47,432,,rule_10_20_30
2022,hefei,2099202211200361,武汉科技大学,电子竞技，菜是原罪,崔正|张子亮|樊景文,1,0,2,187,337,,rule_10_20_30
2022,hefei,2099202211200362,武汉科技大学,典一份恒好喝的胡 na 汤,孙煜恒|胡可欣|贾金,1,0,7,1066,61,silver,rule_10_20_30
2022,hefei,2099202211200371,西安交通大学,写都写了，交一发吧,周品良|杨一帆|贺睿杰,1,0,8,1050,23,gold,rule_10_20_30
2022,hefei,2099202211200372,西安交通大学,音速青年,何卓霖|夏玮钧|李纳川,1,0,6,1005,94,silver,rule_10_20_30
2022,hefei,2099202211200384,西南大学,写 bug 冲金牌,刘佳城|邵梁铖|马博涵,1,0,4,844,221,bronze,rule_10_20_30
2022,hefei,2099202211200385,西南大学,C 语言大佬,傅祥斌|张新科|韩金鹏,1,0,2,412,375,,rule_10_20_30
2022,hefei,2099202211200386,西南交通大学,站着挣钱,宋昊轩|张未希|郑星宇,1,0,7,1033,60,silver,rule_10_20_30
2022,hefei,2099202211200387,西南交通大学,劳斯浇浇我,林嘉俊|谢承志|郭欣森,1,0,4,801,219,bronze,rule_10_20_30
2022,hefei,2099202211200005,安徽工业大学,队名无所谓,万祎博|卞乐贤|戴铃涛,1,0,2,217,347,,rule_10_20_30
2022,hefei,2099202211200006,安阳工学院,各路大佬轻点锤,张哲|贾智卓|鲍小佳,1,0,2,108,313,,rule_10_20_30
2022,hefei,2099202211200398,湘潭大学,我们的教练不会猫树合并,付有鑫|梁宇|郝一鹏,1,0,4,501,172,bronze,rule_10_20_30
2022,hefei,2099202211200399,湘潭大学,先锋养猪场,吴勇|彭蔚褀|李越,1,0,3,499,282,,rule_10_20_30
2022,hefei,2099202211200403,烟台大学,提姆一二三,王振宁|艾雪飞|边明豪,1,0,2,204,341,,rule_10_20_30
2022,hefei,2099202211200404,烟台大学,应是天仙狂醉,张自强|李富康|贺宜彤,1,0,1,11,384,,rule_10_20_30
2022,hefei,2099202211200409,云南大学,爱拼才会队,杨德辉|邹星宇|郑知菲,1,0,4,786,216,bronze,rule_10_20_30
2022,hefei,2099202211200410,云南大学,【B 限】昆明速度,吴晓蒙|李明康|林逸泉,0,0,4,419,,,rule_10_20_30
2022,hefei,2099202211200416,长沙理工大学,干饭第一名,刘振林|周臻|杨韬,1,0,4,848,222,bronze,rule_10_20_30
2022,hefei,2099202211200417,长沙理工大学,老年混子队,刘康为|贺达|陈彬彬,1,0,5,999,151,bronze,rule_10_20_30
2022,hefei,2099202211200420,浙大城市学院,乱拳打死老师傅,沈昕哲|王磊|褚锦威,1,0,5,501,110,silver,rule_10_20_30
2022,hefei,2099202211200421,浙大城市学院,脑子来点作用啊,胡致文|邱浩然|高翔历,1,0,2,117,318,,rule_10_20_30
2022,hefei,2099202211200423,浙江财经大学,寒星孤月,冯裕钵|徐海天|陈启亮,1,0,4,793,217,bronze,rule_10_20_30
2022,hefei,2099202211200424,浙江财经大学,读题困难户,劳佳鸿|肖惟宸|黄泳泉,1,0,3,327,249,bronze,rule_10_20_30
2022,hefei,2099202211200449,浙江万里学院,我们仍未知道那天的题是否 AC,余欣达|郭雨欣|齐祖康,1,0,3,621,301,,rule_10_20_30
2022,hefei,2099202211200450,浙江万里学院,为了你我变成狼人模样,侯睿远|董浩义|赵大卫,1,0,1,90,446,,rule_10_20_30
2022,hefei,2099202211200463,中国地质大学（北京）,队名已隐藏,万楹凯|侯雨婷|纪永辉,1,0,4,610,194,bronze,rule_10_20_30
2022,hefei,2099202211200464,中国地质大学（北京）,Unbengable,吴坚|李龙洲|马增宸,1,0,2,141,324,,rule_10_20_30
2022,hefei,2099202211200465,中国地质大学（武汉）,先做 M 题,刘剑峰|曹世杰|秦浩然,1,0,3,285,240,bronze,rule_10_20_30
2022,hefei,2099202211200466,中国地质大学（武汉）,基因重组,彭胤伦|朱轩宇|汪润东,1,0,2,214,345,,rule_10_20_30
2022,hefei,2099202211200468,中国计量大学,你所热爱的,张迅驰|梁孜祺|汪埕浩,1,0,6,773,78,silver,rule_10_20_30
2022,hefei,2099202211200469,中国计量大学,带恶人组织,杨亦栋|苗先涛|金志韬,1,0,5,936,147,bronze,rule_10_20_30
2022,hefei,2099202211200485,中国石油大学（华东）,鱼,尚博文|罗道斌|鲁家豪,1,0,3,346,252,bronze,rule_10_20_30
2022,hefei,2099202211200486,中国石油大学（华东）,白铃女子学院,徐锦洋|王川|陈恺毅,1,0,8,1183,28,gold,rule_10_20_30
2022,hefei,2099202211200491,中南民族大学,加入光荣的退役吧！,李雪松|罗巧如|闪陆易,1,0,2,122,320,,rule_10_20_30
2022,hefei,2099202211200492,中南民族大学,果冻三剑客,刘新|刘时胜|周治峰,0,0,2,288,,,rule_10_20_30
2022,hefei,2099202211200498,重庆大学,狂风之力,王冀鲁|黄思源|黄锐,1,0,7,918,52,silver,rule_10_20_30
2022,hefei,2099202211200499,重庆大学,云梦泽,刘柄宏|吴窦辉|张一鸣,1,0,3,675,303,,rule_10_20_30
2022,hefei,2099202211200500,重庆邮电大学,吃,封昊杰|崔子龙|辜飞云,1,0,6,1128,101,silver,rule_10_20_30
2022,hefei,2099202211200501,重庆邮电大学,香菜凤仁鸡食不食,杨博松|林信劼|陈浩如,1,0,3,383,267,bronze,rule_10_20_30
2022,hefei,2099202211200018,北京化工大学,红绿灯,曾朴凡|李佩峰|熊伟,1,0,5,659,121,silver,rule_10_20_30
2022,hefei,2099202211200019,北京化工大学,三人两伞,曾梓勋|梁凯星|洪枢适,1,0,6,419,68,silver,rule_10_20_30
2022,hefei,2099202211200126,杭州电子科技大学,杭电 4 队,柴汉锋|赵章恺|高义雄,1,0,10,1290,6,gold,rule_10_20_30
2022,hefei,2099202211200127,杭州电子科技大学,杭电 9 队,余智超|周宁|范天奇,1,0,8,1126,25,gold,rule_10_20_30
2022,hefei,2099202211200128,杭州电子科技大学,杭电 13 队,杨卓|汪佳敏|王喆阳,1,0,6,1284,104,silver,rule_10_20_30
2022,hefei,2099202211200129,杭州电子科技大学,杭电 10 队,方博|杜志远|王子习,1,0,8,970,18,gold,rule_10_20_30
2022,hefei,2099202211200130,杭州师范大学,抹茶不拿铁,孙于晴|李齐|陈洁,1,0,3,414,273,,rule_10_20_30
2022,hefei,2099202211200131,杭州师范大学,l0afer,夏阳|李力|陈泓昕,1,0,3,135,228,bronze,rule_10_20_30
2022,hefei,2099202211200132,杭州师范大学,报名那一天我监考了 114514 个 oi 爷,殷吴辉|王图南|陈科舟,1,0,4,856,223,bronze,rule_10_20_30
2022,hefei,2099202211200133,杭州师范大学,今天打鱼,戴泽耀|李书培|潘志程,1,0,2,175,335,,rule_10_20_30
2022,hefei,2099202211200179,华南理工大学,香精蕨菜,余梓灏|梁耀威|陈漫璟,1,0,6,879,86,silver,rule_10_20_30
2022,hefei,2099202211200180,华南理工大学,不如暴搜,张恭利|李浩锋|萧嘉健,1,0,5,903,144,bronze,rule_10_20_30
2022,hefei,2099202211200181,华南理工大学,我的 AC 方法果然有问题,尹广皓|张闻杰|谢锴东,1,0,4,636,198,bronze,rule_10_20_30
2022,hefei,2099202211200182,华南理工大学,芝士雪豹锐五,刘鸿飞|李文轩|邓景良,1,0,4,420,163,bronze,rule_10_20_30
2022,hefei,2099202211200186,华南师范大学,你说的队,李梓健|植欣彤|马吴越,0,0,2,191,,,rule_10_20_30
2022,hefei,2099202211200187,华南师范大学,扶戈威武士,甘一伟|郑子荣|陆锦浩,1,0,3,365,263,bronze,rule_10_20_30
2022,hefei,2099202211200188,华南师范大学,123456,沈金辉|胡耀文|陈沛桐,1,0,2,413,376,,rule_10_20_30
2022,hefei,2099202211200189,华南师范大学,菜狗冲锋,刘源|卢泓钢|曾嘉杰,1,0,3,450,279,,rule_10_20_30
2022,hefei,2099202211200236,南京大学,admax,吴煜青|杜星语|陆青阳,1,0,8,986,19,gold,rule_10_20_30
2022,hefei,2099202211200237,南京大学,虚幻黄昏,丁天行|单启程|欧丰宁,1,0,7,607,43,gold,rule_10_20_30
2022,hefei,2099202211200238,南京大学,黎明觉醒,刘朗麒|林荣恩|陈晓,1,0,9,1403,15,gold,rule_10_20_30
2022,hefei,2099202211200239,南京大学,生瓜蛋子,张天钰|张成禹|颜树,1,0,6,798,81,silver,rule_10_20_30
2022,hefei,2099202211200240,南京航空航天大学,航专没有开封菜,徐敬|施文韬|王锴,1,0,5,823,136,silver,rule_10_20_30
2022,hefei,2099202211200241,南京航空航天大学,芝士雪豹,田坤|董文|蒋一杭,1,0,1,20,414,,rule_10_20_30
2022,hefei,2099202211200242,南京航空航天大学,在 ICPC 中寻求 WA 并没有搞错什么,任衍硕|吕俊琪|姚远,1,0,7,1126,63,silver,rule_10_20_30
2022,hefei,2099202211200243,南京航空航天大学,队名不可为空,丁希宸|张正烨|赵谷井,1,0,3,376,265,bronze,rule_10_20_30
2022,hefei,2099202211200253,南京邮电大学,收收心找个电子厂上班了,冯一帆|张禹健|文超航,1,0,6,606,71,silver,rule_10_20_30
2022,hefei,2099202211200254,南京邮电大学,守家大队,岳鹏宇|陈尽微|魏启峰,1,0,5,850,139,bronze,rule_10_20_30
2022,hefei,2099202211200255,南京邮电大学,自动 AC,李骥昀|王泊宁|黄问远,1,0,4,673,204,bronze,rule_10_20_30
2022,hefei,2099202211200256,南京邮电大学,AC 要在世界征服后,夏铭浩|曹智宇|龚志桓,1,0,1,15,397,,rule_10_20_30
2022,hefei,2099202211200013,北京工业大学,V50 吃疯狂星期四,余佳珉|刘海天|王钟楠,1,0,3,317,244,bronze,rule_10_20_30
2022,hefei,2099202211200020,北京建筑大学,翻译服务器错误,王家晟|韩牧云|齐思恺,1,0,7,712,46,gold,rule_10_20_30
2022,hefei,2099202211200030,北京联合大学,贷款八百来签到,万艺|张明昊|熊逸康,1,0,1,17,402,,rule_10_20_30
2022,hefei,2099202211200044,常熟理工学院,球球题面好读一点,严俊华|常博豪|徐柔,1,0,4,679,206,bronze,rule_10_20_30
2022,hefei,2099202211200045,成都大学,银背大猩猩,向家瑞|唐国超|李豪,1,0,0,0,452,,rule_10_20_30
2022,hefei,2099202211200046,成都东软学院,神头鬼脸,余晨|刘枭|谈世林,1,0,2,462,380,,rule_10_20_30
2022,hefei,2099202211200047,成都理工大学,队名为菜,刘昊琨|吴运徽|粟生虎,1,0,5,671,124,silver,rule_10_20_30
2022,hefei,2099202211200048,成都信息工程大学,自动 wawa 机,周博文|胡峻搏|黄俊杰,1,0,2,305,362,,rule_10_20_30
2022,hefei,2099202211200049,大连大学,活着 AC,刘逸飞|郭涵涛|魏恒彬,1,0,4,626,197,bronze,rule_10_20_30
2022,hefei,2099202211200050,大连海事大学,风花雪月 2.0,王瑄|谢宏杰|邱家兴,1,0,4,763,213,bronze,rule_10_20_30
2022,hefei,2099202211200073,东华大学,不可视境界线,刘青山|方荥荣|黄城帆,1,0,4,636,198,bronze,rule_10_20_30
2022,hefei,2099202211200078,福建工程学院,太难了姐,刘婧茹|薛振松|邱奕涵,1,0,2,117,318,,rule_10_20_30
2022,hefei,2099202211200079,福建农林大学,重生之我是懒狗,兰宇平|林新煜|陈心桥,0,0,4,411,,,rule_10_20_30
2022,hefei,2099202211200086,福州职业技术学院,小甜妹不想难铜,王东|郭泽楷|陈国坤,1,0,2,276,357,,rule_10_20_30
2022,hefei,2099202211200087,阜阳师范大学,五彩斑斓的黑,汪梓豪|胡伟|胡召鑫,1,0,2,113,316,,rule_10_20_30
2022,hefei,2099202211200090,广东财经大学,练习时长两年半,朱钦瀚|谢佳源|陈一柱,1,0,1,19,410,,rule_10_20_30
2022,hefei,2099202211200091,广东东软学院,三个寄俩,余青城|罗宇聪|黎亮,1,0,3,388,269,bronze,rule_10_20_30
2022,hefei,2099202211200097,广东工业大学揭阳校区,GDUTJY_天依不加糖,袁畅|钟鸣|黄子扬,1,0,3,283,239,bronze,rule_10_20_30
2022,hefei,2099202211200098,广东外语外贸大学,满燕二神带一 fw,张艺冬|肖美满|蒋志燕,1,0,2,158,329,,rule_10_20_30
2022,hefei,2099202211200099,广西大学,sakana，你让我陷入疯狂！,孙城涛|洪越|蓝秋雨,1,0,2,113,316,,rule_10_20_30
2022,hefei,2099202211200100,广西民族大学,无语了,吕继民|杨子龙|王志贤,1,0,3,321,247,bronze,rule_10_20_30
2022,hefei,2099202211200101,广西师范大学,不喝拿铁就不会拿铁,伍嘉庆|喻诗媛|杨康发,1,0,1,15,397,,rule_10_20_30
2022,hefei,2099202211200102,广州城市理工学院,A 一题就算赢,丘瑞|张丰威|钟太豪,1,0,1,36,424,,rule_10_20_30
2022,hefei,2099202211200106,广州南方学院,狂怒 2,曾昱恺|梅振豪|陈泓达,1,0,1,178,450,,rule_10_20_30
2022,hefei,2099202211200107,广州软件学院,秋叶原女仆团,姚灏坤|徐若鹏宇|蔡骏芃,1,0,1,20,414,,rule_10_20_30
2022,hefei,2099202211200108,桂林电子科技大学,《事已至此，只好自爆了》,彭鸿祥|李学诚|陈星宇,1,0,5,889,141,bronze,rule_10_20_30
2022,hefei,2099202211200125,韩山师范学院,玫瑰常开警告常在,刘荣铭|潘坤坡|陆泓宇,1,0,1,16,400,,rule_10_20_30
2022,hefei,2099202211200138,合肥学院,想要变成猫猫虫,朱艺杭|葛新雨|马云龙,1,0,4,542,178,bronze,rule_10_20_30
2022,hefei,2099202211200139,河北工程大学,回车巷,吴琦航|孙宏涛|王有为,1,0,0,0,452,,rule_10_20_30
2022,hefei,2099202211200140,河北经贸大学,玛玛哈哈,张安吉|祁晓雨|赵聪聪,1,0,1,63,437,,rule_10_20_30
2022,hefei,2099202211200141,河北科技大学,裕翔街敢死队,孟德仁|贾泽禹|郭京航,1,0,1,98,448,,rule_10_20_30
2022,hefei,2099202211200144,河海大学,宽容我猫猫一二,余一鸣|张时钊|郁冰哲,1,0,3,439,278,,rule_10_20_30
2022,hefei,2099202211200145,河南财政金融学院,十亿少女的梦,张一恒|王世创|黄志博,1,0,4,918,226,bronze,rule_10_20_30
2022,hefei,2099202211200146,河南大学,IEEE754,刘挺屹|吴浩然|张宇,1,0,4,602,193,bronze,rule_10_20_30
2022,hefei,2099202211200147,河南理工大学,三人成行,孙超强|张腾|要霖清,1,0,4,410,161,bronze,rule_10_20_30
2022,hefei,2099202211200148,河南农业大学,甜牛奶店,李运超|来锋|王焕章,1,0,5,707,129,silver,rule_10_20_30
2022,hefei,2099202211200149,河南师范大学,机你太美,刘勇杰|宁子涵|张童童,1,0,1,25,417,,rule_10_20_30
2022,hefei,2099202211200150,黑龙江大学,计算只因专业高材生,杨启欣|王子旭|邱胜立,1,0,2,451,379,,rule_10_20_30
2022,hefei,2099202211200151,黑龙江科技大学,在 ICPC 中寻求 AC 是否搞错了什么,姜鹏飞|梁傲雪|陈习佳,1,0,1,18,405,,rule_10_20_30
2022,hefei,2099202211200152,衡阳师范学院,无留意,文福强|王方涵|肖哲,1,0,3,388,269,bronze,rule_10_20_30
2022,hefei,2099202211200153,湖北工业大学,Random(name),徐億祥|贺鑫宇|颜潇冉,1,0,5,783,132,silver,rule_10_20_30
2022,hefei,2099202211200154,湖北中医药大学,巧克力三重奏,万宇恒|李嘉颖|陈俊杰,1,0,1,36,424,,rule_10_20_30
2022,hefei,2099202211200155,湖南城市学院,KFC 三人篮球,申皓民|盛凌峰|谢林宏,1,0,3,397,272,,rule_10_20_30
2022,hefei,2099202211200158,湖南工学院,队长四级没过,刘坤|周传|胡梦泽,1,0,2,133,322,,rule_10_20_30
2022,hefei,2099202211200159,湖南工业大学,ac 咖啡馆,朱翰雯|王恒|郭嘉鑫,1,0,5,749,131,silver,rule_10_20_30
2022,hefei,2099202211200160,湖南科技大学,喵喵队也要拿出真本事,周林锋|朱宏烨|李映飞,1,0,5,506,111,silver,rule_10_20_30
2022,hefei,2099202211200161,湖南科技学院,车拉马,朱祎文|李公全|李顺龙,1,0,3,364,261,bronze,rule_10_20_30
2022,hefei,2099202211200162,湖南理工学院,WA，你很有希望,向杰|李居航|李维逸,1,0,4,503,173,bronze,rule_10_20_30
2022,hefei,2099202211200163,湖南农业大学,重振湘农荣光,唐扬|曾钰倬|李杰,1,0,3,382,266,bronze,rule_10_20_30
2022,hefei,2099202211200164,湖南人文科技学院,小李飞刀,李循聪|李科|李金广,1,0,1,23,416,,rule_10_20_30
2022,hefei,2099202211200165,湖南涉外经济学院,AC 自动机不能自动 AC,李茂清|罗新新|黄再浥,1,0,3,511,285,,rule_10_20_30
2022,hefei,2099202211200169,湖南中医药大学,触底反弹,廖世兴|李思齐|欧阳亨杰,1,0,1,89,445,,rule_10_20_30
2022,hefei,2099202211200173,湖州学院,想要个牌,孙禄毅|朱鑫燚|蓝忠杰,1,0,3,302,241,bronze,rule_10_20_30
2022,hefei,2099202211200174,华北理工大学,径挽天河,冀明浩|吴懋奇|赵卓,1,0,1,17,402,,rule_10_20_30
2022,hefei,2099202211200175,华东交通大学,愚者,刘俊威|张明辉|赵志豪,1,0,2,94,310,,rule_10_20_30
2022,hefei,2099202211200190,华侨大学,红日初升,徐聪|赵雨扬|郑量,1,0,8,1168,27,gold,rule_10_20_30
2022,hefei,2099202211200194,华中农业大学,给个牌子,李俊松|赵彬波|邵晨曦,1,0,3,762,306,,rule_10_20_30
2022,hefei,2099202211200197,淮北师范大学,拔剑能留住落樱吗,曹毅|潘宝杰|王俊辉,1,0,1,14,393,,rule_10_20_30
2022,hefei,2099202211200198,惠州学院,永远的难题,刘柯炜|吴观华|张恒,1,0,4,817,220,bronze,rule_10_20_30
2022,hefei,2099202211200202,吉首大学,重生之非常 2+1,吴钿俊|文凯|易松杰,1,0,1,36,424,,rule_10_20_30
2022,hefei,2099202211200203,集美大学,for++,吴杰|周鑫|陈煜晗,1,0,2,245,351,,rule_10_20_30
2022,hefei,2099202211200206,嘉应学院,神狗之争,蔡创昇|袁锐涛|颜朝杰,1,0,2,188,338,,rule_10_20_30
2022,hefei,2099202211200207,江南大学,远坂凛粉丝队,何云康|张逍遥|陈云豪,1,0,4,436,166,bronze,rule_10_20_30
2022,hefei,2099202211200208,江苏科技大学,小伙子你那什么车啊,周文杰|朱庆壁|郭杰良,1,0,3,465,280,,rule_10_20_30
2022,hefei,2099202211200209,江苏理工学院,正在加载中,刘怡|孙家伟|齐智暄,1,0,1,75,442,,rule_10_20_30
2022,hefei,2099202211200210,江西财经大学,逐梦,何洋|王玛琪|石翰林,1,0,4,795,218,bronze,rule_10_20_30
2022,hefei,2099202211200211,江西科技学院,清影耀阳,周文杰|桑柳剑|鲍冠松,1,0,2,167,330,,rule_10_20_30
2022,hefei,2099202211200212,江西理工大学,撒网捕鱼,何旭铖|李鑫涛|汪一林,1,0,4,510,175,bronze,rule_10_20_30
2022,hefei,2099202211200216,金陵科技学院,铁牌也是牌,张锦森|汪文鹏|邱若愚,1,0,1,8,381,,rule_10_20_30
2022,hefei,2099202211200217,井冈山大学,大国铁匠,刘宇生|吴传民|周昕雨,1,0,2,92,309,,rule_10_20_30
2022,hefei,2099202211200223,乐山师范学院,佳洁士,杜佳蔚|陈思燃|魏杰,1,0,1,44,428,,rule_10_20_30
2022,hefei,2099202211200224,辽宁大学,三核单线程,沙茂林|白嘉奕|苟智杰,1,0,2,220,348,,rule_10_20_30
2022,hefei,2099202211200225,辽宁工程技术大学,太阳石之光,艾荣成|韦海桑|魏翔飞,1,0,1,93,447,,rule_10_20_30
2022,hefei,2099202211200226,临沂大学,俯瞰风景,李善杰|王恒|董欣悦,1,0,4,540,177,bronze,rule_10_20_30
2022,hefei,2099202211200227,闽南师范大学,阿尼亚今天 wakuwaku,梁国栋|沈汉强|郭雷,1,0,4,651,201,bronze,rule_10_20_30
2022,hefei,2099202211200228,南昌大学,最后的战役,周逸云|欧阳真真|赵赟,1,0,5,890,142,bronze,rule_10_20_30
2022,hefei,2099202211200231,南昌理工学院,啾咪,刘谦|李菁|莫浩东,1,0,3,355,257,bronze,rule_10_20_30
2022,hefei,2099202211200232,南昌职业大学,果冻三剑客,李祥龙|江志辉|肖展斌,1,0,1,10,383,,rule_10_20_30
2022,hefei,2099202211200249,南京晓庄学院,雪豹我们上,伍锦融|朱鑫磊|陶志诚,1,0,2,323,366,,rule_10_20_30
2022,hefei,2099202211200259,南阳理工学院,队友上机我开摆,张暮冉|李岩|梁儒冰,1,0,5,966,148,bronze,rule_10_20_30
2022,hefei,2099202211200263,宁波工程学院,火符,赵宇杰|钟海水|陈琦烨,1,0,2,193,340,,rule_10_20_30
2022,hefei,2099202211200264,平顶山学院,做梦都在 wa,张驰|段银辉|马宜洛,1,0,1,13,389,,rule_10_20_30
2022,hefei,2099202211200268,齐齐哈尔大学,摆,伍梓亮|焦易凡|王宇,1,0,1,45,430,,rule_10_20_30
2022,hefei,2099202211200276,青岛农业大学,完美世界 AC 平台,李沛恒|蒋炎光|逄晓东,1,0,1,69,440,,rule_10_20_30
2022,hefei,2099202211200281,曲阜师范大学,数学天才 zj,于海艇|许文然|赵一钒,1,0,1,29,421,,rule_10_20_30
2022,hefei,2099202211200282,三峡大学,扩散模型,戴子韬|熊庭|魏荐书,1,0,2,144,326,,rule_10_20_30
2022,hefei,2099202211200286,厦门大学嘉庚学院,红豆泥私密马赛,张申庚|徐邱骏|江朝立,1,0,3,604,299,,rule_10_20_30
2022,hefei,2099202211200287,厦门理工学院,绝好调,杨晨曦|赖荣峰|黄鸿,1,0,1,17,402,,rule_10_20_30
2022,hefei,2099202211200288,山东财经大学,不会 dp,于瑞寒|吴青原|辛政沅,1,0,2,347,369,,rule_10_20_30
2022,hefei,2099202211200295,山东工商学院,时间超限,张乐康|李旭|王成魁,1,0,1,27,419,,rule_10_20_30
2022,hefei,2099202211200296,山东科技大学,布拉顿号,侯祥晨|李来利|王鑫,1,0,2,212,344,,rule_10_20_30
2022,hefei,2099202211200300,山东女子学院,不爆零就是赢,乔彬|张兆义|黑乃骁,1,0,1,51,434,,rule_10_20_30
2022,hefei,2099202211200301,山东师范大学,蒙古上单,于健|代江坤|李永杰,1,0,4,1091,227,bronze,rule_10_20_30
2022,hefei,2099202211200302,汕头大学,问问评测姬,潘啟华|潘锦华|莫泽豪,1,0,2,443,378,,rule_10_20_30
2022,hefei,2099202211200303,上海财经大学,拿个铜就队,应梓杰|李要|雒勖博,1,0,1,14,393,,rule_10_20_30
2022,hefei,2099202211200308,上海海事大学,不擅长起名困难症,潘飞扬|薛津麒|骆明宇,1,0,2,152,328,,rule_10_20_30
2022,hefei,2099202211200309,上海海洋大学,海绵宝宝,史沐青|谢澄|谭志良,1,0,2,183,336,,rule_10_20_30
2022,hefei,2099202211200318,韶关学院,美少女战士,康丁魁|童浩轩|黎国雄,1,0,3,430,275,,rule_10_20_30
2022,hefei,2099202211200319,邵阳学院,模拟退队,曾杰|邓旗龙|黄琪航,1,0,1,57,436,,rule_10_20_30
2022,hefei,2099202211200330,深圳职业技术学院,宝宝巴士,姜家圆|招青帆|肖佳琪,1,0,1,8,381,,rule_10_20_30
2022,hefei,2099202211200331,沈阳航空航天大学,诗酒乘兴,张子阳|李清任|陈圣鹏,1,0,2,141,324,,rule_10_20_30
2022,hefei,2099202211200332,沈阳化工大学,GUTS,易朝玺|罗熙洋|郭晟成,1,0,1,12,387,,rule_10_20_30
2022,hefei,2099202211200333,沈阳师范大学,样例过了就算队,何曾洁|朱少泽|汪咨安,1,0,2,305,362,,rule_10_20_30
2022,hefei,2099202211200334,石家庄铁道大学,破浪队,刘梦阳|程智宇|赵宇康,1,0,0,0,452,,rule_10_20_30
2022,hefei,2099202211200345,台州学院,废物 remake 重开人生模拟,孙铭迪|许世豪|黄嘉骏,1,0,2,267,355,,rule_10_20_30
2022,hefei,2099202211200354,温州大学,星空漫步,杨德曙|谢嘉璇|谢渚光,1,0,4,651,201,bronze,rule_10_20_30
2022,hefei,2099202211200355,武昌首义学院,一棵生成树,肖诺|胡跃北|袁辰,1,0,1,247,451,,rule_10_20_30
2022,hefei,2099202211200359,武汉纺织大学,锟斤拷烫烫烫,杨沛霖|杨硕|种佳琪,1,0,4,667,203,bronze,rule_10_20_30
2022,hefei,2099202211200360,武汉工程大学,mt19937,刘超|樊长冰|符轩豪,1,0,3,322,248,bronze,rule_10_20_30
2022,hefei,2099202211200366,武汉商学院,天才妖精能读懂出题人想法吗,熊子豪|贾锐哲|马锦琦,1,0,2,168,332,,rule_10_20_30
2022,hefei,2099202211200373,西安理工大学,德鲁比,徐浩然|赵铭骏|金钰奇,1,0,6,1093,99,silver,rule_10_20_30
2022,hefei,2099202211200374,西北大学,只因械键盘,吴桐|孙潇桐|施宇杰,1,0,4,676,205,bronze,rule_10_20_30
2022,hefei,2099202211200382,西藏民族大学,秦汉 3,徐文华|胡鑫|陈曦,1,0,1,84,443,,rule_10_20_30
2022,hefei,2099202211200383,西南财经大学,乌漆嘛黑,周萧|朱承浩|杨睿,1,0,1,18,405,,rule_10_20_30
2022,hefei,2099202211200388,西南科技大学,劲脆铁牌堡,刘雨凡|张智韬|袁志伟,1,0,3,589,296,,rule_10_20_30
2022,hefei,2099202211200392,西南石油大学,队名想好了吗,梅琦|黄逸飞|黄馨月,1,0,1,16,400,,rule_10_20_30
2022,hefei,2099202211200393,香港城市大学,九龙塘妙妙屋,何禹|余喆涵|郑上锟,1,0,4,707,209,bronze,rule_10_20_30
2022,hefei,2099202211200394,香港科技大学,Void,段钦凯|王奕程|高之檬,1,0,4,548,180,bronze,rule_10_20_30
2022,hefei,2099202211200400,信息工程大学,信大打铁人,余永哲|周逸群|李飞扬,1,0,3,267,237,bronze,rule_10_20_30
2022,hefei,2099202211200401,信阳师范学院,信阳师范学院队,胡嘉兴|胡嘉兴|胡嘉兴,1,0,3,420,274,,rule_10_20_30
2022,hefei,2099202211200402,徐州工程学院,啪得一下就过了,刘通|张恒|温文杰,1,0,2,214,345,,rule_10_20_30
2022,hefei,2099202211200405,延安大学西安创新学院,H&L,何双琦|侯智勇|李克,1,0,1,144,449,,rule_10_20_30
2022,hefei,2099202211200406,盐城工学院,拿不到牌全单身,张涛|曹鑫|韩逸凡,1,0,3,608,300,,rule_10_20_30
2022,hefei,2099202211200407,燕山大学,为了实现最后的梦想,李壮壮|贾国良|马信宏,1,0,3,653,302,,rule_10_20_30
2022,hefei,2099202211200408,宜春学院,恭喜以上队伍,朱凯俊|童宗锐|蔡锦骁,1,0,1,13,389,,rule_10_20_30
2022,hefei,2099202211200411,长安大学,这个厨房并非势均力敌，有三个厨师正在做饭,李嘉良|杨茂|石瑶,1,0,4,481,170,bronze,rule_10_20_30
2022,hefei,2099202211200412,长春工业大学,不拿金牌就寄了,余欢欢|王闯|郭畅,1,0,2,297,360,,rule_10_20_30
2022,hefei,2099202211200418,长沙学院,谷粒多,张孝玉|徐小龙|戴志翔,1,0,3,206,232,bronze,rule_10_20_30
2022,hefei,2099202211200419,肇庆学院,北岭四队,杨明邦|陈凯鑫|陈炜斌,1,0,2,207,342,,rule_10_20_30
2022,hefei,2099202211200422,浙大宁波理工学院,哪个队,吴承丞|郑馨悦|陈铮,1,0,4,565,182,bronze,rule_10_20_30
2022,hefei,2099202211200437,浙江科技学院,重庆鸡公煲,丁好|卢超翼|蒋银帆,1,0,3,332,250,bronze,rule_10_20_30
2022,hefei,2099202211200451,浙江育英职业技术学院,憨憨小纵队,丁家俊|何宇泽|李铭宇,1,0,1,66,438,,rule_10_20_30
2022,hefei,2099202211200452,浙江中医药大学,ZCMU-胖头切丁味更佳,丁陈晨|梁禹|贺佳,1,0,1,19,410,,rule_10_20_30
2022,hefei,2099202211200462,中国传媒大学,不摆烂就,李明|李瑾熠|蔡雨薇,1,0,1,14,393,,rule_10_20_30
2022,hefei,2099202211200467,中国海洋大学,树上的鸟儿成双队,冯钰恒|李宏博|李睿杰,1,0,2,395,374,,rule_10_20_30
2022,hefei,2099202211200474,中国科学院大学,骑士与龙,栗祺菁|楼持恒|胡景佩,1,0,7,897,50,silver,rule_10_20_30
2022,hefei,2099202211200478,中国矿业大学（北京）,无敌鲨嘴炮,刘柯|褚瑞林|陶澍,1,0,1,45,430,,rule_10_20_30
2022,hefei,2099202211200479,中国矿业大学徐海学院,码代点写多能是不是你名队读这在间时有,刘学军|谢骏|陆闽杰,1,0,1,18,405,,rule_10_20_30
2022,hefei,2099202211200484,中国农业大学,农大之光,张正博|李晗|郑翰,1,0,1,35,423,,rule_10_20_30
2022,hefei,2099202211200490,中南林业科技大学,中南林业科技大学 1 队,周海勇|舒莳英|雷阳,1,0,4,641,200,bronze,rule_10_20_30
2022,hefei,2099202211200497,中原工学院,放手一搏,李传坤|程子函|郭栋,1,0,3,213,233,bronze,rule_10_20_30
2022,hefei,2099202211200502,周口师范学院,WA2,买琮文|刘博|贾文婷,1,0,4,906,225,bronze,rule_10_20_30
2022,hefei,2099202211200503,大连理工大学盘锦校区,先 A 一题,张元楚|罗艺翔|赵梦宇,1,0,1,19,410,,rule_10_20_30
2022,shenyang,2099202211060013,北方工业大学,好坏小姐,何瀛龙|王北辰|郭志坚,1,0,3,385,372,bronze,rule_10_20_30
2022,shenyang,2099202211060014,北方工业大学,好运来,于新程|刘桁铭|林达华,1,0,3,520,398,bronze,rule_10_20_30
2022,shenyang,2099202211060015,北方工业大学,996,刘铂|李昶鸿|郑元兴,1,0,2,77,478,,rule_10_20_30
2022,shenyang,2099202211060019,北京大学,大黄鸭信徒,孙嘉伟|张记僖|陈知轩,1,0,7,695,2,gold,rule_10_20_30
2022,shenyang,2099202211060020,北京大学,睿睿过年写 lct,李承涛|李新年|瞿睿,1,0,6,942,14,gold,rule_10_20_30
2022,shenyang,2099202211060021,北京大学,啊对对队,冯子康|杜少龙|郭劲豪,1,0,3,344,337,bronze,rule_10_20_30
2022,shenyang,2099202211060022,北京大学,cxk,张开泰|袁晓坤|陈伯轩,1,0,5,881,43,gold,rule_10_20_30
2022,shenyang,2099202211060023,北京大学,不是很菜,林思旭|王晟帆|陈益磊,1,0,5,660,34,gold,rule_10_20_30
2022,shenyang,2099202211060079,电子科技大学中山学院,文君志鸿 2022,吴宝|林国杰|陈佳宝,1,0,3,195,193,silver,rule_10_20_30
2022,shenyang,2099202211060080,电子科技大学中山学院,牛肉干 2 队,张涛|赖宇峰|黄李达,1,0,2,148,554,,rule_10_20_30
2022,shenyang,2099202211060081,电子科技大学中山学院,牛肉干 3 队,丁子涵|蔡远立|陈灿跃,1,0,3,367,360,bronze,rule_10_20_30
2022,shenyang,2099202211060082,电子科技大学中山学院,牛肉干 4 队,邓振杰|陈梦奇|齐浩均,0,0,2,97,,,rule_10_20_30
2022,shenyang,2099202211060083,电子科技大学中山学院,牛肉干 5 队,李汶博|林崇宪|樊洪源,0,0,2,37,,,rule_10_20_30
2022,shenyang,2099202211060084,电子科技大学中山学院,牛肉干 6 队,彭炫瑜|杨嘉杰|陈晓志,0,0,2,145,,,rule_10_20_30
2022,shenyang,2099202211060159,哈尔滨工业大学（深圳）,裁雨留虹,伍华东|周大福|陈识曲,1,0,4,611,151,silver,rule_10_20_30
2022,shenyang,2099202211060160,哈尔滨工业大学（深圳）,机房老人,井然|周熙言|李源,1,0,4,346,57,gold,rule_10_20_30
2022,shenyang,2099202211060161,哈尔滨工业大学（深圳）,AE 钙奶,夏鸿博|曹海东|高硕豪,1,0,2,83,488,,rule_10_20_30
2022,shenyang,2099202211060162,哈尔滨工业大学（深圳）,请求起飞,慎乐阳|王柣骁|骆天赐,1,0,2,47,431,,rule_10_20_30
2022,shenyang,2099202211060163,哈尔滨工业大学（深圳）,穷穿越,房煊梓|焦小倩|缪欣蓉,1,0,1,10,671,,rule_10_20_30
2022,shenyang,2099202211060488,苏州大学,驯服流星,杨哲元|柯骅|陈夫瑞,1,0,4,537,130,silver,rule_10_20_30
2022,shenyang,2099202211060489,苏州大学,韩氏空指针上可持久化雨自动机,周逸扬|李承庚|赵鹏,1,0,3,275,270,bronze,rule_10_20_30
2022,shenyang,2099202211060490,苏州大学,啊对对队,杜林轩|杨宇博|王汛,1,0,2,79,480,,rule_10_20_30
2022,shenyang,2099202211060491,苏州大学,优雅，太优雅了,姜子健|胡驭|薛广泉,0,0,2,240,,,rule_10_20_30
2022,shenyang,2099202211060492,苏州大学,勇不摆烂,何宇涛|周夏卿|陈泽豪,0,0,3,297,,,rule_10_20_30
2022,shenyang,2099202211060493,苏州大学,Blowback,周骁逸|王宇轩|简嘉瑶,0,0,4,446,,,rule_10_20_30
2022,shenyang,2099202211060603,长春理工大学,龙神神龙,任鑫|铁博文|魏龙飞,1,0,4,498,112,silver,rule_10_20_30
2022,shenyang,2099202211060604,长春理工大学,繁星,姚祥辉|潘奕霖|陈奕帆,1,0,3,329,318,bronze,rule_10_20_30
2022,shenyang,2099202211060605,长春理工大学,虎哥哥虎,刘万超|杜雨轩|毕翔伟,1,0,4,598,149,silver,rule_10_20_30
2022,shenyang,2099202211060606,长春理工大学,啊耶,丁雨时|石苗卉|赵慧敏,1,0,2,102,511,,rule_10_20_30
2022,shenyang,2099202211060607,长春理工大学,随便,何铭洋|李新康|范泽涛,0,0,2,288,,,rule_10_20_30
2022,shenyang,2099202211060608,长春理工大学,一觉醒来我成了螺蛳粉,刘付萍|胡兵|黄靖,0,0,2,141,,,rule_10_20_30
2022,shenyang,2099202211060175,杭州电子科技大学,杭电 1 队,尹吴潇|戴志炜|赵政和,1,0,6,612,7,gold,rule_10_20_30
2022,shenyang,2099202211060176,杭州电子科技大学,杭电 3 队,周栋|周靖涵|黄子梁,1,0,4,309,49,gold,rule_10_20_30
2022,shenyang,2099202211060177,杭州电子科技大学,杭电 7 队,林圣钬|林炜钦|赵铁囝,1,0,5,633,30,gold,rule_10_20_30
2022,shenyang,2099202211060178,杭州电子科技大学,杭电 9 队,余智超|周宁|范天奇,1,0,3,252,249,bronze,rule_10_20_30
2022,shenyang,2099202211060179,杭州电子科技大学,杭电女 1 队,刘梦茵|祁影影|陈姿颖,1,0,2,31,407,bronze,rule_10_20_30
2022,shenyang,2099202211060353,南京航空航天大学,在 ICPC 中寻求 WA 并没有搞错什么,岑嘉诚|李亚宁|钱品亦,1,0,4,483,105,silver,rule_10_20_30
2022,shenyang,2099202211060354,南京航空航天大学,芝士雪豹,田坤|董文|蒋一杭,1,0,1,26,689,,rule_10_20_30
2022,shenyang,2099202211060355,南京航空航天大学,航专没有开封菜队,徐敬|施文韬|王锴,1,0,3,262,256,bronze,rule_10_20_30
2022,shenyang,2099202211060356,南京航空航天大学,这是一个正经队名,林龙河|陈岩|陈秋宇,1,0,2,277,607,,rule_10_20_30
2022,shenyang,2099202211060357,南京航空航天大学,飞天面条神教,张晓蕾|高一萌|黄泽龙,1,0,2,356,620,,rule_10_20_30
2022,shenyang,2099202211060371,南京邮电大学,究竟怎么会是呢？,何乐晗|赵一舟|陈以信,1,0,7,927,4,gold,rule_10_20_30
2022,shenyang,2099202211060372,南京邮电大学,斑鸠,崔泽昂|樊祺乐|郁青陟,1,0,3,231,224,bronze,rule_10_20_30
2022,shenyang,2099202211060373,南京邮电大学,RNGS13 总冠军,李尔瀚|杨光辉|陈宇,1,0,2,35,411,bronze,rule_10_20_30
2022,shenyang,2099202211060374,南京邮电大学,朝闻道,曹志鹏|蒋亦祥|黄平坤,1,0,1,3,637,,rule_10_20_30
2022,shenyang,2099202211060375,南京邮电大学,地球猫猫队,王若铭|盛韵|赵雪茗,1,0,2,349,618,,rule_10_20_30
2022,shenyang,2099202211060449,上海大学,哇哈哈,李子浩|邵启承|陈世锦,1,0,3,322,312,bronze,rule_10_20_30
2022,shenyang,2099202211060450,上海大学,这个队伍想 AC,刘诗蓓|邱彦杰|金铖,1,0,3,487,395,bronze,rule_10_20_30
2022,shenyang,2099202211060451,上海大学,814,祁宇辰|袁天成|谢瑞鹏,1,0,2,256,602,,rule_10_20_30
2022,shenyang,2099202211060452,上海大学,Wa 中冒险,王健灏|王诗昊|蒋启扬,1,0,3,281,277,bronze,rule_10_20_30
2022,shenyang,2099202211060453,上海大学,月亮旁的小飞机,刘元皓|金霆峰|高轩,1,0,4,526,125,silver,rule_10_20_30
2022,shenyang,2099202211060511,同济大学,Fearless,朱昀玮|陆明奇|黎可杰,1,0,2,68,456,,rule_10_20_30
2022,shenyang,2099202211060512,同济大学,渣哥粉丝后援团,林鑫宇|蔡一锴|郑博远,1,0,3,352,343,bronze,rule_10_20_30
2022,shenyang,2099202211060513,同济大学,啊对对队！,彭俊熙|徐东流|段婷婷,1,0,3,241,234,bronze,rule_10_20_30
2022,shenyang,2099202211060514,同济大学,蓝猪,张弛|杨宇卓|王钧涛,1,0,4,405,71,gold,rule_10_20_30
2022,shenyang,2099202211060515,同济大学,就柿火红猕猴果队,张馨月|王湉|臧若曦,1,0,2,127,533,,rule_10_20_30
2022,shenyang,2099202211060517,武汉大学,转生成 ACM 打铁选手又怎样,王旗玉|蒋敬|陈育欣,1,0,3,281,277,bronze,rule_10_20_30
2022,shenyang,2099202211060518,武汉大学,逸远丁真,孙文韬|朱卓远|汪昊楠,1,0,3,248,242,bronze,rule_10_20_30
2022,shenyang,2099202211060519,武汉大学,三角加速同调,刘锡锐|吴飞洋|陈佳楹,1,0,5,679,36,gold,rule_10_20_30
2022,shenyang,2099202211060520,武汉大学,我不懂啊,史业新|朱峰琪|王植,1,0,3,225,219,bronze,rule_10_20_30
2022,shenyang,2099202211060521,武汉大学,樱顶热干面,张子红|李禾越|黄子君,1,0,3,313,303,bronze,rule_10_20_30
2022,shenyang,2099202211060016,北华大学,卧龙,杜琪|袁一骏|陈君杰,1,0,4,587,145,silver,rule_10_20_30
2022,shenyang,2099202211060017,北华大学,只因你太美,彭章泽|李军航|王振,1,0,3,370,364,bronze,rule_10_20_30
2022,shenyang,2099202211060018,北华大学,人活着就是为了魈,叶鑫楠|杨佳乐|王旭,1,0,2,129,534,,rule_10_20_30
2022,shenyang,2099202211060028,北京航空航天大学,欺负獭没有数理基础？,崔绍锞|张羿凡|闵家旭,1,0,6,672,9,gold,rule_10_20_30
2022,shenyang,2099202211060029,北京航空航天大学,点子,蒋世祺|陈弘脉|黄泓亮,1,0,3,251,247,bronze,rule_10_20_30
2022,shenyang,2099202211060030,北京航空航天大学,我不知道.png,冯玮琪|廖纪童|牟钰,1,0,6,1015,18,gold,rule_10_20_30
2022,shenyang,2099202211060031,北京航空航天大学,大吉大利，今晚吃 mian();,刘佳睿|潘天蔚|郝泽钰,1,0,6,760,11,gold,rule_10_20_30
2022,shenyang,2099202211060038,北京理工大学,雪崩团灭清一色,袁奕晨|费承昱|黄子越,1,0,5,500,22,gold,rule_10_20_30
2022,shenyang,2099202211060039,北京理工大学,Nardack,孙瑞祥|王天泽|郑子帆,1,0,3,248,242,bronze,rule_10_20_30
2022,shenyang,2099202211060040,北京理工大学,所以爱会消失对不队,刘艺程|周宇傲|张智博,1,0,4,513,118,silver,rule_10_20_30
2022,shenyang,2099202211060041,北京理工大学,去马车整点挂件,于瀚文|孙嘉珺|焦鹏屹,1,0,5,601,25,gold,rule_10_20_30
2022,shenyang,2099202211060046,北京师范大学,猫喵妙,张睿琪|王小普|薄小荷,1,0,4,518,122,silver,rule_10_20_30
2022,shenyang,2099202211060047,北京师范大学,签到很 lan 的,姜潮涌|娄格格|臧祝利,1,0,2,87,494,,rule_10_20_30
2022,shenyang,2099202211060048,北京师范大学,万恶木馬,温怡健|贺耀仪|高延子鹏,1,0,2,137,542,,rule_10_20_30
2022,shenyang,2099202211060049,北京师范大学,战吗战啊,卢皓宇|孟媛|赵建锟,1,0,2,69,460,,rule_10_20_30
2022,shenyang,2099202211060050,北京邮电大学,膜你退火,徐天泽|陈睿宁|马畅联,1,0,3,379,369,bronze,rule_10_20_30
2022,shenyang,2099202211060051,北京邮电大学,仙贝,吴昊|杨凯丞|王麒凯,1,0,3,361,349,bronze,rule_10_20_30
2022,shenyang,2099202211060052,北京邮电大学,锕对对队,刘益铭|王天行|陈杰祥,1,0,3,168,177,silver,rule_10_20_30
2022,shenyang,2099202211060053,北京邮电大学,三阳开泰,刘洋|崔骄杨|杨智杰,1,0,3,123,164,silver,rule_10_20_30
2022,shenyang,2099202211060054,常熟理工学院,舞花猫,张鑫|沈俊康|顾家豪,1,0,2,259,603,,rule_10_20_30
2022,shenyang,2099202211060055,常熟理工学院,多喝岩浆,杨淳智|林强|邹静,1,0,3,217,211,silver,rule_10_20_30
2022,shenyang,2099202211060056,常熟理工学院,去码头整点鸽子,卓曼|李莉|谢园园,1,0,2,138,543,,rule_10_20_30
2022,shenyang,2099202211060057,常熟理工学院,任尔东西南北风,张顺楷|徐静蕾|江文艺,1,0,2,301,609,,rule_10_20_30
2022,shenyang,2099202211060071,大连理工大学,囚牛睚眦嘲风,侯硕伟|李雁志|葛俊辰,1,0,3,264,259,bronze,rule_10_20_30
2022,shenyang,2099202211060072,大连理工大学,WAWA 没想到,王家豪|王海涛|陆晔,1,0,2,46,428,,rule_10_20_30
2022,shenyang,2099202211060073,大连理工大学,我要做纳西妲的编译器,张思凡|袁振|闫希良,1,0,4,377,63,gold,rule_10_20_30
2022,shenyang,2099202211060074,大连理工大学,给个 AC 吧,张正礼|石炎东|韦品桓,1,0,4,430,85,silver,rule_10_20_30
2022,shenyang,2099202211060075,电子科技大学,UESTC_Guest_WiFi,喻鹏云|弋竞为|朱铖昊,1,0,6,835,12,gold,rule_10_20_30
2022,shenyang,2099202211060076,电子科技大学,UESTC_多重无限,冯宇扬|张梅宏|郝益民,1,0,4,412,75,silver,rule_10_20_30
2022,shenyang,2099202211060077,电子科技大学,UESTC_地平线,吴晓玉|贺皓哲|黄博奕,1,0,5,746,38,gold,rule_10_20_30
2022,shenyang,2099202211060078,电子科技大学,UESTC_十夏花火,吴立俊|山佩永|朱子涵,1,0,3,73,163,silver,rule_10_20_30
2022,shenyang,2099202211060032,北京化工大学,全网认证唯一菜狗,付晓|徐文博|薛墨寒,1,0,3,319,309,bronze,rule_10_20_30
2022,shenyang,2099202211060033,北京化工大学,订阅号,刘祥睿|邱若昕|黄东琦,1,0,2,52,439,,rule_10_20_30
2022,shenyang,2099202211060034,北京化工大学,一条柚子,吕锦豪|蒋英健|赵逸飞扬,1,0,4,573,142,silver,rule_10_20_30
2022,shenyang,2099202211060099,东华大学,关键字,刘常乐|蒋欣成|袁健峰,1,0,2,78,479,,rule_10_20_30
2022,shenyang,2099202211060100,东华大学,焦糖玛奇朵,俞鑫颜|陈燕玲|黄韵桐,1,0,3,344,337,bronze,rule_10_20_30
2022,shenyang,2099202211060101,东华大学,不可视境界线,刘青山|方荥荣|黄城帆,1,0,4,483,105,silver,rule_10_20_30
2022,shenyang,2099202211060102,东华大学,暗黑幻想,任天宇|杨文杰|滕楷烽,1,0,2,46,428,,rule_10_20_30
2022,shenyang,2099202211060103,东南大学,关于我走错考场发现别人都在 ak 这件事,李思诚|欧荣煌|郝舒扬,1,0,3,499,396,bronze,rule_10_20_30
2022,shenyang,2099202211060104,东南大学,原味鸡好吃,吴岱右|王玉珏|赵祖妍,1,0,3,314,305,bronze,rule_10_20_30
2022,shenyang,2099202211060105,东南大学,我过了样例,徐朔|戚雨林|汪子杰,1,0,4,415,77,silver,rule_10_20_30
2022,shenyang,2099202211060106,东南大学,我口胡超强,徐宽|王梓鹏|肖旭杰,1,0,4,564,138,silver,rule_10_20_30
2022,shenyang,2099202211060147,国防科技大学,万有引力号,张睿达|李泽锴|王子恒,1,0,4,545,132,silver,rule_10_20_30
2022,shenyang,2099202211060148,国防科技大学,蓝色空间号,朱卓锋|王荣航|董理,1,0,4,450,93,silver,rule_10_20_30
2022,shenyang,2099202211060149,国防科技大学,保家卫国,刘冠然|欧闻博|蒋卓彧,1,0,4,455,97,silver,rule_10_20_30
2022,shenyang,2099202211060150,国防科技大学,终极规律号,李剑锋|李天豪|李鑫鹏,1,0,4,562,137,silver,rule_10_20_30
2022,shenyang,2099202211060151,哈尔滨工程大学,WA 自动机 Fail 树上建可持久化 RE 树,吴兆昕|杨春昊|黄凯鹏,1,0,5,627,28,gold,rule_10_20_30
2022,shenyang,2099202211060152,哈尔滨工程大学,mybing 终于来了,张传炯|王一帆|肖帆,1,0,3,322,312,bronze,rule_10_20_30
2022,shenyang,2099202211060153,哈尔滨工程大学,HH 后援后援会,刘书羽|李林轩|胡晗,1,0,4,296,46,gold,rule_10_20_30
2022,shenyang,2099202211060154,哈尔滨工程大学,下一站茶山刘,伍凌雲|廖世立|盛海洋,1,0,3,392,374,bronze,rule_10_20_30
2022,shenyang,2099202211060155,哈尔滨工业大学,啊对对对,姚震泉|平安|杨一凡,1,0,3,313,303,bronze,rule_10_20_30
2022,shenyang,2099202211060156,哈尔滨工业大学,队名怎么说,叶程鹏|师乐天|陈旭坤,1,0,3,258,251,bronze,rule_10_20_30
2022,shenyang,2099202211060157,哈尔滨工业大学,蛤工业 10 队,杜沛键|王续烨|金义扬,1,0,6,665,8,gold,rule_10_20_30
2022,shenyang,2099202211060158,哈尔滨工业大学,网络热门队名鉴定,李文豪|王宜平|陈思阳,1,0,3,279,273,bronze,rule_10_20_30
2022,shenyang,2099202211060164,哈尔滨工业大学（威海）,顺锋起笔,严煜|王子康|纪鑫鹏,1,0,3,193,191,silver,rule_10_20_30
2022,shenyang,2099202211060165,哈尔滨工业大学（威海）,七仪鹿,刘金澜|张仪|杨志超,1,0,2,103,512,,rule_10_20_30
2022,shenyang,2099202211060166,哈尔滨工业大学（威海）,帅比队长在线征婚,戚煜|曹瑞宁|解裕懋,1,0,2,44,424,,rule_10_20_30
2022,shenyang,2099202211060167,哈尔滨工业大学（威海）,威我伍拾,朱圣方|王潇逸|郑尊文,1,0,3,312,301,bronze,rule_10_20_30
2022,shenyang,2099202211060195,河北师范大学,键上翻花,孙一|曲浩禹|陈哲良,1,0,3,351,342,bronze,rule_10_20_30
2022,shenyang,2099202211060196,河北师范大学,九天揽月,伊文慧|李佳颖|罗佳琦,1,0,2,159,561,,rule_10_20_30
2022,shenyang,2099202211060197,河北师范大学,绝对解码,杨卜慈|赵成玉|陈科衡,1,0,2,140,546,,rule_10_20_30
2022,shenyang,2099202211060198,河北师范大学,转生成为邦德公主当阿尼亚小姐的狗,周佳璐|翟一可|陈俊杰,1,0,0,0,705,,rule_10_20_30
2022,shenyang,2099202211060035,北京交通大学,真有那么难吗？！,彭柯岚|郭昱哲|陈景龙,1,0,4,440,90,silver,rule_10_20_30
2022,shenyang,2099202211060036,北京交通大学,届不到的 AC,杨致远|王麒皓|邵天语,1,0,4,514,120,silver,rule_10_20_30
2022,shenyang,2099202211060037,北京交通大学,凑不出一摩拉,何昌鹏|杨纪升|许根瑞,1,0,4,484,107,silver,rule_10_20_30
2022,shenyang,2099202211060225,湖南警察学院,挣脱牢笼,王海|谭晓洋|龙俊宇,1,0,2,90,499,,rule_10_20_30
2022,shenyang,2099202211060226,湖南警察学院,不走路队,廖靖华|段家吾|肖玮璟,1,0,2,69,460,,rule_10_20_30
2022,shenyang,2099202211060227,湖南警察学院,身处牢中牢,张雨希|曹永康|罗尧宇,1,0,2,97,507,,rule_10_20_30
2022,shenyang,2099202211060228,湖南警察学院,签到在哪呢,肖静雯|蔡子妮|许慧兰,1,0,3,242,235,bronze,rule_10_20_30
2022,shenyang,2099202211060254,华南理工大学,智能码工,严浩文|李亨|谢丰泽,1,0,4,492,109,silver,rule_10_20_30
2022,shenyang,2099202211060255,华南理工大学,wdc,吴海杰|蔡嘉健|邓楷译,1,0,3,248,242,bronze,rule_10_20_30
2022,shenyang,2099202211060256,华南理工大学,oOvOo,徐晖炫|朱逸凡|肖毅帆,1,0,3,387,373,bronze,rule_10_20_30
2022,shenyang,2099202211060257,华南理工大学,nayan,刘元邦|薛煜埼|马智伟,1,0,3,214,208,silver,rule_10_20_30
2022,shenyang,2099202211060261,华南师范大学,虾虎遨游直至 AC,袁子锋|陈嘉成|陈家骏,1,0,3,273,266,bronze,rule_10_20_30
2022,shenyang,2099202211060262,华南师范大学,与发际线作队,周奕秀|邱镘霏|陈诗琪,1,0,2,274,606,,rule_10_20_30
2022,shenyang,2099202211060263,华南师范大学,梭哈队,冼嘉荣|林叶华|覃醒亮,1,0,4,404,70,gold,rule_10_20_30
2022,shenyang,2099202211060264,华南师范大学,开摆队,温雅杰|许棋皓|陈泽勇,1,0,3,221,213,bronze,rule_10_20_30
2022,shenyang,2099202211060265,华中科技大学,赛博懵哥：行走孤独,何佳林|喻珈|范彦廷,1,0,3,209,204,silver,rule_10_20_30
2022,shenyang,2099202211060266,华中科技大学,我们校区本科生住双人间,贺孜卓|陈宇昂|陶奕衡,1,0,4,499,113,silver,rule_10_20_30
2022,shenyang,2099202211060267,华中科技大学,世界一流大专.top,刘东阳|庄景豪|陈炫旭,1,0,3,374,366,bronze,rule_10_20_30
2022,shenyang,2099202211060268,华中科技大学,三菜一汤,吕家新|翁哲宇|蔡宇杰,1,0,3,266,261,bronze,rule_10_20_30
2022,shenyang,2099202211060272,华中师范大学,烧冻鸡翅,熊吉祥|郭子寒|钟鸣,1,0,5,650,32,gold,rule_10_20_30
2022,shenyang,2099202211060273,华中师范大学,B 点一万个,刘耀威|张国涛|杨泽坤,1,0,2,68,456,,rule_10_20_30
2022,shenyang,2099202211060274,华中师范大学,RE 是评测姬的谎言,余恒宇|史承钰|姚辰恺,1,0,3,296,288,bronze,rule_10_20_30
2022,shenyang,2099202211060275,华中师范大学,你们 AC 我们野炊,张宏辉|曹俞欣|王彬宇,1,0,3,234,227,bronze,rule_10_20_30
2022,shenyang,2099202211060282,吉林大学,柴郡猫猫 QuQ,李光赫|陈铭豪|黄昌盛,1,0,5,370,21,gold,rule_10_20_30
2022,shenyang,2099202211060283,吉林大学,黑化肥挥发发灰会花飞,王鹏一|郑翔曦|郭冠男,1,0,5,720,37,gold,rule_10_20_30
2022,shenyang,2099202211060284,吉林大学,代码搬运工,侯德亮|剧若菲|张浩天,1,0,4,424,83,silver,rule_10_20_30
2022,shenyang,2099202211060285,吉林大学,咱 A 不了怎么想都是数据的锅,唐榆淇|李肇兴|邓力豪,1,0,2,64,451,,rule_10_20_30
2022,shenyang,2099202211060315,兰州大学,灵光乍现,李欣杭|梁宇昊|王若譞,1,0,2,29,405,bronze,rule_10_20_30
2022,shenyang,2099202211060316,兰州大学,树堆栈,周天硕|孙培然|胡日臻,1,0,2,112,522,,rule_10_20_30
2022,shenyang,2099202211060317,兰州大学,真没睡,李大源|李文凯|水源,1,0,6,1013,17,gold,rule_10_20_30
2022,shenyang,2099202211060318,兰州大学,克莱登州什么时候能打 maimai,沙睿煊|钟重驹|鲁叶木,1,0,3,369,362,bronze,rule_10_20_30
2022,shenyang,2099202211060058,成都东软学院,香翅捞饭,廖华杰|李文瀚|王荣川,1,0,4,434,87,silver,rule_10_20_30
2022,shenyang,2099202211060059,成都东软学院,指望其他队,权心雨|罗雅琳|陈丽,1,0,1,28,691,,rule_10_20_30
2022,shenyang,2099202211060060,成都东软学院,神头鬼脸,余晨|刘枭|谈世林,1,0,3,427,382,bronze,rule_10_20_30
2022,shenyang,2099202211060322,乐山师范学院,我的罚时在你之上,姜涛|崔伟浩|覃彦,1,0,4,422,81,silver,rule_10_20_30
2022,shenyang,2099202211060323,乐山师范学院,乐山大佛保佑我,吕孟霖|周猛|李汶涛,1,0,2,131,536,,rule_10_20_30
2022,shenyang,2099202211060324,乐山师范学院,WWQ,吴晓丽|王梅|祁萌,1,0,1,20,684,,rule_10_20_30
2022,shenyang,2099202211060325,乐山师范学院,代码全敲队,吴志杰|唐杨|苏海东,0,0,2,129,,,rule_10_20_30
2022,shenyang,2099202211060347,南京大学,admax,吴煜青|杜星语|陆青阳,1,0,5,856,42,gold,rule_10_20_30
2022,shenyang,2099202211060348,南京大学,钟山风雨,王恺翔|陈昊洋|黄梓彦,1,0,4,332,53,gold,rule_10_20_30
2022,shenyang,2099202211060349,南京大学,南小鸟,周相羽|朱家辰|贺卓宇,1,0,4,548,133,silver,rule_10_20_30
2022,shenyang,2099202211060350,南京大学,Relife,水兵|蒋潇鹏|陈元旻,1,0,4,591,147,silver,rule_10_20_30
2022,shenyang,2099202211060358,南京理工大学,emm,仇星博|张彦昕|赵曰程,1,0,3,486,394,bronze,rule_10_20_30
2022,shenyang,2099202211060359,南京理工大学,被骗没有强队,吴俐伽|李锐东|陈文轩,1,0,2,142,548,,rule_10_20_30
2022,shenyang,2099202211060360,南京理工大学,练习两年半,周桢瑜|徐子睿|王盼,1,0,3,472,391,bronze,rule_10_20_30
2022,shenyang,2099202211060361,南京理工大学,打几把 icpc,沈培森|胡栋|陈木子,1,0,2,75,472,,rule_10_20_30
2022,shenyang,2099202211060367,南京信息工程大学,蒟蒻果冻,夏涛|盛祥轩|秦睿智,1,0,3,471,389,bronze,rule_10_20_30
2022,shenyang,2099202211060368,南京信息工程大学,流水线车间,张逸凡|林思程|马天顺,1,0,4,534,129,silver,rule_10_20_30
2022,shenyang,2099202211060369,南京信息工程大学,南信第一女队,方任斌|马钟蕙|鲁哲豪,1,0,3,251,247,bronze,rule_10_20_30
2022,shenyang,2099202211060370,南京信息工程大学,横看成 A 侧成 WA,李斐琳|许芝也|陆小雅,1,0,1,6,655,,rule_10_20_30
2022,shenyang,2099202211060397,青岛大学,快乐向前冲,严传奇|于文龙|季园竣,1,0,3,380,371,bronze,rule_10_20_30
2022,shenyang,2099202211060398,青岛大学,(-_-).zZ,于洪森|张泽纬|马一铭,1,0,3,284,281,bronze,rule_10_20_30
2022,shenyang,2099202211060399,青岛大学,DAYDAYDREAM,安晓曼|杨晓达|段嘉奇,1,0,3,232,226,bronze,rule_10_20_30
2022,shenyang,2099202211060400,青岛大学,队长考桂电落榜了,孙浩宇|布文东|李国聪,0,0,3,168,,,rule_10_20_30
2022,shenyang,2099202211060401,青岛科技大学,斯卡布罗集市,侯佳文|朱文杰|高英翔,1,0,2,143,549,,rule_10_20_30
2022,shenyang,2099202211060402,青岛科技大学,123qwe,初清平|崔喆|曾庆帅,1,0,2,51,438,,rule_10_20_30
2022,shenyang,2099202211060403,青岛科技大学,玛卡巴卡阿卡哇卡米卡玛卡呣,张亚|曹钰涵|薛克程,1,0,3,306,295,bronze,rule_10_20_30
2022,shenyang,2099202211060404,青岛科技大学,看似比赛实则在阅读理解,王玲俐|王资源|陈梦雨,1,0,1,5,648,,rule_10_20_30
2022,shenyang,2099202211060413,厦门大学,比奇堡三恶霸,宋笑宇|陈江旺|陈玮坚,1,0,3,316,308,bronze,rule_10_20_30
2022,shenyang,2099202211060414,厦门大学,WA 酷 WA 酷,孟媛|张璐冰|王蓉,1,0,2,50,436,,rule_10_20_30
2022,shenyang,2099202211060415,厦门大学,乐观向上,刘政柱|张晋铭|纪奎彬,1,0,3,396,375,bronze,rule_10_20_30
2022,shenyang,2099202211060416,厦门大学,攻城狮,张文韬|邱佳伟|黄勖,1,0,3,452,386,bronze,rule_10_20_30
2022,shenyang,2099202211060063,成都信息工程大学,牛奶,何麟羽|郑淼|黄巫键,1,0,3,311,300,bronze,rule_10_20_30
2022,shenyang,2099202211060064,成都信息工程大学,往日不再,张李欣|张轩铭|林莫豪,1,0,2,64,451,,rule_10_20_30
2022,shenyang,2099202211060065,成都信息工程大学,阿萨辛,张智高|戴琦程|郑志林,1,0,3,322,312,bronze,rule_10_20_30
2022,shenyang,2099202211060423,山东大学,大黑狗奶糖,周何|王在烜|蔡汶澄,1,0,7,804,3,gold,rule_10_20_30
2022,shenyang,2099202211060424,山东大学,梦天使,张昊雨|耿浩天|蒋裕成,1,0,4,320,52,gold,rule_10_20_30
2022,shenyang,2099202211060425,山东大学,新的队,张文静|陈萌|高梦彤,1,0,4,684,159,silver,rule_10_20_30
2022,shenyang,2099202211060426,山东大学,追光者,庞天祥|战绪丰|袁胜利,1,0,5,652,33,gold,rule_10_20_30
2022,shenyang,2099202211060435,山东理工大学,LGD•SG•DAI•老干爹•帅哥戴•时代弄潮儿•异灵法奇迹德顶峰•排位悍将•天梯杀戮之神•无敌上分机器•千万少女梦中情人•不可置疑的大师•帅帅帅之无敌帅•异灵术快乐术宗师戴佳伟,夏远|宋宪浩|王昊燃,1,0,4,480,103,silver,rule_10_20_30
2022,shenyang,2099202211060436,山东理工大学,无至之境,宋天一|张广祺|杨帆,1,0,4,398,68,gold,rule_10_20_30
2022,shenyang,2099202211060437,山东理工大学,从 WA 开始的 ACM 生活,丁正阳|李晋|金杰,1,0,3,193,191,silver,rule_10_20_30
2022,shenyang,2099202211060438,山东理工大学,五亿个小铃铛,安梦洁|张梦瑶|范茜茜,1,0,2,70,464,,rule_10_20_30
2022,shenyang,2099202211060472,深圳技术大学,大~泡~炮~,刘泽驰|周家宝|钱贵宁,1,0,3,201,198,silver,rule_10_20_30
2022,shenyang,2099202211060473,深圳技术大学,后奇点,林诚钊|欧伟凯|董照康,1,0,2,57,446,,rule_10_20_30
2022,shenyang,2099202211060474,深圳技术大学,鹦鹉螺,吴泰维|曾熙柔|陈锦聪,0,0,2,53,,,rule_10_20_30
2022,shenyang,2099202211060475,深圳技术大学,破晓,吴雨恒|张锐添|徐嘉辉,0,0,3,229,,,rule_10_20_30
2022,shenyang,2099202211060484,四川大学,摸鱼小队,彭昌浩|杜双君|黄乙凌,1,0,4,477,102,silver,rule_10_20_30
2022,shenyang,2099202211060485,四川大学,把握不住,孙骏骐|廖健康|王友军,1,0,4,591,147,silver,rule_10_20_30
2022,shenyang,2099202211060486,四川大学,面向出题人暴力编程,丁国峰|丁宗康|胡展鹏,1,0,3,304,293,bronze,rule_10_20_30
2022,shenyang,2099202211060487,四川大学,早八 208,周钰翔|罗鑫|韩子毅,1,0,4,452,95,silver,rule_10_20_30
2022,shenyang,2099202211060494,苏州科技大学,醉鸟迷途,刘奕州|孙宇航|高成杰,1,0,2,90,499,,rule_10_20_30
2022,shenyang,2099202211060495,苏州科技大学,熟能生时间复杂度,江帆|沈广浩|翁康智,1,0,3,364,353,bronze,rule_10_20_30
2022,shenyang,2099202211060496,苏州科技大学,菜,侯云飞|牟其霖|黄清扬,1,0,1,28,691,,rule_10_20_30
2022,shenyang,2099202211060497,苏州科技大学,笨小孩,彭羽|蒋城|顾迅,0,0,2,34,,,rule_10_20_30
2022,shenyang,2099202211060504,天津大学,文化先和初中生同步,张博凯|杜鼎勋|谢天驰,1,0,4,417,79,silver,rule_10_20_30
2022,shenyang,2099202211060505,天津大学,因特,庄瀚镕|王永峰|蒋锐,1,0,2,54,441,,rule_10_20_30
2022,shenyang,2099202211060506,天津大学,理中人,刘书任|张中天|李旭辉,1,0,3,352,343,bronze,rule_10_20_30
2022,shenyang,2099202211060507,天津大学,人菜码多,张忠清|牟泓锦|黄敏行,1,0,3,402,378,bronze,rule_10_20_30
2022,shenyang,2099202211060528,武汉理工大学,树上猫猫虫,易琢然|赵家荣|闫卢昊,1,0,6,1253,20,gold,rule_10_20_30
2022,shenyang,2099202211060529,武汉理工大学,猫猫虫过家家,吴佳伟|师佳琦|索键,1,0,4,521,124,silver,rule_10_20_30
2022,shenyang,2099202211060530,武汉理工大学,三个铁匠,宋宝刚|宋长天|郑云飞,1,0,4,398,68,gold,rule_10_20_30
2022,shenyang,2099202211060531,武汉理工大学,最喜欢 thjj 了,王天博|罗铭威|郭程嘉,1,0,4,583,144,silver,rule_10_20_30
2022,shenyang,2099202211060085,东北大学秦皇岛分校,未来绮玉,卢晨昕|张泰来|林正远,1,0,3,348,340,bronze,rule_10_20_30
2022,shenyang,2099202211060086,东北大学秦皇岛分校,扫黑除恶,任万钟|徐忠翰|黄子说,1,0,4,560,136,silver,rule_10_20_30
2022,shenyang,2099202211060087,东北大学秦皇岛分校,大饼卷小葱,史哲成|张琦|胡兆杨,1,0,3,373,365,bronze,rule_10_20_30
2022,shenyang,2099202211060537,西安电子科技大学,乱码小飞船,刘焕宇|汪文轩|陶天乐,1,0,4,368,61,gold,rule_10_20_30
2022,shenyang,2099202211060538,西安电子科技大学,小孩看到鬼,任秦含|王则清|祝经杭,1,0,4,655,155,silver,rule_10_20_30
2022,shenyang,2099202211060539,西安电子科技大学,点石成我,曾岩|王舒琪|王言聪,1,0,4,450,93,silver,rule_10_20_30
2022,shenyang,2099202211060540,西安电子科技大学,喵喵喵,刘朝旭|张亲翰|罗杰,1,0,3,366,357,bronze,rule_10_20_30
2022,shenyang,2099202211060549,西北工业大学,就在今天,杨莫凡|范大卫|要凌峰,1,0,4,494,110,silver,rule_10_20_30
2022,shenyang,2099202211060550,西北工业大学,集结部队,张志翔|张明义|汪永顺,1,0,2,171,571,,rule_10_20_30
2022,shenyang,2099202211060551,西北工业大学,只能说，啊，该摸了,徐浩洋|汪梁森|管孙笛,1,0,4,387,67,gold,rule_10_20_30
2022,shenyang,2099202211060552,西北工业大学,别急，你听我说,张煜森|李星辰|黄梓恒,1,0,4,602,150,silver,rule_10_20_30
2022,shenyang,2099202211060553,西北农林科技大学,三 A 大坐,单豪杰|林羽泽|祝涛,1,0,3,229,223,bronze,rule_10_20_30
2022,shenyang,2099202211060554,西北农林科技大学,三碗不过冈,吉正杰|樊世豪|王正超,0,0,1,5,,,rule_10_20_30
2022,shenyang,2099202211060555,西北农林科技大学,先闭眼暴力一发,寻真|李慕晗|沈泉宏,1,0,3,188,186,silver,rule_10_20_30
2022,shenyang,2099202211060556,西北农林科技大学,飞鱼在努力,刘超宇|刘飞裕|易达,1,0,3,473,392,bronze,rule_10_20_30
2022,shenyang,2099202211060564,西南交通大学,站着赚钱 - 幼儿园版,柴艺函|王翔宇|陈越,1,0,2,37,413,bronze,rule_10_20_30
2022,shenyang,2099202211060565,西南交通大学,想看宋老板女装,古一君|李长霖|郑欢庆,1,0,1,9,668,,rule_10_20_30
2022,shenyang,2099202211060566,西南交通大学,郫县萧炎,宁晟|马杰成|龚傲林,1,0,3,238,232,bronze,rule_10_20_30
2022,shenyang,2099202211060567,西南交通大学,伟大的蹦豆的忠诚的粉丝团,宋明富|王梓翕|陈加林,1,0,3,207,202,silver,rule_10_20_30
2022,shenyang,2099202211060585,湘潭大学,参宿一,田楚天|肖志林|胡梁宇,1,0,4,410,74,silver,rule_10_20_30
2022,shenyang,2099202211060586,湘潭大学,灵活 AC,张家瑞|谭盾|陈彦宇,1,0,2,367,622,,rule_10_20_30
2022,shenyang,2099202211060587,湘潭大学,哆啦 A 梦,曾洋旭|郑静静|魏志高,1,0,2,87,494,,rule_10_20_30
2022,shenyang,2099202211060588,湘潭大学,须臾与永恒,刘经纬|夏渡宇|谢子涵,1,0,1,28,691,,rule_10_20_30
2022,shenyang,2099202211060625,浙江大学,请问今天可以提高一点蔡廷常数嘛,倪晗楚|程昕宇|陈科,1,0,4,310,50,gold,rule_10_20_30
2022,shenyang,2099202211060626,浙江大学,啊对对队,尹松屹|王执阔|田宇灼,1,0,5,660,34,gold,rule_10_20_30
2022,shenyang,2099202211060627,浙江大学,快乐一带二,孙晨毓|谢集|陈彦博,1,0,6,983,16,gold,rule_10_20_30
2022,shenyang,2099202211060628,浙江大学,幽灵门槛,唐嘉辰|李昌栋|黎伟诺,1,0,8,852,1,gold,rule_10_20_30
2022,shenyang,2099202211060634,浙江工业大学,铁华团,李汶芝|王瑞|王路,1,0,4,421,80,silver,rule_10_20_30
2022,shenyang,2099202211060635,浙江工业大学,Insomniac,吴昊天|胡圣烩|谢洋帆,1,0,4,466,99,silver,rule_10_20_30
2022,shenyang,2099202211060636,浙江工业大学,赛博鼠鼠,YufanXue|苗子豪|陈天阳,1,0,4,513,118,silver,rule_10_20_30
2022,shenyang,2099202211060637,浙江工业大学,ZJUT12,包林鑫|朱锦|陆徐豪,1,0,4,518,122,silver,rule_10_20_30
2022,shenyang,2099202211060090,东北农业大学,打 ACM 两年，罚坐治好了我的电子杨伟,李子豪|盖永瑞|闫志涛,1,0,4,444,91,silver,rule_10_20_30
2022,shenyang,2099202211060091,东北农业大学,以下队名无效 405BADWAY,刘纳川|朱秀滨|黄铎,1,0,3,203,199,silver,rule_10_20_30
2022,shenyang,2099202211060092,东北农业大学,不要再被签到题诈骗辣,武桐润|王家强|薛佳伟,1,0,2,68,456,,rule_10_20_30
2022,shenyang,2099202211060642,浙江科技学院,局外人,史润培|蒋贤潇|赵家城,1,0,3,159,172,silver,rule_10_20_30
2022,shenyang,2099202211060643,浙江科技学院,炸鸡腿饭,应谢吾|王骏|童文韬,1,0,4,533,127,silver,rule_10_20_30
2022,shenyang,2099202211060644,浙江科技学院,浙科二十队,方毓乔|杨之川|黄俊豪,1,0,4,671,158,silver,rule_10_20_30
2022,shenyang,2099202211060645,浙江科技学院,小白队,姚若妍|张家钰|祁露洁,1,0,1,4,640,,rule_10_20_30
2022,shenyang,2099202211060646,浙江理工大学,好起来 rua,晏阳英哲|杨子建|翁昊洋,1,0,3,258,251,bronze,rule_10_20_30
2022,shenyang,2099202211060647,浙江理工大学,赚钱小分队,吴士超|楼家豪|瞿程浩,1,0,3,204,201,silver,rule_10_20_30
2022,shenyang,2099202211060648,浙江理工大学,海超人大洋游侠与隐形船,宁宇浩|王显龙|邱天,1,0,3,228,222,bronze,rule_10_20_30
2022,shenyang,2099202211060649,浙江理工大学,钢铁厂工银,卜洋程|张一弛|杨吴玙,0,0,2,68,,,rule_10_20_30
2022,shenyang,2099202211060650,浙江农林大学,poprbp,杨成艺|章恒磊|郑懿,1,0,4,431,86,silver,rule_10_20_30
2022,shenyang,2099202211060651,浙江农林大学,两眼花花乱蛙一通,官洪林|沈杨阳|龚文强,1,0,3,224,217,bronze,rule_10_20_30
2022,shenyang,2099202211060652,浙江农林大学,403can'tac,严滢|周星耀|徐昊,1,0,3,347,339,bronze,rule_10_20_30
2022,shenyang,2099202211060653,浙江农林大学,上林赋,朱冰艳|胡端|龚晓雨,1,0,3,342,334,bronze,rule_10_20_30
2022,shenyang,2099202211060656,浙江师范大学,贪心,吴铮|郑顺帆|黄彬成,1,0,4,559,135,silver,rule_10_20_30
2022,shenyang,2099202211060657,浙江师范大学,前进四,王乐琦|王威杰|马嘉斌,1,0,4,494,110,silver,rule_10_20_30
2022,shenyang,2099202211060658,浙江师范大学,三个铁酱,王千予|谢思怡|陈靖毅,1,0,3,376,367,bronze,rule_10_20_30
2022,shenyang,2099202211060659,浙江师范大学,羊村守护者,嵇纹垲|林宸|陈炯荣,1,0,2,55,445,,rule_10_20_30
2022,shenyang,2099202211060689,中国矿业大学,你要自信,杨旭宸|赵涌翔|马嘉震,1,0,3,342,334,bronze,rule_10_20_30
2022,shenyang,2099202211060690,中国矿业大学,尼尔：机械寄元,张骏然|汉坤成|王伦,1,0,3,336,328,bronze,rule_10_20_30
2022,shenyang,2099202211060691,中国矿业大学,村口型男不秃头,周佳炜|张梓渝|陈溪远,1,0,4,503,115,silver,rule_10_20_30
2022,shenyang,2099202211060692,中国矿业大学,三只松鼠,周加慧|李梦源|樊雨欣,1,0,1,6,655,,rule_10_20_30
2022,shenyang,2099202211060696,中国民航大学,深藏 bule,丘东林|何珏|程泽阳,1,0,2,106,513,,rule_10_20_30
2022,shenyang,2099202211060697,中国民航大学,重生之我还是菜狗,孔子豪|李婧涵|薛皓天,1,0,2,218,589,,rule_10_20_30
2022,shenyang,2099202211060698,中国民航大学,无问西东,刘家宁|王浩博|饶恒,0,0,3,236,,,rule_10_20_30
2022,shenyang,2099202211060699,中国民航大学,追光者,傅一笑|冉桐|崔天宇,0,0,3,257,,,rule_10_20_30
2022,shenyang,2099202211060707,中国石油大学（华东）,白铃女子学院,徐锦洋|王川|陈恺毅,1,0,6,888,13,gold,rule_10_20_30
2022,shenyang,2099202211060708,中国石油大学（华东）,鱼,尚博文|罗道斌|鲁家豪,1,0,1,4,640,,rule_10_20_30
2022,shenyang,2099202211060709,中国石油大学（华东）,中华鲟,刘德雨|唐喜|陈冠融,1,0,3,282,280,bronze,rule_10_20_30
2022,shenyang,2099202211060710,中国石油大学（华东）,灵茶山艾府,吕栋|皮祥剑|邹越,1,0,3,302,292,bronze,rule_10_20_30
2022,shenyang,2099202211060093,东北师范大学,诗的二重奏,凌典|李岩松|杨熊鑫,1,0,2,195,578,,rule_10_20_30
2022,shenyang,2099202211060094,东北师范大学,巨大喷流,胡哲瑜|范耀天|邹宇明,1,0,4,555,134,silver,rule_10_20_30
2022,shenyang,2099202211060095,东北师范大学,竹取飞翔,刘一木|史曼玲|李嘉琦,0,0,0,0,,,rule_10_20_30
2022,shenyang,2099202211060096,东莞理工学院,想好队名了吗,冯炜亨|叶磊|覃亮,1,0,4,368,61,gold,rule_10_20_30
2022,shenyang,2099202211060097,东莞理工学院,太难做不出来,潘伟国|陈伟诚|陈桦信,1,0,3,364,353,bronze,rule_10_20_30
2022,shenyang,2099202211060098,东莞理工学院,莞专 Wing,许智超|许鸿华|黄裕甲,1,0,2,89,497,,rule_10_20_30
2022,shenyang,2099202211060111,福州大学,气球天降,吴英航|林章鹏|欧云帆,1,0,3,221,213,bronze,rule_10_20_30
2022,shenyang,2099202211060112,福州大学,奇遇,林文浩|黄森|龙林,1,0,3,284,281,bronze,rule_10_20_30
2022,shenyang,2099202211060113,福州大学,热带风味冰红茶,叶林忠|李鸿宇|潘泓岳,1,0,4,343,55,gold,rule_10_20_30
2022,shenyang,2099202211060119,广东工业大学,猫猫吃代码,严瑞祺|张峻豪|王镇涛,1,0,4,407,73,silver,rule_10_20_30
2022,shenyang,2099202211060120,广东工业大学,强力去污粉,张茜|陈逸霖|马一凡,1,0,2,44,424,,rule_10_20_30
2022,shenyang,2099202211060121,广东工业大学,难兄难弟,丘钊文|曾梓淮|李贤满,1,0,3,250,246,bronze,rule_10_20_30
2022,shenyang,2099202211060136,广州大学,啊对对对,冯建华|林希栋|罗锦祺,1,0,3,300,290,bronze,rule_10_20_30
2022,shenyang,2099202211060137,广州大学,别人都寄我们 ac,李嘉豪|杜冰睿|黄彬,1,0,1,6,655,,rule_10_20_30
2022,shenyang,2099202211060138,广州大学,啊对对队,周楠澄|段雨同|钟晓亮,1,0,1,34,694,,rule_10_20_30
2022,shenyang,2099202211060144,桂林电子科技大学,无名之辈,刘思语|汪庭浩|黄思晨,1,0,4,386,66,gold,rule_10_20_30
2022,shenyang,2099202211060145,桂林电子科技大学,打了羊胎素,张钰敏|申诺|陈冰鑫,1,0,2,145,551,,rule_10_20_30
2022,shenyang,2099202211060146,桂林电子科技大学,拔萝卜,刘善坤|叶修|莫泽华,1,0,2,71,467,,rule_10_20_30
2022,shenyang,2099202211060169,哈尔滨理工大学,哈理工 09 队,吕锦泽|邓大路|黄兆宇,1,0,4,439,88,silver,rule_10_20_30
2022,shenyang,2099202211060170,哈尔滨理工大学,哈理工 10 队,关兆泓|卢冰|张连胜,1,0,2,106,513,,rule_10_20_30
2022,shenyang,2099202211060171,哈尔滨理工大学,哈理工 12 队,任胤霖|林钜星|高煜晨,1,0,1,15,680,,rule_10_20_30
2022,shenyang,2099202211060172,哈尔滨商业大学,先行者 1 队,王梓镔|翁勇辉|葛钦凡,1,0,3,368,361,bronze,rule_10_20_30
2022,shenyang,2099202211060173,哈尔滨商业大学,先行者 2 队,周家宝|宋辉鹏|王彬彬,1,0,3,359,347,bronze,rule_10_20_30
2022,shenyang,2099202211060174,哈尔滨商业大学,先行者 3 队,刘文广|徐惠泽|赵晨星,1,0,1,5,648,,rule_10_20_30
2022,shenyang,2099202211060180,杭州师范大学,鹤望兰,林宏磊|邵铁夫|陈银桦,1,0,5,632,29,gold,rule_10_20_30
2022,shenyang,2099202211060181,杭州师范大学,交流猫,何陈聪|方一昊|毛潜飞,1,0,2,57,446,,rule_10_20_30
2022,shenyang,2099202211060182,杭州师范大学,CPU 发烧队,余家帅|刘书凡|童春琦,1,0,3,445,384,bronze,rule_10_20_30
2022,shenyang,2099202211060711,中南大学,明日之风的三重奏,徐国琛|李玄靖|赵伯阳,1,0,7,954,5,gold,rule_10_20_30
2022,shenyang,2099202211060712,中南大学,千帆星河,周硕|林谦豫|陈贤,1,0,4,482,104,silver,rule_10_20_30
2022,shenyang,2099202211060713,中南大学,TheEndingEden,代林凡|王丰呈|金子璇,1,0,2,50,436,,rule_10_20_30
2022,shenyang,2099202211060714,中南大学,AK 是你的谎言,唐义丰|崔力鸿|羊宏宇,1,0,4,415,77,silver,rule_10_20_30
2022,shenyang,2099202211060012,安阳师范学院,菜鸟驿站,孔振杰|朱毅明|许嘉毓,1,0,2,145,551,,rule_10_20_30
2022,shenyang,2099202211060214,湖北工业大学,Random(name),徐億祥|贺鑫宇|颜潇冉,1,0,4,424,83,silver,rule_10_20_30
2022,shenyang,2099202211060215,湖北工业大学,汤先,孙嘉豪|柳俊|陈翔,1,0,4,445,92,silver,rule_10_20_30
2022,shenyang,2099202211060216,湖北工业大学,徐老师粉丝团（女生队）,吕芳莹|屈艺|赵佳欣,1,0,2,159,561,,rule_10_20_30
2022,shenyang,2099202211060217,湖南大学,金色传说,廖曙康|苏杰|范则鸣,1,0,6,968,15,gold,rule_10_20_30
2022,shenyang,2099202211060218,湖南大学,相信珂学,曾逸珂|臧子健|陈莹杰,1,0,4,339,54,gold,rule_10_20_30
2022,shenyang,2099202211060219,湖南大学,高数 100,刘城君|姜唯晟|张文凌,1,0,3,308,297,bronze,rule_10_20_30
2022,shenyang,2099202211060220,湖南第一师范学院,正气队,周衡|彭嘉富|朱威豪,1,0,2,269,605,,rule_10_20_30
2022,shenyang,2099202211060221,湖南第一师范学院,哦吼吼,包珊萁|李嘉仪|黄诗蓉,1,0,2,92,502,,rule_10_20_30
2022,shenyang,2099202211060222,湖南第一师范学院,舌尖上的 dysf,周德鹏|尹桂超|朱健辉,1,0,3,456,388,bronze,rule_10_20_30
2022,shenyang,2099202211060238,湖南文理学院,红蔷薇,刘威|吴立强|李嘉红,1,0,3,341,332,bronze,rule_10_20_30
2022,shenyang,2099202211060239,湖南文理学院,六点钟,周利名|戴润鑫|林中庸,1,0,2,100,510,,rule_10_20_30
2022,shenyang,2099202211060240,湖南文理学院,星云天空,杨鹏飞|邓成浩|陈敬乾,1,0,3,361,349,bronze,rule_10_20_30
2022,shenyang,2099202211060243,湖州师范学院,谭爸带俩叛逆娃,李嫣然|谭中正|陈文骏,1,0,3,484,393,bronze,rule_10_20_30
2022,shenyang,2099202211060244,湖州师范学院,不带电脑队,吴泽涛|江雨宸|钱越敏,1,0,3,514,397,bronze,rule_10_20_30
2022,shenyang,2099202211060245,湖州师范学院,划得水中水,杨静|白智嘉|胡祎婷,1,0,1,12,678,,rule_10_20_30
2022,shenyang,2099202211060251,华东师范大学,她说的都队,张宏伟|朱睿诚|林艺峰,1,0,3,294,286,bronze,rule_10_20_30
2022,shenyang,2099202211060252,华东师范大学,签到题破防,熊高越|祝润天|谈笑枫,1,0,3,182,184,silver,rule_10_20_30
2022,shenyang,2099202211060253,华东师范大学,SEI3,乔若奕|曹博|梅子健,1,0,3,334,326,bronze,rule_10_20_30
2022,shenyang,2099202211060258,华南农业大学,缈秘繁星,董跃飞|谭皓|陈伟杰,1,0,3,418,381,bronze,rule_10_20_30
2022,shenyang,2099202211060259,华南农业大学,被虐中慢慢成佛,吴思宇|漆永康|陈宇鹏,1,0,3,245,238,bronze,rule_10_20_30
2022,shenyang,2099202211060260,华南农业大学,来了就行,吴肇淇|蓝咏芯|蔡依珂,1,0,3,315,307,bronze,rule_10_20_30
2022,shenyang,2099202211060269,华中农业大学,给个牌子,李俊松|赵彬波|邵晨曦,1,0,2,44,424,,rule_10_20_30
2022,shenyang,2099202211060270,华中农业大学,金银铜,刘加盛|周文锦|谢少锋,1,0,3,323,315,bronze,rule_10_20_30
2022,shenyang,2099202211060271,华中农业大学,来一杯拿铁,李怡萱|盛鈺莲|黄语琴,1,0,1,9,668,,rule_10_20_30
2022,shenyang,2099202211060276,淮北师范大学,依古比古,倪敏慧|祝炜曈|黄新元,1,0,3,310,298,bronze,rule_10_20_30
2022,shenyang,2099202211060277,淮北师范大学,拔剑能留住落樱吗,曹毅|潘宝杰|王俊辉,1,0,2,123,530,,rule_10_20_30
2022,shenyang,2099202211060278,淮北师范大学,gogogo,刘颖|张青云|赵秋云,1,0,1,10,671,,rule_10_20_30
2022,shenyang,2099202211060279,惠州学院,鶸巢,卢仲悦|陈之焕|陈辉阳,1,0,2,136,538,,rule_10_20_30
2022,shenyang,2099202211060280,惠州学院,敏子要入围,姚晓敏|张俊栋|邱显远,1,0,2,349,618,,rule_10_20_30
2022,shenyang,2099202211060281,惠州学院,码到成功,庄晓韵|彭凤琼|蔡晓璇,1,0,1,41,696,,rule_10_20_30
2022,shenyang,2099202211060002,安徽大学,安大四队,张芸祥|洪昱鹏|谢海龙,1,0,4,516,121,silver,rule_10_20_30
2022,shenyang,2099202211060003,安徽大学,希腊奶，我从来没有想过 AC 这个问题,贾承龙|陈德相|鲍敏文,1,0,2,122,528,,rule_10_20_30
2022,shenyang,2099202211060004,安徽大学,众梦之聚,吴昌盛|许钧剑|龙源徽,1,0,2,234,595,,rule_10_20_30
2022,shenyang,2099202211060005,安徽大学,Untitled-副本,刘圆博|周裕佳|沈欣悦,1,0,1,35,695,,rule_10_20_30
2022,shenyang,2099202211060006,安徽工程大学,刘华强买瓜,程辉|蔡冯亮|鲍一凡,1,0,2,92,502,,rule_10_20_30
2022,shenyang,2099202211060007,安徽工程大学,月下三兄贵,刘洋|石鹏|邹永靖,1,0,2,481,632,,rule_10_20_30
2022,shenyang,2099202211060570,西南民族大学,TLE 自动机,代鹏辉|李婉榕|汪湘衡,1,0,2,37,413,bronze,rule_10_20_30
2022,shenyang,2099202211060571,西南民族大学,五子题与棋,杨楚华|王尊明|龚科宇,1,0,3,334,326,bronze,rule_10_20_30
2022,shenyang,2099202211060572,西南民族大学,汪汪队,向敏|李婉儿|陈晓露,1,0,1,11,676,,rule_10_20_30
2022,shenyang,2099202211060573,西南民族大学,借东风,张书豪|李旭东|陈胤均,0,0,3,380,,,rule_10_20_30
2022,shenyang,2099202211060574,西南民族大学,鲨鲨猫猫和汪汪,买鑫鑫|赵一竹|韦懂生,0,0,3,278,,,rule_10_20_30
2022,shenyang,2099202211060577,香港城市大学,九龙塘妙妙屋,何禹|余喆涵|郑上锟,0,0,3,279,,,rule_10_20_30
2022,shenyang,2099202211060578,香港城市大学,绝凶奶牛研究委员会,周天乐|张鑫杰|李俊男,1,0,3,471,389,bronze,rule_10_20_30
2022,shenyang,2099202211060579,香港城市大学,九龙公园游泳池,万梓萌|夏姝珺|諶穎希,1,0,1,165,704,,rule_10_20_30
2022,shenyang,2099202211060580,香港城市大学,板烧鸡腿,徐澎杨|洪琛皓|王锦杰,1,0,3,575,402,bronze,rule_10_20_30
2022,shenyang,2099202211060581,香港城市大学,CityU2,"ShatokhinAnton, MomciloMrkaic, AleksandarGadanski",1,0,2,86,492,,rule_10_20_30
2022,shenyang,2099202211060629,浙江工商大学,希望代码一次敲队,刘冠轩|徐晨威|田博宇,1,0,3,267,262,bronze,rule_10_20_30
2022,shenyang,2099202211060630,浙江工商大学,kkt,何青峰|葛凯|陈俊宇,1,0,2,60,448,,rule_10_20_30
2022,shenyang,2099202211060631,浙江工商大学,北极企鹅,倪超|彭继威|李嘉瑞,0,0,4,650,,,rule_10_20_30
2022,shenyang,2099202211060632,浙江工商大学,水水獭保护协会,徐建奇|朱徐研|陈恩赐,0,0,2,114,,,rule_10_20_30
2022,shenyang,2099202211060633,浙江工商大学,瑞道克道格,吴骏达|张子皓|张振,1,0,3,180,183,silver,rule_10_20_30
2022,shenyang,2099202211060684,中国科学技术大学,罚时要罚到无穷,丁子尧|吕泽龙|张天,1,0,5,551,24,gold,rule_10_20_30
2022,shenyang,2099202211060685,中国科学技术大学,Untitled.team,孔令茹|李翰阳|武熙川,1,0,3,531,400,bronze,rule_10_20_30
2022,shenyang,2099202211060686,中国科学技术大学,丝路市西套村代表队,吴开元|周翟恩和|洪文杰,1,0,5,625,27,gold,rule_10_20_30
2022,shenyang,2099202211060687,中国科学技术大学,RAPLGM,吴亦泓|张德民|秦思文,1,0,3,265,260,bronze,rule_10_20_30
2022,shenyang,2099202211060688,中国科学技术大学,中科大少女班,孙旭磊|赵奕|赵泽昆,1,0,4,343,55,gold,rule_10_20_30
2022,shenyang,2099202211060718,中山大学,中山大学_早睡早起,刘彦莹|秦琬舒|黄晓蓝,1,0,3,209,204,silver,rule_10_20_30
2022,shenyang,2099202211060719,中山大学,中山大学_破晓,古鸣浩|吴景图|欧梓洋,1,0,6,715,10,gold,rule_10_20_30
2022,shenyang,2099202211060720,中山大学,中山大学_绿草苍苍,刘艺凡|张铭昊|林沐,1,0,4,588,146,silver,rule_10_20_30
2022,shenyang,2099202211060721,中山大学,中山大学_三轮车,何宇扬|曾德星|陈冠宏,1,0,4,319,51,gold,rule_10_20_30
2022,shenyang,2099202211060722,中山大学,中山大学_无限,叶成隆|张凯东|朱泰锟,1,0,4,242,45,gold,rule_10_20_30
2022,shenyang,2099202211060068,大连东软信息学院,3==NULL,刘校辰|邓文博|颜培政,1,0,2,239,597,,rule_10_20_30
2022,shenyang,2099202211060293,江南大学,投个骰子吧,刘文捷|孙安|杨涵,1,0,3,146,168,silver,rule_10_20_30
2022,shenyang,2099202211060294,江南大学,我们做得对,卜乐天|李欣宇|陈宇晨,1,0,2,249,599,,rule_10_20_30
2022,shenyang,2099202211060295,江南大学,无 B 树怎么只剩 WA 了,林腾|谭懿唯|魏晨宇,1,0,3,369,362,bronze,rule_10_20_30
2022,shenyang,2099202211060300,江西财经大学,芝士改变命运,尧海标|管一鸣|艾荣贵,1,0,2,109,516,,rule_10_20_30
2022,shenyang,2099202211060301,江西财经大学,打工小队,徐雅|王雨轩|高莉婷,1,0,1,21,685,,rule_10_20_30
2022,shenyang,2099202211060302,江西财经大学,先质疑再质疑,倪超骏|彭佳俊|蔡建怿,1,0,2,76,475,,rule_10_20_30
2022,shenyang,2099202211060310,江西师范大学,我的喷火龙不会飞,汪佳盛|石瀚文|陈绿海,1,0,2,152,557,,rule_10_20_30
2022,shenyang,2099202211060311,江西师范大学,callofaccept,万文清|邹怡鹏|钟骋,1,0,3,276,271,bronze,rule_10_20_30
2022,shenyang,2099202211060312,江西师范大学,abc,万莲康|宋广文|张子航,1,0,2,43,421,bronze,rule_10_20_30
2022,shenyang,2099202211060319,兰州理工大学,男上加男,宁明杰|岳尚烁|张轩琪,1,0,1,25,686,,rule_10_20_30
2022,shenyang,2099202211060320,兰州理工大学,铁匠,杜哲烨|王福银|瞿则浩,1,0,1,81,702,,rule_10_20_30
2022,shenyang,2099202211060321,兰州理工大学,讲个笑话我们过样例了,李嘉婷|潘婷|谢馨,1,0,1,103,703,,rule_10_20_30
2022,shenyang,2099202211060336,南昌航空大学,晴天小队,戈志隆|王胜杰|黄子谦,1,0,2,129,534,,rule_10_20_30
2022,shenyang,2099202211060337,南昌航空大学,只会 wawa,欧阳瑾|潘岩|邱轲,1,0,1,3,637,,rule_10_20_30
2022,shenyang,2099202211060338,南昌航空大学,极限火花,李奉阳|胡先斌|黎凤,1,0,2,82,486,,rule_10_20_30
2022,shenyang,2099202211060342,南方科技大学,南方科技大学 - 马赛,眭和|秦禹洲|黎宇杰,1,0,4,504,116,silver,rule_10_20_30
2022,shenyang,2099202211060343,南方科技大学,南方科技大学 - 巴黎,冯照航|曹哲振|田若载,1,0,6,1062,19,gold,rule_10_20_30
2022,shenyang,2099202211060344,南方科技大学,南方科技大学 - 南方科技大学,周珈伊|周轶凡|李舒欣,1,0,5,605,26,gold,rule_10_20_30
2022,shenyang,2099202211060376,南开大学,打比赛时在做什么？有没有空？可以来打铁吗？,杜岱玮|王超星|陈静怡,1,0,3,175,180,silver,rule_10_20_30
2022,shenyang,2099202211060377,南开大学,只用 spfa 队,孔德嵘|李嘉豪|郭军凯,1,0,5,814,41,gold,rule_10_20_30
2022,shenyang,2099202211060378,南开大学,幻视之夜,侯黄博林|华志远|林诗润,1,0,3,245,238,bronze,rule_10_20_30
2022,shenyang,2099202211060379,南阳理工学院,HaveFun,靳矗|韩金成|魏一豪,1,0,4,569,140,silver,rule_10_20_30
2022,shenyang,2099202211060380,南阳理工学院,早起打太极,原勇涛|孙宇龙|陈超凡,1,0,3,242,235,bronze,rule_10_20_30
2022,shenyang,2099202211060381,南阳理工学院,哈啤酒,张嘉惠|王梦杰|邓莉欣,1,0,2,110,518,,rule_10_20_30
2022,shenyang,2099202211060385,宁波大学,风起邀约,姚沈豪|李浩|王小管,1,0,4,647,154,silver,rule_10_20_30
2022,shenyang,2099202211060386,宁波大学,肯的姬封矿刑期死，为我武士,林成峰|梁航锋|赵瑞杰,1,0,4,611,151,silver,rule_10_20_30
2022,shenyang,2099202211060387,宁波大学,NBU 十九队,徐丹|徐浩楠|王牧原,1,0,3,163,173,silver,rule_10_20_30
2022,shenyang,2099202211060388,平顶山学院,lyfdxh,冯梦星|李杨帆|邢玉龙,0,0,1,3,,,rule_10_20_30
2022,shenyang,2099202211060389,平顶山学院,平院三队,朱天宇|段家园|焦霄佳,1,0,1,10,671,,rule_10_20_30
2022,shenyang,2099202211060390,平顶山学院,做梦都在 AC,伍晨阳|师若琳|张盛杰,1,0,2,226,591,,rule_10_20_30
2022,shenyang,2099202211060088,东北电力大学,每道题都能用二分做,李贵祥|郑建畅|陈黄洋,1,0,3,263,258,bronze,rule_10_20_30
2022,shenyang,2099202211060392,齐鲁工业大学,三人一狗,吴泽彪|姜川|王励翔,1,0,3,157,171,silver,rule_10_20_30
2022,shenyang,2099202211060393,齐鲁工业大学,打铁第一,袁璞鑫|谌兆晖|郑博维,1,0,1,12,678,,rule_10_20_30
2022,shenyang,2099202211060394,齐鲁工业大学,急得长痘痘,刘春轩|杜朝阳|陈代睿,1,0,2,54,441,,rule_10_20_30
2022,shenyang,2099202211060405,青岛农业大学,零来了,周宏宝|臧允盛|陈天翊,1,0,2,46,428,,rule_10_20_30
2022,shenyang,2099202211060406,青岛农业大学,紫色火焰,曹梦婷|王瑞彤|陈景燕,1,0,1,26,689,,rule_10_20_30
2022,shenyang,2099202211060407,青岛农业大学,R_L_G,任嘉乐|刘志豪|高一博,1,0,1,15,680,,rule_10_20_30
2022,shenyang,2099202211060427,山东大学（威海）,脑袋！空空的,常婧雯|张胜熙|陈龙泽,1,0,3,192,190,silver,rule_10_20_30
2022,shenyang,2099202211060428,山东大学（威海）,刁德一,孙普华|曹津铭|朱浩天,1,0,3,203,199,silver,rule_10_20_30
2022,shenyang,2099202211060429,山东大学（威海）,提交什么都队,倪子鉴|施钧瀚|魏志祥,1,0,2,458,631,,rule_10_20_30
2022,shenyang,2099202211060430,山东工商学院,随便 ak,仝令辉|孟孜文|薛浩博,1,0,2,162,563,,rule_10_20_30
2022,shenyang,2099202211060431,山东工商学院,画地为牢,刘统誉|周东|陈文龙,1,0,2,373,623,,rule_10_20_30
2022,shenyang,2099202211060432,山东工商学院,不知丢,李亚然|王在媛|鲁庆,1,0,1,6,655,,rule_10_20_30
2022,shenyang,2099202211060443,山东石油化工学院,队名,凌超|徐帅航|牛正臣,1,0,2,337,614,,rule_10_20_30
2022,shenyang,2099202211060444,山东石油化工学院,山中月水中石,宋健伟|郭晨晖|陈阳,1,0,2,172,572,,rule_10_20_30
2022,shenyang,2099202211060445,山东石油化工学院,芋泥波波奶茶,张云竹|赵悯|马始跃,1,0,1,17,682,,rule_10_20_30
2022,shenyang,2099202211060469,深圳大学,SZU_Lagrange,叶瑞华|司徒灏|庞栋文,1,0,4,356,59,gold,rule_10_20_30
2022,shenyang,2099202211060470,深圳大学,SZU_Nash,庄子琪|邱晓睿|陈婷,1,0,3,358,346,bronze,rule_10_20_30
2022,shenyang,2099202211060471,深圳大学,SZU_Dirichlet,刘嘉豪|潘圳贤|蔡子健,1,0,4,571,141,silver,rule_10_20_30
2022,shenyang,2099202211060477,沈阳航空航天大学,镜花水月,张喜瑞|江克威|赵范佑,1,0,4,533,127,silver,rule_10_20_30
2022,shenyang,2099202211060478,沈阳航空航天大学,道阻且长,刘云鹏|薛逯|詹昊,1,0,3,314,305,bronze,rule_10_20_30
2022,shenyang,2099202211060479,沈阳航空航天大学,深藏 Blue,徐芳怡|曲祉欣|郭杰,1,0,1,8,664,,rule_10_20_30
2022,shenyang,2099202211060498,台州学院,废物 remake 重开人生模拟,孙铭迪|许世豪|黄嘉骏,1,0,3,247,241,bronze,rule_10_20_30
2022,shenyang,2099202211060499,台州学院,等等还没想好,孙张烨|罗志鹏|郑纪钢,1,0,3,270,263,bronze,rule_10_20_30
2022,shenyang,2099202211060500,台州学院,烂个将就,刘宇翔|徐海迪|许骏楠,1,0,3,405,379,bronze,rule_10_20_30
2022,shenyang,2099202211060501,太原理工大学,为嘛黄瓜绿,何奇璋|李昌荣|李沛霖,1,0,5,750,39,gold,rule_10_20_30
2022,shenyang,2099202211060502,太原理工大学,爆零自动机,周翰洋|朱伯扬|韩晓明,1,0,3,310,298,bronze,rule_10_20_30
2022,shenyang,2099202211060503,太原理工大学,百闻不如一见队,李浩宇|汤奇霖|范之毓,1,0,2,320,612,,rule_10_20_30
2022,shenyang,2099202211060532,武汉轻工大学,额可赛普特,王帅振|王百威|贾鹏城,1,0,2,72,468,,rule_10_20_30
2022,shenyang,2099202211060533,武汉轻工大学,三料高级特工,常凤迪|王甫达|高灵芝,1,0,2,339,616,,rule_10_20_30
2022,shenyang,2099202211060534,武汉轻工大学,赢了放烟花，输了喝可乐,王小康|谷帼嵘|邵宽,0,0,4,469,,,rule_10_20_30
2022,shenyang,2099202211060089,东北林业大学,太阳花,付钧元|汪兴阳|赵俊博,1,0,4,746,161,silver,rule_10_20_30
2022,shenyang,2099202211060542,西安理工大学,德鲁比,徐浩然|赵铭骏|金钰奇,0,0,4,560,,,rule_10_20_30
2022,shenyang,2099202211060543,西安理工大学,快请如来佛祖,张亿航|张舜尧|赵占董,1,0,1,65,701,,rule_10_20_30
2022,shenyang,2099202211060544,西安理工大学,神秘的力量,王颢焓|胡沛玮|马铭源,1,0,2,138,543,,rule_10_20_30
2022,shenyang,2099202211060558,西南财经大学,前进！冲击！突破！,张硕|杨文昊|钟明汉,1,0,4,382,64,gold,rule_10_20_30
2022,shenyang,2099202211060559,西南财经大学,疯狂周四,俞昌睿|刘喆琦|刘诗雨,1,0,3,356,345,bronze,rule_10_20_30
2022,shenyang,2099202211060560,西南财经大学,梯度上升,吴雨欣|欧阳文青|洪东洋,1,0,1,45,697,,rule_10_20_30
2022,shenyang,2099202211060561,西南大学,啦啦队,何一|徐畅|陈雯丽,1,0,0,0,705,,rule_10_20_30
2022,shenyang,2099202211060562,西南大学,C 语言大佬,傅祥斌|张新科|韩金鹏,1,0,0,0,705,,rule_10_20_30
2022,shenyang,2099202211060563,西南大学,暴力贪心水分队,刘海林|张钰涓|谢秉臻,1,0,0,0,705,,rule_10_20_30
2022,shenyang,2099202211060582,香港中文大学（深圳）,龙大相遇快乐划水,夏禹扬|蒋一歌|赵子逸,1,0,4,504,116,silver,rule_10_20_30
2022,shenyang,2099202211060583,香港中文大学（深圳）,别人 ak 我们只因,刘戴乐|康泽煊|邵辰航,1,0,2,69,460,,rule_10_20_30
2022,shenyang,2099202211060584,香港中文大学（深圳）,隐约丁真,戴湛宸|梁骆城|赵若森,1,0,3,379,369,bronze,rule_10_20_30
2022,shenyang,2099202211060590,信息工程大学,信大打铁人,余永哲|周逸群|李飞扬,1,0,3,207,202,silver,rule_10_20_30
2022,shenyang,2099202211060591,信息工程大学,Found404,杨继豪|郭瀚杨|魏祎涵,1,0,2,440,630,,rule_10_20_30
2022,shenyang,2099202211060592,信息工程大学,桃桃涵秋月,崔馨月|左涵琪|龙秋璇,1,0,2,337,614,,rule_10_20_30
2022,shenyang,2099202211060611,长沙理工大学,生椰玛利颜,彭本仁|鲍家帅|黄舒怡,1,0,4,468,100,silver,rule_10_20_30
2022,shenyang,2099202211060612,长沙理工大学,3TM,何晶|彭烨青|陈亮,1,0,3,296,288,bronze,rule_10_20_30
2022,shenyang,2099202211060613,长沙理工大学,真不能摆烂吧,莫小祺|陈家驹|黄嘉兴,1,0,2,74,470,,rule_10_20_30
2022,shenyang,2099202211060622,浙江财经大学,浙财 21 队,朱腾|王乔治|陈超,1,0,2,83,488,,rule_10_20_30
2022,shenyang,2099202211060623,浙江财经大学,花期渐远,余晨橙|沈驰|王志祥,1,0,3,726,404,bronze,rule_10_20_30
2022,shenyang,2099202211060624,浙江财经大学,秃如其来,叶国钊|张垚垚|朱新宇,1,0,3,243,237,bronze,rule_10_20_30
2022,shenyang,2099202211060660,浙江万里学院,风灵月影,周启鸿|林哲正|郭义杰,1,0,4,359,60,gold,rule_10_20_30
2022,shenyang,2099202211060661,浙江万里学院,精神小伙成双成队,岳杨|谢杭轩|郁佳烨,1,0,2,67,455,,rule_10_20_30
2022,shenyang,2099202211060662,浙江万里学院,吃饭不排队,戴单一|王若菲|陶璐,1,0,3,279,273,bronze,rule_10_20_30
2022,shenyang,2099202211060665,郑州大学,致命打击,李智宇|李沛霖|申重阳,1,0,2,38,416,bronze,rule_10_20_30
2022,shenyang,2099202211060666,郑州大学,NANA,刘世纪|苏同|黄笑凡,1,0,2,29,405,bronze,rule_10_20_30
2022,shenyang,2099202211060667,郑州大学,粉丝派对,梁志杰|王亚琪|赵圣元,1,0,2,69,460,,rule_10_20_30
2022,shenyang,2099202211060668,中北大学,天辰破晓,杨舒溶|王睿博|秦乐朋,1,0,3,279,273,bronze,rule_10_20_30
2022,shenyang,2099202211060669,中北大学,星辰之晖,武朝晖|武相辰|靳星宇,1,0,3,284,281,bronze,rule_10_20_30
2022,shenyang,2099202211060670,中北大学,冲上云霄,王烁|马少龙|高慧杰,1,0,2,72,468,,rule_10_20_30
2022,shenyang,2099202211060008,安徽工业大学,早上吃什么,林昊|王旭康|鲁宗顺,1,0,3,331,321,bronze,rule_10_20_30
2022,shenyang,2099202211060009,安徽工业大学,emmm,张孟来|李自东|郝思凯,1,0,3,436,383,bronze,rule_10_20_30
2022,shenyang,2099202211060010,安阳工学院,铁匠铺,刘曼|楚燎原|王新龙,1,0,2,120,526,,rule_10_20_30
2022,shenyang,2099202211060011,安阳工学院,搞几把 ICPC,任红辰|唐龙|雷依晴,1,0,1,7,663,,rule_10_20_30
2022,shenyang,2099202211060024,北京电子科技学院,matlab,史婧怡|陈振烨|黄人和,1,0,1,4,640,,rule_10_20_30
2022,shenyang,2099202211060025,北京电子科技学院,python,冀彦丞|曲经民|黄湛,1,0,2,416,629,,rule_10_20_30
2022,shenyang,2099202211060026,北京工业大学,Anonymous,佟祥正|周晟颐|洪蔚杰,1,0,3,164,174,silver,rule_10_20_30
2022,shenyang,2099202211060027,北京工业大学,AK 就吃华莱士,吴美霖|陈小勇|陈建宇,1,0,2,118,525,,rule_10_20_30
2022,shenyang,2099202211060042,北京联合大学,小小作坊,宋长顺|邹开瑞|钟水清,1,0,2,141,547,,rule_10_20_30
2022,shenyang,2099202211060043,北京联合大学,先锋者,吴德盛|李梦哲|王翊伟,1,0,3,190,189,silver,rule_10_20_30
2022,shenyang,2099202211060671,中国传媒大学,三只菜汪,蒙佳健|邓何奇|郑华庆,1,0,3,416,380,bronze,rule_10_20_30
2022,shenyang,2099202211060672,中国传媒大学,定福庄好果汁大学,兰淳枫|杨宇森|潘东逸杰,1,0,3,148,170,silver,rule_10_20_30
2022,shenyang,2099202211060673,中国传媒大学,交的全队,李瑾熠|胡露坤|谭星语,1,0,2,150,556,,rule_10_20_30
2022,shenyang,2099202211060674,中国地质大学（北京）,我和我的二次元队友,伍泽鑫|张宇潇|赵笑天,1,0,3,234,227,bronze,rule_10_20_30
2022,shenyang,2099202211060675,中国地质大学（北京）,常夜樱的满绽,李桂嘉|罗逸恒|贾杨阳,1,0,3,209,204,silver,rule_10_20_30
2022,shenyang,2099202211060676,中国地质大学（北京）,223,余明辉|汤家逸|田孟琦,1,0,1,5,648,,rule_10_20_30
2022,shenyang,2099202211060677,中国地质大学（武汉）,薛定谔的 AC,王紫璇|胡浩宇|董瑞,1,0,1,6,655,,rule_10_20_30
2022,shenyang,2099202211060678,中国地质大学（武汉）,香水有毒,战翔宇|朱天泽|赵霄,1,0,3,135,165,silver,rule_10_20_30
2022,shenyang,2099202211060679,中国地质大学（武汉）,背着队友偷偷 wa 题,于桐|付欣宇|何永鑫,1,0,3,195,193,silver,rule_10_20_30
2022,shenyang,2099202211060701,中国人民大学,复旦栋梁,冯友和|张世骐|李修羽,1,0,5,634,31,gold,rule_10_20_30
2022,shenyang,2099202211060702,中国人民大学,姬霓太美,彭文博|徐十一|贾昊霖,1,0,3,533,401,bronze,rule_10_20_30
2022,shenyang,2099202211060703,中国人民大学,蒙古上单,周楷竣|涂奕腾|王家梁,1,0,3,200,197,silver,rule_10_20_30
2022,shenyang,2099202211060704,中国人民警察大学,我心永恒,张霁阳|戴煜东|李子杰,1,0,3,325,316,bronze,rule_10_20_30
2022,shenyang,2099202211060705,中国人民警察大学,可以摸摸你的 AU 吗,兰洁|彭文俊|李艳琳,1,0,2,407,627,,rule_10_20_30
2022,shenyang,2099202211060706,中国人民警察大学,燎烈,罗扬皓|蓝剑涛|顾培冉,0,0,2,268,,,rule_10_20_30
2022,shenyang,2099202211060715,中南民族大学,2022 互联网海量 offer,张子涵|程家威|陆尹凯,1,0,3,274,268,bronze,rule_10_20_30
2022,shenyang,2099202211060716,中南民族大学,看题看五小时,吴诗怡|王艳|陈阳,1,0,2,198,579,,rule_10_20_30
2022,shenyang,2099202211060717,中南民族大学,加入光荣的退役吧！,李雪松|罗巧如|闪陆易,1,0,3,293,285,bronze,rule_10_20_30
2022,shenyang,2099202211060730,重庆邮电大学,吃,封昊杰|崔子龙|辜飞云,1,0,5,754,40,gold,rule_10_20_30
2022,shenyang,2099202211060731,重庆邮电大学,炮灰小队,姜星洲|李宣龙|李豪,1,0,3,259,253,bronze,rule_10_20_30
2022,shenyang,2099202211060732,重庆邮电大学,香菜凤仁鸡食不食,杨博松|林信劼|陈浩如,1,0,4,526,125,silver,rule_10_20_30
2022,shenyang,2099202211060044,北京林业大学,北林合伙人,周子涵|肖云鸿|赵硕,1,0,3,401,377,bronze,rule_10_20_30
2022,shenyang,2099202211060045,北京林业大学,北林附小二队,梅涵|胡义|黄硕,1,0,3,365,355,bronze,rule_10_20_30
2022,shenyang,2099202211060061,成都理工大学,队名为菜,刘昊琨|吴运徽|粟生虎,1,0,3,189,187,silver,rule_10_20_30
2022,shenyang,2099202211060062,成都理工大学,正在起名,向悦帆|李松林|艾锋炎,1,0,2,360,621,,rule_10_20_30
2022,shenyang,2099202211060066,大连大学,还想要一个气球,孙文棋|李承昊|李民豪,1,0,2,98,508,,rule_10_20_30
2022,shenyang,2099202211060067,大连大学,活着 AC,刘逸飞|郭涵涛|魏恒彬,1,0,3,341,332,bronze,rule_10_20_30
2022,shenyang,2099202211060069,大连海事大学,银色牌堆,童奕|谢宏杰|邱家兴,1,0,3,321,311,bronze,rule_10_20_30
2022,shenyang,2099202211060070,大连海事大学,职业新生,孙林|王赟杰|覃相荣,1,0,2,162,563,,rule_10_20_30
2022,shenyang,2099202211060107,福建工程学院,太难了姐,刘婧茹|薛振松|邱奕涵,1,0,2,87,494,,rule_10_20_30
2022,shenyang,2099202211060108,福建工程学院,帅气逼人组合,张毅航|李超|蔡东斌,1,0,2,200,581,,rule_10_20_30
2022,shenyang,2099202211060109,福建农林大学,偷听思路才能写得对 2.0,王伟钦|黄江|黄耀杰,1,0,2,190,577,,rule_10_20_30
2022,shenyang,2099202211060117,广东东软学院,摸奖的艺术,童鑫|许杰森|郑旭,1,0,2,206,585,,rule_10_20_30
2022,shenyang,2099202211060118,广东东软学院,永不秃头队,杜沛源|王柏轩|胡天维,1,0,2,231,592,,rule_10_20_30
2022,shenyang,2099202211060122,广东海洋大学,又来白给,习乐乐|张正言|李春江,1,0,2,231,592,,rule_10_20_30
2022,shenyang,2099202211060123,广东海洋大学,啊对对队,张潮|郑志浩|陈浩然,1,0,1,3,637,,rule_10_20_30
2022,shenyang,2099202211060124,广东金融学院,芝士改变命运,林建诚|欧阳振文|蔡永健,1,0,2,92,502,,rule_10_20_30
2022,shenyang,2099202211060125,广东金融学院,今晚不再低调,廖斌楷|徐展鹏|杨煌,1,0,1,2,636,,rule_10_20_30
2022,shenyang,2099202211060127,广东外语外贸大学,AC 讲究天时地利,刘泽恩|李梓康|石胡梦,1,0,4,405,71,gold,rule_10_20_30
2022,shenyang,2099202211060128,广东外语外贸大学,AcMore+400,张佳鹏|杨嘉俊|钟钧仰,1,0,2,246,598,,rule_10_20_30
2022,shenyang,2099202211060132,广西师范大学,八千里路云和月,叶伟强|黄娟娟|黄青怡,1,0,2,75,472,,rule_10_20_30
2022,shenyang,2099202211060133,广西师范大学,不喝拿铁就不会拿铁,伍嘉庆|喻诗媛|杨康发,1,0,2,53,440,,rule_10_20_30
2022,shenyang,2099202211060134,广州城市理工学院,原神抽卡十发 6 金望周知,何镓乐|陈一恺|陈宏营,1,0,2,42,420,bronze,rule_10_20_30
2022,shenyang,2099202211060135,广州城市理工学院,自出洞来无敌手,吴楷鹏|岑明壤|钟新源,1,0,2,156,559,,rule_10_20_30
2022,shenyang,2099202211060139,广州南方学院,狂怒,童希玮|谢旭鹏|黄嘉琳,1,0,2,613,635,,rule_10_20_30
2022,shenyang,2099202211060140,广州南方学院,狂怒 2,曾昱恺|梅振豪|陈泓达,1,0,1,10,671,,rule_10_20_30
2022,shenyang,2099202211060141,广州中医药大学,签到队,徐梓荣|李佳威|黄天赐,1,0,1,6,655,,rule_10_20_30
2022,shenyang,2099202211060142,广州中医药大学,GZY 偷猫小分队,叶秋宜|张洁|邓淑莹,1,0,1,61,700,,rule_10_20_30
2022,shenyang,2099202211060183,合肥工业大学,知枚举可而为之,周家俊|葛嘉晨|陈浩杰,1,0,4,422,81,silver,rule_10_20_30
2022,shenyang,2099202211060184,合肥工业大学,队伍名健康积极向上,徐泽宇|易锦均|黄枭威,1,0,3,135,165,silver,rule_10_20_30
2022,shenyang,2099202211060733,大连理工大学盘锦校区,黄昏到黎明,张正阳|王珅|陈嘉佑,1,0,2,265,604,,rule_10_20_30
2022,shenyang,2099202211060734,大连理工大学盘锦校区,编译没错就行,刘楚杰|李金熹|罗艺翔,1,0,2,249,599,,rule_10_20_30
2022,shenyang,2099202211060110,福建师范大学,禁止烧林,刘威|林泰良|茹迦怡,1,0,3,614,403,bronze,rule_10_20_30
2022,shenyang,2099202211060185,合肥工业大学宣城校区,与移风易俗者同行,张植淇|田时成|陈若欣,1,0,2,86,492,,rule_10_20_30
2022,shenyang,2099202211060186,合肥工业大学宣城校区,芝士大学牲,吴嘉文|张亦弛|陆俊安,1,0,3,272,264,bronze,rule_10_20_30
2022,shenyang,2099202211060187,合肥学院,菲尼克斯,张帅|王彩超|王星力,1,0,3,449,385,bronze,rule_10_20_30
2022,shenyang,2099202211060188,合肥学院,三核低效率解题机,李鹏飞|王国梁|高欢欢,1,0,3,332,322,bronze,rule_10_20_30
2022,shenyang,2099202211060190,河北工业大学,先打他一块铁,张卓立|葛子赫|贾旭明,1,0,3,209,204,silver,rule_10_20_30
2022,shenyang,2099202211060191,河北工业大学,三带一队,乔心豪|刘光辉|李明芪,1,0,3,224,217,bronze,rule_10_20_30
2022,shenyang,2099202211060192,河北经贸大学,玛玛哈哈,张安吉|祁晓雨|赵聪聪,1,0,1,5,648,,rule_10_20_30
2022,shenyang,2099202211060193,河北经贸大学,重启征途,孙雨桐|王旭东|田少奇,1,0,3,348,340,bronze,rule_10_20_30
2022,shenyang,2099202211060199,河海大学,载流子,仲欣晨|卢亮琦|张宇豪,1,0,4,305,48,gold,rule_10_20_30
2022,shenyang,2099202211060200,河海大学,Akers,刘洋|张宇|黄兆彬,1,0,4,500,114,silver,rule_10_20_30
2022,shenyang,2099202211060202,河南大学,望星,任勐鑫|史书铭|蔡俊宇,1,0,3,277,272,bronze,rule_10_20_30
2022,shenyang,2099202211060203,河南大学,背起背包,刘泽运|邢丙鑫|陈经安,1,0,3,333,323,bronze,rule_10_20_30
2022,shenyang,2099202211060204,河南工业大学,放课后茶会,孔维飒|李志豪|苏锦鹏,1,0,2,94,506,,rule_10_20_30
2022,shenyang,2099202211060205,河南工业大学,未来前夕,卞文浩|郑永康|黄鹏宇,1,0,3,377,368,bronze,rule_10_20_30
2022,shenyang,2099202211060206,河南理工大学,三个猛男,张定一|朱胜豪|赵亚飞,1,0,2,54,441,,rule_10_20_30
2022,shenyang,2099202211060207,河南理工大学,三人成行,孙超强|张腾|要霖清,1,0,3,262,256,bronze,rule_10_20_30
2022,shenyang,2099202211060208,河南师范大学,雪之下雪乃,张新可|陈卓|黄尹鸿,1,0,2,43,421,bronze,rule_10_20_30
2022,shenyang,2099202211060209,河南师范大学,pingpong,余国庆|郝奥恺|高新想,1,0,2,35,411,bronze,rule_10_20_30
2022,shenyang,2099202211060210,黑龙江大学,想要得到坤坤的守护,杨启欣|王子旭|邱胜立,1,0,2,48,433,,rule_10_20_30
2022,shenyang,2099202211060211,黑龙江大学,世界终焉即是 AC 开始,伍宝骅|徐振寓|李冠洋,1,0,3,326,317,bronze,rule_10_20_30
2022,shenyang,2099202211060212,湖北第二师范学院,lstxdy,李靓|邵冲|陈路迪,1,0,2,109,516,,rule_10_20_30
2022,shenyang,2099202211060213,湖北第二师范学院,fancymanWC,刘保智|游俊爽|翁佳杭,1,0,3,453,387,bronze,rule_10_20_30
2022,shenyang,2099202211060231,湖南理工学院,GoldKilm,许盼|金烜宇|阳金里,1,0,4,383,65,gold,rule_10_20_30
2022,shenyang,2099202211060232,湖南理工学院,bibabo,宋健|陈鹏|高天宇,1,0,2,115,523,,rule_10_20_30
2022,shenyang,2099202211060233,湖南农业大学,莱茵之诗,刘嘉诚|王溪超|黎锦阳,1,0,3,366,357,bronze,rule_10_20_30
2022,shenyang,2099202211060234,湖南农业大学,两蒂蒂夹面包,严圣培|张令轩|肖潇,1,0,2,66,453,,rule_10_20_30
2022,shenyang,2099202211060241,湖南中医药大学,三个卷心菜,胡寒阳|谌俊宇|贺博,1,0,1,4,640,,rule_10_20_30
2022,shenyang,2099202211060242,湖南中医药大学,风卷残云,王雄俊|程志豪|郭星鑫,1,0,2,155,558,,rule_10_20_30
2022,shenyang,2099202211060247,华北理工大学,凡人皆有一死,刘海东|宋俊杰|李宗洋,1,0,2,148,554,,rule_10_20_30
2022,shenyang,2099202211060248,华北理工大学,执牛耳者,张威源|王子宁|郝雨,1,0,2,108,515,,rule_10_20_30
2022,shenyang,2099202211060114,福州大学至诚学院,遇事不决直接开摆,弭锡运|谢嘉诚|赖子炜,1,0,2,120,526,,rule_10_20_30
2022,shenyang,2099202211060249,华东理工大学,过题比当艾尔登之王还难,夏雨奇|季一韦|郑钧泽,1,0,3,400,376,bronze,rule_10_20_30
2022,shenyang,2099202211060250,华东理工大学,上课铃是摇篮曲所以我们 11 点就下线,姜中为|汪梓祥|逯天毅,1,0,3,170,179,silver,rule_10_20_30
2022,shenyang,2099202211060286,吉首大学,芜湖起飞,周建政|魏褚鹏|黎子龙,1,0,4,658,156,silver,rule_10_20_30
2022,shenyang,2099202211060287,吉首大学,不是二次元,冯浩楠|林强|石逸可,1,0,2,166,566,,rule_10_20_30
2022,shenyang,2099202211060289,暨南大学,Reimei,文荫华|詹方榕|麦骏,1,0,5,529,23,gold,rule_10_20_30
2022,shenyang,2099202211060290,暨南大学,菜鸟分割线,余欣妍|柯瑞凯|贾子涵,1,0,4,454,96,silver,rule_10_20_30
2022,shenyang,2099202211060296,江苏大学,闪耀之所在,姜辰|林海昊|田野,1,0,4,577,143,silver,rule_10_20_30
2022,shenyang,2099202211060297,江苏大学,队友明年要润了怎么办,周泽康|张景耀|董屹晨,1,0,2,222,590,,rule_10_20_30
2022,shenyang,2099202211060304,江西科技学院,大口喝冰可乐,王磊|罗穆林|赵彬彬,1,0,1,10,671,,rule_10_20_30
2022,shenyang,2099202211060305,江西科技学院,清影耀阳,曹盛民|桑柳剑|蓝瀚鑫,1,0,1,4,640,,rule_10_20_30
2022,shenyang,2099202211060306,江西理工大学,啊吧啊吧,曾昀瑞|王若旭|邓英豪,1,0,2,136,538,,rule_10_20_30
2022,shenyang,2099202211060307,江西理工大学,锟斤拷,刘宇骏|童涛|邱欣健,1,0,3,288,284,bronze,rule_10_20_30
2022,shenyang,2099202211060308,江西理工大学南昌校区,边缘行者,王得懿|苏奕昕|高薇娟,1,0,2,63,450,,rule_10_20_30
2022,shenyang,2099202211060309,江西理工大学南昌校区,阳光彩虹小白马,吴贵垚|孙港|张蓉,1,0,2,136,538,,rule_10_20_30
2022,shenyang,2099202211060313,金陵科技学院,铁牌也是牌,张锦森|方赛|邱若愚,1,0,2,168,568,,rule_10_20_30
2022,shenyang,2099202211060314,金陵科技学院,浅尝一口你说的爱我,万卓越|帅蕴哲|李蕴杰,1,0,3,257,250,bronze,rule_10_20_30
2022,shenyang,2099202211060329,临沂大学,会发生奇迹对不对？,宗永帝|李扬|李海洋,1,0,2,44,424,,rule_10_20_30
2022,shenyang,2099202211060330,临沂大学,学弟带我吠,刘会智|张谦|张金宝,1,0,2,123,530,,rule_10_20_30
2022,shenyang,2099202211060332,闽南师范大学,变成嘉心糖守护喜顺小姐,吴汉松|林志强|龚泽民,1,0,3,365,355,bronze,rule_10_20_30
2022,shenyang,2099202211060333,闽南师范大学,披荆称王，伴坤远航,叶诗恒|戴乐|胡浩荣,1,0,1,25,686,,rule_10_20_30
2022,shenyang,2099202211060334,南昌大学,intmian,彭延飞|李长乐|樊能,1,0,4,476,101,silver,rule_10_20_30
2022,shenyang,2099202211060335,南昌大学,dancemonkey,徐铚濠|曹禹|林博宇,1,0,3,231,224,bronze,rule_10_20_30
2022,shenyang,2099202211060339,南昌理工学院,不想写了开摆,万训炜|刘伟|姚俞坚,1,0,3,333,323,bronze,rule_10_20_30
2022,shenyang,2099202211060340,南昌理工学院,来杯冰可乐,叶标俊|吕家鹏|吴文涛,1,0,1,25,686,,rule_10_20_30
2022,shenyang,2099202211060345,南华大学,难道他真的是天才,周楷傑|李柏顺|杨家骏,1,0,3,198,195,silver,rule_10_20_30
2022,shenyang,2099202211060346,南华大学,昨天刚学 C++,司超宁|李奕星|王圣宇,1,0,4,412,75,silver,rule_10_20_30
2022,shenyang,2099202211060351,南京工业大学,AC 自动机,张喆|张林骏|朱伯钊,1,0,3,300,290,bronze,rule_10_20_30
2022,shenyang,2099202211060352,南京工业大学,石上三年,何海嘉|王佳鑫|赵凯,1,0,2,48,433,,rule_10_20_30
2022,shenyang,2099202211060362,南京林业大学,reji3tr,祝峰楠|邢超宇|雷宇,1,0,3,178,182,silver,rule_10_20_30
2022,shenyang,2099202211060363,南京林业大学,锁金村村队,徐震|杨瀚岚|葛文轩,1,0,2,321,613,,rule_10_20_30
2022,shenyang,2099202211060115,阜阳师范大学,ALJMC,丁梅|丁玲玲|宋茹静,1,0,2,182,575,,rule_10_20_30
2022,shenyang,2099202211060365,南京晓庄学院,英勇投弹手,洪湘雪|睢志翔|龚子莛,1,0,2,214,588,,rule_10_20_30
2022,shenyang,2099202211060366,南京晓庄学院,全靠队友 AC,徐志辉|聂圣杰|顾子妍,1,0,2,172,572,,rule_10_20_30
2022,shenyang,2099202211060382,南阳师范学院,火烧小火龙,吴晨枫|贺杨曾|邹梦辉,1,0,1,5,648,,rule_10_20_30
2022,shenyang,2099202211060383,南阳师范学院,皮卡皮卡,周静饧|曹高磊|沈妍琪,1,0,3,294,286,bronze,rule_10_20_30
2022,shenyang,2099202211060395,齐齐哈尔大学,教练说我们没有拿奖就不给报销,周海涛|胡永顺|邹建楠,1,0,3,338,330,bronze,rule_10_20_30
2022,shenyang,2099202211060396,齐齐哈尔大学,摆,伍梓亮|焦易凡|王宇,1,0,2,82,486,,rule_10_20_30
2022,shenyang,2099202211060409,曲阜师范大学,吾队有战神,刘洪哲|孙中远|孙思源,1,0,2,157,560,,rule_10_20_30
2022,shenyang,2099202211060410,曲阜师范大学,数学天才 zj,于海艇|许文然|赵一钒,1,0,2,198,579,,rule_10_20_30
2022,shenyang,2099202211060411,三峡大学,dp 请再爱我一次,李永波|颜立|鲍洋,1,0,3,330,320,bronze,rule_10_20_30
2022,shenyang,2099202211060412,三峡大学,扩散模型,戴子韬|熊庭|魏荐书,1,0,2,91,501,,rule_10_20_30
2022,shenyang,2099202211060417,厦门大学嘉庚学院,现在是学术时间,范徐伟|陆淳杰|黄振豪,1,0,3,363,352,bronze,rule_10_20_30
2022,shenyang,2099202211060418,厦门大学嘉庚学院,红豆泥私密马赛,张申庚|徐邱骏|江朝立,1,0,2,111,520,,rule_10_20_30
2022,shenyang,2099202211060419,厦门理工学院,代码编辑器,杨晨曦|赖荣峰|黄鸿,1,0,2,122,528,,rule_10_20_30
2022,shenyang,2099202211060420,厦门理工学院,为中华之崛起而读书,孔德森|江贤哲|黄奇凡,1,0,2,202,582,,rule_10_20_30
2022,shenyang,2099202211060421,山东财经大学,求求快解封,孙和玉|路士磊|郭嘉昊,1,0,2,187,576,,rule_10_20_30
2022,shenyang,2099202211060422,山东财经大学,恶龙咆哮,李佳宁|谢坤宏|黄天佑,1,0,2,169,569,,rule_10_20_30
2022,shenyang,2099202211060433,山东科技大学,NCC_26531 埃克塞特号,李增|李超楠|武守恒,1,0,3,234,227,bronze,rule_10_20_30
2022,shenyang,2099202211060434,山东科技大学,银河号,李智豪|邓鹏超|黄秉浩,1,0,2,123,530,,rule_10_20_30
2022,shenyang,2099202211060439,山东女子学院,哆啦 A 梦的魔法口袋,张俊涛|朱赟|王振东,1,0,3,527,399,bronze,rule_10_20_30
2022,shenyang,2099202211060440,山东女子学院,BlackRed,姚秀涛|张艺颖|胡吉利,1,0,1,5,648,,rule_10_20_30
2022,shenyang,2099202211060441,山东师范大学,闭嘴，退队,刘东暄|刘诗琪|李钰,1,0,2,138,543,,rule_10_20_30
2022,shenyang,2099202211060442,山东师范大学,队长没过四级,刘萌|田聪|魏宇翔,1,0,2,179,574,,rule_10_20_30
2022,shenyang,2099202211060446,陕西科技大学,AllPerfect,兰澎煇|王丹|马闻捷,1,0,2,99,509,,rule_10_20_30
2022,shenyang,2099202211060447,陕西科技大学,hydro.ac,刘权梁|周长安|黄熠,1,0,3,166,175,silver,rule_10_20_30
2022,shenyang,2099202211060454,上海第二工业大学,粉红毛毛兔,胡垚|邓人铭|陈骏蔚,1,0,2,75,472,,rule_10_20_30
2022,shenyang,2099202211060455,上海第二工业大学,汪汪队起飞咯,占淼|葛周麒|陈泽平,1,0,2,84,491,,rule_10_20_30
2022,shenyang,2099202211060457,上海交通大学,银色子弹,戚洋|江若泓|陈则佳,1,0,7,993,6,gold,rule_10_20_30
2022,shenyang,2099202211060458,上海交通大学,云影徘徊,曾子瑞|陈圣尧|陈烨炜,1,0,4,297,47,gold,rule_10_20_30
2022,shenyang,2099202211060735,山东科技大学（泰安校区）,完了全 WA 了,宋宇轩|袁恩宁|袁梓尧,1,0,2,202,582,,rule_10_20_30
2022,shenyang,2099202211060736,山东科技大学（泰安校区）,大兔子,刘畅|张智泰|李骏一,1,0,1,9,668,,rule_10_20_30
2022,shenyang,2099202211060116,复旦大学,可持久化菜鸡,杨登宇|王雨晨|秦励超,1,0,4,542,131,silver,rule_10_20_30
2022,shenyang,2099202211060459,上海科技大学,发际线跟我作队,乔楷淳|周守琛|沈则羲,1,0,3,280,276,bronze,rule_10_20_30
2022,shenyang,2099202211060460,上海科技大学,头文件,吴祯暄|孙宇飞|施浩何奇,1,0,2,167,567,,rule_10_20_30
2022,shenyang,2099202211060461,上海理工大学,胡学姐像阿尼亚一样可爱,刘斌然|潘孝安|胡洁昌,1,0,4,200,44,gold,rule_10_20_30
2022,shenyang,2099202211060462,上海理工大学,面向样例编程,周骁腾|李明懿|韩昱川,1,0,3,215,209,silver,rule_10_20_30
2022,shenyang,2099202211060463,韶关学院,美少女战士,康丁魁|童浩轩|黎国雄,1,0,3,239,233,bronze,rule_10_20_30
2022,shenyang,2099202211060464,韶关学院,Siegelion,刘庭权|林日清|罗凯鑫,1,0,2,318,611,,rule_10_20_30
2022,shenyang,2099202211060467,绍兴文理学院元培学院,保一争二,尤可扬|江雨珊|汤靖,1,0,4,822,162,silver,rule_10_20_30
2022,shenyang,2099202211060468,绍兴文理学院元培学院,朝气蓬勃大一队,徐冕|杨孔俊|黄佳欣,1,0,2,74,470,,rule_10_20_30
2022,shenyang,2099202211060480,沈阳化工大学,66 岁韦队重返赛场,孙皓宸|张舒怡|朱宏凯,1,0,3,336,328,bronze,rule_10_20_30
2022,shenyang,2099202211060481,沈阳化工大学,瑞智爱做梦,全梦翔|刘智|刘欣瑞,1,0,1,8,664,,rule_10_20_30
2022,shenyang,2099202211060482,石家庄铁道大学,PDA 掌上自动 ac 机,代唯佳|彭佳晨|艾梓宸,1,0,3,333,323,bronze,rule_10_20_30
2022,shenyang,2099202211060483,石家庄铁道大学,LR 文法活前缀,宋世鹏|李思成|胡赞,1,0,3,187,185,silver,rule_10_20_30
2022,shenyang,2099202211060509,天津仁爱学院,以上队伍成绩无效,周旭|杨英尧|祝蓉光,1,0,2,70,464,,rule_10_20_30
2022,shenyang,2099202211060510,天津仁爱学院,"弹一首""Secret""头发会长回来吗",占世豪|孙锦飒|黄进业,1,0,2,47,431,,rule_10_20_30
2022,shenyang,2099202211060522,武汉纺织大学,WA 完越南再 WA 缅甸,杨沛霖|杨硕|陆挺,1,0,3,366,357,bronze,rule_10_20_30
2022,shenyang,2099202211060523,武汉纺织大学,调停者,李成|王灏|雷宇涛,1,0,2,170,570,,rule_10_20_30
2022,shenyang,2099202211060524,武汉工程大学,无名队,刘宣萱|彭家顺|徐偲翰,1,0,2,61,449,,rule_10_20_30
2022,shenyang,2099202211060525,武汉工程大学,会有奇迹吗？,尹睿怡|李东升|龚万,1,0,2,38,416,bronze,rule_10_20_30
2022,shenyang,2099202211060526,武汉科技大学,城之内火焰,何超|肖依如|陈彬,1,0,3,227,220,bronze,rule_10_20_30
2022,shenyang,2099202211060527,武汉科技大学,心里没点 AC 数,侯丞志|周神洲|马长敬,1,0,3,339,331,bronze,rule_10_20_30
2022,shenyang,2099202211060535,武汉商学院,天才妖精能读懂出题人想法吗,熊子豪|贾锐哲|马锦琦,1,0,3,307,296,bronze,rule_10_20_30
2022,shenyang,2099202211060536,武汉商学院,聪明阿尼亚能猜出题人想法吗,张凯博|张楷炜|魏翔,1,0,1,8,664,,rule_10_20_30
2022,shenyang,2099202211060547,西北大学,早八睡不醒,严馨蕊|冯幸|王婷,1,0,4,686,160,silver,rule_10_20_30
2022,shenyang,2099202211060548,西北大学,ACM 并非势均力敌，多位大厨正在烹饪,叶嘉宁|王卜言|郭子威,1,0,3,227,220,bronze,rule_10_20_30
2022,shenyang,2099202211060568,西南科技大学,生如夏花,严天羿|朱杰|魏云鹏,1,0,3,189,187,silver,rule_10_20_30
2022,shenyang,2099202211060569,西南科技大学,三个兔子凑不出布朗尼,王志坚|陈世杰|雷曜荣,1,0,2,404,624,,rule_10_20_30
2022,shenyang,2099202211060575,西南石油大学,梦里不知身是客,李明屿|邓晓峰|陈锐,1,0,1,5,648,,rule_10_20_30
2022,shenyang,2099202211060576,西南石油大学,三元运算律,刘知鑫|叶天宇|谭涛,1,0,2,70,464,,rule_10_20_30
2022,shenyang,2099202211060737,香港中文大学,驚心出行,周逸祥|杨译琉|甄梓濠,1,0,3,199,196,silver,rule_10_20_30
2022,shenyang,2099202211060738,香港中文大学,ACE,李俊傑|談知衡|龍瑞希,1,0,4,439,88,silver,rule_10_20_30
2022,shenyang,2099202211060593,徐州工程学院,你就是歌姬,于孝元|周子淳|张赏赏,1,0,3,222,215,bronze,rule_10_20_30
2022,shenyang,2099202211060594,徐州工程学院,AliceAndBob,朱骏豪|李赛|郜鑫,1,0,2,202,582,,rule_10_20_30
2022,shenyang,2099202211060595,烟台大学,伊丽莎白,伍远毅|俞传洲|徐振祥,1,0,2,39,418,bronze,rule_10_20_30
2022,shenyang,2099202211060596,烟台大学,寄汤来咯,王令辉|艾雪飞|郁昌民,1,0,3,312,301,bronze,rule_10_20_30
2022,shenyang,2099202211060597,云南大学,【B 限】昆明速度,吴晓蒙|李明康|林逸泉,1,0,3,274,268,bronze,rule_10_20_30
2022,shenyang,2099202211060598,云南大学,梅花队,周翔宇|王柯|蔡新宇,1,0,2,136,538,,rule_10_20_30
2022,shenyang,2099202211060599,长安大学,嗨嗨嗨,周赛|王瑄|田宇,1,0,3,166,175,silver,rule_10_20_30
2022,shenyang,2099202211060600,长安大学,教练说让栋哥带我打比赛,夏强|李家栋|谢欢,1,0,4,485,108,silver,rule_10_20_30
2022,shenyang,2099202211060609,长江师范学院,妙 wa 种子,李黎玉|黄德楠|龙柳桥,1,0,2,145,551,,rule_10_20_30
2022,shenyang,2099202211060610,长江师范学院,重启征途,任晓峰|王帅|陈亮,1,0,1,4,640,,rule_10_20_30
2022,shenyang,2099202211060614,长沙学院,有向无环图,张政东|李杰|高天宇,1,0,2,37,413,bronze,rule_10_20_30
2022,shenyang,2099202211060615,长沙学院,划水大队,刘荣发|王明森|蒋煜涛,1,0,3,272,264,bronze,rule_10_20_30
2022,shenyang,2099202211060616,肇庆学院,北岭一队,张晓鹏|李炫塔|蔡杰宁,1,0,3,245,238,bronze,rule_10_20_30
2022,shenyang,2099202211060617,肇庆学院,北岭二队,林仙|谢俊棋|谢信基,1,0,1,8,664,,rule_10_20_30
2022,shenyang,2099202211060618,浙大城市学院,来杯拿铁,潘劲帆|章晨榆|钟天宇,1,0,3,147,169,silver,rule_10_20_30
2022,shenyang,2099202211060619,浙大城市学院,游客,张博超|方韬瑜|楼晨,1,0,3,175,180,silver,rule_10_20_30
2022,shenyang,2099202211060620,浙大宁波理工学院,哪个队,吴承丞|郑馨悦|陈铮,1,0,4,664,157,silver,rule_10_20_30
2022,shenyang,2099202211060621,浙大宁波理工学院,啊对对对,沈威|胡鑫磊|谢俊喆,1,0,3,249,245,bronze,rule_10_20_30
2022,shenyang,2099202211060638,浙江机电职业技术学院,摸鱼的鸽子,应程杰|阮湛皓|陈佳宇,1,0,3,281,277,bronze,rule_10_20_30
2022,shenyang,2099202211060639,浙江机电职业技术学院,泥头车,张旭锋|洪志伦|薛彬,1,0,2,525,634,,rule_10_20_30
2022,shenyang,2099202211060640,浙江金融职业学院,可持久化颓废,吕哲宇|吴俊杰|邓瑞琦,1,0,3,329,318,bronze,rule_10_20_30
2022,shenyang,2099202211060641,浙江金融职业学院,芭芭拉冲呀,张如华|胡恩俊|金汝霖,1,0,2,111,520,,rule_10_20_30
2022,shenyang,2099202211060654,浙江农林大学暨阳学院,永昼,刘浩琪|姜梓堉|张启琛,1,0,3,259,253,bronze,rule_10_20_30
2022,shenyang,2099202211060655,浙江农林大学暨阳学院,求求给个铜吧,余艾珏|吴招阳|汪柯宁,1,0,2,406,626,,rule_10_20_30
2022,shenyang,2099202211060663,浙江育英职业技术学院,big 胆！,沈汪洋|许辉彬|谢加文,1,0,2,288,608,,rule_10_20_30
2022,shenyang,2099202211060664,浙江育英职业技术学院,快乐摸鱼,丁迪喜|叶权豪|吴佳莹,1,0,2,405,625,,rule_10_20_30
2022,shenyang,2099202211060680,中国海洋大学,新时代打铁青年,尹嘉豪|王梓懿|黄博斌,1,0,2,76,475,,rule_10_20_30
2022,shenyang,2099202211060681,中国海洋大学,三个菜鸟,冯颢|华佳彬|谢闽卿,1,0,2,76,475,,rule_10_20_30
2022,shenyang,2099202211060693,中国矿业大学（北京）,勇士归来,杨沛然|罗心伟|邹放达,1,0,4,455,97,silver,rule_10_20_30
2022,shenyang,2099202211060694,中国矿业大学（北京）,无敌鲨嘴炮,褚瑞林|钟雯琳|陶澍,1,0,2,348,617,,rule_10_20_30
2022,shenyang,2099202211060130,广西科技大学,猫猫星的守望,李欣燃|薛沈轲|高业诚,1,0,3,222,215,bronze,rule_10_20_30
2022,shenyang,2099202211060131,广西民族大学,无语了,吕继民|杨子龙|王志贤,0,0,2,100,,,rule_10_20_30
2022,shenyang,2099202211060143,贵州大学,青春 NovelAI 不会梦到 AlphaCode,李东阳|肖焕|邓惠敏,1,0,4,567,139,silver,rule_10_20_30
2022,shenyang,2099202211060168,哈尔滨华德学院,番茄炒蛋,殷涛|温亚龙|辛牧云,1,0,2,163,565,,rule_10_20_30
2022,shenyang,2099202211060189,河北大学,河北大学云帆一队,刘哲轩|王旭|赵润朔,1,0,2,34,409,bronze,rule_10_20_30
2022,shenyang,2099202211060194,河北科技师范学院,绘梨花,丁思羽|华葳|周航,1,0,2,237,596,,rule_10_20_30
2022,shenyang,2099202211060201,河南财政金融学院,WAWAWA,李祖卫|王梦贤|秦卓,1,0,3,273,266,bronze,rule_10_20_30
2022,shenyang,2099202211060223,湖南工学院,小鲤鱼历险记,朱敏奇|郑源昕|阳雪峰,1,0,2,255,601,,rule_10_20_30
2022,shenyang,2099202211060224,湖南工业大学,求求给我们块铁牌吧,唐子俊|阳彝霖|陈锦硕,1,0,3,342,334,bronze,rule_10_20_30
2022,shenyang,2099202211060229,湖南科技大学,地平线,文卓|李能|杨权,1,0,2,54,441,,rule_10_20_30
2022,shenyang,2099202211060230,湖南科技学院,车拉马,朱祎文|李公全|李顺龙,0,0,3,304,,,rule_10_20_30
2022,shenyang,2099202211060235,湖南人文科技学院,完美谢幕,张克胜|王玉|莫勤键,1,0,2,93,505,,rule_10_20_30
2022,shenyang,2099202211060236,湖南涉外经济学院,AC 自动机不能自动 AC,李茂清|罗新新|黄再浥,1,0,2,66,453,,rule_10_20_30
2022,shenyang,2099202211060237,湖南师范大学,摆烂自动机,唐熙林|石艺鑫|韦天赐,1,0,3,236,231,bronze,rule_10_20_30
2022,shenyang,2099202211060246,湖州职业技术学院,摆烂队,叶翊航|潘魏娟|王佳奇,1,0,1,18,683,,rule_10_20_30
2022,shenyang,2099202211060288,济南大学,樱之重生,刘延松|张益铭|龚奕天,1,0,3,142,167,silver,rule_10_20_30
2022,shenyang,2099202211060291,佳木斯大学,动态清零·责无旁贷,余道成|王振宇|鲁泽临,1,0,2,213,587,,rule_10_20_30
2022,shenyang,2099202211060292,嘉应学院,神狗之争,蔡创昇|袁锐涛|颜朝杰,0,0,2,41,,,rule_10_20_30
2022,shenyang,2099202211060298,江苏科技大学苏州理工学院,苏理工一队,何梦飞|李亚军|李鹏宇,1,0,2,116,524,,rule_10_20_30
2022,shenyang,2099202211060299,江苏理工学院,可恶，还是不行吗,李乐|杜晓行|郭宸逸,1,0,2,80,484,,rule_10_20_30
2022,shenyang,2099202211060303,江西科技师范大学,HZW,万晨阳|周文哲|黄颖强,1,0,2,80,484,,rule_10_20_30
2022,shenyang,2099202211060326,辽宁大学,宵待雨月,殷勇杰|胡文龙|雷震宇,1,0,3,168,177,silver,rule_10_20_30
2022,shenyang,2099202211060327,辽宁科技大学,以上是获奖队伍队,李政伦|林振宏|潘择宇,1,0,2,493,633,,rule_10_20_30
2022,shenyang,2099202211060328,辽宁石油化工大学,飞天大大,王长远|贺世杰|陈超杰,1,0,2,83,488,,rule_10_20_30
2022,shenyang,2099202211060723,中央民族大学,心脏跳动,廖旭文|甘一超|陈博,1,0,3,359,347,bronze,rule_10_20_30
2022,shenyang,2099202211060724,中央民族大学,欧拉拉能量,朱佳琦|焦怡培|陈艺,1,0,1,46,698,,rule_10_20_30
2022,shenyang,2099202211060725,中原工学院,必能上岸,李传坤|程子函|郭栋,1,0,4,644,153,silver,rule_10_20_30
2022,shenyang,2099202211060726,中原工学院,先驱者,刘子臣|刘宇澄|张雨翀,1,0,2,110,518,,rule_10_20_30
2022,shenyang,2099202211060728,重庆科技学院,功夫猫猫,智旭东|涂禄林|陈麒霖,1,0,2,68,456,,rule_10_20_30
2022,shenyang,2099202211060729,重庆科技学院,突出重围,刘道柯|李佳乐|李春明,1,0,2,79,480,,rule_10_20_30
2022,shenyang,2099202211060001,安徽财经大学,真 iKun,朱君锴|窦建邺|钱宸,1,0,1,49,699,,rule_10_20_30
2022,shenyang,2099202211060126,广东理工学院,做 AK 梦,何明飞|洪麒焘|黄熙灿,1,0,2,132,537,,rule_10_20_30
2022,shenyang,2099202211060129,广西大学,火箭队,张可|武成志|陈松盛,1,0,3,220,212,silver,rule_10_20_30
2022,shenyang,2099202211060331,吕梁学院,吕梁学院,张一航|徐亮|承亚杰,1,0,1,4,640,,rule_10_20_30
2022,shenyang,2099202211060341,南昌职业大学,果冻三剑客,李祥龙|江志辉|肖展斌,1,0,2,39,418,bronze,rule_10_20_30
2022,shenyang,2099202211060364,南京师范大学,这么巧，你也是 ikun,周旻硕|季润民|彭章荣,1,0,3,216,210,silver,rule_10_20_30
2022,shenyang,2099202211060384,内蒙古师范大学,3SM,梁琛宙|赵文浩|韩步青,1,0,2,412,628,,rule_10_20_30
2022,shenyang,2099202211060391,莆田学院,白色相簿,郭翼|陈果|陈梅星,1,0,2,312,610,,rule_10_20_30
2022,shenyang,2099202211060408,青岛农业大学海都学院,逐光者,崔剑烁|李炫谊|郭锦坤,1,0,1,6,655,,rule_10_20_30
2022,shenyang,2099202211060448,汕头大学,问问评测姬,潘啟华|潘锦华|莫泽豪,1,0,3,260,255,bronze,rule_10_20_30
2022,shenyang,2099202211060456,上海海洋大学,临港贝极星,张一帆|徐华源|谷艺豪,1,0,3,304,293,bronze,rule_10_20_30
2022,shenyang,2099202211060465,邵阳学院,我的狗叫队友,赵鹏宇|钱云东|高航,1,0,2,43,421,bronze,rule_10_20_30
2022,shenyang,2099202211060466,绍兴文理学院,破晓,孟嘉政|范康鑫|郑柏成,1,0,2,31,407,bronze,rule_10_20_30
2022,shenyang,2099202211060476,深圳职业技术学院,宝宝巴士,姜家圆|招青帆|肖佳琪,1,0,1,6,655,,rule_10_20_30
2022,shenyang,2099202211060508,天津理工大学,明理湖水怪,刘潇迪|彭博|王皓枭,1,0,2,209,586,,rule_10_20_30
2022,shenyang,2099202211060516,温州商学院,胸口碎键盘,何夏鹏|涂佳俊|郑朱子恺,1,0,1,11,676,,rule_10_20_30
2022,shenyang,2099202211060541,西安交通大学,nisnotnp,孙路|施劲松|朱晨曦,1,0,4,353,58,gold,rule_10_20_30
2022,shenyang,2099202211060545,西安石油大学,xsyu_team1,任宇麒|张家树|林道斌,1,0,2,79,480,,rule_10_20_30
2022,shenyang,2099202211060546,西安邮电大学,加速同调连光都可以超越,刘珅池|王嘉男|赵景齐,1,0,3,235,230,bronze,rule_10_20_30
2022,shenyang,2099202211060557,西藏民族大学,秦汉一,冯灵|李行|杜美璇,1,0,2,233,594,,rule_10_20_30
2022,shenyang,2099202211060589,新疆大学,xju03,张家宝|杨弘毅|申骋昊,1,0,2,34,409,bronze,rule_10_20_30
2022,shenyang,2099202211060601,长春大学,蛙蛙今天 wa 几题,李子恒|金鑫浩|项毅展,1,0,2,79,480,,rule_10_20_30
2022,shenyang,2099202211060602,长春工业大学,临江仙,季宏轩|徐梦皓|邱宏阳,1,0,3,319,309,bronze,rule_10_20_30
2022,shenyang,2099202211060682,中国计量大学,多 A 就 C 队,包维辰|胡剑豪|胡翰林,1,0,1,4,640,,rule_10_20_30
2022,shenyang,2099202211060683,中国计量大学现代科技学院,现科一队,周正谊|徐建博|林仁豪,1,0,2,49,435,,rule_10_20_30
2022,shenyang,2099202211060695,中国矿业大学徐海学院,二龙山灵动派,赵涵铮|陈禹润|韦童杰,1,0,2,89,497,,rule_10_20_30
2022,shenyang,2099202211060700,中国农业大学,农大之光,张正博|李晗|郑翰,1,0,2,143,549,,rule_10_20_30
2022,shenyang,2099202211060727,重庆大学,云梦泽,刘柄宏|吴窦辉|张一鸣,1,0,3,361,349,bronze,rule_10_20_30
2022,hongkong,62,Shanghai Jiao Tong University,Willow,,1,0,10,1513,1,gold,rule_10_20_30
2022,hongkong,106,Xi'an Jiaotong University,Dodo Kindergarten,,1,0,9,1122,2,gold,rule_10_20_30
2022,hongkong,87,Tsinghua University,Not UB Any More,,1,0,9,1164,3,gold,rule_10_20_30
2022,hongkong,54,Peking University,Not Found,,1,0,9,1510,4,gold,rule_10_20_30
2022,hongkong,55,Peking University,What's name,,1,0,8,1094,5,gold,rule_10_20_30
2022,hongkong,126,Beihang University,Dauntless Shield,,1,0,7,684,6,gold,rule_10_20_30
2022,hongkong,91,University of Electronic Science and Technology of China,UESTC_Hanabi,,1,0,7,760,7,gold,rule_10_20_30
2022,hongkong,90,University of Electronic Science and Technology of China,UESTC_Ashes_of_Sixpence,,1,0,7,955,8,gold,rule_10_20_30
2022,hongkong,84,"The Chinese University of Hong Kong, Shenzhen",*\( ^w^ )/*,,1,0,7,971,9,gold,rule_10_20_30
2022,hongkong,93,University of Hong Kong,I am not in danger. I am the danger.,,1,0,7,985,10,gold,rule_10_20_30
2022,hongkong,80,The Chinese University of Hong Kong,Zero Knowing Spore,,1,0,7,1323,11,gold,rule_10_20_30
2022,hongkong,29,Hong Kong Olympiad in Informatics,HKOI2,,0,0,7,1377,,,rule_10_20_30
2022,hongkong,88,Tsinghua University,No Lasting Luck,,1,0,6,564,12,gold,rule_10_20_30
2022,hongkong,21,Harbin Institute of Technology,Yeah Yeah Yeah,,1,0,6,650,13,silver,rule_10_20_30
2022,hongkong,89,Tsinghua University,SLYZ visiting group,,1,0,6,889,14,silver,rule_10_20_30
2022,hongkong,28,Hong Kong Olympiad in Informatics,HKOI1,,0,0,6,1035,,,rule_10_20_30
2022,hongkong,101,University of Science and Technology of China,ustcteam1,,1,0,6,1110,15,silver,rule_10_20_30
2022,hongkong,36,Hong Kong University of Science and Technology,HKUST1,,1,0,5,424,16,silver,rule_10_20_30
2022,hongkong,95,University of Hong Kong,fake plastic tree,,1,0,5,497,17,silver,rule_10_20_30
2022,hongkong,20,Guangdong University of Technology,GDUT_Crossroads,,1,0,5,532,18,silver,rule_10_20_30
2022,hongkong,94,University of Hong Kong,Who didn't take the third dose,,1,0,5,627,19,silver,rule_10_20_30
2022,hongkong,39,Huazhong University of Science and Technology,Our Dorm are Fantastic!,,1,0,5,648,20,silver,rule_10_20_30
2022,hongkong,18,Guangdong University of Technology,GDUT_Pork chop and egg rice,,1,0,5,685,21,silver,rule_10_20_30
2022,hongkong,129,Pui Ching Middle School Macau,pcms1,,0,0,5,713,,,rule_10_20_30
2022,hongkong,49,National University of Mongolia,NUM-JBKH,,1,0,5,741,22,silver,rule_10_20_30
2022,hongkong,1,Beihang University,fire and blood,,1,0,5,755,23,silver,rule_10_20_30
2022,hongkong,125,Beihang University,3 handicapped coders,,1,0,5,805,24,silver,rule_10_20_30
2022,hongkong,70,Shenzhen University,SZU_Tencent,,1,0,5,957,25,silver,rule_10_20_30
2022,hongkong,107,Xi'an Jiaotong University,qzdt,,1,0,5,1003,26,silver,rule_10_20_30
2022,hongkong,48,Nanjing University of Posts and Telecommunications,So Close,,1,0,5,1005,27,silver,rule_10_20_30
2022,hongkong,27,Hong Kong Baptist University,HKBU-T1,,1,0,5,1023,28,silver,rule_10_20_30
2022,hongkong,108,Xi'an Jiaotong University,What's up?,,1,0,4,232,29,silver,rule_10_20_30
2022,hongkong,30,Hong Kong Olympiad in Informatics,HKOI3,,0,0,4,283,,,rule_10_20_30
2022,hongkong,53,Northwestern Polytechnical University,too painful,,1,0,4,288,30,silver,rule_10_20_30
2022,hongkong,83,The Chinese University of Hong Kong,ACE,,1,0,4,320,31,silver,rule_10_20_30
2022,hongkong,25,Henan University of Science and Technology,jwm,,1,0,4,341,32,silver,rule_10_20_30
2022,hongkong,81,The Chinese University of Hong Kong,any idea,,1,0,4,385,33,silver,rule_10_20_30
2022,hongkong,120,Zhongshan (Sun Yat-sen) University,SYSU_Penalty_Limit_Exceeded,,1,0,4,420,34,silver,rule_10_20_30
2022,hongkong,100,University of Science and Technology of China,ustcteam3,,1,0,4,427,35,silver,rule_10_20_30
2022,hongkong,79,The Affiliated High School of South China Normal University,ben,,0,0,4,454,,,rule_10_20_30
2022,hongkong,35,Hong Kong University of Science and Technology,Accepted,,1,0,4,477,36,bronze,rule_10_20_30
2022,hongkong,75,South China University of Technology,try try search,,1,0,4,478,37,bronze,rule_10_20_30
2022,hongkong,118,Zhengzhou University,NANA,,1,0,4,479,38,bronze,rule_10_20_30
2022,hongkong,76,South China University of Technology,Saekano: How to make a problem accepted,,1,0,4,479,38,bronze,rule_10_20_30
2022,hongkong,119,Zhengzhou University,I never leave,,1,0,4,485,40,bronze,rule_10_20_30
2022,hongkong,111,Zhejiang Chinese Medical University,ZCMU-Sanyang Open the Door,,1,0,4,485,40,bronze,rule_10_20_30
2022,hongkong,5,Beijing University of Posts and Telecommunications,popkart,,1,0,4,498,42,bronze,rule_10_20_30
2022,hongkong,38,Huazhong Agricultural University,AuAgCu,,1,0,4,526,43,bronze,rule_10_20_30
2022,hongkong,102,University of Science and Technology of China,ustcteam2,,1,0,4,531,44,bronze,rule_10_20_30
2022,hongkong,46,Kunming University of Science and Technology,Red and White,,1,0,4,532,45,bronze,rule_10_20_30
2022,hongkong,6,Beijing University of Posts and Telecommunications,Merry One Umy Zero,,1,0,4,533,46,bronze,rule_10_20_30
2022,hongkong,68,Shanghai Normal University,SHNU_Early-TechnijiangThree,,1,0,4,578,47,bronze,rule_10_20_30
2022,hongkong,9,Changsha University,fishing team,,1,0,4,590,48,bronze,rule_10_20_30
2022,hongkong,34,Hong Kong University of Science and Technology,in hsk we trust,,1,0,3,79,49,bronze,rule_10_20_30
2022,hongkong,63,Shanghai Jiao Tong University,Drink Northwestern Wind,,1,0,3,94,50,bronze,rule_10_20_30
2022,hongkong,104,Wuhan University of Technology,Isn't CCTVï¼Ÿ,,1,0,3,123,51,bronze,rule_10_20_30
2022,hongkong,92,University of Electronic Science and Technology of China,UESTC_Cdr_pup,,1,0,3,153,52,bronze,rule_10_20_30
2022,hongkong,109,Xinjiang University,xju01,,1,0,3,157,53,bronze,rule_10_20_30
2022,hongkong,105,Wuhan University of Technology,Three vegetable dogs,,1,0,3,157,53,bronze,rule_10_20_30
2022,hongkong,24,Harbin Institute of Technology at Shenzhen,Why hungry as soon as start programming,,1,0,3,171,55,bronze,rule_10_20_30
2022,hongkong,43,JiangNan University,TEAM OP,,1,0,3,174,56,bronze,rule_10_20_30
2022,hongkong,121,Zhongshan (Sun Yat-sen) University,SYSU_Hong Kong Journalists,,1,0,3,187,57,bronze,rule_10_20_30
2022,hongkong,103,Wuhan University,Three Sun People,,1,0,3,202,58,bronze,rule_10_20_30
2022,hongkong,44,Jiaxing University,Yoimiyaï¼ŒI love you.,,1,0,3,212,59,bronze,rule_10_20_30
2022,hongkong,12,Chongqing Jiaotong University,Do cyber hamsters dream of virtual fried onion rings?,,1,0,3,226,60,bronze,rule_10_20_30
2022,hongkong,82,The Chinese University of Hong Kong,LeaveHomeUnsafe,,1,0,3,234,61,bronze,rule_10_20_30
2022,hongkong,42,Hunan Normal University,Little Tu Da Da,,1,0,3,236,62,bronze,rule_10_20_30
2022,hongkong,59,Shandong University,Simp of csq,,1,0,3,238,63,bronze,rule_10_20_30
2022,hongkong,56,Qingdao University,Three Little Yang People,,1,0,3,245,64,bronze,rule_10_20_30
2022,hongkong,14,City University of Hong Kong,Kowloontong MMW,,1,0,3,247,65,bronze,rule_10_20_30
2022,hongkong,32,Hong Kong Polytechnic University,SharkBeeTree,,1,0,3,257,66,bronze,rule_10_20_30
2022,hongkong,112,Zhejiang Chinese Medical University,ZCMU-HK,,1,0,3,258,67,bronze,rule_10_20_30
2022,hongkong,74,South China University of Technology,TiangongKaiwu,,1,0,3,261,68,bronze,rule_10_20_30
2022,hongkong,58,Qingdao University,cat barbecue,,1,0,3,263,69,bronze,rule_10_20_30
2022,hongkong,114,Zhejiang Gongshang University,Oshawotts,,1,0,3,275,70,,rule_10_20_30
2022,hongkong,8,Changsha University,GuliGuliGuli,,1,0,3,279,71,,rule_10_20_30
2022,hongkong,40,Huazhong University of Science and Technology,Sweating Bugcat,,1,0,3,289,72,,rule_10_20_30
2022,hongkong,117,Zhejiang University of Science and Technology,JiangNan Chicken,,1,0,3,293,73,,rule_10_20_30
2022,hongkong,57,Qingdao University,drink kaoyan,,1,0,3,302,74,,rule_10_20_30
2022,hongkong,127,Beijing Union University,Pioneer,,1,0,3,305,75,,rule_10_20_30
2022,hongkong,22,Harbin Institute of Technology at Shenzhen,WAgoRhythm,,1,0,3,314,76,,rule_10_20_30
2022,hongkong,52,Northwestern Polytechnical University,Where are my teammates,,1,0,3,318,77,,rule_10_20_30
2022,hongkong,33,Hong Kong Polytechnic University,WittyPanda,,1,0,3,327,78,,rule_10_20_30
2022,hongkong,69,Shenzhen Technology University,SZTU_Arabalika,,1,0,3,338,79,,rule_10_20_30
2022,hongkong,77,SouthWest Minzu University,shark shark cat cat and dog dog,,1,0,3,340,80,,rule_10_20_30
2022,hongkong,19,Guangdong University of Technology,GDUT_Dugtrio,,1,0,3,352,81,,rule_10_20_30
2022,hongkong,85,Tongji University,REautomaton,,1,0,3,355,82,,rule_10_20_30
2022,hongkong,31,Hong Kong Olympiad in Informatics,HKOI4,,0,0,3,362,,,rule_10_20_30
2022,hongkong,61,Shandong University,beginner,,1,0,3,362,83,,rule_10_20_30
2022,hongkong,60,Shandong University,Little Brother Serving Boss,,1,0,3,365,84,,rule_10_20_30
2022,hongkong,97,University of Macau,LongLongint Blessing,,1,0,3,389,85,,rule_10_20_30
2022,hongkong,72,South China Normal University,123456,,1,0,3,398,86,,rule_10_20_30
2022,hongkong,16,City University of Hong Kong,ASMAN,,1,0,3,433,87,,rule_10_20_30
2022,hongkong,132,LOU HAU High School,LH001,,0,0,3,442,,,rule_10_20_30
2022,hongkong,116,Zhejiang University of Science and Technology,sleeping in a jam,,1,0,3,464,88,,rule_10_20_30
2022,hongkong,99,University of Science and Technology Beijing,UEP,,1,0,3,486,89,,rule_10_20_30
2022,hongkong,7,Beijing University of Technology,Tornado Decimates Trailer Park,,1,0,3,498,90,,rule_10_20_30
2022,hongkong,50,National University of Mongolia,SEAS,,1,0,3,562,91,,rule_10_20_30
2022,hongkong,17,Fujian Normal University,Abnormalizing Mavericks,,1,0,3,781,92,,rule_10_20_30
2022,hongkong,86,Tongji University,tokiya,,1,0,2,48,93,,rule_10_20_30
2022,hongkong,98,University of Macau,Time Limit Exceeded,,1,0,2,70,94,,rule_10_20_30
2022,hongkong,45,Jiaxing University,touch_fish,,1,0,2,74,95,,rule_10_20_30
2022,hongkong,11,Chengdu University of Information Technology,Dead Cell,,1,0,2,82,96,,rule_10_20_30
2022,hongkong,10,Chengdu Neusoft University,IU Fans,,1,0,2,87,97,,rule_10_20_30
2022,hongkong,23,Harbin Institute of Technology at Shenzhen,WoAiChiGuoQiaoMiXian,,1,0,2,98,98,,rule_10_20_30
2022,hongkong,51,New Mongol Institute of Technology,NMIT-1,,1,0,2,101,99,,rule_10_20_30
2022,hongkong,110,Xinjiang University,zyj_hxc_djc,,1,0,2,105,100,,rule_10_20_30
2022,hongkong,113,Zhejiang Gongshang University,Arctic Penguin,,1,0,2,106,101,,rule_10_20_30
2022,hongkong,41,Hunan Institute of Science and Technology,luckin,,1,0,2,128,102,,rule_10_20_30
2022,hongkong,37,Huazhong Agricultural University,For three persons,,1,0,2,136,103,,rule_10_20_30
2022,hongkong,78,Southwest University of Science and Technology,Lumos Maxima,,1,0,2,201,104,,rule_10_20_30
2022,hongkong,66,Shanghai Normal University,SHNU_ReckonOtherThree,,1,0,2,209,105,,rule_10_20_30
2022,hongkong,13,City University of Hong Kong,eeverest,,1,0,2,211,106,,rule_10_20_30
2022,hongkong,130,Pui Ching Middle School Macau,pcms2,,0,0,2,221,,,rule_10_20_30
2022,hongkong,15,City University of Hong Kong,Grilled Chicken Buger,,1,0,2,230,107,,rule_10_20_30
2022,hongkong,96,University of Macau,VegDog,,1,0,2,240,108,,rule_10_20_30
2022,hongkong,65,Shanghai Maritime University,SAO:WA online,,1,0,2,254,109,,rule_10_20_30
2022,hongkong,73,South China Normal University,NB,,1,0,2,387,110,,rule_10_20_30
2022,hongkong,128,HOU KONG MIDDLE SCHOOL,summer,,0,0,2,416,,,rule_10_20_30
2022,hongkong,71,South China Normal University,Publicly - Funded Tourists,,1,0,2,463,111,,rule_10_20_30
2022,hongkong,131,Pui Ching Middle School Macau,pcms3,,0,0,2,520,,,rule_10_20_30
2022,hongkong,67,Shanghai Normal University,SHNU_SleepForever,,1,0,1,41,112,,rule_10_20_30
2022,hongkong,64,Shanghai Maritime University,Zero to one,,1,0,1,56,113,,rule_10_20_30
2022,hongkong,135,Choi Nong Chi Tai,Third,,0,0,1,96,,,rule_10_20_30
2022,hongkong,115,Zhejiang Gongshang University,Who care,,1,0,1,151,114,,rule_10_20_30
2022,hongkong,133,LOU HAU High School,LH002,,0,0,1,198,,,rule_10_20_30
2022,hongkong,134,Choi Nong Chi Tai,CN1,,0,0,0,0,,,rule_10_20_30
2022,hongkong,138,,demo,,0,0,0,0,,,rule_10_20_30
2022,hongkong,26,Hong Kong Baptist University,HKBU-T2,,1,0,0,0,115,,rule_10_20_30
2023,nanjing,2,安徽大学,码码我呀，今天必须得写下去,刘圆博|张嘉怡|沈欣悦,1,0,1,24,291,,board
2023,nanjing,3,安徽大学,融合巨怪,罗欣然|李骋|闵烁,1,0,6,672,55,silver,board
2023,nanjing,4,安徽工业大学,算我一个,游子翔|叶浙余|朱冬阳,1,0,1,19,285,,board
2023,nanjing,5,北京大学,不是 很菜,王晟帆|陈益磊|林思旭,1,0,6,980,85,silver,board
2023,nanjing,6,北京大学,重生之我是菜狗,王展鹏|蒋凌宇|罗煜翔,1,0,10,1005,1,gold,board
2023,nanjing,7,北京大学,咕咕咕,余快|戴傅聪|陈奇之,1,0,6,978,84,silver,board
2023,nanjing,8,北京大学,自己衡量,杨欣烨|葛子越|疏彦凯,1,0,8,1041,15,gold,board
2023,nanjing,9,北京工业大学,原神启动！,陈榆坤|索春祥|王驰,1,0,3,523,217,,board
2023,nanjing,10,北京航空航天大学,不可计算,吴湛宇|权尚浩然|王宇龙,1,0,8,885,7,gold,board
2023,nanjing,11,北京航空航天大学,电脑配置低，一打ICPC就死机,金炼凯|唐怡浜|崔绍锞,1,0,7,756,24,gold,board
2023,nanjing,12,北京航空航天大学,口嗨战神,董和军|王大禹|蒋槟阳,1,0,7,705,19,gold,board
2023,nanjing,13,北京化工大学,北京化工大学蔚蓝档案沙勒支教分部,翟浩天|郑良飞|安晓阳,1,0,4,886,177,bronze,board
2023,nanjing,14,北京化工大学,祝你好运玩的开心,曾梓勋|黄东琦|徐文博,1,0,6,718,59,silver,board
2023,nanjing,15,北京建筑大学,谐振,朱智睿|齐思恺|陈艳鹏,1,0,7,760,25,gold,board
2023,nanjing,16,北京交通大学,蓝色线段树,俞贤皓|邓人嘉|金恒哲,1,0,7,751,23,gold,board
2023,nanjing,17,北京科技大学,我不行了,苏锦波|王诺贤|高嘉然,1,0,3,383,196,bronze,board
2023,nanjing,18,北京理工大学,阿夸滑滑蛋喝冰红茶,李嘉政|李轩宇|彭程,1,0,5,492,100,bronze,board
2023,nanjing,19,北京理工大学,内核恐慌,张书豪|陈驭祺|徐宇飞,1,0,7,934,30,gold,board
2023,nanjing,20,北京理工大学,仲夏夜之银牌,戴睿|陈鹏宇|李东晓,1,0,6,950,79,silver,board
2023,nanjing,21,北京理工大学珠海学院,翻译鬼才,丘晖扬|杨淦旭|张梓俊,1,0,2,264,255,,board
2023,nanjing,22,北京林业大学,杂毛小鸡,陈浩翔|蔡优|周欣潼,1,0,5,587,104,bronze,board
2023,nanjing,23,北京师范大学,都报名了要什么自行车,宋泰霖|陈博|王佳一,1,0,1,62,313,,board
2023,nanjing,24,北京师范大学,给个AC吧！,吕祖峰|李昭辰|何佳文,1,0,1,86,319,,board
2023,nanjing,25,北京邮电大学,逆转结局,金浩然|游俊轩|邓逸伦,1,0,5,867,128,bronze,board
2023,nanjing,26,北京邮电大学,未闻队名,张颢龄|谢牧航|王若竹,1,0,4,908,181,bronze,board
2023,nanjing,27,北京邮电大学,鹰之一手,徐天策|李永琰|袁桦斌,1,0,5,660,110,bronze,board
2023,nanjing,28,常熟理工学院,CCZ,常博豪|曾谷优|杨淳智,1,0,3,336,193,bronze,board
2023,nanjing,29,常州大学,WA你走开 我怕AC误会,陈翔|赵可鉴|陈超伟,1,0,4,841,175,bronze,board
2023,nanjing,30,成都理工大学,还在整薯条的摸鱼队！,何年|李灿|朱皓宇,1,0,3,729,237,,board
2023,nanjing,31,成都信息工程大学,恶行易施,张轩铭|张李欣|林莫豪,1,0,4,1056,183,bronze,board
2023,nanjing,32,大连理工大学,爱喝果粒橙,都天翔|刘博文|连茗暄,1,0,4,686,162,bronze,board
2023,nanjing,33,大连理工大学,一带三,侯硕伟|李雁志|葛俊辰,1,0,5,980,132,bronze,board
2023,nanjing,34,电子科技大学,UESTC_猫猫队,冯宇扬|黄博奕|贺皓哲,1,0,6,1066,89,silver,board
2023,nanjing,35,电子科技大学,UESTC_xxx,蔡少政|吴峻锋|吴宇环,1,0,6,1278,97,silver,board
2023,nanjing,36,电子科技大学,UESTC_计算几何我来写但是你必须替我睡觉,何旭|常铭|周雨辰,1,0,6,703,58,silver,board
2023,nanjing,37,电子科技大学,UESTC_十夏花火,朱子涵|山佩永|吴立俊,1,0,7,1103,44,silver,board
2023,nanjing,38,东北大学,东北大学_环形枯竭,王子晗|张都|祝云飞,1,0,7,978,35,silver,board
2023,nanjing,39,东北大学,东北大学_哪里错了？有的时候找找评测机的原因好吧！,黄宇帆|张佳栋|李浩民,1,0,1,48,311,,board
2023,nanjing,40,东北大学,东北大学_收收味,戈文鑫|贺英达|陈靖晖,1,0,5,730,118,bronze,board
2023,nanjing,41,东北大学,东北大学_天狐座,陈少皇|徐越昊|苏焜,1,0,8,908,8,gold,board
2023,nanjing,42,东北大学秦皇岛分校,可导必可积,吴政龙|王若翔|祝向博,1,0,6,1012,87,silver,board
2023,nanjing,43,东北大学秦皇岛分校,无名,张昱东|胡腾中|王永翔,1,0,5,625,106,bronze,board
2023,nanjing,44,东北电力大学,"No, Thank You!",徐浩东|关凯铭|李翔宇,1,0,4,436,138,bronze,board
2023,nanjing,45,东北农业大学,异世界泥头车司机,陈优|谢克渊|纪昱彤,1,0,4,1132,184,bronze,board
2023,nanjing,46,东北师范大学,炫我嘴里,朱文博|吕志远|郭芊橙,1,0,1,20,286,,board
2023,nanjing,47,东华大学,?不可视境界线?,刘青山|杨韵清|黄城帆,1,0,6,912,75,silver,board
2023,nanjing,48,东华大学,抓马西瓜,俞鑫颜|侯迦得|李文杰,1,0,5,675,112,bronze,board
2023,nanjing,49,东南大学,猫和老鼠,李思诚|顾枢衡|陈鑫,1,0,3,787,238,,board
2023,nanjing,50,东南大学,你也不想别人知道你在打ACM吧,王梓鹏|徐宽|肖旭杰,1,0,7,1124,45,silver,board
2023,nanjing,51,东南大学,神奇海螺,胡佳栋|王俊|郝舒扬,1,0,3,562,225,,board
2023,nanjing,52,福建理工大学,依靠时间钳形攻势混上福理工,郑启诚|王凱民|王铭森,1,0,1,43,308,,board
2023,nanjing,53,福建师范大学,凉拌玛卡巴卡,林柏权|王翔|陈昕亮,1,0,5,828,123,bronze,board
2023,nanjing,54,福州大学,八年老兵,傅安|黄腾|傅晗,1,0,6,1261,96,silver,board
2023,nanjing,55,福州大学,不ac不睡觉,李盈盈|翁国樑|高孙炜,1,0,3,459,207,,board
2023,nanjing,56,福州大学,浴室踩订书机,游世伟|江滢怡|王奕然,1,0,6,784,63,silver,board
2023,nanjing,57,复旦大学,黑莲,刘澈|张润哲|吴思鸿,1,0,6,644,54,silver,board
2023,nanjing,58,复旦大学,再多一眼看一眼就会 AC,李航成|周子羽|罗意明,1,0,6,802,65,silver,board
2023,nanjing,59,广东工业大学,茶餐厅,车文超|蔡嘉乐|江舒婷,1,0,2,199,247,,board
2023,nanjing,60,广东工业大学,三地鼠,林翦|刘浩洋|赵焕雄,1,0,3,284,188,bronze,board
2023,nanjing,61,广东工业大学,遇到问题先喝茶,陈奕杏|马煜彬|彭德鑫,1,0,3,504,215,,board
2023,nanjing,62,广东工业大学揭阳校区,GDUTJY_天依不加糖,袁畅|钟鸣|黄子扬,1,0,3,176,185,bronze,board
2023,nanjing,63,广西大学,慢慢变强,付家锐|韦祖豪|石新阳,1,0,1,88,320,,board
2023,nanjing,64,广西大学,这一发，贯穿星辰,王辰昊|梅松|李晨冉,1,0,5,663,111,bronze,board
2023,nanjing,65,广州大学,疯猾绝代,陈旭明|刘成|谢荣栩,1,0,4,622,155,bronze,board
2023,nanjing,66,广州大学,海底食碗米,袁磊|王奕建|雷昊,1,0,4,563,149,bronze,board
2023,nanjing,67,贵州大学,青春NovelAI不会梦到AlphaCode,肖焕|李东阳|邓惠敏,1,0,4,889,179,bronze,board
2023,nanjing,68,桂林电子科技大学,hh,陈星宇|林镔壕|鲁智昊,1,0,3,505,216,,board
2023,nanjing,69,国防科技大学,都可以吧,刘冠然|程星桦|宋怀源,1,0,3,471,210,,board
2023,nanjing,70,哈尔滨工程大学,三只也熊,郭彬|盛海洋|廖世立,1,0,4,612,154,bronze,board
2023,nanjing,71,哈尔滨工程大学,我推的七海爆吃0721次罚时因为在原神启动,黄凯鹏|徐子涵|肖帆,1,0,7,1028,39,silver,board
2023,nanjing,72,哈尔滨工程大学,月色真美,罗仕玮|李在熙|昝研,1,0,4,813,171,bronze,board
2023,nanjing,73,哈尔滨工业大学,玩原神玩的,祁展华|杨一凡|杜沛键,1,0,8,991,12,gold,board
2023,nanjing,74,哈尔滨工业大学,月间天路,卢景行|田宇丰|张城玮,1,0,7,718,20,gold,board
2023,nanjing,75,哈尔滨工业大学（深圳）,博德之门,李嘉淇|骆天赐|陈识曲,1,0,6,848,70,silver,board
2023,nanjing,76,哈尔滨工业大学（深圳）,做题先疯队,勾世杰|陈昊|陈畅霖,1,0,2,147,243,,board
2023,nanjing,77,哈尔滨工业大学（威海）,leaf,李泳明|唐炜堤|姚天奇,1,0,4,622,155,bronze,board
2023,nanjing,78,哈尔滨工业大学（威海）,唐可可后援会,易子杰|李昕烨|许展翔,1,0,4,461,139,bronze,board
2023,nanjing,79,哈尔滨理工大学,哈理工01队NJ,曾凡欧|齐宇航|代伊扬,1,0,3,582,231,,board
2023,nanjing,80,哈尔滨理工大学,哈理工06队NJ,黄忆杭|薛皓元|林如愿,1,0,2,234,248,,board
2023,nanjing,81,哈尔滨理工大学,哈理工09队NJ,蔡辰杰|汲广熙|郑强,1,0,1,129,326,,board
2023,nanjing,82,杭州电子科技大学,广告位招租,沈泽楷|倪楠|沈栩冉,1,0,5,1000,133,bronze,board
2023,nanjing,83,杭州电子科技大学,今天企鹅不在家,张易|万扬|黄子梁,1,0,7,1071,43,silver,board
2023,nanjing,84,杭州电子科技大学,勿忘草,林圣钬|林炜钦|赵铁囝,1,0,7,738,21,gold,board
2023,nanjing,85,杭州电子科技大学,杏花疏影林,余梓诚|傅景康|徐熙来,1,0,7,944,31,gold,board
2023,nanjing,86,杭州师范大学,ACM再爱我一次,江宇帆|戴子晟|章诚益,1,0,2,294,262,,board
2023,nanjing,87,杭州师范大学,这题A不A，交一发就知道了,郑奇鸿|潘苏雄|祝胜毅,1,0,2,279,259,,board
2023,nanjing,88,杭州师范大学,注意差距,蔡宇欣|尤馨然|林丰,1,0,2,142,242,,board
2023,nanjing,89,杭州师范大学,自由之翼,陈俊安|周奕|张朝,1,0,2,117,239,,board
2023,nanjing,90,合肥工业大学,过了样例就算对,陈浩杰|葛嘉晨|张力中,1,0,6,1066,89,silver,board
2023,nanjing,91,合肥工业大学宣城校区,吃饱饱,张博|李军|谢炳晨,1,0,6,1149,95,silver,board
2023,nanjing,92,合肥学院,想要变成猫猫虫,朱艺杭|朱望新|葛新雨,1,0,4,515,142,bronze,board
2023,nanjing,93,河北工业大学,我来写你们别走,赵一玮|高泽文|杨佳豪,1,0,3,571,227,,board
2023,nanjing,94,河北师范大学,黎明之光,黄巍赟|张圣哲|翟一可,1,0,3,455,205,,board
2023,nanjing,95,河海大学,移欲丁真，鉴定为：万缘生万德,余睿|许正正|刘佳琛,1,0,2,401,273,,board
2023,nanjing,96,河海大学,重生之我是O始人,江建谕|谭锐|许玮,1,0,2,429,275,,board
2023,nanjing,97,河海大学,唱支山歌给党听,杨家辉|吴厚宇|王雨乐,1,0,1,15,282,,board
2023,nanjing,98,河南大学,华为15遥遥领先,尤铭|张宇|陈经安,1,0,6,977,82,silver,board
2023,nanjing,99,河南工业大学,Decretum,黄鹏宇|黄鹏宇|黄鹏宇,1,0,6,808,66,silver,board
2023,nanjing,100,河南理工大学,三个猛男,闫滋豪|杜欣恒|程佳豪,1,0,2,123,241,,board
2023,nanjing,101,河南理工大学,榜歪了吗？如歪,黄加钦|李梦华|任娱莹,1,0,1,22,289,,board
2023,nanjing,102,河南农业大学,5+2那维莱特,贾懿|宋博文|齐子昊,1,0,3,537,219,,board
2023,nanjing,103,衡阳师范学院,无留意,文福强|王方涵|肖哲,1,0,6,846,69,silver,board
2023,nanjing,104,湖北工业大学,队里有神，但是原神,张昕|王敬|许王浩,1,0,4,688,163,bronze,board
2023,nanjing,105,湖南大学,古名地觉,吕乐|邹桐|刘继云,1,0,2,271,257,,board
2023,nanjing,106,湖南大学,一眼铁木真，假不了一点,林新晨|张世东|周新城,1,0,2,285,260,,board
2023,nanjing,107,湖南科技大学,压力给到全队,张志|朱阿阳|赵文杰,1,0,4,504,141,bronze,board
2023,nanjing,108,湖南理工学院,流泪猫猫头,金烜宇|陈睿轩|唐天华,1,0,4,866,176,bronze,board
2023,nanjing,109,湖南师范大学,栀晓,唐熙林|魏佳蕾|王万福,1,0,6,884,72,silver,board
2023,nanjing,110,湖南文理学院,我在理塘玩原神,席超博|洪响|高锋,1,0,4,560,147,bronze,board
2023,nanjing,111,华东理工大学,不玩原神导致的,傅昊阳|程奕豪|周颖鹏,1,0,1,121,324,,board
2023,nanjing,112,华东师范大学,风一样,冯中信|田亦海|谢瑞阳,1,0,6,913,76,silver,board
2023,nanjing,113,华东师范大学,英文队名逆序队,汪鼎尊|刘凯源|罗持,1,0,4,901,180,bronze,board
2023,nanjing,114,华东师范大学,与夏之花,谢书骁|谈笑枫|程籽实,1,0,7,988,37,silver,board
2023,nanjing,115,华南理工大学,1mparter,唐瑞林|邵弈|欧天毅,1,0,3,482,212,,board
2023,nanjing,116,华南理工大学,伯兰特州U：燃烧的西红柿,程琦|华宝杨|徐思飞,1,0,5,732,119,bronze,board
2023,nanjing,117,华南理工大学,答应我不要用endl好吗,赵玺焱|褚湘琦|李嘉锐,1,0,4,632,157,bronze,board
2023,nanjing,118,华南理工大学,鴏麚讏纔驆,董宏远|严浩文|林立,1,0,5,821,122,bronze,board
2023,nanjing,119,华南农业大学,吃饱就睡,古权锋|郑浩楠|赖伟鑫,1,0,2,355,269,,board
2023,nanjing,120,华南农业大学,怎么越睡越困,何勤政|陈柏祺|冯雨泽,1,0,3,289,189,bronze,board
2023,nanjing,121,华南师范大学,梭哈队,覃醒亮|林叶华|黄磊,1,0,3,421,202,,board
2023,nanjing,122,华侨大学,红日初升,赵雨扬|苏明强|危露平,1,0,7,750,22,gold,board
2023,nanjing,123,华中科技大学,不管打不打实习都要旅游,冯业齐|翁哲宇|卞曜洋,1,0,6,819,67,silver,board
2023,nanjing,124,华中科技大学,队里有人被压力导致的,方昀昊|陈浩天|李海疆,1,0,6,1081,92,silver,board
2023,nanjing,125,华中科技大学,想好队名再改,邱卓珩|林博珩|李梓扬,1,0,5,890,129,bronze,board
2023,nanjing,126,华中科技大学,心平气和.jpg,何佳林|范彦廷|邓本永,1,0,6,674,57,silver,board
2023,nanjing,127,华中农业大学,三人成行,马杰|郭竣豪|张馨月,1,0,3,577,228,,board
2023,nanjing,128,华中师范大学,一笑AC,易嘉鸣|张蓬月|严展翔,1,0,2,270,256,,board
2023,nanjing,129,华中师范大学,因你AC的题目,邝明琛|谭婷婷|田爽爽,1,0,3,631,233,,board
2023,nanjing,130,吉林大学,adrnin,张智祺|乔彦博|王恕,1,0,6,960,81,silver,board
2023,nanjing,131,吉林大学,烈冕号,于之航|陈俊甫|王一丁,1,0,7,975,34,silver,board
2023,nanjing,132,集美大学,For++,周鑫|陈文静|蔡培伟,1,0,4,691,164,bronze,board
2023,nanjing,133,济南大学,ICPC哪里跪了,王文博|陈同帅|廖在兴,1,0,1,31,297,,board
2023,nanjing,134,暨南大学,空白格,黄一帆|林楷|冼胡兵,1,0,1,27,293,,board
2023,nanjing,135,暨南大学,胜天半子,曾琪瑶|黎广镕|郑冰伟,1,0,1,20,286,,board
2023,nanjing,136,江南大学,心慌则褒姒，心泰则香槟,熊宇非|夏凡|张程,1,0,3,560,224,,board
2023,nanjing,137,江南大学,这一次南京！,诸丁玮|陈昕|鲍骏驰,1,0,2,367,271,,board
2023,nanjing,138,江苏大学,闪耀之所在,林海昊|赵安杰|张道正,1,0,5,759,121,bronze,board
2023,nanjing,139,江苏科技大学,逻各斯,徐鲸鹏|吕一|王洪金,1,0,1,72,314,,board
2023,nanjing,140,江西财经大学,彩虹海,喻琰|肖丛宇|郭宇航,1,0,3,534,218,,board
2023,nanjing,141,江西理工大学,原神从这里启航,陈云杰|吴仕贤|蔡结,1,0,1,122,325,,board
2023,nanjing,142,江西师范大学,Watch A-SOUL and become Au,颜玮琦|张天福|陈哲,1,0,3,207,186,bronze,board
2023,nanjing,143,江西师范大学,Last,张子航|谢炎臻|宗昊辉,1,0,2,437,276,,board
2023,nanjing,144,昆明理工大学,冬天打比赛,周林翰|吴金航|唐明华,1,0,1,32,299,,board
2023,nanjing,145,昆山杜克大学,奖金什么时候发,沈知远|袁天骏|王钧澎,1,0,7,804,26,gold,board
2023,nanjing,146,兰州大学,CCPC忘记报名了,王徐笙|孟戴浓达|狄农雨,1,0,6,672,55,silver,board
2023,nanjing,147,鲁东大学,星星之火 - 银狼,张瑞哲|朱德翔|潘佳雨,1,0,4,819,173,bronze,board
2023,nanjing,148,南昌大学,欺骗女性这种事情我做不到,徐铚濠|曹禹|林博宇,1,0,3,460,208,,board
2023,nanjing,149,南昌航空大学,发际线和我作队,谢景妍|缪志瑄|李宛昕,1,0,1,846,331,,board
2023,nanjing,150,南方科技大学,奥卢,薛哲|徐晨熠|王扬皓,1,0,7,1177,47,silver,board
2023,nanjing,151,南方科技大学,南方科技大学-埃斯波,张书玮|郑轶滔|周益贤,1,0,7,1044,41,silver,board
2023,nanjing,152,南方科技大学,南方科技大学-万塔,陈峦|张嘉妤|钟乐,1,0,6,759,61,silver,board
2023,nanjing,153,南华大学,昨天刚学cpp,王圣宇|王政星|羊新旺,1,0,6,864,71,silver,board
2023,nanjing,154,南京大学,菜茎合作社,柴浩天|陈荣锴|陈思翔,1,0,6,486,50,silver,board
2023,nanjing,155,南京大学,平流层,潘谟天|陆华均|陈梓睿,1,0,7,1291,49,silver,board
2023,nanjing,156,南京大学,优质解答：我不知道,陈弘毅|林荣恩|郑欣,1,0,7,684,18,gold,board
2023,nanjing,157,南京大学,重生之我不晕3D,徐骁远|倪浩然|许艺严,1,0,5,533,102,bronze,board
2023,nanjing,158,南京工程学院,NJIT_0队,张释予|刘传星|谢逢派,1,0,2,757,278,,board
2023,nanjing,159,南京工业大学,像我们一样爆零就泰裤辣,杨苏陇|叶劭伟|钱致宁,1,0,2,248,251,,board
2023,nanjing,160,南京理工大学,"ICPC,启动",丁宗健|刘懿臻|仇星博,1,0,3,555,223,,board
2023,nanjing,161,南京理工大学,睿智猫猫头,沈培森|王俊鑫|宋廉鸿,1,0,6,1127,94,silver,board
2023,nanjing,162,南京理工大学,死亡一刀斩,吴其乐|顾怀安|邓谢喆,1,0,1,21,288,,board
2023,nanjing,163,南京林业大学,reji3tr,邢超宇|雷宇|祝峰楠,1,0,3,381,195,bronze,board
2023,nanjing,164,南京师范大学,第六人格,张烨妍|姜凌|马艺轩,1,0,1,75,315,,board
2023,nanjing,165,南京师范大学,喜欢旅行的开拓者,杨大宇|朱正阳|陆昊宇,1,0,1,206,328,,board
2023,nanjing,166,南京晓庄学院,一切为了队友女装梦,张权|聂圣杰|王子越,1,0,1,81,317,,board
2023,nanjing,167,南京信息工程大学,跟不上榜,洪伟|董兆琦|潘小康,1,0,5,659,109,bronze,board
2023,nanjing,168,南京邮电大学,Cirtrus,何乐晗|陈以信|赵一舟,1,0,9,1102,4,gold,board
2023,nanjing,169,南京邮电大学,明天会更好,廖梓轩|王瑞阳|林家栋,1,0,2,344,268,,board
2023,nanjing,170,南京邮电大学,鲜葱大队,蔡亦张|缪瑞明|吴天宇,1,0,3,579,229,,board
2023,nanjing,171,南京邮电大学,星球移居者_ACM分部,蒋亦祥|曹志鹏|黄平坤,1,0,3,543,220,,board
2023,nanjing,172,南京邮电大学通达学院,求求了拿个奖吧,陈天意|葛涛宁|杨有成,1,0,3,548,222,,board
2023,nanjing,173,南开大学,保铜争银,罗宇|董昱华|姜子杨,1,0,1,27,293,,board
2023,nanjing,174,南开大学,又到了想队伍名的时间,陈冠修|袁熙|刘志豪,1,0,4,786,169,bronze,board
2023,nanjing,175,南通大学,集思广益,周杰|张世梁|陆玺州,1,0,3,389,197,bronze,board
2023,nanjing,176,宁波大学,樱白之歌,李嘉琪|朱文豪|赵瑞杰,1,0,6,937,78,silver,board
2023,nanjing,177,莆田学院,雪王不wa队,柳永康|王佳闽|谭冰涛,1,0,2,561,277,,board
2023,nanjing,178,齐鲁工业大学,打一块炙热的铁,国展源|张宸维|刁玉洁,1,0,1,30,296,,board
2023,nanjing,179,齐鲁工业大学,小心超人不小心超人了,郑博维|张明超|赵浩浩,1,0,1,318,330,,board
2023,nanjing,180,青岛大学,养发旅游团,席念润|陈宏昌|阮德昭,1,0,1,32,299,,board
2023,nanjing,181,青岛大学,老年艺术团,陈贺|韩明睿|张卫正,1,0,4,517,143,bronze,board
2023,nanjing,182,青岛科技大学,斯卡布罗集市,朱文杰|高英翔|侯佳文,1,0,4,661,159,bronze,board
2023,nanjing,183,青岛理工大学,陟遐自迩,胡书杰|史杰|陈守诚,1,0,6,977,82,silver,board
2023,nanjing,184,清华大学,JSOI 摸鱼队,张庭瑞|孙若凡|袁浩天,1,0,8,836,6,gold,board
2023,nanjing,185,清华大学,顶针的约克5,顾万钧|肖云帆|荆国浩,1,0,9,1268,5,gold,board
2023,nanjing,186,清华大学,有手有脚,罗恺|陈于思|杨珖,1,0,10,1080,2,gold,board
2023,nanjing,187,厦门大学,点分治分点,周正|邹品聪|徐铭逸,1,0,7,961,33,gold,board
2023,nanjing,188,山东大学,原始人起洞,王嘉|谯迪中|孙秋延,1,0,4,406,136,bronze,board
2023,nanjing,189,山东大学,cjb 粉丝团,王天竹|禚安垣|李梓阳,1,0,7,981,36,silver,board
2023,nanjing,190,山东大学,给大哥端茶倒水的小弟,黄垚挺|于斐|刘子龙,1,0,5,652,108,bronze,board
2023,nanjing,191,山东大学（威海）,主打一个陪伴,严一涵|尚棋浩|张胜熙,1,0,6,724,60,silver,board
2023,nanjing,192,山东科技大学,阿贾克斯号,陈志泉|黄潇|李智豪,1,0,2,298,264,,board
2023,nanjing,193,山东理工大学,WA哈哈,鲍啸天|武向阳|王安卫,1,0,4,593,152,bronze,board
2023,nanjing,194,山东农业大学,羊村护卫队,王德申|孙笑扬|王明东,1,0,2,196,245,,board
2023,nanjing,195,山东师范大学,南风,喻齐|许家禄|刘鑫,1,0,1,17,283,,board
2023,nanjing,196,上海财经大学,iDLEM@STER O149,郭士纳|史靖玮|姜聿时,1,0,5,1049,134,bronze,board
2023,nanjing,197,上海大学,地球三体组织,田凯文|曾子敬|骆星宇,1,0,3,543,220,,board
2023,nanjing,198,上海大学,她与铜牌皆失,邹凌杰|金子官|朱学臻,1,0,1,102,323,,board
2023,nanjing,199,上海大学,夜航星,房辰燏|连昊宇|张学鹏,1,0,4,544,145,bronze,board
2023,nanjing,200,上海大学,只要微笑就好,贺新宇|王健宇|李扬帆,1,0,4,597,153,bronze,board
2023,nanjing,201,上海交通大学,黎明随想曲,袁莘睿|王宇轩|邵嘉南,1,0,7,1172,46,silver,board
2023,nanjing,202,上海科技大学,张理工514队,赵思哲|夏博扬|张哲轩,1,0,2,287,261,,board
2023,nanjing,203,上海理工大学,七遇绮迹 未来会来,刘斌然|胡洁昌|姚陆涵茗,1,0,5,641,107,bronze,board
2023,nanjing,204,上海理工大学,她与AC皆遗憾,魏秋桐|周圣杰|潘嘉阳,1,0,4,586,151,bronze,board
2023,nanjing,205,上海应用技术大学,彼岸葬送！,朱嘉钧|叶之捷|许豪骏,1,0,3,702,236,,board
2023,nanjing,206,绍兴文理学院元培学院,保一争二,汤靖|尤可扬|江雨珊,1,0,3,677,235,,board
2023,nanjing,207,深圳大学,SZU_Manacher,马午寅|张少南|陈洋琛,1,0,4,685,161,bronze,board
2023,nanjing,208,深圳大学,SZU_Nyaru,刘嘉豪|潘圳贤|邱晓睿,1,0,4,783,168,bronze,board
2023,nanjing,209,深圳技术大学,"SZTU_为了我,对他使用ac吧",张宇昕|马坤林|肖文航,1,0,1,23,290,,board
2023,nanjing,210,四川大学,纹化输出自动鸡,张梓浩|钟诚|张博成,1,0,4,420,137,bronze,board
2023,nanjing,211,四川大学,雨,王鹏超|丁宗康|尹人令,1,0,5,939,130,bronze,board
2023,nanjing,212,四川大学,自费旅游三小丑,罗实|刘宇凡星|李宣乐,1,0,4,660,158,bronze,board
2023,nanjing,213,苏州大学,不管三七二十一我嘎嘎炫饭,陆逸铭|张静怡|王仁杰,1,0,1,46,310,,board
2023,nanjing,214,苏州大学,错误禁止,吴俊哲|原明清|杨懿,1,0,1,83,318,,board
2023,nanjing,215,苏州大学,提瓦特大陆的光之队,顾天宇|赵昌鹏|张显荣,1,0,1,54,312,,board
2023,nanjing,216,台州学院,别急,徐浩阳|金鑫|刘韬,1,0,4,714,166,bronze,board
2023,nanjing,217,太原理工大学,参宿一,邓家昕|李博洋|张亚奇,1,0,1,153,327,,board
2023,nanjing,218,天津大学,愤怒的小鸟,黄涛|马宏伟|周昊忆,1,0,1,25,292,,board
2023,nanjing,219,天津大学,失物招领处,荆智彬|张明达|覃钰源,1,0,1,88,320,,board
2023,nanjing,220,天津大学,为什么要演奏春日影,邓锦源|王贝琦|马明朝,1,0,3,295,190,bronze,board
2023,nanjing,221,天津理工大学,BMS：不为所动，做更闪耀的自己,李衍硕|成冰阳|刘潇迪,1,0,3,263,187,bronze,board
2023,nanjing,222,天津仁爱学院,只因,顾凌玮|张子怡|程淼,1,0,1,305,329,,board
2023,nanjing,223,同济大学,Ciallo,赵克祥|朱昱芃|李宣辰,1,0,1,28,295,,board
2023,nanjing,224,同济大学,登神长阶,张翔|林鑫宇|王琨瑀,1,0,6,560,51,silver,board
2023,nanjing,225,温州大学,温大三队,张世杰|汪景琦|陈宇锋,1,0,1,76,316,,board
2023,nanjing,226,温州大学,温大一队,何卓睿|杨德曙|朱怿翔,1,0,5,623,105,bronze,board
2023,nanjing,227,武汉大学,ICPC，启动！,怀菁|覃咸勋|武尚柯,1,0,4,548,146,bronze,board
2023,nanjing,228,武汉大学,会编程到底是什么感觉,王旗玉|蒋敬|李佳隆,1,0,7,820,27,gold,board
2023,nanjing,229,武汉大学,褪色记忆,潘非|黄子君|张涵,1,0,6,626,53,silver,board
2023,nanjing,230,武汉工程大学,深藏blue,王尔强|邱泽旭|符轩豪,1,0,2,341,267,,board
2023,nanjing,231,武汉科技大学,以上队伍成绩全部无效,张子豪|曾令卓|张晨旭,1,0,2,366,270,,board
2023,nanjing,232,武汉科技大学,长征之我要成神,侯丞志|马长敬|周神洲,1,0,3,319,191,bronze,board
2023,nanjing,233,武汉理工大学,幻想乡旅行团,刘泽宇|巫殷凯|胡书诚,1,0,3,501,213,,board
2023,nanjing,234,武汉理工大学,深海古代鱼,闫卢昊|赵家荣|朱振傲,1,0,8,1137,16,gold,board
2023,nanjing,235,西安电子科技大学,紫罗兰,刘佩汉|张东伟|刘清,1,0,5,838,124,bronze,board
2023,nanjing,236,西安电子科技大学,队名是啥,朱星宇|王靖恒|黄旭,1,0,4,663,160,bronze,board
2023,nanjing,237,西安电子科技大学,夜之向日葵,张益伟|刘畅|俞凯嘉,1,0,5,753,120,bronze,board
2023,nanjing,238,西安交通大学,AI说这个名字很好,王禹皓|邓熙健|张清扬,1,0,5,1051,135,bronze,board
2023,nanjing,239,西安交通大学,WQY竟不从之,王启源|杨逸舟|吴夏天,1,0,5,710,116,bronze,board
2023,nanjing,240,西安交通大学,唐人,李纳川|刘欣楠|杨润轩,1,0,7,1034,40,silver,board
2023,nanjing,241,西北大学,一定是那ICPC，它把大哥打至跪地。可能是迫大哥跟它回去打CF口牙！,朱钊毅|伍俊霖|朱珈成,1,0,2,307,266,,board
2023,nanjing,242,西北工业大学,南京风味,习嘉琪|龚熙尧|袁江引,1,0,5,862,127,bronze,board
2023,nanjing,243,西北工业大学,偏爱,李天舒|徐浩洋|池久涛,1,0,8,959,10,gold,board
2023,nanjing,244,西北工业大学,徐浩洋粉丝团,吴优|郝春博|刘伟业,1,0,3,391,198,bronze,board
2023,nanjing,245,西北工业大学,就在今天,杨莫凡|罗强|张煜森,1,0,6,1117,93,silver,board
2023,nanjing,246,西北农林科技大学,诀别之旅,蔡祺峰|寻真|龚城圩,1,0,6,774,62,silver,board
2023,nanjing,247,西湖大学,西湖1队,严密|贾熠飞|张乐程,1,0,4,747,167,bronze,board
2023,nanjing,248,西湖大学,西湖2队,周子涵|朱睿辰|江易娴,1,0,4,831,174,bronze,board
2023,nanjing,249,西南大学,AutoC++,徐畅|马博涵|傅祥斌,1,0,6,907,73,silver,board
2023,nanjing,250,西南交通大学,猫猫生的,王梓翕|陈加林|宁晟,1,0,4,810,170,bronze,board
2023,nanjing,251,西南交通大学,应季水果批发,赵刚毅|邱启源|谢栩珲,1,0,2,261,254,,board
2023,nanjing,252,西南科技大学,劲脆铁牌堡,刘雨凡|张智韬|袁志伟,1,0,3,403,199,,board
2023,nanjing,253,西南科技大学,障百川而东之，回狂澜于既倒,郭智超|毛宝文|黄小诚,1,0,4,500,140,bronze,board
2023,nanjing,254,西南民族大学,反恐精英全球购,蓝浩晨|樊胤鸿|杨楚华,1,0,1,18,284,,board
2023,nanjing,255,西南石油大学,原神，启动！,张皓然|王艺钢|宋遗平,1,0,1,9,279,,board
2023,nanjing,256,香港城市大学,原神，启动！,洪琛皓|王锦杰|徐澎杨,1,0,1,13,280,,board
2023,nanjing,257,香港城市大学,南京妙妙屋,李俊男|张溢文|黄家华,1,0,1,41,305,,board
2023,nanjing,258,香港科技大学,HKUST1,呂嘉傑|黃梓峰|楊善行,1,0,6,566,52,silver,board
2023,nanjing,259,香港科技大学(广州),原始人,何家睿|何宏亮|冯广权,1,0,5,956,131,bronze,board
2023,nanjing,260,香港中文大学,安卓包,周敬泓|李俊傑|黃文禮,1,0,5,513,101,bronze,board
2023,nanjing,261,香港中文大学,只會一坤題,龍瑞希|吴宣卫|方朗為,1,0,2,251,252,,board
2023,nanjing,262,香港中文大学,自僱打手,鄭希哲|鍾懷哲|周禮言,1,0,6,958,80,silver,board
2023,nanjing,263,香港中文大学（深圳）,dimension^3,蒋一歌|孙悠然|张王美誉,1,0,8,1199,17,gold,board
2023,nanjing,264,湘潭大学,随便起一个,罗旺|欧鹏夫|曾鸿文,1,0,2,198,246,,board
2023,nanjing,265,湘潭大学,提瓦特一日游,方云卓|夏楠林|丁奥丞,1,0,3,432,203,,board
2023,nanjing,266,湘潭大学,偷妈头,卓越|叶祖晨|贺正高,1,0,5,691,113,bronze,board
2023,nanjing,267,新疆大学,XJU01,温智鹏|陈永园|韩希铖,1,0,4,888,178,bronze,board
2023,nanjing,268,新疆大学,XJU02,刘云|庄凌浩|古恩豪,1,0,2,256,253,,board
2023,nanjing,269,徐州工程学院,"抱歉,这集没有美少女",王士豪|朱绪洋|邵文杰,1,0,3,406,200,,board
2023,nanjing,270,烟台大学,别人AC，我们寄,艾雪飞|曹志强|靳有田,1,0,2,247,250,,board
2023,nanjing,271,盐城工学院,北巷清风,戴赟|韩逸凡|张涛,1,0,4,562,148,bronze,board
2023,nanjing,272,长春理工大学,给个牌吧，球球了QvQ,李新康|程仁杰|曾荣熹,1,0,1,31,297,,board
2023,nanjing,273,长沙理工大学,初旅,辜湘利|周杨涛|彭烨青,1,0,3,579,229,,board
2023,nanjing,274,长沙理工大学,干饭第一名,刘振林|周臻|杨韬,1,0,7,1055,42,silver,board
2023,nanjing,275,浙大城市学院,星辰雨,方韬瑜|楼晨|沈昕哲,1,0,5,858,126,bronze,board
2023,nanjing,276,浙大城市学院,业余码手,张博超|褚锦威|胡致文,1,0,5,702,114,bronze,board
2023,nanjing,277,浙大城市学院,WA：wonderful answer,许航杰|林嘉亮|林景阳,1,0,2,120,240,,board
2023,nanjing,278,浙大宁波理工学院,芜湖糊,夏宇|谢俊喆|蔡禹杰,1,0,3,324,192,bronze,board
2023,nanjing,279,浙江财经大学,秃如其来,张垚垚|叶国钊|朱新宇,1,0,4,519,144,bronze,board
2023,nanjing,280,浙江大学,咕五分钟,樊睿|严子轩|周轩熠,1,0,8,987,11,gold,board
2023,nanjing,281,浙江大学,十发罚时,吴与伦|徐锐扬|万弘,1,0,9,1067,3,gold,board
2023,nanjing,282,浙江大学,随机下雨,叶佳昂|王培成|汪翔,1,0,8,992,13,gold,board
2023,nanjing,283,浙江大学,星尘幻想,林滨|李克成|谭思成,1,0,8,939,9,gold,board
2023,nanjing,284,浙江工商大学,又是看不懂题的一天,魏道|黄文豪|黄威,1,0,3,458,206,,board
2023,nanjing,285,浙江工业大学,爱喝牛奶的猫猫酱,李汶芝|狄鑫慧|王瑞,1,0,7,1026,38,silver,board
2023,nanjing,286,浙江工业大学,ZJUT14,罗一鸣|余慈豪|朱科睿,1,0,3,675,234,,board
2023,nanjing,287,浙江工业大学,ZJUT11,杨若童|高钰峰|苏雨钦,1,0,3,469,209,,board
2023,nanjing,288,浙江科技学院,随便白给,徐林灿|许城玮|张德军,1,0,2,294,262,,board
2023,nanjing,289,浙江理工大学,附魔金苹果,陶稼辉|项帅|张莉曼,1,0,3,360,194,bronze,board
2023,nanjing,290,浙江理工大学,下次提交一定队,杨杰|翁昊洋|姚仁杰,1,0,5,417,99,silver,board
2023,nanjing,291,浙江农林大学,带带带带花树,蒋文涛|顾芝瑜|巫璐璐,1,0,1,34,302,,board
2023,nanjing,292,浙江农林大学,夜的命名术,章宇科|杨悦|金沈扬,1,0,4,567,150,bronze,board
2023,nanjing,293,浙江农林大学暨阳学院,重生之来到icpc打铁,周越|展宝信|余志宽,1,0,1,89,322,,board
2023,nanjing,294,浙江师范大学,星期天彻底疯狂,李羿辰|苏得昂|项展,1,0,3,502,214,,board
2023,nanjing,295,浙江师范大学,羊村王中王,陈炯荣|嵇纹垲|林宸,1,0,6,1067,91,silver,board
2023,nanjing,296,浙江师范大学,ZJNU_CodeGPT,王乐琦|丁逸飞|郑依佳,1,0,5,846,125,bronze,board
2023,nanjing,297,浙江万里学院,歪比巴卜,陶璐|戴单一|钱沁浩,1,0,2,273,258,,board
2023,nanjing,298,郑州大学,哈哈哈哈,罗飞云|杜金展|彭俊儒,1,0,4,694,165,bronze,board
2023,nanjing,299,郑州大学,仲夏夜之梦,王亚琪|乔培元|徐政中,1,0,3,410,201,,board
2023,nanjing,300,郑州轻工业大学,alt+f4 一键榜一,刘成博|李云浩|何嘉乐,1,0,2,157,244,,board
2023,nanjing,301,中北大学,队友算法挂了还能打XCPC吗,侯翔瑞|高鑫辉|杜新富,1,0,5,544,103,bronze,board
2023,nanjing,302,中国传媒大学,定福庄好果汁.定福庄好梅汁,凌海|许安超|沈钰欣,1,0,1,42,307,,board
2023,nanjing,303,中国地质大学（北京）,二次元给俺滚！,伍泽鑫|赵笑天|张宇潇,1,0,6,1001,86,silver,board
2023,nanjing,304,中国地质大学（北京）,举杯邀明月,易晨竹|黄恺瑞|许兴城,1,0,5,718,117,bronze,board
2023,nanjing,305,中国地质大学（武汉）,顺十字,何永鑫|付欣宇|战翔宇,1,0,6,1359,98,silver,board
2023,nanjing,306,中国海洋大学,白洲梓理发店,陈岳阳|薛全笑|赵朴一,1,0,1,33,301,,board
2023,nanjing,307,中国计量大学,(c102)不AC就會入夜狂飆(GenShin Impart)[Chinese],陈忠鹏|陈家齐|许波波,1,0,1,41,305,,board
2023,nanjing,308,中国科学技术大学,404 Not Found,郑心舟|娄彦轩|陈天添,1,0,4,818,172,bronze,board
2023,nanjing,309,中国科学技术大学,杂鱼队,叶力天|解亿凡|刘彦宏,1,0,3,566,226,,board
2023,nanjing,310,中国科学技术大学,末日时在做什么？有没有空？可以来烤苕皮么？,冯正桦|邵晓玮|李俊辰,1,0,7,878,29,gold,board
2023,nanjing,311,中国科学技术大学,随机化,高华成|涂建鹏|何煜恒,1,0,7,824,28,gold,board
2023,nanjing,312,中国科学院大学,果壳挂科王,徐亦周|徐致远|蓝天朗,1,0,6,822,68,silver,board
2023,nanjing,313,中国矿业大学,Altanik,张涛|李岘|项超,1,0,1,34,302,,board
2023,nanjing,314,中国矿业大学,三条菜狗,罗浩巍|张士豪|刘凯,1,0,2,396,272,,board
2023,nanjing,315,中国矿业大学,原神异闻录,汉坤成|王伦|李法东,1,0,3,601,232,,board
2023,nanjing,316,中国民航大学,最后之舞,葛朋林|颜一鸣|刘瑞轩,1,0,3,480,211,,board
2023,nanjing,317,中国民航大学,想与写与蛙,崔凌宵|陆浩楠|孔子豪,1,0,6,1028,88,silver,board
2023,nanjing,318,中国农业大学,农大之光,李晗|邱鹏铮|郑翰,1,0,1,43,308,,board
2023,nanjing,319,中国人民大学,我推的ICPC,赵培宇|贾昊霖|樊珂鸣,1,0,1,39,304,,board
2023,nanjing,320,中国人民大学,养老人员专属薏米茶,程云飞|陈路晰|潘俊达,1,0,2,241,249,,board
2023,nanjing,321,中国石油大学（华东）,中石大1953,秦骉|皮祥剑|刘亚宁,1,0,4,958,182,bronze,board
2023,nanjing,322,中南大学,Start Dash,苏宜扬|周湘予|王一翔,1,0,6,911,74,silver,board
2023,nanjing,323,中南大学,千帆星河,周硕|陈贤|郑逸程,1,0,7,948,32,gold,board
2023,nanjing,324,中南大学,怎么才能做对,吕飞扬|马思博|何炳琨,1,0,3,454,204,,board
2023,nanjing,325,中南民族大学,offer不饱三战士,李雪松|闪陆易|陈珍,1,0,2,406,274,,board
2023,nanjing,326,中山大学,中山大学_大三元,姚敏清|彭泽铭|郑海俊,1,0,6,794,64,silver,board
2023,nanjing,327,中山大学,中山大学_天选打工人,韩冠东|肖淇|吴明禹,1,0,8,1024,14,gold,board
2023,nanjing,328,中山大学,中山大学_OMS维修队,黄致博|邱恺铭|谢文龙,1,0,7,1245,48,silver,board
2023,nanjing,329,中山大学,中山大学_testWA,王泓皓|陈峻宇|罗金浩,1,0,6,916,77,silver,board
2023,nanjing,330,重庆大学,今年欢笑复明年，不知退役在眼前,张恩宁|游越涵|毛顺强,1,0,2,301,265,,board
2023,nanjing,331,重庆邮电大学,转生成华为手机拍出金牌,姜星洲|李豪|李宣龙,1,0,1,13,280,,board
2023,nanjing,332,周口师范学院,神里绫华,贾文婷|刘博|买琮文,1,0,5,707,115,bronze,board
2023,nanjing,333,南京市金陵中学河西分校,哈姆？哈姆！,史家丞|王瑞藻|邱梓轩,0,0,9,1149,,,board
2023,nanjing,334,南京外国语学校,南极洲企鹅语学校,程誉|蒋承佑|姚熙,0,0,9,905,,,board
2023,nanjing,335,南京外国语学校,为什么分数太低也会进不了省队,许淇文|郑煦翔|李响,0,0,8,667,,,board
2023,nanjing,336,河海大学,猫猫酱和冰冰子在呼呼悠,余一鸣|林桁|任意,0,0,4,819,,,board
2023,nanjing,337,南京大学,不知道什么队,陈思睿|徐沐杰|邹忠奇,0,0,6,913,,,board
2023,nanjing,338,南京大学,千里送代码,熊俊淇|陈哲敏|李方泽,0,0,8,941,,,board
2023,nanjing,339,南京航空航天大学,队长十年单身换区域赛金牌,吕俊琪|胡昊天|赵乐坤,0,0,8,958,,,board
2023,nanjing,340,南京航空航天大学,甘雨想打acm,谢雨奇|崔煜康|杨幸龙,0,0,2,282,,,board
2023,nanjing,341,名之梦（上海）科技有限公司,名之梦,庄嘉琪|黄宇扬|余知航,0,0,7,993,,,board
2023,nanjing,342,上海西南某校友会,培根汤圆，香！,高宇|施韩原|刘严培,0,0,7,1034,,,board
2023,nanjing,343,个人参赛,长夜漫漫,杜瑜皓|许庭强|周康阳,0,0,10,978,,,board
2023,xian,410,二龙山,NUC驾校,,0,0,3,785,,,board
2023,xian,411,二龙山,水泥工人再就业,,0,0,1,352,,,board
2023,xian,412,西安市铁一中学,可乐猫,,0,0,8,1247,,,board
2023,xian,413,西安市铁一中学,可乐鸡,,0,0,5,1053,,,board
2023,xian,414,西安市铁一中学,可乐狗,,0,0,5,1021,,,board
2023,xian,415,西安市铁一中学,雪碧鸡,,0,0,4,659,,,board
2023,xian,416,西安市铁一中学,芬达猪,,0,0,3,616,,,board
2023,xian,417,陕西师范大学附属中学,附中高三队,,0,0,2,708,,,board
2023,xian,418,陕西师范大学附属中学,附中高二队,,0,0,0,0,,,board
2023,xian,419,西安铁一中滨河高级中学,不可以总司令,,0,0,2,457,,,board
2023,xian,421,秦岭,肉夹馍,,0,0,7,1057,,,board
2023,xian,422,秦岭,粉汤羊血,,0,0,2,492,,,board
2023,xian,4,阿坝师范学院,火攻Plus,,1,0,3,473,193,bronze,board
2023,xian,5,安徽大学,众梦之聚,,1,0,4,566,75,silver,board
2023,xian,6,安徽大学,"依古比古,你相信引力吗? [Made in Havean]！",,1,0,4,1160,129,bronze,board
2023,xian,7,安徽工业大学,永远别忘记玩原神,,1,0,3,651,237,bronze,board
2023,xian,8,安徽工业大学,积极向上，到处睡觉,,1,0,4,943,120,silver,board
2023,xian,9,安徽农业大学,题题不歪真君,,1,0,4,888,118,silver,board
2023,xian,10,北京大学,原神,,1,0,7,1095,20,gold,board
2023,xian,11,北京大学,摆烂人,,1,0,12,1621,1,gold,board
2023,xian,12,北京大学,O神启动,,1,0,8,1138,7,gold,board
2023,xian,13,北京大学,未闻队名,,1,0,8,1319,10,gold,board
2023,xian,14,北京工业大学,尊嘟假嘟o.O,,1,0,3,481,200,bronze,board
2023,xian,15,北京航空航天大学,不AK不改名,,1,0,3,335,154,bronze,board
2023,xian,16,北京航空航天大学,牛油果,,1,0,3,371,162,bronze,board
2023,xian,17,北京航空航天大学,天一猫猫真可爱,,1,0,4,499,67,silver,board
2023,xian,18,北京航空航天大学,会挽雕弓如满月,,1,0,4,479,63,silver,board
2023,xian,19,北京化工大学,北化蔚蓝档案沙勒支教分部,,1,0,4,927,119,silver,board
2023,xian,20,北京化工大学,异世相遇，尽享美wa,,1,0,3,465,192,bronze,board
2023,xian,21,北京化工大学,漫步经心,,1,0,3,695,244,bronze,board
2023,xian,22,北京交通大学,蓝色线段树,,1,0,5,712,36,gold,board
2023,xian,23,北京交通大学,届不到的PY,,1,0,4,486,65,silver,board
2023,xian,24,北京交通大学,杰哥还有吗,,1,0,4,674,92,silver,board
2023,xian,25,北京科技大学,我再试试,,1,0,2,318,275,,board
2023,xian,26,北京理工大学,阿夸滑滑蛋喝冰红茶,,1,0,4,576,76,silver,board
2023,xian,27,北京理工大学,咖波脆,,1,0,3,289,144,bronze,board
2023,xian,28,北京理工大学,epsilon,,1,0,4,361,57,silver,board
2023,xian,29,北京理工大学,内核恐慌,,1,0,4,482,64,silver,board
2023,xian,30,北京林业大学,杂毛小鸡,,1,0,3,379,166,bronze,board
2023,xian,31,北京林业大学,Misaka·Kiana·Tankuku,,1,0,3,621,231,bronze,board
2023,xian,32,北京师范大学,异或小姐的狗,,1,0,3,287,143,bronze,board
2023,xian,33,北京信息科技大学,开局起内格夫的冰瓜投手打国王峡谷能变鬼吗,,1,0,2,600,306,,board
2023,xian,34,北京邮电大学,默认用户名,,1,0,3,366,161,bronze,board
2023,xian,35,北京邮电大学,啊对对队,,1,0,3,477,198,bronze,board
2023,xian,36,北京邮电大学,三只蒟蒻,,1,0,7,1097,21,gold,board
2023,xian,37,北京邮电大学,野鸡大队,,1,0,5,719,38,gold,board
2023,xian,38,常熟理工学院,学不会期望,,1,0,1,349,365,,board
2023,xian,39,常熟理工学院,完美谢幕,,1,0,0,0,368,,board
2023,xian,40,成都东软学院,不要惩罚我了，主人,,1,0,0,0,368,,board
2023,xian,41,成都东软学院,三个难铜,,1,0,3,698,245,bronze,board
2023,xian,42,成都锦城学院,成都第一老六,,1,0,0,0,368,,board
2023,xian,43,成都理工大学,还在整薯条的摸鱼队！,,1,0,2,537,301,,board
2023,xian,44,成都理工大学,动物世界,,1,0,0,0,368,,board
2023,xian,45,成都信息工程大学,黄瑞鑫太可爱了吧！,,1,0,3,603,227,bronze,board
2023,xian,46,成都信息工程大学,指引明路的苍蓝星,,1,0,2,189,259,,board
2023,xian,47,大连海事大学,金色子弹,,1,0,2,303,273,,board
2023,xian,48,大连理工大学,今天午饭吃了吗,,1,0,3,888,255,,board
2023,xian,49,大连理工大学,香软包,,1,0,6,875,25,gold,board
2023,xian,50,大连理工大学,盖世嘤熊,,1,0,2,382,282,,board
2023,xian,51,电子科技大学,UESTC_三只雄性,,1,0,4,701,96,silver,board
2023,xian,52,电子科技大学,UESTC_BetaCode,,1,0,4,548,72,silver,board
2023,xian,53,电子科技大学,UESTC_计算几何我来写但是你必须替我睡觉,,1,0,5,841,47,silver,board
2023,xian,54,电子科技大学,UESTC_猫猫队,,1,0,5,747,42,silver,board
2023,xian,55,电子科技大学中山学院,倚楼听雨,,1,0,3,648,236,bronze,board
2023,xian,56,电子科技大学中山学院,澄净闪耀,,1,0,2,500,298,,board
2023,xian,57,东北大学,东北大学_次元魔女,,1,0,3,275,142,bronze,board
2023,xian,58,东北大学,东北大学_奉孝不才一轮十牌,,1,0,2,588,305,,board
2023,xian,59,东北大学,东北大学_交一发吧反正不会更糟了,,1,0,2,441,293,,board
2023,xian,60,东北大学,东北大学_哇哦,,1,0,3,252,138,bronze,board
2023,xian,61,东北大学秦皇岛分校,名字取好了吗,,1,0,5,614,30,gold,board
2023,xian,62,东北林业大学,太阳花,,1,0,3,486,201,bronze,board
2023,xian,63,东北师范大学,东师第一铁匠,,1,0,3,636,235,bronze,board
2023,xian,64,东北师范大学,这场不AC回家就得AC,,1,0,0,0,368,,board
2023,xian,65,东华大学,陈晓剑舞,,1,0,4,953,121,silver,board
2023,xian,66,东华大学,狗熊岭之乐,,1,0,2,271,269,,board
2023,xian,67,东华理工大学,东理第一大队,,1,0,3,439,186,bronze,board
2023,xian,68,东南大学,无敌暴零战士,,1,0,2,639,309,,board
2023,xian,69,东南大学,mod998244353,,1,0,4,850,114,silver,board
2023,xian,70,福建理工大学,等到山花烂漫时,,1,0,4,714,100,silver,board
2023,xian,71,福建理工大学,凛冬将至,,1,0,1,219,334,,board
2023,xian,72,福建师范大学,凉拌玛卡巴卡,,1,0,1,219,334,,board
2023,xian,73,福建师范大学,狠狠打铁,,1,0,2,641,310,,board
2023,xian,74,福州大学,十六年老兵,,1,0,2,248,266,,board
2023,xian,75,福州大学,我jio得还可以,,1,0,3,616,229,bronze,board
2023,xian,76,复旦大学,立直提交一发过,,1,0,3,190,135,bronze,board
2023,xian,77,广东工业大学,遇到问题先喝茶,,1,0,3,511,207,bronze,board
2023,xian,78,广东工业大学,喜欢睡觉,,1,0,2,516,299,,board
2023,xian,79,广东工业大学,漫游者,,1,0,3,415,177,bronze,board
2023,xian,80,广东工业大学揭阳校区,GDUTJY_彼阳的晚意,,1,0,4,1036,124,bronze,board
2023,xian,81,广西大学,慢慢变强,,1,0,4,788,107,silver,board
2023,xian,82,广西师范大学,浩栋哥哥粉丝团,,1,0,1,157,325,,board
2023,xian,83,广州大学,最后的波纹,,1,0,1,300,358,,board
2023,xian,84,国防科技大学,自然选择号,,1,0,8,1348,12,gold,board
2023,xian,85,国防科技大学,冲冲冲,,1,0,4,662,89,silver,board
2023,xian,86,哈尔滨工程大学,有人说亡藜伴白首不如物流部报数那为什么不叫王老板爆杀,,1,0,3,201,136,bronze,board
2023,xian,87,哈尔滨工业大学,蓬莱人形,,1,0,8,1438,14,gold,board
2023,xian,88,哈尔滨工业大学,月间天路,,1,0,4,361,57,silver,board
2023,xian,89,哈尔滨工业大学（深圳）,机房猫猫大队,,1,0,5,738,41,gold,board
2023,xian,90,哈尔滨工业大学（深圳）,浅水小怪,,1,0,6,1238,29,gold,board
2023,xian,91,哈尔滨工业大学（深圳）,又被队友带飞了,,1,0,4,650,87,silver,board
2023,xian,92,哈尔滨工业大学（威海）,地心引力,,1,0,4,576,76,silver,board
2023,xian,93,哈尔滨工业大学（威海）,帅比队长在线征婚QQ2216541094,,1,0,3,460,191,bronze,board
2023,xian,94,哈尔滨理工大学,哈理工06队XA,,1,0,2,209,261,,board
2023,xian,95,哈尔滨理工大学,哈理工08队XA,,1,0,1,226,336,,board
2023,xian,96,杭州电子科技大学,三头丧家犬,,1,0,3,336,155,bronze,board
2023,xian,97,杭州电子科技大学,今天企鹅不在家,,1,0,4,450,61,silver,board
2023,xian,98,杭州电子科技大学,原粥铁律,,1,0,7,883,15,gold,board
2023,xian,99,杭州电子科技大学,Moonlight,,1,0,4,681,93,silver,board
2023,xian,100,杭州师范大学,五月的猫猫,,1,0,3,415,177,bronze,board
2023,xian,101,杭州师范大学,这题A不A，交一发就知道了,,1,0,2,427,290,,board
2023,xian,102,杭州师范大学,树形DP一下就行了,,1,0,5,868,49,silver,board
2023,xian,103,合肥工业大学,对对队,,1,0,1,267,348,,board
2023,xian,104,合肥工业大学宣城校区,吃饱饱,,1,0,4,663,90,silver,board
2023,xian,105,合肥工业大学宣城校区,如果拿银就cos舍友最喜欢的原神角色去操场跑个马拉松,,1,0,1,280,352,,board
2023,xian,106,合肥学院,三核低效率解题机,,1,0,1,212,333,,board
2023,xian,107,合肥学院,想要变成猫猫虫,,1,0,3,597,225,bronze,board
2023,xian,108,河北工业大学,秩秩斯干,,1,0,1,106,317,,board
2023,xian,109,河北师范大学,黎明之光,,1,0,2,204,260,,board
2023,xian,110,河海大学,我的ACM铁牌物语果然有问题,,1,0,4,707,99,silver,board
2023,xian,111,河海大学,魂魄妖梦,,1,0,2,447,294,,board
2023,xian,112,河南大学,流离之人追逐幻影,,1,0,2,450,295,,board
2023,xian,113,河南大学,伊莉雅之神,,1,0,3,712,246,bronze,board
2023,xian,114,河南工业大学,我们去西安吃什么？,,1,0,1,275,349,,board
2023,xian,115,河南科技大学,黑键,,1,0,0,0,368,,board
2023,xian,116,河南科技大学,超级菜,,1,0,3,946,256,,board
2023,xian,117,河南理工大学,还真是,,1,0,3,396,174,bronze,board
2023,xian,118,河南理工大学,Can can need,,1,0,1,288,354,,board
2023,xian,119,河南理工大学,在月球的琪猫猫,,1,0,0,0,368,,board
2023,xian,120,河南理工大学,三个猛男,,1,0,1,186,327,,board
2023,xian,121,河南农业大学,5+2那维莱特,,1,0,3,561,218,bronze,board
2023,xian,122,河南师范大学,原神高手,,1,0,1,243,339,,board
2023,xian,123,河南师范大学,泼天富贵何时轮到我,,1,0,0,0,368,,board
2023,xian,124,湖北工业大学,一拳打破宇宙,,1,0,1,241,338,,board
2023,xian,125,湖北工业大学,队里有神，但是原神,,1,0,3,492,203,bronze,board
2023,xian,126,湖南科技大学,能和你交流一下吗,,1,0,2,218,262,,board
2023,xian,127,湖南理工学院,Goodgood,,1,0,1,261,346,,board
2023,xian,128,湖南理工学院,Triple Xor Sum,,1,0,5,864,48,silver,board
2023,xian,129,湖南农业大学,秋眠不觉晓,,1,0,4,520,69,silver,board
2023,xian,130,湖南师范大学,three body,,1,0,2,438,292,,board
2023,xian,131,湖南师范大学,YWY,,1,0,0,0,368,,board
2023,xian,132,华东交通大学,花椒炒肉,,1,0,1,251,343,,board
2023,xian,133,华东师范大学,东方homo馆,,1,0,4,340,55,silver,board
2023,xian,134,华东师范大学,遥遥领先,,1,0,3,755,249,,board
2023,xian,135,华东师范大学,SEI6,,1,0,3,435,185,bronze,board
2023,xian,136,华南理工大学,打xcpc不喊我,,1,0,4,760,103,silver,board
2023,xian,137,华南理工大学,EssenceWFern,,1,0,4,532,71,silver,board
2023,xian,138,华南农业大学,过不了六级,,1,0,1,122,321,,board
2023,xian,139,华南师范大学,123456,,1,0,4,1086,127,bronze,board
2023,xian,140,华中科技大学,AAHPH,,1,0,3,264,140,bronze,board
2023,xian,141,华中科技大学,波斯布偶折耳新加坡无毛猫,,1,0,4,498,66,silver,board
2023,xian,142,华中科技大学,原神怎么你了,,1,0,5,992,51,silver,board
2023,xian,143,华中科技大学,关注盖亚，谢谢喵,,1,0,5,694,33,gold,board
2023,xian,144,华中农业大学,金银铜,,1,0,4,1088,128,bronze,board
2023,xian,145,华中师范大学,梅狸猫,,1,0,4,582,79,silver,board
2023,xian,146,怀化学院,哈哈哈,,1,0,2,698,312,,board
2023,xian,147,吉林大学,原神，启动！,,1,0,0,0,368,,board
2023,xian,148,吉林大学,rand,,1,0,4,549,73,silver,board
2023,xian,149,吉首大学,Jsu,,1,0,2,370,279,,board
2023,xian,150,集美大学,For++,,1,0,3,347,156,bronze,board
2023,xian,151,暨南大学,追追光者者,,1,0,3,592,224,bronze,board
2023,xian,152,暨南大学,V 你 50 罚时,,1,0,4,584,80,silver,board
2023,xian,153,江南大学,非常好比赛，爱来自伊比利亚,,1,0,3,515,208,bronze,board
2023,xian,154,江西财经大学,三只小猪,,1,0,3,653,238,bronze,board
2023,xian,155,江西理工大学,qfz,,1,0,3,617,230,bronze,board
2023,xian,156,江西理工大学,起名真费劲,,1,0,4,521,70,silver,board
2023,xian,157,江西理工大学南昌校区,象牙塔,,1,0,2,346,276,,board
2023,xian,158,江西师范大学,卡奇卡,,1,0,3,385,170,bronze,board
2023,xian,159,江西师范大学,逸一时误一时,,1,0,1,198,329,,board
2023,xian,160,江西师范大学,题目在分崩离析,,1,0,2,372,280,,board
2023,xian,161,金陵科技学院,JIT-FZTO,,1,0,0,0,368,,board
2023,xian,162,空军工程大学,木落南翔,,1,0,0,0,368,,board
2023,xian,163,昆山杜克大学,上海纽约大学,,1,0,3,543,214,bronze,board
2023,xian,164,昆山杜克大学,西交利物浦大学,,1,0,4,792,108,silver,board
2023,xian,165,兰州大学,我真不会取名啊,,1,0,3,381,168,bronze,board
2023,xian,166,兰州大学,真没睡,,1,0,6,847,24,gold,board
2023,xian,167,乐山师范学院,乐师一队,,1,0,2,570,303,,board
2023,xian,168,乐山师范学院,乐师二队,,1,0,0,0,368,,board
2023,xian,169,辽宁大学,星空之下,,1,0,0,0,368,,board
2023,xian,170,龙岩学院,小甜妹不想难铜,,1,0,1,103,316,,board
2023,xian,171,鲁东大学,星星之火-饕餮,,1,0,1,142,323,,board
2023,xian,172,闽南师范学院,粉红小猪在线请求配对,,1,0,1,158,326,,board
2023,xian,173,南昌大学,难以置信,,1,0,5,717,37,gold,board
2023,xian,174,南昌航空大学,Debug都队2.0,,1,0,3,454,190,bronze,board
2023,xian,175,南方科技大学,南方科技大学-赫尔辛基,,1,0,7,958,16,gold,board
2023,xian,176,南方科技大学,南方科技大学-奥卢,,1,0,3,234,137,bronze,board
2023,xian,177,南华大学,wawawa,,1,0,3,476,197,bronze,board
2023,xian,178,南京大学,三人两地一起打铁,,1,0,5,730,39,gold,board
2023,xian,179,南京大学,千里送代码,,1,0,4,1173,130,bronze,board
2023,xian,180,南京大学,水仙花队,,1,0,3,529,213,bronze,board
2023,xian,181,南京大学,Unreal Eventide,,1,0,8,1043,5,gold,board
2023,xian,182,南京工业大学,石上三年,,1,0,2,310,274,,board
2023,xian,183,南京航空航天大学,甘雨想打acm,,1,0,3,673,241,bronze,board
2023,xian,184,南京航空航天大学,米兰的铁匠铺,,1,0,0,0,368,,board
2023,xian,185,南京航空航天大学,听取WA声一片,,1,0,2,393,285,,board
2023,xian,186,南京航空航天大学,队长十年单身换区域赛金牌,,1,0,6,905,27,gold,board
2023,xian,187,南京理工大学,猫猫头想吃鱼,,1,0,4,701,96,silver,board
2023,xian,188,南京理工大学,死亡一刀斩,,1,0,2,429,291,,board
2023,xian,189,南京林业大学,reji3tr,,1,0,3,412,176,bronze,board
2023,xian,190,南京师范大学,请以上队伍上台领奖,,1,0,3,373,164,bronze,board
2023,xian,191,南京晓庄学院,一切为了队友女装梦,,1,0,1,276,350,,board
2023,xian,192,南京信息工程大学,牧濑红莉栖,,1,0,3,354,157,bronze,board
2023,xian,193,南京信息工程大学,水成文,,1,0,2,392,284,,board
2023,xian,194,南京信息工程大学,廉颇老矣，尚能夺金？,,1,0,1,329,361,,board
2023,xian,195,南京邮电大学,64bit的感动,,1,0,3,691,243,bronze,board
2023,xian,196,南京邮电大学,Cirtrus,,1,0,9,1226,3,gold,board
2023,xian,197,南京邮电大学,谢谢贝拉,,1,0,4,1049,125,bronze,board
2023,xian,198,南京邮电大学,内鬼猫猫头,,1,0,3,297,146,bronze,board
2023,xian,199,南开大学,斌斌全球粉丝后援会（3）,,1,0,2,457,297,,board
2023,xian,200,南开大学,恭喜以上获奖队伍,,1,0,3,324,150,bronze,board
2023,xian,201,南开大学,幻视之夜,,1,0,3,376,165,bronze,board
2023,xian,202,南阳理工学院,幸运星,,1,0,1,113,319,,board
2023,xian,203,南阳理工学院,已经没有什么可以失去了,,1,0,4,771,106,silver,board
2023,xian,204,南阳师范学院,随便吧,,1,0,3,383,169,bronze,board
2023,xian,205,宁波大学,我们一起去提瓦特大陆冒险,,1,0,4,968,122,silver,board
2023,xian,206,齐鲁工业大学,广告位招租,,1,0,1,260,345,,board
2023,xian,207,齐鲁工业大学,冲天香阵透长安，满城尽带黄金甲,,1,0,1,245,341,,board
2023,xian,208,齐鲁工业大学,若有战，召必回,,1,0,2,242,265,,board
2023,xian,209,青岛大学,我要成为xcpc糕手,,1,0,3,379,166,bronze,board
2023,xian,210,青岛大学,风浪越大题越队,,1,0,1,345,364,,board
2023,xian,211,青岛农业大学海都学院,超级棒棒糖,,1,0,0,0,368,,board
2023,xian,212,清华大学,《我是大赢家》,,1,0,8,1380,13,gold,board
2023,xian,213,清华大学,world.search（you）;,,1,0,11,2049,2,gold,board
2023,xian,214,清华大学,xpp在线征婚,,1,0,8,1295,9,gold,board
2023,xian,215,厦门大学,word-神里绫华-圣15-满昏,,1,0,2,218,262,,board
2023,xian,216,厦门大学,攻城狮,,1,0,1,66,314,,board
2023,xian,217,厦门大学,菜狗驿站,,1,0,0,0,368,,board
2023,xian,218,山东大学,攻击性没有还低能的要死,,1,0,7,979,17,gold,board
2023,xian,219,山东大学,玩原神导致的,,1,0,2,398,286,,board
2023,xian,220,山东大学,cjb 粉丝团,,1,0,4,273,54,silver,board
2023,xian,221,山东大学,不会DP,,1,0,4,875,117,silver,board
2023,xian,222,山东科技大学,柏林号,,1,0,1,276,350,,board
2023,xian,223,山东科技大学,鹦鹉螺号,,1,0,1,342,363,,board
2023,xian,224,山东科技大学,亚特兰蒂斯号,,1,0,1,206,331,,board
2023,xian,225,山东科技大学,奇尔沙治号,,1,0,1,114,320,,board
2023,xian,226,山东理工大学,黄瑞鑫真有那么可爱嘛,,1,0,4,831,112,silver,board
2023,xian,227,山东理工大学,三重豌豆,,1,0,0,0,368,,board
2023,xian,228,山东师范大学,求求给个学上吧,,1,0,3,588,223,bronze,board
2023,xian,229,陕西科技大学,Supernova,,1,0,1,193,328,,board
2023,xian,230,陕西师范大学,经验丰富的你与经验为零的我组队的故事,,1,0,0,0,368,,board
2023,xian,231,陕西师范大学,曼巴永恒,,1,0,0,0,368,,board
2023,xian,232,上海大学,日薪越亿,,1,0,2,255,267,,board
2023,xian,233,上海大学,穿越时空的AC,,1,0,0,0,368,,board
2023,xian,234,上海大学,涛神时代,,1,0,3,679,242,bronze,board
2023,xian,235,上海建桥学院,建桥,,1,0,0,0,368,,board
2023,xian,236,上海交通大学,银色子弹,,1,0,6,675,23,gold,board
2023,xian,237,上海交通大学,柳,,1,0,9,1347,4,gold,board
2023,xian,238,上海科技大学,啊对对队,,1,0,2,389,283,,board
2023,xian,239,绍兴文理学院,破晓,,1,0,3,772,252,,board
2023,xian,240,深圳大学,SZU_Nyaru,,1,0,3,527,212,bronze,board
2023,xian,241,深圳大学,SZU_Scientists,,1,0,0,0,368,,board
2023,xian,242,深圳大学,twilight illusion,,1,0,4,421,60,silver,board
2023,xian,243,深圳技术大学,SZTU_小呆猫猫,,1,0,5,760,45,silver,board
2023,xian,244,沈阳航空航天大学,镜花水月,,1,0,3,396,174,bronze,board
2023,xian,245,沈阳化工大学,某某某,,1,0,3,371,162,bronze,board
2023,xian,246,沈阳理工大学,沈阳说唱一队,,1,0,5,636,32,gold,board
2023,xian,247,石河子大学,游戏人生,,1,0,2,456,296,,board
2023,xian,248,四川大学,超级宇宙无敌暴龙战士,,1,0,4,472,62,silver,board
2023,xian,249,四川大学,此访问越界,,1,0,4,984,123,silver,board
2023,xian,250,四川大学,树上莫队,,1,0,4,377,59,silver,board
2023,xian,251,四川吉利学院,吉利太美,,1,0,0,0,368,,board
2023,xian,252,四川师范大学,芳心纵火犯,,1,0,0,0,368,,board
2023,xian,253,苏州大学,走陈胡陆到天宫,,1,0,1,258,344,,board
2023,xian,254,苏州大学,金闪闪,,1,0,6,976,28,gold,board
2023,xian,255,台州学院,别急,,1,0,3,523,209,bronze,board
2023,xian,256,太原理工大学,不要柯学,,1,0,2,357,278,,board
2023,xian,257,太原理工大学,为嘛黄瓜绿,,1,0,4,579,78,silver,board
2023,xian,258,天津大学,CLAY,,1,0,3,473,193,bronze,board
2023,xian,259,天津大学,保铁争铜,,1,0,4,868,116,silver,board
2023,xian,260,天津大学,西弗勒斯,,1,0,0,0,368,,board
2023,xian,261,天津工业大学,知道,,1,0,4,684,94,silver,board
2023,xian,262,天津工业大学,关于没打网络赛却能永续ICPC这件事。,,1,0,1,108,318,,board
2023,xian,263,天津理工大学,明理湖水怪,,1,0,5,1316,53,silver,board
2023,xian,264,同济大学,黄渡理工的newbie~,,1,0,3,391,172,bronze,board
2023,xian,265,同济大学,治伤魔法石,,1,0,4,727,101,silver,board
2023,xian,266,同济大学,拍脑袋,,1,0,3,765,250,,board
2023,xian,267,潍坊学院,甘文崔,,1,0,1,284,353,,board
2023,xian,268,温州大学,没拿牌子 郑斌cos,,1,0,1,151,324,,board
2023,xian,269,温州大学,星光站,,1,0,1,201,330,,board
2023,xian,270,温州大学,温大一队,,1,0,3,167,134,bronze,board
2023,xian,271,武汉大学,星辰 * 闪耀,,1,0,4,837,113,silver,board
2023,xian,272,武汉大学,放学后茶会,,1,0,5,737,40,gold,board
2023,xian,273,武汉大学,我是秦始皇，V我金牌赐你兵马大元帅,,1,0,3,474,196,bronze,board
2023,xian,274,武汉科技大学,紧抱蛙蛙在线AC,,1,0,4,589,82,silver,board
2023,xian,275,武汉理工大学,无限幻想,,1,0,3,576,220,bronze,board
2023,xian,276,武汉理工大学,最喜欢thjj了,,1,0,4,1198,131,bronze,board
2023,xian,277,武汉理工大学,武理十三队,,1,0,4,668,91,silver,board
2023,xian,278,武汉学院,不管三七二十一,,1,0,1,305,359,,board
2023,xian,279,西安电子科技大学,什么也不会也能参加ACM吗？,,1,0,3,327,152,bronze,board
2023,xian,280,西安电子科技大学,红枣树,,1,0,5,987,50,silver,board
2023,xian,281,西安电子科技大学,喵喵喵,,1,0,3,313,148,bronze,board
2023,xian,282,西安工业大学,喵喵队,,1,0,1,60,313,,board
2023,xian,283,西安工业大学,芝士与你分享,,1,0,0,0,368,,board
2023,xian,284,西安交通大学,一千四光年之外,,1,0,3,261,139,bronze,board
2023,xian,285,西安交通大学,At Most One,,1,0,3,298,147,bronze,board
2023,xian,286,西安交通大学,想养一只布偶猫,,1,0,2,289,271,,board
2023,xian,287,西安交通大学,Aqm今天买什么,,1,0,3,560,217,bronze,board
2023,xian,288,西安科技大学,爱讲笑话,,1,0,0,0,368,,board
2023,xian,289,西安科技大学,随便起个名字吧,,1,0,0,0,368,,board
2023,xian,290,西安理工大学,礼堂顶针,,1,0,1,290,356,,board
2023,xian,291,西安理工大学,二进制文豪,,1,0,1,314,360,,board
2023,xian,292,西安理工大学,神秘的力量,,1,0,3,495,204,bronze,board
2023,xian,293,西安明德理工学院,共用电子队,,1,0,0,0,368,,board
2023,xian,294,西安明德理工学院,等导员通知,,1,0,0,0,368,,board
2023,xian,295,西安石油大学,从还没去学就开始找acm队想一起参加icpc拿银摸金打入world final得到tourist的肯定与jiangly同台竞技,,1,0,1,247,342,,board
2023,xian,296,西安邮电大学,江郎才尽,,1,0,2,380,281,,board
2023,xian,297,西安邮电大学,我们听力不好请你们大声交流,,1,0,3,766,251,,board
2023,xian,298,西北大学,牛魔队,,1,0,3,635,234,bronze,board
2023,xian,299,西北大学,打铁转生，在区域赛要拿出真本事,,1,0,3,621,231,bronze,board
2023,xian,300,西北工业大学,啊对对队,,1,0,2,228,264,,board
2023,xian,301,西北工业大学,山里灵活的狗,,1,0,3,598,226,bronze,board
2023,xian,302,西北工业大学,脑门渐秃终不悔,,1,0,1,291,357,,board
2023,xian,303,西北农林科技大学,不想AC的Tle不是好Wa,,1,0,3,607,228,bronze,board
2023,xian,304,西北农林科技大学,小心柚子厨,,1,0,3,628,233,bronze,board
2023,xian,305,西北农林科技大学,说白了打算法竞赛的就是网瘾青年，早该电电了,,1,0,3,525,210,bronze,board
2023,xian,306,西北师范大学,请给我们一枚奖牌,,1,0,0,0,368,,board
2023,xian,307,西交利物浦大学,西浦A队,,1,0,4,586,81,silver,board
2023,xian,308,西南财经大学,喷水王八,,1,0,1,388,367,,board
2023,xian,309,西南财经大学,西财汪汪队,,1,0,3,581,222,bronze,board
2023,xian,310,西南大学,西南大学啦啦队,,1,0,2,604,307,,board
2023,xian,311,西南交通大学,重生之我是臭SB,,1,0,3,357,159,bronze,board
2023,xian,312,西南交通大学,山河1队,,1,0,3,445,187,bronze,board
2023,xian,313,西南科技大学,障百川而东之，回狂澜于既倒,,1,0,3,552,216,bronze,board
2023,xian,314,西南科技大学,荧光闪烁,,1,0,3,473,193,bronze,board
2023,xian,315,西南科技大学,贡嘎雪山,,1,0,1,137,322,,board
2023,xian,316,西南民族大学,1/3（时光倒流 & 反恐精英全球开燃 & 两王带个三）,,1,0,3,822,253,,board
2023,xian,317,西南民族大学,我觉得我是,,1,0,4,753,102,silver,board
2023,xian,318,西南石油大学,丁真德跌,,1,0,2,650,311,,board
2023,xian,319,香港城市大学,奶牛，启动！,,1,0,2,613,308,,board
2023,xian,320,香港理工大学,爱吃叉烧,,1,0,3,486,201,bronze,board
2023,xian,321,香港理工大学,鲨蜂树,,1,0,5,755,44,silver,board
2023,xian,322,湘潭大学,Dream_Ntt,,1,0,2,403,287,,board
2023,xian,323,湘潭大学,洋灰三角,,1,0,2,566,302,,board
2023,xian,324,新疆大学,XJU01,,1,0,2,415,289,,board
2023,xian,325,新疆大学,XJU02,,1,0,1,288,354,,board
2023,xian,326,信阳农林学院,脑洞大爆炸,,1,0,3,448,188,bronze,board
2023,xian,327,徐州工程学院,"抱歉,这集没有美少女",,1,0,0,0,368,,board
2023,xian,328,盐城工学院,北巷清风,,1,0,3,734,248,,board
2023,xian,329,燕山大学,塔山之巅,,1,0,4,564,74,silver,board
2023,xian,330,云南大学,【B限】ACM还我offer,,1,0,4,595,83,silver,board
2023,xian,331,长安大学,先入咸阳者赏芙蓉王,,1,0,3,320,149,bronze,board
2023,xian,332,长安大学,彩虹岛之戮Pro,,1,0,4,802,111,silver,board
2023,xian,333,长安大学,你就说样例过了对不对?,,1,0,0,0,368,,board
2023,xian,334,长春理工大学,一期一会,,1,0,3,432,184,bronze,board
2023,xian,335,长沙理工大学,干饭第一名,,1,0,4,357,56,silver,board
2023,xian,336,长沙理工大学,提瓦特国立大学一队,,1,0,2,408,288,,board
2023,xian,337,长沙学院,最后一舞,,1,0,4,794,110,silver,board
2023,xian,338,浙大城市学院,业余码手,,1,0,3,504,205,bronze,board
2023,xian,339,浙大城市学院,f1rst d4nce,,1,0,1,261,346,,board
2023,xian,340,浙大城市学院,WA：wonderful answer,,1,0,1,244,340,,board
2023,xian,341,浙大宁波理工学院,800,,1,0,3,429,182,bronze,board
2023,xian,342,浙大宁波理工学院,芜湖湖,,1,0,3,450,189,bronze,board
2023,xian,343,浙江财经大学,赛场睡觉遥遥领先,,1,0,3,394,173,bronze,board
2023,xian,344,浙江大学,九衢尘,,1,0,6,891,26,gold,board
2023,xian,345,浙江大学,咕五分钟,,1,0,8,1264,8,gold,board
2023,xian,346,浙江大学,S属性大爆发,,1,0,5,631,31,gold,board
2023,xian,347,浙江大学,虚空之梦,,1,0,8,1319,10,gold,board
2023,xian,348,浙江工商大学,七月三,,1,0,3,510,206,bronze,board
2023,xian,349,浙江工商大学,又是看不懂题的一天,,1,0,1,87,315,,board
2023,xian,350,浙江工商大学,希望代码一次敲队,,1,0,3,154,132,bronze,board
2023,xian,351,浙江工业大学,才思泉涌,,1,0,4,866,115,silver,board
2023,xian,352,浙江工业大学,奇思妙想,,1,0,5,707,35,gold,board
2023,xian,353,浙江工业大学,ZJUT4,,1,0,4,506,68,silver,board
2023,xian,354,浙江工业大学,ZJUT5,,1,0,4,654,88,silver,board
2023,xian,355,浙江科技学院,djwcb,,1,0,3,385,170,bronze,board
2023,xian,356,浙江理工大学,飞飞,,1,0,3,291,145,bronze,board
2023,xian,357,浙江理工大学,下次提交一定队,,1,0,4,644,86,silver,board
2023,xian,358,浙江农林大学,A不出来,,1,0,1,228,337,,board
2023,xian,359,浙江农林大学,汪汪队,,1,0,2,264,268,,board
2023,xian,360,浙江农林大学暨阳学院,薄荷加冰可乐水,,1,0,3,580,221,bronze,board
2023,xian,361,浙江农林大学暨阳学院,蟒蛇仙草咖啡馆,,1,0,3,427,181,bronze,board
2023,xian,362,浙江师范大学,霸气酷酷伦,,1,0,4,1058,126,bronze,board
2023,xian,363,浙江师范大学,三幻神,,1,0,3,267,141,bronze,board
2023,xian,364,浙江师范大学,分秒易逝，V我5时,,1,0,3,418,179,bronze,board
2023,xian,365,浙江师范大学,白洞、白色的明天在等着我们,,1,0,3,574,219,bronze,board
2023,xian,366,浙江万里学院,你说得对但我们不可阻挡,,1,0,1,209,332,,board
2023,xian,367,浙江万里学院,贞德食泥鸭,,1,0,2,302,272,,board
2023,xian,368,浙江中医药大学,ZCMU-浙中医特种兵,,1,0,0,0,368,,board
2023,xian,369,郑州大学,大专爷,,1,0,1,359,366,,board
2023,xian,370,郑州大学,哈哈哈哈,,1,0,3,548,215,bronze,board
2023,xian,371,郑州轻工业大学,秦始皇派蒙恬还原神州大陆为中华为九州实现统一，最钟离奇穿越到罗德岛转生成为C语言糕手,,1,0,2,523,300,,board
2023,xian,372,中北大学,队友算法挂了还能打XCPC吗,,1,0,3,430,183,bronze,board
2023,xian,373,中北大学,无损压缩,,1,0,0,0,368,,board
2023,xian,374,中国传媒大学,GGBond不是死猪，是我的男神,,1,0,2,573,304,,board
2023,xian,375,中国地质大学（北京）,喵~,,1,0,4,768,105,silver,board
2023,xian,376,中国地质大学（武汉）,顺十字,,1,0,3,159,133,bronze,board
2023,xian,377,中国海洋大学,白洲梓理发店,,1,0,2,158,257,,board
2023,xian,378,中国海洋大学,我们仍未知道那天WA的原因,,1,0,3,325,151,bronze,board
2023,xian,379,中国计量大学,带恶人组织,,1,0,3,525,210,bronze,board
2023,xian,380,中国科学技术大学,cls,,1,0,7,1059,18,gold,board
2023,xian,381,中国科学技术大学,Randomize,,1,0,5,705,34,gold,board
2023,xian,382,中国科学技术大学,USTC摸鱼队,,1,0,7,1492,22,gold,board
2023,xian,383,中国科学技术大学,丝路市西套村代表队,,1,0,8,1111,6,gold,board
2023,xian,384,中国科学院大学,未到场,,1,0,3,425,180,bronze,board
2023,xian,385,中国科学院大学,你说的队,,1,0,3,733,247,,board
2023,xian,386,中国矿业大学,矿远无界,,1,0,2,349,277,,board
2023,xian,387,中国矿业大学,不许玩原神,,1,0,2,162,258,,board
2023,xian,388,中国矿业大学,三个翻译,,1,0,3,328,153,bronze,board
2023,xian,389,中国矿业大学（北京）,再梦一场,,1,0,3,364,160,bronze,board
2023,xian,390,中国民航大学,多快好省地AC,,1,0,4,793,109,silver,board
2023,xian,391,中国人民大学,养老人员专属薏米茶,,1,0,4,763,104,silver,board
2023,xian,392,中国人民大学,旋涡,,1,0,4,625,84,silver,board
2023,xian,393,中国人民解放军战略支援部队信息工程大学,托塔李天王,,1,0,2,282,270,,board
2023,xian,394,中南大学,千帆星河,,1,0,4,642,85,silver,board
2023,xian,395,中南大学,勿忘花与勿忘我,,1,0,3,354,157,bronze,board
2023,xian,396,中南大学,沉淀才能顶峰相见,,1,0,3,669,240,bronze,board
2023,xian,397,中南大学,你若安好便是AC,,1,0,4,684,94,silver,board
2023,xian,398,中南民族大学,我是一个负责任的男人,,1,0,1,337,362,,board
2023,xian,399,中南民族大学,温柔换不来温柔,,1,0,3,480,199,bronze,board
2023,xian,400,中山大学,中山大学_破空之势,,1,0,4,701,96,silver,board
2023,xian,401,中山大学,中山大学_无限,,1,0,5,1120,52,silver,board
2023,xian,402,中山大学,中山大学_懂又不懂,,1,0,7,1093,19,gold,board
2023,xian,403,中原工学院,Forerunner,,1,0,0,0,368,,board
2023,xian,404,重庆大学,传说天启启元星迹梦之队,,1,0,0,0,368,,board
2023,xian,405,重庆大学,拒绝精神内耗，WA了直接发疯,,1,0,5,777,46,silver,board
2023,xian,406,重庆邮电大学,3G+3G＝6G,,1,0,3,823,254,,board
2023,xian,407,重庆邮电大学,转生成华为手机拍出金牌,,1,0,3,656,239,bronze,board
2023,xian,408,重庆邮电大学,君与彼ICPC与彼ICPC之恋,,1,0,5,753,43,silver,board
2023,xian,409,重庆邮电大学,我们仍未知道那天AC的原因,,1,0,0,0,368,,board
2023,jinan,3,安徽大学,"依古比古,你相信引力吗? [Made in Havean]!",汪李鑫|王飞亚|宋文浩,1,0,3,387,276,,board
2023,jinan,4,安徽工业大学,积极向上到处睡觉,林昊|万祎博|高泽铭,1,0,4,550,179,bronze,board
2023,jinan,5,北京大学,重生之我是菜狗,王展鹏|蒋凌宇|罗煜翔,1,0,12,1272,2,gold,board
2023,jinan,6,北京大学,呆呆鸟,王蔚澄|王相文|徐安矣,1,0,11,1526,3,gold,board
2023,jinan,7,北京大学,人偶妹妹,李羿辰|罗思远|孙睿泽,1,0,9,901,5,gold,board
2023,jinan,8,北京大学,思路打开,管晏如|朱剑枫|张致,1,0,12,1196,1,gold,board
2023,jinan,9,北京工业大学,木方,李亦白|张君楷|孔翔宇,1,0,3,250,235,,board
2023,jinan,10,北京航空航天大学,不ak不改名,廖鹏飞|徐才峻|陈睿正,1,0,4,393,135,bronze,board
2023,jinan,11,北京航空航天大学,吃得真香,吴昊恒|董雨润|李秉翰,1,0,8,979,17,gold,board
2023,jinan,12,北京航空航天大学,哟哟,李澎瑞|孙健钧|黄伟宁,1,0,6,849,74,silver,board
2023,jinan,13,北京化工大学,艾克斯,薛墨寒|邱若昕|付晓,1,0,4,553,180,bronze,board
2023,jinan,14,北京化工大学,大烟杆嘴里塞_我只抽第五代,熊家怡|曾赫喆|周权,1,0,3,192,217,,board
2023,jinan,15,北京交通大学,风追夜白,彭彦铭|殷澄宇|杨佳昊,1,0,6,915,82,silver,board
2023,jinan,16,北京交通大学,想跟上榜,周一鸣|曾钦阳|魏浩桓,1,0,4,519,172,bronze,board
2023,jinan,17,北京科技大学,我不行了,苏锦波|王诺贤|高嘉然,1,0,4,460,153,bronze,board
2023,jinan,18,北京理工大学,ddl战神,林恺|朱子林|邹知秋,1,0,9,1117,8,gold,board
2023,jinan,19,北京理工大学,锐刻六代,李昂|梁思源|郑润哲,1,0,6,989,85,silver,board
2023,jinan,20,北京理工大学,逸一时误一世 逸久逸久罢一龄,张逸飞|赵一辰|王翔宇,1,0,3,123,204,,board
2023,jinan,21,北京林业大学,地大（北京）栋梁,梅涵|黄硕|余行健,1,0,5,672,97,silver,board
2023,jinan,22,北京师范大学,苹果狗,陈志锐|徐若翔|王儒斌,1,0,7,930,40,silver,board
2023,jinan,23,北京邮电大学,打完去超市买点东西吃,陈杰祥|刘益铭|谢志宏,1,0,6,905,81,silver,board
2023,jinan,24,北京邮电大学,来了去了,杨凯丞|吴昊|叶笑天,1,0,5,735,100,silver,board
2023,jinan,25,北京邮电大学,你说的队,卢安来|孙伟哲|王冀恒,1,0,4,364,131,bronze,board
2023,jinan,26,常熟理工学院,求求你给个铜牌吧，我真的什么都能做,沈俊康|顾家豪|陶孟然,1,0,2,39,297,,board
2023,jinan,27,成都理工大学,动物世界,崔稞|方洋|朱勇超,1,0,4,653,191,bronze,board
2023,jinan,28,成都信息工程大学,指引明路的苍蓝星,杨尚杰|曹逸飞|张轩铭,1,0,6,770,65,silver,board
2023,jinan,29,大连大学,叫什么名字捏,李承昊|李民豪|张逸璇,1,0,3,139,206,,board
2023,jinan,30,大连海事大学,愿,廖易超|陈昊楠|童奕,1,0,4,481,160,bronze,board
2023,jinan,31,大连理工大学,一带三,侯硕伟|李雁志|葛俊辰,1,0,5,605,95,silver,board
2023,jinan,32,代码源,少年听雨歌楼上,周人豪|许由|刘恩赐,0,0,6,874,,,board
2023,jinan,33,代码源+,漂移的十字路口,杜瑜皓|高宇|施韩原,0,0,9,888,,,board
2023,jinan,34,电子科技大学,UESTC_十夏花火,朱子涵|山佩永|吴立俊,1,0,8,1137,25,gold,board
2023,jinan,35,电子科技大学,UESTC_三只雄性,张昕诺|廖子牧|李毅远,1,0,4,188,119,bronze,board
2023,jinan,36,电子科技大学,UESTC_Guest_WiFi,弋竞为|朱铖昊|汪澄,1,0,8,1067,23,gold,board
2023,jinan,37,电子科技大学中山学院,倚楼听雨,陈灿跃|蔡远立|丁子涵,1,0,3,160,209,,board
2023,jinan,38,东北大学,东北大学_爱的抱抱,桂雄涛|王昊宇|张恒,1,0,1,20,332,,board
2023,jinan,39,东北大学,东北大学_次元魔女,仝家驹|陈彦澍|张帆,1,0,7,716,32,gold,board
2023,jinan,40,东北大学,东北大学_依言定真，鉴定为，你也万援申,金秋池|周尧|王岩,1,0,3,282,247,,board
2023,jinan,41,东北大学,东北大学_海底,肖举涛|苏铭炜|高健,1,0,3,263,241,,board
2023,jinan,42,东北大学秦皇岛分校,搭个郊县,邓逸飞|秦浩越|史哲成,1,0,3,199,220,,board
2023,jinan,43,东北大学秦皇岛分校,专业团队,孙钰涛|刘天阳|戴枭龙,1,0,3,143,207,,board
2023,jinan,44,东北电力大学,"No, Thank You!",徐浩东|关凯铭|李翔宇,1,0,4,450,151,bronze,board
2023,jinan,45,东北林业大学,太阳花,付钧元|汪兴阳|赵俊博,1,0,2,96,308,,board
2023,jinan,46,东北农业大学,红颜近晚霞,武桐润|薛佳伟|毛旭超,1,0,3,195,218,,board
2023,jinan,47,东北师范大学,巨大喷流,范耀天|胡哲瑜|王心雨,1,0,3,115,203,,board
2023,jinan,48,东华大学,狗熊岭之光,张晓高|鲍威凌|王娅婷,1,0,4,516,170,bronze,board
2023,jinan,49,东华大学,互联网六艺,陈缪鑫|蔡晋|彭飞,1,0,3,224,225,,board
2023,jinan,50,东南大学,打ACM打的↑↓,汪骏宇|张一林|陈乐扬,1,0,4,439,144,bronze,board
2023,jinan,51,福建理工大学,哪有小孩天天哭哪有acmer天天输,蔡东斌|陈鹏|郑晟睿,1,0,4,530,176,bronze,board
2023,jinan,52,福建农林大学,轻舟已过万重山,谢力航|陈有锴|蒋恒艺,1,0,2,93,307,,board
2023,jinan,53,福建师范大学,哇哦！金色传说！,林骅|林泰良|周奕帆,1,0,6,655,57,silver,board
2023,jinan,54,福州大学,飞鱼与蝉,徐彻|王子豪|郑恩琦,1,0,4,293,121,bronze,board
2023,jinan,55,福州大学,很多鸽子,陈宇|翁国樑|李鸿宇,1,0,5,1021,117,bronze,board
2023,jinan,56,复旦大学,秒速1E9,李佳骏|傅全通|骆语行,1,0,5,741,101,silver,board
2023,jinan,57,广东工业大学,绿豆沙,林俊耿|肖能翔|杨子弘,1,0,8,928,16,gold,board
2023,jinan,58,广东工业大学,喜欢睡觉,孙浩轩|钟少鹏|吴毓乐,1,0,3,368,272,,board
2023,jinan,59,广东工业大学,原神高手,赵浩杰|林梓航|周建宏,1,0,3,344,265,,board
2023,jinan,60,广东工业大学揭阳校区,GDUTJY_天依不加糖,袁畅|钟鸣|黄子扬,1,0,2,37,294,,board
2023,jinan,61,广西大学,IRAS 17514,王宇诚|陈佳林|冯云哲,1,0,4,769,197,bronze,board
2023,jinan,62,广州大学,虚虚得实,吴梓涵|谢艺瀚|梁金成,1,0,4,581,183,bronze,board
2023,jinan,63,贵州大学,青春NovelAI不会梦到AlphaCode,肖焕|邓惠敏|李东阳,1,0,3,290,248,,board
2023,jinan,64,桂林电子科技大学,Dreamboat,张安航|张蓝天|陈星宇,1,0,5,563,92,silver,board
2023,jinan,65,桂林电子科技大学,编译报错一定是主办方动我机子了,莫泽华|刘善坤|吴明恩,1,0,3,343,264,,board
2023,jinan,66,国防科技大学,十四方飞鸟,梁庭宇|王俊博|张力文,1,0,3,529,291,,board
2023,jinan,67,国防科技大学,宇宙警备队,刘宸|欧闻博|宋怀源,1,0,3,261,239,,board
2023,jinan,68,哈尔滨工程大学,奇怪队名gkd,于子涵|吴兆昕|杨春昊,1,0,6,1095,86,silver,board
2023,jinan,69,哈尔滨工业大学,假嘟尊嘟,金智威|卢海琪|周书扬,1,0,5,869,113,bronze,board
2023,jinan,70,哈尔滨工业大学,三个不会起名的人,寒钟书|郭昕旸|李志轩,1,0,4,382,133,bronze,board
2023,jinan,71,哈尔滨工业大学（深圳）,机房猫猫大队,高子烽|曹杨|井然,1,0,8,1377,29,gold,board
2023,jinan,72,哈尔滨工业大学（深圳）,全都做不队,黄奕翔|朱易锋|郑旭涛,1,0,4,479,158,bronze,board
2023,jinan,73,哈尔滨工业大学（威海）,地心引力,王昊川|纪鑫鹏|严煜,1,0,5,969,116,bronze,board
2023,jinan,74,哈尔滨工业大学（威海）,海底小纵队,沈晨阳|李义朋|陈秋宇,1,0,3,393,277,,board
2023,jinan,75,哈尔滨理工大学,哈理工12队JN,林浩|沈锦轩|陈圻昇,1,0,3,366,270,,board
2023,jinan,76,哈尔滨理工大学,哈理工02队JN,吕锦泽|王开纪|王令开,1,0,6,678,58,silver,board
2023,jinan,77,杭州电子科技大学,对称起源,马文浩|何卓锟|胡昊,1,0,9,1162,9,gold,board
2023,jinan,78,杭州电子科技大学,原始人，启洞,成家康|许钟乐|金佳栋,1,0,4,448,148,bronze,board
2023,jinan,79,杭州电子科技大学,天地万象皆随我意,郑文璟|余邦轩|闻人雨泽,1,0,6,651,55,silver,board
2023,jinan,80,杭州电子科技大学,原铁杀,冯松权|阮虹涛|张邵晗,1,0,4,488,163,bronze,board
2023,jinan,81,杭州师范大学,Ctrl c v 复制金牌,王图南|戴钒宇|童春琦,1,0,5,693,98,silver,board
2023,jinan,82,杭州师范大学,渡我者何人？,何家琛|邵茹怡|黄晨烨,1,0,3,162,211,,board
2023,jinan,83,杭州师范大学,注意间隙,蔡宇欣|林丰|尤馨然,1,0,4,587,185,bronze,board
2023,jinan,84,合肥工业大学,没有名字,刘钧佑|汪智浩|林树燊,1,0,2,148,316,,board
2023,jinan,85,合肥工业大学宣城校区,Knights of the Eastern Calculus,于鸥鹿|徐宇宸|王泓杰,1,0,3,305,252,,board
2023,jinan,86,合肥学院,打个表吧,汪一明|汪少鸿|王星力,1,0,4,345,128,bronze,board
2023,jinan,87,河北大学,河北大学云帆一队,赵润朔|刘哲轩|王旭,1,0,4,529,174,bronze,board
2023,jinan,88,河北工业大学,只会写暴力,韩宇轩|王梅策|李兴,1,0,2,169,319,,board
2023,jinan,89,河北师范大学,指尖破晓,李明瑞|黄信坚|向清弘,1,0,2,147,315,,board
2023,jinan,90,河海大学,千禧年の真理社,陈奕涵|陈磊|林桁,1,0,4,493,166,bronze,board
2023,jinan,91,河海大学,我的ACM铁牌物语果然有问题,徐圣翔|付宏磊|朱庆刚,1,0,6,872,77,silver,board
2023,jinan,92,河南大学,北极星,尤铭|张宇|陈经安,1,0,5,852,111,bronze,board
2023,jinan,93,河南工业大学,因为我已触碰过天空,张子豪|李昊阳|张鑫,1,0,4,482,161,bronze,board
2023,jinan,94,河南理工大学,还真是,付旭闯|李羽佳|符建昊,1,0,4,501,167,bronze,board
2023,jinan,95,河南农业大学,0.o,张潇|闫亚鑫|李云涛,1,0,5,741,101,silver,board
2023,jinan,96,衡阳师范学院,无留意,文福强|王方涵|肖哲,1,0,4,452,152,bronze,board
2023,jinan,97,湖北工业大学,次次大保底,曾鼎仁|喻洋|杨玥,1,0,3,306,253,,board
2023,jinan,98,湖南城市学院,益阳丁真,盛凌峰|申皓民|管帅林,1,0,3,269,244,,board
2023,jinan,99,湖南大学,渡,黄家旺|向金城|刘佰幸,1,0,5,756,104,bronze,board
2023,jinan,100,湖南大学,金色传说,苏杰|廖曙康|朱名扬,1,0,9,1052,6,gold,board
2023,jinan,101,湖南警察学院,完蛋！我被大佬包围了！,段家吾|罗尧宇|肖玮璟,1,0,2,195,323,,board
2023,jinan,102,湖南科技大学,喵喵队要去奋斗,周林锋|朱宏烨|李映飞,1,0,3,160,209,,board
2023,jinan,103,湖南理工学院,宝宝巴士,周旭|袁翔|许盼,1,0,3,228,226,,board
2023,jinan,104,湖南师范大学,师大之鑫,杨泽旭|倪祺祺|马嘉豪,1,0,4,518,171,bronze,board
2023,jinan,105,湖南文理学院,狂点技能树,吴立强|邓成浩|邹磊洋,1,0,6,770,65,silver,board
2023,jinan,106,华北科技学院,混沌大魔KING,张水金|陈文洁|陈建斌,1,0,3,339,263,,board
2023,jinan,107,华北理工大学,这是最后的机会了,尹尚龙|张恒旭|王涵悦,1,0,4,508,168,bronze,board
2023,jinan,108,华东理工大学,别急我还在藏东西队,谢榛|孙俊|李佳强,1,0,4,770,198,bronze,board
2023,jinan,109,华东师范大学,百折不挠，合作共赢,冯顾炜|冯嘉一|许乐,1,0,6,869,76,silver,board
2023,jinan,110,华东师范大学,风一样,冯中信|田亦海|谢瑞阳,1,0,6,748,61,silver,board
2023,jinan,111,华南理工大学,伯兰特州U：燃烧的西红柿,程琦|华宝杨|徐思飞,1,0,5,488,88,silver,board
2023,jinan,112,华南理工大学,某不科学的AC,陈鹏|倪锦坤|赵冬青,1,0,6,584,50,silver,board
2023,jinan,113,华南农业大学,SCAU_3,蔡依珂|陈伟杰|杨天浩,1,0,4,440,145,bronze,board
2023,jinan,114,华南师范大学,虾虎遨游直至AC,袁子锋|陈家骏|陈嘉成,1,0,4,405,138,bronze,board
2023,jinan,115,华侨大学,红日初升,赵雨扬|苏明强|危露平,1,0,8,1031,20,gold,board
2023,jinan,116,华中科技大学,队里有人被压力导致的,方昀昊|陈浩天|李海疆,1,0,6,876,78,silver,board
2023,jinan,117,华中科技大学,轻语,汪文卓|金城根|杨治,1,0,8,897,15,gold,board
2023,jinan,118,华中科技大学,小鲤鱼历险记,李根|俞仲遥|喻珈,1,0,8,1061,22,gold,board
2023,jinan,119,华中农业大学,金银铜,谢少峰|周文锦|刘加盛,1,0,3,436,284,,board
2023,jinan,120,华中师范大学,落叶飘零,郭子寒|熊吉祥|钟鸣,1,0,6,590,52,silver,board
2023,jinan,121,华中师范大学,借点金充星穹铁道,王彬宇|曹俞欣|张宏辉,1,0,7,908,39,silver,board
2023,jinan,122,惠州学院,鶸巢,陈之焕|张俊栋|潘庆裕,1,0,1,13,331,,board
2023,jinan,123,吉林大学,Nan上加Nan,周宇恒|方涵斌|李祯浩,1,0,7,1113,44,silver,board
2023,jinan,124,吉林大学,划船全靠浪,武锦旗|刘凡平|赵星宇,1,0,2,30,292,,board
2023,jinan,125,集美大学,凪,姚远|叶文定|庄晓兵,1,0,3,394,278,,board
2023,jinan,126,济南大学,ICPC哪里跪了,王文博|陈同帅|廖在兴,1,0,3,230,228,,board
2023,jinan,127,济南大学,飞龙骑脸怎么输之我是爱莉希雅的团子大仓鼠,刘信义|曹宗达|夏雨,1,0,2,343,330,,board
2023,jinan,128,济南大学,今天,李沐翰|荆一彤|张崇,1,0,3,496,290,,board
2023,jinan,129,济南大学,世界之隙,周亚冰|李晓|尹依哲,1,0,3,438,285,,board
2023,jinan,130,暨南大学,胜天半子,曾琪瑶|黎广镕|郑冰伟,1,0,3,486,288,,board
2023,jinan,131,暨南大学,这是我最后的波纹了,李安宁|周祝涛|郭骏东,1,0,0,0,334,,board
2023,jinan,132,嘉应学院,可燃冰,郑烁|郑乔炜|郭家盛,1,0,3,253,236,,board
2023,jinan,133,江汉大学,不动的大图书馆,杨中钱|马强|熊振庭,1,0,2,117,310,,board
2023,jinan,134,江南大学,求求你给我块牌吧，队长会玩崩坏星穹铁道的,史传正|林品丞|夏凡,1,0,4,328,126,bronze,board
2023,jinan,135,江西财经大学,Jtrip,欧阳岩|周政|潘登,1,0,2,280,328,,board
2023,jinan,136,江西财经大学,从第一个WA开始,黄亦诚|王海峰|廖凌翔,1,0,5,609,96,silver,board
2023,jinan,137,江西理工大学,码海中的幻境之旅,胡文晗|简政|刘浩杰,1,0,2,53,299,,board
2023,jinan,138,江西农业大学,网瘾犯了,潘仕翰|孙文凯|张帆,1,0,4,597,188,bronze,board
2023,jinan,139,江西师范大学,辣子鸡,刘皓东|简力然|朱讯麟,1,0,3,229,227,,board
2023,jinan,140,昆山杜克大学,整个龙江,孙厚旻|郭锦元|李平,1,0,2,194,322,,board
2023,jinan,141,兰州大学,CCPC忘记报名了,王徐笙|孟戴浓达|狄农雨,1,0,6,803,70,silver,board
2023,jinan,142,乐山师范学院,原地踏步者,罗明杨|刘家康|黄仪鸥,1,0,4,356,130,bronze,board
2023,jinan,143,聊城大学,未来算法研究所,王宁|魏新杰|贾磊,1,0,3,493,289,,board
2023,jinan,144,临沂大学,罚坐队,王恒|李扬|宗永帝,1,0,4,449,150,bronze,board
2023,jinan,145,鲁东大学,星星之火 - 银狼,张瑞哲|高翔|李振兴,1,0,3,237,229,,board
2023,jinan,146,南昌航空大学,雀食蟀三队,项煌坤|潘岩|王胜杰,1,0,2,124,311,,board
2023,jinan,147,南方科技大学,南方科技大学-坦佩雷,王景毅|熊子豪|李雨轩,1,0,7,841,37,silver,board
2023,jinan,148,南方科技大学,南方科技大学-伊卡利宁,林政宇|曾子华|赵子悦,1,0,6,793,69,silver,board
2023,jinan,149,南方科技大学,南方科技大学-罗瓦涅米,李杭|宋天佑|张泰玮,1,0,4,444,147,bronze,board
2023,jinan,150,南华大学,￥inculde《iosteam》\n_using_namespece_\n_itn_mian_{count《《“hellow_word”;retrun_o},李柏顺|李可柯|陶浩东,1,0,3,271,245,,board
2023,jinan,151,南京大学,乱敲键盘,陈端锐|张植翔|葛文清,1,0,4,653,191,bronze,board
2023,jinan,152,南京大学,明明是我先来的,黄文睿|谭泽晖|王崧睿,1,0,7,1258,48,silver,board
2023,jinan,153,南京大学,荆棘黄昏,鞠哲|蔡昊润|缪天顺,1,0,3,169,214,,board
2023,jinan,154,南京大学,虚幻黄昏,丁天行|欧丰宁|单启程,1,0,8,744,12,gold,board
2023,jinan,155,南京工业大学,三相之力,张喆|张林骏|薛洋,1,0,4,488,163,bronze,board
2023,jinan,156,南京航空航天大学,甘雨想打ACM,谢雨奇|崔煜康|杨幸龙,1,0,4,591,186,bronze,board
2023,jinan,157,南京航空航天大学,林克时间,陈泓谙|刘明杰|袁尔杭,1,0,2,144,314,,board
2023,jinan,158,南京航空航天大学,水冷头不撕膜,王锴|谢骏鑫|施文韬,1,0,5,1035,118,bronze,board
2023,jinan,159,南京理工大学,珂朵莉也能持久化,许廷阳|陈宇航|谭清海,1,0,3,254,238,,board
2023,jinan,160,南京理工大学,平和猫猫头,何平|陈涣焕|金朝哲,1,0,9,1254,10,gold,board
2023,jinan,161,南京理工大学,睿智猫猫头,沈培森|宋廉鸿|王俊鑫,1,0,5,856,112,bronze,board
2023,jinan,162,南京林业大学,林带观光团,喻灯|缪若凡|马诗航,1,0,2,82,305,,board
2023,jinan,163,南京师范大学,我Python怎么又超时了,彭章荣|季润民|周旻硕,1,0,6,757,62,silver,board
2023,jinan,164,南京信息工程大学,砌砖嘴犟,朱一诺|孙嘉诚|俞卓群,1,0,3,295,250,,board
2023,jinan,165,南京信息工程大学,小砌砖大震撼,魏林东|曹煜珑|刘阳元,1,0,3,209,222,,board
2023,jinan,166,南京邮电大学,指望另一队,展翼|陈兆锋|韩达昊,1,0,3,347,266,,board
2023,jinan,167,南京邮电大学,我负责WA十发带队友坐牢,陆逸禾|胡琦晔|夏铭浩,1,0,2,314,329,,board
2023,jinan,168,南京邮电大学,希望有一个友好的结尾,杨光辉|周轶辉|胡国宏,1,0,3,369,273,,board
2023,jinan,169,南开大学,对他使用dijkstra吧,冯宇好|林逸典|杨澍,1,0,5,759,105,bronze,board
2023,jinan,170,南开大学,给毕达哥拉斯以计算机,宋秭睿|杜岱玮|刘沛鑫,1,0,4,491,165,bronze,board
2023,jinan,171,南通大学,没有队名,蔡巧颖|赵迪|肖如航,1,0,2,52,298,,board
2023,jinan,172,宁波大学,樱白之歌,李嘉琪|赵瑞杰|朱文豪,1,0,4,596,187,bronze,board
2023,jinan,173,宁夏大学,那你想叫啥就叫啥吧,周俊峰|于世华|邵明轩,1,0,4,802,200,bronze,board
2023,jinan,174,莆田学院,拿牌了就退役和队友玩原神&队长单身十年,许庆华|龚磊|吴于辉,1,0,2,125,312,,board
2023,jinan,175,齐齐哈尔大学,欢迎报考齐齐哈尔大学,邹建楠|胡永顺|卢宇亮,1,0,4,526,173,bronze,board
2023,jinan,176,青岛大学,老年艺术团,韩明睿|陈贺|张泽纬,1,0,3,423,283,,board
2023,jinan,177,青岛大学,养发旅游团,席念润|陈宏昌|阮德昭,1,0,3,253,236,,board
2023,jinan,178,青岛科技大学,VT 彩铅,李亚飞|康博|刘星辰,1,0,2,223,325,,board
2023,jinan,179,青岛科技大学,她与金牌皆失,王盛霖|闫振斌|王科智,1,0,4,725,194,bronze,board
2023,jinan,180,青岛理工大学,陟暇自迩,胡书杰|史杰|陈守诚,1,0,4,331,127,bronze,board
2023,jinan,181,青岛农业大学,R_C_N.风信子,任嘉乐|曹梦婷|聂千山,1,0,3,175,215,,board
2023,jinan,182,青岛农业大学,翻斗花园突击手,周宏宝|臧允盛|陈天翊,1,0,2,38,295,,board
2023,jinan,183,青岛农业大学海都学院,紫罗兰永恒花园,李炫谊|王钰坤|张继伟,1,0,2,275,327,,board
2023,jinan,184,清华大学,时来运转观光团,杜盛全|宋学伟|魏亦翔,1,0,7,1236,47,silver,board
2023,jinan,185,清华大学,有手有脚,罗恺|陈于思|杨珖,1,0,9,900,4,gold,board
2023,jinan,186,清华大学,一鼠两赢,吴雨航|李书润|贾朝蓬,1,0,8,824,14,gold,board
2023,jinan,187,曲阜师范大学,失踪的天鹅之考研怎么你了,孙涛|许文然|孙一粟,1,0,2,72,303,,board
2023,jinan,188,厦门大学,攻城狮,黄勖|张文韬|马承乾,1,0,3,329,258,,board
2023,jinan,189,厦门大学,瞎打XCPC,栾英石|蔡培|倪家乐,1,0,7,1229,46,silver,board
2023,jinan,190,山东财经大学,参与奖掠夺者,李锦月|陈代鑫|江文硕,1,0,3,165,213,,board
2023,jinan,191,山东财经大学,烈火战神中门端大狙,于瑞寒|吴青原|鲍一帆,1,0,2,67,302,,board
2023,jinan,192,山东大学,ACM最强传说绝凶的猛虎,张景岳|刘易哲|李厅弘,1,0,3,240,231,,board
2023,jinan,193,山东大学,给大哥端茶倒水的小弟,黄垚挺|刘子龙|于斐,1,0,4,448,148,bronze,board
2023,jinan,194,山东大学,黄老师的粉丝团,孔轲祎|苏岳|李玉庭,1,0,7,880,38,silver,board
2023,jinan,195,山东大学,三妖精 sayya,禚安垣|张润泽|范恒鑫,0,0,5,699,,,board
2023,jinan,196,山东大学,她还是爱我的对不队,张论豪|孙语聪|孙广宸,1,0,4,477,157,bronze,board
2023,jinan,197,山东大学（威海）,16MB的感动,陈其轩|温泽林|孙从众,1,0,3,136,205,,board
2023,jinan,198,山东大学附属中学,一百万个双端队列,刘天睿|王子熙|韩尚格,0,0,5,739,,,board
2023,jinan,199,山东第一医科大学,做的都队,熊泉清|闫畅|周彦霖,1,0,2,151,317,,board
2023,jinan,200,山东工商学院,好好好,李旭|陈文龙|栗子旭,1,0,2,74,304,,board
2023,jinan,201,山东管理学院,一院丁真,陈健豪|李群烁|姚忠禹,1,0,3,417,281,,board
2023,jinan,202,山东建筑大学,映雪湖的神秘生物,董芳安|马建宇|庄文轩,1,0,2,238,326,,board
2023,jinan,203,山东科技大学,柏林队,岳立冬|张一炜|赵凯旭,1,0,4,414,140,bronze,board
2023,jinan,204,山东科技大学,奋进号,高宇|李来利|高云鹏,1,0,5,788,106,bronze,board
2023,jinan,205,山东理工大学,开发9G,王佳琳|马玉堂|郭海滨,1,0,4,619,189,bronze,board
2023,jinan,206,山东理工大学,清纯白毛小萝莉,王鹤翱|从文杰|孙童乐,1,0,4,365,132,bronze,board
2023,jinan,207,山东农业大学,羊村护卫队,王德申|孙笑扬|王明东,1,0,2,60,300,,board
2023,jinan,208,山东女子学院,一块牛奶栗子糕,胡吉利|黑乃骁|张艺颖,1,0,3,268,243,,board
2023,jinan,209,山东省平邑第一中学,玛卡巴卡,于松鑫|郭书锦|仲沛霖,0,0,4,314,,,board
2023,jinan,210,山东省平邑第一中学,进击的雪豹,彭奕轲|孙子众|袁振轩,0,0,5,736,,,board
2023,jinan,211,山东省平邑第一中学,守护最可爱的众众酱,吴运林|陈彦霖|罗一康,0,0,4,728,,,board
2023,jinan,212,山东省实验中学,牛校出牛子,王昊琛|兰宇轩|李俊霖,0,0,8,1104,,,board
2023,jinan,213,山东师范大学,大蜗蜗&江欣婷&LDX的奇幻冒险,蒋旭东|张锦淇|刘东暄,1,0,3,369,273,,board
2023,jinan,214,山东师范大学,队长没过四级,刘萌|田聪|魏宇翔,1,0,3,347,266,,board
2023,jinan,215,山东师范大学,二原组,王尧|张凤来|吕星宇,1,0,3,472,287,,board
2023,jinan,216,山东师范大学附属中学,梦之队,肖程耀|鹿钟学|苏禹齐,0,0,4,414,,,board
2023,jinan,217,山东协和学院,不是北京协和,陈金忠|毕铭毅|张福旭,1,0,2,185,321,,board
2023,jinan,218,山西大学,壱雫空,华晓飞|刘明泽|谢千一,1,0,4,806,201,bronze,board
2023,jinan,219,上海大学,SHU-10,陶钧|周⼦竣|潘铧超,1,0,7,706,31,gold,board
2023,jinan,220,上海大学,芝士狗狗队,陈楠|陆诗雨|陈欣宇,1,0,3,291,249,,board
2023,jinan,221,上海大学,启云力,袁天成|吴凡|杨明轩,1,0,3,354,269,,board
2023,jinan,222,上海大学,只要微笑就好,贺新宇|李扬帆|王健宇,1,0,4,533,177,bronze,board
2023,jinan,223,上海海事大学,打铁之我是菜狗,应懿|潘飞扬|陆锦云,1,0,6,766,63,silver,board
2023,jinan,224,上海交通大学,春日影,刘家宁|杨崇烨|林一凡,1,0,8,994,19,gold,board
2023,jinan,225,上海交通大学,黎明随想曲,袁莘睿|邵嘉南|王宇轩,1,0,7,803,35,silver,board
2023,jinan,226,上海交通大学,希冀之翼,唐靖淇|李南锡|冯启豫,1,0,8,1053,21,gold,board
2023,jinan,227,上海科技大学,重生之我是通配符,范徐伟|周怿翔|曹宇涵,1,0,3,398,279,,board
2023,jinan,228,韶关学院,我看队友打代码,康丁魁|林日清|周亚男,1,0,4,479,158,bronze,board
2023,jinan,229,绍兴文理学院元培学院,艾欧尼亚专业团队,徐冕|江亚君|谢琳涵,1,0,4,263,120,bronze,board
2023,jinan,230,深圳北理莫斯科大学,CCA,王司晨|贾盛棠|王泽翰,1,0,4,571,182,bronze,board
2023,jinan,231,深圳大学,SZU_Kevin,陈攒鑫|刘骐华|查凯文,1,0,3,306,253,,board
2023,jinan,232,深圳大学,橙色奇迹,李林一|陈天行|蔡子健,1,0,4,433,141,bronze,board
2023,jinan,233,四川大学,刀削面的疲倦,杨欣渝|程渝峰|邓雍,1,0,8,794,13,gold,board
2023,jinan,234,四川大学,自费旅游三小丑,罗实|刘宇凡星|李宣乐,1,0,4,294,122,bronze,board
2023,jinan,235,四川师范大学,就算是中二病也要谈恋爱,邓厚锐|董军军|许杰,1,0,3,333,259,,board
2023,jinan,236,苏州大学,韩氏空指针上可持久化雨自动机,李承庚|赵鹏|周逸扬,1,0,4,398,136,bronze,board
2023,jinan,237,苏州大学,金闪闪,周进一|肖锦嗣|韩则进,1,0,6,730,60,silver,board
2023,jinan,238,台州学院,沧浪之水--为梦而战,任敏浩|孙宇飞|陈景钧,1,0,6,964,84,silver,board
2023,jinan,239,太原理工大学,一路向上,崔佳敏|刘鑫阳|张洲洋,1,0,3,407,280,,board
2023,jinan,240,天津大学,人菜码多,黄敏行|牟泓锦|张忠清,1,0,3,164,212,,board
2023,jinan,241,天津大学,为什么要演奏春日影,邓锦源|王贝琦|马明朝,1,0,4,680,193,bronze,board
2023,jinan,242,天津理工大学,转生成为了只有音乐游戏破灭flag的乌蒙地插吃,白佳明|刘鑫星|佟佳华,1,0,1,95,333,,board
2023,jinan,243,天津仁爱学院,梦幻小丑,李安磊|方思源|刘征,1,0,4,398,136,bronze,board
2023,jinan,244,同济大学,本来挺喜欢ACM的,孙治弘|刘依扬|张乐天,1,0,6,819,72,silver,board
2023,jinan,245,威海市实验高级中学,威海实验高中信奥队,戚朗瑞|宋俊璁|孙雨彤,0,0,8,835,,,board
2023,jinan,246,潍坊学院,此处无队名,刘战|徐力杰|柴华,1,0,3,205,221,,board
2023,jinan,247,武汉大学,天台的月光,朱峰琪|史业新|王植,1,0,5,504,90,silver,board
2023,jinan,248,武汉大学,夏三角,吴飞洋|刘锡锐|徐嘉浩,1,0,8,1086,24,gold,board
2023,jinan,249,武汉工程大学,会有奇迹吗？3.0,李东升|龚万|刘超,1,0,4,440,145,bronze,board
2023,jinan,250,武汉科技大学,RELX悦刻幻影五代PRO,肖依如|孙煜恒|聂泽锴,1,0,6,899,80,silver,board
2023,jinan,251,武汉理工大学,！动启，神原,邹昊天|曹予严|陈华思源,1,0,3,262,240,,board
2023,jinan,252,武汉理工大学,牧马人,马鸿鑫|叶武|徐靖琦,1,0,4,565,181,bronze,board
2023,jinan,253,西安电子科技大学,三分之二去零点,曾岩|汪文轩|田康杰,1,0,6,838,73,silver,board
2023,jinan,254,西安电子科技大学,神里流:AC,柴东辰|剌宾燕|罗嘉诚,1,0,5,705,99,silver,board
2023,jinan,255,西安交通大学,AI告诉我这是一个好名字,王禹皓|张清扬|邓熙健,1,0,4,296,123,bronze,board
2023,jinan,256,西安交通大学,WQY竟不从之,王启源|杨逸舟|吴夏天,1,0,4,514,169,bronze,board
2023,jinan,257,西安交通大学,拜登跳动,陈执镇|唐梓航|赵宋文,1,0,5,791,108,bronze,board
2023,jinan,258,西安理工大学,二进制文豪,贾成杰|邹乐凡|刘治楷,1,0,3,446,286,,board
2023,jinan,259,西安邮电大学,江郎才尽,黄令群|毋至晨|牛晨旭,1,0,3,249,234,,board
2023,jinan,260,西北大学,一定是那ICPC，它把大哥打至跪地。可能是迫大哥跟它回去打CF口牙！,朱钊毅|伍俊霖|朱珈成,1,0,3,350,268,,board
2023,jinan,261,西北工业大学,Undo,王景珩|闻茁|牛马思元,1,0,5,755,103,bronze,board
2023,jinan,262,西北工业大学,啊对对队,谢宇轩|许鑫平|刘锦宇,1,0,4,629,190,bronze,board
2023,jinan,263,西北工业大学,苦瓜大王,吴优|刘伟业|郝春博,1,0,4,585,184,bronze,board
2023,jinan,264,西北工业大学,野犬牧行,王杰|高博文|宋国鹏,1,0,4,434,142,bronze,board
2023,jinan,265,西北农林科技大学,华丽收场,党金鹏|张清凌|曾令顺,1,0,4,308,124,bronze,board
2023,jinan,266,西湖大学,西湖,王宇皓|周扬帆|楼鑫浩,1,0,4,320,125,bronze,board
2023,jinan,267,西南交通大学,MyGO!!!,郑欢庆|易曾晓|林嘉俊,1,0,4,529,174,bronze,board
2023,jinan,268,西南交通大学,tfBugs,丁昱|阚闯|徐丁阳,1,0,3,191,216,,board
2023,jinan,269,西南科技大学,荧光闪烁,向子建|陈同庆|黄志豪,1,0,3,102,202,,board
2023,jinan,270,西南民族大学,我觉得我是,刘家乐|潘浩霖|李悦冰,1,0,5,570,93,silver,board
2023,jinan,271,西南石油大学,汉水嘉陵,何昀瑾|刘龙浩|钟夏林,1,0,4,797,199,bronze,board
2023,jinan,272,香港城市大学,九龙塘妙妙屋,郑上锟|洪琛皓|徐澎杨,1,0,2,170,320,,board
2023,jinan,273,香港城市大学,导师叫我们来打比赛,余喆涵|高义雄|何禹,1,0,7,1227,45,silver,board
2023,jinan,274,香港大学,開門呀呀呀,熊鑫庄|陳芷晴|Yerdaulet|Mussabek,1,0,3,321,257,,board
2023,jinan,275,香港大学,什么神什么启动,嚴正為|李屿霏|罗靖宇,1,0,5,891,115,bronze,board
2023,jinan,276,香港浸会大学,HKBU,赵云翔|Arsen|Avkhadiev|Mohammad|Riasad|Huq,1,0,8,981,18,gold,board
2023,jinan,277,香港浸会大学,浸会观光团,沈子栋|李卓聰|郭恬贝,0,0,1,361,,,board
2023,jinan,278,香港科技大学（广州）,起洞,张晋杰|赵欣昊|吴乐毅,1,0,6,770,65,silver,board
2023,jinan,279,香港中文大学（深圳）,CUHK-SZ (TBD),陈翰飞|曾子荣|何润元,1,0,7,611,30,gold,board
2023,jinan,280,香港中文大學,好有諗法,黃梓謙|周禮言|鄭希哲,1,0,6,588,51,silver,board
2023,jinan,281,香港中文大學,失敗終結符,姜宣丞|袁樂勤|吳有孚,1,0,7,774,34,gold,board
2023,jinan,282,湘潭大学,洋灰三角,曾庆鑫|曾洋旭|万康,1,0,2,36,293,,board
2023,jinan,283,新疆大学,Yep,章凇瑜|包喆权|金展博,1,0,6,818,71,silver,board
2023,jinan,284,新疆大学,扑克牌里最大牌,杨弘毅|庄凌浩|蒋涛,1,0,3,367,271,,board
2023,jinan,285,信息工程大学,一道杠的青春,李一帆|白昊然|闫国基,1,0,4,487,162,bronze,board
2023,jinan,286,徐州工程学院,dev启动,陈光雨|尹基胜|夏晨龙,1,0,3,374,275,,board
2023,jinan,287,烟台大学,别人AC，我们寄,艾雪飞|曹志强|靳有田,1,0,3,237,229,,board
2023,jinan,288,烟台科技学院,we rock,徐召佳|李晓洋|姜奕帆,1,0,3,295,250,,board
2023,jinan,289,烟台理工学院,天晨破晓,吴雪安|郑世云|石乃畅,1,0,2,109,309,,board
2023,jinan,290,燕山大学,都说了是树形DP不是球形DP,刘翔|商佳辉|张旭,1,0,3,308,255,,board
2023,jinan,291,云南大学,!再见YNU,李明康|林逸泉|杨佳祺,1,0,5,821,109,bronze,board
2023,jinan,292,长安大学,你就说样例过了对不队,辜颖燊|吴宇伦|辜浩然,1,0,3,221,224,,board
2023,jinan,293,长春理工大学,我绝不和煎蛋不放糖的家伙结婚！,范泽涛|孟天|潘奕霖,1,0,3,263,241,,board
2023,jinan,294,长沙理工大学,苍蝇附骥，萝茑依松,陈亮|蔡灏东|粟宇,1,0,2,38,295,,board
2023,jinan,295,长沙学院,最后一舞,肖天赐|张孝玉|陈俊豪,1,0,5,542,91,silver,board
2023,jinan,296,浙大城市学院,来三杯拿铁,潘劲帆|章晨榆|李时博,1,0,6,865,75,silver,board
2023,jinan,297,浙大宁波理工学院,现场队,吴承丞|陈铮|陈泽楷,1,0,5,842,110,bronze,board
2023,jinan,298,浙江财经大学,寒星孤月,陈启亮|冯裕钵|徐海天,1,0,3,313,256,,board
2023,jinan,299,浙江大学,nameless story,凌子恒|胡家齐|林响烨,1,0,8,738,11,gold,board
2023,jinan,300,浙江大学,复仇之魂,张志心|楼沁霈|周遥,1,0,6,606,53,silver,board
2023,jinan,301,浙江大学,九衢尘,黄嘉尔|王楚淏|马熠阳,1,0,7,948,42,silver,board
2023,jinan,302,浙江大学,虚空之梦,彭博|褚写庭|陈逸,1,0,9,1106,7,gold,board
2023,jinan,303,浙江工商大学,空花阳焰,徐贤涛|王哲|薛强,1,0,4,727,195,bronze,board
2023,jinan,304,浙江工商大学,理塘最速WA传说,林仁豪|陈孝乐|郑翔,1,0,3,280,246,,board
2023,jinan,305,浙江工业大学,ZJUT6,虞锴宸|郭歆雨|朱家辉,1,0,3,240,231,,board
2023,jinan,306,浙江工业大学,才思泉涌,黄陈兆鋆|张盛|蔡凯玮,1,0,6,1286,87,silver,board
2023,jinan,307,浙江工业大学,奇思妙想,包林鑫|朱锦|陆徐豪,1,0,6,653,56,silver,board
2023,jinan,308,浙江理工大学,不死图腾,戴亮|汪明|鲁洁阳,1,0,4,408,139,bronze,board
2023,jinan,309,浙江理工大学,邪恶泡泡与射线恶魔,王显龙|肖泽宇|钟昀铮,1,0,4,353,129,bronze,board
2023,jinan,310,浙江农林大学,浙农专旅行者,王家安|黄伟杰|丁晨涛,1,0,3,336,261,,board
2023,jinan,311,浙江师范大学,ZJNU_7队,厉文浩|蒋润浩|王学远,1,0,7,731,33,gold,board
2023,jinan,312,浙江师范大学,ZJNU_遵纪守法,吴铮|陈增豪|陈骏鹏,1,0,6,630,54,silver,board
2023,jinan,313,浙江师范大学,三幻神,童培峻|兰博望|许凯胤,1,0,3,333,259,,board
2023,jinan,314,浙江万里学院,贞德食泥鸭,赵之钰|袁礼赞|吴振扬,1,0,3,149,208,,board
2023,jinan,315,郑州大学,仲夏夜之梦,王亚琪|乔培元|徐政中,1,0,3,337,262,,board
2023,jinan,316,郑州轻工业大学,VP Master,司传钊|郑皓阳|赵永斌,1,0,5,789,107,bronze,board
2023,jinan,317,中北大学,水泥工人再就业,邢飞杨|王芃阳|于秉琪,1,0,2,66,301,,board
2023,jinan,318,中国地质大学（北京）,打acm没对象,夏冬|陈俊豪|胡葭懿,1,0,4,462,156,bronze,board
2023,jinan,319,中国地质大学（武汉）,后会无期,樊瑞航|余熙|龚候嘉,1,0,3,417,281,,board
2023,jinan,320,中国海洋大学,递归师傅,王俞鉴|李明朗|蔡万林,1,0,4,437,143,bronze,board
2023,jinan,321,中国海洋大学,交啥啥队,杨家祺|陈天梓|徐坤,1,0,2,216,324,,board
2023,jinan,322,中国计量大学,我不想加入Ranking俯冲,吴志存|杨晗|章霄宇,1,0,4,540,178,bronze,board
2023,jinan,323,中国科学技术大学,Firezox,方驰正|周瓯翔|陈卫星,1,0,7,981,43,silver,board
2023,jinan,324,中国科学技术大学,布吉岛,张以诺|张雨阳|戎峻泽,1,0,5,586,94,silver,board
2023,jinan,325,中国科学技术大学,末日时在做什么？有没有空？可以来烤苕皮么？,冯正桦|邵晓玮|李俊辰,1,0,8,1219,28,gold,board
2023,jinan,326,中国科学技术大学,至少看起来像个女队,周一凡|叶余非|肖羿,1,0,7,840,36,silver,board
2023,jinan,327,中国科学院大学,果壳挂科王,徐亦周|徐致远|蓝天朗,1,0,6,583,49,silver,board
2023,jinan,328,中国矿业大学,不许玩原神,周佳炜|张梓渝|陈溪远,1,0,3,196,219,,board
2023,jinan,329,中国矿业大学,码的都队,江之昀|杨航|付天航,1,0,2,164,318,,board
2023,jinan,330,中国矿业大学,原神异闻录,汉坤成|王伦|李法东,1,0,3,248,233,,board
2023,jinan,331,中国矿业大学（北京）,北矿7队,罗心伟|郭天茁|高晨莹,1,0,6,923,83,silver,board
2023,jinan,332,中国矿业大学（北京）,wa自动机,洪文|李国骏|张子豪,1,0,2,84,306,,board
2023,jinan,333,中国民航大学,大四打基础,傅一笑|刘家宁|李婧涵,1,0,4,461,154,bronze,board
2023,jinan,334,中国人民大学,面向变形金刚编程,张世骐|冯友和|唐煜勋,1,0,4,461,154,bronze,board
2023,jinan,335,中国石油大学（华东）,中石大1953,秦骉|皮祥剑|刘亚宁,1,0,5,889,114,bronze,board
2023,jinan,336,中南大学,楼下就这？差一题不凹,刘嘉瑞|王宏浩|罗子罗文,1,0,4,728,196,bronze,board
2023,jinan,337,中南大学,美滋滋,周卓|江天运|易光廷,1,0,7,942,41,silver,board
2023,jinan,338,中南大学,普普三人组,徐国琛|李玄靖|赖锦镕,1,0,8,1149,26,gold,board
2023,jinan,339,中南民族大学,柴郡猫猫头,胡双|牟红坤|叶家永,1,0,2,129,313,,board
2023,jinan,340,中南民族大学,玛卡巴卡和它的秘密花园,林佳露|李子安|尹子昂,1,0,3,217,223,,board
2023,jinan,341,中山大学,中山大学_有好有坏有点呆,潘昊翔|郑少怀|戴骏腾,1,0,6,885,79,silver,board
2023,jinan,342,中山大学,中山大学_干完这杯卡布奇诺！,梁励|方展鸿|罗以彬,1,0,6,725,59,silver,board
2023,jinan,343,中山大学,中山大学_OMS维修队,黄致博|邱恺铭|谢文龙,1,0,8,1156,27,gold,board
2023,jinan,344,中山大学,中山大学_大三元,姚敏清|彭泽铭|郑海俊,1,0,6,786,68,silver,board
2023,jinan,345,重庆大学,拒绝精神内耗，WA了直接发疯,黄锐|王冀鲁|胡远卓,1,0,6,769,64,silver,board
2023,jinan,346,重庆大学,这个队名出现在21世纪还是太超前了,葛轩铭|陈泆君|鲁永卓,1,0,5,500,89,silver,board
2023,jinan,347,重庆邮电大学,前面的题面以后再来探索吧？,罗昊|江骏扬|辜飞云,1,0,4,387,134,bronze,board
2023,jinan,348,齐鲁工业大学（山东省科学院）,为杭州站找找感觉打打基础,郑博维|杨梓睿|张明超,0,0,3,430,,,board
2023,jinan,349,长清大学城实验初级中学,花开城南,张秦川,0,0,0,0,,,board
2023,hefei,347,复旦大学,提莫觉得你说的对,秦励超|俞嘉琪|周煜凯,1,0,3,568,224,,board
2023,hefei,348,湖南大学,重wa一千次反方向的钟能否回到初见,孙保庆|李景越|周伟聪,1,0,1,37,340,,board
2023,hefei,349,绍兴文理学院元培学院,艾欧尼亚专业团队,徐冕|谢琳涵|江亚君,1,0,5,817,94,silver,board
2023,hefei,350,华东师范大学,会员制餐厅,杜霖|张潮|张甲伟,1,0,2,265,311,,board
2023,hefei,351,南京大学,太平,陈昊洋|黄可唯|王恺翔,1,0,6,722,34,gold,board
2023,hefei,352,合肥学院,甘！文！！崔！！！,钟健|许志航|桑长安,1,0,2,229,306,,board
2023,hefei,353,上海交通大学,希冀之翼,唐靖淇|李南锡|冯启豫,1,0,7,738,16,gold,board
2023,hefei,354,山东大学,应用随机过程,孔轲祎|苏岳|李玉庭,1,0,7,1245,28,gold,board
2023,hefei,355,大连理工大学,共跳最后一支舞,赵一鹏|谭傲|李泽与,1,0,3,354,189,bronze,board
2023,hefei,356,河北工业大学,全都做队,黄锦翔|林宇翔|赵胜彬,1,0,2,293,317,,board
2023,hefei,357,河南工业大学,WA常有，AC不常有,曹瑞峰|陈兰锴|牛浩然,1,0,2,59,242,,board
2023,hefei,358,贵州大学,广告位招租,张岩|高嘉阳|曾德鑫,1,0,1,7,328,,board
2023,hefei,359,韶关学院,三个蒟蒻,黄家宝|陈兴翰|戴军,1,0,1,32,338,,board
2023,hefei,360,浙江大学,十发罚时,吴与伦|徐锐扬|万弘,1,0,10,1340,2,gold,board
2023,hefei,361,华中师范大学,落叶飘零,郭子寒|钟鸣|熊吉祥,1,0,5,653,75,silver,board
2023,hefei,362,香港中文大学（深圳）,稳中向好,梁骆城|刘戴乐|邵辰航,1,0,3,350,187,bronze,board
2023,hefei,363,四川大学,难题肉搏小队,杨轶涵|李名骕|苏臻,1,0,7,832,18,gold,board
2023,hefei,364,哈尔滨工业大学,都是方舟惹的祸,陈云龙|陈思阳|王宜平,1,0,5,426,53,silver,board
2023,hefei,365,中南大学,勿忘花与勿忘我,崔力鸿|羊宏宇|代林凡,1,0,3,427,207,bronze,board
2023,hefei,366,齐鲁工业大学,偏远放逐者,王金旭|李昊坤|吴泽彪,1,0,5,586,63,silver,board
2023,hefei,367,东北大学,东北大学_哇哦,濮金骁|王俊满|王霆钧,1,0,4,632,147,bronze,board
2023,hefei,368,浙江财经大学,幻想家在幻想时间幻想ac,朱腾|陈超|王乔治,1,0,2,100,266,,board
2023,hefei,369,四川大学,麦香鱼,顾曦骏|王文京|王杰栋,1,0,5,628,69,silver,board
2023,hefei,370,南京大学,不知道什么队,陈思睿|徐沐杰|邹忠奇,1,0,5,643,73,silver,board
2023,hefei,371,西南交通大学,这次是真的回家了,徐明山|宁晟|阚闯,1,0,3,265,169,bronze,board
2023,hefei,372,合肥学院,候鸟,王国梁|陈安泰|刘宝贵,1,0,2,160,290,,board
2023,hefei,373,香港科技大学（广州）,起洞,张晋杰|赵欣昊|吴乐毅,1,0,5,554,59,silver,board
2023,hefei,374,电子科技大学,UESTC_馄饨之子风扇俱乐部,黄霖|徐辰烨|祁泓金,1,0,6,728,35,gold,board
2023,hefei,375,福州大学,在ACM寻求暴力是否搞错了什么,陈建宇|庄宇烽|蔡长波,1,0,5,572,62,silver,board
2023,hefei,376,南开大学,恭喜以上获奖队伍,汤纪洋|张祯颉|章壹程,1,0,4,513,134,bronze,board
2023,hefei,377,中南大学,Ciallo_World,李渔|高雨涵|朱天乐,1,0,5,714,87,silver,board
2023,hefei,378,山东理工大学,这个题PJD先测,杜鹏飞|李文强|陈宗宽,1,0,2,44,233,,board
2023,hefei,379,天津理工大学,目标彩虹海！,赵嘉驹|刘鑫星|佟佳华,1,0,2,291,316,,board
2023,hefei,380,西安电子科技大学,什么也不会也能参加ACM吗？,汤修齐|祝经杭|王宇兴,1,0,5,1013,103,silver,board
2023,hefei,381,武汉大学,不要找我打什么原神我要学算法打比赛OK？,王旗玉|蒋敬|李佳隆,1,0,6,955,49,silver,board
2023,hefei,382,中国地质大学（北京）,二次元给俺滚！,伍泽鑫|张宇潇|赵笑天,1,0,4,550,141,bronze,board
2023,hefei,383,哈尔滨理工大学,哈理工10队HF,凌晟博|刘松语|何士杰,1,0,2,115,275,,board
2023,hefei,384,西安电子科技大学,三分之二去零点,曾岩|汪文轩|田康杰,1,0,5,937,101,silver,board
2023,hefei,385,浙江农林大学,这个彬彬交题超勇的,王健彬|朱蕴仪|倪铂涵,1,0,5,851,97,silver,board
2023,hefei,386,衡阳师范学院,与夜色共眠,李耀|邹旺|李冀晟,1,0,3,228,165,bronze,board
2023,hefei,387,苏州大学,Blowback,王宇轩|简嘉瑶|周骁逸,1,0,6,707,32,gold,board
2023,hefei,388,河南农业大学,0.o,张潇|闫亚鑫|李云涛,1,0,5,775,90,silver,board
2023,hefei,389,南京航空航天大学,米兰的铁匠铺,陆齐嘉|罗力昂|施天笑,1,0,1,12,335,,board
2023,hefei,390,长沙理工大学,遇到困难睡大觉,詹一夫|赵翰熙|何晶,1,0,3,348,186,bronze,board
2023,hefei,391,西北大学,傅里叶变换,冯幸|严馨蕊|李欣雨,1,0,2,175,295,,board
2023,hefei,392,北京林业大学,地大（北京）栋梁,梅涵|黄硕|余行健,1,0,5,593,66,silver,board
2023,hefei,393,南开大学,保铜争银,罗宇|董昱华|姜子杨,1,0,1,7,328,,board
2023,hefei,394,福州大学,八年老兵,傅安|黄腾|傅晗,1,0,4,249,107,bronze,board
2023,hefei,395,河海大学,这个世界上没有一个while循环是值得信任的,程诗雪|陈磊|任意,1,0,2,69,250,,board
2023,hefei,396,合肥学院,白裤裆寒冬一击,孙圳昂|郭旗旭|谢宇,1,0,2,273,313,,board
2023,hefei,397,西安电子科技大学,超额剩余价值,蒋叶桢|何贯中|陈俊丞,1,0,5,680,80,silver,board
2023,hefei,398,山东理工大学,开发9G,王佳琳|马玉堂|郭海滨,1,0,3,287,175,bronze,board
2023,hefei,399,华中科技大学,打铁打的,周陆延|黄子益|章宏宇,1,0,4,680,152,bronze,board
2023,hefei,400,山东大学,你说的对，但是...,左景萱|叶世昕|卢彦良,1,0,4,601,146,bronze,board
2023,hefei,401,南方科技大学,南方科技大学-伊卡利宁,林政宇|赵子悦|曾子华,1,0,8,1104,12,gold,board
2023,hefei,402,河北师范大学,指尖破晓,李明瑞|黄信坚|向清弘,1,0,1,8,331,,board
2023,hefei,403,香港大学,不如摸萨卡班甲鱼,吴浩元|王建楠|孙圣尧,1,0,4,725,155,bronze,board
2023,hefei,404,中国地质大学（武汉）,地能儿是这样的,赵传成|潘敖|李诏天,1,0,3,260,168,bronze,board
2023,hefei,405,成都信息工程大学,石材古生物,戴琦程|沈祐正|赵多俊,1,0,3,475,214,,board
2023,hefei,406,成都理工大学,三个灰名,刘昊琨|粟生虎|代乐顺,1,0,4,732,156,bronze,board
2023,hefei,407,台州学院,佛罗里达州仨闲人,沈刘杰|徐立珉|王其凯,1,0,2,226,305,,board
2023,hefei,408,清华大学,三杯两盏咸酒,夏天睿|郎思轲|吴成彰,1,0,7,1005,24,gold,board
2023,hefei,409,吉林大学,笨鸟先飞,张浩天|任可|都博远,1,0,2,178,297,,board
2023,hefei,410,合肥一六八中学,好想做海棠小姐的猫猫,林绍棠|程春皓|孙志浩,0,0,5,702,,,board
2023,hefei,411,西北工业大学,山里灵活的狗,甘云帆|刘雨萱|吴语,1,0,3,363,193,bronze,board
2023,hefei,412,北京邮电大学,打完去超市买点东西吃,陈杰祥|刘益铭|谢志宏,1,0,4,475,131,bronze,board
2023,hefei,413,东南大学,嘟噜噜,黄天宇|田昊冬|周子航,1,0,5,590,65,silver,board
2023,hefei,414,南开大学,幻视之夜,华志远|林诗润|刘财聚,1,0,3,298,180,bronze,board
2023,hefei,415,宁波大学,我们一起去提瓦特大陆冒险,林成峰|梁航锋|李浩,1,0,2,29,226,,board
2023,hefei,416,北京航空航天大学,刮风这天，我试过握着你手,张逸君|梁林楠|聂睿,1,0,4,462,128,bronze,board
2023,hefei,417,哈尔滨工业大学（深圳）,dp自动机,徐子昂|俞晨泽|李启源,1,0,2,302,319,,board
2023,hefei,418,吉林大学,捏猫猫的,李肇兴|唐榆淇|邓力豪,1,0,2,273,313,,board
2023,hefei,419,武汉理工大学,大三学姐在线温柔,周企安|陶释然|刘承明,1,0,3,509,219,,board
2023,hefei,420,北京理工大学,锐刻六代,梁思源|李昂|郑润哲,1,0,5,706,86,silver,board
2023,hefei,421,北京工业大学,木方,李亦白|张君楷|孔翔宇,1,0,3,362,191,bronze,board
2023,hefei,422,南京邮电大学,你别急，我先看看榜,张烨民|孙靖辉|陶陆天,1,0,2,66,249,,board
2023,hefei,423,清华大学,xpp在线征婚,宣毅鸣|常瑞年|杨宁远,1,0,8,1236,14,gold,board
2023,hefei,424,河海大学,为什么要演奏春日影,张天浩|杜泽恩|李金涛,1,0,2,198,301,,board
2023,hefei,425,东南大学,不休独舞,戚雨林|张皓|王希陶,1,0,7,914,21,gold,board
2023,hefei,426,湘潭大学,金色时光,田楚天|李子熙|肖志林,1,0,6,578,30,gold,board
2023,hefei,427,中国科学院大学,你说的队,苑骏康|汪铭煜|燕翼鸣,1,0,3,399,202,bronze,board
2023,hefei,428,西北工业大学,蒸羊羔蒸鹿尾烧花鸭烧雏鸡烧子鹅卤煮卤鸭酱鸡腊肉松花小肚晾肉香肠,要凌峰|陈玟|马修远,1,0,5,596,67,silver,board
2023,hefei,429,湖南大学,如对,周之翔|王承志|郭振宇,1,0,3,525,220,,board
2023,hefei,430,华中科技大学,实力趋稳回升的势头更加明显,聂卓然|杨家祯|冯育硕,1,0,5,549,58,silver,board
2023,hefei,431,哈尔滨工业大学（威海）,威我伍拾,王潇逸|朱圣方|郑尊文,1,0,2,133,281,,board
2023,hefei,432,昆山杜克大学,正在找座中,林宇翔|胡子|李平,1,0,3,549,222,,board
2023,hefei,433,哈尔滨工业大学（深圳）,不可知论教派哈神功分部,饶川|章劲量|梁爽,1,0,2,296,318,,board
2023,hefei,434,华东理工大学,希望能队,王振宇|沈誉|朱嘉辉,1,0,3,368,195,bronze,board
2023,hefei,435,南京大学,南小鸟,周相羽|贺卓宇|朱家辰,1,0,6,764,37,silver,board
2023,hefei,436,国防科技大学,青铜时代号,李泽锴|王荣航|蒋卓彧,1,0,4,525,137,bronze,board
2023,hefei,437,浙江师范大学,分秒易逝，V我5时,陈雨欣|刘思源|敖浩博,1,0,4,485,133,bronze,board
2023,hefei,438,华中师范大学,因你AC的题目,邝明琛|田爽爽|谭婷婷,1,0,2,107,269,,board
2023,hefei,439,香港科技大学（广州）,原始人,何家睿|何宏亮|冯广权,1,0,5,680,80,silver,board
2023,hefei,440,四川大学,刀削面的疲倦,杨欣渝|邓雍|程渝峰,1,0,7,886,19,gold,board
2023,hefei,441,中国地质大学（北京）,举杯邀明月,易晨竹|黄恺瑞|许兴城,1,0,4,349,108,bronze,board
2023,hefei,442,东华大学,览尽千山,杨文杰|李虹宇|邵兵,1,0,3,210,161,bronze,board
2023,hefei,443,中北大学,水泥工人再就业,邢飞杨|王芃阳|于秉琪,1,0,2,125,279,,board
2023,hefei,444,北京交通大学,我要成为原神高手,余文博|陈可致|孙宁,1,0,2,204,302,,board
2023,hefei,445,厦门大学,我推的Acmer！,黄成选|刘之流|赵子越,1,0,2,211,303,,board
2023,hefei,446,南京邮电大学,谢谢贝拉,蒋明辉|蔡振川|向韫韬,1,0,5,1019,104,silver,board
2023,hefei,447,中国人民大学,面向变形金刚编程,张世骐|冯友和|唐煜勋,1,0,5,792,92,silver,board
2023,hefei,448,华南理工大学,打xcpc不喊我,吕浩天|徐睿|梁立州,1,0,4,397,118,bronze,board
2023,hefei,449,西南民族大学,三川赴海,李正毅|李泽鑫|周亚栋,1,0,2,153,287,,board
2023,hefei,450,集美大学,凪,姚远|叶文定|庄晓兵,1,0,3,419,205,bronze,board
2023,hefei,451,华东理工大学,新世纪战士,朱家莹|陈子安|马瑞阳,1,0,2,450,324,,board
2023,hefei,452,云南大学,下水道蚂蚁,崔耀|王柯|于万龙,1,0,2,92,260,,board
2023,hefei,453,南方科技大学,科科拉,汪汇|李田|杨博乔,1,0,2,214,304,,board
2023,hefei,454,天津大学,joker？JOKER！,夏鹏|温梓昕|王扬翰,1,0,1,7,328,,board
2023,hefei,455,中南大学,沉淀才能顶峰相见,唐义丰|林谦豫|刘丰恺,1,0,3,368,195,bronze,board
2023,hefei,456,广州大学,奇迹于你,吴昊原|庄鹏鑫|柯俊宇,1,0,5,628,69,silver,board
2023,hefei,457,山东大学（威海）,深藏blue队,魏志祥|张智航|倪子鉴,1,0,4,518,135,bronze,board
2023,hefei,458,西北农林科技大学,冒充ACM选手,寻真|蔡祺峰|龚城圩,1,0,5,668,77,silver,board
2023,hefei,459,哈尔滨工业大学,烨叶知秋,王续烨|叶程鹏|邱思宇,1,0,4,367,112,bronze,board
2023,hefei,460,济南大学,樱之重生,张益铭|刘延松|王逸鸣,1,0,4,543,138,bronze,board
2023,hefei,461,河南大学,WA转生，RE也要认真AC,魏文博|刘本基|陈鑫,1,0,3,462,211,,board
2023,hefei,462,桂林电子科技大学,编译报错一定是主办方动我机子了,莫泽华|刘善坤|吴明恩,1,0,2,71,251,,board
2023,hefei,463,浙江大学,nameless story,凌子恒|胡家齐|林响烨,1,0,8,890,7,gold,board
2023,hefei,464,上海科技大学,新建文件夹,胡港枫|滕致浩|单子维,1,0,6,895,46,silver,board
2023,hefei,465,南京邮电大学,64bit的感动+,郁青陟|金益凡|蔡永吉,1,0,3,222,163,bronze,board
2023,hefei,466,江西师范大学,卡奇卡,李畅|张俊圣|周路煜,1,0,2,63,248,,board
2023,hefei,467,中国科学院大学,啥,尤俊翔|石曜铭|吕安哲,1,0,2,133,281,,board
2023,hefei,468,江西理工大学,起名真费劲,王际|陶哲|吴旭阳,1,0,4,406,120,bronze,board
2023,hefei,469,安徽大学,码码我呀，今天必须得写下去,刘圆博|沈欣悦|张嘉怡,1,0,1,29,337,,board
2023,hefei,470,合肥工业大学宣城校区,与移风易俗者同行,陈若欣|田时成|吉中原,1,0,2,60,244,,board
2023,hefei,471,北京师范大学,内测度,李鼎懋|林靖轩|孙旭琪,1,0,6,912,48,silver,board
2023,hefei,472,浙江工商大学,拿牌是什么感觉,赵嘉磊|陈晨|干凯洁,1,0,2,41,231,,board
2023,hefei,473,广东工业大学,登鲤,温俊浩|陈威衡|郭睿,1,0,2,159,289,,board
2023,hefei,474,吉林大学,rand,剧若菲|王天泽|陈鹏旭,1,0,6,834,43,silver,board
2023,hefei,475,上海大学,SHU-10,陶钧|周子竣|潘铧超,1,0,6,1324,52,silver,board
2023,hefei,476,浙江科技学院,420拿下科软,潘江明|方行|黄俊豪,1,0,2,479,325,,board
2023,hefei,477,深圳大学,SZU_Kevin,查凯文|刘骐华|陈攒鑫,1,0,3,368,195,bronze,board
2023,hefei,478,山东大学,追光者,战绪丰|庞天祥|袁胜利,1,0,6,906,47,silver,board
2023,hefei,479,哈尔滨工程大学,可持久化阿兹弗特维修会沙勒人理旅游空想树,叶凯鹏|王亦凡|李简平,1,0,3,540,221,,board
2023,hefei,480,福建师范大学,三个人凑不出一个队名,王金鹏|李志锐|陈伟杰,1,0,2,59,242,,board
2023,hefei,481,江西财经大学,谱出一首诗,王玛琪|石翰林|彭俊杰,1,0,2,84,257,,board
2023,hefei,482,国防科技大学,终极规律号,蔡伦|魏升飞|夏兴宇,1,0,2,148,285,,board
2023,hefei,483,天津大学,保铁争铜,王嘉睿|王子悦|吕博童,1,0,4,560,142,bronze,board
2023,hefei,484,杭州师范大学,ACM再爱我一次,江宇帆|戴子晟|章诚益,1,0,1,10,332,,board
2023,hefei,485,东南大学,你也不想别人知道你在打ACM吧,徐宽|肖旭杰|王梓鹏,1,0,5,633,71,silver,board
2023,hefei,486,湘潭大学,提瓦特一日游,方云卓|夏楠林|丁奥丞,1,0,4,592,145,bronze,board
2023,hefei,487,重庆大学,原，妙不可言,胡明涛|单宇宸|文红兵,1,0,2,78,255,,board
2023,hefei,488,杭州电子科技大学,Slayers Come,尹吴潇|赵政和|戴志炜,1,0,8,931,9,gold,board
2023,hefei,489,上海大学,芝士狗狗队,陈楠|陆诗雨|陈欣宇,1,0,1,391,342,,board
2023,hefei,490,福州大学,提瓦特玄学抽卡学院最弱小队,丁杰|叶志杰|郑恩琦,1,0,2,75,254,,board
2023,hefei,491,上海大学,鼠shu队,史佳朋|黎思源|施安然,1,0,3,239,166,bronze,board
2023,hefei,492,上海交通大学,涡状银河,刘泳霖|戴之恒|李青峰,1,0,7,1120,27,gold,board
2023,hefei,493,南京信息工程大学,蒟蒻果冻,夏涛|李嘉松|秦睿智,1,0,2,289,315,,board
2023,hefei,494,广东工业大学,茶餐厅,车文超|蔡嘉乐|江舒婷,1,0,2,144,283,,board
2023,hefei,495,浙江工商大学,七月三,张鑫豪|徐建奇|何青峰,1,0,3,402,203,bronze,board
2023,hefei,496,上海交通大学,星尘幻想,张景博|范晓泽|胡豪达,1,0,7,926,22,gold,board
2023,hefei,497,华东师范大学,SEI4,陈赵润|路修远|刘珊珊,1,0,1,5,326,,board
2023,hefei,498,清华大学,一路向北,许庭强|唐绍轩|周航锐,1,0,10,1156,1,gold,board
2023,hefei,499,东北大学,看看你的,戈文鑫|贺英达|陈靖晖,1,0,5,478,54,silver,board
2023,hefei,500,香港大学,什么神什么启动,嚴正為|李屿霏|罗靖宇,1,0,4,757,157,bronze,board
2023,hefei,501,华中科技大学,心平气和.jpg,何佳林|范彦廷|邓本永,1,0,5,856,98,silver,board
2023,hefei,502,浙大城市学院,爱丽丝的茶话会,鲁俊杰|潘宇昊|张洋鸣,1,0,2,55,236,,board
2023,hefei,503,中国人民大学,嘉然今天创什么,陈志朋|汪元森|李林豇,1,0,6,768,38,silver,board
2023,hefei,504,南京大学,林间雨月,林朗|邓振霄|胡皓明,1,0,5,832,95,silver,board
2023,hefei,505,华南师范大学,厕所战神,袁基保|张怡丰|严雍泽,1,0,2,58,241,,board
2023,hefei,506,中南大学,普普三人组,徐国琛|李玄靖|赖锦镕,1,0,7,962,23,gold,board
2023,hefei,507,北京邮电大学,你们队得过什么奖,王蕴哲|徐慕政|翁正琰,1,0,4,547,139,bronze,board
2023,hefei,508,同济大学,黄渡理工的newbie~,梁斯凯|朱煜昊|伍祥麟,1,0,5,695,83,silver,board
2023,hefei,509,南京信息工程大学,砌砖嘴犟,朱一诺|孙嘉诚|俞卓群,1,0,3,291,176,bronze,board
2023,hefei,510,中南民族大学,柴郡猫猫头,胡双|牟红坤|叶家永,1,0,2,108,271,,board
2023,hefei,511,杭州电子科技大学,雪色光晕,范宇航|方柏仲|李思涵,1,0,2,56,238,,board
2023,hefei,512,山东大学,肯三篮球赛,王艺臻|顾轩昂|唐复之,1,0,5,528,57,silver,board
2023,hefei,513,安徽工业大学,到处睡觉,朱仁乐|王新伟|郭晓文,1,0,2,180,298,,board
2023,hefei,514,湖南理工学院,字节破解者,邓云辉|谢烨宇|常桂海,1,0,2,268,312,,board
2023,hefei,515,哈尔滨工业大学,北风与秋水,王羽婷|谢书泱|朱峰,1,0,7,1068,26,gold,board
2023,hefei,516,杭州电子科技大学信息工程学院,清蒸狮子头,杨鑫|尹凯乐|柳徐吉,1,0,6,846,45,silver,board
2023,hefei,517,西安交通大学,Aqm今天买什么,栾家骏|林沫非|胡辰同,1,0,6,1107,51,silver,board
2023,hefei,518,中南民族大学,芳芳博博神奇小队,方可|张皓博|连煜博,1,0,2,38,229,,board
2023,hefei,519,浙江师范大学,ZJNU_遵纪守法,吴铮|陈增豪|陈骏鹏,1,0,5,672,78,silver,board
2023,hefei,520,齐鲁工业大学,完结撒花,陈代睿|姜川|王励翔,1,0,4,392,117,bronze,board
2023,hefei,521,浙江理工大学,汪汪队立大功,裘雨彤|陈钢|上官福诚,1,0,2,93,261,,board
2023,hefei,522,华为,鸿蒙O,王淳洋|刘智杰|于倚岑,0,0,6,808,,,board
2023,hefei,523,浙大城市学院,广告位招租,上官天韵|俞怡灵|陈至之,1,0,3,304,182,bronze,board
2023,hefei,524,上海海事大学,打铁难铜首银摄金,陆锦云|李卓锦|蒋玮杰,1,0,2,93,261,,board
2023,hefei,525,南京航空航天大学,不知道什么是算法,梁松松|昌宣辰|滕林,1,0,2,114,274,,board
2023,hefei,526,浙江大学,星尘幻想,林滨|李克成|谭思成,1,0,7,1021,25,gold,board
2023,hefei,527,安徽农业大学,题题不歪真君,卢岳|尚东方|李兹如,1,0,2,55,236,,board
2023,hefei,528,北京交通大学,杰哥还有吗,谢钊杰|鲁晓曼|孙齐,1,0,3,324,183,bronze,board
2023,hefei,529,南京理工大学,赤豹纹狸,郭佳樊|蔡佳铭|吴俐伽,1,0,4,568,144,bronze,board
2023,hefei,530,浙江工业大学,无翼鸾冕,陈泓睿|叶瑞阳|罗志炜,1,0,5,778,91,silver,board
2023,hefei,531,同济大学,可燃冰,杨非凡|吕博文|彭兆祥,1,0,3,266,170,bronze,board
2023,hefei,532,复旦大学,有密码,马成|刘皓蓝|陈可汗,1,0,7,892,20,gold,board
2023,hefei,533,暨南大学,先WA一发再说,毛俊懿|郭彦培|杨琨鸿,1,0,1,36,339,,board
2023,hefei,534,杭州师范大学,杭師最速伝説と飛翔の雄鷹腦話真一郎！,王欣楠|凌子豪|童欣宇,1,0,2,163,291,,board
2023,hefei,535,安徽大学,三条可怜（秋季限定）,桑浩翔|张允成|胡明道,1,0,3,384,200,bronze,board
2023,hefei,536,国防科技大学,锦鲤,谢天一|刘杭宇|张广星,1,0,2,183,299,,board
2023,hefei,537,香港大学,遥遥领先,劉澈|王安哲|宋骏凯,1,0,6,957,50,silver,board
2023,hefei,538,北京理工大学,咖波脆,钟星宇|黄冠泽|金典,1,0,5,569,61,silver,board
2023,hefei,539,浙江大学,随机下雨,叶佳昂|王培成|汪翔,1,0,7,1301,29,gold,board
2023,hefei,540,西安交通大学,写都写了，交一发吧,贺睿杰|杨一帆|周品良,1,0,6,782,39,silver,board
2023,hefei,541,安徽工程大学,这样例保熟吗,石鹏|江文豪|周子豪,1,0,2,39,230,,board
2023,hefei,542,南方科技大学,南方科技大学-罗瓦涅米,李杭|宋天佑|张泰玮,1,0,3,448,210,,board
2023,hefei,543,哈尔滨工程大学,原来名字超过了二十字只能叫王老板爆杀了（,王一帆|张传炯|金炜东,1,0,5,588,64,silver,board
2023,hefei,544,北京化工大学,高质量普信男,吕锦豪|孙桐宇|赵逸飞扬,1,0,2,56,238,,board
2023,hefei,545,重庆大学,传说天启启元星迹梦之队,林继清|曹泽阳|彭小轩,1,0,1,10,332,,board
2023,hefei,546,西安交通大学,唐人,李纳川|刘欣楠|杨润轩,1,0,7,766,17,gold,board
2023,hefei,547,北京大学,兄弟们，有队名吗,俞畅|金天|吴迪,1,0,8,1087,10,gold,board
2023,hefei,548,江南大学,远坂凛粉丝队,何云康|张逍遥|陈云豪,1,0,5,756,88,silver,board
2023,hefei,549,大连理工大学,樱岛麻衣：ni xian kai de,徐立|何立吾|谢喻荃,1,0,2,122,278,,board
2023,hefei,550,长安大学,无金冲击波,石瑶|李嘉良|杨茂,1,0,2,84,257,,board
2023,hefei,551,西北工业大学,偏爱,李天舒|徐浩洋|池久涛,1,0,5,990,102,silver,board
2023,hefei,552,东北大学,礻亻牜,王涵聪|王啸烽|邹宇轩,1,0,5,644,74,silver,board
2023,hefei,553,浙大宁波理工学院,青梅绿茶,涂荣基|吴东|吴泽坤,1,0,3,275,171,bronze,board
2023,hefei,554,武汉理工大学,牧马人,马鸿鑫|叶武|徐靖琦,1,0,4,362,110,bronze,board
2023,hefei,555,东北农业大学,红颜近晚霞,武桐润|薛佳伟|毛旭超,1,0,4,671,150,bronze,board
2023,hefei,556,北京航空航天大学,牛油果,闫佳豪|段岳辰|尹悠阳,1,0,3,239,166,bronze,board
2023,hefei,557,上海大学,日薪越亿,王诗昊|谢瑞鹏|徐谟横,1,0,3,283,174,bronze,board
2023,hefei,558,南京航空航天大学,逆风之旅,沈运之|张炜钿|金朔平,1,0,3,426,206,bronze,board
2023,hefei,559,浙江农林大学,浙农专旅行者,王家安|黄伟杰|丁晨涛,1,0,2,119,276,,board
2023,hefei,560,北京邮电大学,我有起名困难症,刘洋|杨智杰|张志睿,1,0,4,361,109,bronze,board
2023,hefei,561,广西大学,IRAS 17514,王宇诚|陈佳林|冯云哲,1,0,3,369,198,bronze,board
2023,hefei,562,湖南理工学院,我们是弱队,姚周|何沈宇|陈鹏,1,0,2,100,266,,board
2023,hefei,563,重庆邮电大学,高冷的6g大小姐与3g小雏男的恋爱攻防战,李文彬|毛博|王宁鑫,1,0,3,435,208,bronze,board
2023,hefei,564,北京大学,人偶妹妹,李羿辰|罗思远|孙睿泽,1,0,9,1295,6,gold,board
2023,hefei,565,湖南师范大学,师大下等马,王雨清|高嘉鑫|董爵硕,1,0,2,152,286,,board
2023,hefei,566,南开大学,强基计划我爱你,郭军凯|赵思远|车昱辉,1,0,8,1240,15,gold,board
2023,hefei,567,电子科技大学,UESTC_Guest_WiFi,弋竞为|朱铖昊|汪澄,1,0,9,1165,5,gold,board
2023,hefei,568,鲁东大学,星星之火 - 登云,李春阳|许博|陈新阳,1,0,3,350,187,bronze,board
2023,hefei,569,福建理工大学,晓之圣龙骑士团,张山泉|廖泽晖|林舜华,1,0,4,374,115,bronze,board
2023,hefei,570,东北大学秦皇岛分校,未命名,徐陆军|董欣谕|张泰来,1,0,3,385,201,bronze,board
2023,hefei,571,华南理工大学,某不科学的AC,陈鹏|倪锦坤|赵冬青,1,0,4,649,149,bronze,board
2023,hefei,572,苏州大学,韩氏空指针上可持久化自动机,李承庚|周逸扬|赵鹏,1,0,5,897,100,silver,board
2023,hefei,573,成都信息工程大学,你是我未曾拥有无法捕捉的亲昵,郑家成|樊易龙|马孜藤,1,0,1,5,326,,board
2023,hefei,574,西安电子科技大学,喵喵喵,张亲翰|刘朝旭|罗杰,1,0,6,626,31,gold,board
2023,hefei,575,浙大城市学院,来三杯拿铁,潘劲帆|章晨榆|李时博,1,0,5,677,79,silver,board
2023,hefei,576,河南大学,恭喜队友六级426,史书铭|任勐鑫|何高磊,1,0,3,481,216,,board
2023,hefei,577,西湖大学,westlake1,严密|周子涵|张乐程,1,0,5,693,82,silver,board
2023,hefei,578,浙江工业大学,爱喝牛奶的猫猫酱,李汶芝|狄鑫慧|王瑞,1,0,5,634,72,silver,board
2023,hefei,579,西北大学,流萤断续光，一明一灭一尺间,施宇杰|孙潇桐|易李彦翰,1,0,2,86,259,,board
2023,hefei,580,广东工业大学,三地鼠,林翦|刘浩洋|赵焕雄,1,0,3,280,172,bronze,board
2023,hefei,581,齐鲁工业大学,VP了20场，只进了两场铜牌线,魏凡杰|贾云玮|包兴兴,1,0,2,99,264,,board
2023,hefei,582,中国科学技术大学,在路上,朱雨田|王少白|叶梓文,0,0,2,154,,,board
2023,hefei,583,西北工业大学,坚~如~磐~石~,王钎屹|罗隆华|高天佑,1,0,2,163,291,,board
2023,hefei,584,北京化工大学,漫步经心,熊家怡|曾赫喆|周权,1,0,2,56,238,,board
2023,hefei,585,中国民航大学,多快好省地AC,高浩淳|陈锦浩|陈乐山,1,0,2,165,293,,board
2023,hefei,586,东北大学秦皇岛分校,可导必可积,祝向博|曹立菲|王若翔,1,0,3,227,164,bronze,board
2023,hefei,587,上海理工大学,七遇绮迹 未来会来,刘斌然|胡洁昌|姚陆涵茗,1,0,5,661,76,silver,board
2023,hefei,588,北京林业大学,琪露诺·YY保佑·可回收垃圾,叶睿聪|管穗京|谢若扬,1,0,2,249,309,,board
2023,hefei,589,深圳大学,SZU_Manacher,马午寅|张少南|陈洋琛,1,0,3,340,185,bronze,board
2023,hefei,590,电子科技大学,UESTC_BetaCode,张能|李欣朋|汪语桐,1,0,6,840,44,silver,board
2023,hefei,591,合肥工业大学宣城校区,负数取对模了嘛,许鹏宇|喻佳磊|罗嘉熙,1,0,2,96,263,,board
2023,hefei,592,中国科学院大学,原神启动队,胡格致|唐睿|黄铮舸,1,0,2,153,287,,board
2023,hefei,593,东华大学,抓马冬瓜,俞鑫颜|侯迦得|李文杰,1,0,4,519,136,bronze,board
2023,hefei,594,广东工业大学揭阳校区,GDUTJY_今天拿奖了吗,黎俊霆|罗拓展|苏嘉豪,1,0,2,168,294,,board
2023,hefei,595,武汉科技大学,你与我最后的战场亦或是世界起始,侯丞志|马长敬|周神洲,1,0,2,45,234,,board
2023,hefei,596,南京师范大学,三人成行,徐耀|马朝阳|朱禹丞,1,0,2,101,268,,board
2023,hefei,597,华东师范大学,TLE&&WA自动机,朱炎|董芷鉴|周恒立,1,0,2,107,269,,board
2023,hefei,598,深圳大学,SZU_HuiFei,佘洽聪|吴岱琳|王荟斐,1,0,2,51,235,,board
2023,hefei,599,华中科技大学,三缺一,刘星佳|刘铖|黄暄骜,1,0,5,479,55,silver,board
2023,hefei,600,郑州轻工业大学,最近公共祖先,周琪翔|汪雨航|王梓博,1,0,3,469,213,,board
2023,hefei,601,长春理工大学,那就好好道个别吧,任鑫|刘万超|魏龙飞,1,0,4,380,116,bronze,board
2023,hefei,602,武汉大学,武带锐刻,彭子恒|莫雯琦|陈嘉瑞,1,0,3,209,160,bronze,board
2023,hefei,603,北京大学,思路打开,管晏如|朱剑枫|张致,1,0,10,1555,4,gold,board
2023,hefei,604,杭州电子科技大学,重生之我是急急国王,徐墨凡|徐铭扬|陈姿颖,1,0,5,567,60,silver,board
2023,hefei,605,北京师范大学,苹果狗,陈志锐|王儒斌|徐若翔,1,0,5,485,56,silver,board
2023,hefei,606,武汉理工大学,无限幻想,马仕文|方逸凡|王煜泽,1,0,4,436,124,bronze,board
2023,hefei,607,合肥工业大学,过了样例就算对,陈浩杰|葛嘉晨|张力中,1,0,4,363,111,bronze,board
2023,hefei,608,嘉应学院,开搞！,许昱华|张泽鑫|张嘉焜,1,0,3,371,199,bronze,board
2023,hefei,609,南京信息工程大学,东风祝酒,徐博文|刘雨|陈宇恒,1,0,2,132,280,,board
2023,hefei,610,南京航空航天大学,水冷头不撕膜,王锴|谢骏鑫|施文韬,1,0,4,673,151,bronze,board
2023,hefei,611,郑州大学,孔乙己在流水线上哭着要回古代,刘贵源|刘鹏举|李自攀,1,0,2,108,271,,board
2023,hefei,612,华南农业大学,记得开LL,洪文浩|江峰|陈国豪,1,0,3,299,181,bronze,board
2023,hefei,613,西南科技大学,贡嘎雪山,袁博洋|庞永祺|王云龙,1,0,2,71,251,,board
2023,hefei,614,哈尔滨工业大学（深圳）,深圳原神大学,王誉达|黄薄豪|毕凌杰,1,0,2,60,244,,board
2023,hefei,615,东北大学,东北大学_环形枯竭,祝云飞|王子晗|张都,1,0,4,373,114,bronze,board
2023,hefei,616,成都信息工程大学,黄瑞鑫太可爱了吧！,于天骄|黄瑞鑫|蒋皓,1,0,3,295,179,bronze,board
2023,hefei,617,南京工业大学,石上三年,何海嘉|赵凯|陈星,1,0,2,175,295,,board
2023,hefei,618,西南交通大学,打铁自动机,丁昱|谢栩珲|徐丁阳,1,0,2,360,321,,board
2023,hefei,619,兰州大学,ID Smile,吕澎|郑宇航|马良,1,0,3,291,176,bronze,board
2023,hefei,620,香港大学,開門呀呀呀,熊鑫庄|陳芷晴|无中文名,1,0,3,364,194,bronze,board
2023,hefei,621,南昌航空大学,Debug都队2.0,付海清|赖敬超|戈志隆,1,0,2,108,271,,board
2023,hefei,622,华南农业大学,过不了六级,郭翀|陈思哲|黄浩良,1,0,2,30,227,,board
2023,hefei,623,湖南科技大学,压力给到全队,张志|朱阿阳|赵文杰,1,0,4,467,130,bronze,board
2023,hefei,624,青岛大学,三个东营人,白骏|安晓曼|李坤鹏,1,0,2,83,256,,board
2023,hefei,625,苏州大学,AK自动机,史华睿|顾俊辉|林昱彤,1,0,4,717,154,bronze,board
2023,hefei,626,湖南师范大学,Three Body,唐嘉彬|殷浩文|陶子杨,1,0,3,294,178,bronze,board
2023,hefei,627,西南石油大学,十四夜月明,李冉曦|赵泽熙|黄馨月,1,0,2,41,231,,board
2023,hefei,628,南华大学,想名字太麻烦,杨家骏|恒佳乐|王胜俊,1,0,2,62,246,,board
2023,hefei,629,中国民航大学,不要罚时,黄建城|薛皓天|王子乔,1,0,1,10,332,,board
2023,hefei,630,华侨大学,潜龙腾渊,鄭創基|黄庆彰|黄鸿彬,1,0,2,246,308,,board
2023,hefei,631,重庆邮电大学,撒卡班龙鱼,黄柯|朱烨彬|罗俊麟,1,0,2,185,300,,board
2023,hefei,632,北京邮电大学,忘忧草,司睿洋|谭怡萱|尹昱钦,1,0,4,210,106,bronze,board
2023,hefei,633,浙江师范大学,ZJNU_7队,厉文浩|蒋润浩|王学远,1,0,6,782,39,silver,board
2023,hefei,634,山东科技大学,阿尔-巴塔尼号,王浩轩|李云帆|谭明昆,1,0,2,381,323,,board
2023,hefei,635,北京交通大学,黎明破晓时,冯宏基|韦舒羽|阮蓬辉,1,0,3,362,191,bronze,board
2023,hefei,636,香港中文大学（深圳）,新生,范正炜|江璘鋆|赵若森,1,0,3,489,217,,board
2023,hefei,637,南京邮电大学,去末地整点袋鼠,岳鹏宇|陈尽微|黄问远,1,0,4,409,121,bronze,board
2023,hefei,638,东北师范大学,RuntimeError,齐昊坤|曹勇麟|于紫洋,1,0,3,329,184,bronze,board
2023,hefei,639,厦门大学,瞎打XCPC,栾英石|李哲彦|林帅,1,0,4,705,153,bronze,board
2023,hefei,640,太原理工大学,AC中,岳文颂|程俊鑫|许星宇,1,0,3,443,209,,board
2023,hefei,641,新疆大学,为美好的ACM献上祝福,韩希铖|温智鹏|吕昂,1,0,4,442,125,bronze,board
2023,hefei,642,长沙理工大学,提瓦特国立大学一队,徐彬峰|王兴宇|谭焱文,1,0,3,467,212,,board
2023,hefei,643,上海理工大学,安云染街 客语佳辰,董柯演|张皓宇|吴佳霖,1,0,3,556,223,,board
2023,hefei,644,合肥工业大学,天天做早操队,王腾昊|韩昆桦|舒雨飞,1,0,3,506,218,,board
2023,hefei,645,浙江工商大学,希望代码一次敲队,徐晨威|倪超|刘冠轩,1,0,4,404,119,bronze,board
2023,hefei,646,东南大学,猫和老鼠,李思诚|顾枢衡|陈鑫,1,0,4,445,126,bronze,board
2023,hefei,647,哈尔滨工程大学,奇怪队名gkd,吴兆昕|于子涵|杨春昊,1,0,5,699,84,silver,board
2023,hefei,648,西南石油大学,坐牢了不如玩三人小游戏,张绪宸|王润能|梁姝琪,1,0,1,62,341,,board
2023,hefei,649,西南交通大学,公主殿下后卫队,蔡新洁|毛锦阳|陈凯南,1,0,4,429,122,bronze,board
2023,hefei,650,中山大学,中山大学_破空之势,游少濠|李景楠|张温楷,1,0,4,429,122,bronze,board
2023,hefei,651,郑州大学,废弃车站下车之旅,邱宇|刘玥含|赵圣元,1,0,5,1082,105,bronze,board
2023,hefei,652,天津大学,因特,蒋锐|庄瀚镕|安玺儒,1,0,5,770,89,silver,board
2023,hefei,653,长春理工大学,六个句号,庾艺馨|苏照城|陶乐乐,1,0,2,245,307,,board
2023,hefei,654,浙江师范大学,我要漂亮姐姐教我写代码,潘锦桦|余健原|翁一栋,1,0,3,408,204,bronze,board
2023,hefei,655,北京理工大学,epsilon,苏彤睿|冯韵涵|彭田栩,1,0,5,870,99,silver,board
2023,hefei,656,中山大学,中山大学_破晓之旅,刘志源|古鸣浩|赵肖睿,1,0,8,900,8,gold,board
2023,hefei,657,江南大学,坂田金银铜时,陈昕|王志鹏|林腾,1,0,4,561,143,bronze,board
2023,hefei,658,北京大学,大黄鸭信徒,陈知轩|孙嘉伟|张记僖,1,0,10,1510,3,gold,board
2023,hefei,659,华南理工大学,甘文崔,梁国轩|李俊荣|李建成,1,0,2,62,246,,board
2023,hefei,660,南京理工大学,"ICPC,启动",丁宗健|仇星博|刘懿臻,1,0,3,202,159,bronze,board
2023,hefei,661,中国计量大学,我不想加入Ranking俯冲,吴志存|杨晗|章霄宇,1,0,4,548,140,bronze,board
2023,hefei,662,中山大学,中山大学_懂又不懂,陈景泰|吴永聪|薛炜鹏,1,0,8,1098,11,gold,board
2023,hefei,663,兰州大学,我真不会取名啊,曾志亮|连浩鸣|张恩彬,1,0,3,280,172,bronze,board
2023,hefei,664,南方科技大学,南方科技大学-埃斯波,张书玮|郑轶滔|周益贤,1,0,6,716,33,gold,board
2023,hefei,665,杭州电子科技大学,勿忘草,林圣钬|林炜钦|赵铁囝,1,0,8,1181,13,gold,board
2023,hefei,666,湖北工业大学,琵琶拨尽四弦悲,陶大阳|杨晨|张忆周,1,0,2,360,321,,board
2023,hefei,667,华南师范大学,虾虎遨游直至AC,袁子锋|陈家骏|陈嘉成,1,0,2,305,320,,board
2023,hefei,668,青岛理工大学,一执而已,饶礼建|刘方|谢博文,1,0,2,251,310,,board
2023,hefei,669,中国海洋大学,划水,汪希|宋延志|王佳晖,1,0,1,19,336,,board
2023,hefei,670,暨南大学,空白格,黄一帆|林楷|冼胡兵,1,0,0,0,343,,board
2023,hefei,671,哈尔滨工业大学（威海）,当心眼睛,李泳明|唐炜堤|姚天奇,1,0,2,73,253,,board
2023,hefei,672,浙江万里学院,歪比巴卜,陶璐|戴单一|钱沁浩,1,0,4,851,158,bronze,board
2023,hefei,673,北京航空航天大学,关注你了：（,杭洋|蔡志昕|钟芳梽,1,0,5,705,85,silver,board
2023,hefei,674,湖南文理学院,狂点技能树,吴立强|邓成浩|邹磊洋,1,0,4,464,129,bronze,board
2023,hefei,675,山东师范大学,大三难铜的最后一舞,张明慧|刘东暄|张锦淇,1,0,3,476,215,,board
2023,hefei,676,中国石油大学（华东）,中石大2021,韩绍泽|许嘉星|杨立鑫,1,0,5,844,96,silver,board
2023,hefei,677,中山大学,中山大学_三轮车,陈冠宏|何宇扬|曾德星,1,0,5,614,68,silver,board
2023,hefei,678,江西师范大学,青春acm少年不会梦到兔女郎gkjj,石瀚文|陈策远|杨文瑞,1,0,2,27,225,,board
2023,hefei,679,哈尔滨理工大学,哈理工15队HF,李博徵|王硕|唐金玉,1,0,2,145,284,,board
2023,hefei,680,南京理工大学,猫猫头想吃鱼,陈文轩|徐菲阳|查怡安,1,0,2,33,228,,board
2023,hefei,681,浙江农林大学暨阳学院,薄荷加冰可乐水,金智宇|褚茂誉|赵博渊,1,0,3,211,162,bronze,board
2023,hefei,682,电子科技大学,UESTC_如名,包航|雷霖|覃子睿,1,0,6,825,42,silver,board
2023,hefei,683,北京理工大学,绫波丽请你喝东北好果汁,冯宇鹏|朱俊杰|张常昊,1,0,4,368,113,bronze,board
2023,hefei,684,阜阳师范大学,人从众,张美星|陈博宇|叶苏文,1,0,2,99,264,,board
2023,hefei,685,北京航空航天大学,帮帮我！肯德基爷爷,严禹韬|谭喆文|邓兆昕,1,0,6,728,35,gold,board
2023,hefei,686,东北农业大学,一个志向要拿奖牌，一个挖空心思办赛，一个需求多到实在有点想狗带,李子豪|闫志涛|庄原,1,0,4,448,127,bronze,board
2023,hefei,687,浙江理工大学,附魔金苹果,陶稼辉|项帅|张莉曼,1,0,4,476,132,bronze,board
2023,hefei,688,广西大学,这一发，贯穿星辰,王辰昊|梅松|李晨冉,1,0,5,809,93,silver,board
2023,hefei,689,南京林业大学,不玩原神，失败人生,宗家宇|俞言骐|葛文轩,1,0,2,119,276,,board
2023,hefei,690,昆山杜克大学,RJL,郭锦元|王立涛|张芸甄,1,0,0,0,343,,board
2023,hefei,691,长沙学院,三脸懵逼,龚珊珊|罗宝升|曾令翔,1,0,3,359,190,bronze,board
2023,hefei,692,清华大学,QDEZ214驻清办,张艺缤|迟凯文|韩豫葳,1,0,6,787,41,silver,board
2023,hefei,693,西南科技大学,多个学弟少个猪,魏云鹏|严天羿|游克峰,1,0,4,638,148,bronze,board
2023,hangzhou,2023-icpc-hz-1-team,National University of Mongolia,NUM-DSE,Dugarjantsan Bilguun|Enkh-Ochir Erdenebat|Surenjamts Tsedevsuren,1,0,3,954,357,,board
2023,hangzhou,2023-icpc-hz-2-team,淘宝银发版,Auge,刘同奇|王环|胡柯青,0,0,5,710,,,board
2023,hangzhou,2023-icpc-hz-3-team,安徽大学,三条可怜（冬季限定）,张允成|桑浩翔|胡明道,1,0,3,349,285,,board
2023,hangzhou,2023-icpc-hz-4-team,安徽工业大学,安工大今年最后在ICPC上睡觉,戴铃涛|林仁杰|翟智伟,1,0,5,692,116,silver,board
2023,hangzhou,2023-icpc-hz-5-team,北方工业大学,全靠外卡,周易|王思诚|郑元兴,1,0,5,672,108,silver,board
2023,hangzhou,2023-icpc-hz-6-team,北京大学,暂时不能给你明确的队名！,汪之茗|郑皓元|闫昕,1,0,6,831,39,gold,board
2023,hangzhou,2023-icpc-hz-7-team,北京大学,摆烂人,冯施源|彭博|钱易,1,0,10,1028,1,gold,board
2023,hangzhou,2023-icpc-hz-8-team,北京大学,undefined,任柯瑾|林帮才|肖千与,1,0,5,401,54,silver,board
2023,hangzhou,2023-icpc-hz-9-team,北京大学,暂时不能给你明确的队名,张文哲|范绪杰|陈潇然,1,0,9,1237,3,gold,board
2023,hangzhou,2023-icpc-hz-10-team,北京电子科技学院,颗粒不知道阿,林子沐|陈嘉树|黄湛,1,0,3,472,326,,board
2023,hangzhou,2023-icpc-hz-11-team,北京工业大学,Sis puella magica!,佟祥正|易思铭|管丹辰,1,0,5,814,135,silver,board
2023,hangzhou,2023-icpc-hz-12-team,北京航空航天大学,电脑配置低，一打ICPC就死机,唐怡浜|崔绍锞|金炼凯,1,0,6,637,24,gold,board
2023,hangzhou,2023-icpc-hz-13-team,北京航空航天大学,哟哟,孙健钧|李澎瑞|黄伟宁,1,0,5,794,133,silver,board
2023,hangzhou,2023-icpc-hz-14-team,北京航空航天大学,不可计算,吴湛宇|权尚浩然|王宇龙,1,0,6,507,17,gold,board
2023,hangzhou,2023-icpc-hz-15-team,北京航空航天大学,口嗨战神,王大禹|董和军|蒋槟阳,1,0,6,678,28,gold,board
2023,hangzhou,2023-icpc-hz-16-team,北京化工大学,祝你好运玩得开心,徐文博|曾梓勋|黄东琦,1,0,5,448,59,silver,board
2023,hangzhou,2023-icpc-hz-17-team,北京化工大学,艾克斯,付晓|薛墨寒|邱若昕,1,0,4,470,185,bronze,board
2023,hangzhou,2023-icpc-hz-18-team,北京建筑大学,三只袋鼠,姜皓|朱智睿|齐思恺,1,0,6,709,32,gold,board
2023,hangzhou,2023-icpc-hz-19-team,北京交通大学,羊羊羊,夏鹤鸣|斯修远|郭昱哲,1,0,8,1109,5,gold,board
2023,hangzhou,2023-icpc-hz-20-team,北京交通大学,三位一体,李辰璋|田瑞铭|荣翰佶,1,0,4,629,211,bronze,board
2023,hangzhou,2023-icpc-hz-21-team,北京交通大学,绽放,杜宜宸|王君斐|陈可致,1,0,3,463,324,,board
2023,hangzhou,2023-icpc-hz-22-team,北京科技大学,我再试试,何开煜|陈宽宽|陈铎友,1,0,4,657,216,bronze,board
2023,hangzhou,2023-icpc-hz-23-team,北京理工大学,雪崩团灭清一色,袁奕晨|费承昱|黄子越,1,0,5,709,118,silver,board
2023,hangzhou,2023-icpc-hz-24-team,北京理工大学,脸滚键盘企图AC,李奕霖|杨钊毅|盛明磊,1,0,4,792,237,bronze,board
2023,hangzhou,2023-icpc-hz-25-team,北京理工大学,秋秋粉丝团,于瀚文|张程|李坚辉,1,0,4,363,162,bronze,board
2023,hangzhou,2023-icpc-hz-26-team,北京理工大学,ddl战神,朱子林|林恺|邹知秋,1,0,7,731,9,gold,board
2023,hangzhou,2023-icpc-hz-27-team,北京理工大学珠海学院,先行者,李国胜|翁彦峰|肖正阳,1,0,1,370,433,,board
2023,hangzhou,2023-icpc-hz-28-team,北京林业大学,可持久化猫猫虫咖波,叶睿聪|张锦秀|谢若扬,1,0,2,182,366,,board
2023,hangzhou,2023-icpc-hz-29-team,北京师范大学,异或小姐的狗,傅俊林|颜方志|高延子鹏,1,0,5,853,140,bronze,board
2023,hangzhou,2023-icpc-hz-30-team,北京师范大学珠海分校,山脉震撼明星之薪,李俊霖|蔡钦成|高健勇,1,0,0,0,435,,board
2023,hangzhou,2023-icpc-hz-31-team,北京信息科技大学,开局起内格夫的冰瓜投手打国王峡谷能变鬼吗,房承烨|汤锦煌|金成厚,1,0,3,446,321,,board
2023,hangzhou,2023-icpc-hz-32-team,北京邮电大学,野鸡大队,任飞|李知拙|黄旭,1,0,5,603,87,silver,board
2023,hangzhou,2023-icpc-hz-33-team,北京邮电大学,微微晨光点亮这喧嚣世界,曾巍|田苗|蔡禹煊,0,0,2,206,,,board
2023,hangzhou,2023-icpc-hz-34-team,北京邮电大学,你说的队,卢安来|孙伟哲|王冀恒,1,0,5,627,101,silver,board
2023,hangzhou,2023-icpc-hz-35-team,北京邮电大学,六目相对,崔家瑞|罗毅锐|谢骞,1,0,5,581,81,silver,board
2023,hangzhou,2023-icpc-hz-36-team,常熟理工学院,老默我想吃坤了,吴梓豪|陆佳炜|陆苏皖,1,0,3,431,317,,board
2023,hangzhou,2023-icpc-hz-37-team,成都大学,倚楼听风雨,何智恒|李纪松|黄虹樱,1,0,3,485,329,,board
2023,hangzhou,2023-icpc-hz-38-team,成都东软学院,香奈美，带我走吧,徐晨阳|朱冠侨|耿梓益,1,0,3,665,348,,board
2023,hangzhou,2023-icpc-hz-39-team,成都理工大学,对对对你说的都对,向悦帆|艾锋炎|陈嘉怡,1,0,3,400,304,,board
2023,hangzhou,2023-icpc-hz-40-team,成都市树德中学,火星锥蛛广告位招租,周汇森|杨牧野|柴俊杰,0,0,2,198,,,board
2023,hangzhou,2023-icpc-hz-41-team,成都市树德中学,试作信条：杭州圣战,李宇杰|潘奕成|胡鑫,0,0,2,738,,,board
2023,hangzhou,2023-icpc-hz-42-team,成都树德中学光华校区,AuKiller,何佳恒|刘志伟|李河俊,0,0,0,0,,,board
2023,hangzhou,2023-icpc-hz-43-team,成都信息工程大学,你是我未曾拥有无法捕捉的亲昵,樊易龙|郑家成|马孜藤,1,0,4,712,225,bronze,board
2023,hangzhou,2023-icpc-hz-44-team,重庆大学,你不曾注意到孩子们在悲鸣着分崩离析！,张恩宁|游越涵|高云,1,0,3,360,288,,board
2023,hangzhou,2023-icpc-hz-45-team,重庆大学,这个队名出现在21世纪还是太超前了,葛轩铭|陈泆君|鲁永卓,1,0,4,397,169,bronze,board
2023,hangzhou,2023-icpc-hz-46-team,重庆大学,第四天灾,冯宇航|张一鸣|许骏扬,1,0,4,452,175,bronze,board
2023,hangzhou,2023-icpc-hz-47-team,重庆工程学院,十年单身换区预赛铜牌,张翔|戴军|李洪宇,1,0,2,159,361,,board
2023,hangzhou,2023-icpc-hz-48-team,重庆交通大学,拿舍友十年单身换铜,杨卡达|葛昌威|陈俊曦,1,0,2,226,374,,board
2023,hangzhou,2023-icpc-hz-49-team,重庆科技学院,一路走来，辛苦了,李增星|李家乐|王涛,1,0,2,389,402,,board
2023,hangzhou,2023-icpc-hz-50-team,重庆理工大学,西唯兵打铁匠,叶文祺|许多|许润峰,1,0,4,391,167,bronze,board
2023,hangzhou,2023-icpc-hz-51-team,重庆邮电大学,我们仍未知道那天AC的原因,付宇新|朱春林|林地波,1,0,3,378,295,,board
2023,hangzhou,2023-icpc-hz-52-team,大连大学,猫猫虫饼干,蒋文博|魏恒彬|黄禹铭,1,0,3,517,337,,board
2023,hangzhou,2023-icpc-hz-53-team,大连理工大学,灼灼韶华,李泽与|谭傲|赵一鹏,1,0,4,465,182,bronze,board
2023,hangzhou,2023-icpc-hz-54-team,大连理工大学,对无名,侯嘉贺|张娄瑞|马硕达,1,0,3,378,295,,board
2023,hangzhou,2023-icpc-hz-55-team,大连理工大学（盘锦校区）,小蓝鸭,杨镇熙|王珅|陈嘉佑,1,0,3,363,289,,board
2023,hangzhou,2023-icpc-hz-56-team,电子科技大学,UESTC_会编程到底是什么感觉_jpg,李尚融|李林泽|程智涛,1,0,7,892,13,gold,board
2023,hangzhou,2023-icpc-hz-57-team,电子科技大学,UESTC_篝月明火,彭帅康|李奕聪|陈奕可,1,0,5,417,55,silver,board
2023,hangzhou,2023-icpc-hz-58-team,电子科技大学,UESTC_扭转乾坤,王振波|郑力文|魏祥翰,1,0,5,731,123,silver,board
2023,hangzhou,2023-icpc-hz-59-team,电子科技大学,UESTC_忒修斯之船,吕书武|吴骏驰|徐以恒,1,0,6,1071,45,gold,board
2023,hangzhou,2023-icpc-hz-60-team,电子科技大学中山学院,澄净闪耀,杨嘉杰|樊洪源|齐浩均,1,0,4,607,206,bronze,board
2023,hangzhou,2023-icpc-hz-61-team,东北大学,东北大学_1234566,徐海|林星希|韩重,1,0,3,382,299,,board
2023,hangzhou,2023-icpc-hz-62-team,东北大学,东北大学_礻亻牜,王啸烽|王涵聪|邹宇轩,1,0,5,571,78,silver,board
2023,hangzhou,2023-icpc-hz-63-team,东北大学,东北大学_天狐座,徐越昊|苏焜|陈少皇,1,0,8,1166,6,gold,board
2023,hangzhou,2023-icpc-hz-64-team,东北大学,东北大学_好果汁,刘格显|房田峰|贺康,1,0,3,378,295,,board
2023,hangzhou,2023-icpc-hz-65-team,东北大学秦皇岛分校,小饼卷大葱,司伟业|李不凡|董淑睿,1,0,5,566,76,silver,board
2023,hangzhou,2023-icpc-hz-66-team,东北农业大学,四级合砍1000分,盖永瑞|闫志涛|阎硕,1,0,3,636,345,,board
2023,hangzhou,2023-icpc-hz-67-team,东北师范大学,网瘾三人组,王心雨|缪弘毅|贺金龙,1,0,3,342,281,,board
2023,hangzhou,2023-icpc-hz-68-team,东莞理工学院,想好队名了吗？,代金宇|叶磊|黄海,1,0,4,812,239,bronze,board
2023,hangzhou,2023-icpc-hz-69-team,东华大学,#不可视境界线#,刘青山|杨韵清|黄城帆,1,0,5,527,70,silver,board
2023,hangzhou,2023-icpc-hz-70-team,东华大学,陈晓剑舞,孙逸凡|李玟剑|郭旭阳,1,0,5,751,125,silver,board
2023,hangzhou,2023-icpc-hz-71-team,东华理工大学,东理第一大队,张宇杰|范涛|董政,1,0,3,251,256,bronze,board
2023,hangzhou,2023-icpc-hz-72-team,东南大学,打ACM打的,张一林|汪骏宇|陈乐扬,1,0,3,338,280,,board
2023,hangzhou,2023-icpc-hz-73-team,东南大学,UKE自动机,何辰玮|刘一鸣|王俊迪,1,0,4,473,186,bronze,board
2023,hangzhou,2023-icpc-hz-74-team,东南大学,扬帆续新辰,刘玮辰|潘亦新|王续丰,1,0,2,412,405,,board
2023,hangzhou,2023-icpc-hz-75-team,东南大学,大小姐的下午茶时光,周子航|姚泓宇|陶旦华,1,0,2,330,393,,board
2023,hangzhou,2023-icpc-hz-76-team,佛山科学技术学院,去年打铁一整年,蔡璧润|越静怡|黄佳鋐,1,0,5,560,75,silver,board
2023,hangzhou,2023-icpc-hz-77-team,福建理工大学,凛冬将至,吴伟豪|周俊杰|李超 ,1,0,2,199,369,,board
2023,hangzhou,2023-icpc-hz-78-team,福建农林大学,轻舟已过万重山,蒋恒艺|谢力航|陈有锴,1,0,4,568,196,bronze,board
2023,hangzhou,2023-icpc-hz-79-team,福建师范大学,哇哦!金色传说!,周奕帆|林泰良|林骅,1,0,4,705,224,bronze,board
2023,hangzhou,2023-icpc-hz-80-team,福州大学,不AC不睡觉,丁杰|李盈盈|林奕鑫,1,0,5,864,142,bronze,board
2023,hangzhou,2023-icpc-hz-81-team,福州大学,三年之期，今日AC,倪墨|吴清伟|陈宇,1,0,4,383,165,bronze,board
2023,hangzhou,2023-icpc-hz-82-team,福州大学,四年老兵,林东颖|王子豪|蔡长波,1,0,5,570,77,silver,board
2023,hangzhou,2023-icpc-hz-83-team,福州大学,浴室踩订书机,江滢怡|游世伟|王奕然,1,0,5,461,60,silver,board
2023,hangzhou,2023-icpc-hz-84-team,阜阳师范大学,人从众,叶苏文|张美星|陈博宇,1,0,3,355,287,,board
2023,hangzhou,2023-icpc-hz-85-team,复旦大学,你先别急，让我调DP,何友瑭|邹畅|陈佳鹏,1,0,4,371,163,bronze,board
2023,hangzhou,2023-icpc-hz-86-team,复旦大学,再多一眼看一眼就会 AC,周子羽|李航成|罗意明,1,0,5,629,102,silver,board
2023,hangzhou,2023-icpc-hz-87-team,复旦大学,黑莲,刘澈|吴思鸿|张润哲,1,0,5,509,66,silver,board
2023,hangzhou,2023-icpc-hz-88-team,高中联合参赛,雾里看花,李昕然|胡赵阳|黄洛天,0,0,7,1035,,,board
2023,hangzhou,2023-icpc-hz-89-team,个人,I'm your fan!!!!,杜瑜皓,0,0,9,1442,,,board
2023,hangzhou,2023-icpc-hz-90-team,广东工业大学,漫游者,林敏彬|潘锦炫|钟迪,1,0,4,377,164,bronze,board
2023,hangzhou,2023-icpc-hz-91-team,广东工业大学,睡觉最舒服了,庞翔|李安灏|梁展榕,1,0,3,268,260,bronze,board
2023,hangzhou,2023-icpc-hz-92-team,广东工业大学,这不是BUG，是特性,彭康杰|林智谦|黄文朗,1,0,2,355,395,,board
2023,hangzhou,2023-icpc-hz-93-team,广东工业大学揭阳校区,彼岸之约,向宇飞|陈煜祺|黄浩天,1,0,3,306,265,bronze,board
2023,hangzhou,2023-icpc-hz-94-team,广东技术师范大学,GPNU-Awei,李苇森|谢合松|黄宇凡,1,0,3,428,316,,board
2023,hangzhou,2023-icpc-hz-95-team,广东金融学院,评测机上抹点绿,徐展鹏|杨煌|陈嘉亿,1,0,2,201,370,,board
2023,hangzhou,2023-icpc-hz-96-team,广东实验中学,邱队带飞,毛艺婷|蔡健泓|邱泽敏,0,0,6,928,,,board
2023,hangzhou,2023-icpc-hz-97-team,广东外语外贸大学,WA1forever,罗梓元|钟钧仰|陈惠琼,1,0,3,408,307,,board
2023,hangzhou,2023-icpc-hz-98-team,广西大学,知耻而后勇,李周祥|李崇彰|陈松盛,1,0,5,605,90,silver,board
2023,hangzhou,2023-icpc-hz-99-team,广州大学,奇迹于你,吴昊原|林树沛|柯俊宇,1,0,4,596,205,bronze,board
2023,hangzhou,2023-icpc-hz-100-team,广州大学,虚虚得实,吴梓涵|梁金成|谢艺瀚,1,0,4,753,232,bronze,board
2023,hangzhou,2023-icpc-hz-101-team,广州华立学院,少壮不努力，长大靠翻译,廖俊杰|罗伟康|谭翰煨,1,0,3,397,303,,board
2023,hangzhou,2023-icpc-hz-102-team,广州南方学院,狂怒,曾昱恺|童然玮|魏廷锋,1,0,1,312,430,,board
2023,hangzhou,2023-icpc-hz-103-team,贵州大学,糯米锅巴,张岩|穆俊霖|高嘉阳,1,0,4,981,244,bronze,board
2023,hangzhou,2023-icpc-hz-104-team,桂林电子科技大学,Dreamboat,张安航|张蓝天|蒋文涛,1,0,4,670,220,bronze,board
2023,hangzhou,2023-icpc-hz-105-team,国防科技大学,青铜时代号,李泽锴|王荣航|蒋卓彧,1,0,5,505,65,silver,board
2023,hangzhou,2023-icpc-hz-106-team,国防科技大学,冲冲冲,刘宇林|李云昊|苏弘烨,1,0,5,1148,157,bronze,board
2023,hangzhou,2023-icpc-hz-107-team,哈尔滨工程大学,可持久化阿兹弗特维修会沙勒人理旅游空想树,叶凯鹏|李简平|王亦凡,1,0,4,712,225,bronze,board
2023,hangzhou,2023-icpc-hz-108-team,哈尔滨工程大学,goto:希腊奶,孙江吉|蒋渡|赵新凯,1,0,4,675,221,bronze,board
2023,hangzhou,2023-icpc-hz-109-team,哈尔滨工程大学,圣马家沟修船工,冯小石|宿斯玮|张良正,1,0,5,999,152,bronze,board
2023,hangzhou,2023-icpc-hz-110-team,哈尔滨工业大学,烨叶知秋,叶程鹏|王续烨|邱思宇,1,0,5,466,61,silver,board
2023,hangzhou,2023-icpc-hz-111-team,哈尔滨工业大学,都是方舟惹的祸,王宜平|陈云龙|陈思阳,1,0,5,444,58,silver,board
2023,hangzhou,2023-icpc-hz-112-team,哈尔滨工业大学,北风与秋水,朱峰|王羽婷|谢书泱,1,0,5,874,146,bronze,board
2023,hangzhou,2023-icpc-hz-113-team,哈尔滨工业大学（深圳）,博德之门,李嘉淇|陈识曲|骆天赐,1,0,4,482,188,bronze,board
2023,hangzhou,2023-icpc-hz-114-team,哈尔滨工业大学（深圳）,又被队友带飞了,李潭啸|蔡易轩|高俊垚,1,0,5,827,137,bronze,board
2023,hangzhou,2023-icpc-hz-115-team,哈尔滨工业大学（深圳）,老年旅行社,吴泽楷|唐楷杰|潘思成,1,0,4,451,174,bronze,board
2023,hangzhou,2023-icpc-hz-116-team,哈尔滨工业大学（威海）,冬天的尾声,王子康|王庆涛|禚周浩然,1,0,2,139,359,,board
2023,hangzhou,2023-icpc-hz-117-team,哈尔滨工业大学（威海）,唐可可后援会,易子杰|李昕烨|许展翔,1,0,5,625,99,silver,board
2023,hangzhou,2023-icpc-hz-118-team,哈尔滨理工大学,哈理工10队HZ,凌晟博|刘松语|顾红卫,1,0,4,453,176,bronze,board
2023,hangzhou,2023-icpc-hz-119-team,哈尔滨理工大学,哈理工05队HZ,刘泽旭|李晶洋|牛梓旭,1,0,4,456,179,bronze,board
2023,hangzhou,2023-icpc-hz-120-team,哈尔滨理工大学,哈理工12队HZ,林浩|沈锦轩|陈圻昇,1,0,3,374,294,,board
2023,hangzhou,2023-icpc-hz-121-team,哈尔滨信息工程学院,开拓者,刘如意|白福星|董哲朋,1,0,0,0,435,,board
2023,hangzhou,2023-icpc-hz-122-team,海亮高级中学,海亮三队,刘家萌|马光贤|黄子岩,0,0,3,236,,,board
2023,hangzhou,2023-icpc-hz-123-team,海亮高级中学,海上星亮晶晶,史皓嘉|王茂骅|范斯喆,0,0,8,1102,,,board
2023,hangzhou,2023-icpc-hz-124-team,海亮高级中学,海亮二队,吴旻逸|徐子萱|沈福麟,0,0,6,926,,,board
2023,hangzhou,2023-icpc-hz-125-team,海亮高级中学,海亮一队,徐中天|潘大卫|王喆,0,0,6,1053,,,board
2023,hangzhou,2023-icpc-hz-126-team,海南大学,死者蘇生,吕珅|方政|胡瑞一,1,0,3,285,262,bronze,board
2023,hangzhou,2023-icpc-hz-127-team,韩山师范学院,玫瑰常开警告常在,何启华|陆泓宇|陈荧荧,1,0,3,822,356,,board
2023,hangzhou,2023-icpc-hz-128-team,汉口学院,扬州炒饭,吴勇|李毅云|白子余,1,0,1,353,431,,board
2023,hangzhou,2023-icpc-hz-129-team,杭州第二中学,Remakers,吴泽岳|孙恒喆|陈昕阳,0,0,10,1443,,,board
2023,hangzhou,2023-icpc-hz-130-team,杭州第二中学,杭二预备队,周以山|姜宇辰|徐司丞,0,0,6,463,,,board
2023,hangzhou,2023-icpc-hz-131-team,杭州第二中学,收到,张君游|汪苏轶|章启莘,0,0,7,879,,,board
2023,hangzhou,2023-icpc-hz-132-team,杭州第二中学,随便起一个,章绍嘉|陈玉彬|陈铭凯,0,0,8,1078,,,board
2023,hangzhou,2023-icpc-hz-133-team,杭州电子科技大学,重生之我是吉吉国王,徐墨凡|徐铭扬|陈姿颖,1,0,5,335,49,silver,board
2023,hangzhou,2023-icpc-hz-134-team,杭州电子科技大学,老年活动中心,俞越|周靖凯|黄光升,1,0,4,620,208,bronze,board
2023,hangzhou,2023-icpc-hz-135-team,杭州电子科技大学,Slayers Come,尹吴潇|戴志炜|赵政和,1,0,6,503,16,gold,board
2023,hangzhou,2023-icpc-hz-136-team,杭州电子科技大学,杏花疏影林,余梓诚|傅景康|徐熙来,1,0,5,762,126,silver,board
2023,hangzhou,2023-icpc-hz-137-team,杭州电子科技大学信息工程学院,BugGPT,周越|邱佳丰|鲍鼎丞,1,0,1,162,425,,board
2023,hangzhou,2023-icpc-hz-138-team,杭州电子科技大学信息工程学院,清蒸狮子头,尹凯乐|杨鑫|柳徐吉,1,0,6,713,33,gold,board
2023,hangzhou,2023-icpc-hz-139-team,杭州师范大学,五月的猫猫,余家帅|刘书凡|戴泽耀,0,0,4,353,,,board
2023,hangzhou,2023-icpc-hz-140-team,杭州师范大学,你怎么知道我有5个xcpc铜牌,戴钒宇|王图南|童春琦,0,0,4,361,,,board
2023,hangzhou,2023-icpc-hz-141-team,杭州师范大学,Mind the Gap,尤馨然|林丰|蔡宇欣,0,0,4,671,,,board
2023,hangzhou,2023-icpc-hz-142-team,杭州师范大学,why not dp?,杨嘉福|殷吴辉|陈科舟,0,0,4,373,,,board
2023,hangzhou,2023-icpc-hz-143-team,杭州学军中学,信友队4队,姜子米|林诚凯|胡筝,0,0,6,1050,,,board
2023,hangzhou,2023-icpc-hz-144-team,杭州学军中学,学军信友队3队,张恒毅|陈诺|黄思远,0,0,9,1219,,,board
2023,hangzhou,2023-icpc-hz-145-team,杭州学军中学,学军信友队1队,叶开|周康阳|沈吉滪,0,0,9,1003,,,board
2023,hangzhou,2023-icpc-hz-146-team,杭州学军中学,学军信友队2队,周莫非|朱翔宇|章弥炫,0,0,7,992,,,board
2023,hangzhou,2023-icpc-hz-147-team,杭州育才中学,联盟二进制,吴林瑄|唐天行|桂阳熠,0,0,5,722,,,board
2023,hangzhou,2023-icpc-hz-148-team,合肥工业大学,天天做早操队,王腾昊|舒雨飞|韩昆桦,1,0,3,540,340,,board
2023,hangzhou,2023-icpc-hz-149-team,合肥工业大学宣城校区,Please,何昕悦|张益|胡菽颖,1,0,4,534,192,bronze,board
2023,hangzhou,2023-icpc-hz-150-team,合肥学院,打个表吧,汪一明|汪少鸿|王星力,1,0,4,735,229,bronze,board
2023,hangzhou,2023-icpc-hz-151-team,河北工业大学,我来写你们别走,杨佳豪|赵一玮|高泽文,1,0,3,453,323,,board
2023,hangzhou,2023-icpc-hz-152-team,河北师范大学,键上翻花,刘志恒|翟一可|陈哲良,1,0,5,574,79,silver,board
2023,hangzhou,2023-icpc-hz-153-team,河海大学,三个绿名,刘洋|吕林泽|黄兆彬,1,0,4,539,193,bronze,board
2023,hangzhou,2023-icpc-hz-154-team,河南大学,零异事件,李金刚|毛子豪|程崇正,1,0,4,576,199,bronze,board
2023,hangzhou,2023-icpc-hz-155-team,河南工业大学,过不了四级怎么办,刘叠|高以宁|黄鹏宇,1,0,5,810,134,silver,board
2023,hangzhou,2023-icpc-hz-156-team,河南理工大学,愿此行，终抵群星,王郅明|罗峻函|马庆凯,1,0,3,431,317,,board
2023,hangzhou,2023-icpc-hz-157-team,河南农业大学,十年算竞一场空,胡锦阳|赵嘉驰|隋永奇,1,0,3,723,351,,board
2023,hangzhou,2023-icpc-hz-158-team,黑龙江大学,宇宙无敌暴龙战士,代玉鑫|李继伟|杨阳,1,0,4,465,182,bronze,board
2023,hangzhou,2023-icpc-hz-159-team,湖北第二师范学院,壮志凌云,刘保智|游俊爽|翁佳杭,1,0,2,462,410,,board
2023,hangzhou,2023-icpc-hz-160-team,湖北工业大学,长生,张忆周|杨思腾|陈奕澄,1,0,2,478,411,,board
2023,hangzhou,2023-icpc-hz-161-team,湖南城市学院,博学丁真,申皓民|盛凌峰|管帅林,1,0,4,456,179,bronze,board
2023,hangzhou,2023-icpc-hz-162-team,湖南大学,一眼铁木真，假不了一点,周新城|张世东|林新晨,1,0,3,416,311,,board
2023,hangzhou,2023-icpc-hz-163-team,湖南大学,金色传说,廖曙康|朱名扬|苏杰,1,0,6,531,18,gold,board
2023,hangzhou,2023-icpc-hz-164-team,湖南科技大学,厵神高手,万佳文|文帅|项嘉森,1,0,5,932,149,bronze,board
2023,hangzhou,2023-icpc-hz-165-team,湖南理工学院,流泪猫猫头,梁韧|金烜宇|陈睿轩,1,0,5,721,120,silver,board
2023,hangzhou,2023-icpc-hz-166-team,湖南理工学院,欢乐斗地组,徐程|郭烨铖|高天宇,1,0,1,226,428,,board
2023,hangzhou,2023-icpc-hz-167-team,湖南农业大学,杭州真的是美食荒漠吗？,李南翃|李杰|黄常申,1,0,2,267,381,,board
2023,hangzhou,2023-icpc-hz-168-team,湖南师范大学,不想努力了,倪祺祺|杨泽旭|马嘉豪,1,0,4,383,165,bronze,board
2023,hangzhou,2023-icpc-hz-169-team,湖南文理学院,我在理塘玩原神,席超博|洪响|高锋,1,0,3,347,283,,board
2023,hangzhou,2023-icpc-hz-170-team,湖南中医药大学,取个队名这么难还能不能好好做题了,付海洋|刘亦凡|周子豪,1,0,2,213,372,,board
2023,hangzhou,2023-icpc-hz-171-team,湖州师范学院,我不知道该跟你怎么说，因为我只是一个灰名,周航圣|李佳杰|王胜钊,1,0,2,407,404,,board
2023,hangzhou,2023-icpc-hz-172-team,华北理工大学,难铜+难铜+队内唯一女队员,尹尚龙|张海洋|陈密,1,0,3,804,354,,board
2023,hangzhou,2023-icpc-hz-173-team,华东理工大学,想队名比过题还难,刘浩然|曾剑涛|胡文波,1,0,3,485,329,,board
2023,hangzhou,2023-icpc-hz-174-team,美登科技,上次拿金牌你还没断奶,王良晶|邓鋆|邹宇,0,0,6,798,,,board
2023,hangzhou,2023-icpc-hz-175-team,华东师范大学,与夏之花,程籽实|谈笑枫|谢书骁,1,0,5,598,82,silver,board
2023,hangzhou,2023-icpc-hz-176-team,华东师范大学,AC进度加载中,夏翔|朱怡情|李俊辰,1,0,2,531,413,,board
2023,hangzhou,2023-icpc-hz-177-team,华东师范大学,英文队名逆序队,刘凯源|汪鼎尊|罗持,1,0,4,279,160,bronze,board
2023,hangzhou,2023-icpc-hz-178-team,华东师范大学,遥遥领先,姜朝顺|孙书航|许青阳,1,0,4,422,173,bronze,board
2023,hangzhou,2023-icpc-hz-179-team,华南理工大学,EssenceWFern,余梓灏|梁耀威|陈漫璟,1,0,5,496,64,silver,board
2023,hangzhou,2023-icpc-hz-180-team,华南理工大学,bb84,刘家罗|沈畅|王乐然,1,0,4,288,161,bronze,board
2023,hangzhou,2023-icpc-hz-181-team,华南理工大学,取乎其上,李亨|王文俊|钟宇超,1,0,3,216,253,bronze,board
2023,hangzhou,2023-icpc-hz-182-team,华南农业大学,天天原神启动不训练，icpc还想拿牌子?,廖灿鑫|朱龙百|梁嘉俊,1,0,4,579,200,bronze,board
2023,hangzhou,2023-icpc-hz-183-team,华南师范大学,仙人掌套树构造AC自动机,侯俊宇|蔡海鹏|陈育瀚,1,0,4,643,214,bronze,board
2023,hangzhou,2023-icpc-hz-184-team,华南师范大学,开摆队,温雅杰|许棋皓|陈泽勇,1,0,4,490,189,bronze,board
2023,hangzhou,2023-icpc-hz-185-team,华侨大学,潜龙腾渊,鄭創基|黄庆彰|黄鸿彬,1,0,2,615,416,,board
2023,hangzhou,2023-icpc-hz-186-team,华为公司,华为云遥遥领先,何柱|林维博|蒋仕彪,0,0,7,956,,,board
2023,hangzhou,2023-icpc-hz-187-team,华中科技大学,打铁打的,周陆延|章宏宇|黄子益,1,0,4,397,169,bronze,board
2023,hangzhou,2023-icpc-hz-188-team,华中科技大学,想好队名再改,李梓扬|林博珩|邱卓珩,1,0,5,723,121,silver,board
2023,hangzhou,2023-icpc-hz-189-team,华中科技大学,小鲤鱼历险记,俞仲遥|喻珈|李根,1,0,6,828,38,gold,board
2023,hangzhou,2023-icpc-hz-190-team,华中科技大学,原神怎么你了,刘东阳|陈开宇|黄浚源,1,0,6,690,30,gold,board
2023,hangzhou,2023-icpc-hz-191-team,华中农业大学,最后一舞,宗毅|朱振祎|邱前瑞,1,0,3,811,355,,board
2023,hangzhou,2023-icpc-hz-192-team,华中师范大学,梅狸猫,史承钰|姚辰恺|蒋国华,1,0,4,726,228,bronze,board
2023,hangzhou,2023-icpc-hz-193-team,华中师范大学,热爱生活,张国涛|邓洁|陈程,1,0,5,686,112,silver,board
2023,hangzhou,2023-icpc-hz-194-team,怀化学院,怀化学院1队,杨宇俊|粟立锋|龙文浩,1,0,2,389,402,,board
2023,hangzhou,2023-icpc-hz-195-team,惠州学院,永远的难题,刘柯炜|吴观华|张恒,1,0,4,833,242,bronze,board
2023,hangzhou,2023-icpc-hz-196-team,吉林大学,三只凇鼠,吴浩钟|孔泉智|涂嘉一,1,0,4,780,234,bronze,board
2023,hangzhou,2023-icpc-hz-197-team,吉林大学,随便,刘昱|苏睿杰|邱天,1,0,4,540,194,bronze,board
2023,hangzhou,2023-icpc-hz-198-team,吉林大学,烈冕号,于之航|王一丁|陈俊甫,1,0,6,721,34,gold,board
2023,hangzhou,2023-icpc-hz-199-team,吉首大学,猪猪队,周建政|文凯|魏褚鹏,1,0,5,872,145,bronze,board
2023,hangzhou,2023-icpc-hz-200-team,集美大学,罚时糕手,吴杰|林贝宁|蔡万杰,1,0,4,473,186,bronze,board
2023,hangzhou,2023-icpc-hz-201-team,集宁师范学院,我不知道,王佳琪|郝勇|陈伟,1,0,0,0,435,,board
2023,hangzhou,2023-icpc-hz-202-team,济南大学,天下无人不识君,余川华|葛广一|韦金亮,1,0,3,486,331,,board
2023,hangzhou,2023-icpc-hz-203-team,暨南大学,广州市第六中学一队,余欣妍|贾子涵|麦骏,1,0,7,815,12,gold,board
2023,hangzhou,2023-icpc-hz-204-team,暨南大学,V你50罚时,刘泰极|王子峻|莫祖祥,1,0,0,0,435,,board
2023,hangzhou,2023-icpc-hz-205-team,嘉兴学院,我有一个商单，但这里太小放不下甲方的文案,刘星辰|宋佳宇|林荫,1,0,2,195,368,,board
2023,hangzhou,2023-icpc-hz-206-team,嘉应学院,神狗之争,蔡创昇|袁锐涛|颜朝杰,1,0,4,780,234,bronze,board
2023,hangzhou,2023-icpc-hz-207-team,江南大学,糯叽糯叽猫猫队,熊宇非|王志鹏|蒋佳良,1,0,5,1130,155,bronze,board
2023,hangzhou,2023-icpc-hz-208-team,江苏大学,闪耀之所在,张道正|林海昊|赵安杰,1,0,5,689,113,silver,board
2023,hangzhou,2023-icpc-hz-209-team,江西财经大学,Jtrip,周政|欧阳岩|陈则鹏,1,0,2,544,414,,board
2023,hangzhou,2023-icpc-hz-210-team,江西财经大学,从第一个WA开始,廖凌翔|王海峰|黄亦诚,1,0,2,308,388,,board
2023,hangzhou,2023-icpc-hz-211-team,江西理工大学,重生之不用考试也有编制,付仁杰|朱金康|邱欣健,1,0,3,209,250,bronze,board
2023,hangzhou,2023-icpc-hz-212-team,江西农业大学,网瘾犯了,孙文凯|张帆|潘仕翰,1,0,4,588,203,bronze,board
2023,hangzhou,2023-icpc-hz-213-team,江西师范大学,逸一时误一时,汪佳盛|邓皓文|陈绿海,1,0,3,336,277,,board
2023,hangzhou,2023-icpc-hz-214-team,江西师范大学,Watch A-SOUL and become Au,张天福|陈哲|颜玮琦,1,0,6,756,36,gold,board
2023,hangzhou,2023-icpc-hz-215-team,金华市丽泽中学,谐和,徐崇瑜|杨书宇|陈佳润,0,0,5,530,,,board
2023,hangzhou,2023-icpc-hz-216-team,金华市丽泽中学,喵喵喵晖,叶印东|梁润昊|项灏洋,0,0,4,586,,,board
2023,hangzhou,2023-icpc-hz-217-team,昆山杜克大学,123,宋雨辰|杨宁远|袁天骏,1,0,6,936,43,gold,board
2023,hangzhou,2023-icpc-hz-218-team,兰州大学,ID Smile,吕澎|郑宇航|马良,1,0,4,453,176,bronze,board
2023,hangzhou,2023-icpc-hz-219-team,兰州大学,艾克·尤里卡,李欣杭|梁宇昊|王若譞,1,0,2,218,373,,board
2023,hangzhou,2023-icpc-hz-220-team,乐山师范学院,超时重连,唐杨|李汶涛|苏海东,1,0,4,940,243,bronze,board
2023,hangzhou,2023-icpc-hz-221-team,辽宁大学,云里雾里,史旨|殷勇杰|雷震宇,1,0,5,622,97,silver,board
2023,hangzhou,2023-icpc-hz-222-team,聊城大学,未来算法研究所,王宁|贾磊|魏新杰,1,0,3,666,349,,board
2023,hangzhou,2023-icpc-hz-223-team,龙岩学院,小甜妹不想难铜,白宇|郭泽楷|黄斌强,1,0,4,829,241,bronze,board
2023,hangzhou,2023-icpc-hz-224-team,鲁东大学,星星之火 - 重生,李春阳|许博|陈新阳,1,0,5,690,114,silver,board
2023,hangzhou,2023-icpc-hz-225-team,闽南师范大学,rank++の速度系ka速五厘米death,丁汉彬|卢艺鸿|郭雷,1,0,3,417,312,,board
2023,hangzhou,2023-icpc-hz-226-team,南昌大学,不可思议,吴佳炜|李书羽|赵赟,1,0,5,782,129,silver,board
2023,hangzhou,2023-icpc-hz-227-team,南昌大学,ACkeeper,徐英杰|杨喆|熊廷杨,1,0,3,417,312,,board
2023,hangzhou,2023-icpc-hz-228-team,南昌航空大学,雀食蟀但是菜,汤正泰|陈鹏|黄心磊,1,0,3,315,267,bronze,board
2023,hangzhou,2023-icpc-hz-229-team,南昌理工学院,参宿四,刘佳明|李强圣|李政通,1,0,2,362,397,,board
2023,hangzhou,2023-icpc-hz-230-team,南方科技大学,南方科技大学-赫尔辛基,何俞均|冯照航|洪朝阳,1,0,7,797,11,gold,board
2023,hangzhou,2023-icpc-hz-231-team,南方科技大学,科科拉,李田|杨博乔|汪汇,1,0,5,842,139,bronze,board
2023,hangzhou,2023-icpc-hz-232-team,南方科技大学,南方科技大学-万塔,张嘉妤|钟乐|陈峦,1,0,5,604,88,silver,board
2023,hangzhou,2023-icpc-hz-233-team,南华大学,昨天刚学cpp,王圣宇|王政星|羊新旺,1,0,4,394,168,bronze,board
2023,hangzhou,2023-icpc-hz-234-team,南京大学,南小鸟,周相羽|朱家辰|贺卓宇,1,0,5,616,93,silver,board
2023,hangzhou,2023-icpc-hz-235-team,南京大学,优质解答：我不知道,林荣恩|郑欣|陈弘毅,1,0,7,986,14,gold,board
2023,hangzhou,2023-icpc-hz-236-team,南京大学,明明是我先来的,王崧睿|谭泽晖|黄文睿,1,0,6,883,42,gold,board
2023,hangzhou,2023-icpc-hz-237-team,南京大学,平流层,潘谟天|陆华均|陈梓睿,1,0,5,656,106,silver,board
2023,hangzhou,2023-icpc-hz-238-team,南京工业大学,像我们一样爆零就泰裤辣,叶劭伟|杨苏陇|钱致宁,1,0,3,414,309,,board
2023,hangzhou,2023-icpc-hz-239-team,南京航空航天大学,我的XCPC物语果然有问题,林龙河|陈岩|高锐,1,0,3,370,293,,board
2023,hangzhou,2023-icpc-hz-240-team,南京航空航天大学,金牌锅贴,桑浩然|黄子源|黄耘青,1,0,3,591,343,,board
2023,hangzhou,2023-icpc-hz-241-team,南京航空航天大学,林克时间,刘明杰|袁尔杭|陈泓谙,1,0,3,353,286,,board
2023,hangzhou,2023-icpc-hz-242-team,南京航空航天大学,不知道什么是算法,昌宣辰|梁松松|滕林,1,0,2,241,376,,board
2023,hangzhou,2023-icpc-hz-243-team,南京理工大学,流满猫猫头,丁则文|何丰辰|王一萌,1,0,5,625,99,silver,board
2023,hangzhou,2023-icpc-hz-244-team,南京理工大学,平和猫猫头,何平|金朝哲|陈涣焕,1,0,6,550,19,gold,board
2023,hangzhou,2023-icpc-hz-245-team,南京理工大学,赤豹纹狸,吴俐伽|蔡佳铭|郭佳樊,1,0,5,345,50,silver,board
2023,hangzhou,2023-icpc-hz-246-team,南京林业大学,林带观光团,喻灯|缪若凡|马诗航,1,0,3,264,259,bronze,board
2023,hangzhou,2023-icpc-hz-247-team,南京师范大学,石砖のicpc == 篮球省赛,周云垚|杨圣涵|陆扬帆,1,0,3,661,347,,board
2023,hangzhou,2023-icpc-hz-248-team,南京信息工程大学,跟不上榜,洪伟|潘小康|管润达,1,0,5,690,114,silver,board
2023,hangzhou,2023-icpc-hz-249-team,南京信息工程大学,蒟蒻果冻,夏涛|李嘉松|秦睿智,1,0,3,236,254,bronze,board
2023,hangzhou,2023-icpc-hz-250-team,南京邮电大学,梦里也会觉得AC难求,戴鸿哲|石金轩|陈宇,1,0,3,413,308,,board
2023,hangzhou,2023-icpc-hz-251-team,南京邮电大学,黎明彼岸,崔晨曦|库致远|韩炜,1,0,3,423,314,,board
2023,hangzhou,2023-icpc-hz-252-team,南京邮电大学,你别急，我先看看榜,孙靖辉|张烨民|陶陆天,1,0,3,415,310,,board
2023,hangzhou,2023-icpc-hz-253-team,南京邮电大学,苟分小队,田晓亮|金益凡|陈华柯焱,1,0,4,646,215,bronze,board
2023,hangzhou,2023-icpc-hz-254-team,南京邮电大学通达学院,td 启动！,杨有成|葛涛宁|陈天意,1,0,4,661,219,bronze,board
2023,hangzhou,2023-icpc-hz-255-team,南开大学,又到了想队伍名的时间,刘志豪|袁熙|陈冠修,1,0,4,744,231,bronze,board
2023,hangzhou,2023-icpc-hz-256-team,南开大学,强基计划我爱你,赵思远|车昱辉|郭军凯,1,0,5,709,118,silver,board
2023,hangzhou,2023-icpc-hz-257-team,南开大学,斌斌全球粉丝后援会,姚知言|徐文斌|马琦,1,0,2,269,382,,board
2023,hangzhou,2023-icpc-hz-258-team,南通大学,抱歉，这没有南通,周杰|张世梁|陆玺州,1,0,5,726,122,silver,board
2023,hangzhou,2023-icpc-hz-259-team,南阳师范学院,随便吧,曹高磊|邱志恩|韩忆,1,0,3,323,273,,board
2023,hangzhou,2023-icpc-hz-260-team,内蒙古师范大学,IMNU1,王志浩|郭凌宇|高琪,1,0,0,0,435,,board
2023,hangzhou,2023-icpc-hz-261-team,宁波财经学院,下水管道疏通半小时上门,李心豪|潘致远|舒炜琳,1,0,3,211,251,bronze,board
2023,hangzhou,2023-icpc-hz-262-team,宁波大学,Nullpo后要接Ga,严齐航|胡健山|陈一波,1,0,2,307,387,,board
2023,hangzhou,2023-icpc-hz-263-team,宁波大学,重生之菜狗不是我,吴祺昊|朱怡晨|赖诗亮,0,0,3,466,,,board
2023,hangzhou,2023-icpc-hz-264-team,宁波大学,ACtor, 胡值闻|吴凯晟|蒋轶波,1,0,5,870,144,bronze,board
2023,hangzhou,2023-icpc-hz-265-team,宁波工程学院,酸 梅 汤,席帅|徐恩祥|耿龙斌,1,0,2,521,412,,board
2023,hangzhou,2023-icpc-hz-266-team,宁波市镇海中学,镇中3队,余杰|张锦程|房俊哲,0,0,7,922,,,board
2023,hangzhou,2023-icpc-hz-267-team,宁波市镇海中学,镇中2队,胡砚枫|那峥|邱祺皓,0,0,5,1195,,,board
2023,hangzhou,2023-icpc-hz-268-team,宁波市镇海中学,镇中1队,刘恒熙|汪直方|郑熠,0,0,9,967,,,board
2023,hangzhou,2023-icpc-hz-269-team,宁波职业技术学院,寻人启事:宁职王某,吕扬盛|王泽宇|陈科朋,1,0,5,1093,154,bronze,board
2023,hangzhou,2023-icpc-hz-270-team,牛客竞赛,求求你给我打个星吧，我什么都愿意做,兰宇平|司马晨|林鑫淼,0,0,6,1044,,,board
2023,hangzhou,2023-icpc-hz-271-team,莆田学院,葡萄菜菜子,李熔豪|许城涛|赵佶鑫,1,0,4,610,207,bronze,board
2023,hangzhou,2023-icpc-hz-272-team,齐鲁工业大学,人见人爱花见花开车见车爆胎的猪猪侠男神赐予我力量吧！,蒋志发|陆涵宁|陈依婷,1,0,2,380,399,,board
2023,hangzhou,2023-icpc-hz-273-team,齐鲁工业大学,我是一颗二叉树，又二又差又上树,张明超|杨梓睿|郑博维,1,0,3,297,263,bronze,board
2023,hangzhou,2023-icpc-hz-274-team,齐鲁工业大学（山东省科学院）,关于我转生变成孙笑川打算竞这档事,刘子恒|廉昌业|魏文泽,1,0,2,236,375,,board
2023,hangzhou,2023-icpc-hz-275-team,青岛大学,三个东营人,安晓曼|李坤鹏|白骏,1,0,2,204,371,,board
2023,hangzhou,2023-icpc-hz-276-team,青岛科技大学,斯卡布罗集市,侯佳文|朱文杰|高英翔,1,0,4,657,216,bronze,board
2023,hangzhou,2023-icpc-hz-277-team,青岛理工大学,风起微澜,贾梦威|闫秀宇|高鑫,1,0,3,565,341,,board
2023,hangzhou,2023-icpc-hz-278-team,青岛农业大学,在西湖湖畔看V玩原神,吴迪|李德辰|穆帅宇,1,0,3,657,346,,board
2023,hangzhou,2023-icpc-hz-279-team,清华大学,QDEZ214驻清办,张艺缤|迟凯文|韩豫葳,1,0,6,429,15,gold,board
2023,hangzhou,2023-icpc-hz-280-team,清华大学,顶针的约克5,肖云帆|荆国浩|顾万钧,1,0,6,851,41,gold,board
2023,hangzhou,2023-icpc-hz-281-team,清华大学,循环不止，优化不息,叶昊星|徐哲安|谭淇心,1,0,8,893,4,gold,board
2023,hangzhou,2023-icpc-hz-282-team,清华大学,一路向北,周航锐|唐绍轩|许庭强,1,0,10,1150,2,gold,board
2023,hangzhou,2023-icpc-hz-283-team,衢州学院,拿不到牌就给三国杀好评,励家磊|张能祎|陈福栊,1,0,2,247,379,,board
2023,hangzhou,2023-icpc-hz-284-team,曲阜师范大学,失踪的天鹅本鹅,杨梦洁|陶柏杉|高文昊,1,0,1,63,419,,board
2023,hangzhou,2023-icpc-hz-285-team,山东大学,梦天使,张昊雨|耿浩天|董家豪,1,0,5,536,71,silver,board
2023,hangzhou,2023-icpc-hz-286-team,山东大学,其实，我们早就是世一大了,宿子腾|杨昀淇|詹靖杰,1,0,5,598,82,silver,board
2023,hangzhou,2023-icpc-hz-287-team,山东大学,玩原神玩的,滕家良|程前|童慎豪,1,0,4,401,171,bronze,board
2023,hangzhou,2023-icpc-hz-288-team,山东大学,世伊鸾涧渊,俞程|许蕴朴|陈子载,1,0,5,421,56,silver,board
2023,hangzhou,2023-icpc-hz-289-team,山东大学（威海）,主打一个陪伴,严一涵|尚棋浩|张胜熙,1,0,6,691,31,gold,board
2023,hangzhou,2023-icpc-hz-290-team,山东管理学院,花开富贵队,卢明煜|张华越|李志强,1,0,1,258,429,,board
2023,hangzhou,2023-icpc-hz-291-team,山东建筑大学,大明湖的神秘生物,庄文轩|董芳安|马建宇,1,0,3,348,284,,board
2023,hangzhou,2023-icpc-hz-292-team,山东科技大学,亚特兰蒂斯号,于佳良|孟正|许维杰,1,0,2,318,390,,board
2023,hangzhou,2023-icpc-hz-293-team,山东理工大学,张鱼小丸子,张森|潘清源|王震,1,0,5,738,124,silver,board
2023,hangzhou,2023-icpc-hz-294-team,山东女子学院,一小瓶果粒橙,张艺颖|李骋|黑乃骁,1,0,2,172,364,,board
2023,hangzhou,2023-icpc-hz-295-team,山东师范大学,首充奖励,张浥青|朱俊伟|王晓迪,1,0,3,629,344,,board
2023,hangzhou,2023-icpc-hz-296-team,陕西科技大学,昼夜平分时,成思明|段焜元|葛建琦,1,0,3,315,267,bronze,board
2023,hangzhou,2023-icpc-hz-297-team,上海财经大学,iDLEM@STER O149,史靖玮|姜聿时|郭士纳,1,0,6,783,37,gold,board
2023,hangzhou,2023-icpc-hz-298-team,上海大学,离群者队,松浩然|耿鹏成|雷文轩,1,0,4,507,190,bronze,board
2023,hangzhou,2023-icpc-hz-299-team,上海大学,海底小纵队,张志远|曾宇成|李舒怀,1,0,2,370,398,,board
2023,hangzhou,2023-icpc-hz-300-team,上海大学,鼠shu,史佳朋|施安然|黎思源,1,0,2,116,358,,board
2023,hangzhou,2023-icpc-hz-301-team,上海大学,夜航星,张学鹏|房辰燏|连昊宇,1,0,3,263,258,bronze,board
2023,hangzhou,2023-icpc-hz-302-team,上海电机学院,上海电机之星,张德辉|罗慧康|胡涛,1,0,3,322,272,,board
2023,hangzhou,2023-icpc-hz-303-team,上海海事大学,我推的难铜,姜添翼|蒋玮杰|魏钰鑫,1,0,3,314,266,bronze,board
2023,hangzhou,2023-icpc-hz-304-team,上海海洋大学,想想布鲁特福斯怎么做,何禹喧|徐华源|林暄远,1,0,5,617,95,silver,board
2023,hangzhou,2023-icpc-hz-305-team,上海交通大学,星尘幻想,张景博|胡豪达|范晓泽,1,0,6,642,25,gold,board
2023,hangzhou,2023-icpc-hz-306-team,上海交通大学,涡状银河,刘泳霖|戴之恒|李青峰,1,0,6,678,28,gold,board
2023,hangzhou,2023-icpc-hz-307-team,上海交通大学,蒸蒸日上,吴之琛|曹倍铭|赵鹏宏,1,0,5,616,93,silver,board
2023,hangzhou,2023-icpc-hz-308-team,上海交通大学,逆命,张建军|张明驰|杨宗翰,1,0,7,786,10,gold,board
2023,hangzhou,2023-icpc-hz-309-team,上海科技大学,以上成绩全部无效,俞喆川|杨子烆|钱靖,1,0,5,787,130,silver,board
2023,hangzhou,2023-icpc-hz-310-team,上海理工大学,安云染街 客语佳辰,吴佳霖|张皓宇|董柯演,1,0,5,674,109,silver,board
2023,hangzhou,2023-icpc-hz-311-team,韶关学院,我看队友打代码,周亚男|康丁魁|林日清,1,0,2,242,377,,board
2023,hangzhou,2023-icpc-hz-312-team,绍兴文理学院,破晓,吴慧一|范康鑫|郑柏成,1,0,4,1092,245,bronze,board
2023,hangzhou,2023-icpc-hz-313-team,绍兴文理学院元培学院,菜地卷狗,叶其浩|吴俊楠|张益恒,1,0,1,110,423,,board
2023,hangzhou,2023-icpc-hz-314-team,绍兴文理学院元培学院,明日香,戴治成|谢正韬|陈舒怡,1,0,1,37,417,,board
2023,hangzhou,2023-icpc-hz-315-team,深圳北理莫斯科大学,拽姐带带我,王司晨|荣钰洁,1,0,4,741,230,bronze,board
2023,hangzhou,2023-icpc-hz-316-team,深圳大学,Ave Mujica,曹婉楠|陈俊明|陈婷,1,0,5,990,151,bronze,board
2023,hangzhou,2023-icpc-hz-317-team,深圳大学,SZU_NicklausWirth,雷昀珂|黄亮铭|龙睿志,1,0,3,493,332,,board
2023,hangzhou,2023-icpc-hz-318-team,深圳大学,SZU_HuiFei,佘洽聪|吴岱琳|王荟斐,1,0,4,725,227,bronze,board
2023,hangzhou,2023-icpc-hz-319-team,深圳大学,拉莱耶波子水442,何元捷|张艺轩|郑博瀚,0,0,5,666,,,board
2023,hangzhou,2023-icpc-hz-320-team,深圳技术大学,SZTU_小呆猫猫,林泽扬|潘键颖|黄瑛琪,1,0,5,695,117,silver,board
2023,hangzhou,2023-icpc-hz-321-team,沈阳化工大学,别挡我的路,全梦翔|吴少荣|王新铭,1,0,3,315,267,bronze,board
2023,hangzhou,2023-icpc-hz-322-team,石家庄铁道大学,fLoWerS,李天宇|王垚|申世铎,1,0,1,197,427,,board
2023,hangzhou,2023-icpc-hz-323-team,四川大学,树上莫队,刘却桓|朱奕杰|黄云垄,1,0,5,364,51,silver,board
2023,hangzhou,2023-icpc-hz-324-team,四川大学,雨,丁宗康|尹人令|王鹏超,1,0,5,526,69,silver,board
2023,hangzhou,2023-icpc-hz-325-team,四川大学,铜境无敌越境伐上,张博成|张梓浩|钟诚,1,0,5,1163,159,bronze,board
2023,hangzhou,2023-icpc-hz-326-team,苏州大学,做AC梦,于韬|梅育彰|郑智文,1,0,2,277,384,,board
2023,hangzhou,2023-icpc-hz-327-team,苏州大学,家人们早八谁懂啊,姜涛|蔡福临|陈灵波,1,0,3,509,336,,board
2023,hangzhou,2023-icpc-hz-328-team,苏州大学,Blowback,周骁逸|王宇轩|简嘉瑶,1,0,5,579,80,silver,board
2023,hangzhou,2023-icpc-hz-329-team,苏州科技大学,雨霖铃,林凯伦|牟其霖|韩守坤,1,0,3,472,326,,board
2023,hangzhou,2023-icpc-hz-330-team,台州学院,沧浪之水--为梦而战,任敏浩|孙宇飞|陈景钧,1,0,5,612,92,silver,board
2023,hangzhou,2023-icpc-hz-331-team,台州学院,别垂头丧气,柯豪|瞿柏铖|陆嘉,1,0,4,630,212,bronze,board
2023,hangzhou,2023-icpc-hz-332-team,太原理工大学,AC中,程俊鑫|荀思杰|许星宇,1,0,2,453,409,,board
2023,hangzhou,2023-icpc-hz-333-team,天津大学,原神、道和篮球,李国鸿|许哲诚|陈晟骞,1,0,5,620,96,silver,board
2023,hangzhou,2023-icpc-hz-334-team,天津大学,气球批发队,安玺儒|庄瀚镕|蒋锐,1,0,5,558,74,silver,board
2023,hangzhou,2023-icpc-hz-335-team,天津大学,铜的三次方,王永峰|赵海川|陈市,1,0,2,380,399,,board
2023,hangzhou,2023-icpc-hz-336-team,天津理工大学,100.7进尾杀，优势在我,刘潇迪|成冰阳|白佳明,1,0,2,443,408,,board
2023,hangzhou,2023-icpc-hz-337-team,天元公学·杭州蕙兰未来科技城学校,Leandent零点,岑禹希|杨子一|翟钧麟,0,0,2,633,,,board
2023,hangzhou,2023-icpc-hz-338-team,天元公学·杭州蕙兰未来科技城学校,为千江月找万山日,姚崇宇|陈铭硕|黄天轶,0,0,3,212,,,board
2023,hangzhou,2023-icpc-hz-339-team,同济大学,长日将尽,储德明|姜梓恒|朱泽凯,1,0,6,1010,44,gold,board
2023,hangzhou,2023-icpc-hz-340-team,同济大学,本来挺喜欢ACM的,刘依扬|孙治弘|张乐天,1,0,5,399,52,silver,board
2023,hangzhou,2023-icpc-hz-341-team,同济大学,WA真的是你啊,夏思恺|张博文|汪清濯,1,0,4,531,191,bronze,board
2023,hangzhou,2023-icpc-hz-342-team,潍坊学院,此处无队名,刘圣洋|刘战|徐力杰,1,0,2,412,405,,board
2023,hangzhou,2023-icpc-hz-343-team,温州大学,超有意义队,张宇濠|毛烨超|莫皓翔,1,0,3,317,270,bronze,board
2023,hangzhou,2023-icpc-hz-344-team,温州大学,猫娘特工队,卢忠正|卢恒煜|黄力垚,1,0,2,357,396,,board
2023,hangzhou,2023-icpc-hz-345-team,温州大学,温大二队,张世杰|朱怿翔|杨德曙,1,0,3,268,260,bronze,board
2023,hangzhou,2023-icpc-hz-346-team,武汉大学,背水一战,卢凯宾|水熙锐|谷嘉良,1,0,6,660,26,gold,board
2023,hangzhou,2023-icpc-hz-347-team,武汉大学,revenge fire,李澍|熊师飏|赵天毅,1,0,5,516,68,silver,board
2023,hangzhou,2023-icpc-hz-348-team,武汉大学,单身十年换金牌,张涵|潘非|黄子君,1,0,5,764,127,silver,board
2023,hangzhou,2023-icpc-hz-349-team,武汉工程大学,珊瑚宫心海,夏楷耀|彭真|徐威,1,0,2,346,394,,board
2023,hangzhou,2023-icpc-hz-350-team,武汉科技大学,再取一年真经,张子亮|朱俊杰|樊景文,1,0,4,460,181,bronze,board
2023,hangzhou,2023-icpc-hz-351-team,武汉理工大学,！动起，神原,曹予严|邹昊天|陈华思源,1,0,2,166,362,,board
2023,hangzhou,2023-icpc-hz-352-team,武汉理工大学,幻想乡旅行团,刘泽宇|巫殷凯|胡书诚,1,0,5,818,136,bronze,board
2023,hangzhou,2023-icpc-hz-353-team,武汉理工大学,深海古代鱼,侯哲昊|朱振傲|闫卢昊,1,0,8,1381,7,gold,board
2023,hangzhou,2023-icpc-hz-354-team,武汉商学院,线段树维护图上DP网络流自动机,熊子豪|贾锐哲|魏翔,1,0,2,592,415,,board
2023,hangzhou,2023-icpc-hz-355-team,厦门大学,恋剖分剖恋,邱佳伟|陈一鸣|黄凯佳,1,0,5,916,148,bronze,board
2023,hangzhou,2023-icpc-hz-356-team,厦门大学,点分治分点,周正|徐铭逸|邹品聪,1,0,5,631,103,silver,board
2023,hangzhou,2023-icpc-hz-357-team,厦门大学嘉庚学院,asdadasd,张申庚|陆淳杰|黄振豪,1,0,3,202,249,bronze,board
2023,hangzhou,2023-icpc-hz-358-team,厦门理工学院,理工路600号,张子漠|林耿哲|黄鸿,1,0,5,1050,153,bronze,board
2023,hangzhou,2023-icpc-hz-359-team,西安电子科技大学,超额剩余价值,何贯中|蒋叶桢|陈俊丞,1,0,5,864,142,bronze,board
2023,hangzhou,2023-icpc-hz-360-team,西安电子科技大学,队名是啥,朱星宇|王靖恒|黄旭,1,0,5,678,111,silver,board
2023,hangzhou,2023-icpc-hz-361-team,西安电子科技大学,夜之向日葵,俞凯嘉|刘畅|张益伟,1,0,2,242,377,,board
2023,hangzhou,2023-icpc-hz-362-team,西安电子科技大学,红枣树,孙振元|胡宇航|赵人毅,1,0,3,214,252,bronze,board
2023,hangzhou,2023-icpc-hz-363-team,西安交通大学,一千四光年之外,张宝升|方亦晨|黄万平,1,0,5,857,141,bronze,board
2023,hangzhou,2023-icpc-hz-364-team,西安交通大学,天狼星的心脏,刘一可|洪家庆|许孜诚,1,0,5,608,91,silver,board
2023,hangzhou,2023-icpc-hz-365-team,西安交通大学,现在需要一个队伍名,曹思宇|杨丰源|胡扬帆,1,0,5,1138,156,bronze,board
2023,hangzhou,2023-icpc-hz-366-team,西安交通大学,写都写了，交一发吧,周品良|杨一帆|贺睿杰,1,0,5,509,66,silver,board
2023,hangzhou,2023-icpc-hz-367-team,西安理工大学,神秘的力量,胡沛玮|金钰奇|马铭源,1,0,5,876,147,bronze,board
2023,hangzhou,2023-icpc-hz-368-team,西安邮电大学,思考了很久，还是决定出国啦,刘嘉戎|周剑鑫|贾若非,1,0,3,447,322,,board
2023,hangzhou,2023-icpc-hz-369-team,西北大学,打铁转生，在区域赛要拿出真本事,叶嘉宁|田朕铭|郭子威,1,0,4,588,203,bronze,board
2023,hangzhou,2023-icpc-hz-370-team,西北工业大学,亿烟丁真，鉴定为：王源剩太多导致的,刘伟业|吴优|郝春博,1,0,4,632,213,bronze,board
2023,hangzhou,2023-icpc-hz-371-team,西北工业大学,蒸羊羔蒸鹿尾烧花鸭烧雏鸡烧子鹅卤煮卤鸭酱鸡腊肉松花小肚晾肉香肠,要凌峰|陈玟|马修远,1,0,3,253,257,bronze,board
2023,hangzhou,2023-icpc-hz-372-team,西北工业大学,往生堂,梁乐彬|莫人兆|邹嘉豪,1,0,3,129,246,bronze,board
2023,hangzhou,2023-icpc-hz-373-team,西北工业大学,就在今天,张煜森|杨莫凡|罗强,1,0,4,570,197,bronze,board
2023,hangzhou,2023-icpc-hz-374-team,西北农林科技大学,被抛弃的野孩子不配拿牌子,吴晨阳|李佐彤|贺浩轩,1,0,2,153,360,,board
2023,hangzhou,2023-icpc-hz-375-team,西藏民族大学,秦汉1,何鑫桂|姚明博|黄恩典,1,0,0,0,435,,board
2023,hangzhou,2023-icpc-hz-376-team,西湖大学,西湖,朱睿辰|沈皓天|贾熠飞,1,0,3,329,275,,board
2023,hangzhou,2023-icpc-hz-377-team,西南财经大学,旅行者,来冠男|杨文昊|王俊超,1,0,5,399,52,silver,board
2023,hangzhou,2023-icpc-hz-378-team,西南大学,AutoC++,傅祥斌|徐畅|马博涵,1,0,5,545,72,silver,board
2023,hangzhou,2023-icpc-hz-379-team,西南交通大学,公主殿下后卫队,毛锦阳|谢承志|陈凯南,1,0,5,793,132,silver,board
2023,hangzhou,2023-icpc-hz-380-team,西南交通大学,花,王翔宇|蔡新洁|马杰成,1,0,3,389,301,,board
2023,hangzhou,2023-icpc-hz-381-team,西南交通大学,队名啥的问他吧,徐明山|易曾晓|林嘉俊,1,0,3,567,342,,board
2023,hangzhou,2023-icpc-hz-382-team,西南科技大学,能别挂我java/计基/概率论吗,何明成|刘炅珺|游克峰,1,0,5,624,98,silver,board
2023,hangzhou,2023-icpc-hz-383-team,西南科技大学,凭阑西望，潇潇雨歇,刘鑫|张毅|黄锡恩,1,0,1,596,434,,board
2023,hangzhou,2023-icpc-hz-384-team,西南民族大学,天府大木灵,买鑫鑫|韦慧欣|龚科宇,1,0,3,678,350,,board
2023,hangzhou,2023-icpc-hz-385-team,西南石油大学,上限冠军,刘迅|张绪宸|李虹,1,0,1,67,421,,board
2023,hangzhou,2023-icpc-hz-386-team,香港城市大学,导师叫我们来打比赛,余喆涵|闫方昭|高义雄,1,0,6,570,20,gold,board
2023,hangzhou,2023-icpc-hz-387-team,香港科技大学,KUSHT,Mukhammadarif Sakhmoldin|Raiymbek Baishuak|Taimas Korganbayev,1,0,6,833,40,gold,board
2023,hangzhou,2023-icpc-hz-388-team,香港中文大学（深圳）,新生,江璘鋆|范正炜|赵若森,1,0,2,168,363,,board
2023,hangzhou,2023-icpc-hz-389-team,香港中文大学（深圳）,稳中向好,刘戴乐|梁骆城|邵辰航,1,0,4,621,209,bronze,board
2023,hangzhou,2023-icpc-hz-390-team,香港中文大学（新加坡）,他命题又参赛，保研原神实验室,忙秋阳|林一诺|郭青硕,0,0,6,736,,,board
2023,hangzhou,2023-icpc-hz-391-team,香港中文大學,麥當勞5G炸雞,姜宣丞|衛家熙|黃梓謙,1,0,6,617,23,gold,board
2023,hangzhou,2023-icpc-hz-392-team,香港中文大學,逆命,吳有孚|袁樂勤|謝昶豪,1,0,5,334,48,silver,board
2023,hangzhou,2023-icpc-hz-393-team,香港中文大學,準備搖滾,張譯丰|翁澤輝|鍾懷哲,1,0,3,320,271,,board
2023,hangzhou,2023-icpc-hz-394-team,湘潭大学,Dream Ntt,万鑫|彭蔚祺|魏志高,1,0,5,969,150,bronze,board
2023,hangzhou,2023-icpc-hz-395-team,湘潭大学,Tomato,卓越|叶祖晨|贺正高,1,0,3,336,277,,board
2023,hangzhou,2023-icpc-hz-396-team,新疆大学,求求了赏个铜吧,夏清伟|郑淇耀|韩锦豪,1,0,3,407,306,,board
2023,hangzhou,2023-icpc-hz-397-team,新疆大学,OI学弟带带我,孟小芃|张立|欧力铭,1,0,3,523,338,,board
2023,hangzhou,2023-icpc-hz-398-team,信阳农林学院,脑洞大爆炸,张金阳|胡嘉兴|赵旨政,1,0,4,660,218,bronze,board
2023,hangzhou,2023-icpc-hz-399-team,烟台大学,在大大的ICPC里WA呀WA呀WA,李嘉豪|王圣喆|王玉浩,1,0,2,179,365,,board
2023,hangzhou,2023-icpc-hz-400-team,亦赋量化,听完彭博大神直播课来看看能拿什么牌,叶梓成|李彦奎|陈诗翰,0,0,6,707,,,board
2023,hangzhou,2023-icpc-hz-401-team,云南大学,穿越之我在太空,刘力铮|周志昊|高凌豪,1,0,3,343,282,,board
2023,hangzhou,2023-icpc-hz-402-team,长安大学,可达鸭今天什么都吃,刘文越|安天宇|郑程浩,1,0,3,401,305,,board
2023,hangzhou,2023-icpc-hz-403-team,长春理工大学,杭州游,庾艺馨|李澹|郎震,1,0,3,752,352,,board
2023,hangzhou,2023-icpc-hz-404-team,长沙理工大学,终旅,周杨涛|彭烨青|辜湘利,1,0,5,492,63,silver,board
2023,hangzhou,2023-icpc-hz-405-team,肇庆学院,北岭山下信步,林仙|洪兆宇|谢信基,1,0,3,238,255,bronze,board
2023,hangzhou,2023-icpc-hz-406-team,浙大城市学院,夜曲一响……,代泽民|郭申申|高翔历,1,0,3,494,333,,board
2023,hangzhou,2023-icpc-hz-407-team,浙大城市学院,爱丽丝的茶话会,张洋鸣|潘宇昊|鲁俊杰,1,0,3,323,273,,board
2023,hangzhou,2023-icpc-hz-408-team,浙大城市学院,星辰雨,方韬瑜|楼晨|沈昕哲,1,0,6,738,35,gold,board
2023,hangzhou,2023-icpc-hz-409-team,浙大城市学院,f1rst d4nce,孙梓轩|宫辰烨|杨宇轩,1,0,3,499,335,,board
2023,hangzhou,2023-icpc-hz-410-team,浙大宁波理工学院,快乐猫不快乐,叶浩杰|陈湘铭|黄炘,1,0,3,432,319,,board
2023,hangzhou,2023-icpc-hz-411-team,浙大宁波理工学院,大橘.exe未响应,方晨|涂荣基|胡铭,1,0,5,604,88,silver,board
2023,hangzhou,2023-icpc-hz-412-team,浙江财经大学,令人愉悦XCPC，我大概一生都不会忘了你吧,叶国钊|张宏剑|朱新宇,1,0,5,833,138,bronze,board
2023,hangzhou,2023-icpc-hz-413-team,浙江财经大学,寒星孤月,冯裕钵|徐海天|陈启亮,1,0,4,583,202,bronze,board
2023,hangzhou,2023-icpc-hz-414-team,浙江工商大学,咱们弎plus,傅昕禾|柳程|王恩宇,1,0,2,269,382,,board
2023,hangzhou,2023-icpc-hz-415-team,浙江工商大学,噫叁柒陆,刘嘉炜|刘晨鑫|李力超,1,0,3,467,325,,board
2023,hangzhou,2023-icpc-hz-416-team,浙江工商大学,宝宝巴士,孙梦思|胡晨瑜|袁嘉,1,0,3,396,302,,board
2023,hangzhou,2023-icpc-hz-417-team,浙江工商大学杭州商学院,树下猫猫虫,杨雪伊|王智健|邓嘉赫,1,0,0,0,435,,board
2023,hangzhou,2023-icpc-hz-418-team,浙江工业大学,苦思冥想,张济威|蒋瑞丰|陈信言,1,0,5,674,109,silver,board
2023,hangzhou,2023-icpc-hz-419-team,浙江工业大学,无翼鸾冕,叶瑞阳|罗志炜|陈泓睿,1,0,6,604,22,gold,board
2023,hangzhou,2023-icpc-hz-420-team,浙江工业大学,灵光乍现,徐洋|江银|赵恺捷,1,0,5,1157,158,bronze,board
2023,hangzhou,2023-icpc-hz-421-team,浙江工业大学,ZJUT6,朱家辉|虞锴宸|郭歆雨,1,0,4,790,236,bronze,board
2023,hangzhou,2023-icpc-hz-422-team,浙江工业大学之江学院,今天要干亿碗饭,何治强|朱楠|黄行健,1,0,3,497,334,,board
2023,hangzhou,2023-icpc-hz-423-team,浙江广厦建设职业技术大学,东阳市老年开放大学1队,余瑞|张皓杰|麦文鹏,1,0,4,812,239,bronze,board
2023,hangzhou,2023-icpc-hz-424-team,浙江机电职业技术学院,机电八队,余晨睿|张旭锋|洪志伦,1,0,4,622,210,bronze,board
2023,hangzhou,2023-icpc-hz-425-team,浙江金华第一中学,再强没有xtq,汪致远|赵晟昊|黄建恒,0,0,7,1016,,,board
2023,hangzhou,2023-icpc-hz-426-team,浙江金融职业学院,我文盲呀老师,吕艾尔|朱佳辉|金汝霖,1,0,1,65,420,,board
2023,hangzhou,2023-icpc-hz-427-team,浙江警官职业学院,摸到铜即是胜利✌,戚伊梅|朱嘉琪|陈仁宁,1,0,0,0,435,,board
2023,hangzhou,2023-icpc-hz-428-team,浙江科技学院,咸鱼干,叶佳俊|郭锦涛|项锦鹏,1,0,3,761,353,,board
2023,hangzhou,2023-icpc-hz-429-team,浙江科技学院,djwcb,梁展博|范思哲|陶俊,1,0,5,659,107,silver,board
2023,hangzhou,2023-icpc-hz-430-team,浙江理工大学,签到：从样例到罚时,卢一鸣|江子豪|陈宏毅,1,0,3,178,247,bronze,board
2023,hangzhou,2023-icpc-hz-431-team,浙江理工大学,小喷菇喷喷大喷菇咕咕咕,余首荣|姜楠|干佳立,1,0,3,329,275,,board
2023,hangzhou,2023-icpc-hz-432-team,浙江农林大学,在区域赛寻求AC是否搞错了什么,崔嘉屹|杨一郎|章心阳,1,0,3,435,320,,board
2023,hangzhou,2023-icpc-hz-433-team,浙江农林大学,夜的命名术,杨悦|章宇科|金沈扬,1,0,3,303,264,bronze,board
2023,hangzhou,2023-icpc-hz-434-team,浙江农林大学,⑨这样吧,王啸洋|饶雁|黄炫榕,1,0,2,320,391,,board
2023,hangzhou,2023-icpc-hz-435-team,浙江农林大学暨阳学院,蟒蛇仙草咖啡馆,姜梓堉|张启琛|朱新捷,1,0,5,631,103,silver,board
2023,hangzhou,2023-icpc-hz-436-team,浙江师范大学,白洞、白色的明天在等着我们,张煜|章可仲|郑可,1,0,5,549,73,silver,board
2023,hangzhou,2023-icpc-hz-437-team,浙江师范大学,羊村王中王,嵇纹垲|林宸|陈炯荣,1,0,5,598,82,silver,board
2023,hangzhou,2023-icpc-hz-438-team,浙江师范大学,天上飞来一只猪,俞天琦|周启旋|朱晨峰,1,0,5,602,86,silver,board
2023,hangzhou,2023-icpc-hz-439-team,浙江师范大学,ZJNU_CodeGPT,丁逸飞|王乐琦|郑依佳,1,0,3,369,291,,board
2023,hangzhou,2023-icpc-hz-440-team,浙江万里学院,彻夜之歌,何丰毅|王力澜|蒋杨泽,1,0,1,62,418,,board
2023,hangzhou,2023-icpc-hz-441-team,浙江万里学院,原来你们都是原神高手,俞思远|周启鸿|竺夏,1,0,5,439,57,silver,board
2023,hangzhou,2023-icpc-hz-442-team,浙江育英职业技术学院,育英10086队,卢颖|张杨晨昱|徐诚翰,1,0,3,383,300,,board
2023,hangzhou,2023-icpc-hz-443-team,浙江中医药大学,胖头切丁味更佳,丁陈晨|梁禹|贺佳,1,0,2,387,401,,board
2023,hangzhou,2023-icpc-hz-444-team,浙江中医药大学,重生之我是原神高手,余成曙|冯致远|金理宏,1,0,2,282,386,,board
2023,hangzhou,2023-icpc-hz-445-team,郑州大学,绝体绝命,古晨峰|赵圣元|邱宇,1,0,4,421,172,bronze,board
2023,hangzhou,2023-icpc-hz-446-team,郑州轻工业大学,VP Master,司传钊|赵永斌|郑皓阳,1,0,3,369,291,,board
2023,hangzhou,2023-icpc-hz-447-team,郑州升达经贸管理学院,捌玖拾,张佳新|张淏|王已卓,1,0,1,128,424,,board
2023,hangzhou,2023-icpc-hz-448-team,中北大学,"银牌: 队长 cos maple, 原神 考研, 小丑 acm 烧烤;",原宇博|王俊伟|蒋嬴兆,1,0,3,427,315,,board
2023,hangzhou,2023-icpc-hz-449-team,中国传媒大学,打铁两年半的练习生,李明|李瑾熠|袁震,1,0,2,254,380,,board
2023,hangzhou,2023-icpc-hz-450-team,中国地质大学（北京）,不会dp,徐胜铭|李长祥|焦铭扬,1,0,4,696,223,bronze,board
2023,hangzhou,2023-icpc-hz-451-team,中国地质大学（北京）,AC，启动！,曾子尧|许桥飞|陈佳豪,1,0,4,582,201,bronze,board
2023,hangzhou,2023-icpc-hz-452-team,中国地质大学（武汉）,白色基地,孟华龙|强天行|王学海,1,0,3,378,295,,board
2023,hangzhou,2023-icpc-hz-453-team,中国海洋大学,西游记之大错归来,崔同航|梁方洲|许传銮,1,0,1,173,426,,board
2023,hangzhou,2023-icpc-hz-454-team,中国计量大学,TB浪子,刘子杭|张民权|陈敏,1,0,4,467,184,bronze,board
2023,hangzhou,2023-icpc-hz-455-team,中国计量大学,(c102)不AC就會入夜狂飆(GenShin Impart)[Chinese],许波波|陈家齐|陈忠鹏,1,0,2,194,367,,board
2023,hangzhou,2023-icpc-hz-456-team,中国计量大学现代科技学院,燃烧你的梦,叶浩|徐建博|郑景元,1,0,3,337,279,,board
2023,hangzhou,2023-icpc-hz-457-team,中国科学技术大学,调查兵团,朱晨曦|蔡俊成|高雍涵,1,0,5,788,131,silver,board
2023,hangzhou,2023-icpc-hz-458-team,中国科学技术大学,丝路市西套村代表队,周翟恩和|洪文杰|郭一航,1,0,7,728,8,gold,board
2023,hangzhou,2023-icpc-hz-459-team,中国科学技术大学,cls,阎昶澍|陈聆祎|陈骆鑫,1,0,6,662,27,gold,board
2023,hangzhou,2023-icpc-hz-460-team,中国科学技术大学,Firezox,周瓯翔|方驰正|陈卫星,1,0,5,312,47,silver,board
2023,hangzhou,2023-icpc-hz-461-team,中国科学院大学,啥,吕安哲|尤俊翔|石曜铭,1,0,3,363,289,,board
2023,hangzhou,2023-icpc-hz-462-team,中国科学院大学,原神，启动,唐睿|胡格致|黄铮舸,1,0,4,575,198,bronze,board
2023,hangzhou,2023-icpc-hz-463-team,中国科学院大学,十一万四千五百一十四维介质,楼云韬|粟昱龙|许天祺,1,0,4,753,232,bronze,board
2023,hangzhou,2023-icpc-hz-464-team,中国科学院大学,杭州摆烂旅游团,刘传|董翰元|钱晨,1,0,3,481,328,,board
2023,hangzhou,2023-icpc-hz-465-team,中国矿业大学,宇宙兄弟,严川浙|吴仰喆|肖永烨,1,0,2,313,389,,board
2023,hangzhou,2023-icpc-hz-466-team,中国矿业大学（北京）,宇宙究极无敌龙神变身,杨文强|罗炳淳|雷杰淙,1,0,2,429,407,,board
2023,hangzhou,2023-icpc-hz-467-team,中国民航大学,想与写与蛙,孔子豪|崔凌宵|陆浩楠,1,0,4,810,238,bronze,board
2023,hangzhou,2023-icpc-hz-468-team,中国农业大学,原来农专也能打ACM,张正博|王郑乐|陈孜治,1,0,1,362,432,,board
2023,hangzhou,2023-icpc-hz-469-team,中国人民大学,旋涡,张宇衡|胡博文|陈礼邦,1,0,3,195,248,bronze,board
2023,hangzhou,2023-icpc-hz-470-team,中国石油大学（北京）,我当个石油工人,宋家乐|林昱辰|肖金雪,1,0,1,80,422,,board
2023,hangzhou,2023-icpc-hz-471-team,中国石油大学（华东）,中石大1988,于梓萱|周昊|娄永康,1,0,4,556,195,bronze,board
2023,hangzhou,2023-icpc-hz-472-team,中南大学,我吃麦当劳,何炳琨|吕飞扬|马思博,1,0,4,454,178,bronze,board
2023,hangzhou,2023-icpc-hz-473-team,中南大学,你若安好便是AC,余润霖|李明业|黄博言,1,0,3,525,339,,board
2023,hangzhou,2023-icpc-hz-474-team,中南大学,Ciallo_World,朱天乐|李渔|高雨涵,1,0,5,655,105,silver,board
2023,hangzhou,2023-icpc-hz-475-team,中南民族大学,温柔换不来温柔,刘时胜|项升辉|高俊杰,1,0,4,688,222,bronze,board
2023,hangzhou,2023-icpc-hz-476-team,中南民族大学,起名废物队,庞彪|张皓博|连煜博,1,0,2,321,392,,board
2023,hangzhou,2023-icpc-hz-477-team,中山大学,中山大学_破晓之旅,刘志源|古鸣浩|赵肖睿,1,0,6,603,21,gold,board
2023,hangzhou,2023-icpc-hz-478-team,中山大学,中山大学_testWA,王泓皓|罗金浩|陈峻宇,1,0,5,772,128,silver,board
2023,hangzhou,2023-icpc-hz-479-team,中山大学,中山大学_教练我想拿金牌,吴景图|梁梓豪|欧梓洋,1,0,6,1076,46,silver,board
2023,hangzhou,2023-icpc-hz-480-team,中山大学,中山大学_天选打工人,吴明禹|肖淇|韩冠东,1,0,5,599,85,silver,board
2023,hangzhou,2023-icpc-hz-481-team,仲恺农业工程学院,必拿下！,徐铮|李浩|费奕霖,1,0,2,280,385,,board
2023,hangzhou,2023-icpc-hz-482-team,周口师范学院,神里绫华,买琮文|刘博|贾文婷,1,0,5,471,62,silver,board
2023,hangzhou,2023-icpc-hz-483-team,杭州师范大学附属未来科技城学校,孤勇者,单均浩|唐铭泽,0,0,5,806,,,board
2023,macau,199,City University of Hong Kong,Kowloon Town MMW,,1,0,3,722,38,bronze,board
2023,macau,200,City University of Hong Kong,"GenCow, activate!",,1,0,2,403,51,,board
2023,macau,201,City University of Macau,Schale,,1,0,0,0,71,,board
2023,macau,202,City University of Macau,Perfect Jam,,1,0,0,0,71,,board
2023,macau,203,Hong Kong Baptist University,HKBU,,1,0,6,718,8,gold,board
2023,macau,204,Hong Kong Polytechnic University,Ichikawa Tobacco,,1,0,6,989,12,silver,board
2023,macau,205,Hong Kong University of Science and Technology,HKUST1,,1,0,4,931,28,bronze,board
2023,macau,206,Hong Kong University of Science and Technology,HKUST2,,1,0,2,505,53,,board
2023,macau,207,The Chinese University of Hong Kong,HKOI 0,,1,0,7,1088,5,gold,board
2023,macau,208,The Chinese University of Hong Kong,Android Package,,1,0,0,0,71,,board
2023,macau,209,University of Hong Kong,Better rua turtle,,1,0,3,550,34,bronze,board
2023,macau,210,University of Hong Kong,huawei 15 pro max,,1,0,6,632,7,gold,board
2023,macau,211,University of Macau,1 submission 1 accepted,,1,0,0,0,71,,board
2023,macau,212,University of Macau,Dinosaur_with_icyflame,,1,0,3,647,35,bronze,board
2023,macau,213,University of Macau,op brings me confidence,,1,0,1,264,66,,board
2023,macau,214,Beihang University,"Cute Red, Meow",,1,0,4,753,26,bronze,board
2023,macau,215,Beihang University,It's Now or Never,,1,0,6,801,9,silver,board
2023,macau,216,"Beijing Institute of Technology, Zhuhai",Dawn,,1,0,2,479,52,,board
2023,macau,217,Beijing Normal University - Hong Kong Baptist University United International College,uic.icu,,1,0,2,558,55,,board
2023,macau,218,Beijing University of Posts and Telecommunications,nepenthe,,1,0,5,739,19,silver,board
2023,macau,219,Changsha University of Science and Technology,water drop,,1,0,2,262,43,bronze,board
2023,macau,220,Changshu Institute of Technology,CCZ,,1,0,1,337,68,,board
2023,macau,221,Dongguan University of Technology,Are you OK?,,1,0,3,874,39,bronze,board
2023,macau,222,Foshan University,Remake,,1,0,1,161,60,,board
2023,macau,223,Fuzhou University,SWDP,,1,0,5,803,21,silver,board
2023,macau,224,Guangdong Medical University,CodeCrushers,,1,0,0,0,71,,board
2023,macau,225,GuangDong Polytechnic Normal University,GPNU-1,,1,0,1,58,57,,board
2023,macau,226,Guangdong University of Technology,GDUT_Sleeping is the most comfortable,,1,0,3,462,32,bronze,board
2023,macau,227,Guilin University of Electronic Technology,None,,1,0,2,384,50,,board
2023,macau,228,Hangzhou Dianzi University,Iron Law of Original Porridge,,1,0,7,1106,6,gold,board
2023,macau,229,Harbin Engineering University,Nanami gets 0721 penalty due to Genshin,,1,0,5,773,20,silver,board
2023,macau,230,Harbin Engineering University,Boatman no dream mechanical design,,1,0,2,311,46,bronze,board
2023,macau,231,Harbin Institute of Technology,Dolls in Pseudo Paradise,,1,0,7,1048,4,gold,board
2023,macau,232,Harbin Institute of Technology at Shenzhen,Elderly Travel Agency,,1,0,4,785,27,bronze,board
2023,macau,233,Harbin Institute of Technology at Weihai,Epilogue of Winter,,1,0,1,220,64,,board
2023,macau,234,Harbin Institute of Technology at Weihai,fufu Fans,,1,0,1,453,70,,board
2023,macau,235,Harbin University of Science and Technology at Rongcheng,penguin,,1,0,1,239,65,,board
2023,macau,236,Huazhong University of Science and Technology,CATS,,1,0,2,156,41,bronze,board
2023,macau,237,Huazhong University of Science and Technology,The ACMer I Push,,1,0,2,332,48,bronze,board
2023,macau,238,Huizhou University,The nest of the goldfinch,,1,0,0,0,71,,board
2023,macau,239,Jiangsu University of Technology,Loading...,,1,0,0,0,71,,board
2023,macau,240,NANFANG College at Guangzhou,Fury,,1,0,0,0,71,,board
2023,macau,241,Nanjing University of Aeronautics and Astronautics,"We can get AU, but can't get NPY",,1,0,6,1093,13,silver,board
2023,macau,242,National University of Mongolia,NUM-TCHT,,1,0,4,562,24,silver,board
2023,macau,243,Neusoft Institute Guangdong,Coloring the snow,,1,0,0,0,71,,board
2023,macau,244,Northeastern University at Qinhuangdao,"let's go ,icpc!",,1,0,1,216,63,,board
2023,macau,245,Northwestern Polytechnical University,Wangshengtang,,1,0,4,574,25,bronze,board
2023,macau,246,Peking University,How to write tui in tuixueshenqing?,,1,0,9,1443,1,gold,board
2023,macau,247,Renmin University of China,Fu DanDongliang,,1,0,1,62,58,,board
2023,macau,248,Shandong Institute of Petroleum and Chemical Technology,Ten years single exchange of a place,,1,0,0,0,71,,board
2023,macau,249,Shandong University,lit. posing for a rotten team,,1,0,2,110,40,bronze,board
2023,macau,250,"Shandong University, Weihai",Arknights Traversing,,1,0,3,701,36,bronze,board
2023,macau,251,Shanghai Jiao Tong University,Haruhi Kage,,1,0,6,1198,15,silver,board
2023,macau,252,Shanghai University,TS10D FT7D,,1,0,3,497,33,bronze,board
2023,macau,253,Shanxi University,DropletSky,,1,0,1,43,56,,board
2023,macau,254,Shenzhen Technology University,SZTU_Ataglance,,1,0,1,446,69,,board
2023,macau,255,Shenzhen University,SZU_NicklausWirth,,1,0,2,344,49,,board
2023,macau,256,Sichuan University,SILENT BLUE,,1,0,5,711,17,silver,board
2023,macau,257,Software Engineering Institute of Guangzhou,O.o,,1,0,0,0,71,,board
2023,macau,258,South China Agricultural University,SCAU_3,,1,0,3,719,37,bronze,board
2023,macau,259,South China Normal University,SAC,,1,0,1,202,61,,board
2023,macau,260,South China Normal University,wide pointer,,1,0,2,327,47,bronze,board
2023,macau,261,South China University of Technology,bb84,,1,0,2,539,54,,board
2023,macau,262,"Southeast University, China",Invincible zero warrior,,1,0,1,83,59,,board
2023,macau,263,Southern University of Science and Technology,SUSTech-Tampere,,1,0,5,691,16,silver,board
2023,macau,264,Southwest Jiaotong University,Making Money Happily,,1,0,6,1108,14,silver,board
2023,macau,265,Southwest University of Science and Technology,Magic iron,,1,0,2,302,44,bronze,board
2023,macau,266,"The Chinese University of Hong Kong, Shenzhen",CUHK-SZ (TBD),,1,0,7,978,3,gold,board
2023,macau,267,"The Chinese University of Hong Kong, Shenzhen",dimension^3,,1,0,6,895,11,silver,board
2023,macau,268,Tongji University,pat angry bag,,1,0,3,443,31,bronze,board
2023,macau,269,University of Electronic Science and Technology of China,UESTC_Broforce,,1,0,5,714,18,silver,board
2023,macau,270,University of Science and Technology of China,"good good code, debug everyday",,1,0,0,0,71,,board
2023,macau,271,University of Science and Technology of China,LooksLikeGirlTeam,,1,0,6,830,10,silver,board
2023,macau,272,Wuhan University,My old dream GO!!!,,1,0,3,217,29,bronze,board
2023,macau,273,Wuhan University,I can code by myself,,1,0,5,1297,23,silver,board
2023,macau,274,Wuhan University of Technology,Team Spirit,,1,0,2,257,42,bronze,board
2023,macau,275,Xiamen University, Love Cut List Cut Love,,1,0,2,304,45,bronze,board
2023,macau,276,Xi'an Jiaotong University,The Heart of Sirius,,1,0,3,303,30,bronze,board
2023,macau,277,Xinjiang University,Idear,,1,0,1,213,62,,board
2023,macau,278,Zhejiang Gongshang University,Town's Acceptance Team,,1,0,1,317,67,,board
2023,macau,279,Zhejiang University,Prismatic Encore,,1,0,8,1260,2,gold,board
2023,macau,280,Zhongshan (Sun Yat-sen) University,SYSU_trailblazer,,1,0,5,923,22,silver,board
2023,macau,281,City University of Hong Kong,LMM Fan Club,,0,0,5,555,,,board
2023,macau,282,University of Macau,Brain Byte Blasters,,0,0,2,329,,,board
2023,macau,283,HOU KONG MIDDLE SCHOOL,climbing,,0,0,0,0,,,board
2023,macau,284,HOU KONG MIDDLE SCHOOL,KEEP GOING,,0,0,0,0,,,board
2023,macau,285,Lou Hau High School,LH001,,0,0,0,0,,,board
2023,macau,286,"PUICHING MIDDLE SCHOOL, MACAU",PCMS01,,0,0,3,733,,,board
2023,macau,287,"PUICHING MIDDLE SCHOOL, MACAU",PCMS02,,0,0,0,0,,,board
2023,macau,288,HKOI,HKOI 1,,0,0,6,801,,,board
2023,macau,289,HKOI,HKOI 2,,0,0,5,993,,,board
2023,macau,290,HKOI,HKOI 3,,0,0,3,353,,,board
2023,shenyang,3,安徽大学,众梦之聚,许钧剑|吴昌盛|龙源徽,1,0,2,120,236,,board
2023,shenyang,4,安徽工业大学,不迷路也不记路,郭政旸|孔星雨|刘嘉豪,1,0,2,241,273,,board
2023,shenyang,5,北方工业大学,好坏小姐,郑元兴|王北辰|周易,1,0,5,658,59,silver,board
2023,shenyang,6,北京大学,呆呆鸟,王蔚澄|王相文|徐安矣,1,0,9,1096,1,gold,board
2023,shenyang,7,北京大学,退学申请的退字怎么写,朱羿恺|孟煜皓|南天放,1,0,9,1102,2,gold,board
2023,shenyang,8,北京大学,大黄鸭信徒,陈知轩|孙嘉伟|张记僖,1,0,9,1341,3,gold,board
2023,shenyang,9,北京大学,我有鱼鱼症,魏琳轩|周佳仪|朱厚源,1,0,7,1014,12,gold,board
2023,shenyang,10,北京工业大学,Sis puella magica!,葛中正|易思铭|管丹辰,1,0,4,356,90,bronze,board
2023,shenyang,11,北京航空航天大学,会挽雕弓如满月,傅可树|梁钧著|马一,1,0,6,871,29,gold,board
2023,shenyang,12,北京航空航天大学,砍瓜切菜,潘天蔚|郝泽钰|刘佳睿,1,0,5,682,63,silver,board
2023,shenyang,13,北京航空航天大学,这是一场豪赌,吴昊恒|李秉翰|董雨润,1,0,6,897,31,silver,board
2023,shenyang,14,北京化工大学,异世相遇，尽享美wa,胡晋|汪孔煜|王耀,1,0,4,557,134,bronze,board
2023,shenyang,15,北京交通大学,羊羊羊,郭昱哲|夏鹤鸣|斯修远,1,0,9,1426,4,gold,board
2023,shenyang,16,北京交通大学,Default 404,杜宜宸|王君斐|高昕尧,1,0,2,92,228,,board
2023,shenyang,17,北京理工大学,仲夏夜之银牌,陈鹏宇|戴睿|李东晓,1,0,5,821,72,silver,board
2023,shenyang,18,北京理工大学,秋秋粉丝团,于瀚文|李坚辉|张程,1,0,6,773,22,gold,board
2023,shenyang,19,北京理工大学,绫波丽请你喝东北好果汁,冯宇鹏|朱俊杰|张常昊,1,0,5,573,50,silver,board
2023,shenyang,20,北京理工大学珠海学院,星火燎原,张润泽|江梓豪|蔡炆沅,1,0,4,344,86,silver,board
2023,shenyang,21,北京林业大学,Misaka·Kiana·Tankuku,周子涵|付耀刚|童湧文,1,0,3,304,173,bronze,board
2023,shenyang,22,北京师范大学,内测度,何佳文|李鼎懋|林靖轩,1,0,6,756,21,gold,board
2023,shenyang,23,北京师范大学,都报名了还要什么自行车,陈博|宋泰霖|王佳一,1,0,1,13,284,,board
2023,shenyang,24,北京邮电大学,三只蒟蒻,区庆亮|王佳禾|鲍睿钊,1,0,7,804,9,gold,board
2023,shenyang,25,北京邮电大学,再做一道就开摆,管庆涵|谭怡萱|刘昱辉,1,0,4,373,93,bronze,board
2023,shenyang,26,北京邮电大学,最佳柴郡,王骋|顾明礼|尤比佳,1,0,3,194,161,bronze,board
2023,shenyang,27,成都理工大学,对对对你说的都对,向悦帆|陈嘉怡|侯莹,1,0,1,61,288,,board
2023,shenyang,28,成都理工大学,三个灰名,刘昊琨|粟生虎|代乐顺,1,0,4,424,108,bronze,board
2023,shenyang,29,成都信息工程大学,石材古生物,戴琦程|徐世豪|林莫豪,1,0,4,565,136,bronze,board
2023,shenyang,30,成都信息工程大学,老人与海,蒋皓|黄博文|常旭海,1,0,3,199,162,bronze,board
2023,shenyang,31,大连大学,猫猫虫饼干,魏恒彬|黄禹铭|蒋文博,1,0,3,522,210,,board
2023,shenyang,32,大连大学,队长单身十年换ICPC区域赛铜牌,张逸璇|李承昊|李民豪,1,0,1,121,289,,board
2023,shenyang,33,大连东软信息学院,气氛组,刘校辰|邓文博|张轶涵,1,0,3,523,211,,board
2023,shenyang,34,大连海事大学,中街大果,周晨枫|张皓奕|王楚雷,1,0,2,98,230,,board
2023,shenyang,35,大连理工大学,二保一,陈常杰|袁振|闫希良,1,0,6,1009,37,silver,board
2023,shenyang,36,大连理工大学,三只复健小蒟蒻,徐昊天|刘兆洲|吴习哲,1,0,3,574,216,,board
2023,shenyang,37,大连理工大学,关注带工喵，关注带工谢谢喵(≧^.^≦),申永琦|潘健|欧阳东进,1,0,3,324,181,,board
2023,shenyang,38,大连理工大学盘锦校区,罚时自动机,张正阳|陈嘉佑|杨镇熙,1,0,4,770,156,bronze,board
2023,shenyang,39,电子科技大学,UESTC_扭转乾坤,郑力文|王振波|魏祥翰,1,0,4,628,148,bronze,board
2023,shenyang,40,电子科技大学,UESTC_忒修斯之船,徐以恒|吴骏驰|吕书武,1,0,4,409,101,bronze,board
2023,shenyang,41,电子科技大学,UESTC_篝月明火,彭帅康|陈奕可|李奕聪,1,0,6,603,17,gold,board
2023,shenyang,42,电子科技大学,UESTC_如名,包航|雷霖|覃子睿,1,0,5,592,52,silver,board
2023,shenyang,43,东北大学秦皇岛分校,小饼卷大葱,董淑睿|司伟业|李不凡,1,0,4,477,122,bronze,board
2023,shenyang,44,东北大学秦皇岛分校,提前下班,吴一玄|胡鸿捷|袁茂恒,1,0,4,440,110,bronze,board
2023,shenyang,45,东北电力大学,然然可爱捏,孟祥嵩|金哲|姚杰炜,1,0,0,0,290,,board
2023,shenyang,46,东北林业大学,打完就吃藤原妹红烧烤摊,郭宇涵|姚岳宸|刘宋凯,1,0,2,166,257,,board
2023,shenyang,47,东北农业大学,双萃兑百事,阎硕|谢克渊|庄原,1,0,3,372,189,,board
2023,shenyang,48,东北农业大学,重生之我们三个人跑了八个队友,宋振慈|李岩|张子杰,1,0,3,304,173,bronze,board
2023,shenyang,49,东北师范大学,RuntimeError,齐昊坤|曹勇麟|于紫洋,1,0,4,652,152,bronze,board
2023,shenyang,50,东华大学,自在飞花轻似梦,杨文杰|邵兵|李虹宇,1,0,4,593,143,bronze,board
2023,shenyang,51,东南大学,不休独舞,戚雨林|王希陶|张皓,1,0,7,979,11,gold,board
2023,shenyang,52,福建理工大学,原神启动,张山泉|刘婧茹|林舜华,1,0,3,641,219,,board
2023,shenyang,53,福建师范大学,杰尼龟快使用火箭头槌,黄城|柯培垚|夏子洋,1,0,3,244,167,bronze,board
2023,shenyang,54,福州大学,西南饺子馆,陈昊旸|邓宇凡|庄佳霖,1,0,5,449,41,silver,board
2023,shenyang,55,复旦大学,你先别急，让我调DP,陈佳鹏|何友瑭|邹畅,1,0,4,593,143,bronze,board
2023,shenyang,56,复旦大学,有密码,马成|刘皓蓝|陈可汗,1,0,8,1219,8,gold,board
2023,shenyang,57,广东工业大学,绿豆沙,林俊耿|杨子弘|肖能翔,1,0,6,966,35,silver,board
2023,shenyang,58,广东工业大学,登鲤,温俊浩|郭睿|陈威衡,1,0,3,523,211,,board
2023,shenyang,59,广东工业大学揭阳校区,GDUTJY_今天拿奖了吗,黎俊霆|罗拓展|苏嘉豪,1,0,2,141,244,,board
2023,shenyang,60,广西大学,知耻而后勇,李周详|陈松盛|李崇彰,1,0,3,374,191,,board
2023,shenyang,61,广州大学,沈阳大街秘闻录,林树沛|陈旭明|刘成,1,0,4,411,103,bronze,board
2023,shenyang,62,桂林电子科技大学,无名之辈,刘思语|汪庭浩|鲁智昊,1,0,3,211,163,bronze,board
2023,shenyang,63,国防科技大学,万有引力队,张锦霄|宋畅玮|徐照岳,1,0,3,628,217,,board
2023,shenyang,64,国防科技大学,自然选择号,亢世嘉|王子恒|吴佳英,1,0,8,1038,6,gold,board
2023,shenyang,65,哈尔滨工程大学,三只也熊,盛海洋|廖世立|郭彬,1,0,4,572,138,bronze,board
2023,shenyang,66,哈尔滨工程大学,月色真美,罗仕玮|李在熙|昝研,1,0,4,638,149,bronze,board
2023,shenyang,67,哈尔滨工业大学,玩原神玩的,祁展华|杜沛键|杨一凡,1,0,7,1116,15,gold,board
2023,shenyang,68,哈尔滨工业大学,三个不会起名的人,寒钟书|郭昕旸|李志轩,1,0,3,402,194,,board
2023,shenyang,69,哈尔滨工业大学,假嘟尊嘟,金智威|卢海琪|周书扬,1,0,4,670,153,bronze,board
2023,shenyang,70,哈尔滨工业大学（深圳）,春日霜影,梁彬|孙宇开|羊柯伍,1,0,6,941,34,silver,board
2023,shenyang,71,哈尔滨工业大学（深圳）,其实我也不是很想拿奖你真的很装,陈畅霖|勾世杰|陈昊,1,0,4,469,118,bronze,board
2023,shenyang,72,哈尔滨工业大学（威海）,帅比队长在线征婚QQ2216541094,解裕懋|曹瑞宁|戚煜,1,0,4,555,133,bronze,board
2023,shenyang,73,哈尔滨理工大学,哈理工02队SY,吕锦泽|王开纪|王令开,1,0,5,500,45,silver,board
2023,shenyang,74,哈尔滨理工大学,哈理工05队SY,李晶洋|牛梓旭|刘泽旭,1,0,4,572,138,bronze,board
2023,shenyang,75,哈尔滨理工大学,哈理工04队SY,谷圣兵|王赟昊|王曦,1,0,2,171,261,,board
2023,shenyang,76,哈尔滨商业大学,哈尔滨商业大学1队,王彬彬|葛钦凡|李恒远,1,0,4,511,128,bronze,board
2023,shenyang,77,杭州电子科技大学,对称起源,马文浩|何卓锟|胡昊,1,0,8,1155,7,gold,board
2023,shenyang,78,杭州电子科技大学,老年活动中心,黄光升|周靖凯|罗传杰,1,0,4,627,147,bronze,board
2023,shenyang,79,杭州电子科技大学,Moonlight,梅瑞贤|陈昕展|周栋,1,0,5,643,55,silver,board
2023,shenyang,80,杭州电子科技大学,急急爆炸,祝立轩|陈润澎|陈煜,1,0,5,649,57,silver,board
2023,shenyang,81,杭州师范大学,cirl c v 复制金牌,王图南|戴钒宇|童春琦,1,0,4,691,154,bronze,board
2023,shenyang,82,杭州师范大学,bitset一下就过了,杨嘉福|陈科舟|殷吴辉,1,0,4,386,97,bronze,board
2023,shenyang,83,杭州师范大学,1s能跑1e9,余家帅|戴泽耀|刘书凡,1,0,4,419,105,bronze,board
2023,shenyang,84,合肥工业大学,我笑了,张洪嘉|王熠闻|刘钧佑,1,0,2,245,274,,board
2023,shenyang,85,合肥工业大学宣城校区,Please,胡菽颖|余华安|张益,1,0,3,193,160,bronze,board
2023,shenyang,86,合肥工业大学宣城校区,炼铜术士超想首银,陆俊安|吴嘉文|张亦弛,1,0,3,305,175,,board
2023,shenyang,87,合肥学院,睡觉,孙宇|原毅凡|赵重庆,1,0,1,28,287,,board
2023,shenyang,88,河北工业大学,不拿铁就算成功,黄锦翔|张卓立|孙晶晶,1,0,2,99,231,,board
2023,shenyang,89,河海大学,给OJ写信的自动手记人偶们会理解爱的真谛吗,程诗雪|王银霜|任意,1,0,2,148,250,,board
2023,shenyang,90,河海大学,Akers,黄兆彬|吕林泽|刘洋,1,0,2,64,220,,board
2023,shenyang,91,河南大学,三铁合一铜,胡逢彬|张亚豪|赵炳凯,1,0,2,100,232,,board
2023,shenyang,92,河南工业大学,因为我已触碰过天空,张子豪|李昊阳|张鑫,1,0,4,800,157,bronze,board
2023,shenyang,93,黑龙江大学,拂晓晨辉,杨阳|张宇航|白晓博,1,0,4,476,121,bronze,board
2023,shenyang,94,衡阳师范学院,与夜色共眠,李耀|邹旺|李冀晟,1,0,4,577,141,bronze,board
2023,shenyang,95,湖南大学,渡,黄家旺|向金城|刘佰幸,1,0,4,459,114,bronze,board
2023,shenyang,96,湖南工业大学,虚无之色,陈柏伶|陈锦硕|朱翰雯,1,0,4,447,112,bronze,board
2023,shenyang,97,湖南科技大学,到沈阳指定有你好果汁吃,林圳彬|吴展鹏|刘云志,1,0,4,754,155,bronze,board
2023,shenyang,98,湖南理工学院,Triple Xor Sum,阳金里|李居航|李维逸,1,0,5,663,60,silver,board
2023,shenyang,99,湖南师范大学,栀晓,唐熙林|魏佳蕾|王万福,1,0,5,684,64,silver,board
2023,shenyang,100,华东师范大学,东方homo馆,漆宇祥|范晨阳|余东桦,1,0,6,1179,39,silver,board
2023,shenyang,101,华南理工大学,取乎其上,王文俊|李亨|钟宇超,1,0,4,328,82,silver,board
2023,shenyang,102,华南农业大学,怎么越睡越困,何勤政|陈柏祺|冯雨泽,1,0,4,410,102,bronze,board
2023,shenyang,103,华南农业大学,记得开LL,洪文浩|江峰|陈国豪,1,0,2,206,267,,board
2023,shenyang,104,华南师范大学,菜狗冲锋,刘源|曾嘉杰|卢泓钢,1,0,3,406,197,,board
2023,shenyang,105,华南师范大学,江南开摆野指针梭哈天江遨游海底直至AC,李梓健|古嘉诚|朱焕佳,1,0,4,345,87,silver,board
2023,shenyang,106,华中科技大学,糖果酱,曹翰林|赵亮亮|徐宇亮,1,0,4,379,94,bronze,board
2023,shenyang,107,华中科技大学,关注盖亚谢谢喵,刘兆硕|郭瑚瑞|万睿朋,1,0,4,618,146,bronze,board
2023,shenyang,108,华中科技大学,双爸扶,汪文卓|金城根|杨治,1,0,6,708,18,gold,board
2023,shenyang,109,华中科技大学,不管打不打实习都要旅游,冯业齐|翁哲宇|卞曜洋,1,0,5,848,73,silver,board
2023,shenyang,110,华中师范大学,借点金冲星穹铁道,王彬宇|张宏辉|曹俞欣,1,0,4,243,77,silver,board
2023,shenyang,111,华中师范大学,迷路帖,陈程|邓洁|潘芮锐,1,0,4,552,132,bronze,board
2023,shenyang,112,华中师范大学,垂死病中惊坐起,杨泽坤|张国涛|张从政,1,0,2,79,223,,board
2023,shenyang,113,吉林大学,adrnin,张智祺|乔彦博|王恕,1,0,5,811,71,silver,board
2023,shenyang,114,吉林大学,柴郡猫猫QuQ,陈铭豪|黄昌盛|李光赫,1,0,5,523,47,silver,board
2023,shenyang,115,吉林大学,Nan上加Nan,周宇恒|方涵斌|李祯浩,1,0,5,497,43,silver,board
2023,shenyang,116,集美大学,抱歉，这没有集美,林贝宁|蔡万杰|吴杰,1,0,2,71,221,,board
2023,shenyang,117,济南大学,樱之重生,张益铭|刘延松|王逸鸣,1,0,4,413,104,bronze,board
2023,shenyang,118,济南大学,世界之隙,周亚冰|李晓|尹依哲,1,0,2,300,280,,board
2023,shenyang,119,嘉应学院,神狗之争,颜朝杰|蔡创昇|袁锐涛,1,0,2,251,275,,board
2023,shenyang,120,嘉应学院,冰之曜魄,郭家盛|郑烁|郑乔炜,1,0,3,340,183,,board
2023,shenyang,121,江南大学,远坂凛粉丝队,何云康|陈云豪|张逍遥,1,0,4,474,120,bronze,board
2023,shenyang,122,江西财经大学,彩虹海,喻琰|肖丛宇|郭宇航,1,0,2,153,252,,board
2023,shenyang,123,江西理工大学,码海中的奇幻之旅,胡文晗|简政|刘浩杰,1,0,2,169,259,,board
2023,shenyang,124,江西师范大学,Last,张子航|宗昊辉|钟元,1,0,3,439,201,,board
2023,shenyang,125,金华市丽泽中学,酒馆战旗万分大神,杨书宇|项灏洋|徐子洋,0,0,4,686,,,board
2023,shenyang,126,兰州大学,艾克·尤里卡,李欣杭|梁宇昊|王若譞,1,0,3,311,177,,board
2023,shenyang,127,辽宁大学,云里雾里,殷勇杰|雷震宇|刘宇铎,1,0,4,445,111,bronze,board
2023,shenyang,128,辽宁科技大学,"用例,亲爱的",边锦华|方啸阳|殷政,1,0,1,15,285,,board
2023,shenyang,129,鲁东大学,星星之火-黎明,高翔|齐振鹏|李振兴,1,0,3,495,208,,board
2023,shenyang,130,南昌航空大学,极限火花,李奉阳|巢俊|黎凤,1,0,3,411,198,,board
2023,shenyang,131,南华大学,想名字太麻烦,杨家骏|恒佳乐|王胜俊,1,0,3,280,172,bronze,board
2023,shenyang,132,南京大学,菜茎合作社,柴浩天|陈荣锴|陈思翔,1,0,4,296,79,silver,board
2023,shenyang,133,南京大学,林间雨月,林朗|邓振霄|胡皓明,1,0,4,422,106,bronze,board
2023,shenyang,134,南京大学,三吴克,黄梓彦|张辰睿|梁航宇,1,0,4,341,85,silver,board
2023,shenyang,135,南京大学,太平,陈昊洋|黄可唯|王恺翔,1,0,6,1027,38,silver,board
2023,shenyang,136,南京工业大学,三相之力,张喆|张林骏|薛洋,1,0,4,581,142,bronze,board
2023,shenyang,137,南京航空航天大学,逆风之旅,沈运之|张炜钿|金朔平,1,0,4,460,116,bronze,board
2023,shenyang,138,南京航空航天大学,听取WA声音一片,胡弘泰|池明轩|刘映石,1,0,3,489,207,,board
2023,shenyang,139,南京航空航天大学,我的XCPC物语果然有问题,林龙河|陈岩|高锐,1,0,2,79,223,,board
2023,shenyang,140,南京航空航天大学,3.1415926535,冯灵馨|高一萌|张晓蕾,1,0,2,145,247,,board
2023,shenyang,141,南京理工大学,流满猫猫头,何丰辰|王一萌|丁则文,1,0,6,907,32,silver,board
2023,shenyang,142,南京理工大学,猫猫头启动,韦宇鑫|杨昊|王思远,1,0,3,270,170,bronze,board
2023,shenyang,143,南京林业大学,不玩原神，失败人生,宗家宇|葛文轩|俞言骐,1,0,3,273,171,bronze,board
2023,shenyang,144,南京师范大学,这个签到题不简单,赵德春|董文杰|杨智,1,0,2,229,272,,board
2023,shenyang,145,南京信息工程大学,牧濑红莉栖,马天顺|徐凡明|林思程,1,0,5,477,42,silver,board
2023,shenyang,146,南京信息工程大学,小砌砖大震撼,魏林东|曹煜珑|刘阳元,1,0,2,219,269,,board
2023,shenyang,147,南京邮电大学,去末地整点袋鼠,岳鹏宇|陈尽微|黄问远,1,0,4,390,98,bronze,board
2023,shenyang,148,南京邮电大学,内鬼猫猫头,张禹健|冯一帆|文超航,1,0,4,564,135,bronze,board
2023,shenyang,149,南京邮电大学,梦里也会觉得AC难求,戴鸿哲|石金轩|陈宇,1,0,4,496,125,bronze,board
2023,shenyang,150,南开大学,给毕达哥拉斯以计算机,廖望|刘沛鑫|宋秭睿,1,0,4,464,117,bronze,board
2023,shenyang,151,南开大学,对他使用dijkstra吧,冯宇好|林逸典|杨澍,1,0,2,120,236,,board
2023,shenyang,152,南通大学,没有队名,蔡巧颖|赵迪|肖如航,1,0,2,110,234,,board
2023,shenyang,153,南阳理工学院,家人们谁懂啊,童桂鑫|邱鑫洋|禹云龙,1,0,2,133,242,,board
2023,shenyang,154,宁波大学,ACtor,蒋轶波|吴凯晟|胡值闻,1,0,3,233,166,bronze,board
2023,shenyang,155,莆田学院,没有外卡就只能玩原神了啊,许庆华|龚磊|吴于辉,1,0,2,143,245,,board
2023,shenyang,156,莆田学院,葡萄菜菜子,许城涛|李熔豪|赵佶鑫,1,0,4,424,108,bronze,board
2023,shenyang,157,齐鲁工业大学,偏远放逐者,王金旭|李昊坤|吴泽彪,1,0,4,423,107,bronze,board
2023,shenyang,158,齐鲁工业大学,VP了20场，只进了两场铜牌线,魏凡杰|贾云玮|包兴兴,1,0,2,86,225,,board
2023,shenyang,159,齐鲁工业大学,猿神，启动,刘起铭|王梓宇|王来福,1,0,2,189,265,,board
2023,shenyang,160,齐齐哈尔大学,欢迎报考齐齐哈尔大学,邹建楠|胡永顺|卢宇亮,1,0,4,247,78,silver,board
2023,shenyang,161,青岛大学,风浪越大题越队,赵汝恒|杨润|崔宇昊,1,0,3,191,159,bronze,board
2023,shenyang,162,青岛大学,完颜慧德的狗,张云哲|白聿雄|徐易,1,0,4,470,119,bronze,board
2023,shenyang,163,青岛科技大学,Black Star,刘博|吴茂瑜|王宏利,1,0,2,207,268,,board
2023,shenyang,164,青岛理工大学,一执而已,饶礼建|刘方|谢博文,1,0,4,646,151,bronze,board
2023,shenyang,165,泉州师范学院,苦力leader写模拟贼猛,苏坤灿|赖文韬|沈文韬,1,0,2,186,264,,board
2023,shenyang,166,厦门大学,既不说话又不动，我们都是木头人,蔡培|连亮瑜|林育立,1,0,3,453,205,,board
2023,shenyang,167,厦门大学,我推的Acmer！,黄成选|刘之流|赵子越,1,0,2,148,250,,board
2023,shenyang,168,山东大学,攻击性没有还低能的要死,周何|王在烜|李增,1,0,6,755,20,gold,board
2023,shenyang,169,山东大学,世伊鸾涧渊,许蕴朴|陈子载|俞程,1,0,6,1235,40,silver,board
2023,shenyang,170,山东大学,追光者,战绪丰|庞天祥|袁胜利,1,0,5,601,53,silver,board
2023,shenyang,171,山东大学（威海）,OK 兄弟们 全体目光像我看齐,魏志祥|倪子鉴|张智航,1,0,2,119,235,,board
2023,shenyang,172,山东科技大学,阿贾克斯号,陈志泉|黄潇|李智豪,1,0,3,354,186,,board
2023,shenyang,173,山东科技大学,NCC_61947 耶格尔号,谭明昆|李慎彬|张作为,1,0,2,171,261,,board
2023,shenyang,174,山东理工大学,清纯白毛小萝莉,王鹤翱|孙童乐|从文杰,1,0,5,672,62,silver,board
2023,shenyang,175,山东理工大学,这个题PJD先测,杜鹏飞|李文强|陈宗宽,1,0,2,147,249,,board
2023,shenyang,176,山东师范大学,二原组,王尧|吕星宇|张凤来,1,0,3,495,208,,board
2023,shenyang,177,上海大学,启云力,袁天成|吴凡|杨明轩,1,0,3,373,190,,board
2023,shenyang,178,上海海事大学,打铁之我是菜狗(,应懿|潘飞扬|李卓锦,1,0,5,556,49,silver,board
2023,shenyang,179,上海海洋大学,想想布鲁特福斯怎么做,徐华源|林暄远|何禹喧,1,0,2,77,222,,board
2023,shenyang,180,上海交通大学,逆命,杨宗翰|张明驰|张建军,1,0,8,1027,5,gold,board
2023,shenyang,181,上海交通大学,蒸蒸日上,赵鹏宏|吴之琛|曹倍铭,1,0,6,742,19,gold,board
2023,shenyang,182,上海科技大学,G！,钱靖|俞喆川|杨子烆,1,0,4,395,99,bronze,board
2023,shenyang,183,深圳大学,twilight illusion,张艺轩|何元捷|郑博瀚,1,0,5,512,46,silver,board
2023,shenyang,184,深圳大学,橙色奇迹,陈天行|蔡子健|李林一,1,0,3,306,176,,board
2023,shenyang,185,深圳大学,我滴女儿天下无敌！,曹婉楠|苏凯伦|陈婷,1,0,2,170,260,,board
2023,shenyang,186,沈阳航空航天大学,镜花水月,张喜瑞|王恺瑞|颜培政,1,0,4,532,129,bronze,board
2023,shenyang,187,沈阳化工大学,某某某,孙皓宸|朱宏凯|杜佳明,1,0,3,450,204,,board
2023,shenyang,188,沈阳理工大学,辽宁省第九十九司空震,茅泉浩|金典|金铉杰,1,0,4,238,76,silver,board
2023,shenyang,189,沈阳师范大学,"每一题都当最后一题,然后也不要怕WA TLE RE",汪咨安|李飞|朱少泽,1,0,2,222,270,,board
2023,shenyang,190,四川大学,此访问越界,陈凯奇|杨卓|薛瑞锦,1,0,4,506,126,bronze,board
2023,shenyang,191,四川大学,超级宇宙无敌暴龙战士,李佳员|丁国峰|刘逸舟,1,0,4,304,80,silver,board
2023,shenyang,192,四川大学,麦香鱼,王文京|王杰栋|高健峰,1,0,2,182,263,,board
2023,shenyang,193,苏州大学,S属性大爆发,许吴昊|师锋|黄奕程,1,0,3,228,164,bronze,board
2023,shenyang,194,苏州大学,AK自动机,史华睿|顾俊辉|林昱彤,1,0,5,975,75,silver,board
2023,shenyang,195,太原理工大学,一日看尽长安花,李沛霖|朱伯扬|韩晓明,1,0,3,319,179,,board
2023,shenyang,196,天津大学,原神、道和篮球,李国鸿|陈晟骞|许哲诚,1,0,5,586,51,silver,board
2023,shenyang,197,天津大学,去年沈阳站刚铁,黄敏行|牟泓锦|张忠清,1,0,5,706,65,silver,board
2023,shenyang,198,天津工业大学,其实我是起名废物,郭梦贞|邬程毅|王鑫瑞,1,0,4,645,150,bronze,board
2023,shenyang,199,天津理工大学,明理湖水怪,向东|余阳芷|李衍硕,1,0,4,360,91,bronze,board
2023,shenyang,200,天津仁爱学院,梦幻小丑,李安磊|方思源|刘征,1,0,4,617,145,bronze,board
2023,shenyang,201,同济大学,长日将尽,朱泽凯|储德明|姜梓恒,1,0,5,620,54,silver,board
2023,shenyang,202,同济大学,脆脆鲨手,尤鹤臻|段婷婷|张馨月,1,0,3,532,213,,board
2023,shenyang,203,武汉大学,Still Alive,刘锡锐|吴飞洋|徐嘉浩,1,0,6,808,25,gold,board
2023,shenyang,204,武汉大学,放学后茶会,郑寒友|张弛|厉汪扬,1,0,6,796,24,gold,board
2023,shenyang,205,武汉科技大学,RELX锐刻幻影Pro,肖依如|孙煜恒|聂泽锴,1,0,5,498,44,silver,board
2023,shenyang,206,武汉科技大学,主要看运气,赵炜锋|付雅典|刘峻州,1,0,2,200,266,,board
2023,shenyang,207,武汉理工大学,thjj的最后一舞,罗铭威|郭程嘉|王天博,1,0,1,8,283,,board
2023,shenyang,208,武汉理工大学,"WUT13,出列!",林学涛|蒋海潮|孙晨奥,1,0,4,488,124,bronze,board
2023,shenyang,209,西安电子科技大学,紫罗兰,张东伟|刘佩汉|刘清,1,0,3,402,194,,board
2023,shenyang,210,西安电子科技大学,神里流AC,柴东辰|剌宾燕|罗嘉诚,1,0,4,385,96,bronze,board
2023,shenyang,211,西安交通大学,拜登跳动,陈执镇|唐梓航|赵宋文,1,0,5,664,61,silver,board
2023,shenyang,212,西安交通大学,重振精神,施劲松|孙路|朱晨曦,1,0,4,384,95,bronze,board
2023,shenyang,213,西安交通大学,现在需要一个队伍名,曹思宇|胡扬帆|杨丰源,1,0,3,230,165,bronze,board
2023,shenyang,214,西北大学,傅里叶变换,冯幸|严馨蕊|李欣雨,1,0,2,293,278,,board
2023,shenyang,215,西北工业大学,报销就是胜利,袁江引|田瑞雪|龚熙尧,1,0,4,339,84,silver,board
2023,shenyang,216,西北工业大学,Undo,王景珩|闻茁|牛马思元,1,0,4,350,88,bronze,board
2023,shenyang,217,西北工业大学,野犬牧行,宋国鹏|高博文|王杰,1,0,2,144,246,,board
2023,shenyang,218,西北工业大学,苦瓜大王,李可期|申犀子|钟涛宇,1,0,3,320,180,,board
2023,shenyang,219,西北农林科技大学,急急急急摆摆摆摆,吴晨阳 |贺浩轩|曾令顺,1,0,4,458,113,bronze,board
2023,shenyang,220,西北农林科技大学,小心柚子厨2,陈均铃|孙德铭|张旭,1,0,2,159,254,,board
2023,shenyang,221,西藏民族大学,秦汉一,李知远|黄恩典|何鑫桂,1,0,0,0,290,,board
2023,shenyang,222,西湖大学,原神，启动,王宇皓|周扬帆|楼鑫浩,1,0,6,974,36,silver,board
2023,shenyang,223,西南交通大学,刷气球爆金币,郑星宇|王翔宇|宋明富,1,0,5,546,48,silver,board
2023,shenyang,224,西南科技大学,生如夏花,魏云鹏|朱杰|严天羿,1,0,4,403,100,bronze,board
2023,shenyang,225,西南科技大学,劲脆铁牌堡,刘雨凡|张智韬|袁志伟,1,0,2,128,239,,board
2023,shenyang,226,西南石油大学,汉水嘉陵,刘龙浩|何昀瑾|欧云峰,1,0,5,870,74,silver,board
2023,shenyang,227,香港理工大学,幽若商夏,徐乐|孙涵松|严章洋,1,0,3,265,169,bronze,board
2023,shenyang,228,湘潭大学,金色时代,付有鑫|李子熙|田楚天,1,0,6,860,28,gold,board
2023,shenyang,229,燕山大学,塔山二队,李想|杨楠|张浩楠,1,0,2,89,227,,board
2023,shenyang,230,新疆大学,重生之归来仍是小丑,蒋涛|郑淇耀|夏清伟,1,0,2,166,257,,board
2023,shenyang,231,信息工程大学,抢我煎饼,杜和儒|黄心庭|白昊然,1,0,2,312,282,,board
2023,shenyang,232,新疆大学,Yep,章凇瑜|罗皓原|郑昭军,1,0,2,157,253,,board
2023,shenyang,233,燕山大学,塔山一队,孙振轩|李一阳|吴亚楠,1,0,4,480,123,bronze,board
2023,shenyang,234,云南大学,穿越之我在太空流浪,周志昊|高凌豪|刘力铮,1,0,2,286,277,,board
2023,shenyang,235,长春理工大学,一期一会,任鑫|姚祥辉|陈奕帆,1,0,4,566,137,bronze,board
2023,shenyang,236,长春理工大学,我绝不和煎蛋不放糖的家伙结婚！,范泽涛|孟天|魏龙飞,1,0,2,88,226,,board
2023,shenyang,237,长沙理工大学,遇到困难睡大觉,詹一夫|赵翰熙|何晶,1,0,3,636,218,,board
2023,shenyang,238,长沙理工大学,给我们个奖吧，我们什么都可以做的,孙宁欣|高磊|黎逆翔,1,0,3,252,168,bronze,board
2023,shenyang,239,浙大城市学院,终末之舞,胡致文|高翔历|邱浩然,1,0,3,389,193,,board
2023,shenyang,240,浙大城市学院,广告位招租,上官天韵|陈至之|俞怡灵,1,0,2,146,248,,board
2023,shenyang,241,浙大宁波理工学院,现场队,吴承丞|陈铮|陈泽楷,1,0,3,354,186,,board
2023,shenyang,242,浙大宁波理工学院,锅包肉一口仨,戴柯求|董璐怡|张子妍,1,0,2,227,271,,board
2023,shenyang,243,浙江财经大学,幻想家在幻想时间幻想ac,朱腾|陈超|王乔治,1,0,2,162,255,,board
2023,shenyang,244,浙江大学,Prismatic Encore,唐嘉辰|李昌栋|黎伟诺,1,0,7,1016,13,gold,board
2023,shenyang,245,浙江大学,复仇之魂,张志心|楼沁霈|周遥,1,0,6,829,26,gold,board
2023,shenyang,246,浙江大学,从土里挖出来的选手,陈彦博|王熠|沈哲贝,1,0,5,645,56,silver,board
2023,shenyang,247,浙江大学,随机过题军团,吴浩|施雨航|杨远航,1,0,7,1055,14,gold,board
2023,shenyang,248,浙江工商大学,理塘最速WA传说,林仁豪|陈孝乐|郑翔,1,0,3,486,206,,board
2023,shenyang,249,浙江工商大学,空花阳焰,徐贤涛|王哲|薛强,1,0,4,508,127,bronze,board
2023,shenyang,250,浙江工商大学,宝宝巴士,孙梦思|胡晨瑜|袁嘉,1,0,2,299,279,,board
2023,shenyang,251,浙江工业大学,ZJUT13,梁越|鲍成|周子庸,1,0,3,447,203,,board
2023,shenyang,252,浙江科技学院,重生之我不要当拿铁男孩,应谢吾|孙以恒|王骏,1,0,3,383,192,,board
2023,shenyang,253,浙江理工大学,邪恶泡泡与射线恶魔,王显龙|肖泽宇|钟昀铮,1,0,5,733,67,silver,board
2023,shenyang,254,浙江理工大学,飞飞,薛淞尹|朱鑫鑫|徐波,1,0,5,771,70,silver,board
2023,shenyang,255,浙江农林大学,这个彬彬交题超勇的,王健彬|倪铂涵|朱蕴仪,1,0,6,841,27,gold,board
2023,shenyang,256,浙江师范大学,霸气酷酷伦,周子清|祝礼杭|赵欣雨,1,0,4,547,131,bronze,board
2023,shenyang,257,浙江师范大学,我要漂亮姐姐教我写代码,潘锦桦|余健原|翁一栋,1,0,3,535,214,,board
2023,shenyang,258,浙江师范大学,AAA金华蜜雪冰城代购,周雨星|周胜烨|郭宝旭,1,0,2,138,243,,board
2023,shenyang,259,浙江万里学院,原来你们都是原神高手,周启鸿|竺夏|俞思远,1,0,4,325,81,silver,board
2023,shenyang,260,郑州大学,弗莱斯曼,罗毅|谢天贵|朱一宸,1,0,1,21,286,,board
2023,shenyang,261,郑州轻工业大学,我一定会回来的,王少杰|赵梓昊|高福涛,1,0,3,367,188,,board
2023,shenyang,262,中北大学,银牌: 队长 cos maple， 原神 考研， 小丑 acm烧烤;,蒋嬴兆|王俊伟|原宇博,1,0,4,545,130,bronze,board
2023,shenyang,263,中国地质大学（北京）,唐氏儿童不会dp,焦铭扬|徐胜铭|李长祥,1,0,2,125,238,,board
2023,shenyang,264,中国地质大学（武汉）,地能儿是这样的,赵传成|潘敖|李诏天,1,0,2,96,229,,board
2023,shenyang,265,中国地质大学（武汉）,网瘾早该电电了,杨家鹤|魏忠强|李泽文,1,0,2,274,276,,board
2023,shenyang,266,中国海洋大学,我们仍未知那天WA的原因,冯钰恒|王梓懿|张成玺,1,0,3,416,199,,board
2023,shenyang,267,中国计量大学,带恶人组织,杨亦栋|金志韬|苗先涛,1,0,2,106,233,,board
2023,shenyang,268,中国计量大学,TB浪子,陈敏|张民权|刘子杭,1,0,3,420,200,,board
2023,shenyang,269,中国科学技术大学,24科软点击就送,彭志远|陈若朋|朱俯君,1,0,4,338,83,silver,board
2023,shenyang,270,中国科学技术大学,USTC摸鱼队,温家睿|陈凌峰|林度,1,0,7,971,10,gold,board
2023,shenyang,271,中国科学技术大学,樱吹雪,杨思汗|黄盛唐|刘畅,1,0,6,926,33,silver,board
2023,shenyang,272,中国科学技术大学,中科大少女班,孙旭磊|赵奕|赵泽昆,1,0,5,751,68,silver,board
2023,shenyang,273,中国科学院大学,随机分配,徐小权|罗旅洲|韩文韦,1,0,4,363,92,bronze,board
2023,shenyang,274,中国矿业大学,三条菜狗,罗浩巍|张士豪|刘凯,1,0,3,316,178,,board
2023,shenyang,275,中国矿业大学,三个翻译,何甲文泽|肖扬航|杨斌涵,1,0,5,650,58,silver,board
2023,shenyang,276,中国民航大学,头都秃了还没队,陈景睿|冯鑫珂|胡逸飞,1,0,4,459,114,bronze,board
2023,shenyang,277,中国民航大学,最后之舞,葛朋林|颜一鸣|刘瑞轩,1,0,3,541,215,,board
2023,shenyang,278,中国人民大学,嘉然今天创什么,陈志朋|汪元森|李林豇,1,0,6,895,30,silver,board
2023,shenyang,279,中国人民大学,高屋倒水,高剑章|张联诚|沈海涛,1,0,3,352,185,,board
2023,shenyang,280,中国石油大学（华东）,中石大2021,韩绍泽|许嘉星|杨立鑫,1,0,3,167,158,bronze,board
2023,shenyang,281,中国石油大学（华东）,中石大1988,周昊|于梓萱|娄永康,1,0,3,327,182,,board
2023,shenyang,282,中南大学,楼下就这？差一题不凹,刘嘉瑞|王宏浩|罗子罗文,1,0,2,131,241,,board
2023,shenyang,283,中南大学,美滋滋,周卓|江天运|易光廷,1,0,7,1217,16,gold,board
2023,shenyang,284,中南大学,Start Dash,苏宜扬|周湘予|王一翔,1,0,4,352,89,bronze,board
2023,shenyang,285,中南民族大学,不会起名,陈柏林|李子安|尹子昂,1,0,2,163,256,,board
2023,shenyang,286,中南民族大学,王宝钏挖野菜,陈珍|方可|林佳露,1,0,2,302,281,,board
2023,shenyang,287,中山大学,中山大学_无限,涂博皓|朱泰锟|王子睿,1,0,5,766,69,silver,board
2023,shenyang,288,中山大学,中山大学_三人成行,刘嘉溢|林呈庆|唐翼,1,0,3,340,183,,board
2023,shenyang,289,中山大学,中山大学_N/A,苏律硕|张周骁|黄秋铭,1,0,6,782,23,gold,board
2023,shenyang,290,中山大学,中山大学_叉烧凤爪烧卖,刘彦莹|黄晓蓝|秦琬舒,1,0,5,713,66,silver,board
2023,shenyang,291,重庆大学,第四天灾,冯宇航|张一鸣|许骏扬,1,0,3,404,196,,board
2023,shenyang,292,重庆大学,原，妙不可言,胡明涛|单宇宸|文红兵,1,0,2,128,239,,board
2023,shenyang,293,重庆邮电大学,3G+3G＝6G,李自豪|洪洲|胡戴立,1,0,4,574,140,bronze,board
2023,shenyang,294,重庆邮电大学,我要点名三款回合制游戏你说的对但是我们队里三个人都玩回合制手游,毛博|王宁鑫|李文彬,1,0,3,440,202,,board
2023,shenyang,295,牛客网,牛客网,,0,0,5,1002,,,board
2023,shenyang,296,东北大学,东北大学_1234566,林星希|韩重|徐海,0,0,2,138,,,board
2023,shenyang,297,东北大学,东北大学_team012,李特|张翔宇,0,0,0,0,,,board
2023,shenyang,298,东北大学,东北大学-byteme,曹鑫阳|杨宇鸿|孟子杰,0,0,2,351,,,board
2023,shenyang,299,东北大学,东北大学_the winter of no memory,吴封晓|张文豪,0,0,1,75,,,board
2023,shenyang,300,东北大学,东北大学_再交一发吧反正不会更差,张起予|王耀辉|翟潇潇,0,0,3,203,,,board
2023,shenyang,301,东北大学,东北大学_team010,郭畅|陈宏伟|许都,0,0,2,76,,,board
2023,shenyang,302,个人参赛,来玩玩,赵立晨|何奇正,0,0,4,471,,,board
2024,kunming,A0101,上海科技大学,眼见为实,钱靖|俞喆川|杨子烆,1,0,6,713,76,silver,board
2024,kunming,A0102,华南师范大学,一路向南,于昊炜|朱宬华|曾祥康,1,0,5,1017,188,bronze,board
2024,kunming,A0103,中国石油大学（北京）,哪里有石油哪里就是我的家,仝泰旻|段盈君|宋家乐,1,0,5,929,178,bronze,board
2024,kunming,A0104,北京邮电大学,堂吉诃德,卢安来|王冀恒|管庆涵,1,0,7,1075,49,silver,board
2024,kunming,A0105,中山大学,中山大学_古希腊掌管罚时的神,雷灏|覃锐麟|刘开予,1,0,4,863,260,bronze,board
2024,kunming,A0106,兰州理工大学,吴彦组,俞成林|卢哲云|王天旭,1,0,3,600,355,,board
2024,kunming,A0107,汉口学院,炽烈燃烧,李毅云|鲁胜彪|黄舒畅,1,0,4,877,262,bronze,board
2024,kunming,A0201,浙江工业大学,蒋哥是队长,蒋瑞丰|包林鑫|陈信言,1,0,6,1349,122,silver,board
2024,kunming,A0202,中国科学技术大学,中科大少女班代表队,冯正桦|邵晓玮|李俊辰,1,0,7,818,28,gold,board
2024,kunming,A0203,济南大学,当我启程前往伊萨卡,余川华|韦金亮|葛广一,1,0,4,726,250,bronze,board
2024,kunming,A0204,北京信息科技大学,你猜金城厚不厚,朱默涵|房承烨|韩家成,1,0,4,877,262,bronze,board
2024,kunming,A0205,中国矿业大学,菌子火锅,黄科海|梁浩均|周佳炜,1,0,2,280,405,,board
2024,kunming,A0206,杭州师范大学,再想想特判？,周奕|江宇帆|戴子晟,1,0,4,916,264,bronze,board
2024,kunming,A0207,西南民族大学,永远都像初次见你那样，使我心荡漾,王海潮|石珈豪|张伟模,1,0,4,492,209,bronze,board
2024,kunming,A0301,同济大学,登神长阶,张翔|林鑫宇|王琨瑀,1,0,6,754,80,silver,board
2024,kunming,A0302,广东工业大学,我们已经很努力想队名了,黄立韬|李梓灏|梁志聪,1,0,4,869,261,bronze,board
2024,kunming,A0303,深圳职业技术大学,从零开始的ICPC,周楠|樊麒裕|黄勇文,0,0,3,811,,,board
2024,kunming,A0304,宁波工程学院,喜欢发奶龙的小朋友们你们好啊,陆弘杰|陈鹤天|蔡浩宇,1,0,5,948,180,bronze,board
2024,kunming,A0305,北京交通大学,世纪难题,周一鸣|孙宁|邬健翔,1,0,5,775,156,bronze,board
2024,kunming,A0306,信息工程大学,花生可,闫国基|李鸣铭|黄颂凯,1,0,3,454,327,,board
2024,kunming,A0307,常熟理工学院,不按常理出牌,陆佳炜|丁钰铸|吴梓豪,1,0,2,97,376,,board
2024,kunming,A0401,东南大学,事已至此，先吃饭吧,靳赫涛|杜鑫研|毛周祥,1,0,7,1087,52,silver,board
2024,kunming,A0402,河海大学常州校区,不定积分,蔡松廷|申宝亿|江晟东,1,0,5,699,143,bronze,board
2024,kunming,A0403,电子科技大学,UESTC_老东西,常铭|郑力文|王振波,1,0,6,1351,124,silver,board
2024,kunming,A0404,福建理工大学,猿农舟,郑晟睿|陈鹏|林舜华,1,0,6,944,95,silver,board
2024,kunming,A0405,南昌航空大学,最后一一一一一一一一一一一舞,黄心磊|陈鹏|汤正泰,1,0,3,639,360,,board
2024,kunming,A0406,浙江工业大学,今亦求金,周泳良|闵士轩|罗一鸣,1,0,6,709,75,silver,board
2024,kunming,A0407,湖南警察学院,在远大三路独自哭泣无人安慰还好有算竞陪我,申宇|袁福来|李道远,1,0,1,306,440,,board
2024,kunming,A0501,西安邮电大学,158罚时无悔银斗士,黄令群|毋至晨|周剑鑫,1,0,4,469,203,bronze,board
2024,kunming,A0502,吉林大学,東雲端,孔泉智|席乐媛|徐梓博,1,0,7,861,29,gold,board
2024,kunming,A0503,西北大学,偶遇公务员强如怪物，拼尽全力无法战胜,顾舜天|颜晓轶|吴莹,1,0,4,638,237,bronze,board
2024,kunming,A0504,上海大学,队名有五字,田凯文|杨天浩|靳红飞,1,0,6,580,70,silver,board
2024,kunming,A0505,浙江中医药大学,重生之我是原神高手,冯致远|余成曙|金理宏,1,0,5,964,182,bronze,board
2024,kunming,A0506,绍兴文理学院,狮心享受者·朝廷大司马·阿瞒有我良计吧,李柯叡|寿正阳|陆奕丰,1,0,3,242,278,,board
2024,kunming,A0507,南京航空航天大学,黄转绿,谢雨奇|王锴|匡显然,1,0,5,892,176,bronze,board
2024,kunming,A0601,杭州电子科技大学,杭电15队,杨钧昊|王远涛|戴刘宇,1,0,6,947,96,silver,board
2024,kunming,A0602,泉州信息工程学院,把WA看作A,胡力中|龚林涛|高灿坤,1,0,1,189,434,,board
2024,kunming,A0603,湖南工业大学,不知道,李昊展|黎程帆|田梅楠,1,0,3,392,307,,board
2024,kunming,A0604,中国石油大学（北京）克拉玛依校区,三个绿名,邬圣锋|蔡昊烨|刘佳一,1,0,2,105,377,,board
2024,kunming,A0605,长春理工大学,你会 DP 吗?,赵耀财|甄元浩|任春磊,1,0,3,491,340,,board
2024,kunming,A0606,重庆城市科技学院,彳亍,吴广平|姜欢|郑海波,1,0,2,202,397,,board
2024,kunming,A0607,南阳理工学院,无敌噼里啪啦,尚同铮|张睿博|徐子川,1,0,3,372,303,,board
2024,kunming,A0701,中山大学,中山大学_开拓之尾,黄秋铭|韩冠东|陈峻宇,1,0,7,690,22,gold,board
2024,kunming,A0702,上海大学,献给xcpc的一年之诗,房辰燏|潘铧超|周子竣,1,0,7,804,27,gold,board
2024,kunming,A0703,杭州师范大学,凵丄山丄凵,王图南|陈科舟|戴泽耀,1,0,5,521,130,silver,board
2024,kunming,A0704,成都锦城学院,樱花泪,邓力豪|程义威|奉强,1,0,2,155,385,,board
2024,kunming,A0705,沈阳理工大学,你好,张铳|柴懿诚|李博由,1,0,2,162,387,,board
2024,kunming,A0706,怀化学院,教练我想走文化,宋正阳|王宇轩|曾凡耀,1,0,4,1061,270,bronze,board
2024,kunming,A0707,厦门理工学院,理工路600号,黄鸿|张子漠|唐旭,1,0,5,687,140,bronze,board
2024,kunming,A0801,香港中文大學,少年的拼勁,黃梓謙|姜宣丞|周禮言,1,0,7,764,24,gold,board
2024,kunming,A0802,昭通学院,零剑,王利|吴锦霖|王利,1,0,2,332,408,,board
2024,kunming,A0803,华东师范大学,中北墨麒麟,陈涵|李俊辰|徐卓一,1,0,3,214,276,,board
2024,kunming,A0804,南京航空航天大学,南航猫猫头（队长十年单身换区域赛铜牌版）,胡弘泰|刘映石|池明轩,1,0,5,747,148,bronze,board
2024,kunming,A0805,桂林电子科技大学,能不能给我一个牌子，我真是练习到不行,刘善坤|莫泽华|吴明恩,1,0,3,422,314,,board
2024,kunming,A0806,新疆大学,月映塞外,孟昱辰|沈家印|章凇瑜,1,0,7,1161,57,silver,board
2024,kunming,A0807,香港科技大学,Oops,郑君赫|孔令丞|董婧文,1,0,2,455,418,,board
2024,kunming,A0901,福建农林大学,凌云,刘雄豪|陈炎|郭伟平,1,0,4,771,253,bronze,board
2024,kunming,A0902,台州学院,队名起什么,尹海涛|韩松霖|戴于皓,1,0,5,635,135,silver,board
2024,kunming,A0903,厦门大学嘉庚学院,AveMujica,卓子翔|孙硕|孟高奇,1,0,3,357,297,,board
2024,kunming,A0904,四川轻化工大学,天天向上,张俊聪|焦辰泽|陈红,1,0,3,626,358,,board
2024,kunming,A0905,嘉应学院,治愈ACM致郁我的AC梦,郑烁|郑乔炜|张嘉焜,1,0,1,87,426,,board
2024,kunming,A0906,西北大学,乘风远航,俞浩|陈鸿羽|黄志扬,1,0,4,598,227,bronze,board
2024,kunming,A0907,天津工业大学,为什么天工不报销？,张幸闯|王浩研|侯仁正,1,0,3,602,356,,board
2024,kunming,A1001,浙大宁波理工学院,猫猫队睡大觉,陈泽楷|吴承丞|戴柯求,1,0,5,829,166,bronze,board
2024,kunming,A1002,东北大学,东北大学_不再掩饰,谢天石|黄宇帆|张佳栋,1,0,2,73,374,,board
2024,kunming,A1003,郑州轻工业大学,最近公共祖先,汪雨航|王梓博|周琪翔,1,0,5,689,141,bronze,board
2024,kunming,A1004,南方科技大学,南方科技大学-奥斯陆,姜奕豪|杨博文|张祺宇,1,0,7,1033,45,gold,board
2024,kunming,A1005,华南理工大学,打xcpc不喊我,吕浩天|徐睿|梁立州,1,0,6,1450,126,silver,board
2024,kunming,A1006,东北大学秦皇岛分校,静态规划,焦一晟|解光宇|尚昀飞,1,0,3,477,336,,board
2024,kunming,A1007,中国科学技术大学,烧烤队列,于泳昊|楼元培|张云起,1,0,6,1235,118,silver,board
2024,kunming,A1101,香港城市大学,城大三日游,黃家華|蔡居宏|杨汉圣,1,0,5,762,151,bronze,board
2024,kunming,A1102,北京电子科技学院,丢掉幻想准备斗争队,林渤程|张锐|邱贤达,0,0,3,778,,,board
2024,kunming,A1103,河南师范大学,宝宝有小情绪了,李昱增|刘资成|赵恒,1,0,4,571,223,bronze,board
2024,kunming,A1104,四川大学,在线光速幂,刘宇凡星|韩子睿|罗实,1,0,5,602,134,silver,board
2024,kunming,A1105,中北大学,无损压缩,崔璨|邓佳铭|王嘉璇,1,0,3,392,307,,board
2024,kunming,A1106,中国矿业大学（北京）,打游戏不如开把CF,梁凯|杜若琳|崔文水,1,0,4,655,240,bronze,board
2024,kunming,A1107,成都大学,爱你老妈，明天见,万名森|冉天琪|何永杰,1,0,3,531,347,,board
2024,kunming,A1201,广西大学,这一发，贯穿星辰,李周详|梅松|孙怿翔,1,0,4,494,210,bronze,board
2024,kunming,A1202,重庆文理学院,败犬acmer太多了（,田康乐|张柒鑫|刘泽凝,1,0,3,611,357,,board
2024,kunming,A1203,哈尔滨理工大学,哈理工01队KM,曾凡欧|杨梦杰|贾思博,1,0,4,504,213,bronze,board
2024,kunming,A1204,东北师范大学,重生成为虾头太刀侠在星露谷钓生命鲈鱼,潘可欣|林律融|陈静,1,0,2,169,390,,board
2024,kunming,A1205,宜春学院,丁真爱打ACM,万昭玮|许多|邓庆华,0,0,3,396,,,board
2024,kunming,A1206,河北师范大学,黎明之光,李明瑞|孙传炜|向清弘,0,0,5,803,,,board
2024,kunming,A1207,山东大学,电话微波炉（暂定）,詹靖杰|宿子腾|董家豪,1,0,7,892,32,gold,board
2024,kunming,A1301,电子科技大学中山学院,马拉车拉马,廖铭源|胡逸涵|钟毓鑫,1,0,3,460,330,,board
2024,kunming,A1302,香港中文大学（深圳）,DROP_TABLE_TEAM,郭雨昂|周天|叶嘉泓,1,0,5,966,183,bronze,board
2024,kunming,A1303,江苏科技大学,菈妮的锋刃,贾文超|王光明|韩天睿,1,0,3,448,326,,board
2024,kunming,A1304,浙江农林大学,在赛场上被遥控也是play的一环吗,杨一郎|章心阳|包涵,1,0,5,875,172,bronze,board
2024,kunming,A1305,青岛农业大学,打完这场再训练,李德辰|吴迪|穆帅宇,1,0,3,438,323,,board
2024,kunming,A1306,重庆大学,WA的速度是每秒五十次,喻言|周骁坤|杨展途,1,0,6,1065,107,silver,board
2024,kunming,A1307,华南农业大学,她说再 AC 一道题就和我在一起,钟启航|江煊杰|陈钢,0,0,4,831,,,board
2024,kunming,A1401,浙江大学,WF 在逃三人团,李克成|周转|朱睿哲,1,0,8,1065,12,gold,board
2024,kunming,A1402,广州大学,管好你的输入流,同舒泽|郭子锋|彭海峰,1,0,1,194,435,,board
2024,kunming,A1403,东北大学,东北大学_哈德曼的妖怪少女,魏子杰|黄佳明|王帅,1,0,3,271,281,,board
2024,kunming,A1404,河南大学,風,魏文博|李锦辉|何高磊,1,0,4,934,267,bronze,board
2024,kunming,A1405,华为技术有限公司,濑粉烧鹅,吴董超|张展邦|张能,0,0,0,0,,,board
2024,kunming,A1406,哈尔滨理工大学,哈理工11队KM,王令开|王开纪|林浩,1,0,6,566,69,silver,board
2024,kunming,A1407,北京林业大学,上林花似锦,付耀刚|余行健|张锦秀,1,0,7,1330,63,silver,board
2024,kunming,A1501,烟台大学,否定,刘蔚|王圣喆|王云飞,1,0,3,403,312,,board
2024,kunming,A1502,上海理工大学,ICPC昆明简直就是一个乙游大世界！,董柯演|张皓宇|吴佳霖,1,0,6,773,82,silver,board
2024,kunming,A1503,江西师范大学,完蛋！我被原P包围了！,周路煜|李海平|熊贤昊,1,0,3,143,272,,board
2024,kunming,A1504,哈尔滨工业大学（威海）,哦不对不队,龙禺辰|魏贺鹏|胡明聪,1,0,6,1350,123,silver,board
2024,kunming,A1505,宁波大学,泥巴动物园,沈天佑|吴镇桥|林成峰,1,0,6,892,90,silver,board
2024,kunming,A1506,中央民族大学,低语的月亮,马雨衡|盛楠|郭茂熙,0,0,0,0,,,board
2024,kunming,A1507,武汉工程大学,青青子衿，悠悠我心,白雨龙|朱盛杰|邓豪,1,0,3,631,359,,board
2024,kunming,A1601,四川大学,拼图,陈凯奇|杨卓|林宸,1,0,6,975,98,silver,board
2024,kunming,A1602,国防科技大学,蓝色空间号,刘宇林|吴佳英|杨泽,1,0,7,1079,50,silver,board
2024,kunming,A1603,上海电力大学,一路风光，一路风霜,朱凯年|栾效睿|裴洪宇,1,0,3,170,273,,board
2024,kunming,A1604,湖南农业大学,狗go狗go狗狗go,刘永康|李南翃|李磊,1,0,2,198,396,,board
2024,kunming,A1605,重庆工程学院,"算法女神Nanani,我们喜欢你",张翔|胡鑫昊|陈博恒,1,0,3,582,353,,board
2024,kunming,A1606,西北农林科技大学,不会起名,蔡祺峰|范中博|韩邦远,1,0,3,667,362,,board
2024,kunming,A1607,浙江师范大学,分秒易逝，V我5时,刘思源|敖浩博|兰博望,1,0,6,600,71,silver,board
2024,kunming,A1701,南方科技大学,南方科技大学-皮尔森,王紫漩|钟雨薇|项楚涵,1,0,8,1046,11,gold,board
2024,kunming,A1702,华东理工大学,原来的队名太难听了所以先把这个队名填上去,乐征宇|朱晨煊|祁璟玥,1,0,5,979,186,bronze,board
2024,kunming,A1703,南京邮电大学,菠萝好吃,蒋明辉|蔡振川|向韫韬,1,0,6,843,85,silver,board
2024,kunming,A1704,海南大学,重生在最南端211的我自费打XCPC欠下高利贷导致队友因为吃不起饭面黄肌瘦只能悲惨打铁,方政|吕珅|郑朴,1,0,4,579,224,bronze,board
2024,kunming,A1705,湖南师范大学,我太想成功了,唐熙林|魏佳蕾|杨泽旭,1,0,7,1302,62,silver,board
2024,kunming,A1706,南京航空航天大学,铜牌锅贴,黄子源|黄耘青|桑浩然,1,0,4,632,236,bronze,board
2024,kunming,A1707,深圳北理莫斯科大学,铜牌已达两位数！,王司晨|陈长|颜桉,0,0,8,1201,,,board
2024,kunming,A1801,电子科技大学,UESTC_雪色光晕,张昕诺|李毅远|吕书武,1,0,6,867,87,silver,board
2024,kunming,A1802,重庆邮电大学,在ACM校赛中被大一oi爷暴虐的大二蒟蒻能打xcpc吗?,向炳权|吴志煜|朱春林,1,0,3,523,344,,board
2024,kunming,A1803,中国地质大学（北京）,谁赢不是赢！,许桥飞|夏冬|陈俊豪,1,0,5,1026,189,bronze,board
2024,kunming,A1804,湖南文理学院,五小时战神,张乐阳|洪响|程漠,1,0,5,689,141,bronze,board
2024,kunming,A1805,河南大学,让风告诉你,张艺洋|邹健宇|孟翔雨,1,0,3,373,304,,board
2024,kunming,A1806,湖北经济学院,来神了,郑奥|吴子维|余章广,1,0,1,393,442,,board
2024,kunming,A1807,阜阳师范大学,年轻人不要老熬夜,束明伟|石道成|王萌,1,0,3,559,352,,board
2024,kunming,B0101,香港理工大学,Bug Busters,孟祥宇|张畅羽|Sunghak Heo,1,0,4,916,264,bronze,board
2024,kunming,B0102,中国石油大学（华东）,中石大1988,吉时渊|王钧泽|黄升钦,1,0,2,373,410,,board
2024,kunming,B0103,东华大学,不可视境界线,刘青山|杨韵清|金浩帆,1,0,7,864,30,gold,board
2024,kunming,B0104,汉江师范学院,十堰武当山,杜中豪|王梓建|涂金峰,1,0,2,246,401,,board
2024,kunming,B0105,湘潭大学,海之霸,李子熙|魏志高|程书涵,1,0,8,1209,17,gold,board
2024,kunming,B0106,山东大学,海鸥灭火器,苏苏|王艺臻|于斐,1,0,6,628,72,silver,board
2024,kunming,B0107,大连理工大学,Attention is all you need,衣泽民|刘博文|李泽与,0,0,6,698,,,board
2024,kunming,B0201,南方科技大学,南方科技大学-伊赫拉瓦,彭致远|徐晨熠|冯照航,1,0,5,326,127,silver,board
2024,kunming,B0202,中山大学,中山大学_红温之旅,张宸睿|张益晟|周睿韬,1,0,8,1347,19,gold,board
2024,kunming,B0203,成都东软学院,一切皆有可能,张慈玖|程仲远|贾立旺,1,0,2,263,402,,board
2024,kunming,B0204,华南理工大学,Fast Fast TLE,吴挺宇|吴尚鸿|甘景贤,1,0,4,664,243,bronze,board
2024,kunming,B0205,东北大学,NEU_飞禽走兽,刘美妤|陈增杰|王啸烽,1,0,5,456,128,silver,board
2024,kunming,B0206,重庆移通学院,WAngelion,李德立|李德立|李德立,1,0,3,767,370,,board
2024,kunming,B0207,江西理工大学,初始之音，响彻未来,简政|司佩东|张宇凡,1,0,6,1213,116,silver,board
2024,kunming,B0301,折纸大学,陶&哲&轩,陶钧|陈哲|杨宇轩,0,0,7,1118,,,board
2024,kunming,B0302,哈尔滨工业大学,蓬莱人形,丁文涛|陈煜航|张彭凯,1,0,9,976,6,gold,board
2024,kunming,B0303,浙大城市学院,红魔乡第一爆炎法王,阮诗哲|赵徐坚|易仁喜,1,0,3,346,294,,board
2024,kunming,B0304,哈尔滨工业大学（威海）,啊对对队,廖航|黄泊淘|尹瀚铭,1,0,3,533,348,,board
2024,kunming,B0305,昆明理工大学,苟得弗死,周林翰|周妤蔓|吴金航,1,0,2,195,394,,board
2024,kunming,B0306,西华大学,夏日限定的告白,肖代阳|石浩楠|赵熙,1,0,2,80,375,,board
2024,kunming,B0307,南京信息工程大学,北风沧海群山恸,刘阳元|刘一鸣|曹煜珑,1,0,6,856,86,silver,board
2024,kunming,B0401,南京理工大学,猫猫头想吃鱼,查怡安|陈文轩|徐菲阳,1,0,4,509,214,bronze,board
2024,kunming,B0402,惠州学院,出关的小白,孙昊|汤家健|江仰德,1,0,6,1261,119,silver,board
2024,kunming,B0403,江西农业大学,领航者,孙文凯|潘仕翰|刘圣丰,1,0,3,694,364,,board
2024,kunming,B0404,北京化工大学,洛杉矶奶奶队,黄东琦|徐文博|邱若昕,1,0,4,602,230,bronze,board
2024,kunming,B0405,National University of Mongolia,NUM_DES,Surenjamts Tsedevsuren|Enkh-ochir Erdenebat|Dugarjantsan Bilguun,1,0,3,397,311,,board
2024,kunming,B0406,大连海事大学,绿气球杀手,周晨枫|任毅|张雨露,1,0,5,758,150,bronze,board
2024,kunming,B0407,西南科技大学,贡嘎雪山,王云龙|陈阳|石申圆,1,0,3,734,367,,board
2024,kunming,B0501,华中师范大学,何处相思明月楼,王彬宇|郭子寒|曹俞欣,1,0,6,671,74,silver,board
2024,kunming,B0502,电子科技大学,UESTC_xxx,蔡少政|吴峻锋|吴宇环,1,0,7,741,23,gold,board
2024,kunming,B0503,上海交通大学,复活者联盟,赵有榛|张博钜|黄烨威,1,0,5,766,152,bronze,board
2024,kunming,B0504,湖北工业大学,长生,杨思腾|陈奕澄|陈晓辉,1,0,3,315,285,,board
2024,kunming,B0505,太原理工大学,提交而不检查正确性,柳一郎|彭莹|许博栋,1,0,3,651,361,,board
2024,kunming,B0506,南开大学,难开题开题难,陈彦兴|何闻硕|张宇墨,1,0,7,626,21,gold,board
2024,kunming,B0507,温州大学,温大二队,莫皓翔|是凯宁|陈旭冉,1,0,3,379,306,,board
2024,kunming,B0601,武汉大学,终末旅行,李澍|厉汪扬|解丛语,1,0,5,659,136,bronze,board
2024,kunming,B0602,延安大学西安创新学院,赏金猎人,肖磊|张一晨|林俊逸,0,0,3,867,,,board
2024,kunming,B0603,深圳大学,Twilight Illusion,何元捷|郑博瀚|张艺轩,1,0,7,1241,59,silver,board
2024,kunming,B0604,云南财经大学,梦,陈书杨|姚泓希|张钊诚,1,0,0,0,445,,board
2024,kunming,B0605,重庆大学,《再写dp我吃》,刘家齐|王灿|周屹,1,0,3,357,297,,board
2024,kunming,B0606,湖南理工学院,蚕食清风,谢烨宇|邓云辉|邓乾烨,1,0,2,288,406,,board
2024,kunming,B0607,延安大学西安创新学院,BY.小羊驼,刘长磊|杨拓丹|李欣怡,1,0,2,152,384,,board
2024,kunming,B0701,成都信息工程大学,可我始终不及你的冰冷,季璨|秦朝超|王熙岚,1,0,4,468,202,bronze,board
2024,kunming,B0702,武汉理工大学,机械降神,朱振傲|朱选文|侯哲昊,1,0,7,956,39,gold,board
2024,kunming,B0703,上海交通大学,奇迹师歌队,楼灏|谭钧豪|徐君翊,1,0,7,1084,51,silver,board
2024,kunming,B0704,长沙学院,冲冲冲,应郑涛|曾翔|何南宁,1,0,5,1110,193,bronze,board
2024,kunming,B0705,重庆邮电大学,会A吗？会A的！,林地波|张膑予|燕绍雄,1,0,4,641,239,bronze,board
2024,kunming,B0706,宁夏理工学院,真寻教,刘聪涵|李恒|吴子翔,1,0,1,331,441,,board
2024,kunming,B0707,中国计量大学,队里三个陈那cf一定也是三个橙吧,陈忠鹏|陈家齐|陈敏,1,0,6,1101,109,silver,board
2024,kunming,B0801,浙江师范大学,再seeyou就得鱼鱼症了,潘锦桦|俞天琦|翁一栋,1,0,6,1050,106,silver,board
2024,kunming,B0802,北京航空航天大学,盟誓的文艺复兴,李澎瑞|孙健钧|黄伟宁,1,0,7,1112,56,silver,board
2024,kunming,B0803,中国地质大学（武汉）,折磨评测机,王晗宇|汪润东|吴易凡,1,0,3,395,310,,board
2024,kunming,B0804,南京大学,平流层,潘谟天|陆华均|陈梓睿,1,0,7,906,33,gold,board
2024,kunming,B0805,重庆科技大学,吃了蘑菇就置换,廖章昊|程琪淋|刘书秀,1,0,2,480,421,,board
2024,kunming,B0806,福建师范大学,杰尼龟生日快乐,柯培垚|王潇|林骅,1,0,6,871,88,silver,board
2024,kunming,B0807,乐山师范学院,那再想想,黄仪鸥|刘家康|屈嘉,1,0,2,106,378,,board
2024,kunming,B0901,中南林业科技大学,最后一舞,李逢浩|吴梦瑶|林世荣,1,0,3,435,320,,board
2024,kunming,B0902,国防科技大学,锦鲤,谢天一|刘杭宇|张广星,1,0,3,471,333,,board
2024,kunming,B0903,香港理工大学,兄弟，理好香,王骏峣|向昱帆|孙涵松,1,0,4,808,257,bronze,board
2024,kunming,B0904,浙江财经大学,鼠鼠会梦到压缩毛米做功吗,陈凯煜|桑汉成|唐俊杰,1,0,4,525,215,bronze,board
2024,kunming,B0905,吉林大学,结构化查询语言,苏睿杰|邱天|刘昱,1,0,5,679,139,bronze,board
2024,kunming,B0906,河海大学,我的acm铁牌物语果然有问题,付宏磊|朱庆刚|林桁,1,0,5,558,132,silver,board
2024,kunming,B0907,西南交通大学,胆小菇之梦,徐明山|丁昱|阚闯,1,0,3,407,313,,board
2024,kunming,B1001,苏州大学,绫地宁宁公主,史华睿|周骁逸|林昱彤,1,0,5,729,145,bronze,board
2024,kunming,B1002,陕西科技大学,比完就饥荒,胡跃|李聪睿|李瑜佳,1,0,2,185,393,,board
2024,kunming,B1003,南开大学,期末上机等评测何尝不是一种大比队,是忻言|史傅冠华|谭易,1,0,4,389,197,bronze,board
2024,kunming,B1004,武汉理工大学,*幻想乡旅行团,刘泽宇|巫殷凯|胡书诚,1,0,5,676,138,bronze,board
2024,kunming,B1005,杭州电子科技大学,杭电一队,马文浩|何卓锟|黄光升,1,0,8,906,8,gold,board
2024,kunming,B1006,石河子大学,你知道的，我在云南大学已经发现了青春魔法少女圆神梦到在河石子大学图书馆偷偷……,王晨旭|牛洋洋|谭耀聪,1,0,3,311,283,,board
2024,kunming,B1007,南阳师范学院,悬笔一绝,仵蓓文|黄景焜|邱志恩,1,0,3,367,299,,board
2024,kunming,B1101,西湖大学,鱼米之香,严密|周扬帆|王宇皓,1,0,6,898,91,silver,board
2024,kunming,B1102,北京理工大学珠海学院,新伙撩沅,王壮辉|蔡炆沅|丘晖扬,1,0,5,827,164,bronze,board
2024,kunming,B1103,浙江科技大学,想在昆明icpc邂逅兔耳acm学妹是不是搞错了什么,郑鑫|赵科竣|朱睿哲,1,0,5,827,164,bronze,board
2024,kunming,B1104,上海电力大学,取消思维流同步,王鼎皓|徐思睿|胡凌,1,0,3,423,315,,board
2024,kunming,B1105,长沙理工大学,流萤,沈彬宇|陈师贤|赵翰熙,1,0,6,951,97,silver,board
2024,kunming,B1106,长春理工大学,学弟带我飞,唐海原|陈奕帆|陶乐乐,1,0,5,801,162,bronze,board
2024,kunming,B1107,南通大学,NTU 1,肖如航|赵迪|梁曹开,1,0,4,628,235,bronze,board
2024,kunming,B1201,齐鲁工业大学,不破楼兰终不还,宋旭喆|高照翔|周宇聪,1,0,2,405,415,,board
2024,kunming,B1202,暨南大学,想想MJ怎么做,黄一帆|郑冰伟|林楷,1,0,3,277,282,,board
2024,kunming,B1203,福州大学,爱上一座城,郎易恒|方林升|陈建涛,1,0,4,618,233,bronze,board
2024,kunming,B1204,山东理工大学,我每天打ACM也没上瘾啊,杨庭硕|崔立栋|王佳丽,1,0,3,214,276,,board
2024,kunming,B1205,武汉科技大学,RELX悦刻幻影PRO,孙煜恒|朱俊杰|万家梁,1,0,7,1036,46,silver,board
2024,kunming,B1206,西南大学,SWU_Mygo!!!,盛明睿|韩清泉|游斯惟,1,0,5,970,185,bronze,board
2024,kunming,B1207,太原理工大学,会赢的,谢睿兴|翟晨好|胡锦旗,1,0,0,0,445,,board
2024,kunming,B1301,南京工业大学,我太想进步了,叶劭伟|钱致宁|杨苏陇,1,0,4,344,196,bronze,board
2024,kunming,B1302,武汉大学,依存症,林喆霖|蔡子|范锦炜,1,0,5,731,146,bronze,board
2024,kunming,B1303,西安交通大学,宇宙将为你闪烁,王禹皓|石皓文|邓熙健,1,0,6,991,101,silver,board
2024,kunming,B1304,东南大学,西西弗斯,刘一鸣|何辰玮|王俊迪,1,0,6,1043,105,silver,board
2024,kunming,B1305,浙江大学,十发罚时,吴与伦|徐锐扬|万弘,1,0,7,801,26,gold,board
2024,kunming,B1306,上海交通大学,影色舞,戴之恒|胡豪达|王越,1,0,7,1101,55,silver,board
2024,kunming,B1307,同济大学,本来挺喜欢ACM的,孙治弘|刘依扬|张乐天,1,0,6,908,93,silver,board
2024,kunming,B1401,昭通学院,昭昭和肖肖带着陈陈来见世面,肖文蕊|李明昭|陈礼琴,1,0,0,0,445,,board
2024,kunming,B1402,哈尔滨工业大学,w4p3r Black-fan Club,杜沛键|谢书泱|邱思宇,1,0,7,1013,41,gold,board
2024,kunming,B1403,山东科技大学,柏林号,岳立冬|徐熙睿|高宇,1,0,5,517,129,silver,board
2024,kunming,B1404,信息工程大学,物之不齐，物之情也,郑林|张仕杰|陈城洛,0,0,2,321,,,board
2024,kunming,B1405,山东大学,芝士队名,吴一豪|王路阳|王政骁,1,0,5,783,157,bronze,board
2024,kunming,B1406,南京大学,手气王定的,张瑞珉|朱羽宽|周宇曦,1,0,7,468,20,gold,board
2024,kunming,B1407,武汉学院,"人中赤兔,马中吕布",刘佳|沈济操|徐式飞,0,0,1,294,,,board
2024,kunming,B1501,香港中文大學,簽到失敗,龍瑞希|謝昶豪|黃進,1,0,7,1100,54,silver,board
2024,kunming,B1502,西湖大学,天生一队,楼鑫浩|刘振豪|杨宇恒,1,0,6,1016,102,silver,board
2024,kunming,B1503,武汉工程大学,她说我们之间没有结果，但我明明输出了ans,归子达|刘明|李佳航,1,0,4,474,206,bronze,board
2024,kunming,B1504,华中农业大学,不喜欢暴力的袋鼠哥哥,雷博琦|艾子鸣|胡泽宇,1,0,3,500,341,,board
2024,kunming,B1505,海南大学,洗澡不跳舞等于没洗,毛行轩|蔡佳城|胡瑞一,1,0,4,736,251,bronze,board
2024,kunming,B1506,中南大学,饿饿饿不知道吃什么,周学恒|刘鸣晓|刘润田,1,0,4,626,234,bronze,board
2024,kunming,B1507,北京邮电大学,来吧走起,王昰妍|梁浩然|李鹏烁,1,0,3,526,345,,board
2024,kunming,B1601,北方工业大学,落榜程序员,郑元兴|周易|王思诚,1,0,4,600,229,bronze,board
2024,kunming,B1602,西北大学,越来越好,易李彦翰|安俊杰|姜博宇,1,0,6,876,89,silver,board
2024,kunming,B1603,中国民航大学,编程萌新误入区域赛，偶遇签到强如怪物，拼尽全力AC它!,孔子豪|刘俊杰|罗霄鹏,1,0,3,315,285,,board
2024,kunming,B1604,北京航空航天大学,吃好喝好,吴昊恒|董雨润|李秉翰,1,0,6,733,79,silver,board
2024,kunming,B1605,兰州大学,真没睡,张恩彬|李大源|水源,1,0,7,1407,64,silver,board
2024,kunming,B1606,昆明理工大学,梯子，扔掉,姚舜禹|樊睿|李书阳,1,0,2,389,413,,board
2024,kunming,B1607,河海大学,想在xcpc用helix写rust,黄兆彬|任意|杨家辉,1,0,3,206,275,,board
2024,kunming,B1701,上海海洋大学,会编程到底是什么感觉,杨镇宇|庄勇腾|张华文,1,0,2,196,395,,board
2024,kunming,B1702,甘肃农业大学,两条鱼摆摆,周小超|张瑞坤|姜博博,1,0,1,129,429,,board
2024,kunming,B1703,天津理工大学,导员说ICPC不如蓝桥杯,佟佳华|陆思成|刘鑫星,1,0,3,558,351,,board
2024,kunming,B1704,深圳技术大学,SZTU_断了的轨迹,张俊城|莫昊|黄睿,1,0,3,546,350,,board
2024,kunming,B1705,华中师范大学,败犬acmer太多了,张凯文|杨波|汪祺祺,1,0,6,1335,121,silver,board
2024,kunming,B1706,西南石油大学,拿牌cos奶龙,赵泽熙|刁俊熙|索枭涵,1,0,3,741,368,,board
2024,kunming,B1707,宁夏大学,煎饼果子香菇酱,陈治平|刘城|郭正好,1,0,2,225,399,,board
2024,kunming,B1801,蒙自市第一高级中学,块状,孙浩天|张熙晨|黄逸,0,0,1,187,,,board
2024,kunming,B1802,厦门大学,辣味的烧卖,林育立|赵子越|郑榜韬,1,0,5,843,170,bronze,board
2024,kunming,B1803,西南财经大学,前进！冲击！突破！,杨文昊|王俊超|王世海,1,0,6,936,94,silver,board
2024,kunming,B1804,南京晓庄学院,第一次参加区域赛能给我们一块牌子吗,李鸣锬|黄齐|王思博,1,0,1,140,432,,board
2024,kunming,B1805,中国科学院大学,原神启动队,黄铮舸|唐睿|胡格致,1,0,6,718,77,silver,board
2024,kunming,B1806,河南理工大学,河狸诸葛亮,张荣昌|蒲叶|黄鸣轩,0,0,0,0,,,board
2024,kunming,B1807,成都信息工程大学,打算法竞赛也会遇见16岁天才美少女吗,曾乙|张永俊|章秀龙,1,0,4,485,208,bronze,board
2024,kunming,C0101,香港浸会大学,天线宝宝,印无忧|姜蒙|张旭景,1,0,3,371,301,,board
2024,kunming,C0102,西南民族大学,归于宁静,买鑫鑫|韦慧欣|蓝浩晨,1,0,3,323,287,,board
2024,kunming,C0103,中国传媒大学,从零开始的acmer生活,李繁耀|邱欣睿|谭泓,1,0,5,934,179,bronze,board
2024,kunming,C0104,四川大学,现梦,顾曦骏|王鹏超|杨轶涵,0,0,8,1192,,,board
2024,kunming,C0105,香港中文大學,會ac的,杨硕泽|鄒建兒|何翊蓁,1,0,4,1025,269,bronze,board
2024,kunming,C0106,江西农业大学,我这辈子就是被acm给害了,杨宪东|黄宇|许思帆,1,0,1,131,431,,board
2024,kunming,C0107,代码源,哥哥来了,杜瑜皓|蒋凌宇|盛通通,0,0,12,1397,,,board
2024,kunming,C0201,厦门理工学院,山水木,周子峰|林佳剑|黄锦浩,1,0,2,393,414,,board
2024,kunming,C0202,上海第二工业大学,粉红毛毛兔,邓人铭|马建强|沈序寒,1,0,5,820,163,bronze,board
2024,kunming,C0203,重庆大学,不考计算几何就摆烂,葛轩铭|陈泆君|鲁永卓,1,0,5,1239,195,bronze,board
2024,kunming,C0204,西安工业大学,超级梦之队,杨墨润柳|邓琦文|许家烨,1,0,5,791,160,bronze,board
2024,kunming,C0205,昆明理工大学,天命,彭云川|贾宇|唐余虎,1,0,1,252,437,,board
2024,kunming,C0206,湖南师范大学,你要来一杯旺仔爷爷吗,唐嘉彬|殷浩文|陶子杨,1,0,4,658,241,bronze,board
2024,kunming,C0207,合肥大学,候鸟,王国梁|杨仕超|吕文杰,1,0,2,143,383,,board
2024,kunming,C0301,福州大学,重返未来,游世伟|蔡长波|王子豪,1,0,7,1019,42,gold,board
2024,kunming,C0302,长春工业大学,"金子会发光,但我们是""老铁""",何少琪|陈柯嵩|李依隆,0,0,2,275,,,board
2024,kunming,C0303,武汉理工大学,曼波哈基米大战贤者三异鸟,周泽鹏|孙晨奥|邢家童,1,0,6,723,78,silver,board
2024,kunming,C0304,浙江工商大学,电之光,姚益浩|吴骏达|叶恒,1,0,3,471,333,,board
2024,kunming,C0305,深圳大学,不要找我打什么黑吗喽我要学算法打比赛OK?,查凯文|刘骐华|佘洽聪,1,0,4,395,198,bronze,board
2024,kunming,C0306,浙江广厦建设职业技术大学,vivo50,张皓杰|常天俊|余瑞,1,0,2,385,411,,board
2024,kunming,C0307,南京工程学院,NJIT_14队_我的银狼在哪里？,钱柯宇|陈昱安|黄子轩,1,0,3,323,287,,board
2024,kunming,C0401,四川大学,灵感满溢的程序创想,陈春昊|唐文可|邓善聪,1,0,4,692,247,bronze,board
2024,kunming,C0402,河南理工大学,橙子往昔,罗峻函|王郅明|高嘉琦,1,0,3,311,283,,board
2024,kunming,C0403,成都信息工程大学,帝企鹅,刘雨葳|李奕乐|林莫豪,1,0,6,982,100,silver,board
2024,kunming,C0404,东北林业大学,幻想的白色旅人,姚岳宸|高梓航|吕亮,1,0,3,769,371,,board
2024,kunming,C0405,上海师范大学,O(10086),曹旸|李嘉晟|方昕,1,0,1,474,444,,board
2024,kunming,C0406,华东交通大学,乱搞一下就对了,刘浩|李非凡|朱明亮,1,0,3,741,368,,board
2024,kunming,C0407,广东工业大学揭阳校区,见手青烤乳扇宣威火腿破酥包宜良烤鸭汽锅鸡,黄浩天|陈煜祺|向宇飞,1,0,3,479,337,,board
2024,kunming,C0501,清华大学,击中月亮,程思元|戚朗瑞|魏佳泽,1,0,10,1261,3,gold,board
2024,kunming,C0502,广西外国语学院,梦回长安，弥补西安邀请赛的遗憾,杨瑞杰|唐楷|蒋俊辉,1,0,3,353,296,,board
2024,kunming,C0503,湖南大学,小酒馆常客,丁海桐|孙保庆|李景越,1,0,3,454,327,,board
2024,kunming,C0504,江西财经大学,她还爱我对不队,黄亦诚|王玛琪|石翰林,1,0,5,669,137,bronze,board
2024,kunming,C0505,广东金融学院,尼得代码像答辩,徐展鹏|陈嘉亿|黄达知,1,0,1,435,443,,board
2024,kunming,C0506,北京大学,思路打开,管晏如|朱剑枫|张致,1,0,11,1264,2,gold,board
2024,kunming,C0507,南京信息工程大学,CF灰名也有打铁梦,宋思泽|崔嘉豪|龚敏,1,0,5,968,184,bronze,board
2024,kunming,C0601,成都东软学院,不敢想象没有clion的算法竞赛我该如何拼写全排列函数,薛熠|杨豪|夏健瑶,1,0,4,598,227,bronze,board
2024,kunming,C0602,厦门大学,传奇援桌骑士0x0d00,蔡培|刘之流|黄成选,1,0,5,890,175,bronze,board
2024,kunming,C0603,浙江理工大学,浙理不队,项帅|张浩|章智博,1,0,4,539,219,bronze,board
2024,kunming,C0604,中南大学,大鸟ZigZigZag,高雨涵|朱天乐|文启智,1,0,5,955,181,bronze,board
2024,kunming,C0605,代码源,四六七,李子鸣|刘恩赐|李瑚琏,0,0,3,304,,,board
2024,kunming,C0606,国防科技大学,青铜时代号,李泽锴|蒋卓彧|王荣航,1,0,6,1426,125,silver,board
2024,kunming,C0607,湖南理工学院,教练我想拿牌,郭烨铖|高天宇|徐程,1,0,3,202,274,,board
2024,kunming,C0701,哈尔滨工程大学,随风飘游于阳炎热浪,叶凯鹏|王亦凡|李简平,1,0,2,170,391,,board
2024,kunming,C0702,南京邮电大学,这不是梦！,胡乐安|崔晨曦|展翼,1,0,6,1037,104,silver,board
2024,kunming,C0703,郑州大学,你不笑，我笑,程申夫|郭易哲|刘开阳,1,0,3,329,290,,board
2024,kunming,C0704,江西财经大学,彩虹海,肖丛宇|张瑞杰|喻琰,1,0,4,549,221,bronze,board
2024,kunming,C0705,中国矿业大学（北京）,云淡风清,周发顺|王晨|徐靖涵,1,0,4,683,246,bronze,board
2024,kunming,C0706,西南科技大学,今天也想见到你,时玉成|张星宇|邓超文,1,0,3,509,342,,board
2024,kunming,C0707,清华大学,一路向北,许庭强|唐绍轩|周航锐,1,0,12,1549,1,gold,board
2024,kunming,C0801,浙江科技大学,djwcb,范思哲|孙以恒|杨佳涵,1,0,4,814,258,bronze,board
2024,kunming,C0802,华东师范大学,行则将至,杜霖|张潮|王江扬,1,0,3,676,363,,board
2024,kunming,C0803,湖南涉外经济学院,AC自动机能自动AC吗？,黄再浥|李茂清|罗新新,0,0,4,706,,,board
2024,kunming,C0804,厦门大学,暗黑影色舞,谢舜天|陈浩泽|杨晟明,1,0,6,1285,120,silver,board
2024,kunming,C0805,中国海洋大学,递归师傅,王俞鉴|李明朗|蔡万林,1,0,2,162,387,,board
2024,kunming,C0806,哈尔滨工业大学,碧天伴行,张城玮|卢景行|田宇丰,1,0,6,456,65,silver,board
2024,kunming,C0807,西北工业大学,小甜甜,李可期|邹嘉豪|钟涛宇,1,0,5,790,159,bronze,board
2024,kunming,C0901,山东大学（威海）,不可回收垃圾,温泽林|赵禹权|陈汶泽,1,0,3,694,364,,board
2024,kunming,C0902,兰州大学,自信，沉着，冷静。,吕澎|马良|吴晨阳,1,0,5,738,147,bronze,board
2024,kunming,C0903,湖南工学院,=188+182,刘志毫|陈翔|王江和,1,0,3,437,322,,board
2024,kunming,C0904,大连理工大学,理性蒸发,梁彦君|范辰一|赵子尧,1,0,3,259,279,,board
2024,kunming,C0905,中国科学技术大学,苕玩点原神,孙悦淳|金天昊|赖浩宸,1,0,4,411,199,bronze,board
2024,kunming,C0906,浙江理工大学,小喷菇懒得喷,干佳立|余首荣|姜楠,1,0,3,370,300,,board
2024,kunming,C0907,重庆邮电大学,这下不能再嘻嘻了,汪涛|孔剑彬|汪炜杰,1,0,3,812,372,,board
2024,kunming,C1001,北京工业大学,超长待机,佟祥正|管丹辰|陈建宇,1,0,4,779,254,bronze,board
2024,kunming,C1002,合肥工业大学,报名tv之教练手感特大两次忘记缴费报名导致天天做早操队成功坠桌,王腾昊|舒雨飞|韩昆桦,1,0,3,459,329,,board
2024,kunming,C1003,天津大学,这还是蟹堡王么,马宏伟|张明达|吕一然,1,0,6,1103,110,silver,board
2024,kunming,C1004,广州华商学院,ACM弱校不会梦见ICPC奖牌,黄文乐|陈钧泳|曾铖坚,1,0,0,0,445,,board
2024,kunming,C1005,中山大学,中山大学_题解的做法都,陈政宇|王宇晨|元朗曦,1,0,3,435,320,,board
2024,kunming,C1006,哈尔滨工业大学（深圳）,正在联系教练退赛,秦绍竣|王一鸣|任德阳,1,0,7,1073,47,silver,board
2024,kunming,C1007,浙大城市学院,夏日青空,林景阳|林嘉亮|许航杰,1,0,3,528,346,,board
2024,kunming,C1101,长沙理工大学,Sakura,唐彪|谭焱文|马艺,1,0,5,551,131,silver,board
2024,kunming,C1102,山西大学,败犬Acmer太多了,华晓飞|谢千一|贺文杰,1,0,4,850,259,bronze,board
2024,kunming,C1103,山东师范大学,多压力队友才会有好成绩,李浩|孙兆政|李睿琦,1,0,4,639,238,bronze,board
2024,kunming,C1104,浙江工商大学,空花阳焰,徐贤涛|王哲|薛强,1,0,4,501,211,bronze,board
2024,kunming,C1105,吉林大学,砖打林鸡,陈鹏旭|王天泽|王宗凡,1,0,7,1256,60,silver,board
2024,kunming,C1106,河南农业大学,一口菌子一块牌,齐子昊|宋博文|张云博,1,0,3,429,317,,board
2024,kunming,C1107,北京建筑大学,南京站打铜了。,徐乐然|朱智睿|谷子恒,1,0,3,469,332,,board
2024,kunming,C1201,电子科技大学,UESTC_十斤鸭梨,黄霖|徐辰烨|祁泓金,1,0,6,458,66,silver,board
2024,kunming,C1202,武汉纺织大学,因为太怕爆零就全交暴力了,蒋沈浩|胡劲睿|苏宇曦,1,0,3,487,339,,board
2024,kunming,C1203,SSerxhs,梦醒时分,凌子恒|Hypnagogia(教练),0,0,7,805,,,board
2024,kunming,C1204,江西师范大学,蚌麻乐典孝急,章文浩|张正航|杨旭,1,0,5,1164,194,bronze,board
2024,kunming,C1205,天津大学,狼王-亚索-司命,温梓昕|荆智彬|高家璇,1,0,4,416,200,bronze,board
2024,kunming,C1206,西安科技大学,嘿！你醒啦，你现在是女孩子啦！,李姜帅|寇宇凡|毛梓聿,1,0,3,344,292,,board
2024,kunming,C1207,苏州大学,明明是我先来的,肖锦嗣|王宇轩|李承庚,1,0,7,1025,43,gold,board
2024,kunming,C1301,杭州师范大学,一隅之梦,张朝|蔡宇欣|陈俊安,1,0,6,1098,108,silver,board
2024,kunming,C1302,中国科学院大学,不队,张高翔|陈麒安|张家诚,1,0,3,484,338,,board
2024,kunming,C1303,南京邮电大学,南京Hero久竞,廖梓轩|王瑞阳|陈华柯焱,1,0,4,553,222,bronze,board
2024,kunming,C1304,贵州大学,给你三次机会推倒我,高嘉阳|傅锦灿|胡梦昕,1,0,7,919,35,gold,board
2024,kunming,C1305,复旦大学,关注 Hydro 谢谢喵,陈佳鹏|徐子恩|于文阔,1,0,7,1001,40,gold,board
2024,kunming,C1306,浙江大学,又活一天,王楚淏|王羽立|高宏钧,1,0,8,1042,10,gold,board
2024,kunming,C1307,广州图灵编程,广州图灵编程,李贝瑀|彭海天|胡培真,0,0,5,372,,,board
2024,kunming,C1401,浙江财经大学,一路向北,周弋航|黄曦|王彦彬,1,0,3,432,319,,board
2024,kunming,C1402,武汉大学,蜜蜂俱乐部,熊师飏|潘非|李佳隆,1,0,8,1196,15,gold,board
2024,kunming,C1403,内江师范学院,三只蒟蒻,陈阳|李尚佳|叶先毅,1,0,0,0,445,,board
2024,kunming,C1404,西北工业大学,#N/A,王景珩|张天翔|牛马思元,1,0,7,1073,47,silver,board
2024,kunming,C1405,北京师范大学,芒果狗,季涛|王思潮|罗一粟,1,0,6,633,73,silver,board
2024,kunming,C1406,浙江工业大学,choke豁免检定大成功,鲍成|罗志炜|叶瑞阳,1,0,6,1168,113,silver,board
2024,kunming,C1407,中国科学技术大学,前社长想公费旅游于是被两位巨佬带飞,孙志浩|阎昶澍|梁嘉文,1,0,8,1196,15,gold,board
2024,kunming,C1501,广东工业大学,三句号,赵浩杰|陈建生|吴毓乐,1,0,5,1094,191,bronze,board
2024,kunming,C1502,北京科技大学,我再试试,何开煜|潘涵|董瑞洋,1,0,4,544,220,bronze,board
2024,kunming,C1503,怀化学院,蛋糕是个谎言,郑岳桓|陈皓|孟正浩,1,0,1,206,436,,board
2024,kunming,C1504,西安电子科技大学,三分之二去零点,曾岩|田康杰|夏秀锟,1,0,7,1030,44,gold,board
2024,kunming,C1505,湖南科技大学,求求给个兵马俑观光机会和白毛萝莉吧我们什么都可以做的,胡博潇|彭洋|杨紫陌,1,0,2,158,386,,board
2024,kunming,C1506,西安理工大学,珂朵莉,王颢焓|郝韵|周杨,1,0,3,371,301,,board
2024,kunming,C1507,湖南科技大学,万万大宝贝,万佳文|文帅|李中钰,1,0,5,766,152,bronze,board
2024,kunming,C1601,浙江万里学院,天人,王力澜|袁礼赞|钱沁浩,1,0,6,1194,115,silver,board
2024,kunming,C1602,哈尔滨工业大学（深圳）,猫猫不会数数,曹锦程|曹鹏宇|高子烽,1,0,7,923,36,gold,board
2024,kunming,C1603,广西大学,憧憬成为原神高手,张健明|高健宁|陶康,1,0,3,329,290,,board
2024,kunming,C1604,华中科技大学,五个月了不会喝果冻,吴高宇|李秉翰|黄国栋,1,0,5,789,158,bronze,board
2024,kunming,C1605,四川农业大学,塞伊格亚,陆奕舟|王瑞|淡鹏宇,1,0,1,129,429,,board
2024,kunming,C1606,北京大学,请在此处输入您的队名,胡家哲|冯天琦|陈浩霆,1,0,8,1075,13,gold,board
2024,kunming,C1607,Themis,小猫潜入机房偷走管控总线,葛昌威|无|无,0,0,3,690,,,board
2024,kunming,C1701,西南交通大学,冬日影,胡靖偲|刘俊豪|郑欢庆,1,0,2,438,417,,board
2024,kunming,C1702,西北工业大学,D.D.D.,吴语|武守恒|严诚治,1,0,6,819,84,silver,board
2024,kunming,C1703,洛谷科技,学海无涯，请关注洛谷进阶篇谢谢喵,崔博钧|莫骐彰|阚子淳,0,0,10,1537,,,board
2024,kunming,C1704,中国地质大学（武汉）,六神,何晓棠|毛郅皓|白浩文,1,0,2,364,409,,board
2024,kunming,C1705,南京航空航天大学,DML,沈运之|邵嘉奇|任衍硕,1,0,5,766,152,bronze,board
2024,kunming,C1706,长安大学,暴力与打表之神，请赐予我随机数过题的力量，阿门,辜颖燊|吴宇伦|靳泽宇,1,0,3,427,316,,board
2024,kunming,C1707,湖南大学,破空之虹,朱名扬|吕乐|张世东,1,0,7,765,25,gold,board
2024,kunming,D0101,广西科技大学,这是一场豪赌,徐尚毅|李鹤阳|朱济国,1,0,3,476,335,,board
2024,kunming,D0102,贵州民族大学,群星依旧,唐子蕃|郭晶|段翔韬,1,0,3,510,343,,board
2024,kunming,D0103,长春工业大学,见手青不比半熟豆角差,饶晟烨|张旭|刘明昊,1,0,3,588,354,,board
2024,kunming,D0104,武汉大学,请问您今天要来点蘑菇吗？,戴天奕|杨锦熙|魏俊涛,1,0,4,530,217,bronze,board
2024,kunming,D0105,河海大学,25时、在XCPC打铁,张天浩|杜泽恩|李金涛,1,0,4,782,256,bronze,board
2024,kunming,D0106,西北工业大学,憧憬成为算法少女,甘云帆|刘雨萱|钟礼恩,1,0,4,781,255,bronze,board
2024,kunming,D0107,广东技术师范大学,爱莉希雅世界第一可爱,黄宇凡|曹谦|李苇森,1,0,4,666,244,bronze,board
2024,kunming,D0201,杭州电子科技大学,杭电七队,王佳栋|刘亿臻|吴启航,1,0,6,1032,103,silver,board
2024,kunming,D0202,梦熊联盟,https://oier.team,陈亮舟|徐皓天|陈亮舟,0,0,8,827,,,board
2024,kunming,D0203,广州大学,六兆TLEと一WA物語,郑灵杰|林树沛|陈全隆,1,0,5,749,149,bronze,board
2024,kunming,D0204,齐齐哈尔大学,齐大是齐齐哈尔最好的大学，张雪峰都敢这么说,段圣宣|蓝俊贤|李奇运,1,0,2,581,424,,board
2024,kunming,D0205,长沙学院,三只小丑想拿牌,曾俊|张方林|杨李兵,1,0,3,350,295,,board
2024,kunming,D0206,南昌大学,雪月花,胡书惠|何超|满曜嘉,1,0,5,993,187,bronze,board
2024,kunming,D0207,湘潭大学,horizon,资刘宇凡|陈翔|许秋宇,1,0,5,886,174,bronze,board
2024,kunming,D0301,东北大学秦皇岛分校,灵感大王，限时返场,董淑睿|张昱东|张裕博,1,0,4,501,211,bronze,board
2024,kunming,D0302,西安交通大学,未铭记何谈淡忘,方亦晨|陈弘烜|陈光耀,1,0,7,911,34,gold,board
2024,kunming,D0303,浙江大学,幻想風靡,张志心|谭思成|柯怀俊,1,0,8,1233,18,gold,board
2024,kunming,D0304,宁波大学,啃键盘,蒋轶波|朱文豪|梁航锋,1,0,3,848,373,,board
2024,kunming,D0305,长安大学,躺一下就能队,陈炎松|刘新语|李思学,1,0,3,443,325,,board
2024,kunming,D0306,蒙自市第一高级中学,啥也不是,闫斯博|岳正曦|陈九初,0,0,1,85,,,board
2024,kunming,D0307,天津仁爱学院,梦幻小丑,李安磊|方思源|竺文博,1,0,5,794,161,bronze,board
2024,kunming,D0401,重庆理工大学,这一发贯穿星辰,江帅霖|雷涛|王俊杰,1,0,1,87,426,,board
2024,kunming,D0402,集美大学,我想同你永望黄昏,许超洪|颜秉轩|姚远,1,0,4,710,249,bronze,board
2024,kunming,D0403,河南工业大学,just enjoy it,汪明超|凡亚豪|曹子鹏,1,0,2,173,392,,board
2024,kunming,D0404,香港科技大学（广州）,汪汪汪,刘博文|吴星智|梁君豪,1,0,5,1107,192,bronze,board
2024,kunming,D0405,吉首大学,深海猫猫头,文凯|沈子杰|文旅航,1,0,4,471,205,bronze,board
2024,kunming,D0406,广东工业大学,我想拿牌子,李耿豪|黄博|周建宏,1,0,2,141,382,,board
2024,kunming,D0407,香港科技大学（广州）,ZJJ是赵家杰,张晋杰|赵欣昊|何家睿,1,0,6,503,67,silver,board
2024,kunming,D0501,西安交通大学,天狼星的心脏,洪家庆|刘一可|许孜诚,1,0,7,1165,58,silver,board
2024,kunming,D0502,华中科技大学,一如既往相信你的注册中心,毛嘉琛|雷昕延|马瑞暄,1,0,6,904,92,silver,board
2024,kunming,D0503,贵州大学,单驱三轮车,曾德鑫|杨尚卫|宋彩蝶,1,0,3,326,289,,board
2024,kunming,D0504,成都理工大学,二仙桥AP的救赎,杨轩宇|刘俊|李铨,1,0,3,430,318,,board
2024,kunming,D0505,蒙自市第一高级中学,本想把名字取得很长考验读榜的小姐姐又怕没实力上榜最后还是取了那么长队名的……,傅栎畅|田昀可|邓博仁,0,0,2,211,,,board
2024,kunming,D0506,浪人,幸福乐园,刘京升|沈旭平|王东生,0,0,6,784,,,board
2024,kunming,D0507,浙江万里学院,Made in Heaven,牛腾|何丰毅|张宇帆,1,0,2,417,416,,board
2024,kunming,D0601,东北大学,东北大学_12块银牌能不能换一块金牌,濮金骁|祝云飞|王子晗,1,0,7,1091,53,silver,board
2024,kunming,D0602,哈尔滨工业大学（威海）,一路顺風,许展翔|禚周浩然|焦浩清,1,0,5,706,144,bronze,board
2024,kunming,D0603,华南农业大学,打完成都站教练让我们换个队名,梁嘉俊|陈国豪|何勤政,1,0,4,916,264,bronze,board
2024,kunming,D0604,山东大学（威海）,挽圆神挽的,童延|钟菡树|钟菡树,0,0,4,626,,,board
2024,kunming,D0605,香港中文大学（深圳）,学勤同盟国,邓沣庭|李天拓|草光勤,1,0,2,385,411,,board
2024,kunming,D0606,华为技术有限公司,极光队,张元龙|戴志炜|唐京,0,0,7,1090,,,board
2024,kunming,D0607,香港浸会大学,香港师范大学,吴铮|蒋润浩|贾子涵,1,0,5,766,152,bronze,board
2024,kunming,D0701,杭州师范大学,春天的草莓和夏天的啤酒花,林丰|尤馨然|邵茹怡,1,0,2,132,380,,board
2024,kunming,D0702,北京航空航天大学,菌子突袭,王泓翔|严禹韬|谭喆文,1,0,6,818,83,silver,board
2024,kunming,D0703,宁夏大学,呃呃呃呃呃呃呃呃呃呃呃呃,陈天笑|林熠|郑英祺,1,0,2,276,403,,board
2024,kunming,D0704,西安电子科技大学,什么都不会也能参加acm吗,汤修齐|潘振|吴晨,1,0,5,1061,190,bronze,board
2024,kunming,D0705,北京师范大学香港浸会大学联合国际学院,爆炒见手青,赵浩然|杨睿果|陈劭延,1,0,3,439,324,,board
2024,kunming,D0706,韶关学院,公费打铁,朱子睿|谢泽栩|马嘉亮,0,0,3,489,,,board
2024,kunming,D0707,深圳职业技术大学,我爱昆明简称ikun,胡峰贤|侯增豪|陈泽锦,0,0,4,726,,,board
2024,kunming,D0801,大连海事大学,如果多A一道题她会多看我一眼吗,任品豪|王满阳|陆遥,1,0,2,562,423,,board
2024,kunming,D0802,山东财经大学,CF上分计划·向ICPC发起最后冲锋,吴方浩|于佳展|管南越,1,0,1,99,428,,board
2024,kunming,D0803,南京理工大学,你怎么知道我在南京站直播抽到了袋鼠,何平|彭锐政|陈静波,1,0,9,1244,7,gold,board
2024,kunming,D0804,贵州师范大学,榜单上移三厘米，优势在我。,李林朔|刘明辉|田冉,1,0,2,728,425,,board
2024,kunming,D0805,香港中文大学（深圳）,坏了队,蒋一歌|何润元|曾子荣,1,0,8,911,9,gold,board
2024,kunming,D0806,华中科技大学,银麻了,方昀昊|陈浩天|李海疆,1,0,7,890,31,gold,board
2024,kunming,D0807,四川师范大学,就算是中二病也要谈恋爱,董军军|邓厚锐|李嘉乐,1,0,2,245,400,,board
2024,kunming,D0901,南京农业大学,那年春，除却AC不是真,朱立明|顾慎之|邵筠淇,1,0,2,221,398,,board
2024,kunming,D0902,桂林信息科技学院,不会二分,甘泉|刘自强|石佳磊,1,0,1,291,439,,board
2024,kunming,D0903,东华理工大学,球球啦，我只想拿牌牌报销销,王继源|方鑫|程健,1,0,4,682,245,bronze,board
2024,kunming,D0904,南京大学,屋旁的青草,陈昊洋|梁航宇|陈子达,1,0,6,771,81,silver,board
2024,kunming,D0905,陕西师范大学,NO ICPC NO LIFE: 编程人生,陈明坤|吴若晗|赵欣颖,1,0,4,608,231,bronze,board
2024,kunming,D0906,大连理工大学,点铁成金,徐昊天|毛谦韵|孟家祺,1,0,6,979,99,silver,board
2024,kunming,D0907,江苏大学,扫一遍就过了,张道正|庞政|赵安杰,1,0,7,924,37,gold,board
2024,kunming,D1001,安徽大学,还真没有能够令人AC的隐藏指令,刘圆博|吕建强|许子桢,1,0,4,470,204,bronze,board
2024,kunming,D1002,佛山大学,追梦人,陈煜嘉|林佳余|薛明腾,1,0,2,462,419,,board
2024,kunming,D1003,乐山师范学院,漫云征途,罗明杨|王业鑫|杜金晶,1,0,4,592,226,bronze,board
2024,kunming,D1004,西安邮电大学,事已至此，先吃饭吧,马悦凯|董子豪|杨睿帆,1,0,3,344,292,,board
2024,kunming,D1005,阿坝师范学院,火攻,李先笙|胡航|刘付焮,1,0,2,127,379,,board
2024,kunming,D1006,浙江师范大学,五金店,童培峻|余健原|李羿辰,1,0,5,875,172,bronze,board
2024,kunming,D1007,中南民族大学,家里铃仙想要吃牌子所以来打奖牌,吴佳明|陈宇轩|林俊彦,1,0,3,392,307,,board
2024,kunming,D1101,香港中文大学（深圳）,通顶雪道,忙秋阳|郭青硕|孙悠然,0,0,7,976,,,board
2024,kunming,D1102,西南交通大学,脑袋尖尖,陈凯南|廖智成|徐丁阳,1,0,3,722,366,,board
2024,kunming,D1103,杭州电子科技大学,杭电4队,罗传杰|俞越|张雨泽,1,0,4,1011,268,bronze,board
2024,kunming,D1104,香港中文大學,放學後飲茶時間,翁澤輝|左正楠|杜景滔,1,0,6,1229,117,silver,board
2024,kunming,D1105,同济大学,仙银,郎若谷|高胜寒|李堂辉,1,0,7,953,38,gold,board
2024,kunming,D1106,西安电子科技大学,水产王,孙振元|陈俊丞|王骏杰,1,0,7,1278,61,silver,board
2024,kunming,D1107,北京大学,随机匹配,柯绎思|柯怿憬|谢梓涵,1,0,9,881,5,gold,board
2024,kunming,D1201,上海海事大学,Just do it,郑天罡|陆宁韬|王梓凡,0,0,3,995,,,board
2024,kunming,D1202,梧州学院,队友只要过题就好了，而我要考虑的事情就很多了,陈健宇|关子俊|刘斯君,1,0,1,169,433,,board
2024,kunming,D1203,北京交通大学,白夜追风,殷澄宇|陈可致|杨展宇,1,0,6,1124,111,silver,board
2024,kunming,D1204,电子科技大学中山学院,澄净闪耀,董泓栎|樊洪源|洪金健,1,0,4,746,252,bronze,board
2024,kunming,D1205,上海交通大学,只支持修改，不支持查询,杨崇烨|李俊毅|于恩帝,1,0,8,1093,14,gold,board
2024,kunming,D1206,重庆理工大学,乱,于张本|许润峰|张洋,1,0,5,836,167,bronze,board
2024,kunming,D1207,韶关学院,学不懂英语，也看不懂你,叶福都|梁炜蜃|黄炜骅,0,0,0,0,,,board
2024,kunming,D1301,江西理工大学南昌校区,三只菜狗的算竞梦,刘化龙|黄坪|李子昱,1,0,5,576,133,silver,board
2024,kunming,D1302,天津大学,锐刻没有电,黄涛|范艳青|邓锦源,1,0,5,838,168,bronze,board
2024,kunming,D1303,烟台科技学院,对什么队,徐召佳|张志伟|宋宗昱,1,0,2,475,420,,board
2024,kunming,D1304,江苏海洋大学,好好学习，天天向上,房鸿铭|无|无,0,0,1,205,,,board
2024,kunming,D1305,湖南科技学院,样例过了真就A,曾志|廖鑫|杨欢,1,0,2,279,404,,board
2024,kunming,D1306,西安理工大学,庄周梦韩,韩明轩|庄睿君|周彦泽,1,0,2,312,407,,board
2024,kunming,D1307,山东大学,SDU-TCS,王天竹|袁胜利|禚安垣,1,0,6,1182,114,silver,board
2024,kunming,D1401,安徽理工大学,我这一生如履薄冰，你说我能AC这题吗,罗献政|袁赐云|林逸晖,1,0,3,374,305,,board
2024,kunming,D1402,青岛理工大学,无垠序曲,胡书杰|魏天意|韦振兴,1,0,4,701,248,bronze,board
2024,kunming,D1403,新疆大学,我有一个AC梦,郑淇耀|骆承|夏清伟,1,0,3,544,349,,board
2024,kunming,D1404,上海大学,清醒后才发现这是XCPC,韦杰恒|蔡轩|黄垒,1,0,4,528,216,bronze,board
2024,kunming,D1405,宜春学院,Running on test2,胡帅|施硕|彭曦,0,0,1,194,,,board
2024,kunming,D1406,龙岩学院,小甜妹不想难铜,郭泽楷|黄斌强|白宇,1,0,1,266,438,,board
2024,kunming,D1407,上海财经大学,申耶冲击,郭士纳|史靖玮|姜聿时,1,0,4,533,218,bronze,board
2024,kunming,D1501,北京大学,呜呜呜嘤嘤嘤哇哇哇,罗思远|孟煜皓|葛子越,1,0,10,1360,4,gold,board
2024,kunming,D1502,中南大学,老司机带带我,吴子健|朱芝毅|林宇煌,1,0,4,435,201,bronze,board
2024,kunming,D1503,温州大学,七彩阳光,王世昌|梅皓翔|何家燊,1,0,4,609,232,bronze,board
2024,kunming,D1504,四川大学,猫狗鱼,田烨|吴卓琦|黄奕浩,1,0,5,839,169,bronze,board
2024,kunming,D1505,上海大学,类人Malou,张学鹏|方任斌|陈仕杰,1,0,6,1127,112,silver,board
2024,kunming,D1506,安徽大学,嗷呜嘎嘎,桑浩翔|胡明道|沈欣悦,1,0,3,462,331,,board
2024,kunming,D1507,福州大学,太伟大了哈基米,黄旭|陈宇|郑恩琦,1,0,5,923,177,bronze,board
2024,kunming,D1601,上海理工大学,千音迭奏 群星赋格,潘嘉阳|王一学|周春樵(教练),1,0,4,1226,271,,board
2024,kunming,D1602,华中科技大学,键盘、孤独与苦来兮苦,郭梓洋|刘嘉恒|王子石,1,0,4,480,207,bronze,board
2024,kunming,D1603,复旦大学,怎么表达都可以,曲泽阳|房天乐|谢志得,1,0,6,560,68,silver,board
2024,kunming,D1604,成都理工大学,还在整薯条的摸鱼队！,何年|朱皓宇|李灿,1,0,2,168,389,,board
2024,kunming,D1605,成都大学,都市狂少,何智恒|翟鑫麟|黄兵,1,0,5,845,171,bronze,board
2024,kunming,D1606,合肥工业大学宣城校区,All Fires the Fire,徐宇宸|于鸥鹿|王泓杰,1,0,3,261,280,,board
2024,kunming,D1607,香港城市大学,答案过了,王力恒|N.A.|N.A.,1,0,2,483,422,,board
2024,kunming,D1701,广西师范大学,哦吼吼吼吼吼,王功磊|马将|周紫阳,1,0,4,579,224,bronze,board
2024,kunming,D1702,吉利学院,吉利太美,罗志豪|何正|郑洪章,1,0,2,140,381,,board
2024,kunming,D1703,韶关学院,码农转生~到了区域赛就拿出真本事,冯诺维|康丁魁|陈兴翰,1,0,4,661,242,bronze,board
2024,nanjing,A0101,北京大学,赤橙黄绿青蓝紫,蒋凌宇|钱易|时庆钰,0,0,11,1576,,,board
2024,nanjing,A0102,嗨鸠科技,关注Hydro喵关注深入浅出进阶篇谢谢喵,陈佳鹏|徐子恩|于文阔,0,0,7,1114,,,board
2024,nanjing,A0103,华为技术有限公司,中山大学_新生三队,邓明昱|左谭励|欧梓洋,0,0,6,827,,,board
2024,nanjing,A0104,个人参赛,再续夜航,杜瑜皓|许庭强|周康阳,0,0,11,1144,,,board
2024,nanjing,A0105,南京航空航天大学,错误,吕俊琪|赵乐坤|胡昊天,0,0,7,984,,,board
2024,nanjing,A0201,泰州学院,对对对,吕志国|季冉|孙浩,1,0,1,77,331,,board
2024,nanjing,A0202,河海大学,我的acm铁牌物语果然有问题,付宏磊|朱庆刚|林桁,1,0,4,671,123,bronze,board
2024,nanjing,A0203,宁波大学,三人小队,刘毅|李安康|曾昆,1,0,4,398,65,silver,board
2024,nanjing,A0204,北京大学,躺在沙发上变成没知觉的植物沉入泥中蝶泳,叶子川|马未然|翟锦程,1,0,8,1026,3,gold,board
2024,nanjing,A0205,南京理工大学,太空猫猫头,陈宇航|许廷阳|谭清海,1,0,4,633,115,bronze,board
2024,nanjing,A0301,江西师范大学,蚌麻乐典孝急,章文浩|张正航|杨旭,1,0,3,515,226,,board
2024,nanjing,A0302,华南理工大学,《与主更近》,陈鹏|关锦权|梁国轩,1,0,5,765,47,silver,board
2024,nanjing,A0303,重庆大学,从大三开始打铁的XCPC生活,刘家齐|王灿|李欣悦,1,0,2,93,247,,board
2024,nanjing,A0304,中国科学技术大学,丝路市西套村代表队,周翟恩和|洪文杰|郭一航,1,0,8,910,2,gold,board
2024,nanjing,A0305,中国农业大学,沙威玛传奇,李晗|季楷翔|马铭浩,1,0,3,364,185,bronze,board
2024,nanjing,A0306,浙江师范大学,主C没来,厉文浩|陈增豪|许凯胤,1,0,4,645,118,bronze,board
2024,nanjing,A0307,南京信息工程大学,我都可以,孙嘉诚|朱一诺|俞卓群,1,0,3,197,134,bronze,board
2024,nanjing,A0401,武汉理工大学,空置幻想,李晨|俞烨宸|李意峰,1,0,3,444,208,,board
2024,nanjing,A0402,北京理工大学,Penalty这么高它的意思一定是分数吧,柯宁皓|张思哲|黄康,1,0,6,798,22,gold,board
2024,nanjing,A0403,华南农业大学,没有空的桌子了,巴云浩|吴文斌|林永鸿,1,0,2,263,309,,board
2024,nanjing,A0404,宿迁学院,我是卖鱼的,王艳|徐元昊|李周晗,1,0,1,291,334,,board
2024,nanjing,A0405,宁波大学,Nullpo?Ga!,陈一波|胡健山|严齐航,1,0,2,169,281,,board
2024,nanjing,A0406,阜阳师范大学,又双叒叕到了难搞的时候,胡召鑫|张美星|邢文俊,1,0,3,236,141,bronze,board
2024,nanjing,A0407,西南大学,SWU_Mygo,盛明睿|韩清泉|游斯惟,1,0,3,361,182,bronze,board
2024,nanjing,A0501,湖南大学,无限循环,邱琼林|蔡芸涛|刘继云,1,0,2,311,316,,board
2024,nanjing,A0502,哈尔滨工程大学,有人说亡藜伴白首不如物流部报数那为什么不叫王老板爆杀,王一帆|张传炯|金炜东,1,0,4,606,99,silver,board
2024,nanjing,A0503,南京林业大学,25浙软点击就送,喻灯|缪若凡|俞言骐,1,0,2,256,308,,board
2024,nanjing,A0504,南京理工大学泰州科技学院,败犬acmer太多了,马宇乐|张兆洋|王超奇,1,0,2,246,304,,board
2024,nanjing,A0505,中国矿业大学（北京）,守村人,罗心伟|郭天茁|史坪巧,1,0,5,730,44,silver,board
2024,nanjing,A0506,东北大学秦皇岛分校,鸡鸣湖畔,司伟业|张昱东|张裕博,1,0,4,506,79,silver,board
2024,nanjing,A0507,中国传媒大学,开演,陈旻庚|朱霁|叶阳,1,0,3,363,184,bronze,board
2024,nanjing,A0601,华中师范大学,败犬acmer太多了,张凯文|杨波|汪祺祺,1,0,5,802,48,silver,board
2024,nanjing,A0602,浙江理工大学,汪汪队不立功,裘雨彤|陈钢|上官福诚,1,0,3,386,191,bronze,board
2024,nanjing,A0603,常熟理工学院,成为无业游民前的最后一舞,顾家豪|王凌云|戈心宇,1,0,3,342,171,bronze,board
2024,nanjing,A0604,中国计量大学,队名？猫猫肯定有灵感,何劭弘|刘子杭|张民权,1,0,2,160,273,,board
2024,nanjing,A0605,浙江机电职业技术学院,克图格亚,张宏伟|戚俊豪|滕冠宇,1,0,2,343,321,,board
2024,nanjing,A0606,北京化工大学,你先开的,熊家怡|曾赫喆|安晓阳,1,0,4,594,94,silver,board
2024,nanjing,A0607,浙江科技大学,这是你起的名字吗,胡仕豪|胡大帅|郑双,1,0,3,343,172,bronze,board
2024,nanjing,A0701,西北工业大学,奥恩,杜鑫怡|黄煜|刘锦奇,1,0,3,415,201,,board
2024,nanjing,A0702,北京林业大学,皓腕凝霜雪,蔡优|管穗京|梅涵,1,0,2,83,245,,board
2024,nanjing,A0703,北华大学,always wrong answer,叶鑫楠|成鲜微|张珈铭,1,0,2,156,271,,board
2024,nanjing,A0704,安阳工学院,让我AC好不好,刘浩楠|张浩祥|李自豪,1,0,2,108,253,,board
2024,nanjing,A0705,大连大学,队里有人玩原神,张逸璇|魏恒彬|蒋文博,1,0,4,634,116,bronze,board
2024,nanjing,A0706,浙江大学,来生,彭博|严子轩|张湫阳,1,0,8,848,1,gold,board
2024,nanjing,A0707,哈尔滨工业大学（深圳）,潜水小怪,孙宇开|羊柯伍|梁彬,1,0,5,847,51,silver,board
2024,nanjing,A0801,云南大学,YNUER-ICPC,周志昊|高凌豪|崔耀,1,0,3,398,195,bronze,board
2024,nanjing,A0802,浙江中医药大学,赛博中医,王震|黄超逸|何子涵,1,0,2,250,307,,board
2024,nanjing,A0803,南京邮电大学,WA足180发,李佳灿|李治成|阚文博,1,0,2,193,292,,board
2024,nanjing,A0804,东北大学,NEU_飞禽走兽,王涵聪|王啸烽|陈增杰,1,0,7,1141,15,gold,board
2024,nanjing,A0805,浙江万里学院,MikuFans,侯睿远|赵之钰|竺夏,1,0,4,627,110,bronze,board
2024,nanjing,A0806,杭州师范大学,我想想,葛宇逍|吴睿萱|鲁安鹏,1,0,2,146,267,,board
2024,nanjing,A0807,天津仁爱学院,真心为你,熊雨荻|王志毅|许钰轩,1,0,2,309,315,,board
2024,nanjing,A0901,扬州大学,柚子醋蒸虾头,蒋蠡|余兴正|宋世荣,1,0,3,303,157,bronze,board
2024,nanjing,A0902,山东大学,你有这样高速运转的机械进入软件园,孙语聪|孟令铠|燕学烨,1,0,2,149,269,,board
2024,nanjing,A0903,北京理工大学,存在证明的自动机械,金典|黄冠泽|钟星宇,1,0,4,629,112,bronze,board
2024,nanjing,A0904,复旦大学,以键盘的音色世界鸣响,白杨硕|林诗航|张一白,1,0,4,357,59,silver,board
2024,nanjing,A0905,中南大学,新建文件夹,吴让尧|李佑唐|王冠楠,1,0,2,135,263,,board
2024,nanjing,A0906,同济大学,星辰之音,杨非凡|尚莉强|吕博文,1,0,4,502,78,silver,board
2024,nanjing,A0907,南京工程学院,NJIT_13队_未闻狼名,丁昊|张诺言|崔东靖,1,0,2,100,249,,board
2024,nanjing,A1001,湘潭大学,夜曲,曾庆鑫|叶祖晨|卓越,1,0,4,625,108,bronze,board
2024,nanjing,A1002,集美大学,夏日重现,道又铭|叶文定|庄晓兵,1,0,4,452,70,silver,board
2024,nanjing,A1003,杭州电子科技大学,杭电11队,成家康|刘翔|袁宇轩,1,0,2,159,272,,board
2024,nanjing,A1004,齐鲁工业大学,还没到六点，早安你个头,杨梓睿|张宸维|国展源,1,0,3,394,193,bronze,board
2024,nanjing,A1005,东北大学,东北大学_夕阳红小队,濮金骁|祝云飞|王子晗,1,0,4,429,66,silver,board
2024,nanjing,A1006,上海大学,我来助你！,焦艺峰|张静雯|刘聿承,1,0,2,189,288,,board
2024,nanjing,A1007,杭州电子科技大学信息工程学院,无尽的风之轨迹,杨鑫|尹凯乐|周越,1,0,5,574,30,gold,board
2024,nanjing,A1101,中国科学院大学,加州大学早八分校,唐嘉良|陈凝香|许晋升,1,0,3,406,197,bronze,board
2024,nanjing,A1102,湖南理工学院,打个表先,唐天华|费峥宇|周旭,1,0,3,415,201,,board
2024,nanjing,A1103,中国人民大学,智算先锋,蔡松洋|朱哲|崔恩赫,1,0,4,907,132,bronze,board
2024,nanjing,A1104,北京邮电大学,堂吉诃德,卢安来|王冀恒|管庆涵,1,0,6,795,21,gold,board
2024,nanjing,A1105,南京邮电大学通达学院,最好的结局,陈天意|杨有成|杨雷,1,0,3,476,221,,board
2024,nanjing,A1106,中山大学,中山大学_队,吴振熙|谭栋泽|万耀文,1,0,4,619,106,bronze,board
2024,nanjing,A1107,武汉理工大学,靠两位大爹带,张云迪|郭征威|陈涛,1,0,3,463,217,,board
2024,nanjing,A1201,上海大学,类人Malou,张学鹏|方任斌 |陈仕杰,1,0,4,372,61,silver,board
2024,nanjing,A1202,南开大学,对他使用dijkstra吧,冯宇好|杨澍|廖望,1,0,2,124,259,,board
2024,nanjing,A1203,北京建筑大学,只刷某扣,朱智睿|张禾|王弘毅,1,0,3,311,160,bronze,board
2024,nanjing,A1204,温州大学,温大二十二队,王世昌|梅皓翔|何家燊,1,0,2,318,318,,board
2024,nanjing,A1205,天津大学,T_T,王嘉晨|郑海明|张翔智,1,0,3,453,214,,board
2024,nanjing,A1206,北京航空航天大学,不拿金牌不报销,廖鹏飞|陈睿正|闫佳豪,1,0,4,690,126,bronze,board
2024,nanjing,A1207,深圳技术大学,SZTU_断了的轨迹,张俊城|莫昊|黄睿,1,0,4,601,96,silver,board
2024,nanjing,A1301,青岛大学,月色回音,曾学钦|代自超|李子涵,1,0,4,604,98,silver,board
2024,nanjing,A1302,江苏大学,铁牌也是牌,周文杰|杨皓煜|沙先银,1,0,2,104,251,,board
2024,nanjing,A1303,广州大学,六兆TLEと一WA物語,郑灵杰|林树沛|陈全隆,1,0,3,202,136,bronze,board
2024,nanjing,A1304,昆山杜克大学,沙威玛转acm,胡子|王钧澎|袁天骏,1,0,5,874,55,silver,board
2024,nanjing,A1305,江西财经大学,彩虹海,喻琰|肖丛宇|周政,1,0,3,546,230,,board
2024,nanjing,A1306,华中农业大学,卡题的时候在干什么？有想法吗？可以AC吗？,苏森阳|王敬淞|邵晨曦,1,0,3,466,220,,board
2024,nanjing,A1307,重庆邮电大学,撒卡班龙鱼,黄柯|朱烨彬|罗俊麟,1,0,2,185,286,,board
2024,nanjing,A1401,中国人民大学,字节无虞,刘嘉俊|孟珺|钱泽瑄,1,0,4,597,95,silver,board
2024,nanjing,A1402,盐城工学院,挑战者,曹翔|叶学成|王俊皓,1,0,1,199,332,,board
2024,nanjing,A1403,南京师范大学,你这个人，满脑子都是AC呢,陆昊宇|季润民|徐耀,1,0,2,203,296,,board
2024,nanjing,A1404,北京邮电大学,帮帮我，评测机老爷爷！,蔡禹煊|曾巍|蔡佩霖,1,0,4,448,69,silver,board
2024,nanjing,A1405,北京大学,欠了学校999度电,林帮才|陈知轩|龚欣洋,1,0,7,750,5,gold,board
2024,nanjing,A1406,湖南工业大学,断桥下听雨落,杨泰|林思|肖明阳,1,0,3,314,163,bronze,board
2024,nanjing,A1407,南京农业大学,没有人比我更懂AC,黄子琰|张博轩|魏尧选,1,0,3,387,192,bronze,board
2024,nanjing,A1501,西北工业大学,别人AC我们WA,吴旭昊|白昊明|吴天烨,1,0,2,293,313,,board
2024,nanjing,A1502,南京工业大学,我太想进步了,叶劭伟|钱致宁|杨苏陇,1,0,3,333,168,bronze,board
2024,nanjing,A1503,杭州师范大学,再想想特判？,周奕|江宇帆|戴子晟,1,0,2,171,282,,board
2024,nanjing,A1504,东北林业大学,战术AC系统上线,兰若峰|刘澎|孙晟棋,1,0,3,608,235,,board
2024,nanjing,A1505,山西大学,睡教信徒,谢千一|贺文杰|刘啸坤,1,0,2,99,248,,board
2024,nanjing,A1506,南京大学,不敢苟铜,熊俊淇|李方泽|陈哲敏,1,0,5,693,41,silver,board
2024,nanjing,A1507,北京理工大学,你们可以抽象，但是别太抽象,蒋济遥|陈奕帆|刘济尧,1,0,3,446,210,,board
2024,nanjing,A1601,东南大学,汪汪队,李睿佳|吴思源|崔家骏,1,0,2,148,268,,board
2024,nanjing,A1602,南通大学,纷乱头脑,陆玺州|李梓鸣|赵力岩,1,0,3,326,165,bronze,board
2024,nanjing,A1603,常州大学,三个绿名,王成晨|许晨辉|庄季旭,1,0,3,312,162,bronze,board
2024,nanjing,A1604,东华大学,陈晓剑舞,孙逸凡|杨文杰|郭旭阳,1,0,3,211,138,bronze,board
2024,nanjing,A1605,南京信息工程大学,随机做题,刘城垚|李鸿硕|丁诚诚,1,0,3,326,165,bronze,board
2024,nanjing,A1606,浙大宁波理工学院,猫猫队睡大觉,陈泽楷|吴承丞|戴柯求,1,0,3,404,196,bronze,board
2024,nanjing,A1607,广东工业大学,演奏春日影,庞翔|林正|梁展榕,1,0,7,1215,16,gold,board
2024,nanjing,A1701,厦门理工学院,猪猪图拨号,张子漠|黄鸿|唐旭,1,0,3,272,149,bronze,board
2024,nanjing,A1702,香港科技大学（广州）,扎古扎古，哥哥连A题都过不掉嘛,王向前|罗浩|储文皓,1,0,5,645,33,gold,board
2024,nanjing,A1703,南京大学,该名称已被占用,罗荣鑫|卢林强|汪文韬,1,0,5,933,58,silver,board
2024,nanjing,A1704,湖南城市学院,"晚安,诗音",李柯潘|陈佳辉|张文杰,1,0,2,76,244,,board
2024,nanjing,A1705,贵州大学,给你三次机会推倒我,高嘉阳|傅锦灿|曾德鑫,1,0,3,463,217,,board
2024,nanjing,A1706,浙大城市学院,冬雪涟,郭申申|鲁俊杰|张洋鸣,1,0,3,234,140,bronze,board
2024,nanjing,A1707,湖南科技大学,万万大宝贝,万佳文|文帅|李中钰,1,0,3,255,145,bronze,board
2024,nanjing,A1801,合肥大学,甘！文！！崔！！！,钟健|许志航|桑长安,1,0,3,343,172,bronze,board
2024,nanjing,A1802,中国矿业大学,矿兵出击,杨骐玮|卜炜珏|赵际云,1,0,3,511,225,,board
2024,nanjing,A1803,浙江工商大学,倚星折月,陈晨|干凯洁|龚嘉瑶,1,0,3,346,177,bronze,board
2024,nanjing,A1804,西安交通大学,事已至此，先派个人睡觉吧,封鸿焱|姜宇骋|王君睿,1,0,4,666,122,bronze,board
2024,nanjing,A1805,南京理工大学,八奈猫猫头,刘志豪|赵曰程|仇星博,1,0,2,167,278,,board
2024,nanjing,A1806,浙江师范大学,五金店,童培峻|余健原|李羿辰,1,0,4,634,116,bronze,board
2024,nanjing,A1807,西北工业大学,牛战士的AK之梦,黄知远|欧阳家杰|吕昊临,1,0,2,179,285,,board
2024,nanjing,A1903,山东大学（威海）,重生之我是明日方舟设计师,温泽林|陈汶泽|赵禹权,1,0,3,503,224,,board
2024,nanjing,A1904,武汉大学,永恒罅隙,张涵|孙阳光|金润禾,1,0,5,691,40,silver,board
2024,nanjing,A1905,西南交通大学,公主殿下护卫队,郭欣森|毛锦阳|陈凯南,1,0,3,350,179,bronze,board
2024,nanjing,A1906,天津工业大学,你有什么头猪吗？,应嘉宇|郭梦贞|赵艺稞,1,0,3,416,203,,board
2024,nanjing,A1907,北京航空航天大学,踩着华尔兹的猫,李澎瑞|孙健钧|黄伟宁,1,0,7,1134,14,gold,board
2024,nanjing,A2003,华南理工大学,洛杉矶糊人,严浩文|董宏远|李建成,1,0,4,714,127,bronze,board
2024,nanjing,A2004,上海大学,黑代码：悟昂,郭懿涵|赵文宇|陈亦善,1,0,3,440,207,,board
2024,nanjing,A2005,浙江广厦建设职业技术大学,让队友AC吧，我什么都会做的,陈硕|黄燊锐|陈斌,1,0,2,249,305,,board
2024,nanjing,A2006,西安交通大学,写都写了，交一发吧,贺睿杰|杨一帆|周品良,1,0,3,291,153,bronze,board
2024,nanjing,A2007,河南理工大学,Byd The Time,张逸晨|雷皓文|梁鑫雨,1,0,2,274,310,,board
2024,nanjing,B0501,上海理工大学,吃,章振杰|黄毅帆|龚丞思,1,0,3,215,139,bronze,board
2024,nanjing,B0502,河海大学,824赛博霍金肘击电子东雪莲0721次,徐子俊|罗誉|林煜斌,1,0,3,552,231,,board
2024,nanjing,B0503,重庆邮电大学,能不能交一次就对,汪涛|汪炜杰|孔剑彬,1,0,2,224,299,,board
2024,nanjing,B0504,香港中文大學,自攻螺絲,张天瀚|黃文禮|Poonyapat Sriroth,1,0,4,461,71,silver,board
2024,nanjing,B0505,北京师范大学,帅到师妹失眠狗,傅俊林|颜方志|罗一粟,1,0,3,412,200,,board
2024,nanjing,B0506,东北大学,东北大学_叫什么随便吧,徐海|韩重|肖举涛,1,0,5,856,52,silver,board
2024,nanjing,B0601,天津理工大学,天理兴，冰冰王！,成冰阳|李蒙海|赵海洋,1,0,2,200,295,,board
2024,nanjing,B0602,内蒙古大学,铁匠,张琦|许书豪|茌心宇,1,0,2,110,255,,board
2024,nanjing,B0603,福建理工大学,AC：从Debug到Accept开始的XCPC生活,周俊杰|郑少豪|颜嘉民,1,0,3,365,186,bronze,board
2024,nanjing,B0604,吉林大学,砖打林鸡,陈鹏旭|王天泽|王宗凡,1,0,3,384,190,bronze,board
2024,nanjing,B0605,浙江师范大学,未命名1.cpp,丁逸飞|王学远|章可仲,1,0,4,575,89,silver,board
2024,nanjing,B0606,电子科技大学,UESTC_等下掉线一会,赵锐枫|蔡锦哲|王东威,1,0,5,807,49,silver,board
2024,nanjing,B0701,中国石油大学（华东）,中石大1969,赵茁壮|袁伟豪|蒋砚池,1,0,3,479,222,,board
2024,nanjing,B0702,中国民航大学,四渡赤水,崔凌宵|陆浩楠|颜一鸣,1,0,4,550,87,silver,board
2024,nanjing,B0703,湘潭大学,码喽也有大圣梦,李名杰|王兮|郑智彬,1,0,3,240,142,bronze,board
2024,nanjing,B0704,北京航空航天大学,逆转光路的fumo,段岳辰|张子昱|任一杰,1,0,3,254,144,bronze,board
2024,nanjing,B0705,华中科技大学,点子哥，救救我,汪文卓|金城根|杨治,1,0,6,969,24,gold,board
2024,nanjing,B0706,西湖大学,轰炸机数学学院,汪阳|贾岚晴|俞开,1,0,5,667,38,silver,board
2024,nanjing,B0801,华侨大学,河出伏流,鄭創基|黄向杰|吴传虎,1,0,2,187,287,,board
2024,nanjing,B0802,吉林大学,划船全靠浪,武锦旗|刘凡平|赵星宇,1,0,5,660,36,silver,board
2024,nanjing,B0803,华中科技大学,长夜杯空,万睿朋|邓本永|李鑫,1,0,4,793,130,bronze,board
2024,nanjing,B0804,西南财经大学,贴上SWUFE，大显神威,肖旭仁|刘勇杰|刘俊宏,1,0,2,478,325,,board
2024,nanjing,B0805,武汉大学,三个人凑不出一个队名,徐嘉浩|罗岑|柯昀志,1,0,4,646,119,bronze,board
2024,nanjing,B0806,海南大学,半个南极人,胡瑞一|蔡佳城|毛行轩,1,0,2,190,289,,board
2024,nanjing,B0901,哈尔滨工业大学（威海）,神秘客,易子杰|顾伟宸|李泳明,1,0,4,647,120,bronze,board
2024,nanjing,B0902,北京邮电大学,摩可彭塔斯,区庆亮|鲍睿钊|谭怡萱,1,0,7,768,6,gold,board
2024,nanjing,B0903,新疆大学,花开城南,夏健翔|王可立|章凇瑜,1,0,4,674,124,bronze,board
2024,nanjing,B0904,清华大学,休闲大队,贾朝蓬|冷滟泽|骆科运,1,0,5,674,39,silver,board
2024,nanjing,B0905,桂林电子科技大学,无名之辈,林镔壕|张蓝天|陈星宇,1,0,3,344,175,bronze,board
2024,nanjing,B0906,中国矿业大学,发际线和我作对,周博岩|毛子瑜|李蕴龙,1,0,2,398,323,,board
2024,nanjing,B1001,华东理工大学,珂朵莉最可爱了,仇俊杰|徐池|张孙毓,1,0,2,301,314,,board
2024,nanjing,B1002,中国海洋大学,错误没有答案,冯钰恒|张成玺|陈岳阳,1,0,3,516,227,,board
2024,nanjing,B1003,哈尔滨理工大学,哈理工03-2队NJ,林如愿|薛皓元|黄忆杭,1,0,3,306,158,bronze,board
2024,nanjing,B1004,齐鲁工业大学,负重越野,吴斌|魏文泽|廉昌业,1,0,2,483,326,,board
2024,nanjing,B1005,兰州大学,真没睡,张恩彬|李大源|水源,1,0,5,737,45,silver,board
2024,nanjing,B1006,南京邮电大学,内鬼猫猫头,张禹健|冯一帆|文超航,1,0,5,568,29,gold,board
2024,nanjing,B1101,广东工业大学,紫罗兰永恒花园,何其浚|叶冠锋|张越,1,0,0,0,335,,board
2024,nanjing,B1102,清华大学,家里蹲,史家丞|仲煦北|李静榕,0,0,9,1112,,,board
2024,nanjing,B1103,香港中文大學,香港電視,張譯丰|Nguyen Le Thanh Nguyen|Thanapon Maiseaumsook,1,0,2,109,254,,board
2024,nanjing,B1104,中国石油大学（北京）,荣耀头盔,李松蔚|姜致远|林昱辰,1,0,3,262,147,bronze,board
2024,nanjing,B1105,中国科学技术大学,我...从来没觉得打比赛能AC过,栾峻岩|娄彦轩|陈天添,1,0,3,288,152,bronze,board
2024,nanjing,B1106,郑州大学,历史为什么选择了黄前久美子,罗飞云|彭俊儒|曹建壮,1,0,3,344,175,bronze,board
2024,nanjing,B1201,山东大学,电话微波炉（暂定）,詹靖杰|宿子腾|董家豪,1,0,4,361,60,silver,board
2024,nanjing,B1202,哈尔滨工业大学（威海）,寒冰屏障,刘锦标|盛凯|陈启蔚,1,0,2,164,276,,board
2024,nanjing,B1203,长春理工大学,海辰少儿信奥黄老师,陈奕帆|唐海原|黄炳睿,1,0,4,787,129,bronze,board
2024,nanjing,B1204,郑州轻工业大学,奶龙幼儿园,刘家贤|吴宇扬|姬孟龙,1,0,4,629,112,bronze,board
2024,nanjing,B1205,香港理工大学,Libo真爱♥粉丝,向昱帆|孙涵松|严章洋,1,0,7,892,9,gold,board
2024,nanjing,B1206,战略支援部队信息工程大学,肖舔犬,唐日文|陈铮|王瑞雪,1,0,0,0,335,,board
2024,nanjing,B1301,杭州师范大学,臣妾要告发孙答应私通,薛博文|王科然|徐鑫懿,1,0,2,236,302,,board
2024,nanjing,B1302,南京理工大学,猫猫头想吃鱼,查怡安|徐菲阳|陈文轩,1,0,3,380,188,bronze,board
2024,nanjing,B1303,河海大学,理塘王吃满0721次罚时后原神启动了,张紫轩|钱子恒 |李昱泓,1,0,2,249,305,,board
2024,nanjing,B1304,成都信息工程大学,可我始终不及你的冰冷,季璨|秦朝超|王熙岚,1,0,4,438,68,silver,board
2024,nanjing,B1305,东南大学,事已至此，先吃饭吧,靳赫涛|杜鑫研|毛周祥,1,0,4,375,63,silver,board
2024,nanjing,B1306,山东师范大学,零元组,王尧|张凤来|高天生,1,0,2,168,279,,board
2024,nanjing,B1401,华东师范大学,行则将至,杜霖|张潮|王江扬,1,0,3,459,215,,board
2024,nanjing,B1402,杭州电子科技大学,杭电5队,许思杰|蔡炜权|范宇航,1,0,4,391,64,silver,board
2024,nanjing,B1403,大连海事大学,慎终如始,张文豪|曹永琦|李岳衡,1,0,3,564,233,,board
2024,nanjing,B1404,厦门大学,我是取名困难症,彭泽喜|王业盛|何后天,1,0,3,427,204,,board
2024,nanjing,B1405,华东师范大学,至此，一锤定音,冯顾炜|许乐|冯嘉一,1,0,5,866,54,silver,board
2024,nanjing,B1406,西安电子科技大学,喵亦或鱼,谢睿杰|文童宇|冯子诚,1,0,5,539,28,gold,board
2024,nanjing,B1501,重庆理工大学,乱,于张本|许润峰|张洋,1,0,5,897,56,silver,board
2024,nanjing,B1502,华中师范大学,这里没有乐子,张书颇|严展翔|徐振迪,1,0,3,249,143,bronze,board
2024,nanjing,B1503,长沙理工大学,代码不能从这一侧AC,徐彬峰|詹一夫|王兴宇,1,0,5,723,42,silver,board
2024,nanjing,B1504,长沙理工大学,深藏不露,郭展宏|成捷|曾培翔,1,0,2,73,242,,board
2024,nanjing,B1505,上海大学,我将，扭转万象,王轶轩|邵一涵|卢昭阳,1,0,4,520,83,silver,board
2024,nanjing,B1506,江苏省常州高级中学,省常中三队,陈佳雨|蒋成栋|王晓睿,0,0,3,283,,,board
2024,nanjing,B1601,东北师范大学,巴别塔,项赞宇|贺金龙|齐进帅,1,0,2,115,257,,board
2024,nanjing,B1602,大连理工大学,可持久化猫猫虫自动机,刘博文|连茗暄|刘兆洲,1,0,4,575,89,silver,board
2024,nanjing,B1603,中南大学,塞尔达真好玩,高显堤|李奕儒|杜泊西,1,0,3,293,155,bronze,board
2024,nanjing,B1604,香港大学,热门流行音乐联盟,徐启越|吴语晨|李其轩,1,0,7,787,7,gold,board
2024,nanjing,B1605,中山大学,中山大学_破晓之旅,赵肖睿|刘志源|古鸣浩,1,0,6,610,17,gold,board
2024,nanjing,B1606,新疆大学,奇迹与你,古恩豪|黄梓峰|张志诚,1,0,3,447,211,,board
2024,nanjing,B1701,山东理工大学,无敌暴龙,牛嘉鑫|刘述开|周鵬,1,0,2,135,263,,board
2024,nanjing,B1702,复旦大学,杠上林克，队长砍树,邹畅|何友瑭|何昭琛,1,0,6,701,19,gold,board
2024,nanjing,B1703,太原理工大学,我有一个绝妙的算法，但空白处太少，我写不下,许星宇|荀思杰|宋宇臣,1,0,2,208,297,,board
2024,nanjing,B1704,牛客竞赛,过去软弱的我已经死了，现在更软弱的我又要死了！,兰宇平|张逸凡|林鑫淼,0,0,4,555,,,board
2024,nanjing,B1705,香港城市大学（东莞）,让我们说中文！欢迎来到ICPC的世界，准备好成为ICPC传奇了吗？,郭旺乐|袁庚麒|唐朝,1,0,2,151,270,,board
2024,nanjing,B1706,武汉纺织大学,武纺3队,孔浩杰|费文伟|谢飞,1,0,3,282,150,bronze,board
2024,nanjing,B1801,北京师范大学,苹果狗,陈志锐|徐若翔|王儒斌,1,0,4,601,96,silver,board
2024,nanjing,B1802,西湖大学,天生一队,楼鑫浩|刘振豪|杨宇恒,1,0,3,137,133,bronze,board
2024,nanjing,B1803,苏州大学,SUDA内存溢出,王天予|周子尧|汪子琛,1,0,2,312,317,,board
2024,nanjing,B1804,南京信息工程大学,Accept做得到吗,张泾玮|赵彬宏|田轹文,1,0,3,431,205,,board
2024,nanjing,B1805,南京大学,广告位招租,邓铭越|郦恒仪|程星智,1,0,4,630,114,bronze,board
2024,nanjing,B1806,浙江工业大学,ZJUT7,陆仙梁|冯梓航|施豪硕,1,0,4,590,92,silver,board
2024,nanjing,B1901,华南师范大学,ahafan,李梓健|蔡润钦|古嘉诚,1,0,3,666,237,,board
2024,nanjing,B1902,中国民航大学,ACMer的奇妙外卡物语,葛朋林|刘俊杰|罗霄鹏,1,0,3,291,153,bronze,board
2024,nanjing,B1903,香港大学,今天必须取个队名,杨明天|吴浩元|夏铭飞,1,0,3,268,148,bronze,board
2024,nanjing,B1904,武汉科技大学,理塘的最强傳説純真猛虎丁一郎,袁铭|潘骏|王宇杰,1,0,4,433,67,silver,board
2024,nanjing,B1905,华东师范大学,东方 homo 馆,漆宇祥|范晨阳|余东桦,1,0,4,586,91,silver,board
2024,nanjing,B1906,大连海事大学,黄气球杀手,任毅|张雨露|周晨枫,1,0,4,507,80,silver,board
2024,nanjing,B2001,东北大学,编程厨房,孙祥坤|张天一|卢逸衡,1,0,2,226,300,,board
2024,nanjing,B2002,南京大学,苏州梅友机场T1航站楼,于啸洋|马嘉骏|张铭恺,0,0,3,605,,,board
2024,nanjing,B2003,暨南大学,让三追梦,曾琪瑶|马子凯|王睿鑫,1,0,2,141,265,,board
2024,nanjing,B2004,南京邮电大学,AK的芙莉莲,熊鼎|耿嘉泽|杨珈懿,1,0,3,445,209,,board
2024,nanjing,B2005,哈尔滨工业大学（威海）,一路顺風,许展翔|禚周浩然|焦浩清,1,0,2,145,266,,board
2024,nanjing,B2006,华中科技大学,和平讨论不带节奏,聂卓然|冯育硕|杨家祯,1,0,5,864,53,silver,board
2024,nanjing,C0103,南京航空航天大学,DML,沈运之|邵嘉奇|任衍硕,0,0,4,527,,,board
2024,nanjing,C0104,上海楷登电子科技有限公司,射线,王思邈|胥啸虎|杨潇,0,0,5,824,,,board
2024,nanjing,C0105,南京外国语学校,sszcdjr fan club,李响|雷欣屿|汪飞鸿,0,0,9,1212,,,board
2024,nanjing,C0106,洛谷科技,我们需要更深入浅出一些,许烨恒|李宸宇|袁周律,0,0,7,936,,,board
2024,nanjing,C0107,南京大学,什么实力和我作队,周尹丞|刘子健|彭章荣,0,0,5,786,,,board
2024,nanjing,C0203,江苏大学,扫一遍就过了,张道正|庞政|赵安杰,1,0,4,804,131,bronze,board
2024,nanjing,C0204,中国科学技术大学,Team114514 ,王俊又|方致远|彭予乐,1,0,2,163,274,,board
2024,nanjing,C0205,广西大学,憧憬成为原神高手,张健明|高健宁|陶康,1,0,3,545,229,,board
2024,nanjing,C0206,四川大学,前世爱吃TLE的我，如今转生4K分TLEourist,王枭越|李浩|曾灵杰,1,0,2,196,293,,board
2024,nanjing,C0207,武汉理工大学,*打星参赛,周豪|黄若煊|王秋林,1,0,2,280,312,,board
2024,nanjing,C0301,湖南师范大学,咕噜咕噜哇啦哇啦波奇波奇,王雨清|高嘉鑫|董爵硕,1,0,3,300,156,bronze,board
2024,nanjing,C0302,成都理工大学,我嘞个豆豆啊,张晨瑀|陈家宝|向坪君,1,0,4,626,109,bronze,board
2024,nanjing,C0303,鲁东大学,燎原,杨荫洲|吕方伟|刘春蒲,1,0,2,165,277,,board
2024,nanjing,C0304,西安电子科技大学,醉里挑灯看键,俞凯嘉|陈俊睿|洪龙颖,1,0,3,371,187,bronze,board
2024,nanjing,C0305,江西农业大学,我已亭亭，不忧亦不惧,陈烨|闫卡特|江柏霖,1,0,2,191,290,,board
2024,nanjing,C0306,南开大学,退休养老,刘诺铭|陈冠修|袁熙 ,1,0,3,409,199,,board
2024,nanjing,C0307,河南理工大学,心平气和,郑永奇|郭浩楠|丁彦飞,1,0,2,107,252,,board
2024,nanjing,C0401,大连理工大学盘锦校区,猪猪猪,朱禹洲|祝王子|刘腾予,1,0,1,242,333,,board
2024,nanjing,C0402,中国石油大学（华东）,中石大2021,苏奕洲|张华硕|孙至锴,1,0,3,464,219,,board
2024,nanjing,C0403,南京外国语学校,喵喵喵动物园,庞佳一|张桓睿|施泽徐,0,0,8,1069,,,board
2024,nanjing,C0404,杭州电子科技大学,杭电2队,徐墨凡|徐铭扬|余梓诚,1,0,6,1177,26,gold,board
2024,nanjing,C0405,香港中文大学（深圳）,啥都不会队,江璘鋆|张力文|林宇凡,1,0,3,311,160,bronze,board
2024,nanjing,C0406,西南民族大学,夜阑风静欲归时，唯有一江明月碧琉璃,詹宁康|张楚豪|苗家纯,1,0,1,39,330,,board
2024,nanjing,C0407,河南农业大学,我怀疑我们中出了一个奶龙,许博文|张鹏举|王浩宇,1,0,3,460,216,,board
2024,nanjing,C0501,中山大学,中山大学_2333er,刘翔乐|高祖伟|高艺桐,1,0,7,1067,12,gold,board
2024,nanjing,C0502,香港中文大学（深圳）,仚屳屲冚,孙超逸|张恒|梁皓,1,0,2,440,324,,board
2024,nanjing,C0503,北京大学,Lumina,郭羽冲|沈吉滪|朱羿恺,1,0,7,379,4,gold,board
2024,nanjing,C0504,江南大学,禁忌「莱瓦汀」,董万里|赵泓博|上官家哲,1,0,4,657,121,bronze,board
2024,nanjing,C0505,华南师范大学,江南行者,熊铮煌|李建新|陈育瀚 ,1,0,2,91,246,,board
2024,nanjing,C0506,浙江工业大学,月球猫猫,陈泓睿|陆徐豪|李汶芝,0,0,6,560,,,board
2024,nanjing,C0507,杭州电子科技大学,杭电6队,张劭晗|阮虹涛|陈煜,1,0,2,226,300,,board
2024,nanjing,C0601,南京大学,优质解答：我不知道,陈弘毅|林荣恩|郑欣,0,0,7,1063,,,board
2024,nanjing,C0602,武汉工程大学,你能和我组队打一辈子xcpc吗？,高士博|徐明洋|徐洋,1,0,2,102,250,,board
2024,nanjing,C0603,江西理工大学,网瘾少年,罗健|范裕坤|华振峰,1,0,2,331,320,,board
2024,nanjing,C0604,安徽理工大学,我永远喜欢Chtholly,厉东霖|李天祥|袁赐云,1,0,4,689,125,bronze,board
2024,nanjing,C0605,香港中文大學,放學後飲茶時間,翁澤輝|左正楠|杜景滔,1,0,3,348,178,bronze,board
2024,nanjing,C0606,北京大学,飞舞队,蔡立一|梁宝烨|邱鸿绪,1,0,7,932,10,gold,board
2024,nanjing,C0607,台州学院,别急,刘韬|金鑫|陈逸轩,1,0,4,515,82,silver,board
2024,nanjing,C0701,福建师范大学,杰尼龟快使用飞叶快刀,夏子洋|柯培垚|王潇,1,0,5,808,50,silver,board
2024,nanjing,C0702,西北大学,一定是那ICPC，它把大哥打至跪地，可能是迫大哥跟它回去做题目口牙,朱珈成|罗穰杰|梁家瑞,1,0,2,324,319,,board
2024,nanjing,C0703,深圳大学,SZU_SUZ_ZUS_ZSU_USZ_UZS,李晗|徐嘉哲|李子炫,1,0,3,331,167,bronze,board
2024,nanjing,C0704,哈尔滨工业大学,W4p3r Fan Club,方智鉴|范嘉涵|孔敬德,1,0,5,650,34,silver,board
2024,nanjing,C0705,苏州科技大学,三个青名,牟其霖|韩守坤|林凯伦,1,0,1,29,329,,board
2024,nanjing,C0706,北方工业大学,寒春知梦,黄梨宸|程鹏|邵奕涵,1,0,3,496,223,,board
2024,nanjing,C0707,洛谷科技,打铁还需洛谷硬,王钰博|商铭朗|刘浙闽,0,0,2,241,,,board
2024,nanjing,C0801,北京交通大学,七海之旅,王君斐|杜宜宸|魏浩桓,1,0,4,628,111,bronze,board
2024,nanjing,C0802,东北大学秦皇岛分校,最澄澈的空与海,唐德斌|王若翔|邓逸飞,1,0,4,494,77,silver,board
2024,nanjing,C0803,武汉大学,AAA铁牌代打,苌子杰|毛一凡|王舒睿,1,0,3,635,236,,board
2024,nanjing,C0804,大连理工大学,我将点燃大海,金晟|时佳骏|蒋佳炀,1,0,3,692,238,,board
2024,nanjing,C0805,上海海洋大学,无论梦想还是希望都可以尽管贪心,胡奕晖|周子恒|安顺臻,1,0,2,168,279,,board
2024,nanjing,C0806,燕山大学,塔山之巅,孙振轩|李一阳|吴亚楠,1,0,4,488,76,silver,board
2024,nanjing,C0807,山东科技大学,占星者号,王浩轩|于永晨|李庆拓,1,0,2,197,294,,board
2024,nanjing,C0901,苏州大学,WA了十发后终于TLE了,黎子卿|成嘉益|田浦汛,1,0,2,72,241,,board
2024,nanjing,C0902,徐州工程学院,两江一十三府种田佬,陈光雨|尹基胜|夏晨龙,1,0,3,539,228,,board
2024,nanjing,C0903,南京理工大学,彩虹猫猫头,冯宇杰|刘一欢|吴东来,1,0,4,623,107,bronze,board
2024,nanjing,C0904,嘉应学院,爱是最强自在法,钟棋宇|罗祉茗|宋子超,1,0,3,567,234,,board
2024,nanjing,C0905,四川大学,来计院只为夺金,钟诚|刘泽勋|张麒豫,1,0,3,324,164,bronze,board
2024,nanjing,C0906,北京交通大学,白夜追风,殷澄宇|陈可致|杨展宇,1,0,6,790,20,gold,board
2024,nanjing,C0907,同济大学,于离别之朝束起约定之花,靳嘉成|刘诗奇|吴晶承,1,0,4,509,81,silver,board
2024,nanjing,C1001,无锡学院,WXU_Excalibur,钟思旋|韩顺|王圣,1,0,3,362,183,bronze,board
2024,nanjing,C1002,电子科技大学,诶多诶多呐呐呐,包航|雷霖|覃子睿,1,0,6,631,18,gold,board
2024,nanjing,C1003,重庆大学,WA的速度是每秒五十次,喻言|周骁坤|杨展途,1,0,3,283,151,bronze,board
2024,nanjing,C1004,浙江财经大学,压缩猫巾,陈凯煜|桑汉成|唐俊杰,1,0,2,57,240,,board
2024,nanjing,C1005,广东工业大学,jump！！！！,林俊耿|肖能翔|杨子弘,1,0,5,467,27,gold,board
2024,nanjing,C1006,中国地质大学（武汉）,不可思议之国的爱丽丝正在梦游仙境,陈学海|李诏天|何坤良,1,0,4,544,85,silver,board
2024,nanjing,C1007,西安交通大学,天狼星的心脏,洪家庆|刘一可|许孜诚,1,0,3,200,135,bronze,board
2024,nanjing,C1101,河南大学,風,魏文博|李锦辉|朱德良,1,0,3,336,169,bronze,board
2024,nanjing,C1102,华中科技大学,诗羽 花花 Corinth,沈明辉|冯元宁|李佩远,1,0,2,134,262,,board
2024,nanjing,C1103,南昌大学,三下五除二,何家欢|刘学麟|杨喆,1,0,2,178,284,,board
2024,nanjing,C1104,长安大学,震惊长安第114514拳,李亦阳|蒙禹龙|原理畅,1,0,2,163,274,,board
2024,nanjing,C1105,浙江金华第一中学,博导第一个睡,丁璐源|马平川|王马瑞,0,0,4,579,,,board
2024,nanjing,C1106,浙江工业大学,下次还填非常简单,高钰峰|杨若童|梁越,1,0,4,614,103,bronze,board
2024,nanjing,C1107,中国科学技术大学,随机化,涂建鹏|高华成|何煜恒,1,0,4,564,88,silver,board
2024,nanjing,C1201,中南民族大学,昨天被猫吵的一晚上没睡着，困,项升辉|高俊杰|刘时胜,1,0,2,177,283,,board
2024,nanjing,C1202,东南大学,不休独舞,戚雨林|张皓|王希陶,1,0,5,925,57,silver,board
2024,nanjing,C1203,中国地质大学（北京）,玩机械动力玩的,许兴城|滕俊宁|盖林,1,0,5,759,46,silver,board
2024,nanjing,C1204,华南理工大学,五小时对于三个acmer来说还是太短了,赵玺焱|唐瑞林|李嘉锐,1,0,4,537,84,silver,board
2024,nanjing,C1205,西北农林科技大学,不会起名,蔡祺峰|韩邦远|范中博,1,0,4,608,101,bronze,board
2024,nanjing,C1206,绍兴文理学院元培学院,爱会消失对不队,胡佳梦|丁华艺|叶韩亮,1,0,2,388,322,,board
2024,nanjing,C1207,香港理工大学,来自原神,张昊霖|李易峰|付冠赫,1,0,1,19,327,,board
2024,nanjing,C1301,香港科技大学（广州）,科广汪汪汪,刘博文|吴星智|梁君豪,1,0,3,560,232,,board
2024,nanjing,C1302,南京大学,随家仓,樊书岩|邓淇|李承泽,1,0,6,1054,25,gold,board
2024,nanjing,C1303,电子科技大学,UESTC_雪色光晕,张昕诺|李毅远|吕书武,1,0,7,1098,13,gold,board
2024,nanjing,C1304,厦门大学,暗黑影色舞,谢舜天|季裕杰|杨晟明,1,0,3,447,211,,board
2024,nanjing,C1305,北京科技大学,队友十年单身换区域赛银牌,韩海闻|张顺|彭心雨,1,0,3,433,206,,board
2024,nanjing,C1306,南京大学,无名,林晨浩|计昀|蒋雨泽,0,0,4,352,,,board
2024,nanjing,C1307,上海财经大学,尼采说得队,陶晟昱|陈嘉|竺钱成,1,0,2,191,290,,board
2024,nanjing,C1401,哈尔滨工业大学（深圳）,我在ICPC不响丸辣,陈畅霖|冯炀|李启源,1,0,3,821,239,,board
2024,nanjing,C1402,北京理工大学,大香蕉的感觉不奇妙,王翔宇|叶子宁|戴睿,1,0,5,665,37,silver,board
2024,nanjing,C1403,江苏省常州高级中学,省常中一队,赵海鲲|殷潇轩|丁敬轩,0,0,9,1125,,,board
2024,nanjing,C1404,西安邮电大学,中二病不想谈恋爱,石宇|薛昊坤|武奕源,1,0,3,383,189,bronze,board
2024,nanjing,C1405,北京邮电大学,[AI]GPT4o,袁桦斌|杨毅霖|马骐荣,1,0,4,466,72,silver,board
2024,nanjing,C1406,西安理工大学,神秘的力量,金钰奇|贾成杰|邹乐凡,1,0,2,126,261,,board
2024,nanjing,C1407,温州大学,温大二十一队,张宇濠|毛烨超|韦乾平,1,0,2,237,303,,board
2024,nanjing,C1501,北京工业大学,铁牌也是牌,李俊良|张驰|冯际鸣,1,0,2,121,258,,board
2024,nanjing,C1502,清华大学,进行一个象的抽,王锦博|张睿阳|张怀沙,1,0,6,929,23,gold,board
2024,nanjing,C1503,浙江农林大学,不拿牌就不能守护你，拿起牌就不能拥抱你,黄炫榕|王啸洋|任益超,1,0,3,340,170,bronze,board
2024,nanjing,C1504,河海大学,25时、在XCPC打铁,张天浩|杜泽恩|李金涛,1,0,3,355,180,bronze,board
2024,nanjing,C1505,福州大学,重返未来,游世伟|王子豪|蔡长波,1,0,5,724,43,silver,board
2024,nanjing,C1506,哈尔滨工业大学,碧天伴行,张城玮|卢景行|田宇丰,1,0,5,579,31,gold,board
2024,nanjing,C1507,天津大学,老玩家回归,陈奕池|安玺儒|万文彬,1,0,4,548,86,silver,board
2024,nanjing,C1601,南京邮电大学,一笛清风寻鹤梦,田晓亮|陈卓然|刘沛城,1,0,2,275,311,,board
2024,nanjing,C1602,浙大城市学院,阿库塞尔最强超绝圣剑美少女谢谢你爱丽丝,项天聪|杨烨锋|张宸赫,1,0,3,359,181,bronze,board
2024,nanjing,C1603,西南科技大学,大山里的动物朋友,姚斌|唐浩展|孙东洋,1,0,3,306,158,bronze,board
2024,nanjing,C1604,湘潭大学,horizon,欧鹏夫|曾鸿文|贺正高,1,0,4,614,103,bronze,board
2024,nanjing,C1605,南京外国语学校,小岛杏花,夏睿泽|项承煦|孔韬棋,0,0,5,515,,,board
2024,nanjing,C1606,南方科技大学,南方科技大学-摩拉维亚,刘睿涵|王海粼|李佳霖,1,0,2,73,242,,board
2024,nanjing,C1607,电子科技大学,UESTC_正在验证您是否是真人,汤宗铉|李果|林子豪,1,0,4,607,100,bronze,board
2024,nanjing,C1701,山东大学,芝士队名,吴一豪|王路阳|王政骁,1,0,4,591,93,silver,board
2024,nanjing,C1702,南京外国语学校,杏花姐姐的南夫拉斯日记,刘子轩|蒋亦霖|陈浩然,0,0,6,650,,,board
2024,nanjing,C1703,浙江理工大学,浙理不队,项帅|张浩|章智博,1,0,4,473,75,silver,board
2024,nanjing,C1704,福州大学,Wa?Wa也算时间哦,廖棋灿|吴羽晗|陈程忞,1,0,4,747,128,bronze,board
2024,nanjing,C1705,上海纽约大学,上海纽约大学 队伍0,孙祺|许子岳|王禹嘉,1,0,1,22,328,,board
2024,nanjing,C1706,哈尔滨工业大学,风灵玉秀,陈云龙|金智威|郭昕旸,1,0,7,991,11,gold,board
2024,nanjing,C1707,西北工业大学,wanna be free ,尹新祥|龚熙尧|程文楷,1,0,5,656,35,silver,board
2024,nanjing,C1801,华东交通大学,真的想不到队名了,涂传俊|章瑜华|张文乾,1,0,3,406,197,bronze,board
2024,nanjing,C1802,上海大学,Antiamuny Computation,陶钧|无|无,0,0,6,660,,,board
2024,nanjing,C1803,国防科技大学,青铜时代号,李泽锴|王荣航|蒋卓彧,1,0,4,374,62,silver,board
2024,nanjing,C1804,浙江师范大学,唐宋元每个都沾,赵欣雨|沈佳乐|金涵博,1,0,3,452,213,,board
2024,nanjing,C1805,山东财经大学,"通知:经费全部用于PPT大赛,打XCPC需自费",来孟阳|马弘逸|张淇皓,1,0,3,259,146,bronze,board
2024,nanjing,C1806,国防科技大学,Jasmine,杨淇斌|王俊博|尤炜豪,1,0,3,395,194,bronze,board
2024,nanjing,C1807,中国科学院大学,啥,石曜铭|尤俊翔|吕安哲,1,0,4,471,74,silver,board
2024,nanjing,C1901,南昌航空大学,鷐鸚庄园无对手,林培豪|曾钦文|付海清,1,0,2,125,260,,board
2024,nanjing,C1902,青岛理工大学,无垠序曲,胡书杰|饶礼建|黄从恺,1,0,4,468,73,silver,board
2024,nanjing,C1903,深圳大学,秋秋你给我块金牌吧，我什么都绘做的,王荟斐|邹瀚泓|蔡子健,1,0,4,609,102,bronze,board
2024,nanjing,C1904,上海理工大学,301兆亿的星空,姚陆涵茗|刘斌然|孙乐彦,1,0,3,343,172,bronze,board
2024,nanjing,C1905,中国传媒大学,重生帝女之我在定福庄二小附属大学,蔡奕麟|王梓涵|白小杨,1,0,2,214,298,,board
2024,nanjing,C2001,杭州师范大学,知识学爆,叶志汉|金岸|王熠楠,1,0,4,615,105,bronze,board
2024,nanjing,C2002,安徽大学,罚时冠军,周礼阳|张允成|高源,1,0,2,112,256,,board
2024,nanjing,C2003,东华大学,最小瓶颈路,邵兵|李虹宇|郭峻岑,1,0,3,203,137,bronze,board
2024,nanjing,C2004,清华大学,缺德鹅子,张艺缤|迟凯文|韩豫葳,1,0,7,853,8,gold,board
2024,nanjing,C2005,哈尔滨理工大学,哈理工11队NJ,王令开|刘泽旭|李晶洋,1,0,5,644,32,gold,board
2024,chengdu,F18,阿坝师范学院,火攻,李先笙|胡航|陈李鑫,1,0,4,742,264,,board
2024,chengdu,D29,安徽大学,似乎有着能够令人AC的隐藏指令,刘圆博|许子桢|吕建强,1,0,4,421,225,,board
2024,chengdu,C12,安徽大学,嗷呜嘎嘎,桑浩翔|胡明道|张嘉怡,1,0,5,610,150,bronze,board
2024,chengdu,B17,安徽农业大学,题题不歪真君,李兹如|姜乐源|卢岳,1,0,4,423,226,,board
2024,chengdu,A06,北京大学,赤橙黄绿蓝紫,蒋凌宇|钱易,1,0,12,1059,1,gold,board
2024,chengdu,E40,北京大学,小杨树,杨欣烨|疏彦凯|肖千与,1,0,10,1294,4,gold,board
2024,chengdu,C25,北京大学,饿鳄鱼,陈易涵|张乐天|程伟伦,1,0,9,1078,14,gold,board
2024,chengdu,D47,北京大学,去年看错题了。,郑皓元|闫昕|汪之茗,1,0,9,1281,18,gold,board
2024,chengdu,D11,北京工业大学,双翼翱翔,江云天|王赫|刘航奇,1,0,5,921,183,bronze,board
2024,chengdu,D44,北京航空航天大学,本科打ACM月薪三千,陈昊旸|林贝宁|杨斌涵,1,0,6,580,69,silver,board
2024,chengdu,B19,北京航空航天大学,不拿金牌不报销,廖鹏飞|陈睿正|闫佳豪,1,0,6,643,78,silver,board
2024,chengdu,F08,北京航空航天大学,逆转光路的fumo,段岳辰|张子昱|任一杰,1,0,6,577,67,silver,board
2024,chengdu,E41,北京化工大学,#define WA AC,杨嘉明|彭天祺|陈昊然,1,0,4,679,257,,board
2024,chengdu,F50,北京交通大学,世纪难题,周一鸣|孙宁|邬健翔,1,0,5,539,142,bronze,board
2024,chengdu,C30,北京交通大学,明湖鸭,王九旺|程依康|梁曦霖,1,0,4,921,279,,board
2024,chengdu,F10,北京科技大学,我再试试,何开煜|董瑞洋|潘涵,1,0,5,601,149,bronze,board
2024,chengdu,E47,北京理工大学,哈哈你也想哈哈吗,张智文|周璟哲|吴迪晟,1,0,5,691,162,bronze,board
2024,chengdu,C01,北京理工大学,卡批炉批和穹批,梁思源|李昂|郑润哲,1,0,7,1026,54,silver,board
2024,chengdu,A44,北京理工大学,你们可以抽象，但是别太抽象,蒋济遥|陈奕帆|刘济尧,1,0,5,331,127,bronze,board
2024,chengdu,D09,北京理工大学,过了样例也不队,何大鹏|邬宇炼|王舒晗,1,0,5,519,139,bronze,board
2024,chengdu,A38,北京理工大学珠海学院,果宝三剑客,翁彦峰|肖正阳|李国胜,1,0,4,783,271,,board
2024,chengdu,A02,北京林业大学,皓腕凝霜雪,蔡优|管穗京|梅涵,1,0,4,676,256,,board
2024,chengdu,B46,北京师范大学,云边路,姚述军|陈博|王佳一,1,0,5,655,156,bronze,board
2024,chengdu,E05,北京师范大学,打完就回去搬砖,丁余健|凤晨阳|陆祖亿,1,0,4,746,265,,board
2024,chengdu,C26,北京邮电大学,好好想想,司睿洋|尹昱钦|张泽文,1,0,8,1332,29,gold,board
2024,chengdu,D05,北京邮电大学,4000g_Pt,冯国晟|于洋|马廷良,1,0,5,737,169,bronze,board
2024,chengdu,E21,北京邮电大学,网瘾犯了求求你把牌子给我,刘益铭|陈杰祥|谢志宏,1,0,7,946,48,silver,board
2024,chengdu,E50,成都东软学院,回复四级的重启人生,周志宏|徐佳杰|廖永东,1,0,4,812,274,,board
2024,chengdu,B02,成都理工大学,我嘞个豆豆啊,向坪君|陈家宝|张晨瑀,1,0,5,543,143,bronze,board
2024,chengdu,B41,成都信息工程大学,在梦里拼凑回忆,陈帅|王浩然|孟庆虎,1,0,5,476,134,bronze,board
2024,chengdu,C46,成都信息工程大学,第一同构定理,常旭海|杨洋|赵多俊,1,0,5,733,168,bronze,board
2024,chengdu,E29,大连大学,选择困难症犯了,汤世軒|郑卫|何彦东,1,0,3,512,295,,board
2024,chengdu,F02,大连海事大学,代码演奏家,陈昊楠|张皓奕|廖易超,1,0,5,512,137,bronze,board
2024,chengdu,F20,大连理工大学,可持久化猫猫虫自动机,刘博文|连茗暄|刘兆洲,1,0,5,460,133,bronze,board
2024,chengdu,B42,大连理工大学,dut别断电了我要打cf,徐易|吴胤祺|孟家祺,1,0,4,281,197,,board
2024,chengdu,A27,大连理工大学盘锦校区,这技校真练技术,陈嘉佑|张正阳|杨镇熙,1,0,5,953,186,bronze,board
2024,chengdu,A39,电子科技大学成都学院,平安喜乐丶,吴泽东|何如玉|吕文凯,1,0,2,642,306,,board
2024,chengdu,A24,东北大学,东北大学_好果汁,刘格显|贺康|房田峰,1,0,6,1099,121,bronze,board
2024,chengdu,E24,东北大学,东北大学_出毛！,苏焜|仝家驹|周尧,1,0,9,970,10,gold,board
2024,chengdu,F45,东北大学,东北大学_叫什么随便吧,徐海|韩重|肖举涛,1,0,5,924,184,bronze,board
2024,chengdu,D20,东北大学,东北大学_根本睡不醒,林星希|曹鑫阳|戈文鑫,1,0,5,491,136,bronze,board
2024,chengdu,D40,东北大学秦皇岛分校,趁他们睡觉偷偷训一题,尹瀚磊|段俊宏|曹朝阳,1,0,6,738,87,silver,board
2024,chengdu,B14,东北大学秦皇岛分校,空白名称,焦一晟|徐向博|闫一飞,1,0,4,416,222,,board
2024,chengdu,A25,东北林业大学,世纪末彼岸花丛中的死之结界,刘宋凯|李敬|赵天鑫,1,0,4,680,258,,board
2024,chengdu,F42,东北师范大学,巴别塔,项赞宇|贺金龙|齐进帅,1,0,5,953,186,bronze,board
2024,chengdu,C02,东华大学,虚拟机会梦见赛博纸带吗？,陈缪鑫|蔡晋|彭飞,1,0,4,345,208,,board
2024,chengdu,A43,东华大学,陈晓剑舞,杨文杰|孙逸凡|郭旭阳,1,0,6,732,85,silver,board
2024,chengdu,F44,东南大学,悄然谜响,陈琳昊|黄煜杰|周子航,1,0,5,849,177,bronze,board
2024,chengdu,C48,福建理工大学,AC：从Debug到Accept开始的XCPC生活,周俊杰|连鑫焱|刘航,1,0,5,707,164,bronze,board
2024,chengdu,D19,福建师范大学,秘封俱乐部,林廷钧|姚耀宇|陈薪霖,1,0,3,299,283,,board
2024,chengdu,C19,福州大学,最佳小丑,林东颖|傅安|江滢怡,1,0,7,830,42,silver,board
2024,chengdu,E03,福州大学,苦来兮苦,陈建宇|庄宇烽|杨云飞,1,0,4,557,247,,board
2024,chengdu,F07,福州大学,不AC不睡觉,丁杰|李盈盈|黄思睿,1,0,6,848,101,bronze,board
2024,chengdu,D10,阜阳师范大学,又双叒叕到了难搞的时候,胡召鑫|张美星|邢文俊,1,0,4,680,258,,board
2024,chengdu,A08,复旦大学,密码八个八,陈禹卓|杜泊谷|曾添琪,1,0,9,961,9,gold,board
2024,chengdu,B03,复旦大学,学海无涯，回头是岸,崔博钧|阚子淳|莫骐彰,1,0,9,1311,20,gold,board
2024,chengdu,D07,广东工业大学,果粒橙,关津杰|邱列圻|张树程,1,0,6,697,82,silver,board
2024,chengdu,C15,广东工业大学,逸误,李俊贤|吴达武|易俊霖,1,0,5,887,180,bronze,board
2024,chengdu,F13,广东工业大学,我想拿牌子,李耿豪|黄博|周建宏,1,0,4,343,207,,board
2024,chengdu,B12,广东工业大学揭阳校区,GDUTJY_彼岸之约,黄浩天|陈煜祺|向宇飞,1,0,4,330,205,,board
2024,chengdu,E34,广西大学,这一发，贯穿星辰,李周详|梅松|孙怿翔,1,0,4,293,199,,board
2024,chengdu,C10,广西大学,众,贾智卓|黄翠婷|韦书临,1,0,6,978,115,bronze,board
2024,chengdu,F37,广州大学,i * i = -1,吴梓涵|谢艺瀚|黎俊豪,1,0,6,510,61,silver,board
2024,chengdu,A34,贵州大学,只要在这欧庇克莱歌剧院我芙宁娜德枫丹魔神芙卡洛斯就连世间的诸神都可以审判,史昌盛|黄康|宋超,1,0,3,373,286,,board
2024,chengdu,D38,贵州大学,猫猫也想要拿牌,杨毅|冯林|孟坤林,1,0,4,646,255,,board
2024,chengdu,F46,国防科技大学,应知其所以然,左智文|张齐鑫|高英博,1,0,5,1127,190,,board
2024,chengdu,D46,国防科技大学,项王不惘,梁庭宇|张洋|孙睿宇,1,0,4,632,254,,board
2024,chengdu,E46,哈尔滨工程大学,坐岸观海，听十一月雨,张天磊|杜鹏宇|林鹏涵,1,0,5,778,174,bronze,board
2024,chengdu,D26,哈尔滨工程大学,我推的七海爆吃0721次罚时因为在原神启动,宿斯玮|黄凯鹏|吴兆昕,1,0,7,701,35,silver,board
2024,chengdu,E07,哈尔滨工业大学,W4p3r Fan Club,方智鉴|范嘉涵|孔敬德,1,0,8,811,23,gold,board
2024,chengdu,B53,哈尔滨工业大学,海星罐头,周书扬|李志轩|杜宇丰,1,0,6,456,58,silver,board
2024,chengdu,D02,哈尔滨工业大学,加载中，请稍后,刘明卓|刘靖文|郭健桓,1,0,5,625,152,bronze,board
2024,chengdu,B31,哈尔滨工业大学（深圳）,潜水小怪,孙宇开|羊柯伍|梁彬,1,0,7,931,46,silver,board
2024,chengdu,E09,哈尔滨工业大学（深圳）,怎么不算队名呢,于新莹|林亮宇|骆天赐,1,0,5,459,131,bronze,board
2024,chengdu,E14,哈尔滨工业大学（威海）,帅比队长还在征婚QQ2216541094,解裕懋|李义朋|沈晨阳,1,0,7,1018,53,silver,board
2024,chengdu,A54,哈尔滨工业大学（威海）,一番断幺,朱圣方|王潇逸|郑尊文,1,0,5,797,175,bronze,board
2024,chengdu,A03,哈尔滨理工大学,哈理工01队CD,曾凡欧|杨梦杰|贾思博,1,0,5,641,155,bronze,board
2024,chengdu,A11,海南大学,聚珍伏虎丸,方政|吕珅|郑朴,1,0,6,738,87,silver,board
2024,chengdu,D32,海南大学,暮染烟岚,王宇烁|宋庆宾|魏鑫,1,0,3,505,294,,board
2024,chengdu,C33,杭州电子科技大学,杭电3队,闻人雨泽|周靖凯|傅景康,1,0,9,1216,17,gold,board
2024,chengdu,B49,杭州电子科技大学,杭电6队,张劭晗|陈煜|阮虹涛,1,0,7,925,45,silver,board
2024,chengdu,F12,杭州电子科技大学,杭电8队,金佳栋|许钟乐|余邦轩,1,0,7,795,39,silver,board
2024,chengdu,E13,杭州电子科技大学,杭电9队,冯松权|沈泽楷|沈栩冉,1,0,7,944,47,silver,board
2024,chengdu,C42,杭州师范大学,一隅之梦,张朝|蔡宇欣|陈俊安,1,0,6,698,83,silver,board
2024,chengdu,F16,杭州师范大学,五月的猫猫,陈科舟|殷吴辉|杨嘉福,1,0,5,675,158,bronze,board
2024,chengdu,E30,合肥大学,候鸟,王国梁|吕文杰|杨仕超,1,0,4,418,224,,board
2024,chengdu,B35,合肥工业大学,天天做早操队,王腾昊|舒雨飞|韩昆桦,1,0,4,560,249,,board
2024,chengdu,A19,河海大学,不时以暴力算法tle的邻座acm同学,金炬光|杨帆|曾国琳?,1,0,4,287,198,,board
2024,chengdu,E45,河南大学,狗不理包子,尤铭|胡逢彬|孙小文,1,0,4,273,196,,board
2024,chengdu,D03,河南大学,604,程功|耿东阳|张亚豪,1,0,4,348,210,,board
2024,chengdu,D28,河南工业大学,just do it,汪明超|凡亚豪|曹子鹏,1,0,4,839,276,,board
2024,chengdu,C16,河南理工大学,三皮城连败等收菜,李梦洋|张科文|马俊超,1,0,6,911,110,bronze,board
2024,chengdu,C37,河南农业大学,青青一果,闫亚鑫|齐子昊|刘伟,1,0,6,640,74,silver,board
2024,chengdu,C05,河南师范大学,帕鲁小队,冯常林|荆文超|徐熙涵,1,0,6,804,98,bronze,board
2024,chengdu,A31,湖南城市学院,看着队友打代码,申宇健|曹杰林|何凯,1,0,3,596,301,,board
2024,chengdu,F22,湖南大学,对对队,刘泽益|文卓|陈智权,1,0,4,775,270,,board
2024,chengdu,A45,湖南工业大学,贪心肯定队,"袁永健|吴玉峰|""阿布都拉·阿布都克力木""",1,0,6,783,96,bronze,board
2024,chengdu,C35,湖南科技大学,梦起云雾时,肖琦|李旭云|袁悦,1,0,4,388,217,,board
2024,chengdu,A42,湖南理工学院,锈湖,杨可|陈娜|费峥宇,1,0,4,490,240,,board
2024,chengdu,D39,湖南师范大学,师大之星,叶欣睿|王鸿杰|周鸿志,1,0,4,747,266,,board
2024,chengdu,D49,华东交通大学,样例过了就算对,周贇杰|苏明亮|万文轩,1,0,4,431,230,,board
2024,chengdu,F17,华东理工大学,别急我还在藏东西,谢榛|孙俊|李佳强,1,0,4,424,227,,board
2024,chengdu,B28,华东师范大学,河东食堂转生队,沈崇焕|刘俊毅|刘昕东,1,0,4,234,192,,board
2024,chengdu,D48,华东师范大学,OI，启动,周恒立|路修远|董芷鉴,1,0,4,440,233,,board
2024,chengdu,A52,华东师范大学,至此，一锤定音,冯顾炜|许乐|冯嘉一,1,0,7,1357,57,silver,board
2024,chengdu,F31,华南理工大学,神秘的蛙,涂序有|黄子豪|吴友郅,1,0,7,703,36,silver,board
2024,chengdu,C43,华南理工大学,我不知道我不会你们来,张辉洲|王腾岳|王烁云,1,0,5,738,170,bronze,board
2024,chengdu,B39,华南理工大学,Fast Fast TLE,吴挺宇|吴尚鸿|甘景贤,1,0,7,835,44,silver,board
2024,chengdu,D18,华南农业大学,没有空的桌子了,巴云浩|吴文斌|林永鸿,1,0,5,882,179,bronze,board
2024,chengdu,B18,华南农业大学,公司写题跟nm偷情一样,梁嘉俊|陈国豪|何勤政,1,0,7,980,49,silver,board
2024,chengdu,A22,华南师范大学,野指针,林泽勋|罗为|李浩源,1,0,4,323,203,,board
2024,chengdu,D36,华南师范大学,最后一页,严雍泽|吴彪生|徐书研,1,0,4,258,195,,board
2024,chengdu,B23,华中科技大学,零,刘星佳|黄暄骜|刘铖,1,0,7,747,38,silver,board
2024,chengdu,F11,华中科技大学,奇思妙想,潘裕洲|苏畅|方逸凡,1,0,6,640,74,silver,board
2024,chengdu,A51,华中科技大学,冒泡猫虫,王尊玉|卞曜洋|吴佳黎,1,0,6,762,92,silver,board
2024,chengdu,E06,华中科技大学,队里没人有想法导致的,方昀昊|陈浩天|李海疆,1,0,7,990,51,silver,board
2024,chengdu,B30,华中农业大学,吃俺老孙一棒,孙宇恒|黄泽源|游宇珅,1,0,5,881,178,bronze,board
2024,chengdu,B47,华中师范大学,白夜,易嘉鸣|潘芮锐|陈程,1,0,4,393,218,,board
2024,chengdu,E22,吉利学院,吉利太美,罗志豪|何正|严嘉诚,1,0,4,604,253,,board
2024,chengdu,D06,吉林大学,高玩派对,拱垲|袁英麒|吕浩然,1,0,5,947,185,bronze,board
2024,chengdu,B51,吉林大学,管埋员,张智祺|王恕|乔彦博,1,0,6,1009,116,bronze,board
2024,chengdu,E44,集美大学,夏日重现,叶文定|道又铭|庄晓兵,1,0,6,868,103,bronze,board
2024,chengdu,B34,集美大学,我样例过了,王力恒|林敬炜|谢业成,1,0,3,581,299,,board
2024,chengdu,B11,暨南大学,千古AC糕手，还看本队,郭彦培|刘昌源|王宇涛,1,0,6,626,73,silver,board
2024,chengdu,B52,嘉应学院,爱是最强自在法,钟棋宇|王嘉贤|罗祉茗,1,0,4,1060,280,,board
2024,chengdu,B27,江苏大学,再见了，所有的ICPC,任屹涵|秦强民|刘名俊,1,0,3,645,302,,board
2024,chengdu,C29,江西财经大学,她与银牌见合,王海峰|彭俊杰|李鑫,1,0,4,408,220,,board
2024,chengdu,D41,江西理工大学,精英小分队,虞诗敏|王陆毅|曾欣媛,1,0,2,217,304,,board
2024,chengdu,A05,江西农业大学,浩~能不能拿牌啊？,廖伦浩|罗宇豪|徐浩东,1,0,4,539,245,,board
2024,chengdu,F28,昆山杜克大学,明天开始学算法,"沈知远|成秉翰|""Habib Debaya""",1,0,7,1347,56,silver,board
2024,chengdu,A48,兰州大学,刚学会打字,郑宇航|梁宇昊|李欣杭,1,0,5,750,171,bronze,board
2024,chengdu,B24,乐山师范学院,漫云征途,罗明杨|黄仪鸥|夏源泽,1,0,5,989,188,,board
2024,chengdu,C09,南昌大学,雪月花,何超|胡书惠|满曜嘉,1,0,6,1218,123,bronze,board
2024,chengdu,C11,南昌航空大学,一周17节课艰难打acm,黄心磊|陈鹏|汤正泰,1,0,5,724,167,bronze,board
2024,chengdu,F24,南方科技大学,南方科技大学-利贝雷茨,徐晨钧|黄睿轩|李连馨,1,0,5,573,146,bronze,board
2024,chengdu,A23,南方科技大学,南风点点,林政宇|薛哲|曾子华,1,0,9,926,8,gold,board
2024,chengdu,E28,南方科技大学,南方科技大学-皮尔森,王紫漩|钟雨薇|项楚涵,1,0,8,1012,25,gold,board
2024,chengdu,F03,南京大学,优质解答：我不知道,陈弘毅|林荣恩|郑欣,1,0,9,972,11,gold,board
2024,chengdu,B45,南京大学,食堂难民走线和园卖花,杨宇轩|陈思睿|冯烨聪,1,0,9,1161,15,gold,board
2024,chengdu,C13,南京大学,智慧之树,金昕炜|陈新|李睿星,1,0,9,1305,19,gold,board
2024,chengdu,A49,南京大学,南小鸟,周相羽|贺卓宇|朱家辰,1,0,8,1508,30,gold,board
2024,chengdu,F23,南京航空航天大学,错误,吕俊琪|赵乐坤|胡昊天,1,0,9,1020,13,gold,board
2024,chengdu,E26,南京航空航天大学,DML,沈运之|邵嘉奇|任衍硕,1,0,6,882,107,bronze,board
2024,chengdu,A33,南京航空航天大学,找对象,陈梓鹏|吕海亮|李章锐,1,0,5,408,129,bronze,board
2024,chengdu,C04,南京理工大学,混沌蝴蝶,丁则文|吴俐伽|王一萌,1,0,6,531,63,silver,board
2024,chengdu,F04,南京理工大学,太空猫猫头,陈宇航|许廷阳|谭清海,1,0,5,459,131,bronze,board
2024,chengdu,E20,南京信息工程大学,教练提醒我们去成都要保护好自己,刘阳元|刘一鸣|曹煜珑,1,0,6,878,106,bronze,board
2024,chengdu,E11,南京邮电大学,天使重构,胡乐安|崔晨曦|赵聿祺,1,0,4,381,216,,board
2024,chengdu,F33,南京邮电大学,说的道莉,王普立|李永鑫|陈昊泽,1,0,5,579,147,bronze,board
2024,chengdu,C28,南京邮电大学,吹笛到天明,田晓亮|韩炜|陈卓然,1,0,4,256,194,,board
2024,chengdu,D45,南开大学,粥畜除三害,章壹程|李佳璞|刘砚桐,1,0,6,547,66,silver,board
2024,chengdu,B37,南开大学,为什么要演奏acm,陈馨颍|陈伯远|曲恒睿,1,0,6,770,94,bronze,board
2024,chengdu,C39,南开大学,amadeus,姚知言|黄尚扬|王乐琦,1,0,6,748,91,silver,board
2024,chengdu,E32,南阳师范学院,因为太菜就把暴力循环点满了,王文磊|林磊|张成林,1,0,1,81,307,,board
2024,chengdu,E16,宁波大学,樱白之歌,李嘉琪|赵瑞杰|朱文豪,1,0,5,521,140,bronze,board
2024,chengdu,D25,宁波大学,泥巴动物园,沈天佑|吴镇桥|林成峰,1,0,6,669,79,silver,board
2024,chengdu,F05,宁夏大学,超级面包,陈治平|李明航|杜鑫宇,1,0,3,502,293,,board
2024,chengdu,B43,莆田学院,口胡金牌题,许庆华|龚磊|黄佳威,1,0,5,681,159,bronze,board
2024,chengdu,F43,青岛理工大学,醉里挑灯看键盘,邢少洋|吴秀彦|韩泽川,1,0,3,574,298,,board
2024,chengdu,B06,清华大学,报名晚了,董亦骐|钟自厚|崔隽章,1,0,11,1543,3,gold,board
2024,chengdu,F27,清华大学,Escape,任舍予|郭雨豪|郑玄晔,1,0,11,1184,2,gold,board
2024,chengdu,E31,清华大学,Make 519 great again,冯政玮|肖子尧|吴畅,1,0,10,1315,5,gold,board
2024,chengdu,F49,厦门大学,辣味的烧卖,赵子越|林育立|季裕杰,1,0,5,903,182,bronze,board
2024,chengdu,F14,山东财经大学,参与奖掠夺者,李锦月|陈代鑫|江文硕,1,0,4,370,213,,board
2024,chengdu,B29,山东大学,签到人,史博文|徐聚礼|张林翰,1,0,4,459,238,,board
2024,chengdu,A35,山东大学,黑算竞：打铁,滕家良|农烨明|杨师玉,1,0,6,1061,119,bronze,board
2024,chengdu,F06,山东大学,泰山学院代表队,程前|吴浩明|郭雨欣,1,0,5,555,144,bronze,board
2024,chengdu,F30,山东大学（威海）,挽圆神挽的,童延|陆柯旭|钟菡树,1,0,4,525,244,,board
2024,chengdu,F25,山东科技大学,西塔克号,潘文硕|吕胜浩|李卓航,1,0,4,321,202,,board
2024,chengdu,B16,山东科技大学,光明号,李少栋|鲁文健|斯睦飞,1,0,3,534,296,,board
2024,chengdu,F32,山东理工大学,清纯白毛小萝莉,王鹤翱|从文杰|孙童乐,1,0,7,980,49,silver,board
2024,chengdu,A41,山东理工大学,我有铁牌,杨国强|宋润桐|朱嘉超,1,0,4,544,246,,board
2024,chengdu,C44,山东师范大学,樱高轻音部,张兴晨|路宇欣|魏淑英,1,0,3,471,292,,board
2024,chengdu,B15,山东师范大学,爆零就去玩原神,李佳恒|吕俊东|孙智毅,1,0,5,841,176,bronze,board
2024,chengdu,F36,上海大学,清醒后才发现这是XCPC,韦杰恒|蔡轩|黄垒,1,0,4,395,219,,board
2024,chengdu,A36,上海大学,队名有五字,田凯文|靳红飞|杨天浩,1,0,5,887,180,bronze,board
2024,chengdu,C40,上海大学,塔尖粉丝团,殷天悦|刘洲宏|席睿扬,1,0,4,795,273,,board
2024,chengdu,C49,上海海洋大学,WA也是A,周郁涵|吕天佑|王和平,1,0,3,649,303,,board
2024,chengdu,F39,上海交通大学,复活者联盟,赵有榛|黄烨威|张博钜,1,0,7,692,33,silver,board
2024,chengdu,A26,上海交通大学,凌晨烈日晖光,柳烨|秦一苇|郝尚诚,1,0,7,708,37,silver,board
2024,chengdu,E12,上海交通大学,电光火石的前奏,黄佳瑞|钱智煊|车昕宇,1,0,7,674,32,silver,board
2024,chengdu,D13,上海科技大学,耐撞王：牢然,居然|李建昊|王旻昊,1,0,6,533,65,silver,board
2024,chengdu,C24,上海应用技术大学,ICPC非常好_使我的队名抽象,毛梓进|马小鹏|项家挺,1,0,4,440,233,,board
2024,chengdu,A53,绍兴文理学院元培学院,绍立功,江亚君|徐冕|谢琳涵,1,0,6,1360,126,bronze,board
2024,chengdu,F47,绍兴文理学院元培学院,难铜,叶其浩|张益恒|朱振磊,1,0,3,557,297,,board
2024,chengdu,B38,深圳大学,SZU_Wrong answer on test 2,温家燊|肖俊祺|葛峻赫,1,0,5,637,154,bronze,board
2024,chengdu,F29,深圳大学,szu_OvO,岑健锋|唐浚源|张楠,1,0,5,701,163,bronze,board
2024,chengdu,E19,深圳大学,秋秋你给我块金牌吧，我什么都绘做的,王荟斐|邹瀚泓|蔡子健,1,0,6,831,100,bronze,board
2024,chengdu,C17,深圳技术大学,SZTU_圆你一个梦,李壮壮|肖文航|徐鑫,1,0,5,1107,189,,board
2024,chengdu,D16,四川大学,难题逆转小队,李名骕|杨轶涵|黄云垄,1,0,7,693,34,silver,board
2024,chengdu,C22,四川大学,在线光速幂,刘宇凡星|韩子睿|罗实,1,0,6,1237,124,bronze,board
2024,chengdu,E01,四川大学,安全三方计算,张逸涵|邹昔贝|吴佳诚,1,0,4,417,223,,board
2024,chengdu,E27,苏州大学,绫地宁宁公主,史华睿|林昱彤|周骁逸,1,0,6,670,80,silver,board
2024,chengdu,F01,台州学院,转生异世界发现自己acm水平下降100倍,鲍科任|柯豪|陆嘉,1,0,6,797,97,bronze,board
2024,chengdu,A47,太原理工大学,一个复杂度n的n的阶乘次方的阶乘的算法,张亚奇|张洲洋|吴光义,1,0,3,467,290,,board
2024,chengdu,D12,天津大学,少爷和老奴,蒋茜|仇静逸|王煜杰,1,0,3,468,291,,board
2024,chengdu,F34,天津大学,谦虚好学的玛卡巴卡们,王一丁|王子轩|廖浩然,1,0,4,765,269,,board
2024,chengdu,C41,天津大学,拼搏百天，我要上天津大学,于兴航|王然驰|马佳一,1,0,6,872,105,bronze,board
2024,chengdu,E23,天津工业大学,我上早八,吕佳乐|徐振业|李翊萌,1,0,4,339,206,,board
2024,chengdu,B07,天津工业大学,兄弟你好香,孙文杰|刘涛|程梧桐,1,0,4,415,221,,board
2024,chengdu,C32,天津理工大学,阿米诺斯是小猫的意思,向东|李衍硕|龚志杰,1,0,6,935,112,bronze,board
2024,chengdu,B48,同济大学,登神长阶,张翔|林鑫宇|王琨瑀,1,0,6,739,89,silver,board
2024,chengdu,E17,同济大学,君与构造与构造之恋,李烨|鲁浩宇|杜宇轩,1,0,4,204,191,,board
2024,chengdu,D37,温州大学,温大十一队,杨嘉诚|盛飞扬|黄力垚,1,0,4,690,261,,board
2024,chengdu,E35,武汉大学,JumPing win,魏俊涛|戴天奕|杨锦熙,1,0,4,495,241,,board
2024,chengdu,F19,武汉大学,重修数理基础,林喆霖|蔡子|范锦炜,1,0,5,760,172,bronze,board
2024,chengdu,B05,武汉大学,方块人转生成铁牌选手,丁启航|石炜|陈新尧,1,0,4,569,252,,board
2024,chengdu,F21,武汉纺织大学,我的青春AC物语果然没有恋爱,刘洋|周黄灏|裘贺宝,1,0,4,456,237,,board
2024,chengdu,B10,武汉工程大学,深藏blue 2.0,郭翰良|钱嘉豪|王尔强,1,0,6,737,86,silver,board
2024,chengdu,D27,武汉科技大学,RELX悦刻幻影PRO,孙煜恒|朱俊杰|万家梁,1,0,8,1099,28,gold,board
2024,chengdu,A50,武汉理工大学,曼波哈基米大战贤者三异鸟,周泽鹏|孙晨奥|邢家童,1,0,6,775,95,bronze,board
2024,chengdu,C34,武汉理工大学,样例都没过怎么ac了,王雨辰|吴明洲|王浩丞,1,0,4,431,230,,board
2024,chengdu,D22,武汉理工大学,*幻想乡旅行团,刘泽宇|巫殷凯|胡书诚,1,0,5,485,135,bronze,board
2024,chengdu,A14,武汉商学院,冰雪聪明琪露诺,贾锐哲|魏翔|熊子豪,1,0,6,901,109,bronze,board
2024,chengdu,C38,西安电子科技大学,关于起名字很随意这件事,杨润彬|李聿垲|吴奕玮,1,0,5,636,153,bronze,board
2024,chengdu,A29,西安电子科技大学,便乘计划WA舞台！,闵旭曈|邓思哲|李林,1,0,5,515,138,bronze,board
2024,chengdu,F15,西安交通大学,锦筝叹,李牧远|钟宇|曹思宇,1,0,6,519,62,silver,board
2024,chengdu,E33,西安交通大学,宇宙将为你闪烁,王禹皓|石皓文|邓熙健,1,0,8,1047,27,gold,board
2024,chengdu,B33,西安交通大学,写都写了，交一发吧,贺睿杰|杨一帆|周品良,1,0,6,613,71,silver,board
2024,chengdu,A07,西安理工大学,神秘的力量,马铭源|金钰奇|贾成杰,1,0,6,1049,118,bronze,board
2024,chengdu,D04,西安邮电大学,AAC退役小作文批发所,董子豪|马悦凯|何润泽,1,0,4,748,267,,board
2024,chengdu,A40,西北大学,一定是那ICPC，它把大哥打至跪地，可能是迫大哥跟它回去做题目口牙,朱珈成|罗穰杰|梁家瑞,1,0,4,350,211,,board
2024,chengdu,E10,西北大学,偶遇公务员强如怪物，拼尽全力无法战胜,顾舜天|颜晓轶|吴莹,1,0,3,362,285,,board
2024,chengdu,A37,西北工业大学,智力不太好,王钎屹|吴映卓|罗隆华,1,0,4,311,201,,board
2024,chengdu,E18,西北工业大学,不想想队名,梁乐彬|韩正|蔡思博,1,0,4,371,214,,board
2024,chengdu,B40,西北工业大学,金牌归来，发现妻女流落街头,吴优|郝春博|刘伟业,1,0,4,328,204,,board
2024,chengdu,F35,西北工业大学,兄弟你不香了,万梓宸|涂思亮|魏子尧,1,0,4,568,251,,board
2024,chengdu,F38,西北农林科技大学,西西务农者不嘻嘻,向闽星|曹广友|贾棋萌,1,0,3,442,288,,board
2024,chengdu,D50,西湖大学,周周酱,周子涵|王子俊|周禹卿,1,0,6,640,74,silver,board
2024,chengdu,D34,西华大学,夏日限定的告白,肖代阳|谢维文|赵熙,1,0,4,557,247,,board
2024,chengdu,B54,西南财经大学,两菜一汤,朱哲含|蒋思翔|钟富城,1,0,3,330,284,,board
2024,chengdu,D35,西南财经大学,贴上SWUFE，大显神威,肖旭仁|刘勇杰|刘俊宏,1,0,2,555,305,,board
2024,chengdu,B13,西南大学,西大暴龙队,蒋麟洲|孙舒源|刘益鸣,1,0,4,505,243,,board
2024,chengdu,E39,西南交通大学,很内向在电脑前不敢写代码,谢栩珲|胥琪|王一帆,1,0,4,735,262,,board
2024,chengdu,B26,西南交通大学,即便转生为美少女也要打ACM,倪阳|曹创|林泽宇,1,0,3,292,282,,board
2024,chengdu,A32,西南科技大学,今天也想见到你,时玉成|邓超文|张星宇,1,0,5,560,145,bronze,board
2024,chengdu,D43,西南科技大学,老东西,游克峰|刘雨凡|朱杰,1,0,6,853,102,bronze,board
2024,chengdu,E42,西南民族大学,SCCPC*,姚焜|欧辉强|黄铭,1,0,4,347,209,,board
2024,chengdu,D42,西南民族大学,夜阑风静欲归时，唯有一江明月碧琉璃,詹宁康|张楚豪|苗家纯,1,0,3,454,289,,board
2024,chengdu,E37,香港浸会大学,HKNU,吴铮|蒋润浩|贾子涵,1,0,6,583,70,silver,board
2024,chengdu,A15,香港科技大学（广州）,S属性大爆发,黄俊良|李宇堃|张思达,1,0,4,452,236,,board
2024,chengdu,D30,香港理工大学,cd CD,王骏峣|陈俊儒|张昊霖,1,0,7,1253,55,silver,board
2024,chengdu,B25,香港中文大学（深圳）,通顶雪道,忙秋阳|郭青硕|孙悠然,1,0,9,1202,16,gold,board
2024,chengdu,A30,香港中文大学（深圳）,新建文件夹,莫骄阳|周信言|邓有权,1,0,7,600,31,gold,board
2024,chengdu,A10,湘潭大学,训练两年半，何日上绿名,方云卓|谢先皓|谢东骏,1,0,6,871,104,bronze,board
2024,chengdu,C18,湘潭大学,数据别和我作队,资刘宇凡|许秋宇|陈翔,1,0,5,671,157,bronze,board
2024,chengdu,C07,新疆大学,奇迹与你,古恩豪|黄梓峰|张志诚,1,0,5,445,130,bronze,board
2024,chengdu,C20,信息工程大学,新旬拔队,林万新|丁钧铖|张裕颉,1,0,4,354,212,,board
2024,chengdu,B21,长安大学,神樱树,刘葆骐|田笑颜|高源,1,0,5,682,160,bronze,board
2024,chengdu,C14,长春理工大学,yxh 带我飞,郎震|姚祥辉|李澹,1,0,4,434,232,,board
2024,chengdu,C27,长沙理工大学,Sakura,唐彪|谭焱文|马艺,1,0,6,577,67,silver,board
2024,chengdu,F40,长沙理工大学,负优化大湿,肖志翔|夏昱|赖贝尔,1,0,4,1092,281,,board
2024,chengdu,B09,长沙学院,三脸懵逼,龚珊珊|曾令翔|罗宝升,1,0,6,625,72,silver,board
2024,chengdu,C08,浙大城市学院,冬雪涟,郭申申|鲁俊杰|张洋鸣,1,0,4,562,250,,board
2024,chengdu,E49,浙大宁波理工学院,保不齐对,周艺杰|余健林|陈铮,1,0,6,1016,117,bronze,board
2024,chengdu,A55,浙江财经大学,幻想家在幻想时间幻想ac,朱腾|陈超|冯裕钵,1,0,4,499,242,,board
2024,chengdu,E04,浙江财经大学,踏雪寻梅,陈启亮|赵子腾|吴帆,1,0,4,427,228,,board
2024,chengdu,D15,浙江大学,WF 在逃三人团,李克成|周转|朱睿哲,1,0,10,1344,6,gold,board
2024,chengdu,C21,浙江大学,乌拉呀哈 呀哈乌拉,丁思韬|金政羽|余承恩,1,0,7,801,40,silver,board
2024,chengdu,A04,浙江大学,托腮,陈君林|王子尧|黄旭彬,1,0,9,1312,21,gold,board
2024,chengdu,B20,浙江工商大学,理塘最速WA传说,林仁豪|陈孝乐|刘嘉炜,1,0,6,947,113,bronze,board
2024,chengdu,C23,浙江工商大学,猫猫骑士团初探区域赛,卢嘉亮|张任杰|杨毅博,1,0,5,683,161,bronze,board
2024,chengdu,E02,浙江工业大学,月球猫猫,陈泓睿|陆徐豪|李汶芝,1,0,8,720,22,gold,board
2024,chengdu,A13,浙江工业大学,我太想进步了,黄陈兆鋆|朱科睿|苏雨钦,1,0,6,742,90,silver,board
2024,chengdu,F41,浙江工业大学,我们必须想像他们是幸福的,谢子杰|谢宇韬|郭正楠,1,0,5,593,148,bronze,board
2024,chengdu,E43,浙江理工大学,马拉车算法算车拉马,姚仁杰|卢一鸣|汤丰玮,1,0,7,1010,52,silver,board
2024,chengdu,F09,浙江理工大学,小喷菇懒得喷,干佳立|余首荣|姜楠,1,0,6,913,111,bronze,board
2024,chengdu,D23,浙江农林大学,再交100罚,卢成荣|戴晓毅|丁煜,1,0,4,749,268,,board
2024,chengdu,C50,浙江农林大学,我直直直直直接给你坐下,朱冠霖|黄志腾|赵亭旭,1,0,4,684,260,,board
2024,chengdu,A17,浙江师范大学,该戒网瘾了,嵇纹垲|陈炯荣|张煜,1,0,7,814,41,silver,board
2024,chengdu,C45,浙江师范大学,干翻别人队,赵欣雨|汪暄暄|陈佳宜,1,0,5,717,166,bronze,board
2024,chengdu,D17,浙江师范大学,使一颗心免于哀伤,厉峻宏|郭宝旭|项展,1,0,4,293,199,,board
2024,chengdu,E36,浙江万里学院,MikuFans,翁芝燕|赵之钰|竺夏,1,0,6,680,81,silver,board
2024,chengdu,A28,郑州大学,历史为什么选择了黄前久美子,罗飞云|彭俊儒|曹建壮,1,0,5,404,128,bronze,board
2024,chengdu,D31,郑州轻工业大学,VP Expert,王少杰|赵梓昊|高福涛,1,0,4,451,235,,board
2024,chengdu,B44,郑州轻工业大学,遇事不决从容应队,薛晓煜|夏高祥|栗闫恒,1,0,4,480,239,,board
2024,chengdu,E38,中国传媒大学,憧憬成为AC高手,谢嘉彤|龙岑华|李思扬,1,0,4,822,275,,board
2024,chengdu,A12,中国传媒大学,啥,王思远|刘禹熹|黄屹,1,0,5,711,165,bronze,board
2024,chengdu,C36,中国地质大学（北京）,玩机械动力玩的,许兴城|滕俊宁|盖林,1,0,6,769,93,silver,board
2024,chengdu,D21,中国地质大学（武汉）,地脉恒辉,刘耀楠|王佳豪|鲍炳辰,1,0,5,764,173,bronze,board
2024,chengdu,E08,中国海洋大学,错误没有答案,冯钰恒|陈岳阳|张成玺,1,0,4,428,229,,board
2024,chengdu,C03,中国计量大学,兄弟，我想拿牌,陈忠鹏|陈家齐|陈敏,1,0,6,708,84,silver,board
2024,chengdu,D01,中国科学技术大学,Ben神，启动,陈聆祎|陈骆鑫|樊澄宇,1,0,9,1017,12,gold,board
2024,chengdu,B32,中国科学技术大学,随机化,涂建鹏|高华成|何煜恒,1,0,6,531,63,silver,board
2024,chengdu,A18,中国科学技术大学,摸鱼之魂终将归来,温家睿|林度|陈凌峰,1,0,8,1041,26,gold,board
2024,chengdu,F26,中国科学技术大学,五年OI三年IO,钱易|史启源|王少白,1,0,5,523,141,bronze,board
2024,chengdu,A16,中国矿业大学,无名之辈,黄科海|梁浩均|周佳炜,1,0,6,1066,120,bronze,board
2024,chengdu,E25,中国矿业大学（北京）,燐光,饶汉青|闵俊宝|金大业,1,0,4,738,263,,board
2024,chengdu,B04,中国民航大学,把思路逆转过来！,邓琦川|黄甜甜|宋梦雨,1,0,3,415,287,,board
2024,chengdu,B22,中国人民大学,数学都交给队友,刘嘉俊|孟珺|钱泽瑄,1,0,6,811,99,bronze,board
2024,chengdu,A20,中国人民大学,嘉然今天创什么,李林豇|汪元森|任秦江,1,0,7,830,42,silver,board
2024,chengdu,B36,中国石油大学（华东）,中石大1997,王一同|徐烨|林嘉伟,1,0,4,374,215,,board
2024,chengdu,D08,中国石油大学（华东）,中石大2005,韩绍泽|杨立鑫|刘亚宁,1,0,6,497,60,silver,board
2024,chengdu,B08,中南大学,塞尔达天下第一,高显堤|李奕儒|杜泊西,1,0,6,1256,125,bronze,board
2024,chengdu,D33,中南大学,新建文件夹,吴让尧|王冠楠|李佑唐,1,0,4,860,277,,board
2024,chengdu,A21,中南民族大学,想队名比过题难,林俊彦|陈宇轩|魏子杰,1,0,4,890,278,,board
2024,chengdu,D14,中山大学,中山大学_古希腊掌管罚时的神,雷灏|覃锐麟|刘开予,1,0,8,835,24,gold,board
2024,chengdu,E48,中山大学,中山大学_没有想法,陈景泰|吴永聪|薛炜鹏,1,0,9,747,7,gold,board
2024,chengdu,B01,中山大学,中山大学＿Awful＿Choices,王泓皓|罗金浩|甘善铭,1,0,6,971,114,bronze,board
2024,chengdu,C31,中山大学,中山大学_一个小队,周岱昕|陈钰炜|张耀天,1,0,5,619,151,bronze,board
2024,chengdu,C06,重庆大学,不考计算几何就摆烂,葛轩铭|陈泆君|鲁永卓,1,0,6,492,59,silver,board
2024,chengdu,A46,重庆大学,签不来到怎么办吧,张腾|胡远卓|周其星,1,0,6,642,77,silver,board
2024,chengdu,B50,重庆工程学院,我只选帅康,张翔|陈博恒|胡鑫昊,1,0,6,1208,122,bronze,board
2024,chengdu,C47,重庆交通大学,乌木威尔维恩耶尔吐温威乌温穆本欧萨斯,王墨|向鸿锐|陈星求,1,0,3,583,300,,board
2024,chengdu,E15,重庆移通学院,世界の中心、ACCEPTでを叫ぶ,李德立|韩世杰|袁馨渝,1,0,4,786,272,,board
2024,chengdu,D24,重庆邮电大学,邮电启动,潘乐乐|付宇新|赵俊超,1,0,6,894,108,bronze,board
2024,chengdu,F48,重庆邮电大学,会A吗？会A的！,张膑予|燕绍雄|林地波,1,0,4,245,193,,board
2024,chengdu,A09,华为技术有限公司,逆光芭蕾,周湘阳|刘宸睿|陈鑫,0,0,7,957,,,board
2024,chengdu,A01,友情参赛,谁都没有想到被我们寄予厚望的…,杜瑜皓|彭思进|罗恺,0,0,11,1034,,,board
2024,hongkong,BC301-01,Beijing Normal University,GODDOG,Tailin Song|Pengfei Xu(Coach),1,0,1,18,133,,board
2024,hongkong,BC301-02,Zhejiang SCI-TECH University,Senren * Banka,Ming Wang|Liang Dai|Jieyang Lu,1,0,3,327,33,silver,board
2024,hongkong,BC301-03,The Hong Kong University of Science and Technology (Guangzhou),Man What Can AC,Jiachen Zhong|Enji Xiong|Feng Liang,1,0,2,176,105,,board
2024,hongkong,BC301-04,Southwestern University of Finance and Economics,/give cup&cat minecraft:sticky_piston 1e6,Chao Wang|Jin Chen|Che Liu,1,0,2,195,109,,board
2024,hongkong,BC301-05,Northwestern Polytechnical University,i++,Ziheng Huang|Yuanbo Xu|Chenxu Wei,1,0,2,156,96,,board
2024,hongkong,BC301-06,Harbin Institute of Technology at Weihai ,the exciting AC moment,Xinpeng Li|Sheng Zhong|Shenmao Li,1,0,3,382,41,silver,board
2024,hongkong,BC301-07,Independent Competitor,Jiangnan Leather Factory,jingshengliu|pengxiao|yaoguan,0,0,4,536,,,board
2024,hongkong,BC301-08,Southwest University of Science and Technology,Only chance of lifetime,Kefeng You|Yufan Liu|Jie Zhu,1,0,4,507,19,silver,board
2024,hongkong,BC301-09,Wuhan University of Technology,idle imagination,Yechen Yu|Yifeng Li|Chen Li,1,0,2,91,64,bronze,board
2024,hongkong,BC301-10,Beihang University,Euphonium,Binyang Jiang|Dayu Wang|Hejun Dong,1,0,8,1344,2,gold,board
2024,hongkong,BC301-11,Xiamen University Malaysia,DUI DUI DUI,Jiayi Su|Liu Jintao|Zhou Zhang,1,0,2,352,121,,board
2024,hongkong,BC301-12,Pui Ching Middle School,PC-OI.2,IN IAT LI|JIA HAO LIANG|CHAK SENG TO,0,0,2,437,,,board
2024,hongkong,BC301-13,South China Normal University,give @AC McFlurry,YongZe Yan|Haoxuan Yuan|Jiaqian Huang,1,0,3,318,31,silver,board
2024,hongkong,BC301-14,Hong Kong Polytechnic University,Dynamic Infinity,Sunghak Heo|Yuqi Wang|Jingbo HUANG,1,0,2,215,113,,board
2024,hongkong,BC301-15,Guangdong University of Finance,ShitCoding ,Zhanpeng Xu|Huang DaZhi|Jia Yi Chen,1,0,2,115,74,bronze,board
2024,hongkong,BC301-16,Beijing University of Posts and Telecommunications,Gold Chef,Hanqi Qiao|Siyuan Li|Bokai Ma,1,0,2,117,76,bronze,board
2024,hongkong,BC301-17,Xiamen University,Sparkling Spring Sunlight,Zhudi Chen|Yingshi Luan|Pincong Zou,1,0,2,138,86,bronze,board
2024,hongkong,BC301-18,Hanshan Normal University,Rose,Ziyang Chen|Qihua He|Jiaxu Chen,1,0,2,115,74,bronze,board
2024,hongkong,BC302-01,Nanjing University of Aeronautics and Astronautics,BUG,Lekun Zhao|Junqi Lyu|Haotian Hu,1,0,6,799,7,gold,board
2024,hongkong,BC302-02,Jilin University,Lovely -CHO in Hong Kong,Quanzhi Kong|Zibo Xu|Leyuan Xi,0,0,4,435,,,board
2024,hongkong,BC302-03,Harbin Institute of Technology at Weihai ,Be AKed by ICPC,Bowen Li|Yunqi Sun|Jianrui Wang,1,0,2,131,82,bronze,board
2024,hongkong,BC302-04,Hong Kong University of Science and Technology,HKUST2,Yimo Zhang|Yin Fung LOK|Taimas Korganbayev,1,0,6,1140,11,gold,board
2024,hongkong,BC302-05,Shenzhen University,SZU_MouTai19937,Yunke Lei|Qi Ran|Wenwei Lin,1,0,2,155,95,,board
2024,hongkong,BC302-06,Zhejiang Gongshang University,Know your defenders,Haojie Song|Xiaotao Liu|Junzhe Zhu,1,0,2,117,76,bronze,board
2024,hongkong,BC302-07,"The Chinese University of Hong Kong, Shenzhen",New Folder,Jiaoyang Mo|Huu Quyen Dang|Xinyan Zhou,1,0,2,100,72,bronze,board
2024,hongkong,BC302-08,Hunan Normal University,Howtowin,Tianqi Duan|Xiao Zhong|Leixin Zeng,1,0,2,137,85,bronze,board
2024,hongkong,BC302-09,Hebei University of Technology,Hebut Team 3,Jinxiang Huang|SiWei Huang|Hanwen Li,1,0,2,90,63,bronze,board
2024,hongkong,BC302-10,Qiqihar University ,QQHRU is best school,Shengxuan Duan|Li QiYun|JunXian Lan,1,0,2,66,55,bronze,board
2024,hongkong,BC302-11,Southwestern University of Finance and Economics,BREaK!BREaK!BREaK!,junchao wang|yang wenhao|Shihai Wang,1,0,2,91,64,bronze,board
2024,hongkong,BC302-12,"Shanghai Luogu Network Technology Co., Ltd.",Revenge Machine-Doll (Please follow Luogu Technology),Ruize Sun|Yichen Li|Haotian Xu,0,0,3,213,,,board
2024,hongkong,BC302-13,Wuhan University of Science and Technology,Bulk recombination,Zihao Zhang|zhang yiwen|Rui Peng,1,0,2,69,57,bronze,board
2024,hongkong,BC302-14,Southwest University of Science and Technology,Sunsetting Stars,Jiongjun Liu|Mingcheng He|ZeYang Wang,1,0,3,554,48,bronze,board
2024,hongkong,BC302-15,South China Agricultural University,"2 years 2 Cu, steal with another two boyfriends, can i get Ag even Au???",Jiajun Liang|Xi Yuan|Ziqi Ye,0,0,2,100,,,board
2024,hongkong,BC302-16,Hangzhou Dianzi University,HDU-T01,Wenhao MA|Zhuokun HE|Guangsheng HUANG,1,0,7,969,4,gold,board
2024,hongkong,BC302-17,New York University Shanghai,NYU Shanghai Team 3,Linyi Dai|Pavel Nikolaitchev|Artemii Mavlitov,1,0,2,163,100,,board
2024,hongkong,BC302-18,Guangdong University of Technology,GDUT_Playing Kasuga Shadow,Zheng Lin|Xiang Pang|Zhanrong Liang,1,0,4,311,16,silver,board
2024,hongkong,BC302-19,Southern University of Science and Technology,SUSTech-Southern Breeze,Zhengyu Lin|Zhe Xue|Zihua Zeng,1,0,5,573,13,gold,board
2024,hongkong,BC302-20,Fuzhou University,Fly,Qican Liao|Jianyu Chen|Yufeng Zhuang,1,0,3,411,45,silver,board
2024,hongkong,BC302-21,Jimei University,Can I blitz Hong Kong if I fail in ICPC?,Jingwei Lin|Yecheng Xie|Liheng Wang,1,0,2,89,62,bronze,board
2024,hongkong,BC302-22,Changshu Institute of Technology,537 so cute,Tianshen Li|Fengxi Zhou|Suwan Lu,1,0,1,28,137,,board
2024,hongkong,BC302-23,Software Engineering Institute of Guangzhou,Fight the tiger tonight,jinnuo zhao|ye junxian|huang zhi yuan,1,0,1,29,139,,board
2024,hongkong,BC302-24,ShanghaiTech University, Beaten by o1-preview (mini),Zhenyu Xu|Yuhan Cao|Pengcheng Wang,1,0,3,337,34,silver,board
2024,hongkong,BC302-25,Shanghai University,"Mako, suki",Pengcheng Geng|Haoran Song|Jun Tao,1,0,7,1253,5,gold,board
2024,hongkong,BC302-26,Hong Kong Polytechnic University,LoveLiBoPQ,Gao Jiawei|Changyu Zhang|Zhangyang Yan,1,0,2,242,114,,board
2024,hongkong,BC302-27,University of Hong Kong,Hot Kpop Union,QiXuan Li|Qiyue Xu|Yuchen Wu,1,0,6,807,8,gold,board
2024,hongkong,BC302-28,Shandong University,Beaver Hunting Squad,Enwei Le|Shixin Ye|Rongxiang Guo,1,0,2,110,73,bronze,board
2024,hongkong,BC302-29,Xihua University,XiXi,Haonan Shi|Weiwen Xie|Lanxuan Wu,1,0,2,68,56,bronze,board
2024,hongkong,BC302-30,University of Macau,UM_ByteDance BlackFan Club,Zehan Lin|Kang Chen|Zining Yu,0,0,3,428,,,board
2024,hongkong,BC303-01,Beijing Normal University - Hong Kong Baptist University United International College,West Lake Fish in Vinegar Gravy,Bohan Yang|Yue Guan|Xiangru Qi,1,0,2,52,51,bronze,board
2024,hongkong,BC303-02,Wuhan University,My new dream GO!!!,Feiyang Wu|Kaibin Lu|Xirui Liu,1,0,4,457,18,silver,board
2024,hongkong,BC303-03,Shenzhen Technology University,Realize your dream,Wenhang Xiao|Zhuangzhuang Li|Xin Xu,1,0,2,316,120,,board
2024,hongkong,BC303-04,South China Agricultural University,"3 years 7 Cu, replace teammates into girlfriend, can I get Ag even Au???",Qinzheng He|Junyue Chen|Feng Jiang,0,0,2,178,,,board
2024,hongkong,BC303-05,Heilongjiang University,Nonnoncopper,Hao Wang|Yanliang Liu|Yang Gao,1,0,2,76,59,bronze,board
2024,hongkong,BC303-06,Beijing Normal University - Hong Kong Baptist University United International College,"icpc, what can i say？",Deyu Cai|Fangbo Ni|Luyao Lyu,0,0,2,548,,,board
2024,hongkong,BC303-07,Changsha University of Science and Technology,Impact of the Shanghai Master-hu ye chong ji,Haodong Cai|Yeqing Peng|Zhenlin Liu,1,0,2,171,102,,board
2024,hongkong,BC303-08,Anhui University,Too Young Too Simple,Jingqi Zhao|Zhiwei Cheng|Zihan Li,1,0,1,17,132,,board
2024,hongkong,BC303-09,Chengdu University,Algorithm Nomads,Mingsen Wan|Tianqi Ran|Yongjie He,1,0,2,172,103,,board
2024,hongkong,BC303-10,Lou Hau High School,MO-OI.3,NENG CHAN ZOU|Hio To LO|Chi Him Kuan,0,0,2,229,,,board
2024,hongkong,BC303-11,University of Macau,icy_firefly,Yue Xi|Miaoyue Gao|Jiajun Mai,1,0,1,10,129,,board
2024,hongkong,BC303-12,University of Science and Technology of China,Xitao Village Team of Silk-road City,Zhaienhe Zhou|Wenjie Hong|Yihang Guo,1,0,6,1209,12,gold,board
2024,hongkong,BC303-13,National University of Mongolia,NUM-TTTs,Tselmeg Khurelchuluun|Tamir Jamiyangarav|Temuulen Javkhlanbaatar,1,0,3,376,39,silver,board
2024,hongkong,BC303-14,Huazhong University of Science and Technology,Just Do It,Junhuan Zhang|Yucheng Zhu|Chang Wang,1,0,3,315,30,silver,board
2024,hongkong,BC303-15,Zhuhai College of Science and Technology,Three Palus' Grand Adventure,Ziyi Wei|YaoBin Yang|Di Yuan,1,0,2,140,88,bronze,board
2024,hongkong,BC303-16,Central China Normal University,Dream of the Sky,Chengyu Shi|Weijun Zeng|Junkai Qiu,1,0,3,470,46,bronze,board
2024,hongkong,BC303-17,Hefei University of Technology at Xuancheng,Walking with those who change customs,Zhongyuan Ji|Longting Cheng|Bozhao Feng,1,0,2,99,71,bronze,board
2024,hongkong,BC303-18,The Chinese University of Hong Kong,HKTV,Le Thanh Nguyen Nguyen|Thanapon Maiseaumsook|Yik Fung Cheung,1,0,3,294,28,silver,board
2024,hongkong,BC304-01,Wuhan Institute of Technology,Push through hell and RISE,Miao Qin|Biqi Lin|Jiahang Li,1,0,2,189,107,,board
2024,hongkong,BC304-02,Hohai University,There's a Naloong among us,Yuhong Li|Zhang Zixuan|Qian Ziheng,1,0,2,367,122,,board
2024,hongkong,BC304-03,Shenzhen University,SZU_Wrong answer on test 2,Junhe Ge|Jiashen Wen|Junqi Xiao,1,0,2,157,97,,board
2024,hongkong,BC304-04,University of Hong Kong,Team name ddl today,Mingfei Xia|Mingtian Yang|Haoyuan Wu,1,0,3,320,32,silver,board
2024,hongkong,BC304-05,"Hunan University of Humanities, Science and Technology",Just one shot,Li Ke|Nianzu Zhou|Xuncong Li,1,0,2,152,94,,board
2024,hongkong,BC304-06,Hankou University,tomorrow is another day,Yiyun Li|Shuchang Huang|Shengbiao Lu,1,0,2,98,69,bronze,board
2024,hongkong,BC304-07,Shanghai Jian Qiao University,qjitna,Lin ZiHang|Zhou Yujie|Fu Hao,1,0,1,51,146,,board
2024,hongkong,BC304-08,Guangdong Polytechnic Normal University,The most unreliable,cao qian|Yufan Huang|Hesong Xie,1,0,2,198,110,,board
2024,hongkong,BC304-09,Jilin University,MyLittle_sql,Ruijie Su|Tian Qiu|Yu Liu,1,0,4,563,20,silver,board
2024,hongkong,BC304-10,Ningbo University of Technology,To the Abyss,Hongjie Lu|Hetian Chen|Haoyu Cai,1,0,2,125,80,bronze,board
2024,hongkong,BC304-11,Shanghai Maritime University,"sry bro, I feel horribly strong right now.",Yanjun Shen|Ruixi Sun|Haihan Li,1,0,2,651,128,,board
2024,hongkong,BC304-12,Duke Kunshan University,Learning Algo Tmr,Binghan Cheng|Zhiyuan Shen|Tianjun Yuan,1,0,4,762,24,silver,board
2024,hongkong,BC304-13,Changshu Institute of Technology,hua hua and Ma,Siheng Fang|Hongjian Ma|Yi Liu,1,0,2,138,86,bronze,board
2024,hongkong,BC304-14,Hong Kong University of Science and Technology,Firebird Chan Lay Harder,Ka Kit Lui|Yeung Sin Chun|Sin Hang Yeung,1,0,4,433,17,silver,board
2024,hongkong,BC304-15,South China Normal University,MacArthur never dead,Kelu Zhang|Zhengbo Huang|Jianrong Hai,1,0,2,57,53,bronze,board
2024,hongkong,BC304-16,Wuhan University,Reborn As SXR,Hanyou Zheng|Chi Zhang|Jialiang Gu,1,0,2,143,89,bronze,board
2024,hongkong,BC304-17,"Beijing Jiaotong University, Weihai",DBL,Xiao Li|Yunzhong Cai|Chengxuan Zou,1,0,2,51,50,bronze,board
2024,hongkong,BC304-18,Yangtze University,two big one small,Fangjia Ji|Yan Tong|Wen Ren,1,0,2,448,125,,board
2024,hongkong,BC305-01,Huizhou University,Carrying the Fate of ACM,Jianmin Xian|Hao Sun|Cheng Gong,1,0,2,149,92,,board
2024,hongkong,BC305-02,East China Normal University,sha1+6deZ blackF4n-Club,Shuxiao Xie|Dingzun Wang|Zishi Cheng,1,0,5,605,14,gold,board
2024,hongkong,BC305-03,"Southeast University, China",Invincible zero warrior,Zhiheng Xiao|Jing Pu|Jiahang Zhu,1,0,2,133,83,bronze,board
2024,hongkong,BC305-04,New Mongol Institute of Technology,I-MAB,Adiyatumur Batjargal|Munkh-Orgil Boldbaatar|Bold-Ochir Munkhbat,1,0,3,308,29,silver,board
2024,hongkong,BC305-05,Ningbo University of Technology,but look at the time!,Dejian Ye|Jianchun Zheng|Nancheng Chen,1,0,1,32,141,,board
2024,hongkong,BC305-06,Hong Kong Baptist University,Teletubbies,Wuyou Yin|Zhang Xujing|Jiang Meng,1,0,1,38,142,,board
2024,hongkong,BC305-07,Nanjing University,Grass near home,Hangyu LIANG|Zida CHEN|Haoyang CHEN,1,0,4,602,21,silver,board
2024,hongkong,BC305-08,Southwest Jiaotong University,Mr. Guo is Shining,Huanqing Zheng|Yibing Zhao|Xinsen Guo,1,0,3,379,40,silver,board
2024,hongkong,BC305-09,Xidian University,Meow Meow Meow,Zhaoxu Liu|Qinhan Zhang|Jie Luo,1,0,4,612,22,silver,board
2024,hongkong,BC305-10,"Southeast University, China",dreamchaser,Siyuan Wei|Zihe Wei|Yeming Qin,1,0,2,170,101,,board
2024,hongkong,BC305-11,Harbin Engineering University,Name The Team Whatever You Want,Yikai Zhao|Yanran Li|Dejun Wan,1,0,2,125,80,bronze,board
2024,hongkong,BC305-12,Mongolian University of Science and Technology,sict3,Munkhbagana Munkhtur|Boldbaatar Galsanjamts|Davkharbayar Nemekhbayar,1,0,1,43,143,,board
2024,hongkong,BC305-13,Jiangnan University,Taboo Laevatein,Wanli Dong|Hongbo Zhao|Chuanzheng Shi,1,0,2,95,67,bronze,board
2024,hongkong,BC305-14,Hong Kong Baptist University,HKNU,Yunxiang Zhao|Zhihui Liu|Xin Huang(Coach),0,0,4,539,,,board
2024,hongkong,BC305-15,Huazhong University of Science and Technology,Team Name Loading 99%,zexian wang|Sitong Zhang|Kaiwen Yang,1,0,2,124,79,bronze,board
2024,hongkong,BC305-16,Sichuan University,Secure three-party computation,XiBei Zou|Yihan Zhang|Zhiqi Xia,1,0,2,98,69,bronze,board
2024,hongkong,BC305-17,Chongqing Jiaotong University,"If I get a medal, she'll come back to me",Yang Kada|Chen Junxi|Wang Jing,1,0,1,59,147,,board
2024,hongkong,BC305-18,"The Chinese University of Hong Kong, Shenzhen",Path to the Peak,Youran Sun|Qingshuo Guo|Qiuyang Mang,1,0,7,1311,6,gold,board
2024,hongkong,CD301-01,"Shandong University, Weihai",Darling,Kexin Jin|Yue Yin|Fu Zheng,1,0,2,69,57,bronze,board
2024,hongkong,CD301-02,South China University of Technology,chicken chicken chicken,Yikai Wang|Lin Zhang|Zuyu Chen,1,0,2,159,98,,board
2024,hongkong,CD301-03,Taiyuan University of Science and Technology,a failure and his team of failures,Jianjian Ding|Junrui Chen|Hongsheng Cai,1,0,2,307,117,,board
2024,hongkong,CD301-04,University of Electronic Science and Technology of China,UESTC_StarStorm,Qingshan Xu|Xingyao Li|Yubin Li,1,0,3,406,44,silver,board
2024,hongkong,CD301-05,City University of Hong Kong,a teamname should be here,Chenhao HONG|Liyou GAO|Fan Wang,1,0,2,502,126,,board
2024,hongkong,CD301-06,Zhongshan (Sun Yat-sen) University,SYSU_Check_Function,Shaohuai Zheng|Zhichen Yang|Yitao Guo,1,0,2,61,54,bronze,board
2024,hongkong,CD301-07,The Chinese University of Hong Kong,"Nah, I'd AC.",Kin Yi Chau|Ho Yik Tsun Bastien|Yanze Yang,1,0,2,147,91,,board
2024,hongkong,CD301-08,Guangzhou City University of Technology,How to sort,Zhu Zhuang|Li Wei|Jiawen Qiu,1,0,2,213,112,,board
2024,hongkong,CD301-09,Guangdong Technology College,reverse,Qi Luo|Zexin Huang|Yifeng Li,1,0,1,27,135,,board
2024,hongkong,CD301-10,Guangdong Medical University,CodeCrushers,Ruolin Zhu|Yuyang Lu|Yang He,1,0,1,27,135,,board
2024,hongkong,CD301-11,Peking University,"Merry Christmas, Mr You",Siyuan Luo|Ziyue Ge|Yuhao Meng,1,0,8,936,1,gold,board
2024,hongkong,CD301-12,Beijing Institute of Graphic Communication,China Publishing University,Fan Jiang|Chengxi Li|Muyao Tao,1,0,2,313,118,,board
2024,hongkong,CD301-13,Hong Kong Olympiad in Informatics,HKOI 1,Siu Lok Yin|Kwan Yung Ho|Choy Tsz Chai Berton,0,0,3,222,,,board
2024,hongkong,CD301-14,Università della Svizzera italiana,Poly Fan Club,Botu Lyu|Zhiyao Yan|Ning Zhou,0,0,4,540,,,board
2024,hongkong,CD301-15,Shanghai Jiao Tong University,Modification Only,Chongye Yang|Junyi Li|Endi Yu,1,0,6,818,9,gold,board
2024,hongkong,CD301-16,Guangdong University of Technology Jieyang Campus,GDUTJY_EndlBand,Jiechai Lin|Ziheng Liu|Zihua Mo,1,0,1,19,134,,board
2024,hongkong,CD301-17,City University of Hong Kong,Three Day Tour,Hans Ericson Yang|Ka Wa WONG|Kui Wang CHOI,1,0,2,83,60,bronze,board
2024,hongkong,CD301-18,Zhejiang SCI-TECH University,Tle or not,YUHAO HE|Qiyuan Ren|jianghui yu,1,0,3,270,27,silver,board
2024,hongkong,CD302-01,Hong Kong Olympiad in Informatics,HKOI 3,Yeung Shing Hei Angus|Cheng Yu San|Lu Yi Fung,0,0,6,1080,,,board
2024,hongkong,CD302-02,Hubei University of Economics,VGod is coming,Ao Zheng|Zhangguang Yu|Ziwei Wu,1,0,1,30,140,,board
2024,hongkong,CD302-03,Guangdong University of Finance,Around with you,Zhi Hao Chen|Bo Weng|Jun Ming Chen,1,0,2,315,119,,board
2024,hongkong,CD302-04,South China University of Technology,The lost city,Yaheng Wang|Shuohan Huang|Jiahua He,1,0,2,162,99,,board
2024,hongkong,CD302-05,Shandong Institute of Petroleum and Chemical Technology,Guessing to Au,Zijie Li|shenzhong yao|Jin dong Xu,1,0,2,383,124,,board
2024,hongkong,CD302-06,Hangzhou Normal University,Thousands of nights of flying sakuras and cats,Zhuo Zhang|Minlu He|Congding Wen,1,0,2,172,103,,board
2024,hongkong,CD302-07,Harbin Institute of Technology at Shenzhen,Good Problems!!!,Junyao Gao|Tanxiao Li|Yixuan Cai,1,0,5,918,15,gold,board
2024,hongkong,CD302-08,Guangdong University of Technology,MaximumLiu,Zenan Kang|Junchen Ge|Zhendong Chen,0,0,3,274,,,board
2024,hongkong,CD302-09,Southwest University,AC the example,Jiajie Jiang|Yi Deng|Xinyu Lei,1,0,1,45,144,,board
2024,hongkong,CD302-10,Shandong University,_Applied Stochastic Processes,Yuting Li|Yue Su|Yuanxin Wang,1,0,2,55,52,bronze,board
2024,hongkong,CD302-11,City University of Macau,perfectHansome,Mingxu Zhu|Muhan Hao|Fangyuan Jian,1,0,1,149,149,,board
2024,hongkong,CD302-12,Big Mountain Middle School,PTY in Big Mountain,Qipeng Kuang|Haoming Xian|Hui Li,0,0,4,572,,,board
2024,hongkong,CD302-13,Hong Kong Olympiad in Informatics,HKOI 2,Ko Kin Fung Nicholas|Mak Chun Hin Ivan|Lai Hong Tung Honrich,0,0,6,1193,,,board
2024,hongkong,CD302-14,Jilin University,Air_conditioning = nullptr,Haoyu Zhou|Fuzheng Wang|Minghao Zhu,0,0,2,120,,,board
2024,hongkong,CD302-15,City University of Hong Kong,Pure,Yixiong Gao|Shangkun Zheng|Yachao Yan,0,0,4,478,,,board
2024,hongkong,CD302-16,Zhongshan (Sun Yat-sen) University,SYSU_BreakingSky,Wenkai Zhang|Jingnan Li|Wenlong Xie,1,0,3,342,35,silver,board
2024,hongkong,CD302-17,Shanghai Lixin University of Accounting and Finance,A Two-Day Trip to Hong Kong,Yujie Luo|Boyu Lu|Tong Su(Coach),1,0,1,125,148,,board
2024,hongkong,CD302-18,University of Science and Technology of China,Cute White-Furred Loli,Xulei Sun|Yueran Yin|Yujia Zeng,1,0,3,394,43,silver,board
2024,hongkong,CD303-01,Shenzhen University of Advanced Technology,Combustion meteorite,Xinyue Tang|Jiarui Cheng|Haojie Sun,0,0,2,516,,,board
2024,hongkong,CD303-02,Shanghai Maritime University,You always only think about yourself!,Liyuan Chen|Miaoyang Chang|Tiangang Zheng,1,0,1,15,130,,board
2024,hongkong,CD303-03,Guangdong Technion Israel Institute of Technology,one paper of pure white kites,Yijie Xue|Yuhang Guo|Yanran Zhang,1,0,3,385,42,silver,board
2024,hongkong,CD303-04,Guangxi University of Foreign Languages,We are really vegetables,Ruijie Yang|Junhui Jiang|Kai Tang,1,0,3,507,47,bronze,board
2024,hongkong,CD303-05,University of Macau,Black Myth: Wu Neng,Xintao Wang|YANGSHEN PAN|NGOU HIN CHEANG,1,0,1,16,131,,board
2024,hongkong,CD303-06,Southwest Minzu University,Good Night,Ziyi Fu|Xin Yu|Ziting Gan,1,0,2,93,66,bronze,board
2024,hongkong,CD303-07,Harbin Engineering University,No Segment Fault,Xiyan Liao|Fusen Zhang|Xuehong Lu,1,0,2,287,115,,board
2024,hongkong,CD303-08,Guangzhou Turing Edu.,Guangzhou Turing Edu.,Beiyu Li|Peizhen Hu|Haitian Peng,0,0,7,1233,,,board
2024,hongkong,CD303-09,Dalian University of Technology,All Fine,Jie Liu|Jiaoyuan Liang|Yanjun Liang,1,0,2,149,92,,board
2024,hongkong,CD303-10,Duke Kunshan University,yorozuya,Houmin Sun|Zi Hu|Feiyang Zhong,1,0,2,185,106,,board
2024,hongkong,CD303-11,Hong Kong Olympiad in Informatics,HKOI 4,Wong Cheuk Kiu|Lung Ping Him|Tan Jian Lang,0,0,3,390,,,board
2024,hongkong,CD303-12,Jiangsu Ocean University,"good good study,day day up!",Hongming Fang|Ma Di|Ji ZhaoHui(Coach),1,0,1,46,145,,board
2024,hongkong,CD303-13,City University of Hong Kong (Dongguan),"4 stations 0 Cu, still with two young friends, can I make CityUHK-DG great again!!?",Chao Tang|Wangle Guo|Gengqi Yuan,0,0,2,181,,,board
2024,hongkong,CD303-14,Guangzhou City University of Technology,O(n)sort,GUOQING MO|Guang Yu|Zhenhui Zeng,1,0,2,133,83,bronze,board
2024,hongkong,CD303-15,Dongguan University of Technology,Team Is Powerful,Hai Huang|Zhilong Lin|Tianshuo Lin,1,0,3,575,49,bronze,board
2024,hongkong,CD303-16,Henan Polytechnic University,ZhuGeliang,Rongchang Zhang|Ye Pu|Yaolin Chang,1,0,2,370,123,,board
2024,hongkong,CD303-17,Shaoguan University,Man! What can I accept ,Nuowei Feng|Dingkui Kang|Xinghan Chen,1,0,3,370,38,silver,board
2024,hongkong,CD303-18,Tongji University,Stellar Melodies,LiQiang Shang|Bowen Lv|Feifan Yang,1,0,3,345,36,silver,board
2024,hongkong,CD304-01,Northwestern Polytechnical University,little sweety,Keqi Li|Taoyu Zhong|Jiahao Zou,1,0,4,647,23,silver,board
2024,hongkong,CD304-02,University of Electronic Science and Technology of China,UESTC_DebugSimulator,Bei Liu|Li Xu|Ruiji Chu,1,0,3,230,25,silver,board
2024,hongkong,CD304-03,Wuhan University of Technology,Teammates will AC and I will sleep,Guiquan Qi|Tao Luo|Yue Yin,1,0,2,205,111,,board
2024,hongkong,CD304-04,Pui Ching Middle School,PC-OI.1,HANG CHI NG|ZIYAN WANG|POK HONG LAM,0,0,2,163,,,board
2024,hongkong,CD304-05,The Chinese University of Hong Kong,HKOI 5,Sui Hei Lung|Chong Ho Hsieh|Chun Wong,0,0,5,713,,,board
2024,hongkong,CD304-06,Xi'an Jiaotong University,what captain npy buy today,Mut Fei Lin|Yuwen Li|Chentong Hu,1,0,2,143,89,bronze,board
2024,hongkong,CD304-07,Western Jiao Tong Railway Station,you 7 street sleep,Zonghan Yang|Dong Yang|Cong Ding,0,0,4,550,,,board
2024,hongkong,CD304-08,South China Agricultural University,She said she would be with me if I solve another problem,Gang Chen|Qihang Zhong|Xuanjie Jiang,1,0,2,85,61,bronze,board
2024,hongkong,CD304-09,Tongji University,TJU : Try Jumping Up,Youwen Zhang|Naihui Jiang|YuJi Bai,1,0,3,260,26,silver,board
2024,hongkong,CD304-10,Jilin University,Solar Express,Junfu Chen|Zhihang Yu|Yiding Wang,1,0,6,1013,10,gold,board
2024,hongkong,CD304-11,Xiamen University Tan Kah Kee College,"This is TKK, we're not scared",Yaokai You|Zhengnan Cai|Xiaopeng Qi,1,0,2,97,68,bronze,board
2024,hongkong,CD304-12,Chongqing Metropolitan College of Science and Technology,Meet The Dawn,MinJun Chen|Zheng Dong|YingKai Liu,1,0,2,290,116,,board
2024,hongkong,CD304-13,Xi'an Jiaotong University,Nap Now,Hongyan Feng|Yucheng Jiang|Jimmy Wang,1,0,2,190,108,,board
2024,hongkong,CD304-14,Hebei University of Technology,"I'll write it, you guys don't go",Yiwei Zhao|Yiting Liu|Heng Li,1,0,3,367,37,silver,board
2024,hongkong,CD304-15,Shandong University of Finance and Economics,SDUFE_TEAM_01,Mengyang Lai|Hongyi Ma|Qihao Zhang,1,0,2,510,127,,board
2024,hongkong,CD304-16,Yichun University,Running on test2,Shuai Hu|Shuo Shi|Zhaowei Wan,1,0,1,28,137,,board
2024,hongkong,CD304-17,Harbin Institute of Technology,Dolls in Pseudo Paradise,Yuhang Chen|Wentao Ding|Pengkai Zhang,1,0,7,891,3,gold,board
2024,hongkong,CD304-18,Kunming University of Science and Technology,Red and White,Linhan Zhou|Yuman Zhou|Jinhang Wu,1,0,2,119,78,bronze,board
2024,shanghai,A11,青岛科技大学,一唱雄鸡天下白,魏鹏超|王宏利|王景冉,1,0,3,384,195,bronze,board
2024,shanghai,A12,东北大学,NEU_交一发吧反正也不会更糟了,翟潇潇|张起予|王耀辉,1,0,3,698,243,,board
2024,shanghai,A13,同济大学,黄渡技术幼儿园,姜乃珲|张又文|赵思铭,1,0,4,598,149,bronze,board
2024,shanghai,A14,大连理工大学盘锦校区,螃蟹就吃二两母,罗艺翔|李彦彤|曹瀚文,1,0,2,261,284,,board
2024,shanghai,A15,华东理工大学,希望能,沈誉|王振宇|朱嘉辉,1,0,2,292,289,,board
2024,shanghai,A16,浙江工业大学,我太想进步了,黄陈兆鋆|朱科睿|苏雨钦,1,0,5,732,72,silver,board
2024,shanghai,A17,北京航空航天大学,早知道，还是可口可乐,刘昊言|李墨之|杭洋,1,0,6,1153,33,gold,board
2024,shanghai,A18,合肥工业大学,最后一队,张力中|丁帅|贾秀泽,1,0,4,534,137,bronze,board
2024,shanghai,A21,南京航空航天大学,米兰的铁匠铺,陆齐嘉|施天笑|罗力昂,1,0,2,99,255,,board
2024,shanghai,A22,中南大学,破晓之光,吴俊杰|罗浩成|李文韬,1,0,3,624,238,,board
2024,shanghai,A23,华东师范大学第二附属中学,卷瘾犯了,许越凡|吴恩琪|刘建坤,0,0,6,608,,,board
2024,shanghai,A24,江苏大学,Diamond,刘名俊|林志强|薛志康,1,0,3,562,228,,board
2024,shanghai,A25,南京大学,优质解答：我不知道,陈弘毅|林荣恩|郑欣,1,0,6,1075,32,gold,board
2024,shanghai,A26,山东科技大学,无畏号,谭明昆|张作为|李慎彬,1,0,1,151,325,,board
2024,shanghai,A27,华中科技大学,红温黄豆,胡伟江|黄浚源|刘祖泰,1,0,5,650,56,silver,board
2024,shanghai,A28,中国计量大学,队名？猫猫肯定有灵感,何劭弘|刘子杭|张民权,1,0,5,887,100,silver,board
2024,shanghai,A31,牛客竞赛,Anonris，我无畏契约！！！,兰宇平|林鑫淼|邓丝雨,0,0,4,452,,,board
2024,shanghai,A32,桂林电子科技大学,std::string s = 0,吴明恩|莫泽华|刘善坤,1,0,2,433,304,,board
2024,shanghai,A33,山东大学,老登加农炮,黄垚挺|李梓阳|于斐,1,0,5,592,49,silver,board
2024,shanghai,A34,洛谷科技,关注 Hydro 喵关注深入浅出进阶篇谢谢喵,陈佳鹏|徐子恩|于文阔,0,0,6,801,,,board
2024,shanghai,A35,西北大学,剑舞者,朱钊毅|伍俊霖|蒋宏烨,1,0,5,572,44,silver,board
2024,shanghai,A36,重庆邮电大学,蓝桥杯梦之队,李悦|朱易轩|陈楷文,1,0,4,1105,178,bronze,board
2024,shanghai,A37,上海外国语大学附属外国语学校,AC到底来没来,陈思瀚|刘镇豪|吴金泽,0,0,6,1009,,,board
2024,shanghai,A38,山东财经大学,奶龙是真的糖,吴方浩|于佳展|管南越,1,0,3,509,220,,board
2024,shanghai,A41,广西大学,与星尘的握手,付家锐|石新阳|韦祖豪,1,0,4,634,153,bronze,board
2024,shanghai,A42,中国科学院大学,原神启动队,黄铮舸|唐睿|胡格致,1,0,3,440,202,bronze,board
2024,shanghai,A43,北京理工大学,越野,邹知秋|于瀚文|廖嘉琦,1,0,7,762,10,gold,board
2024,shanghai,A44,山东理工大学,三重狂野毁灭机枪豌豆,李连奇|毕振豪|吴宇恒,1,0,4,643,154,bronze,board
2024,shanghai,A45,哈尔滨工业大学,我退役了，教练管不了了,朱峰|祁展华|王羽婷,1,0,6,1022,31,gold,board
2024,shanghai,A46,福州大学,恶即斩,陈宇|张子良|林伟豪,1,0,5,782,81,silver,board
2024,shanghai,A47,齐鲁工业大学,艰难依然坚持,闫书萌|孙铭|黄韵绮,1,0,4,732,166,bronze,board
2024,shanghai,A48,南京工业大学,只爱赛尔号,陈立森|汤嘉鸿|倪成龙,1,0,2,217,275,,board
2024,shanghai,A51,中国石油大学（北京）,哪里有石油哪里就是我的家,宋家乐|仝泰旻|段盈君,1,0,5,865,98,silver,board
2024,shanghai,A52,上海海洋大学,无论梦想还是希望都可以尽管贪心,胡奕晖|周子恒|安顺臻,1,0,1,44,319,,board
2024,shanghai,A53,华东师范大学,例方体,蓝寒|陶雨捷|韦思成,1,0,4,703,163,bronze,board
2024,shanghai,A54,大连海事大学,我队友可以三分钟写完线段树,陈昊楠|张皓奕|廖易超,1,0,5,852,94,silver,board
2024,shanghai,A55,东南大学,打ACM打的↑↓,汪骏宇|张一林|陈乐扬,1,0,5,717,68,silver,board
2024,shanghai,A56,广州大学,疯猾绝代,陈旭明|梁金成|刘成,1,0,5,975,108,bronze,board
2024,shanghai,A57,湖南城市学院,因为不会AC自动机，所以敲了五个小时的WA自动机,黄家祥|周忠武|李山水,1,0,2,451,306,,board
2024,shanghai,A58,武汉纺织大学,因为太怕爆零就全交暴力了,蒋沈浩|胡劲睿|苏宇曦,1,0,5,715,67,silver,board
2024,shanghai,A61,南京信息工程大学,我都可以,孙嘉诚|朱一诺|俞卓群,1,0,5,747,76,silver,board
2024,shanghai,A62,成都信息工程大学,帝企鹅,刘雨葳|李奕乐|林莫豪,1,0,5,807,88,silver,board
2024,shanghai,A63,广东外语外贸大学,Fe++,罗梓元|杜卓礼|麦思睿,1,0,3,483,213,,board
2024,shanghai,A64,电子科技大学,UESTC_在理工学校想邂逅文学学姐搞错了什么,梁育诚|陈治臻|冉泽宇,1,0,4,536,138,bronze,board
2024,shanghai,A65,西北工业大学,总湿摇篮,郭浩然|黄奕轩|王梓恒,1,0,2,164,265,,board
2024,shanghai,A66,浙江理工大学,你T不T吧,余江辉|贺宇昊|任麒源,1,0,5,1066,115,bronze,board
2024,shanghai,A67,哈尔滨工业大学（深圳）,吾皇御驾亲征,李俊铖|谢明啸|李有维,1,0,5,753,77,silver,board
2024,shanghai,A68,广东工业大学揭阳校区,GDUTJY_深度优先睡眠,邓乃添|夏子豪|余敬业,1,0,0,0,336,,board
2024,shanghai,A71,中国科学技术大学,布吉岛,张以诺|郑心舟|戎峻泽,1,0,5,929,104,bronze,board
2024,shanghai,A72,杭州电子科技大学,杭电2队,徐墨凡|徐铭扬|余梓诚,1,0,5,459,37,silver,board
2024,shanghai,A73,南京邮电大学,内鬼猫猫头,张禹健|冯一帆|文超航,1,0,5,527,41,silver,board
2024,shanghai,A74,郑州轻工业大学,最近公共祖先,周琪翔|汪雨航|王梓博,1,0,4,723,164,bronze,board
2024,shanghai,A75,河南理工大学,脑洞小开,张立攀|熊佳乐|宋幸威,1,0,3,583,231,,board
2024,shanghai,A76,山东大学（威海）,挽圆神挽的,童延|陆柯旭|钟菡树,1,0,4,651,156,bronze,board
2024,shanghai,A77,西安电子科技大学,醉里挑灯看键,俞凯嘉|洪龙颖|陈俊睿,1,0,2,143,261,,board
2024,shanghai,A78,河南农业大学,有为青年,赵岩|李锦文|董庆硕,1,0,2,361,296,,board
2024,shanghai,A81,浙大城市学院,扫雷爱好者,陈至之|沈墨昕|褚锦威,1,0,5,562,43,silver,board
2024,shanghai,A82,华东交通大学,能打一辈子icpc吗,徐阳|王锦洲|吴欣达,1,0,2,179,268,,board
2024,shanghai,A83,中山大学,中山大学_红温之旅,张宸睿|张益晟|周睿韬,1,0,6,1270,35,silver,board
2024,shanghai,A84,浙江农林大学,《想带走的上海纪念品只有奖牌》,卢建涛|何泓硕|戴城浩,1,0,3,542,226,,board
2024,shanghai,A85,北京交通大学,树枝孤鸟,王欣洋|方瑞年|王酩璋,1,0,3,446,203,bronze,board
2024,shanghai,A86,北京师范大学,崇高道德的赞许,张明杨|季涛|吕祖峰,1,0,3,256,181,bronze,board
2024,shanghai,A87,天津大学,神笔码良,周昊忆|朱靖泽|栾博越,1,0,2,124,256,,board
2024,shanghai,A88,南京理工大学,猫猫头启动,韦宇鑫|王思远|杨昊,1,0,3,527,222,,board
2024,shanghai,B11,东华大学,转生成为C++卢瑟,沈兴波|谢昀辰|侯迦得,1,0,4,654,157,bronze,board
2024,shanghai,B12,河海大学常州校区,不定积分,蔡松廷|申宝亿|江晟东,1,0,5,731,70,silver,board
2024,shanghai,B13,东北林业大学,孩子们，你们想毁了我吗,牛森源|王泽汇|孙玉豪,1,0,2,327,292,,board
2024,shanghai,B14,江西师范大学,陪我打一辈子acm好不好，我什么都会做的,刘皓东|何建伟|万翰宇,1,0,3,403,197,bronze,board
2024,shanghai,B15,西安交通大学,WA症候群,黄万平|封俊宇|薛楠恺,1,0,3,155,180,bronze,board
2024,shanghai,B16,陕西科技大学,模哥和成师傅的新征程,成思明|胡跃|段焜元,1,0,3,448,204,bronze,board
2024,shanghai,B17,湖南科技大学,挑战只用贪心获得铁牌,黄家兴|梁涵|彭璟焱,1,0,4,553,144,bronze,board
2024,shanghai,B18,杭州电子科技大学信息工程学院,爱鸡TV之我不要爱我要麦,徐俊豪|黄楚彬|兰德涵,1,0,2,125,257,,board
2024,shanghai,B21,山东大学,万元申万的,张讯|彭麟翔|刘逸宁,1,0,3,1084,251,,board
2024,shanghai,B22,东北大学,东北大学_梦,吴封晓|郭畅|陈宏伟,1,0,2,334,293,,board
2024,shanghai,B23,南京大学,然后，下一题即将通过,邓振霄|缪天顺|鞠哲,1,0,5,791,85,silver,board
2024,shanghai,B24,苏州大学,异或,姜涛|陈灵波|蔡福临,1,0,4,812,173,bronze,board
2024,shanghai,B25,西南科技大学,贡嘎雪山,王云龙|陈阳|石申圆,1,0,4,495,134,bronze,board
2024,shanghai,B26,华南理工大学,五小时对于三个acmer来说还是太短了,赵玺焱|唐瑞林|李嘉锐,1,0,5,859,95,silver,board
2024,shanghai,B27,新疆大学,icpc不拿金不改名,张立|邱桐|陶文喆,1,0,3,494,214,,board
2024,shanghai,B28,华南农业大学,一把抓住样例，顷刻炼化,卢豪禧|吴智铉|肖超,1,0,4,884,176,bronze,board
2024,shanghai,B31,浙江大学,幻想風靡,张志心|谭思成|柯怀俊,1,0,7,964,11,gold,board
2024,shanghai,B32,成都理工大学,还在整薯条的摸鱼队！,何年|朱皓宇|李灿,1,0,2,273,287,,board
2024,shanghai,B33,南京理工大学,我唐完了,高昂|金子轩|周嗣杰,1,0,2,84,253,,board
2024,shanghai,B34,上海应用技术大学, ICPC发明了什么?发明了我的脑袋ei_i,毛梓进|马小鹏|汤鑫宇,1,0,3,533,223,,board
2024,shanghai,B35,华东师范大学,Spa1+6dow Bl4ckfan-club,谢书骁|程籽实|汪鼎尊,0,0,6,991,,,board
2024,shanghai,B36,杭州师范大学,无名,葛先步|张俊涛|徐浩哲,1,0,2,402,300,,board
2024,shanghai,B37,南京林业大学,守护最好的芽衣,宗家宇|余坦骏|李富泰,1,0,2,377,298,,board
2024,shanghai,B38,青岛理工大学,会赢吗,姚淅文|赵增豪|刘敬苛,1,0,2,261,284,,board
2024,shanghai,B41,南方科技大学,南方科技大学-奥斯陆,姜奕豪|杨博文|张祺宇,1,0,8,1188,6,gold,board
2024,shanghai,B42,安徽大学,罚时冠军,李骋|张允成|高源,1,0,4,645,155,bronze,board
2024,shanghai,B43,东北师范大学,运行错误,齐昊坤|曹勇麟|黎江楠,1,0,4,482,132,bronze,board
2024,shanghai,B44,广西师范大学,哦吼吼吼吼吼,马将|周紫阳|王功磊,1,0,2,137,260,,board
2024,shanghai,B45,湖南理工学院,流泪猫猫头,金烜宇|唐天华|梁韧,1,0,5,650,56,silver,board
2024,shanghai,B46,国防科技大学,巴别塔,董坤鹏|焦天歌|彭诚,1,0,3,473,209,,board
2024,shanghai,B47,吉林大学,帕斯卡的三角形,鞠学深|梁家铭|张健哲,1,0,3,497,216,,board
2024,shanghai,B48,华南师范大学,代码先和初中生同步,何明聪|肖沐鑫|李梓健,1,0,5,696,64,silver,board
2024,shanghai,B51,北京理工大学,内核恐慌,张书豪|陈驭祺|徐宇飞,1,0,6,862,27,gold,board
2024,shanghai,B52,江西理工大学,初出茅庐,陈云杰|蔡结|吴仕贤,1,0,5,936,106,bronze,board
2024,shanghai,B53,中国地质大学（武汉）,网瘾早该电电了,杨家鹤|李泽文|魏忠强,1,0,2,236,279,,board
2024,shanghai,B54,南阳师范学院,不要给我WA WA叫,黄雯建|闵龙隆|薛睿,1,0,2,419,303,,board
2024,shanghai,B55,集美大学,鳄鱼也要做鳄梦,陈华弘|洪韩毅|廖杰如,1,0,4,536,138,bronze,board
2024,shanghai,B56,武汉科技大学,理塘的最强傳説純真猛虎丁一郎,袁铭|潘骏|王宇杰,1,0,3,344,189,bronze,board
2024,shanghai,B57,战略支援部队信息工程大学,花生可,闫国基|李鸣铭|黄颂凯,1,0,4,738,167,bronze,board
2024,shanghai,B58,西藏民族大学,秦汉1,何鑫桂|张硕|姚明博,1,0,1,149,324,,board
2024,shanghai,B61,浙大宁波理工学院,保不齐对,周艺杰|余健林|陈铮,1,0,5,888,101,silver,board
2024,shanghai,B62,河北工业大学,泥工2队,黄锦翔|李瀚文|李恒,1,0,5,1162,119,bronze,board
2024,shanghai,B63,南开大学,强基计划我爱你,郭军凯|赵思远|车昱辉,1,0,6,640,18,gold,board
2024,shanghai,B64,北京林业大学,一码归一码,周欣潼|李振梁|张秉鸿,1,0,3,404,198,bronze,board
2024,shanghai,B65,中国民航大学,重庆森林,王琨|张雨萌|郑晨兮,1,0,2,502,309,,board
2024,shanghai,B66,香港中文大学（深圳）,学勤同盟国,邓沣庭|李天拓|草光勤,1,0,1,419,335,,board
2024,shanghai,B67,浙江师范大学,斜月三星洞 风灵月影宗,李侑轩|李一辉|陈智,1,0,2,433,304,,board
2024,shanghai,B68,天津理工大学,骂谁二次元呢,成冰阳|佟佳华|赵海洋,1,0,3,374,192,bronze,board
2024,shanghai,B71,中国传媒大学,算法术士的重启人生,沈瀚洋|李梦磊|邓子扬,1,0,3,464,206,,board
2024,shanghai,B72,广东工业大学,三句号,赵浩杰|陈建生|吴毓乐,1,0,5,601,50,silver,board
2024,shanghai,B73,上海交通大学,夏日影,冯启豫|刘家宁|朱泽木,0,0,8,983,,,board
2024,shanghai,B74,北京师范大学,异或狗,高延子鹏|傅俊林|颜方志,1,0,4,700,162,bronze,board
2024,shanghai,B75,北京邮电大学,摩可彭塔斯,区庆亮|鲍睿钊|谭怡萱,1,0,6,792,23,gold,board
2024,shanghai,B76,香港科技大学（广州）,ZJJ是赵家杰,张晋杰|赵欣昊|何家睿,1,0,5,469,38,silver,board
2024,shanghai,B77,北京化工大学,逆袭者联盟,杨嘉明|彭天祺|陈昊然,1,0,3,466,207,,board
2024,shanghai,B78,北京工业大学,超长待机,佟祥正|管丹辰|孔翔宇,1,0,5,1175,120,bronze,board
2024,shanghai,B81,上海师范大学,牌爱我又,王子俊|张越群|危祎,1,0,3,565,229,,board
2024,shanghai,B82,中国石油大学（华东）,中石大2003,申俊|孙浩东|宋志涛,1,0,3,603,237,,board
2024,shanghai,B83,北京航空航天大学,偏差认知,张逸君|梁林楠|聂睿,1,0,5,770,79,silver,board
2024,shanghai,B84,中国科学技术大学,夜旅号,杨思汗|刘畅|黄盛唐,1,0,5,586,47,silver,board
2024,shanghai,B85,北京交通大学,今宵露宿何妨,李辰璋|刘泽晖|王嘉胜,1,0,4,563,145,bronze,board
2024,shanghai,B86,郑州大学,都不玩原神,乔培元|梁志杰|赵圣元,1,0,5,649,55,silver,board
2024,shanghai,B87,湘潭大学,码喽也有大圣梦,李名杰|王兮|郑智彬,1,0,4,852,174,bronze,board
2024,shanghai,B88,北京大学,但中文名要考虑的就多了,蒋梓衡|姜锐漳|郭宸淏,1,0,7,1153,13,gold,board
2024,shanghai,C11,北京理工大学,结束乐队,王学康|唐珈玮|刘恒溥,1,0,5,742,75,silver,board
2024,shanghai,C12,华东师范大学第二附属中学,21世纪是染色体的世纪,王梓|孙楷洹|李坦达,0,0,6,608,,,board
2024,shanghai,C13,上海交通大学,奇迹师歌队,楼灏|谭钧豪|徐君翊,1,0,6,635,17,gold,board
2024,shanghai,C14,台州学院,学了等于没学,曾阳|陈奕阳|鲍威龙,1,0,3,668,241,,board
2024,shanghai,C15,中国矿业大学,宇宙兄弟,严川浙|唐嘉诣|肖永烨,1,0,2,551,311,,board
2024,shanghai,C16,厦门大学,我的神里凌华圣15满分,李哲彦|林帅|李林泽,1,0,5,1203,121,bronze,board
2024,shanghai,C17,西安电子科技大学,水产王,孙振元|陈俊丞|王骏杰,1,0,4,453,129,bronze,board
2024,shanghai,C18,苏州大学,你说的都对,刘硕|朱星晨|周业鸣,1,0,2,170,267,,board
2024,shanghai,C21,南阳理工学院,给队友端茶倒水,禹云龙|李灿辉|张泽楷,1,0,2,231,277,,board
2024,shanghai,C22,东北大学,东北大学_不再掩饰,谢天石|张佳栋|黄宇帆,1,0,5,888,101,silver,board
2024,shanghai,C23,华南师范大学,你怎么知道我的鼠标里有器灵,阴铭洋|蔡海鹏|陈耿城,1,0,3,318,186,bronze,board
2024,shanghai,C24,中国矿业大学（北京）,守村人,罗心伟|郭天茁|史坪巧,1,0,4,728,165,bronze,board
2024,shanghai,C25,中山大学,中山大学_无言以对,蔡震轩|钟梓俊|邱剑波,1,0,5,1046,114,bronze,board
2024,shanghai,C26,天津工业大学,你有什么头猪吗？,应嘉宇|郭梦贞|赵艺稞,1,0,5,865,98,silver,board
2024,shanghai,C27,常熟理工学院,翻斗花园孩子王,陈文钰|邵文杰|钱图,1,0,2,191,271,,board
2024,shanghai,C28,重庆大学,one last icpc,张恩宁|游越涵|张一鸣,1,0,4,578,147,bronze,board
2024,shanghai,C31,电子科技大学,UESTC_DebugSimulator,褚睿极|李文硕|徐立,1,0,4,598,149,bronze,board
2024,shanghai,C32,河南理工大学,六皮城了让我收个菜吧,李梦洋|张科文|马俊超,1,0,2,212,274,,board
2024,shanghai,C33,香港中文大学（深圳）,坏了队,蒋一歌|曾子荣|何润元,1,0,5,442,36,silver,board
2024,shanghai,C34,北京大学,随机匹配,柯绎思|柯怿憬|谢梓涵,1,0,9,979,1,gold,board
2024,shanghai,C35,嘉应学院,我剑也未尝不利,刘天乐|陈越涛|方海秋,1,0,2,616,315,,board
2024,shanghai,C36,国防科技大学,锦鲤,谢天一|刘杭宇|杨天鹏,1,0,4,628,152,bronze,board
2024,shanghai,C37,西安理工大学,大雪深埋unaccepted,兀佩星|郝韵|周杨,1,0,1,169,326,,board
2024,shanghai,C38,东北农业大学,谁敢向我挑衅？区域赛专用高胜率起手已配,庄原|田毅|侯宇,1,0,4,479,131,bronze,board
2024,shanghai,C41,南京大学,无名,林晨浩|计昀|蒋雨泽,1,0,4,552,143,bronze,board
2024,shanghai,C42,湖南大学,芙兰大学,朱名扬|张世东|吕乐,1,0,5,1007,111,bronze,board
2024,shanghai,C43,广州华商学院,翻过这座山,陈业勤|陈钧泳|黄文乐,1,0,1,403,334,,board
2024,shanghai,C44,上海对外经贸大学,猫砖,韩逸卿|唐超|陈玉翔,1,0,2,393,299,,board
2024,shanghai,C45,西湖大学,这个家不能没有广成,周子涵|江易娴|陈子乐,1,0,5,806,87,silver,board
2024,shanghai,C46,内蒙古大学,铁匠,张琦|许书豪|李浩,1,0,3,418,199,bronze,board
2024,shanghai,C47,深圳大学,SZU_SUZ_ZUS_ZSU_USZ_UZS,徐嘉哲|李晗|李子炫,1,0,5,782,81,silver,board
2024,shanghai,C48,南方科技大学,南方科技大学-斯塔万格,王惠民|丁哲昊|李滨,1,0,3,257,182,bronze,board
2024,shanghai,C51,上海海事大学,你不管什么事都只想着自己啊！,顾以为|常缪洋|陈立元,1,0,3,632,239,,board
2024,shanghai,C52,北京邮电大学,网瘾犯了求求你把牌子给我,刘益铭|陈杰祥|谢志宏,1,0,5,491,39,silver,board
2024,shanghai,C53,浙大城市学院,阿库赛尔最强超绝圣剑美少女妹妹谢谢你爱丽丝,项天聪|杨烨锋|张宸赫,1,0,3,593,233,,board
2024,shanghai,C54,上海纽约大学,上海纽约大学队伍1,吕和睿|张乐楠|胡华渊,1,0,3,356,191,bronze,board
2024,shanghai,C55,香港中文大學,簽到失敗,龍瑞希|謝昶豪|黃進,1,0,5,792,86,silver,board
2024,shanghai,C56,湖南警察学院,在远大三路独自哭泣无人安慰还好有算竞陪我,申宇|袁福来|李道远,1,0,2,357,295,,board
2024,shanghai,C57,中国传媒大学,谁看懂题了,邱豪|张家宝|陈嘉祺,1,0,4,784,172,bronze,board
2024,shanghai,C58,浙江师范大学,未命名1.cpp,丁逸飞|王学远|李展宇,1,0,5,732,72,silver,board
2024,shanghai,C61,杭州电子科技大学,杭电10队,帅嘉洋|吴立文|王秉杭,1,0,4,655,158,bronze,board
2024,shanghai,C62,香港城市大学（东莞）,让我们说中文！欢迎来到ICPC的世界，准备好成为ICPC传奇了吗？,郭旺乐|袁庚麒|唐朝,1,0,3,508,219,,board
2024,shanghai,C63,金华市丽泽中学,精神小队,徐崇瑜|潘宏轩|徐子洋,0,0,6,757,,,board
2024,shanghai,C64,华南理工大学,嗷嗷嗷嗷嗷,郑炜城|王一帆|封杏岚,0,0,6,930,,,board
2024,shanghai,C65,山东师范大学,YXL,喻齐|许家禄|刘鑫,1,0,1,232,330,,board
2024,shanghai,C66,宁波大学,最后一分钟了我们还有希望吗,赖诗亮|方炫玮|吴晨昊,1,0,3,735,248,,board
2024,shanghai,C67,哈尔滨工业大学,加载中，请稍后,刘明卓|刘靖文|郭健桓,1,0,2,277,288,,board
2024,shanghai,C68,长沙学院,冲冲冲,应郑涛|曾翔|何南宁,1,0,5,572,44,silver,board
2024,shanghai,C71,中南大学,我吃麦当劳,吕飞扬|马思博|何炳琨,1,0,3,262,183,bronze,board
2024,shanghai,C72,南京信息工程大学,叱咤月海鱼鱼猫,潘小康|徐凡明|马天顺,1,0,5,677,62,silver,board
2024,shanghai,C73,四川大学,灵感满溢的程序创想,陈春昊|唐文可|邓善聪,1,0,3,332,188,bronze,board
2024,shanghai,C74,西安交通大学,唐人,李纳川|刘欣楠|杨润轩,1,0,5,836,92,silver,board
2024,shanghai,C75,成都东软学院,一切皆有可能,张慈玖|程仲远|贾立旺,1,0,2,156,263,,board
2024,shanghai,C76,上海理工大学,高山壮游 黄日初升,姚陆涵茗|严子安|丁晓强,1,0,5,705,65,silver,board
2024,shanghai,C77,上海科技大学,南泵,马锐泽|周小攀|钟睿丹,1,0,4,546,142,bronze,board
2024,shanghai,C78,华东师范大学,假飞了！,冯中信|姜朝顺|陈赵润,1,0,6,765,22,gold,board
2024,shanghai,C81,武汉大学,JUMPING WIN！,徐嘉浩|罗岑|柯昀志,1,0,6,762,21,gold,board
2024,shanghai,C82,西北工业大学,#N/A,王景珩|张天翔|牛马思元,0,0,5,809,,,board
2024,shanghai,C83,复旦大学,小粉兔真爱粉,戴士博|李佳骏|王子乐,1,0,6,656,19,gold,board
2024,shanghai,C84,兰州大学,刚学会打字,郑宇航|李欣杭|梁宇昊,1,0,4,681,160,bronze,board
2024,shanghai,C85,浙江财经大学,炒饭梦想家,林煜超|何益繁|贾亦浩,1,0,2,228,276,,board
2024,shanghai,C86,清华大学,击中月亮,程思元|戚朗瑞|魏佳泽,1,0,8,979,3,gold,board
2024,shanghai,C87,宁波职业技术学院,你不能拿我们和那些本科队伍比,王泽宇|吕扬盛|陈科朋,1,0,5,861,97,silver,board
2024,shanghai,C88,天津大学,北洋水师?,韦德敏|张纪同|刘清源,1,0,4,759,170,bronze,board
2024,shanghai,D11,长沙理工大学,只管AC,丁炎培|郭佳鑫|李达懿,1,0,3,597,234,,board
2024,shanghai,D12,湖南工业大学,贪心肯定队,袁永健|吴玉峰|阿布都拉·阿布都克力木,1,0,5,859,95,silver,board
2024,shanghai,D13,河南大学,没有队名,朱德良|孙利伟|翟晨皓,1,0,3,505,218,,board
2024,shanghai,D14,西北工业大学,不想想队名,梁乐彬|韩正|蔡思博,1,0,3,267,184,bronze,board
2024,shanghai,D15,华东师范大学第二附属中学,大杂鱼,肖子尧|程乐平|金点,0,0,7,1056,,,board
2024,shanghai,D16,山东农业大学,山农何时双一流,范鹏|郑嘉诚|李向哲,1,0,1,245,331,,board
2024,shanghai,D17,华东师范大学,中北墨麒麟,陈涵|李俊辰|徐卓一,0,0,3,488,,,board
2024,shanghai,D18,南京航空航天大学,我是菜鸟，想寄就寄。,王思雨|刘金颜|赵天屹,1,0,1,256,333,,board
2024,shanghai,D21,浙江大学,又活一天,王楚淏|王羽立|高宏钧,1,0,6,1260,34,gold,board
2024,shanghai,D22,北京电子科技学院,废水零液体排放,郑宇泉|李炫睿|戴露,1,0,2,618,316,,board
2024,shanghai,D23,南方科技大学,南方科技大学-特隆赫姆,曾沛宸|殷铭轩|娄午尘,1,0,2,54,252,,board
2024,shanghai,D24,福州大学,最佳小丑,林东颖|傅安|江滢怡,1,0,5,790,84,silver,board
2024,shanghai,D25,南京大学,乱敲键盘,张植翔|陈端锐|葛文清,1,0,4,449,128,bronze,board
2024,shanghai,D26,华中科技大学,长夜杯空,万睿朋|邓本永|李鑫,1,0,4,370,125,bronze,board
2024,shanghai,D27,上海建桥学院,反卡姆布来吉,林子航|付豪|唐俊祺,1,0,1,250,332,,board
2024,shanghai,D28,香港中文大學,自攻螺絲,张天瀚|黃文禮|Poonyapat Sriroth,1,0,5,639,54,silver,board
2024,shanghai,D31,浙江科技大学,虚假海马,徐林灿|张德军|许城玮,1,0,2,94,254,,board
2024,shanghai,D32,南昌航空大学,5个小时对3个acmer来说还是太短了,谢景妍|万嘉磊|张进超,1,0,2,166,266,,board
2024,shanghai,D33,重庆大学,小青草,林继清|曹泽阳|彭小轩,1,0,4,545,141,bronze,board
2024,shanghai,D34,复旦大学,笑对挑战永不言弃,袁子彦|颜皓鹏|沈子轩,1,0,5,665,60,silver,board
2024,shanghai,D35,中国矿业大学,三只煤球想成金,杜重阳|倪浩宸|吴帅,1,0,3,476,212,,board
2024,shanghai,D36,北京大学,家园火锅点特辣,李雷思问|汪煦康|王飞扬,1,0,8,1357,8,gold,board
2024,shanghai,D37,北京航空航天大学,做个白日梦,陈昊旸|肖扬航|杨斌涵,1,0,4,409,126,bronze,board
2024,shanghai,D38,浙江理工大学,队名本来超级长但因为太长被ban呜呜呜队,张莉曼|陶稼辉|王显龙,1,0,5,654,58,silver,board
2024,shanghai,D41,浙江工业大学,ZJUT7,陆仙梁|冯梓航|施豪硕,1,0,5,580,46,silver,board
2024,shanghai,D42,广东工业大学,逸误,李俊贤|吴达武|易俊霖,1,0,5,737,74,silver,board
2024,shanghai,D43,南京理工大学,匿名猫猫头,刘宇|王玉毅|余杲,1,0,4,531,136,bronze,board
2024,shanghai,D44,中南大学,老司机带带我,吴子健|朱芝毅|林宇煌,1,0,2,159,264,,board
2024,shanghai,D45,东华大学,最小瓶颈路,邵兵|李虹宇|郭峻岑,1,0,5,1013,112,bronze,board
2024,shanghai,D46,电子科技大学,UESTC_EndlessEmbrace,余天羽|王鹏|王彬丞,1,0,4,494,133,bronze,board
2024,shanghai,D47,西南民族大学,灰烬孕育生灵，催生枝叶，濯净浑浊。,买鑫鑫|蓝浩晨|韦慧欣,1,0,3,599,236,,board
2024,shanghai,D48,贵州大学,猫猫也想要拿牌,杨毅|冯林|孟坤林,1,0,4,477,130,bronze,board
2024,shanghai,D51,浙江师范大学,主C没来,厉文浩|陈增豪|许凯胤,1,0,6,872,28,gold,board
2024,shanghai,D52,合肥大学,白裤裆寒冬一击,郭旗旭|孙圳昂|谢宇,1,0,2,132,259,,board
2024,shanghai,D53,福建理工大学,什么罐头我说,郭亿镭|张宏志|戴佩旎,1,0,2,255,280,,board
2024,shanghai,D54,长安大学,爆裂魔法,胡艺瀚|周乐恒|石瑶,1,0,3,377,193,bronze,board
2024,shanghai,D55,西南大学,西大暴龙队,蒋麟洲|孙舒源|刘益鸣,1,0,3,540,225,,board
2024,shanghai,D56,华东理工大学,别急我还在藏东西,谢榛|孙俊|李佳强,1,0,4,618,151,bronze,board
2024,shanghai,D57,西南交通大学,胆小菇之梦,徐明山|阚闯|丁昱,1,0,3,473,209,,board
2024,shanghai,D58,华南理工大学,原根,邵弈|马成均|欧天毅,1,0,5,786,83,silver,board
2024,shanghai,D61,哈尔滨工业大学,海星罐头,周书扬|李志轩|杜宇丰,1,0,5,1104,116,bronze,board
2024,shanghai,D62,江西财经大学,我队友自带三金,王海峰|彭俊杰|李鑫,1,0,4,867,175,bronze,board
2024,shanghai,D63,华中农业大学,不喜欢暴力的袋鼠哥哥,雷博琦|艾子鸣|胡泽宇,1,0,3,597,234,,board
2024,shanghai,D64,哈尔滨理工大学,哈理工08队SH,何士杰|凌晟博|刘松语,1,0,3,522,221,,board
2024,shanghai,D65,齐鲁工业大学,负重越野,吴斌|魏文泽|廉昌业,1,0,2,258,282,,board
2024,shanghai,D66,山东科技大学,占星者号,王浩轩|于永晨|李庆拓,1,0,2,477,307,,board
2024,shanghai,D67,青岛大学,AC钙奶,宇泉|王新儒|阮德昭,1,0,4,528,135,bronze,board
2024,shanghai,D68,香港科技大学（广州）,ACM之日：无限罚时制,王智渊|陈志屹|黎志凌,1,0,3,377,193,bronze,board
2024,shanghai,D71,中国地质大学（武汉）,不可思议之国的爱丽丝正在梦游仙境,陈学海|李诏天|何坤良,1,0,5,616,52,silver,board
2024,shanghai,D72,安徽工业大学,得好好学习喔,李冠庭|卢岩煜|鲁志豪,1,0,3,870,250,,board
2024,shanghai,D73,香港中文大学（深圳）,WTYTO,涂宵箫|王泽诚|杨久知,1,0,6,792,23,gold,board
2024,shanghai,D74,太原理工大学,一个复杂度n的n的阶乘次方的阶乘的算法,张亚奇|柳一郎|许博栋,1,0,2,483,308,,board
2024,shanghai,D75,浙江机电职业技术大学,兔八鸽,洪志伦|应程杰|林宇曈,1,0,5,623,53,silver,board
2024,shanghai,D76,西北农林科技大学,西西务农者为俊杰,向闽星|曹广友|贾棋萌,1,0,3,587,232,,board
2024,shanghai,D77,浙江财经大学,猫咪烧烤,王鑫宇|陈君豪|王强,1,0,2,203,273,,board
2024,shanghai,D78,阜阳师范大学,A+B problem,张鹏程|严航|王保君,1,0,2,409,302,,board
2024,shanghai,D81,天津大学,守夜人,王俊学|黄文聪|罗逸伦,1,0,4,748,169,bronze,board
2024,shanghai,D82,宁波财经学院,下水管道疏通半小时上门,舒炜琳|林元钞|向铭扬,1,0,4,770,171,bronze,board
2024,shanghai,D83,华为公司,邓哥哥太强了,李泽仁|邓明昱|聂绍珩,0,0,6,763,,,board
2024,shanghai,D84,兰州大学,受限的人生与无限的奇迹,邵逸帆|吴平|时哲涵,1,0,3,347,190,bronze,board
2024,shanghai,D85,中山大学,中山大学_没有想法,陈景泰|吴永聪|薛炜鹏,1,0,8,1151,5,gold,board
2024,shanghai,D86,绍兴文理学院,狮心享受者·朝廷大司马·阿瞒有我良计吧,李珂叡|寿正阳|曹安迪,1,0,3,437,201,bronze,board
2024,shanghai,D87,东南大学,白矮星,郝舒扬|顾凌晗|周启凡,1,0,2,232,278,,board
2024,shanghai,D88,北京化工大学,？神？动,刘炯良|孙吴雨颉|周好,1,0,3,714,245,,board
2024,shanghai,E11,武汉大学,魔女之旅,李澍|厉汪扬|解丛语,1,0,5,731,70,silver,board
2024,shanghai,E12,江苏科技大学,菈妮的锋刃,贾文超|王光明|韩天睿,1,0,2,626,317,,board
2024,shanghai,E13,南通大学,NTU 1,肖如航|赵迪|梁曹开,1,0,5,1002,110,bronze,board
2024,shanghai,E14,宁波大学,Nullpo?Ga!,陈一波|胡健山|严齐航,1,0,2,374,297,,board
2024,shanghai,E15,上海外国语大学附属外国语学校,朕的皇家翻译呢,吴佳翰|龚茂涵|马晓天,0,0,6,755,,,board
2024,shanghai,E16,辽宁大学,月影宵行,高斐鸿|夏宇杰|庞宇呈,1,0,1,35,318,,board
2024,shanghai,E17,南京航空航天大学,铜牌锅贴,黄子源|黄耘青|桑浩然,1,0,4,596,148,bronze,board
2024,shanghai,E18,广东以色列理工学院,一纸繁鸢,薛亿杰|张晏然|郭宇航,1,0,5,667,61,silver,board
2024,shanghai,E21,中国科学技术大学,我们真的热爱数学,乐屈毅|赵星宇|黄星皓,1,0,5,933,105,bronze,board
2024,shanghai,E22,河南师范大学,帕鲁小队,冯常林|荆文超|徐熙涵,1,0,3,456,205,,board
2024,shanghai,E23,西北工业大学,众神眷恋的幻想乡,邵嘉豪|郭知宇|王彦淞,1,0,2,268,286,,board
2024,shanghai,E24,西安邮电大学,中二病不想谈恋爱,薛昊坤|石宇|武奕源,1,0,2,259,283,,board
2024,shanghai,E25,国防科技大学,空零,马艺洋|彭正圣|习逸晗,1,0,4,447,127,bronze,board
2024,shanghai,E26,中国海洋大学,摸鱼学院代表队,袁瑞彬|李武烈|朱先锐,1,0,2,562,312,,board
2024,shanghai,E27,杭州师范大学,春天的草莓和夏天的啤酒花,林丰|邵茹怡|尤馨然,1,0,5,824,89,silver,board
2024,shanghai,E28,浙江万里学院,后青春期的诗,奚舒雯|张宇帆|傅炫瑜,1,0,2,301,291,,board
2024,shanghai,E31,大连理工大学,二保一,陈常杰|袁振|闫希良,1,0,5,500,40,silver,board
2024,shanghai,E32,南昌大学,我从来不觉得打ICPC开心过,刘学麟|李书羽| 肖贤烨,1,0,4,353,124,bronze,board
2024,shanghai,E33,新疆大学,三只菜狗狗,吕文钦|王伟博|温智鹏,1,0,3,305,185,bronze,board
2024,shanghai,E34,福州大学,东南饺子馆,王曹俨|陈建涛|何楚杰,1,0,4,744,168,bronze,board
2024,shanghai,E35,哈尔滨工业大学（威海）,暮鼓晨钟,李欣鹏|钟晟|李燊茂,1,0,4,691,161,bronze,board
2024,shanghai,E36,浙江工业大学,choke豁免检定大成功,鲍成|罗志炜|叶瑞阳,1,0,5,656,59,silver,board
2024,shanghai,E37,浙江大学,雪花倾诉之时,徐敏睿|靳鹏举|朱天煜,1,0,6,802,25,gold,board
2024,shanghai,E38,浙江广厦建设职业技术大学,让队友AC吧，我什么都会做的,陈硕|黄燊锐|陈斌,1,0,1,134,323,,board
2024,shanghai,E41,云南大学,YNUER-ICPC,周志昊|高凌豪|崔耀,1,0,5,1026,113,bronze,board
2024,shanghai,E42,南开大学,对他使用dijkstra吧,冯宇好|杨澍|廖望,1,0,3,470,208,,board
2024,shanghai,E43,华侨大学,河出伏流,鄭創基|黄向杰|吴传虎,1,0,5,1158,118,bronze,board
2024,shanghai,E44,北京邮电大学,歪日，这么虾头？,安奕轩|谢楠|林米乐,1,0,4,334,123,bronze,board
2024,shanghai,E45,哈尔滨工程大学,我推的七海爆吃0721次罚时因为在原神启动,宿斯玮|吴兆昕|黄凯鹏,1,0,6,903,29,gold,board
2024,shanghai,E46,香港理工大学,批O，启动（,高嘉玮|张浩越|闵泽宇,1,0,2,349,294,,board
2024,shanghai,E47,南京师范大学,我能在得了健忘症的情况下打完ACM吗,周译顺|陆扬帆|朱禹丞,1,0,3,323,187,bronze,board
2024,shanghai,E48,东北大学,东北大学_ChatGPTo1-preview,苏铭炜|高健|刘小锋(教练),1,0,4,576,146,bronze,board
2024,shanghai,E51,浙江农林大学,找到工作考上研了吗还在打A,金沈扬|倪铂涵|章宇科,1,0,4,907,177,bronze,board
2024,shanghai,E52,复旦大学,曼波大战哈姆,罗意明|陈可汗|徐兆恺,1,0,6,619,15,gold,board
2024,shanghai,E53,清华大学,雾里看花,李昕然|胡赵阳|黄洛天,1,0,8,1010,4,gold,board
2024,shanghai,E54,北京理工大学,打饿了吃隔壁桌,彭田栩|陈鹏宇|牟星宇,1,0,5,1108,117,bronze,board
2024,shanghai,E55,西安交通大学,萨摩耶空间站站长今天买什么,胡辰同|李彧闻|林沫非,1,0,2,586,313,,board
2024,shanghai,E56,山东大学,猫学长，靠谱！,钟以楠|陈方航|刘智豪,1,0,5,695,63,silver,board
2024,shanghai,E57,杭州电子科技大学,杭电4队,罗传杰|俞越|张雨泽,1,0,6,851,26,gold,board
2024,shanghai,E58,长春理工大学,都会什么呢,赵耀财|苏照城|甄元浩,1,0,3,733,247,,board
2024,shanghai,E61,东北大学秦皇岛分校,名字取好了吗,刘峻畅|冯阳阳|肖轲闻,1,0,6,684,20,gold,board
2024,shanghai,E62,中南民族大学,佳明带飞学长学姐,连煜博|方可|吴佳明,1,0,2,152,262,,board
2024,shanghai,E63,上海理工大学,千音迭奏 群星赋格,潘嘉阳|王一学|石珈铭,1,0,3,645,240,,board
2024,shanghai,E64,武汉理工大学,黑唐龙 : 暴暴龙,余子逸|段宇坤|王益宇,1,0,3,390,196,bronze,board
2024,shanghai,E65,浙江工商大学,电之光,姚益浩|吴骏达|叶恒,1,0,4,539,140,bronze,board
2024,shanghai,E66,厦门大学,我是取名困难症,彭泽喜|王业盛|何后天,1,0,5,762,78,silver,board
2024,shanghai,E67,华东师范大学,可最喜欢你，萤石的AC现象,单敏杰|张甲伟|江楠,1,0,3,720,246,,board
2024,shanghai,E68,北京大学,Lumina,郭羽冲|沈吉滪|朱羿恺,1,0,8,785,2,gold,board
2024,shanghai,F11,南京邮电大学,听取WA声一片,金宇轩|谢杭玲|王翌阳,1,0,2,186,269,,board
2024,shanghai,F12,杭州师范大学,沙北土南,王图南|戴泽耀|吴睿萱,1,0,2,199,272,,board
2024,shanghai,F13,上海交通大学,影色舞,戴之恒|胡豪达|王越,1,0,6,456,14,gold,board
2024,shanghai,F14,杭州电子科技大学,杭电 7 队,王佳栋|刘亿臻|吴启航,1,0,5,774,80,silver,board
2024,shanghai,F15,清华大学,《我是大赢家》,李天宇|彭志可|曹越,1,0,8,1439,9,gold,board
2024,shanghai,F16,中国地质大学（北京）,虫子制造机,宋子涵|彭嘉伟|张宝仁,1,0,2,256,281,,board
2024,shanghai,F17,浙江大学,十发罚时,徐锐扬|吴与伦|万弘,1,0,8,1206,7,gold,board
2024,shanghai,F18,哈尔滨工业大学（深圳）,猫猫不会数数,曹鹏宇|高子烽|曹锦程,1,0,6,634,16,gold,board
2024,shanghai,F21,广东工业大学,我们已经很努力想队名了,黄立韬|李梓灏|梁志聪,1,0,3,423,200,bronze,board
2024,shanghai,F22,中国民航大学,数据别和我作队,李林芮|姚远|马佳昶,1,0,1,172,327,,board
2024,shanghai,F23,暨南大学,让三追梦,曾琪瑶|王宇涛|谢正心,1,0,3,495,215,,board
2024,shanghai,F24,武汉理工大学,样例都没过怎么ac了,王雨辰|吴明洲|王浩丞,1,0,3,539,224,,board
2024,shanghai,F25,电子科技大学,UESTC_风沙星辰,李星遥|李雨斌|许庆山,1,0,5,845,93,silver,board
2024,shanghai,F26,华中师范大学,空天之梦,曾位俊|邱俊凯|史承钰,1,0,5,963,107,bronze,board
2024,shanghai,F27,中山大学,中山大学_无限天堂,涂博皓|李昊洲|邱恺铭,1,0,5,537,42,silver,board
2024,shanghai,F28,西南财经大学,杯装油猫饼,陈瑾|王超|范博洋,1,0,2,406,301,,board
2024,shanghai,F31,河北师范大学,黎明之光,李明瑞|向清弘|孙传炜,1,0,3,686,242,,board
2024,shanghai,F32,河海大学,可以组一辈子acm队吗,王跃然|江建谕|周厚望,1,0,5,719,69,silver,board
2024,shanghai,F33,吉林大学,断桥雪,周宇恒|黄昌盛|陈鹏宇,1,0,5,609,51,silver,board
2024,shanghai,F34,浙江中医药大学,赛博中医,王震|黄超逸|何子涵,1,0,1,91,322,,board
2024,shanghai,F35,华中科技大学,零,刘星佳|黄暄骜|刘铖,1,0,6,927,30,gold,board
2024,shanghai,F36,江西农业大学,我已亭亭，不忧亦不惧,陈烨|闫卡特|江柏霖,1,0,2,188,270,,board
2024,shanghai,F37,中国科学技术大学,白日梦想家,王怡钧|蔡俊成|高君祚,1,0,5,714,66,silver,board
2024,shanghai,F38,上海电力大学,虽千万人，吾亦往矣,余子豪|陈多|邹婧杰,1,0,1,197,329,,board
2024,shanghai,F41,湖南师范大学,again crychic也算ac吗,唐嘉彬|陶子杨|殷浩文,1,0,4,1190,179,bronze,board
2024,shanghai,F42,深圳大学,不要叫我打什么黑吗喽我要学算法打比赛OK?,刘骐华|查凯文|佘洽聪,1,0,5,831,90,silver,board
2024,shanghai,F43,上海纽约大学,上海纽约大学队伍0,孙祺|许子岳|王禹嘉,1,0,2,294,290,,board
2024,shanghai,F44,南京航空航天大学,我也不知道叫什么,李立星|徐皓|潘俊达,1,0,2,126,258,,board
2024,shanghai,F45,香港中文大學,少年的拼勁,黃梓謙|姜宣丞|周禮言,1,0,5,586,47,silver,board
2024,shanghai,F46,武汉商学院,冰雪聪明琪露诺,贾锐哲|魏翔|熊子豪,1,0,5,831,90,silver,board
2024,shanghai,F47,深圳技术大学,SZTU_成则谓之勇，败则愚至极,薛晓阳|李泽濠|王楷斌,1,0,1,89,321,,board
2024,shanghai,F48,鲁东大学,钢筋混凝土拌面,徐艺玮|刘智勇|赵桂林,1,0,3,698,243,,board
2024,shanghai,F51,同济大学,404 Not Found,曾熠辰|谭兆辰|周耀佳,1,0,5,907,103,bronze,board
2024,shanghai,F52,湘潭大学,数据别和我作队,资刘宇凡|许秋宇|陈翔,1,0,4,660,159,bronze,board
2024,shanghai,F53,中国科学院大学,东风夜放花千树,潘宇轩|朱辰|钱晨,1,0,3,504,217,,board
2024,shanghai,F54,四川大学,雍正王朝老太医,邓雍|王鹏超|熊一鸣,1,0,7,1050,12,gold,board
2024,shanghai,F55,绍兴文理学院元培学院,蓝图测绘分队,孙永勇|蔡佳音|陈佳俊,1,0,1,59,320,,board
2024,shanghai,F56,哈尔滨理工大学,哈理工13队SH,冉渝旭|刘名洋|李黛希,1,0,3,821,249,,board
2024,shanghai,F57,湖南师范大学,whenever afterglow 也算wa吗,王雨清|高嘉鑫|董爵硕,1,0,5,1251,122,bronze,board
2024,shanghai,F58,海南大学,暮染烟岚,王宇烁|宋庆宾|薛冰寒,1,0,1,182,328,,board
2024,shanghai,F61,陕西师范大学,三只杂鱼喵,王永政|左祖光|项锦鹏,1,0,3,553,227,,board
2024,shanghai,F62,中国石油大学（华东）,中石大2021,苏奕洲|张华硕|孙至锴,1,0,3,580,230,,board
2024,shanghai,F63,天津大学,狼王-亚索-司命,温梓昕|荆智彬|高家璇,1,0,3,474,211,,board
2024,shanghai,F64,华东师范大学第二附属中学,硅基密语,韩书简|左佑|姜博闻,0,0,6,1023,,,board
2024,shanghai,F65,上海大学,重生之我是德扑之夜冠军,陶钧|吕耀维|贾子涵,0,0,7,956,,,board
2024,shanghai,F66,温州大学,温大一队,何卓睿|陈宇锋|陈旭冉,1,0,5,1001,109,bronze,board
2024,shanghai,F67,西北工业大学,兄弟你不香了,涂思亮|万梓宸|魏子尧,1,0,2,602,314,,board
2024,shanghai,F68,重庆城市科技学院,月落星沉,刘英凯|陈民君|董铮,1,0,2,542,310,,board
2024,hangzhou,C01,西安理工大学,庄周梦韩,周彦泽|庄睿君|韩明轩,1,0,4,810,232,,board
2024,hangzhou,A71,南京工程学院,NJIT_13队_被封了七十六个账号,丁昊|崔东靖|张诺言,1,0,4,437,165,bronze,board
2024,hangzhou,A72,沈阳理工大学,不祈者,张铳|王凯兴|闻家尉,1,0,2,59,304,,board
2024,hangzhou,A73,湖南师范大学,栀晓,唐熙林|杨泽旭|魏佳蕾,1,0,4,337,156,bronze,board
2024,hangzhou,A74,西安交通大学,未铭记何谈淡忘,方亦晨|陈光耀|陈弘烜,1,0,6,848,59,silver,board
2024,hangzhou,A75,东北师范大学,海底小纵队,周文琦|张鸿昊|梁博芳,1,0,2,99,318,,board
2024,hangzhou,A76,曲阜师范大学,别闹了老婆，咱们回家吧,孙一粟|杨梦洁|高文昊,1,0,3,328,256,,board
2024,hangzhou,A77,南阳师范学院,悬笔一绝,仵蓓文|邱志恩|黄景焜,1,0,4,762,224,,board
2024,hangzhou,A81,南昌大学,我从来不觉得打ICPC开心过,李书羽|王睿|肖贤烨,1,0,6,889,63,silver,board
2024,hangzhou,A82,浙江工商大学,空花阳焰,徐贤涛|王哲|薛强,1,0,6,795,54,silver,board
2024,hangzhou,A83,华东师范大学,河东食堂转生队,刘俊毅|刘昕东|沈崇焕,1,0,4,507,179,bronze,board
2024,hangzhou,A84,浙大宁波理工学院,倒头就睡,张奔晟|钱晨|陈洪逸,1,0,3,466,280,,board
2024,hangzhou,A85,杭州学军中学,学军信友队1队,周康阳|章弥炫|陈诺,0,0,12,1134,,,board
2024,hangzhou,A86,南开大学,粥畜除三害,刘砚桐|李佳璞|章壹程,1,0,6,867,62,silver,board
2024,hangzhou,A87,北京理工大学珠海学院,XCPC第一道难题是买机票,王壮辉|翁彦峰|蔡炆沅,1,0,4,814,234,,board
2024,hangzhou,A91,武汉大学,秘封俱乐部,李佳隆|潘非|熊师飏,1,0,7,822,22,gold,board
2024,hangzhou,A92,江西师范大学,Wrong_answer_on_test_1,刘俊豪|叶潮辉|杨扬骁,1,0,4,813,233,,board
2024,hangzhou,A93,杭州电子科技大学,杭电5队,范宇航|蔡炜权|许思杰,1,0,6,1107,76,silver,board
2024,hangzhou,A94,上海大学,求你让我过一道,叶羿伟|邢儒戈|阮一城,1,0,1,263,363,,board
2024,hangzhou,A95,哈尔滨工业大学,风灵玉秀,郭昕旸|金智威|陈云龙,1,0,6,814,55,silver,board
2024,hangzhou,A96,绍兴文理学院元培学院,蓝图测绘分队,孙永勇|张益恒|蔡佳音,1,0,2,309,349,,board
2024,hangzhou,A97,电子科技大学,UESTC_EndlessEmbrace,余天羽|王彬丞|王鹏,1,0,5,763,118,bronze,board
2024,hangzhou,D01,中南大学,电子界探寻者,周湘予|易光廷|江天运,1,0,7,536,16,gold,board
2024,hangzhou,D02,重庆交通大学,#define 铁 金,徐胤杰|曹致纲|黄晨旭,1,0,2,439,352,,board
2024,hangzhou,D03,北京邮电大学,好好想想,司睿洋|尹昱钦|张泽文,1,0,6,773,51,silver,board
2024,hangzhou,D04,北京理工大学,存在证明的自动机械,张智文|金典|黄冠泽,1,0,6,1030,73,silver,board
2024,hangzhou,D05,西北工业大学,#N/A,张天翔|牛马思元|王景珩,1,0,6,729,44,silver,board
2024,hangzhou,D06,天津大学,锐刻没有电,范艳青|邓锦源|黄涛,1,0,6,605,39,silver,board
2024,hangzhou,D07,中国科学技术大学,浑水摸奖,崔卓|张文峻|时颢恒,1,0,4,517,183,bronze,board
2024,hangzhou,D11,南开大学,难开题开题难,何闻硕|张宇墨 |陈彦兴,1,0,5,633,95,silver,board
2024,hangzhou,D12,湖州师范学院,青春ac少年不会遇到wa学姐,候鹏程|王伟翔|郑恩祈,1,0,2,69,309,,board
2024,hangzhou,D13,浙江工业大学之江学院,做博丽灵梦，谈古明地恋,姚鸿源|徐锐|李锦荣,1,0,3,375,262,,board
2024,hangzhou,D14,浙江农林大学暨阳学院,永昼2.0,姜梓堉|褚茂誉|赵博渊,1,0,4,475,171,bronze,board
2024,hangzhou,D15,南京航空航天大学,循序渐WA,孟超凡|徐昕钰|蒋润霖,1,0,3,367,260,,board
2024,hangzhou,D16,湖南文理学院,五小时战神,刘枭|张乐阳|张俊豪,1,0,3,441,273,,board
2024,hangzhou,D17,浙江广厦建设职业技术大学,六尺之下,曹政业|陈道磊|龚孝天,1,0,4,680,209,bronze,board
2024,hangzhou,D21,中国人民大学,字节无虞,晏艺桓|李雨城|陈礼邦,1,0,7,962,27,gold,board
2024,hangzhou,D22,天津理工大学,一人写，两人睡,刘鑫星|赵浩然|陆思成,1,0,2,190,337,,board
2024,hangzhou,D23,南京信息工程大学,CF灰名也有打铁梦,宋思泽|崔嘉豪|龚敏,1,0,5,630,94,silver,board
2024,hangzhou,D24,集美大学,Sanagi,刘烨冬|周鑫|韩斌,1,0,4,470,169,bronze,board
2024,hangzhou,D25,中国地质大学（北京）,趁红利学Java狠赚一笔,夏冬|许桥飞|陈俊豪,1,0,2,116,325,,board
2024,hangzhou,D26,香港城市大学（东莞）,先輩愛♪♡,叶睿明|张哲萌|董浩正,1,0,0,0,365,,board
2024,hangzhou,D27,武汉大学,ACMore,杨曦|陈宇轩|黄祯,1,0,5,877,137,bronze,board
2024,hangzhou,D31,江西师范大学,完蛋！我被原P包围了！,周路煜|李海平|熊贤昊,1,0,4,443,167,bronze,board
2024,hangzhou,D32,东北大学,东北大学_哦莫,刘明洋|潘炼|黄筱瑶,1,0,3,373,261,,board
2024,hangzhou,D33,浙江工商大学,了解你的捍卫者,刘晓涛|宋壕杰|朱俊哲,1,0,4,684,210,bronze,board
2024,hangzhou,D34,中国计量大学,就是你的生活,倪晓宇|张迅驰|陈柄宇,1,0,2,79,314,,board
2024,hangzhou,D35,山东师范大学,多压力队友才会有好成绩,孙兆政|李浩|李睿琦,1,0,4,519,184,bronze,board
2024,hangzhou,D36,原神大学,白随鸡,冉雨杭|张扬播|张瑞喆,0,0,7,1394,,,board
2024,hangzhou,D37,哈尔滨工程大学,goto: 希腊奶,孙江吉|蒋渡|赵新凯,1,0,3,306,253,,board
2024,hangzhou,D41,同济大学,于离别之朝束起约定之花,刘诗奇|吴晶承|靳嘉成,1,0,6,686,40,silver,board
2024,hangzhou,D42,华北水利水电大学,对WA使用无懈可击,刘桐|张毅|黄鹏基,1,0,4,774,227,,board
2024,hangzhou,D43,宁夏大学,能否让我停止这场追逐,林熠|郑英祺|陈天笑,1,0,3,507,285,,board
2024,hangzhou,D44,合肥大学,甘！文！！崔！！！,桑长安|许志航|钟健,1,0,3,785,300,,board
2024,hangzhou,D45,广东工业大学揭阳校区,GDUTJY_揭宿乐队,刘子恒|林杰钗|莫子桦,1,0,3,323,255,,board
2024,hangzhou,D46,上海大学,塔尖粉丝团,刘洲宏|席睿扬|殷天悦,1,0,2,163,334,,board
2024,hangzhou,D47,安徽大学,众梦之聚,吴昌盛|许钧剑|龙源徽,1,0,5,1166,153,bronze,board
2024,hangzhou,D51,福建理工大学,猿农舟,林舜华|郑晟睿|陈鹏,1,0,5,567,86,silver,board
2024,hangzhou,D52,杭州电子科技大学,杭电8队,余邦轩|许钟乐|金佳栋,1,0,5,726,112,bronze,board
2024,hangzhou,D53,浙江师范大学,ZJNU_12队,俞天琦|潘锦桦|翁一栋,1,0,5,896,139,bronze,board
2024,hangzhou,D54,上海纽约大学,上海纽约大学队伍1,吕和睿|张乐楠|胡华渊 ,1,0,3,539,292,,board
2024,hangzhou,D55,杭州学军中学,学军信友队2队,孙梓航|柳易辰|陆安易,0,0,8,1290,,,board
2024,hangzhou,D56,暨南大学,想想MJ怎么做,林楷|郑冰伟|黄一帆,1,0,5,863,136,bronze,board
2024,hangzhou,D57,电子科技大学中山学院,马拉车拉马,廖铭源|胡逸涵|钟毓鑫,1,0,3,428,270,,board
2024,hangzhou,D61,嘉应学院,治愈ACM致郁我的AC梦,张嘉焜|郑乔炜|郑烁,1,0,4,587,195,bronze,board
2024,hangzhou,D62,宁波大学,中文队名想不出,夏高源|汪博|陈炜宣,1,0,3,817,301,,board
2024,hangzhou,D63,大连理工大学,关注带工喵，关注带工谢谢喵(≧^.^≦),李泽与|谭傲|赵一鹏,1,0,6,1245,79,silver,board
2024,hangzhou,D64,郑州轻工业大学,小狗怎么叫,任五州|党子俊|杜琰,1,0,3,391,265,,board
2024,hangzhou,D65,西南科技大学,三人行，必有考研工作教培,何明成|刘炅珺|王泽洋,1,0,3,280,247,,board
2024,hangzhou,D66,温州大学,温大一队,何卓睿|杨嘉诚|盛飞扬,1,0,5,535,83,silver,board
2024,hangzhou,D67,大连理工大学(盘锦校区),氪金,李彦彤|杨佳烨|苏汉升,1,0,3,628,298,,board
2024,hangzhou,D71,中山大学,中山大学_无限天堂,李昊洲|涂博皓|邱恺铭,1,0,7,992,30,gold,board
2024,hangzhou,D72,西安交通大学,正在评测中,吴夏天|王博想|邱宇成,1,0,6,740,46,silver,board
2024,hangzhou,D73,华东师范大学,东方 homo 馆,余东桦|漆宇祥|范晨阳,1,0,5,776,121,bronze,board
2024,hangzhou,D74,中国民航大学,便邀东风揽明月,孙皓|梁永琰|王璟鸿,1,0,2,287,348,,board
2024,hangzhou,D75,成都信息工程大学,命运旋律,张玮|简一凡|黄博文,1,0,4,738,221,bronze,board
2024,hangzhou,D76,华南农业大学,随机队名,谢易居|陈俊彬|黄诗杰,1,0,4,743,223,,board
2024,hangzhou,D77,江西财经大学,她还爱我对不队,王玛琪|石翰林|黄亦诚,1,0,4,739,222,bronze,board
2024,hangzhou,D81,北京师范大学,自行车,宋泰霖|张明杨|王佳一,1,0,4,643,201,bronze,board
2024,hangzhou,D82,哈尔滨工业大学,睡到自然醒,任相龙|徐明拯|曾浩锐,1,0,3,191,238,,board
2024,hangzhou,D83,华为技术有限公司,华为云遥遥领先,何柱|林维博|陈松杨,0,0,7,1019,,,board
2024,hangzhou,D84,东华大学,不可视境界线,刘青山|杨韵清|金浩帆,1,0,6,962,68,silver,board
2024,hangzhou,D85,山东财经大学,"由于该校无XCPC经费,正在联系该队伍教练退赛",张淇皓|来孟阳|马弘逸,1,0,4,666,205,bronze,board
2024,hangzhou,D86,山东科技大学济南校区,崔神启动,屠晓桐|李明朗|黄致远,0,0,5,1075,,,board
2024,hangzhou,D87,电子科技大学,UESTC_牢东西,常铭|王振波|郑力文,1,0,5,638,96,silver,board
2024,hangzhou,D91,绍兴文理学院元培学院,三WA打碎AC梦,吴俊楠|王喆|甄诗文,1,0,1,321,364,,board
2024,hangzhou,D92,西安工程大学,追梦者,柯怀俊|符佳烨|茅植,0,0,6,997,,,board
2024,hangzhou,D93,中国石油大学（华东）,中石大2011,杨帮兴|赵海威|郝铭宇,1,0,3,412,269,,board
2024,hangzhou,D94,四川大学,拼图,杨卓|林宸|陈凯奇,1,0,5,843,131,bronze,board
2024,hangzhou,D95,广东工业大学,漫游者,林敏彬|潘锦炫|钟迪,1,0,5,809,126,bronze,board
2024,hangzhou,D96,西安工业大学,超级梦之队,杨墨润柳|肖若航|邓琦文,1,0,2,75,313,,board
2024,hangzhou,D97,杭州第二中学,报名晚了，名额没了,张君游|汪苏轶|章启莘,0,0,10,1039,,,board
2024,hangzhou,C13,National University of Mongolia,NUM-L3,Bilguun Erkhembayar|Dalaitseren Ganbold|Khishigdemberel Bayarkhuu,1,0,5,747,116,bronze,board
2024,hangzhou,C02,浙江工商大学,理塘最速WA传说,刘嘉炜|林仁豪|陈孝乐,1,0,4,711,216,bronze,board
2024,hangzhou,C03,中国矿业大学,chengcheng567_fan,李岘|高宏智|龚子贤,1,0,5,824,127,bronze,board
2024,hangzhou,C04,太原理工大学,我有一个绝妙的算法，但空白处太少，我写不下,宋宇臣|荀思杰|许星宇,1,0,4,672,207,bronze,board
2024,hangzhou,C05,无锡学院,WXU_Excalibur,王圣|钟思旋|韩顺,1,0,5,667,98,silver,board
2024,hangzhou,C06,西南民族大学,永远都像初次见你那样，使我心荡漾,张伟模|王海潮|石珈豪,1,0,3,386,264,,board
2024,hangzhou,C07,西湖大学,家门口的下午茶好喝吗,叶欣仪|江易娴|王欣琳,1,0,2,487,356,,board
2024,hangzhou,C11,海南大学,全甲野牛突袭派蒙,刘帅文|李俊飞|石美雪,1,0,1,39,358,,board
2024,hangzhou,C12,上海师范大学,你用着二次元头像说我是二次元？,李至峰|林彬|王刚,1,0,5,862,135,bronze,board
2024,hangzhou,C14,上海财经大学,尼采说得队,竺钱成|陈嘉|陶晟昱,1,0,4,697,212,bronze,board
2024,hangzhou,C15,华中师范大学,不知江月待何人,曹俞欣|王彬宇|郭子寒,1,0,7,841,23,gold,board
2024,hangzhou,C16,湖北工业大学,长生,杨思腾|陈奕澄|陈晓辉,1,0,5,676,100,silver,board
2024,hangzhou,C17,南京大学,嚼菜根队,卢泰烨|王意诚|荣恒嬉,1,0,6,784,52,silver,board
2024,hangzhou,C21,可达鸭编程,可达鸭觉得你说得对,王圣宇|肖哲|蔡禹杰,0,0,4,327,,,board
2024,hangzhou,C22,河南师范大学,阿莫西林,李文祥|石康强|黄锦辉,1,0,3,451,278,,board
2024,hangzhou,C23,国防科技大学,蓝色空间号,刘宇林|吴佳英|杨泽,1,0,5,768,119,bronze,board
2024,hangzhou,C24,中国人民大学,智算先锋队,卢霄羽|朱哲|蔡松洋,1,0,4,551,191,bronze,board
2024,hangzhou,C25,长沙理工大学,代码不能从这一侧AC,徐彬峰|王兴宇|詹一夫,1,0,5,854,133,bronze,board
2024,hangzhou,C26,哈尔滨工业大学（深圳）,不如加训,吴志广|罗烺韬|邹锦宇,1,0,5,791,122,bronze,board
2024,hangzhou,C27,浙江金华第一中学,烟花易冷,梁润昊|汪致远|赵晟昊,0,0,9,1153,,,board
2024,hangzhou,C31,浙江大学,普罗旺斯,潘伦可|邹宇涵|黄钰,0,0,7,805,,,board
2024,hangzhou,C32,福建农林大学,凌云,刘雄豪|郭伟平|陈炎,1,0,2,74,311,,board
2024,hangzhou,C33,长春理工大学,桃李酥,李澹|苏照城|陶乐乐,1,0,5,1000,149,bronze,board
2024,hangzhou,C34,中国矿业大学（北京）,我庄严宣誓我不干好事,杜若琳|杨文强|梁凯,1,0,3,353,257,,board
2024,hangzhou,C35,个人参赛,徐麒雯信奥共同体,刘海峰|杜瑜皓|许淇文,0,0,11,1453,,,board
2024,hangzhou,C37,湖州师范学院,老师说拿不到奖就要开除我们,周温策|胡微祥|钟舒晴,1,0,4,856,235,,board
2024,hangzhou,C41,浙江理工大学,队名本来超级长但因为太长被ban呜呜呜队,张莉曼|王显龙|陶稼辉,1,0,6,961,67,silver,board
2024,hangzhou,C42,北方工业大学,寒春知梦,程鹏|邵奕涵|黄梨宸,1,0,3,442,274,,board
2024,hangzhou,C43,浙江财经大学,踏雪寻梅,吴帆|赵子腾|陈启亮,1,0,3,301,252,,board
2024,hangzhou,C44,贵州大学,重生之我在贵大上高中,史昌盛|宋超|黄康,1,0,3,430,271,,board
2024,hangzhou,C45,浙江机电职业技术大学,能和我打一辈子ACM吗,王湘豫|谭振鹏|陈科睿,1,0,3,291,249,,board
2024,hangzhou,C46,宁波市镇海中学,镇海中学2队,刘恒熙|无|陈浩凯,0,0,9,1223,,,board
2024,hangzhou,C47,武汉理工大学, 突破极限,侯哲昊|朱振傲|朱选文,1,0,6,718,42,silver,board
2024,hangzhou,C51,南方科技大学,布尔诺,江博成|王振宇|王泰翔,1,0,8,1232,15,gold,board
2024,hangzhou,C52,台州学院,转生异世界发现自己acm水平下降100倍,柯豪|陆嘉|鲍科任,1,0,3,400,267,,board
2024,hangzhou,C53,深圳大学,蓝桥杯深圳总部,张少南|陈洋琛 |马午寅,1,0,5,409,81,silver,board
2024,hangzhou,C54,西南交通大学,很内向在电脑前不敢写代码,胥琪|苏永康|谢栩珲,1,0,4,507,179,bronze,board
2024,hangzhou,C55,山东农业大学,搏至无憾,宁敏学|范鹏|郑嘉诚,1,0,2,106,320,,board
2024,hangzhou,C56,杭州电子科技大学,杭电9队,冯松权|沈栩冉|沈泽楷,1,0,5,571,88,silver,board
2024,hangzhou,C57,苏州大学,RE手动机,刘昕宇|沈杨卓凡|陈顾漪,1,0,4,608,198,bronze,board
2024,hangzhou,C61,同济大学,仙银,李堂辉|郎若谷|高胜寒,1,0,6,763,49,silver,board
2024,hangzhou,C62,大连海事大学,我们从未知道那天所参加的ICPC的报销日期,何文韬|王金洋|鲍帅宇,1,0,3,483,282,,board
2024,hangzhou,C63,南京邮电大学,小展小陈小吴,吴天宇|展翼|陈兆锋,1,0,4,778,228,,board
2024,hangzhou,C64,浙大宁波理工学院,青梅绿茶,吴东|吴泽坤|涂荣基,1,0,6,959,66,silver,board
2024,hangzhou,C65,电子科技大学,UESTC_篝月明火,彭帅康|汪澄|陈奕可,1,0,8,901,10,gold,board
2024,hangzhou,C66,延安大学西安创新学院,本场比赛所有花销由杨公子买单,刘庆|杨拓丹|肖磊,1,0,2,121,327,,board
2024,hangzhou,C67,杭州学军中学,学军信友队4队,刘昱辰|廖奕晨|王清显,0,0,3,447,,,board
2024,hangzhou,C71,天津工业大学,祥子帮帮写,周浩|水博翔|章若晨,1,0,3,273,246,,board
2024,hangzhou,C72,厦门理工学院,榴莲忘返,周子峰|洪世炜|黄承杰,1,0,3,490,284,,board
2024,hangzhou,C73,浙江工业大学,月球猫猫,李汶芝|陆徐豪|陈泓睿,1,0,8,1015,12,gold,board
2024,hangzhou,C74,福建理工大学,我是外卡三个顶俩,刘羿|郑少豪|颜嘉民,1,0,2,197,339,,board
2024,hangzhou,C75,长沙学院,三脸懵逼,曾令翔|罗宝升|龚珊珊,1,0,4,433,164,bronze,board
2024,hangzhou,C76,北京航空航天大学,早知道，还是可口可乐,刘昊言|李墨之|杭洋,1,0,7,1075,32,gold,board
2024,hangzhou,C77,宁波大学,剑来,梁博淇|虞卓军|赵翰韬 ,1,0,2,197,339,,board
2024,hangzhou,C81,山东科技大学,柏林号,岳立冬|张一炜|徐熙睿,1,0,6,985,69,silver,board
2024,hangzhou,C82,北京交通大学,羊羊羊,夏鹤鸣|斯修远|郭昱哲,1,0,9,813,5,gold,board
2024,hangzhou,C83,香港大学,五条牢师,张钰晨|李屿霏|罗靖宇,1,0,4,376,160,bronze,board
2024,hangzhou,C84,香港科技大学（广州）,S属性大爆发,张思达|李宇堃|黄俊良,1,0,2,87,315,,board
2024,hangzhou,C85,浙江工业大学之江学院,帮Zn刷牙,朱楠|肖方涛|钱嘉炜,1,0,3,507,285,,board
2024,hangzhou,C86,南京理工大学,茶姬猫猫头,刘懿臻|沈培森|黄苏闽,1,0,5,935,142,bronze,board
2024,hangzhou,C87,湖南工业大学,不知道,李昊展|田梅楠|黎程帆,1,0,4,523,186,bronze,board
2024,hangzhou,C91,浙江科技大学,浙科二十队,朱睿哲|赵科竣|郑鑫,1,0,4,340,159,bronze,board
2024,hangzhou,C92,吉林大学,踏月乘歌,刘雅奇|欧阳承风|陈卓,1,0,3,192,239,,board
2024,hangzhou,C93,河海大学,不时以暴力算法tle的邻座acm同学,曾国琳|杨帆|金炬光,1,0,4,402,163,bronze,board
2024,hangzhou,C94,西北工业大学,D.D.D.,严诚治|吴语|武守恒,1,0,6,997,71,silver,board
2024,hangzhou,C95,上海大学,黑吗喽：无码,尚锦浩|王云天|陈启鸿,1,0,2,215,342,,board
2024,hangzhou,C96,哈尔滨工业大学,憂鬱烏龜,卢海琪|寒钟书|许岩,1,0,3,295,251,,board
2024,hangzhou,C97,华东师范大学,假飞了！,冯中信|姜朝顺|陈赵润,1,0,6,720,43,silver,board
2024,hangzhou,F01,浙江大学,乌拉呀哈 呀哈乌拉,丁思韬|余承恩|金政羽,0,0,6,687,,,board
2024,hangzhou,F02,National University of Mongolia,NUM-BNTs,Bat-Orgil Bat-Amgalan|Naranbat Munkherdene|Tsog Boldbaatar,1,0,4,704,214,bronze,board
2024,hangzhou,F03,江苏大学,再见了，所有的ICPC,任屹涵|李梦婷|秦强民,1,0,4,523,186,bronze,board
2024,hangzhou,F04,湖南城市学院,灰姑娘的故事,杨港宇|王钦荣|陆昌坤,1,0,5,696,104,silver,board
2024,hangzhou,F05,电子科技大学,UESTC_诶多诶多呐呐呐,包航|覃子睿|雷霖,1,0,6,859,60,silver,board
2024,hangzhou,F06,浙大城市学院,完美答案,吴锦豪|朱宇文|林盛,1,0,2,88,316,,board
2024,hangzhou,F07,浙江工业大学,ZJUT12,胡益临|陈颢元|马浩俊,1,0,2,132,331,,board
2024,hangzhou,F11,武汉理工大学,黑唐龙 : 暴暴龙,余子逸|段宇坤|王益宇,1,0,4,539,190,bronze,board
2024,hangzhou,F12,烟台大学,队长啊，你不玩原神，难道原神题会自己ac吗？,刘蔚|王云飞|王圣喆,1,0,4,1161,237,,board
2024,hangzhou,F13,北京信息科技大学,你猜金城厚不厚,房承烨|朱默涵|韩家成,1,0,2,108,322,,board
2024,hangzhou,F14,华南理工大学,team_name,柯谱|邹明序|黄烁韩,1,0,5,739,115,bronze,board
2024,hangzhou,F15,亦赋量化,春平习艺中学口十木木大土土,叶梓成|李彦奎|林一诺,0,0,7,941,,,board
2024,hangzhou,F16,西安邮电大学,送你一朵邮菜花,周剑鑫|毋至晨|黄令群,1,0,5,855,134,bronze,board
2024,hangzhou,F17,西湖大学,轰炸机数学学院,俞开|汪阳|贾岚晴,1,0,5,729,113,bronze,board
2024,hangzhou,F21,哈尔滨工业大学（威海）,为帅哥学长征婚QQ2216541094,姚天奇|李泳明|陈子铭,1,0,5,702,107,silver,board
2024,hangzhou,F22,浙江金融职业学院,银从必过队,吕艾尔|张哲楷|朱佳辉,1,0,2,164,335,,board
2024,hangzhou,F23,福州大学,不时以藏语遮羞的邻座丁真同学,方林升|蒋兴鑫|郎易恒,1,0,3,459,279,,board
2024,hangzhou,F24,江南大学,坂田金银铜时,上官家哲|唐宇喆|王志鹏,1,0,4,676,208,bronze,board
2024,hangzhou,F25,嘉兴大学,幻想成为ICPC糕手,张安逸|罗润基|黄仁炫,1,0,0,0,365,,board
2024,hangzhou,F26,华南师范大学,A了这题就去吃麦旋风,古嘉诚|袁浩轩|黄家谦,1,0,6,831,57,silver,board
2024,hangzhou,F27,集美大学,鳄鱼也要做鳄梦,廖杰如|洪韩毅|陈华弘,1,0,2,74,311,,board
2024,hangzhou,F31,云南大学,我们只是来吃西湖醋鱼的,姜凡|张鑫宇|林知非,1,0,3,509,288,,board
2024,hangzhou,F32,浙江机电职业技术大学,兔八鸽,应程杰|林宇曈|洪志伦,1,0,5,664,97,silver,board
2024,hangzhou,F33,中国传媒大学,开局重伤倒地，激发队友潜力,刘钰|杜可|范金旭,1,0,3,439,272,,board
2024,hangzhou,F34,北京化工大学,o1-IOI 中之人,徐文博|邱若昕|黄东琦,1,0,5,887,138,bronze,board
2024,hangzhou,F35,山东大学,你有这样高速运转的机械进入软件园,孙语聪|孟令铠|燕学烨,1,0,4,487,175,bronze,board
2024,hangzhou,F36,昆山杜克大学,睡觉养神队,仲飞扬|孙厚旻|林宇翔,1,0,3,409,268,,board
2024,hangzhou,F37,浙江理工大学,赛场偶遇沟槽大模拟，三页题面长如怪物，拼尽全力无法AC,胡涛|颜林浩|黄晨康,1,0,2,59,304,,board
2024,hangzhou,F41,青岛理工大学,题不在会，猜对则赢,付俊潇|王潘勋|王鹏宇,1,0,2,242,345,,board
2024,hangzhou,F42,广州华商学院,疾速命名,林奕俊|罗凯滨|陈业勤,1,0,2,648,357,,board
2024,hangzhou,F43,湖南理工学院,流泪猫猫头,林卫昱|梁韧|金烜宇,1,0,5,570,87,silver,board
2024,hangzhou,F44,温州商学院,ΨoO,梁昊翔|项坤|高展,1,0,2,123,328,,board
2024,hangzhou,F45,南京航空航天大学,我也不知道叫什么,徐皓|李立星|潘俊达,1,0,3,515,290,,board
2024,hangzhou,F46,长沙理工大学,深藏不露,成捷|曾培翔|郭展宏,1,0,3,443,275,,board
2024,hangzhou,F47,成都锦城学院,樱花泪,奉强|程义威|邓力豪,1,0,2,105,319,,board
2024,hangzhou,F51,浙江师范大学,总裁，夫人说这签到题写不完，今晚不许回家,张之娴|李燕斌|马天晟,1,0,5,705,109,silver,board
2024,hangzhou,F52,浙江农林大学,别急，再给我五分钟,欧阳国典|陈柳|陈镇锋,1,0,3,539,292,,board
2024,hangzhou,F53,中国科学院大学,Chirp-Z变换,朱奕杰|林海昊|聂泽锴,1,0,5,583,89,silver,board
2024,hangzhou,F54,武汉大学,爱哇tv之哈基米对签到哈气,严鑫|李俊涛|李楚森,1,0,3,380,263,,board
2024,hangzhou,F55,宁波市镇海中学,镇海中学1队,张锦程|胡砚枫|那峥,0,0,9,1121,,,board
2024,hangzhou,F56,中国石油大学（华东）,中石大1969,蒋砚池|袁伟豪|赵茁壮,1,0,3,391,265,,board
2024,hangzhou,F57,青岛科技大学,一唱雄鸡天下白,王宏利|王景冉|魏鹏超,1,0,4,558,192,bronze,board
2024,hangzhou,F61,哈尔滨理工大学,哈理工12队HZ,林浩|王开纪|黄忆杭,1,0,5,807,125,bronze,board
2024,hangzhou,F62,郑州大学,都不玩原神,乔培元|梁志杰|赵圣元,1,0,5,679,101,silver,board
2024,hangzhou,F63,哈尔滨工程大学,随风飘游于阳炎热浪,叶凯鹏|李简平|王亦凡,1,0,4,507,179,bronze,board
2024,hangzhou,F64,江西农业大学,领航者,刘圣丰|孙文凯|潘仕翰,1,0,3,267,244,,board
2024,hangzhou,F65,南昌航空大学,极限水花,唐斌|梁军斌|袁帅,1,0,2,196,338,,board
2024,hangzhou,F66,浙江育英职业技术学院,育英七队,卢颖|张杨晨昱|徐诚翰,1,0,4,442,166,bronze,board
2024,hangzhou,F67,深圳大学,Twilight Illusion,何元捷|张艺轩|郑博瀚,1,0,6,1063,75,silver,board
2024,hangzhou,F71,国防科技大学,空零,习逸晗|彭正圣|马艺洋,1,0,4,509,182,bronze,board
2024,hangzhou,F72,成都东软学院,糖醋奶龙,吴庭信|王俊喆|罗元聪,1,0,1,58,359,,board
2024,hangzhou,F73,杭州电子科技大学信息工程学院,爱鸡TV之我不要爱我要麦,兰德涵|徐俊豪|黄楚彬,1,0,2,453,355,,board
2024,hangzhou,F74,南京邮电大学,南京Hero久竞,廖梓轩|王瑞阳|陈华柯焱,1,0,5,601,91,silver,board
2024,hangzhou,F75,北京工业大学,双翼翱翔,刘航奇|江云天|王赫,1,0,2,381,350,,board
2024,hangzhou,F76,香港城市大学,帰宅部。,洪琛皓|王梵|高立由,1,0,4,462,168,bronze,board
2024,hangzhou,F77,吉林大学,東雲端,孔泉智|席乐媛|徐梓博,1,0,6,914,64,silver,board
2024,hangzhou,F81,重庆理工大学,就我们没实力,唐裕博|段林川|陆万豪,1,0,2,443,353,,board
2024,hangzhou,F82,西安电子科技大学,什么都不会也能参加acm吗,吴晨|汤修齐|潘振,1,0,5,673,99,silver,board
2024,hangzhou,F83,西北大学,越来越好,姜博宇|安俊杰|易李彦翰,1,0,4,763,225,,board
2024,hangzhou,F84,北京航空航天大学,会挽雕弓如满月,傅可树|梁钧著|马一,1,0,7,1271,34,gold,board
2024,hangzhou,F85,北京大学,现充队友太多了！,彭乙桐|杨卓凡|谈一鸣,1,0,7,984,29,gold,board
2024,hangzhou,F86,个人联合参赛,txt说的都队,李尚儒|杨博麟|王浩然,0,0,0,0,,,board
2024,hangzhou,F87,复旦大学,杠上林克，队长砍树,何友瑭|何昭琛|邹畅,1,0,7,821,21,gold,board
2024,hangzhou,F91,上海大学,树上的忍者,松浩然|耿鹏成|陶钧,1,0,7,919,25,gold,board
2024,hangzhou,F92,武汉科技大学,以上队伍成绩全部无效,张子豪|张晨旭|曾令卓,1,0,4,659,203,bronze,board
2024,hangzhou,F93,上海海洋大学,菜鸡的最终幻想,庄勇腾|张华文|杨镇宇,1,0,3,516,291,,board
2024,hangzhou,F94,上海电力大学,一路风光，一路风霜,朱凯年|栾效睿|裴洪宇,1,0,5,561,85,silver,board
2024,hangzhou,F95,清华大学,world. search (you);,万成章|刘一平|张景行,1,0,11,1346,2,gold,board
2024,hangzhou,F96,河海大学,可以组一辈子acm队吗,江建谕|王大儒|王跃然,1,0,4,704,214,bronze,board
2024,hangzhou,F97,中国科学技术大学,可爱白毛萝莉,孙旭磊|曾昱嘉|郑心舟,1,0,3,272,245,,board
2024,hangzhou,B01,北京化工大学,？神？动,刘炯良|周好|杨青博,1,0,3,362,259,,board
2024,hangzhou,B02,杭州电子科技大学信息工程学院,无尽的风之轨迹,周越|尹凯乐|杨鑫,1,0,7,899,24,gold,board
2024,hangzhou,B03,北京航空航天大学,一剑霜寒十四州,严禹韬|王泓翔 |谭喆文,1,0,7,796,20,gold,board
2024,hangzhou,B04,西安电子科技大学,喵亦或鱼,冯子诚|文童宇|谢睿杰,1,0,4,475,171,bronze,board
2024,hangzhou,B05,东华大学,报告阎王：处死蓝鸟!,俞鑫颜|张晓高|鲍威凌,1,0,4,766,226,,board
2024,hangzhou,B06,大连理工大学,dlut 06,刘杰|吴胤祺|梁蛟源,1,0,4,537,189,bronze,board
2024,hangzhou,B07,西北工业大学,总湿摇篮,王梓恒|郭浩然|黄奕轩,1,0,3,313,254,,board
2024,hangzhou,B11,福建师范大学,最有希望的一集,李志锐|王金鹏|陈伟杰,1,0,4,337,156,bronze,board
2024,hangzhou,B12,浙大城市学院,扫雷爱好者,沈墨昕|褚锦威|陈至之,1,0,6,730,45,silver,board
2024,hangzhou,B13,华南理工大学,拔丝地瓜,余阳|廖嘉豪|王国龙,1,0,3,486,283,,board
2024,hangzhou,B14,武汉工程大学,青青子衿，悠悠我心,朱盛杰|白雨龙|邓豪,1,0,5,687,103,silver,board
2024,hangzhou,B15,杭州学军中学,学军信友队3队,吕思吉|黄翊轩|龚诚,0,0,6,979,,,board
2024,hangzhou,B16,北京交通大学,今宵露宿何妨,刘泽晖|李辰璋|王嘉胜,1,0,5,770,120,bronze,board
2024,hangzhou,B17,丽水学院,银钥之门,孙愉超|张苏梦|江安煜,1,0,2,125,329,,board
2024,hangzhou,B21,中国科学技术大学,蓝桥春雪,冯正桦|李俊辰|邵晓玮,1,0,6,552,38,silver,board
2024,hangzhou,B22,南京大学,食堂难民走线和园卖花,冯烨聪|杨宇轩|陈思睿,1,0,7,747,18,gold,board
2024,hangzhou,B23,吉林大学,断桥雪,周宇恒|陈鹏宇|黄昌盛,1,0,6,686,40,silver,board
2024,hangzhou,B24,金华职业技术大学,金职1队,罗家乐|边栋成|陈俊宇,1,0,2,94,317,,board
2024,hangzhou,B25,天津仁爱学院,miku DAD,张艺馨|程淼|邓永星,1,0,3,658,299,,board
2024,hangzhou,B26,清华大学,雾里看花,李昕然|胡赵阳|黄洛天,1,0,9,865,6,gold,board
2024,hangzhou,B27,浙江省余姚中学,命名空间,朱毅乐|汤陈辉|王舟扬,0,0,6,775,,,board
2024,hangzhou,B31,东北大学,东北大学_出毛,仝家驹|周尧|苏焜,1,0,9,1389,8,gold,board
2024,hangzhou,B32,浙江财经大学,炒饭梦想家,何益繁|林煜超|贾亦浩,1,0,4,785,230,,board
2024,hangzhou,B33,东北大学秦皇岛分校,趁他们睡觉偷偷训一题,尹瀚磊|段俊宏|王永翔,1,0,5,720,110,silver,board
2024,hangzhou,B34,大连大学,我们队有人延毕才有了这次机会最后一舞,张逸璇|蒋文博|魏恒彬,1,0,5,793,124,bronze,board
2024,hangzhou,B35,重庆移通学院,我们一起去匹诺康尼大冒险,李德立|李浩|瞿柏铖,0,0,3,266,,,board
2024,hangzhou,B36,四川大学,猫狗鱼,吴卓琦|田烨|黄奕浩,1,0,5,1086,152,bronze,board
2024,hangzhou,B37,湖南科技大学,求求给个昆明牌牌和白毛萝莉吧我们什么都可以做的,彭洋|杨紫陌|胡博潇,1,0,4,493,177,bronze,board
2024,hangzhou,B41,南京航空航天大学,错误,吕俊琪|胡昊天|赵乐坤,0,0,8,1365,,,board
2024,hangzhou,B42,北京理工大学,香蕉的感觉不奇妙,叶子宁|戴睿|王翔宇,1,0,7,632,17,gold,board
2024,hangzhou,B43,山东大学,诺曼底上岸,于瑞灏|孙更欣|高士轩,1,0,5,1060,151,bronze,board
2024,hangzhou,B44,中山大学,中山大学_二分对勾函数,杨志宸|郑少怀|郭翊涛,1,0,5,970,145,bronze,board
2024,hangzhou,B45,杭州电子科技大学,杭电0队,万扬|林炜钦|梅瑞贤,1,0,7,1260,33,gold,board
2024,hangzhou,B46,中国计量大学,wc又不是正解,吴仁钘|方志伟|李熠轩,1,0,3,196,240,,board
2024,hangzhou,B47,江苏省苏州中学校,Select Capoo,程俊彦|邹子恒|郑乐章,0,0,7,1060,,,board
2024,hangzhou,B51,宁波职业技术学院,你不能拿我们和那些本科队伍比,吕扬盛|王泽宇|陈科朋,1,0,5,948,143,bronze,board
2024,hangzhou,B52,福州大学,孤高曼波,叶志杰|郑恩琦|黄旭,1,0,6,985,69,silver,board
2024,hangzhou,B53,浙江农林大学,找到工作考上研了吗还在打A,倪铂涵|章宇科|金沈扬,1,0,4,612,199,bronze,board
2024,hangzhou,B54,华东交通大学,乱搞一下就对了,刘浩|朱明亮|李非凡,1,0,4,650,202,bronze,board
2024,hangzhou,B55,香港理工大学,Ad Astra Abyssosque,付冠赫|孟祥宇|李易峰,1,0,4,781,229,,board
2024,hangzhou,B56,武汉纺织大学,别质疑我们了好吗好的乖摸摸头,孔浩杰|林舒乐|谢飞,1,0,4,487,175,bronze,board
2024,hangzhou,B57,河海大学,憧憬成为膜法ACMer,周厚望 |王睿彬|陈培印,1,0,3,511,289,,board
2024,hangzhou,B61,江苏科技大学,粉毛大香蕉,彭羽轩|徐鲸鹏|金智恒,1,0,4,701,213,bronze,board
2024,hangzhou,B62,浙江师范大学,分秒易逝，V我5时,兰博望|刘思源|敖浩博,1,0,5,624,93,silver,board
2024,hangzhou,B63,中南大学,饿饿饿不知道吃什么,刘润田|刘鸣晓|周学恒,1,0,5,704,108,silver,board
2024,hangzhou,B64,重庆邮电大学,在ACM校赛中被大一oi爷暴虐的大二蒟蒻能打xcpc吗?,向炳权|吴志煜|朱春林,1,0,2,157,333,,board
2024,hangzhou,B65,惠州学院,重生之道,李日敬|陆康明|陈海堂,1,0,2,421,351,,board
2024,hangzhou,B66,安徽大学,WhiteLoneliness,姚天翔|董劲豪|黄俊杰,1,0,2,120,326,,board
2024,hangzhou,B67,北京大学,思路打开,张致|朱剑枫|管晏如,1,0,12,1491,1,gold,board
2024,hangzhou,B71,湖南大学,凌空摘星,刘博文|朱潇庸|陈罡,1,0,3,470,281,,board
2024,hangzhou,B72,莆田学院,口胡金牌题,许庆华|黄佳威|龚磊,1,0,4,563,193,bronze,board
2024,hangzhou,B73,南京邮电大学,菠萝好吃,向韫韬|蒋明辉|蔡振川,1,0,6,793,53,silver,board
2024,hangzhou,B74,南方科技大学,南方科技大学-特隆赫姆,娄午尘|曾沛宸|殷铭轩,1,0,4,581,194,bronze,board
2024,hangzhou,B75,华中科技大学,懒大王,刘正航|向恩泽|潘喆,1,0,4,590,196,bronze,board
2024,hangzhou,B76,浙江警官职业学院,打火匣之队,戚伊梅|王雨阳|陈仁宁,1,0,2,225,343,,board
2024,hangzhou,B77,上海交通大学,电光火石的前奏,车昕宇|钱智煊|黄佳瑞,1,0,6,1034,74,silver,board
2024,hangzhou,E01,郑州轻工业大学,VP Expert,王少杰|赵梓昊|高福涛,1,0,3,287,248,,board
2024,hangzhou,E02,西安交通大学,WA症候群,封俊宇|薛楠恺|黄万平,1,0,4,381,161,bronze,board
2024,hangzhou,E03,青岛大学,风浪越大题越队,崔宇昊|李坤鹏|杨润,1,0,4,316,155,bronze,board
2024,hangzhou,E04,江西理工大学南昌校区,三只菜狗的算竞梦,刘化龙|李子昱|黄坪,1,0,3,568,295,,board
2024,hangzhou,E05,华南师范大学,会赢的,侯俊宇|尧韶聪|张振,1,0,5,993,147,bronze,board
2024,hangzhou,E06,安徽农业大学,关于我的队长4级323这件事,姜乐源|李兹如|陈溪,1,0,5,933,141,bronze,board
2024,hangzhou,E07,上海交通大学,夏日影,冯启豫|刘家宁|朱泽木,1,0,11,1457,4,gold,board
2024,hangzhou,E11,中国地质大学（武汉）,白色基地,孟华龙|强天行|王学海,1,0,4,718,217,bronze,board
2024,hangzhou,E12,武汉理工大学,打一辈子出你字母能转生为AC高手吗,刘承明|胡晨煊|陶释然,1,0,6,847,58,silver,board
2024,hangzhou,E13,华东理工大学,原来的队名太难听了所以先把这个队名填上去,乐征宇|朱晨煊|祁璟玥,1,0,5,455,82,silver,board
2024,hangzhou,E14,山东大学（威海）,fas de fanci,张智航|张胜熙|涂鸿铭,1,0,6,1113,77,silver,board
2024,hangzhou,E15,东北大学,东北大学_好果汁,刘格显|房田峰|贺康,1,0,3,240,242,,board
2024,hangzhou,E16,鲁东大学,银狼,张瑞哲|杨荫洲|潘佳雨,1,0,4,485,174,bronze,board
2024,hangzhou,E17,西南财经大学,狼狼狼,匡政宇|吴晗|杨龙皓,1,0,4,288,154,bronze,board
2024,hangzhou,E21,北京邮电大学,想喝绪山家的药,张鲁豫|蔡芝林|赵思涵,1,0,2,65,308,,board
2024,hangzhou,E22,成都理工大学,二仙桥AP的救赎,刘俊|李铨|杨轩宇,1,0,3,220,241,,board
2024,hangzhou,E23,广州大学,i * i = -1,吴梓涵|谢艺瀚|黎俊豪,1,0,6,1118,78,silver,board
2024,hangzhou,E24,上海理工大学,ICPC杭州简直就是一个乙游大世界！,吴佳霖|张皓宇|董柯演,1,0,5,696,104,silver,board
2024,hangzhou,E25,济南大学,樱之重生,张益铭|王逸鸣|肖远志,1,0,5,997,148,bronze,board
2024,hangzhou,E26,安徽工业大学,积极向上，到处睡觉,叶浙余|朱冬阳|郭政旸,1,0,2,168,336,,board
2024,hangzhou,E27,香港大学,Cheeky Chubbies,Dorjderem Namsraijav|Yerdaulet Mussabek|李浦華,1,0,4,726,218,bronze,board
2024,hangzhou,E31,浙江广厦建设职业技术大学,vivo50,余瑞|常天俊|张皓杰,1,0,2,59,304,,board
2024,hangzhou,E32,辽宁大学,三位一体,吴俊威|欧阳兴隆|毛博汉,1,0,5,841,130,bronze,board
2024,hangzhou,E33,湘潭大学,夜曲,卓越|叶祖晨|曾庆鑫,1,0,5,618,92,silver,board
2024,hangzhou,E34,新疆大学,我有一个AC梦,夏清伟|郑淇耀|骆承,1,0,4,696,211,bronze,board
2024,hangzhou,E35,南方科技大学,南方科技大学-利贝雷茨,徐晨钧|李连馨|黄睿轩,1,0,2,129,330,,board
2024,hangzhou,E36,武汉商学院,考研择校考察队,明天成|杨文昊|许义,1,0,2,237,344,,board
2024,hangzhou,E37,温州大学,温大二队,是凯宁|莫皓翔|陈宇锋,1,0,4,662,204,bronze,board
2024,hangzhou,E41,河南理工大学,橙子往昔,王郅明|罗峻函|高嘉琦,1,0,5,756,117,bronze,board
2024,hangzhou,E42,华中农业大学,残差连接,孙宇恒|游宇珅|黄泽源,1,0,4,339,158,bronze,board
2024,hangzhou,E43,兰州大学,自信，沉着，冷静。,吕澎|吴晨阳|马良,1,0,5,592,90,silver,board
2024,hangzhou,E44,重庆大学,签不来到怎么办吧,周其星|周屹|张腾,1,0,2,154,332,,board
2024,hangzhou,E45,山西大学,阿尔吉侬,刘明泽|华晓飞|谢千一,1,0,2,37,303,,board
2024,hangzhou,E46,北京大学,仨人成行,刘鹏飞|宋来恒|王冠尧,1,0,8,1153,14,gold,board
2024,hangzhou,E47,西南大学,AutoC++,徐畅|蒋天逸|马博涵,1,0,7,1303,35,gold,board
2024,hangzhou,E51,厦门大学,传奇援桌骑士0x0d00,刘之流|蔡培|黄成选,1,0,4,474,170,bronze,board
2024,hangzhou,E52,上海科技大学,三唐大闹 icpc,何宗原|戚桐瑜|陈籽安,1,0,3,240,242,,board
2024,hangzhou,E53,东北大学秦皇岛分校,阿尔法,张景皓|胡林润|陈泓翰,1,0,2,203,341,,board
2024,hangzhou,E54,浙江中医药大学,重生之我是原神高手,余成曙|冯致远|金理宏,1,0,3,449,277,,board
2024,hangzhou,E55,长安大学,菜狗要带可达鸭去西湖游泳,刘文越|吴宇伦|石瑶,1,0,3,361,258,,board
2024,hangzhou,E56,海南大学,这次一定AC,丁彦文|朱桐庆|洪志辉,1,0,2,264,347,,board
2024,hangzhou,E57,云南大学,Ulterior Motive,史哲轩|唐嘉骏|毕洲铭,1,0,2,59,304,,board
2024,hangzhou,E61,山东大学,SDU-TCS,王天竹|禚安垣|袁胜利,1,0,7,945,26,gold,board
2024,hangzhou,E62,四川大学,雍正王朝老太医,熊一鸣|王鹏超|邓雍,1,0,8,1033,13,gold,board
2024,hangzhou,E63,河南农业大学,幼稚原,张岩|胡锦阳|赵嘉驰,1,0,3,507,285,,board
2024,hangzhou,E64,南京理工大学,帮帮我，鲍汁锅！,何平|彭锐政|陈静波,1,0,7,971,28,gold,board
2024,hangzhou,E65,西北农林科技大学,老九农,李彤|段昊辰|窦维嘉,1,0,3,590,297,,board
2024,hangzhou,E66,中山大学,中山大学_可燃乌龙茶,何宇扬|罗杰|蔡可忻,1,0,6,743,47,silver,board
2024,hangzhou,E67,北京理工大学,打饿了吃隔壁桌,彭田栩|牟星宇|陈鹏宇,1,0,6,759,48,silver,board
2024,hangzhou,E71,信息工程大学,物之不齐，物之情也,张仕杰|郑林|陈城洛,1,0,1,227,362,,board
2024,hangzhou,E72,中南民族大学,玛卡巴卡和它的秘密花园,尹子昂|李子安|林佳露,1,0,5,846,132,bronze,board
2024,hangzhou,E73,齐鲁工业大学,艰难依然坚持,孙铭|闫书萌|黄韵绮,1,0,3,291,249,,board
2024,hangzhou,E74,浙江省衢州第二中学,飞带长队,刘佳鑫|方心童|郑钧,0,0,10,1435,,,board
2024,hangzhou,E75,浙江万里学院,Poetry of The Day After,傅炫瑜|陈伟明|陈正刚,1,0,1,92,361,,board
2024,hangzhou,E76,华中科技大学,武汉希区柯克亲手操办邹知秋退役仪式,俞仲遥|刘兆硕|麦骏,1,0,9,1162,7,gold,board
2024,hangzhou,E77,浙江工业大学,ZJUT11,周睿|张恒维|翁昊越,1,0,2,257,346,,board
2024,hangzhou,A01,中央民族大学,低语的月亮,盛楠|郭茂熙|马雨衡,1,0,1,60,360,,board
2024,hangzhou,A02,北京大学,躺在沙发上变成没知觉的植物沉入泥中蝶泳,叶子川|翟锦程|马未然,1,0,11,1405,3,gold,board
2024,hangzhou,A03,中山大学,中山大学_cutelyou,吴明禹|肖淇|苏律硕,1,0,8,773,9,gold,board
2024,hangzhou,A04,北京邮电大学,对了吗？如队,徐衍巅|曾行周|钱文韬,1,0,6,825,56,silver,board
2024,hangzhou,A05,中国海洋大学,铁逝二度,汤琦|汪希|陈柯屹,1,0,2,114,323,,board
2024,hangzhou,A06,浙江万里学院,Wonder of U,何丰毅|孙春辉|牛腾,1,0,2,450,354,,board
2024,hangzhou,A07,华为技术有限公司,极光队,唐京|张元龙|戴志炜,0,0,8,1233,,,board
2024,hangzhou,A11,北京林业大学,一码归一码,周欣潼|张秉鸿|李振梁,1,0,3,584,296,,board
2024,hangzhou,A12,阜阳师范大学,锐笔速写,纪成伟|詹敏玮|邹宇,1,0,2,106,320,,board
2024,hangzhou,A13,哈尔滨理工大学,哈理工10队HZ,唐金玉|李博徵|王硕,1,0,4,731,219,bronze,board
2024,hangzhou,A14,江西理工大学,初始之音，响彻未来,司佩东|张宇凡|简政,1,0,4,622,200,bronze,board
2024,hangzhou,A15,复旦大学,学海无涯，回头是岸,崔博钧|莫骐彰|阚子淳,1,0,8,981,11,gold,board
2024,hangzhou,A16,北京师范大学-香港浸会大学联合国际学院,你的择路人,倪方博|吕路遥|赵泽峰,1,0,3,447,276,,board
2024,hangzhou,A17,台州学院,别急,刘韬|金鑫|陈逸轩,1,0,5,698,106,silver,board
2024,hangzhou,A21,云南大学,Must be the right,吴思奇|马永琦|黄佳和,1,0,2,115,324,,board
2024,hangzhou,A22,浙江工业大学,今亦求金,周泳良|罗一鸣|闵士轩,1,0,6,861,61,silver,board
2024,hangzhou,A23,东北大学,东北大学_十三的全排列,王帅|魏子杰|黄佳明,1,0,5,1009,150,bronze,board
2024,hangzhou,A24,齐鲁工业大学,原始人，起洞！,刘起铭|王梓宇|蒋志发,1,0,4,592,197,bronze,board
2024,hangzhou,A25,浙江大学,托腮,王子尧|陈君林|黄旭彬,0,0,8,1012,,,board
2024,hangzhou,A26,香港科技大学,Oops,孔令丞|董婧文|郑君赫,1,0,4,876,236,,board
2024,hangzhou,A27,浙江师范大学,AAA蜜雪冰城代购,叶杨城|周胜烨|周雨星,1,0,5,830,128,bronze,board
2024,hangzhou,A31,南京大学,我打铁牌？真的假的？,张浩淼|谭泽晖|黄文睿,1,0,6,495,37,gold,board
2024,hangzhou,A32,浙大城市学院,夏日青空,林嘉亮|林景阳|许航杰,1,0,3,567,294,,board
2024,hangzhou,A33,华中科技大学,和平讨论不带节奏,冯育硕|杨家祯|聂卓然,1,0,7,1020,31,gold,board
2024,hangzhou,A34,广西大学,与星尘的握手,付家锐|石新阳|韦祖豪,1,0,4,384,162,bronze,board
2024,hangzhou,A35,南京航空航天大学,南航猫猫头（队长十年单身换区域赛铜牌版）,刘映石|池明轩|胡弘泰,1,0,4,521,185,bronze,board
2024,hangzhou,A36,华南理工大学,打xcpc不喊我,吕浩天|徐睿|梁立州,1,0,6,767,50,silver,board
2024,hangzhou,A37,重庆邮电大学,蓝桥杯梦之队,朱易轩|李悦|陈楷文,1,0,4,476,173,bronze,board
2024,hangzhou,A41,哈尔滨工业大学（威海）,帅哥队长还在征婚QQ2216541094,李义朋|沈晨阳|解裕懋,1,0,6,1001,72,silver,board
2024,hangzhou,A42,新疆大学,请你给个牌子，我什么都可以做,庄凌浩|欧力铭|蒋涛,1,0,4,733,220,bronze,board
2024,hangzhou,A43,广东培正学院,找不到队友,沈亦鱼|黄铭锋|黄铭锋,1,0,4,786,231,,board
2024,hangzhou,A44,哈尔滨工业大学（深圳）,重生之我在哈工深打ACM,任德阳|王一鸣|秦绍竣,1,0,5,723,111,silver,board
2024,hangzhou,A45,香港城市大学,初心,燕雅超|郑上锟|高义雄,1,0,6,470,36,gold,board
2024,hangzhou,A46,浙江理工大学,带带我，我也会挂名,江子豪|汤宇涛|陈宏毅,1,0,4,526,188,bronze,board
2024,hangzhou,A47,北京理工大学,卡批炉批和穹批,李昂|梁思源|郑润哲,1,0,6,949,65,silver,board
2024,hangzhou,A51,中国科学技术大学,退休中灯再就业,汪晨曦|赵泽昆|陈纳川,1,0,5,830,128,bronze,board
2024,hangzhou,A52,山东理工大学,清纯白毛小萝莉,从文杰|孙童乐|王鹤翱,1,0,4,503,178,bronze,board
2024,hangzhou,A53,浙江工业职业技术学院,我们只要敲代码就可以了，可是测评机要考虑的事情就多了,周益锋|张江|施世泽,1,0,5,981,146,bronze,board
2024,hangzhou,A54,东南大学,西西弗斯,何辰玮|刘一鸣|王俊迪,1,0,5,729,113,bronze,board
2024,hangzhou,A55,天津大学,拼搏百天，我要上天津大学,于兴航|王然驰|马佳一,1,0,5,683,102,silver,board
2024,hangzhou,A56,长春理工大学,我爱杭师,姚祥辉|潘奕霖|郎震,1,0,2,71,310,,board
2024,hangzhou,A57,中南大学,大鸟ZigZigZag,文启智|朱天乐|高雨涵,1,0,5,951,144,bronze,board
2024,hangzhou,A61,湘潭大学,训练两年半，何日上绿名,方云卓|谢东骏|谢先皓,1,0,5,927,140,bronze,board
2024,hangzhou,A62,河南大学,狗不理包子,孙小文|尤铭|胡逢彬,1,0,5,792,123,bronze,board
2024,hangzhou,A63,中国科学院大学,啥,吕安哲|尤俊翔|石曜铭,1,0,4,669,206,bronze,board
2024,hangzhou,A64,广东工业大学,jump！！！！,杨子弘|林俊耿|肖能翔,1,0,7,761,19,gold,board
2024,hangzhou,A65,西北工业大学,牛战士的AK之梦,吕昊临|欧阳家杰|黄知远,1,0,3,820,302,,board
2024,hangzhou,A66,浙江农林大学,不拿牌就不能守护你，拿起牌就不能拥抱你,任益超|王啸洋|黄炫榕,1,0,5,543,84,silver,board
2024,hangzhou,A67,上海理工大学,我我我我我我,章振杰|黄毅帆|龚丞思,1,0,5,370,80,silver,board
2024,shenyang,10001,安徽大学,众梦之聚,许钧剑|龙源徽|吴昌盛,1,0,2,334,222,,board
2024,shenyang,10002,安徽理工大学,我永远喜欢Chtholly,李天祥|厉东霖|徐歌,1,0,1,7,233,,board
2024,shenyang,10003,澳门大学,銀霜流萤,麦家俊|高淼悦|席跃,1,0,4,624,108,bronze,board
2024,shenyang,10004,北方工业大学,落榜程序员,郑元兴|王思诚|周易,1,0,4,568,99,bronze,board
2024,shenyang,10005,北京大学,赤橙黄绿蓝紫,蒋凌宇|钱易|徐安矣,1,0,11,1221,1,gold,board
2024,shenyang,10006,北京大学,DINNER123,李可|陈佳梁|王浩清,1,0,8,1047,4,gold,board
2024,shenyang,10007,北京大学,呆呆鸟,王蔚澄|王相文|李羿辰,1,0,11,1599,2,gold,board
2024,shenyang,10008,北京大学,雪月花,施开成|李嘉佑|孙睿泽,1,0,8,962,3,gold,board
2024,shenyang,10009,北京工业大学,铁牌也是牌,张驰|李俊良|冯际鸣,1,0,3,613,165,bronze,board
2024,shenyang,10010,北京航空航天大学,紫罗兰,王大禹|董和军|蒋槟阳,1,0,8,1564,10,gold,board
2024,shenyang,10011,北京航空航天大学,会挽雕弓如满月,傅可树|马一|梁钧著,1,0,6,1186,38,silver,board
2024,shenyang,10012,北京航空航天大学,能不能多给个烤翅,吴昊恒|董雨润|李秉翰,1,0,5,700,55,silver,board
2024,shenyang,10013,北京化工大学,一纵做总预备队,曾赫喆|熊家怡|安晓阳,1,0,3,402,140,bronze,board
2024,shenyang,10014,北京交通大学,羊羊羊,郭昱哲|夏鹤鸣|斯修远,1,0,8,1207,8,gold,board
2024,shenyang,10015,北京交通大学,七海之旅,王君斐|杜宜宸|魏浩桓,1,0,3,431,145,bronze,board
2024,shenyang,10016,北京交通大学,过过过,王健晨|尹志翔|张宸宇,1,0,1,19,284,,board
2024,shenyang,10017,北京科技大学,队友单身十年换区域赛银牌,韩海闻|张顺|彭心雨,1,0,2,301,212,,board
2024,shenyang,10018,北京理工大学,v我50带你看下北泽沼气动力猪头少年,黄俊超|赵一辰|刘洲甫,1,0,4,404,82,silver,board
2024,shenyang,10019,北京理工大学,Penalty这么高它的意思一定是分数吧,柯宁皓|张思哲|黄康,1,0,5,526,42,silver,board
2024,shenyang,10020,北京理工大学,越野,邹知秋|于瀚文|廖嘉琦,1,0,7,1039,12,gold,board
2024,shenyang,10021,北京理工大学,过了样例也不队,何大鹏|邬宇炼|王舒晗,1,0,5,1020,79,silver,board
2024,shenyang,10022,北京理工大学珠海学院,沈阳坤佳真好吃雅,王雅楠|郑泽坤|杨秋佳,1,0,1,13,274,,board
2024,shenyang,10023,北京林业大学,上林花似锦,付耀刚|余行健|张锦秀,1,0,5,972,77,silver,board
2024,shenyang,10024,北京师范大学,苹果狗,陈志锐|徐若翔|王儒斌,1,0,6,1034,33,silver,board
2024,shenyang,10025,北京师范大学,故梦之隐,姚述军|王思潮|陈博,1,0,2,216,189,,board
2024,shenyang,10026,北京师范大学香港浸会大学联合国际学院,西湖醋鱼,齐湘儒|杨博涵|关越,1,0,1,9,247,,board
2024,shenyang,10027,北京邮电大学,"试者如斯夫,不舍昼夜",安澍|李泽林|秦维斌,1,0,6,1197,39,silver,board
2024,shenyang,10028,北京邮电大学,DP_PTSD,王垚烨|黄志阳|蒙忠格,1,0,3,570,163,bronze,board
2024,shenyang,10029,北京邮电大学,彰显王威吧，踏遍世间的十二辉剑！,张颢龄|王若竹|谢牧航,1,0,3,290,126,bronze,board
2024,shenyang,10030,成都东软学院,我不吃牛肉,周志宏|廖永东|徐佳杰,1,0,1,11,261,,board
2024,shenyang,10031,成都理工大学,求求你让我ac吧我什么都会做的,董俊宏|胡翔宇|周政,1,0,1,18,282,,board
2024,shenyang,10032,成都信息工程大学,命运旋律,黄博文|张玮|简一凡,1,0,2,375,227,,board
2024,shenyang,10033,大连大学,选择困难症犯了,郑卫|汤世軒|何彦东,1,0,1,17,280,,board
2024,shenyang,10034,大连东软信息学院,午夜emo一号机,胡意丰|周铭轩|陈通博,1,0,1,16,278,,board
2024,shenyang,10035,大连海事大学,这个，一辈子喔！？,王金洋|鲍帅宇|何文韬,1,0,1,10,254,,board
2024,shenyang,10036,大连海事大学,红气球守护者,张文豪|曹永琦|刘震,1,0,2,202,184,,board
2024,shenyang,10037,大连理工大学,二保一,陈常杰|袁振|闫希良,1,0,4,584,103,bronze,board
2024,shenyang,10038,大连理工大学,关注带工喵，关注带工谢谢喵(≧^.^≦),赵一鹏|李泽与|李雁志,1,0,4,547,95,bronze,board
2024,shenyang,10039,大连理工大学,这么六！,钟剑辉|毛祥宇|刘泽轩,1,0,5,678,52,silver,board
2024,shenyang,10040,大连理工大学城市学院,击碎黑暗!,赵艺景|闫屹伟|高小柯,1,0,2,231,194,,board
2024,shenyang,10041,大连理工大学盘锦校区,这技校真练技术,陈嘉佑|杨镇熙|张正阳,1,0,3,556,161,bronze,board
2024,shenyang,10042,大连外国语大学,std::mt19937,郭航旗|王君惠|邱毓,1,0,1,11,261,,board
2024,shenyang,10043,电子科技大学,UESTC_篝月明火,陈奕可|汪澄|彭帅康,1,0,6,928,30,gold,board
2024,shenyang,10044,电子科技大学,UESTC_十斤鸭梨,黄霖|徐辰烨|祁泓金,1,0,5,860,68,silver,board
2024,shenyang,10045,电子科技大学,UESTC_xxx,吴峻锋|吴宇环|蔡少政,1,0,5,814,66,silver,board
2024,shenyang,10046,电子科技大学,UESTC_在理工学校想邂逅文学学姐搞错了什么,梁育诚|冉泽宇|陈治臻,1,0,6,789,20,gold,board
2024,shenyang,10047,电子科技大学中山学院,澄净闪耀,董泓栎|樊洪源|洪金健,1,0,3,715,168,bronze,board
2024,shenyang,10048,东北大学秦皇岛分校,最澄澈的空与海,王若翔|邓逸飞|唐德斌,1,0,4,389,81,silver,board
2024,shenyang,10049,东北大学秦皇岛分校,名字起好了吗,刘峻畅|冯阳阳|肖轲闻,1,0,5,573,44,silver,board
2024,shenyang,10050,东北林业大学,世纪末彼岸花丛中的死之结界,刘宋凯|李敬|赵天鑫,1,0,2,205,185,,board
2024,shenyang,10051,东北农业大学,ICPC笑传之搓搓bronze,胡家诚|王杭涛|董奇瑞,1,0,1,9,247,,board
2024,shenyang,10052,东北师范大学,运行错误,齐昊坤|曹勇麟|黎江楠,1,0,3,411,142,bronze,board
2024,shenyang,10053,东华大学,堇青之夜,鲍威凌|张晓高|黄城帆,1,0,4,626,109,bronze,board
2024,shenyang,10054,东南大学,不休独舞,戚雨林|张皓|王希陶,1,0,5,772,63,silver,board
2024,shenyang,10055,东南大学,扬帆续新辰,刘玮辰|潘亦新|王续丰,1,0,3,345,129,bronze,board
2024,shenyang,10056,福建理工大学,碧天伴走,刘羿|刘航|陈君玲,1,0,1,11,261,,board
2024,shenyang,10057,福建师范大学,最有希望的一集,王金鹏|陈伟杰|李志锐,1,0,2,215,188,,board
2024,shenyang,10058,福州大学,不AC不睡觉,丁杰|李盈盈|黄思睿,1,0,4,716,116,bronze,board
2024,shenyang,10059,福州大学,逗比猫风扇俱乐部,叶志杰|张子良|潘凌峰,1,0,2,250,198,,board
2024,shenyang,10060,福州大学,拿奖公布蟹黄堡秘方,洪语涵|李芯妍|戴康怡,1,0,1,11,261,,board
2024,shenyang,10061,阜阳师范大学,锐笔速写,詹敏玮|邹宇|纪成伟,1,0,2,218,190,,board
2024,shenyang,10062,复旦大学,关注 Hydro 谢谢喵,陈佳鹏|徐子恩|于文阔,1,0,6,885,26,gold,board
2024,shenyang,10063,复旦大学,怎么表达都可以,曲泽阳|房天乐|谢志得,1,0,6,836,22,gold,board
2024,shenyang,10064,复旦大学,密码八个八,陈禹卓|杜泊谷|曾添琪,1,0,6,786,19,gold,board
2024,shenyang,10065,广东工业大学,漫游者,钟迪|林敏彬|潘锦炫,1,0,2,113,172,bronze,board
2024,shenyang,10066,广东工业大学,果粒橙,关津杰|邱列圻|张树程,1,0,3,753,169,bronze,board
2024,shenyang,10067,广东工业大学,加睡,梁若飞|陈中豫|梁伟,1,0,1,8,238,,board
2024,shenyang,10068,广西大学,只会输入输出的我不敢靠近满身科技树的你,黄翠婷| 韦书临 |贾智卓,1,0,1,12,269,,board
2024,shenyang,10069,广州大学,Arae,杨逍|谢宇峰|王承宇,1,0,2,327,219,,board
2024,shenyang,10070,国防科技大学,Jasmine,尤炜豪|王俊博|杨淇斌,1,0,2,295,210,,board
2024,shenyang,10071,国防科技大学,梦之特快,苏弘烨|程星桦|刘益通,1,0,4,904,124,bronze,board
2024,shenyang,10072,国防科技大学,万有引力号,张锦霄|宋畅玮|郭明辰,1,0,4,748,119,bronze,board
2024,shenyang,10073,哈尔滨工程大学,有人说亡藜伴白首不如物流部报数那为什么不叫王老板爆杀,王一帆|张传炯|金炜东,1,0,5,750,58,silver,board
2024,shenyang,10074,哈尔滨工业大学,w4p3r Black-fan Club,杜沛键|谢书泱|邱思宇,1,0,6,896,27,gold,board
2024,shenyang,10075,哈尔滨工业大学,憂鬱烏龜,寒钟书|卢海琪|许岩,1,0,3,293,127,bronze,board
2024,shenyang,10076,哈尔滨工业大学,睡到自然醒,徐明拯|曾浩锐|任相龙,1,0,4,420,85,silver,board
2024,shenyang,10077,哈尔滨工业大学（深圳）,黑神话：哈深,徐子昂|樊卓意|俞 晨泽,1,0,4,558,97,bronze,board
2024,shenyang,10078,哈尔滨工业大学（深圳）,这么出题是吧,高俊垚|李潭啸|蔡易轩,1,0,5,893,73,silver,board
2024,shenyang,10079,哈尔滨工业大学（威海）,啊对对队,廖航|黄泊淘|尹瀚铭,1,0,3,499,156,bronze,board
2024,shenyang,10080,哈尔滨理工大学,哈理工03队SY,林如愿|薛皓元|李晶洋,1,0,1,7,233,,board
2024,shenyang,10081,哈尔滨理工大学,哈理工15队SY,谢天城|王芷安|李静妍,1,0,1,37,290,,board
2024,shenyang,10082,哈尔滨商业大学,哈尔滨商业大学1队,毛晟君|周家宝|王彬彬,1,0,1,10,254,,board
2024,shenyang,10083,海南大学,全甲野牛突袭派蒙,刘帅文|石美雪|李俊飞,1,0,1,17,280,,board
2024,shenyang,10084,杭州电子科技大学,杭电0队,林炜钦|万扬|梅瑞贤,1,0,5,704,56,silver,board
2024,shenyang,10085,杭州电子科技大学,杭电3队,闻人雨泽|周靖凯|傅景康,1,0,6,925,29,gold,board
2024,shenyang,10086,杭州电子科技大学,杭电10队,帅嘉洋|吴立文|王秉杭,1,0,2,211,187,,board
2024,shenyang,10087,杭州电子科技大学,杭电12队,乐星宇|徐吴昊|王麒润,1,0,3,646,166,bronze,board
2024,shenyang,10088,杭州师范大学,数千夜飞舞的樱花与猫,张卓|何敏璐|温从锭,1,0,1,13,274,,board
2024,shenyang,10089,杭州师范大学,嬛嬛，朕睡不醒,王科然|徐鑫懿|薛博文,1,0,2,220,193,,board
2024,shenyang,10090,杭州师范大学,无名,葛先步|徐浩哲|张俊涛,1,0,2,264,200,,board
2024,shenyang,10091,河海大学,想在xcpc用helix写rust,黄兆彬|任意|杨家辉,1,0,2,218,190,,board
2024,shenyang,10092,河南大学,不调和级数,曹家宁|罗施达|赵炳凯,1,0,3,435,146,bronze,board
2024,shenyang,10093,河南理工大学,河狸诸葛亮,张荣昌|韦红材|蒋丁,1,0,1,65,298,,board
2024,shenyang,10094,河南农业大学,幼稚原,胡锦阳|赵嘉驰|张岩,1,0,1,37,290,,board
2024,shenyang,10095,黑龙江大学,動員兵,陈秋雨|郑鑫蕊|何恩培,1,0,1,44,295,,board
2024,shenyang,10096,黑龙江科技大学,可是WA飘进你双眼看不见我AC的画面,胡轩睿|胡临天|王一鸣,1,0,1,112,299,,board
2024,shenyang,10097,湖南城市学院,灰姑娘的故事,王钦荣|张文杰|陆昌坤,1,0,3,426,144,bronze,board
2024,shenyang,10098,湖南大学,为什么一次研学就把百万经费花光了呢,林新晨|胡宇辰|李知夏,1,0,1,10,254,,board
2024,shenyang,10099,湖南大学,凌空摘星,朱潇庸|刘博文|陈罡,1,0,3,417,143,bronze,board
2024,shenyang,10100,湖南工业大学,断桥下听雨落,杨泰|林思|肖明阳,1,0,4,700,114,bronze,board
2024,shenyang,10101,湖南科技大学,挑战只用贪心获得铁牌,黄家兴|梁涵|彭璟焱,1,0,3,446,148,bronze,board
2024,shenyang,10102,湖南理工学院,教练我想拿牌,郭烨铖|高天宇|徐程,1,0,1,8,238,,board
2024,shenyang,10103,湖南师范大学,让我再A一题,陈旭|吕麒|陈碧晖,1,0,1,24,285,,board
2024,shenyang,10104,湖南师范大学,HowToWin,段天琦|钟啸|曾磊鑫,1,0,3,345,129,bronze,board
2024,shenyang,10105,湖南文理学院,不学不练,高锋|洪响|程漠,1,0,3,395,138,bronze,board
2024,shenyang,10106,华北水利水电大学,对WA使用无懈可击,刘桐|张毅|黄鹏基,1,0,4,769,120,bronze,board
2024,shenyang,10107,华东理工大学,得得得得,贾正坤|孙启翔|张勉,1,0,2,457,228,,board
2024,shenyang,10108,华东师范大学,Spa1+6dow Bl4ckfan-club,谢书骁|程籽实|汪鼎尊,1,0,6,670,17,gold,board
2024,shenyang,10109,华南理工大学,洛杉矶糊人,李建成|严浩文|董宏远,1,0,3,547,160,bronze,board
2024,shenyang,10110,华南理工大学,这发不AC我当场把电脑吃掉,叶文煜|罗子健|王雅恒,1,0,3,371,134,bronze,board
2024,shenyang,10111,华南农业大学,随机队名,黄诗杰|陈俊彬|谢易居,1,0,3,489,154,bronze,board
2024,shenyang,10112,华南师范大学,变出队名的魔法,蔡润钦|余昕烨|温则葆,1,0,3,396,139,bronze,board
2024,shenyang,10113,华中科技大学,糖果酱,赵亮亮|丁易然|李嘉明,1,0,4,479,90,silver,board
2024,shenyang,10114,华中科技大学,武汉希区柯克亲手操办邹知秋退役仪式,刘兆硕|麦骏|俞仲遥,1,0,6,907,28,gold,board
2024,shenyang,10115,华中科技大学,叽里咕噜的说什么呢,汪文卓|金城根|杨治,1,0,4,409,83,silver,board
2024,shenyang,10116,华中科技大学,小飞机来咯,彭雨洋|李语心|王畅,1,0,5,771,62,silver,board
2024,shenyang,10117,华中农业大学,卡题的时候在干什么？有想法吗？可以 AC 吗？,苏森阳|王敬淞|邵晨曦,1,0,3,444,147,bronze,board
2024,shenyang,10118,华中师范大学,这里没有乐子,张书颇|严展翔|徐振迪,1,0,2,253,199,,board
2024,shenyang,10119,吉林大学,烈冕号,于之航|陈俊甫|王一丁,1,0,5,970,76,silver,board
2024,shenyang,10120,吉林大学,管埋员,张智祺|王恕|乔彦博,1,0,5,766,60,silver,board
2024,shenyang,10121,吉林大学,紧急通知：等通知,李一航|唐德睿|陆广阳,1,0,2,237,196,,board
2024,shenyang,10122,吉林建筑大学,凌空破浪,孙志鹏|曹子扬|杨旭东,1,0,1,61,297,,board
2024,shenyang,10123,集美大学,我想同你永望黄昏,许超洪|颜秉轩|姚远,1,0,3,376,135,bronze,board
2024,shenyang,10124,嘉应学院,wa两发够吃吗小馋猫,王嘉贤|宋子超|杜孟轩,1,0,1,41,294,,board
2024,shenyang,10125,江南大学,败犬队友太多了,蔡泽森|杨学钊|徐兢,1,0,2,173,178,bronze,board
2024,shenyang,10126,江苏大学,铁牌也是牌,周文杰|杨皓煜|沙先银,1,0,1,37,290,,board
2024,shenyang,10127,江苏科技大学,粉毛大香蕉,徐鲸鹏|金智恒|彭羽轩,1,0,1,11,261,,board
2024,shenyang,10128,江西财经大学,ACM败犬太多了！,张瑞杰|杨源鑫|罗潇彬,1,0,1,14,277,,board
2024,shenyang,10129,江西理工大学,初出茅庐,陈云杰|蔡结|吴仕贤,1,0,2,299,211,,board
2024,shenyang,10130,江西农业大学,我这辈子就是被acm给害了,杨宪东|黄宇|许思帆,1,0,1,7,233,,board
2024,shenyang,10131,兰州大学,火力邪恶爆零皮鞋王,吕宁|张远哲|张潇锋,1,0,3,537,158,bronze,board
2024,shenyang,10132,兰州大学,最棒的队名,王云鹏|任墨涵|沈天辰,1,0,2,265,202,,board
2024,shenyang,10133,辽宁大学,三位一体,吴俊威|欧阳兴隆|毛博汉,1,0,1,11,261,,board
2024,shenyang,10134,辽宁科技大学,无尽之梦,方啸阳|贾江涛|张皓淳,1,0,2,143,175,bronze,board
2024,shenyang,10135,鲁东大学,银狼,张瑞哲|潘佳雨|赵桂林,1,0,2,189,180,bronze,board
2024,shenyang,10136,南昌大学,三下五除二,何家欢|赵赟|杨喆,1,0,2,102,170,bronze,board
2024,shenyang,10137,南昌航空大学,有何不可,袁帅|梁军斌|唐斌,1,0,1,9,247,,board
2024,shenyang,10138,南方科技大学,南方科技大学-摩拉维亚,刘睿涵|王海粼|李佳粼,1,0,4,466,88,silver,board
2024,shenyang,10139,南方科技大学,南方科技大学-布尔诺,江博成|王振宇|王泰翔,1,0,5,776,64,silver,board
2024,shenyang,10140,南方科技大学,南方科技大学-伊赫拉瓦,彭致远|徐晨熠|冯照航,1,0,4,420,85,silver,board
2024,shenyang,10141,南京大学,平流层,潘谟天|陈梓睿|陆华均,1,0,5,611,49,silver,board
2024,shenyang,10142,南京大学,手气王定的,张瑞珉|周宇曦|朱羽宽,1,0,7,1044,13,gold,board
2024,shenyang,10143,南京大学,智慧之树,金昕炜|陈新|李睿星,1,0,6,864,23,gold,board
2024,shenyang,10144,南京大学,再不出丝之歌teamcherry就变成马猴烧酒,荣恒嬉|陈雨涵|徐乐怡,1,0,4,510,93,bronze,board
2024,shenyang,10145,南京航空航天大学,黄转绿,谢雨奇|匡显然|王锴,1,0,2,197,181,,board
2024,shenyang,10146,南京航空航天大学,找对象,陈梓鹏|吕海亮|李章锐,1,0,3,586,164,bronze,board
2024,shenyang,10147,南京航空航天大学,米兰的铁匠铺,陆齐嘉|施天笑|罗力昂,1,0,2,275,204,,board
2024,shenyang,10148,南京航空航天大学,循序渐WA,蒋润霖|孟超凡|徐昕钰,1,0,1,16,278,,board
2024,shenyang,10149,南京理工大学,混沌蝴蝶,丁则文|吴俐伽|王一萌,1,0,5,934,74,silver,board
2024,shenyang,10150,南京理工大学,茶姬猫猫头,沈培森|刘懿臻|黄苏闽,1,0,4,731,118,bronze,board
2024,shenyang,10151,南京理工大学,猫猫头启动,韦宇鑫|王思远|杨昊,1,0,1,8,238,,board
2024,shenyang,10152,南京师范大学,《我从来没觉得写算法开心过》,季润民|陆昊宇|徐杰克,1,0,4,590,104,bronze,board
2024,shenyang,10153,南京邮电大学,做铜牌梦,陈兆锋|吴天宇|熊鼎,1,0,3,404,141,bronze,board
2024,shenyang,10154,南京邮电大学,关于我转生到南邮在ACM赛场打暴力这档事,赵聿祺|王普立|刘沛城,1,0,5,889,72,silver,board
2024,shenyang,10155,南京邮电大学,罚时罚到打铁,唐嘉忻|李玥晗|谢杭玲,1,0,1,18,282,,board
2024,shenyang,10156,南开大学,强基计划我爱你,郭军凯|赵思远|车昱辉,1,0,6,815,21,gold,board
2024,shenyang,10157,南开大学,退休养老,刘诺铭|陈冠修|袁熙,1,0,2,140,174,bronze,board
2024,shenyang,10158,南开大学,恭喜以上获奖队伍,汤纪洋|刘可新|刘岱儒,1,0,2,326,217,,board
2024,shenyang,10159,宁波大学,我们得思索一下,赖诗亮|朱怡晨|吴祺昊,1,0,2,200,183,,board
2024,shenyang,10160,齐鲁工业大学,原始人，起洞！,刘起铭|王梓宇|蒋志发,1,0,3,481,153,bronze,board
2024,shenyang,10161,齐鲁工业大学,还没到六点，早安你个头,杨梓睿|张宸维|国展源,1,0,3,393,136,bronze,board
2024,shenyang,10162,青岛理工大学,机械的心率带动血肉的共鸣,黄从恺|魏天意|韦振兴,1,0,2,248,197,,board
2024,shenyang,10163,厦门大学,我的神里凌华圣15满分,李哲彦|林帅|李林泽,1,0,4,676,112,bronze,board
2024,shenyang,10164,厦门大学,闪光春日影,邹品聪|栾英石|陈朱迪,1,0,7,1369,15,gold,board
2024,shenyang,10165,厦门理工学院,Gamejoye and his fans,黄承杰|洪世炜|林耿哲,1,0,4,797,121,bronze,board
2024,shenyang,10166,山东财经大学,参与奖掠夺者,李锦月|陈代鑫|王艺,1,0,1,9,247,,board
2024,shenyang,10167,山东大学,_应用随机过程,李玉庭|苏岳|王源鑫,1,0,6,1224,40,silver,board
2024,shenyang,10168,山东大学,复方金银花颗粒,程前|许蕴朴|吴浩明,1,0,5,632,50,silver,board
2024,shenyang,10169,山东大学,原始人，起洞,王嘉|孙秋延|谯迪中,1,0,4,627,111,bronze,board
2024,shenyang,10170,山东大学（威海）,潜修玛珈山,张智航|张胜熙|涂鸿铭,1,0,2,157,177,bronze,board
2024,shenyang,10171,山东科技大学,奋进号,张一炜|高宇|许维杰,1,0,4,679,113,bronze,board
2024,shenyang,10172,山东理工大学,只此一发,刘晓宇|屈浩浩|程嘉润,1,0,1,12,269,,board
2024,shenyang,10173,山东理工大学,三重豌豆の舞!舞!舞!,李连奇|毕振豪|吴宇恒,1,0,1,8,238,,board
2024,shenyang,10174,山东师范大学,Mr.Zhu发力啊,朱俊伟|王晓迪|张浥青,1,0,1,9,247,,board
2024,shenyang,10175,山东师范大学,最后一舞,王尧|张凤来|李佳恒,1,0,3,469,151,bronze,board
2024,shenyang,10176,上海财经大学,申耶冲击,郭士纳|史靖玮|姜聿时,1,0,4,571,101,bronze,board
2024,shenyang,10177,上海大学,献给XCPC的一年之诗,房辰燏|潘铧超|周子竣,1,0,6,954,31,silver,board
2024,shenyang,10178,上海大学,我将，扭转万象,王轶轩|邵一涵|卢昭阳,1,0,4,471,89,silver,board
2024,shenyang,10179,上海大学,求你让我过一道,阮一城|叶羿伟|邢儒戈,1,0,1,36,289,,board
2024,shenyang,10180,上海大学,我来助你！,焦艺峰|刘聿承|张静雯,1,0,1,8,238,,board
2024,shenyang,10181,上海海洋大学,菜鸡的最终幻想,杨镇宇|庄永腾|张华文,1,0,1,45,296,,board
2024,shenyang,10182,上海交通大学,凌晨烈日晖光,柳烨|秦一苇|郝尚诚,1,0,4,610,106,bronze,board
2024,shenyang,10183,上海交通大学,夏日影,冯启豫|刘家宁|朱泽木,1,0,8,1321,9,gold,board
2024,shenyang,10184,绍兴文理学院元培学院,场场打铜的杂鱼小哥哥,江亚君|谢琳涵|徐冕,1,0,2,104,171,bronze,board
2024,shenyang,10185,深圳大学,蓝桥杯深圳总部,张少南|陈洋琛|马午寅,1,0,4,626,109,bronze,board
2024,shenyang,10186,沈阳工业大学,都给我打瓦队,曲家智|林玮|李帅,1,0,1,11,261,,board
2024,shenyang,10187,沈阳航空航天大学,能不能别肘,张宗明|李剑东|陈发祥,1,0,2,344,225,,board
2024,shenyang,10188,沈阳化工大学,天命命命天,贾凤琦|吴少荣|盛中华,1,0,1,8,238,,board
2024,shenyang,10189,沈阳理工大学,不祈者,闻家尉|相一衡|姚骁,1,0,1,7,233,,board
2024,shenyang,10190,沈阳农业大学,我们从来不逃课,杨权恒|聂明宇|李亚坤,1,0,1,219,300,,board
2024,shenyang,10191,沈阳师范大学,今夜，星光灿烂,朱少泽|谌致远|章传亮,1,0,2,266,203,,board
2024,shenyang,10192,四川大学,难题逆转小队,李名骕|杨轶涵|黄云垄,1,0,6,663,16,gold,board
2024,shenyang,10193,四川大学,来计院只为夺金,钟诚|刘泽勋|张麒豫,1,0,4,700,114,bronze,board
2024,shenyang,10194,四川大学,前世爱吃TLE的我，如今转生4K分TLEourist,王枭越|李浩|曾灵杰,1,0,1,12,269,,board
2024,shenyang,10195,四川大学,幸福女同,杨欣渝|王文京|孟芊芊,1,0,2,285,205,,board
2024,shenyang,10196,苏州大学,RE 手动机,刘昕宇|沈杨卓凡|陈顾漪,1,0,3,449,149,bronze,board
2024,shenyang,10197,苏州大学,队里有神，而且原神,顾天宇|原明清|张显荣,1,0,2,285,205,,board
2024,shenyang,10198,台州学院,这把打完就吃饭,林昭亦|池浩凯|周博涵,1,0,1,12,269,,board
2024,shenyang,10199,天津大学,这还是蟹堡王么,马宏伟|张明达|吕一然,1,0,4,606,105,bronze,board
2024,shenyang,10200,天津大学,守夜人,王俊学|黄文聪|罗逸伦,1,0,2,326,217,,board
2024,shenyang,10201,天津大学,神笔码良,栾博越|周昊忆|朱靖泽,1,0,1,10,254,,board
2024,shenyang,10202,天津工业大学,原神兄弟会,孙文杰|刘涛|程梧桐,1,0,1,6,230,,board
2024,shenyang,10203,天津理工大学,祝龚神考研成功,龚志杰|向东|李衍硕,1,0,3,569,162,bronze,board
2024,shenyang,10204,天津仁爱学院,梦幻小丑,李安磊|方思源|王志毅,1,0,4,562,98,bronze,board
2024,shenyang,10205,同济大学,本来挺喜欢ACM的,孙治弘|刘依扬|张乐天,1,0,4,528,94,bronze,board
2024,shenyang,10206,温州大学,温大十一队,黄力垚|李家诚|韦乾平,1,0,1,8,238,,board
2024,shenyang,10207,温州大学,温大十二队,周圣涵|管俊羽|陆川,1,0,1,33,287,,board
2024,shenyang,10208,武汉大学,果茶,孙阳光|张涵|金润禾,1,0,5,1144,80,silver,board
2024,shenyang,10209,武汉大学,两位大佬和他们的飞舞队员,苌子杰|毛一凡|王舒睿,1,0,3,359,132,bronze,board
2024,shenyang,10210,武汉大学,微信余额负五十,李王城|苏泓宇|胡文锦,1,0,5,863,69,silver,board
2024,shenyang,10211,武汉大学,鼠不尽,黄子君|张子红|扶阳,1,0,2,127,173,bronze,board
2024,shenyang,10212,武汉纺织大学,我的青春AC物语果然没有恋爱,刘洋|周黄灏|裘贺宝,1,0,1,6,230,,board
2024,shenyang,10213,武汉工程大学,能和我组队打一辈子xcpc吗？,高士博|徐洋|徐明洋,1,0,1,13,274,,board
2024,shenyang,10214,武汉理工大学,最终还是没有成为两位队友一样的大爹,张云迪|郭征威|陈涛,1,0,3,338,128,bronze,board
2024,shenyang,10215,武汉理工大学,打一辈子出你字母能转生为AC高手吗,刘承明|胡晨煊|陶释然,1,0,2,306,214,,board
2024,shenyang,10216,西安电子科技大学,喵喵喵,张亲翰|罗杰|刘朝旭,1,0,5,815,67,silver,board
2024,shenyang,10217,西安电子科技大学,三分之二去零点,曾岩|田康杰|夏秀锟,1,0,5,610,48,silver,board
2024,shenyang,10218,西安交通大学,唐人,刘欣楠|李纳川|杨润轩,1,0,5,714,57,silver,board
2024,shenyang,10219,西安交通大学,锦筝叹,李牧远|钟宇|曹思宇,1,0,2,218,190,,board
2024,shenyang,10220,西安交通大学,正在评测中,吴夏天|王博想|邱宇成,1,0,6,880,25,gold,board
2024,shenyang,10221,西安理工大学,不嘻嘻,邹乐凡|兀佩星|王颢焓,1,0,1,9,247,,board
2024,shenyang,10222,西北大学,剑舞者,朱钊毅|伍俊霖|蒋宏烨,1,0,4,447,87,silver,board
2024,shenyang,10223,西北工业大学,Wanna be free,龚熙尧|尹新祥|程文楷,1,0,5,563,43,silver,board
2024,shenyang,10224,西北工业大学,智力不太好,王钎屹|吴映卓|罗隆华,1,0,2,148,176,bronze,board
2024,shenyang,10225,西北工业大学,奥恩,杜鑫怡|黄煜|刘锦奇,1,0,4,730,117,bronze,board
2024,shenyang,10226,西北工业大学,憧憬成为算法少女,甘云帆|刘雨萱|钟礼恩,1,0,4,557,96,bronze,board
2024,shenyang,10227,西湖大学,Better than revenge ,严密|周扬帆|王宇皓,1,0,4,616,107,bronze,board
2024,shenyang,10228,西南财经大学,狼狼狼,吴晗|匡政宇|杨龙皓,1,0,2,350,226,,board
2024,shenyang,10229,西南大学,AutoC++,徐畅|马博涵|蒋天逸,1,0,5,968,75,silver,board
2024,shenyang,10230,西南交通大学,我都行,廖智成|赵一冰|毛锦阳,1,0,5,637,51,silver,board
2024,shenyang,10231,西南科技大学,轻言轻语,杜嘉瑜|裴博儒|何笃凯,1,0,2,305,213,,board
2024,shenyang,10232,西南民族大学,SCCPC*,姚焜|欧辉强|黄铭,1,0,3,478,152,bronze,board
2024,shenyang,10233,香港城市大学,初心,高义雄|郑上锟|燕雅超,1,0,5,882,70,silver,board
2024,shenyang,10234,香港科技大学,Firebird Chan Lay Harder,吕嘉杰|杨善行|杨善进,1,0,4,888,123,bronze,board
2024,shenyang,10235,香港理工大学,从沈阳带雪回香港,王钰淇|闵泽宇|张浩越,1,0,1,35,288,,board
2024,shenyang,10236,香港中文大学（深圳）,WTYTO,涂宵箫|王泽诚|杨久知,1,0,4,576,102,bronze,board
2024,shenyang,10237,湘潭大学,海之霸,魏志高|程书涵|李子熙,1,0,6,1149,36,silver,board
2024,shenyang,10238,新疆大学,拿牌退役,蒋涛|欧力铭|庄凌浩,1,0,1,9,247,,board
2024,shenyang,10239,信息工程大学,肖舔犬,王钒羽|肖天|孙钰航,1,0,1,10,254,,board
2024,shenyang,10240,云南大学,Ulterior Motive,唐嘉骏|毕洲铭|史哲轩,1,0,1,11,261,,board
2024,shenyang,10241,云南大学,Must be the right,黄佳和|吴思奇|马永琦,1,0,2,317,216,,board
2024,shenyang,10242,云南大学,锅包肉真好吃,林知非|张鑫宇|姜凡,1,0,1,40,293,,board
2024,shenyang,10243,长安大学,长安未央,刘葆骐|田笑颜|高源,1,0,2,290,209,,board
2024,shenyang,10244,长春理工大学,我要成为少女乐队大王,黄炳睿|周易非|王建闳,1,0,1,12,269,,board
2024,shenyang,10245,长沙理工大学,流萤,沈彬宇|陈师贤|赵翰熙,1,0,5,1019,78,silver,board
2024,shenyang,10246,浙大城市学院,那场TLE毁了我的acm梦,徐俊华|虞子琰|魏华楠,1,0,1,30,286,,board
2024,shenyang,10247,浙大宁波理工学院,青梅绿茶,涂荣基|吴东|吴泽坤,1,0,5,760,59,silver,board
2024,shenyang,10248,浙江财经大学,一路向北,周弋航|黄曦|王彦彬,1,0,2,327,219,,board
2024,shenyang,10249,浙江大学,普罗旺斯,潘伦可|黄钰|邹宇涵,1,0,7,1112,14,gold,board
2024,shenyang,10250,浙江大学,来生,彭博|严子轩|张湫阳,1,0,7,566,11,gold,board
2024,shenyang,10251,浙江大学,雪花倾诉之时,徐敏睿|斳鹏举|朱天煜,1,0,6,878,24,gold,board
2024,shenyang,10252,浙江大学,乌拉呀哈 呀哈乌拉,丁思韬|金政羽|余承恩,1,0,5,582,46,silver,board
2024,shenyang,10253,浙江工商大学,倚星折月,陈晨|干凯洁|龚嘉瑶,1,0,2,264,200,,board
2024,shenyang,10254,浙江工业大学,下次还填非常简单,高钰峰|杨若童|梁越,1,0,4,412,84,silver,board
2024,shenyang,10255,浙江工业大学,我们必须想象他们是幸福的,谢宇韬|郭正楠|谢子杰,1,0,3,394,137,bronze,board
2024,shenyang,10256,浙江工业大学,ZJUT12,马浩俊|陈颢元|胡益临,1,0,1,8,238,,board
2024,shenyang,10257,浙江广厦建设职业技术大学,广告位招租,龚孝天|曹政业|陈道磊,1,0,1,8,238,,board
2024,shenyang,10258,浙江科技大学,djwcb,范思哲|孙以恒|杨佳涵,1,0,3,365,133,bronze,board
2024,shenyang,10259,浙江理工大学,马拉车算法算车拉马,姚仁杰|汤丰玮|卢一鸣,1,0,5,769,61,silver,board
2024,shenyang,10260,浙江农林大学,赛场上被遥控也是play的一环吗,杨一郎|章心阳|包涵,1,0,3,537,158,bronze,board
2024,shenyang,10261,浙江师范大学,该戒网瘾了,嵇纹垲|陈炯荣|张煜,1,0,4,570,100,bronze,board
2024,shenyang,10262,浙江师范大学,深藏blue,苏得昂|姜翔元|周纪恺,1,0,2,336,224,,board
2024,shenyang,10263,浙江万里学院,回响,袁礼赞|钱沁浩|王力澜,1,0,5,581,45,silver,board
2024,shenyang,10264,郑州大学,宇宙无敌哈基米大王,吕翊加|李少昆|孙昱涵,1,0,4,862,122,bronze,board
2024,shenyang,10265,郑州轻工业大学,奶龙幼儿园,刘家贤|吴宇扬|姬孟龙,1,0,4,493,91,bronze,board
2024,shenyang,10266,中国传媒大学,还演,陈旻庚|朱霁|叶阳,1,0,4,493,91,bronze,board
2024,shenyang,10267,中国地质大学（北京）,打死也不打ICPC,丁智星|杨欣川|胡葭懿,1,0,2,197,181,,board
2024,shenyang,10268,中国地质大学（武汉）,网瘾早该电电了,杨家鹤|魏忠强|李泽文,1,0,2,231,194,,board
2024,shenyang,10269,中国海洋大学,迷子,薛全笑|洪佳荣|杨辰方,1,0,2,286,207,,board
2024,shenyang,10270,中国计量大学,互联网处决我,曹炳涛|赵星亮|赖俊文,1,0,2,287,208,,board
2024,shenyang,10271,中国科学技术大学,苕玩点原神,孙悦淳|金天昊|赖浩宸,1,0,5,597,47,silver,board
2024,shenyang,10272,中国科学技术大学,Ben 神，启动,陈聆祎|陈骆鑫|樊澄宇,1,0,6,1090,35,silver,board
2024,shenyang,10273,中国科学技术大学,摸鱼之魂终将归来,温家睿|林度|陈凌峰,1,0,6,1075,34,silver,board
2024,shenyang,10274,中国科学技术大学,前社长想公费旅游于是被两位巨佬带飞,孙志浩|阎昶澍|梁嘉文,1,0,8,1203,7,gold,board
2024,shenyang,10275,中国科学院大学,果壳挂科王,徐亦周|徐致远|蓝天朗,1,0,5,689,54,silver,board
2024,shenyang,10276,中国科学院大学,Chirp-Z变换,林海昊|朱奕杰|聂泽锴,1,0,6,1179,37,silver,board
2024,shenyang,10277,中国矿业大学,MineGPT5.0,李岘|高宏智|龚子贤,1,0,3,524,157,bronze,board
2024,shenyang,10278,中国矿业大学,三只煤球想成金,严川浙|杜重阳|倪浩宸,1,0,1,10,254,,board
2024,shenyang,10279,中国矿业大学（北京）,云淡风清,周发顺|王晨|徐靖涵,1,0,3,689,167,bronze,board
2024,shenyang,10280,中国民航大学,四渡赤水,崔凌宵|陆浩楠|颜一鸣,1,0,5,886,71,silver,board
2024,shenyang,10281,中国人民大学,字节无虞,陈礼邦|李雨城|晏艺桓,1,0,5,679,53,silver,board
2024,shenyang,10282,中国人民大学,森林冰火人,任秦江|林志诚|林梓楠,1,0,6,737,18,gold,board
2024,shenyang,10283,中国石油大学（北京）,我的心里乐开了花,林昱辰|姜致远|李松蔚,1,0,2,311,215,,board
2024,shenyang,10284,中国石油大学（华东）,中石大2003,申俊|孙浩东|宋志涛,1,0,1,7,233,,board
2024,shenyang,10285,中国石油大学（华东）,中石大2005,韩绍泽|杨立鑫|刘亚宁,1,0,3,450,150,bronze,board
2024,shenyang,10286,中南大学,电子界探寻者,江天运|易光廷|周湘予,1,0,8,1130,6,gold,board
2024,shenyang,10287,中南大学,我吃麦当劳,吕飞扬|马思博|何炳琨,1,0,2,334,222,,board
2024,shenyang,10288,中南大学,破晓之光,吴俊杰|罗浩成|李文韬,1,0,2,457,228,,board
2024,shenyang,10289,中南民族大学,玛卡巴卡和它的秘密花园,尹子昂|林佳露|李子安,1,0,1,6,230,,board
2024,shenyang,10290,中山大学,中山大学_破晓之旅,赵肖睿|刘志源|古鸣浩,1,0,8,1076,5,gold,board
2024,shenyang,10291,中山大学,中山大学_cutelyou,苏律硕|肖淇|吴明禹,1,0,6,1395,41,silver,board
2024,shenyang,10292,中山大学,中山大学_开拓之尾,黄秋铭|韩冠东|陈峻宇,1,0,6,957,32,silver,board
2024,shenyang,10293,中央民族大学,低语的月亮,马雨衡|盛楠|谌恒骏,1,0,2,178,179,bronze,board
2024,shenyang,10294,重庆大学,原，妙不可言,胡明涛|单宇宸|文红兵,1,0,2,207,186,,board
2024,shenyang,10295,重庆理工大学,这一发贯穿星辰,江帅霖|雷涛|王俊杰,1,0,1,10,254,,board
2024,shenyang,10296,重庆邮电大学,邮电启动,付宇新|潘乐乐|赵俊超,1,0,3,249,125,bronze,board
2024,shenyang,10297,南阳理工学院,无敌霹雳啪啦,尚同铮|徐子川|张睿博,1,0,2,329,221,,board
2024,shenyang,10298,南阳理工学院,给队友端茶倒水,李灿辉|禹云龙|张泽楷,1,0,3,358,131,bronze,board
2024,shenyang,10299,燕山大学,塔山之巅,李一阳|孙振轩|吴亚楠,1,0,5,808,65,silver,board
2024,shenyang,10300,惠州学院,桂花载酒，少年余梦,龚诚|冼健民|陈冠宇,1,0,3,497,155,bronze,board
2024,shenyang,10301,北京理工大学珠海学院,今天是人类真正幸福的光辉历史的转折点,张润泽|赵雨扬|陈诺,0,0,7,1106,,,board
2024,shenyang,10302,金华市丽泽中学,博导第一个睡,丁璐源|王马瑞|童浩轩,0,0,1,11,,,board
2024,shenyang,10303,上海海事大学,算竞井芹仁菜会在沈阳遇见河原木桃香一起打一辈子算法竞赛吗,朱凯年|常缪洋|顾以为,0,0,3,330,,,board
2024,shenyang,10304,北京印刷学院,不要指望我们队,张玉龙|赵子熙|汪东林,0,0,1,25,,,board
2024,shenyang,10305,辽宁省实验中学,莱籽生食盐,白晏宁|杨子涵|纪苏恒,0,0,3,172,,,board
2024,shenyang,10306,深圳北理莫斯科大学,铜牌已达两位数！,王司晨|颜桉|彭宇祺,0,0,7,897,,,board
2024,shenyang,10307,河南理工大学,三个臭皮匠,蒲叶|黄鸣轩|常曜璘,0,0,2,436,,,board
2024,shenyang,10308,南昌职业大学,icpc参赛队名是icpc参赛队,李天舒|庄青佳|江志辉,0,0,2,259,,,board
2024,shenyang,10309,东北育才学校,东北大学附属中学,郭子寒|于行健|李宇祁,0,0,4,396,,,board
2024,shenyang,10310,厦门理工学院,灰名猪猪大队,张子漠|华晓飞|潘耀宇,0,0,6,863,,,board
2024,shenyang,10311,西北工业大学,小甜甜,李可期|邹嘉豪|钟涛宇,0,0,4,594,,,board
2024,shenyang,10312,澳门大学,澳门大学_Xiaowei粉丝团,林泽瀚|杨宗翰|李浩龙,0,0,7,1153,,,board
2024,shenyang,10313,黑龙江大学,我们还有最后一个办法,信自强|王希龙|张煦,0,0,2,326,,,board
2024,shenyang,10314,河北工程大学,磁山石,吴琦航|代一鸣|刘信鸿,0,0,1,11,,,board
2024,shenyang,10315,江苏海洋大学,好好学习，天天向上,房鸿铭,0,0,1,37,,,board
2024,shenyang,10316,信息工程大学,我们仨指定嘎嘎猛吃,王华锋|危东|白昊然,0,0,2,298,,,board
2024,shenyang,10317,牛客竞赛,赤橙黄绿亲兰子,魏道|陈景龙|兰宇平,0,0,2,284,,,board
2024,shenyang,10318,社会参赛(代码源),星月,高宇|施韩原|秋闻达,0,0,2,155,,,board
2024,shenyang,10319,香港中文大学（深圳）,ORZ,,0,0,2,531,,,board
2024,shenyang,10320,香港中文大学（深圳）,啥都不会队,,0,0,2,269,,,board
2025,nanjing,A0101,安徽农业大学,梅绽金陵夜,陈溪|姜乐源|李兹如,1,0,3,472,189,bronze,board
2025,nanjing,A0102,杭州电子科技大学,杭电7队,高书捷|王磊|祁梵森,1,0,3,462,188,bronze,board
2025,nanjing,A0103,华南理工大学,AC自动机,王鸿瑞|孙亦可|杨睿轩,1,0,2,116,274,,board
2025,nanjing,A0104,广东工业大学,循序渐进,郭敏哲|邱启涵|钟敦复,1,0,3,379,167,bronze,board
2025,nanjing,A0105,南京航空航天大学,hum,吕海亮|黄子源|胡弘泰,0,0,3,365,,,board
2025,nanjing,A0201,苏州科技大学,鹅鹅鹅,王永刚|陈泽玮|邹昱,1,0,2,129,286,,board
2025,nanjing,A0202,河北师范大学,她与奖牌皆得,郑杰鸣|张星|余杰,1,0,2,173,303,,board
2025,nanjing,A0203,南阳理工学院,没事还有另一队,张飞航|夏圣燕|黎鹏翔,1,0,2,146,296,,board
2025,nanjing,A0204,安徽师范大学,天码行空,张春龙|吕金霖|梁峻铭,1,0,2,244,319,,board
2025,nanjing,A0205,南京理工大学,彩虹猫猫头,吴东来|冯宇杰|刘一欢,1,0,4,581,109,bronze,board
2025,nanjing,A0301,江苏科技大学,为美好的世界献上AC,韩天睿|梅宇杰|朱永康,1,0,2,81,232,,board
2025,nanjing,A0302,华北电力大学（保定）,廉颇老矣，尚能饭否？,梁朝阳|朱浩宇|闻瑞祥,1,0,3,314,148,bronze,board
2025,nanjing,A0303,重庆工程学院,布鲁粉丝团,张翔|胡鑫昊|向黎华,1,0,5,614,53,silver,board
2025,nanjing,A0304,中国科学技术大学,暂定,郑鹤铭|钱易|向阳天,1,0,3,330,156,bronze,board
2025,nanjing,A0305,中国石油大学（华东）,UPC1988,王一同|徐烨|林嘉伟,1,0,2,97,251,,board
2025,nanjing,A0306,浙江师范大学,我是猫娘,潘锦桦|曹钰超|俞天琦,1,0,4,490,97,silver,board
2025,nanjing,A0401,武汉理工大学,灵感枯竭,詹万炜|苏文康|吴习凡,1,0,2,219,315,,board
2025,nanjing,A0402,北京化工大学,北极熊,彭天祺|陈昊然|熊家怡,1,0,5,398,49,silver,board
2025,nanjing,A0403,华东师范大学,河西食堂转生队,宗乃一|刘昕东|沈崇焕,1,0,4,615,115,bronze,board
2025,nanjing,A0404,苏州大学,天堂之风,李守旭|刘雨欣|张博闻,1,0,2,89,241,,board
2025,nanjing,A0405,内蒙古大学,铁匠,张琦|季昊天|许书豪,1,0,2,56,215,,board
2025,nanjing,A0406,复旦大学,三棱镜,戴承皓|潘梓睿|杨辰浩,1,0,9,1127,12,gold,board
2025,nanjing,A0501,河南师范大学,循环线段树,侯炳旭|吴帅甫|曹继喆,1,0,2,52,211,,board
2025,nanjing,A0502,哈尔滨工业大学,长崎不爽世,杜宇丰|黎子川|陈信帆,1,0,4,311,79,silver,board
2025,nanjing,A0503,南京农业大学,青山,戴昕宇|邵筠淇|顾慎之,1,0,3,332,158,bronze,board
2025,nanjing,A0504,南京林业大学,多首睦子米,苏锦翔|唐俊峰|许子由,1,0,2,101,254,,board
2025,nanjing,A0505,中国农业大学,你们说吧，大家说的都队,胡元希|崔子涵|傅钰涵,1,0,2,220,316,,board
2025,nanjing,A0506,东北林业大学,可爱的小tralalelo,张连鹏|李辉宇|吴桐,1,0,2,142,292,,board
2025,nanjing,A0601,华中科技大学,和平讨论不带节奏,聂卓然|杨家祯|冯育硕,1,0,6,1071,45,silver,board
2025,nanjing,A0602,浙江理工大学,三个臭皮匠只会过样例,张峻松|柴春阳|黄晨康,1,0,2,98,252,,board
2025,nanjing,A0603,北京邮电大学,Synthesis,吴显熠|詹笙平|李天阳,1,0,5,894,72,silver,board
2025,nanjing,A0604,中国科学技术大学,大吃大喝大队,李存淳|丁许同|杜明珉,1,0,4,585,110,bronze,board
2025,nanjing,A0605,浙江工业大学,ZJUT4,马浩俊|林雨铖|付鹏汇,1,0,3,312,145,bronze,board
2025,nanjing,A0606,北京大学,万象如歌,汪苏轶|张君游|徐佳辰,0,0,10,1126,,,board
2025,nanjing,A0701,西北工业大学,憧憬成为算法少女,甘云帆|刘雨萱|钟礼恩,1,0,3,225,133,bronze,board
2025,nanjing,A0702,北京理工大学,木叶三忍,邵子鸣|王煜皓|陈家辉,1,0,5,756,62,silver,board
2025,nanjing,A0703,安徽大学,众梦之聚,周宇轩|许钧剑|姚锐,1,0,5,761,63,silver,board
2025,nanjing,A0704,National University of Mongolia,NUM-NTN,Tamir Jamiyangarav|Aldarjaw Naranbaatar|Naranbat Munkherdene,1,0,3,381,168,bronze,board
2025,nanjing,A0705,大连理工大学,这么六！,钟剑辉|毛祥宇|刘泽轩,1,0,6,1124,48,silver,board
2025,nanjing,A0706,浙江大学,歪比巴卜,王子尧|朱容阳|朱航逸,1,0,5,823,67,silver,board
2025,nanjing,A0801,扬州大学,柚子醋蒸虾头,余兴正|宋世荣|蒋蠡,1,0,2,105,259,,board
2025,nanjing,A0802,郑州轻工业大学,失败的Man,吴宇扬|刘家贤|姬孟龙,1,0,3,386,173,bronze,board
2025,nanjing,A0803,南京信息工程大学,鲤鱼移动的速度是二米每秒,栗雨|何文煜|刘思奇,1,0,4,475,94,silver,board
2025,nanjing,A0804,东北大学,东北大学_前缀,王耀辉|陈梓轩|秦修艺,1,0,2,176,305,,board
2025,nanjing,A0805,郑州大学,口圭，又是电波题,陈年澎|毛睿|姬冠成,1,0,2,83,235,,board
2025,nanjing,A0806,杭州市第二中学,二进制联盟,桂阳熠|唐天行|吴林瑄,0,0,10,1542,,,board
2025,nanjing,A0901,盐城工学院,红烧狮子头,曹翔|叶学成|张扬,1,0,2,153,297,,board
2025,nanjing,A0902,山东大学,圆一定要是圆形的,叶世昕|高士轩|孙更欣,1,0,5,1016,75,silver,board
2025,nanjing,A0903,北京交通大学,交一发先,刘泽晖|孙宁|王嘉胜,1,0,4,605,113,bronze,board
2025,nanjing,A0904,广东工业大学,打ACM导致的,林正|庞翔|杨子弘,1,0,10,1804,10,gold,board
2025,nanjing,A0905,中南民族大学,Offer四面八方来,李子安|方可|刘宽,1,0,2,40,203,,board
2025,nanjing,A0906,同济大学,云开自天明,姜乃珲|杜宇轩|李烨,1,0,5,720,61,silver,board
2025,nanjing,A1001,香港中文大学（深圳）,正在验证该队是否是真人。,孙超逸|周天|张力文,1,0,4,390,82,silver,board
2025,nanjing,A1002,华中农业大学,藏题的时候在干什么？能别笑吗？有点AC数吧,苏森阳|王敬淞|张毅,1,0,3,315,149,bronze,board
2025,nanjing,A1003,杭州电子科技大学信息工程学院,无尽的风之轨迹,杨鑫|尹凯乐|周越,1,0,6,630,38,silver,board
2025,nanjing,A1004,宁波大学,泥巴动物园,吴镇桥|沈天佑|胡健山,1,0,4,670,122,bronze,board
2025,nanjing,A1005,东北大学,东北大学_魔法霰弹,李卓恒|袁家铭|秦子溪,1,0,5,676,57,silver,board
2025,nanjing,A1006,上海大学,对对对,潘子扬|聂冬亮|吴宇辉,1,0,3,298,144,bronze,board
2025,nanjing,A1101,中国矿业大学,三只煤球想成金,杜重阳|倪浩宸|吴帅,1,0,2,118,276,,board
2025,nanjing,A1102,湖北工业大学,Doro给你带了哦润吉,梅锦昕|李怡爽|黄胡智宇,1,0,4,502,98,silver,board
2025,nanjing,A1103,中国石油大学（华东）,UPC2011,赵海威|杨帮兴|郝铭宇,1,0,2,48,208,,board
2025,nanjing,A1104,北京林业大学,本质高手,杨尧天|张森柏|管穗京,1,0,2,83,235,,board
2025,nanjing,A1105,南京邮电大学,我不是你的宿敌，遗憾是你的宿命(黄鸡大笑),陈子清|姚震阳|陈徐鹏,1,0,2,306,325,,board
2025,nanjing,A1106,中山大学,中山大学-345,江雨桐|蔡震轩|钟梓俊,1,0,3,403,178,bronze,board
2025,nanjing,A1201,上海大学,三进制,朱祖阳|黄爱博|刘思源,1,0,2,214,313,,board
2025,nanjing,A1202,南开大学,数智省身_唯独可以做到的就是线段树,金继烨|赵思远|郭鑫源,1,0,7,1305,35,silver,board
2025,nanjing,A1203,北京工业大学,鲁棒司机,陈镇岳|齐相龙|张晋赫,1,0,2,104,257,,board
2025,nanjing,A1204,温州大学,温大五队,朱文博|肖泽龙|徐嘉成,1,0,1,16,335,,board
2025,nanjing,A1205,台州学院,学了等于没学,曾阳|陈奕阳|鲍威龙,1,0,2,214,313,,board
2025,nanjing,A1206,北京大学,很显然我有意见,咸浩哲|陈睿泽|金天,1,0,9,1453,17,gold,board
2025,nanjing,A1301,齐鲁工业大学（山东省科学院）,坐看云起时,高梓源|卢尊宝|郑天烁,1,0,3,596,198,bronze,board
2025,nanjing,A1302,吉林大学,夏日空调幻想时刻,周浩宇|朱明昊|王福峥,1,0,3,428,182,bronze,board
2025,nanjing,A1303,贵州大学,ITZY,杨尚卫|宋超|覃思越,1,0,3,371,165,bronze,board
2025,nanjing,A1304,江西财经大学,喜欢只是错觉,衷铭川|张云菲|万俊哲,1,0,2,114,272,,board
2025,nanjing,A1305,江南大学,无牌转生，来到ACM就拿出真本事,杨学钊|徐兢|陈一鸣,1,0,2,198,311,,board
2025,nanjing,A1306,华南师范大学,过了样例就算对,丁林|曾翔|何文标,1,0,2,108,261,,board
2025,nanjing,A1401,中国石油大学（华东）,UPC2005,张兴硕|李治欣|王祾祯,1,0,3,313,147,bronze,board
2025,nanjing,A1402,徐州工程学院,我来P掉这座山XZIT66,唐杨|陈禹|赵志程,1,0,2,191,308,,board
2025,nanjing,A1403,南京外国语学校,VOTE FOR RICK ASTLEY,王子帆|程元郢|贾孟潼,0,0,9,1016,,,board
2025,nanjing,A1404,北京师范大学,安卓狗,王梓霁|王儒斌|罗一粟,1,0,8,960,20,gold,board
2025,nanjing,A1405,北方工业大学,流光碎影,黄梨宸|邱睿|刘屹鸥,1,0,2,111,267,,board
2025,nanjing,A1406,河南师范大学,所以爱会消失对不对,管紫汀|陈雨涵|刘钞萍,1,0,2,366,329,,board
2025,nanjing,A1501,西北工业大学,#N/A,张天翔|牛马思元|张贝西彦,1,0,7,1057,29,gold,board
2025,nanjing,A1502,南京工业大学,我太想进步了,叶劭伟|钱致宁|陈立森,1,0,3,286,139,bronze,board
2025,nanjing,A1503,杭州市第二中学,油卡普奥飞手,陈禹璇|陈元熙|贺枳南,0,0,6,1060,,,board
2025,nanjing,A1504,东北师范大学,SIST,陈琦煜|杨鑫山|张步豪,1,0,2,261,323,,board
2025,nanjing,A1505,山东师范大学,樱高轻音部,张兴晨|路宇欣|魏淑英,1,0,2,89,241,,board
2025,nanjing,A1506,南昌航空大学,那一天的算法，算法起来,黄心磊|张进超|林培豪,1,0,3,312,145,bronze,board
2025,nanjing,A1601,东南大学,听说只要会二分就来了,郑皓文|高雨轩|许晋铜,1,0,3,454,187,bronze,board
2025,nanjing,A1602,南开大学,数智省身_没想法就用少女乐队,白景仁|张雪柯|巢恒睿,1,0,2,85,239,,board
2025,nanjing,A1603,常州大学,三个人凑不出一个队名,汪文健|夏君哲|韩琪霖,1,0,2,160,302,,board
2025,nanjing,A1604,东华大学,种树东华传,程政凯|胡俞希|崔麒锐,1,0,3,388,174,bronze,board
2025,nanjing,A1605,南京信息工程大学,绿色结晶猫,苗睿|王浩|胡永平,1,0,2,68,221,,board
2025,nanjing,A1606,浙大宁波理工学院,深暗幻想,何家俊|郑城坤|谢佳灏,1,0,2,120,279,,board
2025,nanjing,A1701,厦门大学,绝密icpc保险出金了,彭泽喜|王业盛|吴俊豪,1,0,4,391,83,silver,board
2025,nanjing,A1702,香港科技大学,红鸟先飞,郑君赫|卢凯宾|杨子鉴,1,0,4,504,99,silver,board
2025,nanjing,A1703,南京大学,点击输入队名,李林|法童|陈智霖,0,0,3,323,,,board
2025,nanjing,A1704,河南农业大学,逮虾户,王浩宇|杨光|张鹏举,1,0,2,46,206,,board
2025,nanjing,A1705,国防科技大学,暂时不知道叫什么,彭诚|邓皓元|杨泽,1,0,3,382,169,bronze,board
2025,nanjing,A1706,浙大城市学院,AC控,吴锦豪|易仁喜|虞子琰,1,0,3,333,159,bronze,board
2025,nanjing,A1801,合肥工业大学,合工大1队,张力中|丁帅|贾秀泽,1,0,2,112,269,,board
2025,nanjing,A1802,中国民航大学,分母,孟维浩|闵安迪|程徐赞,1,0,3,403,178,bronze,board
2025,nanjing,A1803,浙江大学,北极星,王羽立|尤佳骏|余承恩,1,0,8,1391,25,gold,board
2025,nanjing,A1804,香港大学,kfc_enjoyers,Ismayil Maharramov|Richie Wilynnton|Shah Jahan Ishaq,1,0,2,247,320,,board
2025,nanjing,A1805,南京理工大学,队长不想打铁了,仇星博|汪立洪|王宏伟,1,0,2,352,327,,board
2025,nanjing,A1806,浙江师范大学,不是我喜欢的题目，直接哈气,黄玉景|李侑轩|刘彦博,1,0,2,344,326,,board
2025,nanjing,A1902,山东大学,分形黄昏,郑睿杰|林星宇|卢俊宇,1,0,5,569,51,silver,board
2025,nanjing,A1903,武汉大学,快乐帮,林喆霖|崔祯航|范锦炜,1,0,5,910,73,silver,board
2025,nanjing,A1904,西南民族大学,(O)998244353,傅子益|甘梓廷|江星星,1,0,2,367,330,,board
2025,nanjing,A1905,天津大学,玩三角洲玩的,黄文聪|山武弘|王煜杰,1,0,3,317,150,bronze,board
2025,nanjing,A1906,华东理工大学,珂朵莉最可爱了,仇俊杰|余喆浩|徐池,1,0,3,322,152,bronze,board
2025,nanjing,A2002,北京大学,赤橙黄绿青蓝紫,时庆钰|蒋凌宇|钱易,0,0,11,692,,,board
2025,nanjing,A2003,上海电力大学,Drown in the Abyss,朱凯年|胡凌|王鼎皓,1,0,3,383,171,bronze,board
2025,nanjing,A2004,浙江工业大学,ZJUT0,陈泓睿|冯梓航|陆仙梁,1,0,9,1252,15,gold,board
2025,nanjing,A2005,西安交通大学,过往的画面全都是我不队,邱宇成|石皓文|王博想,1,0,6,949,43,silver,board
2025,nanjing,A2006,河南大学,自由发挥,李锦辉|魏文博|尤铭,1,0,4,392,84,silver,board
2025,nanjing,B0501,中国传媒大学,风滚金轮草,谢嘉彤|蔡奕麟|龙岑华,1,0,3,480,190,bronze,board
2025,nanjing,B0502,上海科技大学,队名++,伍行|何宗原|陈籽安,1,0,2,64,219,,board
2025,nanjing,B0503,河海大学,罚时之羽如深渊相伴 血色acm人生！,林桁|周厚望|吕广信,1,0,5,596,52,silver,board
2025,nanjing,B0504,重庆邮电大学,憧憬成为ACM高手,张志学|李永康|王磊铭,1,0,2,140,290,,board
2025,nanjing,B0505,香港理工大学,不见🐴,付冠赫|徐铭悦|黄瑞满,1,0,2,111,267,,board
2025,nanjing,B0506,北京理工大学,不要rua我喵,章一沛|冯靖轩|项俊杰,1,0,2,73,225,,board
2025,nanjing,B0507,东北大学秦皇岛分校,二十四桥明月夜,陈俊安|吴政霖|杨宇昊,1,0,2,43,204,,board
2025,nanjing,B0508,重庆大学,次元沸腾,陈孙一硕|包函睿|韩金东,1,0,3,212,132,bronze,board
2025,nanjing,B0601,香港科技大学（广州）,请输入文本,张思达|刘秋悦|梁君豪,1,0,2,141,291,,board
2025,nanjing,B0602,天津大学,八骏宏图,郑铮|崔亚鑫|靳佳琦,1,0,2,110,265,,board
2025,nanjing,B0603,南通大学,屠零,仝乾|俞丞|王见祖,1,0,3,263,137,bronze,board
2025,nanjing,B0604,福州大学,惡·即·斬,陈宇|陈建涛|程棋晖,1,0,10,1595,8,gold,board
2025,nanjing,B0605,华中科技大学,哈斯特坐牢领域大神,潘裕洲|杨逸轩|武琪峻,1,0,7,943,27,gold,board
2025,nanjing,B0606,浙江师范大学,"主包,主包,这一次能拿牌吗?",汪暄暄|金涵博|陈佳宜,1,0,2,101,254,,board
2025,nanjing,B0607,电子科技大学,UESTC_等下掉线一会,赵锐枫|王东威|蔡锦哲,1,0,7,1183,33,gold,board
2025,nanjing,B0608,南京大学,非空集合,金涵彬|苏敬烨|冯梓轩,0,0,3,437,,,board
2025,nanjing,B0701,哈尔滨工业大学（威海）,为帅气毕业老学长征婚QQ搜“莱芜贝克汉姆”,龙禺辰|吴昊亮|李义朋,1,0,6,773,41,silver,board
2025,nanjing,B0702,中南大学,少猪哭泣乐队,吴让尧|裴心童|吴俊杰,1,0,2,37,201,,board
2025,nanjing,B0703,中国人民大学,睡眠零队,吴致楷|张梓桐|段宇哲,1,0,7,1018,28,gold,board
2025,nanjing,B0704,香港中文大学（深圳）,禁忌「O(1)の弹幕结界」,周信言|叶嘉泓|Adam Tejasukmana,1,0,4,553,106,bronze,board
2025,nanjing,B0705,北京大学,茉莉雨,赵晟昊|黄建恒|武林,0,0,11,1234,,,board
2025,nanjing,B0706,华南农业大学,那一天的鬼火再响起来,梁嘉俊|谢易居|袁熙,1,0,4,608,114,bronze,board
2025,nanjing,B0707,西华大学,下次不打铁,黄晖|邹乐|莫鸿,1,0,2,156,298,,board
2025,nanjing,B0708,National University of Mongolia,L4ST_DANCE_uo,Munkh-Orgil Nergui|Khanbileg Purevdorj|Surenjamts Tsedevsuren,1,0,2,118,276,,board
2025,nanjing,B0801,天津工业大学,香香软软白白嫩嫩可可爱爱队,孙海杭|李俊贤|宫昌禹,1,0,3,293,141,bronze,board
2025,nanjing,B0802,华南理工大学,Fast Fast TLE,吴挺宇|吴尚鸿|甘景贤,1,0,4,435,89,silver,board
2025,nanjing,B0803,华中科技大学,仿生Huster会梦见电子野猪吗,陈子澍|李叙儒|代康琪,1,0,2,55,212,,board
2025,nanjing,B0804,河南理工大学,春秋蝉鸣泣之时,李梦洋|马俊超|熊佳乐,1,0,2,156,298,,board
2025,nanjing,B0805,西南大学,喵！喵？喵～,刘子毅|杨竣胜|周佰涛,1,0,2,299,324,,board
2025,nanjing,B0806,武汉大学,ACM也有小巧思吗,李泽基|袁仁远|黄子君,1,0,5,715,60,silver,board
2025,nanjing,B0807,杭州电子科技大学,杭电16队,张舟|谢之晗|木义豪,1,0,2,93,247,,board
2025,nanjing,B0808,北京航空航天大学,来财,王泓翔|谭喆文|杨佳宇轩,1,0,5,616,54,silver,board
2025,nanjing,B0901,南京大学,不对不对哦对的对的,胡世远|宣天宇|黄嘉扬,0,0,5,598,,,board
2025,nanjing,B0902,哈尔滨工业大学（威海）,昨日圆车,廖航|李欣鹏|焦浩清,1,0,4,721,124,bronze,board
2025,nanjing,B0903,北京邮电大学,天绫绫地宁宁,秦维斌|谢楠|徐慕政,1,0,7,1282,34,silver,board
2025,nanjing,B0904,湘潭大学,机魂大悦,刘璟轩|郑智彬|范文涵,1,0,3,262,136,bronze,board
2025,nanjing,B0905,青岛大学,江江无路可退,王隆江|杨景成|孟祥董,1,0,3,404,180,bronze,board
2025,nanjing,B0906,国防科技大学,potato_AC_tomato,彭正圣|杨天鹏|马艺洋,1,0,4,286,78,silver,board
2025,nanjing,B0907,中国民航大学,空指针指向我的心,宋禹|汪林辰|罗凯,1,0,3,358,163,bronze,board
2025,nanjing,B0908,四川大学,算法捕猎队,黄雨阳|付乙淼|陈启越,1,0,5,842,69,silver,board
2025,nanjing,B1001,杭州市第二中学,或许你根本就不热爱XCPC吧,单均浩|斯嘉智|陈俊喆,0,0,5,558,,,board
2025,nanjing,B1002,湖南大学,繁花,唐怡|文卓|陈辉煜,1,0,2,82,233,,board
2025,nanjing,B1003,中国科学技术大学,铜铜铜sahur,范宇祺|梁嘉文|孙志浩,1,0,10,1602,9,gold,board
2025,nanjing,B1004,杭州电子科技大学,杭电2队,乐星宇|王秉杭|张雨泽,1,0,6,1120,47,silver,board
2025,nanjing,B1005,宁波大学,Through Patches of Violent,张增城|杨耀康|郭轩阳,1,0,2,124,281,,board
2025,nanjing,B1006,江西农业大学,最后的轻语,罗宇豪|闫卡特|徐浩东,1,0,2,50,209,,board
2025,nanjing,B1007,南京邮电大学,归真守朴，韬光养宝，含英咀华，声震天下,展翼|田晓亮|王瑞阳,1,0,4,659,119,bronze,board
2025,nanjing,B1008,武汉大学,秘封俱乐部,李佳隆|熊师飏|潘非,1,0,9,1085,11,gold,board
2025,nanjing,B1101,武汉理工大学,武理最速WA传说,徐炳戌|郭逸非|吴一铭,1,0,2,114,272,,board
2025,nanjing,B1102,广东培正学院,我们要2打3了,沈亦鱼|黄铭锋|潘旗舰,1,0,2,74,226,,board
2025,nanjing,B1103,清华大学,Escape,郭雨豪|任舍予|郑玄晔,1,0,10,1224,6,gold,board
2025,nanjing,B1104,香港中文大学,塔尖雪王,杨砚泽|夏秀锟|黄卓翘,1,0,3,506,194,bronze,board
2025,nanjing,B1105,中南大学,天堂鸟,张博源|孙汉涛|沈宇科,1,0,5,801,66,silver,board
2025,nanjing,B1106,中国科学技术大学,天宁花苑队,林一|马晨柯|王程,1,0,3,440,184,bronze,board
2025,nanjing,B1107,中北大学,文瀛十三不会梦到上床下桌,李兴隆|谭炯豪|陈文博,1,0,2,99,253,,board
2025,nanjing,B1108,河海大学,我的ACM铁牌物语果然有问题,付宏磊|朱庆刚|王子朔,1,0,4,515,102,bronze,board
2025,nanjing,B1201,深圳大学,导员抱歉高数看成高铁了，都在说ICPC以为英语课呢,肖俊祺|温家燊|廖昱堃,1,0,3,293,141,bronze,board
2025,nanjing,B1202,山东大学,山东大学的队伍,郭荣祥|乐恩玮|张佳瑞,1,0,2,353,328,,board
2025,nanjing,B1203,哈尔滨工业大学（威海）,教练我不想再wa了,杜中坤|庄则栋|郑怡恒,1,0,3,384,172,bronze,board
2025,nanjing,B1204,长春理工大学,神人乐队与动物朋友,史振宜|梁寒兵|周熙众,1,0,2,110,265,,board
2025,nanjing,B1205,中国传媒大学,中午少年先疯队,杨希裕|吴少泽|梁峻搏,1,0,2,129,286,,board
2025,nanjing,B1206,香港科技大学,HKUST1,Taimas Korganbayev|Raiymbek Baishuak|Mukhammadarif Sakhmoldin,1,0,6,1074,46,silver,board
2025,nanjing,B1207,云南大学,/kill @e,史哲轩|唐嘉骏|姜凡,1,0,2,112,269,,board
2025,nanjing,B1208,中山大学,中山大学-喵喵队想旷工,陈悠然|邱泽敏|曹子键,1,0,7,863,26,gold,board
2025,nanjing,B1301,集美大学,Guess高手,林敬炜|王志珑|林卓毅,1,0,3,429,183,bronze,board
2025,nanjing,B1302,合肥大学,Amusing Cat,吕文杰|杨仕超|许志航,1,0,2,93,247,,board
2025,nanjing,B1303,南京理工大学,三人成行,刘岩|喻昕之|高威,1,0,2,188,307,,board
2025,nanjing,B1304,河海大学,三重积分,杨帆|蔡松廷|江晟东,1,0,4,668,121,bronze,board
2025,nanjing,B1305,大连海事大学,来点二次元,胡懿庭|陆遥|蒋宜廷,1,0,2,119,278,,board
2025,nanjing,B1306,东南大学,捉鬼小队,张陶然|郭欣宇|纪卓然,1,0,2,238,318,,board
2025,nanjing,B1307,山东理工大学,我每天打ACM也没上瘾啊,杨庭硕|崔立栋|王佳丽,1,0,3,206,131,bronze,board
2025,nanjing,B1308,浙江农林大学,AveMujica,姚沣城|章京|徐思远,1,0,2,180,306,,board
2025,nanjing,B1401,南京师范大学,不要压力我,马澎飞|宋智增|王子晨,1,0,2,59,216,,board
2025,nanjing,B1402,湖南科技大学,馥梦繁花,胡博潇|毛祎昀|蒋心妍,1,0,4,571,108,bronze,board
2025,nanjing,B1403,杭州师范大学,尽欣杰力还是做不到吗,龚俊杰|黄子力|黄欣怡,1,0,3,636,199,bronze,board
2025,nanjing,B1404,大连理工大学,喵嘤逸,吴习哲|刘晨旭|安逸,1,0,2,90,243,,board
2025,nanjing,B1405,清华大学,雾里看花,李昕然|胡赵阳|黄洛天,1,0,11,1716,4,gold,board
2025,nanjing,B1406,湖南理工学院,可乐没糖,邓蕴珍|陈佳慧|邓婷尹,1,0,2,202,312,,board
2025,nanjing,B1407,西安电子科技大学,咖啡馆的贴贴物语,邹文定|洪健力|王翼天,1,0,5,677,58,silver,board
2025,nanjing,B1408,哈尔滨工业大学（深圳）,会赢吗？,秦绍竣|王一鸣|任德阳,1,0,5,623,55,silver,board
2025,nanjing,B1501,北京科技大学,队友十年单身换区域赛银牌,张顺|何开煜|国林泉,1,0,2,193,309,,board
2025,nanjing,B1502,重庆邮电大学,蓝桥杯嘤之队,舒显航|黄宇哲|向炳权,1,0,6,666,39,silver,board
2025,nanjing,B1503,华中科技大学,糖果酱,李嘉明|赵亮亮|丁易然,1,0,4,407,86,silver,board
2025,nanjing,B1504,长沙理工大学,长理不包吃住,林星宇|刘毅|梁爽,1,0,3,323,153,bronze,board
2025,nanjing,B1505,浙大城市学院,别碰我键盘,项天聪|杨烨锋|张宸赫,1,0,4,177,77,silver,board
2025,nanjing,B1506,上海大学,蒟蒻联盟,陈仕杰|戴于洋|包嘉旻,1,0,4,453,91,silver,board
2025,nanjing,B1507,暨南大学,彼瓦帝·凡·氪拉布,曹哲睿|谢正心|潘城樟,1,0,2,96,250,,board
2025,nanjing,B1508,北京大学,小怪兽训练中心,严思珩|葛致远|翟鹏昊,1,0,11,1640,3,gold,board
2025,nanjing,B1601,广东外语外贸大学,Fe++,罗梓元|甄浩鹏|钟振宇,1,0,3,377,166,bronze,board
2025,nanjing,B1602,东莞理工学院,求求你让我a一题,陈子扬|林航|唐明川,1,0,2,142,292,,board
2025,nanjing,B1603,杭州电子科技大学,杭电6队,伍耀文|姜浥尘|王泽,1,0,4,315,80,silver,board
2025,nanjing,B1604,中山大学,中山大学-游客模式,吴永聪|陈景泰|薛炜鹏,1,0,9,1645,19,gold,board
2025,nanjing,B1605,香港大学,外国人,Christivan Komah|Owen Sidarta|Akhmet Issa,1,0,4,458,92,silver,board
2025,nanjing,B1606,重庆大学,我有异或症,林继清|曹泽阳|李睿朗,1,0,3,396,176,bronze,board
2025,nanjing,B1607,湘潭大学,赢赢赢,陈波|颜伟斌|宋仕凯,1,0,4,530,103,bronze,board
2025,nanjing,B1608,南京邮电大学,脑袋空空,李永鑫|杨颖翔|白耀文,1,0,3,321,151,bronze,board
2025,nanjing,B1701,黑龙江大学,云月惊鸿来,陈秋雨|张煦|林君诺,1,0,3,391,175,bronze,board
2025,nanjing,B1702,山东科技大学,心宿号,于冠华|陈家祺|马锐,1,0,2,105,259,,board
2025,nanjing,B1703,广东工业大学,螺旋上升,吴伟涛|梁展榕|陈栖羽,1,0,5,540,50,silver,board
2025,nanjing,B1704,苏州工学院,邪气大王,谢起|张雨萱|杜鹏飞,1,0,2,83,235,,board
2025,nanjing,B1705,宁波财经学院,算法复仇者,李辉鸿|王若飞|徐明炜,1,0,2,71,224,,board
2025,nanjing,B1706,西安交通大学,锦筝叹,李牧远|钟宇|胡辰同,1,0,4,434,88,silver,board
2025,nanjing,B1707,武汉纺织大学,2007,孔浩杰|刘洋|费文伟,1,0,4,680,123,bronze,board
2025,nanjing,B1708,山东大学,海鸥灭火器,苏苏|王艺臻|刘子龙,1,0,5,861,71,silver,board
2025,nanjing,B1801,西北工业大学,哈基米难买绿勾,程嘉乐|李昊燃|魏子珺,1,0,3,484,191,bronze,board
2025,nanjing,B1802,北京理工大学,英文队名,王翔宇|谭意青|李皓辰,1,0,7,1092,30,gold,board
2025,nanjing,B1803,西南财经大学,狼狼狼,吴晗|杨龙皓|匡政宇,1,0,2,46,206,,board
2025,nanjing,B1804,四川大学,打一辈子ACM,刘泽勋|钟诚|许圳达,1,0,4,743,125,bronze,board
2025,nanjing,B1805,南京信息工程大学,今天也是随机做题的一天,余天成|李鸿硕|刘城垚,1,0,3,362,164,bronze,board
2025,nanjing,B1806,南京大学,我们仍未知道那天所看见的acmer的名字,陈子达|朱羽宽|张瑞珉,0,0,7,718,,,board
2025,nanjing,B1807,浙江工商大学,猫猫骑士团,卢嘉亮|张任杰|杨毅博,1,0,3,290,140,bronze,board
2025,nanjing,B1808,湖南大学,蝴蝶穿花,李知夏|萧楚寒|陈明哲,1,0,2,133,288,,board
2025,nanjing,B1901,南京信息工程大学,那就先ai生成吧,李腾飞|汪琪|陆智昊,1,0,3,492,192,bronze,board
2025,nanjing,B1902,华东师范大学,至此，一锤定音,冯顾炜|冯嘉一|许乐,1,0,3,445,185,bronze,board
2025,nanjing,B1903,中国人民大学,Distance,颜黎|江易洋|施涵森,1,0,8,970,21,gold,board
2025,nanjing,B1904,香港大学,今天必须取个队名,杨明天|罗简|刘彦呈,1,0,3,200,129,bronze,board
2025,nanjing,B1905,武汉科技大学,样例过了就AC,施卓凡|荣成|李文卓,1,0,3,382,169,bronze,board
2025,nanjing,B1906,湖南师范大学,夔一足矣,陶子杨|赵禹翔|陈岳燊,1,0,2,124,281,,board
2025,nanjing,B1907,大连理工大学盘锦校区,无限战争,雷云辉|董宗宇|屠奕铭,1,0,2,128,283,,board
2025,nanjing,B1908,湖南城市学院,灰姑娘的故事,王钦荣|张文杰|覃琪,1,0,5,765,64,silver,board
2025,nanjing,B2001,西南民族大学,Two to Two,俞铭泽|韦慧欣|俞欣,1,0,2,90,243,,board
2025,nanjing,B2002,东北大学秦皇岛分校,数据别和我们作队,朱逸飞|陈小全|赵星凯,1,0,2,121,280,,board
2025,nanjing,B2003,南京大学,RE的怪物正从窗边看着,陈新|李睿星|金昕炜,1,0,7,1163,32,gold,board
2025,nanjing,B2004,华中师范大学,兄弟，我来助你,郑壹腾|张凯文|杨哲灏,1,0,3,264,138,bronze,board
2025,nanjing,B2005,南京邮电大学,月下三baka,余冠华|吴昊|许瑞兴,1,0,2,175,304,,board
2025,nanjing,B2006,嗨鸠科技,椅何投篮，谷还是鸠？,陈煜轩|肖张一|周奕辰,0,0,4,434,,,board
2025,nanjing,B2007,华南师范大学,A了这题就吃麦旋风,袁浩轩|黄家谦|侯俊宇,1,0,4,541,104,bronze,board
2025,nanjing,B2008,电子科技大学,UESTC_十斤鸭梨,徐辰烨|黄霖|祁泓金,1,0,7,1123,31,gold,board
2025,nanjing,C0103,上海交通大学,空月之歌,朱一铭|周学信|任子杭,1,0,5,831,68,silver,board
2025,nanjing,C0104,南京外国语学校,队2,高近仁|朱清跃|逄锦骏,0,0,8,1223,,,board
2025,nanjing,C0105,昆明理工大学,天青色,姚舜禹|樊睿|程继飏,1,0,2,385,332,,board
2025,nanjing,C0106,南京大学,最后一舞,胡伟江|李豪|张道涵,1,0,6,769,40,silver,board
2025,nanjing,C0202,南京航空航天大学,XML,邵嘉奇|张鑫雨|任衍硕,0,0,3,683,,,board
2025,nanjing,C0203,中国科学院大学,健康的人类要冲出太阳系,王煜阳|郑兴|潘世钊,1,0,2,55,212,,board
2025,nanjing,C0204,广州大学,西哈诺,郑灵杰|陈全隆|潘胜云,1,0,3,198,128,bronze,board
2025,nanjing,C0205,深圳技术大学,SZTU_云中锦书,徐鑫|张可怡|杨丰瑜,1,0,2,145,295,,board
2025,nanjing,C0206,武汉理工大学,中二病也要打acm,史佳尚|余翔宇|陆冠丞,1,0,2,94,249,,board
2025,nanjing,C0301,成都信息工程大学,鼠鼠大王,韦彦祖|魏章博|莫政君,1,0,2,85,239,,board
2025,nanjing,C0302,江西师范大学,I have no idea.,杨加航|陈泽帆|王诗琳,1,0,2,128,283,,board
2025,nanjing,C0303,西安电子科技大学,无色透明,杨润彬|卢宇欣|李聿垲,1,0,4,667,120,bronze,board
2025,nanjing,C0304,江苏大学,不错的队名,未紫祥|樊昌盛|游立生,1,0,2,256,322,,board
2025,nanjing,C0305,南开大学,数智省身_北闭小学旅游团,章壹程|郑奕杰|朱志彬,1,0,3,528,197,bronze,board
2025,nanjing,C0306,河南理工大学,Kiana Dash!,刘逸潇|刘成成|李玉龙,1,0,2,113,271,,board
2025,nanjing,C0401,中南大学,go学长拒绝wa学弟,廖洋|王宇涵|张卓然,1,0,3,257,135,bronze,board
2025,nanjing,C0402,南京外国语学校,"我只是不干活而已,这算偷懒?",施泽徐|张桓睿|汪飞鸿,0,0,10,1519,,,board
2025,nanjing,C0403,杭州师范大学,哈哈请冷静,冷题名|乔迪|黄祺恺,1,0,3,449,186,bronze,board
2025,nanjing,C0404,香港科技大学（广州）,Unlimitted Penalty Works,王智渊|陈志屹|黎志凌,1,0,3,330,156,bronze,board
2025,nanjing,C0405,香港城市大学（东莞）,让我们说中文！欢迎来到国际大学生程序赛的世界，你准备好成为ICPC传奇了吗？,唐涨停|张佳俊|邓捷,1,0,2,78,229,,board
2025,nanjing,C0406,华南农业大学,Ciallo的每一天,许俊泓|赖德文|张嘉鹏,1,0,3,522,195,bronze,board
2025,nanjing,C0501,浙江理工大学,"兄弟,你怎么还在WA",贺宇昊|余江辉|江子豪,1,0,4,462,93,silver,board
2025,nanjing,C0502,北京大学,飞带不长队,方心童|蒋承佑|郑钧,1,0,12,1738,2,gold,board
2025,nanjing,C0503,吉林大学,未来纵澜,刘昱|王宗凡|张力文,1,0,4,404,85,silver,board
2025,nanjing,C0504,华南理工大学,失落之城,王雅恒|叶文煜|黄烁韩,1,0,5,655,56,silver,board
2025,nanjing,C0505,浙江工商大学,魔法火焰,邬子阳|徐晓轩|詹海吉,1,0,2,80,231,,board
2025,nanjing,C0506,哈尔滨工程大学,go学长带着瓦妈妈逃离三角洲去打舞萌,赵新凯|孙江吉|闫力仁,1,0,3,296,143,bronze,board
2025,nanjing,C0601,武汉工程大学,关关过,李嘉欣|汪雅琪|王杨晶,1,0,2,108,261,,board
2025,nanjing,C0602,江苏大学,Silversong,李梦婷|庞政|龚泽民,1,0,3,201,130,bronze,board
2025,nanjing,C0603,National University of Mongolia,NUM-NBO,Battsagaan Bat-Yeruult|Nomin-Erdene Nyamdavaa|Odbayar Shinebayar,1,0,2,51,210,,board
2025,nanjing,C0604,香港中文大学（深圳）,Mynoghra,周莫非|王泽诚|陈嘉年,1,0,8,1251,24,gold,board
2025,nanjing,C0605,北京大学,你先别急,吴泽岳|孙恒喆|陈凯丰,1,0,10,1139,5,gold,board
2025,nanjing,C0606,南京大学,黑骑士,寇裕林|周尹丞|鲍辰睿,1,0,4,419,87,silver,board
2025,nanjing,C0701,西北工业大学,呼神护卫,万梓宸|魏子尧|刘骐铭,1,0,3,181,127,bronze,board
2025,nanjing,C0702,上海师范大学,AI可以代替程序员但无法代替家里蹲,危祎|王刚|王祎慜,1,0,2,64,219,,board
2025,nanjing,C0703,哈尔滨工业大学,你有一块真正的金牌吗,陈泺嘉|郭昕旸|邱思宇,1,0,6,844,42,silver,board
2025,nanjing,C0704,苏州大学,素粥大雪登山队,薛腾扬|陈梓腾|顾泽华,1,0,2,158,300,,board
2025,nanjing,C0705,福州大学,请以上念到名字的队伍上台领奖,连伟成|林嘉祚|游逸晨,1,0,2,70,222,,board
2025,nanjing,C0706,楷登电子,射线,胥啸虎|王思邈|杨潇,0,0,9,1217,,,board
2025,nanjing,C0801,东北农业大学,没时间想队名了!,戚晏嘉|祝宏睿|宋秉轩,1,0,2,45,205,,board
2025,nanjing,C0802,武汉大学,很弱的低手,张心悦|蔡骐羽|罗汇翔,1,0,6,553,37,silver,board
2025,nanjing,C0803,电子科技大学,UESTC_undefined_WiFi,梁育诚|陈奕可|汪澄,1,0,9,1150,14,gold,board
2025,nanjing,C0804,上海交通大学,且歌,魏可臻|于恩帝|秦一苇,1,0,8,1179,22,gold,board
2025,nanjing,C0805,徐州中学生联队,人家焦作佬都有妹纸了而我们没有,吴鸿涛|周文宇|张詹泉,0,0,2,130,,,board
2025,nanjing,C0806,山东大学（威海）,ACM笑传之冲冲榜,张民科|秦修元|叶增耀,1,0,2,84,238,,board
2025,nanjing,C0901,新疆大学,朝歌,夏健翔|赵泽垒|侯雅虹,1,0,4,630,117,bronze,board
2025,nanjing,C0902,南京理工大学,流明猫猫头,黄苏闽|谢景帆|郭思易,1,0,4,756,126,bronze,board
2025,nanjing,C0903,吉林大学,一发猜对,拱垲|张健哲|袁英麒,1,0,4,567,107,bronze,board
2025,nanjing,C0904,四川大学,超级洋医,熊一鸣|王鹏超|杨轶涵,1,0,9,1515,18,gold,board
2025,nanjing,C0905,北京航空航天大学,灵知的计算信仰,段岳辰|任一杰|张子昱,1,0,4,482,95,silver,board
2025,nanjing,C0906,同济大学,Non-Trivial TLE,潘越|许思源|上官思洋,1,0,4,446,90,silver,board
2025,nanjing,C1001,电子科技大学,UESTC_DebugSimulator,徐立|褚睿极|李文硕,1,0,2,91,245,,board
2025,nanjing,C1002,重庆理工大学,弈,许润峰|王俊杰|雷涛,1,0,2,70,222,,board
2025,nanjing,C1003,浙江财经大学,三生万物,赵凌杰|邓锦鑫|蔡成润,1,0,2,104,257,,board
2025,nanjing,C1004,广西大学,奇迹与你,曾佳宁|杨明辉|石新阳,1,0,4,513,101,bronze,board
2025,nanjing,C1005,中国计量大学,倒影,方志伟|赵星亮|陈柄宇,1,0,2,37,201,,board
2025,nanjing,C1006,西安交通大学,不知道起什么就不起了吧,李维逸|王皓文|陈智,1,0,2,226,317,,board
2025,nanjing,C1101,华南师范大学,破解诅咒的魔法,蔡润钦|余昕烨|温则葆,1,0,4,373,81,silver,board
2025,nanjing,C1102,昆山杜克大学,交题就是胜利,成秉翰|袁天骏|胡子,1,0,3,327,155,bronze,board
2025,nanjing,C1103,长安大学,重生之憧憬成为菜狗,蒙禹龙|冯瀚文|龙炜枫,1,0,3,344,160,bronze,board
2025,nanjing,C1104,浙江科技大学,土申王,金昀|祝嘉豪|祁佳乐,1,0,2,108,261,,board
2025,nanjing,C1105,浙江工商大学,了解你的捍卫者,宋壕杰|刘晓涛|朱俊哲,1,0,2,193,309,,board
2025,nanjing,C1106,中国科学院大学,Chirp-Z变换,许晋升|朱奕杰|许天祺,1,0,4,485,96,silver,board
2025,nanjing,C1201,福建理工大学,队友南京有牌子，这把稳了,汤宏彬|郑少豪|周世杰,1,0,2,82,233,,board
2025,nanjing,C1202,中国地质大学（武汉）,不可思议之国的爱丽丝正在梦游仙境,陈学海|李诏天|毛郅皓,1,0,4,511,100,bronze,board
2025,nanjing,C1203,华东理工大学,王者,赵迪|宋安迪|王渝情,1,0,2,36,200,,board
2025,nanjing,C1204,西湖大学,开始AC的理想论,张益彰|王志升|张梓昱,1,0,2,158,300,,board
2025,nanjing,C1205,上海纽约大学,()不是回文,吕和睿|励安远|胡祥祥,1,0,1,7,333,,board
2025,nanjing,C1206,香港科技大学（广州）,因为太怕 WA 就全点大模拟了,王向前|罗浩|储文皓,1,0,9,1337,16,gold,board
2025,nanjing,C1301,苏州大学,wa乃兵家常事,王轩奕|张浩楠|刘科润,1,0,1,8,334,,board
2025,nanjing,C1302,东北大学,东北大学_实在不行输出随机数吧,王百汇|施博文|董新畅,1,0,2,137,289,,board
2025,nanjing,C1303,厦门大学,闪光春日影,邹品聪|栾英石|李林泽,1,0,7,1313,36,silver,board
2025,nanjing,C1304,北京航空航天大学,13 级大风,王肖鉴|李东骏|敬若曦,1,0,3,345,161,bronze,board
2025,nanjing,C1305,南京大学,无名队,蒋雨泽|林晨浩|计昀,1,0,4,592,112,bronze,board
2025,nanjing,C1306,上海大学,树上猫猫头,房辰燏|松浩然|潘铧超,1,0,5,714,59,silver,board
2025,nanjing,C1401,北京理工大学,哈基米哦南北绿豆啊西嘎哈呀库,梁思源|郑润哲|彭田栩,1,0,4,549,105,bronze,board
2025,nanjing,C1402,江南大学,禁忌「莱瓦汀」,董万里|赵泓博|刘珺哲,1,0,5,852,70,silver,board
2025,nanjing,C1403,西北大学,欲买桂花同载酒,李佳铭|赵嘉伟|费文强,1,0,2,108,261,,board
2025,nanjing,C1404,北京邮电大学,我太想进步了,蔡佩霖|黄志阳|徐嘉晨,1,0,4,631,118,bronze,board
2025,nanjing,C1405,西安理工大学,风与天空,周杨|齐思远|李明泽,1,0,3,526,196,bronze,board
2025,nanjing,C1406,无锡市第一中学,青春奶龙不会梦见那年OI退役,许立文|杜一飞|孟大为,0,0,5,837,,,board
2025,nanjing,C1501,清华大学,零基础新生 1 队,刘海峰|陈诺|徐骁扬,1,0,12,1260,1,gold,board
2025,nanjing,C1502,香港科技大学,Chewing Machine,杨善进|罗广捷|黄一阳,1,0,2,117,275,,board
2025,nanjing,C1503,河海大学,0d00爆吃0721发罚时用粉色起爆器炸毁评测机,蔡志谦|高铎|郭景星,1,0,2,128,283,,board
2025,nanjing,C1504,福州大学,麦乐鸡，包AC,江子健|王郑涵|蔡永康,1,0,2,92,246,,board
2025,nanjing,C1505,哈尔滨工业大学,睡到自然醒,任相龙|曾浩锐|徐明拯,1,0,3,323,153,bronze,board
2025,nanjing,C1506,太原理工大学,我有一个绝妙的算法，但空白处太少，我写不下,许星宇|荀思杰|王振琛,1,0,2,77,228,,board
2025,nanjing,C1601,浙大宁波理工学院,青梅绿茶,吴东|涂荣基|吴泽坤,1,0,3,254,134,bronze,board
2025,nanjing,C1602,香港城市大学,初心,燕雅超|高立由|邓子冲,1,0,2,381,331,,board
2025,nanjing,C1603,湘潭大学,冬月既朔,谢东骏|李名杰|谢先皓,1,0,5,1050,76,silver,board
2025,nanjing,C1604,南京晓庄学院,两个人加起来写不出一个Hello World!,佘亦纲|黄齐|王思博,1,0,2,55,212,,board
2025,nanjing,C1605,洛谷科技,我要当洛谷管理员 /se,刘墨涵|朱乐轩|马知贤,0,0,11,1472,,,board
2025,nanjing,C1606,东北大学,东北大学_二周目的记忆,孙祥坤|张天一|卢逸衡,1,0,2,144,294,,board
2025,nanjing,C1701,南京外国语学校,队,刘子轩|蒋亦霖|陈浩然,0,0,8,1297,,,board
2025,nanjing,C1702,浙江农林大学,ACM菜鸟,吴文超|陈家乐|毛亦秀,1,0,2,61,217,,board
2025,nanjing,C1703,复旦大学,使题来袭╭(╯ε╰)╮AC力场全开,陈佳鹏|阚子淳|徐子恩,1,0,10,1336,7,gold,board
2025,nanjing,C1704,上海理工大学,爆一发只是在测数据强度,周正杰|李健|胡术淇,1,0,4,591,111,bronze,board
2025,nanjing,C1705,哈尔滨工业大学（深圳）,哈气五小时,曹鹏宇|曹锦程|高俊垚,1,0,5,947,74,silver,board
2025,nanjing,C1706,西湖大学,world.execute(me);,汪阳|俞开|严密,1,0,6,967,44,silver,board
2025,nanjing,C1801,上海交通大学,霞染长空,黄佳瑞|钱智煊|林乐逍,1,0,8,1195,23,gold,board
2025,nanjing,C1802,哈尔滨工程大学,队里只有一只二刺猿所以起名还是问fufu吧¿,赵艺凯|李焱冉|万德俊,1,0,3,405,181,bronze,board
2025,nanjing,C1803,浙江万里学院,轮回之糸,张宇帆|奚舒雯|潘佳聪,1,0,2,76,227,,board
2025,nanjing,C1804,厦门理工学院,91 -Ninety One-,黄策|陈长志|康宇,1,0,2,249,321,,board
2025,nanjing,C1805,杭州师范大学,楚庾风月,戴子晟|张俊涛|徐浩哲,1,0,3,499,193,bronze,board
2025,nanjing,C1806,中国矿业大学,宇宙兄弟,严川浙|唐嘉诣|周博岩,1,0,2,63,218,,board
2025,nanjing,C1901,兰州大学,三条区好想成为人类,吕澎|吴晨阳|张恩彬,1,0,4,615,115,bronze,board
2025,nanjing,C1902,齐鲁工业大学（山东省科学院）,江盼流星雨,姜润超|高照翔|陈安昕,1,0,2,103,256,,board
2025,nanjing,C1903,深圳大学,关注Akie秋绘谢谢喵~,王荟斐|邹瀚泓|梁展宇,1,0,3,346,162,bronze,board
2025,nanjing,C1904,上海科技大学,还是不知道什么队,田洋|程逸悠|刘志伟,1,0,2,78,229,,board
2025,nanjing,C1905,中国地质大学（北京）,棒打小鲜橙,许兴城|牛鸿宇|叶宇翔,1,0,5,769,65,silver,board
2025,nanjing,C2001,杭州市第二中学,八月、某、月明,胡墨|韦添译|裘元直,0,0,6,812,,,board
2025,nanjing,C2002,MiniMax,邱神粉丝团,陶钧|严子轩|冉雨杭,0,0,10,1231,,,board
2025,nanjing,C2003,东南大学,梦想成为算法少女,张闰祺|霍光哲|秦绍康,1,0,3,402,177,bronze,board
2025,nanjing,C2004,清华大学,你们这是什么队啊,舒熙皓|马梓航|唐一文,1,0,9,1146,13,gold,board
2025,nanjing,C2005,代码源,耿耿于怀,杜瑜皓|许庭强|许淇文,0,0,12,1167,,,board
2025,wuhan,A01,长江大学,破晓,纪方嘉|任文|童炎,1,0,3,418,313,,board
2025,wuhan,A02,华南师范大学,哈基山的曼波打不打瓦,王紫凡|梁琼尹|林昊,1,0,3,254,242,bronze,board
2025,wuhan,A03,深圳大学,十余年玩游戏创未来,孙瑜宁|王翌轩|程文镠,0,0,4,893,,,board
2025,wuhan,A04,四川农业大学,我们有铁牌,江雅奥|李鑫|刁戈,1,0,3,678,356,,board
2025,wuhan,A05,复旦大学,所以我们队名叫啥,曾添琪|李天呈|郑杞珩,1,0,7,734,14,gold,board
2025,wuhan,A06,重庆邮电大学,蓝桥杯喵之队,李悦|陈楷文|朱易轩,1,0,5,703,85,silver,board
2025,wuhan,A07,华南农业大学,请下面的哥们吃榴莲pizza ↓,黄卓铭|何勤政|梁嘉俊,0,0,5,1010,,,board
2025,wuhan,A08,上海理エ大学,距离2026年全国硕士研究生招生考试还有48天,董柯演|李名骕|刘斌然,0,0,7,1644,,,board
2025,wuhan,A09,江西师范大学,梨蛋汤,汤海峰|黎朔鸣|何建伟,1,0,4,704,205,bronze,board
2025,wuhan,A10,深圳大学,待甲为四才弊,张博汉|姜顺元|梅刚浩,1,0,4,492,141,bronze,board
2025,wuhan,A11,河南师范大学,独行侠,孙易飞|赵振安|董健豪,1,0,3,668,355,,board
2025,wuhan,A12,河南科技学院,重生之我在acm赛场上原神启动,赵禹铭|田家杰|马肖阳,0,0,3,433,,,board
2025,wuhan,A13,中国农业大学,CAU_CiAllo University,杨维昊|王曦田|桑浩翔,1,0,4,658,193,bronze,board
2025,wuhan,A14,南京航空航天大学,原子牌锅贴,黄耘青|张森睿|池明轩,1,0,3,601,349,,board
2025,wuhan,A15,上海师范大学,AI可以取代程序员但无法取代家里蹲,危祎|王刚|王祎慜,1,0,4,619,179,bronze,board
2025,wuhan,A16,重庆城市科技学院,No Game No Life,吴广平|刘英凯|张鲜慕,1,0,2,282,396,,board
2025,wuhan,A17,郑州大学,猴子打字机,唐博|王朔淇|胡宏波,1,0,3,365,293,,board
2025,wuhan,A18,中南民族大学,好难,雷雨禾|刘冠权|曾安琪,1,0,2,227,386,,board
2025,wuhan,A19,湖北工业大学,Doro 给你带了哦润吉,梅锦昕|李怡爽|黄胡智宇,1,0,2,319,401,,board
2025,wuhan,A20,杭州电子科技大学,杭电12队,吴俞寰|林苏阳|潘俊龙,1,0,3,416,311,,board
2025,wuhan,A21,南京航空航天大学,那一天的AC，AC起来,王思雨|刘金颜|赵天屹,1,0,3,460,323,,board
2025,wuhan,A22,河南师范大学,菜狗灰太狼,任梓源|强锦铭|申海辰,0,0,1,306,,,board
2025,wuhan,A23,南京工业大学,我太想进步了,叶劭伟|钱致宁|汪海涛,1,0,4,474,138,bronze,board
2025,wuhan,A24,华南理工大学,请你吃好吃的,王烁云|徐烨辉|黄仕填,1,0,4,491,140,bronze,board
2025,wuhan,A25,北京邮电大学,LAA is ALL,林米乐|安奕轩|安澍,1,0,4,414,127,silver,board
2025,wuhan,A26,西北工业大学,注意力不太好,罗隆华|刘锦奇|王钎屹,1,0,3,248,239,bronze,board
2025,wuhan,A27,哈尔滨工业大学（威海）,昨日圆车,李欣鹏|焦浩清|廖航,1,0,6,1367,66,silver,board
2025,wuhan,A28,中山大学,中山大学-爱谁打谁打,陈鸿睿|卓郅杰|黄淇轩,1,0,5,586,71,silver,board
2025,wuhan,B01,武汉理工大学,灵感枯竭,詹万炜|苏文康|吴习凡,1,0,3,377,296,,board
2025,wuhan,B02,大连海事大学,放不下绩点,谢镕腾|庄思煜|卞一名,1,0,3,531,336,,board
2025,wuhan,B03,浙江育英职业技术学院,育英五队,胡壹楠|吴玥葳|陈旌,1,0,2,250,391,,board
2025,wuhan,B04,佐治亚理工学院,人生，很搞笑吧,陈靖邦|高宇|林一诺,0,0,7,1119,,,board
2025,wuhan,B05,西安科技大学,来财,李姜帅|罗元|袁伯琦,1,0,4,736,208,bronze,board
2025,wuhan,B06,浙江农林大学,计算练习生,赵利泺|熊奕炫|徐凯杭,1,0,3,288,257,bronze,board
2025,wuhan,B07,长沙市湘郡培粹实验中学,菌（郡）子队,俞子期|杨承烨|雷懿浩,0,0,4,631,,,board
2025,wuhan,B08,东北农业大学,ld的最后一武,郝孝彬|王策翔|王亚男,1,0,1,73,428,,board
2025,wuhan,B09,上海纽约大学,小男娘,陈智谦|解丰羽|张乐楠,0,0,6,879,,,board
2025,wuhan,B10,华中师范大学,兄弟，我来助你,郑壹腾|张凯文|杨哲灏,1,0,5,816,103,silver,board
2025,wuhan,B11,上海交通大学,华丽收场+,梁航宇|黄烨威|蒋天杭,1,0,4,316,122,silver,board
2025,wuhan,B12,大连理工大学,关注带工喵，关注带工谢谢喵 (≧^.^≦),徐昊天|毛谦韵|李泽与,1,0,6,752,37,gold,board
2025,wuhan,B13,南京信息工程大学,能不能别干什么都带着你那破棉花小人了,刘一鸣|龚敏|崔嘉豪,1,0,6,778,40,gold,board
2025,wuhan,B14,澳门大学,銀霜流萤,席跃|高淼悦|张容嘉,1,0,4,556,157,bronze,board
2025,wuhan,B15,国防科技大学,那么这一时刻又有老铁问了,曹思源|谢天一|刘杭宇,1,0,3,339,284,,board
2025,wuhan,B16,中央财经大学,Blinding Accepts,李思桐|罗嘉洋|徐守正,1,0,3,263,247,bronze,board
2025,wuhan,B17,中山大学,中山大学-游客模式,陈景泰|吴永聪|薛炜鹏,1,0,9,1107,3,gold,board
2025,wuhan,B18,武汉纺织大学,我的青春AC果然物语,周黄灏|裘贺宝|王鑫,1,0,4,740,209,bronze,board
2025,wuhan,B19,山东理工大学,听说没牌子我就来了,梁嘉坤|张龙庆|王一铭,0,0,3,570,,,board
2025,wuhan,B20,华中科技大学,过去软糯的我已经死了,严原一|盖政华|赖明恺,1,0,6,908,52,silver,board
2025,wuhan,B21,西安工业大学,流光似箭,邓琦文|肖若航|肖兴隃,1,0,3,308,264,bronze,board
2025,wuhan,B22,四川大学,OG-C,吴卓琦|黄奕浩|江来,1,0,3,170,223,bronze,board
2025,wuhan,B23,北京航空航天大学,恭迎大手子,周子尧|王迦毅|杨睿彬,1,0,3,323,276,,board
2025,wuhan,B24,西安交通大学,过往的画面全都是我不队,石皓文|王博想|邱宇成,1,0,6,912,53,silver,board
2025,wuhan,B25,黄冈师范学院,407 力量,张嘉毅|何国权|张宇轩,1,0,2,283,397,,board
2025,wuhan,B26,华中师范大学第一附属中学,华师一Ａ队,伍敬宇|刘珈逸|王涵,0,0,5,605,,,board
2025,wuhan,B27,东北大学,东北大学_瑞狩展摊一发抽中抱枕望周知,谢天石|张佳栋|苏焜,1,0,7,1048,23,gold,board
2025,wuhan,B28,重庆邮电大学,蓝桥杯汪之队,赵俊超|吴志煜|汪涛,1,0,4,330,123,silver,board
2025,wuhan,C01,浙江工业大学,ZJUT2,周泳良|周睿|闵士轩,1,0,5,639,73,silver,board
2025,wuhan,C02,西南科技大学,泊至武汉（）,黄洪杰|李翔宇|邓俊熙,1,0,1,70,427,,board
2025,wuhan,C03,中国传媒大学,再演,陈旻庚|朱霁|叶阳,1,0,6,1061,61,silver,board
2025,wuhan,C04,香港中文大学（深圳）,禁忌「O(1)の弹幕结界」,周信言|叶嘉泓|Adam Tejasukmana,1,0,5,857,106,silver,board
2025,wuhan,C05,中国地质大学（北京）,AC搬运机,吴浩炀|文浩名|翁子竣,1,0,2,215,379,,board
2025,wuhan,C06,中南民族大学,夜枕青山,林俊彦|魏子杰|陈宇轩,1,0,2,121,365,,board
2025,wuhan,C07,西南民族大学,永远都像初次见你那样使我心荡漾,王海潮|石珈豪|张伟模,1,0,4,444,133,silver,board
2025,wuhan,C08,四川现代职业学院,唯有遗忘最漫长,何彦儒|王广仁,0,0,1,183,,,board
2025,wuhan,C09,中国矿业大学（北京）,邪恶三角形,梁凯|崔文水|杜若琳,1,0,3,312,270,bronze,board
2025,wuhan,C10,湖南工业大学,武汉之梦,肖明阳|肖凝果|胡家兴,1,0,4,607,174,bronze,board
2025,wuhan,C11,南京理工大学,你怎么知道我在四级考试得了433分,刘懿臻|彭锐政|陈静波,1,0,6,1075,63,silver,board
2025,wuhan,C12,华南农业大学+厦门大学马来西亚分校+深圳大学,共同语言：C++,张卓琳|高佳越|刘子涵,0,0,0,0,,,board
2025,wuhan,C13,郑州外国语学校,丘丘人,侯舒桓|张文叡|秦奕阳,0,0,5,570,,,board
2025,wuhan,C14,香港城市大学,Java++3,張智彥|曾淳謙|陳立浚,1,0,0,0,443,,board
2025,wuhan,C15,北京大学,随机匹配,柯绎思|柯怿憬|谢梓涵,1,0,8,881,5,gold,board
2025,wuhan,C16,浙江财经大学,压缩饼干,陈君豪|林煜超|王强,1,0,4,465,136,bronze,board
2025,wuhan,C17,苏州大学,RE 手动机,刘昕宇|陈顾漪|沈杨卓凡,1,0,3,306,263,bronze,board
2025,wuhan,C18,河南工业大学,夜 向日葵,张宏泽|马贺|马家硕,1,0,3,319,275,,board
2025,wuhan,C19,兰州大学,樱井路初学,吕宁|张潇锋|任宇航,1,0,3,221,232,bronze,board
2025,wuhan,C20,长春理工大学,是长理不是厂里,罗卫泽|徐瑞奇|骆柏荣,1,0,3,166,222,bronze,board
2025,wuhan,C21,北京邮电大学,以上队伍通过图灵测试,吴宇锴|施岩焜|李子俊,1,0,3,249,240,bronze,board
2025,wuhan,C22,江汉大学,往你热干面里倒蛋酒,熊振庭|李尧斐|焦子霖,1,0,2,294,399,,board
2025,wuhan,C23,武汉理工大学,WA出三室一厅,罗韬|倪锋|杨发通,1,0,3,287,256,bronze,board
2025,wuhan,C24,黄冈师范学院,好喜欢你怎么办,刘闻科|张舒恒|周康禧,1,0,3,274,252,bronze,board
2025,wuhan,C25,香港科技大学（广州）,惠风和畅，鹏程万里,李小乐|陈欣怡|黄彦杰,1,0,2,380,408,,board
2025,wuhan,C26,集美大学,童话乡,洪韩毅|陈华弘|廖杰如,1,0,5,473,67,silver,board
2025,wuhan,C27,台州学院,学了等于没学,曾阳|陈奕阳|鲍威龙,1,0,2,246,390,,board
2025,wuhan,C28,湖南大学,三枪队,李江浩|刘良锐|周键泷,1,0,3,505,333,,board
2025,wuhan,D01,东北大学秦皇岛分校,你从来没觉得打算法竞赛快乐过,焦一晟|秦浩越|张景皓,1,0,3,261,246,bronze,board
2025,wuhan,D02,成都信息工程大学,BanG Dream! It's MyALGO!!!!!,陈礼烨|常旭海|吴沂谦,1,0,2,242,388,,board
2025,wuhan,D03,临沂大学,重新排序大师励志考研,黑乃骁|费秋翔|宋承洋,1,0,3,553,340,,board
2025,wuhan,D04,南阳理工学院,你不会离开我的对不对,李昌泓|张方明|胡汉永,0,0,2,489,,,board
2025,wuhan,D05,广东工业大学,打灰猫猫虫,徐非池|林琮皓|张炜,1,0,5,761,96,silver,board
2025,wuhan,D06,长江大学,扬子江比特,曹轩|杨山峰|刘强,1,0,2,380,408,,board
2025,wuhan,D07,浙大宁波理工学院,倒头就睡,陈洪逸|张奔晟|钱晨,1,0,4,506,146,bronze,board
2025,wuhan,D08,成都信息工程大学,冷焰,陈帅|袁铭远|王浩然,1,0,5,896,113,silver,board
2025,wuhan,D09,湖南理工学院,梦之AK队,陈俊鑫|崔振超|邓旭,1,0,1,105,430,,board
2025,wuhan,D10,重庆工程学院,学弟说带我拿牌,陈博恒|杨银|徐飞扬,1,0,0,0,443,,board
2025,wuhan,D11,东华大学,不吃蔬菜,王朝勋|叶起源|赵雨康,1,0,2,379,407,,board
2025,wuhan,D12,中国人民大学,人咪小学,李昊森|熊洋铭|童奕涵,1,0,4,699,202,bronze,board
2025,wuhan,D13,香港中文大学,愛心魚蛋派,龍瑞希|周禮言|Thanapon Maiseaumsook,1,0,4,591,169,bronze,board
2025,wuhan,D14,重庆大学,嘉陵江有色金属货轮,李欣悦|鲁永卓|陈泆君,1,0,4,559,158,bronze,board
2025,wuhan,D15,华中科技大学,糖果酱,赵亮亮|李嘉明|丁易然,1,0,7,1434,30,gold,board
2025,wuhan,D16,浙江理工大学,幻葬「夜雾幻影杀人鬼」,胡涛|陈足楷|颜林浩,1,0,4,480,139,bronze,board
2025,wuhan,D17,华中师范大学第一附属中学,华师一Ｂ队,齐冠宇|张炜丞|肖煜航,0,0,4,949,,,board
2025,wuhan,D18,汕头大学,小鸟鸭梨懒羊羊,郑永鹏|潘佳阳|王翌州,0,0,3,596,,,board
2025,wuhan,D19,重庆邮电大学,流离之人追逐幻影,欧阳馨|任明乾|孙艺恒,1,0,4,677,196,bronze,board
2025,wuhan,D20,香港科技大学（广州）,过了样例就能队,黄方哲|廖家民|郑杨一轩,1,0,4,1132,221,bronze,board
2025,wuhan,D21,哈尔滨工业大学（深圳）,会赢吗？,秦绍竣|任德阳|王一鸣,1,0,5,545,68,silver,board
2025,wuhan,D22,湖南师范大学,你想来一碗辣椒炒热干面拌肉吗,高嘉鑫|殷浩文|朱雯娜,1,0,4,497,142,bronze,board
2025,wuhan,D23,杭州师范大学,夜明和萤火,黄焰|吴睿萱|尤馨然,1,0,4,436,131,silver,board
2025,wuhan,D24,天津仁爱学院,看样例猜结论,陈博|段立泰|廖志强,1,0,3,346,285,,board
2025,wuhan,D25,东北大学秦皇岛分校,Fire Bird,尹瀚磊|段俊宏|邓逸飞,1,0,4,499,144,bronze,board
2025,wuhan,D26,北京科技大学,队友十年单身换区域赛银牌,张顺|彭心雨|国林泉,1,0,4,452,135,silver,board
2025,wuhan,D27,绍兴理工学院,做题5分钟翻译两小时,全仪|王李浩|刘思颖,1,0,1,183,438,,board
2025,wuhan,D28,成都信息工程大学,还在为她患得患失吗,张顺军|杨鹏|权雨帆,1,0,3,479,326,,board
2025,wuhan,E01,武汉工程大学,我想吃掉你的金牌,乔翊展|曾宪理|邓文豪,1,0,4,791,212,bronze,board
2025,wuhan,E02,四川师范大学,写都写了，交一发吧,唐宇|武恒|李嘉乐,1,0,3,436,317,,board
2025,wuhan,E03,北京林业大学,助力六级听力全队,陈昊然|黄泽升|应旭东,1,0,3,380,299,,board
2025,wuhan,E04,西北工业大学,阿比斯深渊,黄知远|欧阳家杰|吕昊临,1,0,4,635,186,bronze,board
2025,wuhan,E05,重庆大学,次元沸腾,陈孙一硕|包函睿|韩金东,1,0,3,313,272,,board
2025,wuhan,E06,湘潭大学,赢赢赢,陈波|宋仕凯|颜伟斌,1,0,4,574,163,bronze,board
2025,wuhan,E07,北京化工大学,北极熊,彭天祺|陈昊然|熊家怡,1,0,5,1085,119,silver,board
2025,wuhan,E08,中国地质大学（武汉）,拖拖拉拉会变成拖拉机,江烁|吴易凡|王晗宇,1,0,2,225,385,,board
2025,wuhan,E09,湖北经济学院,美梦成真,郑奥|杨佳慧|陈宵阳,1,0,1,232,440,,board
2025,wuhan,E10,National University of Mongolia,L4ST_DANCE,Surenjamts Tsedevsuren|Khanbileg Purevdorj|Munkh-orgil Nergui,1,0,1,54,426,,board
2025,wuhan,E11,哈尔滨工业大学（威海）,神秘客,顾伟宸|李泳明|易子杰,1,0,4,581,168,bronze,board
2025,wuhan,E12,南京大学,平流层,潘谟天|陆华均|陈梓睿,1,0,5,858,107,silver,board
2025,wuhan,E13,同济大学,于离别之朝束起约定之花,高胜寒|靳嘉成|刘诗奇,1,0,7,1009,20,gold,board
2025,wuhan,E14,南京邮电大学,汀岸垂柳，神清骨秀，澄心静气，蓄势而击 XCPC | 报销 （崭新出厂）,王瑞阳|廖梓轩|陈华柯焱,1,0,4,580,167,bronze,board
2025,wuhan,E15,上海大学,全做不队,郭懿涵|陈亦善|赵文宇,1,0,4,715,207,bronze,board
2025,wuhan,E16,武汉科技大学,样例过了就AC,施卓凡|李文卓|荣成,1,0,3,351,289,,board
2025,wuhan,E17,江苏海洋大学,好好学习，天天向上,房鸿铭|刘好|孙京权,0,0,2,368,,,board
2025,wuhan,E18,浙江理工大学,彰耗堡堡代我妃,任麒源|张浩|姚仁杰,0,0,6,669,,,board
2025,wuhan,E19,乌鲁木齐市第一中学,绿谷在逃三人组,张书豪|罗传杰|陈家辉,0,0,4,785,,,board
2025,wuhan,E20,西北大学,赢！,朱珈成|梁家瑞|罗穰杰,1,0,4,993,218,bronze,board
2025,wuhan,E21,上海财经大学,我们 AK ICPC,史靖玮|陶晟昱|禚安垣,1,0,4,538,153,bronze,board
2025,wuhan,E22,华中科技大学,终帆,朱雨程|吴高宇|阮弘毅,1,0,3,332,282,,board
2025,wuhan,E23,北京化工大学,牢码队,伍宸|王松浩|程泽华,1,0,2,661,425,,board
2025,wuhan,E24,湖南大学,瓦学弟的打铁之旅,邱琼林|蔡芸涛|刘继云,1,0,3,560,343,,board
2025,wuhan,E25,浙江农林大学,哦飞机阿瑟东金佛爱撒娇覅,黄志腾|赵亭旭|陈镇锋,1,0,3,215,230,bronze,board
2025,wuhan,E26,中国科学院大学,通关,石曜铭|吕安哲|尤俊翔,1,0,5,671,78,silver,board
2025,wuhan,E27,宁波大学,棒棒棒棒,金焕磊|陈昕宇|袁铭都,1,0,3,579,347,,board
2025,wuhan,E28,华中农业大学,一支队伍,蒋志恩|彭传钰|付波,1,0,2,348,404,,board
2025,wuhan,F01,南昌大学,雪月花,何超|满曜嘉|吴帅兵,1,0,4,515,148,bronze,board
2025,wuhan,F02,武汉理工大学,爱抖露码死他,李晨|俞烨宸|李意峰,1,0,3,202,226,bronze,board
2025,wuhan,F03,南昌五中,样例过了就队,王博轩|张屹赫|肖振扬,0,0,2,222,,,board
2025,wuhan,F04,东南大学,三英荟寝室,靳赫涛|杜鑫研|毛周祥,1,0,6,817,44,gold,board
2025,wuhan,F05,华中师范大学,射杀太阳,李坤霖|史家业|陈晓鸣,1,0,4,685,197,bronze,board
2025,wuhan,F06,西湖大学,world.execute(me);,严密|汪阳|俞开,1,0,7,976,19,gold,board
2025,wuhan,F07,南京农业大学,青山,顾慎之|戴昕宇|邵筠淇,1,0,5,882,112,silver,board
2025,wuhan,F08,哈尔滨工程大学,西呀修阿噗咯派,赵文定|冯望|杨一鸣,1,0,4,593,170,bronze,board
2025,wuhan,F09,信息工程大学,208,唐日文|史秉轩|陈铮,1,0,2,353,405,,board
2025,wuhan,F10,清华大学,进行一个象的抽,王锦博|张睿阳|张怀沙,1,0,8,1116,9,gold,board
2025,wuhan,F11,新疆大学,队长说拿到银牌就回老家结婚,张立|邱桐|陶文喆,1,0,4,555,156,bronze,board
2025,wuhan,F12,浙江大学,幻想时刻,朱睿哲|柯怀俊|张厚华,1,0,7,1043,22,gold,board
2025,wuhan,F13,成都大学,妹相随～黑白世界的缤纷冒险～,万名森|冉天祺|赵嘉源,1,0,3,268,251,bronze,board
2025,wuhan,F14,北京大学,抹茶小蛋糕,孙培轩|章弥炫|陈哲章,1,0,8,869,4,gold,board
2025,wuhan,F15,东莞理工学院,大三难铜的最后一舞,唐骁霖|姚焕增|邓萌海,1,0,2,398,412,,board
2025,wuhan,F16,哈尔滨工业大学,上海蓬莱法国荷兰西藏京都伦敦俄罗斯奥尔良人形,张彭凯|张城玮|丁文涛,1,0,8,974,6,gold,board
2025,wuhan,F17,天津大学,你们好啊，我是铁墓，我要感染评测机了,沈陈林|王琳瑄|秦成信,1,0,3,213,229,bronze,board
2025,wuhan,F18,南京邮电大学,穿梭在银河的火箭队,王魁博|王淦禄|马思博,1,0,3,430,315,,board
2025,wuhan,F19,南方科技大学,南方科技大学-卡拉巴赫,侯宇轩|娄午尘|李钰曦,1,0,3,552,339,,board
2025,wuhan,F20,广东工业大学,静声,谢嘉骏|袁镇清|许晓喆,1,0,3,554,341,,board
2025,wuhan,F21,上海大学,树上猫猫头,松浩然|潘铧超|房辰燏,1,0,5,693,84,silver,board
2025,wuhan,F22,东北大学,东北大学_黄金罗盘,黄宇帆|潘炼|罗子涵,1,0,3,325,278,,board
2025,wuhan,F23,北京大学,注意到不难发现,刘洋|聂于涵|罗锐,1,0,7,1084,27,gold,board
2025,wuhan,F24,清华大学,momomorphism,闫陈效|曹立|陈实,1,0,10,1311,2,gold,board
2025,wuhan,F25,绍兴文理学院,可爱星星飞天撞,李明轩|葛至洲|洪振博,1,0,2,191,375,,board
2025,wuhan,F26,哈尔滨工业大学,CQOI Flames,杜沛键|方智鉴|雷钧森,1,0,4,644,188,bronze,board
2025,wuhan,F27,齐齐哈尔大学,慕思雨辰,段圣宣|李德立|张煦,0,0,5,1015,,,board
2025,wuhan,F28,东南大学,DNA计算,潘亦新|林祥威|严静萱,1,0,3,536,337,,board
2025,wuhan,G01,北京工业大学,啊对对队,张乐天|范韶博|贾熠,1,0,3,295,262,bronze,board
2025,wuhan,G02,中国科学技术大学,六,王歆喆|许傲施|蔡敦行,1,0,5,672,79,silver,board
2025,wuhan,G03,贵州大学,保研大佬带我飞,史昌盛|傅锦灿|黄康,1,0,2,265,394,,board
2025,wuhan,G04,上海理工大学,澄净闪耀,李俊毅|王嘉程|周天昊,1,0,3,311,269,bronze,board
2025,wuhan,G05,长安大学,斑斓色彩,胡艺瀚|钱麦曲|周乐恒,1,0,4,576,164,bronze,board
2025,wuhan,G06,兰州大学,黄河远上白云间,邵逸帆|时哲涵|吴平,1,0,3,294,260,bronze,board
2025,wuhan,G07,长沙理工大学,神马都是浮云,王凯旋|李欢麒|易子寒,1,0,3,452,321,,board
2025,wuhan,G08,复旦大学,倒头就睡,张圣皓|朱翔宇|王瑞藻,1,0,7,837,17,gold,board
2025,wuhan,G09,丽水学院,月相人生,杨楠|孙愉超|江安煜,1,0,4,819,214,bronze,board
2025,wuhan,G10,天津大学,^v^,王嘉晨|张翔智|万文彬,1,0,5,717,87,silver,board
2025,wuhan,G11,中国矿业大学,抽奖,龚子贤|黄科海|梁浩均,1,0,4,651,190,bronze,board
2025,wuhan,G12,北方工业大学,落榜程序员,王思诚|周易|邵奕涵,1,0,3,396,303,,board
2025,wuhan,G13,河南大学,O（1）团队,李想|吴逸轩|献超前,1,0,3,485,327,,board
2025,wuhan,G14,中南大学,你抚琵琶奏琴弦,文启智|刘鸣晓|叶楷,1,0,5,676,81,silver,board
2025,wuhan,G15,云南大学,我的二个两次元队友,张鑫宇|林知非|马永琦,1,0,3,309,265,bronze,board
2025,wuhan,G16,电子科技大学,UESTC_undefined_WiFi,陈奕可|汪澄|梁育诚,1,0,7,834,16,gold,board
2025,wuhan,G17,南京大学,呢喃得了mvp,王意诚|卢泰烨|荣恒嬉,1,0,4,426,129,silver,board
2025,wuhan,G18,哈尔滨理工大学,哈理工16队WH,冉渝旭|王春龙|陈鑫,0,0,3,372,,,board
2025,wuhan,G19,中国石油大学（华东）,中石大2005,王钧泽|吉时渊|黄升钦,1,0,2,511,422,,board
2025,wuhan,G20,天津工业大学,良田满穗,侯仁正|应嘉宇|李翊萌,1,0,4,565,161,bronze,board
2025,wuhan,G21,福建理工大学,fjoi我爱你,林舜华|颜嘉民|邹连晟,1,0,2,105,364,,board
2025,wuhan,G22,南开大学,数智省身_难开题开题难,陈彦兴|何闻硕|张宇墨,1,0,5,552,69,silver,board
2025,wuhan,G23,中国人民大学,字节无虞,陈礼邦|钱泽瑄|刘嘉俊,1,0,7,919,18,gold,board
2025,wuhan,G24,宁波大学,骨钉斩奎隆,金施成|刘洁|赵晨翔,1,0,3,183,225,bronze,board
2025,wuhan,G25,东北大学秦皇岛分校,三日凌空,肖轲闻|冯阳阳|刘峻畅,1,0,6,617,34,gold,board
2025,wuhan,G26,浙江大学,北极星,王羽立|余承恩|尤佳骏,1,0,6,991,57,silver,board
2025,wuhan,G27,上海交通大学,青蘋之末,谭钧豪|江若泓|朱添翼,1,0,7,789,15,gold,board
2025,wuhan,G28,嘉应学院,W°C可以煮鱼了！,俞玄康|翁杰豪|廖世毅,0,0,3,337,,,board
2025,wuhan,H01,中国石油大学（华东）,茉莉雨,俞桐|尹瑞阳|庄坤鹏,1,0,3,437,318,,board
2025,wuhan,H02,山东大学,我不曾忘记,燕学烨|孙语聪|杨师玉,1,0,4,596,171,bronze,board
2025,wuhan,H03,个人参赛,低头身Q版吉祥物,王令开|李明翰,0,0,6,596,,,board
2025,wuhan,H04,青岛大学,江江无路可退,王隆江|孟祥董|杨景成,1,0,2,322,402,,board
2025,wuhan,H05,宁波财经学院,你不能拿我们和那些强队比,张泽洋|王泽宇|李辉鸿,1,0,4,841,215,bronze,board
2025,wuhan,H06,东北师范大学,重生,梁博芳|张鸿昊|李杰俊,1,0,3,579,347,,board
2025,wuhan,H07,东北林业大学,其实我更会种树,吕亮|王中宇|李轶,1,0,3,359,290,,board
2025,wuhan,H08,四川大学,打ACM从没开心过,钟诚|刘泽勋|许圳达,1,0,5,750,95,silver,board
2025,wuhan,H09,武汉大学,永恒的武汉大学,李致远|赵天星|田子轶,0,0,5,572,,,board
2025,wuhan,H10,北京交通大学,幻梦成真,邬健翔|王欣洋|方瑞年,1,0,5,747,93,silver,board
2025,wuhan,H11,香港中文大学,酒心魚蛋派,謝昶豪|黃進|盧沂鋒,1,0,8,1088,8,gold,board
2025,wuhan,H12,吉林大学,萝萝山大王,孔泉智|邱天|何旭,0,0,5,768,,,board
2025,wuhan,H13,武汉轻工大学,acmer学长不会遇见oi学弟,肖子龙|余伟琦|刘俊泽,1,0,4,702,204,bronze,board
2025,wuhan,H14,宁波大学,泥巴动物园,吴镇桥|沈天佑|胡健山,1,0,5,763,97,silver,board
2025,wuhan,H15,哈尔滨工程大学,备用账号0721,蒋渡|金炜东|李昀轩,1,0,4,303,120,silver,board
2025,wuhan,H16,东北大学,东北大学_实在不行输出随机数吧,董新畅|施博文|王百汇,1,0,3,222,233,bronze,board
2025,wuhan,H17,江西财经大学,别开香槟开早了,孙天成|罗文轩|周政,1,0,3,275,253,bronze,board
2025,wuhan,H18,四川大学,超级洋医,王鹏超|杨轶涵|熊一鸣,1,0,7,1139,28,gold,board
2025,wuhan,H19,厦门大学,请输入文本,谢舜天|陈浩泽|郑榜韬,1,0,5,669,77,silver,board
2025,wuhan,H20,江西师范大学,嘻嘻，我要赢口牙,张志伟|冯尉旺|徐磊,1,0,3,528,335,,board
2025,wuhan,H21,哈尔滨工业大学（深圳）,溢出,李俊铖|谢明啸|李有维,1,0,4,514,147,bronze,board
2025,wuhan,H22,莆田学院,口胡金牌题,许庆华|龚磊|柳永康,1,0,3,695,359,,board
2025,wuhan,H23,牛客竞赛,CRYCHIC不也挺好的吗？,兰宇平|郭旺乐|陈沫,0,0,4,743,,,board
2025,wuhan,H24,合肥大学,Amusing Cat,杨仕超|许志航|吕文杰,1,0,3,247,238,bronze,board
2025,wuhan,H25,河海大学,我是森林之夜的歌手，蛙王酷宝,赵俊儒|杜珈颖|仵柳飒,1,0,3,455,322,,board
2025,wuhan,H26,深圳技术大学,SZTU_睡一觉就AC,邓浩盛|孟晖|王枫,1,0,3,749,360,,board
2025,wuhan,H27,山东科技大学,渡鸦,邢子建|李屹然|宋明翰,1,0,3,291,259,bronze,board
2025,wuhan,H28,中国传媒大学,return inv(wa);,范金旭|杜可|刘钰,1,0,2,208,377,,board
2025,wuhan,I01,上海大学,黑化肥非黑灰肥黑化肥混黑灰肥发灰肥灰分化会灰飞,王博成|全静颖|黄彦磊,1,0,3,330,281,,board
2025,wuhan,I02,安徽师范大学,天码行空,张春龙|吕金霖|梁峻铭,1,0,4,1084,219,bronze,board
2025,wuhan,I03,江苏大学,我们需要一个队名,张道正|薛志康|任屹涵,1,0,5,734,89,silver,board
2025,wuhan,I04,南昌市第二中学,胰岛素,闵梓轩|王瀚宇|罗伟涛,0,0,3,783,,,board
2025,wuhan,I05,西安理工大学,AC.cpp,韩明轩|周彦泽|留昊,1,0,3,347,286,,board
2025,wuhan,I06,北京信息科技大学,狗全坏大战张抽，你们知道吗,朱默涵|房承烨|方梓谦,1,0,3,290,258,bronze,board
2025,wuhan,I07,中北大学,ACMer转生，到了xcpc就拿出0721次罚时,杨庆伟|李镇道|王泽仁,1,0,3,566,345,,board
2025,wuhan,I08,电子科技大学,UESTC_EndlessEmbrace,余天羽|王鹏|王彬丞,1,0,4,814,213,bronze,board
2025,wuhan,I09,华中科技大学,落叶知秋,麦骏|俞仲遥|臧业乾,1,0,7,1029,21,gold,board
2025,wuhan,I10,兰州大学,今晚来我床上打三国杀,曹家硕|沈天辰|张照博,1,0,5,871,108,silver,board
2025,wuhan,I11,哈尔滨工业大学,北风与秋水,王羽婷|朱峰|谢书泱,1,0,6,835,46,silver,board
2025,wuhan,I12,南京航空航天大学,透明,付孜逸|唐观乾|桑浩然,1,0,3,390,301,,board
2025,wuhan,I13,华南农业大学,想队名这种事情不要啊,陈伟鹏|刘晓宇|辛运滋,1,0,2,206,376,,board
2025,wuhan,I14,北京师范大学,火龙狗,谢秋凡|王宇畅|肖梓尧,1,0,1,110,431,,board
2025,wuhan,I15,华东师范大学,英文队名逆序对,单敏杰|江楠|程籽实,1,0,4,441,132,silver,board
2025,wuhan,I16,浙江大学,乘着西风出发咯,严子轩|张湫阳|侯之远,1,0,6,895,50,silver,board
2025,wuhan,I17,湘潭大学,机魂大悦,刘璟轩|郑智彬|范文涵,1,0,4,690,199,bronze,board
2025,wuhan,I18,安阳师范学院,舞舞舞（全队拉条）,周兴科|余卓豪|王枫,1,0,2,136,367,,board
2025,wuhan,I19,西安电子科技大学,风起鹰翔,陈俊睿|洪龙颖|王骏杰,1,0,5,843,105,silver,board
2025,wuhan,I20,云南大学,无敌galgame大王,李健阳|王毅豪|张祖翊,1,0,3,332,282,,board
2025,wuhan,I21,华东师范大学,Let Cloud Root,谢书骁|冯中信|陈涵,1,0,6,777,39,gold,board
2025,wuhan,I22,汉江师范学院,一个人的足迹,杜中豪|赵家棋|宋孝斌,1,0,1,136,436,,board
2025,wuhan,I23,济南大学,风鹏万里,屠泽伟|刘峰旭|文铿,1,0,1,162,437,,board
2025,wuhan,I24,中山大学,中山大学-深度睡眠,刘亘煊|许钢帆|黄一凡,1,0,4,445,134,silver,board
2025,wuhan,I25,电子科技大学,UESTC_在理工学校想邂逅艺术学妹搞错了什么,冉泽宇|许庆山|王振波,1,0,5,734,89,silver,board
2025,wuhan,I26,湖北中医药大学,我依然故我，于终幕之上,周钲墙|李乐乐|阮鹏宇,1,0,1,214,439,,board
2025,wuhan,I27,上海纽约大学,原神,Martin Khachatryan|Artemii Mavlitov|Pavel Nikolaitchev,1,0,4,615,177,bronze,board
2025,wuhan,I28,香港中文大学（深圳）,saber，saber，什么时候吃完饭,梁皓|许可捷|余哲伟,1,0,3,678,356,,board
2025,wuhan,J01,哈尔滨エ业大学,又可爱又厉害的大主播572总督群（4）,邱思宇|陶钧|贾子涵,0,0,7,1090,,,board
2025,wuhan,J02,东南大学,西西弗斯,刘一鸣|何辰玮|王俊迪,1,0,5,675,80,silver,board
2025,wuhan,J03,广州大学,无条件相信草神,杨逍|王承宇|谢宇峰,1,0,4,498,143,bronze,board
2025,wuhan,J04,阜阳师范大学,爆裂黎明,张鹏程|严航|刘欣怡,1,0,3,415,309,,board
2025,wuhan,J05,河北师范大学,指尖破晓,曾云昊|贺雪杭|秦晓,1,0,3,413,308,,board
2025,wuhan,J06,香港城市大学（东莞）,香港城市大学（东莞）,袁庚麒|陈志铭|李冉曦,1,0,4,745,211,bronze,board
2025,wuhan,J07,河海大学,罚时之羽如深渊相伴 血色acm人生！,林桁|周厚望|吕广信,1,0,6,1033,59,silver,board
2025,wuhan,J08,南京航空航天大学,下班,杨恩祺|张润州|顾一帆,1,0,3,564,344,,board
2025,wuhan,J09,海南大学,煮啵煮啵我们第一次打星能不能赏我几道题啊,周彦钊|余睿涵|赵博,0,0,2,113,,,board
2025,wuhan,J10,中国人民大学,三人行,孙安江|蔡松洋|马咏翔,1,0,4,393,126,silver,board
2025,wuhan,J11,武汉外国语学校,雾岚联邦皇家空军地勤,朱梓辰|汪赛頔|杨子铭,0,0,5,1242,,,board
2025,wuhan,J12,华南理工大学,不喝可乐,李霖峰|崔东旭|胡轩瑞,1,0,5,743,91,silver,board
2025,wuhan,J13,西安交通大学,六兆年零一夜的 ACM,薛楠恺|黄万平|李子涵,1,0,6,568,32,gold,board
2025,wuhan,J14,中国科学院大学,原神启动队,胡格致|唐睿|黄铮舸,1,0,5,1046,118,silver,board
2025,wuhan,J15,湖南人文科技学院,#define if while,周念祖|朱佳悦|李泽哲,1,0,2,129,366,,board
2025,wuhan,J16,上海交通大学,蛹,徐君翊|蒋宇涵|张铭轩,1,0,5,748,94,silver,board
2025,wuhan,J17,西北工业大学,原神拯救世界,叶韫韩|谭意铭|肖放,0,0,3,428,,,board
2025,wuhan,J18,华南农业大学,开O4应该能过吧,阮贵鹏|叶子琦|邹炜泉,1,0,3,243,235,bronze,board
2025,wuhan,J19,河海大学,三重积分,杨帆|蔡松廷|江晟东,1,0,5,962,117,silver,board
2025,wuhan,J20,清华大学,报名晚了,董亦骐|钟自厚|崔隽章,1,0,7,1154,29,gold,board
2025,wuhan,J21,中国计量大学,兄弟，我还想拿牌,曹炳涛|吴仁钘|何劭弘,1,0,6,959,56,silver,board
2025,wuhan,J22,大连理工大学盘锦校区,亡命之徒,杨镇熙|曹瀚文|陈嘉佑,1,0,4,522,149,bronze,board
2025,wuhan,J23,郑州外国语学校,凌云纵笔启新程，踔厉奋发续华章。,赵旭航|张浩然|张恒铭,0,0,8,1324,,,board
2025,wuhan,J24,河南师范大学,起个简单点的吧,荆文超|许恩铎|骆怡娉,1,0,4,607,174,bronze,board
2025,wuhan,J25,山东理工大学,唐龙历险记,安鹏飞|吴宇威|徐煜峰,1,0,2,452,416,,board
2025,wuhan,J26,武汉理工大学,*永远的幻想乡,刘泽宇|巫殷凯|胡书诚,0,0,3,210,,,board
2025,wuhan,J27,江西农业大学,你的存在是一个奇迹,胡艺|罗光明|贺子豪,1,0,3,682,358,,board
2025,wuhan,J28,南阳理工学院,再强点就好了,陈龙|张家涛|崔书源,0,0,2,199,,,board
2025,wuhan,K01,洛谷科技,关注洛谷用户myyes!,张力玺|宋浩然|刘乐天,0,0,6,1009,,,board
2025,wuhan,K02,齐鲁工业大学,负重越野,吴斌|廉昌业|魏文泽,1,0,3,349,287,,board
2025,wuhan,K03,江苏大学,耄耋的icpc之旅,杨皓煜|杨宇骞|周文杰,1,0,5,828,104,silver,board
2025,wuhan,K04,西北工业大学,temp,田旃|蔡思博|温智杰,0,0,3,492,,,board
2025,wuhan,K05,中国科学技术大学,氯化银,尹思源|何书宇|林绍棠,1,0,5,877,109,silver,board
2025,wuhan,K06,浙江师范大学,姜还是老的辣知道不,童培峻|刘思源|许凯胤,1,0,6,1019,58,silver,board
2025,wuhan,K07,中南大学,对吗?对的:哦不对;,龚垚淼|李奕儒|许宸哲,1,0,4,656,192,bronze,board
2025,wuhan,K08,福州大学,没想法,傅世杰|何顺康|饶凯辰,1,0,3,250,241,bronze,board
2025,wuhan,K09,浙江万里学院,海伯利安,奚舒雯|马康博|陈子墨,1,0,4,708,206,bronze,board
2025,wuhan,K10,洛谷科技,关注洛谷谢谢喵！,张宸睿|周睿韬|张益晟,0,0,6,849,,,board
2025,wuhan,K11,南京大学,我们仍未知道那天所看见的acmer的名字,张瑞珉|朱羽宽|陈子达,1,0,6,555,31,gold,board
2025,wuhan,K12,江西师范大学,Genshin Impact start,刘家福|罗一鸣|龚向阳,1,0,2,156,369,,board
2025,wuhan,K13,北京建筑大学,QQ星_来自龙国,苗德清|王谦|郭星甜,1,0,1,271,442,,board
2025,wuhan,K14,圣彼得堡第二音乐学院,"Painter, Piper and Prisoner",何卓霖|孙路|施劲松,0,0,3,427,,,board
2025,wuhan,K15,澳门大学,UM_Cunningham,林泽瀚|陈康|余梓宁,0,0,4,435,,,board
2025,wuhan,K16,河南师范大学,彩云归,陈春宇|孙胜锺|董天逸,1,0,3,632,351,,board
2025,wuhan,K17,西安交通大学,麒麟王,姜宇骋|王君睿|林子涵,1,0,6,888,49,silver,board
2025,wuhan,K18,北京交通大学,404NotFound,林怀都|袁明轩|曹司宇,1,0,2,391,410,,board
2025,wuhan,K19,吉利学院,吉利太美,罗志豪|何正|严嘉诚,1,0,2,479,419,,board
2025,wuhan,K20,杭州师范大学,调和线束,张卓|何敏璐|温从锭,1,0,3,648,353,,board
2025,wuhan,K21,郑州轻工业大学,石中剑,任展麟|董孟欣|胡胜杰,1,0,3,310,268,bronze,board
2025,wuhan,K22,电子科技大学,UESTC_雪色光晕,吕书武|陈治臻|李毅远,1,0,6,914,54,silver,board
2025,wuhan,K23,大连海事大学,雀魂低手,刘震|戈晟年|王满阳,1,0,2,239,387,,board
2025,wuhan,K24,香港科技大学（广州）,仲夏夜之金梦,钟嘉宸|王语诺|吴星智,1,0,3,325,278,,board
2025,wuhan,K25,National University of Mongolia,NUM-B2D,Bazarragchaa Orgilon|buyndorj bayrtai|Dalaitseren Boldbaatar,1,0,4,1129,220,bronze,board
2025,wuhan,K26,清华大学,惊觉往事历历已经年,郭米乐|苏明阳|李宁远,1,0,8,1458,13,gold,board
2025,wuhan,K27,南京工程学院,NJIT_0队：银狼,丁昊|崔东靖|陈昱安,1,0,2,178,374,,board
2025,wuhan,K28,武汉纺织大学,2007,费文伟|孔浩杰|刘洋,1,0,4,535,152,bronze,board
2025,wuhan,L01,香港理工大学,不见空,孙涵松|张浩越|闵泽宇,1,0,4,563,160,bronze,board
2025,wuhan,L02,同济大学,过了样例就算队,郑梓健|邓双南|张丞玮,1,0,4,562,159,bronze,board
2025,wuhan,L03,山东大学,电话微波炉（暂定）,詹靖杰|宿子腾|董家豪,1,0,6,696,36,gold,board
2025,wuhan,L04,上海科技大学,队名++;,陈籽安|何宗原|伍行,1,0,5,948,116,silver,board
2025,wuhan,L05,南京师范大学,没钱报名了怎么办,周译顺|陆昊宇|徐杰克,1,0,4,578,165,bronze,board
2025,wuhan,L06,武汉外国语学校,看听学,林安臣|李俊成|李逸维,0,0,7,1411,,,board
2025,wuhan,L07,厦门大学,握草，绝密icpc保险出金了,彭泽喜|王业盛|吴俊豪,1,0,3,206,227,bronze,board
2025,wuhan,L08,香港理工大学,我不是小茂密,卢昱辰|薛腾|黄瑞满,1,0,2,217,382,,board
2025,wuhan,L09,杭州师范大学,救救GGBond,徐鑫懿|王昊琛|王科然,1,0,5,657,76,silver,board
2025,wuhan,L10,台州学院,三乌鲁鲁赌铜牌,韩松霖|陈逸轩|戴于皓,1,0,3,403,304,,board
2025,wuhan,L11,武汉学院,人中赤兔，马中吕布,刘佳|沈济操|徐式飞,1,0,2,457,418,,board
2025,wuhan,L12,华中农业大学,闪光袋鼠哥哥,雷博琦|艾子鸣|胡泽宇,1,0,4,639,187,bronze,board
2025,wuhan,L13,香港城市大学（东莞）,在cityu-dg要港补冬袜,唐朝|李浩罡|郭刘翰文,1,0,4,661,194,bronze,board
2025,wuhan,L14,东北大学,东北大学_氕氘氚氦氖氩氪氙氡鿫,吴皓天|李天宇|施禛祾,1,0,4,841,215,bronze,board
2025,wuhan,L15,长沙市长郡中学,未命名1观光队,姜元程|王圣涵|王彦中,0,0,1,64,,,board
2025,wuhan,L16,杭州师范大学,尽欣杰力还是做不到吗,黄子力|龚俊杰|黄欣怡,1,0,3,254,242,bronze,board
2025,wuhan,L17,中国地质大学（北京）,O泡果奶要要要,林珈丞|秦郅涵|熊凌玉,1,0,3,231,234,bronze,board
2025,wuhan,L18,北京林业大学,深度烧烤,戴正宇|李振梁|陈嘉轩,1,0,3,277,254,bronze,board
2025,wuhan,L19,安徽大学,似乎没有能够令人AC的隐藏指令,许子桢|刘圆博|吕建强,1,0,3,417,312,,board
2025,wuhan,L20,南京航空航天大学,XML,任衍硕|邵嘉奇|张鑫雨,1,0,2,339,403,,board
2025,wuhan,L21,合肥工业大学,天天做早操队,韩昆桦|王腾昊|舒雨飞,1,0,3,379,297,,board
2025,wuhan,L22,香港科技大学（广州）,#define long long long,张晋杰|叶秉宪|郑凯文,1,0,4,469,137,bronze,board
2025,wuhan,L23,武汉工程大学,宿命天成命中败,廖圣羽|李浩东|汤宇辉,1,0,2,252,392,,board
2025,wuhan,L24,暨南大学,队友说要三顾茅庐才能请他出山,曹哲睿|潘城樟|陈弈帆,0,0,4,560,,,board
2025,wuhan,L25,西湖大学,42号混凝土施工队,沈皓天|罗凯腾|潘柯屹,1,0,2,449,415,,board
2025,wuhan,L26,东北石油大学,亲手操办24的退役仪式,刘笑语,1,0,1,125,432,,board
2025,wuhan,L27,北京大学,一步之遥,钱易|彭博|施开成,1,0,10,1145,1,gold,board
2025,wuhan,L28,安阳工学院,让我AC好不好,刘浩楠|张金博|冯鼎,1,0,2,221,384,,board
2025,wuhan,M01,武汉外国语学校,我没意见,翁佳良|王粒嘉|刘季轩,0,0,7,1199,,,board
2025,wuhan,M02,浙大城市学院,不如睡大觉,张雪松|颜硕建|谢尚哲,1,0,3,567,346,,board
2025,wuhan,M03,山东科技大学,阿瓦隆号,董鑫磊|王浩然|魏恒焱,1,0,2,455,417,,board
2025,wuhan,M04,济南大学,暴力出奇迹联盟,王基懿|丁子祥|孙孟琦,1,0,3,435,316,,board
2025,wuhan,M05,浙江师范大学,面向样例贪心,陈智|周纪恺|姜翔元,1,0,2,214,378,,board
2025,wuhan,M06,侯梦,队员想叫三年之期已到萧炎归来被队长驳回改叫799依此买构成为神人,晏书浓|汪元顺|李茂清,0,0,2,228,,,board
2025,wuhan,M07,郑州轻工业大学,最近公共烙饼,王梓博|曾郭康|吴宇扬,1,0,3,373,295,,board
2025,wuhan,M08,湖南城市学院,灰姑娘的故事,王钦荣|张文杰|周忠武,1,0,3,324,277,,board
2025,wuhan,M09,深圳大学,只是参加xcpc就被管家打断了双腿,曾圳烽|潘宝怡|吕鹏,1,0,4,741,210,bronze,board
2025,wuhan,M10,云南大学,/kill @e,史哲轩|唐嘉骏|姜凡,1,0,2,164,373,,board
2025,wuhan,M11,江西师范大学,Wrong_answer_on_test_1,杨扬骁|刘俊豪|叶潮辉,1,0,5,651,74,silver,board
2025,wuhan,M12,山东理工大学,夜航星,汤星宇|吴文斌|吕宏业,1,0,3,451,320,,board
2025,wuhan,M13,山东大学,wa自动机,吴思宁|杨卓|宋佳奇,1,0,5,806,102,silver,board
2025,wuhan,M14,杭州电子科技大学,杭电1队,马文浩|何卓锟|黄光升,1,0,7,1057,25,gold,board
2025,wuhan,M15,武汉软件工程职业学院,仿星器,郭臣希|樊洪涛|吴伟凡,1,0,2,261,393,,board
2025,wuhan,M16,三峡大学,WA无涯，AC是岸,吴世恺|冯成宽|吴潇,1,0,3,294,260,bronze,board
2025,wuhan,M17,上海理工大学,爆一发只是在测数据强度,胡术淇|周正杰|李健,1,0,4,701,203,bronze,board
2025,wuhan,M18,天津大学,玩三角洲玩的,黄文聪|山武弘|王煜杰,1,0,4,524,150,bronze,board
2025,wuhan,M19,西北工业大学,D.D.D.,吴语|严诚治|武守恒,1,0,6,900,51,silver,board
2025,wuhan,M20,南开大学,数智省身_比起xcpc我更喜欢拿铁,郭军凯|刘沛鑫|廖望,1,0,6,1042,60,silver,board
2025,wuhan,M21,北京电子科技学院,学弟将带领电科院走向辉煌,于凯|邱贤达|岳金涛,1,0,3,559,342,,board
2025,wuhan,M22,徐州工程学院,奶龙的最后抽抽XZIT01,尹基胜|陈光雨|顾宇耀,1,0,3,380,299,,board
2025,wuhan,M23,南开大学,数智省身_缺乏灵感的菇,李佳璞|黄尚扬|张宸笛号,1,0,3,267,250,bronze,board
2025,wuhan,M24,东北大学秦皇岛分校,数据别和我们作对,朱逸飞|赵星凯|陈小全,0,0,2,433,,,board
2025,wuhan,M25,河南师范大学,循环线段树,侯炳旭|曹继喆|吴帅甫,0,0,0,0,,,board
2025,wuhan,M26,鲁东大学,三只珍妮,孙健强|袁正杰|李俊锋,1,0,2,151,368,,board
2025,wuhan,M27,南京理工大学,流明猫猫头,谢景帆|黄苏闽|郭思易,1,0,5,938,115,silver,board
2025,wuhan,M28,山东师范大学,爆零就去玩原神,李佳恒|吕俊东|孙智毅,1,0,4,651,190,bronze,board
2025,wuhan,N01,北京大学附属幼儿园暨继续教育学院,正确的每一交,肖千与|孙嘉伟|何昊天,0,0,8,1244,,,board
2025,wuhan,N02,长江大学,一发入魂,柯业鑫|郑建斌|陈迪路,1,0,3,409,307,,board
2025,wuhan,N03,广西大学,奇迹与你,曾佳宁|杨明辉|李周详,1,0,4,624,181,bronze,board
2025,wuhan,N04,武汉科技大学,RELX悦刻幻影Mini,孙煜恒|肖依如|彭睿,1,0,5,559,70,silver,board
2025,wuhan,N05,华北电力大学（保定）,红绿色奶黄,刘强|黄佳乐|王宇灿,1,0,4,633,185,bronze,board
2025,wuhan,N06,西南民族大学,奶龙说的队,姚瑞希|董汶奇|付秀杰,1,0,1,135,435,,board
2025,wuhan,N07,西安电子科技大学,GXB，我们喜欢你,陈奕玮|洪怀博|邓思哲,1,0,3,258,245,bronze,board
2025,wuhan,N08,北京工业大学,队名,周若辰|黄励文|王玺荣,1,0,2,283,397,,board
2025,wuhan,N09,香港科技大学（广州）,因为太怕 WA 就全点大模拟了,王向前|罗浩|储文皓,0,0,9,1589,,,board
2025,wuhan,N10,郑州大学,你不笑我笑,程申夫|郭易哲|刘开阳,1,0,3,257,244,bronze,board
2025,wuhan,N11,南阳理工学院,思考一下就AC,刘晧|杨京昊|于超凡,1,0,3,349,287,,board
2025,wuhan,N12,阳光学院,灰名勇闯区域赛被创,郑俊杰|严培天|何苏清尘,0,0,0,0,,,board
2025,wuhan,N13,西华大学,宝宝宝宝，晚上好！@思静学姐,石浩楠|肖代阳|刘馨阳,1,0,3,312,270,bronze,board
2025,wuhan,N14,大连理工大学,我将点燃大海,金晟|蒋佳炀|时佳骏,1,0,5,795,101,silver,board
2025,wuhan,N15,华中科技大学文华学院,游戏人生零,方鹏遥|杨周|黎耀杨,1,0,0,0,443,,board
2025,wuhan,N16,北京航空航天大学,我咬死你,孙健钧|黄伟宁|李澎瑞,1,0,6,871,47,silver,board
2025,wuhan,N17,武汉理工大学,不再曼波,周泽鹏|孙晨奥|邢家童,1,0,6,803,43,gold,board
2025,wuhan,N18,浙江农林大学,再给我十分钟,庞军|郑灵轩|余和喆,1,0,3,653,354,,board
2025,wuhan,N19,绍兴理工学院,归乡邀约,孙永勇|蔡佳音|胡凯淇,1,0,2,423,413,,board
2025,wuhan,N20,上海电力大学,沉入奈落之底,朱凯年|胡凌|王鼎皓,1,0,4,606,173,bronze,board
2025,wuhan,N21,昆山杜克大学,一个队,仲飞扬|袁启璇|邱喆,1,0,2,369,406,,board
2025,wuhan,N22,北京邮电大学,金牌厨师,乔函祺|李思远|马铂凯,1,0,5,794,100,silver,board
2025,wuhan,N23,华东理工大学,华理算法皇帝霸气侧漏毁天灭地,丁文翰|曾子航|景梓云,1,0,4,670,195,bronze,board
2025,wuhan,N24,国防科技大学,巴别塔,焦天歌|何嘉良|董坤鹏,1,0,4,579,166,bronze,board
2025,wuhan,N25,广东外语外贸大学,Fe++,罗梓元|甄浩鹏|钟振宇,1,0,3,244,236,bronze,board
2025,wuhan,N26,武汉实验外国语学校,三个人加起来等于 LGM,陈彦希|唐珞珈|汪子晗,0,0,3,500,,,board
2025,wuhan,N27,北京电子科技学院,从零到一的指针,叶抒宇|王乐天|段锦坤,0,0,1,95,,,board
2025,wuhan,N28,清华大学,青一色,陈紫阳|胡昊|褚轩宇,1,0,8,1417,12,gold,board
2025,wuhan,O01,广东工业大学,GDUT_做的都队,彭文昊|齐思贤|石飏,1,0,3,263,247,bronze,board
2025,wuhan,O02,华南理工大学,喵喵队立大功,陈照睿|姚嘉晟|陈浩宇,1,0,4,617,178,bronze,board
2025,wuhan,O03,华南师范大学,风依旧在,李嘉鼎|林楷楠|严雍泽,1,0,4,611,176,bronze,board
2025,wuhan,O04,深圳大学,古故菇,李子炫|林文伟|李晗,1,0,3,211,228,bronze,board
2025,wuhan,O05,大连海事大学,Debug不如喝奶茶,李涵杨|陆宸熠|童恒奕,1,0,1,127,433,,board
2025,wuhan,O06,浙江工商大学,珂朵莉,林仁豪|郑铁峥|陈孝乐,1,0,4,571,162,bronze,board
2025,wuhan,O07,湘潭大学,可爱柚子厨,邹瑞|黄文乐|逯锦湘,1,0,3,309,265,bronze,board
2025,wuhan,O08,中南大学,少猪哭泣乐队,吴让尧|裴心童|吴俊杰,1,0,4,538,153,bronze,board
2025,wuhan,O09,中国传媒大学,嗷呜呜呜,李鑫贺|吕梓扬|常行健,1,0,4,850,217,bronze,board
2025,wuhan,O10,福州大学,我喜欢你,叶志杰|王志浩|邱镇海,1,0,6,1062,62,silver,board
2025,wuhan,O11,湖北大学,HUBU-涉海蜉蝣,朱俊好|冯念杰|万睿晞,1,0,3,467,324,,board
2025,wuhan,O12,华东理工大学,飞向边界杯,傅正航|朱晨煊|胡观复,1,0,5,880,111,silver,board
2025,wuhan,O13,中国科学技术大学,故事的下一页,汪晨曦|殷跃然|常铭,1,0,6,1173,64,silver,board
2025,wuhan,O14,江西理工大学,神经网络过载,丁康|黄伟宸|吴吕明,1,0,2,394,411,,board
2025,wuhan,O15,北京交通大学,绮罗星距离,陈可致|杨展宇|李沛桐,1,0,6,950,55,silver,board
2025,wuhan,O16,华南师范大学,残暴的兽蝇,陈华昊|古嘉诚|陈育瀚,1,0,5,731,88,silver,board
2025,wuhan,O17,个人参赛,永恒行旅,徐锐|姚陆涵茗|李天舒,0,0,5,730,,,board
2025,wuhan,O18,华南农业大学,其实错完了,钟启航|江煊杰|袁菱,1,0,3,379,297,,board
2025,wuhan,O19,杭州电子科技大学,杭电4队,帅嘉洋|王麒润|刘翔,1,0,5,932,114,silver,board
2025,wuhan,O20,香港科技大学（广州）,我坐戏子楼台前,郭沣|赖宣宇|宋锦儒,0,0,5,673,,,board
2025,wuhan,O21,西北工业大学,总湿摇篮,王梓恒|郭浩然|黄奕轩,1,0,3,624,350,,board
2025,wuhan,O22,中山大学,中山大学-中大25一队,董睿嘉|孔德锐|刘铭仁,1,0,7,1060,26,gold,board
2025,wuhan,O23,湖南师范大学,你想来一碗辣椒炒肉拌热干面吗,陶子杨|董爵硕|陈碧晖,1,0,4,525,151,bronze,board
2025,wuhan,O24,广州大学,ODT暴徒,郭子锋|同舒泽|黄明海,1,0,3,515,334,,board
2025,wuhan,O25,湖北汽车工业学院,打a是好的,李振超|曾宇恒|陈子杨,1,0,3,363,291,,board
2025,wuhan,O26,青岛农业大学,手写的从前,张方博|刘世征|王科锦,1,0,2,310,400,,board
2025,wuhan,O27,苏州工学院,暴力出奇迹，打表过样例,张威|黄尔嘉|陈家瑞,1,0,2,216,380,,board
2025,wuhan,O28,宁德师范学院,六重不忠,杨哲凯|林远浩|胡力中,0,0,0,0,,,board
2025,wuhan,P01,浙江大学,十发罚时,徐锐扬|吴与伦|万弘,1,0,8,1292,10,gold,board
2025,wuhan,P02,华中师范大学,兄弟，兄弟,杨波|严展翔|汪祺祺,1,0,3,218,231,bronze,board
2025,wuhan,P03,中国科学技术大学,中科大少女班代表队,邵晓玮|冯正桦|李俊辰,1,0,6,578,33,gold,board
2025,wuhan,P04,南阳理工学院,H神酱味大鸡,马帅|袁鑫晨|哈欣,0,0,2,302,,,board
2025,wuhan,P05,湖北工业大学,小丑派对,解哲曦|梅子恒|张忆周,1,0,3,309,265,bronze,board
2025,wuhan,P06,浙江理工大学,兄弟，你怎么还没过,贺宇昊|余江辉|江子豪,1,0,3,171,224,bronze,board
2025,wuhan,P07,浙江机电职业技术大学,麦秋,陈宗全|陈泽澎|孙宇帆,1,0,3,639,352,,board
2025,wuhan,P08,厦门理工学院,firevsice with his boyfriends,黄伟彬|丁尔为|郑炜钦,1,0,3,486,328,,board
2025,wuhan,P09,南阳理工学院,CCA困难解决小分队,崔恺林|陈凯乐|艾家兴,1,0,3,768,361,,board
2025,wuhan,P10,中山大学,中山大学-512526,陈睿泓|何杨炀|毛子弘,1,0,5,792,98,silver,board
2025,wuhan,P11,淄博实验中学校友联合,深情人，傻子和哑巴,王煜皓|刘浚涵|王泽嘉,0,0,4,733,,,board
2025,wuhan,P12,东北大学,东北大学_夏日的口袋是三等分TLE的金牌,李京洲|张绍宸|华俊澄,1,0,3,405,305,,board
2025,wuhan,P13,山东大学,圆一定要是圆形的,孙更欣|高士轩|叶世昕,1,0,5,746,92,silver,board
2025,wuhan,P14,吉林大学,一发猜对,拱垲|张健哲|袁英麒,1,0,4,431,130,silver,board
2025,wuhan,P15,温州大学,温大十队,管焌羽|是凯宁|周圣涵,1,0,3,873,362,,board
2025,wuhan,P16,电子科技大学,UESTC_等下掉线一会,赵锐枫|王东威|蔡锦哲,1,0,6,875,48,silver,board
2025,wuhan,P17,中国地质大学（武汉）,请输入文本,鲍炳辰|王佳豪|刘耀楠,1,0,3,316,273,,board
2025,wuhan,P18,安徽大学,神秘WA学弟,李子涵|高源|吴元斌,1,0,3,316,273,,board
2025,wuhan,P19,湘潭大学,无名之辈,王兮|谭诚|吴凡雨,1,0,5,878,110,silver,board
2025,wuhan,P20,江南大学,无牌转生，来到ACM就拿出真本事,徐兢|陈一鸣|杨学钊,1,0,2,158,371,,board
2025,wuhan,P21,武汉商学院,枫,陈群强|赵立|赵士冲,1,0,2,216,380,,board
2025,wuhan,P22,华中师范大学,人生何处不青山,余成鸣|赵毅|项思语,1,0,2,497,421,,board
2025,wuhan,P23,华中科技大学,黄叶换秋色,张俊焕|黄子齐|徐烨,1,0,4,377,124,silver,board
2025,wuhan,P24,西南民族大学,竹栈,苗家纯|张楚豪|詹宁康,1,0,2,157,370,,board
2025,wuhan,P25,河南理工大学,呆头呆脑,张立攀|宋幸威|张科文,1,0,3,499,332,,board
2025,wuhan,P26,长安大学,鸡煲宇宙第一，鸡煲宇宙第一,石瑶|吴宇伦|贺一恒,1,0,2,162,372,,board
2025,wuhan,P27,湖南科技大学,告诉我为什么,旷豪杰|易刚|张帅,1,0,3,537,338,,board
2025,wuhan,P28,浙江师范大学,ACM（★）| 花开富贵（崭新出厂）,李燕斌|张之娴|吴昂泽,1,0,4,624,181,bronze,board
2025,wuhan,Q01,西北工业大学,众神眷恋的幻想乡,邵嘉豪|王彦淞|郭知宇,1,0,3,327,280,,board
2025,wuhan,Q02,河北工业大学,正联退,刘弈廷|李瀚文|黄思惟,1,0,4,685,197,bronze,board
2025,wuhan,Q03,长沙市湘郡培粹实验中学,美味炸小鸡,周禹坤|熊靖平|曹泽睿,0,0,2,458,,,board
2025,wuhan,Q04,上海科技大学,南泵,马锐泽|钟睿丹|周小攀,1,0,3,390,301,,board
2025,wuhan,Q05,个人参赛,万一ac了呢,徐昊|李旭|蔡云钊,0,0,1,237,,,board
2025,wuhan,Q06,山西大学,寂寞的人听着伤心的歌,王盛宇|王嘉硕|于亚玄,1,0,3,415,309,,board
2025,wuhan,Q07,浙江科技大学,看不懂英文,赵科竣|朱睿哲|杨佳涵,1,0,4,422,128,silver,board
2025,wuhan,Q08,武汉外国语学校,爱国，好学，自强，图新,易煦翔|龚雨煊|肖亦恒,0,0,2,327,,,board
2025,wuhan,Q09,南昌市第二中学,邦邦邦邦,罗泽轩|王涵瑜|甘铭皓,0,0,3,517,,,board
2025,wuhan,Q10,内蒙古工业大学,NOI没拿到的牌子就在ICPC拿吧,李耀|黄智源|李盈菲,0,0,3,268,,,board
2025,wuhan,Q11,福州大学,惡·即·斬,陈宇|陈建涛|程棋晖,1,0,6,670,35,gold,board
2025,wuhan,Q12,武汉理工大学,树下猫猫虫,朱振傲|段宇坤|朱选文,1,0,6,802,42,gold,board
2025,wuhan,Q13,南京理工大学,队长不想打铁了,仇星博|汪立洪|王宏伟,1,0,3,486,328,,board
2025,wuhan,Q14,沈阳化工大学,又活一天,罗祥|刘洪运|杨鹏瑞,1,0,1,134,434,,board
2025,wuhan,Q15,中国科学院大学,面无波澜,马宇骏|邱宇峰|蔡钟渔,1,0,5,688,83,silver,board
2025,wuhan,Q16,湖北师范大学,新世纪AC战士,华泰达|孙紫阳|肖振顺,1,0,2,565,424,,board
2025,wuhan,Q17,武汉外国语学校,黄梅军团,熊与轩|刘忠往|邹仁昊,0,0,2,334,,,board
2025,wuhan,Q18,湖南大学,112358,朱名扬|吕乐|张世东,1,0,6,778,40,gold,board
2025,wuhan,Q19,山东大学（威海）,进击的奶龙,温泽林|陈汶泽|赵禹权,1,0,5,677,82,silver,board
2025,wuhan,Q20,北京航空航天大学,你染上四暗刻了,邓宇翔|彭瑞璋|张振羽,1,0,5,656,75,silver,board
2025,wuhan,Q21,华中农业大学,藏题的时候在干什么？能别笑吗？有点AC数吧,苏森阳|王敬淞|张毅,1,0,3,372,294,,board
2025,wuhan,Q22,嘉应学院,三位有 0x3f 年历史的宅男,吴烨昊|郑景升|罗海明,0,0,2,467,,,board
2025,wuhan,Q23,北京师范大学,高坂丽奈还没投票,张明杨|徐雁洲|陈博,1,0,3,280,255,bronze,board
2025,wuhan,Q24,浙江工业大学,彗星猫猫,蔡柏航|雷昊喆|王池康,1,0,4,690,199,bronze,board
2025,wuhan,Q25,中国民航大学,星星之火,梁永琰|王璟鸿|孙皓,1,0,4,544,155,bronze,board
2025,wuhan,Q26,东华大学,不可视境界线,杨韵清|沈兴波|金浩帆,1,0,4,647,189,bronze,board
2025,wuhan,Q27,河南农业大学,不做无法实现的梦,朱逸菲|李悦|邓海迪,1,0,0,0,443,,board
2025,wuhan,Q28,哈尔滨工业大学（威海）,小伙defineintLL就被管家活活打断腿,詹柏川|郭嘉豪|卜家骏,1,0,3,264,249,bronze,board
2025,wuhan,R01,杭州电子科技大学信息工程学院,爱鸡TV之我不要爱我要麦,徐俊豪|兰德涵|黄楚彬,1,0,2,278,395,,board
2025,wuhan,R02,西南大学,SWU-Mygo,游斯惟|盛明睿|韩清泉,1,0,4,378,125,silver,board
2025,wuhan,R03,北京大学,请输入文本,苏泓燃|陆梓炀|刘佳未,1,0,8,1408,11,gold,board
2025,wuhan,R04,南昌航空大学,那一天的算法，算法起来,林培豪|张进超|黄心磊,1,0,5,792,98,silver,board
2025,wuhan,R05,吉林大学,故障吉奇人,于之航|陈鹏旭|徐梓博,1,0,8,992,7,gold,board
2025,wuhan,R06,南通大学,复制黏贴,牛小帅|魏炜宸|陈乾,1,0,4,499,144,bronze,board
2025,wuhan,R07,杭州电子科技大学,杭电9队,黄泽彬|吴宝欣|金品曦,1,0,4,691,201,bronze,board
2025,wuhan,R08,浙大城市学院,二三四,许航杰|林盛|宋珂鑫,1,0,2,242,388,,board
2025,wuhan,R09,青岛大学,月色回音,曾学钦|代自超|李子涵,1,0,2,427,414,,board
2025,wuhan,R10,郑州外国语学校,罩妘铳粉丝团,贾孟澄|刘雨杭|赵一博,0,0,8,1475,,,board
2025,wuhan,R11,东华大学,句点，终焉扭转,鲍威凌|张晓高|蔡晋,1,0,3,487,330,,board
2025,wuhan,R12,西南财经大学,狼狼狼,吴晗|匡政宇|杨龙皓,1,0,5,710,86,silver,board
2025,wuhan,R13,武汉纺织大学,证明自己更像码农而非织者,林舒乐|张智宇|饶林辉,1,0,3,493,331,,board
2025,wuhan,R14,广东工业大学,加睡,梁若飞|梁伟|倪润东,1,0,6,1268,65,silver,board
2025,wuhan,R15,中国石油大学（华东）,中石大1969,刘志恒|钱智昊|黄阔,1,0,3,440,319,,board
2025,wuhan,R16,香港中文大学（深圳）,正在验证该队是否是真人。,孙超逸|张力文|周天,1,0,5,594,72,silver,board
2025,wuhan,R17,暨南大学,真得想个队名了,刘昌源|王宇涛|王星钱,1,0,7,1051,24,gold,board
2025,wuhan,R18,南京邮电大学,你们的生命不会呐喊吗,韩宇桐|史恬乐|蔡松延,1,0,2,481,420,,board
2025,wuhan,R19,长沙理工大学,美好的事可不可以发生在我身上,葛邵云|刘培|向超,1,0,3,468,325,,board
2025,wuhan,R20,河南大学,雨,朱德良|陈俊峰|刘永斌,1,0,4,625,183,bronze,board
2025,wuhan,R21,香港理工大学,Ad astra abyssosque,付冠赫|徐铭悦|张兆和,1,0,3,418,313,,board
2025,wuhan,R22,香港科技大学（广州）,请输入文本,梁君豪|刘秋悦|张思达,0,0,5,656,,,board
2025,wuhan,R23,济南大学,花开之夜,肖远志|丁浩宇|程明达,1,0,6,831,45,gold,board
2025,wuhan,R24,东北师范大学,鼠鼠猛攻ACM,张步豪|郭宇政|刘向涛,1,0,2,83,363,,board
2025,wuhan,R25,华中师范大学,互联网搬砖的我怎么敢靠近打算竞的你,王彬宇|郭子寒|唐熙林,0,0,4,386,,,board
2025,wuhan,R26,温州大学,温大一队,陈宇锋|何卓睿|莫皓翔,1,0,6,763,38,gold,board
2025,wuhan,R27,长沙市湘郡培粹实验中学,内阁圆球的牙Q,刘灏|徐棣泓|钟预畦,0,0,3,566,,,board
2025,wuhan,R28,河南大学,自由发挥,尤铭|李锦辉|魏文博,1,0,4,311,121,silver,board
2025,wuhan,S01,山东科技大学,白羊号,吴佳璇|冯湛博|杨永智,1,0,3,363,291,,board
2025,wuhan,S02,绍兴理工学院,讨厌字符串数论构造,陈佳俊|谢琳涵|马莉斯,1,0,3,244,236,bronze,board
2025,wuhan,S03,上海大学,i64,陈勇|邱吉睿|韦杰恒,1,0,4,596,171,bronze,board
2025,wuhan,S04,北京化工大学,WA时在做什么,倪亚伦|常钦保|林梓沛,1,0,3,405,305,,board
2025,wuhan,S05,成都理工大学,我嘞个豆豆啊,张晨瑀|向坪君|陈家宝,1,0,4,621,180,bronze,board
2025,wuhan,S06,代码源,CF 皇帝,杜瑜皓|蒋凌宇|许淇文,0,0,11,903,,,board
2025,wuhan,S07,长沙市湘郡培粹实验中学,逻辑猫猫虫,郭曌庭|杨邵涵|邓竣壕,0,0,4,701,,,board
2025,wuhan,S08,深圳北理莫斯科大学,教练创业赚大钱，科研当院士，还拿图灵奖,王司晨|颜桉|徐之杰,0,0,3,281,,,board
2025,wuhan,S09,广州华商学院,夏日终曲,陈业勤|罗凯滨|文昊,1,0,2,218,383,,board
2025,wuhan,S10,上海大学,SHU10,吴天宇|张子馨|姜昊言,1,0,2,517,423,,board
2025,wuhan,S11,西安邮电大学,琪露诺带喵喵藜再飞一次,毋至晨|薛昊坤|周剑鑫,1,0,4,626,184,bronze,board
2025,wuhan,S12,江西财经大学,三人驭六丸,钟明皓|周君|詹宇飞,1,0,1,267,441,,board
2025,wuhan,S13,山东科技大学济南校区,脑花钢印,王谦益|徐丞昱|左子恒,0,0,2,324,,,board
2025,wuhan,S14,湖北第二师范学院,yyyzh123不想单身一辈子,贺宇杰|余子晗|陈仕钰,1,0,1,74,429,,board
2025,wuhan,S15,牛客竞赛,三妖精say ya巨好听！,司马晨,0,0,4,626,,,board
2025,wuhan,S16,来追梦信息学,来追梦-齐国芒果小分队,黄再浥|陈人杰|陈代康,0,0,2,263,,,board
2025,chengdu,F02,阿坝师范学院,Echo,唐鹏|唐杰|蒋东军,1,0,2,191,312,,board
2025,chengdu,F26,安徽大学,众梦之聚,周宇轩|姚锐|许钧剑,1,0,4,676,210,,board
2025,chengdu,D43,北京城市学院,DreamFire,党金鹏|姜耀东|张依林,1,0,3,226,228,,board
2025,chengdu,A39,北京大学,能不能想一个队名,胡一凡|杨博|金浩贤,1,0,10,1203,8,gold,board
2025,chengdu,E46,北京大学,蒟蒻排队,史皓嘉|鲜博宇|袁浩为,1,0,10,1478,12,gold,board
2025,chengdu,C20,北京大学,没队名,张恒毅|李铭乐洋|翟锦程,1,0,10,1230,9,gold,board
2025,chengdu,B25,北京大学,飞带不长队,方心童|蒋承佑|郑钧,1,0,10,1093,3,gold,board
2025,chengdu,D09,北京工业大学,相信奇迹,王辉|曲晟|李济帆,1,0,2,297,318,,board
2025,chengdu,F14,北京航空航天大学,北航三院急诊科,杭洋|李墨之|邹广健,1,0,9,1286,21,gold,board
2025,chengdu,C28,北京航空航天大学,蒋小军,蒋槟阳|董和军|王大禹,1,0,9,1057,16,gold,board
2025,chengdu,A05,北京航空航天大学,天铸币,龚锦勋|李博琛|徐宏烯,1,0,7,728,46,silver,board
2025,chengdu,E16,北京化工大学,挑灯问梦,范力烨|江浩|周好,1,0,2,88,290,,board
2025,chengdu,D26,北京化工大学,拔雪寻春,刘卓凡|张弘弛|叶鼎豪,1,0,3,545,276,,board
2025,chengdu,E11,北京交通大学,三指针,刘孟哲|王云瑜|李禹澎,1,0,3,417,265,,board
2025,chengdu,A42,北京交通大学,不是我喜欢的罚时，直接无视,宋杲行|张恩崎|陈昊廷,1,0,5,622,120,bronze,board
2025,chengdu,C14,北京理工大学,不要rua我喵,章一沛|冯靖轩|项俊杰,1,0,5,1145,149,bronze,board
2025,chengdu,D42,北京理工大学,木叶三忍,陈家辉|王煜皓|邵子鸣,1,0,7,1013,56,silver,board
2025,chengdu,A57,北京理工大学,编程小纵队,李旭邦|张之杰|刘逸彬,1,0,3,178,220,,board
2025,chengdu,B46,北京理工大学,哈基米哦南北绿豆啊西嘎哈呀库,梁思源|彭田栩|郑润哲,1,0,6,635,72,silver,board
2025,chengdu,A19,北京林业大学,创4我算了,付耀刚|周欣潼|张秉鸿,1,0,4,355,161,bronze,board
2025,chengdu,C36,北京林业大学,助力六级听力全队,陈昊然|应旭东|黄泽升,1,0,3,188,222,,board
2025,chengdu,D31,北京师范大学,何以AC,黄梓杰|王嘉炜|陈尧森,1,0,3,327,248,,board
2025,chengdu,A25,北京邮电大学,RE冒号0,马廷良|吴宗阳|周一鸣,1,0,3,424,267,,board
2025,chengdu,D30,北京邮电大学,注意力涣散导致的,梁浩然|周弋然|王晨阳,1,0,3,248,236,,board
2025,chengdu,C21,北京邮电大学,吃堡饱队,金旭一|单一凡|吴优,1,0,6,1191,101,bronze,board
2025,chengdu,E22,北京邮电大学,天绫绫地宁宁,秦维斌|谢楠|徐慕政,1,0,6,486,67,silver,board
2025,chengdu,F16,成都大学,妹相随～黑白世界的缤纷冒险～,万名森|冉天祺|赵嘉源,1,0,5,780,135,bronze,board
2025,chengdu,B44,成都东软学院,小马宝莉不会在遇见彩虹之前使用士力架脉动回来,吴庭信|王俊喆|陈一夫,1,0,3,617,278,,board
2025,chengdu,D07,成都理工大学,国际漫游,刘俊|陈宇枫|杨轩宇,1,0,5,635,122,bronze,board
2025,chengdu,C47,成都信息工程大学,冷焰,陈帅|袁铭远|王浩然,1,0,3,247,235,,board
2025,chengdu,D13,成都信息工程大学,冰冷帝企鹅,刘雨葳|林莫豪|秦朝超,1,0,6,836,90,silver,board
2025,chengdu,A35,大连海事大学,偶然相遇Acceptism,任品豪|梅宇涵|石俊锋,1,0,3,291,243,,board
2025,chengdu,E17,大连理工大学,我将点燃大海,金晟|蒋佳炀|时佳骏,1,0,5,858,142,bronze,board
2025,chengdu,A44,大连理工大学,大连理工四队,汪瀚声|吴胤祺|孟家祺,1,0,6,760,81,silver,board
2025,chengdu,A53,电子科技大学中山学院,超级卡比呆猫在ICPC现场推广错误贪心,谭昊|徐子希|雷旻屹,1,0,4,539,187,bronze,board
2025,chengdu,D41,东北大学,东北大学_盐焗酱肘子&红烧果粒橙,陈志诚|张俊城|李心言,1,0,3,349,255,,board
2025,chengdu,A63,东北大学,东北大学_氕氘氚氦氖氩氪氙氡鿫,施禛祾|吴皓天|李天宇,1,0,4,495,177,bronze,board
2025,chengdu,B48,东北大学,东北大学_魔法霰弹,李卓恒|袁家铭|秦子溪,1,0,5,502,109,bronze,board
2025,chengdu,C44,东北大学,东北大学_俊杰粉丝团,谢天石|张佳栋|苏焜,1,0,10,1268,11,gold,board
2025,chengdu,E28,东北大学秦皇岛分校,最澄澈的空与海,张昱东|王若翔|张裕博,1,0,8,1229,40,silver,board
2025,chengdu,A12,东北大学秦皇岛分校,Fire Bird,邓逸飞|尹瀚磊|段俊宏,1,0,7,656,44,silver,board
2025,chengdu,B03,东北大学秦皇岛分校,三日凌空,肖轲闻|刘峻畅|冯阳阳,1,0,8,1119,36,silver,board
2025,chengdu,D47,东北师范大学,队长没睡醒所以训练取消了,林律融|潘可欣|李超平,1,0,4,473,173,bronze,board
2025,chengdu,F32,东莞理工学院,加训大队,梁展榕|张宇铭|罗企翔,1,0,2,142,306,,board
2025,chengdu,B64,东华大学,猫尾草,刘一杰|占宏|詹子涵,1,0,3,291,243,,board
2025,chengdu,E25,东南大学,打CPC打的↑↓,汪骏宇|张一林|陈乐扬,1,0,4,512,181,bronze,board
2025,chengdu,C17,东南大学,三个入机,袁铭泽|孔维霄|吴泽宇,1,0,3,353,258,,board
2025,chengdu,C11,福建理工大学,fjoi我爱你,林舜华|颜嘉民|邹连晟,1,0,6,717,76,silver,board
2025,chengdu,C01,福州大学,我说等我启动完就乱杀了你们耳朵龙吗,游逸晨|林陈邦|王镜翔,1,0,7,1294,64,silver,board
2025,chengdu,E30,福州大学,风雪夜归人,饶凯辰|官瑜|肖羽石,1,0,4,572,194,,board
2025,chengdu,F44,福州大学,世末歌者,郎易恒|方林升|王盛明,1,0,6,718,77,silver,board
2025,chengdu,C19,复旦大学,三棱镜,潘梓睿|戴承皓|杨辰浩,1,0,8,1040,35,silver,board
2025,chengdu,E39,复旦大学,使题来袭╭(╯ε╰)╮AC力场全开,陈佳鹏|阚子淳|徐子恩,1,0,10,1121,4,gold,board
2025,chengdu,C02,广东工业大学,无限随机,许圣坤|何炜华|吴小鹏,1,0,3,233,229,,board
2025,chengdu,A30,广东工业大学,qwq,廖家健|冯天翔|欧俊希,1,0,5,634,121,bronze,board
2025,chengdu,E06,广东工业大学,打ACM导致的,庞翔|杨子弘|林正,1,0,10,1200,7,gold,board
2025,chengdu,F15,广东培正学院,我们要2打3了,沈亦鱼|黄铭锋|潘旗舰,1,0,3,782,280,,board
2025,chengdu,A14,广东外语外贸大学,竹杖芒鞋轻胜马,黄健琛|梁志鹏|陈紫名,1,0,2,119,299,,board
2025,chengdu,D22,广西大学,队名WA2了,郑毅|杜永坤|陈君屹,1,0,3,421,266,,board
2025,chengdu,C49,广州大学,无条件相信草神,杨逍|王承宇|谢宇峰,1,0,3,243,232,,board
2025,chengdu,A07,贵州大学,ITZY,宋超|杨尚卫|覃思越,1,0,3,323,247,,board
2025,chengdu,C40,国防科技大学,暂时不知道叫什么,彭轩昂|彭诚|习逸晗,1,0,4,538,186,bronze,board
2025,chengdu,B54,国防科技大学,再让我A一道,张航耀|左智文|刘景毅,1,0,6,872,95,silver,board
2025,chengdu,D34,哈尔滨工程大学,不故障机器人使用创造性AI创造WA,李泽东|徐子煊|张艺凡,1,0,3,352,257,,board
2025,chengdu,A18,哈尔滨工程大学,队里只有一只二刺猿所以起名还是问fufu吧¿,赵艺凯|李焱冉|万德俊,1,0,3,210,225,,board
2025,chengdu,E50,哈尔滨工业大学,北风与秋水,朱峰|王羽婷|谢书泱,1,0,6,612,70,silver,board
2025,chengdu,B06,哈尔滨工业大学,睡到自然醒,曾浩锐|任相龙|徐明拯,1,0,5,706,129,bronze,board
2025,chengdu,A36,哈尔滨工业大学,想成为人类,许岩|王君迈|姜郑康,1,0,5,526,111,bronze,board
2025,chengdu,A20,哈尔滨工业大学（深圳）,潜水小怪,孙宇开|羊柯伍|梁彬,1,0,6,613,71,silver,board
2025,chengdu,B21,哈尔滨工业大学（深圳）,哈气五小时,曹鹏宇|曹锦程|高俊垚,1,0,8,930,31,gold,board
2025,chengdu,A22,哈尔滨工业大学（威海）,"∀ a ∈ {X, Y, Z}, count_S(a) ≥ 2",李昕烨|郑尊文|许展翔,1,0,3,166,218,,board
2025,chengdu,C45,哈尔滨工业大学（威海）,"WA,AC!",孙云起|尹瀚铭|王尧中,1,0,4,595,199,,board
2025,chengdu,E12,哈尔滨工业大学（威海）,为帅气毕业老学长征婚QQ搜“莱芜贝克汉姆”,龙禺辰|吴昊亮|李义朋,1,0,8,956,32,gold,board
2025,chengdu,B01,杭州电子科技大学,杭电11队,张裼旭|黄昊|李俊达,1,0,4,364,162,bronze,board
2025,chengdu,D49,杭州电子科技大学,杭电8队,陈旭|陈瀚锐|罗立诚,1,0,4,211,150,bronze,board
2025,chengdu,F35,杭州电子科技大学,杭电3队,王佳栋|吴启航|王远涛,1,0,4,280,153,bronze,board
2025,chengdu,A51,杭州电子科技大学,杭电2队,乐星宇|张雨泽|王秉杭,1,0,6,764,82,silver,board
2025,chengdu,D33,杭州师范大学,哈哈请冷静,乔迪|冷题名|黄祺恺,1,0,5,827,139,bronze,board
2025,chengdu,E05,杭州师范大学,散落飘零,邓量|潘铖棋|詹伟,1,0,3,290,242,,board
2025,chengdu,A24,杭州师范大学,楚庾风月,张俊涛|徐浩哲|戴子晟,1,0,5,661,124,bronze,board
2025,chengdu,A38,合肥大学,A npc,陈源|田思洋|胡畔然,1,0,2,533,320,,board
2025,chengdu,F46,合肥工业大学,二进制算法研究,王熠辉|程云哲|张麒麟,1,0,5,763,131,bronze,board
2025,chengdu,A62,河北工程大学,喵喵喵,郭圳涛|王宇乐|孙伟昊,1,0,5,978,146,bronze,board
2025,chengdu,B55,河北工业大学,不需要 ap 和 aj，需要 ac,朱宸岐|杜凌文|张天铄,1,0,3,281,241,,board
2025,chengdu,C15,河北师范大学,黎明微光,袁凯鑫|桂晟航|黄信坚,1,0,3,395,263,,board
2025,chengdu,E44,河海大学,LGBTQIPKDXUSACM,马王丰|肖爱伦|林煜斌,1,0,3,138,216,,board
2025,chengdu,C46,河海大学,落英缤纷之期,陈培印|谭炜烨|邵然,1,0,3,489,275,,board
2025,chengdu,B37,河南大学,不协和音程,曹家宁|孙小文|罗施达,1,0,4,312,154,bronze,board
2025,chengdu,B32,河南理工大学,河狸诸葛亮,常曜璘|蒲叶|张荣昌,1,0,2,53,282,,board
2025,chengdu,D40,河南农业大学,不搞抽象了,许博文|赵嘉驰|张云博,1,0,6,813,87,silver,board
2025,chengdu,E48,河南师范大学,循环线段树,侯炳旭|吴帅甫|曹继喆,1,0,5,673,126,bronze,board
2025,chengdu,C34,黑龙江大学,地灵殿刷铁机,倪子钧|连振翔|朱赛容,1,0,2,143,308,,board
2025,chengdu,F40,湖北工业大学,备用机位,周奕昊|张哲|祝浩,1,0,3,245,234,,board
2025,chengdu,B59,湖南大学,样例过不交样例不过交样例过一半不交一半样例不过一半交一半,许斌洋|叶如桐|陈宏,1,0,4,763,211,,board
2025,chengdu,D21,湖南大学,凌空摘星,刘博文|朱潇庸|陈梵,1,0,5,484,107,bronze,board
2025,chengdu,A47,湖南科技大学,驾长车，踏破贺兰山缺,黄家兴|梁涵|彭璟焱,1,0,4,519,183,bronze,board
2025,chengdu,E24,湖南理工学院,君不见高堂评测悲全WA,费峥宇|陈天好|林卫昱,1,0,5,1086,148,bronze,board
2025,chengdu,A29,华北电力大学（保定）,四个二带双王,梁朝阳|武献宇|戴炜轩,1,0,5,883,143,bronze,board
2025,chengdu,F42,华东理工大学,的泛因特隆隆,张勉|孙启翔|贾正坤,1,0,3,198,224,,board
2025,chengdu,B09,华东理工大学,通海湖裸泳君,何昀羲|张语瞳|张智宇,1,0,4,365,163,bronze,board
2025,chengdu,D05,华东师范大学,"mex {fe, cu, ag}",刘俊毅|严之皓|王江扬,1,0,7,727,45,silver,board
2025,chengdu,B15,华东师范大学,去有风的地方,江楠|单敏杰|杜霖,1,0,6,744,79,silver,board
2025,chengdu,A21,华南理工大学,再次鼓起丧失的勇气,马成均|邵弈|欧天毅,1,0,6,683,75,silver,board
2025,chengdu,B52,华南理工大学,树上猫猫虫,王思哲|刘兆宇|刘俊祺,1,0,4,403,169,bronze,board
2025,chengdu,F08,华南理工大学,Fast Fast TLE,吴挺宇|甘景贤|吴尚鸿,1,0,5,569,118,bronze,board
2025,chengdu,A33,华南农业大学,沉粥侧畔蟑螂过,温雨佳|钟志轩|钱志远,1,0,3,194,223,,board
2025,chengdu,B16,华南农业大学,想队名这种事情不要啊,陈伟鹏|刘晓宇|辛运滋,1,0,2,101,296,,board
2025,chengdu,F38,华南师范大学,烧烤一下队名,梁敏豪|呙荸帏|李寿炜,1,0,4,518,182,bronze,board
2025,chengdu,C33,华南师范大学,过了样例就算对,丁林|曾翔|何文标,1,0,2,140,305,,board
2025,chengdu,B58,华南师范大学,区间合并,陈华昊|蓝子童|林昊,1,0,3,355,259,,board
2025,chengdu,D32,华中科技大学,哈斯特气气,万仁杰|李东豪|黄国栋,1,0,5,731,130,bronze,board
2025,chengdu,B29,华中科技大学,哈斯特坐牢领域大神,杨逸轩|潘裕洲|武琪峻,1,0,5,356,102,bronze,board
2025,chengdu,E14,华中科技大学,长夜杯空,万睿朋|李鑫|邓本永,1,0,8,881,30,gold,board
2025,chengdu,A26,华中科技大学,长歌,潘喆|向恩泽|冯元宁,1,0,6,943,97,bronze,board
2025,chengdu,F22,华中农业大学,憧憬成为AC大帝,刘睿哲|阮崇轩|赵俊杰,1,0,2,84,287,,board
2025,chengdu,D28,华中师范大学,人生何处不青山,赵毅|项思语|余成鸣,1,0,3,483,274,,board
2025,chengdu,D45,吉利学院,吉利太美,罗志豪|何正|严嘉诚,1,0,3,347,254,,board
2025,chengdu,F28,吉林大学,夏日空调幻想时刻,周浩宇|朱明昊|王福峥,1,0,4,558,192,bronze,board
2025,chengdu,B07,吉林大学,栈深不知处,毛胜超|王星皓|石津豪,1,0,5,539,114,bronze,board
2025,chengdu,C25,集美大学,不断闪回,刘烨冬|韩斌|李清域,1,0,3,475,273,,board
2025,chengdu,F01,暨南大学,麻辣火锅涮白切鸡,黄一帆|郭志翔|王星钱,1,0,6,1004,100,bronze,board
2025,chengdu,E32,江南大学,受不了了！变成哈基米！哈气 提交 WA 炸毛,周辰屹|幸峻毅|周俊恺,1,0,4,344,158,bronze,board
2025,chengdu,B41,江苏大学,ujs1,蒋立冲|杨润楷|戴亦丁,1,0,3,296,245,,board
2025,chengdu,E45,江西财经大学,魂殿十天尊——瑞杰,李鑫|肖俊杰|张瑞杰,1,0,4,529,184,bronze,board
2025,chengdu,E47,江西理工大学,江理1队,罗健|华振峰|钟伟,1,0,4,484,174,bronze,board
2025,chengdu,D10,江西农业大学,领航者,刘圣丰|江柏霖|吴楚扬,1,0,5,671,125,bronze,board
2025,chengdu,F13,江西师范大学,I have no idea.,杨加航|陈泽帆|王诗琳,1,0,2,99,295,,board
2025,chengdu,D08,昆山杜克大学,要一个队名,成秉翰|冯昊扬|Bilol Abdilxayev,1,0,5,833,140,bronze,board
2025,chengdu,F34,兰州大学,B站关注桃乐思Dorothy谢谢喵,张远哲|叶皓|黄秋宁,1,0,2,268,317,,board
2025,chengdu,B19,兰州大学,得陇望蜀,张皓然|万全|马良,1,0,5,776,133,bronze,board
2025,chengdu,F50,乐山师范学院,与你相恋到生命尽头,李沐翰|陈曦|曾绍武,1,0,2,58,283,,board
2025,chengdu,B60,丽水学院,月相人生,杨楠|孙愉超|江安煜,1,0,4,390,168,bronze,board
2025,chengdu,B51,鲁东大学,三只珍妮,孙健强|袁正杰|李俊锋,1,0,3,376,261,,board
2025,chengdu,E33,南昌大学,我不想当WA学弟,汪宇翔|梁锦超|谢星航,1,0,3,131,215,,board
2025,chengdu,E21,南方科技大学,南方科技大学-拉基,易楚曦|陈恺桉|蒲韦坤,1,0,9,1355,23,gold,board
2025,chengdu,D23,南方科技大学,南方科技大学-奥斯陆,姜奕豪|叶翰邦|张祺宇,1,0,8,1175,39,silver,board
2025,chengdu,C07,南方科技大学,南方科技大学-巴库,王泰翔|殷铭轩|李佳霖,1,0,8,1267,42,silver,board
2025,chengdu,F21,南京大学,Never break;,李冠辰|范成|李响,1,0,7,806,48,silver,board
2025,chengdu,B27,南京大学,CS-408,叶昱圻|刘玉琢|黄亮,1,0,8,872,29,gold,board
2025,chengdu,A16,南京大学,点银成金,陈哲敏|李方泽|熊俊淇,1,0,8,1250,41,silver,board
2025,chengdu,C10,南京大学,呢喃得了mvp,王意诚|卢泰烨|荣恒嬉,1,0,8,833,28,gold,board
2025,chengdu,A40,南京工业大学,AC一题就算win,张伯衡|蔡家豪|胡成超,1,0,2,90,291,,board
2025,chengdu,B33,南京航空航天大学,星群,徐皓|明昇|李立星,1,0,4,505,178,bronze,board
2025,chengdu,C42,南京航空航天大学,逸群之彦,王煜文|郑策|何东泽,1,0,4,506,179,bronze,board
2025,chengdu,A64,南京航空航天大学,XML,任衍硕|邵嘉奇|张鑫雨,1,0,7,1149,61,silver,board
2025,chengdu,E15,南京航空航天大学,空悲切,胡昊天|赵乐坤|匡显然,1,0,8,976,33,silver,board
2025,chengdu,D25,南京理工大学,彩虹猫猫头,刘一欢|冯宇杰|吴东来,1,0,6,837,91,silver,board
2025,chengdu,F17,南京理工大学,样例过了就是过,吴可泓|薄闻乐|杨炫,1,0,3,239,230,,board
2025,chengdu,C50,南京理工大学,做题一定要AC,刘宇|高昂|王玉毅,1,0,6,743,78,silver,board
2025,chengdu,E01,南京师范大学,队伍名字,张昊宇|华博文|朱禹丞,1,0,3,663,279,,board
2025,chengdu,F19,南京信息工程大学,旧梦新章,刘阳元|边上策|魏天佑,1,0,5,541,115,bronze,board
2025,chengdu,C39,南京信息工程大学,异世界编程使者,王欣悦|姜钟珩|陈东,1,0,5,846,141,bronze,board
2025,chengdu,E03,南京信息工程大学,今天也是随机做题的一天,余天成|李鸿硕|刘城垚,1,0,4,653,203,,board
2025,chengdu,B63,南京邮电大学,圆头耄耋,张艺翀|陈昊泽|阚文博,1,0,2,120,300,,board
2025,chengdu,E09,南京邮电大学,要开始了哟,江明轩|李树泓|徐文韬,1,0,3,330,249,,board
2025,chengdu,C29,南京邮电大学,何意味,赵聿祺|王普立|崔晨曦,1,0,7,872,52,silver,board
2025,chengdu,F39,南开大学,数智省身_在此输入队名,王重阳|谢北宸|陈家锐,1,0,5,679,127,bronze,board
2025,chengdu,B45,南开大学,数智省身_难开题开题难,陈彦兴|张宇墨|何闻硕,1,0,6,472,66,silver,board
2025,chengdu,A08,南开大学,数智省身_早早早,谭易|母焯行|郁卓阳,1,0,3,84,213,,board
2025,chengdu,D36,南阳理工学院,所谓月色,张雷鸣|杨利恒|姜良超,1,0,2,121,301,,board
2025,chengdu,D04,宁波大学,骨钉斩奎隆,金施成|刘洁|赵晨翔,1,0,3,176,219,,board
2025,chengdu,E27,齐鲁工业大学,我再也不搞抽象了QAQ,刘迅阁|李乐瑶|刘鑫雨,1,0,2,95,293,,board
2025,chengdu,C26,青岛大学,AC for the rise of QDU,王毅翔|温瑞波|何亚汀,1,0,3,408,264,,board
2025,chengdu,D27,清华大学,有标号带花树计数,汪直方|黄思远|林卓铖,1,0,9,1402,24,gold,board
2025,chengdu,B34,清华大学,零基础新生 1 队,徐骁扬|刘海峰|陈诺,1,0,11,983,1,gold,board
2025,chengdu,C37,清华大学,击中月亮,程思元|魏佳泽|戚朗瑞,1,0,10,1157,6,gold,board
2025,chengdu,E37,清华大学,罚时小队,李春进|华羽帆|孙梓皓,1,0,9,1037,15,gold,board
2025,chengdu,F12,泉州师范学院,0123456789,王嘉铭|阳捷|崔韩磊,1,0,2,94,292,,board
2025,chengdu,D11,厦门大学,随机增量,杨晟明|戴思杰|季裕杰,1,0,8,1135,38,silver,board
2025,chengdu,B42,厦门大学,闪光春日影,邹品聪|栾英石|李林泽,1,0,7,815,50,silver,board
2025,chengdu,D50,厦门理工学院,优秀素质,洪世炜|周子峰|张子漠,1,0,7,1060,59,silver,board
2025,chengdu,A27,山东大学,芝士队名,王路阳|王政骁|吴一豪,1,0,5,798,136,bronze,board
2025,chengdu,E26,山东大学,wa自动机,吴思宁|杨卓|宋佳奇,1,0,4,448,172,bronze,board
2025,chengdu,F31,山东大学,应用随机过程,李玉庭|王源鑫|苏岳,1,0,7,1059,58,silver,board
2025,chengdu,B35,山东大学,SDU-ENG,钟以楠|陈方航|刘智豪,1,0,9,1149,18,gold,board
2025,chengdu,D37,山东大学（威海）,會有成都賽站也會有金牌 但是mcggvc可能要問問何事,陆柯旭|童延|张胜熙,1,0,6,847,92,silver,board
2025,chengdu,B11,山东科技大学,亚特兰蒂斯号,李卓航|张高鸣|郭一鸣,1,0,2,139,303,,board
2025,chengdu,B62,山东理工大学,我是天选，也是唯一,梁嘉坤|张龙庆|王一铭,1,0,5,530,112,bronze,board
2025,chengdu,E36,山东师范大学,爆零就去玩原神,李佳恒|吕俊东|孙智毅,1,0,6,870,93,silver,board
2025,chengdu,A46,上海大学,退火随机模拟,奚闻宣|郭瑞晟|李哲楷,1,0,4,371,164,bronze,board
2025,chengdu,E43,上海大学,对对对,潘子扬|聂冬亮|吴宇辉,1,0,4,595,199,,board
2025,chengdu,B04,上海大学,全做不队,郭懿涵|陈亦善|赵文宇,1,0,3,183,221,,board
2025,chengdu,F37,上海大学,我们仍未知道那天金牌题的做法,焦艺峰|蔡轩|董晨阳,1,0,4,578,196,,board
2025,chengdu,C08,上海电力大学,Extends Pavilion of Hidden Xia,林奕恒|徐思睿|杨逸凡,1,0,3,344,253,,board
2025,chengdu,A58,上海交通大学,霞染长空,黄佳瑞|钱智煊|林乐逍,1,0,10,1122,5,gold,board
2025,chengdu,C24,上海交通大学,夏日影,刘家宁|朱泽木|冯启豫,1,0,11,1008,2,gold,board
2025,chengdu,D14,上海科技大学,惊天大涅槃,居然|王旻昊|杨子烆,1,0,5,686,128,bronze,board
2025,chengdu,B02,上海科技大学,羽生萌萌香鱼子酱,李承熙|陶孜铖|黄扬铭,1,0,6,926,96,silver,board
2025,chengdu,C27,上海理工大学,距离2026年全国硕士研究生招生考试还有55天,张皓宇|董柯演|章振杰,1,0,6,523,68,silver,board
2025,chengdu,B31,上海纽约大学,小男娘,张书恺|Martin Khachatryan|蒋毅成,1,0,4,507,180,bronze,board
2025,chengdu,E20,上海师范大学,不会线性基的数学队,李嘉晟|王俊涵|刘恒刚,1,0,3,549,277,,board
2025,chengdu,E02,深圳大学,起名真是难,赵昱棠|杨哲|黄一展,1,0,3,267,238,,board
2025,chengdu,D20,深圳大学,扣1生成队名,邹文博|陈昂雄|杨毅博,1,0,3,255,237,,board
2025,chengdu,F09,深圳大学,躺赢狗,岑健锋|熊鑫辉|张楠,1,0,4,316,155,bronze,board
2025,chengdu,C18,深圳技术大学,SZTU_未闻WA名,伊轩文|罗星辉|武家辉,1,0,4,661,204,,board
2025,chengdu,E13,四川大学,loveless,吴卓航|潘运胜|刘雨彤,1,0,4,593,198,,board
2025,chengdu,A17,四川大学,你们在干什么喵？在罚时喵！补药罚我时喵！,赵勇哲|邓雍|晏然,1,0,7,964,55,silver,board
2025,chengdu,F20,四川大学,OG-C,吴卓琦|黄奕浩|江来,1,0,5,509,110,bronze,board
2025,chengdu,A55,四川农业大学,我们有铁牌,唐源泉|聂宇豪|陈俊炜,1,0,2,75,284,,board
2025,chengdu,D15,四川师范大学,交一发就交一发,林诗淇|王梓|林桐,1,0,2,104,297,,board
2025,chengdu,A37,苏州大学,憧憬学会STL,周子尧|李宇杰|范宇辰,1,0,3,116,214,,board
2025,chengdu,B61,苏州大学,WA了十发后终于TLE了,黎子卿|田浦汛|成嘉益,1,0,3,269,239,,board
2025,chengdu,C12,台州学院,让我们ac吧，我们什么都会做的,吴文龙|高汪杨|蔡涵彬,1,0,3,244,233,,board
2025,chengdu,A06,天津大学,北洋水师pro max ultra ti,韦德敏|刘清源|张纪同,1,0,4,539,187,bronze,board
2025,chengdu,C31,天津大学,WA不哇塞,赵文瑞|陈文韬|张文正,1,0,4,373,165,bronze,board
2025,chengdu,B22,天津大学,WA自动机,郭智柯|丁浩然|曾瑞,1,0,4,425,170,bronze,board
2025,chengdu,E10,天津工业大学,祥子帮帮写,周浩|章若晨|水博翔,1,0,4,383,166,bronze,board
2025,chengdu,B17,同济大学,重生之不可以总司令,韩昊苏|宋瑞|武煦,1,0,4,346,160,bronze,board
2025,chengdu,A09,同济大学,Non-Trivial TLE,许思源|潘越|上官思洋,1,0,5,537,113,bronze,board
2025,chengdu,B56,武汉大学,ACMX4869,魏俊涛|杨锦熙|戴天奕,1,0,4,328,156,bronze,board
2025,chengdu,F47,武汉大学,哇多麼好的機會啊,吴悠|文质彬|肖涵卓,1,0,5,498,108,bronze,board
2025,chengdu,A04,武汉大学,永恒的武汉大学,李致远|田子轶|赵天星,1,0,2,52,281,,board
2025,chengdu,E04,武汉大学,队名长度小于0,苏泓宇|胡文锦|李王城,1,0,9,1061,17,gold,board
2025,chengdu,A13,武汉纺织大学,扣一送金牌,曾繁昊|孙嘉麒|朱佳伟,1,0,2,87,289,,board
2025,chengdu,C16,武汉工程大学,宿命天成命中败,廖圣羽|汤宇辉|李浩东,1,0,4,576,195,,board
2025,chengdu,E18,武汉科技大学,漫步AC,刘思瑜|许良彬|周炜皓,1,0,2,139,303,,board
2025,chengdu,C38,武汉理工大学,武理最速WA传说,徐炳戌|郭逸非|吴一铭,1,0,3,441,270,,board
2025,chengdu,B50,武汉理工大学,WA出三室一厅,罗韬|倪锋|杨发通,1,0,3,315,246,,board
2025,chengdu,F29,武汉理工大学,爱抖露码死他,李晨|俞烨宸|李意峰,1,0,4,344,158,bronze,board
2025,chengdu,B53,西安电子科技大学,无色透明,杨润彬|卢宇欣|李聿垲,1,0,7,1457,65,silver,board
2025,chengdu,D03,西安电子科技大学,咖啡馆的贴贴物语,邹文定|洪健力|王翼天,1,0,7,1173,63,silver,board
2025,chengdu,C32,西安交通大学,这是一个ACM队,陈骏翔|张未艾|王奕尧,1,0,6,818,88,silver,board
2025,chengdu,F23,西安交通大学,锦筝叹,胡辰同|钟宇|李牧远,1,0,7,1154,62,silver,board
2025,chengdu,A50,西安交通大学,今日澄,刘欣楠|杨润轩|杨一帆,1,0,7,827,51,silver,board
2025,chengdu,D02,西安理工大学,风与天空,周杨|齐思远|李明泽,1,0,3,218,226,,board
2025,chengdu,F30,西安邮电大学,三带一对,罗浩|宫梓涵|赵旭东,1,0,4,637,201,,board
2025,chengdu,E07,西北大学,忆月葬雪,安俊杰|顾舜天|蒋宏烨,1,0,6,640,73,silver,board
2025,chengdu,D38,西北工业大学,学1维数组写2次剩余运行4次得8个警告16个错误余32根头发,陈玟|吴天烨|涂思亮,1,0,5,954,145,bronze,board
2025,chengdu,F43,西北工业大学,呼神护卫,万梓宸|魏子尧|刘骐铭,1,0,3,218,226,,board
2025,chengdu,A10,西北工业大学,众神眷恋的幻想乡,邵嘉豪|王彦淞|郭知宇,1,0,5,800,137,bronze,board
2025,chengdu,B12,西北工业大学,D.D.D.,武守恒|吴语|严诚治,1,0,8,1038,34,silver,board
2025,chengdu,F04,西北农林科技大学,三只羊,邓雅议|陈青泽|刘书瑞,1,0,2,330,319,,board
2025,chengdu,B14,西湖大学,轰炸机数学学院,贾岚晴|王宇涵|武子宸,1,0,6,793,85,silver,board
2025,chengdu,A45,西湖大学,拼尽全力无法战胜AI,楼鑫浩|钱欣宇|周扬帆,1,0,8,1437,43,silver,board
2025,chengdu,A23,西华大学,高处不胜寒,朱俊豪|银敏皓|税小红,1,0,2,205,313,,board
2025,chengdu,D18,西华大学,X-ray,先江涛|吴祖厅|熊伟,1,0,2,148,309,,board
2025,chengdu,B49,西华师范大学,云烟成雨，晴霁无理,熊细鸿|陈龙骏|曹荣智,1,0,3,331,250,,board
2025,chengdu,B10,西南财经大学,愿此行，终抵final,刘彻|祝亚辉|蒋思翔,1,0,4,484,174,bronze,board
2025,chengdu,F11,西南财经大学,柳浪湾流浪汉,董翼恺|雷雨豪|黄俊尧,1,0,3,239,230,,board
2025,chengdu,C48,西南大学,星海,李尹棋|蒋天逸|李倬君,1,0,4,669,209,,board
2025,chengdu,D01,西南交通大学,最终回合,苏永康|丁昱|顾兴哲,1,0,4,256,151,bronze,board
2025,chengdu,E38,西南科技大学,飘零之剑,杜嘉瑜|石申圆|陈阳,1,0,4,563,193,,board
2025,chengdu,F45,西南民族大学,十一月的肖邦,王睿琦|汪子豪|刘家豪,1,0,2,252,315,,board
2025,chengdu,C35,西南民族大学,桀桀桀,李汶航|陈子川|滕召宇,1,0,2,226,314,,board
2025,chengdu,A01,西南石油大学,海百合海底譚,罗赐曦|龚云飞|霍奂鑫,1,0,3,427,269,,board
2025,chengdu,B28,香港城市大学（东莞）,"让我们说中文，欢迎来到ICPC的世界，
你准备好成为ICPC传奇了吗？",郭旺乐|李冉曦|袁庚麒,1,0,4,662,205,,board
2025,chengdu,B26,香港科技大学（广州）,临时组队,钟嘉宸|王语诺|吴星智,1,0,4,428,171,bronze,board
2025,chengdu,D29,香港科技大学（广州）,ICPC速通队,王海彬|张子涵|司徒子瑄,1,0,4,640,202,,board
2025,chengdu,D06,香港理工大学,何意味,卢昱辰|钱旻灏|张兆和,1,0,5,644,123,bronze,board
2025,chengdu,B20,香港中文大学,無腦開吃,黄梓谦|黄文礼|Poonyapat Sriroth,1,0,6,955,98,bronze,board
2025,chengdu,E34,香港中文大学,别笑，你来你也过不了test 2,张天瀚|姜宣丞|朱睿正,1,0,9,1513,25,gold,board
2025,chengdu,F41,湘潭大学,加我微信请排队,王文渊|邹泽林|黄明广,1,0,4,662,205,,board
2025,chengdu,A54,湘潭大学,可爱柚子厨,邹瑞|黄文乐|逯锦湘,1,0,3,364,260,,board
2025,chengdu,F10,新疆大学,最后一舞,刘宇轩|黄梓峰|邱开崟,1,0,3,442,271,,board
2025,chengdu,D24,信息工程大学,花生可,黄颂凯|李鸣铭|王瑞雪,1,0,3,280,240,,board
2025,chengdu,D16,云南大学,安卓思维,周志昊|高凌豪|毕洲铭,1,0,5,464,106,bronze,board
2025,chengdu,E29,长安大学,重生之憧憬成为菜狗,蒙禹龙|冯瀚文|龙炜枫,1,0,4,331,157,bronze,board
2025,chengdu,E19,长春理工大学,wrss说出门在外要保护好自己,李佳阳|满统勋|何宇航,1,0,2,105,298,,board
2025,chengdu,B36,长沙理工大学,美好的事可不可以发生在我身上,向超|葛邵云|刘培,1,0,3,334,251,,board
2025,chengdu,F25,长沙理工大学,揭开记忆的帷幕，激起往昔的涟漪,陈师贤|赵翰熙|沈彬宇,1,0,7,814,49,silver,board
2025,chengdu,C13,浙大城市学院,二三四,宋珂鑫|林盛|许航杰,1,0,5,566,117,bronze,board
2025,chengdu,A02,浙大宁波理工学院,仿生小猫会遇见电子阿雅吗？,刘佳乐|丁智宇|叶仲豪,1,0,3,147,217,,board
2025,chengdu,B08,浙大宁波理工学院,最后的机会,宋欣远|虞琦|涂荣基,1,0,5,805,138,bronze,board
2025,chengdu,F36,浙江财经大学,零基础但不是零,林帮吉|蒋文昊|王浩名,1,0,2,121,301,,board
2025,chengdu,A56,浙江大学,吃你家大米,张驰|李俊睿|盛宝宝,1,0,7,872,52,silver,board
2025,chengdu,B47,浙江大学,假如像他一样语文 130,张涵硕|毛艺婷|姜圻圣,1,0,8,777,26,gold,board
2025,chengdu,E42,浙江大学,幻想时刻,张厚华|朱睿哲|柯怀俊,1,0,9,1272,19,gold,board
2025,chengdu,D17,浙江大学,十发罚时,万弘|徐锐扬|吴与伦,1,0,9,975,13,gold,board
2025,chengdu,B30,浙江工商大学,男生ACM单字极品ID,姚益浩|丁豪|邬博丞,1,0,6,871,94,silver,board
2025,chengdu,A48,浙江工商大学,迷迭香_fan,沈士渊|魏嘉豪|徐晨阳,1,0,6,1003,99,bronze,board
2025,chengdu,A43,浙江工业大学,ZJUT8,吕天玉|卜凡|程煜泽,1,0,4,488,176,bronze,board
2025,chengdu,A11,浙江工业大学之江学院,做博丽灵梦谈古明地恋睡古明地觉,徐锐|钱嘉炜|肖方涛,1,0,4,668,208,,board
2025,chengdu,B23,浙江科技大学,djwcb,孙以恒|范思哲|徐林灿,1,0,5,444,104,bronze,board
2025,chengdu,C22,浙江理工大学,sadasd,郭轩宇|王一韬|崔家超,1,0,2,187,310,,board
2025,chengdu,A34,浙江理工大学,三个方块人一台戏,邱方正|汪明|汤宇涛,1,0,4,533,185,bronze,board
2025,chengdu,D44,浙江农林大学,计算练习生,赵利泺|徐凯杭|熊奕炫,1,0,2,85,288,,board
2025,chengdu,C30,浙江农林大学,天河圣芒斩,任益超|朱冠霖|陈柳,1,0,6,744,79,silver,board
2025,chengdu,F27,浙江师范大学,不是我喜欢的题目，直接哈气,李侑轩|刘彦博|黄玉景,1,0,4,386,167,bronze,board
2025,chengdu,C41,浙江师范大学,我将以猫形态出击 Gundam Cat,兰博望|余健原|周雨星,1,0,5,1010,147,bronze,board
2025,chengdu,A15,浙江师范大学,姜还是老的辣知道不,刘思源|童培峻|许凯胤,1,0,7,1114,60,silver,board
2025,chengdu,F07,浙江万里学院,轮回之糸,张宇帆|关天泽|江若妍,1,0,3,340,252,,board
2025,chengdu,E08,郑州大学,你不笑，我笑,程申夫|刘开阳|郭易哲,1,0,3,452,272,,board
2025,chengdu,A41,郑州轻工业大学,二分最优解,夏高祥|栗闫恒|姬孟龙,1,0,4,584,197,,board
2025,chengdu,D19,中北大学,天文学家摘鑫鑫,孙天赐|关清文|程伯文,1,0,2,75,284,,board
2025,chengdu,E23,中国传媒大学,风滚金轮草,谢嘉彤|蔡奕麟|龙岑华,1,0,6,799,86,silver,board
2025,chengdu,A52,中国传媒大学,葬送的acmer与香辛料,李善朔|余逸阳|赵俊凯,1,0,5,548,116,bronze,board
2025,chengdu,A49,中国地质大学（北京）,当太阳升起时就把罚时忘掉,夏冬|许桥飞|刘雨澈,1,0,4,664,207,,board
2025,chengdu,B39,中国地质大学（武汉）,不可思议之国的爱丽丝正在梦游仙境,陈学海|李诏天|毛郅皓,1,0,4,257,152,bronze,board
2025,chengdu,C04,中国计量大学,兄弟，我还想拿牌,曹炳涛|何劭弘|吴仁钘,1,0,4,774,212,,board
2025,chengdu,B18,中国科学技术大学,25时，美食广场见。,赵星宇|陈聆祎|谈天,1,0,6,564,69,silver,board
2025,chengdu,F49,中国科学技术大学,6,蔡敦行|许傲施|王歆喆,1,0,6,764,82,silver,board
2025,chengdu,A28,中国科学技术大学,无垠,韩尚格|王怡钧|赖浩宸,1,0,9,975,13,gold,board
2025,chengdu,E49,中国科学技术大学,铜铜铜sahur,范宇祺|孙志浩|梁嘉文,1,0,10,1264,10,gold,board
2025,chengdu,E40,中国科学院大学,健康的人类要冲出太阳系,王煜阳|郑兴|潘世钊,1,0,6,665,74,silver,board
2025,chengdu,B40,中国科学院大学,月落天白,石曜铭|吕安哲|尤俊翔,1,0,5,463,105,bronze,board
2025,chengdu,B38,中国矿业大学,中文队名不太会取的队,严川浙|周博岩|周天翊,1,0,3,425,268,,board
2025,chengdu,F05,中国民航大学,四渡赤水2.0,王璟鸿|崔凌宵|颜一鸣,1,0,7,784,47,silver,board
2025,chengdu,F48,中国农业大学,CAU_CiAllo University,杨维昊|桑浩翔|王曦田,1,0,5,389,103,bronze,board
2025,chengdu,A61,中国人民大学,异步并行队,胡博玮|曾翎一|夏维汉,1,0,2,265,316,,board
2025,chengdu,B24,中国人民大学,1+1,晏艺桓|房子珈|孙奕豪,1,0,8,1124,37,silver,board
2025,chengdu,A31,中国石油大学（华东）,UPC2011,赵海威|杨帮兴|郝铭宇,1,0,4,553,191,bronze,board
2025,chengdu,C05,中国石油大学（华东）,UPC1969,刘亚宁|杨立鑫|王亚飞,1,0,6,787,84,silver,board
2025,chengdu,D48,中国石油大学（华东）,UPC1953,刘志恒|黄阔|钱智昊,1,0,5,768,132,bronze,board
2025,chengdu,B13,中南大学,听说有原石领我就来了,张亦凡|袁尉峰|李定一,1,0,3,349,255,,board
2025,chengdu,E41,中南大学,老司机带带我,吴子健|朱芝毅|林宇煌,1,0,4,545,190,bronze,board
2025,chengdu,F06,中南大学,你抚琵琶奏琴弦,文启智|刘鸣晓|叶楷,1,0,7,1049,57,silver,board
2025,chengdu,E31,中南林业科技大学,考研也要打XCPC,李逢浩|吴梦瑶|周子未,1,0,3,387,262,,board
2025,chengdu,D39,中山大学,中山大学-2333er,高祖伟|刘翔乐|高艺桐,1,0,9,1285,20,gold,board
2025,chengdu,C23,中山大学,中山大学-三驱兄弟,张宸睿|周睿韬|张益晟,1,0,9,1346,22,gold,board
2025,chengdu,A03,中山大学,中山大学-无限天堂,邱恺铭|李昊洲|韩冠东,1,0,8,811,27,gold,board
2025,chengdu,F33,中山大学,中山大学-打铁旅游,肖淇|吴明禹|苏律硕,1,0,7,949,54,silver,board
2025,chengdu,C06,重庆城市科技学院,哈基米哟南北绿豆,刘英凯|吴广平|董铮,1,0,5,776,133,bronze,board
2025,chengdu,A32,重庆大学,小AC找妈妈,刘佳庆|焦耀天|沈祺昊,1,0,2,142,306,,board
2025,chengdu,C43,重庆大学,AAA在线AK,康懿骢|侯楠|童昊昱,1,0,2,75,284,,board
2025,chengdu,F18,重庆工程学院,布鲁粉丝团,张翔|胡鑫昊|向黎华,1,0,5,926,144,bronze,board
2025,chengdu,F03,重庆科技大学,午后的茶时间,廖章昊|代一|程琪淋,1,0,4,539,187,bronze,board
2025,chengdu,B05,重庆理工大学,弈,许润峰|雷涛|江帅霖,1,0,6,826,89,silver,board
2025,chengdu,C09,重庆移通学院,願いが叶う場所,李德立|漆林虎|詹毅涵,1,0,5,615,119,bronze,board
2025,chengdu,A59,重庆邮电大学,憧憬成为ACM高手,王磊铭|李永康|张志学,1,0,2,190,311,,board
2025,chengdu,D46,重庆邮电大学,蓝桥杯猫之队,刘永奇|杨杰|曾海红,1,0,2,96,294,,board
2025,chengdu,F24,华为技术有限公司,华为云遥遥领先,林维博|何柱|蒋仕彪,0,0,9,1371,,,board
2025,chengdu,D12,华为技术有限公司,huawei_哈基米奇王,刘宸睿|周湘阳|喻鹏云,0,0,8,853,,,board
2025,chengdu,E35,华为技术有限公司,三只烧鹅,吴董超|陈俊铭|张能,0,0,5,819,,,board
2025,chengdu,B57,四川省成都市第七中学,那头粉丝团,张力文|彭粟远|古皓羽,0,0,7,1092,,,board
2025,chengdu,C03,四川省成都市第七中学,挖原石,张逸弛|雷子晋|刘奕成,0,0,4,390,,,board
2025,chengdu,D35,四川省成都市第七中学,我怎么一道题也不会,黄宬玮|程翊宸|余文博,0,0,8,788,,,board
2025,chengdu,A60,代码源,CF 皇帝,杜瑜皓|蒋凌宇|许淇文,0,0,13,1521,,,board
2025,chengdu,B43,见泷原中学校,魔法少女重制版,朱铖昊|郝益民|胡佳金,0,0,7,716,,,board
2025,hongkong,A01,Wuhan University,Thank you Bing Zhang,Shangyuan Liu|Zhenyu Yuan|Yang Hong,1,0,3,337,37,silver,board
2025,hongkong,A02,Guangxi University,Harukanaru Gensokyo,Jianming Zhang|Kang Tao|Yixiang Sun,1,0,3,562,53,bronze,board
2025,hongkong,A03,Qilu University Of Technology,add uuz to your qq group meow thank you meow,Zirui Yang|Zhanyuan Guo|Chenwei Zhang,1,0,2,225,74,bronze,board
2025,hongkong,A04,Hong Kong Olympiad in Informatics,HKOI 1,Mak Chun Hin Ivan|Choy Tsz Chai Berton|Lai Hong Tung Honrich,0,0,4,530,,,board
2025,hongkong,A05,Hohai University,ln 7/b,Peiyin Chen|Ran Shao|Weiye Tan,1,0,3,563,54,bronze,board
2025,hongkong,A06,Xidian University,Cute Cat Dad,Qi Gao|Siyu Xue|Ziqian Gu,1,0,1,55,124,,board
2025,hongkong,A07,Chongqing College of Mobile Communication,Courage,Deli Li|Yihan Zhan|Qing'an Lu,1,0,3,602,56,bronze,board
2025,hongkong,A08,Dalian Maritime University,Aleatory Acceptism of Encounter,Pinhao Ren|Yuhan Mei|Junfeng Shi,1,0,2,278,77,bronze,board
2025,hongkong,A09,Nanjing University of Posts and Telecommunications,manbo and hajimi,Le'an Hu|Puli Wang|Xiaoliang Tian,1,0,4,674,27,silver,board
2025,hongkong,A10,Hong Kong University of Science and Technology,HKUST1,Taimas Korganbayev|Mukhammadarif Sakhmoldin|Raiymbek Baishuak,1,0,3,538,51,bronze,board
2025,hongkong,B01,"Harbin Institute of Technology, Weihai",Be AKed by ICPC,Bowen Li|Yanyu Cui|Jiahao Liu,1,0,1,18,103,,board
2025,hongkong,B02,JiangNan University,Taboo Laevatein,Wanli Dong|Hongbo Zhao|Jikai Wu,1,0,2,69,62,bronze,board
2025,hongkong,B03,Beihang University,lemonade factory,Hejun Dong|Dayu Wang|Binyang Jiang,1,0,5,495,13,gold,board
2025,hongkong,B04,Pui Ching Middle School,gugugaga,NG Hang Chi|WANG Ziyan|TO Chak Seng,0,0,3,234,,,board
2025,hongkong,B05,"The Chinese University of Hong Kong, Shenzhen",Mynoghra,Mofei Zhou|Jianian Chen|Zecheng Wang,1,0,6,679,5,gold,board
2025,hongkong,B06,Shandong University,Icecream!,Yangyang Mao|Shaoqing Liu|Jiahao Hou,1,0,1,11,94,,board
2025,hongkong,B07,Beijing University of Technology,robust driver,Zhenyue Chen|Xianglong Qi|Jinhe Zhang,1,0,1,13,100,,board
2025,hongkong,B08,Neusoft Institute Guangdong,noircloud,Zihan Zhu|Linfeng Huang|Weitian Huang,1,0,1,11,94,,board
2025,hongkong,B09,Renmin University of China,1+1,Yihuan Yan|Zijia Fang|Yihao Sun,1,0,4,362,19,silver,board
2025,hongkong,B10,New Mongol Institute of Technology,I-ACE,Amarsaikhan Badamragchaa|Chingunjav Ariuntur|Enkhbaatar Bayarsaikhan,1,0,1,41,120,,board
2025,hongkong,C01,University of Electronic Science and Technology of China,UESTC_lyc_fan_club,Zhelin Zhou|Chengyao Zhao|Mingjun Xu,1,0,4,536,22,silver,board
2025,hongkong,C02,Nanjing University,Anohana,Ruimin Zhang|Yukuan Zhu|Zida Chen,1,0,5,535,15,silver,board
2025,hongkong,C03,University of Macau,nxVPCP 'or'1'='1,LAO UN|Chan U Hun|ZHOU ZI MO,1,0,1,32,112,,board
2025,hongkong,C04,Wuhan Institute of Technology,998244353,Jiaxin Li|Yaqi Wang|Yangjing Wang,1,0,1,39,117,,board
2025,hongkong,C05,National University of Mongolia,NUM-NTN,Naranbat Munkherdene|Tamir Jamiyangarav|Aldarjaw Naranbaatar,1,0,3,404,42,bronze,board
2025,hongkong,C06,The Chinese University of Hong Kong,no brain just nom nom nom,Wong Tsz Him|Wong Man Pai Angus|Poonyapat Sriroth,1,0,4,677,28,silver,board
2025,hongkong,C07,Southwest University of Science and Technology,two-thirds,Shilu Liu|Yan Zhong|Han Ke,1,0,3,237,31,silver,board
2025,hongkong,C08,Southwest Jiaotong University,Explosion!,Junhao Liu|Xinke Li|Yida Chen,1,0,3,323,36,silver,board
2025,hongkong,C09,Northeastern University at Qinhuangdao,Don't Hack Me,Yifei Zhu|Xiaoquan Chen|Xingkai Zhao,1,0,2,151,67,bronze,board
2025,hongkong,C10,Shanghai Jiao Tong University,Stella Primus,Chongye Yang|Junyi Li|Xingxun Tang,1,0,8,1348,3,gold,board
2025,hongkong,D01,SouthWestern University of Finance and Economics,May this voyage culminate in the Final,Sixiang Jiang|Che Liu|Yahui Zhu,1,0,3,469,45,bronze,board
2025,hongkong,D02,Dalian University of Technology,Back Seaing,Zixiang Feng|Xizhe Wu|Fangyu Bu,1,0,3,531,50,bronze,board
2025,hongkong,D03,The Hong Kong University of Science and Technology (Guangzhou),"Fear WA, all in implementation",Xiangqian Wang|Hao Luo|Wenhao Chu,1,0,5,378,11,gold,board
2025,hongkong,D04,Fuzhou University,Russian Roulette,Jiapeng Huang|Yushi Xiao|Renjie Zhang,1,0,3,317,35,silver,board
2025,hongkong,D05,Hong Kong Baptist University,UU Accelerator,Xujing Zhang|Wuyou Yin|Jiang Meng,1,0,1,10,92,,board
2025,hongkong,D06,Zhejiang Gongshang University,Rosmontis_Fan,Shiyuan Shen|Jiahao Wei|Chenyang Xu,1,0,3,446,44,bronze,board
2025,hongkong,D07,Chengdu University of Information Technology,One pull one hit,Can Ji|Yile Li|Yuxin Wang,1,0,3,338,38,silver,board
2025,hongkong,D08,Guangzhou University,Hajimi,Xuan Li|Haojun Zhou|Shanghua Yang,1,0,3,378,40,bronze,board
2025,hongkong,D09,Shanghai University,SegFault Maigo,Xiahong Liu|Shiyi Zhang|Yanchao Min,1,0,1,34,114,,board
2025,hongkong,D10,Tiangong University,Greedy is all about guessing,Yilin Han|Yifan Wu|Shengyuan Yao,1,0,1,9,90,,board
2025,hongkong,E01,Hong Kong Olympiad in Informatics,HKOI 3,Tan Jian Lang|Yang Chun Kit|Wong Cheuk Kiu,0,0,2,297,,,board
2025,hongkong,E02,Shandong University of Technology,Respawn of entropy,Chao Liu|Jun Zhang|Ye Yuan,1,0,2,243,75,bronze,board
2025,hongkong,E03,Xiamen University Tan Kah Kee College,Ordinary.exe,Shuo Sun|Zixiang Zhuo|Junhua Huang,1,0,3,477,46,bronze,board
2025,hongkong,E04,Sichuan University,Wanting to learn Ai,Chaohang Feng|Xiangyu Cai|Yi Chen,1,0,3,602,56,bronze,board
2025,hongkong,E05,Fujian Normal University,Mooncross in Mistweave,Shengmo Ouyang|Dagan Xu|Aoyu Zhou,1,0,1,15,102,,board
2025,hongkong,E06,South China Agricultural University,3 ap = 1band = 1 life?,Weijie Tan|Qianbiao Yan|Gang Chen,1,0,2,306,81,,board
2025,hongkong,E07,South China Normal University,All the way south,Haowei Yu|Chenghua Zhu|Xiangkang Zeng,1,0,2,379,86,,board
2025,hongkong,E08,Hong Kong Olympiad in Informatics,HKOI 4,Cheung Kin Sun|Chan Cary Sirui|Lung Ping Him,0,0,1,11,,,board
2025,hongkong,E09,Jinggangshan University,Phoenix,Qiong Wang|Wenyuan Yang|Bowei Chen,1,0,3,256,32,silver,board
2025,hongkong,E10,Harbin Engineering University,go valorant esacpe delta dance,Xinkai Zhao|Jiangji Sun|Liren Yan,1,0,3,610,58,bronze,board
2025,hongkong,F01,South China University of Technology,SCUT Chireden,Liyao Zheng|Haolang Yuan|Hongyi Chen,1,0,3,402,41,bronze,board
2025,hongkong,F02,City University of Hong Kong,Feel the Russian Style,Gizatullin Timur|Demidov Ilia|Evstafev Andrei,1,0,2,173,71,bronze,board
2025,hongkong,F03,Huazhong University of Science and Technology,Aren't Slacking Off,Jize Guo|Lingkai Li|Jiayi Zhao,1,0,2,410,89,,board
2025,hongkong,F04,North China University of Science and Technology,No-Panic Doubao Pro,Yanqian Chen|Yuning Chen|Wenzheng Feng,1,0,2,380,87,,board
2025,hongkong,F05,National University of Mongolia,N^3,Dugarjantsan Bilguun|Dalaitseren Ganbold|Bilguun Erkhembayar,1,0,3,230,30,silver,board
2025,hongkong,F06,North University of China,Just AC,Canyang Liu|Jionghao Tan|Wenbo Chen,1,0,1,11,94,,board
2025,hongkong,F07,"China University of Geosciences, Beijing",Little Foodie Loves Penalty Time,Hongyu Niu|Yuxiang Ye|Junning Teng,1,0,2,171,70,bronze,board
2025,hongkong,F08,GuangDong Polytechnic Normal University,GPNU-Awei,Yufan Huang|Weisen Li|Zhengzhu Chen,1,0,2,351,84,,board
2025,hongkong,F09,Hong Kong Polytechnic University,Without Sky,Hansong Sun|Xiangyu Meng|Ziqian Lin,1,0,3,588,55,bronze,board
2025,hongkong,F10,Zhongshan (Sun Yat-sen) University,SYSU_Fate of Waves,Yuyang He|Liwei Yang|Ruilin Qin,1,0,5,894,18,silver,board
2025,hongkong,G01,Tsinghua University,HFOI2018,Qingliang Ou|Ruijie He|Yibin Luo,1,0,5,838,17,silver,board
2025,hongkong,G02,Duke Kunshan University,zufang,Zi Hu|Houmin Sun|Tianjun Yuan,1,0,2,120,63,bronze,board
2025,hongkong,G03,Central South University of Forestry and Technology,threenoobs,Junjie Xiao|Qizheng Sun|Wenjie He,1,0,1,12,99,,board
2025,hongkong,G04,City University of Hong Kong,Pure 2025,Yachao Yan|Liyou Gao|Zichong Deng,1,0,2,127,66,bronze,board
2025,hongkong,G05,Chongqing University of Posts and Telecommunications,Array of Cqupt Monkeys,Yujie Feng|Xinyu Lin|Weijie Wang,1,0,1,11,94,,board
2025,hongkong,G06,The University of Hong Kong,Hot Kpop Union,Qixuan Li|Yuchen Wu|Mingfei Xia,1,0,6,785,7,gold,board
2025,hongkong,G07,China University of Petroleum-Beijing at Karamay,Good Luck！,Yuxian Dong|Boya Liang|Dongsheng Liu,1,0,1,33,113,,board
2025,hongkong,G08,Xiamen University of Technology,Nice Nature,Shiwei Hong|Zimo Zhang,1,0,6,764,6,gold,board
2025,hongkong,G09,Harbin Institute of Technology,CQOI Flames,Peijian Du|Zhijian Fang|Junsen Lei,1,0,7,1082,4,gold,board
2025,hongkong,G10,Hefei University of Technology at Xuancheng,Naming is so HARD!,Bozhao Feng|Oulu Yu|Jiuhe Ma,1,0,2,333,82,,board
2025,hongkong,H01,Tongji University,example pass=AC,Zijian Zheng|Chengwei Zhang|Shuangnan Deng,1,0,4,541,23,silver,board
2025,hongkong,H02,Wuchang Shouyi University,GreedyIsTruth,Longfei Tang|Minghui Li|Jingyun Gao,1,0,3,405,43,bronze,board
2025,hongkong,H03,Nanyang Institute of Technology,wawawawa...,Chenxian Song|Jikang Ren|Hanxu Yao,1,0,1,40,118,,board
2025,hongkong,H04,Hou Kong Middle School,DengDuck Masters Club,TANG Cheng Hou|HUANG Kam Lam|AO Keng Chio,0,0,3,475,,,board
2025,hongkong,H05,Southern University of Science and Technology,SUSTech-Lyaki,Chuxi Yi|Weikun Pu|Kai'an Chen,1,0,6,829,9,gold,board
2025,hongkong,H06,Zhejiang Normal University,Untitled_Dream,Lin Yang|Rui Shen|Hai Cao,1,0,1,9,90,,board
2025,hongkong,H07,Mongolian University of Science and Technology,sict3,Munkhtur MUNKHBAGANA|Purevdorj TSERENPUNTSAG|Purev-Ochir BILGUUNTUGULDUR,1,0,1,41,120,,board
2025,hongkong,H08,Hou Kong Middle School,Universum,CHOI Sai Chi|CHEN Chio Cheong|WONG Chi Pang,0,0,1,26,,,board
2025,hongkong,H09,Guangdong University of Technology,GDUT_darkseek,Yifeng Tan|Wu Cai|Guohua Lai,1,0,2,303,80,,board
2025,hongkong,H10,Heilongjiang University,Elite Conscripts,Enpei He|Ziqiang Xin|Quanhong Wei,1,0,2,339,83,,board
2025,hongkong,I01,Henan Normal University,Little sheep,Haowen Yan|Tiandian Xie|Keke Yin,1,0,1,21,107,,board
2025,hongkong,I02,Sichuan Agricultural University,we are iron,Ya'ao Jiang|Xin Li|Ge Diao,1,0,3,495,47,bronze,board
2025,hongkong,I03,Central China Normal University,T34-Gray,Mengqian Liu|Jingxin Yang|Yachen Peng,1,0,3,774,61,bronze,board
2025,hongkong,I04,Wuyi University,The Doctor's team and there ape-man captain,Kaixiang Feng|Shengxi Li|Dacong Huang,1,0,1,20,105,,board
2025,hongkong,I05,Chengdu University,nia~nia~nia~ciallo~,Jiyuan Chen|Fansheng Zhang|Bing Huang,1,0,3,552,52,bronze,board
2025,hongkong,I06,Jilin University,The Defect,Zhihang Yu|Pengxu Chen|Zibo Xu,1,0,6,804,8,gold,board
2025,hongkong,I07,Shandong University of Science and Technology,SKD 45167,Te'er Zhang|Xuehui Xu|Jitao Zhu,1,0,1,31,110,,board
2025,hongkong,I08,Zhejiang SCI-TECH University,Last Final,Hongyi Chen|Jiahui Tao|Shunyu Wang,1,0,3,512,48,bronze,board
2025,hongkong,I09,Shanghai Ocean University,Carrot,Ziheng Zhou|Yuhan Zhou|Tianyou Lv,1,0,1,31,110,,board
2025,hongkong,I10,Hong Kong University of Science and Technology,HKUST5,"Chan Ho Yin|AWADALLA, bdelrahman HossamEldin A. A.|Vu Duy Tung",1,0,2,120,63,bronze,board
2025,hongkong,J01,City University of Hong Kong,Java++3,Chi Yin Cheung|Chunqiun Tsang|Lap Tsun Chan,0,0,1,34,,,board
2025,hongkong,J02,Anhui Normal University,Haibara Ai is Correct,Jushang Xu|Xiang Gao|Tianbao Huo,1,0,2,279,78,bronze,board
2025,hongkong,J03,"Shandong University, Weihai",Wenhua Road East,Zhihang Zhang|Yan Tong|Kexu Lu,1,0,4,557,24,silver,board
2025,hongkong,J04,New York University Shanghai,NYU Shanghai Team 2,Shukai Zhang|Shidong Xu|Yuhang Hou,1,0,1,11,94,,board
2025,hongkong,J05,Fudan University,DeepSleep,Shenghao Zhang|Ruizao Wang|Xiangyu Zhu,1,0,8,932,2,gold,board
2025,hongkong,J06,The Chinese University of Hong Kong,Wine-filled Fishball Pie,Hsieh Chong Ho|Wong Chun|Lu Yi Fung,0,0,6,932,,,board
2025,hongkong,J07,Dongguan University of Technology,Team is Powerful,Hai Huang|Tianshuo Lin|Zhilong Lin,1,0,3,349,39,silver,board
2025,hongkong,J08,Hong Kong Olympiad in Informatics,HKOI 2,Xu Adam|Su Yat Long Rayson|Ho Shun Ngai,0,0,3,324,,,board
2025,hongkong,J09,Wuhan University of Technology,Chuunibyou But ACMers,Jiashang Shi|Xiangyu Yu|Guancheng Lu,1,0,2,122,65,bronze,board
2025,hongkong,J10,Shenzhen University,SZU_OvO,Jianfeng Cen|Xinhui Xiong|Nan Zhang,1,0,1,43,122,,board
2025,hongkong,K01,Tianjin University,^v^,Xiangzhi Zhang|Wenbin Wan|Jiachen Wang,1,0,3,657,59,bronze,board
2025,hongkong,K02,Hangzhou Dianzi University,HDU-T05,Junhao Yang|Zhongtian Xu|Ruicheng Cai,1,0,5,475,12,gold,board
2025,hongkong,K03,Jiangxi Agricultural University,Can't solve it? Nap it away!,Xinyao Huang|Zhengyuan Yu|Haiyu Wang,1,0,1,51,123,,board
2025,hongkong,K04,Huizhou University,Genesis in Hong Kong,Jianmin Xian|Hao Sun|Zhijie Zhong,1,0,3,256,32,silver,board
2025,hongkong,K05,Nankai University,The Affiliated High School of Shanxi University,Yuhui Che|Shu Yang|Zhizhong Wang,1,0,5,724,16,silver,board
2025,hongkong,K06,Chengdu Neusoft University,My Little Pony won't use Snickers before meeting Rainbow Dash,Tingxin Wu|Junzhe Wang|Yifu Chen,1,0,2,152,68,bronze,board
2025,hongkong,K07,Xiangtan University,Hongkong Uncle,Yue Zhuo|Zixi Li|Qingxin Zeng,1,0,4,652,26,silver,board
2025,hongkong,K08,Peking University,Naive Birds,Weicheng Wang|Jianfeng Zhu|Yichen Li,1,0,8,894,1,gold,board
2025,hongkong,K09,Southwest University,SleepToAC,Ziyi Liu|Baitao Zhou|Junsheng Yang,1,0,1,20,105,,board
2025,hongkong,K10,Beijing Normal-Hong Kong Baptist University,Accepted by HKUST,Fangbo Ni|Zefeng Zhao|Menghan Wang,1,0,2,282,79,,board
2025,hongkong,L01,Northwestern Polytechnical University,Little Switty,Keqi Li|Jiahao Zou|Taoyu Zhong,1,0,3,682,60,bronze,board
2025,hongkong,L02,Nanjing University of Aeronautics and Astronautics,blossom of snow,Haotian Hu|Lekun Zhao|Xianran Kuang,1,0,4,383,20,silver,board
2025,hongkong,L03,Hong Kong Polytechnic University,The Midas Touch,Haochen Shi|Jingbo Huang|Teng Xue,1,0,1,36,115,,board
2025,hongkong,L04,Jiangxi University of Finance and Economics,Fondness? Delusion!,Mingchuan Zhong|Junzhe Wan|Yunfei Zhang,1,0,2,265,76,bronze,board
2025,hongkong,L05,Southeast University,Twilight,Yanxu Du|Xi Yan|Tianyi Zhou,1,0,5,507,14,silver,board
2025,hongkong,L06,Chengdu Jincheng College,The last dance of XiaoMo,Yiwei Cheng|Lihao Deng|Xuanyi He,1,0,3,529,49,bronze,board
2025,hongkong,L07,Xi'an University of Posts and Telecommunications,Dreamer without love,Yu Shi|Yiyuan Wu|Xudong Zhao,1,0,2,184,73,bronze,board
2025,hongkong,L08,Guangdong University of Technology Jieyang Campus,ios::sync_with_think(false),Zhiqian Chen|Jintao Chen|Yang Song,1,0,1,19,104,,board
2025,hongkong,L09,Ningbo University of Technology,Zutto Acceptednakade Iinoni.,Jianchun Zheng|Dejian Ye|Nancheng Chen,1,0,1,13,100,,board
2025,hongkong,L10,Taizhou University,Long may the sun shine,Ruoyan Wang|Zhichao Zhang|Yicong Yu,1,0,1,59,125,,board
2025,hongkong,M01,Hebei University of Technology,Mechanical Wings,Ruohao Wang|Zihan Zhao|Wen Huang,1,0,1,40,118,,board
2025,hongkong,M02,Xi'an Jiaotong University,Rinsed to Remote,Ruheng Chen|Jiapeng Yin|Yichen Fang,1,0,6,851,10,gold,board
2025,hongkong,M03,Taiyuan University of Technology,Truly miracle algorithms but no space to write,Xingyu Xu|Sijie Xun|Zhenchen Wang,1,0,1,28,108,,board
2025,hongkong,M04,University of Macau,icy_firefly,Miaoyue Gao|Yue Xi|Rongjia Zhang,1,0,2,157,69,bronze,board
2025,hongkong,M05,Xihua University,XiXi,Haonan Shi|Lanxuan Wu|Xinyang Liu,1,0,2,388,88,,board
2025,hongkong,M06,Jinan University,Byd Fan Club,Zherui Cao|Zhengxin Xie|Chengzhang Pan,1,0,3,223,29,silver,board
2025,hongkong,M07,The University of Hong Kong,Team name ddl today,Mingtian Yang|Jian Luo|Yancheng Liu,1,0,4,638,25,silver,board
2025,hongkong,M08,Shenzhen Technology University,SZTU_developer,Zheng Wang|Jiale Zhang|Rongxin Xu,1,0,2,377,85,,board
2025,hongkong,M09,ShanghaiTech University,WA Deeds Done Dirt Cheap,Xinyu Jiang|Zhaokun Chen|Junchi Wang,1,0,2,182,72,bronze,board
2025,hongkong,M10,Beijing University of Posts and Telecommunications,GNOSIA,Yixuan Tan|Zhibin Xu|Ruilin Xing,1,0,4,499,21,silver,board
2025,hongkong,N01,"Harbin Institute of Technology, Shenzhen",from here,Feiyu Zhao|Yanbo Chen|Yixuan Cai,1,0,3,300,34,silver,board
2025,hongkong,N02,Kunming University of Science and Technology,I All Accepted,Haotian Liu|Kang Li|Yuxiang Lu,1,0,1,37,116,,board
2025,hongkong,N03,Pui Ching Middle School,gagagugu,WONG In Son|CHEONG Sio Fong|LIN Yu Feng,0,0,1,63,,,board
2025,hongkong,N04,City University of Macau,SILVER MINER PRO,Muhan Hao|Mingxu Zhu|Fangyuan Jian,1,0,1,30,109,,board
2025,hongkong,N05,Yangtze University,Dawn,Fangjia Ji|Yan Tong|Wen Ren,1,0,1,10,92,,board
2025,hongkong,N06,Hong Kong Baptist University,HKBU_2,Timur Ten|Feiyi Fang|Jiafu Guo,1,0,1,76,126,,board
2025,xian,team001,阿坝师范学院,南蛮入侵,胡航|冯浩|刘付焮,1,0,3,302,268,,board
2025,xian,team002,北京大学,仨人成行,宋来恒|刘鹏飞|王冠尧,1,0,6,792,51,silver,board
2025,xian,team003,北京大学,不渡轮回,郭羽冲|陈昕阳|沈吉滪,1,0,10,1361,4,gold,board
2025,xian,team004,北京大学,补队,陈果熠|祁亮哲|陈威滔,1,0,8,858,12,gold,board
2025,xian,team005,北京大学,呜呜杂班,蔡立一|李嘉佑|马未然,1,0,9,1249,7,gold,board
2025,xian,team006,北京工业大学,双翼翱翔,刘航奇|王赫|孔翔宇,1,0,2,360,387,,board
2025,xian,team007,北京工业大学,铁牌也是牌,李俊良|江云天|冯际鸣,1,0,6,1083,61,silver,board
2025,xian,team008,北京航空航天大学,你是永远的猫猫虫,华晓飞|孙一弘|沈培森,1,0,6,765,49,silver,board
2025,xian,team009,北京航空航天大学,天铸币,龚锦勋|徐宏烯|李博琛,1,0,7,1105,34,gold,board
2025,xian,team010,北京航空航天大学,我队友得了MVP！,廖俊麟|徐浩然|肖迪睿,1,0,6,762,48,silver,board
2025,xian,team011,北京航空航天大学,双星很难吗？我rks12.66,金厚泽|陈文卓|刘睿知,1,0,7,878,25,gold,board
2025,xian,team012,北京化工大学,牢码队,程泽华|王松浩|伍宸,1,0,2,192,361,,board
2025,xian,team013,北京交通大学,请输入文本,张宸宇|江子俊|王俊宜,1,0,6,842,56,silver,board
2025,xian,team014,北京交通大学,交一发先,刘泽晖|孙宁|王嘉胜,1,0,5,766,120,silver,board
2025,xian,team015,北京科技大学,顽强报名奖,潘涵|姜皓凯|董瑞洋,1,0,5,557,79,silver,board
2025,xian,team016,北京科技大学,浓缩咖啡,康伊德|庞明宇|刘昊明泽,1,0,2,125,347,,board
2025,xian,team017,北京理工大学,编程小纵队,张之杰|刘逸彬|李旭邦,1,0,3,575,315,,board
2025,xian,team018,北京理工大学,Penalty这么高它的意思一定是分数吧,黄康|柯宁皓|张思哲,1,0,9,1631,11,gold,board
2025,xian,team019,北京理工大学,动态树,齐轩宇|邱昌威|张家诚,1,0,5,836,126,bronze,board
2025,xian,team020,北京理工大学,过了样例也不队,王舒晗|邬宇炼|何大鹏,1,0,6,960,59,silver,board
2025,xian,team021,北京理工大学珠海学院,最后一场ICPC可以拿五杀吗,王雅楠|蔡炆沅|杨秋佳,1,0,1,9,392,,board
2025,xian,team022,北京林业大学,小AC找码码,张文乐|张秉鸿|聂纪坤,1,0,3,402,296,,board
2025,xian,team023,北京师范大学,多边狗,姚述军|王思潮|丁余健,1,0,5,738,113,silver,board
2025,xian,team024,北京师范大学,深藏blue,李赫祥|张书林|应志浩,1,0,2,294,377,,board
2025,xian,team025,北京信息科技大学,狗全坏大战张抽，你们知道吗,方梓谦|房承烨|朱默涵,1,0,5,346,63,silver,board
2025,xian,team026,北京邮电大学,此队伍名由AI生成,赵思涵|张鲁豫|蔡芝林,1,0,7,856,24,gold,board
2025,xian,team027,北京邮电大学,邮男之旅,蔡禹煊|冯仁宇|王昰妍,1,0,5,509,71,silver,board
2025,xian,team028,北京邮电大学,我太想进步了,徐嘉晨|黄志阳|蔡佩霖,1,0,7,1269,37,gold,board
2025,xian,team029,成都锦城学院,樱花泪,程义威|何轩逸|邓力豪,1,0,3,288,266,,board
2025,xian,team030,成都理工大学,我嘞个豆豆啊,向坪君|陈家宝|张晨瑀,1,0,5,723,110,silver,board
2025,xian,team031,成都理工大学工程技术学院,你的AC是我唯一的最优解,孔维杰|王泽君|刘灏锃,1,0,2,332,381,,board
2025,xian,team032,成都信息工程大学,冰冷帝企鹅,林莫豪|秦朝超|刘雨葳,1,0,5,673,100,silver,board
2025,xian,team033,成都信息工程大学,GLaUNIX,常旭海|陈礼烨|吴沂谦,1,0,5,619,90,silver,board
2025,xian,team034,大连大学,队名叫什么,郑卫|幸豪|龙鑫雨,1,0,2,156,357,,board
2025,xian,team035,大连海事大学,重生之我是秦始皇在逃兵马俑,王金洋|张文豪|何文韬,1,0,5,601,86,silver,board
2025,xian,team036,大连交通大学,火箭汪汪队,矫金明|周涛|丁留安,1,0,2,139,353,,board
2025,xian,team037,大连理工大学,回答我，xcpc怎么打才队,蒋承峻|蔡卓轩|潘逸涵,1,0,4,396,166,bronze,board
2025,xian,team038,大连理工大学,这么六！,毛祥宇|刘泽轩|钟剑辉,1,0,4,645,221,bronze,board
2025,xian,team039,大连理工大学,逆元,连茗暄|刘博文|刘兆洲,1,0,5,588,83,silver,board
2025,xian,team040,大连理工大学城市学院,击碎黑暗,闫屹伟|高小柯|朱志刚,1,0,2,418,388,,board
2025,xian,team041,电子科技大学,UESTC_______,赵聪|吕东阳|林子豪,1,0,5,689,103,silver,board
2025,xian,team042,电子科技大学,UESTC_EndlessEmbrace,王彬丞|王鹏|余天羽,1,0,6,1110,62,silver,board
2025,xian,team043,电子科技大学,UESTC_封榜后北伐,黄雪锋|晋睿博|丁柏宇,1,0,5,419,67,silver,board
2025,xian,team044,电子科技大学,UESTC_安黛因母鸡卡,胡新奇|李书奇|蒋帅泉,1,0,4,357,160,bronze,board
2025,xian,team045,电子科技大学中山学院,随便做都队,赵英炜|黄潇岳|程旭,1,0,5,676,101,silver,board
2025,xian,team046,东北大学,东北大学_安卓队伍,王啸烽|刘格显|吴封晓,1,0,5,871,131,bronze,board
2025,xian,team047,东北大学,东北大学_此世轮回重启，代码证道成圣！,徐张哲|聂天一|崔正阳,1,0,1,11,395,,board
2025,xian,team048,东北大学,必码温,钟炳毅|王浩旸|唐俊杰,1,0,4,543,198,bronze,board
2025,xian,team049,东北大学,东北大学_哈基米南北绿队,康许宁|王渝迪|康兴锐,1,0,3,390,293,,board
2025,xian,team050,东北大学秦皇岛分校,洛森指针,曾凡一|聂恒|曹耀仁,1,0,3,375,289,,board
2025,xian,team051,东北大学秦皇岛分校,恋的零次方,李昌岳|陈奕晨|杨开元,1,0,5,814,123,bronze,board
2025,xian,team052,东北大学秦皇岛分校,蓦然回首,尚昀飞|陈天文|龚唯涵,1,0,3,257,256,,board
2025,xian,team053,东北师范大学,深度睡眠,张稷穗|赵新睿|缪弘毅,1,0,4,466,180,bronze,board
2025,xian,team054,东北师范大学,运行错误,周文琦|齐昊坤|曹勇麟,1,0,4,228,146,bronze,board
2025,xian,team055,东莞理工学院,两个大佬带我飞,张宇铭|伍孝轩|林航,1,0,2,356,386,,board
2025,xian,team056,东华大学,不可视境界线,杨韵清|沈兴波|金浩帆,1,0,7,925,28,gold,board
2025,xian,team057,东华大学,回忆的书页可以推开噩梦,鲍威凌|张晓高|蔡晋,1,0,4,374,162,bronze,board
2025,xian,team058,东华理工大学,院长说区域赛是省赛不给报销,熊永荣|涂嘉乐|刘志翔,1,0,2,105,338,,board
2025,xian,team059,东南大学,西西弗斯,何辰玮|刘一鸣|王俊迪,1,0,6,647,42,silver,board
2025,xian,team060,东南大学,薄暮冥冥,周天一|颜熙|杜岩旭,1,0,9,1375,10,gold,board
2025,xian,team061,福建理工大学,队友邀请赛打铁了,郑少豪|汤宏彬|周世杰,1,0,4,410,169,bronze,board
2025,xian,team062,福州大学,孤注一掷！,王郑涵|黄佳鹏|蔡永康,1,0,4,589,211,bronze,board
2025,xian,team063,福州大学,让我康康,傅世杰|何顺康|何楚杰,1,0,3,238,248,,board
2025,xian,team064,福州大学,回来吧科比牢大，我最骄傲的信仰,陈泽煦|李子墨|颜荣琛,1,0,4,564,205,bronze,board
2025,xian,team065,阜阳师范大学,金银铜,方鼎|石道成|束明伟,1,0,2,107,339,,board
2025,xian,team066,复旦大学,五行缺金,张勖扬|林诗航|沈子轩,1,0,8,1225,16,gold,board
2025,xian,team067,复旦大学,奶龙的小七,沈高畅|邹丰羽|姚奕,1,0,7,1064,33,gold,board
2025,xian,team068,广东东软学院,我们的目标是铁牌,陈笔政|李寅之|康忠毅,1,0,5,875,132,bronze,board
2025,xian,team069,广东工业大学,GDUT_AC 发电机,何彦憬|郭靖扬|王耀廷,1,0,3,445,302,,board
2025,xian,team070,广东工业大学,呜哇,侯宇鹏|陶齐晖|林鸿永,1,0,3,369,287,,board
2025,xian,team071,广东工业大学,循序渐进,郭敏哲|邱启涵|钟敦复,1,0,5,695,105,silver,board
2025,xian,team072,广东金融学院,阿萨姆奶茶,翁博|陈致昊|林子健,1,0,2,113,343,,board
2025,xian,team073,广东外语外贸大学,最棒的小羊,麦思睿|王祉乔|梁国祥,1,0,3,224,245,,board
2025,xian,team074,广西大学,远航者的幻想乡,张健明|孙怿翔|陶康,1,0,5,911,136,bronze,board
2025,xian,team075,广西民族大学,超级薯条,程远松|石景宝|黄砚咸,1,0,2,108,340,,board
2025,xian,team076,广西师范大学,哇哈哈哈哈哈,陈毅逊|周紫阳|马振涛,1,0,4,423,172,bronze,board
2025,xian,team077,广州大学,西哈诺,陈全隆|潘胜云|郑灵杰,1,0,6,798,53,silver,board
2025,xian,team078,广州软件学院,哈基米哦南北路多,黄智源|陈平俊|陈文定,1,0,2,283,374,,board
2025,xian,team079,国防科技大学,那么这一时刻又有老铁问了,刘杭宇|谢天一|曹思源,1,0,3,650,317,,board
2025,xian,team080,国防科技大学,刷题三天会做AC自动机,彭正圣|马艺洋|杨天鹏,1,0,5,781,122,bronze,board
2025,xian,team081,哈尔滨工程大学,起个人类队名吧球球了,欧阳龙池|李昀轩|郭奕辰,1,0,4,527,194,bronze,board
2025,xian,team082,哈尔滨工业大学,加载中，请稍候,郭健桓|刘靖文|刘明卓,1,0,2,47,321,,board
2025,xian,team083,哈尔滨工业大学,长崎不爽世,杜宇丰|陈信帆|黎子川,1,0,5,766,120,silver,board
2025,xian,team084,哈尔滨工业大学,你有一块真正的金牌吗,郭昕旸|邱思宇|陈泺嘉,1,0,6,829,54,silver,board
2025,xian,team085,哈尔滨工业大学（深圳）,奶龙耄耋Doro合体,樊卓意|李杰|牛志洋,1,0,3,175,241,,board
2025,xian,team086,哈尔滨工业大学（深圳）,潜水小怪,孙宇开|羊柯伍|梁彬,1,0,7,808,21,gold,board
2025,xian,team087,哈尔滨工业大学（威海）,小伙defineintLL就被管家打断腿,詹柏川|卜家骏|郭嘉豪,1,0,5,940,139,bronze,board
2025,xian,team088,哈尔滨工业大学（威海）,教练我不想再WA了,郑怡恒|杜中坤|庄则栋,1,0,3,165,240,bronze,board
2025,xian,team089,哈尔滨理工大学,哈理工04队,谢天城|王芷安|李黛希,1,0,2,128,348,,board
2025,xian,team090,杭州电子科技大学,杭电一队,何卓锟|马文浩|黄光升,1,0,9,890,6,gold,board
2025,xian,team091,杭州电子科技大学,杭电四队,帅嘉洋|刘翔|王麒润,1,0,6,650,43,silver,board
2025,xian,team092,杭州电子科技大学,杭电9队,黄泽彬|金品曦|吴晨涛,1,0,5,598,85,silver,board
2025,xian,team093,杭州电子科技大学,杭电十队,吴宝欣|叶育豪|张王彬,1,0,4,467,181,bronze,board
2025,xian,team094,杭州师范大学,我要对你实行我的AC专属权,葛宇逍|陈宇雯|陈玥汕,1,0,3,343,281,,board
2025,xian,team095,杭州师范大学,超大杯石山完美AC,吴佳鹏|杨兰欣|唐嘉奇,1,0,1,48,397,,board
2025,xian,team096,杭州师范大学,彻月渡清波,黄焰|吴睿萱|王昊琛,1,0,5,402,65,silver,board
2025,xian,team097,杭州师范大学,Welcome,贾宜儒|刘彦冰|穆浩元,1,0,2,291,376,,board
2025,xian,team098,合肥大学,反正能过样例,汝豪杰|瞿康辰|杨帅,1,0,2,51,323,,board
2025,xian,team099,合肥工业大学,二进制算法研究,王熠辉|张麒麟|程云哲,1,0,2,47,321,,board
2025,xian,team100,河北工程大学,七维叉积,姜振坤|张心洋|陈惠强,1,0,2,262,371,,board
2025,xian,team101,河北工业大学,ap与aj相比，我选择ac,朱宸岐|张天铄|杜凌文,1,0,3,447,303,,board
2025,xian,team102,河北师范大学,可燃冰红茶,孙传炜|向清弘|李武,1,0,5,656,95,silver,board
2025,xian,team103,河海大学,如果是勇者辛美尔的话一定会AC的,陈敏树|王涵|金泽楷,1,0,2,99,337,,board
2025,xian,team104,河海大学,25时，在老年皮划艇打铁,张天浩|杜泽恩|江建谕,1,0,5,742,115,silver,board
2025,xian,team105,河南大学,我要睡觉了,田沈聪|李耘辉|胡靖铭,1,0,2,117,345,,board
2025,xian,team106,河南大学,好想玩道德与法治6,范恒嘉|张帆|宋明贤,1,0,4,534,195,bronze,board
2025,xian,team107,河南大学,雨,陈俊峰|刘永斌|朱德良,1,0,3,384,291,,board
2025,xian,team108,河南工业大学,恩,凡亚豪|曹子鹏|远明威,1,0,3,457,307,,board
2025,xian,team109,河南理工大学,呆头呆脑,张科文|宋幸威|张立攀,1,0,5,870,130,bronze,board
2025,xian,team110,河南理工大学,春蝉秋鸣泣之时,李梦洋|马俊超|熊佳乐,1,0,5,524,74,silver,board
2025,xian,team111,河南理工大学,蛋仔派队,赵彪|李博|李子恒,1,0,2,157,358,,board
2025,xian,team112,河南农业大学,请求头,张鹏举|杨光|王浩宇,1,0,3,326,273,,board
2025,xian,team113,河南师范大学,蹦蹦吧,刘资成|赵恒|刚毅,1,0,2,131,350,,board
2025,xian,team114,河南师范大学,铜牌下班,马傲博|吴静轩|赵柯行,1,0,1,12,396,,board
2025,xian,team115,河南师范大学,起个简单点的吧,骆怡娉|许恩铎|荆文超,1,0,4,397,167,bronze,board
2025,xian,team116,湖北第二师范学院,老登首秀给个机会 qwq,贺宇杰|刘俊康|张进,1,0,3,313,270,,board
2025,xian,team117,湖北工业大学,小丑派对,解哲曦|张忆周|梅子恒,1,0,5,750,116,silver,board
2025,xian,team118,湖北工业大学,备用机位,张哲|周奕昊|祝浩,1,0,3,833,320,,board
2025,xian,team119,湖南财政经济学院,死手快敲,张帆|申维聪|阳金波,1,0,3,270,262,,board
2025,xian,team120,湖南大学,蝴蝶穿花,陈明哲|李知夏|萧楚寒,1,0,4,593,215,bronze,board
2025,xian,team121,湖南大学,瓦学弟的打铁之旅,刘继云|邱琼林|蔡芸涛,1,0,4,813,235,bronze,board
2025,xian,team122,湖南大学,白狼,程琅琅|胡琪强|邵子瑞,1,0,1,9,392,,board
2025,xian,team123,湖南科技大学,她不在榜上也不在我身旁,江宇|马思忱|芦建辉,1,0,4,537,196,bronze,board
2025,xian,team124,湖南科技大学,告诉我为什么,旷豪杰|易刚|张帅,1,0,4,849,237,bronze,board
2025,xian,team125,湖南理工学院,COFFEE CODE BUGS,胡岩松|颜文渝|任品玮,1,0,3,370,288,,board
2025,xian,team126,湖南农业大学,会赢的,董振华|李海芬|李南翃,1,0,3,215,244,,board
2025,xian,team127,湖南师范大学,雾之湖,曾磊鑫|钟啸|段天琦,1,0,7,1025,32,gold,board
2025,xian,team128,华北理工大学,梦想成为ICPC高手,于千智|陈焜|林凯,1,0,2,132,351,,board
2025,xian,team129,华东交通大学,真的想不到队名了,章瑜华|张文乾|涂传俊,1,0,5,842,127,bronze,board
2025,xian,team130,华东理工大学,王者,赵迪|宋安迪|王渝情,1,0,3,329,275,,board
2025,xian,team131,华东理工大学,通海湖裸泳君,张语瞳|何昀羲|张智宇,1,0,3,564,314,,board
2025,xian,team132,华东师范大学,combo,王语晴|张博凯|陈泽康,1,0,2,75,325,,board
2025,xian,team133,华东师范大学,河西食堂转生队,刘昕东|沈崇焕|宗乃一,1,0,5,967,142,bronze,board
2025,xian,team134,华东师范大学,至此，一锤定音,冯嘉一|冯顾炜|许乐,1,0,5,532,75,silver,board
2025,xian,team135,华南理工大学,打xcpc不喊我,吕浩天|徐睿|梁立州,1,0,5,416,66,silver,board
2025,xian,team136,华南理工大学,散养走地鸡,陈祖榆|王奕凯|张麟,1,0,4,278,150,bronze,board
2025,xian,team137,华南理工大学,华工十队,王雅恒|黄烁韩|何嘉骅,1,0,7,961,30,gold,board
2025,xian,team138,华南农业大学,开O4应该能过吧,邹炜泉|叶子琦|阮贵鹏,1,0,3,238,248,,board
2025,xian,team139,华南农业大学,比赛没一个醒的,邓皓泽|李炫彰|黄卓铭,1,0,4,564,205,bronze,board
2025,xian,team140,华南师范大学,江南行者,陈育瀚|蔡海鹏|李建新,1,0,5,756,117,silver,board
2025,xian,team141,华侨大学,潜龙腾渊,张伟鹏|韩志军|侯灿坤,1,0,2,118,346,,board
2025,xian,team142,华中科技大学,长夜杯空,李鑫|邓本永|万睿朋,1,0,4,332,157,bronze,board
2025,xian,team143,华中科技大学,棍十六,王子石|郭梓洋|刘嘉恒,1,0,5,494,70,silver,board
2025,xian,team144,华中科技大学,零,刘铖|刘星佳|黄暄骜,1,0,7,826,23,gold,board
2025,xian,team145,华中农业大学,天糖制造,刘泽成|张可凡|王思学,1,0,4,344,158,bronze,board
2025,xian,team146,华中师范大学,麻衣学姐想念ZZZ,王绪毅|邹卓昂|晏维阳,1,0,4,503,190,bronze,board
2025,xian,team147,吉利学院,取名字太难了,王超|张显悦|周杨,1,0,2,354,385,,board
2025,xian,team148,吉林大学,栈深不知处,石津豪|王星皓|毛胜超,1,0,5,604,88,silver,board
2025,xian,team149,吉林大学,终焉夜雨,欧阳承风|席乐媛|唐德睿,1,0,4,391,164,bronze,board
2025,xian,team150,吉林大学,久世浮倾,孔泉智|赵星宇|邱天,1,0,6,630,40,gold,board
2025,xian,team151,吉首大学,今年一定过四级,钟文振|祝江宇|杜英杰,1,0,2,243,368,,board
2025,xian,team152,集美大学,末日的时候在干什么？能不能来帮我ac,刘烨冬|韩斌|李清域,1,0,2,315,378,,board
2025,xian,team153,济南大学,花开之夜,丁浩宇|程明达|肖远志,1,0,7,936,29,gold,board
2025,xian,team154,济南大学,轮回之终末,王孜博|贾甦瑞|李军翰,1,0,2,283,374,,board
2025,xian,team155,暨南大学,卡常的概念神人们,王睿鑫|陈梓宏|周嘉杰,1,0,4,592,214,bronze,board
2025,xian,team156,江汉大学,某暗部的少女共栖,熊振庭|李尧斐|焦子霖,1,0,2,129,349,,board
2025,xian,team157,江南大学,凹嗷奥熬袄,钱逸晗|林彤|洪昱,1,0,3,339,277,,board
2025,xian,team158,江苏大学,耄耋的icpc之旅,杨宇骞|周文杰|杨皓煜,1,0,5,1008,143,bronze,board
2025,xian,team159,江苏海洋大学,好好学习，天天向上,房鸿铭|刘好|孙京权,1,0,2,91,334,,board
2025,xian,team160,江西财经大学,彩虹海,肖丛宇|杨源鑫|喻琰,1,0,3,239,250,,board
2025,xian,team161,江西财经大学,关注哔站复活小聪明谢谢喵,黄亦诚|彭俊杰|李鑫,1,0,4,593,215,bronze,board
2025,xian,team162,江西农业大学,你们的生命不会呐喊吗！,闫卡特|罗宇豪|徐浩东,1,0,3,254,255,,board
2025,xian,team163,江西师范大学,Genshin Impact start,刘家福|龚向阳|罗一鸣,1,0,4,589,211,bronze,board
2025,xian,team164,江西师范大学,WA_on_test_1,杨扬骁|刘俊豪|叶潮辉,1,0,4,274,149,bronze,board
2025,xian,team165,江西师范大学,嘻嘻，我要赢口牙,冯尉旺|徐磊|张志伟,1,0,4,209,145,bronze,board
2025,xian,team166,井冈山大学,涅槃,王琼|杨文源|陈柏伟,1,0,3,380,290,,board
2025,xian,team167,兰州大学,思政大模型,任墨涵|郑宇航|方佳成,1,0,4,493,186,bronze,board
2025,xian,team168,兰州大学,黄河远上白云间,时哲涵|邵逸帆|吴平,1,0,4,802,233,bronze,board
2025,xian,team169,乐山师范学院,与你相恋到生命尽头,曾绍武|陈曦|李沐翰,1,0,4,617,219,bronze,board
2025,xian,team170,辽宁大学,月影宵行,高斐鸿|夏宇杰|庞宇呈,1,0,3,357,286,,board
2025,xian,team171,龙岩学院,打Div.4被扣180分,白宇|黄斌强|黄祥龙,1,0,2,74,324,,board
2025,xian,team172,南昌航空大学,无牌不叫,于峰|邹仁杰|赖剑峰,1,0,3,339,277,,board
2025,xian,team173,南昌理工学院,夏日口袋,毛富豪|曾正基|廖龙浩,1,0,3,488,310,,board
2025,xian,team174,南方科技大学,南方科技大学-哈奇马斯,王惠民|丁哲昊|李滨,1,0,4,421,171,bronze,board
2025,xian,team175,南方科技大学,南方科技大学-连科兰,曾沛宸|张业琛|光熠阳,1,0,6,638,41,silver,board
2025,xian,team176,南方科技大学,南方科技大学-卡拉巴赫,李钰曦|侯宇轩|娄午尘,1,0,6,676,44,silver,board
2025,xian,team177,南华大学,打铁之后打螺丝,刘思凯|羊新旺|彭申奕,1,0,3,389,292,,board
2025,xian,team178,南京大学,随家仓,樊书岩|邓淇|李承泽,1,0,6,789,50,silver,board
2025,xian,team179,南京大学,拂晓之刃,钟佳伦|黄哲轩|张罗亮,1,0,7,887,27,gold,board
2025,xian,team180,南京大学,平流层,陈梓睿|潘谟天|陆华均,1,0,7,806,20,gold,board
2025,xian,team181,南京航空航天大学,0xAC小队,魏钊|王一博|蒋天鹏,1,0,2,114,344,,board
2025,xian,team182,南京航空航天大学,原子牌锅贴,张森睿|池明轩|黄耘青,1,0,4,744,228,bronze,board
2025,xian,team183,南京航空航天大学,哈睦,吕海亮|黄子源|胡弘泰,1,0,5,419,67,silver,board
2025,xian,team184,南京航空航天大学,下班,杨恩祺|顾一帆|张润州,1,0,2,77,327,,board
2025,xian,team185,南京理工大学,啊对对对,金子轩|邓浩宇|凌励,1,0,3,453,305,,board
2025,xian,team186,南京理工大学,天梯赛 136，出击！,陈宇航|许廷阳|谭清海,1,0,4,295,152,bronze,board
2025,xian,team187,南京理工大学,我才不是猫猫头,王承孟|姜岩琦|施政,1,0,4,810,234,bronze,board
2025,xian,team188,南京林业大学,长夜月,唐俊峰|苏锦翔|许子由,1,0,3,268,261,,board
2025,xian,team189,南京农业大学,没有人比我更懂AC,张博轩|黄子琰|魏尧选,1,0,5,928,138,bronze,board
2025,xian,team190,南京农业大学,码到成功,吴雨凡|张贤成|陈锦坤,1,0,4,786,231,bronze,board
2025,xian,team191,南京信息工程大学,冰红茶说的都队,俞卓群|赵彬宏|田轹文,1,0,5,590,84,silver,board
2025,xian,team192,南京邮电大学,Transformer,卫鸿飞|刘君涵|贲振豪,1,0,5,583,81,silver,board
2025,xian,team193,南京邮电大学,故我在,曾援|宋名玮|周希明,1,0,4,589,211,bronze,board
2025,xian,team194,南京邮电大学,AK的芙莉莲,熊鼎|杨珈懿|耿嘉泽,1,0,4,460,179,bronze,board
2025,xian,team195,南京邮电大学,不想打西安站,胡乐安|崔晨曦|赵聿祺,1,0,6,837,55,silver,board
2025,xian,team196,南开大学,数智省身_desuwa,陈馨颍|陈伯远|曲恒睿,1,0,4,479,184,bronze,board
2025,xian,team197,南开大学,数智省身_比起xcpc我更喜欢拿铁,郭军凯|刘沛鑫|廖望,1,0,7,878,25,gold,board
2025,xian,team198,南通大学,复制粘贴,牛小帅|魏炜宸|陈乾,1,0,4,430,174,bronze,board
2025,xian,team199,南阳理工学院,巨大的贡献，巨大的牺牲巨大的carry,叶昱彤|陈泺冰|周硕涵,1,0,4,585,210,bronze,board
2025,xian,team200,南阳理工学院,所谓月色,张雷鸣|姜良超|杨利恒,1,0,3,478,309,,board
2025,xian,team201,南阳理工学院,没事还有另一队,黎鹏翔|夏圣燕|张飞航,1,0,3,418,300,,board
2025,xian,team202,南阳师范学院,比AC多一点的AD钙奶,黄雯建|闵龙隆|王子龙,1,0,3,349,284,,board
2025,xian,team203,宁波大学,时间紧任务重,赵翰韬|黄博翼|汪博,1,0,5,763,118,silver,board
2025,xian,team204,宁波大学,初音未来-纳西妲-芙宁娜第一可爱喵,何沐|杨晨|方梓安,1,0,4,351,159,bronze,board
2025,xian,team205,宁夏大学,季节更替,陈天笑|郑英祺|刘城,1,0,3,556,313,,board
2025,xian,team206,莆田学院,口胡金牌题,许庆华|龚磊|黄佳威,1,0,5,669,99,silver,board
2025,xian,team207,齐鲁工业大学,负重越野,廉昌业|魏文泽|吴斌,1,0,4,397,167,bronze,board
2025,xian,team208,齐鲁工业大学,稻香满径,周金林|王海科|王鹏宇,1,0,2,77,327,,board
2025,xian,team209,青岛农业大学,手写的从前,王科锦|刘世征|张方博,1,0,3,271,264,,board
2025,xian,team210,清华大学,家里蹲,李静榕|仲煦北|史家丞,1,0,10,1254,3,gold,board
2025,xian,team211,清华大学,击中月亮,戚朗瑞|程思元|魏佳泽,1,0,10,1163,2,gold,board
2025,xian,team212,清华大学,能陪我延一辈子的毕吗？,魏辰轩|王思图|陈亮舟,1,0,9,1298,8,gold,board
2025,xian,team213,清华大学,不要再 ultra 了,姚熙|李劲逸|赵英智,1,0,8,994,14,gold,board
2025,xian,team214,三峡大学,WA无涯，AC是岸,吴世恺|冯成宽|吴潇,1,0,5,700,107,silver,board
2025,xian,team215,厦门大学,随机增量,杨晟明|戴思杰|季裕杰,1,0,6,739,47,silver,board
2025,xian,team216,厦门大学,月夜见海月,宋浩元|陈嘉硕|江彦韬,1,0,3,324,271,,board
2025,xian,team217,山东大学,你，去比赛了吧...和我不认识的人一起,危弘毅|孙晨涵|缪若凡,1,0,4,309,153,bronze,board
2025,xian,team218,山东大学,不万元申万的,彭麟翔|荆昱熹|张讯,1,0,5,651,94,silver,board
2025,xian,team219,山东大学,AC是检验真理的唯一标准,庞绍旗|罗浩铭|林怡炜,1,0,5,726,112,silver,board
2025,xian,team220,山东大学（威海）,青春蟒蛇少年不会梦到TLE学姐,刘艺航|刘旸|陈甲申,1,0,4,510,191,bronze,board
2025,xian,team221,山东建筑大学,大明湖水怪,冯振荆|庄文轩|于丁浩,1,0,4,571,208,bronze,board
2025,xian,team222,山东科技大学,柏林号,岳立冬|张一炜|徐熙睿,1,0,5,624,92,silver,board
2025,xian,team223,山东科技大学,兰树号,王世奇|周景然|黄涛,1,0,4,600,217,bronze,board
2025,xian,team224,山东科技大学,鹰号,秦立杰|徐涵煜|杨竣凯,1,0,3,345,282,,board
2025,xian,team225,山东理工大学,千万伏特,李彦硕|姚翰洋|马新皓,1,0,5,603,87,silver,board
2025,xian,team226,山东理工大学,熵减新生,袁烨|张俊|刘超,1,0,4,670,223,bronze,board
2025,xian,team227,山东农业大学,人闲桂花落,郑嘉诚|范鹏|陈文达,1,0,4,621,220,bronze,board
2025,xian,team228,山东师范大学,码跃秦川,喻齐|李浩|王尧,1,0,4,519,192,bronze,board
2025,xian,team229,山东师范大学,爆零就去玩三角洲,刘郑|戴文星|杜彦贞,1,0,2,142,355,,board
2025,xian,team230,山西大学,贪心求过,柳伟康|李奕凡|贺文杰,1,0,3,403,297,,board
2025,xian,team231,陕西科技大学,三世同堂,马凌峰|崔宇乐|何科航,1,0,2,515,390,,board
2025,xian,team232,陕西师范大学,恒卷时刻,张雨涵|毛英灿|勾治华,1,0,3,466,308,,board
2025,xian,team233,陕西师范大学,金牌的美好混乱,王永政|左祖光|陈明坤,1,0,2,262,371,,board
2025,xian,team234,商丘师范学院,一觉睡到优菈复刻,汪明哲|殷华翔|贾易臻,1,0,4,413,170,bronze,board
2025,xian,team235,上海大学,蒟蒻联盟,戴于洋|包嘉旻|陈仕杰,1,0,4,552,202,bronze,board
2025,xian,team236,上海大学,游客分队,乔思远|董晨曦|朱凯文,1,0,2,81,330,,board
2025,xian,team237,上海大学,海鸥,王智翼|王慧行|张静雯,1,0,2,426,389,,board
2025,xian,team238,上海大学,WA物语,邢儒戈|李嘉诚|阮一诚,1,0,3,613,316,,board
2025,xian,team239,上海大学,鼠SHU不想WA,刘洲宏|陈启鸿|尚锦浩,1,0,2,345,384,,board
2025,xian,team240,上海海事大学,放学后 Algorithm Time,顾以为|常缪洋|郑天罡,1,0,3,324,271,,board
2025,xian,team241,上海海洋大学,牢铁传说之陨落的天才,庄勇腾|张华文|杨镇宇,1,0,3,270,262,,board
2025,xian,team242,上海交通大学,夏日影,刘家宁|朱泽木|冯启豫,1,0,10,1019,1,gold,board
2025,xian,team243,上海交通大学,空月之歌,任子杭|周学信|朱一铭,1,0,7,811,22,gold,board
2025,xian,team244,上海科技大学,羽生萌萌香鱼子酱,李承熙|黄扬铭|陶孜铖,1,0,6,690,45,silver,board
2025,xian,team245,上海科技大学,期中时在做什么？有没有空？可以来西安吗？,姜昕宇|王俊篪|陈钊堃,1,0,4,766,230,bronze,board
2025,xian,team246,上海纽约大学,()不是回文,张乐楠|吕和睿|解丰羽,1,0,5,821,124,bronze,board
2025,xian,team247,上海纽约大学,小男娘,陈智谦|刘濮铭|郭凯越,1,0,7,1106,35,gold,board
2025,xian,team248,上海师范大学,不会线性基的数学队,李嘉晟|王俊涵|刘恒刚,1,0,0,0,399,,board
2025,xian,team249,上海应用技术大学,那一天的AC，AC起来,项家挺|毛梓进|王圣涵,1,0,3,332,276,,board
2025,xian,team250,深圳大学,古故菇,林文伟|李晗|李子炫,1,0,4,455,177,bronze,board
2025,xian,team251,深圳大学,青春5d0学姐不会梦见ACM少年,冉起|吴岱琳|徐嘉哲,1,0,4,497,188,bronze,board
2025,xian,team252,深圳技术大学,SZTU_水银之毒,林坚炜|刘俊豪|蔡泽垲,1,0,5,620,91,silver,board
2025,xian,team253,沈阳化工大学,又活一天,罗祥|刘洪运|杨鹏瑞,1,0,2,83,333,,board
2025,xian,team254,沈阳理工大学,不祈者,闻家尉|金礼骁|汤小奕,1,0,3,400,295,,board
2025,xian,team255,沈阳师范大学,今夜，星光灿烂,谌致远|章传亮|朱少泽,1,0,4,458,178,bronze,board
2025,xian,team256,四川大学,球状闪电,韩子睿|林宸|李祉橙,1,0,8,1358,17,gold,board
2025,xian,team257,四川大学,重生之全都能做队,唐文可|张翰辰|王凯睿,1,0,4,497,188,bronze,board
2025,xian,team258,四川大学,西安机厅舞萌中二几块钱1pc,黄叙豪|唐闻博|石童鸣,1,0,3,542,312,,board
2025,xian,team259,四川师范大学,一觉醒来全球算法水平下降一万倍,刘航志|罗志|陈雨泉,1,0,3,742,319,,board
2025,xian,team260,苏州大学,RE 手动机,沈杨卓凡|刘昕宇|陈顾漪,1,0,5,663,97,silver,board
2025,xian,team261,台州学院,让我们ac吧，我们什么都会做的,吴文龙|高汪杨|蔡涵彬,1,0,2,108,340,,board
2025,xian,team262,台州学院,三乌鲁鲁赌铜牌,戴于皓|陈逸轩|韩松霖,1,0,5,853,129,bronze,board
2025,xian,team263,天津大学,北洋水师pro max ultra ti,韦德敏|刘清源|张纪同,1,0,4,318,154,bronze,board
2025,xian,team264,天津工业大学,香香软软白白嫩嫩可可爱爱队,孙海杭|宫昌禹|李俊贤,1,0,2,250,370,,board
2025,xian,team265,天津工业大学,祥子帮帮写,周浩|水博翔|章若晨,1,0,3,489,311,,board
2025,xian,team266,同济大学,Islands,韩廷叙|但泰然|王琨瑀,1,0,4,680,224,bronze,board
2025,xian,team267,同济大学,云开自天明,姜乃珲|李烨|杜宇轩,1,0,4,270,148,bronze,board
2025,xian,team268,同济大学,春田花花,王钧涛|朱泽凯|孙治弘,1,0,5,913,137,bronze,board
2025,xian,team269,温州大学,牌入栈 栈溢出,王楚怡|李家诚|韦乾平,1,0,3,404,298,,board
2025,xian,team270,无锡学院,一觉醒来全世界打a水平上升一万倍,张万里|李志豪|昊梓平,1,0,4,544,199,bronze,board
2025,xian,team271,五邑大学,博士队员与他们的猿人队长,冯凯翔|黄达聪|李晟熙,1,0,3,245,251,,board
2025,xian,team272,武汉大学,菠萝催学,张明宇|扶阳|黄欣岚,1,0,5,552,77,silver,board
2025,xian,team273,武汉大学,摇曳到软冬去露营,崔祯航|范锦炜|林喆霖,1,0,6,862,57,silver,board
2025,xian,team274,武汉大学,容我烧烤一下队友,黄祯|李书纬|丁启航,1,0,4,564,205,bronze,board
2025,xian,team275,武汉大学,WHITE ACM2 ~code~,魏俊涛|戴天奕|杨锦熙,1,0,5,666,98,silver,board
2025,xian,team276,武汉纺织大学,我的青春AC果然物语,裘贺宝|周黄灏|王鑫,1,0,4,429,173,bronze,board
2025,xian,team277,武汉工程大学,歪比巴卜,张天星|王志伟|高才蒙,1,0,1,8,391,,board
2025,xian,team278,武汉科技大学,赤色风铃,明正阳|左新宇|王宇杰,1,0,5,723,110,silver,board
2025,xian,team279,武汉理工大学,少女周末旅行,王起东|唐一弘|刘向奥,1,0,3,679,318,,board
2025,xian,team280,武汉理工大学,败犬ACMer太多了！,张旭东|张震宇|王泽宁,1,0,4,921,238,bronze,board
2025,xian,team281,武汉理工大学,必须捍卫的名额,胡书诚|王浩丞|王雨辰,1,0,5,585,82,silver,board
2025,xian,team282,武汉轻工大学,皮蛋学长不会梦到oi学弟,肖子龙|刘俊泽|余伟琦,1,0,2,216,362,,board
2025,xian,team283,西安电子科技大学,什么都不会也能参加ACM吗,吴晨|汤修齐|潘振,1,0,6,797,52,silver,board
2025,xian,team284,西安电子科技大学,GXB，我们喜欢你,洪怀博|邓思哲|陈奕玮,1,0,5,719,109,silver,board
2025,xian,team285,西安电子科技大学,喵亦或鱼,冯子诚|文童宇|谢睿杰,1,0,6,997,60,silver,board
2025,xian,team286,西安电子科技大学,嘻小癫学院超自研,张力文|童彦闽|周佳暄,1,0,5,948,140,bronze,board
2025,xian,team287,西安工业大学,敢同恶鬼争高下，不向霸王让寸分,邓琦文|肖兴隃|施昺琛,1,0,3,145,239,bronze,board
2025,xian,team288,西安交通大学,因为太怕罚时就全交到签到题了,杨健鑫|林轩|代昕冉,1,0,5,907,135,bronze,board
2025,xian,team289,西安交通大学,死者苏生,朱子铭|钟煜宸|于文卓,1,0,3,339,277,,board
2025,xian,team290,西安交通大学,这是一个ACM队,张未艾|陈骏翔|王奕尧,1,0,5,631,93,silver,board
2025,xian,team291,西安交通大学,不知道起什么就不起了吧,王皓文|李维逸|陈智,1,0,5,698,106,silver,board
2025,xian,team292,西安科技大学,来财,李姜帅|袁伯琦|罗元,1,0,3,248,253,,board
2025,xian,team293,西安理工大学,AC.cpp,韩明轩|留昊|周彦泽,1,0,4,250,147,bronze,board
2025,xian,team294,西安理工大学,re0,袁振扬|邹乐凡|谢量,1,0,1,56,398,,board
2025,xian,team295,西安欧亚学院,略去过程QED,吴天乐|刘家瑞|林川翔,1,0,4,545,200,bronze,board
2025,xian,team296,西安邮电大学,忙着加训,杨睿帆|贾濡源|田霁阳,1,0,2,333,382,,board
2025,xian,team297,西安邮电大学,韬光养晦再夺天时,林珂华|刘冠宇|边玉顺,1,0,2,243,368,,board
2025,xian,team298,西北大学,我不是AC神,王海涵|景银强|王俊智,1,0,3,451,304,,board
2025,xian,team299,西北大学,不吃罚时,徐善谨|袁文杰|吴俊杰,1,0,5,1300,144,bronze,board
2025,xian,team300,西北工业大学,勇敢牛牛,陆华飞|余丁宸睿|郭锦程,1,0,3,307,269,,board
2025,xian,team301,西北工业大学,D.D.D.,武守恒|严诚治|吴语,0,0,8,1281,,,board
2025,xian,team302,西北工业大学,define int long long,文煜州|代常睿|于博源,1,0,4,542,197,bronze,board
2025,xian,team303,西北工业大学,原神拯救世界,叶韫韩|谭意铭|肖放,1,0,4,843,236,bronze,board
2025,xian,team304,西北农林科技大学,对的对的不对不队,晏鹏昊|范中博|张益诚,1,0,5,876,133,bronze,board
2025,xian,team305,西北农林科技大学,绕远路才是我的最短捷径,郑枫|杨沐辰|韩邦远,1,0,3,328,274,,board
2025,xian,team306,西北师范大学,一场大雨,陈小庆|曾祥涛|孙承乾,1,0,2,140,354,,board
2025,xian,team307,西湖大学,此时压力来到了我们队,杨宇恒|刘振豪|李品樟,1,0,6,541,38,gold,board
2025,xian,team308,西湖大学,拼尽全力无法战胜AI,楼鑫浩|周扬帆|钱欣宇,1,0,7,1249,36,gold,board
2025,xian,team309,西华大学,三只蒟蒻牛,黄卓盈|肖代阳|吴岚轩,1,0,5,516,72,silver,board
2025,xian,team310,西华大学,到此一游,谢维文|莫鸿|付鱼,1,0,2,331,380,,board
2025,xian,team311,西南财经大学,队友队友想不想和我打一辈子icpc喵喵喵,陈瑾|朱哲含|韩宇轩,1,0,4,578,209,bronze,board
2025,xian,team312,西南财经大学,枚举连接大脑，暴力代替思考,张玲玲|胡泽滨|杨富贵,1,0,2,329,379,,board
2025,xian,team313,西南交通大学,题面的语言是不通的，打铁是不会报销的,刘俊豪|陈义达|张景暄,1,0,5,834,125,bronze,board
2025,xian,team314,西南科技大学,老东西,陈亮旭|吴子杨|童博文,1,0,3,421,301,,board
2025,xian,team315,西南民族大学,（O）998244353,傅子益|江星星|甘梓廷,1,0,3,196,242,,board
2025,xian,team316,西南民族大学,微笑面队,李源沁|孙泓莉|普玥菲,1,1,2,80,329,,board
2025,xian,team317,西南民族大学,永远都像初次见你那样，使我心荡漾,张伟模|石珈豪|王海潮,1,0,4,435,175,bronze,board
2025,xian,team318,香港科技大学（广州）,请输入文本,梁君豪|刘秋悦|张思达,1,0,5,899,134,bronze,board
2025,xian,team319,香港科技大学（广州）,那很有生活了,左眩瑞|许博涵|刘芮宇,1,0,4,742,227,bronze,board
2025,xian,team320,香港中文大学（深圳）,聚散似浮萍,王中天|苏祈骁|欧奕阳,1,0,4,800,232,bronze,board
2025,xian,team321,湘潭大学,加我微信请排队,王文渊|邹泽林|黄明广,1,0,2,161,360,,board
2025,xian,team322,湘潭大学,山羊不排队,罗琨|谭毅恒|欧阳嘉骏,1,0,3,248,253,,board
2025,xian,team323,新疆大学,XJU_T7,于文硕|吴华威|雍景雄,1,0,2,92,335,,board
2025,xian,team324,徐州工程学院,徐工最后的倔强,陈光雨|顾宇燿|尹基胜,1,0,3,300,267,,board
2025,xian,team325,盐城工学院,红烧狮子头,曹翔|张扬|叶学成,1,0,4,603,218,bronze,board
2025,xian,team326,燕山大学,燕大1队,张宇成|申达|计凯喆,1,0,3,198,243,,board
2025,xian,team327,扬州大学,柚子醋蒸虾头,余兴正|宋世荣|蒋蠡,1,0,3,258,257,,board
2025,xian,team328,云南大学,安卓队伍,周志昊|高凌豪|毕洲铭,1,0,4,365,161,bronze,board
2025,xian,team329,云南大学,维什戴尔实在是太吃操作了,张鑫宇|马永琦|林知非,1,0,4,553,203,bronze,board
2025,xian,team330,长安大学,斑斓色彩,周乐恒|钱麦曲|胡艺瀚,1,0,5,763,118,silver,board
2025,xian,team331,长安大学,彩虹岛之戮 Pro Max,刘葆骐|辜颖燊|高源,1,0,5,964,141,bronze,board
2025,xian,team332,长春工业大学,666人类进化不带我,陈柯嵩|刘明昊|饶晟烨,1,0,2,216,362,,board
2025,xian,team333,长春理工大学,两人爬塔一人匡扶汉室,黄炳睿|周易非|唐海原,1,0,5,426,69,silver,board
2025,xian,team334,长春理工大学,是长理不是厂里,罗卫泽|骆柏荣|徐瑞奇,1,0,3,228,246,,board
2025,xian,team335,长江大学,长夜未央,陈迪路|唐祎敏|郑建斌,1,0,5,522,73,silver,board
2025,xian,team336,长沙理工大学,重生之我在长理打A,钱昱丞|黄磊|杨凯明,1,0,2,232,367,,board
2025,xian,team337,长沙理工大学,大白鹅,夏昱|成捷|曾培翔,1,0,2,336,383,,board
2025,xian,team338,长沙理工大学,厂里真练技术,周宇|曹永强|刘鑫,1,0,1,10,394,,board
2025,xian,team339,长沙学院,我不写dp,张方林|曾俊|杨李兵,1,0,5,718,108,silver,board
2025,xian,team340,浙大城市学院,不如睡大觉,谢尚哲|张雪松|颜硕建,1,0,4,758,229,bronze,board
2025,xian,team341,浙大城市学院,别碰我键盘,杨烨锋|张宸赫|项天聪,1,0,4,289,151,bronze,board
2025,xian,team342,浙大城市学院,熔岩烤鸡,俞轩昂|何鑫星|胡译涵,1,0,2,144,356,,board
2025,xian,team343,浙大宁波理工学院,2026一战成硕,陈泽楷|周艺杰|余健林,1,0,4,318,154,bronze,board
2025,xian,team344,浙大宁波理工学院,最后的机会,吴东|宋欣远|虞琦,1,0,4,550,201,bronze,board
2025,xian,team345,浙江财经大学,不吃香菜,赵子腾|王鑫宇|何益繁,1,0,4,482,185,bronze,board
2025,xian,team346,浙江大学,快整点大英五,李沐阳|林滨|陈奕翔,1,0,5,682,102,silver,board
2025,xian,team347,浙江大学,透明哀歌,潘永健|周俊康|叶纳诚,1,0,6,622,39,gold,board
2025,xian,team348,浙江大学,杨桃星球,朱天煜|应宸宇|周学诚,1,0,8,916,13,gold,board
2025,xian,team349,浙江工商大学,男生ACM单字极品ID,姚益浩|邬博丞|丁豪,1,0,4,473,182,bronze,board
2025,xian,team350,浙江工商大学,猫猫骑士团,张任杰|卢嘉亮|杨毅博,1,0,4,382,163,bronze,board
2025,xian,team351,浙江工业大学,彗星猫猫,蔡柏航|雷昊喆|王池康,1,0,5,539,76,silver,board
2025,xian,team352,浙江工业大学,ZJUT0,陆仙梁|陈泓睿|冯梓航,1,0,7,753,19,gold,board
2025,xian,team353,浙江工业大学,ZJUT2,周泳良|周睿|闵士轩,1,0,7,981,31,gold,board
2025,xian,team354,浙江机电职业技术学院,倒吊兔,洪志伦|游晨昕|沈芸,1,0,4,394,165,bronze,board
2025,xian,team355,浙江理工大学,你怎么知道我在cc网络赛用py拿全场一血,姚仁杰|任麒源|卢一鸣,1,0,7,740,18,gold,board
2025,xian,team356,浙江理工大学,2434分fantasy_blue带我飞,张浩|项帅|干佳立,1,0,5,662,96,silver,board
2025,xian,team357,浙江农林大学,Blessing,罗俊升|程培哲|潘宇健,1,0,4,700,225,bronze,board
2025,xian,team358,浙江农林大学,哦飞机阿瑟东金佛爱撒娇覅,黄志腾|赵亭旭|陈镇锋,1,0,2,227,364,,board
2025,xian,team359,浙江师范大学,样例能过就AC,李宇廷|严惟傲|林初凡,1,0,3,264,259,,board
2025,xian,team360,浙江师范大学,未名征途烙星痕,曹海|沈睿|杨琳,1,0,4,494,187,bronze,board
2025,xian,team361,浙江师范大学,听取WA声一片,樊彬|倪千淇|赵文博,1,0,3,286,265,,board
2025,xian,team362,浙江育英职业技术学院,育英七队,孙明轩|潘彬泽|宋新雨,1,0,2,95,336,,board
2025,xian,team363,浙江中医药大学,赛博老中医,王震|黄超逸|何子涵,1,0,3,342,280,,board
2025,xian,team364,郑州大学,样例没过去但ac,薛天齐|周政|吴鑫,1,0,4,526,193,bronze,board
2025,xian,team365,郑州经贸学院,阿比盖尔之花,王哲|张海乐|席玮辰,1,0,3,235,247,,board
2025,xian,team366,郑州轻工业大学,来找我的985学长,刘家贤|曾郭康|赵梓昊,1,0,4,664,222,bronze,board
2025,xian,team367,中国传媒大学,天衣无缝,张雨姗|朱思彤|马博浩,1,0,2,81,330,,board
2025,xian,team368,中国传媒大学,别WA了好吗,李萌|卢嘉诚|丁家宝,1,0,4,553,203,bronze,board
2025,xian,team369,中国传媒大学,return inv(wa);,范金旭|刘钰|杜可,1,0,2,227,364,,board
2025,xian,team370,中国地质大学（北京）,地专鼠鼠不会梦到秋招offer,刘雨澈|陈俊豪|许桥飞,1,0,2,275,373,,board
2025,xian,team371,中国地质大学（北京）,前途一片完犊紫,丁智星|胡葭懿|杨欣川,1,0,4,474,183,bronze,board
2025,xian,team372,中国地质大学（武汉）,文神的最后一舞,杨家鹤|李泽文|魏忠强,1,0,3,407,299,,board
2025,xian,team373,中国计量大学,樱梦殇,倪晓宇|李熠轩|赖俊文,1,0,2,81,330,,board
2025,xian,team374,中国科学技术大学,一零零一,赵宋樾|孙一睿|吴雨桐,1,0,5,573,80,silver,board
2025,xian,team375,中国科学技术大学,中科大少女班代表队,李俊辰|冯正桦|邵晓玮,1,0,9,1358,9,gold,board
2025,xian,team376,中国科学技术大学,Straight into the AC,栾峻岩|陈天添|娄彦轩,1,0,5,554,78,silver,board
2025,xian,team377,中国科学院大学,动态数组,陈麒安|张高翔|张家诚,1,0,4,737,226,bronze,board
2025,xian,team378,中国矿业大学,矿兵出击,卜炜珏|赵际云|杨骐玮,1,0,3,349,284,,board
2025,xian,team379,中国矿业大学,码到成功,林昱达|何铭昊|晁荣卫,1,0,3,345,282,,board
2025,xian,team380,中国矿业大学,三只煤球想成金,杜重阳|倪浩宸|吴帅,1,0,3,394,294,,board
2025,xian,team381,中国民航大学,基本演绎法,姚远|马佳昶|李林芮,1,0,3,456,306,,board
2025,xian,team382,中国人民大学,字节无虞,钱泽瑄|陈礼邦|刘嘉俊,1,0,6,722,46,silver,board
2025,xian,team383,中国人民大学,三人行,童奕涵|孙安江|蔡松洋,1,0,5,845,128,bronze,board
2025,xian,team384,中国人民解放军信息工程大学,重生之我在信大,蔡智勋|闫国基|赵凌睿,1,0,3,246,252,,board
2025,xian,team385,中国石油大学（华东）,UPC1988,王一同|林嘉伟|徐烨,1,0,3,260,258,,board
2025,xian,team386,中国石油大学（华东）,茉莉雨,俞桐|尹瑞阳|庄坤鹏,1,0,5,741,114,silver,board
2025,xian,team387,中国石油大学（北京）克拉玛依校区,三个绿名,蔡昊烨|刘佳一|邬圣锋,1,0,4,443,176,bronze,board
2025,xian,team388,中南大学,记得开long long,王子轩|王夫子|谢礼健,1,0,2,160,359,,board
2025,xian,team389,中南民族大学,二兆亿的流年,李赛|吴佳明|丁墨涵,1,0,3,266,260,,board
2025,xian,team390,中南民族大学,黎卡今天吃什么,张宇豪|冯钰航|赖臣霖,1,0,2,134,352,,board
2025,xian,team391,中山大学,中山大学_无限天堂,韩冠东|邱恺铭|李昊洲,1,0,8,1111,15,gold,board
2025,xian,team392,中山大学,中大25一队,刘铭仁|孔德锐|董睿嘉,1,0,10,1402,5,gold,board
2025,xian,team393,中山大学,队,吴振熙|万耀文|谭栋泽,1,0,5,367,64,silver,board
2025,xian,team394,重庆城市科技学院,不知绽放的花蕾,陈民君|陈季尤|刘怀山,1,0,2,231,366,,board
2025,xian,team395,重庆大学,三模哈希米,胡远卓|周骁坤|杨展途,1,0,5,609,89,silver,board
2025,xian,team396,重庆大学,BDACM爱好者,刘开元|鲁欣彤|江则徐,1,0,2,75,325,,board
2025,xian,team397,重庆大学,小AC找妈妈,焦耀天|刘佳庆|沈祺昊,1,0,2,109,342,,board
2025,xian,team398,重庆科技大学,午后的茶时间,程琪淋|廖章昊|代一,1,0,4,322,156,bronze,board
2025,xian,team399,重庆邮电大学,蓝桥杯喵之队,朱易轩|李悦|陈楷文,1,0,5,689,103,silver,board
2025,xian,team400,重庆邮电大学,蓝桥杯汪之队,赵俊超|汪涛|吴志煜,1,0,6,917,58,silver,board
2025,xian,team401,宝鸡文德中学,乐园,许琛|包赟瑞|刘昱皓然,0,0,6,412,,,board
2025,xian,team402,华为技术有限公司,无线无限队,陈俊杰|罗鑫,0,0,5,776,,,board
2025,xian,team403,山东省平邑第一中学,进击的雪豹,刘国恩|仲沛霖|于松鑫,0,0,7,864,,,board
2025,xian,team404,山东省平邑第一中学,谁敢横刀立马，唯我 xxmb,罗一康|张朝政|李金昕,0,0,6,648,,,board
2025,xian,team405,西安市铁一中学,没有赵哥的日子,吴浩冉|王正清和|闵子桐,0,0,5,533,,,board
2025,xian,team406,西安市铁一中学,可乐猫没有可乐,艾庆兴|李世冬|李睿思,0,0,7,863,,,board
2025,xian,team407,西安市铁一中学,香香软软egg酱,淡楚懿|李知颖|程思阳,0,0,4,664,,,board
2025,xian,team408,西安市铁一中学,游客,徐康硕|刘力扬|蒋雨曦,0,0,6,987,,,board
2025,xian,team409,西安市铁一中学,与妻若冰火双丸共舞弗洛尔同戏千恋万花,房子煊|吴红燊|王肇澜,0,0,8,1581,,,board
2025,xian,team410,西安市铁一中学,以练结愿,杨瑞斌|吴昱胤|王佳禾,0,0,3,147,,,board
2025,xian,team411,西安市铁一中学,这是一个名字,屈子睿|袁诗钊|邓洛克,0,0,3,403,,,board
2025,xian,team412,西安市铁一中学,大唐盛世,李东宸|张以恒|李倏嘉,0,0,5,362,,,board
2025,xian,team413,西北工业大学附属中学,胡桃三玖天依老婆天下第一,胡源浩|张嘉宁|陆奕卓,0,0,5,836,,,board
2025,xian,team414,西北工业大学附属中学,非法苹果,乡里苹果|杨其非|黄贤君,0,0,4,621,,,board
2025,xian,team415,西北工业大学附属中学,西北玻璃制造厂,鲁泊成|雷康宁|杨皓循,0,0,3,424,,,board
2025,xian,team416,西北工业大学附属中学,银狼,赵泽尧|郑好|赵晨希,0,0,4,897,,,board
2025,xian,team417,西安信息职业大学,西信一队,,0,0,0,0,,,board
2025,xian,team418,西北工业大学,wanna be free,尹新祥|程文楷|龚熙尧,0,0,7,709,,,board
2025,shanghai,C62,浙大城市学院,云水璃灯外,林景阳|林嘉亮|张洋鸣,1,0,2,482,217,,board
2025,shanghai,C45,湘潭大学,沪上老登,卓越|曾庆鑫|程书涵,1,0,6,937,24,gold,board
2025,shanghai,D83,吉林大学,未来纵澜,刘昱|王宗凡|张力文,1,0,4,338,85,silver,board
2025,shanghai,E43,吉林大学,久世浮倾,孔泉智|邱天|赵星宇,1,0,5,652,50,silver,board
2025,shanghai,C15,吉林大学,所谓算无遗策,栗铭远|李佳析|于翔,0,0,3,677,,,board
2025,shanghai,A18,杭州师范大学,散落飘零,詹伟|潘铖棋|邓量,1,0,1,131,239,,board
2025,shanghai,D52,杭州师范大学,知识学爆,叶志汉|金岸|王熠楠,1,0,1,313,283,,board
2025,shanghai,F12,杭州师范大学,柯南救救我,徐鑫懿|王科然|林丰,1,0,3,449,117,bronze,board
2025,shanghai,B22,电子科技大学,UESTC_十斤鸭梨,黄霖|徐辰烨|祁泓金,1,0,6,883,20,gold,board
2025,shanghai,A12,电子科技大学,UESTC_雪色光晕,吕书武|陈治臻|李毅远,1,0,4,450,87,silver,board
2025,shanghai,F25,电子科技大学,UESTC_在理工学校想邂逅艺术学妹搞错了什么,冉泽宇|许庆山|王振波,1,0,4,527,91,bronze,board
2025,shanghai,A23,华南农业大学,那一天的鬼火再响起来,谢易居|梁嘉俊|袁熙,1,0,5,2388,84,silver,board
2025,shanghai,C47,西安电子科技大学,风起鹰翔,陈俊睿|洪龙颖|王骏杰,1,0,4,671,97,bronze,board
2025,shanghai,F55,西安电子科技大学,憧憬成为ACM高手,周川旸|郑冬阳|郑少寒,1,0,4,730,102,bronze,board
2025,shanghai,A81,浙江师范大学,我是猫娘,潘锦桦|曹钰超|俞天琦,1,0,5,1005,79,silver,board
2025,shanghai,C68,浙江师范大学,样例能过就AC,李宇廷|严惟傲|林初凡,1,0,3,613,144,bronze,board
2025,shanghai,B54,山东大学（威海）,进击的奶龙,温泽林|陈汶泽|赵禹权,1,0,2,685,227,,board
2025,shanghai,B78,北京大学,一步之遥,钱易|彭博|施开成,1,0,12,1457,1,gold,board
2025,shanghai,D22,北京大学,随机匹配,柯绎思|柯怿憬|谢梓涵,1,0,10,1660,2,gold,board
2025,shanghai,E68,北京大学,抹茶小蛋糕,孙培轩|陈哲章|章弥炫,1,0,7,884,8,gold,board
2025,shanghai,C34,北京大学,该用户名已被占用,胡家哲|冯天琦|陈浩霆,1,0,8,1074,5,gold,board
2025,shanghai,D46,电子科技大学,UESTC_三妖精SAY WA!!!,徐俊杰|潘君|张鑫,1,0,3,586,137,bronze,board
2025,shanghai,D58,华中农业大学,闪光袋鼠哥哥,雷博琦|胡泽宇|艾子鸣,1,0,1,371,292,,board
2025,shanghai,F37,重庆邮电大学,蓝桥杯嘤之队,舒显航|向炳权|黄宇哲,1,0,4,627,94,bronze,board
2025,shanghai,B42,安徽大学,似乎没有能够令人AC的隐藏指令,许子桢|刘圆博|吕建强,1,0,2,195,161,bronze,board
2025,shanghai,C36,广州大学,ODT暴徒,郭子锋|同舒泽|黄明海,1,0,1,161,248,,board
2025,shanghai,D31,中国科学院大学,原神启动队,胡格致|黄铮舸|唐睿,1,0,1,351,289,,board
2025,shanghai,F66,西南财经大学,融化的梦,刘俊宏|刘勇杰|谢天翊,1,0,0,0,296,,board
2025,shanghai,B65,上海理工大学,距离2026年全国硕士研究生招生考试还有27天,董柯演|钟瑶萍|李名骕,0,0,5,773,,,board
2025,shanghai,E37,中国传媒大学,中传赶紧修梆子井地道队,李润淇|刘同星|马一天,1,0,2,224,164,bronze,board
2025,shanghai,D21,中国传媒大学,再演,陈旻庚|朱霁|叶阳,1,0,5,579,44,silver,board
2025,shanghai,F48,南京大学,RE的怪物正从窗边看着,陈新|金昕炜|李睿星,1,0,6,960,26,gold,board
2025,shanghai,C83,福建理工大学,我推的式子,程阳淏|陈少鹏|张杰昊,1,0,1,196,259,,board
2025,shanghai,D43,宁波财经学院,你不能拿我们和那些强队比,赵宇杰|张泽洋|王泽宇,1,0,5,925,73,silver,board
2025,shanghai,C13,温州大学,温大一队,何卓睿|陈宇锋|莫皓翔,1,0,4,753,104,bronze,board
2025,shanghai,E16,南京大学,招魂时刻,何平|陈煜航|杨涵宇,1,0,6,898,22,gold,board
2025,shanghai,D84,南京大学,肆零捌,黄亮|叶昱圻|刘玉琢,1,0,7,1076,11,gold,board
2025,shanghai,C31,大连理工大学盘锦校区,亡命之徒,杨镇熙|曹瀚文|陈嘉佑,1,0,3,710,150,bronze,board
2025,shanghai,F34,信息工程大学,新旬拔队,林万新|张裕颉|丁钧铖,1,0,1,186,255,,board
2025,shanghai,D45,东北大学秦皇岛分校,洛森指针,曹耀仁|曾凡一|陈俊安,1,0,2,232,167,bronze,board
2025,shanghai,B11,东北大学秦皇岛分校,最澄澈的空与海,张昱东|王若翔|张裕博,1,0,5,744,57,silver,board
2025,shanghai,F26,江苏大学,我讨厌你,张道正|薛志康|庞政,1,0,5,784,59,silver,board
2025,shanghai,A67,哈尔滨工程大学,不故障机器人使用创造性AI创造WA,李泽东|徐子煊|张艺凡,1,0,2,345,199,,board
2025,shanghai,F61,台州学院,我不吃AC,严忠楠|何俊豪|曹景程,1,0,1,143,241,,board
2025,shanghai,D25,南京师范大学,和评测机一起打麻将,周译顺|陆昊宇|徐杰克,1,0,0,0,296,,board
2025,shanghai,E66,上海师范大学,赛前不小心通宵了,张越群|李睿|姜启材,1,0,1,287,277,,board
2025,shanghai,B84,重庆大学,代码奇点,魏宏伟|吴毓宗,1,0,1,73,231,,board
2025,shanghai,C86,上海交通大学,启明星,杨崇烨|李俊毅|唐星珣,1,0,9,1204,4,gold,board
2025,shanghai,B74,北京林业大学,创4我算了,付耀刚|张锦秀|周欣潼,1,0,3,324,113,bronze,board
2025,shanghai,B38,上海交通大学,且歌,魏可臻|秦一苇|于恩帝,1,0,7,1020,10,gold,board
2025,shanghai,A11,上海交通大学,华丽收场+,梁航宇|黄烨威|蒋天杭,1,0,6,831,19,gold,board
2025,shanghai,D67,上海交通大学,蛹,徐君翊|张铭轩|蒋宇涵,1,0,4,832,108,bronze,board
2025,shanghai,B76,浙大宁波理工学院,倒头就睡,张奔晟|钱晨|陈洪逸,1,0,3,603,140,bronze,board
2025,shanghai,D38,中国矿业大学,样例过就ac,马哲涵|杨洪斌|丁铭哲,1,0,1,206,260,,board
2025,shanghai,D47,长沙理工大学,揭开记忆的帷幕，激起往昔的涟漪,赵翰熙|陈师贤|沈彬宇,1,0,5,716,54,silver,board
2025,shanghai,A28,中山大学,中山大学-打铁旅游,苏律硕|肖淇|吴明禹,1,0,7,1455,16,gold,board
2025,shanghai,E26,中山大学,中山大学-寂静呼唤,杨志宸|郭翊涛|陈政宇,1,0,5,798,60,silver,board
2025,shanghai,D71,中山大学,中山大学-2333er,高祖伟|刘翔乐|高艺桐,1,0,8,1293,7,gold,board
2025,shanghai,F16,中南大学,老司机带带我,吴子健|林宇煌|朱芝毅,1,0,2,383,202,,board
2025,shanghai,C57,中南大学,听说有原石领我就来了,张亦凡|袁尉峰|李定一,1,0,1,159,247,,board
2025,shanghai,E35,哈尔滨工业大学,为无机世界增添色彩,李嘉弘|吴钦鸿|卢思吉,1,0,2,247,171,bronze,board
2025,shanghai,B24,西安交通大学,今日澄,刘欣楠|杨一帆|杨润轩,1,0,5,850,65,silver,board
2025,shanghai,C73,西安交通大学,天狼星的心脏,洪家庆|刘一可|许孜诚,1,0,4,507,88,silver,board
2025,shanghai,F47,西安交通大学,麒麟王,姜宇骋|王君睿|林子涵,1,0,6,1174,36,silver,board
2025,shanghai,D78,东南大学,北海凌空,周启凡|顾凌晗|魏子何,1,0,3,539,131,bronze,board
2025,shanghai,E34,东南大学,DNA计算,潘亦新|林祥威|严静萱,1,0,2,239,168,bronze,board
2025,shanghai,A35,香港科技大学（广州）,#define long long long,张晋杰|叶秉宪|郑凯文,1,0,5,666,52,silver,board
2025,shanghai,E53,上海科技大学,惊天大涅槃,居然|杨子烆|王旻昊,1,0,3,680,149,bronze,board
2025,shanghai,E24,香港科技大学（广州）,我坐戏子楼台前,赖宣宇|郭沣|宋锦儒,1,0,4,728,101,bronze,board
2025,shanghai,C37,香港科技大学（广州）,那很有生活了,刘芮宇|许博涵|左眩瑞,1,0,4,917,109,bronze,board
2025,shanghai,B21,绍兴文理学院,大宝一刀把复杂度劈成O(1)了,贺克屿|曹安迪|余振东,1,0,2,560,224,,board
2025,shanghai,E27,杭州电子科技大学信息工程学院,无尽的风之轨迹,杨鑫|尹凯乐|吴锦豪,1,0,5,1293,83,silver,board
2025,shanghai,F57,湖南理工学院,我不要拿铁,谢东辉|潘彧达|胡彬秦,1,0,0,0,296,,board
2025,shanghai,E64,香港城市大学,Feel the Russian Style,Demidov Ilia|EVSTAFEV Andrei|Gizatullin Timur,1,0,3,537,130,bronze,board
2025,shanghai,C53,浙江万里学院,黑色生日,朱勤涵|傅炫瑜|陈子墨,1,0,2,416,208,,board
2025,shanghai,A56,广东工业大学,加睡,梁若飞|倪润东|梁伟,1,0,5,927,74,silver,board
2025,shanghai,B44,广东工业大学,AC手动机,高泽彤|关泽霖|许铭宇,1,0,1,147,244,,board
2025,shanghai,C43,广东工业大学,呜哇,陶齐晖|侯宇鹏|林鸿永,1,0,2,424,210,,board
2025,shanghai,D13,河海大学,LGBTQIPKDXUSACM,马王丰|肖爱伦|林煜斌,1,0,2,216,163,bronze,board
2025,shanghai,B12,河海大学,从零开始的ACM生活,金炬光|曾国琳|罗誉,1,0,3,821,155,bronze,board
2025,shanghai,D72,安徽师范大学,天绫绫地宁宁,许译涛|黄锐杰|袁文晟,1,0,0,0,296,,board
2025,shanghai,B47,江西财经大学,阳光彩虹不白码,陶金杰|李润卓|李承志,1,0,1,154,246,,board
2025,shanghai,C12,华南师范大学,寻找 asxziill 的魔法,蔡润钦|余昕烨|温则葆,1,0,5,930,75,silver,board
2025,shanghai,E15,武汉科技大学,您的骑手正在赶往ICPC的路上,杨少坡|杨正午|王祥安,1,0,1,146,243,,board
2025,shanghai,A66,中国矿业大学,我的青春acm物语果然有问题,王虹博|兰翔思宏|陈品睿,1,0,1,113,236,,board
2025,shanghai,F67,香港中文大学,别笑，你来你也过不了test 2,姜宣丞|张天瀚|朱睿正,1,0,7,1261,13,gold,board
2025,shanghai,E23,香港中文大学,塔尖雪王,夏秀锟|黄卓翘|杨砚泽,1,0,3,474,120,bronze,board
2025,shanghai,D14,香港中文大学,放學後飲茶時間!!,翁泽辉|左正楠|杜景滔,1,0,1,193,257,,board
2025,shanghai,A61,齐鲁工业大学（山东省科学院）,稻香满径,王海科|周金林|敬恩,1,0,0,0,296,,board
2025,shanghai,D66,四川大学,球状闪电,韩子睿|林宸|李祉橙,1,0,4,342,86,silver,board
2025,shanghai,A26,四川大学,熊猫茶盐鸭,夏知齐|张逸涵|邓雍,1,0,3,569,134,bronze,board
2025,shanghai,D65,上海海洋大学,胡萝卜(^u^),周子恒|周郁涵|吕天佑,1,0,0,0,296,,board
2025,shanghai,C24,牛客竞赛,牛客娘写错了重要的代码,司马晨|陈景龙|兰宇平,0,0,5,835,,,board
2025,shanghai,B36,杭州电子科技大学,杭电3队,王佳栋|吴启航|王远涛,1,0,4,507,88,silver,board
2025,shanghai,A72,杭州电子科技大学,杭电6队,伍耀文|王泽|姜浥尘,1,0,5,725,55,silver,board
2025,shanghai,C78,华东师范大学,假飞了！,冯中信|陈赵润|姜朝顺,1,0,4,735,103,bronze,board
2025,shanghai,F14,杭州电子科技大学,杭电7队,高书捷|王磊|祁梵森,1,0,5,1051,80,silver,board
2025,shanghai,E57,杭州电子科技大学,杭电16队,张舟|木义豪|谢之晗,1,0,3,769,153,bronze,board
2025,shanghai,F33,江西农业大学,砂糖橘看日出,万家林|殷智宇|刘益平,1,0,1,88,233,,board
2025,shanghai,B58,香港中文大学（深圳）,AC娘单推人,邓沣庭|潘彦|邵辰航,1,0,2,304,183,,board
2025,shanghai,D76,香港中文大学（深圳）,Trio Leveling,Christian Angelo Velarde|Gantulga Khantugs|Bryan Edelson,1,0,0,0,296,,board
2025,shanghai,C72,青岛大学,星垂平野,李子涵|代自超|杨子航,1,0,3,589,139,bronze,board
2025,shanghai,B71,中国石油大学（华东）,UPC2048,张淇贺|钟智勇|彭健坤,1,0,0,0,296,,board
2025,shanghai,A74,中国石油大学（华东）,UPC1953,刘亚宁|杨立鑫|王亚飞,1,0,4,671,97,bronze,board
2025,shanghai,A84,中国矿业大学（北京）,云淡风清,周发顺|王晨|徐靖涵,1,0,2,146,157,bronze,board
2025,shanghai,C66,山东理工大学,果宝特攻,李彦硕|姚翰洋|马新皓,1,0,3,610,142,bronze,board
2025,shanghai,F15,上海理工大学,退役老登会梦见区域赛金牌吗（）,丁晓强|孙乐彦|王一学,1,0,2,574,226,,board
2025,shanghai,D68,浙江财经大学,压缩饼干,陈君豪|林煜超|王强,1,0,5,1229,82,silver,board
2025,shanghai,E28,信息工程大学,1341,李可心|况雨含|贺浩原,1,0,1,183,254,,board
2025,shanghai,B37,宁波大学,初音未来-纳西妲-芙宁娜第一可爱喵,杨晨|方梓安|何沐,1,0,1,176,253,,board
2025,shanghai,D18,南京邮电大学,AK的芙莉莲,耿嘉泽|熊鼎|杨珈懿,1,0,1,243,266,,board
2025,shanghai,A21,南京邮电大学,脑袋空空,白耀文|李永鑫|杨颖翔,1,0,2,320,191,,board
2025,shanghai,D63,江南大学,我们不可能拿到金牌，不行不行！﻿（﻿※似乎可行！﻿？﻿）,刘珺哲|刘禹辰|王壹玮,1,0,2,425,211,,board
2025,shanghai,A71,中央财经大学,Blinding Accepts,李思桐|罗嘉洋|刘岱鑫,1,0,3,563,133,bronze,board
2025,shanghai,F58,哈尔滨理工大学,哈理工16队SH,冉渝旭|陈子权|刘名洋,1,0,2,305,184,,board
2025,shanghai,B43,东华大学,凌梦舟,刘逸伦|马显轩|赵胜文,1,0,1,166,249,,board
2025,shanghai,D87,东华大学,因为0721和我推绫地宁宁组一辈子乐队,徐之恒|王飘飏|孙鹏辉,1,0,1,264,271,,board
2025,shanghai,F32,河北师范大学,指尖破晓,曾云昊|贺雪杭|秦晓,1,0,3,656,147,bronze,board
2025,shanghai,A31,上海电力大学,Slay the ICPC 2:AC,梅子越|裴洪宇|潘锦琪,1,0,1,320,285,,board
2025,shanghai,F44,南开大学,数智省身_早早早,谭易|母焯行|郁卓阳,1,0,2,314,188,,board
2025,shanghai,E17,南开大学,数智省身_唯独可以做到的就是线段树,金继烨|赵思远|郭鑫源,1,0,5,946,78,silver,board
2025,shanghai,C55,浙江工商大学,珂朵莉,林仁豪|陈孝乐|郑铁峥,1,0,3,885,156,bronze,board
2025,shanghai,B28,华中师范大学,麻衣学姐想念zzz,晏维阳|王绪毅|邹卓昂,1,0,1,270,273,,board
2025,shanghai,A37,武汉科技大学,RELX悦刻幻影PRO,孙煜恒|肖依如|彭睿,1,0,5,919,72,silver,board
2025,shanghai,A45,桂林电子科技大学,无名之辈3,廖飞扬|王靖凯|曹轩玮,1,0,1,294,280,,board
2025,shanghai,E21,重庆工程学院,赢还是遗憾？,陈博恒|杨银|徐飞扬,1,0,0,0,296,,board
2025,shanghai,E45,贵州大学,保研大佬带我飞,史昌盛|傅锦灿|黄康,1,0,3,628,146,bronze,board
2025,shanghai,E25,广州华商学院,777,陈业勤|罗凯滨|黄文乐,1,0,0,0,296,,board
2025,shanghai,A48,南京信息工程大学,银河系炫风爆破松饼,俞卓群|张泾玮|朱一诺,1,0,2,266,175,bronze,board
2025,shanghai,A82,湖南师范大学,雾之湖,段天琦|钟啸|魏佳蕾,1,0,6,1025,32,silver,board
2025,shanghai,A27,集美大学,我愿与你永望黄昏,廖杰如|洪韩毅|陈华弘,1,0,4,779,106,bronze,board
2025,shanghai,D62,鲁东大学,卤蛋栋梁,朱乐民|王义超|王凌志,1,0,1,119,237,,board
2025,shanghai,B86,中国石油大学（北京）克拉玛依校区,三个绿名,蔡昊烨|刘佳一|邬圣锋,1,0,2,164,158,bronze,board
2025,shanghai,E31,成都信息工程大学,说好的幸福呢,廉镓明|孟庆虎|王鑫,1,0,0,0,296,,board
2025,shanghai,C26,西北工业大学,wanna be free,程文楷|尹新祥|龚熙尧,1,0,7,1365,14,gold,board
2025,shanghai,A24,兰州大学,诡偷移晶,吕宁|张潇锋|任宇航,1,0,1,222,262,,board
2025,shanghai,C38,东北大学,东北大学_虚无小姐,孙祥坤|卢逸衡|张天一,1,0,5,859,67,silver,board
2025,shanghai,B13,东北大学,东北大学_黄金罗盘,罗子涵|潘炼|黄宇帆,1,0,2,326,192,,board
2025,shanghai,A55,东北大学,东北大学_毕竟T/L/E无法诉说,夏子晨|乔泽冠|戴亿,1,0,2,291,181,,board
2025,shanghai,E33,浙江科技大学,看不懂英语,赵科竣|朱睿哲|杨佳涵,1,0,4,765,105,bronze,board
2025,shanghai,B87,浙江工业大学,ZJUT5,俞佳毅|叶许乐|蒋徐杰,1,0,2,182,160,bronze,board
2025,shanghai,F45,浙江工业大学,ZJUT7,马哲超|张聪|权烨,1,0,1,229,264,,board
2025,shanghai,F54,西安理工大学,我被困在了哈基乡,贾成杰|庄睿君|郝韵,1,0,1,110,235,,board
2025,shanghai,C42,湖北工业大学,一个未被使用的队名,吴凌睿|余腾辉|杜海旗,1,0,1,309,282,,board
2025,shanghai,F56,哈尔滨工业大学（深圳）,这么出题是吧,陈畅霖|李煜恒|陈佳横,1,0,3,778,154,bronze,board
2025,shanghai,D64,哈尔滨工业大学（深圳）,从这里开始,蔡易轩|赵飞羽|陈彦波,1,0,3,406,115,bronze,board
2025,shanghai,C14,西安邮电大学,点铁成铜,马宇涛|贺靖轩|申思颖,1,0,1,335,288,,board
2025,shanghai,B62,合肥大学,three good-for-nothing,叶铠睿|蔡庆喜|叶咨含,1,0,0,0,296,,board
2025,shanghai,E14,山东师范大学,最后亿舞,杜甲玉|石政坤|杨静颖,1,0,0,0,296,,board
2025,shanghai,F17,中国地质大学（北京）,奸奇不知道哦,王弈博|翟文修|邢淑雅,1,0,0,0,296,,board
2025,shanghai,F63,西北工业大学,#N/A,牛马思元|张贝西彦|张天翔,1,0,5,831,64,silver,board
2025,shanghai,F23,江西师范大学,梨蛋汤,汤海峰|黎朔鸣|何建伟,1,0,4,647,96,bronze,board
2025,shanghai,D81,西北工业大学,憧憬成为算法少女,甘云帆|刘雨萱|钟礼恩,1,0,3,525,127,bronze,board
2025,shanghai,B68,西北工业大学,啊啊啊啊宝宝你是一个香香软软甜甜糯糯酥酥脆脆滑滑嫩嫩叮叮咚咚,王钎屹|刘锦奇|罗隆华,1,0,3,316,112,bronze,board
2025,shanghai,B55,江西师范大学,一碗饭,胡天翊|王楷翔|樊宇康,1,0,1,223,263,,board
2025,shanghai,D73,浙江大学,假如像他一样语文 130,毛艺婷|姜圻圣|张涵硕,1,0,7,1485,17,gold,board
2025,shanghai,C33,浙江大学,透明哀歌,周俊康|潘永健|叶纳诚,1,0,6,1178,37,silver,board
2025,shanghai,B66,浙江大学,石莓,曾皓威|周圣杰|谭睿,1,0,6,1062,34,silver,board
2025,shanghai,E46,浙江大学,杨桃星球,应宸宇|周学诚|朱天煜,1,0,8,1239,6,gold,board
2025,shanghai,B88,安阳师范学院,TLE on Test 1,李聪|张常璞|刘金梁,1,0,0,0,296,,board
2025,shanghai,E55,香港科技大学,红鸟先飞,卢凯宾|郑君赫|杨子鉴,1,0,5,853,66,silver,board
2025,shanghai,C74,香港科技大学,Chewing Machine,杨善进|罗广捷|黄一阳,1,0,2,489,220,,board
2025,shanghai,A64,大连理工大学,逆元,刘博文|刘兆洲|连茗暄,1,0,3,493,124,bronze,board
2025,shanghai,D35,南方科技大学,南方科技大学-养老院护工,姜奕豪|张祺宇|叶翰邦,1,0,6,1015,31,silver,board
2025,shanghai,C63,南方科技大学,南方科技大学-巴库,王泰翔|李佳霖|殷铭轩,1,0,5,598,46,silver,board
2025,shanghai,F43,武汉纺织大学,因为太怕爆零就全交暴力了,蒋沈浩|胡劲睿|苏宇曦,1,0,1,139,240,,board
2025,shanghai,C32,河南大学,我要睡觉了,胡靖铭|田沈聪|李耘辉,1,0,1,123,238,,board
2025,shanghai,B75,河南大学,好想玩道德与法治6,张帆|宋明贤|范恒嘉,1,0,1,394,295,,board
2025,shanghai,D41,中国计量大学,倒影,陈柄宇|赵星亮|方志伟,1,0,1,72,230,,board
2025,shanghai,B81,武汉工程大学,歪比巴卜,张天星|高才蒙|王志伟,1,0,2,313,187,,board
2025,shanghai,C87,上海第二工业大学,⑨,何易|马建强|马韩明轩,1,0,3,741,151,bronze,board
2025,shanghai,B83,北京工业大学,队名,周若辰|黄励文|王玺荣,1,0,3,468,119,bronze,board
2025,shanghai,D27,同济大学,队的队的哦不队不队,莫怀淇|蓝浩|蒋肸,1,0,1,79,232,,board
2025,shanghai,D42,福州大学,WA库WA库,林宏宇|张仁杰|洪佳盛,1,0,4,645,95,bronze,board
2025,shanghai,A76,深圳技术大学,SZTU_水银之毒,蔡泽垲|林坚炜|刘俊豪,1,0,4,676,99,bronze,board
2025,shanghai,E11,西南科技大学,老东西,陈亮旭|吴子杨|童博文,1,0,1,288,278,,board
2025,shanghai,B35,华东师范大学,例方体,韦思成|陶雨捷|蓝寒,1,0,2,434,212,,board
2025,shanghai,A32,广西师范大学,哇哈哈哈哈哈,陈毅逊|马振涛|周紫阳,1,0,2,230,166,bronze,board
2025,shanghai,E12,辽宁大学,三位一体,欧阳兴隆|毛博汉|吴俊威,1,0,2,467,213,,board
2025,shanghai,B67,中国民航大学,基本演绎法,李林芮|马佳昶|姚远,1,0,0,0,296,,board
2025,shanghai,D36,北方工业大学,流光碎影,黄梨宸|邱睿|刘屹鸥,1,0,3,586,137,bronze,board
2025,shanghai,B56,西南民族大学,新王朝,王杰|项若楚|李涛,1,0,1,174,251,,board
2025,shanghai,D15,华侨大学,潜龙腾渊,韩志军|张伟鹏|赵政然,1,0,1,190,256,,board
2025,shanghai,A58,西南民族大学,竹栈,张楚豪|詹宁康|苗家纯,1,0,0,0,296,,board
2025,shanghai,E44,北京邮电大学,Synthesis,吴显熠|詹笙平|李天阳,1,0,5,683,53,silver,board
2025,shanghai,A62,北京邮电大学,太空漫游999ms,马云霄|侯尔为|刘奕安,1,0,2,211,162,bronze,board
2025,shanghai,B32,北京邮电大学,逐月之城,雷童|吴语乐天|毕皓天,1,0,4,611,93,bronze,board
2025,shanghai,D53,东北师范大学,队长没睡醒所以训练取消了,林律融|潘可欣|李超平,1,0,3,490,123,bronze,board
2025,shanghai,E47,莆田学院,斯库尔德,王羿捷|卢竑宇|缪高峰,1,0,1,175,252,,board
2025,shanghai,A47,上海海事大学,放学后 Algorithm Time,常缪洋|郑天罡|顾以为,1,0,2,384,203,,board
2025,shanghai,C82,香港理工大学,愚者,闵泽宇|孟祥宇|张浩越,1,0,1,371,292,,board
2025,shanghai,F71,福州大学,我喜欢你,邱镇海|叶志杰|王志浩,1,0,5,731,56,silver,board
2025,shanghai,E52,福州大学,一页诗,丁诗怡|叶芷|李盈盈,1,1,1,241,265,,board
2025,shanghai,F13,武汉大学,0大于队名长度,苏泓宇|胡文锦|李王城,1,0,7,1420,15,gold,board
2025,shanghai,E63,武汉大学,很弱的低手,张心悦|蔡骐羽|罗汇翔,1,0,6,1030,33,silver,board
2025,shanghai,C76,武汉大学,西柚柠檬气泡水,徐嘉浩|金润禾|陶赞宇,1,0,6,914,23,gold,board
2025,shanghai,B16,武汉大学,ACM也有小巧思吗,李泽基|黄子君|袁仁远,1,0,5,810,62,silver,board
2025,shanghai,D86,武汉理工大学,树下猫猫虫,朱振傲|段宇坤|朱选文,1,0,5,905,70,silver,board
2025,shanghai,B34,武汉理工大学,不再曼波,周泽鹏|孙晨奥|邢家童,1,0,5,943,76,silver,board
2025,shanghai,C81,西南大学,SWU_Mygo!!!,盛明睿|韩清泉|游斯惟,1,0,3,575,136,bronze,board
2025,shanghai,A77,香港大学,外国人,Christivan Komah|Owen Sidarta|Akhmet Issa,1,0,3,534,129,bronze,board
2025,shanghai,F46,香港大学,kfc_enjoyers,Shah Jahan Ishaq|Richie Wilynnton|Ismayil Maharramov,1,0,1,292,279,,board
2025,shanghai,B33,南阳理工学院,思考一下就AC,刘晧|于超凡|杨京昊,1,0,0,0,296,,board
2025,shanghai,E48,东北大学,东北大学_夏日的口袋是三等分TLE的金牌,华俊澄|张绍宸|李京洲,1,0,1,88,233,,board
2025,shanghai,D26,济南大学,风鹏万里,刘峰旭|屠泽伟|文铿,1,0,3,463,118,bronze,board
2025,shanghai,E18,复旦大学,AAA专业歪榜修正奶龙,李佳骏|施陈豪|吴童,1,0,6,1334,40,silver,board
2025,shanghai,A63,复旦大学,随机一个字符串得了,胡予衡|文凯杰|苏逸恒,1,0,9,1198,3,gold,board
2025,shanghai,B14,南昌航空大学,无牌不叫,赖剑峰|于峰|邹仁杰,1,0,2,281,180,bronze,board
2025,shanghai,C64,华中科技大学,和平讨论不带节奏,冯育硕|聂卓然|杨家祯,1,0,6,1009,30,gold,board
2025,shanghai,B26,华中科技大学,终帆,朱雨程|吴高宇|阮弘毅,1,0,5,658,51,silver,board
2025,shanghai,F64,华中科技大学,异或非与,孙致平|姜泰哲|晏梓豪,1,0,5,630,47,silver,board
2025,shanghai,F41,湖南科技大学,最后一舞 队伍,黄家兴|梁涵|彭璟焱,1,0,4,817,107,bronze,board
2025,shanghai,D77,郑州大学,芙宁娜的小蛋糕,杨光|徐钧杰|朱锦昊,1,0,2,327,193,,board
2025,shanghai,C85,郑州大学,口圭，又是电波题,毛睿|陈年澎|姬冠成,1,0,2,277,177,bronze,board
2025,shanghai,A43,北京建筑大学,超级无敌炫酷原神苯环大坝,朱智睿|谷子恒|卢昊兴,1,0,5,799,61,silver,board
2025,shanghai,A65,香港理工大学,简易长矛,李如其|李恒贤|何柳莹,1,0,0,0,296,,board
2025,shanghai,E51,中国民航大学,临时组队,崔凌宵|耿曼淳|汪林辰,1,0,3,307,111,bronze,board
2025,shanghai,C18,西北大学,赢！,朱珈成|梁家瑞|罗穰杰,1,0,3,574,135,bronze,board
2025,shanghai,E56,深圳大学,瓦尔普吉斯,王荟斐|邹瀚泓|梁展宇,1,0,5,502,41,silver,board
2025,shanghai,B85,北京化工大学,拔雪寻春,刘卓凡|叶鼎豪|张弘弛,1,0,2,327,193,,board
2025,shanghai,B18,哈尔滨工业大学（威海）,神秘客：快速幂,顾伟宸|李泳明|易子杰,1,0,2,171,159,bronze,board
2025,shanghai,C61,哈尔滨工业大学（威海）,秋日狂想,尹瀚铭|孙云起|王尧中,1,0,3,620,145,bronze,board
2025,shanghai,D75,中国科学技术大学,故事的下一页,汪晨曦|殷跃然|常铭,1,0,6,1238,39,silver,board
2025,shanghai,E38,中国科学技术大学,无垠,韩尚格|王怡钧|赖浩宸,1,0,6,686,18,gold,board
2025,shanghai,B31,中国科学技术大学,失去梦想变成猫猫猫,何煜恒|朱雨田|涂建鹏,1,0,5,898,69,silver,board
2025,shanghai,A16,中国科学技术大学,摸鱼之魂终将归来,温家睿|陈凌峰|林度,1,0,5,637,48,silver,board
2025,shanghai,C16,上海纽约大学,小男娘,陈智谦|解丰羽|张乐楠,1,0,7,1183,12,gold,board
2025,shanghai,A85,北京航空航天大学,偏差认矢,邹广健|杭洋|李墨之,1,0,5,518,43,silver,board
2025,shanghai,B77,北京航空航天大学,奇迹和魔法，都是存在的,李澎瑞|孙健钧|黄伟宁,1,0,6,980,28,gold,board
2025,shanghai,D37,北京航空航天大学,我队友得了MVP！,廖俊麟|肖迪睿|徐浩然,1,0,3,245,110,bronze,board
2025,shanghai,A14,大连海事大学,鲸突吼进,王金洋|张文豪|何文韬,1,0,3,404,114,bronze,board
2025,shanghai,A75,北京理工大学,开始头大了已经,辛宏磊|周之卓|王邦源,1,0,1,194,258,,board
2025,shanghai,C52,北京理工大学,世界这么大为什么来打a队,易子恒|周塬森|侴兴逸,1,0,3,659,148,bronze,board
2025,shanghai,E54,北京理工大学,Penalty这么高它的意思一定是分数吧,柯宁皓|张思哲|黄康,1,0,6,1221,38,silver,board
2025,shanghai,B64,北京理工大学,过了样例也不队,何大鹏|王舒晗|邬宇炼,1,0,5,821,63,silver,board
2025,shanghai,C27,北京师范大学,安卓狗,王儒斌|王梓霁|罗一粟,1,0,7,995,9,gold,board
2025,shanghai,A54,北京师范大学,多边狗,王思潮|丁余健|姚述军,1,0,0,0,296,,board
2025,shanghai,D88,北京化工大学,哎呦你干嘛,陈翔钰|孙博文|张增鑫,1,0,2,314,188,,board
2025,shanghai,A52,同济大学,广铁集团,李堂辉|杨欣然|吴晶承,1,0,4,523,90,silver,board
2025,shanghai,C51,同济大学,路边三条,王梓彦|陈志宇|严梓杰,1,0,2,467,213,,board
2025,shanghai,B25,长春理工大学,DESUWA,周易非|黄炳睿|唐海原,1,0,4,690,100,bronze,board
2025,shanghai,D57,长春理工大学,神人乐队与动物朋友,史振宜|梁寒兵|周熙众,1,0,0,0,296,,board
2025,shanghai,D56,华东理工大学,的泛因特隆隆,张勉|孙启翔|贾正坤,1,0,1,268,272,,board
2025,shanghai,A15,华东理工大学,珂朵莉最可爱了,仇俊杰|余喆浩|徐池,1,0,2,307,185,,board
2025,shanghai,C65,苏州大学,憧憬成为算竞糕手,张天伦|余睿|朱昊文,1,0,3,762,152,bronze,board
2025,shanghai,F28,新疆大学,最后一舞,刘宇轩|邱开崟|黄梓峰,1,0,4,610,92,bronze,board
2025,shanghai,F11,厦门大学,羽生萌萌香,李纪原|庄昀|张楠煌,1,0,2,760,228,,board
2025,shanghai,A73,厦门大学,一缸石榴,庄嘉豪|李海滨|陈健宇,1,0,2,502,221,,board
2025,shanghai,C22,电子科技大学中山学院,随便做都队,黄潇岳|赵英炜|程旭,1,0,3,530,128,bronze,board
2025,shanghai,A53,华东师范大学,在上海天文馆会遇到临港小企鹅吗,李俊辰|陈涵|黄启轩,1,0,2,227,165,bronze,board
2025,shanghai,D51,中国人民大学,河边喝水的三只猫,周孟潇|穆思成|马咏翔,1,0,2,403,207,,board
2025,shanghai,C58,中国人民大学,人咪二队,李昊森|熊洋铭|胡博玮,1,0,2,299,182,,board
2025,shanghai,B57,南方科技大学,南方科技大学-希尔万,谢沁鑫|王思忧|孙守毅,1,0,2,505,222,,board
2025,shanghai,A78,河南理工大学,蛋仔派队,李博|赵彪|李子恒,1,0,1,271,274,,board
2025,shanghai,B73,温州大学,牌入栈 栈溢出,王楚怡|韦乾平|李家诚,1,0,2,243,169,bronze,board
2025,shanghai,D61,国防科技大学,未忘花名,宋怀源|刘宇林|杨泽,1,0,2,481,216,,board
2025,shanghai,F35,暨南大学,沪游暨,刘昌源|王宇涛|杨希桐,1,0,5,1103,81,silver,board
2025,shanghai,C41,南京农业大学,銀花,李嘉熙|周进|王文圣,1,0,3,505,126,bronze,board
2025,shanghai,C88,西藏民族大学,Qinhan1,曹宇轩|闫晓栋|王翔宇,1,0,0,0,296,,board
2025,shanghai,B15,香港科技大学,HKUST4,莫云翔|莫子龙|胡书睿,1,0,1,368,291,,board
2025,shanghai,F62,浙江省台州中学,三人三机,王子超|章昊翔|金涵成,0,0,2,337,,,board
2025,shanghai,D55,长安大学,一只菜猫两只菜狗,刘新语|陈炎松|靳泽宇,1,0,0,0,296,,board
2025,shanghai,A88,南通大学,屠零,王见祖|俞丞|仝乾,1,0,2,355,201,,board
2025,shanghai,C21,山东大学,SDU-ENG,钟以楠|陈方航|刘智豪,1,0,6,989,29,gold,board
2025,shanghai,E13,山东大学,电话微波炉（暂定）,詹靖杰|宿子腾|连君朴,1,0,6,962,27,gold,board
2025,shanghai,B63,山东大学,应用随机过程,苏岳|王源鑫|李玉庭,1,0,5,512,42,silver,board
2025,shanghai,B23,南京农业大学,没有人比我更懂AC,魏尧选|张博轩|黄子琰,1,0,2,480,215,,board
2025,shanghai,A41,广东工业大学揭阳校区,GDUTJY_揭宿乐队,刘子恒|林杰钗,1,0,0,0,296,,board
2025,shanghai,F51,西湖大学,开始AC的理想论,王志升|张益彰|张梓昱,1,0,2,487,218,,board
2025,shanghai,A13,西湖大学,轰炸机数学学院,武子宸|王宇涵|贾岚晴,1,0,3,539,131,bronze,board
2025,shanghai,F27,浙江机电职业技术大学,倒吊兔,洪志伦|游晨昕|陈宗全,1,0,2,384,203,,board
2025,shanghai,F42,西安工业大学,zhgg飞高高,肖若航|杨忠浩|王伟,1,0,2,339,195,,board
2025,shanghai,F22,云南大学,东方明珠下喝雪王,李健阳|王毅豪|吴一航,0,0,2,523,,,board
2025,shanghai,C67,国防科技大学,万有引力号,郭明辰|张锦霄|宋畅玮,1,0,2,341,196,,board
2025,shanghai,F18,哈尔滨工业大学,让HIT再次伟大,郭道玮|罗星宇|白恒宇,1,0,0,0,296,,board
2025,shanghai,D74,西安邮电大学,突然发了张外卡额我们就来了,刘冠宇|边玉顺|田霁阳,1,0,0,0,296,,board
2025,shanghai,B52,闽南师范大学,没有以前那么喜欢你了,庄瑜|庄子涵|陈云呈,1,0,1,145,242,,board
2025,shanghai,A33,韶关学院,Ciallo World,朱子睿|谢泽栩|冯诺维,1,0,0,0,296,,board
2025,shanghai,B53,中南民族大学,Offer四面八方来,李子安|方可|刘宽,1,0,2,270,176,bronze,board
2025,shanghai,A68,福建农林大学,FAFU幼儿园,严其旺|林学士|陈明扬,1,0,2,252,173,bronze,board
2025,shanghai,C44,天津大学,调一下午还不队,周北辰|王心桐|刘泽培,1,0,2,310,186,,board
2025,shanghai,F38,天津大学,WA不哇塞,赵文瑞|陈文韬|张文正,1,0,3,604,141,bronze,board
2025,shanghai,D54,浙江理工大学,ac超过5题，后无法通过AC,张浩|干佳立|项帅,1,0,5,644,49,silver,board
2025,shanghai,E41,浙江理工大学,对...对吗?对的对的,谢东|陈卓尔|穆杰,1,0,0,0,296,,board
2025,shanghai,C54,温州商学院,恭喜以上队伍获奖,高展|梁昊翔|沈铖飞,1,0,2,515,223,,board
2025,shanghai,D11,浙江农林大学,acm菜鸟,陈家乐|吴文超|毛亦秀,1,0,3,480,122,bronze,board
2025,shanghai,A44,四川农业大学,定义 整数 长 长,淡鹏宇|温政炜|秦宇涛,1,0,1,257,269,,board
2025,shanghai,E58,浙江农林大学,脑子逝去的夏天,郑天予|赵舒影|陈少凯,1,0,0,0,296,,board
2025,shanghai,D28,浙江工业大学,ZJUT6,李明锋|陈圣威|庄榕程,1,0,2,344,198,,board
2025,shanghai,B48,怀化学院,又幻想了,郑岳桓|孟正浩|陈皓,1,0,1,208,261,,board
2025,shanghai,A25,南京理工大学,你怎么知道我在四级考试得了433分,陈静波|彭锐政|刘懿臻,1,0,5,595,45,silver,board
2025,shanghai,D23,南京理工大学,做题一定要 AC,高昂|王玉毅|刘宇,1,0,1,147,244,,board
2025,shanghai,C48,南京理工大学,啊对对对,金子轩|凌励|邓浩宇,1,0,2,243,169,bronze,board
2025,shanghai,B46,广州城市理工学院,行至尽头,丘嘉文|韦力|荘铸,1,0,1,302,281,,board
2025,shanghai,E36,郑州轻工业大学,二分最优解,栗闫恒|夏高祥|任展麟,1,0,0,0,296,,board
2025,shanghai,D16,四川师范大学,一觉醒来世界算法水平下降一万倍,陈雨泉|罗志|刘航志,1,0,2,251,172,bronze,board
2025,shanghai,B17,湖北师范大学,重生之我们是黑红,胡玉灿|彭宇锐|黄有阳,1,0,1,249,267,,board
2025,shanghai,F65,太原理工大学,贪心优化者,郭超逸|聂致远|王炎博,1,0,0,0,296,,board
2025,shanghai,F36,南昌大学,雪月花,何超|满曜嘉|吴帅兵,1,0,2,278,178,bronze,board
2025,shanghai,C11,北京交通大学,不是我喜欢的罚时，直接无视,宋杲行|张恩崎|王俊宜,1,0,3,610,142,bronze,board
2025,shanghai,B51,北京交通大学,防雨,廖致涵|方阅|王禹凡,1,0,2,278,178,bronze,board
2025,shanghai,E61,东北大学秦皇岛分校,代码斩杀使-芙莉莲,何宇|刘浩然|钱祺亮,1,0,1,280,276,,board
2025,shanghai,E67,华南理工大学,Chickémon GO!,王奕凯|陈祖榆|张麟,1,0,5,862,68,silver,board
2025,shanghai,B61,浙江中医药大学,ZCMU2,邓文海|戴金诚|陈新准,1,0,0,0,296,,board
2025,shanghai,C77,苏州工学院,小刘小马和小牛马,马鸿建|方思珩|刘易,1,0,1,385,294,,board
2025,shanghai,D34,复旦大学,奶龙的小七,邹丰羽|沈高畅|姚奕,1,0,6,1100,35,silver,board
2025,shanghai,F21,复旦大学,五行缺金,林诗航|张勖扬|沈子轩,1,0,6,958,25,gold,board
2025,shanghai,D48,广东技术师范大学,阿伟从小就很可爱,黄宇凡|高睿梓|李苇森,1,0,3,430,116,bronze,board
2025,shanghai,A38,上海应用技术大学,这一天的AC，AC起来,项家挺|王圣涵|张健喆,1,0,1,332,287,,board
2025,shanghai,A86,北京科技大学,测试点全对,庞明宇|刘昊明泽|康伊德,1,0,1,314,284,,board
2025,shanghai,D17,华南理工大学,Regain Lost Courage,马成均|邵弈|欧天毅,1,0,5,943,76,silver,board
2025,shanghai,D24,东华理工大学,达拉崩吧斑得贝迪卜多比鲁翁,熊永荣|涂嘉乐|刘志翔,1,0,2,402,206,,board
2025,shanghai,C23,惠州学院,时茧织光,冼健民|孙昊|吴海杰,1,0,2,393,205,,board
2025,shanghai,E65,中国地质大学（武汉）,三人穿墙,孔梁思成|郭鲁庆|杨佳琪,1,0,0,0,296,,board
2025,shanghai,A46,东南大学,悄然谜响,陈琳昊|黄煜杰|周子航,1,0,1,170,250,,board
2025,shanghai,D82,山东科技大学,白羊号,吴佳璇|杨永智|冯湛博,1,0,2,345,199,,board
2025,shanghai,C46,山东科技大学,兰树号,王世奇|黄涛|周景然,1,0,0,0,296,,board
2025,shanghai,B82,浙江理工大学,星星1,刘羽睿|杨翼铭|童俊逸,0,0,1,249,,,board
2025,shanghai,A51,浙江理工大学,星星2,汪恒宇|方泽城|王乐陶,0,0,2,405,,,board
2025,shanghai,A57,河南师范大学,世终孤独,翟景旺|余锦昊|宁思禹,1,0,2,318,190,,board
2025,shanghai,C75,北京邮电大学,不是清北一队,许智彬|潘毅恒|杨浩琨,1,0,6,892,21,gold,board
2025,shanghai,F52,浙江工业大学之江学院,做博丽灵梦谈古明地恋睡古明地觉,钱嘉炜|徐锐|肖方涛,1,0,1,253,268,,board
2025,shanghai,C84,南京大学,悠扬华章,杨照华|沈悠然|谢邹阳,0,0,2,377,,,board
2025,shanghai,E22,河南师范大学,HTU一队,申海辰|任梓源|强锦铭,1,0,0,0,296,,board
2025,shanghai,A17,北京电子科技学院,学弟将带领电科院走向辉煌,于凯|邱贤达|岳金涛,1,0,3,476,121,bronze,board
2025,shanghai,F31,合肥工业大学,天天做早操队,韩昆桦|王腾昊|舒雨飞,1,0,3,502,125,bronze,board
2025,shanghai,C17,香港浸会大学,UU加速器,印无忧|张旭景|姜蒙,1,0,1,364,290,,board
2025,shanghai,C35,昆明理工大学,天青色,程继飏|樊睿|姚舜禹,1,0,1,259,270,,board
2025,shanghai,B45,湖南大学,235711,朱名扬|张世东|吕乐,1,0,5,754,58,silver,board
2025,shanghai,D12,湖南大学,三枪队,李江浩|刘良锐|周键泷,1,0,1,322,286,,board
2025,shanghai,C56,湖南大学,凌空摘星,朱潇庸|刘博文|陈梵,1,0,2,265,174,bronze,board
2025,shanghai,B41,南京航空航天大学,hum,黄子源|吕海亮|胡弘泰,1,0,5,916,71,silver,board
2025,shanghai,D32,南京航空航天大学,逸群之彦,王煜文|郑策|何东泽,1,0,2,343,197,,board
2025,shanghai,E32,南京航空航天大学,星群,徐皓|明昇|李立星,1,0,0,0,296,,board
2025,shanghai,A34,南京航空航天大学,Wrongtime Error,顾恒源|周子博|吴承骏,1,0,1,275,275,,board
2025,shanghai,A87,西北工业大学,temp,温智杰|田旃|蔡思博,1,0,2,487,218,,board
2025,shanghai,E42,厦门大学嘉庚学院,TFWrenches,吴宇轩|孟高奇|林宇翔,1,0,2,560,224,,board
2025,shanghai,A42,蒙古国立大学(Монгол Улсын Их Сургууль),NUM-Treaple,Enkh-Ochir Erdenebat|Bat-Orgil Bat-Amgalan|Tuvshinbayar Mandakh,1,0,2,1066,229,,board
2025,shanghai,F53,蒙古国立大学(Монгол Улсын Их Сургууль),N^3,Dugarjantsan Bilguun|Dalaitseren Ganbold|Bilguun Erkhembayar,1,0,2,417,209,,board
2025,shanghai,E62,华东师范大学第二附属中学紫竹分校,早已习惯最终孑然一身,包泽韬|毕洲铭|刘炀,0,0,7,1272,,,board
2025,shanghai,D85,上海稀宇极智科技有限公司,MiniMax 做大做强,罗泽建|姚顺|夏鹤鸣,0,0,8,996,,,board
2025,shanghai,F74,华为,人生，很搞笑吧,高宇|陈靖邦|黎伟诺,0,0,5,619,,,board
2025,shanghai,A22,上海大学,又可爱又厉害的大主播572总督群（4）,陶钧|麦骏|邱思宇,0,0,7,1141,,,board
2025,shanghai,A83,浙江省杭州第二中学,谁说队名不能乱取的,林骏烨|高墨锴,0,0,3,597,,,board
2025,shanghai,C25,上海星河湾双语学校,青,谈悦哲|高子期|李昱玮,0,0,0,0,,,board
2025,shanghai,B27,浙江金华第一中学,稳中向好,丁璐源|马平川|王马瑞,0,0,6,968,,,board
2025,shanghai,F68,浙江金华第一中学,丁香园第一个分,盛炫奕|李凯瑞|姚天浩,0,0,4,654,,,board
2025,shanghai,F73,卡内基梅隆大学,CMU-Team 04,Aakash Gokhale|黄伊诺|Nathan Ye,0,0,4,756,,,board
2025,shanghai,C71,上海市曹杨第二中学,超级激动狂喜,蔡弈凡|燕子何|李烨霖,0,0,6,950,,,board
2025,shanghai,D44,上海市曹杨第二中学,屈家军,王翊临|蒋周运|王韬淳,0,0,7,1125,,,board
2025,shanghai,B72,复旦大学,倒头就睡,张圣皓|朱翔宇|王瑞藻,0,0,8,824,,,board
2025,shanghai,D33,洛谷科技,西安市洛咕谷科技有限公司代表队,殷嘉鹏|方亦晨|陈儒恒,0,0,4,903,,,board
2025,shanghai,A36,洛谷科技,哈基米我拿杯洛队 Aya 谷奶龙,冯开淇|周漠曦轩|李雨泽,0,0,4,715,,,board
2025,shanghai,F72,湘潭大学,戏法空间,李子熙|田楚天|姜德琛,0,0,3,958,,,board
2025,shanghai,C28,嘉兴大学,从还没入学就开始找 acm 队想一起参加 icpc 拿银摸金打入 WorldFinal 得到 tourist 的肯定与 jiangly 同台竞技,张安逸|林渊涵|徐诚翰,0,0,1,306,,,board
2025,shanghai,F24,上海杉达学院,SANDAU-3,钱予珩|姜欣楠|张晟源,0,0,0,0,,,board
2025,shenyang,I_A01,阿坝师范学院,南蛮入侵,胡航|刘付焮|冯浩,1,0,3,764,348,,board
2025,shenyang,I_A02,哈尔滨工业大学（深圳）,溢出,李俊铖|谢明啸|李有维,1,0,4,315,80,silver,board
2025,shenyang,I_A03,南京理工大学,天梯赛 136，出击！,陈宇航|许廷阳|谭清海,1,0,4,331,83,silver,board
2025,shenyang,I_A04,大连理工大学,青雨归潮,冯子祥|刘炜|张轶哲,1,0,4,393,99,silver,board
2025,shenyang,I_A05,安徽大学,喵喵喵~,郑皓天|姚天翔|董劲豪,1,0,4,390,98,silver,board
2025,shenyang,I_A06,哈尔滨工业大学（威海）,重生在哈威wa铜,周鑫|左逸帆|黄泊淘,1,0,3,608,343,,board
2025,shenyang,I_A07,南京农业大学,銀花,王文圣|李嘉熙|周进,1,0,3,359,278,,board
2025,shenyang,I_A08,重庆邮电大学,流离之人追逐幻影,孙艺恒|欧阳馨|任明乾,1,0,3,371,285,,board
2025,shenyang,I_A09,安徽农业大学,客星璀璨之夜,韩贺宇|陈溪|程洛庆,1,0,3,256,230,bronze,board
2025,shenyang,I_A10,哈尔滨理工大学,哈理工08队SY,冉渝旭|刘名洋|王春龙,1,0,3,150,171,bronze,board
2025,shenyang,I_A11,南京师范大学,一年前的仇难道就不报了吗,陈竹阳|许添|胡立,1,0,3,565,338,,board
2025,shenyang,I_A12,西安欧亚学院,略去过程QED,林川翔|吴天乐|刘家瑞,1,0,4,526,130,bronze,board
2025,shenyang,I_A13,安徽师范大学,灰原哀说的都队,许居尚|高翔|火天宝,1,0,3,482,324,,board
2025,shenyang,I_A14,哈尔滨理工大学,哈理工01队SY,陈子权|黄策|王哲学,1,0,3,475,321,,board
2025,shenyang,I_A15,南京晓庄学院,不吃压力,黄齐|王思博|佘亦纲,1,0,3,263,233,bronze,board
2025,shenyang,I_A16,西安邮电大学,琪露诺带喵喵藜再飞一次,薛昊坤|周剑鑫|毋至晨,1,0,3,143,166,bronze,board
2025,shenyang,I_B01,安阳师范学院,舞舞舞（全队拉条）,周兴科|余卓豪|王枫,1,0,3,126,157,bronze,board
2025,shenyang,I_B02,哈尔滨商业大学,量子饺子机哈基米复杂度O(能过),王喆|林铭辉|董垣鑫,1,0,2,310,375,,board
2025,shenyang,I_B03,南京信息工程大学,替换失败并非错误,刘一鸣|龚敏|崔嘉豪,1,0,3,168,178,bronze,board
2025,shenyang,I_B04,西北大学,忆月葬雪,安俊杰|蒋宏烨|顾舜天,1,0,5,601,45,silver,board
2025,shenyang,I_B05,北方工业大学,落榜程序员,王思诚|周易|邵奕涵,1,0,4,354,88,silver,board
2025,shenyang,I_B06,杭州电子科技大学,杭电17队,朱永|陈铭浩|茹豪正,1,0,4,755,150,bronze,board
2025,shenyang,I_B07,南京邮电大学,Accepted is all you need,贲振豪|卫鸿飞|刘君涵,1,0,3,310,255,,board
2025,shenyang,I_B08,西北工业大学,学1维数组写2次剩余运行4次得8个警告16个错误余32根头发,涂思亮|陈玟|白昊明,1,0,2,191,365,,board
2025,shenyang,I_B09,北华大学,北华一队,秦翔宇|赵文浩|张鑫,1,0,3,430,310,,board
2025,shenyang,I_B10,杭州电子科技大学,杭电11队,张裼旭|黄昊|李俊达,1,0,4,422,105,silver,board
2025,shenyang,I_B11,南京邮电大学,故我在,宋名玮|曾援|周希明,1,0,3,482,324,,board
2025,shenyang,I_B12,西北工业大学,总湿摇篮,王梓恒|郭浩然|黄奕轩,1,0,4,535,135,bronze,board
2025,shenyang,I_B13,北京城市学院,DreamFire,党金鹏|姜耀东|张依林,1,0,3,212,201,bronze,board
2025,shenyang,I_B14,杭州电子科技大学,杭电8队,陈旭|罗立诚|陈瀚锐,1,0,3,284,245,,board
2025,shenyang,I_B15,南京邮电大学,XCPC | Wonderful Answer (久经沙场),陈华柯焱|陶顾韬|金宇轩,1,0,4,530,132,bronze,board
2025,shenyang,I_B16,西北工业大学,阿比斯深渊,吕昊临|欧阳家杰|黄知远,1,0,5,585,43,silver,board
2025,shenyang,I_C01,北京大学,为你而来,焦思源|周泽坤|徐恺,1,0,8,892,3,gold,board
2025,shenyang,I_C02,杭州电子科技大学,杭电5队,杨钧昊|徐中天|蔡睿诚,1,0,5,711,54,silver,board
2025,shenyang,I_C03,南开大学,数智省身_北闭小学旅游团,章壹程|郑奕杰|朱志彬,1,0,4,381,96,silver,board
2025,shenyang,I_C04,西北工业大学,wanna be free,程文楷|龚熙尧|尹新祥,1,0,6,743,19,gold,board
2025,shenyang,I_C05,北京大学,曾叶翔,官文翔|叶浩瀚|曾于轩,1,0,7,1329,16,gold,board
2025,shenyang,I_C06,杭州师范大学,槐花阴,胡文涵|王振晓|贾宜儒,1,0,3,651,346,,board
2025,shenyang,I_C07,南开大学,数智省身_缺乏灵感的菇,李佳璞|张宸笛号|黄尚扬,1,0,4,495,124,bronze,board
2025,shenyang,I_C08,西北农林科技大学,老九农,窦维嘉|段昊辰|李彤,1,0,3,268,236,bronze,board
2025,shenyang,I_C09,北京大学,不渡轮回,郭羽冲|沈吉滪|陈昕阳,1,0,12,1535,1,gold,board
2025,shenyang,I_C10,杭州师范大学,调和线束,张卓|何敏璐|温从锭,1,0,3,358,277,,board
2025,shenyang,I_C11,南开大学,数智省身_山西大学附属中学校,车昱辉|杨澍|王治中,1,0,5,583,42,silver,board
2025,shenyang,I_C12,西湖大学,西湖一队,陈子乐|江易娴|汪嘉俊,1,0,3,246,221,bronze,board
2025,shenyang,I_C13,北京大学,呆呆鸟,朱剑枫|王蔚澄|李羿辰,1,0,8,1051,4,gold,board
2025,shenyang,I_C14,杭州师范大学,知识学爆,王熠楠|叶志汉|金岸,1,0,3,308,253,,board
2025,shenyang,I_C15,南阳理工学院,那个队,叶昱彤|周硕涵|陈泺冰,1,0,3,181,184,bronze,board
2025,shenyang,I_C16,西湖大学,此时压力来到了我们队,刘振豪|杨宇恒|李品樟,1,0,5,632,49,silver,board
2025,shenyang,I_D01,北京工业大学,双翼翱翔,江云天|王赫|刘航奇,1,0,3,169,179,bronze,board
2025,shenyang,I_D02,杭州师范大学,我要对你实行我的AC专属权,葛宇逍|陈宇雯|陈玥汕,1,0,2,196,366,,board
2025,shenyang,I_D03,南阳师范学院,悬笔二绝,闵龙隆|黄雯建|王子龙,1,0,3,390,294,,board
2025,shenyang,I_D04,西南财经大学,编译通过就下班,王心瑶|林乐瑜|李甜甜,1,0,1,146,399,,board
2025,shenyang,I_D05,北京工业大学,铁牌也是牌,冯际鸣|李俊良|孔翔宇,1,0,5,973,61,silver,board
2025,shenyang,I_D06,合肥大学,一切都是命运石之门的选择,曾一凡|田润泽|邵新成,1,0,2,331,376,,board
2025,shenyang,I_D07,宁波大学,Bongo Cat,蔡昕洋|林泓杰|王泽豪,1,0,3,203,196,bronze,board
2025,shenyang,I_D08,西南财经大学,融化的梦,刘俊宏|刘勇杰|韩宇轩,1,0,3,404,303,,board
2025,shenyang,I_D09,北京航空航天大学,爱喝霸王茶姬的哈基米,沈培森|华晓飞|孙一弘,1,0,5,402,26,gold,board
2025,shenyang,I_D10,河北工程大学,喵喵喵,郭圳涛|王宇乐|牟昱霖,1,0,4,258,69,silver,board
2025,shenyang,I_D11,宁波大学,时间紧任务重,赵翰韬|黄博翼|汪博,1,0,4,491,122,bronze,board
2025,shenyang,I_D12,西南大学,星海,蒋天逸|李尹棋|李倬君,1,0,4,441,112,silver,board
2025,shenyang,I_D13,北京航空航天大学,双星很难吗？我rks12.66,刘睿知|金厚泽|陈文卓,1,0,4,556,138,bronze,board
2025,shenyang,I_D14,河北工业大学,正联退,刘弈廷|黄思惟|李瀚文,1,0,3,202,195,bronze,board
2025,shenyang,I_D15,莆田学院,斯库尔德,王羿捷|卢竑宇|缪高峰,1,0,3,310,255,,board
2025,shenyang,I_D16,西南科技大学,贡嘎雪山,陈阳|石申圆|杜嘉瑜,1,0,3,148,169,bronze,board
2025,shenyang,I_E01,北京航空航天大学,13 级大风,王肖鉴|敬若曦|李东骏,1,0,5,444,28,gold,board
2025,shenyang,I_E02,河北师范大学,可燃冰红茶,孙传炜|向清弘|李武,1,0,3,113,156,bronze,board
2025,shenyang,I_E03,齐鲁工业大学（山东省科学院）,寒芒照雪心,袁博|宋昊林|敬恩,1,0,1,61,395,,board
2025,shenyang,I_E04,西南民族大学,Two to Two,俞欣|韦慧欣|俞铭泽,1,0,3,412,305,,board
2025,shenyang,I_E05,北京化工大学,哎哟你干嘛,孙博文|张增鑫|陈翔钰,1,0,3,249,222,bronze,board
2025,shenyang,I_E06,河海大学,我们中出了一只奶龙,钱子恒|李昱泓|张紫轩,1,0,3,416,308,,board
2025,shenyang,I_E07,齐鲁工业大学（山东省科学院）,江盼流星雨,姜润超|陈安昕|高照翔,1,0,3,128,158,bronze,board
2025,shenyang,I_E08,香港城市大学（东莞）,让我们说中文！欢迎来到icpc的世界，你准备好成为icpc传奇了吗？,郭旺乐|郭刘翰文|袁浩航,1,0,3,366,281,,board
2025,shenyang,I_E09,北京化工大学,楪舞纷飞祈愿相随,倪亚伦|常钦保|林梓沛,1,0,3,502,329,,board
2025,shenyang,I_E10,河海大学,青春acm少女不会梦到黑红名学姐,廖开欣|刘宁|刘利娇,1,0,2,262,373,,board
2025,shenyang,I_E11,齐齐哈尔大学,FFT，快速AC变换,卢家昊|黄泽辉|廖君辉,1,0,2,164,358,,board
2025,shenyang,I_E12,香港科技大学,HKUST4,胡书睿|莫云翔|莫子龙,1,0,3,316,258,,board
2025,shenyang,I_E13,北京化工大学,挑灯寻梦,范力烨|江浩|周好,1,0,3,215,203,bronze,board
2025,shenyang,I_E14,河海大学,25时，在老年皮划艇打铁,江建谕|张天浩|杜泽恩,1,0,3,130,159,bronze,board
2025,shenyang,I_E15,青岛大学,水天一色,杜桂涛|杨子航|温瑞波,1,0,3,241,217,bronze,board
2025,shenyang,I_E16,香港科技大学（广州）,火龙果队,王子翔|黎殷豪|王浩然,1,0,3,366,281,,board
2025,shenyang,I_F01,北京建筑大学,已经找个班上了,朱智睿|王弘毅|张禾,1,0,4,558,139,bronze,board
2025,shenyang,I_F02,河海大学,从零开始的ACM生活,金炬光|曾国琳|罗誉,1,0,5,820,58,silver,board
2025,shenyang,I_F03,青岛科技大学,青科超人,王景冉|张中正|徐展鹏,1,0,3,415,307,,board
2025,shenyang,I_F04,香港科技大学（广州）,我坐戏子楼台前,郭沣|赖宣宇|宋锦儒,1,0,5,561,40,gold,board
2025,shenyang,I_F05,北京交通大学,同衢逐梦,王健晨|廖致涵|冯昱杰,1,0,3,207,198,bronze,board
2025,shenyang,I_F06,河南大学,在O(1)时间复杂度坠入爱河,陈鑫|严枫|李文举,1,0,3,390,294,,board
2025,shenyang,I_F07,泉州师范学院,123456789,王嘉铭|崔韩磊|阳捷,1,0,4,679,148,bronze,board
2025,shenyang,I_F08,香港科技大学（广州）,无限罚时制,王智渊|黎志凌|陈志屹,1,0,2,210,368,,board
2025,shenyang,I_F09,北京交通大学,请输入文本,江子俊|张宸宇|王禹凡,1,0,4,297,75,silver,board
2025,shenyang,I_F10,河南大学,不协和音程,曹家宁|孙小文|罗施达,1,0,5,525,36,gold,board
2025,shenyang,I_F11,厦门大学,我也想跟你们一样厉害,蔡欣琪|张锦雯|孙欣怡,1,0,3,514,331,,board
2025,shenyang,I_F12,香港中文大学,愛心魚蛋派,龙瑞希|周礼言|Thanapon Maiseaumsook,1,0,4,601,146,bronze,board
2025,shenyang,I_F13,北京交通大学,绮罗星距离,陈可致|杨展宇|李沛桐,1,0,6,965,25,gold,board
2025,shenyang,I_F14,河南理工大学,嘻嘻好运,李嘉琪|刘俞新|李星瑶,1,0,1,21,389,,board
2025,shenyang,I_F15,厦门大学,没能成为人,谢舜天|郑榜韬|陈浩泽,1,0,4,482,119,silver,board
2025,shenyang,I_F16,香港中文大学,放學後飲茶時間!!,翁泽辉|左正楠|杜景滔,1,0,3,215,203,bronze,board
2025,shenyang,I_G01,北京科技大学,顽强报名奖,潘涵|董瑞洋|姜皓凯,1,0,4,482,119,silver,board
2025,shenyang,I_G02,河南理工大学,河狸诸葛亮,蒲叶|常曜璘|张荣昌,1,0,3,235,212,bronze,board
2025,shenyang,I_G03,厦门大学嘉庚学院,普通和理所当然是什么,孙硕|卓子翔|黄俊华,1,0,3,734,347,,board
2025,shenyang,I_G04,香港中文大学,酒心魚蛋派,谢昶豪|黄进|卢沂锋,1,0,7,913,12,gold,board
2025,shenyang,I_G05,北京理工大学,动态树,齐轩宇|邱昌威|张家诚,1,0,4,257,68,silver,board
2025,shenyang,I_G06,河南农业大学,不搞抽象了,许博文|赵嘉驰|张云博,1,0,3,196,193,bronze,board
2025,shenyang,I_G07,厦门理工学院,杀马特团长，我踏马来辣,丁尔为|黄伟彬|郑炜钦,1,0,3,274,240,bronze,board
2025,shenyang,I_G08,香港中文大学（深圳）,聚散似浮萍,王中天|欧奕阳|苏祈骁,1,0,4,477,117,silver,board
2025,shenyang,I_G09,北京理工大学,树状数组,张振宇|高天翔|谭笑,1,0,5,626,48,silver,board
2025,shenyang,I_G10,河南师范大学,牛牛牛,刘资成|刚毅|赵恒,1,0,3,355,276,,board
2025,shenyang,I_G11,山东大学,AI随机生成,徐馨兰|张美伦|彭铄淇,1,0,3,138,163,bronze,board
2025,shenyang,I_G12,香港中文大学（深圳）,AC娘单推人,邵辰航|邓沣庭|潘彦,1,0,3,378,289,,board
2025,shenyang,I_G13,北京理工大学,我感觉我灵感枯竭了,曾梓木|彭浩然|袁靖,1,0,3,210,199,bronze,board
2025,shenyang,I_G14,河南师范大学,红鲤鱼与绿鲤鱼与红绿鲤鱼,杨泓延|郝国栋|张云翔,1,0,3,295,248,,board
2025,shenyang,I_G15,山东大学,海鸥灭火器,苏苏|王艺臻|刘子龙,1,0,6,648,18,gold,board
2025,shenyang,I_G16,香港中文大学（深圳）,米奇妙妙屋,张翔|庞天一|田佳畅,1,0,1,142,398,,board
2025,shenyang,I_H01,北京理工大学,世界这么大为什么来打a队,周塬森|易子恒|侴兴逸,1,0,2,155,356,,board
2025,shenyang,I_H02,黑龙江大学,超市神明的造物,连振翔|信自强|魏全宏,1,0,4,527,131,bronze,board
2025,shenyang,I_H03,山东大学,分形黄昏,卢俊宇|林星宇|郑睿杰,1,0,4,533,133,bronze,board
2025,shenyang,I_H04,湘潭大学,无名之辈,王兮|谭诚|吴凡雨,1,0,5,500,33,gold,board
2025,shenyang,I_H05,北京林业大学,本质高手,杨尧天|管穗京|张森柏,1,0,3,267,234,bronze,board
2025,shenyang,I_H06,黑龙江大学,惊人的老登,陈秋雨|张煦|何恩培,1,0,3,290,246,,board
2025,shenyang,I_H07,山东大学,我不曾忘记,燕学烨|孙语聪|杨师玉,1,0,3,214,202,bronze,board
2025,shenyang,I_H08,湘潭大学,冬月既朔,谢东骏|谢先皓|李名杰,1,0,4,202,62,silver,board
2025,shenyang,I_H09,北京林业大学,深度烧烤,戴正宇|李振梁|陈嘉轩,1,0,4,349,86,silver,board
2025,shenyang,I_H10,湖北工业大学,猫猫虫,谭宇杰|陈京宇|赵瑞杰,1,0,2,184,362,,board
2025,shenyang,I_H11,山东大学（威海）,青春蟒蛇少年不会梦到TLE学姐,刘艺航|陈甲申|刘旸,1,0,4,397,101,silver,board
2025,shenyang,I_H12,新疆大学,XJU_T7,于文硕|吴华威|雍景雄,1,0,3,187,188,bronze,board
2025,shenyang,I_H13,北京师范大学,象象,王宇畅|谢秋凡|赵宸,1,0,3,398,301,,board
2025,shenyang,I_H14,湖南城市学院,铁牌王,周忠武|黄家祥|曹杰林,1,0,3,160,173,bronze,board
2025,shenyang,I_H15,山东科技大学,星座号,彭越高|王文琪|陈新杰,1,0,1,35,391,,board
2025,shenyang,I_H16,新疆大学,Fatal Flag,张立|邱桐|陶文喆,1,0,3,523,335,,board
2025,shenyang,I_I01,北京师范大学,何以AC,王嘉炜|陈尧森|黄梓杰,1,0,3,178,182,bronze,board
2025,shenyang,I_I02,湖南大学,繁花,文卓|唐怡|陈辉煜,1,0,3,406,304,,board
2025,shenyang,I_I03,山东科技大学,柏林号,徐熙睿|岳立冬|张一炜,1,0,3,99,154,bronze,board
2025,shenyang,I_I04,燕山大学,燕大2队,黎睿涵|张翔硕|孙毅恒,1,0,3,260,232,bronze,board
2025,shenyang,I_I05,北京师范大学,高坂丽奈还没投票,陈博|张明杨|徐雁洲,1,0,3,162,176,bronze,board
2025,shenyang,I_I06,湖南大学,从零开始的算法竞赛生活,唐铭鑫|符敦钧|张浩翔,1,0,3,205,197,bronze,board
2025,shenyang,I_I07,山东科技大学,渡鸦号,宋明翰|邢子建|李屹然,1,0,3,148,169,bronze,board
2025,shenyang,I_I08,云南大学,星火,李健阳|王毅豪|张祖翊,1,0,2,184,362,,board
2025,shenyang,I_I09,北京师范大学,许愿出金不歪,卢红淇|王旭|应志浩,1,0,1,20,388,,board
2025,shenyang,I_I10,湖南大学,新希望,李宇湉|陈明亮|郭豪强,1,0,1,46,393,,board
2025,shenyang,I_I11,山东理工大学,我每天打ACM也没上瘾啊,杨庭硕|崔立栋|王佳丽,1,0,4,419,104,silver,board
2025,shenyang,I_I12,长安大学,SY赢一场吧,辜颖燊|刘葆骐|石瑶,1,0,3,102,155,bronze,board
2025,shenyang,I_I13,北京邮电大学,MC启动,李健|谭斯允|姜博然,1,0,4,408,103,silver,board
2025,shenyang,I_I14,湖南科技大学,馥梦繁花,胡博潇|毛祎昀|蒋心妍,1,0,3,145,167,bronze,board
2025,shenyang,I_I15,山东农业大学,绝密acm，堵判题机来,侯成国|孔文卓|孙浩天,1,0,1,46,393,,board
2025,shenyang,I_I16,长春理工大学,Pikachu,张华基|刘晋源|王建闳,1,0,1,12,386,,board
2025,shenyang,I_J01,北京邮电大学,我不道啊,陈启元|唐士淼|刘永琰,1,0,3,395,297,,board
2025,shenyang,I_J02,湖南理工学院,君不见高堂评测悲全WA,林卫昱|费峥宇|陈天好,1,0,3,397,300,,board
2025,shenyang,I_J03,山东师范大学,未言终局,张凯悦|王曦|杨静颖,1,0,1,41,392,,board
2025,shenyang,I_J04,长春理工大学,wrss说出门在外要保护好自己,李佳阳|满统勋|何宇航,1,0,3,311,257,,board
2025,shenyang,I_J05,北京邮电大学,此队伍名由AI生成,蔡芝林|张鲁豫|赵思涵,1,0,5,653,50,silver,board
2025,shenyang,I_J06,湖南农业大学,会赢的,李海芬|董振华|李南翃,1,0,4,534,134,bronze,board
2025,shenyang,I_J07,山东师范大学,哈气的基米不会爆零,程佳星|王永恺|宋文远,1,0,3,364,280,,board
2025,shenyang,I_J08,长沙理工大学,大白鹅,成捷|曾培翔|夏昱,1,0,3,582,340,,board
2025,shenyang,I_J09,北师香港浸会大学,西湖醋鱼,关越|杨博涵|吕路遥,1,0,2,102,351,,board
2025,shenyang,I_J10,湖南人文科技学院,教练说沈阳站可以坐飞机,周念祖|戴宇豪|孙洁龙,1,0,3,161,175,bronze,board
2025,shenyang,I_J11,陕西师范大学,线段树上长麦当劳,赵欣颖|谢黎涛|吴若晗,1,0,3,489,326,,board
2025,shenyang,I_J12,长沙理工大学,神马都是浮云,李欢麒|王凯旋|易子寒,1,0,3,145,167,bronze,board
2025,shenyang,I_J13,成都大学,乐邦詹士-八题释金牌,胡昱璠|罗志林|郭名伟,1,0,2,163,357,,board
2025,shenyang,I_J14,湖南师范大学,你想来一只旺仔奶龙吗,殷浩文|高嘉鑫|董爵硕,1,0,3,130,159,bronze,board
2025,shenyang,I_J15,上海财经大学,我们 AK ICPC,周振凯|史靖玮|陶晟昱,1,0,3,321,260,,board
2025,shenyang,I_J16,长沙学院,我不写dp,曾俊|杨李兵|张方林,1,0,3,252,227,bronze,board
2025,shenyang,I_K01,成都理工大学,国际漫游,刘俊|陈宇枫|杨轩宇,1,0,4,762,151,bronze,board
2025,shenyang,I_K02,湖南师范大学,刻板印象,陈碧晖|朱雯娜|钟秋乐,1,0,3,188,190,bronze,board
2025,shenyang,I_K03,上海大学,鼠SHU不想WA,尚锦浩|陈启鸿|刘洲宏,1,0,2,116,352,,board
2025,shenyang,I_K04,浙大城市学院,AC控,虞子琰|易仁喜|吴锦豪,1,0,1,109,397,,board
2025,shenyang,I_K05,成都信息工程大学,鼠鼠大王,韦彦祖|魏章博|莫政君,1,0,3,339,270,,board
2025,shenyang,I_K06,湖州师范学院,榜多利一次迈够,孙新皓|欧阳许多|金凯杰,1,0,2,180,360,,board
2025,shenyang,I_K07,上海大学,寒蝉鸣泣之时,李嘉诚|阮一城|邢儒戈,1,0,3,519,334,,board
2025,shenyang,I_K08,浙大宁波理工学院,仿生小猫会遇见电子阿雅吗？,刘佳乐|丁智宇|叶仲豪,1,0,3,270,238,bronze,board
2025,shenyang,I_K09,成都信息工程大学,还在为她患得患失吗,张顺军|杨鹏|权雨帆,1,0,3,302,249,,board
2025,shenyang,I_K10,华北电力大学（保定）,红绿色奶龙,朱浩宇|刘强|黄佳乐,1,0,3,480,323,,board
2025,shenyang,I_K11,上海大学,i32,韦杰恒|邱吉睿|陈勇,1,0,4,351,87,silver,board
2025,shenyang,I_K12,浙江财经大学,罚时艺术家ICPC特别版,张孝顺|沈乐琰|叶涛瑞,1,0,2,342,378,,board
2025,shenyang,I_K13,大连东软信息学院,algo学长这招太狠了,任彦成|李双阳|贺宣宁,1,0,3,491,327,,board
2025,shenyang,I_K14,华北理工大学,梦想成为ICPC高手,林凯|陈焜|于千智,1,0,3,463,317,,board
2025,shenyang,I_K15,上海大学,我们仍未知道那天金牌题的做法,董晨阳|焦艺峰|蔡轩,1,0,4,434,109,silver,board
2025,shenyang,I_K16,浙江大学,小蜜蜂,陈子谦|俞博|靳鹏举,1,0,4,312,79,silver,board
2025,shenyang,I_L01,大连海事大学,看榜吃wa,宋昊霖|刘欣晨|王满阳,1,0,2,410,383,,board
2025,shenyang,I_L02,华东理工大学,华理算法皇帝霸气侧漏毁天灭地,丁文翰|曾子航|景梓云,1,0,5,653,50,silver,board
2025,shenyang,I_L03,上海第二工业大学,⑨,何易|马韩明轩|刘俊威,1,0,2,130,354,,board
2025,shenyang,I_L04,浙江大学,乘着西风出发喽！,严子轩|张湫阳|侯之远,1,0,9,1217,2,gold,board
2025,shenyang,I_L05,大连海事大学,雀魂低手,刘震|戈晟年|卞一名,1,0,3,387,292,,board
2025,shenyang,I_L06,华东理工大学,飞向边界杯,傅正航|朱晨煊|胡观复,1,0,4,383,97,silver,board
2025,shenyang,I_L07,上海电力大学,402 Payment Required,林奕恒|徐思睿|杨逸凡,1,0,3,593,341,,board
2025,shenyang,I_L08,浙江工商大学,魔法火焰,邬子阳|徐晓轩|詹海吉,1,0,4,480,118,silver,board
2025,shenyang,I_L09,大连海事大学,Debug不如喝奶茶,李涵杨|陆宸熠|童恒奕,1,0,1,61,395,,board
2025,shenyang,I_L10,华东师范大学,东中国瓷器大学,潘延霖|俞啸海|陈苏杭,1,0,4,365,90,silver,board
2025,shenyang,I_L11,上海交通大学,青蘋之末,谭钧豪|江若泓|朱添翼,1,0,7,909,11,gold,board
2025,shenyang,I_L12,浙江工业大学,ZJUT9,刘伯亮|郭谨志|王锦燊,1,0,3,339,270,,board
2025,shenyang,I_L13,大连交通大学,火箭汪汪队,丁留安|矫金明|周涛,1,0,2,436,385,,board
2025,shenyang,I_L14,华东师范大学,与夏之花,谢书骁|杜霖|程籽实,1,0,6,867,22,gold,board
2025,shenyang,I_L15,上海科技大学,"scanf(""%s"",name)",徐振羽|王子睿|张哲轩,1,0,4,474,116,silver,board
2025,shenyang,I_L16,浙江工业大学,ZJUT6,李明锋|陈圣威|庄榕程,1,0,3,516,332,,board
2025,shenyang,I_M01,大连理工大学,评测机我来给你踩踩背,蓝海洋|陈德威|吴锡奎,1,0,3,342,272,,board
2025,shenyang,I_M02,华东师范大学,mex｛fe，cu，ag｝,刘俊毅|严之皓|王江扬,1,0,4,807,152,bronze,board
2025,shenyang,I_M03,上海科技大学,渊渟岳峙队,付余阳光|李卓轩|陈冠宇,1,0,4,454,113,silver,board
2025,shenyang,I_M04,浙江科技大学,这个真好吃nya,吴家炜|朱哲|陈佳鹏,1,0,3,412,305,,board
2025,shenyang,I_M05,大连理工大学,大连理工四队,汪瀚声|吴胤祺|孟家祺,1,0,4,513,128,bronze,board
2025,shenyang,I_M06,华南理工大学,Heaven's Lost Property,黄嘉坤|何嘉骅|陆韦陶,1,0,3,178,182,bronze,board
2025,shenyang,I_M07,上海理工大学,云雾夜,李俊毅|王嘉程|周天昊,1,0,3,350,275,,board
2025,shenyang,I_M08,浙江理工大学,幻想郷最強伝説と完全で瀟洒な従者!十六夜咲夜です,张峻松|陈卓尔|黄晨康,1,0,3,420,309,,board
2025,shenyang,I_M09,大连理工大学,关注带工喵，关注带工谢谢喵(≧^.^≦),徐昊天|毛谦韵|李泽与,1,0,5,733,56,silver,board
2025,shenyang,I_M10,华南理工大学,Callmeplayxcpc,吕浩天|梁立州|徐睿,1,0,5,475,31,gold,board
2025,shenyang,I_M11,上海理工大学,距离2026年全国硕士研究生招生考试还有34天,章振杰|张皓宇|董柯演,1,0,4,333,84,silver,board
2025,shenyang,I_M12,浙江理工大学,CF 关注 Fantasy_Blue 谢谢喵,姚仁杰|任麒源|卢一鸣,1,0,5,452,29,gold,board
2025,shenyang,I_M13,大连理工大学城市学院,击碎黑暗,闫屹伟|高小柯,1,0,3,293,247,,board
2025,shenyang,I_M14,华南农业大学,哇这个好可爱啊喵>w<,邓皓泽|黄卓铭|李炫彰,1,0,3,226,209,bronze,board
2025,shenyang,I_M15,上海纽约大学,上纽1队,郭凯越|刘濮铭|许诗栋,1,0,3,368,283,,board
2025,shenyang,I_M16,浙江理工大学,完美潇洒女仆长,胡涛|颜林浩|陈足楷,1,0,4,515,129,bronze,board
2025,shenyang,I_N01,大连民族大学,何意味,王玲|赵烺|廖立华,1,0,3,368,283,,board
2025,shenyang,I_N02,华南农业大学,三个键盘手也能组一辈子的乐队吗？,谭伟杰|陈钢|颜乾彪,1,0,3,210,199,bronze,board
2025,shenyang,I_N03,上海师范大学,赛前不小心通宵了,张越群|李睿|姜启材,1,0,3,439,311,,board
2025,shenyang,I_N04,浙江农林大学,植物僵尸,包涵|杨一郎|卢建涛,1,0,4,422,105,silver,board
2025,shenyang,I_N05,大连理工大学盘锦校区,再一次,刘腾予|齐思博宇|苏汉升,1,0,3,304,250,,board
2025,shenyang,I_N06,华南农业大学,其实错完了,钟启航|袁菱|江煊杰,1,0,3,221,205,bronze,board
2025,shenyang,I_N07,绍兴理工学院,讨厌字符串数论构造,陈佳俊|谢琳涵|马莉斯,1,0,3,95,153,bronze,board
2025,shenyang,I_N08,浙江农林大学,Blessing,程培哲|潘宇健|罗俊升,1,0,3,249,222,bronze,board
2025,shenyang,I_N09,大连外国语大学,std::mt19937,邱毓|王君惠|郭航旗,1,0,2,213,370,,board
2025,shenyang,I_N10,华南师范大学,MoE parallelism is all you need,李寿炜|严雍泽|吴彪生,1,0,4,585,143,bronze,board
2025,shenyang,I_N11,绍兴文理学院,大宝一刀把复杂度劈成O(1)了,贺克屿|曹安迪|余振东,1,0,3,492,328,,board
2025,shenyang,I_N12,浙江农林大学,天河圣芒斩,任益超|陈柳|朱冠霖,1,0,5,465,30,gold,board
2025,shenyang,I_N13,电子科技大学,UESTC_______,林子豪|吕东阳|赵聪,1,0,5,905,60,silver,board
2025,shenyang,I_N14,华南师范大学,A了这题就吃麦旋风,袁浩轩|黄家谦|侯俊宇,1,0,4,289,73,silver,board
2025,shenyang,I_N15,深圳大学,扣1生成队名,邹文博|陈昂雄|杨毅博,1,0,4,346,85,silver,board
2025,shenyang,I_N16,浙江师范大学,"主包,主包,这一次能拿牌吗?",汪暄暄|陈佳宜|金涵博,1,0,3,361,279,,board
2025,shenyang,I_O01,电子科技大学,UESTC_MatchaParfait,李鸣宇|滕鎧泽|孙博林,1,0,5,565,41,silver,board
2025,shenyang,I_O02,华中科技大学,棍十六,王子石|刘嘉恒|郭梓洋,1,0,4,315,80,silver,board
2025,shenyang,I_O03,深圳大学,待甲为四才弊,张博汉|姜顺元|梅刚浩,1,0,3,165,177,bronze,board
2025,shenyang,I_O04,浙江师范大学,面向样例贪心,周纪恺|陈智|姜翔元,1,0,4,601,146,bronze,board
2025,shenyang,I_O05,电子科技大学,UESTC_desuwa,包航|雷霖|覃子睿,1,0,6,902,24,gold,board
2025,shenyang,I_O06,华中科技大学,再过一题,邱卓珩|孙航雨|王凯俊,1,0,4,596,144,bronze,board
2025,shenyang,I_O07,深圳大学,哥们这桌就你自己打ICPC啊，你看你WA都飞我提交页面上了,肖俊祺|温家燊|廖昱堃,1,0,4,266,71,silver,board
2025,shenyang,I_O08,浙江师范大学,ACM（★）| 花开富贵（崭新出厂）,张之娴|李燕斌|吴昂泽,1,0,3,154,172,bronze,board
2025,shenyang,I_O09,电子科技大学,UESTC_BYR,张诗杨|幸子豪|郑祯宇,1,0,5,621,47,silver,board
2025,shenyang,I_O10,华中科技大学,落叶知秋,俞仲遥|臧业乾|麦骏,1,0,5,509,34,gold,board
2025,shenyang,I_O11,深圳技术大学,SZTU_睡一觉就AC,邓浩盛|孟晖|王枫,1,0,3,460,316,,board
2025,shenyang,I_O12,浙江万里学院,终将成为你,关天泽|马康博|叶仁杰,1,0,3,506,330,,board
2025,shenyang,I_O13,电子科技大学中山学院,超级卡比呆猫在ICPC现场推广错误贪心,谭昊|徐子希|雷旻屹,1,0,3,242,218,bronze,board
2025,shenyang,I_O14,华中农业大学,一支队伍,蒋志恩|付波|彭传钰,1,0,3,331,265,,board
2025,shenyang,I_O15,深圳职业技术大学,逐光掠影,胡峰贤|陈泽锦|黄勇文,1,0,4,569,141,bronze,board
2025,shenyang,I_O16,浙江育英职业技术学院,育英五队,胡壹楠|吴玥葳|陈旌,1,0,2,199,367,,board
2025,shenyang,I_P01,东北大学秦皇岛分校,蓦然回首,陈天文|尚昀飞|龚唯涵,1,0,2,256,372,,board
2025,shenyang,I_P02,华中师范大学,射杀太阳,李坤霖|陈晓鸣|史家业,1,0,4,439,110,silver,board
2025,shenyang,I_P03,沈阳航空航天大学,放肆，再让我听到这样的话，我就扎聋自己的耳朵,张彦泽|王禹丁|卢涵,1,0,3,398,301,,board
2025,shenyang,I_P04,郑州大学,样例没过但ac,周政|薛天齐|吴鑫,1,0,3,270,238,bronze,board
2025,shenyang,I_P05,东北大学秦皇岛分校,你从来没觉得打算法竞赛快乐过,焦一晟|秦浩越|张景皓,1,0,3,468,318,,board
2025,shenyang,I_P06,华中师范大学,T34-灰风,刘孟谦|杨璟欣|彭雅晨,1,0,3,244,219,bronze,board
2025,shenyang,I_P07,沈阳化工大学,凭什么不让我们训练,徐兴球|唐旌伦|王绍印,1,0,2,270,374,,board
2025,shenyang,I_P08,郑州大学,芙宁娜的小蛋糕,杨光|徐钧杰|朱锦昊,1,0,3,324,262,,board
2025,shenyang,I_P09,东北大学秦皇岛分校,恋的零次方,李昌岳|杨开元|陈奕晨,1,0,4,538,136,bronze,board
2025,shenyang,I_P10,惠州学院,那年人杰地灵,钟剑益|刘培烁|刘炫桐,1,0,4,487,121,bronze,board
2025,shenyang,I_P11,沈阳理工大学,不祈者,闻家尉|丁成龙|户天野,1,0,3,329,264,,board
2025,shenyang,I_P12,郑州经贸学院,最后的阿比盖尔之花,王哲|席玮辰|张海乐,1,0,3,191,191,bronze,board
2025,shenyang,I_P13,东北大学秦皇岛分校,傲娇白毛萝莉,林一昕|胡淞玮|王敏军,1,0,2,378,382,,board
2025,shenyang,I_P14,吉林大学,所谓算无遗策,栗铭远|李佳析|于翔,1,0,4,270,72,silver,board
2025,shenyang,I_P15,沈阳农业大学,在0812和0854之间选择了0721,苏紫辰|金龙杰|杨权恒,1,0,1,15,387,,board
2025,shenyang,I_P16,中北大学,ACMer转生，到了xcpc就拿出0721次罚时,杨庆伟|王泽仁|李镇道,1,0,3,255,229,bronze,board
2025,shenyang,I_Q01,东北林业大学,文酱の万事屋,肖高|程风帆|戈群翔,1,0,3,338,269,,board
2025,shenyang,I_Q02,吉林大学,罚时天王,钟姝伶|鞠学深|李雨隆,1,0,3,138,163,bronze,board
2025,shenyang,I_Q03,沈阳师范大学,今夜，星光灿烂,章传亮|谌致远|李文杰,1,0,3,224,207,bronze,board
2025,shenyang,I_Q04,中国传媒大学,嗷呜呜呜,李鑫贺|吕梓扬|常行健,1,0,3,450,312,,board
2025,shenyang,I_Q05,东北林业大学,其实我更会种树,王中宇|李轶|吕亮,1,0,4,316,82,silver,board
2025,shenyang,I_Q06,吉林大学,火箭毛毛虫,康德润|刘雅奇|程宇星,1,0,4,404,102,silver,board
2025,shenyang,I_Q07,四川大学,你们在干什么喵？在罚时喵！补药罚我时喵！,王凯睿|张翰辰|赵勇哲,1,0,3,183,186,bronze,board
2025,shenyang,I_Q08,中国传媒大学,天衣无缝,马博浩|朱思彤|张雨姗,1,0,4,741,149,bronze,board
2025,shenyang,I_Q09,东北农业大学,"One Shot,One AC",杨煜|史东伟|杨家浩,1,0,3,375,286,,board
2025,shenyang,I_Q10,吉林大学,终焉夜雨,席乐媛|欧阳承风|唐德睿,1,0,4,265,70,silver,board
2025,shenyang,I_Q11,四川大学,幸福女同,晏然|王文京|杨欣渝,1,0,4,559,140,bronze,board
2025,shenyang,I_Q12,中国传媒大学,汗流浃背了对不队,邱千柔|魏钰杰|付钰茜,1,0,2,426,384,,board
2025,shenyang,I_Q13,东北师范大学,深度睡眠,张稷穗|赵新睿|缪弘毅,1,0,3,244,219,bronze,board
2025,shenyang,I_Q14,集美大学,是个名就行,王志珑|林敬炜|林卓毅,1,0,3,186,187,bronze,board
2025,shenyang,I_Q15,四川大学,熊猫茶盐鸭,夏知齐|张逸涵|邹昔贝,1,0,4,433,107,silver,board
2025,shenyang,I_Q16,中国传媒大学,葬送的acmer与香辛料,李善朔|余逸阳|赵俊凯,1,0,4,300,76,silver,board
2025,shenyang,I_R01,东北师范大学,运行错误,齐昊坤|曹勇麟|周文琦,1,0,4,256,67,silver,board
2025,shenyang,I_R02,济南大学,铁血冷血热血之忍,贾甦瑞|李军翰|王孜博,1,0,3,376,287,,board
2025,shenyang,I_R03,四川大学,算法捕猎队,付乙淼|陈启越|黄雨阳,1,0,4,229,65,silver,board
2025,shenyang,I_R04,中国地质大学（北京）,O泡果奶要要要,林珈丞|熊凌玉|秦郅涵,1,0,4,494,123,bronze,board
2025,shenyang,I_R05,东莞理工学院,心态就是力量,黄海|林恬烁|林志龙,1,0,5,539,37,gold,board
2025,shenyang,I_R06,济南大学,暴力出奇迹联盟,丁子祥|王基懿|孙孟琦,1,0,3,347,274,,board
2025,shenyang,I_R07,四川师范大学,写都写了，交一发吧,唐宇|武恒|李嘉乐,1,0,3,594,342,,board
2025,shenyang,I_R08,中国地质大学（北京）,AC搬运机,吴浩炀|翁子竣|文浩名,1,0,3,380,290,,board
2025,shenyang,I_R09,东华大学,种树东华,程政凯|胡俞希|崔麒锐,1,0,3,250,225,bronze,board
2025,shenyang,I_R10,暨南大学,毛毛虫就是正解,梁子龙|郑天翔|姚沛雨,1,0,3,141,165,bronze,board
2025,shenyang,I_R11,苏州大学,憧憬成为算竞糕手,张天伦|余睿|朱昊文,1,0,5,845,59,silver,board
2025,shenyang,I_R12,中国地质大学（武汉）,文神的最后一舞,杨家鹤|魏忠强|李泽文,1,0,2,144,355,,board
2025,shenyang,I_R13,东华大学,福音摇滚,钟卓远|刘亚锐|程君豪,1,0,3,222,206,bronze,board
2025,shenyang,I_R14,江南大学,最菜的一集,杨一哲|周辰屹|钱逸晗,1,0,3,458,315,,board
2025,shenyang,I_R15,台州学院,与太阳同在,王若琰|俞熠聪|章智超,1,0,2,189,364,,board
2025,shenyang,I_R16,中国计量大学,樱梦殇,倪晓宇|赖俊文|李熠轩,1,0,3,182,185,bronze,board
2025,shenyang,I_S01,东南大学,无穷乌鸦之王,周启凡|魏子何|顾凌晗,1,0,4,366,91,silver,board
2025,shenyang,I_S02,江西财经大学,我从丹东来，抽中真嗨77,肖俊杰|黄亦诚|彭俊杰,1,0,3,200,194,bronze,board
2025,shenyang,I_S03,台州学院,我不吃AC,严忠楠|何俊豪|曹景程,1,0,4,510,127,bronze,board
2025,shenyang,I_S04,中国科学技术大学,这一世，我转生到了ustc,俞程|陈子载|王天竹,1,0,7,1110,15,gold,board
2025,shenyang,I_S05,东南大学,三英荟寝室,靳赫涛|杜鑫研|毛周祥,1,0,5,815,57,silver,board
2025,shenyang,I_S06,江西农业大学,领航者,刘圣丰|吴楚扬|江柏霖,1,0,3,384,291,,board
2025,shenyang,I_S07,天津大学,天大9队,李佳璘|刘天轩|冯开淇,1,0,4,308,78,silver,board
2025,shenyang,I_S08,中国科学技术大学,冯诺曼波,陈鑫|梁家瑞|黄嘉玮,1,0,5,550,39,gold,board
2025,shenyang,I_S09,福建理工大学,指定没你好果子吃,卓陈名喆|叶礼豪|吴嘉杰,1,0,3,475,321,,board
2025,shenyang,I_S10,江西师范大学,JXNU_酱香拿铁,唐夏雨|邱滋杨|程慧鸣,1,0,2,368,381,,board
2025,shenyang,I_S11,天津大学,WA自动机,郭智柯|丁浩然|曾瑞,1,0,4,508,126,bronze,board
2025,shenyang,I_S12,中国科学技术大学,摸鱼之魂终将归来,温家睿|林度|陈凌峰,1,0,7,875,9,gold,board
2025,shenyang,I_S13,福建师范大学,超级飞侠快使用后仰跳投。,魏陈源|陈屹城|李舒韩,1,0,3,280,243,,board
2025,shenyang,I_S14,昆明理工大学,爱神，自惊艳中诞生,李若愚|彭云川|刘浩天,1,0,3,194,192,bronze,board
2025,shenyang,I_S15,天津工业大学,良田满穗,侯仁正|应嘉宇|李翊萌,1,0,3,259,231,bronze,board
2025,shenyang,I_S16,中国科学院大学,面无波澜,马宇骏|邱宇峰|蔡钟渔,1,0,3,267,234,bronze,board
2025,shenyang,I_T01,福州大学,世末歌者,郎易恒|方林升|王盛明,1,0,4,215,63,silver,board
2025,shenyang,I_T02,昆山杜克大学,DueKillU,冯昊扬|吴以恒|Bilol Abdilxayev,1,0,3,396,299,,board
2025,shenyang,I_T03,天津理工大学,续章&&序章,李衍硕|陆思成|成冰阳,1,0,3,240,216,bronze,board
2025,shenyang,I_T04,中国科学院大学,动态数组,张高翔|张家诚|陈麒安,1,0,4,301,77,silver,board
2025,shenyang,I_T05,福州大学,我什么都做不到,王镜翔|林陈邦|吴玮航,1,0,4,600,145,bronze,board
2025,shenyang,I_T06,兰州大学,迷途之子,吕澎|吴晨阳|张恩彬,1,0,6,857,21,gold,board
2025,shenyang,I_T07,同济大学,菜的 Fe 弃子队,付伟吉|宋冠程|杨欣然,1,0,4,222,64,silver,board
2025,shenyang,I_T08,中国矿业大学,抽奖,龚子贤|黄科海|梁浩均,1,0,4,462,114,silver,board
2025,shenyang,I_T09,复旦大学,做AC梦,张一博|王子铭|李泽昊,1,0,6,828,20,gold,board
2025,shenyang,I_T10,兰州大学,今晚来我床上打三国杀,曹家硕|沈天辰|张照博,1,0,3,237,214,bronze,board
2025,shenyang,I_T11,同济大学,于离别之朝束起约定之花,高胜寒|刘诗奇|靳嘉成,1,0,7,904,10,gold,board
2025,shenyang,I_T12,中国矿业大学（北京）,邪恶三角形,梁凯|崔文水|杜若琳,1,0,4,377,95,silver,board
2025,shenyang,I_T13,复旦大学,所以我们队名叫啥 [思考],曾添琪|郑杞珩|李天呈,1,0,5,611,46,silver,board
2025,shenyang,I_T14,辽宁大学,月影宵行,高斐鸿|夏宇杰|庞宇呈,1,0,3,277,242,,board
2025,shenyang,I_T15,温州大学,温大七队,陆川|金哲|周文博,1,0,2,210,368,,board
2025,shenyang,I_T16,中国民航大学,非暴力不ac,梁永琰|孙皓|耿曼淳,1,0,3,331,265,,board
2025,shenyang,I_U01,广东东软学院,再拿一个银她就会回来找我,朱梓瀚|黄琳峰|黄炜填,1,0,2,174,359,,board
2025,shenyang,I_U02,辽宁工程技术大学,工大新起始,宁德瑞|李加鑫|赵一沣,1,0,1,33,390,,board
2025,shenyang,I_U03,温州大学,温大十队,管焌羽|是凯宁|周圣涵,1,0,3,391,296,,board
2025,shenyang,I_U04,中国农业大学,虚空漫游者,毛鹏浩|季楷翔|邹雷,1,0,3,469,319,,board
2025,shenyang,I_U05,广东工业大学,起名最麻烦了,陈锦清|梁永洪|林梓豪,1,0,3,253,228,bronze,board
2025,shenyang,I_U06,辽宁科技大学,进击的奶龙,吴炳熠|刘炀|方啸阳,1,0,3,839,349,,board
2025,shenyang,I_U07,温州商学院,恭喜以上队伍获奖,高展|薛骏诚|梁昊翔,1,0,3,187,188,bronze,board
2025,shenyang,I_U08,中国人民大学,睡眠零队,吴致楷|张梓桐|段宇哲,1,0,5,475,31,gold,board
2025,shenyang,I_U09,广东工业大学,静声,谢嘉骏|袁镇清|许晓喆,1,0,3,225,208,bronze,board
2025,shenyang,I_U10,临沂大学,kmp,王琦|李国伟|黄鑫,1,0,3,388,293,,board
2025,shenyang,I_U11,武汉大学,轰炸机征友,扶阳|黄欣岚|张子红,1,0,3,136,162,bronze,board
2025,shenyang,I_U12,中国人民大学,Distance,颜黎|江易洋|施涵森,1,0,7,997,14,gold,board
2025,shenyang,I_U13,广东工业大学,不qwq,廖家健|欧俊希|冯天翔,1,0,3,237,214,bronze,board
2025,shenyang,I_U14,鲁东大学,卤蛋栋梁,朱乐民|王义超|陈真棒,1,0,3,634,345,,board
2025,shenyang,I_U15,武汉大学,西柚柠檬气泡水,徐嘉浩|陶赞宇|金润禾,1,0,4,244,66,silver,board
2025,shenyang,I_U16,中国人民解放军网络空间部队信息工程大学,重生之我在信大,闫国基|王宇轩|胡轲帆,1,0,3,317,259,,board
2025,shenyang,I_V01,广东技术师范大学,路边三条豆包,高睿梓|陈政柱|陈锦旺,1,0,2,117,353,,board
2025,shenyang,I_V02,南昌大学,我不想当WA学弟,谢星航|汪宇翔|梁锦超,1,0,4,466,115,silver,board
2025,shenyang,I_V03,武汉大学,我可以在这里一雪前耻吗,丁启航|李书纬|黄祯,1,0,5,731,55,silver,board
2025,shenyang,I_V04,中国石油大学（北京）克拉玛依校区,有没有idea,梁博雅|董玉贤|刘东升,1,0,2,180,360,,board
2025,shenyang,I_V05,广东外语外贸大学,最棒的小羊,麦思睿|梁国祥|王祉乔,1,0,3,281,244,,board
2025,shenyang,I_V06,南昌航空大学,码力全开,李毅伟|曾葵炫|雷林平,1,0,3,395,297,,board
2025,shenyang,I_V07,武汉大学,春日延长计划,陈茂源|胡方驰|万博文,1,0,4,372,93,silver,board
2025,shenyang,I_V08,中国石油大学（华东）,UPC2035,吕恒欣|袁露菡|杨皓月,1,0,3,376,287,,board
2025,shenyang,I_V09,广西大学,队名wa2了,郑毅|杜永坤|陈君屹,1,0,4,355,89,silver,board
2025,shenyang,I_V10,南方科技大学,南方科技大学-希尔万,谢沁鑫|王思忧|孙守毅,1,0,3,342,272,,board
2025,shenyang,I_V11,武汉大学,秘封俱乐部,李佳隆|熊师飏|潘非,1,0,8,1121,5,gold,board
2025,shenyang,I_V12,中国石油大学（华东）,UPC2021,张兴硕|李治欣|王祾祯,1,0,4,551,137,bronze,board
2025,shenyang,I_V13,广西师范大学,哦吼吼吼吼吼,王功磊|詹炜翔|李娇娇,1,0,3,306,251,,board
2025,shenyang,I_V14,南方科技大学,南方科技大学-哈奇马斯,王惠民|丁哲昊|李滨,1,0,3,322,261,,board
2025,shenyang,I_V15,武汉纺织大学,满月三人组,范赫|钟宇峰|游为与,1,0,2,343,379,,board
2025,shenyang,I_V16,中国石油大学（华东）,UPC2005,王钧泽|吉时渊|黄升钦,1,0,2,75,350,,board
2025,shenyang,I_W01,广州大学,宵宫流萤,陈思翀|曹志成|张正浩,1,0,3,276,241,,board
2025,shenyang,I_W02,南方科技大学,南方科技大学-连科兰,曾沛宸|光熠阳|张业琛,1,0,4,439,110,silver,board
2025,shenyang,I_W03,武汉工程大学,我想吃掉你的金牌,乔翊展|邓文豪|曾宪理,1,0,3,456,314,,board
2025,shenyang,I_W04,中南大学,go学长拒绝wa学弟,王宇涵|廖洋|张卓然,1,0,3,232,211,bronze,board
2025,shenyang,I_W05,广州大学,哈基米南北绿多,李轩|周昊焌|杨尚华,1,0,3,268,236,bronze,board
2025,shenyang,I_W06,南京大学,九九,朱伟鹏|张宸源|许世泽,1,0,4,578,142,bronze,board
2025,shenyang,I_W07,武汉科技大学,赤色风铃,王宇杰|明正阳|左新宇,1,0,5,688,53,silver,board
2025,shenyang,I_W08,中南大学,天堂鸟,孙汉涛|沈宇科|张博源,1,0,4,296,74,silver,board
2025,shenyang,I_W09,贵州大学,toot,程航|唐辰宸|周俊翔,1,0,3,308,253,,board
2025,shenyang,I_W10,南京大学,该名称已被占用,罗荣鑫|卢林强|汪文韬,1,0,6,868,23,gold,board
2025,shenyang,I_W11,武汉理工大学,*永远的幻想乡,刘泽宇|巫殷凯|胡书诚,1,0,3,332,267,,board
2025,shenyang,I_W12,中南大学,对吗?对的:哦不对;,龚垚淼|李奕儒|许宸哲,1,0,3,306,251,,board
2025,shenyang,I_W13,国防科技大学,未忘花名,宋怀源|刘宇林|习逸晗,1,0,5,549,38,gold,board
2025,shenyang,I_W14,南京大学,招魂时刻,杨涵宇|陈煜航|何平,1,0,7,926,13,gold,board
2025,shenyang,I_W15,武汉理工大学,败犬ACMer太多了！,张震宇|王泽宁|张旭东,1,0,3,452,313,,board
2025,shenyang,I_W16,中南林业科技大学,教练我不想打铁了,李逢浩|吴梦瑶|周子未,1,0,3,249,222,bronze,board
2025,shenyang,I_X01,国防科技大学,再让我A一道,左智文|刘景毅|张航耀,1,0,5,521,35,gold,board
2025,shenyang,I_X02,南京工程学院,NJIT0队：银狼,丁昊|陈昱安|崔东靖,1,0,4,372,93,silver,board
2025,shenyang,I_X03,武汉理工大学,少女周末旅行,唐一弘|王起东|刘向奥,1,0,3,627,344,,board
2025,shenyang,I_X04,中南民族大学,二兆亿的流年,吴佳明|丁墨涵|李赛,1,0,3,517,333,,board
2025,shenyang,I_X05,哈尔滨工程大学,AC是检验真理的唯一标准,汪锦怡|王玥琪|李欣桐,1,0,3,473,320,,board
2025,shenyang,I_X06,南京工业大学,做AK梦,刘珂|盘英章|宋申辉,1,0,3,335,268,,board
2025,shenyang,I_X07,武汉商学院,月诏,杨文昊|李吉|许义,1,0,3,251,226,bronze,board
2025,shenyang,I_X08,中山大学,中山大学-永不倒闭,何亮|陈浩贤|廖海涛,1,0,5,592,44,silver,board
2025,shenyang,I_X09,哈尔滨工程大学,Cia修啊噗llo派～(∠・ω< )⌒☆,赵文定|冯望|杨一鸣,1,0,3,132,161,bronze,board
2025,shenyang,I_X10,南京航空航天大学,0xAC小队,王一博|蒋天鹏|魏钊,1,0,2,250,371,,board
2025,shenyang,I_X11,西安电子科技大学,憧憬成为ACM高手,郑冬阳|周川旸|郑少寒,1,0,4,368,92,silver,board
2025,shenyang,I_X12,中山大学,中山大学-三驱兄弟,周睿韬|张益晟|张宸睿,1,0,4,507,125,bronze,board
2025,shenyang,I_X13,哈尔滨工程大学,备用账号0721,蒋渡|金炜东|郭奕辰,1,0,3,172,180,bronze,board
2025,shenyang,I_X14,南京航空航天大学,那一天的AC，AC起来,王思雨|刘金颜|赵天屹,1,0,2,334,377,,board
2025,shenyang,I_X15,西安电子科技大学,什么都不会也能参加ACM吗,汤修齐|吴晨|潘振,1,0,5,434,27,gold,board
2025,shenyang,I_X16,中山大学,中山大学-破晓之旅,刘志源|赵肖睿|古鸣浩,1,0,5,683,52,silver,board
2025,shenyang,I_Y01,哈尔滨工业大学,少女幻葬,张城玮|张彭凯|丁文涛,1,0,7,848,8,gold,board
2025,shenyang,I_Y02,南京航空航天大学,Wrongtime Error,顾恒源|周子博|吴承骏,1,0,2,353,380,,board
2025,shenyang,I_Y03,西安交通大学,跟你嗦，认真的我啊敲级萌 等待,方亦晨|殷嘉鹏|陈儒恒,1,0,6,598,17,gold,board
2025,shenyang,I_Y04,重庆大学,__我的xp是G++,李欣悦|杨淮楠|韩宇乐,1,0,3,177,181,bronze,board
2025,shenyang,I_Y05,哈尔滨工业大学,想成为人类,许岩|王君迈|姜郑康,1,0,4,396,100,silver,board
2025,shenyang,I_Y06,南京航空航天大学,透明,桑浩然|付孜逸|唐观乾,1,0,3,551,337,,board
2025,shenyang,I_Y07,西安交通大学,六兆年零一夜的 ACM,薛楠恺|黄万平|李子涵,1,0,7,809,7,gold,board
2025,shenyang,I_Y08,重庆大学,三模哈希米,胡远卓|杨展途|葛轩铭,1,0,4,433,107,silver,board
2025,shenyang,I_Y09,哈尔滨工业大学,加载中，请稍候,刘明卓|刘靖文|郭健桓,1,0,3,229,210,bronze,board
2025,shenyang,I_Y10,南京理工大学,三人成行,刘岩|喻昕之|高威,1,0,3,570,339,,board
2025,shenyang,I_Y11,西安交通大学,天狼星的心脏,洪家庆|刘一可|许孜诚,1,0,7,804,6,gold,board
2025,shenyang,I_Y12,重庆工程学院,路遥通繁星,朱俊洁|曾唯轩|李峻宇,1,0,1,405,400,,board
2025,shenyang,I_Y13,哈尔滨工业大学（深圳）,不如加训,罗烺韬|邹锦宇|黄婉彤,1,0,3,160,173,bronze,board
2025,shenyang,I_Y14,南京理工大学,样例过了就是过,吴可泓|薄闻乐|杨炫,1,0,3,328,263,,board
2025,shenyang,I_Y15,西安理工大学,我被困在了哈基乡,郝韵|贾成杰|庄睿君,1,0,3,540,336,,board
2025,shenyang,I_Y16,重庆邮电大学,3G联盟,冯禹杰|汪炜杰|林新雨,1,0,3,236,213,bronze,board
2025,shenyang,I_Z01,北京大学,柚子超玩会,肖岱恩|范斯喆|何钒佑,0,0,11,1466,,,board
2025,shenyang,I_Z02,东北育才学校,东北大学附属中学,李宇祁|陈琦煜|盖念,0,0,4,398,,,board
2025,shenyang,I_Z03,吉林大学,久世浮倾,孔泉智|邱天|赵星宇,0,0,4,267,,,board
2025,shenyang,I_Z04,辽宁省实验中学,冰天雪地,王希言|李宇哲|杨子涵,0,0,4,423,,,board
2025,shenyang,I_Z05,洛谷科技,洛水三千，只过一题,袁瑞祺|汪瑞锟|郭天翊,0,0,6,495,,,board
2025,shenyang,I_Z06,山东大学（威海）,我的躺平世界,曾嘉乐|许刘青杉|杨丰玮,0,0,3,311,,,board
2025,shenyang,I_Z07,深圳北理莫斯科大学,跟我的漫游者说去吧,王司晨|颜桉|彭宇祺,0,0,0,0,,,board
2025,shenyang,I_Z08,浙江金华第一中学,博导第一个睡,丁璐源|马平川|王马瑞,0,0,5,586,,,board
2025,shenyang,I_Z09,重庆市第一中学校,念到我请华丽地往上滚,倪宇梒|梁睿宸|李杭,0,0,5,443,,,board
2025,shenyang,I_Z10,呼和浩特市第二中学,奮門,王钰博|吕晨|王屹帆,0,0,3,313,,,board
2025,shenyang,I_Z11,东北林业大学,阿比拔斯,何卓霖|陈思睿|佟祥正,0,0,6,991,,,board
