row_id,p_gold
2024/chengdu/F18,0.021450729175489416
2024/chengdu/C12,0.03410042571231151
2024/chengdu/D29,0.00502603115241428
2024/chengdu/B17,0.00263167397488458
2024/chengdu/A06,0.9872281325067137
2024/chengdu/E40,0.9173026573249612
2024/chengdu/C25,0.8791467675095294
2024/chengdu/D47,0.5506073655352404
2024/chengdu/D11,0.01098694263059318
2024/chengdu/D44,0.41489884579676883
2024/chengdu/F08,0.18010666408646395
2024/chengdu/B19,0.2720245510940225
2024/chengdu/E41,0.04742587317756679
2024/chengdu/F50,0.07055959618729296
2024/chengdu/C30,0.06954174450582809
2024/chengdu/F10,0.1871326821624266
2024/chengdu/C01,0.12592276483513232
2024/chengdu/D09,0.08151975597471893
2024/chengdu/A44,0.08632347658627028
2024/chengdu/E47,0.13846179056896438
2024/chengdu/A38,0.004146046796124015
2024/chengdu/A02,0.02104456579396102
2024/chengdu/B46,0.035948321789243294
2024/chengdu/E05,0.005791775267561213
2024/chengdu/C26,0.42250463481418826
2024/chengdu/E21,0.184767510648
2024/chengdu/D05,0.07263670636078697
2024/chengdu/E50,0.002545947704947981
2024/chengdu/B02,0.011072160183234295
2024/chengdu/B41,0.01757688326733593
2024/chengdu/C46,0.010169657753872614
2024/chengdu/E29,0.0037362205834114964
2024/chengdu/F02,0.03435868933300902
2024/chengdu/F20,0.04813677111663481
2024/chengdu/B42,0.029535339291104773
2024/chengdu/A27,0.38861802670584894
2024/chengdu/A39,0.07807816514495095
2024/chengdu/A24,0.08389038641057993
2024/chengdu/F45,0.03904829272622638
2024/chengdu/D20,0.03333682414270177
2024/chengdu/E24,0.12085323249047067
2024/chengdu/D40,0.015603534790203506
2024/chengdu/B14,0.013171949881556448
2024/chengdu/A25,0.004801640825968043
2024/chengdu/F42,0.004003393147106341
2024/chengdu/A43,0.16885695214168314
2024/chengdu/C02,0.05300977201585542
2024/chengdu/F44,0.06008665017400762
2024/chengdu/C48,0.016029147365901317
2024/chengdu/D19,0.016403032516163058
2024/chengdu/C19,0.19193278644723683
2024/chengdu/F07,0.08509904500702024
2024/chengdu/E03,0.05749327880038583
2024/chengdu/D10,0.016029147365901317
2024/chengdu/B03,0.6150878555160665
2024/chengdu/A08,0.4301473485858429
2024/chengdu/D07,0.025565213923269593
2024/chengdu/C15,0.024053552894426178
2024/chengdu/F13,0.006157031975800281
2024/chengdu/B12,0.016029147365901317
2024/chengdu/E34,0.0675466911396291
2024/chengdu/C10,0.007785654765367813
2024/chengdu/F37,0.1645164628965632
2024/chengdu/A34,0.008745181682035148
2024/chengdu/D38,0.0035901075097974685
2024/chengdu/F46,0.07159119944455247
2024/chengdu/D46,0.053403329799824234
2024/chengdu/D26,0.09807932347046003
2024/chengdu/E46,0.01757688326733593
2024/chengdu/E07,0.22815650216092537
2024/chengdu/B53,0.13846179056896438
2024/chengdu/D02,0.03185885568604046
2024/chengdu/B31,0.411110869232168
2024/chengdu/E09,0.042722197546490565
2024/chengdu/E14,0.07807816514495095
2024/chengdu/A54,0.014447852533602467
2024/chengdu/A03,0.034880886936679296
2024/chengdu/A11,0.02615561835382285
2024/chengdu/D32,0.002946404975477049
2024/chengdu/C33,0.5156199157230156
2024/chengdu/B49,0.18010666408646395
2024/chengdu/F12,0.14608724704829565
2024/chengdu/E13,0.11124120650754304
2024/chengdu/F16,0.04304284934003218
2024/chengdu/C42,0.019124036750888904
2024/chengdu/E30,0.011961098249809548
2024/chengdu/B35,0.07263670636078697
2024/chengdu/A19,0.02280263596800613
2024/chengdu/E45,0.04958902298403175
2024/chengdu/D03,0.004764452192298917
2024/chengdu/D28,0.0035312068547008507
2024/chengdu/C16,0.006400730350523669
2024/chengdu/C37,0.0675466911396291
2024/chengdu/C05,0.01307078477418707
2024/chengdu/A31,0.012673735693033067
2024/chengdu/F22,0.0062899021368924835
2024/chengdu/A45,0.012336100420869755
2024/chengdu/C35,0.014672034915237494
2024/chengdu/A42,0.036769466075598736
2024/chengdu/D39,0.015218291999906508
2024/chengdu/D49,0.00455611371445455
2024/chengdu/F17,0.004481435678628335
2024/chengdu/A52,0.2782567937024021
2024/chengdu/B28,0.04672495862609242
2024/chengdu/D48,0.020023441289455244
2024/chengdu/B39,0.2146914191122419
2024/chengdu/F31,0.07159119944455247
2024/chengdu/C43,0.024987794590900315
2024/chengdu/B18,0.056236345704483756
2024/chengdu/D18,0.01495708659314999
2024/chengdu/D36,0.04304284934003218
2024/chengdu/A22,0.02696349986233355
2024/chengdu/E06,0.6076631698328917
2024/chengdu/B23,0.4610167793123159
2024/chengdu/F11,0.341582499438317
2024/chengdu/A51,0.34864513533394575
2024/chengdu/B30,0.02194825371486785
2024/chengdu/B47,0.023870834952430912
2024/chengdu/E22,0.0014158706681133846
2024/chengdu/B51,0.1581743527484317
2024/chengdu/D06,0.014615670100635955
2024/chengdu/E44,0.05184546664977983
2024/chengdu/B34,0.005107566172205338
2024/chengdu/B11,0.004223365596016956
2024/chengdu/B52,0.004627530047867153
2024/chengdu/B27,0.03461883883917583
2024/chengdu/C29,0.014503579691381979
2024/chengdu/D41,0.007431773334291191
2024/chengdu/A05,0.022629200033037256
2024/chengdu/F28,0.13296424019782924
2024/chengdu/A48,0.017986209962091555
2024/chengdu/B24,0.004314687956362679
2024/chengdu/C09,0.013532148655407106
2024/chengdu/C11,0.012194133037590526
2024/chengdu/A23,0.9219218348550491
2024/chengdu/E28,0.25091278688527247
2024/chengdu/F24,0.04369106064046812
2024/chengdu/F03,0.7154239957834733
2024/chengdu/C13,0.5698526514141571
2024/chengdu/B45,0.41869690935568665
2024/chengdu/A49,0.23370635691404026
2024/chengdu/F23,0.6261241772283034
2024/chengdu/E26,0.09401017961657226
2024/chengdu/A33,0.008577485413711986
2024/chengdu/C04,0.12940273159163906
2024/chengdu/F04,0.06903792817479
2024/chengdu/E20,0.1561048974454574
2024/chengdu/E11,0.08632347658627028
2024/chengdu/F33,0.05261895334771377
2024/chengdu/C28,0.02595735719779685
2024/chengdu/D45,0.09670579329612154
2024/chengdu/C39,0.03210070671700819
2024/chengdu/B37,0.08093670978361556
2024/chengdu/E32,0.02800752060598813
2024/chengdu/D25,0.06465348835622392
2024/chengdu/E16,0.02843603304485266
2024/chengdu/F05,0.007052710111624973
2024/chengdu/B43,0.010091315485195006
2024/chengdu/F43,0.008333665888374782
2024/chengdu/F27,0.9840936082881853
2024/chengdu/E31,0.9473810466522863
2024/chengdu/B06,0.7310585786300049
2024/chengdu/F49,0.08151975597471893
2024/chengdu/F14,0.0034229349220894047
2024/chengdu/F06,0.12085323249047067
2024/chengdu/A35,0.0596469429451214
2024/chengdu/B29,0.027169231535681047
2024/chengdu/F30,0.023689471299374428
2024/chengdu/B16,0.00839669984673549
2024/chengdu/F25,0.0042249059863080545
2024/chengdu/F32,0.03514484640079327
2024/chengdu/A41,0.00834805380978326
2024/chengdu/B15,0.012821214266594244
2024/chengdu/C44,0.0048109830326012485
2024/chengdu/A36,0.12085323249047067
2024/chengdu/F36,0.015663648711668327
2024/chengdu/C40,0.006917241942915581
2024/chengdu/C49,0.031261913416824265
2024/chengdu/E12,0.5195213219520929
2024/chengdu/F39,0.2689414213699951
2024/chengdu/A26,0.18952109132967757
2024/chengdu/D13,0.03210070671700819
2024/chengdu/C24,0.004003393147106341
2024/chengdu/A53,0.3311197396289915
2024/chengdu/F47,0.00412192442810418
2024/chengdu/E19,0.06371499425196533
2024/chengdu/B38,0.02194825371486785
2024/chengdu/F29,0.00912563738918052
2024/chengdu/C17,0.015306354560694808
2024/chengdu/D16,0.45713671682749485
2024/chengdu/C22,0.17553807362342935
2024/chengdu/E01,0.08035746882220708
2024/chengdu/E27,0.06560483745906928
2024/chengdu/F01,0.008412977570977689
2024/chengdu/A47,0.017509557349574698
2024/chengdu/C41,0.04501553160023231
2024/chengdu/D12,0.01374232049590237
2024/chengdu/F34,0.006771209930611185
2024/chengdu/B07,0.006930671656746301
2024/chengdu/E23,0.004507652458978483
2024/chengdu/C32,0.027169231535681047
2024/chengdu/B48,0.24220562872535945
2024/chengdu/E17,0.1242130083520534
2024/chengdu/D37,0.11279540628289324
2024/chengdu/E35,0.02112519189594821
2024/chengdu/B05,0.017986209962091555
2024/chengdu/F19,0.011777842688519623
2024/chengdu/F21,0.005050508084287809
2024/chengdu/B10,0.019870713960402048
2024/chengdu/D27,0.03283695602724524
2024/chengdu/A50,0.08389038641057993
2024/chengdu/D22,0.07369626970604846
2024/chengdu/C34,0.018124720744468643
2024/chengdu/A14,0.006168994922681433
2024/chengdu/A29,0.03333682414270177
2024/chengdu/C38,0.0364937662290278
2024/chengdu/B33,0.5621765008857981
2024/chengdu/F15,0.2782567937024021
2024/chengdu/E33,0.2689414213699951
2024/chengdu/A07,0.06097518086496481
2024/chengdu/D04,0.024053552894426178
2024/chengdu/A40,0.05261895334771377
2024/chengdu/E10,0.05834584061168106
2024/chengdu/A37,0.12085323249047067
2024/chengdu/E18,0.02615561835382285
2024/chengdu/F35,0.015189048807983947
2024/chengdu/B40,0.029535339291104773
2024/chengdu/F38,0.008108984245335304
2024/chengdu/D50,0.1242130083520534
2024/chengdu/D34,0.0016957555547136463
2024/chengdu/B54,0.01956867555531235
2024/chengdu/D35,0.01826427835185701
2024/chengdu/B13,0.007891984412351595
2024/chengdu/B26,0.010881332289376404
2024/chengdu/E39,0.00995565133948569
2024/chengdu/D43,0.03161876726864548
2024/chengdu/A32,0.006850480026644968
2024/chengdu/E42,0.009936418705946226
2024/chengdu/D42,0.0034970102525735017
2024/chengdu/E37,0.5964331462646254
2024/chengdu/A15,0.04146227271140963
2024/chengdu/D30,0.060529390202538995
2024/chengdu/B25,0.8652240825770433
2024/chengdu/A30,0.09401017961657226
2024/chengdu/A10,0.05300977201585542
2024/chengdu/C18,0.007475120241849684
2024/chengdu/C07,0.008299687243331863
2024/chengdu/C20,0.005719129495121399
2024/chengdu/B21,0.02635535284611975
2024/chengdu/C14,0.023870834952430912
2024/chengdu/C27,0.04742587317756679
2024/chengdu/F40,0.0038882570787097896
2024/chengdu/B09,0.037892426629607394
2024/chengdu/C08,0.047780066363570746
2024/chengdu/E49,0.018404890389241722
2024/chengdu/A55,0.01411789342520494
2024/chengdu/E04,0.011029470022501837
2024/chengdu/D15,0.9390248191350352
2024/chengdu/A04,0.672331699179286
2024/chengdu/C21,0.5851011542032312
2024/chengdu/B20,0.01905089958582299
2024/chengdu/C23,0.011552670335220809
2024/chengdu/E02,0.7185943925708561
2024/chengdu/A13,0.1242130083520534
2024/chengdu/F41,0.040845715909949315
2024/chengdu/E43,0.17781086947804958
2024/chengdu/F09,0.03435868933300902
2024/chengdu/C50,0.00714910196654636
2024/chengdu/D23,0.003181187540796023
2024/chengdu/A17,0.19930799790404563
2024/chengdu/D17,0.014447852533602467
2024/chengdu/C45,0.01098694263059318
2024/chengdu/E36,0.06705628692511957
2024/chengdu/A28,0.07477004290796138
2024/chengdu/D31,0.008187909901696235
2024/chengdu/B44,0.005708033919113487
2024/chengdu/E38,0.008745181682035148
2024/chengdu/A12,0.006338921737094389
2024/chengdu/C36,0.050705364797830506
2024/chengdu/D21,0.011642224164666006
2024/chengdu/E08,0.037892426629607394
2024/chengdu/C03,0.042722197546490565
2024/chengdu/D01,0.7826624789529376
2024/chengdu/A18,0.7577943712746406
2024/chengdu/B32,0.6150878555160665
2024/chengdu/F26,0.11596071825396677
2024/chengdu/A16,0.029535339291104773
2024/chengdu/E25,0.004137990426986622
2024/chengdu/B04,0.010881332289376404
2024/chengdu/A20,0.26284183737131667
2024/chengdu/B22,0.02800752060598813
2024/chengdu/D08,0.032344332381157095
2024/chengdu/B36,0.013376603227377451
2024/chengdu/D33,0.01685007944789776
2024/chengdu/B08,0.09268777863937604
2024/chengdu/A21,0.0025985615004511355
2024/chengdu/E48,0.91610961358942
2024/chengdu/D14,0.2782567937024021
2024/chengdu/B01,0.184767510648
2024/chengdu/C31,0.11279540628289324
2024/chengdu/C06,0.06954174450582809
2024/chengdu/A46,0.007968814953315289
2024/chengdu/B50,0.012007350547633841
2024/chengdu/C47,0.040845715909949315
2024/chengdu/E15,0.022286185539225494
2024/chengdu/D24,0.22270013882530884
2024/chengdu/F48,0.020804489950607352
2024/hangzhou/C01,0.013610588987479697
2024/hangzhou/A71,0.023153411092838465
2024/hangzhou/A72,0.01704531725343583
2024/hangzhou/A73,0.42250463481418826
2024/hangzhou/A74,0.33458944125318596
2024/hangzhou/E02,0.23651623644570763
2024/hangzhou/D72,0.1968262036430985
2024/hangzhou/A75,0.00511222051362067
2024/hangzhou/A76,0.015306354560694808
2024/hangzhou/A77,0.029312230751356316
2024/hangzhou/A81,0.02017731832286999
2024/hangzhou/A82,0.06705628692511957
2024/hangzhou/C02,0.024516335827191232
2024/hangzhou/D33,0.013663131486958581
2024/hangzhou/C97,0.20181322226037882
2024/hangzhou/D73,0.18242552380635632
2024/hangzhou/A83,0.053799643460063995
2024/hangzhou/C64,0.15405756269148546
2024/hangzhou/A84,0.008847355082930386
2024/hangzhou/D11,0.25386100696924885
2024/hangzhou/A86,0.11757213354550883
2024/hangzhou/A87,0.0364937662290278
2024/hangzhou/A91,0.8976952921073469
2024/hangzhou/D27,0.07055959618729296
2024/hangzhou/F54,0.018761083978128455
2024/hangzhou/D31,0.02333076880848049
2024/hangzhou/A92,0.01495708659314999
2024/hangzhou/A93,0.28140560742914383
2024/hangzhou/D52,0.16238003666671086
2024/hangzhou/C56,0.13296424019782924
2024/hangzhou/B45,0.29098086621490676
2024/hangzhou/F91,0.45713671682749485
2024/hangzhou/C95,0.01791734476747132
2024/hangzhou/D46,0.012030542907021668
2024/hangzhou/A94,0.010944577400979882
2024/hangzhou/D82,0.1581743527484317
2024/hangzhou/A95,0.24508501313237172
2024/hangzhou/C96,0.05184546664977983
2024/hangzhou/D91,0.021206120201989188
2024/hangzhou/A96,0.012722708199923246
2024/hangzhou/F05,0.41869690935568665
2024/hangzhou/A97,0.14033624949008322
2024/hangzhou/D87,0.13846179056896438
2024/hangzhou/C65,0.29098086621490676
2024/hangzhou/D01,0.7025300573952054
2024/hangzhou/A57,0.2689414213699951
2024/hangzhou/B63,0.10087862273005653
2024/hangzhou/D02,0.03817827426156642
2024/hangzhou/D03,0.46490157137338844
2024/hangzhou/A04,0.22000709974589314
2024/hangzhou/E21,0.11596071825396677
2024/hangzhou/B42,0.5621765008857981
2024/hangzhou/E67,0.37754066879814546
2024/hangzhou/D04,0.17781086947804958
2024/hangzhou/A47,0.12940273159163906
2024/hangzhou/D05,0.13846179056896438
2024/hangzhou/A65,0.030444348432624533
2024/hangzhou/B07,0.023153411092838465
2024/hangzhou/C94,0.08509904500702024
2024/hangzhou/D06,0.47657965106367595
2024/hangzhou/A55,0.05419872982318558
2024/hangzhou/B21,0.6261241772283034
2024/hangzhou/A51,0.11920292202211755
2024/hangzhou/D07,0.08509904500702024
2024/hangzhou/F97,0.18242552380635632
2024/hangzhou/C37,0.02017731832286999
2024/hangzhou/D12,0.004496710297004421
2024/hangzhou/C85,0.002757622367395409
2024/hangzhou/D13,0.012053779516236447
2024/hangzhou/D14,0.060529390202538995
2024/hangzhou/A35,0.03185885568604046
2024/hangzhou/D15,0.021287351793451054
2024/hangzhou/F45,0.016029147365901317
2024/hangzhou/D16,0.04369106064046812
2024/hangzhou/E31,0.06233103588192476
2024/hangzhou/D17,0.012945405997459837
2024/hangzhou/D21,0.17553807362342935
2024/hangzhou/C24,0.017986209962091555
2024/hangzhou/D22,0.019493871727031764
2024/hangzhou/D23,0.03934250326425821
2024/hangzhou/F27,0.0446808702726502
2024/hangzhou/D24,0.01971912810734659
2024/hangzhou/D25,0.11279540628289324
2024/hangzhou/D26,0.039638839100970026
2024/hangzhou/E15,0.09670579329612154
2024/hangzhou/A23,0.03541073007632382
2024/hangzhou/D32,0.06560483745906928
2024/hangzhou/B31,0.18010666408646395
2024/hangzhou/B46,0.016277460912713496
2024/hangzhou/D34,0.009152166811840534
2024/hangzhou/D35,0.08632347658627028
2024/hangzhou/F63,0.06608537866754877
2024/hangzhou/D37,0.0364937662290278
2024/hangzhou/C61,0.22815650216092537
2024/hangzhou/D41,0.15405756269148546
2024/hangzhou/D42,0.04240382863184672
2024/hangzhou/D43,0.03435868933300902
2024/hangzhou/D44,0.01819436822090561
2024/hangzhou/D45,0.005794587582190801
2024/hangzhou/D47,0.015723990527735578
2024/hangzhou/B66,0.008128644634467892
2024/hangzhou/D51,0.1561048974454574
2024/hangzhou/C74,0.00806980484746471
2024/hangzhou/D53,0.18952109132967757
2024/hangzhou/B62,0.11124120650754304
2024/hangzhou/A27,0.05300977201585542
2024/hangzhou/F51,0.031380429512976746
2024/hangzhou/D54,0.09670579329612154
2024/hangzhou/D56,0.014392336369436931
2024/hangzhou/D57,0.022032264112695956
2024/hangzhou/D61,0.020332353342658753
2024/hangzhou/C77,0.01764446341056456
2024/hangzhou/D62,0.008323835691590476
2024/hangzhou/D63,0.11596071825396677
2024/hangzhou/B06,0.05146276543260743
2024/hangzhou/E01,0.016277460912713496
2024/hangzhou/D64,0.006883780610467917
2024/hangzhou/D65,0.020254690564739046
2024/hangzhou/D66,0.14033624949008322
2024/hangzhou/E37,0.012970386437368456
2024/hangzhou/D67,0.07531230632362355
2024/hangzhou/D71,0.8652240825770433
2024/hangzhou/E66,0.35936414516010196
2024/hangzhou/B44,0.3007455789412415
2024/hangzhou/A03,0.2254166158350767
2024/hangzhou/D74,0.01971912810734659
2024/hangzhou/D75,0.036220055864974746
2024/hangzhou/D76,0.020410307700306125
2024/hangzhou/D77,0.09334687851957546
2024/hangzhou/D81,0.08694165672789168
2024/hangzhou/D84,0.16885695214168314
2024/hangzhou/B05,0.11596071825396677
2024/hangzhou/D85,0.01545424156863607
2024/hangzhou/D93,0.015365341441302218
2024/hangzhou/F56,0.006274660898089596
2024/hangzhou/E62,0.9032942067038784
2024/hangzhou/D94,0.11124120650754304
2024/hangzhou/B36,0.027169231535681047
2024/hangzhou/A64,0.8438951025545426
2024/hangzhou/D95,0.04304284934003218
2024/hangzhou/D96,0.009917222854428295
2024/hangzhou/C13,0.1500288243424251
2024/hangzhou/F02,0.14033624949008322
2024/hangzhou/C03,0.06804042027255897
2024/hangzhou/C04,0.04023794262361602
2024/hangzhou/C05,0.020023441289455244
2024/hangzhou/C06,0.02537131147440214
2024/hangzhou/F17,0.07107366938018356
2024/hangzhou/C07,0.029535339291104773
2024/hangzhou/C11,0.008905346615206571
2024/hangzhou/E56,0.006314364670896372
2024/hangzhou/C12,0.11279540628289324
2024/hangzhou/C14,0.08035746882220708
2024/hangzhou/C15,0.4378234991142019
2024/hangzhou/C16,0.008950711436881996
2024/hangzhou/C17,0.42250463481418826
2024/hangzhou/B22,0.44939263446475963
2024/hangzhou/A31,0.341582499438317
2024/hangzhou/C22,0.004914948803150347
2024/hangzhou/F71,0.10230470789265303
2024/hangzhou/C23,0.08035746882220708
2024/hangzhou/C25,0.07864238118410145
2024/hangzhou/F46,0.010358141266693993
2024/hangzhou/A44,0.18242552380635632
2024/hangzhou/C26,0.07055959618729296
2024/hangzhou/C32,0.01238378463726033
2024/hangzhou/A56,0.029760093945964218
2024/hangzhou/C33,0.00463653507792935
2024/hangzhou/C34,0.01934510391458952
2024/hangzhou/C41,0.13846179056896438
2024/hangzhou/A46,0.029986506066001513
2024/hangzhou/F37,0.015014748005819523
2024/hangzhou/C42,0.03934250326425821
2024/hangzhou/C43,0.023153411092838465
2024/hangzhou/B32,0.008179983174227821
2024/hangzhou/C44,0.018404890389241722
2024/hangzhou/F32,0.012673735693033067
2024/hangzhou/C45,0.004087990141860195
2024/hangzhou/C47,0.20434189993684582
2024/hangzhou/E12,0.08509904500702024
2024/hangzhou/F11,0.042722197546490565
2024/hangzhou/C51,0.5
2024/hangzhou/B74,0.08151975597471893
2024/hangzhou/E35,0.040845715909949315
2024/hangzhou/A17,0.037892426629607394
2024/hangzhou/C52,0.009615035732289974
2024/hangzhou/F67,0.20946968133032526
2024/hangzhou/C53,0.06142404005467019
2024/hangzhou/C54,0.05261895334771377
2024/hangzhou/C55,0.0037036476794399167
2024/hangzhou/C57,0.08694165672789168
2024/hangzhou/C62,0.08756383952305867
2024/hangzhou/B73,0.21733752104706247
2024/hangzhou/F74,0.050705364797830506
2024/hangzhou/C63,0.025760559119668493
2024/hangzhou/C66,0.010448625445116808
2024/hangzhou/C71,0.010368156650788152
2024/hangzhou/C72,0.01971912810734659
2024/hangzhou/C73,0.734119526900183
2024/hangzhou/A22,0.31742626558767584
2024/hangzhou/E77,0.018124720744468643
2024/hangzhou/F07,0.01052971212461742
2024/hangzhou/C75,0.06656918897050168
2024/hangzhou/B03,0.6224593312018546
2024/hangzhou/C76,0.30735801686526387
2024/hangzhou/F84,0.35577489351363034
2024/hangzhou/C81,0.0499585240665846
2024/hangzhou/B16,0.12765262532179067
2024/hangzhou/C82,0.32082130082460697
2024/hangzhou/C83,0.46490157137338844
2024/hangzhou/E27,0.037892426629607394
2024/hangzhou/C84,0.056236345704483756
2024/hangzhou/E64,0.480478678047907
2024/hangzhou/C86,0.10970577387797074
2024/hangzhou/C87,0.009161026922093826
2024/hangzhou/C91,0.0364937662290278
2024/hangzhou/B23,0.3311197396289915
2024/hangzhou/F77,0.25386100696924885
2024/hangzhou/C92,0.07477004290796138
2024/hangzhou/C93,0.032344332381157095
2024/hangzhou/F96,0.0189054471413467
2024/hangzhou/B57,0.01964376067755956
2024/hangzhou/F03,0.05500528829345415
2024/hangzhou/F04,0.09009299396195182
2024/hangzhou/B12,0.29421497216298875
2024/hangzhou/A32,0.03904829272622638
2024/hangzhou/F06,0.0172427775576529
2024/hangzhou/F12,0.0088302443941687
2024/hangzhou/F13,0.09203286011100995
2024/hangzhou/A36,0.33807712415000585
2024/hangzhou/F14,0.06233103588192476
2024/hangzhou/B13,0.03410042571231151
2024/hangzhou/F16,0.015014748005819523
2024/hangzhou/A41,0.11279540628289324
2024/hangzhou/F21,0.0675466911396291
2024/hangzhou/F22,0.07263670636078697
2024/hangzhou/B52,0.06705628692511957
2024/hangzhou/F23,0.04958902298403175
2024/hangzhou/F24,0.05500528829345415
2024/hangzhou/F25,0.00363580881771715
2024/hangzhou/F26,0.10087862273005653
2024/hangzhou/E05,0.037892426629607394
2024/hangzhou/E57,0.012920473039078976
2024/hangzhou/F31,0.01868930842674908
2024/hangzhou/A21,0.008702955400622703
2024/hangzhou/F33,0.0185465645121173
2024/hangzhou/F34,0.33807712415000585
2024/hangzhou/B01,0.02324192480101961
2024/hangzhou/E61,0.45326184801538616
2024/hangzhou/B43,0.15405756269148546
2024/hangzhou/F35,0.09268777863937604
2024/hangzhou/F36,0.03541073007632382
2024/hangzhou/F41,0.02595735719779685
2024/hangzhou/F42,0.002822832897761561
2024/hangzhou/F43,0.1347759174229568
2024/hangzhou/F44,0.004310494604311969
2024/hangzhou/F47,0.029760093945964218
2024/hangzhou/B53,0.08093670978361556
2024/hangzhou/A66,0.012217681708496946
2024/hangzhou/F52,0.012747264455010497
2024/hangzhou/F53,0.35577489351363034
2024/hangzhou/A63,0.06278920859705135
2024/hangzhou/F57,0.009232214404536282
2024/hangzhou/F61,0.04922211319719861
2024/hangzhou/A13,0.008614936940417883
2024/hangzhou/F62,0.29098086621490676
2024/hangzhou/F64,0.06465348835622392
2024/hangzhou/F65,0.013636835281429876
2024/hangzhou/F66,0.00583693557851984
2024/hangzhou/F72,0.004046455204568575
2024/hangzhou/B02,0.2598256379609837
2024/hangzhou/F73,0.015365341441302218
2024/hangzhou/F75,0.021287351793451054
2024/hangzhou/A45,0.6261241772283034
2024/hangzhou/F76,0.09602548878779378
2024/hangzhou/F81,0.08882029240011771
2024/hangzhou/B04,0.2146914191122419
2024/hangzhou/F82,0.06465348835622392
2024/hangzhou/F83,0.23091976292927183
2024/hangzhou/A02,0.9890554225990201
2024/hangzhou/B67,0.9252299570920387
2024/hangzhou/E46,0.8031737963569016
2024/hangzhou/F85,0.712232184238947
2024/hangzhou/A15,0.6688802603710086
2024/hangzhou/F87,0.31069438321455395
2024/hangzhou/F92,0.008552607443528482
2024/hangzhou/F93,0.023870834952430912
2024/hangzhou/F94,0.0651275468396235
2024/hangzhou/B26,0.9832145101099363
2024/hangzhou/F95,0.8577681049901036
2024/hangzhou/B11,0.09401017961657226
2024/hangzhou/B14,0.022286185539225494
2024/hangzhou/B17,0.002580904163589908
2024/hangzhou/B24,0.08632347658627028
2024/hangzhou/B25,0.008907501668846301
2024/hangzhou/B33,0.031380429512976746
2024/hangzhou/E53,0.048857778622174906
2024/hangzhou/B34,0.05261895334771377
2024/hangzhou/B37,0.10970577387797074
2024/hangzhou/B51,0.023599294351465336
2024/hangzhou/B54,0.02635535284611975
2024/hangzhou/B55,0.1500288243424251
2024/hangzhou/B56,0.02324192480101961
2024/hangzhou/B61,0.053799643460063995
2024/hangzhou/A37,0.056236345704483756
2024/hangzhou/B64,0.02194825371486785
2024/hangzhou/B65,0.005609131988125971
2024/hangzhou/B71,0.027376488778351356
2024/hangzhou/B72,0.017375664509219565
2024/hangzhou/E76,0.9304582554941719
2024/hangzhou/A33,0.6187804337438501
2024/hangzhou/B75,0.184767510648
2024/hangzhou/B76,0.0037054498400872463
2024/hangzhou/B77,0.5544704649604273
2024/hangzhou/E07,0.5039061705290805
2024/hangzhou/E03,0.006259456358126991
2024/hangzhou/E04,0.030908958517211163
2024/hangzhou/E06,0.004026824650007856
2024/hangzhou/E11,0.020332353342658753
2024/hangzhou/E13,0.053799643460063995
2024/hangzhou/E14,0.20434189993684582
2024/hangzhou/E16,0.009107993451089069
2024/hangzhou/E17,0.02377998443666076
2024/hangzhou/E22,0.012870749215746782
2024/hangzhou/E23,0.20181322226037882
2024/hangzhou/A67,0.06903792817479
2024/hangzhou/E24,0.07921032410902437
2024/hangzhou/E25,0.016403032516163058
2024/hangzhou/E26,0.02595735719779685
2024/hangzhou/E32,0.013121271126550956
2024/hangzhou/E33,0.10521053670308635
2024/hangzhou/A61,0.0675466911396291
2024/hangzhou/E34,0.014281933925111153
2024/hangzhou/A42,0.011093566492039636
2024/hangzhou/E36,0.00511222051362067
2024/hangzhou/E41,0.031143830534778462
2024/hangzhou/E42,0.037892426629607394
2024/hangzhou/E43,0.040845715909949315
2024/hangzhou/E44,0.02433019008767565
2024/hangzhou/E45,0.04501553160023231
2024/hangzhou/E47,0.1347759174229568
2024/hangzhou/E51,0.12085323249047067
2024/hangzhou/E52,0.08269734267503885
2024/hangzhou/E54,0.01013041166358438
2024/hangzhou/E55,0.0194193481824486
2024/hangzhou/E63,0.017848738449988986
2024/hangzhou/E65,0.016593177919590436
2024/hangzhou/E71,0.00576652542180565
2024/hangzhou/E72,0.004950900237399009
2024/hangzhou/E73,0.011552670335220809
2024/hangzhou/A24,0.006810730442351977
2024/hangzhou/A06,0.011698543323670296
2024/hangzhou/E75,0.009912429630661777
2024/hangzhou/A01,0.007547923375900623
2024/hangzhou/A05,0.020410307700306125
2024/hangzhou/A11,0.04146227271140963
2024/hangzhou/A12,0.01126629654202747
2024/hangzhou/A14,0.05419872982318558
2024/hangzhou/A16,0.020804489950607352
2024/hangzhou/A26,0.07921032410902437
2024/hangzhou/A34,0.0675466911396291
2024/hangzhou/A43,0.03283695602724524
2024/hangzhou/A52,0.06656918897050168
2024/hangzhou/A53,0.003305078917478955
2024/hangzhou/A54,0.4301473485858429
2024/hangzhou/A62,0.06656918897050168
2024/kunming/A0101,0.25091278688527247
2024/kunming/A0102,0.042722197546490565
2024/kunming/A0103,0.05877655584806683
2024/kunming/A0104,0.2254166158350767
2024/kunming/B1507,0.15203224162217424
2024/kunming/A0701,0.682573734412324
2024/kunming/B0202,0.43398146480389854
2024/kunming/A0105,0.29098086621490676
2024/kunming/C1005,0.12592276483513232
2024/kunming/A0106,0.00881316650304586
2024/kunming/A0107,0.01569379108073038
2024/kunming/A0406,0.35220178204788966
2024/kunming/C1406,0.31069438321455395
2024/kunming/A0201,0.1581743527484317
2024/kunming/C1407,0.8459424373085146
2024/kunming/A0202,0.6548947290421275
2024/kunming/C0905,0.30735801686526387
2024/kunming/A1007,0.25683199138751883
2024/kunming/A0203,0.007564400810477139
2024/kunming/A0204,0.07055959618729296
2024/kunming/A0205,0.05261895334771377
2024/kunming/D0701,0.09947021388210707
2024/kunming/A0206,0.04240382863184672
2024/kunming/A0703,0.03760863550580657
2024/kunming/C1301,0.03384403534049258
2024/kunming/A0207,0.020410307700306125
2024/kunming/C0102,0.009268013380914325
2024/kunming/B1307,0.32082130082460697
2024/kunming/A0301,0.23370635691404026
2024/kunming/D1105,0.21733752104706247
2024/kunming/C1501,0.07369626970604846
2024/kunming/A0302,0.060529390202538995
2024/kunming/D0406,0.020804489950607352
2024/kunming/A0304,0.015424552081841137
2024/kunming/D1203,0.3276683008207139
2024/kunming/A0305,0.09138210306717136
2024/kunming/A0306,0.01934510391458952
2024/kunming/A0307,0.009559399347091532
2024/kunming/B1304,0.37387582277169656
2024/kunming/A0401,0.07696083569602613
2024/kunming/A0402,0.08819004480076281
2024/kunming/C1201,0.7662936430859597
2024/kunming/A1801,0.523420348936324
2024/kunming/B0502,0.2782567937024021
2024/kunming/A0403,0.12592276483513232
2024/kunming/A0404,0.17106119167858438
2024/kunming/A0405,0.017780390073110934
2024/kunming/A0407,0.009458226125139534
2024/kunming/A0501,0.014728613849722676
2024/kunming/D1004,0.04369106064046812
2024/kunming/C1105,0.37754066879814546
2024/kunming/A0502,0.2598256379609837
2024/kunming/B0905,0.16238003666671086
2024/kunming/B1602,0.1871326821624266
2024/kunming/A0503,0.10374862686637971
2024/kunming/A0906,0.11757213354550883
2024/kunming/A0504,0.1422318950098963
2024/kunming/A0702,0.11124120650754304
2024/kunming/D1505,0.08945460216888064
2024/kunming/D1404,0.02585877591271116
2024/kunming/A0505,0.017712298703411445
2024/kunming/A0506,0.01652955655765428
2024/kunming/C1705,0.13660839002621938
2024/kunming/A0507,0.09009299396195182
2024/kunming/A0804,0.035678550877730524
2024/kunming/A1706,0.02843603304485266
2024/kunming/B1005,0.9645892699236761
2024/kunming/D1103,0.24798742624020276
2024/kunming/D0201,0.13117322376181567
2024/kunming/A0601,0.26284183737131667
2024/kunming/A0602,0.02267243783140424
2024/kunming/A0603,0.011029470022501837
2024/kunming/A0604,0.025083140936028623
2024/kunming/A0605,0.021864556492113725
2024/kunming/B1106,0.032589744766025344
2024/kunming/A0606,0.008898884554020955
2024/kunming/A0607,0.016403032516163058
2024/kunming/A0704,0.024516335827191232
2024/kunming/A0705,0.08151975597471893
2024/kunming/A0706,0.01596765348879602
2024/kunming/C1503,0.01569379108073038
2024/kunming/A0707,0.06560483745906928
2024/kunming/C0201,0.023870834952430912
2024/kunming/A0801,0.588889130767832
2024/kunming/D1104,0.07807816514495095
2024/kunming/B1501,0.184767510648
2024/kunming/C0105,0.1422318950098963
2024/kunming/A0802,0.012194133037590526
2024/kunming/B1401,0.057071397225397696
2024/kunming/C0802,0.14033624949008322
2024/kunming/A0803,0.021615332762647654
2024/kunming/A0805,0.016029147365901317
2024/kunming/D1403,0.013902058625059313
2024/kunming/A0806,0.06656918897050168
2024/kunming/A0807,0.11357959169117389
2024/kunming/A0901,0.014063627043245474
2024/kunming/A0902,0.012194133037590526
2024/kunming/A0903,0.00925009673614463
2024/kunming/A0904,0.14033624949008322
2024/kunming/A0905,0.017309095753668163
2024/kunming/A0907,0.01691491326672651
2024/kunming/A1001,0.027585282226789985
2024/kunming/B0205,0.47657965106367595
2024/kunming/D0601,0.21733752104706247
2024/kunming/A1002,0.1143685261818125
2024/kunming/A1403,0.02843603304485266
2024/kunming/A1003,0.026759283185443145
2024/kunming/A1004,0.7549149868676283
2024/kunming/A1701,0.341582499438317
2024/kunming/B0201,0.34864513533394575
2024/kunming/A1005,0.32082130082460697
2024/kunming/B0204,0.22270013882530884
2024/kunming/D0301,0.18010666408646395
2024/kunming/A1006,0.07055959618729296
2024/kunming/A1101,0.17553807362342935
2024/kunming/D1607,0.16885695214168314
2024/kunming/A1103,0.01868930842674908
2024/kunming/A1104,0.2146914191122419
2024/kunming/A1601,0.10970577387797074
2024/kunming/D1504,0.029986506066001513
2024/kunming/C0401,0.029312230751356316
2024/kunming/A1105,0.023509452407533014
2024/kunming/A1106,0.01590639171181471
2024/kunming/C0705,0.01191502196714824
2024/kunming/D1605,0.013795364421185227
2024/kunming/A1107,0.0194193481824486
2024/kunming/A1201,0.09138210306717136
2024/kunming/C1603,0.02843603304485266
2024/kunming/A1202,0.010912909534125171
2024/kunming/A1203,0.04535258055430642
2024/kunming/A1406,0.03514484640079327
2024/kunming/A1204,0.012624949281564409
2024/kunming/D1307,0.48438008427698437
2024/kunming/A1207,0.2751297238231752
2024/kunming/B1405,0.09009299396195182
2024/kunming/B0106,0.1871326821624266
2024/kunming/D1204,0.02696349986233355
2024/kunming/A1301,0.012479699745327848
2024/kunming/A1302,0.08093670978361556
2024/kunming/D0605,0.0675466911396291
2024/kunming/D0805,0.3629692055196168
2024/kunming/A1303,0.017110889211844046
2024/kunming/A1304,0.03875619358719477
2024/kunming/A1305,0.009670992763446972
2024/kunming/A1306,0.14414885303274058
2024/kunming/C0203,0.10230470789265303
2024/kunming/B0605,0.03021458706739398
2024/kunming/A1401,0.9324533088603709
2024/kunming/B1305,0.8991213772699436
2024/kunming/D0303,0.849971175657575
2024/kunming/C1306,0.7879311956428947
2024/kunming/D0203,0.06097518086496481
2024/kunming/A1402,0.0172427775576529
2024/kunming/A1404,0.02585877591271116
2024/kunming/A1805,0.013532148655407106
2024/kunming/A1407,0.2720245510940225
2024/kunming/A1501,0.01166471960400687
2024/kunming/A1502,0.09807932347046003
2024/kunming/D1601,0.016753286431471316
2024/kunming/A1503,0.02048855468474385
2024/kunming/C1204,0.010408314101072437
2024/kunming/A1504,0.25091278688527247
2024/kunming/D0602,0.05834584061168106
2024/kunming/B0304,0.03283695602724524
2024/kunming/A1505,0.07055959618729296
2024/kunming/D0304,0.04707417582102406
2024/kunming/A1507,0.023689471299374428
2024/kunming/B1503,0.015247590621499624
2024/kunming/C0606,0.45713671682749485
2024/kunming/A1602,0.08756383952305867
2024/kunming/B0902,0.020410307700306125
2024/kunming/A1603,0.05033063259747688
2024/kunming/B1104,0.03410042571231151
2024/kunming/A1604,0.011984202355904468
2024/kunming/A1605,0.02306522651694984
2024/kunming/A1606,0.016785489890063697
2024/kunming/B0801,0.16026603232776068
2024/kunming/A1607,0.10818895456207035
2024/kunming/D1006,0.07423137046083579
2024/kunming/A1702,0.052230857101425734
2024/kunming/A1703,0.2254166158350767
2024/kunming/C0702,0.09268777863937604
2024/kunming/C1303,0.048857778622174906
2024/kunming/A1704,0.04177388078830622
2024/kunming/B1505,0.009962271064783508
2024/kunming/A1705,0.35220178204788966
2024/kunming/C0206,0.056236345704483756
2024/kunming/B0705,0.04023794262361602
2024/kunming/A1802,0.023153411092838465
2024/kunming/C0907,0.01934510391458952
2024/kunming/A1803,0.09009299396195182
2024/kunming/A1804,0.02297736991002561
2024/kunming/A1806,0.012047966211012444
2024/kunming/A1807,0.011903530322241769
2024/kunming/B0903,0.679178699175393
2024/kunming/B0101,0.1480471980316895
2024/kunming/B0102,0.012624949281564409
2024/kunming/B0103,0.15405756269148546
2024/kunming/B0104,0.01021892703784506
2024/kunming/B0105,0.49218813572079556
2024/kunming/D0207,0.047780066363570746
2024/kunming/C0601,0.01368947769627449
2024/kunming/B0203,0.006744989542092038
2024/kunming/B0206,0.04177388078830622
2024/kunming/B0207,0.04304284934003218
2024/kunming/B0302,0.8479677583778257
2024/kunming/C0806,0.712232184238947
2024/kunming/B1402,0.32423539898095244
2024/kunming/C1007,0.04023794262361602
2024/kunming/B0303,0.021368887755176
2024/kunming/B0305,0.01744248473620534
2024/kunming/B1606,0.019124036750888904
2024/kunming/C0205,0.03541073007632382
2024/kunming/B0306,0.008372341795466228
2024/kunming/B0307,0.14608724704829565
2024/kunming/C0507,0.02635535284611975
2024/kunming/D0803,0.5350984286266115
2024/kunming/B0401,0.060529390202538995
2024/kunming/B0402,0.013955710398273338
2024/kunming/B0403,0.05460060578165237
2024/kunming/C0106,0.024237634712630244
2024/kunming/B0404,0.3311197396289915
2024/kunming/B0405,0.19930799790404563
2024/kunming/B0406,0.052230857101425734
2024/kunming/D0801,0.05184546664977983
2024/kunming/B0407,0.028870906946287907
2024/kunming/C0706,0.013955710398273338
2024/kunming/B0501,0.44939263446475963
2024/kunming/B1705,0.0596469429451214
2024/kunming/D1205,0.7248702761768248
2024/kunming/B0703,0.5273165233795671
2024/kunming/B1306,0.4960938294709195
2024/kunming/B0503,0.25386100696924885
2024/kunming/B0504,0.012407694953044229
2024/kunming/B1207,0.011586172958944709
2024/kunming/B0505,0.011602960259709881
2024/kunming/B0506,0.25091278688527247
2024/kunming/B1003,0.04501553160023231
2024/kunming/B0507,0.02377998443666076
2024/kunming/D1503,0.020924190916620598
2024/kunming/C1402,0.9124361604769414
2024/kunming/B0601,0.2068940488158881
2024/kunming/D0104,0.040845715909949315
2024/kunming/B1302,0.04146227271140963
2024/kunming/B0603,0.23091976292927183
2024/kunming/C0305,0.07807816514495095
2024/kunming/B0604,0.14033624949008322
2024/kunming/C0607,0.01590639171181471
2024/kunming/B0606,0.06008665017400762
2024/kunming/B0607,0.016277460912713496
2024/kunming/C0403,0.10970577387797074
2024/kunming/B0701,0.036769466075598736
2024/kunming/B1807,0.012217681708496946
2024/kunming/C0303,0.11757213354550883
2024/kunming/B1004,0.10521053670308635
2024/kunming/B0702,0.24220562872535945
2024/kunming/B0704,0.10521053670308635
2024/kunming/D0205,0.017375664509219565
2024/kunming/B0706,0.018369638109289183
2024/kunming/B0707,0.07107366938018356
2024/kunming/D0702,0.6688802603710086
2024/kunming/B0802,0.5698526514141571
2024/kunming/B1604,0.5350984286266115
2024/kunming/C1704,0.014928337720029985
2024/kunming/B0803,0.010652510839726164
2024/kunming/B0804,0.7090191337850932
2024/kunming/B1406,0.5851011542032312
2024/kunming/D0904,0.1285251389364931
2024/kunming/B0805,0.018617802261831698
2024/kunming/B0806,0.3998116407397951
2024/kunming/D1003,0.015483987303625265
2024/kunming/B0807,0.008438474173437812
2024/kunming/B0901,0.023509452407533014
2024/kunming/B0904,0.10230470789265303
2024/kunming/C1401,0.03904829272622638
2024/kunming/B0906,0.16026603232776068
2024/kunming/D0105,0.021864556492113725
2024/kunming/B1607,0.020254690564739046
2024/kunming/B0907,0.07159119944455247
2024/kunming/D1102,0.04208772791561884
2024/kunming/C1701,0.07369626970604846
2024/kunming/C1207,0.4263215925474903
2024/kunming/B1001,0.05921025074128593
2024/kunming/B1002,0.007718051813027456
2024/kunming/B1006,0.1480471980316895
2024/kunming/B1007,0.02245705292941607
2024/kunming/B1101,0.17781086947804958
2024/kunming/B1502,0.14608724704829565
2024/kunming/B1102,0.032344332381157095
2024/kunming/C0801,0.17553807362342935
2024/kunming/B1103,0.027272668797565777
2024/kunming/C1101,0.07055959618729296
2024/kunming/B1105,0.06325052199347325
2024/kunming/B1107,0.011375600238837661
2024/kunming/B1201,0.04535258055430642
2024/kunming/B1202,0.015603534790203506
2024/kunming/C0301,0.6224593312018546
2024/kunming/D1507,0.06465348835622392
2024/kunming/B1203,0.039638839100970026
2024/kunming/B1204,0.021368887755176
2024/kunming/B1205,0.053799643460063995
2024/kunming/B1206,0.06278920859705135
2024/kunming/B1301,0.018833129890434692
2024/kunming/D0501,0.6442251064863697
2024/kunming/D0302,0.3276683008207139
2024/kunming/B1303,0.29421497216298875
2024/kunming/B1403,0.0499585240665846
2024/kunming/B1504,0.011136501947972353
2024/kunming/C0604,0.23651623644570763
2024/kunming/B1506,0.10230470789265303
2024/kunming/D1502,0.04922211319719861
2024/kunming/B1601,0.13117322376181567
2024/kunming/B1603,0.05419872982318558
2024/kunming/B1605,0.2068940488158881
2024/kunming/C0902,0.053403329799824234
2024/kunming/B1701,0.01905089958582299
2024/kunming/B1702,0.02112519189594821
2024/kunming/B1703,0.02665773968397867
2024/kunming/B1704,0.022286185539225494
2024/kunming/B1706,0.01135365596173384
2024/kunming/D0703,0.027376488778351356
2024/kunming/B1707,0.02843603304485266
2024/kunming/C0804,0.08509904500702024
2024/kunming/B1802,0.07107366938018356
2024/kunming/C0602,0.09807932347046003
2024/kunming/B1803,0.13846179056896438
2024/kunming/B1804,0.017176709012318405
2024/kunming/B1805,0.05877655584806683
2024/kunming/C1302,0.03817827426156642
2024/kunming/D0607,0.5195213219520929
2024/kunming/C0101,0.21733752104706247
2024/kunming/C0103,0.02898062974145319
2024/kunming/C0202,0.025662705546089896
2024/kunming/C0204,0.014364657167707039
2024/kunming/C0207,0.017780390073110934
2024/kunming/C1104,0.05300977201585542
2024/kunming/C0304,0.027376488778351356
2024/kunming/C0306,0.0651275468396235
2024/kunming/C0307,0.02333076880848049
2024/kunming/C0402,0.025760559119668493
2024/kunming/C0404,0.017780390073110934
2024/kunming/C0405,0.09401017961657226
2024/kunming/C0406,0.02280263596800613
2024/kunming/C0407,0.02048855468474385
2024/kunming/C0501,0.9817357216481429
2024/kunming/C0707,0.8333245953120233
2024/kunming/C0502,0.02595735719779685
2024/kunming/C1707,0.06954174450582809
2024/kunming/C0503,0.009205455103308688
2024/kunming/C0504,0.07263670636078697
2024/kunming/C0704,0.018617802261831698
2024/kunming/C0505,0.0364937662290278
2024/kunming/D1107,0.9856629695759892
2024/kunming/D1501,0.9632305339244013
2024/kunming/C0506,0.9348724531603766
2024/kunming/C1606,0.8354835371034369
2024/kunming/C0603,0.11279540628289324
2024/kunming/C0906,0.047780066363570746
2024/kunming/C0701,0.05834584061168106
2024/kunming/C0703,0.03817827426156642
2024/kunming/C0805,0.013584392513059033
2024/kunming/C0807,0.15405756269148546
2024/kunming/D0106,0.10818895456207035
2024/kunming/C1404,0.09268777863937604
2024/kunming/C1702,0.11279540628289324
2024/kunming/C0901,0.04813677111663481
2024/kunming/C0903,0.011642224164666006
2024/kunming/D0906,0.04742587317756679
2024/kunming/C0904,0.03934250326425821
2024/kunming/C1001,0.12765262532179067
2024/kunming/C1002,0.11757213354550883
2024/kunming/D1302,0.46879062662624377
2024/kunming/C1003,0.04922211319719861
2024/kunming/C1205,0.015189048807983947
2024/kunming/C1004,0.012112065172803612
2024/kunming/C1602,0.8807970779778823
2024/kunming/C1006,0.18242552380635632
2024/kunming/C1102,0.03435868933300902
2024/kunming/C1103,0.07921032410902437
2024/kunming/C1106,0.03384403534049258
2024/kunming/C1107,0.28457600421652673
2024/kunming/C1202,0.022032264112695956
2024/kunming/C1206,0.012241275291807161
2024/kunming/C1304,0.05460060578165237
2024/kunming/D0503,0.036769466075598736
2024/kunming/C1305,0.7090191337850932
2024/kunming/D1603,0.5195213219520929
2024/kunming/C1403,0.021822824973459238
2024/kunming/C1405,0.10230470789265303
2024/kunming/C1502,0.21733752104706247
2024/kunming/D1106,0.16026603232776068
2024/kunming/D0704,0.053799643460063995
2024/kunming/C1504,0.03904829272622638
2024/kunming/C1505,0.07864238118410145
2024/kunming/C1507,0.037326887344129464
2024/kunming/D1306,0.012821214266594244
2024/kunming/C1506,0.012845958175601158
2024/kunming/C1601,0.061875985723642724
2024/kunming/D0507,0.01208871757858396
2024/kunming/D0806,0.6224593312018546
2024/kunming/D0502,0.16026603232776068
2024/kunming/C1604,0.1422318950098963
2024/kunming/D1602,0.1242130083520534
2024/kunming/C1605,0.021206120201989188
2024/kunming/C1706,0.02169809712363195
2024/kunming/D0305,0.020804489950607352
2024/kunming/D0101,0.013096003944510716
2024/kunming/D0102,0.020215968191895972
2024/kunming/D0103,0.015891112433914004
2024/kunming/D0107,0.04304284934003218
2024/kunming/D0204,0.009513279330800284
2024/kunming/D0206,0.02280263596800613
2024/kunming/D0307,0.01964376067755956
2024/kunming/D1206,0.31069438321455395
2024/kunming/D0401,0.029647510146313606
2024/kunming/D0402,0.06465348835622392
2024/kunming/D0403,0.00945022394072095
2024/kunming/D0407,0.3665897363221599
2024/kunming/D0404,0.09739039825194779
2024/kunming/D0405,0.019124036750888904
2024/kunming/D1604,0.012053779516236447
2024/kunming/D0504,0.010860331013277531
2024/kunming/D0603,0.09009299396195182
2024/kunming/D0705,0.024987794590900315
2024/kunming/D0802,0.03283695602724524
2024/kunming/D0804,0.0189054471413467
2024/kunming/D0807,0.013428254741968517
2024/kunming/D0901,0.008652550563073055
2024/kunming/D0902,0.0179948363604828
2024/kunming/D0903,0.011136501947972353
2024/kunming/D0905,0.018833129890434692
2024/kunming/D0907,0.32082130082460697
2024/kunming/D1506,0.04922211319719861
2024/kunming/D1001,0.012845958175601158
2024/kunming/D1002,0.011519263458791744
2024/kunming/D1005,0.029535339291104773
2024/kunming/D1007,0.0088430743325813
2024/kunming/D1202,0.013551716838773703
2024/kunming/D1301,0.027376488778351356
2024/kunming/D1303,0.013623705901264275
2024/kunming/D1305,0.011397586440740529
2024/kunming/D1401,0.09401017961657226
2024/kunming/D1402,0.12592276483513232
2024/kunming/D1406,0.013171949881556448
2024/kunming/D1407,0.5583269943353745
2024/kunming/D1606,0.016029147365901317
2024/kunming/D1701,0.01003295107635914
2024/kunming/D1702,0.006906349330977867
2024/kunming/D1703,0.009068418077256526
2024/nanjing/A0201,0.0012743262913872736
2024/nanjing/A0202,0.10970577387797074
2024/nanjing/B1303,0.011961098249809548
2024/nanjing/C1504,0.003678508928875723
2024/nanjing/B0502,0.004755199909833047
2024/nanjing/A0405,0.011642224164666006
2024/nanjing/A0203,0.0044510412268872835
2024/nanjing/A1405,0.9866233967726227
2024/nanjing/A0204,0.9873750507184357
2024/nanjing/C0503,0.9449947117065459
2024/nanjing/C0606,0.9073122213606241
2024/nanjing/B1302,0.02635535284611975
2024/nanjing/A0205,0.033085978388704126
2024/nanjing/C0903,0.0033374049451905213
2024/nanjing/A1805,0.039638839100970026
2024/nanjing/A0301,0.0022213377298572223
2024/nanjing/C1204,0.3276683008207139
2024/nanjing/A0302,0.08632347658627028
2024/nanjing/A2003,0.053403329799824234
2024/nanjing/C1003,0.06656918897050168
2024/nanjing/A0303,0.008061991528271641
2024/nanjing/C1107,0.5964331462646254
2024/nanjing/B1105,0.06465348835622392
2024/nanjing/C0204,0.05261895334771377
2024/nanjing/A0304,0.37387582277169656
2024/nanjing/A0305,5.804235472453135E-4
2024/nanjing/A0306,0.3702253925955866
2024/nanjing/A1806,0.03817827426156642
2024/nanjing/B0605,0.033589505650103976
2024/nanjing/C1804,0.002144765206335732
2024/nanjing/A0307,0.02822098712953305
2024/nanjing/A1605,0.0025859368699227133
2024/nanjing/B1804,0.002265050454536947
2024/nanjing/A1107,0.010408314101072437
2024/nanjing/A0401,0.008124708778180903
2024/nanjing/C0207,0.0025065753820135623
2024/nanjing/C1402,0.46879062662624377
2024/nanjing/A0402,0.26284183737131667
2024/nanjing/A0903,0.13117322376181567
2024/nanjing/A1507,0.03846619201832428
2024/nanjing/A0403,0.008093289897373068
2024/nanjing/A0404,0.07263670636078697
2024/nanjing/A0406,0.007606672164523265
2024/nanjing/A0407,0.02377998443666076
2024/nanjing/A0501,0.024053552894426178
2024/nanjing/A0502,0.1347759174229568
2024/nanjing/A0503,0.003111508539858309
2024/nanjing/A0504,7.166297333957789E-4
2024/nanjing/A0505,0.04115288921744485
2024/nanjing/A0506,0.10521053670308635
2024/nanjing/C0802,0.06656918897050168
2024/nanjing/A0507,0.03514484640079327
2024/nanjing/C1905,0.0024331965271138594
2024/nanjing/A0601,0.019124036750888904
2024/nanjing/B1502,0.011158031248084033
2024/nanjing/C1703,0.05921025074128593
2024/nanjing/A0602,0.009055264186722086
2024/nanjing/A0603,0.001347830661989305
2024/nanjing/A0604,0.007039045597401514
2024/nanjing/A0605,0.07696083569602613
2024/nanjing/A0606,0.029760093945964218
2024/nanjing/A0607,0.003678508928875723
2024/nanjing/C1707,0.17106119167858438
2024/nanjing/A0701,0.01691491326672651
2024/nanjing/A1807,0.005730246514992079
2024/nanjing/A1501,0.019946934427410523
2024/nanjing/A0702,0.004943689078122551
2024/nanjing/A0703,0.0022430878512891728
2024/nanjing/A0704,0.0014048677545435851
2024/nanjing/A0705,0.01757688326733593
2024/nanjing/A0706,0.9856076636305632
2024/nanjing/A0707,0.35936414516010196
2024/nanjing/C1401,0.0030396496140834887
2024/nanjing/A0801,0.009821792919693043
2024/nanjing/A0802,0.006145092084085153
2024/nanjing/B1006,0.09138210306717136
2024/nanjing/C1601,0.008711384457705508
2024/nanjing/A0803,0.0034229349220894047
2024/nanjing/B2004,0.0020111583418261515
2024/nanjing/A0804,0.3451052709578724
2024/nanjing/A1005,0.14608724704829565
2024/nanjing/B0506,0.018833129890434692
2024/nanjing/B2001,0.05419872982318558
2024/nanjing/A0805,0.04208772791561884
2024/nanjing/A1503,0.01665704000922906
2024/nanjing/B1301,0.0031665118463870706
2024/nanjing/C2001,0.0019503523595535536
2024/nanjing/A0806,0.0012351678202785303
2024/nanjing/A0807,0.0015099907455777615
2024/nanjing/A0901,0.0014793848526306243
2024/nanjing/B1201,0.22270013882530884
2024/nanjing/A0902,0.06278920859705135
2024/nanjing/C1701,0.04813677111663481
2024/nanjing/A0904,0.3960681662740417
2024/nanjing/B1702,0.21206880435710532
2024/nanjing/A0905,0.0041824941855914755
2024/nanjing/B1603,0.08151975597471893
2024/nanjing/A0906,0.09947021388210707
2024/nanjing/C0907,0.09138210306717136
2024/nanjing/A0907,0.006930671656746301
2024/nanjing/A1001,0.05582314113461443
2024/nanjing/C1604,0.012527931992744795
2024/nanjing/B0703,0.0039762279744753
2024/nanjing/A1002,0.03817827426156642
2024/nanjing/C0404,0.7431680086124811
2024/nanjing/B1402,0.23651623644570763
2024/nanjing/C0507,0.14608724704829565
2024/nanjing/A1003,0.0675466911396291
2024/nanjing/A1004,6.563728324346652E-4
2024/nanjing/B1004,5.484792388673105E-4
2024/nanjing/A1201,0.056236345704483756
2024/nanjing/B1505,0.004038591571505557
2024/nanjing/A2004,0.003678508928875723
2024/nanjing/A1006,0.001389200489028677
2024/nanjing/A1007,0.20434189993684582
2024/nanjing/C1807,0.02696349986233355
2024/nanjing/A1101,0.028870906946287907
2024/nanjing/A1102,0.0044337652006436815
2024/nanjing/A1401,0.11920292202211755
2024/nanjing/A1103,0.00375078888895543
2024/nanjing/B0902,0.9372107914029487
2024/nanjing/A1104,0.12765262532179067
2024/nanjing/A1404,0.09401017961657226
2024/nanjing/C1405,0.05921025074128593
2024/nanjing/A1105,0.0015823420485441765
2024/nanjing/B1605,0.7217432062975979
2024/nanjing/C0501,0.31405054499180746
2024/nanjing/A1106,0.09670579329612154
2024/nanjing/A1202,0.1500288243424251
2024/nanjing/C0306,0.04208772791561884
2024/nanjing/A1203,0.09138210306717136
2024/nanjing/C1407,0.0024531295218666194
2024/nanjing/A1204,0.0024786522281505913
2024/nanjing/A1205,0.012431650853185818
2024/nanjing/C1507,0.08509904500702024
2024/nanjing/A1907,0.47268347662043286
2024/nanjing/B0704,0.12252321251815919
2024/nanjing/A1206,0.25386100696924885
2024/nanjing/A1207,0.007066400963249157
2024/nanjing/A1301,0.0017342079835090854
2024/nanjing/C0203,0.19436781101874467
2024/nanjing/A1302,0.00433150202056399
2024/nanjing/A1303,0.030908958517211163
2024/nanjing/A1304,0.3629692055196168
2024/nanjing/A1305,0.006615392678327907
2024/nanjing/A1306,0.027795622581245058
2024/nanjing/B0503,0.005353646275529197
2024/nanjing/A1307,0.001913633659968607
2024/nanjing/A1402,0.001103026641398157
2024/nanjing/A1403,0.00154876109428798
2024/nanjing/A1406,0.006797531550373378
2024/nanjing/A1407,7.236572645054245E-4
2024/nanjing/A1502,0.0048109830326012485
2024/nanjing/A1504,9.83088219410084E-4
2024/nanjing/A1505,0.017712298703411445
2024/nanjing/C1302,0.28457600421652673
2024/nanjing/A1703,0.1968262036430985
2024/nanjing/A1506,0.14608724704829565
2024/nanjing/B1805,0.11279540628289324
2024/nanjing/B1305,0.034880886936679296
2024/nanjing/A1601,0.02245705292941607
2024/nanjing/C1202,0.11596071825396677
2024/nanjing/A1602,0.017848738449988986
2024/nanjing/A1603,0.0023141263296893675
2024/nanjing/A1604,0.11757213354550883
2024/nanjing/C2003,0.048496003243956885
2024/nanjing/A1606,0.009859855303538789
2024/nanjing/C1005,0.7905303186696747
2024/nanjing/A1607,0.22000709974589314
2024/nanjing/B1101,0.0020131193672100586
2024/nanjing/A1701,0.035678550877730524
2024/nanjing/A1702,0.41869690935568665
2024/nanjing/C1301,0.046033902399240385
2024/nanjing/A1704,0.053799643460063995
2024/nanjing/A1705,0.027795622581245058
2024/nanjing/A1706,0.020023441289455244
2024/nanjing/C1602,0.005469274598698993
2024/nanjing/A1707,0.017176709012318405
2024/nanjing/A1801,0.0044165559311439735
2024/nanjing/A1802,0.002564615239387456
2024/nanjing/B0906,0.0013953102707622957
2024/nanjing/A1803,0.007345826574477061
2024/nanjing/C1007,0.5926665999540697
2024/nanjing/A2006,0.5
2024/nanjing/A1804,0.30735801686526387
2024/nanjing/A1903,0.01691491326672651
2024/nanjing/B0805,0.4073334000459302
2024/nanjing/C0803,0.1645164628965632
2024/nanjing/A1904,0.08151975597471893
2024/nanjing/A1905,0.3960681662740417
2024/nanjing/A1906,0.009268013380914325
2024/nanjing/A2005,0.0021494728656458895
2024/nanjing/A2007,0.0014381353210925951
2024/nanjing/C0307,0.0011051807122623436
2024/nanjing/C1904,0.11757213354550883
2024/nanjing/B0501,0.028870906946287907
2024/nanjing/B0504,0.2254166158350767
2024/nanjing/C0605,0.0194193481824486
2024/nanjing/B1103,0.08269734267503885
2024/nanjing/B1801,0.15405756269148546
2024/nanjing/B0505,0.00428125454070172
2024/nanjing/B0601,0.002020982570061025
2024/nanjing/B0602,0.003678508928875723
2024/nanjing/B0603,0.0020033332861764124
2024/nanjing/B0604,0.31405054499180746
2024/nanjing/B0802,0.012527931992744795
2024/nanjing/C1303,0.41489884579676883
2024/nanjing/C1002,0.2782567937024021
2024/nanjing/C1607,0.10521053670308635
2024/nanjing/B0606,0.1500288243424251
2024/nanjing/C0402,0.005001672249929073
2024/nanjing/B0701,0.0010362668882466278
2024/nanjing/B0702,0.12940273159163906
2024/nanjing/B1902,0.011777842688519623
2024/nanjing/B0705,0.7310585786300049
2024/nanjing/B2006,0.5736784074525096
2024/nanjing/B0803,0.47268347662043286
2024/nanjing/C1102,0.07055959618729296
2024/nanjing/B1802,0.08756383952305867
2024/nanjing/B0706,0.01495708659314999
2024/nanjing/B0801,0.0011755146198197796
2024/nanjing/B0804,0.018124720744468643
2024/nanjing/B0806,0.0014522279153248714
2024/nanjing/B1202,0.017848738449988986
2024/nanjing/B2005,0.01826427835185701
2024/nanjing/B0901,0.01507262830894569
2024/nanjing/B0903,0.061875985723642724
2024/nanjing/B1606,0.001142449539817763
2024/nanjing/C2004,0.7606506526772884
2024/nanjing/C1502,0.7549149868676283
2024/nanjing/B0904,0.8056321889812553
2024/nanjing/B0905,0.01704531725343583
2024/nanjing/B1001,0.0062899021368924835
2024/nanjing/B1002,0.021615332762647654
2024/nanjing/C2005,0.05261895334771377
2024/nanjing/B1003,0.0011995489785895249
2024/nanjing/B1005,0.16026603232776068
2024/nanjing/B1104,0.004109915708257277
2024/nanjing/B1106,0.04401864986294638
2024/nanjing/B1203,0.001512938361888412
2024/nanjing/B1204,0.005001672249929073
2024/nanjing/B1205,0.5736784074525096
2024/nanjing/C1207,0.012431650853185818
2024/nanjing/B1206,0.07696083569602613
2024/nanjing/B1304,0.015784561073809773
2024/nanjing/B1306,0.007204769088868756
2024/nanjing/B1405,0.2254166158350767
2024/nanjing/B1905,0.10970577387797074
2024/nanjing/B1401,0.06853749303199023
2024/nanjing/B1906,0.013020490113842825
2024/nanjing/B1403,0.0017123682954124047
2024/nanjing/C1304,0.04115288921744485
2024/nanjing/B1404,0.01665704000922906
2024/nanjing/B1406,0.11124120650754304
2024/nanjing/C0304,0.03333682414270177
2024/nanjing/B1501,0.23370635691404026
2024/nanjing/B1503,0.03161876726864548
2024/nanjing/B1504,0.0018512539990648304
2024/nanjing/B1601,0.0010302190030275107
2024/nanjing/B1602,0.021450729175489416
2024/nanjing/C0804,0.005240449620258945
2024/nanjing/B1604,0.8872045937171068
2024/nanjing/B1903,0.02843603304485266
2024/nanjing/B1701,0.005685906935227819
2024/nanjing/B1703,0.012147170099805133
2024/nanjing/B1705,0.004848533090448643
2024/nanjing/B1706,0.00912563738918052
2024/nanjing/C0901,0.008030813216260063
2024/nanjing/B1803,0.0017649073345994977
2024/nanjing/C1106,0.03846619201832428
2024/nanjing/B1806,0.021781171331499802
2024/nanjing/B1901,0.05261895334771377
2024/nanjing/C0505,0.00549056320249923
2024/nanjing/B1904,0.00402290993572915
2024/nanjing/B2003,9.714682987217396E-4
2024/nanjing/C0205,0.017176709012318405
2024/nanjing/C0905,0.10087862273005653
2024/nanjing/C0206,0.00593406683938367
2024/nanjing/C0301,0.01868930842674908
2024/nanjing/C0302,0.003621685478675127
2024/nanjing/C0303,8.369065065187043E-4
2024/nanjing/C0305,0.002580904163589908
2024/nanjing/C0401,0.05500528829345415
2024/nanjing/C0405,0.0399373142069266
2024/nanjing/C0502,0.1183850968071675
2024/nanjing/C0406,0.0010483414221671614
2024/nanjing/C0407,0.0022827749119082143
2024/nanjing/C0504,0.002540992626578983
2024/nanjing/C0602,0.022629200033037256
2024/nanjing/C0603,0.0019154997742267998
2024/nanjing/C0604,0.05184546664977983
2024/nanjing/C0607,0.011687257995694434
2024/nanjing/C0701,0.21206880435710532
2024/nanjing/C0702,0.05500528829345415
2024/nanjing/C1903,0.036769466075598736
2024/nanjing/C0703,0.02635535284611975
2024/nanjing/C1506,0.5736784074525096
2024/nanjing/C0704,0.22000709974589314
2024/nanjing/C1706,0.12592276483513232
2024/nanjing/C0705,6.374341933096259E-4
2024/nanjing/C0706,0.012920473039078976
2024/nanjing/C0906,0.20181322226037882
2024/nanjing/C0801,0.04672495862609242
2024/nanjing/C0805,0.0011525232319786153
2024/nanjing/C0806,0.06008665017400762
2024/nanjing/C0807,0.00315420572548768
2024/nanjing/C0902,4.99420543153358E-4
2024/nanjing/C0904,9.362828177560106E-4
2024/nanjing/C1001,0.005685906935227819
2024/nanjing/C1004,0.06954174450582809
2024/nanjing/C1006,0.014063627043245474
2024/nanjing/C1101,0.006903838071221877
2024/nanjing/C1103,0.001640466500551184
2024/nanjing/C1104,0.0012545944799717981
2024/nanjing/C1201,0.006145092084085153
2024/nanjing/C1203,0.02595735719779685
2024/nanjing/C1205,0.0034834241930806675
2024/nanjing/C1206,0.004709206039436051
2024/nanjing/C1305,0.005199880176696374
2024/nanjing/C1307,0.040845715909949315
2024/nanjing/C1404,0.0016213854748631411
2024/nanjing/C1406,0.03514484640079327
2024/nanjing/C1501,0.01691491326672651
2024/nanjing/C1503,0.0028449096649795012
2024/nanjing/C1505,0.5117166047041654
2024/nanjing/C1704,0.06371499425196533
2024/nanjing/C1603,0.001817283116449832
2024/nanjing/C1606,0.09268777863937604
2024/nanjing/C1705,0.006180980968686543
2024/nanjing/C1801,0.0013323112865716435
2024/nanjing/C1803,0.41869690935568665
2024/nanjing/C1806,0.004718369255027519
2024/nanjing/C1805,0.0021489492836254285
2024/nanjing/C1901,9.859697398619514E-4
2024/nanjing/C1902,0.05834584061168106
2024/nanjing/C2002,0.02280263596800613
2024/shanghai/A11,0.004407976250244346
2024/shanghai/C22,0.09138210306717136
2024/shanghai/A12,0.024609928625961945
2024/shanghai/E48,0.013636835281429876
2024/shanghai/B22,0.011961098249809548
2024/shanghai/A13,0.17553807362342935
2024/shanghai/F51,0.0675466911396291
2024/shanghai/A14,0.07423137046083579
2024/shanghai/D56,0.004277093542286952
2024/shanghai/A15,0.0024331965271138594
2024/shanghai/E36,0.25683199138751883
2024/shanghai/A16,0.10087862273005653
2024/shanghai/D41,0.028652669309593447
2024/shanghai/D37,0.38121956625614994
2024/shanghai/A17,0.31405054499180746
2024/shanghai/B83,0.3311197396289915
2024/shanghai/A18,0.12085323249047067
2024/shanghai/E17,0.02048855468474385
2024/shanghai/F44,0.01052971212461742
2024/shanghai/D18,0.007518718061432194
2024/shanghai/A21,0.00593406683938367
2024/shanghai/D44,0.04115288921744485
2024/shanghai/C71,0.03384403534049258
2024/shanghai/A22,0.009859855303538789
2024/shanghai/A24,0.03210070671700819
2024/shanghai/A25,0.7248702761768248
2024/shanghai/D25,0.2658804730998169
2024/shanghai/B23,0.2689414213699951
2024/shanghai/C41,0.11124120650754304
2024/shanghai/D66,0.008187909901696235
2024/shanghai/A26,0.004425152237301639
2024/shanghai/D26,0.5
2024/shanghai/F35,0.41489884579676883
2024/shanghai/A27,0.20946968133032526
2024/shanghai/A28,0.013955710398273338
2024/shanghai/A32,0.003991728369413719
2024/shanghai/A33,0.1347759174229568
2024/shanghai/E56,0.0675466911396291
2024/shanghai/B21,0.020023441289455244
2024/shanghai/A35,0.33458944125318596
2024/shanghai/A36,0.039638839100970026
2024/shanghai/A38,0.020332353342658753
2024/shanghai/A41,0.04023794262361602
2024/shanghai/A42,0.035678550877730524
2024/shanghai/F53,0.05033063259747688
2024/shanghai/A43,0.870597268408361
2024/shanghai/E54,0.33807712415000585
2024/shanghai/B51,0.19436781101874467
2024/shanghai/C11,0.0399373142069266
2024/shanghai/A44,0.01826427835185701
2024/shanghai/D61,0.1347759174229568
2024/shanghai/C67,0.021615332762647654
2024/shanghai/A45,0.31742626558767584
2024/shanghai/A46,0.1561048974454574
2024/shanghai/D24,0.17781086947804958
2024/shanghai/E34,0.08269734267503885
2024/shanghai/A47,0.003628740302085432
2024/shanghai/D65,0.001512938361888412
2024/shanghai/A48,0.0021531415057356954
2024/shanghai/A51,0.04023794262361602
2024/shanghai/A52,0.0030994155155094484
2024/shanghai/C78,0.17781086947804958
2024/shanghai/E67,0.027585282226789985
2024/shanghai/A53,0.028652669309593447
2024/shanghai/A54,0.03283695602724524
2024/shanghai/D87,0.0675466911396291
2024/shanghai/A55,0.017712298703411445
2024/shanghai/A56,0.016090874192824428
2024/shanghai/A57,0.0088302443941687
2024/shanghai/A58,0.012288597529701977
2024/shanghai/C72,0.1871326821624266
2024/shanghai/A61,0.03461883883917583
2024/shanghai/A62,0.08509904500702024
2024/shanghai/A63,0.002636805419513102
2024/shanghai/A64,0.3998116407397951
2024/shanghai/F25,0.10374862686637971
2024/shanghai/D46,0.10374862686637971
2024/shanghai/C31,0.08269734267503885
2024/shanghai/D14,0.013121271126550956
2024/shanghai/A65,0.009821792919693043
2024/shanghai/F67,0.007289077583591924
2024/shanghai/E23,0.08389038641057993
2024/shanghai/D38,0.10230470789265303
2024/shanghai/A66,0.0143370304240108
2024/shanghai/F18,0.8397339676722393
2024/shanghai/A67,0.07696083569602613
2024/shanghai/A68,0.003524340980437085
2024/shanghai/F37,0.18952109132967757
2024/shanghai/B84,0.12592276483513232
2024/shanghai/E21,0.06097518086496481
2024/shanghai/A71,0.053403329799824234
2024/shanghai/A72,0.7718434978390747
2024/shanghai/E57,0.17781086947804958
2024/shanghai/C61,0.16667540468797667
2024/shanghai/F14,0.08945460216888064
2024/shanghai/A73,0.1500288243424251
2024/shanghai/F11,0.008061991528271641
2024/shanghai/A74,0.01826427835185701
2024/shanghai/C32,0.004982269730421259
2024/shanghai/A75,0.0027954770234075977
2024/shanghai/A76,0.020645930739218447
2024/shanghai/C17,0.13846179056896438
2024/shanghai/A77,0.04336579876390677
2024/shanghai/A78,0.0055819629137651835
2024/shanghai/A81,0.26284183737131667
2024/shanghai/C53,0.012821214266594244
2024/shanghai/A82,0.0209642408181275
2024/shanghai/D85,0.9219218348550491
2024/shanghai/F27,0.8633916099737806
2024/shanghai/A83,0.34864513533394575
2024/shanghai/C25,0.12252321251815919
2024/shanghai/E51,0.04707417582102406
2024/shanghai/A84,0.003135835877283034
2024/shanghai/A85,0.17553807362342935
2024/shanghai/B85,0.08269734267503885
2024/shanghai/A86,0.04369106064046812
2024/shanghai/B74,0.009559399347091532
2024/shanghai/C88,0.02800752060598813
2024/shanghai/D81,0.028652669309593447
2024/shanghai/A87,0.005911068856243796
2024/shanghai/F63,0.004459704353942874
2024/shanghai/A88,0.011115013721477563
2024/shanghai/B33,0.02048855468474385
2024/shanghai/D43,0.05665242530797383
2024/shanghai/D45,0.06325052199347325
2024/shanghai/B11,0.015189048807983947
2024/shanghai/B12,0.07055959618729296
2024/shanghai/B13,0.0028366107734997996
2024/shanghai/B14,0.0194193481824486
2024/shanghai/B15,0.18952109132967757
2024/shanghai/C74,0.30404167496654744
2024/shanghai/E55,0.12085323249047067
2024/shanghai/B16,0.0024486528062566074
2024/shanghai/B17,0.016403032516163058
2024/shanghai/B18,0.012821214266594244
2024/shanghai/B24,0.011732463956348185
2024/shanghai/C18,0.008315778477474129
2024/shanghai/B25,0.025565213923269593
2024/shanghai/B26,0.3451052709578724
2024/shanghai/D58,0.04742587317756679
2024/shanghai/B27,0.008093289897373068
2024/shanghai/E33,0.005554924703691103
2024/shanghai/B28,0.009090383313658499
2024/shanghai/F17,0.8723473746782093
2024/shanghai/E37,0.785308580887758
2024/shanghai/B31,0.8128673178375735
2024/shanghai/D21,0.746138993030751
2024/shanghai/B32,0.005819959584259008
2024/shanghai/B34,0.01757688326733593
2024/shanghai/E27,0.06097518086496481
2024/shanghai/F12,0.028652669309593447
2024/shanghai/B36,0.005395408894945794
2024/shanghai/B37,0.00959645473238191
2024/shanghai/B38,0.014063627043245474
2024/shanghai/B41,0.6688802603710086
2024/shanghai/D23,0.05834584061168106
2024/shanghai/C48,0.02843603304485266
2024/shanghai/B42,0.04240382863184672
2024/shanghai/B43,0.009974920824078675
2024/shanghai/B44,0.0026496777322744984
2024/shanghai/B45,0.09138210306717136
2024/shanghai/E25,0.04672495862609242
2024/shanghai/C36,0.006771209930611185
2024/shanghai/B46,0.010328152519305191
2024/shanghai/F33,0.2877678157610531
2024/shanghai/B47,0.04369106064046812
2024/shanghai/C23,0.053403329799824234
2024/shanghai/B48,0.017848738449988986
2024/shanghai/B52,0.005696959746084784
2024/shanghai/D71,0.024237634712630244
2024/shanghai/B53,0.0030589464236142716
2024/shanghai/B54,0.033085978388704126
2024/shanghai/B55,0.02843603304485266
2024/shanghai/B56,0.011158031248084033
2024/shanghai/B57,0.09401017961657226
2024/shanghai/B58,0.0025608708425093117
2024/shanghai/B61,0.015306354560694808
2024/shanghai/B62,0.00205975682391806
2024/shanghai/E42,0.1645164628965632
2024/shanghai/B63,0.22270013882530884
2024/shanghai/B64,0.0194193481824486
2024/shanghai/F22,0.010839369826043697
2024/shanghai/B65,0.007511434273133376
2024/shanghai/D73,0.6039318337259583
2024/shanghai/B66,0.021450729175489416
2024/shanghai/C33,0.26284183737131667
2024/shanghai/D51,0.41489884579676883
2024/shanghai/C58,0.09807932347046003
2024/shanghai/B67,0.010902373729285245
2024/shanghai/B68,0.00502603115241428
2024/shanghai/C57,0.00959645473238191
2024/shanghai/B71,0.0062050225343087085
2024/shanghai/B72,0.0399373142069266
2024/shanghai/F21,0.03934250326425821
2024/shanghai/D42,0.017712298703411445
2024/shanghai/B75,0.9473810466522863
2024/shanghai/C52,0.17553807362342935
2024/shanghai/E44,0.08509904500702024
2024/shanghai/B76,0.31742626558767584
2024/shanghai/D68,0.04369106064046812
2024/shanghai/D88,0.016277460912713496
2024/shanghai/B77,0.04146227271140963
2024/shanghai/B78,0.13117322376181567
2024/shanghai/B81,0.012288597529701977
2024/shanghai/F62,0.009821792919693043
2024/shanghai/B82,0.0034496887216523323
2024/shanghai/B86,0.22270013882530884
2024/shanghai/B87,0.020804489950607352
2024/shanghai/F52,0.007968814953315289
2024/shanghai/C34,0.9901401446964613
2024/shanghai/E68,0.9522199336364293
2024/shanghai/D36,0.9124361604769414
2024/shanghai/B88,0.7956581000631541
2024/shanghai/C13,0.45326184801538616
2024/shanghai/F13,0.4301473485858429
2024/shanghai/C14,0.003202159178885456
2024/shanghai/C15,0.012194133037590526
2024/shanghai/D35,0.006771209930611185
2024/shanghai/C16,0.06560483745906928
2024/shanghai/E66,0.03021458706739398
2024/shanghai/C21,0.004125935094747131
2024/shanghai/C24,0.06142404005467019
2024/shanghai/C26,0.01757688326733593
2024/shanghai/C27,0.0021531415057356954
2024/shanghai/D33,0.008711384457705508
2024/shanghai/C28,0.005065251132873968
2024/shanghai/C35,0.0034046617295478594
2024/shanghai/C37,0.007183843668940958
2024/shanghai/C38,0.003876926469761008
2024/shanghai/C42,0.10230470789265303
2024/shanghai/C43,0.0028063875059125974
2024/shanghai/C44,0.0025163611540199066
2024/shanghai/C45,0.018124720744468643
2024/shanghai/C46,0.008610767667510729
2024/shanghai/F42,0.06278920859705135
2024/shanghai/C47,0.035948321789243294
2024/shanghai/C51,0.0039607875302097575
2024/shanghai/F43,0.012722708199923246
2024/shanghai/C54,0.04535258055430642
2024/shanghai/F45,0.5467381519846138
2024/shanghai/D28,0.22815650216092537
2024/shanghai/C55,0.16885695214168314
2024/shanghai/C56,0.0023090588897355666
2024/shanghai/C62,0.010652510839726164
2024/shanghai/C65,0.006944127261830782
2024/shanghai/E14,0.03283695602724524
2024/shanghai/C66,0.024237634712630244
2024/shanghai/C68,0.07585818002124356
2024/shanghai/F54,0.9230391643039738
2024/shanghai/C73,0.019124036750888904
2024/shanghai/C75,0.0020708267632889897
2024/shanghai/E63,0.01013041166358438
2024/shanghai/C76,0.04958902298403175
2024/shanghai/C77,0.04115288921744485
2024/shanghai/C81,0.43398146480389854
2024/shanghai/E11,0.17328820592932656
2024/shanghai/D34,0.3960681662740417
2024/shanghai/E52,0.48438008427698437
2024/shanghai/C83,0.24508501313237172
2024/shanghai/C84,0.018124720744468643
2024/shanghai/D84,0.006488269596656705
2024/shanghai/D77,0.006419389432228257
2024/shanghai/C85,0.0037722887468113124
2024/shanghai/C86,0.9814534354878828
2024/shanghai/E53,0.9871787857334058
2024/shanghai/F15,0.5583269943353745
2024/shanghai/C87,0.011419614645648401
2024/shanghai/D11,0.009303949868393646
2024/shanghai/D12,0.012821214266594244
2024/shanghai/D13,0.04208772791561884
2024/shanghai/D16,0.002580904163589908
2024/shanghai/D22,0.0019248576249471282
2024/shanghai/D27,0.012624949281564409
2024/shanghai/D31,0.009727272251617533
2024/shanghai/D32,0.006168994922681433
2024/shanghai/D47,0.005774929853444154
2024/shanghai/D48,0.005522650715165129
2024/shanghai/D52,0.004009238261022705
2024/shanghai/D53,0.048857778622174906
2024/shanghai/D54,0.0027442270952335564
2024/shanghai/D55,0.008627456770004134
2024/shanghai/D57,0.0832919225567441
2024/shanghai/D62,0.01495708659314999
2024/shanghai/D63,0.005587386239500054
2024/shanghai/F56,0.006641112642077409
2024/shanghai/D64,0.003625211180499322
2024/shanghai/D67,0.0050800369984775355
2024/shanghai/D72,0.035678550877730524
2024/shanghai/D74,0.018124720744468643
2024/shanghai/D75,0.008445626941126032
2024/shanghai/D76,0.006425621127744358
2024/shanghai/D78,0.005064635985181145
2024/shanghai/D82,0.0037362205834114964
2024/shanghai/D86,0.021781171331499802
2024/shanghai/E12,0.0070458745654614265
2024/shanghai/E13,0.0038096301984728983
2024/shanghai/E16,0.009633652359446519
2024/shanghai/E18,0.3665897363221599
2024/shanghai/E22,0.011463797377996032
2024/shanghai/E24,0.003738038534265185
2024/shanghai/E26,0.007121428745735101
2024/shanghai/E28,0.05033063259747688
2024/shanghai/E31,0.08509904500702024
2024/shanghai/E32,0.02297736991002561
2024/shanghai/E35,0.05877655584806683
2024/shanghai/E38,0.005149607466074953
2024/shanghai/E41,0.01847559420954457
2024/shanghai/E43,0.0027764853618748053
2024/shanghai/E45,0.10669059394565118
2024/shanghai/E46,0.15203224162217424
2024/shanghai/E47,0.0026652072614175063
2024/shanghai/E58,0.007011795381497108
2024/shanghai/E61,0.35936414516010196
2024/shanghai/E62,0.0018840214153838196
2024/shanghai/E64,0.027376488778351356
2024/shanghai/F24,0.014392336369436931
2024/shanghai/E65,0.024987794590900315
2024/shanghai/F16,0.012821214266594244
2024/shanghai/F23,0.0028560125258528073
2024/shanghai/F26,0.06278920859705135
2024/shanghai/F28,0.029090757042564665
2024/shanghai/F31,0.0032037181045509594
2024/shanghai/F32,0.01646617504750254
2024/shanghai/F34,0.014281933925111153
2024/shanghai/F36,0.006127225378991277
2024/shanghai/F38,0.033589505650103976
2024/shanghai/F41,0.036220055864974746
2024/shanghai/F57,0.023870834952430912
2024/shanghai/F46,0.0048768869014083034
2024/shanghai/F47,0.022286185539225494
2024/shanghai/F48,0.006513498559668185
2024/shanghai/F55,0.012624949281564409
2024/shanghai/F58,0.006043427681467895
2024/shanghai/F61,0.013222821752305148
2024/shanghai/F66,0.011642224164666006
2024/shanghai/F68,0.0021218976673379863
2024/shenyang/10001,0.011419614645648401
2024/shenyang/10002,0.053403329799824234
2024/shenyang/10003,0.07585818002124356
2024/shenyang/10004,0.09670579329612154
2024/shenyang/10005,0.9894090645880402
2024/shenyang/10008,0.9485372345673925
2024/shenyang/10006,0.9284088005554476
2024/shenyang/10007,0.4610167793123159
2024/shenyang/10009,0.016785489890063697
2024/shenyang/10010,0.9124361604769414
2024/shenyang/10012,0.47268347662043286
2024/shenyang/10011,0.32423539898095244
2024/shenyang/10013,0.034880886936679296
2024/shenyang/10014,0.35220178204788966
2024/shenyang/10015,0.053403329799824234
2024/shenyang/10016,0.08756383952305867
2024/shenyang/10017,0.017176709012318405
2024/shenyang/10020,0.8757869916479466
2024/shenyang/10019,0.3007455789412415
2024/shenyang/10018,0.05665242530797383
2024/shenyang/10021,0.04535258055430642
2024/shenyang/10022,0.013768817271432148
2024/shenyang/10023,0.2146914191122419
2024/shenyang/10024,0.18242552380635632
2024/shenyang/10025,0.022629200033037256
2024/shenyang/10026,0.027585282226789985
2024/shenyang/10027,0.22815650216092537
2024/shenyang/10029,0.0399373142069266
2024/shenyang/10028,0.037326887344129464
2024/shenyang/10030,0.004011188520544647
2024/shenyang/10031,0.021287351793451054
2024/shenyang/10032,0.01507262830894569
2024/shenyang/10033,0.006850480026644968
2024/shenyang/10034,0.005936947833999976
2024/shenyang/10035,0.03283695602724524
2024/shenyang/10036,0.004773722390757114
2024/shenyang/10038,0.07369626970604846
2024/shenyang/10037,0.06853749303199023
2024/shenyang/10039,0.03904829272622638
2024/shenyang/10040,0.005458661100250713
2024/shenyang/10041,0.32082130082460697
2024/shenyang/10042,0.09947021388210707
2024/shenyang/10044,0.7217432062975979
2024/shenyang/10046,0.31405054499180746
2024/shenyang/10045,0.21733752104706247
2024/shenyang/10043,0.3960681662740417
2024/shenyang/10047,0.015306354560694808
2024/shenyang/10049,0.38121956625614994
2024/shenyang/10048,0.0953494648991095
2024/shenyang/10050,0.006085736920168419
2024/shenyang/10051,0.004924510374080036
2024/shenyang/10052,0.008544330693441928
2024/shenyang/10053,0.08756383952305867
2024/shenyang/10055,0.022286185539225494
2024/shenyang/10054,0.16238003666671086
2024/shenyang/10056,0.011687257995694434
2024/shenyang/10057,0.048857778622174906
2024/shenyang/10058,0.06853749303199023
2024/shenyang/10059,0.09807932347046003
2024/shenyang/10060,0.09138210306717136
2024/shenyang/10061,0.005691430672932333
2024/shenyang/10062,0.640635854839898
2024/shenyang/10063,0.40356685373537454
2024/shenyang/10064,0.4301473485858429
2024/shenyang/10067,0.05500528829345415
2024/shenyang/10065,0.029986506066001513
2024/shenyang/10066,0.02245705292941607
2024/shenyang/10068,0.018833129890434692
2024/shenyang/10069,0.012336100420869755
2024/shenyang/10071,0.02655657099549924
2024/shenyang/10070,0.01905089958582299
2024/shenyang/10072,0.029535339291104773
2024/shenyang/10073,0.12765262532179067
2024/shenyang/10074,0.23091976292927183
2024/shenyang/10076,0.09807932347046003
2024/shenyang/10075,0.03210070671700819
2024/shenyang/10078,0.16885695214168314
2024/shenyang/10077,0.06560483745906928
2024/shenyang/10079,0.03817827426156642
2024/shenyang/10080,0.008898884554020955
2024/shenyang/10081,0.0053849379617779605
2024/shenyang/10082,0.029760093945964218
2024/shenyang/10083,0.009527092148424298
2024/shenyang/10085,0.5078118642792044
2024/shenyang/10086,0.1422318950098963
2024/shenyang/10087,0.09138210306717136
2024/shenyang/10084,0.41489884579676883
2024/shenyang/10088,0.009708476481474066
2024/shenyang/10089,0.01128807389923099
2024/shenyang/10090,0.007176881945656949
2024/shenyang/10091,0.03461883883917583
2024/shenyang/10092,0.009746104052554064
2024/shenyang/10093,0.010735162609090678
2024/shenyang/10094,0.0078614583617916
2024/shenyang/10095,0.023509452407533014
2024/shenyang/10096,0.006286850949030378
2024/shenyang/10097,0.04115288921744485
2024/shenyang/10099,0.009559399347091532
2024/shenyang/10098,0.02341994428587529
2024/shenyang/10100,0.009449081319055452
2024/shenyang/10101,0.01685007944789776
2024/shenyang/10102,0.012870749215746782
2024/shenyang/10104,0.024987794590900315
2024/shenyang/10103,0.025760559119668493
2024/shenyang/10105,0.013955710398273338
2024/shenyang/10106,0.016277460912713496
2024/shenyang/10107,0.011201213376078314
2024/shenyang/10108,0.35220178204788966
2024/shenyang/10109,0.07263670636078697
2024/shenyang/10110,0.04672495862609242
2024/shenyang/10111,0.010818448652863185
2024/shenyang/10112,0.04672495862609242
2024/shenyang/10114,0.9372107914029487
2024/shenyang/10115,0.7371581626286834
2024/shenyang/10113,0.25386100696924885
2024/shenyang/10116,0.37387582277169656
2024/shenyang/10117,0.033589505650103976
2024/shenyang/10118,0.027795622581245058
2024/shenyang/10119,0.6548947290421275
2024/shenyang/10120,0.11596071825396677
2024/shenyang/10121,0.021615332762647654
2024/shenyang/10122,0.005234725573284618
2024/shenyang/10123,0.03934250326425821
2024/shenyang/10124,0.0068538028730682895
2024/shenyang/10125,0.01307078477418707
2024/shenyang/10126,0.01495708659314999
2024/shenyang/10127,0.021781171331499802
2024/shenyang/10128,0.01077672605008006
2024/shenyang/10129,0.008511303026562552
2024/shenyang/10130,0.02297736991002561
2024/shenyang/10131,0.02800752060598813
2024/shenyang/10132,0.035678550877730524
2024/shenyang/10133,0.01098694263059318
2024/shenyang/10134,0.08756383952305867
2024/shenyang/10135,0.006133175203659603
2024/shenyang/10136,0.00564190850002335
2024/shenyang/10137,0.008950711436881996
2024/shenyang/10139,0.5156199157230156
2024/shenyang/10140,0.30404167496654744
2024/shenyang/10138,0.06656918897050168
2024/shenyang/10141,0.665410558746814
2024/shenyang/10143,0.5544704649604273
2024/shenyang/10142,0.48438008427698437
2024/shenyang/10144,0.12765262532179067
2024/shenyang/10145,0.06954174450582809
2024/shenyang/10146,0.024423090054107213
2024/shenyang/10148,0.01934510391458952
2024/shenyang/10147,0.011419614645648401
2024/shenyang/10149,0.10230470789265303
2024/shenyang/10150,0.05749327880038583
2024/shenyang/10151,0.011823394836370594
2024/shenyang/10152,0.006654009847383383
2024/shenyang/10153,0.017986209962091555
2024/shenyang/10155,0.00886449863117206
2024/shenyang/10154,0.05749327880038583
2024/shenyang/10157,0.04958902298403175
2024/shenyang/10156,0.24508501313237172
2024/shenyang/10158,0.013273887454385737
2024/shenyang/10159,0.007695647178392188
2024/shenyang/10160,0.004375949972311315
2024/shenyang/10161,0.004024866818844846
2024/shenyang/10162,0.021615332762647654
2024/shenyang/10164,0.6334102636778401
2024/shenyang/10163,0.05108273695705249
2024/shenyang/10165,0.014447852533602467
2024/shenyang/10166,0.005571131960986801
2024/shenyang/10167,0.7057850278370112
2024/shenyang/10168,0.07585818002124356
2024/shenyang/10169,0.02655657099549924
2024/shenyang/10170,0.14608724704829565
2024/shenyang/10171,0.02595735719779685
2024/shenyang/10172,0.010652510839726164
2024/shenyang/10173,0.011961098249809548
2024/shenyang/10175,0.012576348276879083
2024/shenyang/10174,0.007260866498285615
2024/shenyang/10176,0.5117166047041654
2024/shenyang/10177,0.08756383952305867
2024/shenyang/10178,0.022286185539225494
2024/shenyang/10180,0.00866093122817875
2024/shenyang/10179,0.011050794718772822
2024/shenyang/10181,0.009020279501402172
2024/shenyang/10183,0.5428632831725052
2024/shenyang/10182,0.14608724704829565
2024/shenyang/10184,0.30404167496654744
2024/shenyang/10185,0.04813677111663481
2024/shenyang/10186,0.00431678615528124
2024/shenyang/10187,0.00463653507792935
2024/shenyang/10188,0.005831271451275555
2024/shenyang/10189,0.040845715909949315
2024/shenyang/10190,0.03161876726864548
2024/shenyang/10191,0.007891984412351595
2024/shenyang/10192,0.4455295350395727
2024/shenyang/10193,0.08882029240011771
2024/shenyang/10194,0.015306354560694808
2024/shenyang/10195,0.2068940488158881
2024/shenyang/10196,0.023689471299374428
2024/shenyang/10197,0.015306354560694808
2024/shenyang/10198,0.005630961890566579
2024/shenyang/10199,0.03514484640079327
2024/shenyang/10200,0.024423090054107213
2024/shenyang/10201,0.007968814953315289
2024/shenyang/10202,0.007331598344996615
2024/shenyang/10203,0.023509452407533014
2024/shenyang/10204,0.009746104052554064
2024/shenyang/10205,0.30735801686526387
2024/shenyang/10206,0.05261895334771377
2024/shenyang/10207,0.06008665017400762
2024/shenyang/10209,0.17106119167858438
2024/shenyang/10208,0.10818895456207035
2024/shenyang/10210,0.1422318950098963
2024/shenyang/10211,0.16885695214168314
2024/shenyang/10212,0.007831049453433495
2024/shenyang/10213,0.031380429512976746
2024/shenyang/10215,0.06560483745906928
2024/shenyang/10214,0.020645930739218447
2024/shenyang/10216,0.5273165233795671
2024/shenyang/10217,0.024423090054107213
2024/shenyang/10219,0.23370635691404026
2024/shenyang/10218,0.28140560742914383
2024/shenyang/10220,0.15203224162217424
2024/shenyang/10221,0.010839369826043697
2024/shenyang/10222,0.31069438321455395
2024/shenyang/10224,0.06371499425196533
2024/shenyang/10223,0.1581743527484317
2024/shenyang/10226,0.07585818002124356
2024/shenyang/10225,0.02333076880848049
2024/shenyang/10227,0.20181322226037882
2024/shenyang/10228,0.011201213376078314
2024/shenyang/10229,0.1581743527484317
2024/shenyang/10230,0.3960681662740417
2024/shenyang/10231,0.005724685322015694
2024/shenyang/10232,0.013955710398273338
2024/shenyang/10233,0.6150878555160665
2024/shenyang/10234,0.48438008427698437
2024/shenyang/10235,0.11279540628289324
2024/shenyang/10236,0.6859494550081925
2024/shenyang/10237,0.5156199157230156
2024/shenyang/10238,0.010509382274772033
2024/shenyang/10239,0.005448068085189642
2024/shenyang/10240,0.005911068856243796
2024/shenyang/10242,0.01191502196714824
2024/shenyang/10241,0.0071352520366576595
2024/shenyang/10243,0.019124036750888904
2024/shenyang/10244,0.014172366191301682
2024/shenyang/10245,0.039638839100970026
2024/shenyang/10246,0.01411789342520494
2024/shenyang/10247,0.11757213354550883
2024/shenyang/10248,0.024237634712630244
2024/shenyang/10250,0.9860442896017267
2024/shenyang/10251,0.8128673178375735
2024/shenyang/10252,0.48438008427698437
2024/shenyang/10249,0.4263215925474903
2024/shenyang/10253,0.01411789342520494
2024/shenyang/10254,0.04707417582102406
2024/shenyang/10255,0.03817827426156642
2024/shenyang/10256,0.010693757736175492
2024/shenyang/10257,0.012576348276879083
2024/shenyang/10258,0.12940273159163906
2024/shenyang/10259,0.1480471980316895
2024/shenyang/10260,0.024423090054107213
2024/shenyang/10261,0.17328820592932656
2024/shenyang/10262,0.013325147705881429
2024/shenyang/10263,0.03760863550580657
2024/shenyang/10264,0.02280263596800613
2024/shenyang/10265,0.009974920824078675
2024/shenyang/10266,0.04813677111663481
2024/shenyang/10267,0.012007350547633841
2024/shenyang/10268,0.006538824977235005
2024/shenyang/10269,0.019197449197580242
2024/shenyang/10270,0.007606672164523265
2024/shenyang/10274,0.7931059511841119
2024/shenyang/10272,0.7879311956428947
2024/shenyang/10273,0.7520125737597972
2024/shenyang/10271,0.25683199138751883
2024/shenyang/10275,0.3960681662740417
2024/shenyang/10276,0.2720245510940225
2024/shenyang/10277,0.027795622581245058
2024/shenyang/10278,0.005922556751347817
2024/shenyang/10279,0.00852780100826893
2024/shenyang/10280,0.12940273159163906
2024/shenyang/10282,0.18242552380635632
2024/shenyang/10281,0.1500288243424251
2024/shenyang/10283,0.015247590621499624
2024/shenyang/10285,0.026759283185443145
2024/shenyang/10284,0.004547264164363866
2024/shenyang/10286,0.679178699175393
2024/shenyang/10287,0.029760093945964218
2024/shenyang/10288,0.012288597529701977
2024/shenyang/10289,0.00402290993572915
2024/shenyang/10290,0.7577943712746406
2024/shenyang/10292,0.6039318337259583
2024/shenyang/10291,0.2689414213699951
2024/shenyang/10293,0.007846239292520898
2024/shenyang/10294,0.009878941221947598
2024/shenyang/10295,0.024237634712630244
2024/shenyang/10296,0.19436781101874467
2024/shenyang/10297,0.007846239292520898
2024/shenyang/10298,0.0042646346921872726
2024/shenyang/10299,0.08035746882220708
2024/shenyang/10300,0.005652876268751082
2025/chengdu/F02,0.029312230751356316
2025/chengdu/F26,0.006957608807376377
2025/chengdu/D43,0.021287351793451054
2025/chengdu/B25,0.9859363729567544
2025/chengdu/E46,0.9788748081040518
2025/chengdu/C20,0.9196425311777929
2025/chengdu/A39,0.9334308110294983
2025/chengdu/D09,0.004302120069724806
2025/chengdu/A05,0.37754066879814546
2025/chengdu/F14,0.5156199157230156
2025/chengdu/C28,0.7690802370707283
2025/chengdu/D26,0.005620036400026994
2025/chengdu/E16,0.024237634712630244
2025/chengdu/E11,0.06233103588192476
2025/chengdu/A42,0.05877655584806683
2025/chengdu/D42,0.061875985723642724
2025/chengdu/C14,0.04208772791561884
2025/chengdu/B46,0.07369626970604846
2025/chengdu/A57,0.006615392678327907
2025/chengdu/A19,0.03161876726864548
2025/chengdu/C36,0.0031054561595628754
2025/chengdu/D31,0.007695647178392188
2025/chengdu/E22,0.33458944125318596
2025/chengdu/C21,0.03875619358719477
2025/chengdu/A25,0.016277460912713496
2025/chengdu/D30,0.012053779516236447
2025/chengdu/F16,0.006589771663080563
2025/chengdu/B44,0.02696349986233355
2025/chengdu/D07,0.004962942101872842
2025/chengdu/D13,0.06097518086496481
2025/chengdu/C47,0.014842417234248268
2025/chengdu/A35,0.0045296163629702105
2025/chengdu/E17,0.013955710398273338
2025/chengdu/A44,0.05834584061168106
2025/chengdu/A53,0.009449081319055452
2025/chengdu/A63,0.01868930842674908
2025/chengdu/D41,0.06278920859705135
2025/chengdu/B48,0.05665242530797383
2025/chengdu/C44,0.5926665999540697
2025/chengdu/B03,0.4455295350395727
2025/chengdu/E28,0.11279540628289324
2025/chengdu/A12,0.0446808702726502
2025/chengdu/D47,0.029312230751356316
2025/chengdu/F32,0.02537131147440214
2025/chengdu/B64,0.006241259229821674
2025/chengdu/E25,0.04434858139539836
2025/chengdu/C17,0.014281933925111153
2025/chengdu/C11,0.05184546664977983
2025/chengdu/C01,0.05033063259747688
2025/chengdu/E30,0.04742587317756679
2025/chengdu/F44,0.04742587317756679
2025/chengdu/E39,0.9518632288833652
2025/chengdu/C19,0.8670357598021706
2025/chengdu/E06,0.746138993030751
2025/chengdu/A30,0.033589505650103976
2025/chengdu/C02,0.006744989542092038
2025/chengdu/F15,0.007345826574477061
2025/chengdu/A14,0.02595735719779685
2025/chengdu/D22,0.0044165559311439735
2025/chengdu/C49,0.005522650715165129
2025/chengdu/A07,0.003831931987298265
2025/chengdu/B54,0.020645930739218447
2025/chengdu/C40,0.04240382863184672
2025/chengdu/D34,0.007204769088868756
2025/chengdu/A18,0.005576544822592462
2025/chengdu/E50,0.47657965106367595
2025/chengdu/B06,0.06853749303199023
2025/chengdu/A36,0.08756383952305867
2025/chengdu/A20,0.46879062662624377
2025/chengdu/B21,0.49218813572079556
2025/chengdu/C45,0.033085978388704126
2025/chengdu/A22,0.06008665017400762
2025/chengdu/E12,0.08509904500702024
2025/chengdu/B01,0.08151975597471893
2025/chengdu/D49,0.07921032410902437
2025/chengdu/F35,0.1143685261818125
2025/chengdu/A51,0.3451052709578724
2025/chengdu/A24,0.011777842688519623
2025/chengdu/E05,0.007815888789288626
2025/chengdu/D33,0.008093289897373068
2025/chengdu/A38,0.024237634712630244
2025/chengdu/F46,0.025178841700601855
2025/chengdu/A62,0.009485713170795206
2025/chengdu/B55,0.0016324889788219665
2025/chengdu/C15,0.024423090054107213
2025/chengdu/C46,0.004663654952382041
2025/chengdu/E44,0.005865338360797101
2025/chengdu/B37,0.03934250326425821
2025/chengdu/B32,0.0048768869014083034
2025/chengdu/D40,0.023153411092838465
2025/chengdu/E48,0.030675801710674105
2025/chengdu/C34,0.003991728369413719
2025/chengdu/F40,0.0020829707830458
2025/chengdu/D21,0.014063627043245474
2025/chengdu/B59,0.037892426629607394
2025/chengdu/A47,0.03283695602724524
2025/chengdu/E24,0.019870713960402048
2025/chengdu/A29,0.005281333906052278
2025/chengdu/B09,0.008380453351026062
2025/chengdu/F42,0.03185885568604046
2025/chengdu/D05,0.10521053670308635
2025/chengdu/B15,0.029312230751356316
2025/chengdu/F08,0.10818895456207035
2025/chengdu/B52,0.029986506066001513
2025/chengdu/A21,0.06371499425196533
2025/chengdu/B16,0.008478401934677453
2025/chengdu/A33,0.030675801710674105
2025/chengdu/F38,0.007547923375900623
2025/chengdu/B58,0.00627770620714772
2025/chengdu/C33,0.0033276741891498885
2025/chengdu/E14,0.29421497216298875
2025/chengdu/B29,0.1871326821624266
2025/chengdu/A26,0.050705364797830506
2025/chengdu/D32,0.09401017961657226
2025/chengdu/F22,0.0038996206725778896
2025/chengdu/D28,0.005395408894945794
2025/chengdu/D45,0.002487117572157509
2025/chengdu/B07,0.036220055864974746
2025/chengdu/F28,0.018124720744468643
2025/chengdu/C25,0.033085978388704126
2025/chengdu/F01,0.028870906946287907
2025/chengdu/E32,0.02615561835382285
2025/chengdu/B41,0.03410042571231151
2025/chengdu/E45,0.030444348432624533
2025/chengdu/E47,0.021287351793451054
2025/chengdu/D10,0.005469274598698993
2025/chengdu/F13,0.02615561835382285
2025/chengdu/D08,0.06371499425196533
2025/chengdu/F34,0.03333682414270177
2025/chengdu/B19,0.046033902399240385
2025/chengdu/F50,0.02280263596800613
2025/chengdu/B60,0.0031603528150713385
2025/chengdu/B51,0.007606672164523265
2025/chengdu/E33,0.032589744766025344
2025/chengdu/E21,0.10669059394565118
2025/chengdu/D23,0.6113819732941511
2025/chengdu/C07,0.5156199157230156
2025/chengdu/B27,0.8198933359135361
2025/chengdu/C10,0.5698526514141571
2025/chengdu/A16,0.4882833952958347
2025/chengdu/F21,0.24220562872535945
2025/chengdu/A40,0.004231587478161331
2025/chengdu/E15,0.5195213219520929
2025/chengdu/A64,0.04922211319719861
2025/chengdu/C42,0.016785489890063697
2025/chengdu/B33,0.014615670100635955
2025/chengdu/C50,0.04208772791561884
2025/chengdu/D25,0.031380429512976746
2025/chengdu/F17,0.04742587317756679
2025/chengdu/E01,0.023870834952430912
2025/chengdu/C39,0.013222821752305148
2025/chengdu/E03,0.010611421330238862
2025/chengdu/F19,0.01665704000922906
2025/chengdu/B63,0.056236345704483756
2025/chengdu/E09,0.04401864986294638
2025/chengdu/C29,0.11279540628289324
2025/chengdu/F39,0.05665242530797383
2025/chengdu/B45,0.5851011542032312
2025/chengdu/A08,0.0499585240665846
2025/chengdu/D36,0.02280263596800613
2025/chengdu/D04,0.020645930739218447
2025/chengdu/E27,0.030444348432624533
2025/chengdu/C26,0.027376488778351356
2025/chengdu/C37,0.927363293639213
2025/chengdu/B34,0.96036116089903
2025/chengdu/D27,0.9511422213778251
2025/chengdu/E37,0.888758793492457
2025/chengdu/F12,0.0048109830326012485
2025/chengdu/B42,0.4455295350395727
2025/chengdu/D11,0.08035746882220708
2025/chengdu/D50,0.035678550877730524
2025/chengdu/F31,0.3311197396289915
2025/chengdu/B35,0.23091976292927183
2025/chengdu/E26,0.028870906946287907
2025/chengdu/A27,0.027585282226789985
2025/chengdu/D37,0.05261895334771377
2025/chengdu/B11,0.004924510374080036
2025/chengdu/B62,0.016403032516163058
2025/chengdu/E36,0.018124720744468643
2025/chengdu/F37,0.02655657099549924
2025/chengdu/B04,0.014842417234248268
2025/chengdu/E43,0.012147170099805133
2025/chengdu/A46,0.05108273695705249
2025/chengdu/C08,0.024053552894426178
2025/chengdu/A58,0.48438008427698437
2025/chengdu/C24,0.8596637505099167
2025/chengdu/D14,0.06656918897050168
2025/chengdu/B02,0.06954174450582809
2025/chengdu/C27,0.06656918897050168
2025/chengdu/B31,0.17781086947804958
2025/chengdu/E20,0.027169231535681047
2025/chengdu/D20,0.016090874192824428
2025/chengdu/F09,0.014728613849722676
2025/chengdu/E02,0.004764452192298917
2025/chengdu/C18,0.003396387902446364
2025/chengdu/A17,0.24798742624020276
2025/chengdu/E13,0.02112519189594821
2025/chengdu/F20,0.05834584061168106
2025/chengdu/A55,0.006930671656746301
2025/chengdu/D15,0.02655657099549924
2025/chengdu/A37,0.031380429512976746
2025/chengdu/B61,0.029312230751356316
2025/chengdu/C12,0.003685674031471709
2025/chengdu/B22,0.020645930739218447
2025/chengdu/C31,0.010818448652863185
2025/chengdu/A06,0.03846619201832428
2025/chengdu/E10,0.004867417345279046
2025/chengdu/A09,0.0399373142069266
2025/chengdu/B17,0.0194193481824486
2025/chengdu/E04,0.17328820592932656
2025/chengdu/F47,0.02595735719779685
2025/chengdu/A04,0.014281933925111153
2025/chengdu/B56,0.0953494648991095
2025/chengdu/A13,0.025178841700601855
2025/chengdu/C16,0.027585282226789985
2025/chengdu/E18,0.002833849844246685
2025/chengdu/B50,0.011961098249809548
2025/chengdu/C38,0.04208772791561884
2025/chengdu/F29,0.03934250326425821
2025/chengdu/D03,0.07585818002124356
2025/chengdu/B53,0.05541279438176918
2025/chengdu/A50,0.11279540628289324
2025/chengdu/C32,0.07369626970604846
2025/chengdu/F23,0.07807816514495095
2025/chengdu/D02,0.005240449620258945
2025/chengdu/F30,0.02800752060598813
2025/chengdu/E07,0.06371499425196533
2025/chengdu/B12,0.22815650216092537
2025/chengdu/D38,0.022116588802079524
2025/chengdu/A10,0.009783876017655003
2025/chengdu/F43,0.024237634712630244
2025/chengdu/F04,0.027169231535681047
2025/chengdu/B14,0.10521053670308635
2025/chengdu/A45,0.16238003666671086
2025/chengdu/A23,0.02655657099549924
2025/chengdu/D18,0.02537131147440214
2025/chengdu/B49,0.023509452407533014
2025/chengdu/F11,0.007636216494667212
2025/chengdu/B10,0.0017477857726837607
2025/chengdu/C48,0.08035746882220708
2025/chengdu/D01,0.033085978388704126
2025/chengdu/E38,0.034880886936679296
2025/chengdu/F45,0.02595735719779685
2025/chengdu/C35,0.024237634712630244
2025/chengdu/A01,0.02635535284611975
2025/chengdu/B28,0.025178841700601855
2025/chengdu/D29,0.007121428745735101
2025/chengdu/B26,0.039638839100970026
2025/chengdu/D06,0.030908958517211163
2025/chengdu/E34,0.4263215925474903
2025/chengdu/B20,0.09268777863937604
2025/chengdu/F41,0.035678550877730524
2025/chengdu/A54,0.040540738463481864
2025/chengdu/F10,0.030675801710674105
2025/chengdu/D24,0.0035588038901142463
2025/chengdu/D16,0.037892426629607394
2025/chengdu/E29,0.00331797171028623
2025/chengdu/E19,0.027169231535681047
2025/chengdu/B36,0.0048768869014083034
2025/chengdu/F25,0.05419872982318558
2025/chengdu/C13,0.010735162609090678
2025/chengdu/A02,0.031143830534778462
2025/chengdu/B08,0.06418264360901972
2025/chengdu/F36,0.024987794590900315
2025/chengdu/B47,0.8221891305219503
2025/chengdu/E42,0.8198933359135361
2025/chengdu/D17,0.8006920020959544
2025/chengdu/A56,0.3311197396289915
2025/chengdu/A48,0.01956867555531235
2025/chengdu/B30,0.009821792919693043
2025/chengdu/A43,0.04742587317756679
2025/chengdu/A11,0.002363111574981696
2025/chengdu/B23,0.029986506066001513
2025/chengdu/A34,0.01028830113371619
2025/chengdu/C22,0.03904829272622638
2025/chengdu/C30,0.05033063259747688
2025/chengdu/D44,0.003572682891658036
2025/chengdu/A15,0.2658804730998169
2025/chengdu/C41,0.0499585240665846
2025/chengdu/F27,0.02048855468474385
2025/chengdu/F07,0.026759283185443145
2025/chengdu/E08,0.02615561835382285
2025/chengdu/A41,0.03514484640079327
2025/chengdu/D19,0.0035380860570885376
2025/chengdu/E23,0.027376488778351356
2025/chengdu/A52,0.012336100420869755
2025/chengdu/A49,0.036769466075598736
2025/chengdu/B39,0.04813677111663481
2025/chengdu/C04,0.02333076880848049
2025/chengdu/E49,0.7956581000631541
2025/chengdu/A28,0.45713671682749485
2025/chengdu/F49,0.21206880435710532
2025/chengdu/B18,0.43398146480389854
2025/chengdu/E40,0.014615670100635955
2025/chengdu/B40,0.05500528829345415
2025/chengdu/B38,0.028652669309593447
2025/chengdu/F05,0.01956867555531235
2025/chengdu/F48,0.008644177936723585
2025/chengdu/B24,0.38121956625614994
2025/chengdu/A61,0.010944577400979882
2025/chengdu/D48,0.029986506066001513
2025/chengdu/C05,0.052230857101425734
2025/chengdu/A31,0.005001672249929073
2025/chengdu/F06,0.0953494648991095
2025/chengdu/E41,0.08389038641057993
2025/chengdu/B13,0.012527931992744795
2025/chengdu/E31,0.02655657099549924
2025/chengdu/F33,0.870597268408361
2025/chengdu/D39,0.8558511469672594
2025/chengdu/A03,0.8104789086703224
2025/chengdu/C23,0.8006920020959544
2025/chengdu/C06,0.027795622581245058
2025/chengdu/A32,0.005554924703691103
2025/chengdu/C43,0.012288597529701977
2025/chengdu/F18,0.032589744766025344
2025/chengdu/F03,0.03021458706739398
2025/chengdu/B05,0.08756383952305867
2025/chengdu/C09,0.005001672249929073
2025/chengdu/A59,0.006338921737094389
2025/chengdu/D46,0.03435868933300902
2025/nanjing/A0101,0.02537131147440214
2025/nanjing/A0102,0.07159119944455247
2025/nanjing/B0807,0.06954174450582809
2025/nanjing/B1004,0.31069438321455395
2025/nanjing/B1603,0.06465348835622392
2025/nanjing/B0802,0.09947021388210707
2025/nanjing/C0504,0.10669059394565118
2025/nanjing/A0103,0.0033766123817395013
2025/nanjing/A0904,0.7772998611746911
2025/nanjing/B1703,0.17781086947804958
2025/nanjing/A0104,0.009633652359446519
2025/nanjing/A0201,0.0014693211660147135
2025/nanjing/A0202,0.0209642408181275
2025/nanjing/A0203,0.0017735307986630792
2025/nanjing/A0204,0.00643810255548328
2025/nanjing/A0205,0.02822098712953305
2025/nanjing/C0902,0.008847355082930386
2025/nanjing/A1805,0.030908958517211163
2025/nanjing/B1303,0.04146227271140963
2025/nanjing/A0301,0.021450729175489416
2025/nanjing/A0302,0.022116588802079524
2025/nanjing/A0303,0.02822098712953305
2025/nanjing/B1003,0.8198933359135361
2025/nanjing/A0604,0.1645164628965632
2025/nanjing/B1106,0.05500528829345415
2025/nanjing/A0304,0.037047168669075196
2025/nanjing/A1401,0.009708476481474066
2025/nanjing/A1103,0.004503272417089224
2025/nanjing/A0305,0.002550912421286719
2025/nanjing/A0306,0.06560483745906928
2025/nanjing/A1806,0.014063627043245474
2025/nanjing/B0606,0.004645557549716042
2025/nanjing/A0401,0.0055982486146598995
2025/nanjing/B1101,0.033085978388704126
2025/nanjing/C0206,0.030908958517211163
2025/nanjing/A0402,0.02822098712953305
2025/nanjing/B1902,0.05184546664977983
2025/nanjing/A0403,0.0209642408181275
2025/nanjing/A0404,0.0024774452418416483
2025/nanjing/C0704,0.0024678104338872833
2025/nanjing/C1301,0.0010917863848463364
2025/nanjing/A0405,0.0017426817102002632
2025/nanjing/C1703,0.9553191297273498
2025/nanjing/A0406,0.870597268408361
2025/nanjing/A0501,0.03461883883917583
2025/nanjing/A1406,0.02537131147440214
2025/nanjing/C0703,0.665410558746814
2025/nanjing/C1505,0.0446808702726502
2025/nanjing/A0502,0.1143685261818125
2025/nanjing/A0503,0.004503272417089224
2025/nanjing/A0504,0.014615670100635955
2025/nanjing/A0505,0.023509452407533014
2025/nanjing/A0506,0.021615332762647654
2025/nanjing/B1503,0.26284183737131667
2025/nanjing/B0605,0.17781086947804958
2025/nanjing/A0601,0.3629692055196168
2025/nanjing/B0803,0.020645930739218447
2025/nanjing/C0501,0.014842417234248268
2025/nanjing/A0602,0.03333682414270177
2025/nanjing/B0903,0.33458944125318596
2025/nanjing/C1404,0.24220562872535945
2025/nanjing/A0603,0.0953494648991095
2025/nanjing/A0605,0.03846619201832428
2025/nanjing/A2004,0.640635854839898
2025/nanjing/A1501,0.17106119167858438
2025/nanjing/A0701,0.040845715909949315
2025/nanjing/C0701,0.008711384457705508
2025/nanjing/B1801,0.046033902399240385
2025/nanjing/B1802,0.29421497216298875
2025/nanjing/A0702,0.0675466911396291
2025/nanjing/B0506,0.03461883883917583
2025/nanjing/C1401,0.07477004290796138
2025/nanjing/A0703,0.0032986512578329413
2025/nanjing/A0704,0.04672495862609242
2025/nanjing/B0708,0.021287351793451054
2025/nanjing/C0603,0.023509452407533014
2025/nanjing/A0705,0.07159119944455247
2025/nanjing/B1404,0.027795622581245058
2025/nanjing/A1803,0.7662936430859597
2025/nanjing/A0706,0.5926665999540697
2025/nanjing/A0801,0.0017891591615951197
2025/nanjing/A0802,0.029986506066001513
2025/nanjing/B1805,0.0062170781422503756
2025/nanjing/A0803,0.005554924703691103
2025/nanjing/B1901,0.00439941316273649
2025/nanjing/A1605,0.0023688742552270873
2025/nanjing/C1302,0.09670579329612154
2025/nanjing/A0804,0.0446808702726502
2025/nanjing/A1005,0.048857778622174906
2025/nanjing/C1606,0.046033902399240385
2025/nanjing/A0805,0.023870834952430912
2025/nanjing/A0901,0.0020829707830458
2025/nanjing/B1202,0.020332353342658753
2025/nanjing/B1708,0.05300977201585542
2025/nanjing/A0902,0.029760093945964218
2025/nanjing/A1902,0.007011795381497108
2025/nanjing/A0903,0.08151975597471893
2025/nanjing/A0905,0.004645557549716042
2025/nanjing/A0906,0.05261895334771377
2025/nanjing/C0906,0.03514484640079327
2025/nanjing/C0604,0.6513548646660542
2025/nanjing/A1001,0.04958902298403175
2025/nanjing/B0704,0.184767510648
2025/nanjing/A1002,0.00549056320249923
2025/nanjing/A1003,0.4073334000459302
2025/nanjing/A1004,0.032344332381157095
2025/nanjing/B1005,0.022629200033037256
2025/nanjing/C1306,0.3311197396289915
2025/nanjing/B1506,0.02479816019558566
2025/nanjing/A1006,0.005001672249929073
2025/nanjing/A1201,0.037892426629607394
2025/nanjing/C1806,0.003524340980437085
2025/nanjing/A1101,0.0018969200744787132
2025/nanjing/A1102,0.004573864277626818
2025/nanjing/A1104,0.020645930739218447
2025/nanjing/A1105,0.04115288921744485
2025/nanjing/B1007,0.07055959618729296
2025/nanjing/B1608,0.0364937662290278
2025/nanjing/B2005,0.036220055864974746
2025/nanjing/B1604,0.8774767874818407
2025/nanjing/B1208,0.6619228758499942
2025/nanjing/A1106,0.341582499438317
2025/nanjing/A1202,0.37387582277169656
2025/nanjing/A1602,0.046033902399240385
2025/nanjing/C0305,0.08389038641057993
2025/nanjing/A1203,0.0015144143238095137
2025/nanjing/A1204,0.028870906946287907
2025/nanjing/A1205,0.0044683842664911206
2025/nanjing/C0502,0.986878728873449
2025/nanjing/C0605,0.9755769099458929
2025/nanjing/A1206,0.9504109770159683
2025/nanjing/B1508,0.9362850057480346
2025/nanjing/C1902,0.00268343980885746
2025/nanjing/A1301,0.0017240937881377418
2025/nanjing/C0903,0.08882029240011771
2025/nanjing/C0503,0.09670579329612154
2025/nanjing/A1302,0.008847355082930386
2025/nanjing/A1303,0.001206001411275233
2025/nanjing/A1304,0.024053552894426178
2025/nanjing/A1305,0.0030994155155094484
2025/nanjing/C1402,0.024609928625961945
2025/nanjing/B2007,0.04434858139539836
2025/nanjing/A1306,0.00202690008046383
2025/nanjing/C1101,0.029090757042564665
2025/nanjing/A1402,0.017712298703411445
2025/nanjing/A1404,0.08632347658627028
2025/nanjing/A1405,0.001964661439513743
2025/nanjing/A1502,0.006413163741325347
2025/nanjing/A1504,0.023153411092838465
2025/nanjing/A1505,0.002487117572157509
2025/nanjing/A1506,0.006850480026644968
2025/nanjing/A1601,0.01665704000922906
2025/nanjing/C2003,0.008644177936723585
2025/nanjing/B1306,0.005730246514992079
2025/nanjing/A1603,0.017176709012318405
2025/nanjing/A1604,0.02822098712953305
2025/nanjing/A1606,0.025178841700601855
2025/nanjing/C1601,0.05921025074128593
2025/nanjing/C1303,0.4378234991142019
2025/nanjing/A1701,0.05419872982318558
2025/nanjing/A1702,0.029535339291104773
2025/nanjing/B1206,0.03021458706739398
2025/nanjing/C1502,0.028652669309593447
2025/nanjing/A1704,0.017176709012318405
2025/nanjing/A1705,0.11279540628289324
2025/nanjing/B0906,0.03461883883917583
2025/nanjing/B1505,0.027169231535681047
2025/nanjing/A1706,0.002107472437884964
2025/nanjing/A1801,0.004503272417089224
2025/nanjing/B0907,0.002946404975477049
2025/nanjing/A1802,0.0013276094414240637
2025/nanjing/B1904,0.006903838071221877
2025/nanjing/A1804,0.03461883883917583
2025/nanjing/B1605,0.036769466075598736
2025/nanjing/B1008,0.7371581626286834
2025/nanjing/C0802,0.1645164628965632
2025/nanjing/B0806,0.1500288243424251
2025/nanjing/A1903,0.10087862273005653
2025/nanjing/A1904,0.020804489950607352
2025/nanjing/B2001,0.019271137919768803
2025/nanjing/A1905,0.009268013380914325
2025/nanjing/B0602,0.0028283360220667446
2025/nanjing/A1906,0.0030101989270369944
2025/nanjing/C1203,0.022116588802079524
2025/nanjing/A2003,0.04401864986294638
2025/nanjing/A2005,0.523420348936324
2025/nanjing/B1706,0.08509904500702024
2025/nanjing/C1006,0.04336579876390677
2025/nanjing/A2006,0.06371499425196533
2025/nanjing/B0501,0.01971912810734659
2025/nanjing/B1205,0.00129184570276913
2025/nanjing/B0502,0.014063627043245474
2025/nanjing/C1904,0.028652669309593447
2025/nanjing/B0503,0.06371499425196533
2025/nanjing/B1304,0.0185465645121173
2025/nanjing/C1503,0.0021115839171885675
2025/nanjing/B1108,0.04208772791561884
2025/nanjing/B0504,0.002343622872098644
2025/nanjing/B1502,0.02655657099549924
2025/nanjing/B0505,0.021450729175489416
2025/nanjing/B2002,0.002741555837619078
2025/nanjing/B0507,0.0023827619516659836
2025/nanjing/B0508,0.02635535284611975
2025/nanjing/B1606,0.03283695602724524
2025/nanjing/C1206,0.6688802603710086
2025/nanjing/B0601,0.015663648711668327
2025/nanjing/C0404,0.03185885568604046
2025/nanjing/B0603,0.001874861720261248
2025/nanjing/B0604,0.20181322226037882
2025/nanjing/C0705,0.03904829272622638
2025/nanjing/C1504,0.0399373142069266
2025/nanjing/C0803,0.9334308110294983
2025/nanjing/B2008,0.6688802603710086
2025/nanjing/B0607,0.1871326821624266
2025/nanjing/C1001,0.01665704000922906
2025/nanjing/B0902,0.1581743527484317
2025/nanjing/B1203,0.005469274598698993
2025/nanjing/B0701,0.1871326821624266
2025/nanjing/B1105,0.016029147365901317
2025/nanjing/B0702,0.020645930739218447
2025/nanjing/C0401,0.004248079086738752
2025/nanjing/B0703,0.046033902399240385
2025/nanjing/B1903,0.04535258055430642
2025/nanjing/B0706,0.06008665017400762
2025/nanjing/C0406,0.0025261850333242416
2025/nanjing/B0707,0.02280263596800613
2025/nanjing/B0801,0.00268343980885746
2025/nanjing/B0804,0.0194193481824486
2025/nanjing/C0306,0.019124036750888904
2025/nanjing/B0805,0.02537131147440214
2025/nanjing/C1304,0.06278920859705135
2025/nanjing/B0808,0.5428632831725052
2025/nanjing/C0905,0.17781086947804958
2025/nanjing/B0904,0.04115288921744485
2025/nanjing/B1607,0.04115288921744485
2025/nanjing/C1603,0.035678550877730524
2025/nanjing/B0905,0.0010372783117041447
2025/nanjing/C0904,0.6619228758499942
2025/nanjing/B0908,0.10374862686637971
2025/nanjing/B1804,0.06278920859705135
2025/nanjing/B1808,0.0027469009484408103
2025/nanjing/B1002,0.025565213923269593
2025/nanjing/B1006,0.01691491326672651
2025/nanjing/B1102,0.002929241786407266
2025/nanjing/C1501,0.9612438064128053
2025/nanjing/B1103,0.9334308110294983
2025/nanjing/B1405,0.9207896758909757
2025/nanjing/C2004,0.9334308110294983
2025/nanjing/B1104,0.04958902298403175
2025/nanjing/B1107,0.001477942980215951
2025/nanjing/C1903,0.053403329799824234
2025/nanjing/B1201,0.040540738463481864
2025/nanjing/B1204,0.02333076880848049
2025/nanjing/B1207,0.0029579027682491575
2025/nanjing/B1301,0.02537131147440214
2025/nanjing/B1302,0.006957608807376377
2025/nanjing/B1305,0.02245705292941607
2025/nanjing/B1307,0.010328152519305191
2025/nanjing/C1702,0.0031236485998533104
2025/nanjing/B1308,0.0011198310091594947
2025/nanjing/B1401,0.023153411092838465
2025/nanjing/B1402,0.027169231535681047
2025/nanjing/C1805,0.007665874688645945
2025/nanjing/C0403,0.005730246514992079
2025/nanjing/B1403,0.0053640566906201104
2025/nanjing/B1406,0.0013790768317980635
2025/nanjing/B1407,0.07807816514495095
2025/nanjing/C0303,0.06097518086496481
2025/nanjing/C1705,0.5467381519846138
2025/nanjing/B1408,0.1422318950098963
2025/nanjing/B1501,0.011687257995694434
2025/nanjing/B1504,0.0016974095625577263
2025/nanjing/B1507,0.0209642408181275
2025/nanjing/B1601,0.02280263596800613
2025/nanjing/B1602,0.001806685289674414
2025/nanjing/B1701,0.017848738449988986
2025/nanjing/B1702,0.001551027928364496
2025/nanjing/B1704,0.024423090054107213
2025/nanjing/B1705,0.024609928625961945
2025/nanjing/B1707,0.023153411092838465
2025/nanjing/B1803,0.02017731832286999
2025/nanjing/C0505,0.007176881945656949
2025/nanjing/C1105,0.009412589587609823
2025/nanjing/B1807,0.007289077583591924
2025/nanjing/B1905,0.005199880176696374
2025/nanjing/B1906,0.03210070671700819
2025/nanjing/B1907,0.00428125454070172
2025/nanjing/B1908,0.023870834952430912
2025/nanjing/B2003,0.6859494550081925
2025/nanjing/C0606,0.4301473485858429
2025/nanjing/C0106,0.24508501313237172
2025/nanjing/C1305,0.23934934732271168
2025/nanjing/B2004,0.04336579876390677
2025/nanjing/C1801,0.5428632831725052
2025/nanjing/C0804,0.5964331462646254
2025/nanjing/C0103,0.3311197396289915
2025/nanjing/C0105,0.0020033332861764124
2025/nanjing/C0203,0.010013570623173138
2025/nanjing/C1106,0.06656918897050168
2025/nanjing/C0204,0.04535258055430642
2025/nanjing/C0205,0.004231587478161331
2025/nanjing/C0301,0.0035380860570885376
2025/nanjing/C0302,0.021450729175489416
2025/nanjing/C0304,0.031143830534778462
2025/nanjing/C0602,0.22000709974589314
2025/nanjing/C0405,0.021287351793451054
2025/nanjing/C0506,0.014392336369436931
2025/nanjing/C1802,0.0026419468433311636
2025/nanjing/C0601,0.023689471299374428
2025/nanjing/C0702,0.027585282226789985
2025/nanjing/C0801,0.001029842183098833
2025/nanjing/C0806,0.003945406806602023
2025/nanjing/C0901,0.023509452407533014
2025/nanjing/C1002,0.0675466911396291
2025/nanjing/C1003,0.02245705292941607
2025/nanjing/C1004,0.002225670854115196
2025/nanjing/C1005,0.0019399251836574574
2025/nanjing/C1102,0.06465348835622392
2025/nanjing/C1103,0.0016436683961454505
2025/nanjing/C1104,0.0027044293694093243
2025/nanjing/C1201,0.024987794590900315
2025/nanjing/C1202,0.02800752060598813
2025/nanjing/C1706,0.38861802670584894
2025/nanjing/C1204,0.035948321789243294
2025/nanjing/C1205,0.03541073007632382
2025/nanjing/C1403,0.0030101989270369944
2025/nanjing/C1405,0.0017477857726837607
2025/nanjing/C1506,0.0039148236056371685
2025/nanjing/C1602,0.06853749303199023
2025/nanjing/C1604,0.020332353342658753
2025/nanjing/C1704,0.030675801710674105
2025/nanjing/C1803,0.016152834822140957
2025/nanjing/C1804,0.023509452407533014
2025/nanjing/C1901,0.07696083569602613
2025/nanjing/C1905,0.06853749303199023
2025/shanghai/C62,0.029760093945964218
2025/shanghai/C45,0.4073334000459302
2025/shanghai/D83,0.1561048974454574
2025/shanghai/E43,0.37754066879814546
2025/shanghai/A18,0.01590639171181471
2025/shanghai/D52,0.011642224164666006
2025/shanghai/F12,0.09947021388210707
2025/shanghai/B22,0.7185943925708561
2025/shanghai/A12,0.6334102636778401
2025/shanghai/F25,0.3665897363221599
2025/shanghai/D46,0.09401017961657226
2025/shanghai/A23,0.08269734267503885
2025/shanghai/C47,0.19193278644723683
2025/shanghai/F55,0.07211220541293051
2025/shanghai/A81,0.10521053670308635
2025/shanghai/C68,0.02245705292941607
2025/shanghai/B54,0.037892426629607394
2025/shanghai/D22,0.9588471107825551
2025/shanghai/B78,0.9529258241789759
2025/shanghai/E68,0.9666631758572982
2025/shanghai/C34,0.9073122213606241
2025/shanghai/D58,0.018334452089518293
2025/shanghai/F37,0.06903792817479
2025/shanghai/B42,0.02822098712953305
2025/shanghai/C36,0.031143830534778462
2025/shanghai/D31,0.07369626970604846
2025/shanghai/F66,0.006615392678327907
2025/shanghai/D21,0.07585818002124356
2025/shanghai/E37,0.031380429512976746
2025/shanghai/F48,0.7057850278370112
2025/shanghai/E16,0.38121956625614994
2025/shanghai/D84,0.3451052709578724
2025/shanghai/C83,0.02800752060598813
2025/shanghai/D43,0.030444348432624533
2025/shanghai/C13,0.12765262532179067
2025/shanghai/B73,0.007039045597401514
2025/shanghai/C31,0.023870834952430912
2025/shanghai/F34,0.011158031248084033
2025/shanghai/E28,0.020804489950607352
2025/shanghai/B11,0.16885695214168314
2025/shanghai/D45,0.0194193481824486
2025/shanghai/E61,0.006538824977235005
2025/shanghai/F26,0.22815650216092537
2025/shanghai/A67,0.013848610215564576
2025/shanghai/F61,0.01124456072066409
2025/shanghai/D25,0.03514484640079327
2025/shanghai/E66,0.004614055132959333
2025/shanghai/B84,0.009994227228881129
2025/shanghai/C86,0.7279754489059775
2025/shanghai/B38,0.6477982179521103
2025/shanghai/A11,0.44167300566462553
2025/shanghai/D67,0.4610167793123159
2025/shanghai/B74,0.0399373142069266
2025/shanghai/B76,0.03435868933300902
2025/shanghai/A66,0.007815888789288626
2025/shanghai/D38,0.02635535284611975
2025/shanghai/D47,0.10087862273005653
2025/shanghai/A28,0.8615382094310357
2025/shanghai/D71,0.8615382094310357
2025/shanghai/E26,0.4301473485858429
2025/shanghai/F16,0.10818895456207035
2025/shanghai/C57,0.01159736182363297
2025/shanghai/F18,0.024423090054107213
2025/shanghai/E35,0.09947021388210707
2025/shanghai/C73,0.341582499438317
2025/shanghai/B24,0.1645164628965632
2025/shanghai/F47,0.11757213354550883
2025/shanghai/E34,0.07263670636078697
2025/shanghai/A46,0.04146227271140963
2025/shanghai/D78,0.07921032410902437
2025/shanghai/A35,0.24508501313237172
2025/shanghai/E24,0.1871326821624266
2025/shanghai/C37,0.037892426629607394
2025/shanghai/E53,0.08509904500702024
2025/shanghai/B21,0.008985428752560176
2025/shanghai/E27,0.3629692055196168
2025/shanghai/F57,0.008412977570977689
2025/shanghai/E64,0.04401864986294638
2025/shanghai/C53,0.021287351793451054
2025/shanghai/A56,0.19436781101874467
2025/shanghai/C43,0.01744248473620534
2025/shanghai/B44,0.011419614645648401
2025/shanghai/B12,0.061875985723642724
2025/shanghai/D13,0.00549056320249923
2025/shanghai/D72,0.006718870000837655
2025/shanghai/B47,0.014447852533602467
2025/shanghai/C12,0.06903792817479
2025/shanghai/A37,0.11279540628289324
2025/shanghai/E15,0.00455611371445455
2025/shanghai/F67,0.5039061705290805
2025/shanghai/E23,0.06954174450582809
2025/shanghai/D14,0.08389038641057993
2025/shanghai/A61,0.02635535284611975
2025/shanghai/D66,0.5813030906443133
2025/shanghai/A26,0.30735801686526387
2025/shanghai/D65,0.007417379877304607
2025/shanghai/B36,0.12592276483513232
2025/shanghai/A72,0.10374862686637971
2025/shanghai/F14,0.07807816514495095
2025/shanghai/E57,0.07263670636078697
2025/shanghai/C78,0.28140560742914383
2025/shanghai/B35,0.024237634712630244
2025/shanghai/A53,0.01495708659314999
2025/shanghai/F33,0.025565213923269593
2025/shanghai/B58,0.019271137919768803
2025/shanghai/D76,0.035678550877730524
2025/shanghai/C72,0.0364937662290278
2025/shanghai/A74,0.079782013464093
2025/shanghai/B71,0.030444348432624533
2025/shanghai/A84,0.01685007944789776
2025/shanghai/C66,0.02655657099549924
2025/shanghai/F15,0.06853749303199023
2025/shanghai/D68,0.03410042571231151
2025/shanghai/B37,0.009303949868393646
2025/shanghai/D18,0.061875985723642724
2025/shanghai/A21,0.048857778622174906
2025/shanghai/D63,0.028652669309593447
2025/shanghai/A71,0.030444348432624533
2025/shanghai/F58,0.03461883883917583
2025/shanghai/B43,0.01052971212461742
2025/shanghai/D87,0.03333682414270177
2025/shanghai/F32,0.005945599162706342
2025/shanghai/A31,0.05033063259747688
2025/shanghai/F44,0.05541279438176918
2025/shanghai/E17,0.42250463481418826
2025/shanghai/C55,0.028870906946287907
2025/shanghai/B28,0.03461883883917583
2025/shanghai/A45,0.022286185539225494
2025/shanghai/E21,0.03333682414270177
2025/shanghai/E45,0.2689414213699951
2025/shanghai/E25,0.002938526102779939
2025/shanghai/A48,0.06278920859705135
2025/shanghai/A82,0.2068940488158881
2025/shanghai/A27,0.06325052199347325
2025/shanghai/D62,0.0051897867283749064
2025/shanghai/B86,0.015543647930770626
2025/shanghai/E31,0.009633652359446519
2025/shanghai/C26,0.5851011542032312
2025/shanghai/F63,0.33458944125318596
2025/shanghai/D81,0.09947021388210707
2025/shanghai/A87,0.07585818002124356
2025/shanghai/B68,0.08389038641057993
2025/shanghai/A24,0.04336579876390677
2025/shanghai/C38,0.06371499425196533
2025/shanghai/B13,0.09138210306717136
2025/shanghai/A55,0.0675466911396291
2025/shanghai/E48,0.06097518086496481
2025/shanghai/E33,0.04177388078830622
2025/shanghai/B87,0.05419872982318558
2025/shanghai/F45,0.05108273695705249
2025/shanghai/D28,0.04369106064046812
2025/shanghai/F54,0.008478401934677453
2025/shanghai/C42,0.026759283185443145
2025/shanghai/D64,0.08151975597471893
2025/shanghai/F56,0.05541279438176918
2025/shanghai/C14,0.03210070671700819
2025/shanghai/D74,0.02245705292941607
2025/shanghai/B62,0.02615561835382285
2025/shanghai/E14,0.007176881945656949
2025/shanghai/F17,0.035948321789243294
2025/shanghai/F23,0.02696349986233355
2025/shanghai/B55,0.021781171331499802
2025/shanghai/D73,0.8438951025545426
2025/shanghai/B66,0.6076631698328917
2025/shanghai/C33,0.5964331462646254
2025/shanghai/E46,0.7431680086124811
2025/shanghai/B88,0.025760559119668493
2025/shanghai/E55,0.05665242530797383
2025/shanghai/C74,0.034880886936679296
2025/shanghai/B15,0.037047168669075196
2025/shanghai/A64,0.07316472140562331
2025/shanghai/D35,0.658417500561683
2025/shanghai/C63,0.5621765008857981
2025/shanghai/B57,0.09401017961657226
2025/shanghai/F43,0.06278920859705135
2025/shanghai/B75,0.011869121046339474
2025/shanghai/C32,0.008251598569085517
2025/shanghai/D41,0.007695647178392188
2025/shanghai/B81,0.02843603304485266
2025/shanghai/C87,0.012576348276879083
2025/shanghai/B83,0.01971912810734659
2025/shanghai/A52,0.23091976292927183
2025/shanghai/C51,0.022286185539225494
2025/shanghai/D27,0.00881316650304586
2025/shanghai/D42,0.05582314113461443
2025/shanghai/F71,0.14608724704829565
2025/shanghai/E52,0.05419872982318558
2025/shanghai/A76,0.037326887344129464
2025/shanghai/E11,0.02800752060598813
2025/shanghai/A32,0.0077555367808475675
2025/shanghai/E12,0.031380429512976746
2025/shanghai/B67,0.00912563738918052
2025/shanghai/E51,0.03817827426156642
2025/shanghai/D36,0.006192990157855187
2025/shanghai/B56,0.027795622581245058
2025/shanghai/A58,0.02048855468474385
2025/shanghai/D15,0.019124036750888904
2025/shanghai/E44,0.1581743527484317
2025/shanghai/A62,0.07807816514495095
2025/shanghai/B32,0.016403032516163058
2025/shanghai/C75,0.0675466911396291
2025/shanghai/D53,0.035948321789243294
2025/shanghai/E47,0.02537131147440214
2025/shanghai/A47,0.005719129495121399
2025/shanghai/C82,0.026759283185443145
2025/shanghai/A65,0.029090757042564665
2025/shanghai/E63,0.24508501313237172
2025/shanghai/B16,0.22000709974589314
2025/shanghai/C76,0.35220178204788966
2025/shanghai/F13,0.24508501313237172
2025/shanghai/B34,0.1645164628965632
2025/shanghai/D86,0.4455295350395727
2025/shanghai/C81,0.030908958517211163
2025/shanghai/A77,0.06853749303199023
2025/shanghai/F46,0.048857778622174906
2025/shanghai/B33,0.025760559119668493
2025/shanghai/D26,0.01374232049590237
2025/shanghai/F21,0.8615382094310357
2025/shanghai/D34,0.8479677583778257
2025/shanghai/A63,0.7520125737597972
2025/shanghai/E18,0.6992544210587585
2025/shanghai/B14,0.0053849379617779605
2025/shanghai/C64,0.46490157137338844
2025/shanghai/B26,0.09009299396195182
2025/shanghai/F64,0.09268777863937604
2025/shanghai/F41,0.0364937662290278
2025/shanghai/D77,0.02655657099549924
2025/shanghai/C85,0.022116588802079524
2025/shanghai/A43,0.046378205994811086
2025/shanghai/C18,0.03283695602724524
2025/shanghai/E56,0.0596469429451214
2025/shanghai/B85,0.008881675100847034
2025/shanghai/D88,0.028870906946287907
2025/shanghai/B18,0.08509904500702024
2025/shanghai/C61,0.05877655584806683
2025/shanghai/D75,0.523420348936324
2025/shanghai/E38,0.5583269943353745
2025/shanghai/A16,0.6113819732941511
2025/shanghai/B31,0.1561048974454574
2025/shanghai/C16,0.18952109132967757
2025/shanghai/D37,0.20181322226037882
2025/shanghai/A85,0.6334102636778401
2025/shanghai/B77,0.7371581626286834
2025/shanghai/A14,0.050705364797830506
2025/shanghai/E54,0.6261241772283034
2025/shanghai/B64,0.10818895456207035
2025/shanghai/A75,0.05419872982318558
2025/shanghai/C52,0.05033063259747688
2025/shanghai/C27,0.22815650216092537
2025/shanghai/A54,0.09670579329612154
2025/shanghai/B25,0.05921025074128593
2025/shanghai/D57,0.022116588802079524
2025/shanghai/A15,0.013171949881556448
2025/shanghai/D56,0.029760093945964218
2025/shanghai/C65,0.047780066363570746
2025/shanghai/F28,0.02615561835382285
2025/shanghai/F11,0.04146227271140963
2025/shanghai/A73,0.039638839100970026
2025/shanghai/C22,0.03514484640079327
2025/shanghai/D51,0.033589505650103976
2025/shanghai/C58,0.05665242530797383
2025/shanghai/A78,0.005819959584259008
2025/shanghai/D61,0.2782567937024021
2025/shanghai/C67,0.04115288921744485
2025/shanghai/F35,0.14033624949008322
2025/shanghai/B23,0.022116588802079524
2025/shanghai/C41,0.02017731832286999
2025/shanghai/C88,0.02843603304485266
2025/shanghai/D55,0.025760559119668493
2025/shanghai/A88,0.0055982486146598995
2025/shanghai/B63,0.3702253925955866
2025/shanghai/C21,0.32082130082460697
2025/shanghai/E13,0.341582499438317
2025/shanghai/A41,0.025178841700601855
2025/shanghai/F51,0.04401864986294638
2025/shanghai/A13,0.12940273159163906
2025/shanghai/F27,0.07585818002124356
2025/shanghai/F42,0.018124720744468643
2025/shanghai/B52,0.00387315691366688
2025/shanghai/A33,0.02017731832286999
2025/shanghai/B53,0.011687257995694434
2025/shanghai/A68,0.02048855468474385
2025/shanghai/F38,0.021450729175489416
2025/shanghai/C44,0.006097562192575309
2025/shanghai/E41,0.012336100420869755
2025/shanghai/D54,0.09807932347046003
2025/shanghai/C54,0.014615670100635955
2025/shanghai/D11,0.010368156650788152
2025/shanghai/E58,0.006930671656746301
2025/shanghai/A44,0.024237634712630244
2025/shanghai/B48,0.007317397471212289
2025/shanghai/A25,0.5389832206876841
2025/shanghai/D23,0.07921032410902437
2025/shanghai/C48,0.042722197546490565
2025/shanghai/B46,0.020332353342658753
2025/shanghai/E36,0.024423090054107213
2025/shanghai/D16,0.02479816019558566
2025/shanghai/B17,0.020023441289455244
2025/shanghai/F65,0.028870906946287907
2025/shanghai/F36,0.02017731832286999
2025/shanghai/C11,0.07316472140562331
2025/shanghai/B51,0.06560483745906928
2025/shanghai/E67,0.05877655584806683
2025/shanghai/D17,0.09268777863937604
2025/shanghai/B61,0.02843603304485266
2025/shanghai/C77,0.02843603304485266
2025/shanghai/D48,0.009974920824078675
2025/shanghai/A38,0.016785489890063697
2025/shanghai/A86,0.02635535284611975
2025/shanghai/D24,0.01897803671176563
2025/shanghai/C23,0.023509452407533014
2025/shanghai/E65,0.005991951658726465
2025/shanghai/D82,0.013848610215564576
2025/shanghai/C46,0.039638839100970026
2025/shanghai/A57,0.03760863550580657
2025/shanghai/E22,0.032344332381157095
2025/shanghai/F52,0.003171138970500097
2025/shanghai/A17,0.0185465645121173
2025/shanghai/F31,0.024423090054107213
2025/shanghai/C17,0.024423090054107213
2025/shanghai/C35,0.005554924703691103
2025/shanghai/C56,0.02843603304485266
2025/shanghai/B45,0.6187804337438501
2025/shanghai/D12,0.04146227271140963
2025/shanghai/B41,0.1143685261818125
2025/shanghai/D32,0.046033902399240385
2025/shanghai/E32,0.02822098712953305
2025/shanghai/A34,0.014785407692390527
2025/shanghai/E42,0.025178841700601855
2025/shanghai/A42,0.030908958517211163
2025/shanghai/F53,0.02822098712953305
2025/shenyang/I_A01,0.04742587317756679
2025/shenyang/I_A02,0.2598256379609837
2025/shenyang/I_Y13,0.13846179056896438
2025/shenyang/I_A03,0.06608537866754877
2025/shenyang/I_Y10,0.050705364797830506
2025/shenyang/I_Y14,0.04501553160023231
2025/shenyang/I_A04,0.039638839100970026
2025/shenyang/I_M01,0.03934250326425821
2025/shenyang/I_M05,0.08449275397500926
2025/shenyang/I_M09,0.1480471980316895
2025/shenyang/I_A05,0.05582314113461443
2025/shenyang/I_A06,0.05541279438176918
2025/shenyang/I_A07,0.02333076880848049
2025/shenyang/I_A08,0.07640768335044701
2025/shenyang/I_Y16,0.043528139716435335
2025/shenyang/I_A09,0.030444348432624533
2025/shenyang/I_A10,0.03435868933300902
2025/shenyang/I_A14,0.030675801710674105
2025/shenyang/I_A11,0.023689471299374428
2025/shenyang/I_A12,0.061875985723642724
2025/shenyang/I_A13,0.021450729175489416
2025/shenyang/I_A15,0.024609928625961945
2025/shenyang/I_A16,0.033589505650103976
2025/shenyang/I_B01,0.022629200033037256
2025/shenyang/I_B02,0.023153411092838465
2025/shenyang/I_B03,0.13296424019782924
2025/shenyang/I_B04,0.1968262036430985
2025/shenyang/I_B05,0.052230857101425734
2025/shenyang/I_B06,0.07696083569602613
2025/shenyang/I_B10,0.08035746882220708
2025/shenyang/I_B14,0.07477004290796138
2025/shenyang/I_C02,0.10374862686637971
2025/shenyang/I_B07,0.07751765647688268
2025/shenyang/I_B11,0.05261895334771377
2025/shenyang/I_B15,0.06418264360901972
2025/shenyang/I_C04,0.6076631698328917
2025/shenyang/I_B16,0.16995623014518763
2025/shenyang/I_B08,0.10594828713637978
2025/shenyang/I_B12,0.09073548763985106
2025/shenyang/I_B09,0.02479816019558566
2025/shenyang/I_B13,0.08882029240011771
2025/shenyang/I_C09,0.9647224530933884
2025/shenyang/I_C13,0.9615338079816756
2025/shenyang/I_C01,0.9678992932829918
2025/shenyang/I_C05,0.9504109770159683
2025/shenyang/I_C03,0.09009299396195182
2025/shenyang/I_C07,0.09807932347046003
2025/shenyang/I_C11,0.29098086621490676
2025/shenyang/I_C10,0.06954174450582809
2025/shenyang/I_D02,0.05184546664977983
2025/shenyang/I_C14,0.057071397225397696
2025/shenyang/I_C06,0.0399373142069266
2025/shenyang/I_C08,0.023689471299374428
2025/shenyang/I_C12,0.0596469429451214
2025/shenyang/I_C16,0.12940273159163906
2025/shenyang/I_C15,0.026759283185443145
2025/shenyang/I_D05,0.1200256277543614
2025/shenyang/I_D01,0.07263670636078697
2025/shenyang/I_D03,0.024987794590900315
2025/shenyang/I_D08,0.03448852755791727
2025/shenyang/I_D04,0.01672114370544215
2025/shenyang/I_D06,0.02595735719779685
2025/shenyang/I_D11,0.06008665017400762
2025/shenyang/I_D07,0.027795622581245058
2025/shenyang/I_D13,0.35936414516010196
2025/shenyang/I_E01,0.18952109132967757
2025/shenyang/I_D09,0.21733752104706247
2025/shenyang/I_D10,0.0596469429451214
2025/shenyang/I_D12,0.15405756269148546
2025/shenyang/I_D14,0.030675801710674105
2025/shenyang/I_D15,0.023870834952430912
2025/shenyang/I_D16,0.032344332381157095
2025/shenyang/I_E02,0.03760863550580657
2025/shenyang/I_E07,0.042722197546490565
2025/shenyang/I_E03,0.024053552894426178
2025/shenyang/I_E04,0.023689471299374428
2025/shenyang/I_E05,0.029312230751356316
2025/shenyang/I_E09,0.029090757042564665
2025/shenyang/I_E13,0.02635535284611975
2025/shenyang/I_F02,0.12168575463704705
2025/shenyang/I_E14,0.1645164628965632
2025/shenyang/I_E10,0.029647510146313606
2025/shenyang/I_E06,0.037326887344129464
2025/shenyang/I_E08,0.022629200033037256
2025/shenyang/I_E11,0.02112519189594821
2025/shenyang/I_E12,0.034880886936679296
2025/shenyang/I_E15,0.052230857101425734
2025/shenyang/I_F04,0.23370635691404026
2025/shenyang/I_F08,0.10087862273005653
2025/shenyang/I_E16,0.08151975597471893
2025/shenyang/I_F01,0.039638839100970026
2025/shenyang/I_F03,0.02696349986233355
2025/shenyang/I_F05,0.05419872982318558
2025/shenyang/I_F09,0.09009299396195182
2025/shenyang/I_F13,0.38491214448393346
2025/shenyang/I_F10,0.11676401359822318
2025/shenyang/I_F06,0.03934250326425821
2025/shenyang/I_F07,0.028652669309593447
2025/shenyang/I_F11,0.03817827426156642
2025/shenyang/I_F15,0.08389038641057993
2025/shenyang/I_F12,0.07055959618729296
2025/shenyang/I_F16,0.08632347658627028
2025/shenyang/I_G04,0.14608724704829565
2025/shenyang/I_G02,0.02843603304485266
2025/shenyang/I_F14,0.02194825371486785
2025/shenyang/I_G01,0.14903529447863062
2025/shenyang/I_G03,0.041617797774438206
2025/shenyang/I_G09,0.13846179056896438
2025/shenyang/I_G05,0.12765262532179067
2025/shenyang/I_G13,0.04958902298403175
2025/shenyang/I_H01,0.05108273695705249
2025/shenyang/I_G06,0.03461883883917583
2025/shenyang/I_G07,0.025760559119668493
2025/shenyang/I_G12,0.08509904500702024
2025/shenyang/I_G16,0.06903792817479
2025/shenyang/I_G08,0.06008665017400762
2025/shenyang/I_G10,0.03904829272622638
2025/shenyang/I_G14,0.033085978388704126
2025/shenyang/I_H07,0.1581743527484317
2025/shenyang/I_G15,0.1871326821624266
2025/shenyang/I_H03,0.10158944591881586
2025/shenyang/I_G11,0.08151975597471893
2025/shenyang/I_H02,0.02479816019558566
2025/shenyang/I_H06,0.024609928625961945
2025/shenyang/I_H04,0.061875985723642724
2025/shenyang/I_H08,0.0675466911396291
2025/shenyang/I_H09,0.07477004290796138
2025/shenyang/I_H05,0.021287351793451054
2025/shenyang/I_H10,0.029873092110876315
2025/shenyang/I_H11,0.04672495862609242
2025/shenyang/I_H12,0.02822098712953305
2025/shenyang/I_H16,0.02800752060598813
2025/shenyang/I_I05,0.12168575463704705
2025/shenyang/I_I01,0.0596469429451214
2025/shenyang/I_I09,0.027272668797565777
2025/shenyang/I_H13,0.03760863550580657
2025/shenyang/I_H14,0.02696349986233355
2025/shenyang/I_I03,0.2146914191122419
2025/shenyang/I_I07,0.061875985723642724
2025/shenyang/I_H15,0.022889840112388902
2025/shenyang/I_I02,0.03934250326425821
2025/shenyang/I_I06,0.042722197546490565
2025/shenyang/I_I10,0.039638839100970026
2025/shenyang/I_I04,0.012147170099805133
2025/shenyang/I_I08,0.02655657099549924
2025/shenyang/I_I11,0.08151975597471893
2025/shenyang/I_I12,0.030675801710674105
2025/shenyang/I_J05,0.46879062662624377
2025/shenyang/I_J01,0.09334687851957546
2025/shenyang/I_I13,0.07696083569602613
2025/shenyang/I_I14,0.03760863550580657
2025/shenyang/I_I15,0.019197449197580242
2025/shenyang/I_I16,0.025760559119668493
2025/shenyang/I_J04,0.022286185539225494
2025/shenyang/I_J02,0.09401017961657226
2025/shenyang/I_J03,0.024237634712630244
2025/shenyang/I_J07,0.023153411092838465
2025/shenyang/I_J06,0.04724971350148983
2025/shenyang/I_J12,0.06142404005467019
2025/shenyang/I_J08,0.045862664156542186
2025/shenyang/I_J09,0.028652669309593447
2025/shenyang/I_J10,0.024237634712630244
2025/shenyang/I_J11,0.028925717867727442
2025/shenyang/I_J13,0.024987794590900315
2025/shenyang/I_J14,0.04742587317756679
2025/shenyang/I_K02,0.033085978388704126
2025/shenyang/I_J15,0.07585818002124356
2025/shenyang/I_J16,0.04177388078830622
2025/shenyang/I_K01,0.04369106064046812
2025/shenyang/I_K15,0.0946777017913266
2025/shenyang/I_K03,0.09009299396195182
2025/shenyang/I_K07,0.06465348835622392
2025/shenyang/I_K11,0.06560483745906928
2025/shenyang/I_K04,0.04958902298403175
2025/shenyang/I_K09,0.052230857101425734
2025/shenyang/I_K05,0.050705364797830506
2025/shenyang/I_K06,0.02479816019558566
2025/shenyang/I_K08,0.026759283185443145
2025/shenyang/I_K10,0.08632347658627028
2025/shenyang/I_K12,0.02615561835382285
2025/shenyang/I_K13,0.02297736991002561
2025/shenyang/I_K14,0.04434858139539836
2025/shenyang/I_L04,0.9309620718252101
2025/shenyang/I_K16,0.6992544210587585
2025/shenyang/I_L05,0.07531230632362355
2025/shenyang/I_L09,0.04240382863184672
2025/shenyang/I_L01,0.027585282226789985
2025/shenyang/I_L02,0.034880886936679296
2025/shenyang/I_L06,0.06954174450582809
2025/shenyang/I_L03,0.044183321902406945
2025/shenyang/I_L07,0.02194825371486785
2025/shenyang/I_L08,0.05877655584806683
2025/shenyang/I_M02,0.25386100696924885
2025/shenyang/I_L10,0.04569203238158463
2025/shenyang/I_L14,0.2782567937024021
2025/shenyang/I_L11,0.7279754489059775
2025/shenyang/I_L12,0.04672495862609242
2025/shenyang/I_L16,0.04569203238158463
2025/shenyang/I_L13,0.022629200033037256
2025/shenyang/I_L15,0.032344332381157095
2025/shenyang/I_M03,0.033085978388704126
2025/shenyang/I_M04,0.02655657099549924
2025/shenyang/I_M06,0.04208772791561884
2025/shenyang/I_M10,0.12940273159163906
2025/shenyang/I_M07,0.037047168669075196
2025/shenyang/I_M11,0.08756383952305867
2025/shenyang/I_M08,0.04672495862609242
2025/shenyang/I_M12,0.17106119167858438
2025/shenyang/I_M16,0.04742587317756679
2025/shenyang/I_M13,0.03554439752641487
2025/shenyang/I_N02,0.05541279438176918
2025/shenyang/I_M14,0.04177388078830622
2025/shenyang/I_N06,0.030908958517211163
2025/shenyang/I_M15,0.10017221862592252
2025/shenyang/I_N01,0.021450729175489416
2025/shenyang/I_N03,0.028870906946287907
2025/shenyang/I_N12,0.17106119167858438
2025/shenyang/I_N08,0.05791808743947446
2025/shenyang/I_N04,0.03021458706739398
2025/shenyang/I_N05,0.025760559119668493
2025/shenyang/I_N07,0.037047168669075196
2025/shenyang/I_N09,0.010590935411959828
2025/shenyang/I_N14,0.1431877021825763
2025/shenyang/I_N10,0.036220055864974746
2025/shenyang/I_N11,0.04099902718739302
2025/shenyang/I_O09,0.2782567937024021
2025/shenyang/I_N13,0.20434189993684582
2025/shenyang/I_O01,0.13117322376181567
2025/shenyang/I_O05,0.5
2025/shenyang/I_O03,0.10017221862592252
2025/shenyang/I_N15,0.06418264360901972
2025/shenyang/I_O07,0.046378205994811086
2025/shenyang/I_O08,0.13028542074923347
2025/shenyang/I_O04,0.07585818002124356
2025/shenyang/I_N16,0.050705364797830506
2025/shenyang/I_O10,0.6477982179521103
2025/shenyang/I_O06,0.2068940488158881
2025/shenyang/I_O02,0.12765262532179067
2025/shenyang/I_O11,0.0364937662290278
2025/shenyang/I_O12,0.027585282226789985
2025/shenyang/I_O13,0.05834584061168106
2025/shenyang/I_O14,0.0334629346519907
2025/shenyang/I_O15,0.03283695602724524
2025/shenyang/I_O16,0.05500528829345415
2025/shenyang/I_P09,0.1200256277543614
2025/shenyang/I_P05,0.07055959618729296
2025/shenyang/I_P01,0.042562728648499866
2025/shenyang/I_P13,0.0334629346519907
2025/shenyang/I_P02,0.07316472140562331
2025/shenyang/I_P06,0.04336579876390677
2025/shenyang/I_P03,0.026759283185443145
2025/shenyang/I_P04,0.028870906946287907
2025/shenyang/I_P08,0.021450729175489416
2025/shenyang/I_P07,0.021615332762647654
2025/shenyang/I_P10,0.024609928625961945
2025/shenyang/I_P11,0.024053552894426178
2025/shenyang/I_P12,0.02615561835382285
2025/shenyang/I_Q10,0.33807712415000585
2025/shenyang/I_Q06,0.09670579329612154
2025/shenyang/I_Q02,0.06142404005467019
2025/shenyang/I_P14,0.04707417582102406
2025/shenyang/I_P15,0.021287351793451054
2025/shenyang/I_P16,0.05108273695705249
2025/shenyang/I_Q05,0.05261895334771377
2025/shenyang/I_Q01,0.0274806928095821
2025/shenyang/I_Q03,0.05184546664977983
2025/shenyang/I_Q16,0.08882029240011771
2025/shenyang/I_Q08,0.04922211319719861
2025/shenyang/I_Q04,0.04146227271140963
2025/shenyang/I_Q12,0.03032925698427897
2025/shenyang/I_R03,0.2658804730998169
2025/shenyang/I_Q15,0.1645164628965632
2025/shenyang/I_Q07,0.1412814160007008
2025/shenyang/I_Q11,0.05500528829345415
2025/shenyang/I_Q09,0.023870834952430912
2025/shenyang/I_R01,0.1183850968071675
2025/shenyang/I_Q13,0.03283695602724524
2025/shenyang/I_Q14,0.031380429512976746
2025/shenyang/I_R02,0.035678550877730524
2025/shenyang/I_R06,0.03333682414270177
2025/shenyang/I_R04,0.048496003243956885
2025/shenyang/I_R08,0.029535339291104773
2025/shenyang/I_R05,0.07211220541293051
2025/shenyang/I_R07,0.03890198009779777
2025/shenyang/I_R13,0.031380429512976746
2025/shenyang/I_R09,0.036769466075598736
2025/shenyang/I_R10,0.042562728648499866
2025/shenyang/I_R11,0.08389038641057993
2025/shenyang/I_R12,0.02595735719779685
2025/shenyang/I_R14,0.02615561835382285
2025/shenyang/I_S03,0.03514484640079327
2025/shenyang/I_R15,0.03410042571231151
2025/shenyang/I_R16,0.04451443022348496
2025/shenyang/I_S05,0.4610167793123159
2025/shenyang/I_S01,0.05877655584806683
2025/shenyang/I_S02,0.0399373142069266
2025/shenyang/I_S12,0.5926665999540697
2025/shenyang/I_S08,0.47268347662043286
2025/shenyang/I_S04,0.2068940488158881
2025/shenyang/I_S06,0.04922211319719861
2025/shenyang/I_S11,0.09877258875237437
2025/shenyang/I_S07,0.03283695602724524
2025/shenyang/I_S09,0.025565213923269593
2025/shenyang/I_S10,0.025178841700601855
2025/shenyang/I_S13,0.040845715909949315
2025/shenyang/I_S14,0.04115288921744485
2025/shenyang/I_S15,0.07004896087717674
2025/shenyang/I_S16,0.1143685261818125
2025/shenyang/I_T04,0.04304284934003218
2025/shenyang/I_T01,0.07477004290796138
2025/shenyang/I_T05,0.07055959618729296
2025/shenyang/I_T02,0.03021458706739398
2025/shenyang/I_T03,0.033589505650103976
2025/shenyang/I_T06,0.22815650216092537
2025/shenyang/I_T10,0.13386748775351784
2025/shenyang/I_T11,0.6076631698328917
2025/shenyang/I_T07,0.24798742624020276
2025/shenyang/I_T08,0.10447732313023693
2025/shenyang/I_T13,0.9005297861178929
2025/shenyang/I_T09,0.7431680086124811
2025/shenyang/I_T12,0.03210070671700819
2025/shenyang/I_T14,0.03934250326425821
2025/shenyang/I_U03,0.03608394261296688
2025/shenyang/I_T15,0.03161876726864548
2025/shenyang/I_T16,0.04208772791561884
2025/shenyang/I_U01,0.0446808702726502
2025/shenyang/I_U02,0.025565213923269593
2025/shenyang/I_U04,0.02537131147440214
2025/shenyang/I_U05,0.06233103588192476
2025/shenyang/I_U09,0.05300977201585542
2025/shenyang/I_U13,0.05261895334771377
2025/shenyang/I_U06,0.023870834952430912
2025/shenyang/I_U07,0.047780066363570746
2025/shenyang/I_U08,0.11279540628289324
2025/shenyang/I_U12,0.11757213354550883
2025/shenyang/I_U10,0.023689471299374428
2025/shenyang/I_V11,0.8080672135527632
2025/shenyang/I_U15,0.44167300566462553
2025/shenyang/I_V07,0.09073548763985106
2025/shenyang/I_U11,0.10970577387797074
2025/shenyang/I_V03,0.09401017961657226
2025/shenyang/I_U14,0.03527754690661165
2025/shenyang/I_U16,0.025565213923269593
2025/shenyang/I_V01,0.023689471299374428
2025/shenyang/I_V02,0.030908958517211163
2025/shenyang/I_V04,0.024423090054107213
2025/shenyang/I_V05,0.022286185539225494
2025/shenyang/I_V06,0.033085978388704126
2025/shenyang/I_V16,0.07263670636078697
2025/shenyang/I_V12,0.04288223716309705
2025/shenyang/I_V08,0.028870906946287907
2025/shenyang/I_V09,0.043204035923442435
2025/shenyang/I_V10,0.10087862273005653
2025/shenyang/I_V14,0.10818895456207035
2025/shenyang/I_W02,0.13296424019782924
2025/shenyang/I_V13,0.03949040464878066
2025/shenyang/I_V15,0.029986506066001513
2025/shenyang/I_W01,0.0446808702726502
2025/shenyang/I_W05,0.03775027485246837
2025/shenyang/I_W03,0.05261895334771377
2025/shenyang/I_W08,0.12940273159163906
2025/shenyang/I_W04,0.07055959618729296
2025/shenyang/I_W12,0.048857778622174906
2025/shenyang/I_W10,0.49218813572079556
2025/shenyang/I_W14,0.411110869232168
2025/shenyang/I_W06,0.341582499438317
2025/shenyang/I_W07,0.1030244283262171
2025/shenyang/I_W09,0.025760559119668493
2025/shenyang/I_X03,0.048857778622174906
2025/shenyang/I_W11,0.05261895334771377
2025/shenyang/I_W15,0.04336579876390677
2025/shenyang/I_X01,0.1200256277543614
2025/shenyang/I_W13,0.09807932347046003
2025/shenyang/I_W16,0.024053552894426178
2025/shenyang/I_X02,0.030675801710674105
2025/shenyang/I_X04,0.040389068730851706
2025/shenyang/I_X13,0.17328820592932656
2025/shenyang/I_X09,0.06465348835622392
2025/shenyang/I_X05,0.029312230751356316
2025/shenyang/I_X06,0.040845715909949315
2025/shenyang/I_X07,0.027376488778351356
2025/shenyang/I_X16,0.8397339676722393
2025/shenyang/I_X08,0.47268347662043286
2025/shenyang/I_X12,0.785308580887758
2025/shenyang/I_X14,0.07004896087717674
2025/shenyang/I_Y06,0.06371499425196533
2025/shenyang/I_Y02,0.05500528829345415
2025/shenyang/I_X10,0.04146227271140963
2025/shenyang/I_X15,0.21206880435710532
2025/shenyang/I_X11,0.126785173178859
2025/shenyang/I_Y09,0.12336562437275558
2025/shenyang/I_Y01,0.7606506526772884
2025/shenyang/I_Y05,0.08882029240011771
2025/shenyang/I_Y11,0.3665897363221599
2025/shenyang/I_Y07,0.3276683008207139
2025/shenyang/I_Y03,0.2720245510940225
2025/shenyang/I_Y08,0.2782567937024021
2025/shenyang/I_Y04,0.03384403534049258
2025/shenyang/I_Y12,0.027376488778351356
2025/shenyang/I_Y15,0.03817827426156642
2025/wuhan/A01,0.009821792919693043
2025/wuhan/D06,0.029090757042564665
2025/wuhan/N02,0.046378205994811086
2025/wuhan/O03,0.015014748005819523
2025/wuhan/A02,0.037326887344129464
2025/wuhan/O16,0.07055959618729296
2025/wuhan/A04,0.01077672605008006
2025/wuhan/G08,0.9073122213606241
2025/wuhan/A05,0.7057850278370112
2025/wuhan/A06,0.10521053670308635
2025/wuhan/B28,0.05300977201585542
2025/wuhan/D19,0.02017731832286999
2025/wuhan/A09,0.021615332762647654
2025/wuhan/H20,0.013020490113842825
2025/wuhan/M11,0.013848610215564576
2025/wuhan/K12,0.030908958517211163
2025/wuhan/A10,0.02843603304485266
2025/wuhan/O04,0.03461883883917583
2025/wuhan/M09,0.015663648711668327
2025/wuhan/J24,0.09670579329612154
2025/wuhan/K16,0.012673735693033067
2025/wuhan/A11,0.03185885568604046
2025/wuhan/A13,0.016152834822140957
2025/wuhan/L20,0.08882029240011771
2025/wuhan/A14,0.03210070671700819
2025/wuhan/A21,0.022116588802079524
2025/wuhan/J08,0.018617802261831698
2025/wuhan/I12,0.014503579691381979
2025/wuhan/A15,0.014281933925111153
2025/wuhan/A16,0.032589744766025344
2025/wuhan/A17,0.02843603304485266
2025/wuhan/N10,0.023153411092838465
2025/wuhan/A18,0.00663467335412723
2025/wuhan/C06,0.02696349986233355
2025/wuhan/A19,0.01652955655765428
2025/wuhan/P05,0.015014748005819523
2025/wuhan/A20,0.08389038641057993
2025/wuhan/M14,0.7310585786300049
2025/wuhan/O19,0.11920292202211755
2025/wuhan/R07,0.09268777863937604
2025/wuhan/A23,0.018124720744468643
2025/wuhan/O02,0.09268777863937604
2025/wuhan/J12,0.04336579876390677
2025/wuhan/A24,0.031380429512976746
2025/wuhan/A25,0.07585818002124356
2025/wuhan/N22,0.029090757042564665
2025/wuhan/C21,0.01956867555531235
2025/wuhan/M19,0.31742626558767584
2025/wuhan/E04,0.07864238118410145
2025/wuhan/O21,0.02635535284611975
2025/wuhan/Q01,0.03021458706739398
2025/wuhan/A26,0.06954174450582809
2025/wuhan/A27,0.18952109132967757
2025/wuhan/E11,0.05749327880038583
2025/wuhan/Q28,0.056236345704483756
2025/wuhan/O22,0.8856314738181876
2025/wuhan/B17,0.8354835371034369
2025/wuhan/A28,0.6926419831347361
2025/wuhan/I24,0.3998116407397951
2025/wuhan/P10,0.28140560742914383
2025/wuhan/N17,0.11279540628289324
2025/wuhan/C23,0.02245705292941607
2025/wuhan/B01,0.02017731832286999
2025/wuhan/F02,0.05791808743947446
2025/wuhan/Q12,0.28457600421652673
2025/wuhan/K23,0.02194825371486785
2025/wuhan/B02,0.009037755070474059
2025/wuhan/O05,0.009936418705946226
2025/wuhan/B03,0.018617802261831698
2025/wuhan/B05,0.018404890389241722
2025/wuhan/B06,0.014009566286403145
2025/wuhan/N18,0.011029470022501837
2025/wuhan/E25,0.03384403534049258
2025/wuhan/B08,0.025760559119668493
2025/wuhan/B10,0.06278920859705135
2025/wuhan/F05,0.020804489950607352
2025/wuhan/P22,0.011463797377996032
2025/wuhan/P02,0.07807816514495095
2025/wuhan/G27,0.665410558746814
2025/wuhan/B11,0.44167300566462553
2025/wuhan/J16,0.4610167793123159
2025/wuhan/N14,0.024237634712630244
2025/wuhan/B12,0.06325052199347325
2025/wuhan/B13,0.07055959618729296
2025/wuhan/B14,0.02822098712953305
2025/wuhan/B15,0.030675801710674105
2025/wuhan/N24,0.01744248473620534
2025/wuhan/B16,0.02696349986233355
2025/wuhan/K28,0.0446808702726502
2025/wuhan/B18,0.018124720744468643
2025/wuhan/R13,0.029535339291104773
2025/wuhan/I09,0.5964331462646254
2025/wuhan/D15,0.23934934732271168
2025/wuhan/E22,0.10087862273005653
2025/wuhan/P23,0.07585818002124356
2025/wuhan/B20,0.09670579329612154
2025/wuhan/B21,0.030908958517211163
2025/wuhan/H18,0.6513548646660542
2025/wuhan/H08,0.053403329799824234
2025/wuhan/B22,0.06008665017400762
2025/wuhan/B23,0.1645164628965632
2025/wuhan/N16,0.6477982179521103
2025/wuhan/Q20,0.13846179056896438
2025/wuhan/B24,0.5467381519846138
2025/wuhan/J13,0.14414885303274058
2025/wuhan/K17,0.06278920859705135
2025/wuhan/C24,0.007846239292520898
2025/wuhan/B25,0.02333076880848049
2025/wuhan/H16,0.13117322376181567
2025/wuhan/L14,0.03333682414270177
2025/wuhan/B27,0.6548947290421275
2025/wuhan/F22,0.08882029240011771
2025/wuhan/P12,0.06278920859705135
2025/wuhan/C01,0.1968262036430985
2025/wuhan/Q24,0.06954174450582809
2025/wuhan/C02,0.031380429512976746
2025/wuhan/C03,0.05541279438176918
2025/wuhan/H28,0.019271137919768803
2025/wuhan/O09,0.010169657753872614
2025/wuhan/R16,0.05261895334771377
2025/wuhan/C04,0.17781086947804958
2025/wuhan/I28,0.035948321789243294
2025/wuhan/L17,0.013848610215564576
2025/wuhan/C05,0.010818448652863185
2025/wuhan/C07,0.03514484640079327
2025/wuhan/N06,0.024053552894426178
2025/wuhan/P24,0.024987794590900315
2025/wuhan/C09,0.030675801710674105
2025/wuhan/C10,0.027795622581245058
2025/wuhan/C11,0.523420348936324
2025/wuhan/M27,0.01868930842674908
2025/wuhan/Q13,0.0446808702726502
2025/wuhan/C14,0.0364937662290278
2025/wuhan/C15,0.9597620573763841
2025/wuhan/L27,0.9549844683997677
2025/wuhan/F14,0.9686195704870232
2025/wuhan/F23,0.9086178969328287
2025/wuhan/R03,0.8723473746782093
2025/wuhan/C16,0.02635535284611975
2025/wuhan/C17,0.053799643460063995
2025/wuhan/C18,0.004007288945911384
2025/wuhan/I10,0.03934250326425821
2025/wuhan/G06,0.01826427835185701
2025/wuhan/C19,0.03410042571231151
2025/wuhan/C20,0.012288597529701977
2025/wuhan/C22,0.02655657099549924
2025/wuhan/L22,0.23934934732271168
2025/wuhan/K24,0.048496003243956885
2025/wuhan/C25,0.01646617504750254
2025/wuhan/D20,0.016277460912713496
2025/wuhan/C26,0.0364937662290278
2025/wuhan/L10,0.07263670636078697
2025/wuhan/C27,0.013848610215564576
2025/wuhan/Q18,0.6370307944803831
2025/wuhan/E24,0.015603534790203506
2025/wuhan/C28,0.039638839100970026
2025/wuhan/G25,0.47657965106367595
2025/wuhan/D25,0.09009299396195182
2025/wuhan/D01,0.015014748005819523
2025/wuhan/D08,0.031143830534778462
2025/wuhan/D28,0.01819436822090561
2025/wuhan/D02,0.01868930842674908
2025/wuhan/D03,0.024609928625961945
2025/wuhan/R14,0.1561048974454574
2025/wuhan/D05,0.02297736991002561
2025/wuhan/F20,0.010693757736175492
2025/wuhan/O01,0.048857778622174906
2025/wuhan/D07,0.029312230751356316
2025/wuhan/D09,0.027795622581245058
2025/wuhan/D10,0.03333682414270177
2025/wuhan/Q26,0.29098086621490676
2025/wuhan/R11,0.024237634712630244
2025/wuhan/D11,0.00866093122817875
2025/wuhan/G23,0.4073334000459302
2025/wuhan/D12,0.05460060578165237
2025/wuhan/J10,0.020332353342658753
2025/wuhan/D13,0.3007455789412415
2025/wuhan/H11,0.12085323249047067
2025/wuhan/E05,0.05300977201585542
2025/wuhan/D14,0.023509452407533014
2025/wuhan/D16,0.04501553160023231
2025/wuhan/P06,0.04922211319719861
2025/wuhan/H21,0.16238003666671086
2025/wuhan/D21,0.1500288243424251
2025/wuhan/D22,0.042722197546490565
2025/wuhan/O23,0.04177388078830622
2025/wuhan/K20,0.023870834952430912
2025/wuhan/L16,0.02237145983776148
2025/wuhan/D23,0.09947021388210707
2025/wuhan/L09,0.046033902399240385
2025/wuhan/D24,0.02280263596800613
2025/wuhan/D26,0.020645930739218447
2025/wuhan/D27,0.01307078477418707
2025/wuhan/N19,0.03760863550580657
2025/wuhan/S02,0.03514484640079327
2025/wuhan/E01,0.013955710398273338
2025/wuhan/L23,0.027376488778351356
2025/wuhan/E02,0.01124456072066409
2025/wuhan/L18,0.01868930842674908
2025/wuhan/E03,0.008916127052872005
2025/wuhan/E06,0.046378205994811086
2025/wuhan/I17,0.047780066363570746
2025/wuhan/O07,0.03904829272622638
2025/wuhan/P19,0.04569203238158463
2025/wuhan/E07,0.04672495862609242
2025/wuhan/S04,0.018833129890434692
2025/wuhan/E23,0.01020905431880827
2025/wuhan/E08,0.012576348276879083
2025/wuhan/P17,0.008380453351026062
2025/wuhan/E09,0.020023441289455244
2025/wuhan/E10,0.032344332381157095
2025/wuhan/K25,0.029760093945964218
2025/wuhan/K11,0.8933094060543487
2025/wuhan/G17,0.6261241772283034
2025/wuhan/E12,0.7057850278370112
2025/wuhan/E13,0.45713671682749485
2025/wuhan/L02,0.035678550877730524
2025/wuhan/E14,0.07585818002124356
2025/wuhan/F18,0.04434858139539836
2025/wuhan/R18,0.03875619358719477
2025/wuhan/F21,0.3276683008207139
2025/wuhan/S03,0.0364937662290278
2025/wuhan/E15,0.02333076880848049
2025/wuhan/I01,0.05665242530797383
2025/wuhan/S10,0.06233103588192476
2025/wuhan/E16,0.018833129890434692
2025/wuhan/N04,0.17106119167858438
2025/wuhan/E20,0.03185885568604046
2025/wuhan/E21,0.017509557349574698
2025/wuhan/J14,0.04401864986294638
2025/wuhan/Q15,0.035678550877730524
2025/wuhan/E26,0.0675466911396291
2025/wuhan/H14,0.046033902399240385
2025/wuhan/G24,0.029986506066001513
2025/wuhan/E27,0.027169231535681047
2025/wuhan/L12,0.014392336369436931
2025/wuhan/Q21,0.01507262830894569
2025/wuhan/E28,0.007606672164523265
2025/wuhan/F01,0.015130728307193727
2025/wuhan/F04,0.32082130082460697
2025/wuhan/J02,0.16667540468797667
2025/wuhan/F28,0.07921032410902437
2025/wuhan/F06,0.3702253925955866
2025/wuhan/L25,0.04434858139539836
2025/wuhan/F07,0.01217062919575534
2025/wuhan/H15,0.07263670636078697
2025/wuhan/F08,0.03283695602724524
2025/wuhan/F09,0.006570620610624135
2025/wuhan/F24,0.9196425311777929
2025/wuhan/N28,0.9263037302939515
2025/wuhan/K26,0.927363293639213
2025/wuhan/J20,0.8418256472515684
2025/wuhan/F10,0.7931059511841119
2025/wuhan/F11,0.029535339291104773
2025/wuhan/F12,0.8459424373085146
2025/wuhan/P01,0.8289388083214156
2025/wuhan/G26,0.7634837635542924
2025/wuhan/I16,0.7371581626286834
2025/wuhan/F13,0.014615670100635955
2025/wuhan/F15,0.027169231535681047
2025/wuhan/F26,0.7826624789529376
2025/wuhan/I11,0.4610167793123159
2025/wuhan/F16,0.6297746074044134
2025/wuhan/G10,0.05146276543260743
2025/wuhan/M18,0.0189054471413467
2025/wuhan/F17,0.009268013380914325
2025/wuhan/F19,0.14033624949008322
2025/wuhan/F25,0.005479908619701699
2025/wuhan/N08,0.01757688326733593
2025/wuhan/G01,0.031380429512976746
2025/wuhan/O13,0.5078118642792044
2025/wuhan/P03,0.6477982179521103
2025/wuhan/K05,0.08151975597471893
2025/wuhan/G02,0.18242552380635632
2025/wuhan/G03,0.1968262036430985
2025/wuhan/G04,0.03541073007632382
2025/wuhan/M17,0.03461883883917583
2025/wuhan/G05,0.019794778861558837
2025/wuhan/P26,0.02280263596800613
2025/wuhan/G07,0.01691491326672651
2025/wuhan/R19,0.010818448652863185
2025/wuhan/G09,0.008728266855401876
2025/wuhan/G11,0.03461883883917583
2025/wuhan/G12,0.014728613849722676
2025/wuhan/R28,0.09670579329612154
2025/wuhan/R20,0.01704531725343583
2025/wuhan/G13,0.039638839100970026
2025/wuhan/G14,0.13296424019782924
2025/wuhan/O08,0.03904829272622638
2025/wuhan/K07,0.0446808702726502
2025/wuhan/M10,0.015130728307193727
2025/wuhan/G15,0.030675801710674105
2025/wuhan/I20,0.02843603304485266
2025/wuhan/G16,0.9219218348550491
2025/wuhan/K22,0.6297746074044134
2025/wuhan/P16,0.20181322226037882
2025/wuhan/I25,0.32423539898095244
2025/wuhan/I08,0.13117322376181567
2025/wuhan/G19,0.035678550877730524
2025/wuhan/H01,0.0499585240665846
2025/wuhan/R15,0.037892426629607394
2025/wuhan/G20,0.0172427775576529
2025/wuhan/G21,0.06954174450582809
2025/wuhan/G22,0.46879062662624377
2025/wuhan/M20,0.4263215925474903
2025/wuhan/M23,0.09138210306717136
2025/wuhan/L03,0.3007455789412415
2025/wuhan/H02,0.06418264360901972
2025/wuhan/M13,0.036220055864974746
2025/wuhan/P13,0.04177388078830622
2025/wuhan/R09,0.024053552894426178
2025/wuhan/H04,0.006073934440886245
2025/wuhan/H05,0.029090757042564665
2025/wuhan/R24,0.010071823437653855
2025/wuhan/H06,0.03283695602724524
2025/wuhan/H07,0.014615670100635955
2025/wuhan/H10,0.07159119944455247
2025/wuhan/K18,0.056236345704483756
2025/wuhan/O15,0.29421497216298875
2025/wuhan/H13,0.02280263596800613
2025/wuhan/H17,0.01028830113371619
2025/wuhan/S12,0.006850480026644968
2025/wuhan/H19,0.12940273159163906
2025/wuhan/L07,0.06278920859705135
2025/wuhan/H22,0.018617802261831698
2025/wuhan/H24,0.016277460912713496
2025/wuhan/J07,0.04672495862609242
2025/wuhan/J19,0.024237634712630244
2025/wuhan/H25,0.03210070671700819
2025/wuhan/H26,0.009917222854428295
2025/wuhan/S01,0.016029147365901317
2025/wuhan/M03,0.012431650853185818
2025/wuhan/H27,0.03541073007632382
2025/wuhan/I02,0.01652955655765428
2025/wuhan/I03,0.23091976292927183
2025/wuhan/K03,0.04434858139539836
2025/wuhan/I05,0.03333682414270177
2025/wuhan/I06,0.05300977201585542
2025/wuhan/I07,0.018124720744468643
2025/wuhan/I13,0.020332353342658753
2025/wuhan/J18,0.037047168669075196
2025/wuhan/O18,0.03283695602724524
2025/wuhan/Q23,0.03760863550580657
2025/wuhan/I14,0.014842417234248268
2025/wuhan/I15,0.29421497216298875
2025/wuhan/I21,0.2689414213699951
2025/wuhan/I18,0.025760559119668493
2025/wuhan/I19,0.17553807362342935
2025/wuhan/N07,0.03384403534049258
2025/wuhan/I22,0.02655657099549924
2025/wuhan/R23,0.4263215925474903
2025/wuhan/I23,0.017509557349574698
2025/wuhan/M04,0.035678550877730524
2025/wuhan/I26,0.004390866636814104
2025/wuhan/I27,0.037326887344129464
2025/wuhan/J03,0.013584392513059033
2025/wuhan/O24,0.036220055864974746
2025/wuhan/J04,0.009974920824078675
2025/wuhan/J05,0.007496887698447859
2025/wuhan/J06,0.024237634712630244
2025/wuhan/L13,0.023870834952430912
2025/wuhan/J15,0.02696349986233355
2025/wuhan/J21,0.03185885568604046
2025/wuhan/J22,0.014785407692390527
2025/wuhan/J25,0.011331753531361453
2025/wuhan/M12,0.009376237450848677
2025/wuhan/J27,0.008577485413711986
2025/wuhan/K02,0.01791734476747132
2025/wuhan/K06,0.2751297238231752
2025/wuhan/P28,0.04672495862609242
2025/wuhan/M05,0.021287351793451054
2025/wuhan/K08,0.05146276543260743
2025/wuhan/O10,0.08389038641057993
2025/wuhan/Q11,0.06954174450582809
2025/wuhan/K09,0.02615561835382285
2025/wuhan/K13,0.03934250326425821
2025/wuhan/K19,0.004783010539563579
2025/wuhan/K21,0.007039045597401514
2025/wuhan/M07,0.03541073007632382
2025/wuhan/K27,0.030908958517211163
2025/wuhan/L08,0.02245705292941607
2025/wuhan/L01,0.33458944125318596
2025/wuhan/R21,0.02595735719779685
2025/wuhan/L04,0.023870834952430912
2025/wuhan/Q04,0.020645930739218447
2025/wuhan/L05,0.029986506066001513
2025/wuhan/L11,0.02280263596800613
2025/wuhan/P18,0.011419614645648401
2025/wuhan/L19,0.025565213923269593
2025/wuhan/L21,0.026759283185443145
2025/wuhan/L26,0.02595735719779685
2025/wuhan/L28,0.01191502196714824
2025/wuhan/R08,0.01964376067755956
2025/wuhan/M02,0.009376237450848677
2025/wuhan/M08,0.04672495862609242
2025/wuhan/M15,0.02595735719779685
2025/wuhan/M16,0.03384403534049258
2025/wuhan/M21,0.02194825371486785
2025/wuhan/M22,0.022286185539225494
2025/wuhan/M26,0.012479699745327848
2025/wuhan/M28,0.040540738463481864
2025/wuhan/N03,0.009143315191591
2025/wuhan/N05,0.02635535284611975
2025/wuhan/N11,0.025760559119668493
2025/wuhan/P09,0.022629200033037256
2025/wuhan/N13,0.02655657099549924
2025/wuhan/N15,0.02595735719779685
2025/wuhan/N20,0.02822098712953305
2025/wuhan/N21,0.02615561835382285
2025/wuhan/N23,0.03185885568604046
2025/wuhan/O12,0.050705364797830506
2025/wuhan/N25,0.024237634712630244
2025/wuhan/O06,0.02635535284611975
2025/wuhan/O11,0.031143830534778462
2025/wuhan/O14,0.0037362205834114964
2025/wuhan/O25,0.022286185539225494
2025/wuhan/O26,0.00463653507792935
2025/wuhan/O27,0.02595735719779685
2025/wuhan/P07,0.028870906946287907
2025/wuhan/P08,0.02800752060598813
2025/wuhan/R05,0.7090191337850932
2025/wuhan/P14,0.10818895456207035
2025/wuhan/R26,0.029986506066001513
2025/wuhan/P15,0.013532148655407106
2025/wuhan/P20,0.011050794718772822
2025/wuhan/P21,0.030675801710674105
2025/wuhan/P25,0.021450729175489416
2025/wuhan/P27,0.033589505650103976
2025/wuhan/Q02,0.029090757042564665
2025/wuhan/Q06,0.021615332762647654
2025/wuhan/Q07,0.014281933925111153
2025/wuhan/Q14,0.005159623176342565
2025/wuhan/Q16,0.003601259874686961
2025/wuhan/Q19,0.02017731832286999
2025/wuhan/Q25,0.01368947769627449
2025/wuhan/Q27,0.02635535284611975
2025/wuhan/R01,0.03461883883917583
2025/wuhan/R02,0.016277460912713496
2025/wuhan/R04,0.012821214266594244
2025/wuhan/R06,0.031143830534778462
2025/wuhan/R12,0.026759283185443145
2025/wuhan/R17,0.0499585240665846
2025/wuhan/S05,0.02297736991002561
2025/wuhan/S09,0.02194825371486785
2025/wuhan/S11,0.032589744766025344
2025/wuhan/S14,0.02537131147440214
2025/xian/team001,0.007417379877304607
2025/xian/team003,0.9764905475924671
2025/xian/team005,0.9241418199787566
2025/xian/team002,0.9184802440252811
2025/xian/team004,0.9263037302939515
2025/xian/team007,0.035678550877730524
2025/xian/team006,0.0209642408181275
2025/xian/team009,0.411110869232168
2025/xian/team010,0.16667540468797667
2025/xian/team011,0.16667540468797667
2025/xian/team008,0.14033624949008322
2025/xian/team012,0.009161026922093826
2025/xian/team013,0.04707417582102406
2025/xian/team014,0.05665242530797383
2025/xian/team015,0.05261895334771377
2025/xian/team016,0.02297736991002561
2025/xian/team018,0.5813030906443133
2025/xian/team020,0.0953494648991095
2025/xian/team019,0.04146227271140963
2025/xian/team017,0.010570488620307572
2025/xian/team021,0.01897803671176563
2025/xian/team022,0.007162978585986607
2025/xian/team024,0.006538824977235005
2025/xian/team023,0.06008665017400762
2025/xian/team025,0.025565213923269593
2025/xian/team026,0.32082130082460697
2025/xian/team028,0.25091278688527247
2025/xian/team027,0.07159119944455247
2025/xian/team029,0.006488269596656705
2025/xian/team030,0.014281933925111153
2025/xian/team031,0.02245705292941607
2025/xian/team032,0.08151975597471893
2025/xian/team033,0.027585282226789985
2025/xian/team034,0.015424552081841137
2025/xian/team035,0.024237634712630244
2025/xian/team036,0.002317651911557365
2025/xian/team038,0.1242130083520534
2025/xian/team039,0.04208772791561884
2025/xian/team037,0.027585282226789985
2025/xian/team040,0.0040346654642473235
2025/xian/team042,0.10087862273005653
2025/xian/team041,0.08035746882220708
2025/xian/team043,0.0399373142069266
2025/xian/team044,0.06954174450582809
2025/xian/team045,0.014842417234248268
2025/xian/team046,0.4455295350395727
2025/xian/team047,0.04958902298403175
2025/xian/team048,0.046033902399240385
2025/xian/team049,0.05033063259747688
2025/xian/team051,0.037047168669075196
2025/xian/team050,0.01704531725343583
2025/xian/team052,0.005405900078026988
2025/xian/team054,0.04501553160023231
2025/xian/team053,0.02245705292941607
2025/xian/team055,0.02280263596800613
2025/xian/team056,0.23370635691404026
2025/xian/team057,0.029090757042564665
2025/xian/team058,0.01665704000922906
2025/xian/team060,0.44939263446475963
2025/xian/team059,0.14414885303274058
2025/xian/team061,0.02194825371486785
2025/xian/team062,0.04177388078830622
2025/xian/team063,0.040540738463481864
2025/xian/team064,0.037892426629607394
2025/xian/team065,0.0035988515466267397
2025/xian/team066,0.8688267762381844
2025/xian/team067,0.8519528019683106
2025/xian/team068,0.02280263596800613
2025/xian/team071,0.01956867555531235
2025/xian/team070,0.01507262830894569
2025/xian/team069,0.0364937662290278
2025/xian/team072,0.016277460912713496
2025/xian/team073,0.02017731832286999
2025/xian/team074,0.014842417234248268
2025/xian/team075,0.003548429907107186
2025/xian/team076,0.0046818225243337366
2025/xian/team077,0.06465348835622392
2025/xian/team078,0.01956867555531235
2025/xian/team079,0.027795622581245058
2025/xian/team080,0.033085978388704126
2025/xian/team081,0.008315778477474129
2025/xian/team084,0.7279754489059775
2025/xian/team082,0.03817827426156642
2025/xian/team083,0.11124120650754304
2025/xian/team086,0.5312093733737563
2025/xian/team085,0.025178841700601855
2025/xian/team088,0.013480102975266339
2025/xian/team087,0.0446808702726502
2025/xian/team089,0.02537131147440214
2025/xian/team090,0.6370307944803831
2025/xian/team091,0.07369626970604846
2025/xian/team092,0.061875985723642724
2025/xian/team093,0.06278920859705135
2025/xian/team094,0.011419614645648401
2025/xian/team095,0.036220055864974746
2025/xian/team096,0.031380429512976746
2025/xian/team097,0.03461883883917583
2025/xian/team098,0.005309625740911875
2025/xian/team099,0.02245705292941607
2025/xian/team100,0.003664220330784353
2025/xian/team101,0.022116588802079524
2025/xian/team102,0.022629200033037256
2025/xian/team104,0.05665242530797383
2025/xian/team103,0.008283626886030505
2025/xian/team107,0.009783876017655003
2025/xian/team106,0.007725534397423479
2025/xian/team105,0.004190636835730461
2025/xian/team108,0.013955710398273338
2025/xian/team109,0.018404890389241722
2025/xian/team111,0.0032603461032026495
2025/xian/team110,0.023509452407533014
2025/xian/team112,0.020023441289455244
2025/xian/team115,0.10374862686637971
2025/xian/team113,0.030675801710674105
2025/xian/team114,0.029760093945964218
2025/xian/team116,0.01897803671176563
2025/xian/team117,0.006192990157855187
2025/xian/team118,0.00375078888895543
2025/xian/team119,0.003991728369413719
2025/xian/team121,0.010652510839726164
2025/xian/team120,0.006192990157855187
2025/xian/team122,0.032344332381157095
2025/xian/team123,0.02595735719779685
2025/xian/team124,0.024053552894426178
2025/xian/team125,0.023153411092838465
2025/xian/team126,0.008779108866911802
2025/xian/team127,0.03161876726864548
2025/xian/team128,0.007218752974234458
2025/xian/team129,0.006145092084085153
2025/xian/team131,0.012970386437368456
2025/xian/team130,0.02635535284611975
2025/xian/team134,0.06954174450582809
2025/xian/team133,0.04240382863184672
2025/xian/team132,0.01757688326733593
2025/xian/team136,0.06656918897050168
2025/xian/team135,0.08389038641057993
2025/xian/team137,0.04023794262361602
2025/xian/team138,0.029760093945964218
2025/xian/team139,0.029986506066001513
2025/xian/team140,0.01665704000922906
2025/xian/team141,0.01744248473620534
2025/xian/team142,0.3665897363221599
2025/xian/team144,0.46490157137338844
2025/xian/team143,0.07585818002124356
2025/xian/team145,0.0037362205834114964
2025/xian/team146,0.02635535284611975
2025/xian/team147,0.0014494867465430238
2025/xian/team149,0.2689414213699951
2025/xian/team150,0.2598256379609837
2025/xian/team148,0.04177388078830622
2025/xian/team151,0.024423090054107213
2025/xian/team152,0.029986506066001513
2025/xian/team153,0.43398146480389854
2025/xian/team154,0.008061991528271641
2025/xian/team155,0.022116588802079524
2025/xian/team156,0.01956867555531235
2025/xian/team157,0.006731917189500058
2025/xian/team158,0.03021458706739398
2025/xian/team159,0.003466515561961479
2025/xian/team160,0.008093289897373068
2025/xian/team161,0.02800752060598813
2025/xian/team162,0.020645930739218447
2025/xian/team165,0.009559399347091532
2025/xian/team163,0.021781171331499802
2025/xian/team164,0.019271137919768803
2025/xian/team166,0.02017731832286999
2025/xian/team168,0.013222821752305148
2025/xian/team167,0.029090757042564665
2025/xian/team169,0.01704531725343583
2025/xian/team170,0.004709206039436051
2025/xian/team171,0.021450729175489416
2025/xian/team172,0.005980329969128227
2025/xian/team173,0.01826427835185701
2025/xian/team174,0.09947021388210707
2025/xian/team175,0.08882029240011771
2025/xian/team176,0.08269734267503885
2025/xian/team177,0.01691491326672651
2025/xian/team180,0.7090191337850932
2025/xian/team179,0.41489884579676883
2025/xian/team178,0.6224593312018546
2025/xian/team182,0.023870834952430912
2025/xian/team184,0.01411789342520494
2025/xian/team181,0.00529160445444796
2025/xian/team183,0.05834584061168106
2025/xian/team185,0.03817827426156642
2025/xian/team186,0.048857778622174906
2025/xian/team187,0.03846619201832428
2025/xian/team188,0.0041824941855914755
2025/xian/team189,0.01005236865796813
2025/xian/team190,0.0032087898394339504
2025/xian/team191,0.04813677111663481
2025/xian/team192,0.04501553160023231
2025/xian/team193,0.04304284934003218
2025/xian/team194,0.04023794262361602
2025/xian/team195,0.0675466911396291
2025/xian/team196,0.05500528829345415
2025/xian/team197,0.3451052709578724
2025/xian/team198,0.00740301408887263
2025/xian/team201,0.008251598569085517
2025/xian/team199,0.02297736991002561
2025/xian/team200,0.021781171331499802
2025/xian/team202,0.020332353342658753
2025/xian/team203,0.009783876017655003
2025/xian/team204,0.004174367290770143
2025/xian/team205,0.016785489890063697
2025/xian/team206,0.008610767667510729
2025/xian/team207,0.006984649917134321
2025/xian/team208,0.024987794590900315
2025/xian/team209,0.0024486528062566074
2025/xian/team211,0.9433475746920261
2025/xian/team210,0.9511422213778251
2025/xian/team213,0.9372107914029487
2025/xian/team212,0.7634837635542924
2025/xian/team214,0.0185465645121173
2025/xian/team215,0.08509904500702024
2025/xian/team216,0.033085978388704126
2025/xian/team217,0.019271137919768803
2025/xian/team218,0.015543647930770626
2025/xian/team219,0.009196552423046733
2025/xian/team220,0.010169657753872614
2025/xian/team221,0.003780095488712285
2025/xian/team222,0.12765262532179067
2025/xian/team224,0.009037755070474059
2025/xian/team223,0.02800752060598813
2025/xian/team226,0.007176881945656949
2025/xian/team225,0.024053552894426178
2025/xian/team227,0.01052971212461742
2025/xian/team228,0.02655657099549924
2025/xian/team229,0.02112519189594821
2025/xian/team230,0.01652955655765428
2025/xian/team231,0.002965111594428127
2025/xian/team232,0.0063883209097212856
2025/xian/team233,0.023870834952430912
2025/xian/team234,0.021615332762647654
2025/xian/team235,0.07423137046083579
2025/xian/team239,0.02843603304485266
2025/xian/team236,0.007968814953315289
2025/xian/team237,0.050705364797830506
2025/xian/team238,0.0499585240665846
2025/xian/team240,0.0035657366623610266
2025/xian/team241,0.00529160445444796
2025/xian/team243,0.35936414516010196
2025/xian/team242,0.7371581626286834
2025/xian/team244,0.02822098712953305
2025/xian/team245,0.02822098712953305
2025/xian/team247,0.17553807362342935
2025/xian/team246,0.03333682414270177
2025/xian/team248,0.020804489950607352
2025/xian/team249,0.014172366191301682
2025/xian/team251,0.024423090054107213
2025/xian/team250,0.02615561835382285
2025/xian/team252,0.03461883883917583
2025/xian/team253,0.0026691038063541084
2025/xian/team254,0.018124720744468643
2025/xian/team255,0.007176881945656949
2025/xian/team256,0.5736784074525096
2025/xian/team257,0.016152834822140957
2025/xian/team258,0.04401864986294638
2025/xian/team259,0.004910174947458623
2025/xian/team260,0.04958902298403175
2025/xian/team262,0.07696083569602613
2025/xian/team261,0.006957608807376377
2025/xian/team263,0.029090757042564665
2025/xian/team265,0.007204769088868756
2025/xian/team264,0.0062170781422503756
2025/xian/team267,0.10087862273005653
2025/xian/team268,0.06325052199347325
2025/xian/team266,0.04023794262361602
2025/xian/team269,0.011158031248084033
2025/xian/team270,0.017309095753668163
2025/xian/team271,0.02112519189594821
2025/xian/team273,0.11920292202211755
2025/xian/team272,0.053403329799824234
2025/xian/team274,0.06371499425196533
2025/xian/team275,0.06278920859705135
2025/xian/team276,0.009412589587609823
2025/xian/team277,0.02333076880848049
2025/xian/team278,0.01744248473620534
2025/xian/team279,0.009090383313658499
2025/xian/team280,0.03541073007632382
2025/xian/team281,0.039638839100970026
2025/xian/team282,0.016403032516163058
2025/xian/team283,0.10818895456207035
2025/xian/team285,0.23651623644570763
2025/xian/team286,0.03541073007632382
2025/xian/team284,0.03514484640079327
2025/xian/team287,0.004645557549716042
2025/xian/team290,0.11124120650754304
2025/xian/team291,0.07477004290796138
2025/xian/team288,0.053403329799824234
2025/xian/team289,0.05582314113461443
2025/xian/team292,0.014728613849722676
2025/xian/team293,0.029760093945964218
2025/xian/team294,0.01971912810734659
2025/xian/team295,0.009783876017655003
2025/xian/team297,0.002656137371751423
2025/xian/team296,0.020804489950607352
2025/xian/team298,0.027169231535681047
2025/xian/team299,0.02537131147440214
2025/xian/team300,0.04742587317756679
2025/xian/team302,0.048857778622174906
2025/xian/team303,0.04401864986294638
2025/xian/team304,0.029312230751356316
2025/xian/team305,0.02843603304485266
2025/xian/team306,0.024053552894426178
2025/xian/team307,0.05921025074128593
2025/xian/team308,0.061875985723642724
2025/xian/team309,0.01897803671176563
2025/xian/team310,0.01897803671176563
2025/xian/team312,0.006551524847490895
2025/xian/team311,0.021781171331499802
2025/xian/team313,0.01757688326733593
2025/xian/team314,0.025178841700601855
2025/xian/team315,0.025565213923269593
2025/xian/team316,0.02333076880848049
2025/xian/team317,0.023870834952430912
2025/xian/team318,0.04672495862609242
2025/xian/team319,0.02635535284611975
2025/xian/team320,0.04177388078830622
2025/xian/team321,0.032344332381157095
2025/xian/team322,0.03210070671700819
2025/xian/team323,0.024987794590900315
2025/xian/team324,0.015424552081841137
2025/xian/team325,0.0025733734155795733
2025/xian/team326,0.0032508392921222424
2025/xian/team327,0.004272936570637777
2025/xian/team329,0.009232214404536282
2025/xian/team328,0.02595735719779685
2025/xian/team330,0.016403032516163058
2025/xian/team331,0.024423090054107213
2025/xian/team332,0.01507262830894569
2025/xian/team333,0.03934250326425821
2025/xian/team334,0.0057525450502372046
2025/xian/team335,0.004323086849458656
2025/xian/team337,0.011331753531361453
2025/xian/team338,0.006463137718154743
2025/xian/team336,0.003185060821449478
2025/xian/team339,0.021781171331499802
2025/xian/team341,0.05184546664977983
2025/xian/team340,0.003831931987298265
2025/xian/team342,0.0029810327298548972
2025/xian/team343,0.03760863550580657
2025/xian/team344,0.04023794262361602
2025/xian/team345,0.024237634712630244
2025/xian/team346,0.6150878555160665
2025/xian/team347,0.5851011542032312
2025/xian/team348,0.6113819732941511
2025/xian/team350,0.014615670100635955
2025/xian/team349,0.008445626941126032
2025/xian/team351,0.039638839100970026
2025/xian/team352,0.40356685373537454
2025/xian/team353,0.07477004290796138
2025/xian/team354,0.024053552894426178
2025/xian/team355,0.06278920859705135
2025/xian/team356,0.05261895334771377
2025/xian/team357,0.009859855303538789
2025/xian/team358,0.02297736991002561
2025/xian/team359,0.033085978388704126
2025/xian/team360,0.013955710398273338
2025/xian/team361,0.008124708778180903
2025/xian/team362,0.0062899021368924835
2025/xian/team363,0.022116588802079524
2025/xian/team364,0.023870834952430912
2025/xian/team365,0.007460643463940165
2025/xian/team366,0.029535339291104773
2025/xian/team369,0.02333076880848049
2025/xian/team367,0.01024860192315863
2025/xian/team368,0.02615561835382285
2025/xian/team371,0.008594110568843455
2025/xian/team370,0.032589744766025344
2025/xian/team372,0.023153411092838465
2025/xian/team373,0.008315778477474129
2025/xian/team375,0.6224593312018546
2025/xian/team374,0.08151975597471893
2025/xian/team376,0.1500288243424251
2025/xian/team377,0.007489624898808396
2025/xian/team380,0.011201213376078314
2025/xian/team378,0.0050800369984775355
2025/xian/team379,0.003246096253074827
2025/xian/team381,0.006903838071221877
2025/xian/team382,0.41869690935568665
2025/xian/team383,0.01665704000922906
2025/xian/team384,0.024053552894426178
2025/xian/team385,0.011869121046339474
2025/xian/team386,0.027795622581245058
2025/xian/team387,0.01098694263059318
2025/xian/team388,0.036769466075598736
2025/xian/team389,0.0046818225243337366
2025/xian/team390,0.02280263596800613
2025/xian/team391,0.8221891305219503
2025/xian/team392,0.37754066879814546
2025/xian/team393,0.37387582277169656
2025/xian/team394,0.0209642408181275
2025/xian/team395,0.1968262036430985
2025/xian/team397,0.012870749215746782
2025/xian/team396,0.027376488778351356
2025/xian/team398,0.02280263596800613
2025/xian/team399,0.10087862273005653
2025/xian/team400,0.040845715909949315
