row_id,p_gold
2024/chengdu/F18,0.019124036750888904
2024/chengdu/C12,0.02112519189594821
2024/chengdu/D29,0.0058426051752048505
2024/chengdu/B17,0.007289077583591924
2024/chengdu/A06,0.9658995742876885
2024/chengdu/E40,0.9026096017480523
2024/chengdu/C25,0.91610961358942
2024/chengdu/D47,0.46490157137338844
2024/chengdu/D11,0.01128807389923099
2024/chengdu/D44,0.4263215925474903
2024/chengdu/F08,0.13117322376181567
2024/chengdu/B19,0.3276683008207139
2024/chengdu/E41,0.12765262532179067
2024/chengdu/F50,0.07864238118410145
2024/chengdu/C30,0.17553807362342935
2024/chengdu/F10,0.09401017961657226
2024/chengdu/C01,0.10970577387797074
2024/chengdu/D09,0.05834584061168106
2024/chengdu/A44,0.06097518086496481
2024/chengdu/E47,0.3007455789412415
2024/chengdu/A38,0.006950864788966937
2024/chengdu/A02,0.01077672605008006
2024/chengdu/B46,0.02245705292941607
2024/chengdu/E05,0.005353646275529197
2024/chengdu/C26,0.3702253925955866
2024/chengdu/E21,0.12252321251815919
2024/chengdu/D05,0.05791808743947446
2024/chengdu/E50,0.010368156650788152
2024/chengdu/B02,0.012147170099805133
2024/chengdu/B41,0.020254690564739046
2024/chengdu/C46,0.012970386437368456
2024/chengdu/E29,0.00866093122817875
2024/chengdu/F02,0.019870713960402048
2024/chengdu/F20,0.04146227271140963
2024/chengdu/B42,0.03846619201832428
2024/chengdu/A27,0.28457600421652673
2024/chengdu/A39,0.12252321251815919
2024/chengdu/A24,0.0651275468396235
2024/chengdu/F45,0.037326887344129464
2024/chengdu/D20,0.02635535284611975
2024/chengdu/E24,0.5926665999540697
2024/chengdu/D40,0.013273887454385737
2024/chengdu/B14,0.014281933925111153
2024/chengdu/A25,0.010818448652863185
2024/chengdu/F42,0.006771209930611185
2024/chengdu/A43,0.16667540468797667
2024/chengdu/C02,0.0446808702726502
2024/chengdu/F44,0.03461883883917583
2024/chengdu/C48,0.01934510391458952
2024/chengdu/D19,0.025178841700601855
2024/chengdu/C19,0.18010666408646395
2024/chengdu/F07,0.05300977201585542
2024/chengdu/E03,0.047780066363570746
2024/chengdu/D10,0.012722708199923246
2024/chengdu/B03,0.7577943712746406
2024/chengdu/A08,0.5506073655352404
2024/chengdu/D07,0.024053552894426178
2024/chengdu/C15,0.021615332762647654
2024/chengdu/F13,0.01126629654202747
2024/chengdu/B12,0.01621503010931627
2024/chengdu/E34,0.06233103588192476
2024/chengdu/C10,0.008644177936723585
2024/chengdu/F37,0.12765262532179067
2024/chengdu/A34,0.011869121046339474
2024/chengdu/D38,0.006877107658230662
2024/chengdu/F46,0.22000709974589314
2024/chengdu/D46,0.2254166158350767
2024/chengdu/D26,0.13117322376181567
2024/chengdu/E46,0.020023441289455244
2024/chengdu/E07,0.29098086621490676
2024/chengdu/B53,0.10230470789265303
2024/chengdu/D02,0.02615561835382285
2024/chengdu/B31,0.5078118642792044
2024/chengdu/E09,0.029090757042564665
2024/chengdu/E14,0.060529390202538995
2024/chengdu/A54,0.016979992237318317
2024/chengdu/A03,0.019870713960402048
2024/chengdu/A11,0.02048855468474385
2024/chengdu/D32,0.03448852755791727
2024/chengdu/C33,0.588889130767832
2024/chengdu/B49,0.15405756269148546
2024/chengdu/F12,0.08632347658627028
2024/chengdu/E13,0.05877655584806683
2024/chengdu/F16,0.0364937662290278
2024/chengdu/C42,0.0185465645121173
2024/chengdu/E30,0.02017731832286999
2024/chengdu/B35,0.13296424019782924
2024/chengdu/A19,0.01934510391458952
2024/chengdu/E45,0.042722197546490565
2024/chengdu/D03,0.006551524847490895
2024/chengdu/D28,0.021206120201989188
2024/chengdu/C16,0.006641112642077409
2024/chengdu/C37,0.07477004290796138
2024/chengdu/C05,0.021781171331499802
2024/chengdu/A31,0.024237634712630244
2024/chengdu/F22,0.019794778861558837
2024/chengdu/A45,0.013532148655407106
2024/chengdu/C35,0.011201213376078314
2024/chengdu/A42,0.07477004290796138
2024/chengdu/D39,0.02048855468474385
2024/chengdu/D49,0.018761083978128455
2024/chengdu/F17,0.009143315191591
2024/chengdu/A52,0.2598256379609837
2024/chengdu/B28,0.04177388078830622
2024/chengdu/D48,0.017509557349574698
2024/chengdu/B39,0.20181322226037882
2024/chengdu/F31,0.07640768335044701
2024/chengdu/C43,0.023870834952430912
2024/chengdu/B18,0.04023794262361602
2024/chengdu/D18,0.01819436822090561
2024/chengdu/D36,0.057071397225397696
2024/chengdu/A22,0.02237145983776148
2024/chengdu/E06,0.7090191337850932
2024/chengdu/B23,0.5467381519846138
2024/chengdu/F11,0.34864513533394575
2024/chengdu/A51,0.588889130767832
2024/chengdu/B30,0.04177388078830622
2024/chengdu/B47,0.015247590621499624
2024/chengdu/E22,0.010388216175193365
2024/chengdu/B51,0.1561048974454574
2024/chengdu/D06,0.012288597529701977
2024/chengdu/E44,0.0675466911396291
2024/chengdu/B34,0.009540924828399636
2024/chengdu/B11,0.02104456579396102
2024/chengdu/B52,0.022201228903055724
2024/chengdu/B27,0.021781171331499802
2024/chengdu/C29,0.016029147365901317
2024/chengdu/D41,0.018404890389241722
2024/chengdu/A05,0.06008665017400762
2024/chengdu/F28,0.4378234991142019
2024/chengdu/A48,0.013376603227377451
2024/chengdu/B24,0.010570488620307572
2024/chengdu/C09,0.021615332762647654
2024/chengdu/C11,0.011642224164666006
2024/chengdu/A23,0.9381240142763573
2024/chengdu/E28,0.2974699426047947
2024/chengdu/F24,0.032589744766025344
2024/chengdu/F03,0.7371581626286834
2024/chengdu/C13,0.6859494550081925
2024/chengdu/B45,0.46879062662624377
2024/chengdu/A49,0.22270013882530884
2024/chengdu/F23,0.6992544210587585
2024/chengdu/E26,0.07211220541293051
2024/chengdu/A33,0.013020490113842825
2024/chengdu/C04,0.1480471980316895
2024/chengdu/F04,0.06853749303199023
2024/chengdu/E20,0.15405756269148546
2024/chengdu/E11,0.06954174450582809
2024/chengdu/F33,0.061875985723642724
2024/chengdu/C28,0.027795622581245058
2024/chengdu/D45,0.07807816514495095
2024/chengdu/C39,0.03760863550580657
2024/chengdu/B37,0.1347759174229568
2024/chengdu/E32,0.10230470789265303
2024/chengdu/D25,0.056236345704483756
2024/chengdu/E16,0.03461883883917583
2024/chengdu/F05,0.009340024385054083
2024/chengdu/B43,0.01020905431880827
2024/chengdu/F43,0.010860331013277531
2024/chengdu/F27,0.9676556676188429
2024/chengdu/E31,0.9441768588653856
2024/chengdu/B06,0.7577943712746406
2024/chengdu/F49,0.06903792817479
2024/chengdu/F14,0.005159623176342565
2024/chengdu/F06,0.09203286011100995
2024/chengdu/A35,0.030908958517211163
2024/chengdu/B29,0.027272668797565777
2024/chengdu/F30,0.028870906946287907
2024/chengdu/B16,0.010169657753872614
2024/chengdu/F25,0.008140463552996621
2024/chengdu/F32,0.0399373142069266
2024/chengdu/A41,0.008478401934677453
2024/chengdu/B15,0.01665704000922906
2024/chengdu/C44,0.006488269596656705
2024/chengdu/A36,0.11279540628289324
2024/chengdu/F36,0.014899643269019094
2024/chengdu/C40,0.023599294351465336
2024/chengdu/C49,0.07921032410902437
2024/chengdu/E12,0.5964331462646254
2024/chengdu/F39,0.23934934732271168
2024/chengdu/A26,0.1347759174229568
2024/chengdu/D13,0.033085978388704126
2024/chengdu/C24,0.03875619358719477
2024/chengdu/A53,0.30404167496654744
2024/chengdu/F47,0.016090874192824428
2024/chengdu/E19,0.05261895334771377
2024/chengdu/B38,0.019870713960402048
2024/chengdu/F29,0.008916127052872005
2024/chengdu/C17,0.07864238118410145
2024/chengdu/D16,0.6370307944803831
2024/chengdu/C22,0.1347759174229568
2024/chengdu/E01,0.184767510648
2024/chengdu/E27,0.08756383952305867
2024/chengdu/F01,0.007489624898808396
2024/chengdu/A47,0.04958902298403175
2024/chengdu/C41,0.04304284934003218
2024/chengdu/D12,0.039638839100970026
2024/chengdu/F34,0.02706617566513358
2024/chengdu/B07,0.009020279501402172
2024/chengdu/E23,0.006488269596656705
2024/chengdu/C32,0.030908958517211163
2024/chengdu/B48,0.23651623644570763
2024/chengdu/E17,0.10087862273005653
2024/chengdu/D37,0.08882029240011771
2024/chengdu/E35,0.025760559119668493
2024/chengdu/B05,0.027169231535681047
2024/chengdu/F19,0.02280263596800613
2024/chengdu/F21,0.016593177919590436
2024/chengdu/B10,0.07696083569602613
2024/chengdu/D27,0.029986506066001513
2024/chengdu/A50,0.08449275397500926
2024/chengdu/D22,0.06804042027255897
2024/chengdu/C34,0.018833129890434692
2024/chengdu/A14,0.016029147365901317
2024/chengdu/A29,0.025178841700601855
2024/chengdu/C38,0.02615561835382285
2024/chengdu/B33,0.5851011542032312
2024/chengdu/F15,0.24220562872535945
2024/chengdu/E33,0.18952109132967757
2024/chengdu/A07,0.04023794262361602
2024/chengdu/D04,0.09138210306717136
2024/chengdu/A40,0.09947021388210707
2024/chengdu/E10,0.12592276483513232
2024/chengdu/A37,0.08093670978361556
2024/chengdu/E18,0.03760863550580657
2024/chengdu/F35,0.07751765647688268
2024/chengdu/B40,0.09009299396195182
2024/chengdu/F38,0.009485713170795206
2024/chengdu/D50,0.13296424019782924
2024/chengdu/D34,0.008677716704989246
2024/chengdu/B54,0.05460060578165237
2024/chengdu/D35,0.05460060578165237
2024/chengdu/B13,0.007680746619490488
2024/chengdu/B26,0.014392336369436931
2024/chengdu/E39,0.02527489813024264
2024/chengdu/D43,0.02280263596800613
2024/chengdu/A32,0.012821214266594244
2024/chengdu/E42,0.014899643269019094
2024/chengdu/D42,0.016785489890063697
2024/chengdu/E37,0.5583269943353745
2024/chengdu/A15,0.0364937662290278
2024/chengdu/D30,0.06233103588192476
2024/chengdu/B25,0.9178933729531492
2024/chengdu/A30,0.09268777863937604
2024/chengdu/A10,0.06954174450582809
2024/chengdu/C18,0.008694534427884813
2024/chengdu/C07,0.012479699745327848
2024/chengdu/C20,0.017176709012318405
2024/chengdu/B21,0.025178841700601855
2024/chengdu/C14,0.019124036750888904
2024/chengdu/C27,0.05108273695705249
2024/chengdu/F40,0.008251598569085517
2024/chengdu/B09,0.020332353342658753
2024/chengdu/C08,0.02635535284611975
2024/chengdu/E49,0.015014748005819523
2024/chengdu/A55,0.01028830113371619
2024/chengdu/E04,0.012673735693033067
2024/chengdu/D15,0.9367494780065266
2024/chengdu/A04,0.679178699175393
2024/chengdu/C21,0.49218813572079556
2024/chengdu/B20,0.009376237450848677
2024/chengdu/C23,0.012527931992744795
2024/chengdu/E02,0.7931059511841119
2024/chengdu/A13,0.07921032410902437
2024/chengdu/F41,0.0364937662290278
2024/chengdu/E43,0.12765262532179067
2024/chengdu/F09,0.020804489950607352
2024/chengdu/C50,0.006877107658230662
2024/chengdu/D23,0.006192990157855187
2024/chengdu/A17,0.15203224162217424
2024/chengdu/D17,0.012624949281564409
2024/chengdu/C45,0.01757688326733593
2024/chengdu/E36,0.07807816514495095
2024/chengdu/A28,0.04535258055430642
2024/chengdu/D31,0.010448625445116808
2024/chengdu/B44,0.01685007944789776
2024/chengdu/E38,0.008677716704989246
2024/chengdu/A12,0.007066400963249157
2024/chengdu/C36,0.035678550877730524
2024/chengdu/D21,0.023509452407533014
2024/chengdu/E08,0.047780066363570746
2024/chengdu/C03,0.02017731832286999
2024/chengdu/D01,0.8333245953120233
2024/chengdu/A18,0.8244619263765707
2024/chengdu/B32,0.7431680086124811
2024/chengdu/F26,0.13660839002621938
2024/chengdu/A16,0.036769466075598736
2024/chengdu/E25,0.00683720463204562
2024/chengdu/B04,0.010328152519305191
2024/chengdu/A20,0.2751297238231752
2024/chengdu/B22,0.02194825371486785
2024/chengdu/D08,0.02800752060598813
2024/chengdu/B36,0.02479816019558566
2024/chengdu/D33,0.018404890389241722
2024/chengdu/B08,0.20946968133032526
2024/chengdu/A21,0.012053779516236447
2024/chengdu/E48,0.9046505351008906
2024/chengdu/D14,0.29421497216298875
2024/chengdu/B01,0.15405756269148546
2024/chengdu/C31,0.12252321251815919
2024/chengdu/C06,0.06656918897050168
2024/chengdu/A46,0.016090874192824428
2024/chengdu/B50,0.013376603227377451
2024/chengdu/C47,0.039638839100970026
2024/chengdu/E15,0.021615332762647654
2024/chengdu/D24,0.17106119167858438
2024/chengdu/F48,0.016277460912713496
2024/hangzhou/C01,0.01805533497349937
2024/hangzhou/A71,0.05834584061168106
2024/hangzhou/A72,0.0399373142069266
2024/hangzhou/A73,0.5389832206876841
2024/hangzhou/A74,0.4610167793123159
2024/hangzhou/E02,0.3007455789412415
2024/hangzhou/D72,0.3007455789412415
2024/hangzhou/A75,0.022116588802079524
2024/hangzhou/A76,0.031738591899222963
2024/hangzhou/A77,0.03384403534049258
2024/hangzhou/A81,0.13117322376181567
2024/hangzhou/A82,0.06142404005467019
2024/hangzhou/C02,0.029873092110876315
2024/hangzhou/D33,0.031499380302443446
2024/hangzhou/C97,0.24798742624020276
2024/hangzhou/D73,0.23934934732271168
2024/hangzhou/A83,0.09401017961657226
2024/hangzhou/C64,0.24220562872535945
2024/hangzhou/A84,0.01744248473620534
2024/hangzhou/D11,0.32082130082460697
2024/hangzhou/A86,0.17328820592932656
2024/hangzhou/A87,0.06560483745906928
2024/hangzhou/A91,0.8840392817460332
2024/hangzhou/D27,0.1242130083520534
2024/hangzhou/F54,0.07696083569602613
2024/hangzhou/D31,0.04146227271140963
2024/hangzhou/A92,0.03817827426156642
2024/hangzhou/A93,0.49218813572079556
2024/hangzhou/D52,0.31405054499180746
2024/hangzhou/C56,0.22270013882530884
2024/hangzhou/B45,0.7371581626286834
2024/hangzhou/F91,0.6076631698328917
2024/hangzhou/C95,0.028544151696160362
2024/hangzhou/D46,0.05300977201585542
2024/hangzhou/A94,0.060529390202538995
2024/hangzhou/D82,0.25386100696924885
2024/hangzhou/A95,0.5117166047041654
2024/hangzhou/C96,0.06097518086496481
2024/hangzhou/D91,0.04724971350148983
2024/hangzhou/A96,0.05033063259747688
2024/hangzhou/F05,0.5813030906443133
2024/hangzhou/A97,0.2254166158350767
2024/hangzhou/D87,0.22270013882530884
2024/hangzhou/C65,0.7981867777396212
2024/hangzhou/D01,0.7520125737597972
2024/hangzhou/A57,0.34864513533394575
2024/hangzhou/B63,0.21206880435710532
2024/hangzhou/D02,0.09602548878779378
2024/hangzhou/D03,0.6150878555160665
2024/hangzhou/A04,0.28140560742914383
2024/hangzhou/E21,0.38491214448393346
2024/hangzhou/B42,0.7248702761768248
2024/hangzhou/E67,0.45326184801538616
2024/hangzhou/D04,0.2689414213699951
2024/hangzhou/A47,0.25091278688527247
2024/hangzhou/D05,0.20946968133032526
2024/hangzhou/A65,0.1561048974454574
2024/hangzhou/B07,0.17106119167858438
2024/hangzhou/C94,0.38861802670584894
2024/hangzhou/D06,0.600188359260205
2024/hangzhou/A55,0.11676401359822318
2024/hangzhou/B21,0.734119526900183
2024/hangzhou/A51,0.23091976292927183
2024/hangzhou/D07,0.15405756269148546
2024/hangzhou/F97,0.3007455789412415
2024/hangzhou/C37,0.08269734267503885
2024/hangzhou/D12,0.02822098712953305
2024/hangzhou/C85,0.023509452407533014
2024/hangzhou/D13,0.11596071825396677
2024/hangzhou/D14,0.07107366938018356
2024/hangzhou/A35,0.035948321789243294
2024/hangzhou/D15,0.035948321789243294
2024/hangzhou/F45,0.026455775816178095
2024/hangzhou/D16,0.06371499425196533
2024/hangzhou/E31,0.11596071825396677
2024/hangzhou/D17,0.05419872982318558
2024/hangzhou/D21,0.23091976292927183
2024/hangzhou/C24,0.03934250326425821
2024/hangzhou/D22,0.05261895334771377
2024/hangzhou/D23,0.053799643460063995
2024/hangzhou/F27,0.053799643460063995
2024/hangzhou/D24,0.03102617939183979
2024/hangzhou/D25,0.11596071825396677
2024/hangzhou/D26,0.19193278644723683
2024/hangzhou/E15,0.13386748775351784
2024/hangzhou/A23,0.06608537866754877
2024/hangzhou/D32,0.2146914191122419
2024/hangzhou/B31,0.7879311956428947
2024/hangzhou/B46,0.020567095346428456
2024/hangzhou/D34,0.02245705292941607
2024/hangzhou/D35,0.1561048974454574
2024/hangzhou/F63,0.08035746882220708
2024/hangzhou/D37,0.04336579876390677
2024/hangzhou/C61,0.32423539898095244
2024/hangzhou/D41,0.23370635691404026
2024/hangzhou/D42,0.05665242530797383
2024/hangzhou/D43,0.05665242530797383
2024/hangzhou/D44,0.046033902399240385
2024/hangzhou/D45,0.02245705292941607
2024/hangzhou/D47,0.0160599816074173
2024/hangzhou/B66,0.024516335827191232
2024/hangzhou/D51,0.19193278644723683
2024/hangzhou/C74,0.02595735719779685
2024/hangzhou/D53,0.24220562872535945
2024/hangzhou/B62,0.1500288243424251
2024/hangzhou/A27,0.05582314113461443
2024/hangzhou/F51,0.05184546664977983
2024/hangzhou/D54,0.25386100696924885
2024/hangzhou/D56,0.048496003243956885
2024/hangzhou/D57,0.042722197546490565
2024/hangzhou/D61,0.030908958517211163
2024/hangzhou/C77,0.061875985723642724
2024/hangzhou/D62,0.027795622581245058
2024/hangzhou/D63,0.14414885303274058
2024/hangzhou/B06,0.10230470789265303
2024/hangzhou/E01,0.02324192480101961
2024/hangzhou/D64,0.03410042571231151
2024/hangzhou/D65,0.05261895334771377
2024/hangzhou/D66,0.18952109132967757
2024/hangzhou/E37,0.022542965948529392
2024/hangzhou/D67,0.1645164628965632
2024/hangzhou/D71,0.8670357598021706
2024/hangzhou/E66,0.5428632831725052
2024/hangzhou/B44,0.48438008427698437
2024/hangzhou/A03,0.45713671682749485
2024/hangzhou/D74,0.025083140936028623
2024/hangzhou/D75,0.03514484640079327
2024/hangzhou/D76,0.029986506066001513
2024/hangzhou/D77,0.16667540468797667
2024/hangzhou/D81,0.09073548763985106
2024/hangzhou/D84,0.28457600421652673
2024/hangzhou/B05,0.22000709974589314
2024/hangzhou/D85,0.05541279438176918
2024/hangzhou/D93,0.020884215894006432
2024/hangzhou/F56,0.0129954144467849
2024/hangzhou/E62,0.9202179865359069
2024/hangzhou/D94,0.1500288243424251
2024/hangzhou/B36,0.04369106064046812
2024/hangzhou/A64,0.9105453978311193
2024/hangzhou/D95,0.05261895334771377
2024/hangzhou/D96,0.04240382863184672
2024/hangzhou/C13,0.38121956625614994
2024/hangzhou/F02,0.38121956625614994
2024/hangzhou/C03,0.07921032410902437
2024/hangzhou/C04,0.048857778622174906
2024/hangzhou/C05,0.04023794262361602
2024/hangzhou/C06,0.04023794262361602
2024/hangzhou/F17,0.20434189993684582
2024/hangzhou/C07,0.060529390202538995
2024/hangzhou/C11,0.035678550877730524
2024/hangzhou/E56,0.07316472140562331
2024/hangzhou/C12,0.12765262532179067
2024/hangzhou/C14,0.11124120650754304
2024/hangzhou/C15,0.5774953651858118
2024/hangzhou/C16,0.02696349986233355
2024/hangzhou/C17,0.5926665999540697
2024/hangzhou/B22,0.679178699175393
2024/hangzhou/A31,0.48438008427698437
2024/hangzhou/C22,0.031380429512976746
2024/hangzhou/F71,0.2689414213699951
2024/hangzhou/C23,0.30735801686526387
2024/hangzhou/C25,0.10970577387797074
2024/hangzhou/F46,0.018761083978128455
2024/hangzhou/A44,0.2598256379609837
2024/hangzhou/C26,0.11596071825396677
2024/hangzhou/C32,0.035948321789243294
2024/hangzhou/A56,0.04304284934003218
2024/hangzhou/C33,0.014928337720029985
2024/hangzhou/C34,0.02527489813024264
2024/hangzhou/C41,0.2974699426047947
2024/hangzhou/A46,0.04535258055430642
2024/hangzhou/F37,0.048857778622174906
2024/hangzhou/C42,0.06465348835622392
2024/hangzhou/C43,0.029535339291104773
2024/hangzhou/B32,0.023153411092838465
2024/hangzhou/C44,0.03581319175548077
2024/hangzhou/F32,0.05033063259747688
2024/hangzhou/C45,0.02333076880848049
2024/hangzhou/C47,0.6039318337259583
2024/hangzhou/E12,0.12252321251815919
2024/hangzhou/F11,0.09073548763985106
2024/hangzhou/C51,0.689305616785446
2024/hangzhou/B74,0.17553807362342935
2024/hangzhou/E35,0.08509904500702024
2024/hangzhou/A17,0.04369106064046812
2024/hangzhou/C52,0.025760559119668493
2024/hangzhou/F67,0.28140560742914383
2024/hangzhou/C53,0.07640768335044701
2024/hangzhou/C54,0.1561048974454574
2024/hangzhou/C55,0.08882029240011771
2024/hangzhou/C57,0.10594828713637978
2024/hangzhou/C62,0.10669059394565118
2024/hangzhou/B73,0.30404167496654744
2024/hangzhou/F74,0.08093670978361556
2024/hangzhou/C63,0.04240382863184672
2024/hangzhou/C66,0.04023794262361602
2024/hangzhou/C71,0.01905089958582299
2024/hangzhou/C72,0.05582314113461443
2024/hangzhou/C73,0.8824278664544911
2024/hangzhou/A22,0.44939263446475963
2024/hangzhou/E77,0.04742587317756679
2024/hangzhou/F07,0.03185885568604046
2024/hangzhou/C75,0.07477004290796138
2024/hangzhou/B03,0.7217432062975979
2024/hangzhou/C76,0.3923368301671084
2024/hangzhou/F84,0.43398146480389854
2024/hangzhou/C81,0.08210662704685086
2024/hangzhou/B16,0.19436781101874467
2024/hangzhou/C82,0.6150878555160665
2024/hangzhou/C83,0.5926665999540697
2024/hangzhou/E27,0.09739039825194779
2024/hangzhou/C84,0.08269734267503885
2024/hangzhou/E64,0.746138993030751
2024/hangzhou/C86,0.1871326821624266
2024/hangzhou/C87,0.037326887344129464
2024/hangzhou/C91,0.053403329799824234
2024/hangzhou/B23,0.45713671682749485
2024/hangzhou/F77,0.37387582277169656
2024/hangzhou/C92,0.28140560742914383
2024/hangzhou/C93,0.047780066363570746
2024/hangzhou/F96,0.041930523563668616
2024/hangzhou/B57,0.034880886936679296
2024/hangzhou/F03,0.06418264360901972
2024/hangzhou/F04,0.11920292202211755
2024/hangzhou/B12,0.35936414516010196
2024/hangzhou/A32,0.04369106064046812
2024/hangzhou/F06,0.0953494648991095
2024/hangzhou/F12,0.04451443022348496
2024/hangzhou/F13,0.06325052199347325
2024/hangzhou/A36,0.4301473485858429
2024/hangzhou/F14,0.1030244283262171
2024/hangzhou/B13,0.08093670978361556
2024/hangzhou/F16,0.03246681447537214
2024/hangzhou/A41,0.17106119167858438
2024/hangzhou/F21,0.1183850968071675
2024/hangzhou/F22,0.1561048974454574
2024/hangzhou/B52,0.05791808743947446
2024/hangzhou/F23,0.06233103588192476
2024/hangzhou/F24,0.10158944591881586
2024/hangzhou/F25,0.06903792817479
2024/hangzhou/F26,0.14033624949008322
2024/hangzhou/E05,0.08210662704685086
2024/hangzhou/E57,0.01934510391458952
2024/hangzhou/F31,0.04569203238158463
2024/hangzhou/A21,0.053799643460063995
2024/hangzhou/F33,0.029647510146313606
2024/hangzhou/F34,0.6297746074044134
2024/hangzhou/B01,0.03384403534049258
2024/hangzhou/E61,0.523420348936324
2024/hangzhou/B43,0.22000709974589314
2024/hangzhou/F35,0.16995623014518763
2024/hangzhou/F36,0.07864238118410145
2024/hangzhou/F41,0.030908958517211163
2024/hangzhou/F42,0.10230470789265303
2024/hangzhou/F43,0.11757213354550883
2024/hangzhou/F44,0.06954174450582809
2024/hangzhou/F47,0.048857778622174906
2024/hangzhou/B53,0.18242552380635632
2024/hangzhou/A66,0.020293485571542015
2024/hangzhou/F52,0.0446808702726502
2024/hangzhou/F53,0.5
2024/hangzhou/A63,0.11676401359822318
2024/hangzhou/F57,0.027585282226789985
2024/hangzhou/F61,0.06325052199347325
2024/hangzhou/A13,0.013821962038172155
2024/hangzhou/F62,0.2782567937024021
2024/hangzhou/F64,0.06705628692511957
2024/hangzhou/F65,0.035948321789243294
2024/hangzhou/F66,0.04451443022348496
2024/hangzhou/F72,0.037047168669075196
2024/hangzhou/B02,0.5039061705290805
2024/hangzhou/F73,0.057071397225397696
2024/hangzhou/F75,0.028870906946287907
2024/hangzhou/A45,0.7431680086124811
2024/hangzhou/F76,0.11047115389487247
2024/hangzhou/F81,0.17781086947804958
2024/hangzhou/B04,0.38121956625614994
2024/hangzhou/F82,0.08632347658627028
2024/hangzhou/F83,0.17328820592932656
2024/hangzhou/A02,0.9702962496606208
2024/hangzhou/B67,0.8902942261220291
2024/hangzhou/E46,0.8577681049901036
2024/hangzhou/F85,0.8244619263765707
2024/hangzhou/A15,0.8652240825770433
2024/hangzhou/F87,0.5389832206876841
2024/hangzhou/F92,0.016785489890063697
2024/hangzhou/F93,0.040540738463481864
2024/hangzhou/F94,0.07055959618729296
2024/hangzhou/B26,0.956308939359532
2024/hangzhou/F95,0.8976952921073469
2024/hangzhou/B11,0.07864238118410145
2024/hangzhou/B14,0.04369106064046812
2024/hangzhou/B17,0.04434858139539836
2024/hangzhou/B24,0.17781086947804958
2024/hangzhou/B25,0.059866418571925165
2024/hangzhou/B33,0.0446808702726502
2024/hangzhou/E53,0.18010666408646395
2024/hangzhou/B34,0.1183850968071675
2024/hangzhou/B37,0.17781086947804958
2024/hangzhou/B51,0.04434858139539836
2024/hangzhou/B54,0.04304284934003218
2024/hangzhou/B55,0.14706452045904778
2024/hangzhou/B56,0.05146276543260743
2024/hangzhou/B61,0.04369106064046812
2024/hangzhou/A37,0.06608537866754877
2024/hangzhou/B64,0.029760093945964218
2024/hangzhou/B65,0.030559862858132857
2024/hangzhou/B71,0.05108273695705249
2024/hangzhou/B72,0.03021458706739398
2024/hangzhou/E76,0.9343951625409306
2024/hangzhou/A33,0.7931059511841119
2024/hangzhou/B75,0.35577489351363034
2024/hangzhou/B76,0.06233103588192476
2024/hangzhou/B77,0.7057850278370112
2024/hangzhou/E07,0.7217432062975979
2024/hangzhou/E03,0.01764446341056456
2024/hangzhou/E04,0.06853749303199023
2024/hangzhou/E06,0.021615332762647654
2024/hangzhou/E11,0.04177388078830622
2024/hangzhou/E13,0.08882029240011771
2024/hangzhou/E14,0.5964331462646254
2024/hangzhou/E16,0.02595735719779685
2024/hangzhou/E17,0.032344332381157095
2024/hangzhou/E22,0.04813677111663481
2024/hangzhou/E23,0.25091278688527247
2024/hangzhou/A67,0.1242130083520534
2024/hangzhou/E24,0.11757213354550883
2024/hangzhou/E25,0.1242130083520534
2024/hangzhou/E26,0.12252321251815919
2024/hangzhou/E32,0.07263670636078697
2024/hangzhou/E33,0.1480471980316895
2024/hangzhou/A61,0.1422318950098963
2024/hangzhou/E34,0.012970386437368456
2024/hangzhou/A42,0.015218291999906508
2024/hangzhou/E36,0.040845715909949315
2024/hangzhou/E41,0.03875619358719477
2024/hangzhou/E42,0.09268777863937604
2024/hangzhou/E43,0.1581743527484317
2024/hangzhou/E44,0.04742587317756679
2024/hangzhou/E45,0.04813677111663481
2024/hangzhou/E47,0.23091976292927183
2024/hangzhou/E51,0.4378234991142019
2024/hangzhou/E52,0.1242130083520534
2024/hangzhou/E54,0.047780066363570746
2024/hangzhou/E55,0.07807816514495095
2024/hangzhou/E63,0.03032925698427897
2024/hangzhou/E65,0.02414542271746492
2024/hangzhou/E71,0.039638839100970026
2024/hangzhou/E72,0.02822098712953305
2024/hangzhou/E73,0.05749327880038583
2024/hangzhou/A24,0.02615561835382285
2024/hangzhou/A06,0.018725162468302196
2024/hangzhou/E75,0.03608394261296688
2024/hangzhou/A01,0.05541279438176918
2024/hangzhou/A05,0.05419872982318558
2024/hangzhou/A11,0.04336579876390677
2024/hangzhou/A12,0.01764446341056456
2024/hangzhou/A14,0.046378205994811086
2024/hangzhou/A16,0.05419872982318558
2024/hangzhou/A26,0.1480471980316895
2024/hangzhou/A34,0.05791808743947446
2024/hangzhou/A43,0.04922211319719861
2024/hangzhou/A52,0.1242130083520534
2024/hangzhou/A53,0.034880886936679296
2024/hangzhou/A54,0.5544704649604273
2024/hangzhou/A62,0.0946777017913266
2024/kunming/A0101,0.1422318950098963
2024/kunming/A0102,0.024609928625961945
2024/kunming/A0103,0.035948321789243294
2024/kunming/A0104,0.1500288243424251
2024/kunming/B1507,0.09009299396195182
2024/kunming/A0701,0.6992544210587585
2024/kunming/B0202,0.4610167793123159
2024/kunming/A0105,0.3665897363221599
2024/kunming/C1005,0.08151975597471893
2024/kunming/A0106,0.012576348276879083
2024/kunming/A0107,0.015543647930770626
2024/kunming/A0406,0.30404167496654744
2024/kunming/C1406,0.23091976292927183
2024/kunming/A0201,0.14608724704829565
2024/kunming/C1407,0.8740772351648677
2024/kunming/A0202,0.682573734412324
2024/kunming/C0905,0.38121956625614994
2024/kunming/A1007,0.26284183737131667
2024/kunming/A0203,0.006302121609854097
2024/kunming/A0204,0.024609928625961945
2024/kunming/A0205,0.03283695602724524
2024/kunming/D0701,0.06233103588192476
2024/kunming/A0206,0.028544151696160362
2024/kunming/A0703,0.022201228903055724
2024/kunming/C1301,0.02237145983776148
2024/kunming/A0207,0.013222821752305148
2024/kunming/C0102,0.006798355736359385
2024/kunming/B1307,0.31742626558767584
2024/kunming/A0301,0.20946968133032526
2024/kunming/D1105,0.2146914191122419
2024/kunming/C1501,0.04177388078830622
2024/kunming/A0302,0.029760093945964218
2024/kunming/D0406,0.010388216175193365
2024/kunming/A0304,0.00834805380978326
2024/kunming/D1203,0.30404167496654744
2024/kunming/A0305,0.05460060578165237
2024/kunming/A0306,0.015365341441302218
2024/kunming/A0307,0.006115342933409665
2024/kunming/B1304,0.34864513533394575
2024/kunming/A0401,0.030908958517211163
2024/kunming/A0402,0.033085978388704126
2024/kunming/C1201,0.7025300573952054
2024/kunming/A1801,0.5851011542032312
2024/kunming/B0502,0.22000709974589314
2024/kunming/A0403,0.09138210306717136
2024/kunming/A0404,0.09334687851957546
2024/kunming/A0405,0.01077672605008006
2024/kunming/A0407,0.006751535169815822
2024/kunming/A0501,0.009601096645961473
2024/kunming/D1004,0.037047168669075196
2024/kunming/C1105,0.33458944125318596
2024/kunming/A0502,0.2254166158350767
2024/kunming/B0905,0.09670579329612154
2024/kunming/B1602,0.06903792817479
2024/kunming/A0503,0.07316472140562331
2024/kunming/A0906,0.08389038641057993
2024/kunming/A0504,0.09877258875237437
2024/kunming/A0702,0.06954174450582809
2024/kunming/D1505,0.05749327880038583
2024/kunming/D1404,0.015189048807983947
2024/kunming/A0505,0.01003295107635914
2024/kunming/A0506,0.01077672605008006
2024/kunming/C1705,0.06097518086496481
2024/kunming/A0507,0.05460060578165237
2024/kunming/A0804,0.01539491874031372
2024/kunming/A1706,0.012241275291807161
2024/kunming/B1005,0.8766343756272444
2024/kunming/D1103,0.25091278688527247
2024/kunming/D0201,0.10447732313023693
2024/kunming/A0601,0.29421497216298875
2024/kunming/A0602,0.036631366639620536
2024/kunming/A0603,0.008686121531876478
2024/kunming/A0604,0.013428254741968517
2024/kunming/A0605,0.013982612780922502
2024/kunming/B1106,0.03384403534049258
2024/kunming/A0606,0.009055264186722086
2024/kunming/A0607,0.013636835281429876
2024/kunming/A0704,0.019197449197580242
2024/kunming/A0705,0.056236345704483756
2024/kunming/A0706,0.008968053446961635
2024/kunming/C1503,0.01345415422332983
2024/kunming/A0707,0.030444348432624533
2024/kunming/C0201,0.011331753531361453
2024/kunming/A0801,0.6187804337438501
2024/kunming/D1104,0.028114057126112837
2024/kunming/B1501,0.28457600421652673
2024/kunming/C0105,0.1422318950098963
2024/kunming/A0802,0.03397199715737667
2024/kunming/B1401,0.06418264360901972
2024/kunming/C0802,0.08389038641057993
2024/kunming/A0803,0.013121271126550956
2024/kunming/A0805,0.010621678984742552
2024/kunming/D1403,0.004914948803150347
2024/kunming/A0806,0.07055959618729296
2024/kunming/A0807,0.037047168669075196
2024/kunming/A0901,0.008235630493274157
2024/kunming/A0902,0.00543221688345049
2024/kunming/A0903,0.006109410301578042
2024/kunming/A0904,0.08632347658627028
2024/kunming/A0905,0.010965739783323507
2024/kunming/A0907,0.007606672164523265
2024/kunming/A1001,0.013325147705881429
2024/kunming/B0205,0.5583269943353745
2024/kunming/D0601,0.1968262036430985
2024/kunming/A1002,0.1412814160007008
2024/kunming/A1403,0.02527489813024264
2024/kunming/A1003,0.01590639171181471
2024/kunming/A1004,0.7520125737597972
2024/kunming/A1701,0.31742626558767584
2024/kunming/B0201,0.2974699426047947
2024/kunming/A1005,0.31405054499180746
2024/kunming/B0204,0.19436781101874467
2024/kunming/D0301,0.10374862686637971
2024/kunming/A1006,0.06804042027255897
2024/kunming/A1101,0.14608724704829565
2024/kunming/D1607,0.14608724704829565
2024/kunming/A1103,0.014813885451376707
2024/kunming/A1104,0.11596071825396677
2024/kunming/A1601,0.06142404005467019
2024/kunming/D1504,0.015483987303625265
2024/kunming/C0401,0.013273887454385737
2024/kunming/A1105,0.01826427835185701
2024/kunming/A1106,0.010169657753872614
2024/kunming/C0705,0.010965739783323507
2024/kunming/D1605,0.006784358062532847
2024/kunming/A1107,0.014227046103179024
2024/kunming/A1201,0.04569203238158463
2024/kunming/C1603,0.011463797377996032
2024/kunming/A1202,0.01495708659314999
2024/kunming/A1203,0.020645930739218447
2024/kunming/A1406,0.0189054471413467
2024/kunming/A1204,0.013584392513059033
2024/kunming/D1307,0.5156199157230156
2024/kunming/A1207,0.22815650216092537
2024/kunming/B1405,0.0675466911396291
2024/kunming/B0106,0.32423539898095244
2024/kunming/D1204,0.014842417234248268
2024/kunming/A1301,0.011441684931905801
2024/kunming/A1302,0.021615332762647654
2024/kunming/D0605,0.030559862858132857
2024/kunming/D0805,0.47268347662043286
2024/kunming/A1303,0.007385095682444979
2024/kunming/A1304,0.01507262830894569
2024/kunming/A1305,0.005362265968708789
2024/kunming/A1306,0.08449275397500926
2024/kunming/C0203,0.06418264360901972
2024/kunming/B0605,0.01764446341056456
2024/kunming/A1401,0.9385759599453297
2024/kunming/B1305,0.8991213772699436
2024/kunming/D0303,0.8652240825770433
2024/kunming/C1306,0.8152324893520001
2024/kunming/D0203,0.02615561835382285
2024/kunming/A1402,0.008470196383152315
2024/kunming/A1404,0.0129954144467849
2024/kunming/A1805,0.008172064057406659
2024/kunming/A1407,0.1422318950098963
2024/kunming/A1501,0.01426819243616511
2024/kunming/A1502,0.05184546664977983
2024/kunming/D1601,0.005439476315957253
2024/kunming/A1503,0.015603534790203506
2024/kunming/C1204,0.009746104052554064
2024/kunming/A1504,0.16667540468797667
2024/kunming/D0602,0.03021458706739398
2024/kunming/B0304,0.020332353342658753
2024/kunming/A1505,0.057071397225397696
2024/kunming/D0304,0.046033902399240385
2024/kunming/A1507,0.013325147705881429
2024/kunming/B1503,0.008745181682035148
2024/kunming/C0606,0.3960681662740417
2024/kunming/A1602,0.07055959618729296
2024/kunming/B0902,0.011698543323670296
2024/kunming/A1603,0.02377998443666076
2024/kunming/B1104,0.012077060457591405
2024/kunming/A1604,0.005273644009356847
2024/kunming/A1605,0.008694534427884813
2024/kunming/A1606,0.012264913871000236
2024/kunming/B0801,0.11124120650754304
2024/kunming/A1607,0.0675466911396291
2024/kunming/D1006,0.07316472140562331
2024/kunming/A1702,0.033085978388704126
2024/kunming/A1703,0.19930799790404563
2024/kunming/C0702,0.07055959618729296
2024/kunming/C1303,0.03846619201832428
2024/kunming/A1704,0.027795622581245058
2024/kunming/B1505,0.010569211993286245
2024/kunming/A1705,0.29098086621490676
2024/kunming/C0206,0.01847559420954457
2024/kunming/B0705,0.014392336369436931
2024/kunming/A1802,0.00984080589225902
2024/kunming/C0907,0.009143315191591
2024/kunming/A1803,0.04146227271140963
2024/kunming/A1804,0.013795364421185227
2024/kunming/A1806,0.017986209962091555
2024/kunming/A1807,0.006567434148157552
2024/kunming/B0903,0.7279754489059775
2024/kunming/B0101,0.13117322376181567
2024/kunming/B0102,0.007114527074103615
2024/kunming/B0103,0.13117322376181567
2024/kunming/B0104,0.012747264455010497
2024/kunming/B0105,0.46879062662624377
2024/kunming/D0207,0.037892426629607394
2024/kunming/C0601,0.009633652359446519
2024/kunming/B0203,0.007360082211557655
2024/kunming/B0206,0.0185465645121173
2024/kunming/B0207,0.017712298703411445
2024/kunming/B0302,0.7956581000631541
2024/kunming/C0806,0.7090191337850932
2024/kunming/B1402,0.3007455789412415
2024/kunming/C1007,0.016152834822140957
2024/kunming/B0303,0.011800597045136208
2024/kunming/B0305,0.012870749215746782
2024/kunming/B1606,0.01307078477418707
2024/kunming/C0205,0.04115288921744485
2024/kunming/B0306,0.007086986732777428
2024/kunming/B0307,0.09401017961657226
2024/kunming/C0507,0.014672034915237494
2024/kunming/D0803,0.6442251064863697
2024/kunming/B0401,0.036220055864974746
2024/kunming/B0402,0.009232214404536282
2024/kunming/B0403,0.02245705292941607
2024/kunming/C0106,0.01691491326672651
2024/kunming/B0404,0.29421497216298875
2024/kunming/B0405,0.14414885303274058
2024/kunming/B0406,0.020332353342658753
2024/kunming/D0801,0.03541073007632382
2024/kunming/B0407,0.017110889211844046
2024/kunming/C0706,0.011115013721477563
2024/kunming/B0501,0.5389832206876841
2024/kunming/B1705,0.04208772791561884
2024/kunming/D1205,0.7371581626286834
2024/kunming/B0703,0.600188359260205
2024/kunming/B1306,0.5774953651858118
2024/kunming/B0503,0.23651623644570763
2024/kunming/B0504,0.01374232049590237
2024/kunming/B1207,0.006850687657667389
2024/kunming/B0505,0.02104456579396102
2024/kunming/B0506,0.17781086947804958
2024/kunming/B1003,0.015130728307193727
2024/kunming/B0507,0.0077452104446512115
2024/kunming/D1503,0.014742792131895135
2024/kunming/C1402,0.9012274112476257
2024/kunming/B0601,0.15203224162217424
2024/kunming/D0104,0.021864556492113725
2024/kunming/B1302,0.02169809712363195
2024/kunming/B0603,0.16667540468797667
2024/kunming/C0305,0.05300977201585542
2024/kunming/B0604,0.08632347658627028
2024/kunming/C0607,0.006670166345080257
2024/kunming/B0606,0.03514484640079327
2024/kunming/B0607,0.01020905431880827
2024/kunming/C0403,0.06465348835622392
2024/kunming/B0701,0.031380429512976746
2024/kunming/B1807,0.007504157487681738
2024/kunming/C0303,0.07211220541293051
2024/kunming/B1004,0.07807816514495095
2024/kunming/B0702,0.41489884579676883
2024/kunming/B0704,0.0596469429451214
2024/kunming/D0205,0.008299687243331863
2024/kunming/B0706,0.017509557349574698
2024/kunming/B0707,0.02112519189594821
2024/kunming/D0702,0.7154239957834733
2024/kunming/B0802,0.640635854839898
2024/kunming/B1604,0.46879062662624377
2024/kunming/C1704,0.00879612134783269
2024/kunming/B0803,0.006708694362955121
2024/kunming/B0804,0.7431680086124811
2024/kunming/B1406,0.7490872131147275
2024/kunming/D0904,0.1200256277543614
2024/kunming/B0805,0.013902058625059313
2024/kunming/B0806,0.25386100696924885
2024/kunming/D1003,0.009430817971190884
2024/kunming/B0807,0.011082858227329111
2024/kunming/B0901,0.015365341441302218
2024/kunming/B0904,0.05877655584806683
2024/kunming/C1401,0.02341994428587529
2024/kunming/B0906,0.10447732313023693
2024/kunming/D0105,0.009085986053205129
2024/kunming/B1607,0.008942052898085409
2024/kunming/B0907,0.026455775816178095
2024/kunming/D1102,0.01956867555531235
2024/kunming/C1701,0.0675466911396291
2024/kunming/C1207,0.43398146480389854
2024/kunming/B1001,0.046378205994811086
2024/kunming/B1002,0.011687257995694434
2024/kunming/B1006,0.09009299396195182
2024/kunming/B1007,0.007039045597401514
2024/kunming/B1101,0.11279540628289324
2024/kunming/B1502,0.08093670978361556
2024/kunming/B1102,0.014172366191301682
2024/kunming/C0801,0.09947021388210707
2024/kunming/B1103,0.012552117087538799
2024/kunming/C1101,0.04535258055430642
2024/kunming/B1105,0.046378205994811086
2024/kunming/B1107,0.006592968891590163
2024/kunming/B1201,0.04707417582102406
2024/kunming/B1202,0.017309095753668163
2024/kunming/C0301,0.6477982179521103
2024/kunming/D1507,0.025565213923269593
2024/kunming/B1203,0.017375664509219565
2024/kunming/B1204,0.009430817971190884
2024/kunming/B1205,0.05834584061168106
2024/kunming/B1206,0.03296124005378131
2024/kunming/B1301,0.012945405997459837
2024/kunming/D0501,0.600188359260205
2024/kunming/D0302,0.25386100696924885
2024/kunming/B1303,0.24508501313237172
2024/kunming/B1403,0.04023794262361602
2024/kunming/B1504,0.004953306282241132
2024/kunming/C0604,0.15405756269148546
2024/kunming/B1506,0.06705628692511957
2024/kunming/D1502,0.02822098712953305
2024/kunming/B1601,0.07107366938018356
2024/kunming/B1603,0.027169231535681047
2024/kunming/B1605,0.17781086947804958
2024/kunming/C0902,0.0596469429451214
2024/kunming/B1701,0.020410307700306125
2024/kunming/B1702,0.03384403534049258
2024/kunming/B1703,0.01218825287765826
2024/kunming/B1704,0.01757688326733593
2024/kunming/B1706,0.006199003444910554
2024/kunming/D0703,0.016340128093601535
2024/kunming/B1707,0.02537131147440214
2024/kunming/C0804,0.0364937662290278
2024/kunming/B1802,0.034880886936679296
2024/kunming/C0602,0.11279540628289324
2024/kunming/B1803,0.09268777863937604
2024/kunming/B1804,0.021206120201989188
2024/kunming/B1805,0.02072506192038245
2024/kunming/C1302,0.01672114370544215
2024/kunming/D0607,0.35220178204788966
2024/kunming/C0101,0.1480471980316895
2024/kunming/C0103,0.014842417234248268
2024/kunming/C0202,0.010268432542157691
2024/kunming/C0204,0.011800597045136208
2024/kunming/C0207,0.011375600238837661
2024/kunming/C1104,0.03760863550580657
2024/kunming/C0304,0.025760559119668493
2024/kunming/C0306,0.03283695602724524
2024/kunming/C0307,0.011574994762597275
2024/kunming/C0402,0.014227046103179024
2024/kunming/C0404,0.012241275291807161
2024/kunming/C0405,0.04023794262361602
2024/kunming/C0406,0.01685007944789776
2024/kunming/C0407,0.012479699745327848
2024/kunming/C0501,0.9469902279841446
2024/kunming/C0707,0.8198933359135361
2024/kunming/C0502,0.013020490113842825
2024/kunming/C1707,0.11201595092000367
2024/kunming/C0503,0.010268432542157691
2024/kunming/C0504,0.04240382863184672
2024/kunming/C0704,0.010923455408082407
2024/kunming/C0505,0.023509452407533014
2024/kunming/D1107,0.9765800557141248
2024/kunming/D1501,0.9086178969328287
2024/kunming/C0506,0.9304582554941719
2024/kunming/C1606,0.8879840490799963
2024/kunming/C0603,0.06853749303199023
2024/kunming/C0906,0.02414542271746492
2024/kunming/C0701,0.029535339291104773
2024/kunming/C0703,0.011397586440740529
2024/kunming/C0805,0.005374487239864885
2024/kunming/C0807,0.09203286011100995
2024/kunming/D0106,0.12085323249047067
2024/kunming/C1404,0.06608537866754877
2024/kunming/C1702,0.16667540468797667
2024/kunming/C0901,0.015014748005819523
2024/kunming/C0903,0.005528016734679448
2024/kunming/D0906,0.024987794590900315
2024/kunming/C0904,0.02595735719779685
2024/kunming/C1001,0.08093670978361556
2024/kunming/C1002,0.0651275468396235
2024/kunming/D1302,0.42250463481418826
2024/kunming/C1003,0.02800752060598813
2024/kunming/C1205,0.012796517401510436
2024/kunming/C1004,0.03875619358719477
2024/kunming/C1602,0.8774767874818407
2024/kunming/C1006,0.1143685261818125
2024/kunming/C1102,0.020023441289455244
2024/kunming/C1103,0.047780066363570746
2024/kunming/C1106,0.014172366191301682
2024/kunming/C1107,0.20434189993684582
2024/kunming/C1202,0.015603534790203506
2024/kunming/C1206,0.00667987894110629
2024/kunming/C1304,0.035948321789243294
2024/kunming/D0503,0.031143830534778462
2024/kunming/C1305,0.7606506526772884
2024/kunming/D1603,0.5851011542032312
2024/kunming/C1403,0.029423579963643802
2024/kunming/C1405,0.06418264360901972
2024/kunming/C1502,0.07316472140562331
2024/kunming/D1106,0.0953494648991095
2024/kunming/D0704,0.033589505650103976
2024/kunming/C1504,0.030908958517211163
2024/kunming/C1505,0.05261895334771377
2024/kunming/C1507,0.017375664509219565
2024/kunming/D1306,0.004487975608713279
2024/kunming/C1506,0.010343136137975148
2024/kunming/C1601,0.0446808702726502
2024/kunming/D0507,0.007614047595886628
2024/kunming/D0806,0.6959583250334526
2024/kunming/D0502,0.11757213354550883
2024/kunming/C1604,0.11596071825396677
2024/kunming/D1602,0.08269734267503885
2024/kunming/C1605,0.016979992237318317
2024/kunming/C1706,0.011375600238837661
2024/kunming/D0305,0.011823394836370594
2024/kunming/D0101,0.009898063716023652
2024/kunming/D0102,0.0209642408181275
2024/kunming/D0103,0.026255300789352835
2024/kunming/D0107,0.037047168669075196
2024/kunming/D0204,0.00839669984673549
2024/kunming/D0206,0.018761083978128455
2024/kunming/D0307,0.014172366191301682
2024/kunming/D1206,0.1645164628965632
2024/kunming/D0401,0.01178921444254987
2024/kunming/D0402,0.02635535284611975
2024/kunming/D0403,0.013493095856161605
2024/kunming/D0407,0.29421497216298875
2024/kunming/D0404,0.03461883883917583
2024/kunming/D0405,0.011552670335220809
2024/kunming/D1604,0.008881675100847034
2024/kunming/D0504,0.012747264455010497
2024/kunming/D0603,0.048496003243956885
2024/kunming/D0705,0.00866093122817875
2024/kunming/D0802,0.026759283185443145
2024/kunming/D0804,0.020215968191895972
2024/kunming/D0807,0.0078386407226592
2024/kunming/D0901,0.0062080342566136195
2024/kunming/D0902,0.031979560125192354
2024/kunming/D0903,0.008061991528271641
2024/kunming/D0905,0.010368156650788152
2024/kunming/D0907,0.18010666408646395
2024/kunming/D1506,0.020567095346428456
2024/kunming/D1001,0.005991951658726465
2024/kunming/D1002,0.019382191201735868
2024/kunming/D1005,0.014728613849722676
2024/kunming/D1007,0.010101075506251429
2024/kunming/D1202,0.02306522651694984
2024/kunming/D1301,0.011029470022501837
2024/kunming/D1303,0.022158869355977103
2024/kunming/D1305,0.018089995204993194
2024/kunming/D1401,0.04240382863184672
2024/kunming/D1402,0.07751765647688268
2024/kunming/D1406,0.005305758904613514
2024/kunming/D1407,0.48438008427698437
2024/kunming/D1606,0.008594110568843455
2024/kunming/D1701,0.005222661890207403
2024/kunming/D1702,0.007285545256262049
2024/kunming/D1703,0.007526008859213694
2024/nanjing/A0201,0.00925009673614463
2024/nanjing/A0202,0.12252321251815919
2024/nanjing/B1303,0.010818448652863185
2024/nanjing/C1504,0.0038022250396009495
2024/nanjing/B0502,0.008711384457705508
2024/nanjing/A0405,0.007039045597401514
2024/nanjing/A0203,0.005774929853444154
2024/nanjing/A1405,0.9742394408803315
2024/nanjing/A0204,0.9812389160218716
2024/nanjing/C0503,0.9529258241789759
2024/nanjing/C0606,0.9529258241789759
2024/nanjing/B1302,0.02297736991002561
2024/nanjing/A0205,0.03283695602724524
2024/nanjing/C0903,0.0040543340867600355
2024/nanjing/A1805,0.04336579876390677
2024/nanjing/A0301,0.003930085574505154
2024/nanjing/C1204,0.3665897363221599
2024/nanjing/A0302,0.06903792817479
2024/nanjing/A2003,0.03934250326425821
2024/nanjing/C1003,0.06804042027255897
2024/nanjing/A0303,0.009303949868393646
2024/nanjing/C1107,0.665410558746814
2024/nanjing/B1105,0.10669059394565118
2024/nanjing/C0204,0.09138210306717136
2024/nanjing/A0304,0.6442251064863697
2024/nanjing/A0305,0.003242938059705402
2024/nanjing/A0306,0.3276683008207139
2024/nanjing/A1806,0.03934250326425821
2024/nanjing/B0605,0.04304284934003218
2024/nanjing/C1804,0.0045384317247953825
2024/nanjing/A0307,0.02635535284611975
2024/nanjing/A1605,0.0033766123817395013
2024/nanjing/B1804,0.003628740302085432
2024/nanjing/A1107,0.011961098249809548
2024/nanjing/A0401,0.015189048807983947
2024/nanjing/C0207,0.0036146443211574585
2024/nanjing/C1402,0.47268347662043286
2024/nanjing/A0402,0.25386100696924885
2024/nanjing/A0903,0.09670579329612154
2024/nanjing/A1507,0.030908958517211163
2024/nanjing/A0403,0.008511303026562552
2024/nanjing/A0404,0.06853749303199023
2024/nanjing/A0406,0.006338921737094389
2024/nanjing/A0407,0.027585282226789985
2024/nanjing/A0501,0.03161876726864548
2024/nanjing/A0502,0.10230470789265303
2024/nanjing/A0503,0.003216216774547302
2024/nanjing/A0504,0.003108480881265182
2024/nanjing/A0505,0.05877655584806683
2024/nanjing/A0506,0.07159119944455247
2024/nanjing/C0802,0.06325052199347325
2024/nanjing/A0507,0.057071397225397696
2024/nanjing/C1905,0.004005340574757065
2024/nanjing/A0601,0.01128807389923099
2024/nanjing/B1502,0.006615392678327907
2024/nanjing/C1703,0.05500528829345415
2024/nanjing/A0602,0.00550123838640529
2024/nanjing/A0603,0.003685674031471709
2024/nanjing/A0604,0.004086002694204712
2024/nanjing/A0605,0.09138210306717136
2024/nanjing/A0606,0.008283626886030505
2024/nanjing/A0607,0.0027522564516684143
2024/nanjing/C1707,0.23370635691404026
2024/nanjing/A0701,0.012722708199923246
2024/nanjing/A1807,0.01159736182363297
2024/nanjing/A1501,0.04742587317756679
2024/nanjing/A0702,0.0031974869372464253
2024/nanjing/A0703,0.004348381321947626
2024/nanjing/A0704,0.005343255956149592
2024/nanjing/A0705,0.02194825371486785
2024/nanjing/A0706,0.9702399060540357
2024/nanjing/A0707,0.44939263446475963
2024/nanjing/C1401,0.0031054561595628754
2024/nanjing/A0801,0.011508149064303403
2024/nanjing/A0802,0.013020490113842825
2024/nanjing/B1006,0.08210662704685086
2024/nanjing/C1601,0.01495708659314999
2024/nanjing/A0803,0.010169657753872614
2024/nanjing/B2004,0.003583127524313178
2024/nanjing/A0804,0.40356685373537454
2024/nanjing/A1005,0.1480471980316895
2024/nanjing/B0506,0.02280263596800613
2024/nanjing/B2001,0.07585818002124356
2024/nanjing/A0805,0.06008665017400762
2024/nanjing/A1503,0.016277460912713496
2024/nanjing/B1301,0.010652510839726164
2024/nanjing/C2001,0.004467298358364989
2024/nanjing/A0806,0.0035226265913848886
2024/nanjing/A0807,0.002005286696894164
2024/nanjing/A0901,0.002125001583662255
2024/nanjing/B1201,0.20434189993684582
2024/nanjing/A0902,0.0651275468396235
2024/nanjing/C1701,0.03846619201832428
2024/nanjing/A0904,0.480478678047907
2024/nanjing/B1702,0.16885695214168314
2024/nanjing/A0905,0.006073934440886245
2024/nanjing/B1603,0.09947021388210707
2024/nanjing/A0906,0.08694165672789168
2024/nanjing/C0907,0.08035746882220708
2024/nanjing/A0907,0.011777842688519623
2024/nanjing/A1001,0.05184546664977983
2024/nanjing/C1604,0.01024860192315863
2024/nanjing/B0703,0.005786154708554455
2024/nanjing/A1002,0.04146227271140963
2024/nanjing/C0404,0.7217432062975979
2024/nanjing/B1402,0.23934934732271168
2024/nanjing/C0507,0.13846179056896438
2024/nanjing/A1003,0.04304284934003218
2024/nanjing/A1004,0.001759753360124531
2024/nanjing/B1004,0.001922982411667495
2024/nanjing/A1201,0.02635535284611975
2024/nanjing/B1505,0.0048768869014083034
2024/nanjing/A2004,0.006133175203659603
2024/nanjing/A1006,0.0037654137846738736
2024/nanjing/A1007,0.21206880435710532
2024/nanjing/C1807,0.019124036750888904
2024/nanjing/A1101,0.01374232049590237
2024/nanjing/A1102,0.0034079768819184455
2024/nanjing/A1401,0.12252321251815919
2024/nanjing/A1103,0.006085736920168419
2024/nanjing/B0902,0.91610961358942
2024/nanjing/A1104,0.07369626970604846
2024/nanjing/A1404,0.0651275468396235
2024/nanjing/C1405,0.03817827426156642
2024/nanjing/A1105,0.002341340651047526
2024/nanjing/B1605,0.7217432062975979
2024/nanjing/C0501,0.411110869232168
2024/nanjing/A1106,0.08389038641057993
2024/nanjing/A1202,0.13846179056896438
2024/nanjing/C0306,0.020023441289455244
2024/nanjing/A1203,0.09009299396195182
2024/nanjing/C1407,0.0023680089602810843
2024/nanjing/A1204,0.0062050225343087085
2024/nanjing/A1205,0.020804489950607352
2024/nanjing/C1507,0.2689414213699951
2024/nanjing/A1907,0.523420348936324
2024/nanjing/B0704,0.11920292202211755
2024/nanjing/A1206,0.19436781101874467
2024/nanjing/A1207,0.009859855303538789
2024/nanjing/A1301,0.005271083186272205
2024/nanjing/C0203,0.19930799790404563
2024/nanjing/A1302,0.005968730685026312
2024/nanjing/A1303,0.016152834822140957
2024/nanjing/A1304,0.43398146480389854
2024/nanjing/A1305,0.005865338360797101
2024/nanjing/A1306,0.04369106064046812
2024/nanjing/B0503,0.0031236485998533104
2024/nanjing/A1307,0.0017683516861090472
2024/nanjing/A1402,0.010169657753872614
2024/nanjing/A1403,0.008030813216260063
2024/nanjing/A1406,0.009633652359446519
2024/nanjing/A1407,0.001981005096393462
2024/nanjing/A1502,0.007176881945656949
2024/nanjing/A1504,0.004113914738584594
2024/nanjing/A1505,0.027169231535681047
2024/nanjing/C1302,0.38121956625614994
2024/nanjing/A1703,0.25386100696924885
2024/nanjing/A1506,0.17781086947804958
2024/nanjing/B1805,0.12765262532179067
2024/nanjing/B1305,0.025760559119668493
2024/nanjing/A1601,0.01691491326672651
2024/nanjing/C1202,0.3665897363221599
2024/nanjing/A1602,0.06656918897050168
2024/nanjing/A1603,0.0039607875302097575
2024/nanjing/A1604,0.1183850968071675
2024/nanjing/C2003,0.048496003243956885
2024/nanjing/A1606,0.007232763803479049
2024/nanjing/C1005,0.8031737963569016
2024/nanjing/A1607,0.23651623644570763
2024/nanjing/B1101,0.004066181066333428
2024/nanjing/A1701,0.053799643460063995
2024/nanjing/A1702,0.5851011542032312
2024/nanjing/C1301,0.02537131147440214
2024/nanjing/A1704,0.031380429512976746
2024/nanjing/A1705,0.027585282226789985
2024/nanjing/A1706,0.012821214266594244
2024/nanjing/C1602,0.004086002694204712
2024/nanjing/A1707,0.007815888789288626
2024/nanjing/A1801,0.008445626941126032
2024/nanjing/A1802,0.001780459843057396
2024/nanjing/B0906,0.002939241495052035
2024/nanjing/A1803,0.007274958466423379
2024/nanjing/C1007,0.6113819732941511
2024/nanjing/A2006,0.5117166047041654
2024/nanjing/A1804,0.3276683008207139
2024/nanjing/A1903,0.01052971212461742
2024/nanjing/B0805,0.5583269943353745
2024/nanjing/C0803,0.17106119167858438
2024/nanjing/A1904,0.10521053670308635
2024/nanjing/A1905,0.35220178204788966
2024/nanjing/A1906,0.006463137718154743
2024/nanjing/A2005,0.0022861136206619873
2024/nanjing/A2007,0.0019080461972838263
2024/nanjing/C0307,0.004700060535050779
2024/nanjing/C1904,0.08756383952305867
2024/nanjing/B0501,0.030444348432624533
2024/nanjing/B0504,0.35936414516010196
2024/nanjing/C0605,0.022629200033037256
2024/nanjing/B1103,0.21206880435710532
2024/nanjing/B1801,0.14414885303274058
2024/nanjing/B0505,0.0026678043271709043
2024/nanjing/B0601,0.0030552260377750672
2024/nanjing/B0602,0.006771209930611185
2024/nanjing/B0603,0.002403745935240099
2024/nanjing/B0604,0.33807712415000585
2024/nanjing/B0802,0.009090383313658499
2024/nanjing/C1303,0.411110869232168
2024/nanjing/C1002,0.28457600421652673
2024/nanjing/C1607,0.0953494648991095
2024/nanjing/B0606,0.23651623644570763
2024/nanjing/C0402,0.0036146443211574585
2024/nanjing/B0701,0.0011368910963819503
2024/nanjing/B0702,0.11596071825396677
2024/nanjing/B1902,0.010368156650788152
2024/nanjing/B0705,0.7718434978390747
2024/nanjing/B2006,0.6688802603710086
2024/nanjing/B0803,0.5698526514141571
2024/nanjing/C1102,0.07864238118410145
2024/nanjing/B1802,0.07477004290796138
2024/nanjing/B0706,0.014392336369436931
2024/nanjing/B0801,0.0030058059282807095
2024/nanjing/B0804,0.02615561835382285
2024/nanjing/B0806,0.004360023814643677
2024/nanjing/B1202,0.010860331013277531
2024/nanjing/B2005,0.01691491326672651
2024/nanjing/B0901,0.01665704000922906
2024/nanjing/B0903,0.10087862273005653
2024/nanjing/B1606,0.001843151416841482
2024/nanjing/C2004,0.734119526900183
2024/nanjing/C1502,0.7745833841649233
2024/nanjing/B0904,0.8056321889812553
2024/nanjing/B0905,0.05582314113461443
2024/nanjing/B1001,0.004736748955776685
2024/nanjing/B1002,0.031143830534778462
2024/nanjing/C2005,0.03875619358719477
2024/nanjing/B1003,0.0015669887925500437
2024/nanjing/B1005,0.15405756269148546
2024/nanjing/B1104,0.009394396102670325
2024/nanjing/B1106,0.025760559119668493
2024/nanjing/B1203,0.014503579691381979
2024/nanjing/B1204,0.007204769088868756
2024/nanjing/B1205,0.679178699175393
2024/nanjing/C1207,0.029312230751356316
2024/nanjing/B1206,0.08269734267503885
2024/nanjing/B1304,0.011029470022501837
2024/nanjing/B1306,0.007232763803479049
2024/nanjing/B1405,0.2254166158350767
2024/nanjing/B1905,0.08151975597471893
2024/nanjing/B1401,0.057071397225397696
2024/nanjing/B1906,0.009449081319055452
2024/nanjing/B1403,0.002100296562409452
2024/nanjing/C1304,0.0446808702726502
2024/nanjing/B1404,0.01757688326733593
2024/nanjing/B1406,0.07263670636078697
2024/nanjing/C0304,0.01956867555531235
2024/nanjing/B1501,0.1561048974454574
2024/nanjing/B1503,0.024609928625961945
2024/nanjing/B1504,0.002161550447592702
2024/nanjing/B1601,0.0017957114827948316
2024/nanjing/B1602,0.022889840112388902
2024/nanjing/C0804,0.0050407031118456435
2024/nanjing/B1604,0.9241418199787566
2024/nanjing/B1903,0.032589744766025344
2024/nanjing/B1701,0.004289588633298842
2024/nanjing/B1703,0.008380453351026062
2024/nanjing/B1705,0.018404890389241722
2024/nanjing/B1706,0.015424552081841137
2024/nanjing/C0901,0.007846239292520898
2024/nanjing/B1803,0.004272936570637777
2024/nanjing/C1106,0.029090757042564665
2024/nanjing/B1806,0.012241275291807161
2024/nanjing/B1901,0.06097518086496481
2024/nanjing/C0505,0.012821214266594244
2024/nanjing/B1904,0.005240449620258945
2024/nanjing/B2003,0.0030396496140834887
2024/nanjing/C0205,0.008745181682035148
2024/nanjing/C0905,0.09268777863937604
2024/nanjing/C0206,0.0057525450502372046
2024/nanjing/C0301,0.01596765348879602
2024/nanjing/C0302,0.004070137715896127
2024/nanjing/C0303,0.0026033115693199064
2024/nanjing/C0305,0.0027322268401070438
2024/nanjing/C0401,0.05261895334771377
2024/nanjing/C0405,0.02297736991002561
2024/nanjing/C0502,0.11676401359822318
2024/nanjing/C0406,0.00637593537338454
2024/nanjing/C0407,0.003216216774547302
2024/nanjing/C0504,0.006538824977235005
2024/nanjing/C0602,0.04535258055430642
2024/nanjing/C0603,0.0038412627392693964
2024/nanjing/C0604,0.022116588802079524
2024/nanjing/C0607,0.008544330693441928
2024/nanjing/C0701,0.1347759174229568
2024/nanjing/C0702,0.028870906946287907
2024/nanjing/C1903,0.027169231535681047
2024/nanjing/C0703,0.019271137919768803
2024/nanjing/C1506,0.588889130767832
2024/nanjing/C0704,0.3451052709578724
2024/nanjing/C1706,0.1581743527484317
2024/nanjing/C0705,0.001532238407979156
2024/nanjing/C0706,0.006930671656746301
2024/nanjing/C0906,0.184767510648
2024/nanjing/C0801,0.039638839100970026
2024/nanjing/C0805,0.0034129556432185605
2024/nanjing/C0806,0.053799643460063995
2024/nanjing/C0807,0.0037217086507213993
2024/nanjing/C0902,0.001271842964276499
2024/nanjing/C0904,0.003285833291878954
2024/nanjing/C1001,0.00511967623806183
2024/nanjing/C1004,0.08151975597471893
2024/nanjing/C1006,0.009670992763446972
2024/nanjing/C1101,0.0038543638269116958
2024/nanjing/C1103,0.0038189068537851875
2024/nanjing/C1104,0.0026912917872604475
2024/nanjing/C1201,0.01124456072066409
2024/nanjing/C1203,0.02017731832286999
2024/nanjing/C1205,0.0052302778369278415
2024/nanjing/C1206,0.0048297217458043405
2024/nanjing/C1305,0.002622717901280714
2024/nanjing/C1307,0.03161876726864548
2024/nanjing/C1404,0.001965619095008007
2024/nanjing/C1406,0.02112519189594821
2024/nanjing/C1501,0.012100385813544712
2024/nanjing/C1503,0.0023763867036415945
2024/nanjing/C1505,0.6187804337438501
2024/nanjing/C1704,0.04742587317756679
2024/nanjing/C1603,0.002343622872098644
2024/nanjing/C1606,0.05834584061168106
2024/nanjing/C1705,0.007876706716587462
2024/nanjing/C1801,0.0025608708425093117
2024/nanjing/C1803,0.47268347662043286
2024/nanjing/C1806,0.015784561073809773
2024/nanjing/C1805,0.007039045597401514
2024/nanjing/C1901,0.002031349557992467
2024/nanjing/C1902,0.036220055864974746
2024/nanjing/C2002,0.02595735719779685
2024/shanghai/A11,0.007673307078947147
2024/shanghai/C22,0.1347759174229568
2024/shanghai/A12,0.047780066363570746
2024/shanghai/E48,0.02605630425138499
2024/shanghai/B22,0.0189054471413467
2024/shanghai/A13,0.1645164628965632
2024/shanghai/F51,0.057071397225397696
2024/shanghai/A14,0.08389038641057993
2024/shanghai/D56,0.004778364219217046
2024/shanghai/A15,0.0023504828600259954
2024/shanghai/E36,0.3007455789412415
2024/shanghai/A16,0.05834584061168106
2024/shanghai/D41,0.014615670100635955
2024/shanghai/D37,0.45326184801538616
2024/shanghai/A17,0.35220178204788966
2024/shanghai/B83,0.3007455789412415
2024/shanghai/A18,0.18242552380635632
2024/shanghai/E17,0.007360082211557655
2024/shanghai/F44,0.004872149833968386
2024/shanghai/D18,0.0080463873934784
2024/shanghai/A21,0.01411789342520494
2024/shanghai/D44,0.021615332762647654
2024/shanghai/C71,0.011687257995694434
2024/shanghai/A22,0.00564190850002335
2024/shanghai/A24,0.016593177919590436
2024/shanghai/A25,0.8289388083214156
2024/shanghai/D25,0.31742626558767584
2024/shanghai/B23,0.29098086621490676
2024/shanghai/C41,0.11757213354550883
2024/shanghai/D66,0.0048344177618972065
2024/shanghai/A26,0.006299064531985045
2024/shanghai/D26,0.6113819732941511
2024/shanghai/F35,0.5621765008857981
2024/shanghai/A27,0.25091278688527247
2024/shanghai/A28,0.005479908619701699
2024/shanghai/A32,0.011732463956348185
2024/shanghai/A33,0.11596071825396677
2024/shanghai/E56,0.05261895334771377
2024/shanghai/B21,0.05749327880038583
2024/shanghai/A35,0.1581743527484317
2024/shanghai/A36,0.008187909901696235
2024/shanghai/A38,0.03817827426156642
2024/shanghai/A41,0.010735162609090678
2024/shanghai/A42,0.01374232049590237
2024/shanghai/F53,0.053799643460063995
2024/shanghai/A43,0.9005297861178929
2024/shanghai/E54,0.34864513533394575
2024/shanghai/B51,0.16667540468797667
2024/shanghai/C11,0.02194825371486785
2024/shanghai/A44,0.01411789342520494
2024/shanghai/D61,0.09401017961657226
2024/shanghai/C67,0.014615670100635955
2024/shanghai/A45,0.600188359260205
2024/shanghai/A46,0.15405756269148546
2024/shanghai/D24,0.18242552380635632
2024/shanghai/E34,0.12765262532179067
2024/shanghai/A47,0.010091315485195006
2024/shanghai/D65,0.004764452192298917
2024/shanghai/A48,0.00597452752905903
2024/shanghai/A51,0.02876158726499781
2024/shanghai/A52,0.0050998183029534174
2024/shanghai/C78,0.18010666408646395
2024/shanghai/E67,0.012722708199923246
2024/shanghai/A53,0.01374232049590237
2024/shanghai/A54,0.008315778477474129
2024/shanghai/D87,0.02706617566513358
2024/shanghai/A55,0.005957153763749635
2024/shanghai/A56,0.003642891051949019
2024/shanghai/A57,0.005152109578906363
2024/shanghai/A58,0.011419614645648401
2024/shanghai/C72,0.22000709974589314
2024/shanghai/A61,0.02843603304485266
2024/shanghai/A62,0.04813677111663481
2024/shanghai/A63,0.004158160646226752
2024/shanghai/A64,0.38491214448393346
2024/shanghai/F25,0.06278920859705135
2024/shanghai/D46,0.09268777863937604
2024/shanghai/C31,0.06418264360901972
2024/shanghai/D14,0.013222821752305148
2024/shanghai/A65,0.019493871727031764
2024/shanghai/F67,0.03161876726864548
2024/shanghai/E23,0.184767510648
2024/shanghai/D38,0.10230470789265303
2024/shanghai/A66,0.005865338360797101
2024/shanghai/F18,0.8774767874818407
2024/shanghai/A67,0.04958902298403175
2024/shanghai/A68,0.003206838225747787
2024/shanghai/F37,0.23651623644570763
2024/shanghai/B84,0.12940273159163906
2024/shanghai/E21,0.08035746882220708
2024/shanghai/A71,0.11124120650754304
2024/shanghai/A72,0.8459424373085146
2024/shanghai/E57,0.13660839002621938
2024/shanghai/C61,0.1422318950098963
2024/shanghai/F14,0.1285251389364931
2024/shanghai/A73,0.23934934732271168
2024/shanghai/F11,0.013273887454385737
2024/shanghai/A74,0.011687257995694434
2024/shanghai/C32,0.0031966116487533594
2024/shanghai/A75,0.004371697342445658
2024/shanghai/A76,0.01652955655765428
2024/shanghai/C17,0.09670579329612154
2024/shanghai/A77,0.01971912810734659
2024/shanghai/A78,0.006394522639220395
2024/shanghai/A81,0.2598256379609837
2024/shanghai/C53,0.00371447375650861
2024/shanghai/A82,0.04115288921744485
2024/shanghai/D85,0.9469902279841446
2024/shanghai/F27,0.8962513731336202
2024/shanghai/A83,0.47268347662043286
2024/shanghai/C25,0.13117322376181567
2024/shanghai/E51,0.04240382863184672
2024/shanghai/A84,0.00566386523717883
2024/shanghai/A85,0.14414885303274058
2024/shanghai/B85,0.06804042027255897
2024/shanghai/A86,0.016403032516163058
2024/shanghai/B74,0.0037289575840101256
2024/shanghai/C88,0.01052971212461742
2024/shanghai/D81,0.017848738449988986
2024/shanghai/A87,0.011419614645648401
2024/shanghai/F63,0.010590935411959828
2024/shanghai/A88,0.004297938879407239
2024/shanghai/B33,0.01020905431880827
2024/shanghai/D43,0.09807932347046003
2024/shanghai/D45,0.04501553160023231
2024/shanghai/B11,0.011508149064303403
2024/shanghai/B12,0.01826427835185701
2024/shanghai/B13,0.005437495514421606
2024/shanghai/B14,0.03283695602724524
2024/shanghai/B15,0.11124120650754304
2024/shanghai/C74,0.40356685373537454
2024/shanghai/E55,0.13296424019782924
2024/shanghai/B16,0.016277460912713496
2024/shanghai/B17,0.007260866498285615
2024/shanghai/B18,0.011961098249809548
2024/shanghai/B24,0.004752889634570433
2024/shanghai/C18,0.003548429907107186
2024/shanghai/B25,0.011115013721477563
2024/shanghai/B26,0.40356685373537454
2024/shanghai/D58,0.01646617504750254
2024/shanghai/B27,0.005797401254434213
2024/shanghai/E33,0.010169657753872614
2024/shanghai/B28,0.0021816532505823513
2024/shanghai/F17,0.8723473746782093
2024/shanghai/E37,0.7905303186696747
2024/shanghai/B31,0.8376199633332891
2024/shanghai/D21,0.7931059511841119
2024/shanghai/B32,0.004452123200912667
2024/shanghai/B34,0.028870906946287907
2024/shanghai/E27,0.05419872982318558
2024/shanghai/F12,0.013273887454385737
2024/shanghai/B36,0.007121428745735101
2024/shanghai/B37,0.011201213376078314
2024/shanghai/B38,0.0051897867283749064
2024/shanghai/B41,0.665410558746814
2024/shanghai/D23,0.04023794262361602
2024/shanghai/C48,0.04177388078830622
2024/shanghai/B42,0.0399373142069266
2024/shanghai/B43,0.007907291504628555
2024/shanghai/B44,0.005240449620258945
2024/shanghai/B45,0.03461883883917583
2024/shanghai/E25,0.037326887344129464
2024/shanghai/C36,0.009652304680806878
2024/shanghai/B46,0.01672114370544215
2024/shanghai/F33,0.341582499438317
2024/shanghai/B47,0.022116588802079524
2024/shanghai/C23,0.02696349986233355
2024/shanghai/B48,0.017375664509219565
2024/shanghai/B52,0.0016908031788284532
2024/shanghai/D71,0.016593177919590436
2024/shanghai/B53,0.003660656829966778
2024/shanghai/B54,0.06097518086496481
2024/shanghai/B55,0.006602569825646557
2024/shanghai/B56,0.009746104052554064
2024/shanghai/B57,0.09807932347046003
2024/shanghai/B58,0.01374232049590237
2024/shanghai/B61,0.008030813216260063
2024/shanghai/B62,0.005372693054656913
2024/shanghai/E42,0.13660839002621938
2024/shanghai/B63,0.4073334000459302
2024/shanghai/B64,0.005980329969128227
2024/shanghai/F22,0.0053122051889287454
2024/shanghai/B65,0.008172064057406659
2024/shanghai/D73,0.640635854839898
2024/shanghai/B66,0.025662705546089896
2024/shanghai/C33,0.5389832206876841
2024/shanghai/D51,0.4263215925474903
2024/shanghai/C58,0.08389038641057993
2024/shanghai/B67,0.013273887454385737
2024/shanghai/B68,0.003963196157128239
2024/shanghai/C57,0.0032362370641884058
2024/shanghai/B71,0.003652651572475714
2024/shanghai/B72,0.02537131147440214
2024/shanghai/F21,0.02194825371486785
2024/shanghai/D42,0.013171949881556448
2024/shanghai/B75,0.9717790128704671
2024/shanghai/C52,0.11596071825396677
2024/shanghai/E44,0.053799643460063995
2024/shanghai/B76,0.31405054499180746
2024/shanghai/D68,0.017780390073110934
2024/shanghai/D88,0.0048109830326012485
2024/shanghai/B77,0.06954174450582809
2024/shanghai/B78,0.08269734267503885
2024/shanghai/B81,0.010408314101072437
2024/shanghai/F62,0.004101929257867252
2024/shanghai/B82,0.0021520926857684156
2024/shanghai/B86,0.1561048974454574
2024/shanghai/B87,0.007740521166329925
2024/shanghai/F52,0.004645557549716042
2024/shanghai/C34,0.9845457584313639
2024/shanghai/E68,0.9674102552339746
2024/shanghai/D36,0.9429286027746023
2024/shanghai/B88,0.8864204083088262
2024/shanghai/C13,0.4610167793123159
2024/shanghai/F13,0.4882833952958347
2024/shanghai/C14,0.0026961288465188657
2024/shanghai/C15,0.007815888789288626
2024/shanghai/D35,0.00345304756533486
2024/shanghai/C16,0.0446808702726502
2024/shanghai/E66,0.021781171331499802
2024/shanghai/C21,0.012336100420869755
2024/shanghai/C24,0.13660839002621938
2024/shanghai/C26,0.007317397471212289
2024/shanghai/C27,0.0034564096680654286
2024/shanghai/D33,0.007555242278089665
2024/shanghai/C28,0.005204934221377487
2024/shanghai/C35,0.007239779338035582
2024/shanghai/C37,0.006097562192575309
2024/shanghai/C38,0.007695647178392188
2024/shanghai/C42,0.1500288243424251
2024/shanghai/C43,0.030675801710674105
2024/shanghai/C44,0.006551524847490895
2024/shanghai/C45,0.023870834952430912
2024/shanghai/C46,0.007695647178392188
2024/shanghai/F42,0.04177388078830622
2024/shanghai/C47,0.02635535284611975
2024/shanghai/C51,0.004348381321947626
2024/shanghai/F43,0.012053779516236447
2024/shanghai/C54,0.04672495862609242
2024/shanghai/F45,0.7431680086124811
2024/shanghai/D28,0.2658804730998169
2024/shanghai/C55,0.46879062662624377
2024/shanghai/C56,0.0051897867283749064
2024/shanghai/C62,0.021615332762647654
2024/shanghai/C65,0.0031297363249999832
2024/shanghai/E14,0.010408314101072437
2024/shanghai/C66,0.03333682414270177
2024/shanghai/C68,0.034880886936679296
2024/shanghai/F54,0.9676556676188429
2024/shanghai/C73,0.008093289897373068
2024/shanghai/C75,0.004507652458978483
2024/shanghai/E63,0.0029228313217330147
2024/shanghai/C76,0.12085323249047067
2024/shanghai/C77,0.022286185539225494
2024/shanghai/C81,0.6113819732941511
2024/shanghai/E11,0.19436781101874467
2024/shanghai/D34,0.523420348936324
2024/shanghai/E52,0.6370307944803831
2024/shanghai/C83,0.32082130082460697
2024/shanghai/C84,0.005240449620258945
2024/shanghai/D84,0.01238378463726033
2024/shanghai/D77,0.002470215626084896
2024/shanghai/C85,0.0030994155155094484
2024/shanghai/C86,0.9635062337709722
2024/shanghai/E53,0.9846346585586978
2024/shanghai/F15,0.588889130767832
2024/shanghai/C87,0.009340024385054083
2024/shanghai/D11,0.005281333906052278
2024/shanghai/D12,0.00549056320249923
2024/shanghai/D13,0.014728613849722676
2024/shanghai/D16,0.022715756324479135
2024/shanghai/D22,0.007968814953315289
2024/shanghai/D27,0.06325052199347325
2024/shanghai/D31,0.00333334702179957
2024/shanghai/D32,0.005030917078363314
2024/shanghai/D47,0.0029984984629378235
2024/shanghai/D48,0.002473827799498616
2024/shanghai/D52,0.004663654952382041
2024/shanghai/D53,0.05184546664977983
2024/shanghai/D54,0.004926903657444396
2024/shanghai/D55,0.002927816028317278
2024/shanghai/D57,0.013532148655407106
2024/shanghai/D62,0.008610767667510729
2024/shanghai/D63,0.0032698806249617266
2024/shanghai/F56,0.002229469255517507
2024/shanghai/D64,0.002679522391447941
2024/shanghai/D67,0.007968814953315289
2024/shanghai/D72,0.06954174450582809
2024/shanghai/D74,0.029760093945964218
2024/shanghai/D75,0.014172366191301682
2024/shanghai/D76,0.004019976387648324
2024/shanghai/D78,0.005699034525101628
2024/shanghai/D82,0.013020490113842825
2024/shanghai/D86,0.05261895334771377
2024/shanghai/E12,0.005971628407871441
2024/shanghai/E13,0.00342876959122851
2024/shanghai/E16,0.01819436822090561
2024/shanghai/E18,0.28457600421652673
2024/shanghai/E22,0.013584392513059033
2024/shanghai/E24,0.003322819420177787
2024/shanghai/E26,0.003762667296119093
2024/shanghai/E28,0.053403329799824234
2024/shanghai/E31,0.20946968133032526
2024/shanghai/E32,0.07921032410902437
2024/shanghai/E35,0.03875619358719477
2024/shanghai/E38,0.0028952138900040594
2024/shanghai/E41,0.01569379108073038
2024/shanghai/E43,0.004103924420342969
2024/shanghai/E45,0.1561048974454574
2024/shanghai/E46,0.08389038641057993
2024/shanghai/E47,0.005046828997911423
2024/shanghai/E58,0.012431650853185818
2024/shanghai/E61,0.3276683008207139
2024/shanghai/E62,0.005407212901662361
2024/shanghai/E64,0.018404890389241722
2024/shanghai/F24,0.011072160183234295
2024/shanghai/E65,0.01691491326672651
2024/shanghai/F16,0.013955710398273338
2024/shanghai/F23,0.010570488620307572
2024/shanghai/F26,0.04115288921744485
2024/shanghai/F28,0.032344332381157095
2024/shanghai/F31,0.0045384317247953825
2024/shanghai/F32,0.006174985055542934
2024/shanghai/F34,0.015543647930770626
2024/shanghai/F36,0.003600602898734213
2024/shanghai/F38,0.03210070671700819
2024/shanghai/F41,0.012336100420869755
2024/shanghai/F57,0.010818448652863185
2024/shanghai/F46,0.008445626941126032
2024/shanghai/F47,0.05184546664977983
2024/shanghai/F48,0.007107632043286259
2024/shanghai/F55,0.007937994101407319
2024/shanghai/F58,0.029647510146313606
2024/shanghai/F61,0.01897803671176563
2024/shanghai/F66,0.006930671656746301
2024/shanghai/F68,0.010881332289376404
2024/shenyang/10001,0.001259498639359374
2024/shenyang/10002,0.015784561073809773
2024/shenyang/10003,0.03021458706739398
2024/shenyang/10004,0.05582314113461443
2024/shenyang/10005,0.9880389017501905
2024/shenyang/10008,0.9539660976007597
2024/shenyang/10006,0.927363293639213
2024/shenyang/10007,0.48438008427698437
2024/shenyang/10009,0.008030813216260063
2024/shenyang/10010,0.9032942067038784
2024/shenyang/10012,0.38491214448393346
2024/shenyang/10011,0.2658804730998169
2024/shenyang/10013,0.006903838071221877
2024/shenyang/10014,0.6187804337438501
2024/shenyang/10015,0.030675801710674105
2024/shenyang/10016,0.053403329799824234
2024/shenyang/10017,0.0010880651166369074
2024/shenyang/10020,0.9086178969328287
2024/shenyang/10019,0.3451052709578724
2024/shenyang/10018,0.024237634712630244
2024/shenyang/10021,0.02194825371486785
2024/shenyang/10022,0.0035692080932586343
2024/shenyang/10023,0.10669059394565118
2024/shenyang/10024,0.1581743527484317
2024/shenyang/10025,0.006957608807376377
2024/shenyang/10026,0.011642224164666006
2024/shenyang/10027,0.16667540468797667
2024/shenyang/10029,0.010652510839726164
2024/shenyang/10028,0.01826427835185701
2024/shenyang/10030,0.0012399961359154668
2024/shenyang/10031,0.0020567480119309234
2024/shenyang/10032,0.0057525450502372046
2024/shenyang/10033,9.16400148534778E-4
2024/shenyang/10034,0.0037654137846738736
2024/shenyang/10035,0.017176709012318405
2024/shenyang/10036,3.88992082602597E-4
2024/shenyang/10038,0.033085978388704126
2024/shenyang/10037,0.10970577387797074
2024/shenyang/10039,0.025760559119668493
2024/shenyang/10040,6.337125082498782E-4
2024/shenyang/10041,0.14608724704829565
2024/shenyang/10042,0.03846619201832428
2024/shenyang/10044,0.658417500561683
2024/shenyang/10046,0.31742626558767584
2024/shenyang/10045,0.17781086947804958
2024/shenyang/10043,0.8519528019683106
2024/shenyang/10047,0.007846239292520898
2024/shenyang/10049,0.44939263446475963
2024/shenyang/10048,0.05921025074128593
2024/shenyang/10050,0.00277142019366688
2024/shenyang/10051,0.0016957555547136463
2024/shenyang/10052,0.003579642603937612
2024/shenyang/10053,0.0446808702726502
2024/shenyang/10055,0.00530189486940215
2024/shenyang/10054,0.22270013882530884
2024/shenyang/10056,9.90791036426277E-4
2024/shenyang/10057,0.008511303026562552
2024/shenyang/10058,0.02537131147440214
2024/shenyang/10059,0.0364937662290278
2024/shenyang/10060,0.05665242530797383
2024/shenyang/10061,6.436856044842308E-4
2024/shenyang/10062,0.6548947290421275
2024/shenyang/10063,0.4073334000459302
2024/shenyang/10064,0.600188359260205
2024/shenyang/10067,0.030908958517211163
2024/shenyang/10065,0.005220125693558397
2024/shenyang/10066,0.008644177936723585
2024/shenyang/10068,0.0014021303935655715
2024/shenyang/10069,0.002333370323890605
2024/shenyang/10071,0.008061991528271641
2024/shenyang/10070,0.003431690641524286
2024/shenyang/10072,0.017712298703411445
2024/shenyang/10073,0.09009299396195182
2024/shenyang/10074,0.1968262036430985
2024/shenyang/10076,0.06853749303199023
2024/shenyang/10075,0.0048297217458043405
2024/shenyang/10078,0.12765262532179067
2024/shenyang/10077,0.037047168669075196
2024/shenyang/10079,0.007636216494667212
2024/shenyang/10080,8.393599151498077E-4
2024/shenyang/10081,6.667023092435894E-4
2024/shenyang/10082,0.02280263596800613
2024/shenyang/10083,7.67292412858718E-4
2024/shenyang/10085,0.5698526514141571
2024/shenyang/10086,0.08632347658627028
2024/shenyang/10087,0.02595735719779685
2024/shenyang/10084,0.6959583250334526
2024/shenyang/10088,0.00133279863248546
2024/shenyang/10089,0.007360082211557655
2024/shenyang/10090,0.001817283116449832
2024/shenyang/10091,0.0018458483368165377
2024/shenyang/10092,0.001067042488230187
2024/shenyang/10093,0.005448068085189642
2024/shenyang/10094,0.001945605817790643
2024/shenyang/10095,0.02333076880848049
2024/shenyang/10096,0.006332773588455442
2024/shenyang/10097,0.021450729175489416
2024/shenyang/10099,0.004520818046171076
2024/shenyang/10098,0.021287351793451054
2024/shenyang/10100,0.006641112642077409
2024/shenyang/10101,0.0014837189029090864
2024/shenyang/10102,0.0012793074828344202
2024/shenyang/10104,0.0016356753292389016
2024/shenyang/10103,0.0017333628763880778
2024/shenyang/10105,0.003463143663234145
2024/shenyang/10106,0.007968814953315289
2024/shenyang/10107,0.004895881046458299
2024/shenyang/10108,0.31069438321455395
2024/shenyang/10109,0.03185885568604046
2024/shenyang/10110,0.020645930739218447
2024/shenyang/10111,0.0020131193672100586
2024/shenyang/10112,0.0185465645121173
2024/shenyang/10114,0.9618217257384336
2024/shenyang/10115,0.7931059511841119
2024/shenyang/10113,0.2598256379609837
2024/shenyang/10116,0.3311197396289915
2024/shenyang/10117,0.02194825371486785
2024/shenyang/10118,0.003664220330784353
2024/shenyang/10119,0.5312093733737563
2024/shenyang/10120,0.08035746882220708
2024/shenyang/10121,0.006363573696064027
2024/shenyang/10122,0.0024681860911203064
2024/shenyang/10123,0.012527931992744795
2024/shenyang/10124,8.72767030892148E-4
2024/shenyang/10125,0.0012818053660271509
2024/shenyang/10126,0.0023396304404253374
2024/shenyang/10127,0.00637593537338454
2024/shenyang/10128,0.0024025753368964783
2024/shenyang/10129,5.172813339721951E-4
2024/shenyang/10130,0.0030994155155094484
2024/shenyang/10131,0.004745965509068018
2024/shenyang/10132,0.025565213923269593
2024/shenyang/10133,9.465006117242101E-4
2024/shenyang/10134,0.017309095753668163
2024/shenyang/10135,0.002158919139105096
2024/shenyang/10136,0.0022039550173361126
2024/shenyang/10137,0.0022083887960902254
2024/shenyang/10139,0.6150878555160665
2024/shenyang/10140,0.30404167496654744
2024/shenyang/10138,0.04240382863184672
2024/shenyang/10141,0.658417500561683
2024/shenyang/10143,0.712232184238947
2024/shenyang/10142,0.5621765008857981
2024/shenyang/10144,0.06705628692511957
2024/shenyang/10145,0.04336579876390677
2024/shenyang/10146,0.002446268557794082
2024/shenyang/10148,0.0037362205834114964
2024/shenyang/10147,0.003247676499188751
2024/shenyang/10149,0.08756383952305867
2024/shenyang/10150,0.0364937662290278
2024/shenyang/10151,0.001605653994897083
2024/shenyang/10152,0.003846872050593513
2024/shenyang/10153,0.0044510412268872835
2024/shenyang/10155,0.003466515561961479
2024/shenyang/10154,0.042722197546490565
2024/shenyang/10157,0.012920473039078976
2024/shenyang/10156,0.4455295350395727
2024/shenyang/10158,7.852823436068565E-4
2024/shenyang/10159,0.0016908031788284532
2024/shenyang/10160,0.0010484692671610088
2024/shenyang/10161,5.884088185569387E-4
2024/shenyang/10162,0.002311872765823427
2024/shenyang/10164,0.5621765008857981
2024/shenyang/10163,0.024423090054107213
2024/shenyang/10165,0.0019570169401946333
2024/shenyang/10166,5.815576348560962E-4
2024/shenyang/10167,0.600188359260205
2024/shenyang/10168,0.07316472140562331
2024/shenyang/10169,0.006488269596656705
2024/shenyang/10170,0.16026603232776068
2024/shenyang/10171,0.027376488778351356
2024/shenyang/10172,0.001008343541656317
2024/shenyang/10173,0.0020487459392098594
2024/shenyang/10175,0.004929298098168783
2024/shenyang/10174,7.350448316939618E-4
2024/shenyang/10176,0.41869690935568665
2024/shenyang/10177,0.02595735719779685
2024/shenyang/10178,0.0033244368916556374
2024/shenyang/10180,8.525666412710382E-4
2024/shenyang/10179,0.005204934221377487
2024/shenyang/10181,0.0048109830326012485
2024/shenyang/10183,0.6859494550081925
2024/shenyang/10182,0.12765262532179067
2024/shenyang/10184,0.1645164628965632
2024/shenyang/10185,0.017986209962091555
2024/shenyang/10186,0.0014700377282512503
2024/shenyang/10187,7.180297626119062E-4
2024/shenyang/10188,0.0018913813199500458
2024/shenyang/10189,0.0209642408181275
2024/shenyang/10190,0.021450729175489416
2024/shenyang/10191,0.002744895315100616
2024/shenyang/10192,0.43398146480389854
2024/shenyang/10193,0.06560483745906928
2024/shenyang/10194,0.0019494021275301952
2024/shenyang/10195,0.3007455789412415
2024/shenyang/10196,0.007176881945656949
2024/shenyang/10197,0.009774419459782928
2024/shenyang/10198,0.0017856743542999474
2024/shenyang/10199,0.010091315485195006
2024/shenyang/10200,0.008219693061967886
2024/shenyang/10201,0.003980097443830239
2024/shenyang/10202,0.0020890694172469595
2024/shenyang/10203,0.0062899021368924835
2024/shenyang/10204,0.006771209930611185
2024/shenyang/10205,0.2751297238231752
2024/shenyang/10206,0.01159736182363297
2024/shenyang/10207,0.037892426629607394
2024/shenyang/10209,0.1143685261818125
2024/shenyang/10208,0.11757213354550883
2024/shenyang/10210,0.08509904500702024
2024/shenyang/10211,0.12085323249047067
2024/shenyang/10212,0.0037362205834114964
2024/shenyang/10213,0.019870713960402048
2024/shenyang/10215,0.027376488778351356
2024/shenyang/10214,0.009340024385054083
2024/shenyang/10216,0.40356685373537454
2024/shenyang/10217,0.004382336640730745
2024/shenyang/10219,0.18242552380635632
2024/shenyang/10218,0.23934934732271168
2024/shenyang/10220,0.11124120650754304
2024/shenyang/10221,0.0022126967171074135
2024/shenyang/10222,0.1347759174229568
2024/shenyang/10224,0.027585282226789985
2024/shenyang/10223,0.21206880435710532
2024/shenyang/10226,0.061875985723642724
2024/shenyang/10225,0.008544330693441928
2024/shenyang/10227,0.12085323249047067
2024/shenyang/10228,0.002944254105522746
2024/shenyang/10229,0.184767510648
2024/shenyang/10230,0.2877678157610531
2024/shenyang/10231,8.65980985652889E-4
2024/shenyang/10232,0.001918302351687431
2024/shenyang/10233,0.712232184238947
2024/shenyang/10234,0.3311197396289915
2024/shenyang/10235,0.048857778622174906
2024/shenyang/10236,0.6370307944803831
2024/shenyang/10237,0.4378234991142019
2024/shenyang/10238,8.796062064765496E-4
2024/shenyang/10239,0.0014269596332777221
2024/shenyang/10240,4.897656064061081E-4
2024/shenyang/10242,0.0011291546285049482
2024/shenyang/10241,0.003439631713536487
2024/shenyang/10243,0.009055264186722086
2024/shenyang/10244,0.01098694263059318
2024/shenyang/10245,0.02194825371486785
2024/shenyang/10246,0.0021965851152584617
2024/shenyang/10247,0.06560483745906928
2024/shenyang/10248,0.008156248626973424
2024/shenyang/10250,0.9810219632882344
2024/shenyang/10251,0.7981867777396212
2024/shenyang/10252,0.44939263446475963
2024/shenyang/10249,0.3276683008207139
2024/shenyang/10253,0.005674875445811069
2024/shenyang/10254,0.020332353342658753
2024/shenyang/10255,0.011508149064303403
2024/shenyang/10256,0.0011525232319786153
2024/shenyang/10257,0.001991167421953904
2024/shenyang/10258,0.08389038641057993
2024/shenyang/10259,0.09268777863937604
2024/shenyang/10260,0.006192990157855187
2024/shenyang/10261,0.13846179056896438
2024/shenyang/10262,0.0015578483259566635
2024/shenyang/10263,0.02112519189594821
2024/shenyang/10264,0.002198726546866652
2024/shenyang/10265,0.0060562733641771355
2024/shenyang/10266,0.035678550877730524
2024/shenyang/10267,0.0012521495567676749
2024/shenyang/10268,0.0011832797695011071
2024/shenyang/10269,9.612742603947983E-4
2024/shenyang/10270,0.0011672309581179784
2024/shenyang/10274,0.8056321889812553
2024/shenyang/10272,0.8418256472515684
2024/shenyang/10273,0.8267117940706734
2024/shenyang/10271,0.31742626558767584
2024/shenyang/10275,0.35577489351363034
2024/shenyang/10276,0.23091976292927183
2024/shenyang/10277,0.013636835281429876
2024/shenyang/10278,0.0011269538835974027
2024/shenyang/10279,0.0033398420620968784
2024/shenyang/10280,0.09138210306717136
2024/shenyang/10282,0.14608724704829565
2024/shenyang/10281,0.22270013882530884
2024/shenyang/10283,0.003361447107312266
2024/shenyang/10285,0.012431650853185818
2024/shenyang/10284,7.096703991005882E-4
2024/shenyang/10286,0.7154239957834733
2024/shenyang/10287,0.004905405705722035
2024/shenyang/10288,0.0017061195630495324
2024/shenyang/10289,0.002062770028391238
2024/shenyang/10290,0.7520125737597972
2024/shenyang/10292,0.5851011542032312
2024/shenyang/10291,0.31069438321455395
2024/shenyang/10293,0.0022251287527020693
2024/shenyang/10294,6.166297347617124E-4
2024/shenyang/10295,0.003068640577345264
2024/shenyang/10296,0.10818895456207035
2024/shenyang/10297,0.0044683842664911206
2024/shenyang/10298,0.005152109578906363
2024/shenyang/10299,0.047780066363570746
2024/shenyang/10300,0.001689155597554569
2025/chengdu/F02,0.016152834822140957
2025/chengdu/F26,0.005469274598698993
2025/chengdu/D43,0.027169231535681047
2025/chengdu/B25,0.9980770175883324
2025/chengdu/E46,0.9965969946412504
2025/chengdu/C20,0.9958660319095476
2025/chengdu/A39,0.9856076636305632
2025/chengdu/D09,2.3597174148291185E-4
2025/chengdu/C28,0.5926665999540697
2025/chengdu/F14,0.6477982179521103
2025/chengdu/A05,0.37754066879814546
2025/chengdu/D26,7.801269704283582E-4
2025/chengdu/E16,2.9080169924086647E-4
2025/chengdu/E11,0.013121271126550956
2025/chengdu/A42,0.0016809417013868683
2025/chengdu/D42,0.05419872982318558
2025/chengdu/C14,0.03461883883917583
2025/chengdu/B46,0.06560483745906928
2025/chengdu/A57,0.0022783308664993352
2025/chengdu/A19,0.012053779516236447
2025/chengdu/C36,0.0011469158325476325
2025/chengdu/D31,0.0012497093922085648
2025/chengdu/E22,0.37754066879814546
2025/chengdu/C21,0.02595735719779685
2025/chengdu/A25,0.007176881945656949
2025/chengdu/D30,0.0023967308701289603
2025/chengdu/F16,0.002550912421286719
2025/chengdu/B44,0.0013750480276498648
2025/chengdu/D07,0.001707367485760838
2025/chengdu/D13,0.07263670636078697
2025/chengdu/C47,0.016152834822140957
2025/chengdu/A35,2.140217752356867E-4
2025/chengdu/A44,0.020023441289455244
2025/chengdu/E17,0.003621685478675127
2025/chengdu/A53,0.003621685478675127
2025/chengdu/C44,0.8933094060543487
2025/chengdu/A63,0.008061991528271641
2025/chengdu/D41,0.06560483745906928
2025/chengdu/B48,0.06560483745906928
2025/chengdu/B03,0.5428632831725052
2025/chengdu/E28,0.09947021388210707
2025/chengdu/A12,0.03846619201832428
2025/chengdu/D47,0.0013670256456563563
2025/chengdu/F32,0.017176709012318405
2025/chengdu/B64,8.195321744931782E-4
2025/chengdu/E25,0.02194825371486785
2025/chengdu/C17,0.0039148236056371685
2025/chengdu/C11,0.03161876726864548
2025/chengdu/F44,0.027585282226789985
2025/chengdu/E30,0.006589771663080563
2025/chengdu/C01,4.5876048501057506E-4
2025/chengdu/E39,0.992767236196521
2025/chengdu/C19,0.9173026573249612
2025/chengdu/E06,0.8670357598021706
2025/chengdu/A30,0.018404890389241722
2025/chengdu/C02,0.0020111583418261515
2025/chengdu/F15,9.721201143740995E-4
2025/chengdu/A14,0.01971912810734659
2025/chengdu/D22,8.135565350514415E-4
2025/chengdu/C49,6.717434055561937E-4
2025/chengdu/A07,6.810049367665441E-4
2025/chengdu/B54,0.018124720744468643
2025/chengdu/C40,0.006338921737094389
2025/chengdu/D34,0.002590979364429334
2025/chengdu/A18,0.0016166499416422906
2025/chengdu/E50,0.2974699426047947
2025/chengdu/B06,0.04208772791561884
2025/chengdu/A36,0.014728613849722676
2025/chengdu/A20,0.7279754489059775
2025/chengdu/B21,0.7310585786300049
2025/chengdu/E12,0.33458944125318596
2025/chengdu/C45,0.010328152519305191
2025/chengdu/A22,0.042722197546490565
2025/chengdu/F35,0.1480471980316895
2025/chengdu/A51,0.2658804730998169
2025/chengdu/D49,0.05419872982318558
2025/chengdu/B01,0.025565213923269593
2025/chengdu/A24,0.002540992626578983
2025/chengdu/E05,0.0028118586602633557
2025/chengdu/D33,0.0034296039240944865
2025/chengdu/A38,2.2782184915136856E-4
2025/chengdu/F46,7.602122820950182E-4
2025/chengdu/A62,0.0063883209097212856
2025/chengdu/B55,1.51773613058451E-4
2025/chengdu/C15,2.4109506320156088E-4
2025/chengdu/C46,7.850907981847236E-4
2025/chengdu/E44,0.001116014259843091
2025/chengdu/B37,0.0446808702726502
2025/chengdu/B32,8.517351718590214E-4
2025/chengdu/D40,0.004573864277626818
2025/chengdu/E48,3.2062365080568313E-4
2025/chengdu/C34,8.442883118997095E-4
2025/chengdu/F40,4.2554307397400885E-4
2025/chengdu/D21,0.0046818225243337366
2025/chengdu/B59,8.864989276457546E-4
2025/chengdu/A47,0.030675801710674105
2025/chengdu/E24,0.021287351793451054
2025/chengdu/A29,0.0011502769936460853
2025/chengdu/F42,0.0021657671990027
2025/chengdu/B09,0.0030994155155094484
2025/chengdu/D05,0.08509904500702024
2025/chengdu/B15,0.015543647930770626
2025/chengdu/A21,0.1561048974454574
2025/chengdu/F08,0.10087862273005653
2025/chengdu/B52,0.0209642408181275
2025/chengdu/B16,0.003363492495187692
2025/chengdu/A33,6.986756664856787E-4
2025/chengdu/F38,4.339325170191996E-4
2025/chengdu/B58,6.266398683217356E-4
2025/chengdu/C33,3.282245259583278E-4
2025/chengdu/E14,0.35220178204788966
2025/chengdu/B29,0.17328820592932656
2025/chengdu/A26,0.036220055864974746
2025/chengdu/D32,0.02245705292941607
2025/chengdu/F22,3.023824191302027E-4
2025/chengdu/D28,5.625758384044021E-4
2025/chengdu/D45,2.463295929740973E-4
2025/chengdu/B07,0.022629200033037256
2025/chengdu/F28,0.00740301408887263
2025/chengdu/C25,4.4076294791510137E-4
2025/chengdu/F01,0.001700722411435288
2025/chengdu/E32,0.001817283116449832
2025/chengdu/B41,0.02479816019558566
2025/chengdu/E45,0.005139611097568844
2025/chengdu/E47,3.597693831618363E-4
2025/chengdu/D10,0.0053849379617779605
2025/chengdu/F13,0.0016293088253926625
2025/chengdu/D08,0.002050743539917378
2025/chengdu/B19,0.0038543638269116958
2025/chengdu/F34,0.020645930739218447
2025/chengdu/F50,6.57655219446774E-4
2025/chengdu/B60,2.982776415551503E-4
2025/chengdu/B51,0.004867417345279046
2025/chengdu/E33,0.024053552894426178
2025/chengdu/D23,0.8056321889812553
2025/chengdu/E21,0.38121956625614994
2025/chengdu/C07,0.5117166047041654
2025/chengdu/B27,0.888758793492457
2025/chengdu/C10,0.523420348936324
2025/chengdu/A16,0.4378234991142019
2025/chengdu/F21,0.16885695214168314
2025/chengdu/A40,0.0011181936654834552
2025/chengdu/E15,0.6959583250334526
2025/chengdu/A64,0.036220055864974746
2025/chengdu/C42,0.009859855303538789
2025/chengdu/B33,0.002912178283114333
2025/chengdu/C50,0.042722197546490565
2025/chengdu/D25,0.02479816019558566
2025/chengdu/F17,0.002550912421286719
2025/chengdu/E01,0.0010691263618290232
2025/chengdu/C39,0.007176881945656949
2025/chengdu/E03,0.0037072528743862213
2025/chengdu/F19,0.014842417234248268
2025/chengdu/C29,0.09268777863937604
2025/chengdu/B63,7.873924277056449E-4
2025/chengdu/E09,7.231278192811478E-4
2025/chengdu/B45,0.2689414213699951
2025/chengdu/A08,0.042722197546490565
2025/chengdu/F39,8.025182470695554E-4
2025/chengdu/D36,6.355706284030816E-4
2025/chengdu/D04,0.02333076880848049
2025/chengdu/E27,0.022629200033037256
2025/chengdu/C26,4.2887921825186283E-4
2025/chengdu/C37,0.9964619139429115
2025/chengdu/B34,0.9935618974445167
2025/chengdu/D27,0.9880389017501905
2025/chengdu/E37,0.9252299570920387
2025/chengdu/F12,0.0012994274657913676
2025/chengdu/B42,0.6039318337259583
2025/chengdu/D11,0.07696083569602613
2025/chengdu/D50,0.033085978388704126
2025/chengdu/F31,0.4301473485858429
2025/chengdu/B35,0.26284183737131667
2025/chengdu/E26,0.013325147705881429
2025/chengdu/A27,0.00433150202056399
2025/chengdu/D37,0.0446808702726502
2025/chengdu/B11,3.604724908485579E-4
2025/chengdu/B62,0.014281933925111153
2025/chengdu/E36,0.020645930739218447
2025/chengdu/F37,0.007345826574477061
2025/chengdu/B04,0.00455611371445455
2025/chengdu/E43,0.003794834220043924
2025/chengdu/A46,0.053403329799824234
2025/chengdu/C08,0.014063627043245474
2025/chengdu/A58,0.5156199157230156
2025/chengdu/C24,0.9124361604769414
2025/chengdu/B02,0.11279540628289324
2025/chengdu/D14,0.06560483745906928
2025/chengdu/C27,0.17553807362342935
2025/chengdu/B31,0.20181322226037882
2025/chengdu/E20,0.010818448652863185
2025/chengdu/D20,0.00402290993572915
2025/chengdu/F09,0.0018458483368165377
2025/chengdu/E02,6.100452526319328E-4
2025/chengdu/C18,4.230579999847709E-4
2025/chengdu/F20,0.05108273695705249
2025/chengdu/A17,0.1968262036430985
2025/chengdu/E13,0.010489091259938018
2025/chengdu/A55,0.0026419468433311636
2025/chengdu/D15,0.0011357826534878648
2025/chengdu/B61,0.005819959584259008
2025/chengdu/A37,0.001498257510155306
2025/chengdu/C12,4.424872819840241E-4
2025/chengdu/B22,0.016029147365901317
2025/chengdu/A06,0.011158031248084033
2025/chengdu/C31,0.0028783480347663727
2025/chengdu/E10,0.0028783480347663727
2025/chengdu/A09,0.027169231535681047
2025/chengdu/B17,0.008577485413711986
2025/chengdu/E04,0.13117322376181567
2025/chengdu/F47,0.01124456072066409
2025/chengdu/A04,0.006850480026644968
2025/chengdu/B56,0.009936418705946226
2025/chengdu/A13,9.927261432440737E-4
2025/chengdu/C16,4.4989124599382915E-4
2025/chengdu/E18,1.9335655751025747E-4
2025/chengdu/F29,0.010735162609090678
2025/chengdu/B50,0.0037072528743862213
2025/chengdu/C38,0.0011972111981317268
2025/chengdu/D03,0.09807932347046003
2025/chengdu/B53,0.0446808702726502
2025/chengdu/A50,0.09009299396195182
2025/chengdu/C32,0.05665242530797383
2025/chengdu/F23,0.06008665017400762
2025/chengdu/D02,4.386169725200404E-4
2025/chengdu/F30,0.01971912810734659
2025/chengdu/E07,0.09138210306717136
2025/chengdu/B12,0.32082130082460697
2025/chengdu/D38,0.004609572179374208
2025/chengdu/A10,0.0031236485998533104
2025/chengdu/F43,0.0026939142019792367
2025/chengdu/F04,0.017986209962091555
2025/chengdu/A45,0.18010666408646395
2025/chengdu/B14,0.1143685261818125
2025/chengdu/A23,0.01971912810734659
2025/chengdu/D18,0.01971912810734659
2025/chengdu/B49,2.0184421628825368E-4
2025/chengdu/F11,0.0013617033749752196
2025/chengdu/B10,1.9260287692100854E-4
2025/chengdu/C48,0.05921025074128593
2025/chengdu/D01,0.019124036750888904
2025/chengdu/E38,0.007345826574477061
2025/chengdu/F45,0.020332353342658753
2025/chengdu/C35,0.020332353342658753
2025/chengdu/A01,6.861750301399576E-4
2025/chengdu/B28,0.010328152519305191
2025/chengdu/B26,0.03846619201832428
2025/chengdu/D29,0.0025016967402642916
2025/chengdu/D06,0.007066400963249157
2025/chengdu/E34,0.5583269943353745
2025/chengdu/B20,0.05665242530797383
2025/chengdu/F41,0.002260640836446661
2025/chengdu/A54,4.6826134144736884E-4
2025/chengdu/F10,0.0013564017974613941
2025/chengdu/D24,3.4938579313339757E-4
2025/chengdu/D16,0.023689471299374428
2025/chengdu/E29,6.035310383144193E-4
2025/chengdu/E19,3.2250721198683237E-4
2025/chengdu/F25,0.12252321251815919
2025/chengdu/B36,4.416242737334955E-4
2025/chengdu/C13,0.0028118586602633557
2025/chengdu/A02,9.585817389196951E-4
2025/chengdu/B08,0.002225670854115196
2025/chengdu/F36,3.396331890824769E-4
2025/chengdu/B47,0.9230391643039738
2025/chengdu/E42,0.8376199633332891
2025/chengdu/D17,0.7745833841649233
2025/chengdu/A56,0.21733752104706247
2025/chengdu/A48,0.011158031248084033
2025/chengdu/B30,0.002621440946167595
2025/chengdu/A43,5.398487041840329E-4
2025/chengdu/A11,1.5356239764960123E-4
2025/chengdu/B23,0.009340024385054083
2025/chengdu/A34,8.925743116770759E-4
2025/chengdu/C22,0.02843603304485266
2025/chengdu/C30,0.09138210306717136
2025/chengdu/D44,9.367396703791647E-4
2025/chengdu/A15,0.25386100696924885
2025/chengdu/C41,0.01652955655765428
2025/chengdu/F27,0.010818448652863185
2025/chengdu/F07,0.0033897832706247413
2025/chengdu/E08,2.1909604337771768E-4
2025/chengdu/A41,7.970553483977724E-4
2025/chengdu/D19,2.8517868924440355E-4
2025/chengdu/E23,0.011072160183234295
2025/chengdu/A52,0.008124708778180903
2025/chengdu/A49,0.0025016967402642916
2025/chengdu/B39,0.05419872982318558
2025/chengdu/C04,0.027585282226789985
2025/chengdu/E49,0.9241418199787566
2025/chengdu/A28,0.45713671682749485
2025/chengdu/F49,0.1581743527484317
2025/chengdu/B18,0.30735801686526387
2025/chengdu/E40,0.00643810255548328
2025/chengdu/B40,0.0053849379617779605
2025/chengdu/B38,0.0023322339175873403
2025/chengdu/F05,0.009859855303538789
2025/chengdu/F48,0.003510649113774665
2025/chengdu/B24,0.38861802670584894
2025/chengdu/A61,5.835476196495992E-4
2025/chengdu/D48,0.061875985723642724
2025/chengdu/C05,0.08632347658627028
2025/chengdu/A31,0.001343237860489667
2025/chengdu/F06,0.09947021388210707
2025/chengdu/E41,0.1561048974454574
2025/chengdu/B13,0.004943689078122551
2025/chengdu/E31,0.0023688742552270873
2025/chengdu/F33,0.9621075733703927
2025/chengdu/D39,0.9425067211996143
2025/chengdu/C23,0.8519528019683106
2025/chengdu/A03,0.8438951025545426
2025/chengdu/C06,0.004792316673138821
2025/chengdu/A32,0.001278060364875264
2025/chengdu/C43,5.463420892147277E-4
2025/chengdu/F18,0.03904829272622638
2025/chengdu/F03,0.036769466075598736
2025/chengdu/B05,0.08509904500702024
2025/chengdu/C09,0.0011672309581179784
2025/chengdu/A59,2.5613973500331804E-4
2025/chengdu/D46,0.020645930739218447
2025/nanjing/A0101,0.036769466075598736
2025/nanjing/B1004,0.31069438321455395
2025/nanjing/A0102,0.08389038641057993
2025/nanjing/B0807,0.07921032410902437
2025/nanjing/B1603,0.05184546664977983
2025/nanjing/B0802,0.11124120650754304
2025/nanjing/C0504,0.13117322376181567
2025/nanjing/A0103,0.0025859368699227133
2025/nanjing/A0904,0.9149009549929797
2025/nanjing/B1703,0.3276683008207139
2025/nanjing/A0104,0.014281933925111153
2025/nanjing/A0201,0.0010806605468203746
2025/nanjing/A0202,0.001754614410099487
2025/nanjing/A0203,0.0017503433972650263
2025/nanjing/A0204,0.016277460912713496
2025/nanjing/A0205,0.036220055864974746
2025/nanjing/C0902,0.009708476481474066
2025/nanjing/B1303,0.004117917643959034
2025/nanjing/A1805,0.036220055864974746
2025/nanjing/A0301,0.003111508539858309
2025/nanjing/A0302,0.02843603304485266
2025/nanjing/A0303,0.05665242530797383
2025/nanjing/B1003,0.9334308110294983
2025/nanjing/A0604,0.14033624949008322
2025/nanjing/B1106,0.061875985723642724
2025/nanjing/A0304,0.04208772791561884
2025/nanjing/A1401,0.014842417234248268
2025/nanjing/A1103,0.0044510412268872835
2025/nanjing/A0305,0.0035174884086584257
2025/nanjing/A0306,0.10970577387797074
2025/nanjing/A1806,0.020023441289455244
2025/nanjing/B0606,0.0035588038901142463
2025/nanjing/A0401,0.006615392678327907
2025/nanjing/B1101,0.0032730649706716308
2025/nanjing/C0206,0.0030873693457091405
2025/nanjing/A0402,0.08269734267503885
2025/nanjing/B1902,0.07585818002124356
2025/nanjing/A0403,0.02333076880848049
2025/nanjing/A0404,0.002128110030718733
2025/nanjing/C0704,0.001979075292214735
2025/nanjing/C1301,0.001107338985089895
2025/nanjing/A0405,6.719278067448447E-4
2025/nanjing/C1703,0.9909447358132779
2025/nanjing/A0406,0.9099070060380482
2025/nanjing/A0501,9.816506156119398E-4
2025/nanjing/A1406,8.813243505791146E-4
2025/nanjing/C0703,0.7090191337850932
2025/nanjing/A0502,0.05749327880038583
2025/nanjing/C1505,0.05261895334771377
2025/nanjing/A0503,0.0040543340867600355
2025/nanjing/A0504,0.0010883305008236451
2025/nanjing/A0505,0.030675801710674105
2025/nanjing/A0506,0.0012098304948884606
2025/nanjing/B1503,0.24798742624020276
2025/nanjing/B0605,0.17553807362342935
2025/nanjing/A0601,0.665410558746814
2025/nanjing/B0803,0.04672495862609242
2025/nanjing/C0501,0.016152834822140957
2025/nanjing/A0602,0.002441507006182415
2025/nanjing/B0903,0.3960681662740417
2025/nanjing/C1404,0.23091976292927183
2025/nanjing/A0603,0.11124120650754304
2025/nanjing/A2004,0.9173026573249612
2025/nanjing/A0605,0.013955710398273338
2025/nanjing/A1501,0.29421497216298875
2025/nanjing/A0701,0.07263670636078697
2025/nanjing/C0701,0.005159623176342565
2025/nanjing/B1801,0.05108273695705249
2025/nanjing/B1802,0.35220178204788966
2025/nanjing/A0702,0.07159119944455247
2025/nanjing/B0506,0.042722197546490565
2025/nanjing/C1401,0.09138210306717136
2025/nanjing/A0703,0.008847355082930386
2025/nanjing/A0704,0.10970577387797074
2025/nanjing/B0708,0.05261895334771377
2025/nanjing/C0603,0.08151975597471893
2025/nanjing/A0705,0.07921032410902437
2025/nanjing/B1404,0.006488269596656705
2025/nanjing/A1803,0.7490872131147275
2025/nanjing/A0706,0.5156199157230156
2025/nanjing/A0801,0.0020387870257647586
2025/nanjing/A0802,0.04958902298403175
2025/nanjing/B1805,0.007785654765367813
2025/nanjing/A0803,0.011961098249809548
2025/nanjing/B1901,0.01374232049590237
2025/nanjing/A1605,0.0032350559690690625
2025/nanjing/C1302,0.12085323249047067
2025/nanjing/C1606,0.019870713960402048
2025/nanjing/A0804,0.07807816514495095
2025/nanjing/A1005,0.08632347658627028
2025/nanjing/A0805,0.008985428752560176
2025/nanjing/A0901,4.6190583290238484E-4
2025/nanjing/B1202,0.025760559119668493
2025/nanjing/B1708,0.061875985723642724
2025/nanjing/A0902,0.039638839100970026
2025/nanjing/A1902,0.007011795381497108
2025/nanjing/A0903,0.07921032410902437
2025/nanjing/A0905,0.00566386523717883
2025/nanjing/A0906,0.07055959618729296
2025/nanjing/C0906,0.033085978388704126
2025/nanjing/C0604,0.8824278664544911
2025/nanjing/A1001,0.09009299396195182
2025/nanjing/B0704,0.25683199138751883
2025/nanjing/A1002,0.007345826574477061
2025/nanjing/A1003,0.35220178204788966
2025/nanjing/A1004,0.05582314113461443
2025/nanjing/B1005,0.0010699088620949651
2025/nanjing/C1306,0.38121956625614994
2025/nanjing/B1506,0.046033902399240385
2025/nanjing/A1006,0.008093289897373068
2025/nanjing/A1201,0.07055959618729296
2025/nanjing/C1806,0.0050998183029534174
2025/nanjing/A1101,0.003285833291878954
2025/nanjing/A1102,0.011419614645648401
2025/nanjing/A1104,0.003416278843770214
2025/nanjing/A1105,0.004382336640730745
2025/nanjing/B1608,0.0012814538070965679
2025/nanjing/B2005,0.0015199619969606985
2025/nanjing/B1007,0.09138210306717136
2025/nanjing/B1604,0.9579122720843811
2025/nanjing/B1208,0.6548947290421275
2025/nanjing/A1106,0.2877678157610531
2025/nanjing/A1202,0.3311197396289915
2025/nanjing/C0305,0.061875985723642724
2025/nanjing/A1602,0.0028449096649795012
2025/nanjing/A1203,6.070755804415096E-4
2025/nanjing/A1204,0.029760093945964218
2025/nanjing/A1205,0.0028393743849786717
2025/nanjing/C0502,0.9939847375745067
2025/nanjing/C0605,0.9917803069380321
2025/nanjing/A1206,0.9895109087400621
2025/nanjing/B1508,0.9546474194456936
2025/nanjing/C1902,0.004133968090452445
2025/nanjing/A1301,0.0032350559690690625
2025/nanjing/C0903,0.08509904500702024
2025/nanjing/C0503,0.13846179056896438
2025/nanjing/A1302,0.013020490113842825
2025/nanjing/A1303,0.0014636012096645604
2025/nanjing/A1304,0.001477222570306176
2025/nanjing/C1402,0.032589744766025344
2025/nanjing/A1305,0.0013302015099117559
2025/nanjing/C1101,0.05834584061168106
2025/nanjing/B2007,0.06560483745906928
2025/nanjing/A1306,0.001107338985089895
2025/nanjing/A1402,4.547479032588127E-4
2025/nanjing/A1404,0.17553807362342935
2025/nanjing/A1405,0.0021699921585598995
2025/nanjing/A1502,0.012722708199923246
2025/nanjing/A1504,0.027585282226789985
2025/nanjing/A1505,0.0022805518091805065
2025/nanjing/A1506,0.009412589587609823
2025/nanjing/A1601,0.023689471299374428
2025/nanjing/C2003,0.013848610215564576
2025/nanjing/B1306,0.008412977570977689
2025/nanjing/A1603,0.002725582659228603
2025/nanjing/A1604,0.024609928625961945
2025/nanjing/C1601,0.0675466911396291
2025/nanjing/A1606,0.03846619201832428
2025/nanjing/C1303,0.640635854839898
2025/nanjing/A1701,0.013121271126550956
2025/nanjing/B1206,0.1581743527484317
2025/nanjing/A1702,0.0446808702726502
2025/nanjing/C1502,0.07055959618729296
2025/nanjing/A1704,0.0015262738939404632
2025/nanjing/B0906,0.05921025074128593
2025/nanjing/A1705,0.22270013882530884
2025/nanjing/B1505,0.039638839100970026
2025/nanjing/A1706,0.0037217086507213993
2025/nanjing/A1801,0.008711384457705508
2025/nanjing/B0907,0.001976184103258178
2025/nanjing/A1802,0.0015777203681143616
2025/nanjing/B1904,0.011158031248084033
2025/nanjing/A1804,0.09268777863937604
2025/nanjing/B1605,0.09268777863937604
2025/nanjing/B1008,0.8539127529517043
2025/nanjing/C0802,0.15203224162217424
2025/nanjing/B0806,0.1480471980316895
2025/nanjing/A1903,0.08035746882220708
2025/nanjing/B2001,0.002725582659228603
2025/nanjing/A1904,8.183335484221794E-4
2025/nanjing/A1905,0.006413163741325347
2025/nanjing/B0602,0.0014924705530848974
2025/nanjing/C1203,0.002575881226529474
2025/nanjing/A1906,0.0012303582820496156
2025/nanjing/A2003,0.035678550877730524
2025/nanjing/A2005,0.7520125737597972
2025/nanjing/B1706,0.08269734267503885
2025/nanjing/C1006,0.04958902298403175
2025/nanjing/A2006,0.25386100696924885
2025/nanjing/B0501,0.022629200033037256
2025/nanjing/B1205,8.596669549306253E-4
2025/nanjing/B0502,0.014392336369436931
2025/nanjing/C1904,0.007606672164523265
2025/nanjing/B0503,0.06097518086496481
2025/nanjing/B1304,0.02537131147440214
2025/nanjing/C1503,0.001535978041718094
2025/nanjing/B1108,0.0446808702726502
2025/nanjing/B1502,0.14414885303274058
2025/nanjing/B0504,0.0012042382267672433
2025/nanjing/B0505,0.004485794577039704
2025/nanjing/B2002,0.0011057198862159613
2025/nanjing/B0507,0.0011014138408774734
2025/nanjing/B0508,0.03846619201832428
2025/nanjing/B1606,0.003311519060269664
2025/nanjing/C1206,0.8933094060543487
2025/nanjing/C0404,0.030908958517211163
2025/nanjing/B0601,0.024423090054107213
2025/nanjing/B0603,0.0017787250526685708
2025/nanjing/B0604,0.6150878555160665
2025/nanjing/C0705,0.02017731832286999
2025/nanjing/C1504,0.004645557549716042
2025/nanjing/C0803,0.9898303422461273
2025/nanjing/B2008,0.8175744761936437
2025/nanjing/B0607,0.1871326821624266
2025/nanjing/C1001,0.017176709012318405
2025/nanjing/B0701,0.38491214448393346
2025/nanjing/B0902,0.2751297238231752
2025/nanjing/B1203,0.003135835877283034
2025/nanjing/B1105,0.032344332381157095
2025/nanjing/B0702,0.028870906946287907
2025/nanjing/C0401,0.00564190850002335
2025/nanjing/B0703,0.07921032410902437
2025/nanjing/B1903,0.053403329799824234
2025/nanjing/B0706,0.14033624949008322
2025/nanjing/C0406,0.002963668429220373
2025/nanjing/B0707,0.027169231535681047
2025/nanjing/B0801,0.0044165559311439735
2025/nanjing/B0804,0.03846619201832428
2025/nanjing/C0306,0.0017057037911906326
2025/nanjing/B0805,0.006744989542092038
2025/nanjing/C1304,0.06656918897050168
2025/nanjing/B0808,0.6513548646660542
2025/nanjing/C0905,0.25683199138751883
2025/nanjing/C1603,0.23651623644570763
2025/nanjing/B0904,0.01868930842674908
2025/nanjing/B1607,0.0014227911446866436
2025/nanjing/B0905,0.0010691263618290232
2025/nanjing/C0904,0.7248702761768248
2025/nanjing/B0908,0.0953494648991095
2025/nanjing/B1804,0.04401864986294638
2025/nanjing/B1002,0.0021322616859826855
2025/nanjing/B1808,0.0018386652876885773
2025/nanjing/B1006,0.001532238407979156
2025/nanjing/B1102,0.003642891051949019
2025/nanjing/C1501,0.9912886155422945
2025/nanjing/B1103,0.9900635812940538
2025/nanjing/B1405,0.9839708526340988
2025/nanjing/C2004,0.9755769099458929
2025/nanjing/B1104,0.027795622581245058
2025/nanjing/B1107,0.0012975278690254886
2025/nanjing/C1903,0.09138210306717136
2025/nanjing/B1201,0.027169231535681047
2025/nanjing/B1204,7.509956842987649E-4
2025/nanjing/B1207,0.0037000459774197757
2025/nanjing/B1301,0.004627530047867153
2025/nanjing/B1302,0.008511303026562552
2025/nanjing/B1305,7.546688484526404E-4
2025/nanjing/B1307,0.016152834822140957
2025/nanjing/C1702,0.00203184454570127
2025/nanjing/B1308,7.173294066902338E-4
2025/nanjing/B1401,0.003678508928875723
2025/nanjing/B1402,0.0675466911396291
2025/nanjing/C1805,0.005774929853444154
2025/nanjing/C0403,0.00643810255548328
2025/nanjing/B1403,0.00517971277035707
2025/nanjing/B1406,9.008860662918247E-4
2025/nanjing/B1407,0.13660839002621938
2025/nanjing/C0303,0.06278920859705135
2025/nanjing/C1705,0.8104789086703224
2025/nanjing/B1408,0.16026603232776068
2025/nanjing/B1501,0.023689471299374428
2025/nanjing/B1504,6.825019082634147E-4
2025/nanjing/B1507,0.03904829272622638
2025/nanjing/B1601,0.024053552894426178
2025/nanjing/B1602,7.041515890570883E-4
2025/nanjing/B1701,0.00740301408887263
2025/nanjing/B1702,5.658799865413885E-4
2025/nanjing/B1704,0.0446808702726502
2025/nanjing/B1705,0.03161876726864548
2025/nanjing/B1707,0.05665242530797383
2025/nanjing/B1803,0.03410042571231151
2025/nanjing/C0505,0.010489091259938018
2025/nanjing/C1105,0.013121271126550956
2025/nanjing/B1807,0.008711384457705508
2025/nanjing/B1905,0.011158031248084033
2025/nanjing/B1906,0.027169231535681047
2025/nanjing/B1907,0.006338921737094389
2025/nanjing/B1908,0.04813677111663481
2025/nanjing/B2003,0.6113819732941511
2025/nanjing/C0606,0.34864513533394575
2025/nanjing/C0106,0.19930799790404563
2025/nanjing/C1305,0.17553807362342935
2025/nanjing/B2004,0.09268777863937604
2025/nanjing/C1801,0.6076631698328917
2025/nanjing/C0804,0.5851011542032312
2025/nanjing/C0103,0.32423539898095244
2025/nanjing/C0105,0.0011867473724412375
2025/nanjing/C0203,0.01590639171181471
2025/nanjing/C1106,0.13660839002621938
2025/nanjing/C0204,0.06954174450582809
2025/nanjing/C0205,0.0077555367808475675
2025/nanjing/C0301,0.0038996206725778896
2025/nanjing/C0302,0.0030994155155094484
2025/nanjing/C0304,0.037892426629607394
2025/nanjing/C0602,0.40356685373537454
2025/nanjing/C0405,0.0041987952714718675
2025/nanjing/C0506,0.016785489890063697
2025/nanjing/C1802,0.003794834220043924
2025/nanjing/C0601,0.033085978388704126
2025/nanjing/C0702,0.008445626941126032
2025/nanjing/C0801,4.728544345203107E-4
2025/nanjing/C0806,0.008061991528271641
2025/nanjing/C0901,0.0030160662173845665
2025/nanjing/C1002,0.13117322376181567
2025/nanjing/C1003,0.0022300124120308395
2025/nanjing/C1004,0.0011444014012440109
2025/nanjing/C1005,9.03967746759475E-4
2025/nanjing/C1102,0.007518718061432194
2025/nanjing/C1103,0.0015624118855001345
2025/nanjing/C1104,0.004700060535050779
2025/nanjing/C1201,0.001498257510155306
2025/nanjing/C1202,0.07921032410902437
2025/nanjing/C1706,0.658417500561683
2025/nanjing/C1204,0.005533387939014027
2025/nanjing/C1205,0.029312230751356316
2025/nanjing/C1403,0.0016241542621332472
2025/nanjing/C1405,0.0016654449947571441
2025/nanjing/C1506,0.0063883209097212856
2025/nanjing/C1602,0.13846179056896438
2025/nanjing/C1604,0.007876706716587462
2025/nanjing/C1704,0.0015931786036183567
2025/nanjing/C1803,0.0050800369984775355
2025/nanjing/C1804,0.0015777203681143616
2025/nanjing/C1901,0.12592276483513232
2025/nanjing/C1905,0.15405756269148546
2025/shanghai/C62,0.03384403534049258
2025/shanghai/C45,0.6297746074044134
2025/shanghai/D83,0.184767510648
2025/shanghai/E43,0.5621765008857981
2025/shanghai/F12,0.03514484640079327
2025/shanghai/A18,0.012431650853185818
2025/shanghai/D52,0.00834805380978326
2025/shanghai/B22,0.849971175657575
2025/shanghai/A12,0.679178699175393
2025/shanghai/D46,0.22815650216092537
2025/shanghai/F25,0.411110869232168
2025/shanghai/A23,0.15203224162217424
2025/shanghai/C47,0.29098086621490676
2025/shanghai/F55,0.08509904500702024
2025/shanghai/A81,0.1422318950098963
2025/shanghai/C68,0.028652669309593447
2025/shanghai/B54,0.03541073007632382
2025/shanghai/D22,0.9961155234512341
2025/shanghai/B78,0.995961162920492
2025/shanghai/E68,0.9853561742078856
2025/shanghai/C34,0.9950466937177589
2025/shanghai/D58,0.010408314101072437
2025/shanghai/F37,0.22815650216092537
2025/shanghai/B42,0.005343255956149592
2025/shanghai/C36,0.009196552423046733
2025/shanghai/D31,0.09268777863937604
2025/shanghai/F66,0.0053640566906201104
2025/shanghai/D21,0.10087862273005653
2025/shanghai/E37,0.04958902298403175
2025/shanghai/D84,0.9149009549929797
2025/shanghai/F48,0.7662936430859597
2025/shanghai/E16,0.43398146480389854
2025/shanghai/C83,0.0041824941855914755
2025/shanghai/D43,0.048857778622174906
2025/shanghai/C13,0.1500288243424251
2025/shanghai/B73,0.0035380860570885376
2025/shanghai/C31,0.014728613849722676
2025/shanghai/F34,0.008187909901696235
2025/shanghai/E28,0.03210070671700819
2025/shanghai/B11,0.2068940488158881
2025/shanghai/D45,0.01691491326672651
2025/shanghai/E61,0.009020279501402172
2025/shanghai/F26,0.38491214448393346
2025/shanghai/A67,0.01495708659314999
2025/shanghai/F61,0.008445626941126032
2025/shanghai/D25,0.012147170099805133
2025/shanghai/E66,0.001881727312703009
2025/shanghai/B84,0.006957608807376377
2025/shanghai/C86,0.8267117940706734
2025/shanghai/B38,0.712232184238947
2025/shanghai/A11,0.44939263446475963
2025/shanghai/D67,0.5195213219520929
2025/shanghai/B74,0.046033902399240385
2025/shanghai/B76,0.01704531725343583
2025/shanghai/D38,0.00517971277035707
2025/shanghai/A66,0.003780095488712285
2025/shanghai/D47,0.19193278644723683
2025/shanghai/A28,0.9606574967357419
2025/shanghai/D71,0.9549844683997677
2025/shanghai/E26,0.38861802670584894
2025/shanghai/F16,0.2068940488158881
2025/shanghai/C57,0.020332353342658753
2025/shanghai/E35,0.03514484640079327
2025/shanghai/F18,0.018833129890434692
2025/shanghai/F47,0.3629692055196168
2025/shanghai/C73,0.3629692055196168
2025/shanghai/B24,0.1581743527484317
2025/shanghai/D78,0.09268777863937604
2025/shanghai/E34,0.08509904500702024
2025/shanghai/A46,0.034880886936679296
2025/shanghai/A35,0.33458944125318596
2025/shanghai/E24,0.23934934732271168
2025/shanghai/C37,0.03904829272622638
2025/shanghai/E53,0.13846179056896438
2025/shanghai/B21,0.004627530047867153
2025/shanghai/E27,0.4378234991142019
2025/shanghai/F57,0.004718369255027519
2025/shanghai/E64,0.01704531725343583
2025/shanghai/C53,0.003111508539858309
2025/shanghai/A56,0.22270013882530884
2025/shanghai/C43,0.018833129890434692
2025/shanghai/B44,0.016785489890063697
2025/shanghai/B12,0.08151975597471893
2025/shanghai/D13,0.006877107658230662
2025/shanghai/D72,0.0040543340867600355
2025/shanghai/B47,0.008644177936723585
2025/shanghai/C12,0.09670579329612154
2025/shanghai/A37,0.29098086621490676
2025/shanghai/E15,0.006564249220774553
2025/shanghai/F67,0.7931059511841119
2025/shanghai/E23,0.05108273695705249
2025/shanghai/D14,0.16885695214168314
2025/shanghai/A61,0.0014946551212124204
2025/shanghai/D66,0.672331699179286
2025/shanghai/A26,0.4455295350395727
2025/shanghai/D65,0.0022827749119082143
2025/shanghai/B36,0.2068940488158881
2025/shanghai/F14,0.10970577387797074
2025/shanghai/E57,0.09807932347046003
2025/shanghai/A72,0.08389038641057993
2025/shanghai/C78,0.6442251064863697
2025/shanghai/B35,0.025760559119668493
2025/shanghai/A53,0.017309095753668163
2025/shanghai/F33,0.007232763803479049
2025/shanghai/B58,0.030444348432624533
2025/shanghai/D76,0.034880886936679296
2025/shanghai/C72,0.01956867555531235
2025/shanghai/A74,0.19193278644723683
2025/shanghai/B71,0.012821214266594244
2025/shanghai/A84,0.007725534397423479
2025/shanghai/C66,0.019124036750888904
2025/shanghai/F15,0.017712298703411445
2025/shanghai/D68,0.005159623176342565
2025/shanghai/B37,0.007066400963249157
2025/shanghai/D18,0.015663648711668327
2025/shanghai/A21,0.00551193421080702
2025/shanghai/D63,0.03846619201832428
2025/shanghai/A71,0.035678550877730524
2025/shanghai/F58,0.004755199909833047
2025/shanghai/D87,0.006050397688214567
2025/shanghai/B43,0.006744989542092038
2025/shanghai/F32,0.002193376869172132
2025/shanghai/A31,0.09401017961657226
2025/shanghai/F44,0.08389038641057993
2025/shanghai/E17,0.480478678047907
2025/shanghai/C55,0.02297736991002561
2025/shanghai/B28,0.009708476481474066
2025/shanghai/A45,0.004503272417089224
2025/shanghai/E21,0.04672495862609242
2025/shanghai/E45,0.28140560742914383
2025/shanghai/E25,0.0010282108871371872
2025/shanghai/A48,0.17781086947804958
2025/shanghai/A82,0.2974699426047947
2025/shanghai/A27,0.06853749303199023
2025/shanghai/D62,0.0032730649706716308
2025/shanghai/B86,0.010169657753872614
2025/shanghai/E31,0.007431773334291191
2025/shanghai/C26,0.7956581000631541
2025/shanghai/F63,0.5156199157230156
2025/shanghai/D81,0.12252321251815919
2025/shanghai/B68,0.04336579876390677
2025/shanghai/A87,0.0499585240665846
2025/shanghai/A24,0.021287351793451054
2025/shanghai/B13,0.08756383952305867
2025/shanghai/C38,0.0399373142069266
2025/shanghai/E48,0.031380429512976746
2025/shanghai/A55,0.033589505650103976
2025/shanghai/E33,0.015663648711668327
2025/shanghai/D28,0.031143830534778462
2025/shanghai/B87,0.011687257995694434
2025/shanghai/F45,0.013955710398273338
2025/shanghai/F54,0.004078062521663428
2025/shanghai/C42,0.00226946865448694
2025/shanghai/D64,0.12592276483513232
2025/shanghai/F56,0.08389038641057993
2025/shanghai/D74,0.005322535451112772
2025/shanghai/C14,0.04023794262361602
2025/shanghai/B62,0.004248079086738752
2025/shanghai/E14,0.0025163611540199066
2025/shanghai/F17,0.018833129890434692
2025/shanghai/F23,0.021781171331499802
2025/shanghai/B55,0.003311519060269664
2025/shanghai/E46,0.9695556515673754
2025/shanghai/D73,0.9433475746920261
2025/shanghai/B66,0.5428632831725052
2025/shanghai/C33,0.5350984286266115
2025/shanghai/B88,0.0050407031118456435
2025/shanghai/E55,0.08509904500702024
2025/shanghai/C74,0.08151975597471893
2025/shanghai/B15,0.06954174450582809
2025/shanghai/A64,0.06656918897050168
2025/shanghai/D35,0.870597268408361
2025/shanghai/B57,0.6992544210587585
2025/shanghai/C63,0.6513548646660542
2025/shanghai/F43,0.14033624949008322
2025/shanghai/B75,0.007636216494667212
2025/shanghai/C32,0.010408314101072437
2025/shanghai/D41,0.0018288341306353958
2025/shanghai/B81,0.004727550215796122
2025/shanghai/C87,0.006850480026644968
2025/shanghai/B83,0.01495708659314999
2025/shanghai/A52,0.3702253925955866
2025/shanghai/C51,0.024237634712630244
2025/shanghai/D27,0.016152834822140957
2025/shanghai/F71,0.2658804730998169
2025/shanghai/D42,0.010735162609090678
2025/shanghai/E52,0.014063627043245474
2025/shanghai/A76,0.06656918897050168
2025/shanghai/E11,0.0039148236056371685
2025/shanghai/A32,0.0034564096680654286
2025/shanghai/E12,0.04336579876390677
2025/shanghai/B67,0.007606672164523265
2025/shanghai/E51,0.08151975597471893
2025/shanghai/D36,0.0033244368916556374
2025/shanghai/B56,0.0050998183029534174
2025/shanghai/A58,0.0050407031118456435
2025/shanghai/D15,0.001236976234243279
2025/shanghai/E44,0.16885695214168314
2025/shanghai/A62,0.11279540628289324
2025/shanghai/B32,0.02479816019558566
2025/shanghai/C75,0.16026603232776068
2025/shanghai/D53,0.009196552423046733
2025/shanghai/E47,0.012241275291807161
2025/shanghai/A47,0.002144765206335732
2025/shanghai/C82,0.029312230751356316
2025/shanghai/A65,0.06008665017400762
2025/shanghai/E63,0.25091278688527247
2025/shanghai/B16,0.1968262036430985
2025/shanghai/F13,0.31405054499180746
2025/shanghai/C76,0.3998116407397951
2025/shanghai/B34,0.2877678157610531
2025/shanghai/D86,0.6334102636778401
2025/shanghai/C81,0.024237634712630244
2025/shanghai/A77,0.1500288243424251
2025/shanghai/F46,0.11124120650754304
2025/shanghai/B33,0.014063627043245474
2025/shanghai/D26,0.014615670100635955
2025/shanghai/F21,0.9032942067038784
2025/shanghai/D34,0.8757869916479466
2025/shanghai/A63,0.7371581626286834
2025/shanghai/E18,0.7401743620390163
2025/shanghai/B14,0.006026951588401447
2025/shanghai/C64,0.7718434978390747
2025/shanghai/B26,0.1422318950098963
2025/shanghai/F64,0.23370635691404026
2025/shanghai/F41,0.05500528829345415
2025/shanghai/C85,0.011419614645648401
2025/shanghai/D77,0.0013640293174267291
2025/shanghai/A43,0.07696083569602613
2025/shanghai/C18,0.01652955655765428
2025/shanghai/E56,0.13117322376181567
2025/shanghai/B85,0.007204769088868756
2025/shanghai/D88,0.0050800369984775355
2025/shanghai/B18,0.07369626970604846
2025/shanghai/C61,0.033085978388704126
2025/shanghai/D75,0.5851011542032312
2025/shanghai/E38,0.5736784074525096
2025/shanghai/A16,0.746138993030751
2025/shanghai/B31,0.17553807362342935
2025/shanghai/C16,0.24798742624020276
2025/shanghai/B77,0.8774767874818407
2025/shanghai/A85,0.8031737963569016
2025/shanghai/D37,0.19436781101874467
2025/shanghai/A14,0.07369626970604846
2025/shanghai/E54,0.7879311956428947
2025/shanghai/B64,0.12085323249047067
2025/shanghai/A75,0.11920292202211755
2025/shanghai/C52,0.09807932347046003
2025/shanghai/C27,0.3665897363221599
2025/shanghai/A54,0.06097518086496481
2025/shanghai/B25,0.06097518086496481
2025/shanghai/D57,0.0023827619516659836
2025/shanghai/D56,0.01024860192315863
2025/shanghai/A15,0.003628740302085432
2025/shanghai/C65,0.06465348835622392
2025/shanghai/F28,0.003991728369413719
2025/shanghai/F11,0.08269734267503885
2025/shanghai/A73,0.08269734267503885
2025/shanghai/C22,0.03461883883917583
2025/shanghai/C58,0.07477004290796138
2025/shanghai/D51,0.0364937662290278
2025/shanghai/A78,0.005685906935227819
2025/shanghai/D61,0.3451052709578724
2025/shanghai/C67,0.09670579329612154
2025/shanghai/F35,0.3007455789412415
2025/shanghai/C41,0.01744248473620534
2025/shanghai/B23,0.009055264186722086
2025/shanghai/C88,0.07696083569602613
2025/shanghai/D55,0.0016982371703354406
2025/shanghai/A88,0.003135835877283034
2025/shanghai/B63,0.5273165233795671
2025/shanghai/C21,0.4610167793123159
2025/shanghai/E13,0.5039061705290805
2025/shanghai/A41,0.0020748668989992733
2025/shanghai/A13,0.24508501313237172
2025/shanghai/F51,0.02297736991002561
2025/shanghai/F27,0.07159119944455247
2025/shanghai/F42,0.0018675659778932805
2025/shanghai/B52,0.0015869772459312023
2025/shanghai/A33,9.947863314302675E-4
2025/shanghai/B53,0.006097562192575309
2025/shanghai/A68,0.0014465744053082752
2025/shanghai/F38,0.018404890389241722
2025/shanghai/C44,0.011508149064303403
2025/shanghai/D54,0.10970577387797074
2025/shanghai/E41,0.009783876017655003
2025/shanghai/C54,0.006692850924284856
2025/shanghai/D11,0.006026951588401447
2025/shanghai/E58,0.019870713960402048
2025/shanghai/A44,0.024423090054107213
2025/shanghai/B48,0.004101929257867252
2025/shanghai/A25,0.6959583250334526
2025/shanghai/D23,0.08756383952305867
2025/shanghai/C48,0.013428254741968517
2025/shanghai/B46,0.001143006874953031
2025/shanghai/E36,0.0012035043266613657
2025/shanghai/D16,0.0024726231566347748
2025/shanghai/B17,0.001976184103258178
2025/shanghai/F65,0.0013393136150903482
2025/shanghai/F36,0.012722708199923246
2025/shanghai/C11,0.018124720744468643
2025/shanghai/B51,0.11757213354550883
2025/shanghai/D17,0.25091278688527247
2025/shanghai/E67,0.1422318950098963
2025/shanghai/B61,0.08035746882220708
2025/shanghai/C77,0.07696083569602613
2025/shanghai/D48,0.004382336640730745
2025/shanghai/A38,0.0010367724767666206
2025/shanghai/A86,0.007547923375900623
2025/shanghai/D24,0.0011143824905424293
2025/shanghai/C23,0.014728613849722676
2025/shanghai/E65,0.004348381321947626
2025/shanghai/D82,0.010328152519305191
2025/shanghai/C46,0.007345826574477061
2025/shanghai/E22,0.004365326111393966
2025/shanghai/A57,0.007518718061432194
2025/shanghai/F52,7.166297333957789E-4
2025/shanghai/A17,0.028870906946287907
2025/shanghai/F31,0.006692850924284856
2025/shanghai/C17,0.010818448652863185
2025/shanghai/C35,0.0027846088394872927
2025/shanghai/B45,0.8902942261220291
2025/shanghai/C56,0.015784561073809773
2025/shanghai/D12,0.06371499425196533
2025/shanghai/B41,0.12765262532179067
2025/shanghai/D32,0.03210070671700819
2025/shanghai/E32,0.016277460912713496
2025/shanghai/A34,0.0143370304240108
2025/shanghai/E42,0.025178841700601855
2025/shanghai/A42,0.10818895456207035
2025/shanghai/F53,0.10818895456207035
2025/shenyang/I_A01,0.005763726647760405
2025/shenyang/I_A02,0.10230470789265303
2025/shenyang/I_Y13,0.025565213923269593
2025/shenyang/I_A03,0.037326887344129464
2025/shenyang/I_Y14,0.014728613849722676
2025/shenyang/I_Y10,0.010944577400979882
2025/shenyang/I_M09,0.12940273159163906
2025/shenyang/I_M05,0.029760093945964218
2025/shenyang/I_M01,0.010169657753872614
2025/shenyang/I_A04,0.03283695602724524
2025/shenyang/I_A05,0.0050998183029534174
2025/shenyang/I_A06,0.036220055864974746
2025/shenyang/I_A07,0.011961098249809548
2025/shenyang/I_A08,0.012870749215746782
2025/shenyang/I_Y16,0.007232763803479049
2025/shenyang/I_A09,0.008445626941126032
2025/shenyang/I_A10,0.007785654765367813
2025/shenyang/I_A14,0.005426943348925353
2025/shenyang/I_A11,0.0036713577042067603
2025/shenyang/I_A12,0.007547923375900623
2025/shenyang/I_A13,0.005922556751347817
2025/shenyang/I_A15,0.008985428752560176
2025/shenyang/I_A16,0.021615332762647654
2025/shenyang/I_B01,0.012722708199923246
2025/shenyang/I_B02,0.004573864277626818
2025/shenyang/I_B03,0.10374862686637971
2025/shenyang/I_B04,0.07159119944455247
2025/shenyang/I_B05,0.006744989542092038
2025/shenyang/I_C02,0.7154239957834733
2025/shenyang/I_B14,0.05184546664977983
2025/shenyang/I_B10,0.032344332381157095
2025/shenyang/I_B06,0.07369626970604846
2025/shenyang/I_B11,0.01052971212461742
2025/shenyang/I_B15,0.012241275291807161
2025/shenyang/I_B07,0.010091315485195006
2025/shenyang/I_C04,0.6224593312018546
2025/shenyang/I_B16,0.030675801710674105
2025/shenyang/I_B08,0.01024860192315863
2025/shenyang/I_B12,0.009268013380914325
2025/shenyang/I_B09,0.007345826574477061
2025/shenyang/I_B13,0.01757688326733593
2025/shenyang/I_C09,0.9955920237497556
2025/shenyang/I_C13,0.9954791819538289
2025/shenyang/I_C01,0.9853279650847626
2025/shenyang/I_C05,0.9839708526340988
2025/shenyang/I_C11,0.19436781101874467
2025/shenyang/I_C07,0.03435868933300902
2025/shenyang/I_C03,0.037892426629607394
2025/shenyang/I_C10,0.0076214301235499275
2025/shenyang/I_D02,0.010714440388648737
2025/shenyang/I_C14,0.0062050225343087085
2025/shenyang/I_C06,0.01621503010931627
2025/shenyang/I_C08,0.008380453351026062
2025/shenyang/I_C16,0.20434189993684582
2025/shenyang/I_C12,0.04115288921744485
2025/shenyang/I_C15,0.025178841700601855
2025/shenyang/I_D05,0.02595735719779685
2025/shenyang/I_D01,0.01159736182363297
2025/shenyang/I_D03,0.004972596572687351
2025/shenyang/I_D08,0.0079842698648867
2025/shenyang/I_D04,0.010860331013277531
2025/shenyang/I_D06,0.003806851581756267
2025/shenyang/I_D11,0.00912563738918052
2025/shenyang/I_D07,0.005831271451275555
2025/shenyang/I_D09,0.26284183737131667
2025/shenyang/I_D13,0.1242130083520534
2025/shenyang/I_E01,0.06465348835622392
2025/shenyang/I_D10,0.009340024385054083
2025/shenyang/I_D12,0.08035746882220708
2025/shenyang/I_D14,0.010091315485195006
2025/shenyang/I_D15,0.008251598569085517
2025/shenyang/I_D16,0.008985428752560176
2025/shenyang/I_E02,0.024423090054107213
2025/shenyang/I_E07,0.006050397688214567
2025/shenyang/I_E03,0.02655657099549924
2025/shenyang/I_E04,0.006564249220774553
2025/shenyang/I_E09,0.01028830113371619
2025/shenyang/I_E13,0.005225199312594528
2025/shenyang/I_E05,0.004792316673138821
2025/shenyang/I_F02,0.022286185539225494
2025/shenyang/I_E14,0.06853749303199023
2025/shenyang/I_E10,0.006984649917134321
2025/shenyang/I_E06,0.006654009847383383
2025/shenyang/I_E08,0.02655657099549924
2025/shenyang/I_E11,0.023509452407533014
2025/shenyang/I_E12,0.03846619201832428
2025/shenyang/I_E15,0.005888159475804548
2025/shenyang/I_F04,0.08882029240011771
2025/shenyang/I_F08,0.02112519189594821
2025/shenyang/I_E16,0.013532148655407106
2025/shenyang/I_F01,0.523420348936324
2025/shenyang/I_F03,0.004231587478161331
2025/shenyang/I_F13,0.411110869232168
2025/shenyang/I_F05,0.03934250326425821
2025/shenyang/I_F09,0.05300977201585542
2025/shenyang/I_F10,0.027376488778351356
2025/shenyang/I_F06,0.03021458706739398
2025/shenyang/I_F07,0.007260866498285615
2025/shenyang/I_F15,0.10669059394565118
2025/shenyang/I_F11,0.005159623176342565
2025/shenyang/I_G04,0.5698526514141571
2025/shenyang/I_F12,0.053799643460063995
2025/shenyang/I_F16,0.07585818002124356
2025/shenyang/I_G02,0.008124708778180903
2025/shenyang/I_F14,0.021450729175489416
2025/shenyang/I_G01,0.033085978388704126
2025/shenyang/I_G03,0.00455611371445455
2025/shenyang/I_G09,0.0446808702726502
2025/shenyang/I_G05,0.02245705292941607
2025/shenyang/I_G13,0.061875985723642724
2025/shenyang/I_H01,0.061875985723642724
2025/shenyang/I_G06,0.008711384457705508
2025/shenyang/I_G07,0.005922556751347817
2025/shenyang/I_G08,0.023870834952430912
2025/shenyang/I_G12,0.012241275291807161
2025/shenyang/I_G16,0.024987794590900315
2025/shenyang/I_G10,0.009936418705946226
2025/shenyang/I_G14,0.010328152519305191
2025/shenyang/I_H07,0.04208772791561884
2025/shenyang/I_G15,0.06371499425196533
2025/shenyang/I_H03,0.021781171331499802
2025/shenyang/I_G11,0.07263670636078697
2025/shenyang/I_H06,0.010489091259938018
2025/shenyang/I_H02,0.0046818225243337366
2025/shenyang/I_H08,0.20181322226037882
2025/shenyang/I_H04,0.020804489950607352
2025/shenyang/I_H09,0.010489091259938018
2025/shenyang/I_H05,0.005159623176342565
2025/shenyang/I_H10,0.0029050977742629976
2025/shenyang/I_H11,0.009449081319055452
2025/shenyang/I_H16,0.006538824977235005
2025/shenyang/I_H12,0.004627530047867153
2025/shenyang/I_I05,0.01507262830894569
2025/shenyang/I_I01,0.007260866498285615
2025/shenyang/I_H13,0.009020279501402172
2025/shenyang/I_I09,0.00683720463204562
2025/shenyang/I_H14,0.006797531550373378
2025/shenyang/I_I03,0.08882029240011771
2025/shenyang/I_I07,0.013171949881556448
2025/shenyang/I_H15,0.010944577400979882
2025/shenyang/I_I02,0.007533306673119463
2025/shenyang/I_I06,0.039638839100970026
2025/shenyang/I_I10,0.039638839100970026
2025/shenyang/I_I04,0.005322535451112772
2025/shenyang/I_I08,0.004958121862890058
2025/shenyang/I_I11,0.01124456072066409
2025/shenyang/I_I12,0.008478401934677453
2025/shenyang/I_J05,0.31405054499180746
2025/shenyang/I_J01,0.026759283185443145
2025/shenyang/I_I13,0.022116588802079524
2025/shenyang/I_I14,0.04208772791561884
2025/shenyang/I_I15,0.012100385813544712
2025/shenyang/I_J04,0.004403692634305745
2025/shenyang/I_I16,0.01971912810734659
2025/shenyang/I_J02,0.015189048807983947
2025/shenyang/I_J07,0.006314364670896372
2025/shenyang/I_J03,0.008380453351026062
2025/shenyang/I_J06,0.007815888789288626
2025/shenyang/I_J12,0.007725534397423479
2025/shenyang/I_J08,0.006705847928328613
2025/shenyang/I_J09,0.01159736182363297
2025/shenyang/I_J10,0.009485713170795206
2025/shenyang/I_J11,0.0026157023174939896
2025/shenyang/I_J13,0.012624949281564409
2025/shenyang/I_J14,0.023509452407533014
2025/shenyang/I_K02,0.008544330693441928
2025/shenyang/I_J15,0.009936418705946226
2025/shenyang/I_J16,0.010693757736175492
2025/shenyang/I_K01,0.00375078888895543
2025/shenyang/I_K11,0.027795622581245058
2025/shenyang/I_K15,0.010489091259938018
2025/shenyang/I_K03,0.0185465645121173
2025/shenyang/I_K07,0.014172366191301682
2025/shenyang/I_K04,0.007260866498285615
2025/shenyang/I_K09,0.005576544822592462
2025/shenyang/I_K05,0.004618542426128259
2025/shenyang/I_K06,0.007489624898808396
2025/shenyang/I_K08,0.004365326111393966
2025/shenyang/I_K10,0.017309095753668163
2025/shenyang/I_K12,0.008331900646806188
2025/shenyang/I_K13,0.004142016660962235
2025/shenyang/I_K14,0.006744989542092038
2025/shenyang/I_L04,0.9766692311915195
2025/shenyang/I_K16,0.47657965106367595
2025/shenyang/I_L05,0.009821792919693043
2025/shenyang/I_L09,0.015189048807983947
2025/shenyang/I_L01,0.006731917189500058
2025/shenyang/I_L06,0.15203224162217424
2025/shenyang/I_L02,0.01971912810734659
2025/shenyang/I_L03,0.004867417345279046
2025/shenyang/I_L07,0.018124720744468643
2025/shenyang/I_L08,0.007317397471212289
2025/shenyang/I_M02,0.10374862686637971
2025/shenyang/I_L14,0.18952109132967757
2025/shenyang/I_L10,0.007093861878911533
2025/shenyang/I_L11,0.6619228758499942
2025/shenyang/I_L16,0.015189048807983947
2025/shenyang/I_L12,0.009020279501402172
2025/shenyang/I_L13,0.002638089839165197
2025/shenyang/I_M03,0.023153411092838465
2025/shenyang/I_L15,0.011029470022501837
2025/shenyang/I_M04,0.003972362252033162
2025/shenyang/I_M10,0.23091976292927183
2025/shenyang/I_M06,0.036220055864974746
2025/shenyang/I_M11,0.1500288243424251
2025/shenyang/I_M07,0.006526149563450792
2025/shenyang/I_M12,0.2689414213699951
2025/shenyang/I_M08,0.004755199909833047
2025/shenyang/I_M16,0.005636432552909969
2025/shenyang/I_M13,0.0032738615399288498
2025/shenyang/I_N02,0.007606672164523265
2025/shenyang/I_M14,0.007533306673119463
2025/shenyang/I_N06,0.008219693061967886
2025/shenyang/I_M15,0.04336579876390677
2025/shenyang/I_N01,0.002742223408822946
2025/shenyang/I_N03,0.0036181631933233115
2025/shenyang/I_N12,0.05834584061168106
2025/shenyang/I_N08,0.008315778477474129
2025/shenyang/I_N04,0.006850480026644968
2025/shenyang/I_N05,0.01704531725343583
2025/shenyang/I_N07,0.08269734267503885
2025/shenyang/I_N09,0.006463137718154743
2025/shenyang/I_N14,0.05834584061168106
2025/shenyang/I_N10,0.006513498559668185
2025/shenyang/I_N11,0.0042646346921872726
2025/shenyang/I_O09,0.10374862686637971
2025/shenyang/I_N13,0.05582314113461443
2025/shenyang/I_O01,0.02194825371486785
2025/shenyang/I_O05,0.44939263446475963
2025/shenyang/I_O07,0.022116588802079524
2025/shenyang/I_O03,0.018124720744468643
2025/shenyang/I_N15,0.008544330693441928
2025/shenyang/I_O08,0.03185885568604046
2025/shenyang/I_O04,0.006413163741325347
2025/shenyang/I_N16,0.005416411549752415
2025/shenyang/I_O10,0.7826624789529376
2025/shenyang/I_O06,0.07585818002124356
2025/shenyang/I_O02,0.07055959618729296
2025/shenyang/I_O11,0.006103483389782096
2025/shenyang/I_O12,0.0035303478920623668
2025/shenyang/I_O13,0.007039045597401514
2025/shenyang/I_O14,0.004270859593642913
2025/shenyang/I_O15,0.003678508928875723
2025/shenyang/I_O16,0.01020905431880827
2025/shenyang/I_P09,0.024053552894426178
2025/shenyang/I_P05,0.006823954786776902
2025/shenyang/I_P01,0.00551193421080702
2025/shenyang/I_P13,0.009746104052554064
2025/shenyang/I_P02,0.011331753531361453
2025/shenyang/I_P06,0.006121281290728532
2025/shenyang/I_P03,0.03934250326425821
2025/shenyang/I_P08,0.002771082843608255
2025/shenyang/I_P04,0.0035320660255912083
2025/shenyang/I_P07,0.01826427835185701
2025/shenyang/I_P10,0.004046455204568575
2025/shenyang/I_P11,0.018833129890434692
2025/shenyang/I_P12,0.007066400963249157
2025/shenyang/I_Q10,0.1561048974454574
2025/shenyang/I_Q06,0.020645930739218447
2025/shenyang/I_Q02,0.01052971212461742
2025/shenyang/I_P14,0.03934250326425821
2025/shenyang/I_P15,0.003157277779001931
2025/shenyang/I_P16,0.01005236865796813
2025/shenyang/I_Q05,0.00740301408887263
2025/shenyang/I_Q01,0.0036749315834690784
2025/shenyang/I_Q03,0.004093958263070519
2025/shenyang/I_Q16,0.014392336369436931
2025/shenyang/I_Q08,0.006731917189500058
2025/shenyang/I_Q04,0.009303949868393646
2025/shenyang/I_Q12,0.007725534397423479
2025/shenyang/I_R03,0.08389038641057993
2025/shenyang/I_Q15,0.02595735719779685
2025/shenyang/I_Q07,0.023509452407533014
2025/shenyang/I_Q11,0.04336579876390677
2025/shenyang/I_Q09,0.003254005155128269
2025/shenyang/I_R01,0.029090757042564665
2025/shenyang/I_Q13,0.007360082211557655
2025/shenyang/I_Q14,0.009859855303538789
2025/shenyang/I_R06,0.010091315485195006
2025/shenyang/I_R02,0.01238378463726033
2025/shenyang/I_R04,0.009161026922093826
2025/shenyang/I_R08,0.006823954786776902
2025/shenyang/I_R05,0.014392336369436931
2025/shenyang/I_R07,0.006890459992638903
2025/shenyang/I_R09,0.023509452407533014
2025/shenyang/I_R13,0.007260866498285615
2025/shenyang/I_R10,0.010013570623173138
2025/shenyang/I_R11,0.016403032516163058
2025/shenyang/I_R12,0.00566386523717883
2025/shenyang/I_R14,0.02333076880848049
2025/shenyang/I_S03,0.006351235832394431
2025/shenyang/I_R15,0.0063883209097212856
2025/shenyang/I_R16,0.003446333133880706
2025/shenyang/I_S05,0.4073334000459302
2025/shenyang/I_S01,0.04569203238158463
2025/shenyang/I_S02,0.015784561073809773
2025/shenyang/I_S12,0.38861802670584894
2025/shenyang/I_S08,0.31405054499180746
2025/shenyang/I_S04,0.07921032410902437
2025/shenyang/I_S06,0.009859855303538789
2025/shenyang/I_S11,0.017176709012318405
2025/shenyang/I_S07,0.02112519189594821
2025/shenyang/I_S09,0.004547264164363866
2025/shenyang/I_S10,0.007815888789288626
2025/shenyang/I_S13,0.0037000459774197757
2025/shenyang/I_S14,0.011072160183234295
2025/shenyang/I_S15,0.010408314101072437
2025/shenyang/I_S16,0.024237634712630244
2025/shenyang/I_T04,0.006265533775839072
2025/shenyang/I_T01,0.033085978388704126
2025/shenyang/I_T05,0.008380453351026062
2025/shenyang/I_T02,0.005730246514992079
2025/shenyang/I_T03,0.006984649917134321
2025/shenyang/I_T06,0.10970577387797074
2025/shenyang/I_T10,0.02843603304485266
2025/shenyang/I_T11,0.4882833952958347
2025/shenyang/I_T07,0.09009299396195182
2025/shenyang/I_T08,0.029535339291104773
2025/shenyang/I_T13,0.9600626857930734
2025/shenyang/I_T09,0.5926665999540697
2025/shenyang/I_T12,0.008030813216260063
2025/shenyang/I_T14,0.0041662561210387946
2025/shenyang/I_U03,0.006038663328285429
2025/shenyang/I_T15,0.024053552894426178
2025/shenyang/I_T16,0.003985424088817374
2025/shenyang/I_U01,0.0062899021368924835
2025/shenyang/I_U02,0.03817827426156642
2025/shenyang/I_U04,0.022629200033037256
2025/shenyang/I_U13,0.024423090054107213
2025/shenyang/I_U05,0.006192990157855187
2025/shenyang/I_U09,0.006538824977235005
2025/shenyang/I_U06,0.0037654137846738736
2025/shenyang/I_U07,0.00511967623806183
2025/shenyang/I_U08,0.09670579329612154
2025/shenyang/I_U12,0.11757213354550883
2025/shenyang/I_U10,0.012147170099805133
2025/shenyang/I_V11,0.8056321889812553
2025/shenyang/I_U15,0.1968262036430985
2025/shenyang/I_V03,0.03461883883917583
2025/shenyang/I_V07,0.010169657753872614
2025/shenyang/I_U11,0.05665242530797383
2025/shenyang/I_U14,0.0048863747900885525
2025/shenyang/I_U16,0.03817827426156642
2025/shenyang/I_V01,0.004839118321799306
2025/shenyang/I_V02,0.028652669309593447
2025/shenyang/I_V04,0.004926903657444396
2025/shenyang/I_V05,0.008762128998777409
2025/shenyang/I_V06,0.005696959746084784
2025/shenyang/I_V16,0.019271137919768803
2025/shenyang/I_V08,0.07055959618729296
2025/shenyang/I_V12,0.01175513168578735
2025/shenyang/I_V09,0.004142016660962235
2025/shenyang/I_V10,0.6513548646660542
2025/shenyang/I_W02,0.06560483745906928
2025/shenyang/I_V14,0.035948321789243294
2025/shenyang/I_V13,0.0044337652006436815
2025/shenyang/I_V15,0.0038022250396009495
2025/shenyang/I_W01,0.006326631364966338
2025/shenyang/I_W05,0.005576544822592462
2025/shenyang/I_W03,0.00952248567033666
2025/shenyang/I_W12,0.10230470789265303
2025/shenyang/I_W08,0.02800752060598813
2025/shenyang/I_W04,0.006121281290728532
2025/shenyang/I_W10,0.23091976292927183
2025/shenyang/I_W14,0.21206880435710532
2025/shenyang/I_W06,0.14414885303274058
2025/shenyang/I_W07,0.01704531725343583
2025/shenyang/I_W09,0.004943689078122551
2025/shenyang/I_W15,0.009821792919693043
2025/shenyang/I_X03,0.00952248567033666
2025/shenyang/I_W11,0.048857778622174906
2025/shenyang/I_X01,0.03846619201832428
2025/shenyang/I_W13,0.05500528829345415
2025/shenyang/I_W16,0.005129634033862131
2025/shenyang/I_X02,0.015306354560694808
2025/shenyang/I_X04,0.005865338360797101
2025/shenyang/I_X13,0.06008665017400762
2025/shenyang/I_X09,0.010328152519305191
2025/shenyang/I_X05,0.03185885568604046
2025/shenyang/I_X06,0.0050998183029534174
2025/shenyang/I_X07,0.00593406683938367
2025/shenyang/I_X16,0.9073122213606241
2025/shenyang/I_X12,0.7956581000631541
2025/shenyang/I_X08,0.21733752104706247
2025/shenyang/I_X14,0.011072160183234295
2025/shenyang/I_Y06,0.006628240268113067
2025/shenyang/I_Y02,0.007080118202303978
2025/shenyang/I_X10,0.008745181682035148
2025/shenyang/I_X15,0.09268777863937604
2025/shenyang/I_X11,0.03875619358719477
2025/shenyang/I_Y01,0.8289388083214156
2025/shenyang/I_Y05,0.021287351793451054
2025/shenyang/I_Y09,0.024053552894426178
2025/shenyang/I_Y03,0.8006920020959544
2025/shenyang/I_Y11,0.19436781101874467
2025/shenyang/I_Y07,0.12592276483513232
2025/shenyang/I_Y08,0.17106119167858438
2025/shenyang/I_Y04,0.02595735719779685
2025/shenyang/I_Y12,0.027169231535681047
2025/shenyang/I_Y15,0.004750580476378631
2025/wuhan/N02,0.01672114370544215
2025/wuhan/A01,0.011823394836370594
2025/wuhan/D06,0.036769466075598736
2025/wuhan/O03,0.019124036750888904
2025/wuhan/A02,0.0172427775576529
2025/wuhan/O16,0.0953494648991095
2025/wuhan/A04,0.010818448652863185
2025/wuhan/A05,0.9559813501370537
2025/wuhan/G08,0.9372107914029487
2025/wuhan/A06,0.1347759174229568
2025/wuhan/B28,0.04958902298403175
2025/wuhan/D19,0.02595735719779685
2025/wuhan/A09,0.022116588802079524
2025/wuhan/H20,0.016785489890063697
2025/wuhan/K12,0.016090874192824428
2025/wuhan/M11,0.014785407692390527
2025/wuhan/A10,0.03435868933300902
2025/wuhan/O04,0.033085978388704126
2025/wuhan/M09,0.018404890389241722
2025/wuhan/J24,0.1143685261818125
2025/wuhan/K16,0.02585877591271116
2025/wuhan/A11,0.025662705546089896
2025/wuhan/A13,0.0185465645121173
2025/wuhan/L20,0.06954174450582809
2025/wuhan/A14,0.021781171331499802
2025/wuhan/A21,0.028652669309593447
2025/wuhan/J08,0.03010033724042947
2025/wuhan/I12,0.01652955655765428
2025/wuhan/A15,0.01826427835185701
2025/wuhan/A16,0.021781171331499802
2025/wuhan/A17,0.014009566286403145
2025/wuhan/N10,0.009072806913345634
2025/wuhan/C06,0.01159736182363297
2025/wuhan/A18,0.009764971951965387
2025/wuhan/A19,0.02048855468474385
2025/wuhan/P05,0.016593177919590436
2025/wuhan/M14,0.8397339676722393
2025/wuhan/O19,0.10230470789265303
2025/wuhan/R07,0.035948321789243294
2025/wuhan/A20,0.025178841700601855
2025/wuhan/A23,0.01744248473620534
2025/wuhan/O02,0.09947021388210707
2025/wuhan/J12,0.05261895334771377
2025/wuhan/A24,0.029986506066001513
2025/wuhan/A25,0.10230470789265303
2025/wuhan/N22,0.03283695602724524
2025/wuhan/C21,0.02655657099549924
2025/wuhan/M19,0.37754066879814546
2025/wuhan/E04,0.05665242530797383
2025/wuhan/A26,0.03817827426156642
2025/wuhan/O21,0.028652669309593447
2025/wuhan/Q01,0.025565213923269593
2025/wuhan/A27,0.24508501313237172
2025/wuhan/E11,0.05184546664977983
2025/wuhan/Q28,0.09401017961657226
2025/wuhan/O22,0.916708077443256
2025/wuhan/B17,0.8596637505099167
2025/wuhan/A28,0.6757646010190476
2025/wuhan/I24,0.3960681662740417
2025/wuhan/P10,0.25683199138751883
2025/wuhan/N17,0.09947021388210707
2025/wuhan/Q12,0.26284183737131667
2025/wuhan/F02,0.036220055864974746
2025/wuhan/C23,0.02615561835382285
2025/wuhan/B01,0.029312230751356316
2025/wuhan/K23,0.018833129890434692
2025/wuhan/B02,0.012455652422344407
2025/wuhan/O05,0.02696349986233355
2025/wuhan/B03,0.020332353342658753
2025/wuhan/B05,0.011552670335220809
2025/wuhan/E25,0.01744248473620534
2025/wuhan/B06,0.013902058625059313
2025/wuhan/N18,0.021781171331499802
2025/wuhan/B08,0.011687257995694434
2025/wuhan/B10,0.07807816514495095
2025/wuhan/F05,0.024609928625961945
2025/wuhan/P22,0.01744248473620534
2025/wuhan/P02,0.09807932347046003
2025/wuhan/G27,0.6688802603710086
2025/wuhan/B11,0.3923368301671084
2025/wuhan/J16,0.41489884579676883
2025/wuhan/B12,0.11596071825396677
2025/wuhan/N14,0.02615561835382285
2025/wuhan/B13,0.10818895456207035
2025/wuhan/B14,0.04707417582102406
2025/wuhan/B15,0.033085978388704126
2025/wuhan/N24,0.031380429512976746
2025/wuhan/B16,0.02479816019558566
2025/wuhan/K28,0.04922211319719861
2025/wuhan/B18,0.019124036750888904
2025/wuhan/R13,0.01374232049590237
2025/wuhan/I09,0.7185943925708561
2025/wuhan/D15,0.2254166158350767
2025/wuhan/B20,0.23091976292927183
2025/wuhan/E22,0.12592276483513232
2025/wuhan/P23,0.0832919225567441
2025/wuhan/B21,0.008030813216260063
2025/wuhan/H18,0.6150878555160665
2025/wuhan/B22,0.0675466911396291
2025/wuhan/H08,0.04434858139539836
2025/wuhan/N16,0.7956581000631541
2025/wuhan/B23,0.1871326821624266
2025/wuhan/Q20,0.1871326821624266
2025/wuhan/B24,0.712232184238947
2025/wuhan/K17,0.29421497216298875
2025/wuhan/J13,0.11596071825396677
2025/wuhan/C24,0.009449081319055452
2025/wuhan/B25,0.03384403534049258
2025/wuhan/B27,0.8864204083088262
2025/wuhan/H16,0.12592276483513232
2025/wuhan/F22,0.07477004290796138
2025/wuhan/P12,0.035948321789243294
2025/wuhan/L14,0.027795622581245058
2025/wuhan/C01,0.23934934732271168
2025/wuhan/Q24,0.05500528829345415
2025/wuhan/C02,0.01868930842674908
2025/wuhan/C03,0.057071397225397696
2025/wuhan/H28,0.0172427775576529
2025/wuhan/O09,0.02280263596800613
2025/wuhan/R16,0.07696083569602613
2025/wuhan/C04,0.25091278688527247
2025/wuhan/I28,0.06233103588192476
2025/wuhan/L17,0.01934510391458952
2025/wuhan/C05,0.022201228903055724
2025/wuhan/C07,0.04023794262361602
2025/wuhan/P24,0.01590639171181471
2025/wuhan/N06,0.035948321789243294
2025/wuhan/C09,0.017712298703411445
2025/wuhan/C10,0.009746104052554064
2025/wuhan/C11,0.5195213219520929
2025/wuhan/M27,0.02635535284611975
2025/wuhan/Q13,0.06705628692511957
2025/wuhan/C14,0.0651275468396235
2025/wuhan/C15,0.9918831572649177
2025/wuhan/L27,0.9916962928451137
2025/wuhan/F14,0.9804313244446876
2025/wuhan/F23,0.9403530570548787
2025/wuhan/R03,0.8816149031928324
2025/wuhan/C16,0.017780390073110934
2025/wuhan/C17,0.05541279438176918
2025/wuhan/C18,0.01590639171181471
2025/wuhan/I10,0.047780066363570746
2025/wuhan/C19,0.022116588802079524
2025/wuhan/G06,0.01805533497349937
2025/wuhan/C20,0.011732463956348185
2025/wuhan/C22,0.012007350547633841
2025/wuhan/L22,0.2658804730998169
2025/wuhan/K24,0.07055959618729296
2025/wuhan/C25,0.03161876726864548
2025/wuhan/D20,0.04115288921744485
2025/wuhan/C26,0.040845715909949315
2025/wuhan/L10,0.0953494648991095
2025/wuhan/C27,0.01757688326733593
2025/wuhan/Q18,0.8006920020959544
2025/wuhan/E24,0.02898062974145319
2025/wuhan/C28,0.06608537866754877
2025/wuhan/G25,0.6076631698328917
2025/wuhan/D25,0.07696083569602613
2025/wuhan/D01,0.01791734476747132
2025/wuhan/D08,0.03210070671700819
2025/wuhan/D28,0.015603534790203506
2025/wuhan/D02,0.015663648711668327
2025/wuhan/D03,0.03410042571231151
2025/wuhan/R14,0.1500288243424251
2025/wuhan/D05,0.03410042571231151
2025/wuhan/F20,0.01964376067755956
2025/wuhan/O01,0.01791734476747132
2025/wuhan/D07,0.023153411092838465
2025/wuhan/D09,0.03817827426156642
2025/wuhan/D10,0.053799643460063995
2025/wuhan/Q26,0.35577489351363034
2025/wuhan/R11,0.02635535284611975
2025/wuhan/D11,0.01691491326672651
2025/wuhan/G23,0.42250463481418826
2025/wuhan/D12,0.06954174450582809
2025/wuhan/J10,0.032344332381157095
2025/wuhan/D13,0.46879062662624377
2025/wuhan/H11,0.16885695214168314
2025/wuhan/E05,0.057071397225397696
2025/wuhan/D14,0.020804489950607352
2025/wuhan/P06,0.03161876726864548
2025/wuhan/D16,0.014392336369436931
2025/wuhan/H21,0.13117322376181567
2025/wuhan/D21,0.13660839002621938
2025/wuhan/D22,0.04501553160023231
2025/wuhan/O23,0.053403329799824234
2025/wuhan/D23,0.06278920859705135
2025/wuhan/K20,0.018124720744468643
2025/wuhan/L09,0.0201002355767521
2025/wuhan/L16,0.017780390073110934
2025/wuhan/D24,0.006038663328285429
2025/wuhan/D26,0.028652669309593447
2025/wuhan/S02,0.11596071825396677
2025/wuhan/D27,0.02112519189594821
2025/wuhan/N19,0.031380429512976746
2025/wuhan/E01,0.025565213923269593
2025/wuhan/L23,0.023599294351465336
2025/wuhan/E02,0.014227046103179024
2025/wuhan/L18,0.02537131147440214
2025/wuhan/E03,0.014009566286403145
2025/wuhan/I17,0.03384403534049258
2025/wuhan/P19,0.03541073007632382
2025/wuhan/E06,0.023689471299374428
2025/wuhan/O07,0.029201290245781275
2025/wuhan/E07,0.06656918897050168
2025/wuhan/S04,0.024053552894426178
2025/wuhan/E23,0.014785407692390527
2025/wuhan/E08,0.01868930842674908
2025/wuhan/P17,0.009821792919693043
2025/wuhan/E09,0.013146586409212856
2025/wuhan/E10,0.08151975597471893
2025/wuhan/K25,0.09670579329612154
2025/wuhan/K11,0.9324533088603709
2025/wuhan/G17,0.5350984286266115
2025/wuhan/E12,0.6150878555160665
2025/wuhan/E13,0.45326184801538616
2025/wuhan/L02,0.03760863550580657
2025/wuhan/E14,0.11920292202211755
2025/wuhan/F18,0.03410042571231151
2025/wuhan/R18,0.07585818002124356
2025/wuhan/F21,0.31405054499180746
2025/wuhan/S03,0.04535258055430642
2025/wuhan/E15,0.0189054471413467
2025/wuhan/I01,0.07921032410902437
2025/wuhan/S10,0.07921032410902437
2025/wuhan/E16,0.029986506066001513
2025/wuhan/N04,0.31069438321455395
2025/wuhan/E20,0.027169231535681047
2025/wuhan/E21,0.01897803671176563
2025/wuhan/J14,0.05419872982318558
2025/wuhan/Q15,0.04146227271140963
2025/wuhan/E26,0.048496003243956885
2025/wuhan/H14,0.052230857101425734
2025/wuhan/G24,0.032344332381157095
2025/wuhan/E27,0.017375664509219565
2025/wuhan/L12,0.016403032516163058
2025/wuhan/Q21,0.015189048807983947
2025/wuhan/E28,0.010368156650788152
2025/wuhan/F01,0.014392336369436931
2025/wuhan/F04,0.411110869232168
2025/wuhan/J02,0.14608724704829565
2025/wuhan/F28,0.07159119944455247
2025/wuhan/F06,0.5389832206876841
2025/wuhan/L25,0.05665242530797383
2025/wuhan/F07,0.013795364421185227
2025/wuhan/H15,0.08756383952305867
2025/wuhan/F08,0.027376488778351356
2025/wuhan/F09,0.008544330693441928
2025/wuhan/F24,0.9709092429574353
2025/wuhan/N28,0.9626731126558706
2025/wuhan/K26,0.9588471107825551
2025/wuhan/J20,0.9632305339244013
2025/wuhan/F10,0.7662936430859597
2025/wuhan/F11,0.014728613849722676
2025/wuhan/I16,0.9717790128704671
2025/wuhan/F12,0.8056321889812553
2025/wuhan/P01,0.746138993030751
2025/wuhan/G26,0.679178699175393
2025/wuhan/F13,0.01368947769627449
2025/wuhan/F15,0.035678550877730524
2025/wuhan/F16,0.8198933359135361
2025/wuhan/F26,0.8991213772699436
2025/wuhan/I11,0.31069438321455395
2025/wuhan/G10,0.06371499425196533
2025/wuhan/M18,0.0143370304240108
2025/wuhan/F17,0.01495708659314999
2025/wuhan/F19,0.10087862273005653
2025/wuhan/F25,0.008445626941126032
2025/wuhan/N08,0.020023441289455244
2025/wuhan/G01,0.02595735719779685
2025/wuhan/O13,0.5273165233795671
2025/wuhan/P03,0.5467381519846138
2025/wuhan/G02,0.20946968133032526
2025/wuhan/K05,0.08509904500702024
2025/wuhan/G03,0.20434189993684582
2025/wuhan/G04,0.015189048807983947
2025/wuhan/M17,0.016152834822140957
2025/wuhan/G05,0.015424552081841137
2025/wuhan/P26,0.031143830534778462
2025/wuhan/G07,0.02245705292941607
2025/wuhan/R19,0.013325147705881429
2025/wuhan/G09,0.005845442026218253
2025/wuhan/G11,0.04958902298403175
2025/wuhan/G12,0.01665704000922906
2025/wuhan/R28,0.23370635691404026
2025/wuhan/R20,0.016785489890063697
2025/wuhan/G13,0.053799643460063995
2025/wuhan/G14,0.12765262532179067
2025/wuhan/K07,0.16667540468797667
2025/wuhan/O08,0.0399373142069266
2025/wuhan/G15,0.013795364421185227
2025/wuhan/I20,0.011777842688519623
2025/wuhan/M10,0.012431650853185818
2025/wuhan/G16,0.9683812327313545
2025/wuhan/K22,0.5078118642792044
2025/wuhan/P16,0.17106119167858438
2025/wuhan/I25,0.3007455789412415
2025/wuhan/I08,0.11757213354550883
2025/wuhan/R15,0.11279540628289324
2025/wuhan/H01,0.03410042571231151
2025/wuhan/G19,0.029986506066001513
2025/wuhan/G20,0.015603534790203506
2025/wuhan/G21,0.05541279438176918
2025/wuhan/M20,0.6076631698328917
2025/wuhan/G22,0.32082130082460697
2025/wuhan/M23,0.0675466911396291
2025/wuhan/L03,0.2689414213699951
2025/wuhan/H02,0.06656918897050168
2025/wuhan/M13,0.040845715909949315
2025/wuhan/P13,0.06233103588192476
2025/wuhan/R09,0.03161876726864548
2025/wuhan/H04,0.009708476481474066
2025/wuhan/H05,0.07107366938018356
2025/wuhan/R24,0.013955710398273338
2025/wuhan/H06,0.015784561073809773
2025/wuhan/H07,0.014615670100635955
2025/wuhan/O15,0.5
2025/wuhan/H10,0.05033063259747688
2025/wuhan/K18,0.02655657099549924
2025/wuhan/H13,0.007518718061432194
2025/wuhan/H17,0.017110889211844046
2025/wuhan/S12,0.010388216175193365
2025/wuhan/H19,0.12085323249047067
2025/wuhan/L07,0.03541073007632382
2025/wuhan/H22,0.01744248473620534
2025/wuhan/H24,0.016403032516163058
2025/wuhan/J07,0.05582314113461443
2025/wuhan/J19,0.02843603304485266
2025/wuhan/H25,0.02297736991002561
2025/wuhan/H26,0.015483987303625265
2025/wuhan/H27,0.02696349986233355
2025/wuhan/S01,0.019870713960402048
2025/wuhan/M03,0.02306522651694984
2025/wuhan/I02,0.022116588802079524
2025/wuhan/I03,0.29421497216298875
2025/wuhan/K03,0.020332353342658753
2025/wuhan/I05,0.030908958517211163
2025/wuhan/I06,0.03904829272622638
2025/wuhan/I07,0.017986209962091555
2025/wuhan/J18,0.023689471299374428
2025/wuhan/I13,0.016785489890063697
2025/wuhan/O18,0.0189054471413467
2025/wuhan/Q23,0.032344332381157095
2025/wuhan/I14,0.01744248473620534
2025/wuhan/I15,0.2720245510940225
2025/wuhan/I21,0.4301473485858429
2025/wuhan/I18,0.023870834952430912
2025/wuhan/I19,0.22270013882530884
2025/wuhan/N07,0.03846619201832428
2025/wuhan/I22,0.030444348432624533
2025/wuhan/R23,0.600188359260205
2025/wuhan/I23,0.023509452407533014
2025/wuhan/M04,0.02479816019558566
2025/wuhan/I26,0.0247038696732291
2025/wuhan/I27,0.052230857101425734
2025/wuhan/O24,0.020804489950607352
2025/wuhan/J03,0.012624949281564409
2025/wuhan/J04,0.011375600238837661
2025/wuhan/J05,0.010388216175193365
2025/wuhan/J06,0.023689471299374428
2025/wuhan/L13,0.04240382863184672
2025/wuhan/J15,0.019870713960402048
2025/wuhan/J21,0.03875619358719477
2025/wuhan/J22,0.015543647930770626
2025/wuhan/J25,0.016340128093601535
2025/wuhan/M12,0.013848610215564576
2025/wuhan/J27,0.011777842688519623
2025/wuhan/K02,0.01764446341056456
2025/wuhan/K06,0.2974699426047947
2025/wuhan/P28,0.05877655584806683
2025/wuhan/M05,0.01897803671176563
2025/wuhan/Q11,0.523420348936324
2025/wuhan/O10,0.20181322226037882
2025/wuhan/K08,0.027169231535681047
2025/wuhan/K09,0.031143830534778462
2025/wuhan/K13,0.06325052199347325
2025/wuhan/K19,0.0045351239645715176
2025/wuhan/K21,0.011158031248084033
2025/wuhan/M07,0.04569203238158463
2025/wuhan/K27,0.027585282226789985
2025/wuhan/L01,0.37754066879814546
2025/wuhan/L08,0.03384403534049258
2025/wuhan/R21,0.03384403534049258
2025/wuhan/L04,0.025565213923269593
2025/wuhan/Q04,0.023153411092838465
2025/wuhan/L05,0.017176709012318405
2025/wuhan/L11,0.01507262830894569
2025/wuhan/L19,0.011072160183234295
2025/wuhan/P18,0.008881675100847034
2025/wuhan/L21,0.015543647930770626
2025/wuhan/L26,0.056236345704483756
2025/wuhan/L28,0.01124456072066409
2025/wuhan/R08,0.019946934427410523
2025/wuhan/M02,0.015365341441302218
2025/wuhan/M08,0.05749327880038583
2025/wuhan/M15,0.056236345704483756
2025/wuhan/M16,0.014615670100635955
2025/wuhan/M21,0.032589744766025344
2025/wuhan/M22,0.007922628049064488
2025/wuhan/M26,0.01374232049590237
2025/wuhan/M28,0.03410042571231151
2025/wuhan/N03,0.009764971951965387
2025/wuhan/N05,0.03904829272622638
2025/wuhan/N11,0.025178841700601855
2025/wuhan/P09,0.016090874192824428
2025/wuhan/N13,0.030675801710674105
2025/wuhan/N15,0.056236345704483756
2025/wuhan/N20,0.04177388078830622
2025/wuhan/N21,0.025083140936028623
2025/wuhan/O12,0.184767510648
2025/wuhan/N23,0.037326887344129464
2025/wuhan/N25,0.03435868933300902
2025/wuhan/O06,0.025178841700601855
2025/wuhan/O11,0.015663648711668327
2025/wuhan/O14,0.01652955655765428
2025/wuhan/O25,0.015247590621499624
2025/wuhan/O26,0.007345826574477061
2025/wuhan/O27,0.056236345704483756
2025/wuhan/P07,0.04146227271140963
2025/wuhan/P08,0.01764446341056456
2025/wuhan/R05,0.8519528019683106
2025/wuhan/P14,0.08389038641057993
2025/wuhan/R26,0.04177388078830622
2025/wuhan/P15,0.018334452089518293
2025/wuhan/P20,0.009358113566739205
2025/wuhan/P21,0.03185885568604046
2025/wuhan/P25,0.02479816019558566
2025/wuhan/P27,0.023153411092838465
2025/wuhan/Q02,0.02112519189594821
2025/wuhan/Q06,0.014063627043245474
2025/wuhan/Q07,0.013273887454385737
2025/wuhan/Q14,0.008950711436881996
2025/wuhan/Q16,0.007374365308237828
2025/wuhan/Q19,0.025760559119668493
2025/wuhan/Q25,0.01238378463726033
2025/wuhan/Q27,0.009783876017655003
2025/wuhan/R01,0.02245705292941607
2025/wuhan/R02,0.0185465645121173
2025/wuhan/R04,0.012241275291807161
2025/wuhan/R06,0.012288597529701977
2025/wuhan/R12,0.040845715909949315
2025/wuhan/R17,0.10374862686637971
2025/wuhan/S05,0.020332353342658753
2025/wuhan/S09,0.012479699745327848
2025/wuhan/S11,0.0446808702726502
2025/wuhan/S14,0.016403032516163058
2025/xian/team001,0.002872747881878445
2025/xian/team003,0.9978087593636037
2025/xian/team005,0.9861513897844354
2025/xian/team002,0.983596967483837
2025/xian/team004,0.9219218348550491
2025/xian/team007,0.020332353342658753
2025/xian/team006,0.010902373729285245
2025/xian/team009,0.33807712415000585
2025/xian/team008,0.2877678157610531
2025/xian/team010,0.09138210306717136
2025/xian/team011,0.08509904500702024
2025/xian/team012,0.002952148290855896
2025/xian/team014,0.05500528829345415
2025/xian/team013,0.024053552894426178
2025/xian/team015,0.03514484640079327
2025/xian/team016,0.0025212683210456455
2025/xian/team018,0.44939263446475963
2025/xian/team020,0.048857778622174906
2025/xian/team019,0.02048855468474385
2025/xian/team017,0.004348381321947626
2025/xian/team021,0.0016324889788219665
2025/xian/team022,0.0013134429691302766
2025/xian/team023,0.015189048807983947
2025/xian/team024,0.0013282569852621892
2025/xian/team025,0.012336100420869755
2025/xian/team026,0.29421497216298875
2025/xian/team028,0.19193278644723683
2025/xian/team027,0.04146227271140963
2025/xian/team029,0.0025163611540199066
2025/xian/team030,0.007636216494667212
2025/xian/team031,0.0016517004582112815
2025/xian/team032,0.0675466911396291
2025/xian/team033,0.0019099068732538456
2025/xian/team034,0.014063627043245474
2025/xian/team035,0.04401864986294638
2025/xian/team036,8.567361690243834E-4
2025/xian/team038,0.07055959618729296
2025/xian/team039,0.012821214266594244
2025/xian/team037,0.010091315485195006
2025/xian/team040,0.001008343541656317
2025/xian/team044,0.3007455789412415
2025/xian/team042,0.05834584061168106
2025/xian/team041,0.042722197546490565
2025/xian/team043,0.013222821752305148
2025/xian/team045,0.014728613849722676
2025/xian/team048,0.00455611371445455
2025/xian/team046,0.3311197396289915
2025/xian/team047,0.04208772791561884
2025/xian/team049,0.04208772791561884
2025/xian/team051,0.019870713960402048
2025/xian/team050,0.0077555367808475675
2025/xian/team052,0.0026522597057856566
2025/xian/team054,0.033589505650103976
2025/xian/team053,0.003758094249428113
2025/xian/team055,0.017176709012318405
2025/xian/team056,0.1968262036430985
2025/xian/team057,0.015189048807983947
2025/xian/team058,9.725944365311003E-4
2025/xian/team060,0.5195213219520929
2025/xian/team059,0.09138210306717136
2025/xian/team061,0.0028283360220667446
2025/xian/team063,0.009412589587609823
2025/xian/team062,0.0048863747900885525
2025/xian/team064,0.004365326111393966
2025/xian/team065,0.001073306312909629
2025/xian/team066,0.8539127529517043
2025/xian/team067,0.8311430478583168
2025/xian/team068,0.015424552081841137
2025/xian/team071,0.007232763803479049
2025/xian/team070,0.004248079086738752
2025/xian/team069,0.003649987031209837
2025/xian/team072,8.360902969426321E-4
2025/xian/team073,0.0031054561595628754
2025/xian/team074,0.009340024385054083
2025/xian/team075,0.0011095014680593844
2025/xian/team076,0.0018895386578398716
2025/xian/team077,0.04146227271140963
2025/xian/team078,0.0013471735885827228
2025/xian/team080,0.04535258055430642
2025/xian/team079,0.011331753531361453
2025/xian/team081,0.0032730649706716308
2025/xian/team084,0.672331699179286
2025/xian/team083,0.04208772791561884
2025/xian/team082,0.013020490113842825
2025/xian/team086,0.6477982179521103
2025/xian/team085,0.00912563738918052
2025/xian/team087,0.030444348432624533
2025/xian/team088,0.004086002694204712
2025/xian/team089,0.0017308300209442655
2025/xian/team090,0.7520125737597972
2025/xian/team091,0.05749327880038583
2025/xian/team093,0.02245705292941607
2025/xian/team092,0.011331753531361453
2025/xian/team096,0.022116588802079524
2025/xian/team094,0.005260852257235711
2025/xian/team097,0.0030396496140834887
2025/xian/team095,0.0028283360220667446
2025/xian/team098,0.0013804223843273927
2025/xian/team099,0.0027846088394872927
2025/xian/team100,0.002115703400593114
2025/xian/team101,0.0015840786614318108
2025/xian/team102,0.02615561835382285
2025/xian/team104,0.04023794262361602
2025/xian/team103,0.0034030053587496955
2025/xian/team107,0.003311519060269664
2025/xian/team106,0.0030873693457091405
2025/xian/team105,0.0032350559690690625
2025/xian/team108,8.93445612873136E-4
2025/xian/team110,0.024987794590900315
2025/xian/team109,0.008511303026562552
2025/xian/team111,0.0024367547000770052
2025/xian/team112,0.002287227605869875
2025/xian/team115,0.08632347658627028
2025/xian/team113,0.004718369255027519
2025/xian/team114,0.0022387208942298924
2025/xian/team116,0.017309095753668163
2025/xian/team117,0.002975233388356669
2025/xian/team118,0.0019043302713475422
2025/xian/team119,0.0020667944781501153
2025/xian/team121,0.0035657366623610266
2025/xian/team120,0.002380441707901304
2025/xian/team122,0.027376488778351356
2025/xian/team124,0.006073934440886245
2025/xian/team123,0.0027202789178609093
2025/xian/team125,0.0018386652876885773
2025/xian/team126,0.00564190850002335
2025/xian/team127,0.08509904500702024
2025/xian/team128,0.0033831914386013347
2025/xian/team129,0.0023322339175873403
2025/xian/team130,0.0037654137846738736
2025/xian/team131,0.01128807389923099
2025/xian/team134,0.03904829272622638
2025/xian/team133,0.016152834822140957
2025/xian/team132,0.008315778477474129
2025/xian/team135,0.22815650216092537
2025/xian/team137,0.05500528829345415
2025/xian/team136,0.07585818002124356
2025/xian/team138,0.007317397471212289
2025/xian/team139,0.004117917643959034
2025/xian/team140,0.00551193421080702
2025/xian/team141,0.01744248473620534
2025/xian/team142,0.34864513533394575
2025/xian/team144,0.28457600421652673
2025/xian/team143,0.06278920859705135
2025/xian/team145,0.0020708267632889897
2025/xian/team146,0.003311519060269664
2025/xian/team147,6.811711047686197E-4
2025/xian/team149,0.1480471980316895
2025/xian/team150,0.19193278644723683
2025/xian/team148,0.02017731832286999
2025/xian/team151,0.02655657099549924
2025/xian/team152,0.0018297256997829167
2025/xian/team153,0.5117166047041654
2025/xian/team154,0.0024919678536153497
2025/xian/team155,0.01052971212461742
2025/xian/team156,0.002912178283114333
2025/xian/team157,0.0022562397836225867
2025/xian/team158,0.003930085574505154
2025/xian/team159,0.0012755697703302124
2025/xian/team161,0.011331753531361453
2025/xian/team160,0.0015761828049447452
2025/xian/team162,0.002875546598960728
2025/xian/team165,0.0034030053587496955
2025/xian/team163,0.0039607875302097575
2025/xian/team164,0.0035380860570885376
2025/xian/team166,0.0024014053072493593
2025/xian/team168,0.003222484324002434
2025/xian/team167,0.020332353342658753
2025/xian/team169,0.0018821859100764038
2025/xian/team170,0.001700722411435288
2025/xian/team171,0.023509452407533014
2025/xian/team172,0.004520818046171076
2025/xian/team173,0.013955710398273338
2025/xian/team175,0.05834584061168106
2025/xian/team176,0.05834584061168106
2025/xian/team174,0.03461883883917583
2025/xian/team177,0.013428254741968517
2025/xian/team180,0.4960938294709195
2025/xian/team179,0.25386100696924885
2025/xian/team178,0.31742626558767584
2025/xian/team183,0.05184546664977983
2025/xian/team182,0.004943689078122551
2025/xian/team184,0.005685906935227819
2025/xian/team181,0.0033439078658398366
2025/xian/team186,0.036769466075598736
2025/xian/team185,0.005980329969128227
2025/xian/team187,0.033085978388704126
2025/xian/team188,0.0015548133490423032
2025/xian/team189,0.003510649113774665
2025/xian/team190,0.00249318189751038
2025/xian/team191,0.04208772791561884
2025/xian/team195,0.07807816514495095
2025/xian/team193,0.00740301408887263
2025/xian/team194,0.00593406683938367
2025/xian/team192,0.004125935094747131
2025/xian/team197,0.46490157137338844
2025/xian/team196,0.011072160183234295
2025/xian/team198,0.0026522597057856566
2025/xian/team199,0.023870834952430912
2025/xian/team200,0.0032099613758647793
2025/xian/team201,0.0024486528062566074
2025/xian/team202,0.0026265524901792573
2025/xian/team203,0.0034496887216523323
2025/xian/team204,0.0023619607182809687
2025/xian/team205,0.001142449539817763
2025/xian/team206,0.0044510412268872835
2025/xian/team207,0.004867417345279046
2025/xian/team208,0.001153647993614503
2025/xian/team209,0.0011335690050875119
2025/xian/team211,0.9955316157335089
2025/xian/team210,0.9828232909876817
2025/xian/team213,0.9724147177732099
2025/xian/team212,0.7248702761768248
2025/xian/team214,0.002540992626578983
2025/xian/team215,0.05108273695705249
2025/xian/team216,0.010169657753872614
2025/xian/team217,0.007665874688645945
2025/xian/team218,0.004792316673138821
2025/xian/team219,0.005343255956149592
2025/xian/team220,0.004645557549716042
2025/xian/team221,0.0011948779682837457
2025/xian/team222,0.09401017961657226
2025/xian/team223,0.003876926469761008
2025/xian/team224,0.0029810327298548972
2025/xian/team225,0.007695647178392188
2025/xian/team226,0.004924510374080036
2025/xian/team227,0.0038244836446372104
2025/xian/team229,0.0015382261947876666
2025/xian/team228,0.017176709012318405
2025/xian/team230,8.59247658728013E-4
2025/xian/team231,0.0010528252760651205
2025/xian/team233,0.0039148236056371685
2025/xian/team232,0.0022083887960902254
2025/xian/team234,0.0015916259996820179
2025/xian/team235,0.027169231535681047
2025/xian/team239,0.011072160183234295
2025/xian/team238,0.007695647178392188
2025/xian/team236,0.003794834220043924
2025/xian/team237,0.02822098712953305
2025/xian/team240,0.001492425075167004
2025/xian/team241,0.0027149854690051763
2025/xian/team243,0.24220562872535945
2025/xian/team242,0.6039318337259583
2025/xian/team244,0.09268777863937604
2025/xian/team245,0.019271137919768803
2025/xian/team247,0.14608724704829565
2025/xian/team246,0.017986209962091555
2025/xian/team248,0.014842417234248268
2025/xian/team249,6.745558838422837E-4
2025/xian/team251,0.008916127052872005
2025/xian/team250,0.007577241267860811
2025/xian/team252,0.028870906946287907
2025/xian/team253,0.0012354690391291106
2025/xian/team254,0.0026265524901792573
2025/xian/team255,0.002144765206335732
2025/xian/team256,0.5506073655352404
2025/xian/team257,0.004503272417089224
2025/xian/team258,0.006145092084085153
2025/xian/team259,0.0019250921548982051
2025/xian/team260,0.03461883883917583
2025/xian/team262,0.06097518086496481
2025/xian/team261,0.002413131228100185
2025/xian/team263,0.013020490113842825
2025/xian/team265,0.004007288945911384
2025/xian/team264,0.00433150202056399
2025/xian/team267,0.04742587317756679
2025/xian/team268,0.013428254741968517
2025/xian/team266,0.017176709012318405
2025/xian/team269,0.0028393743849786717
2025/xian/team270,0.0021699921585598995
2025/xian/team271,0.0041987952714718675
2025/xian/team273,0.04813677111663481
2025/xian/team274,0.03514484640079327
2025/xian/team272,0.015189048807983947
2025/xian/team275,0.01098694263059318
2025/xian/team276,0.00511967623806183
2025/xian/team277,0.0020972286560140795
2025/xian/team278,0.007518718061432194
2025/xian/team280,0.005260852257235711
2025/xian/team279,0.002912178283114333
2025/xian/team281,0.035678550877730524
2025/xian/team282,0.001008343541656317
2025/xian/team283,0.08035746882220708
2025/xian/team285,0.09807932347046003
2025/xian/team286,0.015784561073809773
2025/xian/team284,0.012624949281564409
2025/xian/team287,0.0013471735885827228
2025/xian/team290,0.05108273695705249
2025/xian/team291,0.03514484640079327
2025/xian/team288,0.04336579876390677
2025/xian/team289,0.04336579876390677
2025/xian/team292,0.002545947704947981
2025/xian/team293,0.017309095753668163
2025/xian/team294,0.002122931803104149
2025/xian/team295,0.00455611371445455
2025/xian/team296,0.001729986557105381
2025/xian/team297,0.0019173677047639845
2025/xian/team298,0.023870834952430912
2025/xian/team299,0.023870834952430912
2025/xian/team302,0.005587386239500054
2025/xian/team300,0.009090383313658499
2025/xian/team303,0.030908958517211163
2025/xian/team304,0.010091315485195006
2025/xian/team305,0.00363580881771715
2025/xian/team306,0.02655657099549924
2025/xian/team308,0.11124120650754304
2025/xian/team307,0.0953494648991095
2025/xian/team309,0.01868930842674908
2025/xian/team310,0.013428254741968517
2025/xian/team312,0.0018717803662055019
2025/xian/team311,0.002632955901546948
2025/xian/team313,0.004101929257867252
2025/xian/team314,0.0028560125258528073
2025/xian/team317,0.02333076880848049
2025/xian/team315,0.002137723001025632
2025/xian/team316,0.017986209962091555
2025/xian/team318,0.010735162609090678
2025/xian/team319,0.009055264186722086
2025/xian/team320,0.011687257995694434
2025/xian/team321,0.0063883209097212856
2025/xian/team322,0.003185060821449478
2025/xian/team323,0.0034564096680654286
2025/xian/team324,0.001761469680073981
2025/xian/team325,7.870083551024434E-4
2025/xian/team326,0.0012267634072201377
2025/xian/team327,0.0014493984078166476
2025/xian/team328,0.02843603304485266
2025/xian/team329,0.00331797171028623
2025/xian/team330,0.005685906935227819
2025/xian/team331,0.002611247603490656
2025/xian/team332,0.010652510839726164
2025/xian/team333,0.024053552894426178
2025/xian/team334,0.0025608708425093117
2025/xian/team335,0.0019117693602301454
2025/xian/team337,0.0031480705546296176
2025/xian/team338,0.002684746883533411
2025/xian/team336,0.0017215744536784388
2025/xian/team339,0.004503272417089224
2025/xian/team341,0.032589744766025344
2025/xian/team340,0.001945605817790643
2025/xian/team342,0.001259498639359374
2025/xian/team343,0.01507262830894569
2025/xian/team344,0.004030743158298242
2025/xian/team345,0.0028952138900040594
2025/xian/team348,0.9449947117065459
2025/xian/team346,0.40356685373537454
2025/xian/team347,0.341582499438317
2025/xian/team350,0.0050800369984775355
2025/xian/team349,0.004645557549716042
2025/xian/team352,0.8289388083214156
2025/xian/team353,0.12592276483513232
2025/xian/team351,0.019870713960402048
2025/xian/team354,0.02655657099549924
2025/xian/team355,0.21733752104706247
2025/xian/team356,0.05108273695705249
2025/xian/team358,0.0044683842664911206
2025/xian/team357,0.004485794577039704
2025/xian/team359,0.011419614645648401
2025/xian/team360,0.00530189486940215
2025/xian/team361,0.0033374049451905213
2025/xian/team362,0.004573864277626818
2025/xian/team363,0.02194825371486785
2025/xian/team364,0.001998945052701092
2025/xian/team365,0.003469890732315233
2025/xian/team366,0.02333076880848049
2025/xian/team369,0.0057525450502372046
2025/xian/team367,0.0037000459774197757
2025/xian/team368,0.003247676499188751
2025/xian/team370,0.006265533775839072
2025/xian/team371,0.0020072420085131904
2025/xian/team372,0.0020111583418261515
2025/xian/team373,0.002062770028391238
2025/xian/team375,0.44167300566462553
2025/xian/team376,0.05749327880038583
2025/xian/team374,0.04336579876390677
2025/xian/team377,0.001669509193466907
2025/xian/team380,0.0027469009484408103
2025/xian/team378,0.0018702985545925883
2025/xian/team379,0.0024654075777820633
2025/xian/team381,0.006050397688214567
2025/xian/team382,0.31742626558767584
2025/xian/team383,0.007289077583591924
2025/xian/team384,0.02655657099549924
2025/xian/team386,0.009708476481474066
2025/xian/team385,0.004736748955776685
2025/xian/team387,0.004663654952382041
2025/xian/team388,0.031143830534778462
2025/xian/team389,0.0034429807988858203
2025/xian/team390,0.00226946865448694
2025/xian/team392,0.9324533088603709
2025/xian/team391,0.7606506526772884
2025/xian/team393,0.4301473485858429
2025/xian/team394,0.014615670100635955
2025/xian/team395,0.17328820592932656
2025/xian/team397,0.004101929257867252
2025/xian/team396,0.02112519189594821
2025/xian/team398,0.02800752060598813
2025/xian/team399,0.09947021388210707
2025/xian/team400,0.020023441289455244
