team_id,team_name,team_name_en,school_name_cn,school_name_en,school_province,school_city,leader,members,coaches,review_status,created_at
"1963264777164447744","风华绝代","BEYOND","北部湾大学","Beibu Gulf University","广西壮族自治区","钦州","陈畅源","陈畅源","韩丽丽","REVIEWED","2025-09-03T15:36:13Z"
"1963262542950981632","残玉为王","Flawed Jade","江西师范大学","Jiangxi Normal University","江西省","南昌","江民利","张天宇/江民利/梁蓝睿","徐仁海","REVIEWED","2025-09-03T15:27:20Z"
"1963256733982547968","使一场ACM免于打铁","If I Can Stop One ACM From Fe","华北水利水电大学","North China University of Water Resources and Electric Power","河南省","郑州","任睿","任睿/刘盈/娄明歌","毋沁萍","REVIEWED","2025-09-03T15:04:15Z"
"1963256617682886656","珠科三队","ZHUKE3","珠海科技学院","Zhuhai College of Science and Technology","广东省","珠海","赵逸","赵逸/李秋烨","曾志峰","REVIEWED","2025-09-03T15:03:47Z"
"1963255673356312576","国际大外生编程竞赛","International DUFL Programming Competition","大连外国语大学","Dalian University of Foreign Languages","辽宁省","大连","林冠泽","王靖涵/史晨熙/林冠泽","刘鑫","REVIEWED","2025-09-03T15:00:02Z"
"1963255166717943808","999","number9","西北民族大学","Northwest Minzu University","甘肃省","兰州","刘彬","刘彬/丁宇瑄/习明库","万福成","REVIEWED","2025-09-03T14:58:01Z"
"1963255070378975232","888","number","西北民族大学","Northwest Minzu University","甘肃省","兰州","郭玉豪","郭玉豪/宗宣辰","李冠宇","REVIEWED","2025-09-03T14:57:38Z"
"1963255025478950912","777","number","西北民族大学","Northwest Minzu University","甘肃省","兰州","周健","郑凯毅/毛祺磊/周健","万福成","REVIEWED","2025-09-03T14:57:28Z"
"1963254973050150912","666","number6","西北民族大学","Northwest Minzu University","甘肃省","兰州","马潇","陈淑琪/马潇/杨明鑫","那孜古力·斯拉木","REVIEWED","2025-09-03T14:57:15Z"
"1963254728161517568","555","number5","西北民族大学","Northwest Minzu University","甘肃省","兰州","刘大鑫","刘大鑫/张文博/胡文铨","刘洪涛","REVIEWED","2025-09-03T14:56:17Z"
"1963253948411043840","大连酸奶喝心乐","Dalian Yogurt","大连外国语大学","Dalian University of Foreign Languages","辽宁省","大连","邱毓","邱毓/王君惠/张宏泽","刘鑫","REVIEWED","2025-09-03T14:53:11Z"
"1963253913527017472","444","number4","西北民族大学","Northwest Minzu University","甘肃省","兰州","周煜正","周煜正/何德昭/汪悦","李高云","REVIEWED","2025-09-03T14:53:03Z"
"1963253343202336768","333","number333","西北民族大学","Northwest Minzu University","甘肃省","兰州","付安","付安/潘禹全/谢恩健","满正行","REVIEWED","2025-09-03T14:50:47Z"
"1963252943925567488","222","number2","西北民族大学","Northwest Minzu University","甘肃省","兰州","刘哲瑞","刘哲瑞/徐启国/侯凯","满正行","REVIEWED","2025-09-03T14:49:11Z"
"1963252526751703040","111","number1","西北民族大学","Northwest Minzu University","甘肃省","兰州","童年","童年/张哲/梁双宇","满正行","REVIEWED","2025-09-03T14:47:32Z"
"1963250118298460160","埃塞披萨","AiSAIPISA","江西师范大学","Jiangxi Normal University","江西省","南昌","唐夏雨","唐夏雨/程慧鸣/邱滋杨","徐仁海","REVIEWED","2025-09-03T14:37:58Z"
"1963247370240811008","峰城大学算法竞赛同好会","Hojo University Programming Contest Club","海南大学","Hainan University","海南省","海口","周彦钊","周彦钊","刘华中","REVIEWED","2025-09-03T14:27:03Z"
"1963246666281410560","冀工三人组","admin 'or '1'='1'#","河北工业大学","Hebei University of Technology","河北省","天津","王若豪","邹俊凯/赵冠豪/王若豪","石陆魁","REVIEWED","2025-09-03T14:24:15Z"
"1963241528758132736","500请求失败","Request failed with status code 500","河南农业大学","Henan Agricultural University","河南省","郑州","蔡明正","蔡明正/李牧静/王浩鑫","惠向晖","REVIEWED","2025-09-03T14:03:50Z"
"1963241456200867840","二分找茬队","The two-point fault finding team","河南农业大学","Henan Agricultural University","河南省","郑州","韩郑洋","韩郑洋/张晟辉/鞠荃州","惠向晖","REVIEWED","2025-09-03T14:03:33Z"
"1963241382712467456","以上队伍成绩无效","The results of the above teams are invalid","河南农业大学","Henan Agricultural University","河南省","郑州","姚依涛","姚依涛/李新栋/圣永贤","惠向晖","REVIEWED","2025-09-03T14:03:15Z"
"1963240531654631424","福建技术师范学院","FPNU","福建技术师范学院","Fujian Polytechnic Normal University","福建省","福州","许城滔","施明隆/揭钰英/许城滔","林常航","REVIEWED","2025-09-03T13:59:52Z"
"1963236468850450432","Oops","Oops","香港科技大学","The Hong Kong University of Science and Technology","香港特别行政区","九龙","郑君赫","郑君赫/杨善进/施伟贤","饶哲凡","REVIEWED","2025-09-03T13:43:43Z"
"1963236136841928704","Qasqyrlar","Qasqyrlar","香港科技大学","The Hong Kong University of Science and Technology","香港特别行政区","九龙","Raiymbek Baishuak","Raiymbek Baishuak/Taimas Korganbayev/Mukhammadarif Sakhmoldin","饶哲凡","REVIEWED","2025-09-03T13:42:24Z"
"1963234786435424256","明年见：逆天构造题我们也没机会特判了","See you ACM next year: No WA again","复旦大学","Fudan University","上海市","上海","潘孝圆","朱相成/潘孝圆/高鉴朗","孙未未","REVIEWED","2025-09-03T13:37:02Z"
"1963234587994513408","我的键盘已经碎了- 我的午饭也馊了- 但我的冲锋- 是唐吉可德式的冲锋- 名为“ICPC”的大风车啊- ——我要与你再战三百回合。","My keyboard is broken- My lunch was rotten too- But my charge- It's a Tangjikide- A big windmill called ""ICPC""- ——I want to fight you for another three hundred rounds.","香港城市大学（东莞）","City University of Hong Kong (Dongguan)","广东省","东莞","郭刘翰文","郭刘翰文/路金橝/彭楚睿","张祎凡","REVIEWED","2025-09-03T13:36:15Z"
"1963234363590860800","让我们说中文！欢迎来到 icpc 的世界，准备好成为 icpc 传奇了吗？","Let's speak English! Welcome to the world of ICPC,are you ready for becoming the legend of ICPC?","香港城市大学（东莞）","City University of Hong Kong (Dongguan)","广东省","东莞","郭旺乐","郭旺乐/李冉曦/袁庚麒","张祎凡","REVIEWED","2025-09-03T13:35:22Z"
"1963233687330643968","这么出题是吧","Good Problems!!!","哈尔滨工业大学（深圳）","Harbin Institute of Technology, Shenzhen","广东省","深圳","蔡易轩","陈畅霖/蔡易轩/陈佳横","唐琳琳","REVIEWED","2025-09-03T13:32:40Z"
"1963232092563988480","江盼流星雨","Jiang look forward to lxy","齐鲁工业大学（山东省科学院）","Qilu University of Technology","山东省","济南","姜润超","姜润超/陈安昕/高照翔","潘岩","REVIEWED","2025-09-03T13:26:20Z"
"1963231978235650048","还没到六点，早安你个头","add uuz to your qq group meow thank you meow","齐鲁工业大学（山东省科学院）","Qilu University of Technology","山东省","济南","张宸维","杨梓睿/国展源/张宸维","潘岩","REVIEWED","2025-09-03T13:25:53Z"
"1963231818571079680","从这里开始","Start from here","哈尔滨工业大学（深圳）","Harbin Institute of Technology, Shenzhen","广东省","深圳","陈彦波","赵飞羽/陈彦波/李源恺","唐琳琳","REVIEWED","2025-09-03T13:25:15Z"
"1963231328110141440","taimu真幸运，玩上了丝之歌","Taimu was lucky enough to play Silk Song","长春工业大学","Changchun University of Technology","吉林省","长春","何永恒","何永恒/苏星雨/蒋卓君","肖巍","REVIEWED","2025-09-03T13:23:18Z"
"1963231180885876736","风平浪静","calm sea","长春工业大学","Changchun University of Technology","吉林省","长春","叶俊捷","叶俊捷/蒋雄/吴贻炫","肖巍","REVIEWED","2025-09-03T13:22:43Z"
"1963223224874196992","奶龙耄耋doro合体","Combination of NaiLong, MaoDie and Doro","哈尔滨工业大学（深圳）","Harbin Institute of Technology, Shenzhen","广东省","深圳","樊卓意","樊卓意/牛志洋/李杰","唐琳琳","REVIEWED","2025-09-03T12:51:06Z"
"1963222493068812288","我宣布本次会议结束散会","I hereby declare this meeting adjourned.","河北科技师范学院","Hebei Normal University of Science and Technology","河北省","秦皇岛","吴亿通","吴亿通/赵明春/李佳泽","尹明宇","REVIEWED","2025-09-03T12:48:11Z"
"1963222065065254912","bjv007","bjv007","北京交通大学（威海）","Beijing Jiaotong University, Weihai","山东省","威海","蔡云中","蔡云中/邹承轩/李柏言","朱伟鑫","REVIEWED","2025-09-03T12:46:29Z"
"1963221359130337280","溢出","overflow","哈尔滨工业大学（深圳）","Harbin Institute of Technology, Shenzhen","广东省","深圳","李有维","李有维/谢明啸/李俊铖","唐琳琳","REVIEWED","2025-09-03T12:43:41Z"
"1963218738281734144","动态规划追梦者","DP dreamer","延安大学西安创新学院","Xi’an Innovation College of Yan’an University","陕西省","西安","荣元锵","荣元锵/赵文杰/包政","林俊逸","REVIEWED","2025-09-03T12:33:16Z"
"1963217665131307008","这都不队","why not","北方民族大学","North Minzu University","宁夏回族自治区","银川","邱茂生","邱茂生/戴兴/胡柯瑶","田金琴","REVIEWED","2025-09-03T12:29:00Z"
"1963217510839640064","这个名字可好","Name is superduper","长春工业大学","Changchun University of Technology","吉林省","长春","陈柯嵩","陈柯嵩/刘明昊/陈昱璁","周丽娟","REVIEWED","2025-09-03T12:28:24Z"
"1963213238869712896","火与钢","fire and steel","西南石油大学","SouthWest Petroleum University","四川省","成都","李禹","李禹/王瑞/陈禹同","杨梅","REVIEWED","2025-09-03T12:11:25Z"
"1963210744299020288","谁当队长","who is leader","齐齐哈尔大学","Qiqihar University","黑龙江省","齐齐哈尔","曾泓鸣","曾泓鸣/季千寻","金涛","REVIEWED","2025-09-03T12:01:30Z"
"1963208174646091776","队友十年单身换区域赛银牌","You Up","北京科技大学","University of Science and Technology Beijing","北京市","北京","张顺","张顺/何开煜/国林泉","洪源","REVIEWED","2025-09-03T11:51:18Z"
"1963208043033026560","顽强报名奖","Stubborn Registration Award","北京科技大学","University of Science and Technology Beijing","北京市","北京","潘涵","潘涵/董瑞洋/姜皓凯","洪源","REVIEWED","2025-09-03T11:50:46Z"
"1963207846156591104","测试点全队","Test","北京科技大学","University of Science and Technology Beijing","北京市","北京","庞明宇","庞明宇/刘昊明泽/康伊德","洪源","REVIEWED","2025-09-03T11:49:59Z"
"1963206034322120704","新世纪倒霉战士","The Unlucky Warrior in the New Century","湖南科技学院","Hunan University of Science and Engineering","湖南省","永州","廖鑫","廖鑫","唐雅媛","REVIEWED","2025-09-03T11:42:47Z"
"1963204719143575552","不如加训","why not add training","哈尔滨工业大学（深圳）","Harbin Institute of Technology, Shenzhen","广东省","深圳","罗烺韬","邹锦宇/罗烺韬/黄婉彤","唐琳琳","REVIEWED","2025-09-03T11:37:34Z"
"1963203898574135296","会赢吗？","can we win？","哈尔滨工业大学（深圳）","Harbin Institute of Technology, Shenzhen","广东省","深圳","秦绍竣","秦绍竣/王一鸣/任德阳","唐琳琳","REVIEWED","2025-09-03T11:34:18Z"
"1963203492586479616","就这样吧队","do just","江汉大学","Jianghan University","湖北省","武汉","黄毅","黄毅/李金龙/赵匡宇","陶俊","REVIEWED","2025-09-03T11:32:41Z"
"1963203105385111552","三小只","ThreeInnocentMen","江汉大学","Jianghan University","湖北省","武汉","操怡泽","操怡泽/陈宇航/余希文","陶俊","REVIEWED","2025-09-03T11:31:09Z"
"1963202758247735296","AAA","AAA","江汉大学","Jianghan University","湖北省","武汉","杨杰","杨杰/陈子一/吴志飞","陶俊","REVIEWED","2025-09-03T11:29:46Z"
"1963201949422346240","土土队","Tutu team","绍兴大学","Shaoxing University","浙江省","绍兴","戴晓芳","戴晓芳/赵佳怡/沈毅康","黄龙军","REVIEWED","2025-09-03T11:26:33Z"
"1963201824704716800","写的都队","I code I correct","江汉大学","Jianghan University","湖北省","武汉","陈子杰","陈子杰/许佳瑶/范朝阳","吴瑰","REVIEWED","2025-09-03T11:26:04Z"
"1963201230405394432","一手抓竞赛一手抓考研一手抓保研——虽然学校没保研","School of Software and Microelectronics","江汉大学","Jianghan University","湖北省","武汉","熊振庭","熊振庭/李尧斐/焦子霖","吴瑰","REVIEWED","2025-09-03T11:23:42Z"
"1963199816589402112","潜水小怪","Diving little monster","哈尔滨工业大学（深圳）","Harbin Institute of Technology, Shenzhen","广东省","深圳","孙宇开","梁彬/羊柯伍/孙宇开","唐琳琳","REVIEWED","2025-09-03T11:18:05Z"
"1963199719357046784","砸瓦鲁多","the world","华南师范大学","South China Normal University","广东省","广州","彭云轩","彭云轩/杨铭哲/刘嘉轩","梁军","REVIEWED","2025-09-03T11:17:42Z"
"1963193403930599424","原神","Genshin Impact","上海纽约大学","New York University Shanghai","上海市","上海","Pavel Nikolaitchev","Pavel Nikolaitchev/Artemii Mavlitov","顾贤斌","REVIEWED","2025-09-03T10:52:36Z"
"1963190736139345920","哈气五小时","hiss for five hours","哈尔滨工业大学（深圳）","Harbin Institute of Technology, Shenzhen","广东省","深圳","高俊垚","曹鹏宇/高俊垚/曹锦程","唐琳琳","REVIEWED","2025-09-03T10:42:00Z"
"1963189621683412992","斗牛犬","Bulldog","清华大学","Tsinghua University","北京市","北京","GOH BOON JEK","GOH BOON JEK/Nguyen Dang Hoang Khang/Liew Cheng Jiun","邬晓钧","REVIEWED","2025-09-03T10:37:34Z"
"1963181523203809280","榴莲","Durian","清华大学","Tsinghua University","北京市","北京","黄瓅琦","黄瓅琦/Chan Yong Xin/Natlalita Chaijun","邬晓钧","REVIEWED","2025-09-03T10:05:23Z"
"1963181439204483072","遇到困难睡大觉","Can’t solve it? Nap it away!","江西农业大学","Jiangxi Agricultural University","江西省","南昌","王海玉","张楚/王海玉/曹政凯","李洪涛","REVIEWED","2025-09-03T10:05:03Z"
"1963181399874494464","些许风霜衣角微脏","just so so","江西农业大学","Jiangxi Agricultural University","江西省","南昌","曾昭淦","曾昭淦/柴泽平/卢畅","李洪涛","REVIEWED","2025-09-03T10:04:54Z"
"1963181340042747904","极点","Pole","江西农业大学","Jiangxi Agricultural University","江西省","南昌","闫卡特","闫卡特/罗宇豪/徐浩东","李洪涛","REVIEWED","2025-09-03T10:04:40Z"
"1963181268106240000","战斗爽","what can i say","江西农业大学","Jiangxi Agricultural University","江西省","南昌","宁臻","万文茜/王建/宁臻","李洪涛","REVIEWED","2025-09-03T10:04:23Z"
"1963181232358187008","前面忘了，中间忘了，后面忘了","forget the begin，forget the middle，forget the end","江西农业大学","Jiangxi Agricultural University","江西省","南昌","朱智咸","朱智咸/梁宝生/朱煜伟","李洪涛","REVIEWED","2025-09-03T10:04:14Z"
"1963180517850112000","你的存在是一个奇迹","Idealist","江西农业大学","Jiangxi Agricultural University","江西省","南昌","罗光明","罗光明/胡艺/贺子豪","李洪涛","REVIEWED","2025-09-03T10:01:24Z"
"1963180424656871424","什么都不会","Fe","江西农业大学","Jiangxi Agricultural University","江西省","南昌","李林跃","叶淑萌/黄馨瑶/李林跃","李洪涛","REVIEWED","2025-09-03T10:01:02Z"
"1963180388057374720","枕月听风","2. Moon on Pillow, Wind in Ear","江西农业大学","Jiangxi Agricultural University","江西省","南昌","万家林","万家林/殷智宇/刘益平","李洪涛","REVIEWED","2025-09-03T10:00:53Z"
"1963180153021161472","吕吕汪汪队","lulubark","武汉学院","Wuhan College","湖北省","武汉","刘佳","刘佳/沈济操/徐式飞","潘杰","REVIEWED","2025-09-03T09:59:57Z"
"1963180107135475712","领航者","Navigator","江西农业大学","Jiangxi Agricultural University","江西省","南昌","刘圣丰","刘圣丰/江柏霖/吴楚扬","李洪涛","REVIEWED","2025-09-03T09:59:46Z"
"1963179477952126976","122324","122324","湖南大学","Hunan University","湖南省","长沙","朱名扬","朱名扬/张世东/吕乐","黄宇","REVIEWED","2025-09-03T09:57:16Z"
"1963178151306354688","堆栈霸主","Stack Overlords","清华大学","Tsinghua University","北京市","北京","NAWAT ATIVITAVAS","NAWAT ATIVITAVAS/Giulio Xingtian Yehuda Zuckermann/Kerem Inci","邬晓钧","REVIEWED","2025-09-03T09:52:00Z"
"1963170404460421120","计算机科学技术","CS","江西财经大学","Jiangxi University of Finance and Economics","江西省","南昌","薛家琛","薛家琛/喻芷珊/武瑞雪","焦贤沛","REVIEWED","2025-09-03T09:21:13Z"
"1963167936817160192","Just Sleeeeep!!!!","Just Sleeeeep!!!!","上海应用技术大学","Shanghai Institute of Technology","上海市","上海","张茂挺","张茂挺/汤鑫宇/郑宇","王栋","REVIEWED","2025-09-03T09:11:24Z"
"1963167432607293440","晨续源","Dawn Renewal Source","上海应用技术大学","Shanghai Institute of Technology","上海市","上海","项家挺","项家挺/林翌悠/王圣涵","王栋","REVIEWED","2025-09-03T09:09:24Z"
"1963167134123843584","你说得队","You Are Right","上海应用技术大学","Shanghai Institute of Technology","上海市","上海","吴灿","吴灿/孙鸣浩/沈毅鹏","王栋","REVIEWED","2025-09-03T09:08:13Z"
"1963161052919902208","前面的区域以后再来探索吧","Come back to explore ahead area later.","上海应用技术大学","Shanghai Institute of Technology","上海市","上海","江子阳","江子阳/柯向东/宁若水","王栋","REVIEWED","2025-09-03T08:44:03Z"
"1963159923918123008","南方科技大学一队","SUSTech-1st","南方科技大学","Southern University of Science and Technology","广东省","深圳","姜奕豪","姜奕豪/张祺宇/杨博文","唐博","REVIEWED","2025-09-03T08:39:34Z"
"1963159830469029888","南方科技大学二队","SUSTech-2nd","南方科技大学","Southern University of Science and Technology","广东省","深圳","王泰翔","王泰翔/殷铭轩/李佳霖","唐博","REVIEWED","2025-09-03T08:39:11Z"
"1963159707261349888","南方科技大学三队","SUSTech-3th","南方科技大学","Southern University of Science and Technology","广东省","深圳","娄午尘","娄午尘/李钰曦/侯宇轩","唐博","REVIEWED","2025-09-03T08:38:42Z"
"1963159565581955072","南方科技大学四队","SUSTech-4th","南方科技大学","Southern University of Science and Technology","广东省","深圳","王惠民","丁哲昊/李滨/王惠民","唐博","REVIEWED","2025-09-03T08:38:08Z"
"1963159485789515776","南方科技大学五队","SUSTech-5th","南方科技大学","Southern University of Science and Technology","广东省","深圳","曾沛宸","张业琛/光熠阳/曾沛宸","唐博","REVIEWED","2025-09-03T08:37:49Z"
"1963159407527997440","南方科技大学六队","SUSTech-6th","南方科技大学","Southern University of Science and Technology","广东省","深圳","易楚曦","易楚曦/陈恺桉/叶翰邦","唐博","REVIEWED","2025-09-03T08:37:31Z"
"1963159218155171840","南方科技大学七队","SUSTech-7th","南方科技大学","Southern University of Science and Technology","广东省","深圳","王思忧","王思忧/谢沁鑫","唐博","REVIEWED","2025-09-03T08:36:46Z"
"1963157621400416256","三个皮蛋","three Q","浙江广厦建设职业技术大学","Zhejiang Guangsha Vocational and Technical University of Construction","浙江省","东阳","李俊","李俊/顾光辉/姜银","陆东城","REVIEWED","2025-09-03T08:30:25Z"
"1963156441458814976","lska","lska","宁波诺丁汉大学","University of Nottingham Ningbo China","浙江省","宁波","尤正","尤正","杨笑迎","REVIEWED","2025-09-03T08:25:43Z"
"1963149917122473984","武器大师","wqds","长春电子科技学院","Changchun College of Electronic Technology","吉林省","长春","江维清","江维清/金依乐/傅一洲","沙彦孚","REVIEWED","2025-09-03T07:59:48Z"
"1963147477262282752","不爆零就是胜利","NULL","北方工业大学","North China University of Technology","北京市","北京","林子豪","洪叶汀芷/田乐秋/林子豪","李源","REVIEWED","2025-09-03T07:50:06Z"
"1963147308563181568","我做的都队","AC group","浙江传媒学院","Communication University of Zhejiang","浙江省","杭州","王晨皓","王晨皓/叶子明/罗一鸣","郑珺","REVIEWED","2025-09-03T07:49:26Z"
"1963143199604879360","思政大模型","IPE Large Model","兰州大学","Lanzhou University","甘肃省","兰州","郑宇航","郑宇航/方佳成/严浩宸","马俊","REVIEWED","2025-09-03T07:33:06Z"
"1963135256025116672","这么中，那么燃，周末到河南","So vibrant, so exciting—head to Henan this weekend!","河南农业大学","Henan Agricultural University","河南省","郑州","杨光","杨光/沈子焱/陈劲霄","尚俊平","REVIEWED","2025-09-03T07:01:32Z"
"1963129591466569728","九龙塘妙妙屋","Kowloon Tong MMW","香港城市大学","City University of Hong Kong","香港特别行政区","九龙","Demidov Ilia","Demidov Ilia/EVSTAFEV Andrei/Gizatullin Timur","高义雄","REVIEWED","2025-09-03T06:39:02Z"
"1963129395244445696","初心","Pure","香港城市大学","City University of Hong Kong","香港特别行政区","九龙","燕雅超","燕雅超/高立由/邓子冲","高义雄","REVIEWED","2025-09-03T06:38:15Z"
"1963129355646021632","把题翻译出来就好","Just translate the question.","湖北经济学院","Hubei University of Economics","湖北省","武汉","向国禹","赖弈廷/黄梦莎/向国禹","周刚","REVIEWED","2025-09-03T06:38:06Z"
"1963128077276688384","让我再A一题吧","Muddy Tiger","华北水利水电大学","North China University of Water Resources and Electric Power","河南省","郑州","石耀耀","石耀耀/崔鑫/赵中正","陈欢欢","REVIEWED","2025-09-03T06:33:01Z"
"1963127358855327744","菜鸡花钱坐牢","pay and in jail","华北水利水电大学","North China University of Water Resources and Electric Power","河南省","郑州","张嘉涛","张嘉涛/车玉成/周海蛟","李素萍","REVIEWED","2025-09-03T06:30:10Z"
"1963124556292698112","桂信科二队","GXK2","桂林信息科技学院","Guilin Institute of Information Technology","广西壮族自治区","桂林","劳秀福","劳秀福/郭晶/孙佳慧","牙大金","REVIEWED","2025-09-03T06:19:01Z"
"1963124345784774656","桂信科一队","GXK1","桂林信息科技学院","Guilin Institute of Information Technology","广西壮族自治区","桂林","杨恩","杨恩/张轩松/李鑫祥","付尧","REVIEWED","2025-09-03T06:18:11Z"
"1963117479214198784","猛攻队","onslaught","上海财经大学","Shanghai University of Finance and Economics","上海市","上海","刘淏予","刘淏予/盛开/杨世杰","郭子超","REVIEWED","2025-09-03T05:50:54Z"
"1963117369772224512","我真的想做队","win win group","浙江传媒学院","Communication University of Zhejiang","浙江省","杭州","赵启琪","赵启琪/梁笑/笪媛媛","郑珺","REVIEWED","2025-09-03T05:50:28Z"
"1963117358028173312","东华大学9队","Donghua University 9th team","东华大学","Donghua University","上海市","上海","胡俞希","崔麒锐/胡俞希/程政凯","黄永锋","REVIEWED","2025-09-03T05:50:25Z"
"1963117092126076928","虾糊闹","Noisy Prawn Paste","上海财经大学","Shanghai University of Finance and Economics","上海市","上海","孙宇博","吴宇凡/陈天豪/孙宇博","郭子超","REVIEWED","2025-09-03T05:49:22Z"
"1963116846251782144","AC","AC","上海财经大学","Shanghai University of Finance and Economics","上海市","上海","周振凯","周振凯/竺钱成/方鸿铭","郭子超","REVIEWED","2025-09-03T05:48:23Z"
"1963116525161033728","没事情干所以来组队","Nothing2do","上海财经大学","Shanghai University of Finance and Economics","上海市","上海","陶唐","刘子妍/陶唐/叶蓓莉","郭子超","REVIEWED","2025-09-03T05:47:07Z"
"1963113056698118144","队不了一点","Nothing could be impossible","香港理工大学","The Hong Kong Polytechnic University","香港特别行政区","九龙","钱旻灏","黄敬博/李如其/钱旻灏","李博","REVIEWED","2025-09-03T05:33:20Z"
"1963107996350033920","小伙只是#define int long long就被管家活生生打断腿","Guy wrote ""#define int long long"", butler broke his legs","哈尔滨工业大学（威海）","Harbin Institute of Technology, Weihai","山东省","威海","詹柏川","詹柏川/卜家骏/郭嘉豪","董开坤","REVIEWED","2025-09-03T05:13:13Z"
"1963103503126376448","栈溢出救援队","Stack Overflow Rescue","武汉商学院","Wuhan Business University","湖北省","武汉","赵立","赵立/赵士冲/闫泽韬","曲成璋","REVIEWED","2025-09-03T04:55:22Z"
"1963103009800728576","WBU1","WBU1","武汉商学院","Wuhan Business University","湖北省","武汉","杨文昊","杨文昊/李吉/许义","曲成璋","REVIEWED","2025-09-03T04:53:24Z"
"1963097261955887104","无限剑制","Unlimited Blade Works","延安大学西安创新学院","Xi’an Innovation College of Yan’an University","陕西省","西安","肖磊","肖磊/张一晨/杜世武","林俊逸","REVIEWED","2025-09-03T04:30:34Z"
"1963096888167903232","BY.小羊驼","Code Wizards","延安大学西安创新学院","Xi’an Innovation College of Yan’an University","陕西省","西安","杨拓丹","杨拓丹/刘佳一/邢颖琪","林俊逸","REVIEWED","2025-09-03T04:29:05Z"
"1963092968490151936","我们AK ICPC","We AK ICPC","上海财经大学","Shanghai University of Finance and Economics","上海市","上海","史靖玮","陶晟昱/禚安垣/史靖玮","郭子超","REVIEWED","2025-09-03T04:13:30Z"
"1963092566277369856","求求你别WA","Curie","上海财经大学","Shanghai University of Finance and Economics","上海市","上海","崔翰文","火子杰/江郭丰/崔翰文","郭子超","REVIEWED","2025-09-03T04:11:54Z"
"1963088360669720576","一码向前","ONE YARD FORWARD","成都信息工程大学","Chengdu University of Information Technology","四川省","成都","刘枭","刘枭/袁超/周殿豪","李莉丽","REVIEWED","2025-09-03T03:55:12Z"
"1963088109321859072","不要指望我们队","Don't count on our team","成都信息工程大学","Chengdu University of Information Technology","四川省","成都","李海鑫","李海鑫/王彤彤/左馨悦","刘仕筠","REVIEWED","2025-09-03T03:54:12Z"
"1963084822753325056","兔必南波万队","To be NO.1","浙江传媒学院","Communication University of Zhejiang","浙江省","杭州","庄庆伟","庄庆伟/李国旭/刘清","郑珺","REVIEWED","2025-09-03T03:41:08Z"
"1963084800053751808","涉海蜉蝣","Wadding mayflies","湖北大学","Hubei University","湖北省","武汉","朱俊好","朱俊好/冯念杰/刘贵明","李胜华","REVIEWED","2025-09-03T03:41:03Z"
"1963082943893876736","啊对对队","Oh Yes Yes Team","香港理工大学","The Hong Kong Polytechnic University","香港特别行政区","九龙","杜禹衡","杜禹衡/陈羿铭/曹竞元","李博","REVIEWED","2025-09-03T03:33:40Z"
"1963082757964574720","愚者","The Fool","香港理工大学","The Hong Kong Polytechnic University","香港特别行政区","九龙","闵泽宇","闵泽宇/孟祥宇/张浩越","李博","REVIEWED","2025-09-03T03:32:56Z"
"1963082508038582272","ttt","ttt","香港理工大学","The Hong Kong Polytechnic University","香港特别行政区","九龙","徐铭悦","黄瑞满/徐铭悦/周可儿","李博","REVIEWED","2025-09-03T03:31:56Z"
"1963082362777251840","我不是小茂密","Starfish King","香港理工大学","The Hong Kong Polytechnic University","香港特别行政区","九龙","卢昱辰","张兆和/卢昱辰/付冠赫","李博","REVIEWED","2025-09-03T03:31:22Z"
"1963082140068098048","POLYU-1","POLYU-1","香港理工大学","The Hong Kong Polytechnic University","香港特别行政区","九龙","朱恒基","朱恒基/李恒贤/严章洋","李博","REVIEWED","2025-09-03T03:30:29Z"
"1963081918973751296","闪光破梨油","Shining PolyU","香港理工大学","The Hong Kong Polytechnic University","香港特别行政区","九龙","孙涵松","孙涵松","李博","REVIEWED","2025-09-03T03:29:36Z"
"1963077703656288256","卷摆二象性","Carry-Sleep Duality","山东科技大学济南校区","","山东省","济南","屠晓桐","屠晓桐/左子恒/张维杰","任国强","REVIEWED","2025-09-03T03:12:51Z"
"1963077563356819456","天地一家大爱盟","Great love for world","西南交通大学","Southwest Jiaotong University","四川省","成都","宋向坤","宋向坤/徐明山/魏晟伦","喻琇瑛","REVIEWED","2025-09-03T03:12:17Z"
"1963077020173479936","西南交91同好会","91 Mr.Hong x Mr.Yang x Mr.Huang","西南交通大学","Southwest Jiaotong University","四川省","成都","杨浩然","洪宇成/杨浩然/黄旭嘉","喻琇瑛","REVIEWED","2025-09-03T03:10:08Z"
"1963076559232053248","阿诺乐队","ano~~n~~ band","西南交通大学","Southwest Jiaotong University","四川省","成都","苏永康","苏永康/丁昱/张景暄","喻琇瑛","REVIEWED","2025-09-03T03:08:18Z"
"1963075535310172160","球球你让我AC吧，队友什么都会做的","AC PLEASE! Teammates Carry All!","西南交通大学","Southwest Jiaotong University","四川省","成都","谢栩珲","谢栩珲/郑浩/倪阳","喻琇瑛","REVIEWED","2025-09-03T03:04:14Z"
"1963074968395460608","西南交大舞萌DX同好会","BanG Dream!","西南交通大学","Southwest Jiaotong University","四川省","成都","刘俊豪","阚闯/刘俊豪/陈义达","喻琇瑛","REVIEWED","2025-09-03T03:01:59Z"
"1963068499776253952","又被算法打败啦","AlgorithmWinsAgain","玉林师范学院","Yulin Normal University","广西壮族自治区","玉林","侯雨恒","侯雨恒/巫商权/陶代恩","谭玻","REVIEWED","2025-09-03T02:36:17Z"
"1963068329835638784","珠科二队","ZHUKE2","珠海科技学院","Zhuhai College of Science and Technology","广东省","珠海","陈俊烨","陈俊烨/林浩/朱嘉成","曾志峰","REVIEWED","2025-09-03T02:35:36Z"
"1963067691240271872","没学过算法幻想打icpc","NO ALGORITHM NO ICPC","珠海科技学院","Zhuhai College of Science and Technology","广东省","珠海","魏子钇","魏子钇/刘潼/杨耀彬","曾志峰","REVIEWED","2025-09-03T02:33:04Z"
"1963063033327267840","byto","byto","中国科学技术大学","University of Science and Technology of China","安徽省","合肥","万景天","杨邵恺/万景天/胡启航","卢建良","REVIEWED","2025-09-03T02:14:33Z"
"1963062667713982464","这对吗这不队","Kidding Wizard","中国科学技术大学","University of Science and Technology of China","安徽省","合肥","翟方炀","任奕圩/翟方炀/李智涵","卢建良","REVIEWED","2025-09-03T02:13:06Z"
"1963062456711131136","苕皮栈队","Algorithm Avengers","中国科学技术大学","University of Science and Technology of China","安徽省","合肥","彭予乐","岳孟昕/彭予乐/王少白","卢建良","REVIEWED","2025-09-03T02:12:16Z"
"1963062255921410048","调试鸭","Debug Duck","中国科学技术大学","University of Science and Technology of China","安徽省","合肥","叶梓文","叶梓文/刘子轩/沈锴航","卢建良","REVIEWED","2025-09-03T02:11:28Z"
"1963062001968885760","静蓝","Silent Blue","中国科学技术大学","University of Science and Technology of China","安徽省","合肥","杨思汗","李翰阳/杨思汗/马亦凡","卢建良","REVIEWED","2025-09-03T02:10:27Z"
"1963061755847127040","空","NULL","中国科学技术大学","University of Science and Technology of China","安徽省","合肥","郑天祺","郑天祺/倪颢庭/胡奕诚","卢建良","REVIEWED","2025-09-03T02:09:29Z"
"1963061556433137664","[74][645][434]","[74][645][434]","中国科学技术大学","University of Science and Technology of China","安徽省","合肥","秦沁","秦沁","卢建良","REVIEWED","2025-09-03T02:08:41Z"
"1963061545477615616","咖啡宝贝","0xcafebabe","苏州大学","Soochow University (Jiangsu)","江苏省","苏州","周业鸣","朱星晨/廉镇源/周业鸣","朱晓旭","REVIEWED","2025-09-03T02:08:39Z"
"1963061301847273472","wa乃兵家常事","wa? easy","苏州大学","Soochow University (Jiangsu)","江苏省","苏州","王轩奕","王轩奕/张浩楠/朱昊文","朱晓旭","REVIEWED","2025-09-03T02:07:40Z"
"1963061234738409472","天绫绫地宁宁","Oneineigai","中国科学技术大学","University of Science and Technology of China","安徽省","合肥","袁子涵","袁子涵/范洪旭/史庭瑞","李春生","REVIEWED","2025-09-03T02:07:24Z"
"1963061099212058624","复行数十步","Re:Re:","苏州大学","Soochow University (Jiangsu)","江苏省","苏州","杨翊诚","杨翊诚/李远瀚/董善文","朱晓旭","REVIEWED","2025-09-03T02:06:52Z"
"1963060983507988480","冯诺曼波","von Neumanbo","中国科学技术大学","University of Science and Technology of China","安徽省","合肥","陈鑫","黄嘉玮/梁家瑞/陈鑫","李春生","REVIEWED","2025-09-03T02:06:25Z"
"1963060912339038208","WA了十发后TLE了","TLE after ten WAs","苏州大学","Soochow University (Jiangsu)","江苏省","苏州","黎子卿","田浦汛/黎子卿/成嘉益","朱晓旭","REVIEWED","2025-09-03T02:06:08Z"
"1963060707090771968","猿神起洞","Genshin Impact, Launched!；","苏州大学","Soochow University (Jiangsu)","江苏省","苏州","方梓航","方梓航/钟雨桐/张喻杰","朱晓旭","REVIEWED","2025-09-03T02:05:19Z"
"1963060705333358592","库特胜利","Kud FC","中国科学技术大学","University of Science and Technology of China","安徽省","合肥","陈宇梁","解今夕/熊炜/陈宇梁","李春生","REVIEWED","2025-09-03T02:05:18Z"
"1963060479033880576","罗杰的最后一个WA","code in on piece","苏州大学","Soochow University (Jiangsu)","江苏省","苏州","宋予陆","宋予陆/赵满林/张世鑫","朱晓旭","REVIEWED","2025-09-03T02:04:24Z"
"1963060416157069312","WA也是A","WAmaster","中国科学技术大学","University of Science and Technology of China","安徽省","合肥","唐先骐","陈振杨/唐先骐/刘子源","李春生","REVIEWED","2025-09-03T02:04:09Z"
"1963060270954459136","汪汪队","wangwangwang","苏州大学","Soochow University (Jiangsu)","江苏省","苏州","张汉彬","张汉彬/韩宽/赵睿","朱晓旭","REVIEWED","2025-09-03T02:03:35Z"
"1963060139605635072","超算中心","WhySoCrazy","中国科学技术大学","University of Science and Technology of China","安徽省","合肥","马文宇","马文宇/隋德嵩/钟承奕","李春生","REVIEWED","2025-09-03T02:03:03Z"
"1963059922009337856","素粥大雪登山队","S.Z.D.X.mountaineers","苏州大学","Soochow University (Jiangsu)","江苏省","苏州","薛腾扬","陈梓腾/薛腾扬/顾泽华","朱晓旭","REVIEWED","2025-09-03T02:02:11Z"
"1963059829994696704","暂定","unnamed","中国科学技术大学","University of Science and Technology of China","安徽省","合肥","钱易","钱易/向阳天/郑鹤铭","李春生","REVIEWED","2025-09-03T02:01:50Z"
"1963059657914986496","代码提交长度限制十万字符","millions of characters","苏州大学","Soochow University (Jiangsu)","江苏省","苏州","薛裔隆","薛裔隆/杨镕璟/张礼祺","朱晓旭","REVIEWED","2025-09-03T02:01:08Z"
"1963059475542454272","三个臭皮匠","three fearless men fight for honor","中国科学技术大学","University of Science and Technology of China","安徽省","合肥","庾煜驰","庾煜驰/龚夏瑜/白飞洋","李春生","REVIEWED","2025-09-03T02:00:25Z"
"1963059409649938432","天外来物","Stardust","苏州大学","Soochow University (Jiangsu)","江苏省","苏州","尹子睿","尹子睿/刘志轩/薛临成","朱晓旭","REVIEWED","2025-09-03T02:00:09Z"
"1963059178610896896","憧憬成为算竞糕手","How to become jiangly","苏州大学","Soochow University (Jiangsu)","江苏省","苏州","张天伦","张天伦/余睿/刘科润","朱晓旭","REVIEWED","2025-09-03T01:59:14Z"
"1963058777354416128","不会计数","no count","苏州大学","Soochow University (Jiangsu)","江苏省","苏州","周子尧","周子尧/李宇杰/范宇辰","朱晓旭","REVIEWED","2025-09-03T01:57:39Z"
"1963057994512740352","旺旺队","Wang","中国科学技术大学","University of Science and Technology of China","安徽省","合肥","周江杭","周江杭/涂哲文/王玉麟","周英华","REVIEWED","2025-09-03T01:54:32Z"
"1963057753382203392","摸鱼之魂终将归来","Fishing Soul will finally return","中国科学技术大学","University of Science and Technology of China","安徽省","合肥","温家睿","温家睿/林度/陈凌峰","周英华","REVIEWED","2025-09-03T01:53:34Z"
"1963057525518249984","Straight into the ACs","Straight into the ACs","中国科学技术大学","University of Science and Technology of China","安徽省","合肥","栾峻岩","栾峻岩/娄彦轩/陈天添","周英华","REVIEWED","2025-09-03T01:52:40Z"
"1963057249201696768","高级CV工程师","Ctrl C+Ctrl V＝AC","中国科学技术大学","University of Science and Technology of China","安徽省","合肥","朱东胜","朱东胜/徐家慧/吴奕凡","周英华","REVIEWED","2025-09-03T01:51:34Z"
"1963057023212597248","失去梦想变成猫猫猫","KFC Fried Cat","中国科学技术大学","University of Science and Technology of China","安徽省","合肥","涂建鹏","何煜恒/涂建鹏/朱雨田","周英华","REVIEWED","2025-09-03T01:50:40Z"
"1963056411641131008","无垠","Infinity","中国科学技术大学","University of Science and Technology of China","安徽省","合肥","王怡钧","王怡钧/赖浩宸/韩尚格","何钰","REVIEWED","2025-09-03T01:48:15Z"
"1963056166484062208","6","6","中国科学技术大学","University of Science and Technology of China","安徽省","合肥","王歆喆","许傲施/王歆喆/蔡敦行","何钰","REVIEWED","2025-09-03T01:47:16Z"
"1963055887088889856","一零零一","1001","中国科学技术大学","University of Science and Technology of China","安徽省","合肥","孙一睿","赵宋樾/孙一睿/吴雨桐","何钰","REVIEWED","2025-09-03T01:46:09Z"
"1963055610248048640","氯化银","AgCl","中国科学技术大学","University of Science and Technology of China","安徽省","合肥","尹思源","林绍棠/何书宇/尹思源","何钰","REVIEWED","2025-09-03T01:45:03Z"
"1963055327883309056","爱吃绿色圆圈","Love to eat green circles","中国科学技术大学","University of Science and Technology of China","安徽省","合肥","郑心舟","郑心舟/罗浩桐/张满羿","何钰","REVIEWED","2025-09-03T01:43:56Z"
"1963055102099730432","天宁花苑队","tianninghuayuan","中国科学技术大学","University of Science and Technology of China","安徽省","合肥","林一","林一/王程/马晨柯","何钰","REVIEWED","2025-09-03T01:43:02Z"
"1963054898634043392","大吃大喝大队","Eating & Drinking Team","中国科学技术大学","University of Science and Technology of China","安徽省","合肥","丁许同","丁许同/杜明珉/李存淳","何钰","REVIEWED","2025-09-03T01:42:14Z"
"1963054385528057856","多首的神明","Mutsumi's Saki","中国科学技术大学","University of Science and Technology of China","安徽省","合肥","吉耀岚","吉耀岚/陈北辰/于泳昊","周英华","REVIEWED","2025-09-03T01:40:11Z"
"1963053892030443520","汪汪队","PAW_Patrol","中国科学技术大学","University of Science and Technology of China","安徽省","合肥","李俊谕","邱义家/李俊谕/王睿涵","孙广中","REVIEWED","2025-09-03T01:38:14Z"
"1963052905827938304","广告位招租","Untitled","中国科学技术大学","University of Science and Technology of China","安徽省","合肥","孙嫣然","李颖/孙嫣然/付嘉瑞","孙广中","REVIEWED","2025-09-03T01:34:19Z"
"1963052688210669568","25时，美食广场见。","The foodcourt at 25:00","中国科学技术大学","University of Science and Technology of China","安徽省","合肥","赵星宇","陈聆祎/谈天/赵星宇","孙广中","REVIEWED","2025-09-03T01:33:27Z"
"1963052389924352000","这一世，我转生到了ustc","sdu2ustc","中国科学技术大学","University of Science and Technology of China","安徽省","合肥","俞程","陈子载/王天竹/俞程","周英华","REVIEWED","2025-09-03T01:32:16Z"
"1963052145459343360","奶龙说的dei","Nailong team","中国科学技术大学","University of Science and Technology of China","安徽省","合肥","蔡俊成","蔡俊成/沈嘉仪/刘厚振","孙广中","REVIEWED","2025-09-03T01:31:17Z"
"1963051883139182592","(*￣(ｴ)￣*)","(*￣(ｴ)￣*)","中国科学技术大学","University of Science and Technology of China","安徽省","合肥","付锦鹏","刘畅/尹成涵/付锦鹏","孙广中","REVIEWED","2025-09-03T01:30:15Z"
"1963051638149885952","故事的下一页","The Next Page","中国科学技术大学","University of Science and Technology of China","安徽省","合肥","汪晨曦","殷跃然/汪晨曦/常铭","孙广中","REVIEWED","2025-09-03T01:29:16Z"
"1963051409224773632","中科大少女班代表队","Harbin team: School of the Gifted Young Girls, USTC","中国科学技术大学","University of Science and Technology of China","安徽省","合肥","冯正桦","邵晓玮/冯正桦/李俊辰","孙广中","REVIEWED","2025-09-03T01:28:22Z"
"1963051052570521600","铜铜铜sahur","Cu Again","中国科学技术大学","University of Science and Technology of China","安徽省","合肥","范宇祺","范宇祺/梁嘉文/孙志浩","孙广中","REVIEWED","2025-09-03T01:26:57Z"
"1963047908960645120","春风若有怜花意","If the spring breeze had any tender heart for flowers","兰州理工大学","Lanzhou University Of Technology","甘肃省","兰州","李攀明","苏子涵/刘铭浩/李攀明","姚亚兵","REVIEWED","2025-09-03T01:14:27Z"
"1963047386086125568","LUT1","LUT1","兰州理工大学","Lanzhou University Of Technology","甘肃省","兰州","张嘉臻","张嘉臻/李孜锐/郭嗣睿","姚亚兵","REVIEWED","2025-09-03T01:12:23Z"
"1963030318125166592","我真的好想TA","My heart aches with a longing for them.","兰州理工大学","Lanzhou University Of Technology","甘肃省","兰州","刘浩","杨程程/刘浩/张天一","姚亚兵","REVIEWED","2025-09-03T00:04:33Z"
"1963011243399458816","师大一队","HUNNUSingle","湖南师范大学","Hunan Normal University","湖南省","长沙","陶子杨","陶子杨","罗迅","REVIEWED","2025-09-02T22:48:46Z"
"1962970896170496000","不要再 ultra 了","sudo apt remove ultra","清华大学","Tsinghua University","北京市","北京","姚熙","李劲逸/赵英智/姚熙","邬晓钧","REVIEWED","2025-09-02T20:08:26Z"
"1962969405779095552","无荆","Tanks Have No Rearview Mirrors","清华大学","Tsinghua University","北京市","北京","郭嘉乐","郭嘉乐/杨俊哲/任庆宇","邬晓钧","REVIEWED","2025-09-02T20:02:31Z"
"1962913937983549440","恩师肖恩","miemiemie","北京工业大学","Beijing University of Technology","北京市","北京","张莉","张莉/李昕烨/刘宗润","高红雨","REVIEWED","2025-09-02T16:22:06Z"
"1962907056376393728","ac梦不是梦","Actualized Dreams","江西财经大学","Jiangxi University of Finance and Economics","江西省","南昌","刘庆栋","刘庆栋/胡峻珲/蒋必成","焦贤沛","REVIEWED","2025-09-02T15:54:45Z"
"1962899062771167232","妙蛙种子队","miaowamiaowa","北京工业大学","Beijing University of Technology","北京市","北京","龚羿丞","周彤/龚羿丞/陈慧瑶","高红雨","REVIEWED","2025-09-02T15:23:00Z"
"1962898457793146880","旺仔小分队","Lucky Force One","北京工业大学","Beijing University of Technology","北京市","北京","向鹏睿","王雨轩/向鹏睿/黄欣怡","高红雨","REVIEWED","2025-09-02T15:20:35Z"
"1962897759437336576","落叶知秋","fallleaves01","华中科技大学","Huazhong University of Science and Technology","湖北省","武汉","麦骏","俞仲遥/麦骏","何琨","REVIEWED","2025-09-02T15:17:49Z"
"1962893022902104064","666","666","安徽工业大学","Anhui University of Technology","安徽省","马鞍山","李冠庭","李冠庭/周子健/李锐","王喜凤","REVIEWED","2025-09-02T14:59:00Z"
"1962890573608923136","来自**的你","Type-Moon","广西科技大学","Guangxi University of Science and Technology","广西壮族自治区","柳州","陈梓昊","陈廷玮/陈梓昊/向本森","韦璐","REVIEWED","2025-09-02T14:49:16Z"
"1962884865815490560","凌空摘星","Reach for the Stars","湖南大学","Hunan University","湖南省","长沙","朱潇庸","朱潇庸/刘博文/陈梵","黄宇","REVIEWED","2025-09-02T14:26:35Z"
"1962884440190103552","好景不长云遮月","The Clouded Moon","东北石油大学秦皇岛校区","Northeast Petroleum University at Qinhuangdao","河北省","秦皇岛","熊雄","熊雄/李晓宗/高宇昕","李峰","REVIEWED","2025-09-02T14:24:53Z"
"1962884180214558720","工信","GONGXIN","湖南大学","Hunan University","湖南省","长沙","许斌洋","许斌洋/叶如桐/陈宏","黄宇","REVIEWED","2025-09-02T14:23:51Z"
"1962883645327552512","蝴蝶穿花","Butterflies Through Flowers","湖南大学","Hunan University","湖南省","长沙","陈明哲","陈明哲/李知夏/萧楚寒","黄宇","REVIEWED","2025-09-02T14:21:44Z"
"1962883552180449280","下北泽少女乐队天天向商在线打铁","day day up fight to Fe","天津商业大学","Tianjin University of Commerce","天津市","天津","胡琦","胡琦/魏泽鸣/戴柳逸","张冰","REVIEWED","2025-09-02T14:21:22Z"
"1962883211217088512","繁花落尽，心中仍留花落的声音。一朵，一朵，在无人的山间轻轻飘落","Echoes of Falling Petals","湖南大学","Hunan University","湖南省","长沙","文卓","文卓/唐怡/陈云","黄宇","REVIEWED","2025-09-02T14:20:00Z"
"1962881822889881600","三叶草","Clover","内蒙古民族大学","Inner Mongolia Minzu University","内蒙古自治区","通辽","倪文博","倪文博/汤睿杰/周兴龙","路扬","REVIEWED","2025-09-02T14:14:29Z"
"1962880921668169728","哈学院4队","HRBU Team 4","哈尔滨学院","Harbin University","黑龙江省","哈尔滨","张国志","郗栋/朱国棋/张国志","李嘉宾","REVIEWED","2025-09-02T14:10:54Z"
"1962877283214307328","我想睡觉","nemui","北方工业大学","North China University of Technology","北京市","北京","陈俊彬","陈俊彬/胡佳乐/潘俊宇","孙晶","REVIEWED","2025-09-02T13:56:27Z"
"1962875776389623808","这一发·来自终焉","try to all in","广西科技大学","Guangxi University of Science and Technology","广西壮族自治区","柳州","方庆声","方庆声/谢博轩/周丽欣","韦璐","REVIEWED","2025-09-02T13:50:28Z"
"1962875714750132224","哈基米南北绿豆","AxigaAxi","广西科技大学","Guangxi University of Science and Technology","广西壮族自治区","柳州","余绍龙","李嘉晨/姚思源/余绍龙","韦璐","REVIEWED","2025-09-02T13:50:13Z"
"1962873871689068544","二旬老人勇闯CPC","old people go CPC","金陵科技学院","Jinling Institute of Technology","江苏省","南京","卜凡","李俊杰/唐训康/卜凡","窦如林","REVIEWED","2025-09-02T13:42:54Z"
"1962866297426161664","右击左轮爆头楚雨荨","returm","金陵科技学院","Jinling Institute of Technology","江苏省","南京","居家乐","居家乐/彭程/王志伟","窦如林","REVIEWED","2025-09-02T13:12:48Z"
"1962864626881015808","天宙终结者","universlayer","内蒙古民族大学","Inner Mongolia Minzu University","内蒙古自治区","通辽","潘苏杰","潘苏杰/王天瑞/张宗旭","路扬","REVIEWED","2025-09-02T13:06:09Z"
"1962862337885745152","黑咖啡品味有多浓","GOGOGO","内蒙古民族大学","Inner Mongolia Minzu University","内蒙古自治区","通辽","黄笑然","严梦/张姝颖/黄笑然","路扬","REVIEWED","2025-09-02T12:57:04Z"
"1962858729807032320","代码驯兽师","Code Tamer","哈尔滨信息工程学院","Harbin Institute of Information Technology","黑龙江省","哈尔滨","李亚鹏","李亚鹏/王睿可/张庆宇","牛乐","REVIEWED","2025-09-02T12:42:43Z"
"1962855529817321472","再快一点啊要t了","hurry up","南京邮电大学通达学院","Tongda College of Nanjing University of Posts and Telecommunications","江苏省","南京","严琢雅","严琢雅/胡瑞雪/关森","梁雅丽","REVIEWED","2025-09-02T12:30:01Z"
"1962855469444509696","哈学院3队","HRBU Team 3","哈尔滨学院","Harbin University","黑龙江省","哈尔滨","胡鹏勖","张钰龙/胡鹏勖/窦亦杨","杨屹峰","REVIEWED","2025-09-02T12:29:46Z"
"1962855253282664448","别笑你笑你也WA","WAHaHa","南京邮电大学通达学院","Tongda College of Nanjing University of Posts and Telecommunications","江苏省","南京","唐俊","唐俊/苏睿/吴钰宇","梁雅丽","REVIEWED","2025-09-02T12:28:55Z"
"1962855242931122176","哈学院2队","HRBU Team 2","哈尔滨学院","Harbin University","黑龙江省","哈尔滨","陈紫骁","云佳豪/陈紫骁/李景气","杨屹峰","REVIEWED","2025-09-02T12:28:52Z"
"1962855221078798336","残虹","Incomplete rainbow","云南大学","Yunnan University","云南省","昆明","王毅豪","王毅豪/张祖翊/李健阳","刘金卓","REVIEWED","2025-09-02T12:28:47Z"
"1962855159464472576","金银花","Honeysuckle","云南大学","Yunnan University","云南省","昆明","高凌豪","周志昊/毕洲铭/高凌豪","刘金卓","REVIEWED","2025-09-02T12:28:32Z"
"1962854937875197952","/kill @e","/kill @e","云南大学","Yunnan University","云南省","昆明","史哲轩","史哲轩/唐嘉骏/姜凡","刘金卓","REVIEWED","2025-09-02T12:27:39Z"
"1962854893876948992","山茶花","Camellia","云南大学","Yunnan University","云南省","昆明","聂宇旋","聂宇旋/庄博函/邹弘辉","刘金卓","REVIEWED","2025-09-02T12:27:29Z"
"1962854802202046464","玉兰花","Magnolia","云南大学","Yunnan University","云南省","昆明","黄佳和","黄佳和/杨李正凌/苏畅","刘金卓","REVIEWED","2025-09-02T12:27:07Z"
"1962853426097041408","三枪加一炮战队","Three guns plus one cannon","南京邮电大学通达学院","Tongda College of Nanjing University of Posts and Telecommunications","江苏省","南京","郭炜","郭炜/殷越/夏子涵","梁雅丽","REVIEWED","2025-09-02T12:21:39Z"
"1962852628046819328","道知不","Nwoknu","南京邮电大学通达学院","Tongda College of Nanjing University of Posts and Telecommunications","江苏省","南京","汪煜昊","汪煜昊/谢幸烨/徐浩渲","梁雅丽","REVIEWED","2025-09-02T12:18:29Z"
"1962852183861637120","Accept","Accept","郑州升达经贸管理学院","Zhengzhou Shengda University","河南省","新郑","邢倪闻","邢倪闻/刘素豪/于晓乐","张小峰","REVIEWED","2025-09-02T12:16:43Z"
"1962850995724365824","IELTS选手","IELTS Acmers","郑州升达经贸管理学院","Zhengzhou Shengda University","河南省","新郑","谢筱然","谢筱然/马海正/宋志毅","张小峰","REVIEWED","2025-09-02T12:12:00Z"
"1962846971168043008","我想吃掉你的金牌","I want to eat your gold medal.","武汉工程大学","Wuhan Institute of Technology","湖北省","武汉","乔翊展","邓文豪/曾宪理/乔翊展","文大为","REVIEWED","2025-09-02T11:56:00Z"
"1962846548797435904","老鹰打饱嗝","chaos；child","西湖大学","Westlake University","浙江省","杭州","张益彰","张益彰/张梓昱/王志升","周广成","REVIEWED","2025-09-02T11:54:19Z"
"1962846171674980352","秦汉1","qinhan1","西藏民族大学","Xizang Minzu University","西藏自治区","陕西咸阳","闫晓栋","闫晓栋/曹宇轩/王翔宇","杭联茂","REVIEWED","2025-09-02T11:52:49Z"
"1962846090833965056","网络赛2取啥队名","Anonymous","西湖大学","Westlake University","浙江省","杭州","杨宇恒","贾岚晴/李品樟/杨宇恒","周广成","REVIEWED","2025-09-02T11:52:30Z"
"1962845810516045824","俞开卡车运来鱼米","Truck Lost","西湖大学","Westlake University","浙江省","杭州","严密","严密/俞开/武子宸","周广成","REVIEWED","2025-09-02T11:51:23Z"
"1962845619805237248","111000","111000","中原工学院","Zhongyuan University Of Technology","河南省","郑州","卢锦轩","卢锦轩/徐宁博/张文强","崔岩","REVIEWED","2025-09-02T11:50:38Z"
"1962845458760740864","兜售醋鱼一题一条","Selling West Lake Vinegar Fish for each question","西湖大学","Westlake University","浙江省","杭州","楼鑫浩","楼鑫浩/王宇涵/钱欣宇","周广成","REVIEWED","2025-09-02T11:49:59Z"
"1962845200358060032","重生之成为菜狗妄图递归宇宙","Reincarnated as a stray dog,attempting to recursive universe","华北理工大学","North China University of Science and Technology","河北省","唐山","陈佳威","陈佳威/韦民/刘佳贤","郭小雨","REVIEWED","2025-09-02T11:48:58Z"
"1962845084523966464","老猫下山","empty bowl","西湖大学","Westlake University","浙江省","杭州","汪阳","汪阳/周扬帆/刘振豪","周广成","REVIEWED","2025-09-02T11:48:30Z"
"1962845000725966848","我菜就不练了","404 not found","西安科技大学","Xi`an University of Science and Technology","陕西省","西安","候嘉乐","候嘉乐/刘育钊/王宇鎛","李立红","REVIEWED","2025-09-02T11:48:10Z"
"1962844805946683392","同舟队","SameBoat","西安科技大学","Xi`an University of Science and Technology","陕西省","西安","毛梓聿","毛梓聿/冯天华/王敬磊","史晓楠","REVIEWED","2025-09-02T11:47:24Z"
"1962844604863361024","我有异域症","woyouyiyuzheng","西安科技大学","Xi`an University of Science and Technology","陕西省","西安","周启洋","周启洋/韦瑞臣/文旭","史晓楠","REVIEWED","2025-09-02T11:46:36Z"
"1962844301111865344","邦高祖怒斩八岐大蛇","jttycg","西安科技大学","Xi`an University of Science and Technology","陕西省","西安","朱佳乐","朱佳乐/熊立/杨毅恒","李立红","REVIEWED","2025-09-02T11:45:23Z"
"1962843817101766656","CyberSwatCoder","CyberSwatCoder","中国人民公安大学","People's Public Security University of China","北京市","北京","陈笔睿","黄注勋/郑玺伦/陈笔睿","高见","REVIEWED","2025-09-02T11:43:28Z"
"1962843481570029568","无敌罗星龚","wudixinggong","青海民族大学","Qinghai Minzu University","青海省","西宁","赵国龙","赵国龙/罗星雨/龚育璞","保海军","REVIEWED","2025-09-02T11:42:08Z"
"1962842740646227968","warning:unsed variable 'teamnname'","warning:unsed variable 'teamnname'","华北理工大学","North China University of Science and Technology","河北省","唐山","袁恩泉","袁恩泉/霍一博/卢子轩","谷建涛","REVIEWED","2025-09-02T11:39:11Z"
"1962842025504813056","汉堡套餐","Burger Battalion","武汉工程大学","Wuhan Institute of Technology","湖北省","武汉","王志伟","王志伟/张天星/高才蒙","陈灯","REVIEWED","2025-09-02T11:36:21Z"
"1962841671279063040","提交按钮在哪里","Where is the submit button","华北理工大学","North China University of Science and Technology","河北省","唐山","朴雪峰","朴雪峰/吴常润/杨录佳","阎红灿","REVIEWED","2025-09-02T11:34:56Z"
"1962840926995623936","梦想成为ICPC高手","Dream of becoming an ICPC master","华北理工大学","North China University of Science and Technology","河北省","唐山","林凯","林凯/于千智/陈焜","阎红灿","REVIEWED","2025-09-02T11:31:59Z"
"1962840280691126272","777","Clearlove7","广州华商学院","Guangzhou Huashang College","广东省","广州","陈业勤","陈业勤/黄文乐/罗凯滨","袁灏","REVIEWED","2025-09-02T11:29:25Z"
"1962840161640001536","炼金术士","Fe3=Au","西安科技大学","Xi`an University of Science and Technology","陕西省","西安","李姜帅","李姜帅/罗元/袁伯琦","史晓楠","REVIEWED","2025-09-02T11:28:56Z"
"1962838356512223232","怡田子过禾拆桥","two car boom boom，one car die","广州华商学院","Guangzhou Huashang College","广东省","广州","杨子禾","杨子禾/张怡晴/孙泽田","袁灏","REVIEWED","2025-09-02T11:21:46Z"
"1962838180460507136","打wa糕手","Waloran","广州华商学院","Guangzhou Huashang College","广东省","广州","魏宇洋","魏宇洋/邱梓烜/许伟杰","袁灏","REVIEWED","2025-09-02T11:21:04Z"
"1962837844513533952","铁匠铺","Iron man and women","广州华商学院","Guangzhou Huashang College","广东省","广州","林奕俊","吕斯琳/黄润晴/林奕俊","袁灏","REVIEWED","2025-09-02T11:19:44Z"
"1962837625625391104","不知道啊，队友说请吃烧烤我就来了","BBQ","广州华商学院","Guangzhou Huashang College","广东省","广州","黄日健","许艺涵/黄伟豪/黄日健","袁灏","REVIEWED","2025-09-02T11:18:52Z"
"1962837527470288896","484B4255205445414D20326E64","484B4255205445414D20326E64","香港浸会大学","Hong Kong Baptist University","香港特别行政区","九龙","Timur Ten","Timur Ten/方菲逸/郭家福","黄欣","REVIEWED","2025-09-02T11:18:28Z"
"1962837233936117760","粥劫轮","ZhouPi && JiePi","广州华商学院","Guangzhou Huashang College","广东省","广州","文昊","文昊/江历/朱健勋","袁灏","REVIEWED","2025-09-02T11:17:18Z"
"1962837187178016768","上岸宝宝","Successfultubbies","香港浸会大学","Hong Kong Baptist University","香港特别行政区","九龙","印无忧","印无忧/姜蒙/张旭景","黄欣","REVIEWED","2025-09-02T11:17:07Z"
"1962831533482717184","做出一题就是胜利","1do1win","大连理工大学盘锦校区（重复）","","","","汤畅扬","刘文萱/汤畅扬","焦力宾","REVIEWED","2025-09-02T10:54:39Z"
"1962829164812447744","维什戴尔实在是太吃操作了","Wisadel is really too difficult to operate","云南大学","Yunnan University","云南省","昆明","张鑫宇","张鑫宇/马永琦/林知非","刘金卓","REVIEWED","2025-09-02T10:45:15Z"
"1962826669625192448","丝之队","luckyteam","哈尔滨工业大学（威海）","Harbin Institute of Technology, Weihai","山东省","威海","武澈","马骏珩/武澈/郑文硕","董开坤","REVIEWED","2025-09-02T10:35:20Z"
"1962825247156350976","有谁知道队名最长可以多长","What is the maximum length a team name can be?","北京中医药大学","Beijing University of Chinese Medicine","北京市","北京","陈曦博","陈曦博","韩爱庆","REVIEWED","2025-09-02T10:29:41Z"
"1962819422786433024","队名WA2了","team name WA2","广西大学","Guangxi University","广西壮族自治区","南宁","郑毅","郑毅/陈君屹/杜永坤","詹锋","REVIEWED","2025-09-02T10:06:32Z"
"1962819273020420096","昆工刺客","KUST_Assassins","昆明理工大学","Kunming University of Science and Technology","云南省","昆明","徐笳棋","徐笳棋/赵子敬/赵梓谦","周林翰","REVIEWED","2025-09-02T10:05:56Z"
"1962818915938349056","奇迹与你","blue archive","广西大学","Guangxi University","广西壮族自治区","南宁","曾佳宁","曾佳宁/黄翠婷/杨明辉","詹锋","REVIEWED","2025-09-02T10:04:31Z"
"1962814989923004416","大明湖水怪","Daming Lake Monster","山东建筑大学","Shandong Jianzhu University","山东省","济南","于丁浩","于丁浩/冯振荆/庄文轩","刘毅","REVIEWED","2025-09-02T09:48:55Z"
"1962814945320775680","真没睡","Sleepy","兰州大学","Lanzhou University","甘肃省","兰州","吕澎","吕澎/张恩彬/吴晨阳","马俊","REVIEWED","2025-09-02T09:48:44Z"
"1962813451708149760","胡子猫海盗团","Bearded Cat Pirates","河南科技大学","Henan University of Science and Technology","河南省","洛阳","李喆","李喆/杨智远/姬厚真鑫","王宇阳","REVIEWED","2025-09-02T09:42:48Z"
"1962813409207267328","DP救我","DP Save Me","中国民航大学","Civil Aviation University of China","天津市","天津","顾博","顾博/胡昊睿/董炎","范龙飞","REVIEWED","2025-09-02T09:42:38Z"
"1962813338973646848","多给一分行不行","give me one more point","福建农林大学","Fujian Agriculture and Forestry University","福建省","福州","吕航涛","吕航涛/倪程勇/何泽滨","刘必雄","REVIEWED","2025-09-02T09:42:21Z"
"1962813057674260480","想打一辈子算法竞赛","want to participate in algorithmic competitions for life","福建农林大学","Fujian Agriculture and Forestry University","福建省","福州","林子成","林子成/林学士/陈峰玮","刘必雄","REVIEWED","2025-09-02T09:41:14Z"
"1962812786067910656","熊羊-fans","Bear and Sheep fans","福建农林大学","Fujian Agriculture and Forestry University","福建省","福州","刘雄豪","刘雄豪/严其旺/陈明扬","刘必雄","REVIEWED","2025-09-02T09:40:10Z"
"1962811853372141568","跃迁","LeapGrad","福建农林大学","Fujian Agriculture and Forestry University","福建省","福州","蔡成泽","蔡成泽/陈志勋/曾程程","刘必雄","REVIEWED","2025-09-02T09:36:27Z"
"1962808676157501440","她说我们之间没有结果，但我明明输出了ans","She said break up, but I wrote no loop","武汉工程大学","Wuhan Institute of Technology","湖北省","武汉","郭翰良","郭翰良/徐洋/邓豪","陈灯","REVIEWED","2025-09-02T09:23:50Z"
"1962797287930073088","三只蒟蒻牛","go for it","西华大学","Xihua University","四川省","成都","吴岚轩","吴岚轩/肖代阳/黄卓盈","陈红红","REVIEWED","2025-09-02T08:38:35Z"
"1962797075840897024","鸡蛋糕","404 not found","西华大学","Xihua University","四川省","成都","石浩楠","石浩楠/先江涛/税小红","陈红红","REVIEWED","2025-09-02T08:37:44Z"
"1962794681367269376","真的想不到队名了","NoTeamName","华东交通大学","East China Jiaotong University","江西省","南昌","涂传俊","张文乾/章瑜华/涂传俊","周娟","REVIEWED","2025-09-02T08:28:13Z"
"1962794607891451904","galgame小屋","galgameHome","华东交通大学","East China Jiaotong University","江西省","南昌","魏征","魏征/熊剑涛/陈塬滨","周娟","REVIEWED","2025-09-02T08:27:56Z"
"1962794567462555648","薛定谔的AC","WAC","华东交通大学","East China Jiaotong University","江西省","南昌","程宇辉","程宇辉/黄仕杰/罗思亮","周娟","REVIEWED","2025-09-02T08:27:46Z"
"1962794523644661760","乱搞一下就对了","Meddle and AC","华东交通大学","East China Jiaotong University","江西省","南昌","刘浩","刘浩/李非凡/朱明亮","周娟","REVIEWED","2025-09-02T08:27:36Z"
"1962793285108633600","DLU2","DLU2","大连大学","Dalian University","辽宁省","大连","杨依潼","杨依潼/胡旭洋/刘小雯","邱少明","REVIEWED","2025-09-02T08:22:40Z"
"1962793191714066432","葬送的芙莉莲","Frieren","甘肃农业大学","Gansu Agricultural University","甘肃省","兰州","艾翰","艾翰/李孝天/刘君浩","韩俊英","REVIEWED","2025-09-02T08:22:18Z"
"1962792615752241152","DLU1","DLU1","大连大学","Dalian University","辽宁省","大连","刘奇逸","刘奇逸/唐鸿远/林淳屹","邱少明","REVIEWED","2025-09-02T08:20:01Z"
"1962792327842631680","DLU0","DLU0","大连大学","Dalian University","辽宁省","大连","郑卫","郑卫/张逸璇/蒋文博","邱少明","REVIEWED","2025-09-02T08:18:52Z"
"1962787171935719424","你们都晒干沉默那我胡吊写了","manbaout","青岛科技大学","Qingdao University of Science and Technology","山东省","青岛","王景冉","王景冉/张中正/徐展鹏","张瑞全","REVIEWED","2025-09-02T07:58:23Z"
"1962786872995090432","不吃罚时","kanbudongyangwen","青岛科技大学","Qingdao University of Science and Technology","山东省","青岛","张義伟","张義伟/曲峥榛/杨文洁","张瑞全","REVIEWED","2025-09-02T07:57:11Z"
"1962786603754328064","让俺先A一道","fkproblem","青岛科技大学","Qingdao University of Science and Technology","山东省","青岛","徐帅","徐帅/张皓焱/王硕","张瑞全","REVIEWED","2025-09-02T07:56:07Z"
"1962786183371821056","拼好队","s=qust+acm+team","青岛科技大学","Qingdao University of Science and Technology","山东省","青岛","宗睿珵","宗睿珵/舒镇海/朱志鹏","张瑞全","REVIEWED","2025-09-02T07:54:27Z"
"1962777227798777856","青春acmer会梦到赛码娘吗","acmujica","闽南师范大学","Minnan Normal University","福建省","漳州","陈云呈","冯天霖/江昊翔/陈云呈","黄再祥","REVIEWED","2025-09-02T07:18:52Z"
"1962776962009927680","没有以前那么喜欢你了","vector.erase(like)","闽南师范大学","Minnan Normal University","福建省","漳州","庄瑜","庄瑜/陈荣琪/庄子涵","童先群","REVIEWED","2025-09-02T07:17:49Z"
"1962776229416013824","重工三队","重工三队","重庆工程学院","Chongqing Institute of Engineering","重庆市","重庆","杨银","徐飞扬/朱俊洁/杨银","陈彬","REVIEWED","2025-09-02T07:14:54Z"
"1962776172704829440","重工二队","重工二队","重庆工程学院","Chongqing Institute of Engineering","重庆市","重庆","吴鸿宇","陈博恒/黄健圆/吴鸿宇","陈彬","REVIEWED","2025-09-02T07:14:40Z"
"1962776111589625856","重工一队","重工一队","重庆工程学院","Chongqing Institute of Engineering","重庆市","重庆","张翔","张翔/胡鑫昊","陈彬","REVIEWED","2025-09-02T07:14:26Z"
"1962767794309959680","三个人挂了十次四六级","ten siliuji meiguo","新疆大学","Xinjiang University","新疆维吾尔自治区","乌鲁木齐","古恩豪","古恩豪/黄梓峰/蒋涛","张凯","REVIEWED","2025-09-02T06:41:23Z"
"1962766414094536704","兄弟，你怎么还在WA","Brother, why are you still in wrong answer","浙江理工大学","Zhejiang Sci-Tech University","浙江省","杭州","余江辉","贺宇昊/余江辉/江子豪","叶海荣","REVIEWED","2025-09-02T06:35:54Z"
"1962766219004874752","彰耗堡堡代我妃","zhbb takes me fly","浙江理工大学","Zhejiang Sci-Tech University","浙江省","杭州","姚仁杰","姚仁杰/任麒源/卢一鸣","叶海荣","REVIEWED","2025-09-02T06:35:07Z"
"1962765964486119424","三个方块人一台戏","3 MCer 1 Computer","浙江理工大学","Zhejiang Sci-Tech University","浙江省","杭州","汪明","邱方正/汪明/汤宇涛","叶海荣","REVIEWED","2025-09-02T06:34:07Z"
"1962765725767307264","这题真做不队","I really can't get it right","浙江理工大学","Zhejiang Sci-Tech University","浙江省","杭州","张峻松","张峻松/柴春阳/苏沛铭","叶海荣","REVIEWED","2025-09-02T06:33:10Z"
"1962765442945388544","幻想郷最強伝説と完全で瀟洒な従者!十六夜咲夜です","ZSTU","浙江理工大学","Zhejiang Sci-Tech University","浙江省","杭州","胡涛","胡涛/陈足楷/颜林浩","叶海荣","REVIEWED","2025-09-02T06:32:02Z"
"1962764923145293824","忍界鸽歌代我妃","rjgg carry me","浙江理工大学","Zhejiang Sci-Tech University","浙江省","杭州","张浩","张浩/干佳立/项帅","叶海荣","REVIEWED","2025-09-02T06:29:58Z"
"1962764670933405696","对…对吗?对的对的","Tr…True? True, true","浙江理工大学","Zhejiang Sci-Tech University","浙江省","杭州","谢东","陈卓尔/董欣悦/谢东","叶海荣","REVIEWED","2025-09-02T06:28:58Z"
"1962764081667248128","zstu_春夏秋冬","zstu_the four seasons","浙江理工大学","Zhejiang Sci-Tech University","浙江省","杭州","董雨轩","董雨轩/叶丞航/郭轩宇","叶海荣","REVIEWED","2025-09-02T06:26:38Z"
"1962762478147080192","极危物种","Axolotl","北京航空航天大学","Beihang University","北京市","北京","杭洋","邹广健/杭洋/李墨之","宋友","REVIEWED","2025-09-02T06:20:15Z"
"1962762428234862592","哟哟","Y0yo","北京航空航天大学","Beihang University","北京市","北京","黄伟宁","黄伟宁/孙健钧/李澎瑞","宋友","REVIEWED","2025-09-02T06:20:03Z"
"1962762358219345920","天铸币","God forges the coin","北京航空航天大学","Beihang University","北京市","北京","龚锦勋","龚锦勋/李博琛/徐宏烯","宋友","REVIEWED","2025-09-02T06:19:47Z"
"1962762306964951040","双星很难吗？我rks12.66","rks12.66","北京航空航天大学","Beihang University","北京市","北京","刘睿知","陈文卓/金厚泽/刘睿知","宋友","REVIEWED","2025-09-02T06:19:34Z"
"1962762227084431360","13级大风","Storm Overflow","北京航空航天大学","Beihang University","北京市","北京","王肖鉴","王肖鉴/敬若曦/李东骏","宋友","REVIEWED","2025-09-02T06:19:15Z"
"1962762166367686656","我队友得了MVP！","My teammate has got the MVP！","北京航空航天大学","Beihang University","北京市","北京","肖迪睿","徐浩然/廖俊麟/肖迪睿","宋友","REVIEWED","2025-09-02T06:19:01Z"
"1962762109031550976","克克莉丝豆泥咖波的幸福生活","The Happy Life of cocolis,donnie and capoo","北京航空航天大学","Beihang University","北京市","北京","沈培森","华晓飞/孙一弘/沈培森","宋友","REVIEWED","2025-09-02T06:18:47Z"
"1962762041289347072","口嗨战神","3 handicapped coders","北京航空航天大学","Beihang University","北京市","北京","董和军","董和军/王大禹/蒋槟阳","宋友","REVIEWED","2025-09-02T06:18:31Z"
"1962761696060379136","积极向上","positive and upward","盐城工学院","Yancheng Institute of Technology","江苏省","盐城","李忠旺","李忠旺/王俊皓/丁旋圆","徐秀芳","REVIEWED","2025-09-02T06:17:09Z"
"1962761338995085312","考ACM喝AD钙奶队","Drinking AD Calcium Milk Team","盐城工学院","Yancheng Institute of Technology","江苏省","盐城","赵增祥","赵增祥/王爱林/黄嘉誉","徐秀芳","REVIEWED","2025-09-02T06:15:44Z"
"1962744147423793152","黑山羊","Black Goat","芜湖学院","Wuhu University","安徽省","芜湖","袁志伟","袁志伟/屈风雨/徐勋","段蒙蒙","REVIEWED","2025-09-02T05:07:25Z"
"1962738343031345152","说啥都队","say what it takes","中国地质大学（北京）","China University of Geosciences, Beijing","北京市","北京","王弈博","王弈博/翟文修/邢淑雅","夏军宝","REVIEWED","2025-09-02T04:44:21Z"
"1962738248378486784","前途一片完犊紫","The future looks bleak","中国地质大学（北京）","China University of Geosciences, Beijing","北京市","北京","丁智星","胡葭懿/丁智星/杨欣川","夏军宝","REVIEWED","2025-09-02T04:43:58Z"
"1962738064957378560","AC搬运机","AC transfer machine","中国地质大学（北京）","China University of Geosciences, Beijing","北京市","北京","吴浩炀","文浩名/吴浩炀/翁子竣","夏军宝","REVIEWED","2025-09-02T04:43:15Z"
"1962737988847538176","头像代表实力","Avatar represents strength","中国地质大学（北京）","China University of Geosciences, Beijing","北京市","北京","王珣","王熙文/王珣/陆志宇","夏军宝","REVIEWED","2025-09-02T04:42:57Z"
"1962737870756909056","我要睡午觉","I want to take a nap","中国地质大学（北京）","China University of Geosciences, Beijing","北京市","北京","宋贤瑞","苏童/宋贤瑞","夏军宝","REVIEWED","2025-09-02T04:42:28Z"
"1962737740846731264","打比赛拿ssp","Compete to win the SSS","中国地质大学（北京）","China University of Geosciences, Beijing","北京市","北京","刘雨澈","许桥飞/夏冬/刘雨澈","夏军宝","REVIEWED","2025-09-02T04:41:57Z"
"1962737365771096064","我要玩丝之歌","Silksong","中国地质大学（北京）","China University of Geosciences, Beijing","北京市","北京","许兴城","许兴城/叶宇翔/牛鸿宇","夏军宝","REVIEWED","2025-09-02T04:40:28Z"
"1962737151555407872","O泡果奶要要要","You need to soak fruit milk","中国地质大学（北京）","China University of Geosciences, Beijing","北京市","北京","林珈丞","熊凌玉/林珈丞/秦郅涵","夏军宝","REVIEWED","2025-09-02T04:39:37Z"
"1962735348822577152","能和我打一辈子ICPC吗","Daybreak Frontline","中山大学","Sun Yat-sen University","广东省","广州","陈鑫宇","陈鑫宇/安南/黄元胤","张子臻","REVIEWED","2025-09-02T04:32:27Z"
"1962735041619169280","一个小队","aTeam","中山大学","Sun Yat-sen University","广东省","广州","周岱昕","周岱昕/张耀天/陈钰炜","张子臻","REVIEWED","2025-09-02T04:31:14Z"
"1962730707695177728","AC超玩会","The Accept team","山西大学","Shanxi University","山西省","太原","郑毅","郑毅/姜铭远/程宇飞","高嘉伟","REVIEWED","2025-09-02T04:14:01Z"
"1962730422734163968","南理香","Minami Rika","北方民族大学","North Minzu University","宁夏回族自治区","银川","周司安","周司安/张子恒/秦怀玉","田金琴","REVIEWED","2025-09-02T04:12:53Z"
"1962730257822519296","咖波后援团","capoo’s fan club","山西大学","Shanxi University","山西省","太原","柳伟康","柳伟康/李奕凡/许烨","高嘉伟","REVIEWED","2025-09-02T04:12:13Z"
"1962720602450825216","卸载FJOI谢谢喵！","Please Uninstall FJOI!","清华大学","Tsinghua University","北京市","北京","陈羽力","陈羽力/陈凌山/林圣涵","邬晓钧","REVIEWED","2025-09-02T03:33:51Z"
"1962720351929241600","飞吧，罐中之虫","Felix, catch the bug inside the tank","香港中文大学","The Chinese University of Hong Kong","香港特别行政区","新界沙田","杨砚泽","杨砚泽/黄卓翘/夏秀锟","麥偉豪","REVIEWED","2025-09-02T03:32:52Z"
"1962720331347791872","<請輸入隊名>","<Please enter your team name>","香港中文大学","The Chinese University of Hong Kong","香港特别行政区","新界沙田","黄梓谦","黄文礼/Poonyapat Sriroth/黄梓谦","麥偉豪","REVIEWED","2025-09-02T03:32:47Z"
"1962720253300183040","别笑，你来你也过不了test 2","Idleness limit exceeded on test 1","香港中文大学","The Chinese University of Hong Kong","香港特别行政区","新界沙田","姜宣丞","姜宣丞/张天瀚/朱睿正","麥偉豪","REVIEWED","2025-09-02T03:32:28Z"
"1962720213915668480","酒心魚蛋批","Wine-filled Fishball Pie","香港中文大学","The Chinese University of Hong Kong","香港特别行政区","新界沙田","谢昶豪","谢昶豪/黄进/卢沂锋","麥偉豪","REVIEWED","2025-09-02T03:32:19Z"
"1962707126890270720","毛蛋","mega","昆明理工大学","Kunming University of Science and Technology","云南省","昆明","何良山","何良山/曹玮麟/陈旭","周林翰","REVIEWED","2025-09-02T02:40:19Z"
"1962705806665977856","根号二","The Irrationals","芜湖学院","Wuhu University","安徽省","芜湖","赵祯","赵祯/姚欣语/陈家乐","刘琨","REVIEWED","2025-09-02T02:35:04Z"
"1962704784027553792","河狸好运","HPULuckily","河南理工大学","Henan Polytechnic University","河南省","焦作","李昭龙","邱宏林/李昭龙/李嘉琪","马永强","REVIEWED","2025-09-02T02:31:00Z"
"1962704540678230016","河狸牛牛出击","HPUCowrush","河南理工大学","Henan Polytechnic University","河南省","焦作","黄鸣轩","吕雨柏/向砚泽/黄鸣轩","马永强","REVIEWED","2025-09-02T02:30:02Z"
"1962704300298473472","爱神，自惊艳中诞生","Venus From Great Serendipity","昆明理工大学","Kunming University of Science and Technology","云南省","昆明","刘浩天","彭云川/李若愚/刘浩天","周林翰","REVIEWED","2025-09-02T02:29:05Z"
"1962703687565185024","玉米爱吃炮车","Corn loves to eat gun carriages","广东金融学院","Guangdong University of Finance","广东省","广州","陈佳煜","陈佳煜/叶兆谦/张建镇","陈嘉亿","REVIEWED","2025-09-02T02:26:39Z"
"1962701531307053056","河狸诸葛亮","Zhugeliang","河南理工大学","Henan Polytechnic University","河南省","焦作","张荣昌","蒲叶/常曜璘/张荣昌","马永强","REVIEWED","2025-09-02T02:18:04Z"
"1962699069204467712","AI数据结构","AI-opss","临沂大学","Linyi University","山东省","临沂","宋承洋","宋承洋/费秋翔/夏新志","丁林花","REVIEWED","2025-09-02T02:08:17Z"
"1962698699019390976","临大汪汪队","Linda darking team","临沂大学","Linyi University","山东省","临沂","陈曦","陈曦/张琦/尹艺洁","丁林花","REVIEWED","2025-09-02T02:06:49Z"
"1962698608531476480","金角大王","Gold Horn King","临沂大学","Linyi University","山东省","临沂","王琦","王琦/刘昊铜/李国伟","丁林花","REVIEWED","2025-09-02T02:06:28Z"
"1962698539715530752","GZNU-4队","GZNU-4","贵州师范大学","Guizhou Normal University","贵州省","贵阳","胡坦","胡坦/贺翰毅/尤宇翔","熊祥光","REVIEWED","2025-09-02T02:06:11Z"
"1962695744618762240","go学长拒绝wa学弟","go to AC","中南大学","Central South University","湖南省","长沙","廖洋","廖洋/张卓然/王宇涵","陈再良","REVIEWED","2025-09-02T01:55:05Z"
"1962695627912253440","天堂鸟","Bird of Paradise","中南大学","Central South University","湖南省","长沙","张博源","张博源/沈宇科/孙汉涛","陈再良","REVIEWED","2025-09-02T01:54:37Z"
"1962695527802605568","听说有原石领我就来了","Coming for dollar","中南大学","Central South University","湖南省","长沙","张亦凡","李定一/袁尉峰/张亦凡","陈再良","REVIEWED","2025-09-02T01:54:13Z"
"1962695422156476416","老司机带带我","old driver take me","中南大学","Central South University","湖南省","长沙","吴子健","朱芝毅/林宇煌/吴子健","陈再良","REVIEWED","2025-09-02T01:53:48Z"
"1962695304959234048","少猪哭泣乐队","PigsBandCry","中南大学","Central South University","湖南省","长沙","吴让尧","裴心童/吴俊杰/吴让尧","陈再良","REVIEWED","2025-09-02T01:53:20Z"
"1962695191184543744","十四行诗十四行","Sonnet14","中南大学","Central South University","湖南省","长沙","高显堤","李奕儒/龚垚淼/高显堤","陈再良","REVIEWED","2025-09-02T01:52:53Z"
"1962695056614494208","你抚琵琶奏琴弦","Qin Shi Huang riding a polar bear","中南大学","Central South University","湖南省","长沙","文启智","文启智/刘鸣晓/叶楷","陈再良","REVIEWED","2025-09-02T01:52:21Z"
"1962691669059702784","ZTU3","ZTU3","昭通学院","Zhaotong University","云南省","昭通","胡兵","胡兵/王威/陆汉京","朱国进","REVIEWED","2025-09-02T01:38:53Z"
"1962691335495094272","ZTU2","ZTU2","昭通学院","Zhaotong University","云南省","昭通","李余合","李余合/李树辉/杨旭","朱国进","REVIEWED","2025-09-02T01:37:34Z"
"1962691080892452864","我的奶龍思維的確有問題！","ButterflyC","成都市郫都区西川汇锦都高级中学","Chengdu Pixdu Xichuanhui Jindu Senior High School","四川省","成都","阚含章","阚含章","谢熙伟","REJECTED","2025-09-02T01:36:33Z"
"1962690955847667712","ZTU1","ZTU1","昭通学院","Zhaotong University","云南省","昭通","张国巧","张国巧/赵晓阳/陈俊哲","朱国进","REVIEWED","2025-09-02T01:36:03Z"
"1962686856339132416","25时，在老年皮划艇打铁","Nightcord at 25:00","河海大学","Hohai University","江苏省","南京","江建谕","江建谕/张天浩/杜泽恩","朱云","REVIEWED","2025-09-02T01:19:46Z"
"1962680034295287808","bug跟我作对","Bug Against Me","芜湖学院","Wuhu University","安徽省","芜湖","程冉","程冉/崔子琦/明聪","段蒙蒙","REVIEWED","2025-09-02T00:52:39Z"
"1962674620036026368","D.D.D.","D.D.D.","西北工业大学","Northwestern Polytechnical University","陕西省","西安","严诚治","吴语/武守恒/严诚治","刘君瑞","REVIEWED","2025-09-02T00:31:08Z"
"1962578211081293824","Centroid（重心）","Centroid","清华大学","Tsinghua University","北京市","北京","周桓毅","周桓毅/杨鑫和/朱屹帆","邬晓钧","REVIEWED","2025-09-01T18:08:03Z"
"1962572541179203584","还没想好诶","To Be Decided","浙江大学","Zhejiang University","浙江省","杭州","朱天煜","朱天煜/周学诚/应宸宇","王灿","REVIEWED","2025-09-01T17:45:31Z"
"1962572098919206912","假如像他一样语文 130","If Chinese 130","浙江大学","Zhejiang University","浙江省","杭州","毛艺婷","姜圻圣/毛艺婷/张涵硕","王灿","REVIEWED","2025-09-01T17:43:45Z"
"1962570224811905024","奋勇拼搏","Brave and hardworking","盐城工学院","Yancheng Institute of Technology","江苏省","盐城","姜庚辰","姜庚辰/任若凡/杨凌宇","徐秀芳","REVIEWED","2025-09-01T17:36:19Z"
"1962569898591522816","晓刃","xr","盐城工学院","Yancheng Institute of Technology","江苏省","盐城","宁金鸣","吕司佳/宁金鸣/王瑞","徐秀芳","REVIEWED","2025-09-01T17:35:01Z"
"1962569516905664512","红烧狮子头","Braised Pork Ball in Brown Sauce","盐城工学院","Yancheng Institute of Technology","江苏省","盐城","曹翔","曹翔/叶学成/张扬","徐秀芳","REVIEWED","2025-09-01T17:33:30Z"
"1962542111210082304","巴别塔","Babel","国防科技大学","National University of Defense Technology","湖南省","长沙","焦天歌","焦天歌/董坤鹏/何嘉良","张元良","REVIEWED","2025-09-01T15:44:36Z"
"1962538700301406208","那么这一时刻又有老铁问了","How did you practice your skills","国防科技大学","National University of Defense Technology","湖南省","长沙","谢天一","谢天一/刘杭宇/曹思源","张元良","REVIEWED","2025-09-01T15:31:03Z"
"1962538516418924544","刷题两天学会自动机","potato_AC_tomato","国防科技大学","National University of Defense Technology","湖南省","长沙","彭正圣","彭正圣/杨天鹏/马艺洋","张元良","REVIEWED","2025-09-01T15:30:19Z"
"1962538199862218752","12","twelve","衡阳师范学院","Hengyang Normal University","湖南省","衡阳","林新","林新/陈虹宇/肖瑜","罗泽","REVIEWED","2025-09-01T15:29:03Z"
"1962538039274901504","无人在意","Nobody cares","国防科技大学","National University of Defense Technology","湖南省","长沙","彭轩昂","彭轩昂/杨泽/刘宇林","张元良","REVIEWED","2025-09-01T15:28:25Z"
"1962537788241612800","一年之诗","All is accepted","国防科技大学","National University of Defense Technology","湖南省","长沙","彭诚","彭诚/宋怀源/习逸晗","张元良","REVIEWED","2025-09-01T15:27:25Z"
"1962537410053804032","再让我A一道","let me AC one problem again","国防科技大学","National University of Defense Technology","湖南省","长沙","张航耀","张航耀/刘景毅/左智文","张元良","REVIEWED","2025-09-01T15:25:55Z"
"1962537043446468608","稳博","wb","成都信息工程大学","Chengdu University of Information Technology","四川省","成都","王梓鉴","王梓鉴/刘俊材/何晨曦","黄健","REVIEWED","2025-09-01T15:24:27Z"
"1962537033661157376","会编程是什么感觉","The feeling of coding","湖南中医药大学","Hunan University of Chinese Medicine","湖南省","长沙","龚权辉","龚权辉/李超飞/范涵宇","刘伟","REVIEWED","2025-09-01T15:24:25Z"
"1962536969664466944","穿梭银河的火箭队","Rocket Team","湖南中医药大学","Hunan University of Chinese Medicine","湖南省","长沙","黎雅妮","黎雅妮/张静茹/徐铭希","刘伟","REVIEWED","2025-09-01T15:24:10Z"
"1962536912978448384","你还会爱我吗对不队","Affirmative Hearts","湖南中医药大学","Hunan University of Chinese Medicine","湖南省","长沙","任航玮竞","任航玮竞/刘鑫成/曲靓","刘伟","REVIEWED","2025-09-01T15:23:56Z"
"1962536850877583360","摆大烂","Slack off","湖南中医药大学","Hunan University of Chinese Medicine","湖南省","长沙","王稼轩","王稼轩/杨增磊/刘孝波","刘伟","REVIEWED","2025-09-01T15:23:42Z"
"1962534077700247552","一时半会想不出","I have no idea.","江西师范大学","Jiangxi Normal University","江西省","南昌","杨加航","陈泽帆/王诗琳/杨加航","曾雪强","REVIEWED","2025-09-01T15:12:40Z"
"1962531846804475904","逆风翻盘","aghc","成都信息工程大学","Chengdu University of Information Technology","四川省","成都","杨家奎","杨家奎/李政/苏航","任李娟","REVIEWED","2025-09-01T15:03:49Z"
"1962530857036812288","竹叶雨","Bamboo Rain","成都信息工程大学","Chengdu University of Information Technology","四川省","成都","黄中鼎","黄中鼎/叶忠杰/胡浩宇","黄健","REVIEWED","2025-09-01T14:59:53Z"
"1962530638865895424","兰花草","Ciallo～(∠・ω< )⌒★","成都信息工程大学","Chengdu University of Information Technology","四川省","成都","钟雨含","钟雨含/苏欣乐/曹奕昕","彭城","REVIEWED","2025-09-01T14:59:01Z"
"1962530192797470720","白虎朱雀玄武","White Tiger, Vermilion Bird, Black Tortoise","成都信息工程大学","Chengdu University of Information Technology","四川省","成都","曾乙","曾乙/张永俊/郑贯中","刘仕筠","REVIEWED","2025-09-01T14:57:14Z"
"1962529847933407232","一千零一","wish","成都信息工程大学","Chengdu University of Information Technology","四川省","成都","首汉卿","王宇欣/首汉卿/李永康","任李娟","REVIEWED","2025-09-01T14:55:52Z"
"1962529377596739584","说好的幸福呢","Where Is the Promised Happiness","成都信息工程大学","Chengdu University of Information Technology","四川省","成都","廉镓明","廉镓明/王鑫/孟庆虎","刘仕筠","REVIEWED","2025-09-01T14:54:00Z"
"1962529147040043008","魔法披风","Magic cape","成都信息工程大学","Chengdu University of Information Technology","四川省","成都","蔡忠纬","蔡忠纬/霍城宇/陈琪","刘仕筠","REVIEWED","2025-09-01T14:53:05Z"
"1962528894027042816","如果有一天爱上了算法竞赛","If one day I fall in love with algorithmic competitions","成都信息工程大学","Chengdu University of Information Technology","四川省","成都","王茂光","王茂光/谭权鑫/李欣雨","郑丰华","REVIEWED","2025-09-01T14:52:05Z"
"1962528624782086144","还在为她患得患失吗","Are you still worrying about her","成都信息工程大学","Chengdu University of Information Technology","四川省","成都","张顺军","张顺军/杨鹏/权雨帆","刘仕筠","REVIEWED","2025-09-01T14:51:00Z"
"1962528371991384064","光之三妖精的DEBUG大冒险","Three Fairies of Light's DEBUG Adventure","成都信息工程大学","Chengdu University of Information Technology","四川省","成都","苏宏","苏宏/文清惠/冯源源","李莉丽","REVIEWED","2025-09-01T14:50:00Z"
"1962528225257852928","WA矿大队","WA team","中国地质大学（武汉）","China University of Geosciences","湖北省","武汉","可桓宇","可桓宇/韦尚昊/吴祥宇","张锋","REVIEWED","2025-09-01T14:49:25Z"
"1962528105334312960","神秘蓝毛小萝莉和粉毛眼镜妹和棕毛魔法少女","Mysterious Blue-haired Cat-Ear Loli, Anno, and Cardcaptor Sakura!","成都信息工程大学","Chengdu University of Information Technology","四川省","成都","陈俊宏","陈俊宏/姜涵轩/林沁宇","郑丰华","REVIEWED","2025-09-01T14:48:56Z"
"1962527780296724480","如果队友可以变成算法大佬然后把我带飞的话……","Let's destroy the world！","成都信息工程大学","Chengdu University of Information Technology","四川省","成都","郭子瑾","郭子瑾/张苏停/王锐颖","李莉丽","REVIEWED","2025-09-01T14:47:39Z"
"1962527448971874304","BanG Dream! It's MyALGO!!!!!","BanG Dream! It's MyALGO!!!!!","成都信息工程大学","Chengdu University of Information Technology","四川省","成都","常旭海","常旭海/陈礼烨/吴沂谦","黄健","REVIEWED","2025-09-01T14:46:20Z"
"1962527197951168512","鼠鼠大王","Rat King","成都信息工程大学","Chengdu University of Information Technology","四川省","成都","韦彦祖","韦彦祖/魏章博/莫政君","黄健","REVIEWED","2025-09-01T14:45:20Z"
"1962526643187355648","冷焰","Cold Flame","成都信息工程大学","Chengdu University of Information Technology","四川省","成都","王浩然","袁铭远/陈帅/王浩然","黄健","REVIEWED","2025-09-01T14:43:08Z"
"1962526401196986368","冰冷帝企鹅","Freeze Emperor Penguins","成都信息工程大学","Chengdu University of Information Technology","四川省","成都","刘雨葳","刘雨葳/秦朝超/林莫豪","黄健","REVIEWED","2025-09-01T14:42:10Z"
"1962525977182212096","唐山师院二队","Tangshan Normal University Team 2","唐山师范学院","Tangshan Normal University","河北省","唐山","安晨阳","阎慧斌/刘楚涵/安晨阳","张珺","REVIEWED","2025-09-01T14:40:29Z"
"1962525622943879168","唐山师院一队","Tangshan Normal University Team 1","唐山师范学院","Tangshan Normal University","河北省","唐山","王子硕","王子硕/卢璐妃/王宣","张珺","REVIEWED","2025-09-01T14:39:05Z"
"1962521963103260672","拿牌子找前女友复合","make java great again","黑龙江科技大学","Heilongjiang University of Science and Technology","黑龙江省","哈尔滨","曹赵杨","曹赵杨/莫佳豪/李昂","顾泽元","REVIEWED","2025-09-01T14:24:32Z"
"1962517463357460480","海底小纵队","Octonauts","芜湖学院","Wuhu University","安徽省","芜湖","韩粤宇","韩粤宇/时光硕/郑先涛","许飞","REVIEWED","2025-09-01T14:06:39Z"
"1962517303206350848","蛋仔小队","Danzai Team","芜湖学院","Wuhu University","安徽省","芜湖","方为嘉","方为嘉/尹化成/袁建薇","陈玲","REVIEWED","2025-09-01T14:06:01Z"
"1962517139431362560","什么都对","All Right","芜湖学院","Wuhu University","安徽省","芜湖","张欣桐","张欣桐/赵晓薇/陈夏楠","张广海","REVIEWED","2025-09-01T14:05:22Z"
"1962516853375635456","雾岛三屿","Three Islets of Mist Island","芜湖学院","Wuhu University","安徽省","芜湖","司琪","司琪/李芝欣/陈时悦","夏慧娟","REVIEWED","2025-09-01T14:04:14Z"
"1962512424178028544","躺赢不太行","No Luck ,All Skill","湛江科技学院","Zhanjiang University of Science and Technology","广东省","湛江","吴楚贤","吴楚贤/徐韶华/丘双浩","李春红","REVIEWED","2025-09-01T13:46:38Z"
"1962511986003283968","对的对的","please ac","湛江科技学院","Zhanjiang University of Science and Technology","广东省","湛江","陈嘉豪","陈嘉豪/郑作睿/黄忠辉","林海霞","REVIEWED","2025-09-01T13:44:53Z"
"1962511487724163072","群聊(3)","Group chat (3)","浙江广厦建设职业技术大学","Zhejiang Guangsha Vocational and Technical University of Construction","浙江省","东阳","王瑞珽","王瑞珽/陈姿蓥/赵星宇","陆东城","REVIEWED","2025-09-01T13:42:55Z"
"1962510968809066496","歪比巴卜","wobble babble","浙江广厦建设职业技术大学","Zhejiang Guangsha Vocational and Technical University of Construction","浙江省","东阳","叶智豪","叶智豪/尚淇淇/余凯","陆东城","REVIEWED","2025-09-01T13:40:51Z"
"1962510458517458944","孤独的根号三","The lonely square root of three","芜湖学院","Wuhu University","安徽省","芜湖","郑飞洋","郑飞洋/丁博文/徐坤","夏慧娟","REVIEWED","2025-09-01T13:38:49Z"
"1962509043057299456","speak Chinese!","speak Chinese!","湛江科技学院","Zhanjiang University of Science and Technology","广东省","湛江","庄景涵","庄景涵/姚雨桦/戴星龙","丁兵兵","REVIEWED","2025-09-01T13:33:12Z"
"1962507696991899648","来战吧","Fighting","湛江科技学院","Zhanjiang University of Science and Technology","广东省","湛江","李祝","李祝/吴泽军/林铭斌","梁丽莎","REVIEWED","2025-09-01T13:27:51Z"
"1962507488736317440","随便","随便","广西民族大学","Guangxi Minzu University","广西壮族自治区","南宁","蒋志昂","梁良/蒋志昂/兰斯宇","李熹","REVIEWED","2025-09-01T13:27:01Z"
"1962506636109811712","晚上下雨吗","Will it rain tonight","南京信息工程大学","Nanjing University of Information Science and Technology","江苏省","南京","王鑫杰","王鑫杰/李皓阳/董一诺","宋彪","REVIEWED","2025-09-01T13:23:38Z"
"1962502071402631168","上纽2队","NYUSH Team 2","上海纽约大学","New York University Shanghai","上海市","上海","蒋毅成","蒋毅成/许诗栋","顾贤斌","REVIEWED","2025-09-01T13:05:30Z"
"1962489349134827520","韬光养晦，再夺天时","Sleep and behave","西安邮电大学","Xi’an University of Posts and Telecommunications","陕西省","西安","边玉顺","刘冠宇/边玉顺/林珂华","周元哲","REVIEWED","2025-09-01T12:14:56Z"
"1962488074439704576","1","XUPT","西安邮电大学","Xi’an University of Posts and Telecommunications","陕西省","西安","毋至晨","薛昊坤/毋至晨/周剑鑫","周元哲","REVIEWED","2025-09-01T12:09:52Z"
"1962485055203524608","爆零预言家","The Oracle of Zero","哈尔滨工业大学（威海）","Harbin Institute of Technology, Weihai","山东省","威海","杨瀚畯","杨瀚畯/李庆轩/陈超","董开坤","REVIEWED","2025-09-01T11:57:53Z"
"1962484381891903488","新建队伍 (1)","New Team (1)","哈尔滨工业大学（威海）","Harbin Institute of Technology, Weihai","山东省","威海","孙西越","孙西越/姬语阳/郭奕聪","董开坤","REVIEWED","2025-09-01T11:55:12Z"
"1962484165625200640","教练我不想再wa了","coach i dont wanna wa","哈尔滨工业大学（威海）","Harbin Institute of Technology, Weihai","山东省","威海","庄则栋","杜中坤/庄则栋/郑怡恒","董开坤","REVIEWED","2025-09-01T11:54:20Z"
"1962483983617572864","重生之我在哈威wa铁牌","fight for medals in hit","哈尔滨工业大学（威海）","Harbin Institute of Technology, Weihai","山东省","威海","魏贺鹏","魏贺鹏/周鑫/胡明聪","董开坤","REVIEWED","2025-09-01T11:53:37Z"
"1962483510818848768","WA,AC!","WA,AC!","哈尔滨工业大学（威海）","Harbin Institute of Technology, Weihai","山东省","威海","尹瀚铭","孙云起/王尧中/尹瀚铭","董开坤","REVIEWED","2025-09-01T11:51:44Z"
"1962483438232223744","ACM一缺二速来！！","TEAMMATE WANTED","北京师范大学","Beijing Normal University","北京市","北京","王梓霁","王梓霁","徐鹏飞","REVIEWED","2025-09-01T11:51:27Z"
"1962483052842795008","被ICPC暴打","Be AKed By ICPC","哈尔滨工业大学（威海）","Harbin Institute of Technology, Weihai","山东省","威海","李博文","李博文/崔彦宇/刘佳豪","董开坤","REVIEWED","2025-09-01T11:49:55Z"
"1962481911803363328","神秘客","mysterio","哈尔滨工业大学（威海）","Harbin Institute of Technology, Weihai","山东省","威海","易子杰","易子杰/顾伟宸/李泳明","董开坤","REVIEWED","2025-09-01T11:45:23Z"
"1962481553291034624","为帅比毕业老学长征婚QQ名“莱芜贝克汉姆”","Hunky alumni XYM finds GFs QQ lwbeckham","哈尔滨工业大学（威海）","Harbin Institute of Technology, Weihai","山东省","威海","龙禺辰","吴昊亮/龙禺辰/李义朋","董开坤","REVIEWED","2025-09-01T11:43:58Z"
"1962481179691794432","昨日圆车","ARKnoNIGHTS","哈尔滨工业大学（威海）","Harbin Institute of Technology, Weihai","山东省","威海","李欣鹏","焦浩清/李欣鹏/廖航","董开坤","REVIEWED","2025-09-01T11:42:29Z"
"1962481022703190016","三拜红尘凉","Farewell to the Mortal World, So Cold","浙江师范大学行知学院","Xingzhi College Zhejiang Normal University","浙江省","金华","廖宇辰","廖宇辰/廖奇超/徐达","袁利永","REJECTED","2025-09-01T11:41:51Z"
"1962477745315987456","逻辑跃迁","Logic Leapers","芜湖学院","Wuhu University","安徽省","芜湖","李园园","李园园/何鹏/贾良文","陈筱","REVIEWED","2025-09-01T11:28:50Z"
"1962467046258851840","Ciallo~","Ciallo~","四川信息职业技术学院","Sichuan Vocational College of Information Technology","四川省","广元","王国强","叶瑞鑫/青灿/王国强","张俊晖","REVIEWED","2025-09-01T10:46:19Z"
"1962463129135431680","取名困难症","NamingSyndrome","浙江海洋大学","Zhejiang Ocean University","浙江省","舟山","张俊杰","张俊杰/马天昊/张吉辉","汝彦冬","REVIEWED","2025-09-01T10:30:45Z"
"1962446278879821824","无情皇上","The ruthless emperor","黑龙江科技大学","Heilongjiang University of Science and Technology","黑龙江省","哈尔滨","黄韧琦","黄韧琦/吴齐胜/秦宏伟","田宇","REVIEWED","2025-09-01T09:23:48Z"
"1962443620823547904","圆头猫猫","Round Face Cat","汉江师范学院","Hanjiang Normal University","湖北省","十堰","杜中豪","杜中豪","谭伟","REVIEWED","2025-09-01T09:13:14Z"
"1962437530274709504","福建理工大学2队","FJUT02","福建理工大学","Fujian University of Technology","福建省","福州","汤宏彬","汤宏彬/周世杰/程阳淏","许雪林","REVIEWED","2025-09-01T08:49:02Z"
"1962437173142286336","福建理工大学1队","FJUT01","福建理工大学","Fujian University of Technology","福建省","福州","林舜华","林舜华/郑少豪/陈少鹏","许雪林","REVIEWED","2025-09-01T08:47:37Z"
"1962434308344573952","和平讨论不带节奏","oneshort","华中科技大学","Huazhong University of Science and Technology","湖北省","武汉","聂卓然","杨家祯/冯育硕/聂卓然","何琨","REVIEWED","2025-09-01T08:36:14Z"
"1962433493798154240","404 找不到队友队","Team 404: Teammates Not Found","成都东软学院","Chengdu Neusoft Institute of Information","四川省","成都","谢梦丹","谢梦丹/叶梦/苗卉","田霖","REVIEWED","2025-09-01T08:32:59Z"
"1962432746197020672","浙财6队","zufe6","浙江财经大学","Zhejiang University of Finance and Economics","浙江省","杭州","林帮吉","林帮吉/王浩名/华政阳","陈琰宏","REVIEWED","2025-09-01T08:30:01Z"
"1962432129915351040","玩仔不想打铁","Null Potato","浙江万里学院","Zhejiang Wanli University","浙江省","宁波","王玲琦","王玲琦/楼诗意/张迅畅","柴本成","REVIEWED","2025-09-01T08:27:34Z"
"1962431900285595648","梦想是咸鱼","Couch potato","浙江万里学院","Zhejiang Wanli University","浙江省","宁波","叶仁杰","叶仁杰/马康博/陈晟濠","柴本成","REVIEWED","2025-09-01T08:26:39Z"
"1962431781138001920","差距自己找队","Find The Gap Yourself","北方民族大学","North Minzu University","宁夏回族自治区","银川","廖培坤","廖培坤/田梓铭/李浩","田金琴","REVIEWED","2025-09-01T08:26:11Z"
"1962431760699158528","砥砺前行","Diligently","浙江万里学院","Zhejiang Wanli University","浙江省","宁波","孙春辉","孙春辉/陈绍源/刘烨健","柴本成","REVIEWED","2025-09-01T08:26:06Z"
"1962431527986589696","一方通行","Accelerator","浙江万里学院","Zhejiang Wanli University","浙江省","宁波","傅炫瑜","傅炫瑜/朱勤涵/吴翱丞","柴本成","REVIEWED","2025-09-01T08:25:11Z"
"1962431273136484352","久缚之茧","Perpetual Chrysalis","浙江万里学院","Zhejiang Wanli University","浙江省","宁波","王力澜","王力澜/张宇帆/奚舒雯","柴本成","REVIEWED","2025-09-01T08:24:10Z"
"1962427103859896320","我要找妈妈","where is mm?","河南财经政法大学","Henan University of Economics and Law","河南省","郑州","唐璟辉","唐璟辉/刘义凯/陈俊尹","万金梁","REVIEWED","2025-09-01T08:07:36Z"
"1962424935387951104","desuwa加队名后desuwa","desuwa","河南农业大学","Henan Agricultural University","河南省","郑州","许博文","许博文/赵嘉驰/张云博","尚俊平","REVIEWED","2025-09-01T07:58:59Z"
"1962424847097851904","压缩猫饼","Compressed cat cake","河南农业大学","Henan Agricultural University","河南省","郑州","张鹏举","张鹏举/王浩宇/刘伟","尚俊平","REVIEWED","2025-09-01T07:58:38Z"
"1962424776537075712","吉伊卡哇","Chiikawa","河南农业大学","Henan Agricultural University","河南省","郑州","朱逸菲","朱逸菲/邓海迪/李悦","尚俊平","REVIEWED","2025-09-01T07:58:21Z"
"1962421133947572224","流动网络","Flow Network","哈尔滨信息工程学院","Harbin Institute of Information Technology","黑龙江省","哈尔滨","张文峻","张文峻/宋冰坤/周影","谷德丽","REVIEWED","2025-09-01T07:43:53Z"
"1962414753161285632","编程小纵队","Programming team","北方民族大学","North Minzu University","宁夏回族自治区","银川","马宝宝","马宝宝/刘帅/吴浚泽","田金琴","REVIEWED","2025-09-01T07:18:31Z"
"1962404029806546944","蒲公英","dandelion","武汉纺织大学外经贸学院","College of International Business and Economics","湖北省","武汉","程荆翔","程荆翔/袁嘉伟/邬俊男","孙小龙","REVIEWED","2025-09-01T06:35:55Z"
"1962389199435468800","swpu_2","swpu_2","西南石油大学","SouthWest Petroleum University","四川省","成都","霍奂鑫","霍奂鑫/刘鸿春/陈昱璋","杨梅","REVIEWED","2025-09-01T05:36:59Z"
"1962389161195999232","swpu_1","swpu_1","西南石油大学","SouthWest Petroleum University","四川省","成都","付泽东","付泽东/罗赐曦/龚云飞","杨梅","REVIEWED","2025-09-01T05:36:50Z"
"1962385967489355776","砥砺前行","steadfastly advance through hardships","齐鲁工业大学（山东省科学院）","Qilu University of Technology","山东省","济南","董川","董川/魏翔吉","鹿文鹏","REVIEWED","2025-09-01T05:24:08Z"
"1962384416016306176","坦克没有后视镜","Tanks don't have rearview mirrors","哈尔滨信息工程学院","Harbin Institute of Information Technology","黑龙江省","哈尔滨","窦鑫瑞","窦鑫瑞/卢俊洋/吴新祎","唐博海","REVIEWED","2025-09-01T05:17:58Z"
"1962384302166118400","梅琳娜的锋刃","Melina's Blade","浙江海洋大学","Zhejiang Ocean University","浙江省","舟山","朱伊鹏","齐帆/丁志诚/朱伊鹏","汝彦冬","REVIEWED","2025-09-01T05:17:31Z"
"1962374588590067712","火鸡味锅巴","Turkey-Flavored Rice Crust","黑龙江工程学院","Heilongjiang Institute of Technology","黑龙江省","哈尔滨","李林阳","李林阳/高梓涵/徐江源","邢传军","REVIEWED","2025-09-01T04:38:55Z"
"1962371590518345728","状态好的时候可以输出helloworld","oula yaha yaha oula","西南大学","Southwest University","重庆市","重庆","邱翔","程俐明/邱翔/王奕梾","韩先锋","REVIEWED","2025-09-01T04:27:00Z"
"1962369000749535232","SWU-MyGo","SWU-MyGo","西南大学","Southwest University","重庆市","重庆","盛明睿","游斯惟/盛明睿/韩清泉","韩先锋","REVIEWED","2025-09-01T04:16:43Z"
"1962367976286588928","哥布林之家","Goblin Den","广东金融学院","Guangdong University of Finance","广东省","广州","郭庆","郭庆/陈优彬/林子健","陈嘉亿","REVIEWED","2025-09-01T04:12:39Z"
"1962367722820603904","活该你打XCPC","You deserve to play XCPC","广东金融学院","Guangdong University of Finance","广东省","广州","刘紫萱","刘紫萱/郑博诚/李思甜","陈嘉亿","REVIEWED","2025-09-01T04:11:38Z"
"1962366814577627136","bug有longlong那么多","Bugs as many as a long long","西南大学","Southwest University","重庆市","重庆","柳晓洲","余子烨/柳晓洲/曾路平","杜治国","REVIEWED","2025-09-01T04:08:02Z"
"1962366233783963648","超大杯联动队","SleepToAC","西南大学","Southwest University","重庆市","重庆","刘子毅","刘子毅/杨竣胜/周佰涛","韩先锋","REVIEWED","2025-09-01T04:05:43Z"
"1962365863309479936","萌鸡小队","go go go","西南大学","Southwest University","重庆市","重庆","王亚雯","刘书言/王亚雯/陈耘美","韩先锋","REVIEWED","2025-09-01T04:04:15Z"
"1962365794921353216","啊对对队","井include《studio。h》","长春财经学院","Changchun University of Finance and Economics","吉林省","长春","王智杰","崔云皓/王智杰/方元浩","杨石","REVIEWED","2025-09-01T04:03:59Z"
"1962365561030184960","星海","ocean star","西南大学","Southwest University","重庆市","重庆","蒋天逸","李倬君/李尹棋/蒋天逸","韩先锋","REVIEWED","2025-09-01T04:03:03Z"
"1962365319299862528","许愿都队","Wish Team","西南大学","Southwest University","重庆市","重庆","江嘉杰","江嘉杰/黄睿健/雷昕语","韩先锋","REVIEWED","2025-09-01T04:02:05Z"
"1962364841753186304","西大哈基米","Swu-Hakimi","西南大学","Southwest University","重庆市","重庆","刘益鸣","刘益鸣/孙舒源/蒋麟洲","韩先锋","REVIEWED","2025-09-01T04:00:11Z"
"1962364789261471744","哈基米南北绿豆","MANBO","江西理工大学南昌校区","Jiangxi University of Science and Technology (Nanchang Campus)","江西省","南昌","牛子陆","牛子陆/林智磊/王清伟","陈木生","REVIEWED","2025-09-01T03:59:59Z"
"1962364679303598080","击杀王睦子米","KillleaderMutsumi","江西理工大学南昌校区","Jiangxi University of Science and Technology (Nanchang Campus)","江西省","南昌","宋文东","宋文东/范子成/蓝隆涛","陈木生","REVIEWED","2025-09-01T03:59:33Z"
"1962358169773150208","ZCMU02","ZCMU02","浙江中医药大学","Zhejiang Chinese Medical University","浙江省","杭州","戴金诚","戴金诚/何子涵/姚荣钊","罗杰","REJECTED","2025-09-01T03:33:41Z"
"1962357896887537664","ZCMU01","ZCMU01","浙江中医药大学","Zhejiang Chinese Medical University","浙江省","杭州","王震","王震/黄超逸/邓文海","罗杰","REJECTED","2025-09-01T03:32:36Z"
"1962357149928132608","三只小猪","Three Little Pigs","武汉职业技术大学","Wuhan Technical University","湖北省","武汉","王子玄","王子玄/杨浩/程迅","陈铭","REVIEWED","2025-09-01T03:29:38Z"
"1962354622386016256","好喜欢你怎么办","What should I do if I like you so much?","黄冈师范学院","Huanggang Normal University","湖北省","黄冈","刘闻科","张舒恒/周康禧/刘闻科","肖飞","REVIEWED","2025-09-01T03:19:35Z"
"1962354179257798656","浙金院二队","zfc-2","浙江金融职业学院","Zhejiang Financial College","浙江省","杭州","刘恒","沈宏仰/章祖强/刘恒","黄振业","REVIEWED","2025-09-01T03:17:49Z"
"1962354123611967488","浙金院一队","zfc-1","浙江金融职业学院","Zhejiang Financial College","浙江省","杭州","王杰","陈灵吉/王杰/汪嘉铭","黄振业","REVIEWED","2025-09-01T03:17:36Z"
"1962354059372007424","过去香香软软的我已经死掉了","zfc-3","浙江金融职业学院","Zhejiang Financial College","浙江省","杭州","钟家乐","钟家乐/陈俊杰/庞思熠","黄振业","REVIEWED","2025-09-01T03:17:21Z"
"1962354018733395968","哈学院1队","HRBU Team 1","哈尔滨学院","Harbin University","黑龙江省","哈尔滨","李国良","李国良/刘欣斋/曾淇浩","李嘉宾","REVIEWED","2025-09-01T03:17:11Z"
"1962352603860439040","多多柠檬茶","DuoDuo Lemon Tea","广东金融学院","Guangdong University of Finance","广东省","广州","翁博","翁博/陈致昊/陈俊明","陈嘉亿","REVIEWED","2025-09-01T03:11:34Z"
"1962351270428282880","从零开始的WA生活","re0","西安理工大学","Xi'an University of Technology","陕西省","西安","袁振扬","袁振扬/谢量/王凯","蔡欣华","REVIEWED","2025-09-01T03:06:16Z"
"1962351074684309504","风与天空","Windsky","西安理工大学","Xi'an University of Technology","陕西省","西安","周杨","周杨/齐思远/李明泽","蔡欣华","REVIEWED","2025-09-01T03:05:29Z"
"1962350872325918720","我被困在了哈基乡","Trapped in Haki Township","西安理工大学","Xi'an University of Technology","陕西省","西安","贾成杰","贾成杰/庄睿君/郝韵","蔡欣华","REVIEWED","2025-09-01T03:04:41Z"
"1962350614917287936","AC.cpp","AC.cpp","西安理工大学","Xi'an University of Technology","陕西省","西安","韩明轩","韩明轩/留昊/周彦泽","蔡欣华","REVIEWED","2025-09-01T03:03:39Z"
"1962350260020449280","藏题的时候在干什么？能别笑吗？有点AC数吧","What can we say? Hold on! Hold on!","华中农业大学","Huazhong Agricultural University","湖北省","武汉","苏森阳","苏森阳/王敬淞/张毅","李嘉位","REVIEWED","2025-09-01T03:02:15Z"
"1962350069678739456","一支队伍","A team","华中农业大学","Huazhong Agricultural University","湖北省","武汉","蒋志恩","蒋志恩/彭传钰/付波","李嘉位","REVIEWED","2025-09-01T03:01:29Z"
"1962349930201354240","憧憬成为AC大帝","ACWonderKing","华中农业大学","Huazhong Agricultural University","湖北省","武汉","刘睿哲","刘睿哲/阮崇轩/赵俊杰","李嘉位","REVIEWED","2025-09-01T03:00:56Z"
"1962349761426755584","天糖制造","Made in Sugar","华中农业大学","Huazhong Agricultural University","湖北省","武汉","张可凡","张可凡/王思学/刘泽成","李嘉位","REVIEWED","2025-09-01T03:00:16Z"
"1962349527724331008","闪光袋鼠哥哥","Kira Kangaroo bro","华中农业大学","Huazhong Agricultural University","湖北省","武汉","雷博琦","雷博琦/胡泽宇/艾子鸣","李嘉位","REVIEWED","2025-09-01T02:59:20Z"
"1962349231002488832","沐思雨辰","chenyusimu","齐齐哈尔工程学院","Qiqihar Institute of Engineering","黑龙江省","齐齐哈尔","段圣宣","段圣宣/曹玉童","段雄军","REJECTED","2025-09-01T02:58:10Z"
"1962348755607490560","向日葵","sunflower","武汉纺织大学外经贸学院","College of International Business and Economics","湖北省","武汉","胡广","胡广/李子秋/郭诗妍","孙小龙","REVIEWED","2025-09-01T02:56:16Z"
"1962332978850435072","编程小纵队","Code Squad","北京理工大学","Beijing Institute of Technology","北京市","北京","张之杰","李旭邦/张之杰/刘逸彬","林永钢","REVIEWED","2025-09-01T01:53:35Z"
"1962332933228990464","动态树","LCT","北京理工大学","Beijing Institute of Technology","北京市","北京","齐轩宇","齐轩宇/邱昌威/张家诚","林永钢","REVIEWED","2025-09-01T01:53:24Z"
"1962332902220500992","不要rua我喵","Don't rua me meow","北京理工大学","Beijing Institute of Technology","北京市","北京","章一沛","章一沛/冯靖轩/项俊杰","林永钢","REVIEWED","2025-09-01T01:53:16Z"
"1962332840685867008","树状数组","BIT","北京理工大学","Beijing Institute of Technology","北京市","北京","张振宇","高天翔/张振宇/谭笑","林永钢","REVIEWED","2025-09-01T01:53:02Z"
"1962332808620412928","打铁也能报销吗","Can Iron Paid","北京理工大学","Beijing Institute of Technology","北京市","北京","周哲昊","周哲昊/姜宇辰/林柏健","林永钢","REVIEWED","2025-09-01T01:52:54Z"
"1962332769923764224","过了样例也不队","Pass Sample Only","北京理工大学","Beijing Institute of Technology","北京市","北京","王舒晗","何大鹏/王舒晗/邬宇炼","林永钢","REVIEWED","2025-09-01T01:52:45Z"
"1962332735517888512","木叶三忍","Threefolder","北京理工大学","Beijing Institute of Technology","北京市","北京","陈家辉","邵子鸣/陈家辉/王煜皓","林永钢","REVIEWED","2025-09-01T01:52:37Z"
"1962332703544709120","哈基米哦南北绿豆啊西嘎哈呀库","cat","北京理工大学","Beijing Institute of Technology","北京市","北京","梁思源","梁思源/彭田栩/郑润哲","林永钢","REVIEWED","2025-09-01T01:52:29Z"
"1962332650830696448","Penalty这么高它的意思一定是分数吧","Higher penalty must mean more ACs, right?","北京理工大学","Beijing Institute of Technology","北京市","北京","柯宁皓","柯宁皓/黄康/张思哲","林永钢","REVIEWED","2025-09-01T01:52:16Z"
"1962332486783078400","英文队名","Chinese Team Name","北京理工大学","Beijing Institute of Technology","北京市","北京","王翔宇","王翔宇/谭意青/戴睿","林永钢","REVIEWED","2025-09-01T01:51:37Z"
"1962321642930180096","不想打Icpc","Don't Wanna Icpc","河北经贸大学","Hebei University of Economics and Business","河北省","石家庄","陈易","董云治/陈易/王一诺","薛学亚","REVIEWED","2025-09-01T01:08:32Z"
"1962319280119353344","浙财5队","zufe5","浙江财经大学","Zhejiang University of Finance and Economics","浙江省","杭州","沈乐琰","沈乐琰/张孝顺/叶涛瑞","陈琰宏","REVIEWED","2025-09-01T00:59:09Z"
"1962318622687367168","浙财4队","zufe4","浙江财经大学","Zhejiang University of Finance and Economics","浙江省","杭州","陈凯煜","陈凯煜/唐俊杰/桑汉成","陈琰宏","REVIEWED","2025-09-01T00:56:32Z"
"1962318164136693760","浙财3队","zufe3","浙江财经大学","Zhejiang University of Finance and Economics","浙江省","杭州","邓锦鑫","邓锦鑫/蔡成润/赵凌杰","陈琰宏","REVIEWED","2025-09-01T00:54:43Z"
"1962317896909197312","浙财2队","zufe2","浙江财经大学","Zhejiang University of Finance and Economics","浙江省","杭州","赵子腾","赵子腾/王鑫宇/何益繁","陈琰宏","REVIEWED","2025-09-01T00:53:39Z"
"1962317267444830208","浙财1队","zufe1","浙江财经大学","Zhejiang University of Finance and Economics","浙江省","杭州","林煜超","林煜超/陈君豪/王强","陈琰宏","REVIEWED","2025-09-01T00:51:09Z"
"1962316476923383808","哈商大附中01队","HRBCU","哈尔滨商业大学","Harbin University of Commerce","黑龙江省","哈尔滨","林铭辉","林铭辉/王喆/刘凯","王宏欣","REVIEWED","2025-09-01T00:48:00Z"
"1962315999804526592","巴啦啦传奇小魔仙","FairyTail","湖北汽车工业学院","Hubei University of Automotive Technology","湖北省","十堰","肖可萱","肖可萱/吴显赫/池思甜","苏毅","REVIEWED","2025-09-01T00:46:07Z"
"1962315914999894016","AC学长不会遇见WA学弟","AC seniors don't meet WA juniors","不明单位130","","","","方鹏遥","方鹏遥/杨周/黎耀阳","王方","REVIEWED","2025-09-01T00:45:46Z"
"1962315606085210112","刘雨馨和她的挂件们","candice and her decorations","哈尔滨商业大学","Harbin University of Commerce","黑龙江省","哈尔滨","吕海航","吕海航/黄嘉毅/刘雨馨","王宏欣","REVIEWED","2025-09-01T00:44:33Z"
"1962315391357816832","AC Squad","AC Squad","哈尔滨商业大学","Harbin University of Commerce","黑龙江省","哈尔滨","黑浩然","黑浩然/董庆锋/徐梦楠","王宏欣","REVIEWED","2025-09-01T00:43:42Z"
"1962315306351857664","天堂之门","Heaven's Door","哈尔滨商业大学","Harbin University of Commerce","黑龙江省","哈尔滨","王宸霖","王宸霖/唐子建/吴天昊","王宏欣","REVIEWED","2025-09-01T00:43:21Z"
"1962214291204083712","早说还要写代码我就不来了","If we had known we had to write code, we wouldn't have come","中国农业大学","China Agricultural University","北京市","北京","范旭林","范旭林/马铭浩","马钦","REVIEWED","2025-08-31T18:01:57Z"
"1962213948655276032","CAU_CiAllo University","CAU_CiAllo University","中国农业大学","China Agricultural University","北京市","北京","杨维昊","杨维昊/王曦田/桑浩翔","马钦","REVIEWED","2025-08-31T18:00:36Z"
"1962182394834980864","码头整点薯条","the ultimate goal of life","河北工程大学","Hebei University of Engineering","河北省","邯郸","陶天怡","陶天怡/陆晨逸/李成章","杜瑞庆","REVIEWED","2025-08-31T15:55:13Z"
"1962161922198081536","既不AC也不WA队","Neither AC nor WA","河北工程大学","Hebei University of Engineering","河北省","邯郸","姜振坤","姜振坤/卞建博/刘家宁","杜瑞庆","REVIEWED","2025-08-31T14:33:52Z"
"1962157510654300160","You’ll Never Wrong Answer","You’ll Never Wrong Answer","中央财经大学","Central University of Finance and Economics","北京市","北京","罗嘉洋","罗嘉洋","王焱","REVIEWED","2025-08-31T14:16:20Z"
"1962156688713322496","whatever","whatever","宁波诺丁汉大学","University of Nottingham Ningbo China","浙江省","宁波","周启航","周殷伊/周启航/郑锦坤","杨笑迎","REVIEWED","2025-08-31T14:13:04Z"
"1962156415517331456","ZDY","ZDY","宁波诺丁汉大学","University of Nottingham Ningbo China","浙江省","宁波","戴昕辰","戴昕辰/殷浩宸/张一鸣","杨笑迎","REVIEWED","2025-08-31T14:11:59Z"
"1962156256720982016","Just play around","Just play around","宁波诺丁汉大学","University of Nottingham Ningbo China","浙江省","宁波","俞承胤","俞承胤/张逸绚/陆博文","杨笑迎","REVIEWED","2025-08-31T14:11:21Z"
"1962154915445477376","小6猪","six_ssp","大连理工大学盘锦校区（重复）","","","","刘腾予","刘腾予","焦力宾","REVIEWED","2025-08-31T14:06:01Z"
"1962146409187250176","我的头发是真发","hello hello hello","华北水利水电大学","North China University of Water Resources and Electric Power","河南省","郑州","卢宇翔","卢宇翔/张岩/秦启瑞","毋沁萍","REVIEWED","2025-08-31T13:32:13Z"
"1962136271869054976","唯独可以做到的就是线段树","Segment tree is the only thing to do","南开大学","Nankai University","天津市","天津","金继烨","金继烨/赵思远/郭鑫源","刘晓光","REVIEWED","2025-08-31T12:51:56Z"
"1962136134396547072","可以和我打一辈子acm吗","forever acm,please","南开大学","Nankai University","天津市","天津","陈馨颍","陈馨颍/陈伯远/曲恒睿","刘晓光","REVIEWED","2025-08-31T12:51:23Z"
"1962135991672770560","中文队伍名","English Team Name","南开大学","Nankai University","天津市","天津","谭易","谭易/母焯行/郁卓阳","刘晓光","REVIEWED","2025-08-31T12:50:49Z"
"1962135829265125376","山西大学附属中学校","The Affiliated High School of Shanxi University","南开大学","Nankai University","天津市","天津","车昱辉","车昱辉/杨澍/王治中","刘晓光","REVIEWED","2025-08-31T12:50:11Z"
"1962135702144159744","没想法就用少女乐队","bocci dream，it's HTT mujica","南开大学","Nankai University","天津市","天津","白景仁","白景仁/张雪柯/巢恒睿","刘晓光","REVIEWED","2025-08-31T12:49:40Z"
"1962135496702955520","在此输入队名","Enter Team Name Here","南开大学","Nankai University","天津市","天津","王重阳","王重阳/谢北宸/陈家锐","刘晓光","REVIEWED","2025-08-31T12:48:51Z"
"1962135278439763968","缺乏灵感的菇","UNgugugaga","南开大学","Nankai University","天津市","天津","李佳璞","李佳璞/张宸笛号/黄尚扬","刘晓光","REVIEWED","2025-08-31T12:47:59Z"
"1962135022796935168","比起xcpc我更喜欢拿铁（真的指咖啡）","nanigasuki","南开大学","Nankai University","天津市","天津","郭军凯","郭军凯/刘沛鑫/廖望","刘晓光","REVIEWED","2025-08-31T12:46:58Z"
"1962130718346317824","难开题开题难","NK-Hard","南开大学","Nankai University","天津市","天津","陈彦兴","陈彦兴/张宇墨/何闻硕","刘晓光","REVIEWED","2025-08-31T12:29:52Z"
"1962130510275284992","北闭小学旅游团","Baby Primary School Tour Group","南开大学","Nankai University","天津市","天津","章壹程","章壹程/郑奕杰/朱志彬","刘晓光","REVIEWED","2025-08-31T12:29:02Z"
"1962129520746696704","我们队有个户晨风","The Life Of An Acmer","江西水利电力大学","Jiangxi University of Water Resources and Electric Power","江西省","南昌","谭宇晨","谭宇晨/涂鸣灏/孔知足","关素洁","REVIEWED","2025-08-31T12:25:07Z"
"1962128663187689472","我永远喜欢柯朵莉","I always like Chtholly","安徽理工大学","Anhui University of Science and Technology","安徽省","淮南","厉东霖","厉东霖/林逸晖/沈健豪","蒋社想","REVIEWED","2025-08-31T12:21:42Z"
"1962102573736005632","Temporary","Temporary","阜阳师范大学","Fuyang Normal University","安徽省","阜阳","彭思敏","彭思敏/王修晗/郭丹丹","范建中","REVIEWED","2025-08-31T10:38:02Z"
"1962094811731857408","屏住呼吸才能稳定，心不乱自然平静","iLi","怀化学院","Huaihua University","湖南省","怀化","游东炜","赖建楠/游东炜/马志波","彭新怀","REVIEWED","2025-08-31T10:07:11Z"
"1962089304405184512","七维叉积","Seven-dimensional cross product","河北工程大学","Hebei University of Engineering","河北省","邯郸","张心洋","张心洋/陈惠强/张志铭","杜瑞庆","REVIEWED","2025-08-31T09:45:18Z"
"1962081070269206528","难铜的最后一舞","one last dance","河南科技大学","Henan University of Science and Technology","河南省","洛阳","谢沛哲","郑怡飞/谢沛哲/张旭","镐紫兴","REVIEWED","2025-08-31T09:12:35Z"
"1962080274408411136","这次一定队","This time for sure team","温州商学院","Wenzhou Business College","浙江省","温州","薛骏诚","薛骏诚/施世泽/张江","刘晓芳","REVIEWED","2025-08-31T09:09:25Z"
"1962069550177062912","希望能做对一个","In Green We Trust","大连理工大学盘锦校区（重复）","","","","齐思博宇","齐思博宇/王泽祥/李佳泽","焦力宾","REVIEWED","2025-08-31T08:26:48Z"
"1962069287907233792","勇敢向前冲","Charge forward bravely","泰州学院","Taizhou University (Jiangsu)","江苏省","泰州","史慧怡","史慧怡/罗飞燕/王欣恬","江敏","REVIEWED","2025-08-31T08:25:46Z"
"1962069067903406080","无限战争","Infinite Loop","大连理工大学盘锦校区（重复）","","","","董宗宇","董宗宇/屠奕铭/雷云辉","焦力宾","REVIEWED","2025-08-31T08:24:53Z"
"1962067787764076544","超越无限","infinity","泰州学院","Taizhou University (Jiangsu)","江苏省","泰州","伍奕萱","伍奕萱/朱忠祥/徐佳豪","江敏","REVIEWED","2025-08-31T08:19:48Z"
"1962037744191016960","35","35","中国人民解放军陆军工程大学","Army Engineering University of PLA","江苏省","南京","唐浩彰","林至恺/李泓林/唐浩彰","顾敏","REVIEWED","2025-08-31T06:20:25Z"
"1962020670131539968","风鹏万里","Wind Roc Miles Away","济南大学","University of Jinan","山东省","济南","屠泽伟","屠泽伟/刘峰旭/文铿","夏英杰","REVIEWED","2025-08-31T05:12:34Z"
"1962020016205991936","不吃昆虫","No Bug","浙江海洋大学","Zhejiang Ocean University","浙江省","舟山","黄梦棋","李若伊/楼秀婷/黄梦棋","汝彦冬","REVIEWED","2025-08-31T05:09:59Z"
"1962016412959117312","重生之世界代码能力降低一万倍","The world's coding ability has decreased by 10,000 times, gogogo.","济南大学","University of Jinan","山东省","济南","王基懿","王基懿/丁子祥/孙孟琦","夏英杰","REVIEWED","2025-08-31T04:55:40Z"
"1962010680440262656","cyf粉丝群","cyf fans club","暨南大学","Jinan University","广东省","广州","吴连捷","吴连捷/陈治明/谭翰煨","周德华","REVIEWED","2025-08-31T04:32:53Z"
"1961998678410006528","代码黑洞","code black hole","中国人民解放军陆军工程大学","Army Engineering University of PLA","江苏省","南京","李林臻","张正豪/吴国栋/李林臻","顾敏","REVIEWED","2025-08-31T03:45:11Z"
"1961996605979234304","bug制造者","bugmaker","中国人民解放军陆军工程大学","Army Engineering University of PLA","江苏省","南京","李赐璇","李赐璇/刘乔乔/崔凯平","顾敏","REVIEWED","2025-08-31T03:36:57Z"
"1961996402828120064","三个臭皮匠","The Three Stooges","中国人民解放军陆军工程大学","Army Engineering University of PLA","江苏省","南京","卢诗瀚","卢诗瀚/顾盼/易轲","顾敏","REVIEWED","2025-08-31T03:36:09Z"
"1961972514752696320","上纽1队","NYUSH Team 1","上海纽约大学","New York University Shanghai","上海市","上海","张书恺","张书恺/励安远/戴麟懿","顾贤斌","REVIEWED","2025-08-31T02:01:13Z"
"1961964568400498688","点击输入队名","what‘s the name","南京大学","Nanjing University","江苏省","南京","法童","李林/陈智霖/法童","马骏","REVIEWED","2025-08-31T01:29:39Z"
"1961949399192571904","恭喜以上队伍获奖","Congratulations to the above teams","温州商学院","Wenzhou Business College","浙江省","温州","高展","高展/梁昊翔/沈铖飞","刘晓芳","REVIEWED","2025-08-31T00:29:22Z"
"1961892705578127360","吃你家大米","Eat Your Rice","浙江大学","Zhejiang University","浙江省","杭州","李俊睿","李俊睿/张驰/盛宝宝","王灿","REVIEWED","2025-08-30T20:44:05Z"
"1961892471326248960","快整点大英五","Go Learn English V","浙江大学","Zhejiang University","浙江省","杭州","林滨","林滨/陈奕翔/李沐阳","王灿","REVIEWED","2025-08-30T20:43:10Z"
"1961891799633629184","歪比巴卜","Wabbybabu","浙江大学","Zhejiang University","浙江省","杭州","王子尧","王子尧/朱航逸/朱容阳","王灿","REVIEWED","2025-08-30T20:40:29Z"
"1961891469164417024","小蜜蜂","Vitality","浙江大学","Zhejiang University","浙江省","杭州","陈子谦","陈子谦/靳鹏举/俞博","王灿","REVIEWED","2025-08-30T20:39:11Z"
"1961890303911268352","石莓","Stoneberry","浙江大学","Zhejiang University","浙江省","杭州","曾皓威","曾皓威/周圣杰/谭睿","王灿","REVIEWED","2025-08-30T20:34:33Z"
"1961890003850760192","透明哀歌","Lucid Sorrow","浙江大学","Zhejiang University","浙江省","杭州","潘永健","周俊康/潘永健/叶纳诚","王灿","REVIEWED","2025-08-30T20:33:21Z"
"1961889312004509696","北极星","Polaris","浙江大学","Zhejiang University","浙江省","杭州","王羽立","王羽立/余承恩/尤佳骏","王灿","REVIEWED","2025-08-30T20:30:36Z"
"1961888923104448512","幻想时刻","Fantasy Time","浙江大学","Zhejiang University","浙江省","杭州","朱睿哲","柯怀俊/张厚华/朱睿哲","王灿","REVIEWED","2025-08-30T20:29:04Z"
"1961888422862393344","十发罚时","Plenty of Penalty","浙江大学","Zhejiang University","浙江省","杭州","徐锐扬","徐锐扬/万弘","王灿","REVIEWED","2025-08-30T20:27:04Z"
"1961887557778804736","乘着西风出发喽","Riding the west wind，away we go","浙江大学","Zhejiang University","浙江省","杭州","严子轩","严子轩/张湫阳/侯之远","王灿","REVIEWED","2025-08-30T20:23:38Z"
"1961795429631397888","我永远喜欢鸢泽美咲，能天使，斯卡蒂","YZNU2","长江师范学院","Yangtze Normal University","重庆市","重庆","谢作银","谢作银/林海洋/田国良","陈业纲","REVIEWED","2025-08-30T14:17:33Z"
"1961787391226810368","小鸟鸭梨懒羊羊","jiujiu_gaga_miemie","汕头大学","Shantou University","广东省","汕头","郑永鹏","王翌州/郑永鹏/潘佳阳","杨晓毅","REVIEWED","2025-08-30T13:45:36Z"
"1961777372838105088","点击输入文字","404 not found","梧州学院","Wuzhou University","广西壮族自治区","梧州","关子俊","关子俊/陈金涛/路佳雨","练林明","REVIEWED","2025-08-30T13:05:48Z"
"1961759989507428352","西西弗斯","Sisyphus","东南大学","Southeast University, China","江苏省","南京","刘一鸣","刘一鸣/何辰玮/王俊迪","倪庆剑","REVIEWED","2025-08-30T11:56:43Z"
"1961759912319651840","DNA计算","DNA Computing","东南大学","Southeast University, China","江苏省","南京","潘亦新","潘亦新","倪庆剑","REVIEWED","2025-08-30T11:56:25Z"
"1961759811698298880","叶天舟","YTZ","东南大学","Southeast University, China","江苏省","南京","叶家顺","周怡舟/叶家顺/谢天宇","倪庆剑","REVIEWED","2025-08-30T11:56:01Z"
"1961759223375859712","新建文件夹","Neo","东南大学","Southeast University, China","江苏省","南京","徐裕程","徐裕程/张益来/洪荣誉","倪庆剑","REVIEWED","2025-08-30T11:53:41Z"
"1961758932651872256","悄然谜响","Silent Echo of the Unknown","东南大学","Southeast University, China","江苏省","南京","陈琳昊","陈琳昊/黄煜杰/周子航","倪庆剑","REVIEWED","2025-08-30T11:52:31Z"
"1961758777038999552","三个入机","three rubots","东南大学","Southeast University, China","江苏省","南京","袁铭泽","吴泽宇/袁铭泽/孔维霄","倪庆剑","REVIEWED","2025-08-30T11:51:54Z"
"1961758514026778624","捉鬼小队","Ghostbusters","东南大学","Southeast University, China","江苏省","南京","林祥威","严静萱/纪卓然/林祥威","倪庆剑","REVIEWED","2025-08-30T11:50:52Z"
"1961758416257552384","汪汪队","Doge","东南大学","Southeast University, China","江苏省","南京","吴思源","吴思源/崔家骏/何航宇","倪庆剑","REVIEWED","2025-08-30T11:50:28Z"
"1961758342228086784","听说只要会二分就来了","binary search is so hard","东南大学","Southeast University, China","江苏省","南京","高雨轩","郑皓文/许晋铜/高雨轩","倪庆剑","REVIEWED","2025-08-30T11:50:11Z"
"1961758256332935168","骆驼骆驼飞走了","camel camel flies away","东南大学","Southeast University, China","江苏省","南京","周启凡","顾凌晗/魏子何/周启凡","倪庆剑","REVIEWED","2025-08-30T11:49:50Z"
"1961758183830196224","秉烛问山","Ask The Peak","东南大学","Southeast University, China","江苏省","南京","潘俊弛","潘俊弛/巩皓锴/赵术让","倪庆剑","REVIEWED","2025-08-30T11:49:33Z"
"1961758082550337536","最不会取名","DontKnowName","东南大学","Southeast University, China","江苏省","南京","赵夏巍","赵夏巍/章博涵/王瀚优","倪庆剑","REVIEWED","2025-08-30T11:49:09Z"
"1961757987247362048","打CPC打的↑↓","shitmaker","东南大学","Southeast University, China","江苏省","南京","汪骏宇","张一林/汪骏宇/陈乐扬","倪庆剑","REVIEWED","2025-08-30T11:48:46Z"
"1961757900727259136","薄暮冥冥","Twilight","东南大学","Southeast University, China","江苏省","南京","杜岩旭","周天一/颜熙/杜岩旭","倪庆剑","REVIEWED","2025-08-30T11:48:25Z"
"1961757797257973760","我最不会起名了","Please enter text","东南大学","Southeast University, China","江苏省","南京","李睿佳","魏思远/李睿佳/覃业明","倪庆剑","REVIEWED","2025-08-30T11:48:01Z"
"1961757732082683904","梦想成为算法少女","dreaming of becoming algorithm girls","东南大学","Southeast University, China","江苏省","南京","秦绍康","霍光哲/秦绍康/张闰祺","倪庆剑","REVIEWED","2025-08-30T11:47:45Z"
"1961757631494885376","三英荟寝室","The Three Elites","东南大学","Southeast University, China","江苏省","南京","靳赫涛","毛周祥/靳赫涛/杜鑫研","倪庆剑","REVIEWED","2025-08-30T11:47:21Z"
"1961754384575107072","不知道叫什么反正都队","I don't know what it's called","安阳师范学院","Anyang Normal University","河南省","安阳","翟子钦","翟子钦/张熙婷/朱澄宇","王博","REVIEWED","2025-08-30T11:34:27Z"
"1961753660768260096","我们仨","The Three of us","安阳师范学院","Anyang Normal University","河南省","安阳","申艳玲","申艳玲/杨丽君/庞雅丹","王博","REVIEWED","2025-08-30T11:31:35Z"
"1961753057430212608","无能的丈夫ovo","Incompetent husband ovo","安阳师范学院","Anyang Normal University","河南省","安阳","杨世豪","杨世豪/史金旭/王孟威","王博","REVIEWED","2025-08-30T11:29:11Z"
"1961752415768809472","Ctrl+Z","Ctrl+Z","安阳师范学院","Anyang Normal University","河南省","安阳","冯飞扬","冯飞扬/郭平蒲/毋若林","王博","REVIEWED","2025-08-30T11:26:38Z"
"1961751580485750784","放学后Algorithm time","After School Algorithm time","上海海事大学","Shanghai Maritime University","上海市","上海","郑天罡","郑天罡/常缪洋/陈立元","周卫祥","REVIEWED","2025-08-30T11:23:19Z"
"1961745746456350720","凌波门栈溢出","The Lingbo Overflow","武汉大学","Wuhan University","湖北省","武汉","陆麟瑞","陆麟瑞","董文永","REVIEWED","2025-08-30T11:00:08Z"
"1961745638050369536","秘封俱乐部","Secret Sealing club","武汉大学","Wuhan University","湖北省","武汉","李佳隆","李佳隆/熊师飏/潘非","董文永","REVIEWED","2025-08-30T10:59:42Z"
"1961745495293038592","西柚柠檬气泡水","Grapefruit Lemon Sparkling Water","武汉大学","Wuhan University","湖北省","武汉","陶赞宇","徐嘉浩/金润禾/陶赞宇","董文永","REVIEWED","2025-08-30T10:59:08Z"
"1961745350950260736","管你对不队","Correctever","武汉大学","Wuhan University","湖北省","武汉","高子程","高子程/谭博友/曾楚豪","董文永","REVIEWED","2025-08-30T10:58:33Z"
"1961745212877967360","核心算法","Core Algorithm","武汉大学","Wuhan University","湖北省","武汉","戴天奕","魏俊涛/杨锦熙/戴天奕","董文永","REVIEWED","2025-08-30T10:58:00Z"
"1961745055256023040","谢谢张兵","Thank you Bing Zhang","武汉大学","Wuhan University","湖北省","武汉","刘尚源","袁振宇/洪阳/刘尚源","董文永","REVIEWED","2025-08-30T10:57:23Z"
"1961744871256100864","队名长度小于0","‮","武汉大学","Wuhan University","湖北省","武汉","胡文锦","李王城/胡文锦/苏泓宇","董文永","REVIEWED","2025-08-30T10:56:39Z"
"1961744432217329664","TripleCore","TripleCore","武汉大学","Wuhan University","湖北省","武汉","陈伟康","姜宇鹏/陈俊铭/陈伟康","董文永","REVIEWED","2025-08-30T10:54:54Z"
"1961721838239879168","f609","f609","湖南工程学院","Hunan Institute of Engineering","湖南省","湘潭","唐依帆","张勇/唐依帆/黎翔","曹桂红","REVIEWED","2025-08-30T09:25:07Z"
"1961692107217965056","hnie04","hnie04","湖南工程学院","Hunan Institute of Engineering","湖南省","湘潭","熊斌","熊斌/胡涛/温子轩","王宁","REVIEWED","2025-08-30T07:26:59Z"
"1961692046648020992","hnie03","hnie03","湖南工程学院","Hunan Institute of Engineering","湖南省","湘潭","许韦韬","许韦韬/李朝建/戴海润","王宁","REVIEWED","2025-08-30T07:26:45Z"
"1961691983548911616","hnie02","hnie02","湖南工程学院","Hunan Institute of Engineering","湖南省","湘潭","谢贤","谢贤/欧阳英才/曹德荣","彭芙蓉","REVIEWED","2025-08-30T07:26:30Z"
"1961691865781243904","hnie01","hnie01","湖南工程学院","Hunan Institute of Engineering","湖南省","湘潭","李宇涛","李宇涛/熊定豪/孙刚","彭芙蓉","REVIEWED","2025-08-30T07:26:01Z"
"1961672521131102208","郑大队伍6","ZZUteam6","郑州大学","Zhengzhou University","河南省","郑州","姬冠成","毛睿/姬冠成/陈年澎","吴云鹏","REVIEWED","2025-08-30T06:09:09Z"
"1961672337177317376","郑大队伍5","ZZUteam5","郑州大学","Zhengzhou University","河南省","郑州","赵圣元","赵圣元/吕翊加/孙昱涵","吴云鹏","REVIEWED","2025-08-30T06:08:25Z"
"1961672171582001152","郑大队伍4","ZZUteam4","郑州大学","Zhengzhou University","河南省","郑州","王朔淇","王朔淇/唐博/胡宏波","吴云鹏","REVIEWED","2025-08-30T06:07:46Z"
"1961672035934015488","郑大队伍3","ZZUteam3","郑州大学","Zhengzhou University","河南省","郑州","杨光","杨光/朱锦昊/徐钧杰","吴云鹏","REVIEWED","2025-08-30T06:07:14Z"
"1961671670593359872","郑大队伍2","ZZUteam2","郑州大学","Zhengzhou University","河南省","郑州","刘开阳","刘开阳/孔雷博/程申夫","吴云鹏","REVIEWED","2025-08-30T06:05:47Z"
"1961671378745298944","郑大队伍1","ZZUteam1","郑州大学","Zhengzhou University","河南省","郑州","吴鑫","吴鑫/薛天齐/周政","吴云鹏","REVIEWED","2025-08-30T06:04:37Z"
"1961668756411912192","别炸我青铜","what_can_i_ac","台州学院","Taizhou University (Zhejiang)","浙江省","台州","惠紫盈","惠紫盈/陈可辛/余奕谚","陈荣钦","REVIEWED","2025-08-30T05:54:12Z"
"1961668047675199488","声声man","see you again","台州学院","Taizhou University (Zhejiang)","浙江省","台州","邵嘉丰","邵嘉丰/胡华义/张越铭","陈荣钦","REVIEWED","2025-08-30T05:51:23Z"
"1961667421088124928","胡桃率先出击","Hu Tao lead the charge","台州学院","Taizhou University (Zhejiang)","浙江省","台州","陈燚","陈燚/陈嘉豪/王梓汇","陈荣钦","REVIEWED","2025-08-30T05:48:53Z"
"1961666962722000896","让我们ac吧，我们什么都会做的","myac","台州学院","Taizhou University (Zhejiang)","浙江省","台州","吴文龙","吴文龙/高汪杨/蔡涵彬","陈荣钦","REVIEWED","2025-08-30T05:47:04Z"
"1961666624682070016","看完这道题我决定启动源石计划","plan.push_back(Originiums)","台州学院","Taizhou University (Zhejiang)","浙江省","台州","童威凯","童威凯/斯乐轩/阳林君","陈荣钦","REVIEWED","2025-08-30T05:45:43Z"
"1961666080152358912","超时空救援","beyond_time&space","台州学院","Taizhou University (Zhejiang)","浙江省","台州","张存键","张存键/林文涛/朱深敏","陈荣钦","REVIEWED","2025-08-30T05:43:34Z"
"1961665678254149632","三乌鲁鲁赌铜牌","Three Wululu Block the copper medal","台州学院","Taizhou University (Zhejiang)","浙江省","台州","韩松霖","韩松霖/陈逸轩/戴于皓","陈荣钦","REVIEWED","2025-08-30T05:41:58Z"
"1961665174518239232","我不吃AC","I don't eat AC","台州学院","Taizhou University (Zhejiang)","浙江省","台州","严忠楠","严忠楠/何俊豪/曹景程","陈荣钦","REVIEWED","2025-08-30T05:39:58Z"
"1961664472358195200","学了等于没学","Learn = !Learn","台州学院","Taizhou University (Zhejiang)","浙江省","台州","曾阳","曾阳/陈奕阳/鲍威龙","陈荣钦","REVIEWED","2025-08-30T05:37:10Z"
"1961659595695460352","全队","yes","湖南工学院","Hunan Institute of Technology","湖南省","衡阳","周达智","周达智/何子华/张涛","曹水莲","REVIEWED","2025-08-30T05:17:48Z"
"1961659261744975872","我们必须想象打铁是幸福的","the best nlogn","湖南工学院","Hunan Institute of Technology","湖南省","衡阳","吴函","吴函/刘志毫/罗阳艳","曹水莲","REVIEWED","2025-08-30T05:16:28Z"
"1961659044723298304","狙击王","jijiwang","湖南工学院","Hunan Institute of Technology","湖南省","衡阳","李东","李东/袁航/刘博瑞","曹水莲","REVIEWED","2025-08-30T05:15:36Z"
"1961656949345488896","与太阳同在","Long may the sun shine","台州学院","Taizhou University (Zhejiang)","浙江省","台州","王若琰","王若琰/章智超/俞熠聪","陈荣钦","REVIEWED","2025-08-30T05:07:17Z"
"1961635038452387840","江江无路可退","JJ_wlkt","青岛大学","Qingdao University","山东省","青岛","孟祥董","孟祥董/王隆江/杨景成","张志梅","REVIEWED","2025-08-30T03:40:13Z"
"1961634679025700864","水天一色","Azure Merge","青岛大学","Qingdao University","山东省","青岛","杜桂涛","杨子航/杜桂涛/尹量","张志梅","REVIEWED","2025-08-30T03:38:47Z"
"1961634277341401088","烨晨长安","oneshot","青岛大学","Qingdao University","山东省","青岛","王烨","方长安/贾初晨/王烨","张志梅","REVIEWED","2025-08-30T03:37:11Z"
"1961633849807605760","接下来我将提交一发并AC","nextshot is ac","青岛大学","Qingdao University","山东省","青岛","朱佺晟","朱佺晟/陈政铭/曲培瑶","张志梅","REVIEWED","2025-08-30T03:35:29Z"
"1961633481786789888","起什么名字不如AC","Nothing is better than AC","青岛大学","Qingdao University","山东省","青岛","王禹杰","王梓涵/霍宪伟/王禹杰","杜祥军","REVIEWED","2025-08-30T03:34:02Z"
"1961633146758369280","月色回音","Moonlight Echoes","青岛大学","Qingdao University","山东省","青岛","曾学钦","曾学钦/代自超/李子涵","张志梅","REVIEWED","2025-08-30T03:32:42Z"
"1961623372763369472","dlut09","dlut09","大连理工大学","Dalian University of Technology","辽宁省","大连","任家暄","任家暄/王越/丁励治","陆坤","REVIEWED","2025-08-30T02:53:51Z"
"1961622989861163008","dlut08","dlut08","大连理工大学","Dalian University of Technology","辽宁省","大连","吴习哲","吴习哲/刘晨旭/安逸","陆坤","REVIEWED","2025-08-30T02:52:20Z"
"1961622158294257664","dlut07","dlut07","大连理工大学","Dalian University of Technology","辽宁省","大连","杨君泓","杨君泓/刘洛松/曾豪","陆坤","REVIEWED","2025-08-30T02:49:02Z"
"1961621965339496448","dlut06","dlut06","大连理工大学","Dalian University of Technology","辽宁省","大连","向阳","向阳/刘毅/陈勇","陆坤","REVIEWED","2025-08-30T02:48:16Z"
"1961621351373082624","dlut05","dlut05","大连理工大学","Dalian University of Technology","辽宁省","大连","戴宁凯","戴宁凯/史家辉/姜博雯","陆坤","REVIEWED","2025-08-30T02:45:49Z"
"1961621142429634560","dlut04","dlut04","大连理工大学","Dalian University of Technology","辽宁省","大连","汪瀚声","汪瀚声/吴胤祺/孟家祺","陆坤","REVIEWED","2025-08-30T02:45:00Z"
"1961620923302416384","dlut03","dlut03","大连理工大学","Dalian University of Technology","辽宁省","大连","蓝海洋","蓝海洋/吴锡奎/陈德威","陆坤","REVIEWED","2025-08-30T02:44:07Z"
"1961620680905199616","dlut02","dlut02","大连理工大学","Dalian University of Technology","辽宁省","大连","蒋承峻","蒋承峻/蔡卓轩/潘逸涵","陆坤","REVIEWED","2025-08-30T02:43:10Z"
"1961620499317002240","dlut01","dlut01","大连理工大学","Dalian University of Technology","辽宁省","大连","徐昊天","徐昊天/毛谦韵/李泽与","陆坤","REVIEWED","2025-08-30T02:42:26Z"
"1961618624102404096","判题姬再爱我一次","ng10086","宁波工程学院","Ningbo University of Technology","浙江省","宁波","张杨晨昱","张杨晨昱","宣江华","REVIEWED","2025-08-30T02:34:59Z"
"1961617798206197760","知行合一","Unity of Knowledge and Action","齐鲁工业大学（山东省科学院）","Qilu University of Technology","山东省","济南","刘龙灿","刘龙灿/祝传桐/李昱廷","鹿文鹏","REVIEWED","2025-08-30T02:31:42Z"
"1961617347947663360","破晓之光","Light of Dawn","齐鲁工业大学（山东省科学院）","Qilu University of Technology","山东省","济南","周金林","周金林/王鹏宇/王海科","鹿文鹏","REVIEWED","2025-08-30T02:29:55Z"
"1961617230976913408","坐看云起时","Bide The Surge","齐鲁工业大学（山东省科学院）","Qilu University of Technology","山东省","济南","高梓源","高梓源/郑天烁/卢尊宝","鹿文鹏","REVIEWED","2025-08-30T02:29:27Z"
"1961596073531805696","三发罚时罚散兄弟情","YZNU","长江师范学院","Yangtze Normal University","重庆市","重庆","杨思权","杨思权/刘思宇/汪晨阳","陈业纲","REVIEWED","2025-08-30T01:05:23Z"
"1961592746735702016","冯罗康陆","Fly a Lonely Kite of Legend","北京师范大学珠海校区","Beijing Normal University at Zhuhai","广东省","珠海","陆一敏","陆一敏/康德众/冯恩桐","叶梦杰","REVIEWED","2025-08-30T00:52:10Z"
"1961466154675998720","闪光春日影","Sparking Spring Sunlight","厦门大学","Xiamen University","福建省","厦门","邹品聪","栾英石/李林泽/邹品聪","戴平阳","REVIEWED","2025-08-29T16:29:08Z"
"1961466074233442304","打铁还需自身硬","No-Medal-Men","厦门大学","Xiamen University","福建省","厦门","彭泽喜","彭泽喜/吴俊豪/王业盛","戴平阳","REVIEWED","2025-08-29T16:28:49Z"
"1961465865361297408","顶级理解","Top-Tier Insights","厦门大学","Xiamen University","福建省","厦门","陈宣羽","陈宣羽/李海滨/张宏民","戴平阳","REVIEWED","2025-08-29T16:27:59Z"
"1961465779516477440","AAA牌子批发","AAAmedals wholesale","厦门大学","Xiamen University","福建省","厦门","朱明楠","赵姜旭/朱明楠/周泰儒","戴平阳","REVIEWED","2025-08-29T16:27:38Z"
"1961465681160048640","搏至无憾","No fight,No gain","厦门大学","Xiamen University","福建省","厦门","张楠煌","胡瀚文/陈健宇/张楠煌","戴平阳","REVIEWED","2025-08-29T16:27:15Z"
"1961465569289572352","三占从二","Trio of Triumph","厦门大学","Xiamen University","福建省","厦门","宋浩元","宋浩元/江彦韬/陈嘉硕","戴平阳","REVIEWED","2025-08-29T16:26:48Z"
"1961465472971575296","请输入文本","please enter text","厦门大学","Xiamen University","福建省","厦门","陈浩泽","郑榜韬/谢舜天/陈浩泽","戴平阳","REVIEWED","2025-08-29T16:26:25Z"
"1961465302150156288","随机增量","random increment","厦门大学","Xiamen University","福建省","厦门","杨晟明","季裕杰/戴思杰/杨晟明","戴平阳","REVIEWED","2025-08-29T16:25:44Z"
"1961465147581665280","我也想跟你们一样厉害","to Be as Good as You","厦门大学","Xiamen University","福建省","厦门","蔡欣琪","张锦雯/蔡欣琪","戴平阳","REVIEWED","2025-08-29T16:25:08Z"
"1961465055629938688","马拉车拉马","manacherehcanam","厦门大学","Xiamen University","福建省","厦门","李纪原","庄嘉豪/李纪原","戴平阳","REVIEWED","2025-08-29T16:24:46Z"
"1961464905490632704","后缀自动机","sam","厦门大学","Xiamen University","福建省","厦门","庄昀","林俊豪/庄昀","戴平阳","REVIEWED","2025-08-29T16:24:10Z"
"1961437865672577024","流萤","Firefly","长沙理工大学","Changsha University of Science and Technology","湖南省","长沙","陈师贤","陈师贤/赵翰熙/沈彬宇","邓泽林","REVIEWED","2025-08-29T14:36:43Z"
"1961437814917304320","重生之我在长理打A","AC Afterlife: Revenge of WA","长沙理工大学","Changsha University of Science and Technology","湖南省","长沙","杨凯明","杨凯明/钱昱丞/黄磊","邓广慧","REVIEWED","2025-08-29T14:36:31Z"
"1961437786177933312","长理不包吃住","wanderlust","长沙理工大学","Changsha University of Science and Technology","湖南省","长沙","刘毅","刘毅/林星宇/梁爽","邓广慧","REVIEWED","2025-08-29T14:36:24Z"
"1961437619756339200","厂里真练技术","Factory Pattern Accepted","长沙理工大学","Changsha University of Science and Technology","湖南省","长沙","曹永强","曹永强/周宇/刘鑫","邓广慧","REVIEWED","2025-08-29T14:35:44Z"
"1961437594036867072","美好的事可不可以发生在我身上","Can Good Things Happen to Me","长沙理工大学","Changsha University of Science and Technology","湖南省","长沙","葛邵云","葛邵云/向超/刘培","邓泽林","REVIEWED","2025-08-29T14:35:38Z"
"1961437565058420736","大白鹅","Khaslana‌","长沙理工大学","Changsha University of Science and Technology","湖南省","长沙","成捷","成捷/夏昱/曾培翔","邓泽林","REVIEWED","2025-08-29T14:35:31Z"
"1961437527108358144","神马都是浮云","NullPointerException","长沙理工大学","Changsha University of Science and Technology","湖南省","长沙","王凯旋","王凯旋/易子寒/李欢麒","邓泽林","REVIEWED","2025-08-29T14:35:22Z"
"1961431457170329600","天霸动霸Tuan","English Tuan","长春电子科技学院","Changchun College of Electronic Technology","吉林省","长春","刘智豪","刘智豪/刘冠宏/郝焱","孙海峰","REVIEWED","2025-08-29T14:11:15Z"
"1961414808207757312","人大零队","ruc00","中国人民大学","Renmin University of China","北京市","北京","颜黎","颜黎/孙奕豪/吴致楷","汪云海","REVIEWED","2025-08-29T13:05:06Z"
"1961414297366695936","字节无虞","ByteByeBugs","中国人民大学","Renmin University of China","北京市","北京","刘嘉俊","刘嘉俊/钱泽瑄/陈礼邦","汪云海","REVIEWED","2025-08-29T13:03:04Z"
"1961414032374763520","人咪小学","renmi","中国人民大学","Renmin University of China","北京市","北京","李昊森","李昊森/熊洋铭/朱家琛","汪云海","REVIEWED","2025-08-29T13:02:01Z"
"1961413700718563328","三人行","triple gold","中国人民大学","Renmin University of China","北京市","北京","孙安江","孙安江/童奕涵/蔡松洋","汪云海","REVIEWED","2025-08-29T13:00:42Z"
"1961413387697655808","异步并行队","Asynchronous parallel team","中国人民大学","Renmin University of China","北京市","北京","曾翎一","曾翎一/胡博玮/夏维汉","汪云海","REVIEWED","2025-08-29T12:59:27Z"
"1961413078694891520","深睡眠","deepsleep","中国人民大学","Renmin University of China","北京市","北京","施涵森","施涵森/段宇哲/张梓桐","汪云海","REVIEWED","2025-08-29T12:58:13Z"
"1961412822452277248","河边喝水的三只猫","Three cats drinking water by the river","中国人民大学","Renmin University of China","北京市","北京","穆思成","穆思成/周孟潇/马咏翔","汪云海","REVIEWED","2025-08-29T12:57:12Z"
"1961412454460821504","1+1","1+1","中国人民大学","Renmin University of China","北京市","北京","江易洋","江易洋/晏艺桓/房子珈","汪云海","REVIEWED","2025-08-29T12:55:45Z"
"1961410433422856192","GZNU-3队","GZNU-3","贵州师范大学","Guizhou Normal University","贵州省","贵阳","张博宇","张博宇/彭治越/柴英杰","熊祥光","REVIEWED","2025-08-29T12:47:43Z"
"1961392232425197568","世界遗忘我","The world forgets me","赣东学院","Gandong University","江西省","抚州","李垚隆","李垚隆","王芳","REVIEWED","2025-08-29T11:35:23Z"
"1961363598515769344","有请下一队","Next team please","华北科技学院（已更名为应急管理大学）","North China Institute of Science and Technology","河北省","廊坊","王知言","李则豪/王知言/林奕","夏庆新","REVIEWED","2025-08-29T09:41:36Z"
"1961360823522299904","GZNU-2队","GZNU-2","贵州师范大学","Guizhou Normal University","贵州省","贵阳","康天博","康天博/王赛/沈俊哲","熊祥光","REVIEWED","2025-08-29T09:30:35Z"
"1961356675728936960","25时，Nightcode见","Nightcode at 25:00","北京化工大学","Beijing University of Chemical Technology","北京市","北京","严雨涵","严雨涵/王睿邦/褚奕林","周晓琳","REVIEWED","2025-08-29T09:14:06Z"
"1961356614517264384","听取WA声一片","A Symphony of WA","宁波诺丁汉大学","University of Nottingham Ningbo China","浙江省","宁波","张艺铭","张艺铭/蔡芷睿/孙育博","杨笑迎","REVIEWED","2025-08-29T09:13:51Z"
"1961356517884694528","只要爆搜就能队","OwO","北京化工大学","Beijing University of Chemical Technology","北京市","北京","曾福根","曾福根/鲍涵/孙佳斌","周晓琳","REVIEWED","2025-08-29T09:13:28Z"
"1961356388637216768","拔雪寻春","Last Snow","北京化工大学","Beijing University of Chemical Technology","北京市","北京","刘卓凡","刘卓凡/叶鼎豪/张弘弛","周晓琳","REVIEWED","2025-08-29T09:12:57Z"
"1961356232059654144","大概是鼠鼠队","Just keep alive","北京化工大学","Beijing University of Chemical Technology","北京市","北京","孙博文","孙博文/陈翔钰/袁铭","周晓琳","REVIEWED","2025-08-29T09:12:20Z"
"1961355712947425280","牢码队","laoma","北京化工大学","Beijing University of Chemical Technology","北京市","北京","伍宸","伍宸/王松浩/程泽华","周晓琳","REVIEWED","2025-08-29T09:10:16Z"
"1961355650221608960","WA时在做什么","What are you doing when WA","北京化工大学","Beijing University of Chemical Technology","北京市","北京","倪亚伦","倪亚伦/常钦保/林梓沛","周晓琳","REVIEWED","2025-08-29T09:10:01Z"
"1961355581246279680","再临","Zailin","北京化工大学","Beijing University of Chemical Technology","北京市","北京","范力烨","范力烨/江浩/周好","周晓琳","REVIEWED","2025-08-29T09:09:45Z"
"1961355509423017984","北极熊","Polar bear","北京化工大学","Beijing University of Chemical Technology","北京市","北京","彭天祺","彭天祺/陈昊然/熊家怡","周晓琳","REVIEWED","2025-08-29T09:09:28Z"
"1961335626610118656","人机","humachine","北京工业大学","Beijing University of Technology","北京市","北京","李灏冬","李灏冬/蒋含瑞/宋晨曦","高红雨","REVIEWED","2025-08-29T07:50:27Z"
"1961335240352468992","相信奇迹","Believers","北京工业大学","Beijing University of Technology","北京市","北京","李济帆","李济帆/王辉/曲晟","高红雨","REVIEWED","2025-08-29T07:48:55Z"
"1961334962790207488","随机数猜答案","Random AC","北京工业大学","Beijing University of Technology","北京市","北京","段晰迈","高子涵/段晰迈/倪彦昭","高红雨","REVIEWED","2025-08-29T07:47:49Z"
"1961334653326069760","计算科学也是计科","cs = cs","北京工业大学","Beijing University of Technology","北京市","北京","房左青","张亦弛/房左青","高红雨","REVIEWED","2025-08-29T07:46:35Z"
"1961334325276971008","得胜已是定局","win win","北京工业大学","Beijing University of Technology","北京市","北京","王伟豪","王伟豪/刘耀阳/金振宇","高红雨","REVIEWED","2025-08-29T07:45:17Z"
"1961333971671977984","苦来惜苦","Crychic","北京工业大学","Beijing University of Technology","北京市","北京","刘铭洋","永星鹏/刘铭洋/黄佳琪","高红雨","REVIEWED","2025-08-29T07:43:53Z"
"1961333644835033088","鲁棒司机","robust driver","北京工业大学","Beijing University of Technology","北京市","北京","陈镇岳","齐相龙/张晋赫/陈镇岳","高红雨","REVIEWED","2025-08-29T07:42:35Z"
"1961333369034379264","铁牌也是牌","iron plz","北京工业大学","Beijing University of Technology","北京市","北京","李俊良","冯际鸣/李俊良/孔翔宇","高红雨","REVIEWED","2025-08-29T07:41:29Z"
"1961333084031422464","队名","Team Name","北京工业大学","Beijing University of Technology","北京市","北京","周若辰","黄励文/周若辰/王玺荣","高红雨","REVIEWED","2025-08-29T07:40:21Z"
"1961332832348016640","啊对对对","AD3","北京工业大学","Beijing University of Technology","北京市","北京","张乐天","张乐天/贾熠/范韶博","高红雨","REVIEWED","2025-08-29T07:39:21Z"
"1961332464369143808","双翼翱翔","biwing","北京工业大学","Beijing University of Technology","北京市","北京","江云天","刘航奇/王赫/江云天","高红雨","REVIEWED","2025-08-29T07:37:53Z"
"1961316307830444032","信科奥力给","Fighting","甘肃农业大学","Gansu Agricultural University","甘肃省","兰州","周小超","周小超/崔承禹/张瑞坤","吴丽丽","REVIEWED","2025-08-29T06:33:41Z"
"1961307019913334784","尼特拉布","Netlab","首都师范大学","Capital Normal University","北京市","北京","汤皓清","汤皓清/潘向杰/刘尊博","刘羽","REVIEWED","2025-08-29T05:56:47Z"
"1961304863416127488","poly狗","polygon","北京师范大学","Beijing Normal University","北京市","北京","王思潮","姚述军/王思潮/丁余健","徐鹏飞","REVIEWED","2025-08-29T05:48:13Z"
"1961304723821301760","高坂丽奈还没投票","Kousaka Rina Pending Vote","北京师范大学","Beijing Normal University","北京市","北京","张明杨","张明杨/徐雁洲/陈博","徐鹏飞","REVIEWED","2025-08-29T05:47:40Z"
"1961304560948088832","何以AC","How Can We AC","北京师范大学","Beijing Normal University","北京市","北京","黄梓杰","黄梓杰/王嘉炜/陈尧森","徐鹏飞","REVIEWED","2025-08-29T05:47:01Z"
"1961304404798345216","火龙狗","FireDragonDog","北京师范大学","Beijing Normal University","北京市","北京","谢秋凡","王宇畅/谢秋凡/肖梓尧","徐鹏飞","REVIEWED","2025-08-29T05:46:24Z"
"1961304141681266688","深藏blue","ShenCang Blue","北京师范大学","Beijing Normal University","北京市","北京","李赫祥","李赫祥/张书林/安奕达","徐鹏飞","REVIEWED","2025-08-29T05:45:21Z"
"1961303947484991488","数数又学学","math & math & math","北京师范大学","Beijing Normal University","北京市","北京","罗一粟","罗一粟/王儒斌/季涛","徐鹏飞","REVIEWED","2025-08-29T05:44:35Z"
"1961303775002628096","许愿出金不歪","wish_no_deviation","北京师范大学","Beijing Normal University","北京市","北京","王旭","王旭/应志浩/卢红淇","徐鹏飞","REVIEWED","2025-08-29T05:43:53Z"
"1961299250984390656","IKUN王杰","IKUN","沈阳化工大学","Shenyang University of Chemical Technology","辽宁省","沈阳","陈宇彤","陈宇彤/王杰/施放","王雅娜","REVIEWED","2025-08-29T05:25:55Z"
"1961285408996855808","go学长在ICPC拿AK","Brother Go got an AK in ICPC.","湖南文理学院","Hunan University of Arts and Science","湖南省","常德","梁楚榆","梁楚榆/陈思宇/赵宸杰","屠添翼","REVIEWED","2025-08-29T04:30:55Z"
"1961270400896339968","路边队","Roadside","华东政法大学","East China University of Political Science and Law","上海市","上海","刘珠礼","刘珠礼/王亦然/陈欣宇","刘洋","REVIEWED","2025-08-29T03:31:16Z"
"1961238755547942912","梦寻艾拉","Dream Seeking Ella","衢州职业技术学院","Quzhou College of Technology","浙江省","衢州","邹非凡","邹非凡","郑小青","REVIEWED","2025-08-29T01:25:32Z"
"1961085479015813120","忒修斯之船","Ship of Theseus","华北科技学院（已更名为应急管理大学）","North China Institute of Science and Technology","河北省","廊坊","蒋毅","蒋毅/袁晨陟/国家茁","夏庆新","REVIEWED","2025-08-28T15:16:28Z"
"1961074789932732416","被校名CuFe做局了","Manipulated by the abbreviation""CuFe""","中央财经大学","Central University of Finance and Economics","北京市","北京","李思桐","李思桐/徐守正/刘雨辰","王焱","REVIEWED","2025-08-28T14:33:59Z"
"1961068104790970368","超级薯条","Superchips","广西民族大学","Guangxi Minzu University","广西壮族自治区","南宁","程远松","程远松/黄砚咸/石景宝","李熹","REVIEWED","2025-08-28T14:07:25Z"
"1961065267562418176","闪击宿舍","Dorm blitz","陕西科技大学","Shaanxi University of Science and Technology","陕西省","西安","刘程宇","刘程宇/马琦杰/王天煜","吕舒","REVIEWED","2025-08-28T13:56:09Z"
"1961064690736566272","CSUFT4","CSUFT4","中南林业科技大学","Central South University of Forestry and Technology","湖南省","长沙","孙齐政","孙齐政/何文杰/陈伊杰","周慧斌","REVIEWED","2025-08-28T13:53:51Z"
"1961064661070254080","CSUFT3","CSUFT3","中南林业科技大学","Central South University of Forestry and Technology","湖南省","长沙","刘坤","刘坤/刘烨/邬志琳","杨帆","REVIEWED","2025-08-28T13:53:44Z"
"1961064596029181952","CSUFT2","CSUFT2","中南林业科技大学","Central South University of Forestry and Technology","湖南省","长沙","林中翔","林中翔/田越/王浩阳","邝祝芳","REVIEWED","2025-08-28T13:53:29Z"
"1961064563879841792","CSUFT1","CSUFT1","中南林业科技大学","Central South University of Forestry and Technology","湖南省","长沙","李逢浩","李逢浩/吴梦瑶/周子未","邝祝芳","REVIEWED","2025-08-28T13:53:21Z"
"1961063832019931136","帅比队长研究生单挑征婚QQ搜“莱芜贝克汉姆”","XYM finds girlfriends QID lwbeckham","香港中文大学（深圳）","The Chinese University of Hong Kong, Shenzhen","广东省","深圳","解裕懋","解裕懋","方一向","REVIEWED","2025-08-28T13:50:27Z"
"1961048562748493824","牛叉的队名","New Bee 's team","东北大学秦皇岛分校","Northeastern University at Qinhuangdao","河北省","秦皇岛","杨宇昊","郭泓邑/杨宇昊/安苏杭","王和兴","REVIEWED","2025-08-28T12:49:46Z"
"1961048444351680512","高钟覃","0x0D00ACCELERATED","东北大学秦皇岛分校","Northeastern University at Qinhuangdao","河北省","秦皇岛","钟竞航","覃子仪/钟竞航/高旭","王和兴","REVIEWED","2025-08-28T12:49:18Z"
"1961048403155226624","发际线保护协会","Hairline Protection Association","东北大学秦皇岛分校","Northeastern University at Qinhuangdao","河北省","秦皇岛","张炅臻","张炅臻/李艺美/潘靓","王和兴","REVIEWED","2025-08-28T12:49:08Z"
"1961048368682242048","洛森指针","Aqua-Arbor Pointer","东北大学秦皇岛分校","Northeastern University at Qinhuangdao","河北省","秦皇岛","曾凡一","聂恒/曾凡一/曹耀仁","王和兴","REVIEWED","2025-08-28T12:49:00Z"
"1961048325573185536","Fire Bird","Fire Bird","东北大学秦皇岛分校","Northeastern University at Qinhuangdao","河北省","秦皇岛","邓逸飞","尹瀚磊/段俊宏/邓逸飞","王和兴","REVIEWED","2025-08-28T12:48:49Z"
"1961048283428818944","三日凌空","soyorincry","东北大学秦皇岛分校","Northeastern University at Qinhuangdao","河北省","秦皇岛","肖轲闻","冯阳阳/肖轲闻/刘峻畅","王和兴","REVIEWED","2025-08-28T12:48:39Z"
"1961048239212466176","样例过了就是AC","Pretests Passed = AC","东北大学秦皇岛分校","Northeastern University at Qinhuangdao","河北省","秦皇岛","徐浚恒","郑明涛/张利锋/徐浚恒","王和兴","REVIEWED","2025-08-28T12:48:29Z"
"1961048200117358592","最澄澈的空与海","Retrospective(53*minute)","东北大学秦皇岛分校","Northeastern University at Qinhuangdao","河北省","秦皇岛","张昱东","张昱东/张裕博/王若翔","王和兴","REVIEWED","2025-08-28T12:48:20Z"
"1961048161894666240","二十四桥明月夜","Fly me to the moon","东北大学秦皇岛分校","Northeastern University at Qinhuangdao","河北省","秦皇岛","陈俊安","张默涵/吴政霖/陈俊安","王和兴","REVIEWED","2025-08-28T12:48:10Z"
"1961048126381494272","蓦然回首","Once upon a time","东北大学秦皇岛分校","Northeastern University at Qinhuangdao","河北省","秦皇岛","龚唯涵","龚唯涵/陈天文/尚昀飞","王和兴","REVIEWED","2025-08-28T12:48:02Z"
"1961048089555505152","你从来没觉得打算法竞赛快乐过","You've never found joy in acm","东北大学秦皇岛分校","Northeastern University at Qinhuangdao","河北省","秦皇岛","焦一晟","秦浩越/焦一晟/张景皓","王和兴","REVIEWED","2025-08-28T12:47:53Z"
"1961048053929086976","乱_fans","luan’s fans","重庆理工大学","Chongqing University of Technology","重庆市","重庆","王俊杰","王俊杰/雷涛","黄继平","REVIEWED","2025-08-28T12:47:45Z"
"1961048041090322432","傲娇白毛萝莉","Meow Lolita","东北大学秦皇岛分校","Northeastern University at Qinhuangdao","河北省","秦皇岛","胡淞玮","胡淞玮/林一昕/王敏军","王和兴","REVIEWED","2025-08-28T12:47:42Z"
"1961048004406939648","数据别和我们作队","Don't Hack Me","东北大学秦皇岛分校","Northeastern University at Qinhuangdao","河北省","秦皇岛","朱逸飞","赵星凯/陈小全/朱逸飞","王和兴","REVIEWED","2025-08-28T12:47:33Z"
"1961047965483798528","恋的零次方","LPowerZero","东北大学秦皇岛分校","Northeastern University at Qinhuangdao","河北省","秦皇岛","杨开元","李昌岳/陈奕晨/杨开元","王和兴","REVIEWED","2025-08-28T12:47:24Z"
"1961047962216435712","弈","yi","重庆理工大学","Chongqing University of Technology","重庆市","重庆","许润峰","许润峰/江帅霖","黄继平","REVIEWED","2025-08-28T12:47:23Z"
"1961047729222848512","代码斩杀使-芙莉莲","Frieren the Code Slayer","东北大学秦皇岛分校","Northeastern University at Qinhuangdao","河北省","秦皇岛","钱祺亮","刘浩然/钱祺亮/何宇","王和兴","REVIEWED","2025-08-28T12:46:27Z"
"1961041321362329600","天青色","SkyBlue","昆明理工大学","Kunming University of Science and Technology","云南省","昆明","姚舜禹","樊睿/程继飏/姚舜禹","周林翰","REVIEWED","2025-08-28T12:21:00Z"
"1961038575447969792","秘封俱乐部","Hiffu Club","昆明理工大学","Kunming University of Science and Technology","云南省","昆明","吕森","张展飞/吕森","谢宁","REVIEWED","2025-08-28T12:10:05Z"
"1961030082552795136","AC自动机","AC_automaton","华南理工大学","South China University of Technology","广东省","广州","王鸿瑞","孙亦可/王鸿瑞/杨睿轩","冼楚华","REVIEWED","2025-08-28T11:36:20Z"
"1961024677390979072","此夜灯火长明","Eternal lamps，endless night","西南石油大学","SouthWest Petroleum University","四川省","成都","韩镇宇","韩镇宇/范志宏/夏雨","杨梅","REVIEWED","2025-08-28T11:14:51Z"
"1961017050145624064","铸剑","Blademaker","清华大学","Tsinghua University","北京市","北京","张洋铭","姚竣涛/田铭展/张洋铭","邬晓钧","REVIEWED","2025-08-28T10:44:33Z"
"1961012239492845568","拓扑矩阵","topoMatrix","湖南文理学院","Hunan University of Arts and Science","湖南省","常德","杜仪","杜仪/杨凡/谭宇东","屠添翼","REVIEWED","2025-08-28T10:25:26Z"
"1961002783300259840","acmer去看蛤蟆先生","Counselling For acmer:Mr.Toads","中央民族大学","Minzu University of China","北京市","北京","郭镒闻","郭镒闻/屈岳强/陈柯文","孙娜","REVIEWED","2025-08-28T09:47:51Z"
"1960994456830873600","山大，我来啦!","sdu,I'm coming!","山东大学","Shandong University","山东省","济南","郝韵涵","郝韵涵","鹿旭东","REVIEWED","2025-08-28T09:14:46Z"
"1960994331844808704","人活着就是为了樱岛麻衣","you never walk alone","山东大学","Shandong University","山东省","济南","李贤君","熊智堃/王福成/李贤君","鹿旭东","REVIEWED","2025-08-28T09:14:16Z"
"1960994206347038720","我不曾忘记","I Can Never Forget","山东大学","Shandong University","山东省","济南","燕学烨","杨师玉/燕学烨/孙语聪","鹿旭东","REVIEWED","2025-08-28T09:13:46Z"
"1960994070275428352","一场伟大的魔术","SDU-LMT","山东大学","Shandong University","山东省","济南","刘殷帆","李正君/董华烁/刘殷帆","鹿旭东","REVIEWED","2025-08-28T09:13:14Z"
"1960993936674263040","wa自动机","wrong-answer automaton","山东大学","Shandong University","山东省","济南","吴思宁","宋佳奇/吴思宁/杨卓","鹿旭东","REVIEWED","2025-08-28T09:12:42Z"
"1960993827983069184","。。。","...","山东大学","Shandong University","山东省","济南","曾文俊","王若宇/孙涔朔/曾文俊","鹿旭东","REVIEWED","2025-08-28T09:12:16Z"
"1960993704620199936","想要成为人类","Want to Be a Human","山东大学","Shandong University","山东省","济南","孙崇越","王天烨/孙崇越/农烨明","鹿旭东","REVIEWED","2025-08-28T09:11:47Z"
"1960993575771181056","bug自动机","bug automaton","山东大学","Shandong University","山东省","济南","吴宇杰","赵博文/朱昱帆/吴宇杰","鹿旭东","REVIEWED","2025-08-28T09:11:16Z"
"1960993430899920896","零一之间","Between Zero and One","山东大学","Shandong University","山东省","济南","王家辉","王家辉/相政阳/杨佳明","鹿旭东","REVIEWED","2025-08-28T09:10:42Z"
"1960993270417461248","分形黄昏","Asymptotic Nightfall","山东大学","Shandong University","山东省","济南","卢俊宇","郑睿杰/卢俊宇/林星宇","鹿旭东","REVIEWED","2025-08-28T09:10:03Z"
"1960993100724310016","芝士队名","this is the team name","山东大学","Shandong University","山东省","济南","吴一豪","王政骁/吴一豪/王路阳","鹿旭东","REVIEWED","2025-08-28T09:09:23Z"
"1960992816077869056","达拉崩吧斑得贝迪卜多比鲁翁","hear me roar","山东大学","Shandong University","山东省","济南","梁焯宁","梁焯宁/胡恩丞/许明哲","郭河川","REVIEWED","2025-08-28T09:08:15Z"
"1960992706799472640","吴郭陈","wuguochen","山东大学","Shandong University","山东省","济南","郭雨欣","吴叶轩/陈海斌/郭雨欣","郭河川","REVIEWED","2025-08-28T09:07:49Z"
"1960992587257614336","从山大中来到大山中去","Come from SDU and go to the mountains.","山东大学","Shandong University","山东省","济南","左博文","张名宇/左博文/陈柯","郭河川","REVIEWED","2025-08-28T09:07:20Z"
"1960991704058826752","打铁的命，AC的心","A blacksmith's fate, an AC fan's heart","华北水利水电大学","North China University of Water Resources and Electric Power","河南省","郑州","王加燊","何嘉斌/张哲/王加燊","陈欢欢","REVIEWED","2025-08-28T09:03:50Z"
"1960991429646487552","海鸥灭火器","fire extinguisher","山东大学","Shandong University","山东省","济南","苏苏","王艺臻/刘子龙/苏苏","崔学峰","REVIEWED","2025-08-28T09:02:44Z"
"1960991320644915200","AC是检验真理的唯一标准","Talk is Cheap, Show Me the AC Code","山东大学","Shandong University","山东省","济南","林怡炜","林怡炜/罗浩铭/庞绍旗","崔学峰","REVIEWED","2025-08-28T09:02:18Z"
"1960991161320083456","幻术协奏","Magic Concerto","山东大学","Shandong University","山东省","济南","亓东赫","亓东赫/孙豪阳/彭铄淇","崔学峰","REVIEWED","2025-08-28T09:01:40Z"
"1960991053497110528","LAMBDA拉面大师","lambda master","山东大学","Shandong University","山东省","济南","张杰","罗永铨/彭靖轩/张杰","崔学峰","REVIEWED","2025-08-28T09:01:15Z"
"1960990939198132224","SDU-ENG","SDU-ENG","山东大学","Shandong University","山东省","济南","钟以楠","钟以楠/陈方航/刘智豪","崔学峰","REVIEWED","2025-08-28T09:00:48Z"
"1960990824190316544","应用随机过程","Applied Stochastic Processes","山东大学","Shandong University","山东省","济南","苏岳","李玉庭/王源鑫/苏岳","崔学峰","REVIEWED","2025-08-28T09:00:20Z"
"1960990704551989248","我推, 一分为二(","I push, split into two (","山东大学","Shandong University","山东省","济南","史博文","徐聚礼/史博文/王新宇","崔学峰","REVIEWED","2025-08-28T08:59:52Z"
"1960990570338455552","圆一定要是圆形的","A circle must be rounded.","山东大学","Shandong University","山东省","济南","孙更欣","高士轩/孙更欣/叶世昕","崔学峰","REVIEWED","2025-08-28T08:59:20Z"
"1960990415052738560","你，去比赛了吧...和我不认识的人一起","ababoilingwater","山东大学","Shandong University","山东省","济南","危弘毅","孙晨涵/缪若凡/危弘毅","崔学峰","REVIEWED","2025-08-28T08:58:43Z"
"1960990389081608192","GZNU-1队","GZNU-1","贵州师范大学","Guizhou Normal University","贵州省","贵阳","李林朔","李林朔/蒋雨航/黄紫东","熊祥光","REVIEWED","2025-08-28T08:58:36Z"
"1960990037183696896","赛博守夜人","Cyber Night Watchers","山东大学","Shandong University","山东省","济南","王润鲁","王润鲁/牛骏达/尹延铄","崔学峰","REVIEWED","2025-08-28T08:57:12Z"
"1960989942757330944","今晚来我chuang上用备用账号5242打icpc","Let's ICPC tonight","西北师范大学","Northwest Normal University","甘肃省","兰州","陈小庆","陈小庆/曾祥涛/孙承乾","魏伟一","REVIEWED","2025-08-28T08:56:50Z"
"1960989767758385152","山东大学的队伍","SDU's team","山东大学","Shandong University","山东省","济南","乐恩玮","郭荣祥/乐恩玮","崔学峰","REVIEWED","2025-08-28T08:56:08Z"
"1960989642059288576","1010011010演都不演了","1010011010","山东大学","Shandong University","山东省","济南","彭震楠","彭震楠/张美伦/王炳旭","崔学峰","REVIEWED","2025-08-28T08:55:38Z"
"1960989488434515968","不万元申万的","Not play genshin resulting","山东大学","Shandong University","山东省","济南","张讯","荆昱熹/彭麟翔/张讯","崔学峰","REVIEWED","2025-08-28T08:55:02Z"
"1960989341977808896","文盲","illiteracy","山东大学","Shandong University","山东省","济南","徐馨兰","邵雨凡/袁洪坤/徐馨兰","崔学峰","REVIEWED","2025-08-28T08:54:27Z"
"1960989200822702080","想吃冰工厂","Ice-cream!","山东大学","Shandong University","山东省","济南","毛洋洋","刘少卿/侯佳昊/毛洋洋","崔学峰","REVIEWED","2025-08-28T08:53:53Z"
"1960989004038541312","梦想家Sleeping Thinkers","Thinking Sleepers","山东大学","Shandong University","山东省","济南","黄志强","黄志强/刘慧剑/黄天泽","崔学峰","REVIEWED","2025-08-28T08:53:06Z"
"1960988865437765632","电话微波炉（暂定）","Steins;Gate","山东大学","Shandong University","山东省","济南","詹靖杰","宿子腾/董家豪/詹靖杰","崔学峰","REVIEWED","2025-08-28T08:52:33Z"
"1960987428154642432","tjrac网络赛队伍5","tjracteam5","天津仁爱学院","Tianjin Renai College","天津市","天津","李宇航","李宇航/高鹏展/熊雨荻","冉娟","REVIEWED","2025-08-28T08:46:50Z"
"1960987191520399360","tjrac网络赛队伍4","tjracteam4","天津仁爱学院","Tianjin Renai College","天津市","天津","虞映妃","虞映妃/张蓓/王志毅","冉娟","REVIEWED","2025-08-28T08:45:54Z"
"1960986913958137856","tjrac网络赛队伍3","tjracteam3","天津仁爱学院","Tianjin Renai College","天津市","天津","程文彬","程文彬/杨天琪/许玲芳","冉娟","REVIEWED","2025-08-28T08:44:48Z"
"1960986713696899072","tjrac网络赛队伍2","tjracteam2","天津仁爱学院","Tianjin Renai College","天津市","天津","司晨熙","司晨熙/赵嘉鑫/闫秋桐","冉娟","REVIEWED","2025-08-28T08:44:00Z"
"1960986193980690432","tjrac网络赛队伍1","tjracteam1","天津仁爱学院","Tianjin Renai College","天津市","天津","陈博","陈博/段立泰/廖志强","冉娟","REVIEWED","2025-08-28T08:41:56Z"
"1960984235270082560","不吃拼好饭","NoEatPHF","南华大学","University of South China","湖南省","衡阳","杨泽恩","杨泽恩/唐昊辰/潘彦宏","李晓昀","REVIEWED","2025-08-28T08:34:09Z"
"1960984078621216768","月夕花晨","MoonlitBlossoms","南华大学","University of South China","湖南省","衡阳","蔡真宇","蔡真宇/唐文婕/林颖","李晓昀","REVIEWED","2025-08-28T08:33:32Z"
"1960983865475076096","想不出队名","default","南华大学","University of South China","湖南省","衡阳","丁业","丁业/周焱/刘新宇","李晓昀","REVIEWED","2025-08-28T08:32:41Z"
"1960983777210142720","三叶算法树","Tri-Leaf Tree","长安大学","Chang'an University","陕西省","西安","乔奕萱","蔡昀青/乔奕萱/姜添添","荆树旭","REVIEWED","2025-08-28T08:32:20Z"
"1960982374295146496","柳暗花明","Turn for the Better","湖南文理学院","Hunan University of Arts and Science","湖南省","常德","柏长盛","刘梨非/柏长盛/王林武","屠添翼","REVIEWED","2025-08-28T08:26:45Z"
"1960976411303481344","湖南科大四队","HNUST 04","湖南科技大学","Hunan University of Science and Technology","湖南省","湘潭","江宇","江宇/马思忱/芦建辉","向德生","REVIEWED","2025-08-28T08:03:04Z"
"1960976167870271488","湖南科大三队","HNUST 03","湖南科技大学","Hunan University of Science and Technology","湖南省","湘潭","旷豪杰","旷豪杰/易刚/张帅","陈燕晖","REVIEWED","2025-08-28T08:02:06Z"
"1960975863854534656","湖南科大二队","HNUST 02","湖南科技大学","Hunan University of Science and Technology","湖南省","湘潭","黄家兴","黄家兴/梁涵/彭璟焱","向德生","REVIEWED","2025-08-28T08:00:53Z"
"1960975537315385344","湖南科大一队","HNUST 01","湖南科技大学","Hunan University of Science and Technology","湖南省","湘潭","胡博潇","胡博潇/毛祎昀/蒋心妍","陈燕晖","REVIEWED","2025-08-28T07:59:35Z"
"1960971790388432896","暴力都能队","BRUTE FORCE WIN","清华大学","Tsinghua University","北京市","北京","林声熙","李凌岳/邱名浩/林声熙","邬晓钧","REVIEWED","2025-08-28T07:44:42Z"
"1960966217127301120","广告位招租","Advertising space for rent","北师香港浸会大学","Beijing Normal-Hong Kong Baptist University","广东省","珠海","王郅嘉","汪卓晳/陈紫璇/王郅嘉","陈佳星","REVIEWED","2025-08-28T07:22:33Z"
"1960965905826058240","时常因为不够抽象而感到格格blue","Often feel out of sync because we are not abstract enough","北师香港浸会大学","Beijing Normal-Hong Kong Baptist University","广东省","珠海","吴思语","吴思语/徐欣彤/罗悠来","陈佳星","REVIEWED","2025-08-28T07:21:19Z"
"1960964595189944320","Westlake cufish","Westlake cufish","北师香港浸会大学","Beijing Normal-Hong Kong Baptist University","广东省","珠海","关越","关越/杨博涵/吕路遥","陈佳星","REVIEWED","2025-08-28T07:16:07Z"
"1960964493591318528","新世纪树猫上树","New Century Treecat Up the Tree","北师香港浸会大学","Beijing Normal-Hong Kong Baptist University","广东省","珠海","赵浩然","赵浩然/杨睿果/陈劭延","陈佳星","REVIEWED","2025-08-28T07:15:42Z"
"1960964374452113408","我已见过我的奶龙","I have seen my Milk Dragon","北师香港浸会大学","Beijing Normal-Hong Kong Baptist University","广东省","珠海","蔡德誉","蔡德誉/孙浩然/刘凯睿","陈佳星","REVIEWED","2025-08-28T07:15:14Z"
"1960964311214592000","收下吧，这是我最后的AC了","One Last Shot","北师香港浸会大学","Beijing Normal-Hong Kong Baptist University","广东省","珠海","计雨尘","计雨尘/宣易果/张志雄","陈佳星","REVIEWED","2025-08-28T07:14:59Z"
"1960964242180542464","翻斗花园第一码农牛爷爷","Tumbler Garden NO.1 coder Niu","北师香港浸会大学","Beijing Normal-Hong Kong Baptist University","广东省","珠海","胡冬智","胡冬智/刘扬/李翊昊","陈佳星","REVIEWED","2025-08-28T07:14:42Z"
"1960964172546707456","只会写helloworld","Can Only Print Helloworld","北师香港浸会大学","Beijing Normal-Hong Kong Baptist University","广东省","珠海","李骐瀚","李骐瀚/曾浩航/刘俊言","陈佳星","REVIEWED","2025-08-28T07:14:26Z"
"1960964085238075392","jiangly临时有事由我们来替他捧杯","Raise the trophy for Orz jiangly","北师香港浸会大学","Beijing Normal-Hong Kong Baptist University","广东省","珠海","倪方博","倪方博/赵泽峰/王孟涵","陈佳星","REVIEWED","2025-08-28T07:14:05Z"
"1960963114860679168","这个太超纲了，你们取吧","This is too out-of-line, you can take it","河南工程学院","Henan University of Engineering","河南省","郑州","贾军旗","贾军旗/周宇航/姚宗凯","卢静","REVIEWED","2025-08-28T07:10:14Z"
"1960959833753128960","请输入文本队（","ChatGPTeam","宁波诺丁汉大学","University of Nottingham Ningbo China","浙江省","宁波","李书照","李书照/杨企轩/黄振轩","杨笑迎","REVIEWED","2025-08-28T06:57:11Z"
"1960959794951622656","Mon3tr后援团","Mon3tr Fanclub","首都师范大学","Capital Normal University","北京市","北京","杨晨晗","杨晨晗/卢梦实/郭正泽","刘羽","REVIEWED","2025-08-28T06:57:02Z"
"1960956456918978560","海底小纵汪汪队","The Octo-PAW Patrol","河南工程学院","Henan University of Engineering","河南省","郑州","吴宇涵","吴宇涵/张运甫/王东浩","卢静","REVIEWED","2025-08-28T06:43:46Z"
"1960952349038612480","怎么做都队","whatever you do is right","沈阳航空航天大学","Shenyang Aerospace University","辽宁省","沈阳","潘昱达","潘昱达/曹子建/李赞一","郑志勇","REVIEWED","2025-08-28T06:27:27Z"
"1960952267035774976","方法要队","method must be correct","沈阳航空航天大学","Shenyang Aerospace University","辽宁省","沈阳","杨若琪","杨若琪/王小溪/王浩瑞","郑志勇","REVIEWED","2025-08-28T06:27:07Z"
"1960952188149305344","能跑就算队","run code or run away","沈阳航空航天大学","Shenyang Aerospace University","辽宁省","沈阳","王梓畅","王梓畅/姚东/姜运航","郑志勇","REVIEWED","2025-08-28T06:26:49Z"
"1960951322117804032","除尘布队","ha_O_ha","山西财经大学","Shanxi University of Finance and Economics","山西省","太原","范博凯","范博凯/程鑫钊/白慧怡","肖宁","REVIEWED","2025-08-28T06:23:22Z"
"1960951146561015808","想想队名（）","thinking the team name（）","沈阳航空航天大学","Shenyang Aerospace University","辽宁省","沈阳","王禹丁","王禹丁/卢涵/李珂","郑志勇","REVIEWED","2025-08-28T06:22:40Z"
"1960951055708196864","弟中之弟","you","沈阳航空航天大学","Shenyang Aerospace University","辽宁省","沈阳","姜利嘉铭","姜利嘉铭/朱海/潘祥威","郑志勇","REVIEWED","2025-08-28T06:22:19Z"
"1960948055103115264","123","one two three","沈阳航空航天大学","Shenyang Aerospace University","辽宁省","沈阳","马淑依","马淑依/薛淇元/张瑞家","郑志勇","REVIEWED","2025-08-28T06:10:23Z"
"1960944324064186368","LogicPioneer","LogicPioneer","宁波诺丁汉大学","University of Nottingham Ningbo China","浙江省","宁波","郭梓耕","张轩睿/黄圣楠/郭梓耕","杨笑迎","REVIEWED","2025-08-28T05:55:34Z"
"1960941364198379520","燕大3队","Yanshan 3st","燕山大学","Yanshan University","河北省","秦皇岛","黎睿涵","黎睿涵/张翔硕/孙毅恒","穆运峰","REVIEWED","2025-08-28T05:43:48Z"
"1960939294007365632","了解你的捍卫者","Know Your Champion","浙江工商大学","Zhejiang Gongshang University","浙江省","杭州","宋壕杰","宋壕杰/刘晓涛/朱俊哲","胡毓励","REVIEWED","2025-08-28T05:35:34Z"
"1960934427603898368","防灾二队","CIDP Team2","防灾科技学院（已更名为应急管理大学）","Institute of Disaster Prevention","河北省","廊坊","张博文","张博文/王东/王园皓","薛韡","REVIEWED","2025-08-28T05:16:14Z"
"1960934363837894656","防灾一队","CIDP Team 1","防灾科技学院（已更名为应急管理大学）","Institute of Disaster Prevention","河北省","廊坊","陈泫宇","陈泫宇/魏寒悦/任曼菲","薛韡","REVIEWED","2025-08-28T05:15:59Z"
"1960930698355937280","辽石化1队","No.1 of LNPU","辽宁石油化工大学","LiaoNing Petrochemical University","辽宁省","抚顺","蓝新","刘俊/蓝新/崔国林","刘金义","REVIEWED","2025-08-28T05:01:25Z"
"1960925307760939008","对对对队","ACACACAC","沈阳航空航天大学","Shenyang Aerospace University","辽宁省","沈阳","谢奇妍","谢奇妍/胡雪灵/王俊一","郑志勇","REVIEWED","2025-08-28T04:40:00Z"
"1960918706916298752","勤劳又勇敢的队长，为了团队的关键牌子，他做出了巨大的贡献，巨大的牺牲巨大的carry","Captain work work~~","南阳理工学院","Nanyang Institute of Technology","河南省","南阳","叶昱彤","叶昱彤/陈泺冰/周硕涵","陈可","REVIEWED","2025-08-28T04:13:46Z"
"1960918542541524992","再wa一发","wa wa wa wa...","南阳理工学院","Nanyang Institute of Technology","河南省","南阳","宋忱宪","李昊展/宋忱宪/任吉康","陈可","REVIEWED","2025-08-28T04:13:07Z"
"1960918370839302144","H神酱味大鸡","H God sauce chicken","南阳理工学院","Nanyang Institute of Technology","河南省","南阳","马帅","袁鑫晨/马帅/哈欣","陈可","REVIEWED","2025-08-28T04:12:26Z"
"1960918224588115968","没事还有另一队","It's okay. There's another team.","南阳理工学院","Nanyang Institute of Technology","河南省","南阳","张飞航","张飞航/夏圣燕/黎鹏翔","陈可","REVIEWED","2025-08-28T04:11:51Z"
"1960918009952997376","我们一直在哭","We have been crying","南阳理工学院","Nanyang Institute of Technology","河南省","南阳","刘晧","杨京昊/刘晧/于超凡","陈可","REVIEWED","2025-08-28T04:11:00Z"
"1960917843233607680","你不会离开我的对不对","You won't leave me, right?","南阳理工学院","Nanyang Institute of Technology","河南省","南阳","李昌泓","李昌泓/张方明/胡汉永","陈可","REVIEWED","2025-08-28T04:10:20Z"
"1960917776938438656","小萝莉赛高","小萝莉赛高","广西民族大学","Guangxi Minzu University","广西壮族自治区","南宁","程志康","程志康/高帅/陈朝享","李熹","REVIEWED","2025-08-28T04:10:04Z"
"1960917696143560704","九个臭皮匠","the nine cobblers","南阳理工学院","Nanyang Institute of Technology","河南省","南阳","吴佳轩","吴佳轩/史嘉琳/赵静冉","陈可","REVIEWED","2025-08-28T04:09:45Z"
"1960917433395580928","队友升级，我独自睡觉","My teammate is leveling up, while I'm sleeping alone","南阳理工学院","Nanyang Institute of Technology","河南省","南阳","陈龙","陈龙/崔书源/任泽霖","陈可","REVIEWED","2025-08-28T04:08:42Z"
"1960916154829115392","但恨花开晚","I only regret that the flowers bloom too late","南阳理工学院","Nanyang Institute of Technology","河南省","南阳","张雷鸣","姜良超/杨利恒/张雷鸣","陈可","REVIEWED","2025-08-28T04:03:38Z"
"1960915948058316800","CCZ困难解决小分队","CCZ's Difficult Resolution Team","南阳理工学院","Nanyang Institute of Technology","河南省","南阳","崔恺林","崔恺林/陈凯乐/赵益田","陈可","REVIEWED","2025-08-28T04:02:48Z"
"1960904267454353408","鸡鸡鸡","JJJ","广州城市理工学院","Guangzhou City University of Technology","广东省","广州","罗勋","罗勋/邓家兴/汪琛程","廖玲","REVIEWED","2025-08-28T03:16:23Z"
"1960903469995528192","注释救我狗命","Comments Save My Life Group","广州城市理工学院","Guangzhou City University of Technology","广东省","广州","欧琳琳","罗嘉淇/李佳韵/欧琳琳","黄驰","REVIEWED","2025-08-28T03:13:13Z"
"1960900410645024768","Silvercloud Dreamer","Silvercloud Dreamer","沈阳理工大学","Shenyang Ligong University","辽宁省","沈阳","闻家尉","闻家尉/金礼骁","李鹤群","REVIEWED","2025-08-28T03:01:04Z"
"1960900224732499968","()不是回问","() is not palindrome","上海纽约大学","New York University Shanghai","上海市","上海","吕和睿","吕和睿/解丰羽/张乐楠","顾贤斌","REVIEWED","2025-08-28T03:00:20Z"
"1960900015105380352","小男娘","Xiao Nan Niang","上海纽约大学","New York University Shanghai","上海市","上海","陈智谦","陈智谦/刘濮铭/郭凯越","顾贤斌","REVIEWED","2025-08-28T02:59:30Z"
"1960899517434433536","青春acmer少年爱上了瓦学姐","For the Algorithm, For Her","南京林业大学","Nanjing Forestry University","江苏省","南京","方泽宇","方泽宇/赵子龙/王广运","刘晓峰","REVIEWED","2025-08-28T02:57:31Z"
"1960897712780611584","单线程","1/Team","中国人民大学","Renmin University of China","北京市","北京","黄铠鹏","黄铠鹏","汪云海","REVIEWED","2025-08-28T02:50:21Z"
"1960897602151649280","想要成为icpc糕手","icpc is a piece of cake","香港大学","The University of Hong Kong","香港特别行政区","香港岛","彭驿程","彭驿程/薛滢聪/刘彦呈","邝启鹏","REVIEWED","2025-08-28T02:49:54Z"
"1960897191957106688","热门流行音乐联盟","Hot Kpop Union","香港大学","The University of Hong Kong","香港特别行政区","香港岛","李其轩","吴语晨/李其轩/夏铭飞","邝启鹏","REVIEWED","2025-08-28T02:48:16Z"
"1960897009416802304","燕大2队","Yanshan 2st","燕山大学","Yanshan University","河北省","秦皇岛","张煜鹏","张煜鹏/谢为/王瀚瑶","穆运峰","REVIEWED","2025-08-28T02:47:33Z"
"1960896727681208320","燕大1队","Yanshan 1st","燕山大学","Yanshan University","河北省","秦皇岛","申达","申达/计凯喆/张宇成","穆运峰","REVIEWED","2025-08-28T02:46:26Z"
"1960891453088075776","4","4","湖南工业大学","Hunan University of Technology","湖南省","株洲","钟启涛","钟启涛/王鹏程/罗哲","邓晓军","REVIEWED","2025-08-28T02:25:28Z"
"1960891435916595200","3","3","湖南工业大学","Hunan University of Technology","湖南省","株洲","王道威","王道威/池龙辉/赵佳豪","邓晓军","REVIEWED","2025-08-28T02:25:24Z"
"1960891420544471040","2","2","湖南工业大学","Hunan University of Technology","湖南省","株洲","龚鹤峰","龚鹤峰/胡家兴/陈绘鲜","邓晓军","REVIEWED","2025-08-28T02:25:20Z"
"1960891405432393728","1","1","湖南工业大学","Hunan University of Technology","湖南省","株洲","肖明阳","陈旻烨/肖明阳/肖凝果","邓晓军","REVIEWED","2025-08-28T02:25:17Z"
"1960886352361426944","A不了真C了","eva","成都锦城学院","Chengdu Jincheng College","四川省","成都","李淦","李淦/康一森/杨艳","燕敏","REVIEWED","2025-08-28T02:05:12Z"
"1960882499993866240","爱吃彩虹糖","love rainbow","曲阜师范大学","Qufu Normal University","山东省","曲阜","孙毅飞","孙毅飞/嵇永彬/孙涛","黄万丽","REVIEWED","2025-08-28T01:49:54Z"
"1960882198125613056","再多过一道题她就会回来","She will come back for more questions","曲阜师范大学","Qufu Normal University","山东省","曲阜","丁海峰","丁海峰/黄欣彤/李昆霖","黄万丽","REVIEWED","2025-08-28T01:48:42Z"
"1960881848589094912","icpc小组","icpc group","曲阜师范大学","Qufu Normal University","山东省","曲阜","杜怡帆","杜怡帆/葛飞越/刘吉祥","黄万丽","REVIEWED","2025-08-28T01:47:18Z"
"1960881453263360000","重生之我是icpc战士","Reborn: I Am Now an ICPC Warrior","曲阜师范大学","Qufu Normal University","山东省","曲阜","刘洪哲","刘洪哲/崔博轩/李耀鑫","黄万丽","REVIEWED","2025-08-28T01:45:44Z"
"1960849738570534912","我将点燃大海","I will set the seas ablaze","大连理工大学","Dalian University of Technology","辽宁省","大连","金晟","金晟/时佳骏/蒋佳炀","梁冰","REVIEWED","2025-08-27T23:39:43Z"
"1960849498547294208","这么六","Brilliant! Excellent! Awesome!","大连理工大学","Dalian University of Technology","辽宁省","大连","钟剑辉","钟剑辉/毛祥宇/刘泽轩","梁冰","REVIEWED","2025-08-27T23:38:45Z"
"1960849275263520768","逆元","INVERSE","大连理工大学","Dalian University of Technology","辽宁省","大连","刘兆洲","刘兆洲/连茗暄/冯子祥","梁冰","REVIEWED","2025-08-27T23:37:52Z"
"1960739961169383424","拖拖拉拉会变成拖拉机","Rampadream","中国地质大学（武汉）","China University of Geosciences","湖北省","武汉","江烁","江烁/李泽文/魏忠强","张锋","REVIEWED","2025-08-27T16:23:30Z"
"1960739612723384320","请输入文本","blank","中国地质大学（武汉）","China University of Geosciences","湖北省","武汉","鲍炳辰","鲍炳辰/王佳豪/刘耀楠","张锋","REVIEWED","2025-08-27T16:22:07Z"
"1960739322481741824","ACM自动寄","Answer Comes a Mess","中国地质大学（武汉）","China University of Geosciences","湖北省","武汉","张笑凡","张笑凡/吕新正/党子康","张锋","REVIEWED","2025-08-27T16:20:57Z"
"1960739156731236352","三人穿墙","cross the wall","中国地质大学（武汉）","China University of Geosciences","湖北省","武汉","孔梁思成","孔梁思成/郭鲁庆/杨佳琪","张锋","REVIEWED","2025-08-27T16:20:18Z"
"1960734552681484288","printf(""队友呢救一下啊"")","Binary Braves","暨南大学","Jinan University","广东省","广州","赵坚浩","赵坚浩/牛东云/肖麟","周德华","REVIEWED","2025-08-27T16:02:00Z"
"1960732282074042368","蛋仔派队","Eggy Party","江西财经大学","Jiangxi University of Finance and Economics","江西省","南昌","曾林","曾林/李志文/张思宏","陈爱国","REVIEWED","2025-08-27T15:52:59Z"
"1960732165610803200","彩虹海","Rainbow Sea","江西财经大学","Jiangxi University of Finance and Economics","江西省","南昌","喻琰","肖丛宇/杨源鑫/喻琰","陈爱国","REVIEWED","2025-08-27T15:52:31Z"
"1960732043992764416","别开香槟开早了","Champagne Later","江西财经大学","Jiangxi University of Finance and Economics","江西省","南昌","孙天成","孙天成/罗文轩/肖源","陈爱国","REVIEWED","2025-08-27T15:52:02Z"
"1960731906532839424","证明!!!","guess!!!","江西财经大学","Jiangxi University of Finance and Economics","江西省","南昌","王翔","王翔/吴星乐/肖辅霖","陈爱国","REVIEWED","2025-08-27T15:51:29Z"
"1960731775204986880","三人驭六丸","Six Walnuts","江西财经大学","Jiangxi University of Finance and Economics","江西省","南昌","钟明皓","钟明皓/周君/詹宇飞","陈爱国","REVIEWED","2025-08-27T15:50:58Z"
"1960729547870179328","双人不成行","it do not take two","成都理工大学","Chengdu University of Technology","四川省","成都","唐川权","唐川权/张顺","罗俊松","REVIEWED","2025-08-27T15:42:07Z"
"1960729449455030272","三位大帝码的天昏地暗键盘上的包浆都磨灭了","Three Lords Coding Till TLE","成都理工大学","Chengdu University of Technology","四川省","成都","刘川德","刘川德/辛天华/刘书圻","罗俊松","REVIEWED","2025-08-27T15:41:44Z"
"1960729319817482240","——牛马分界线——","boundary","成都理工大学","Chengdu University of Technology","四川省","成都","蒲恒","蒲恒/曾飞翔/田镓煊","罗俊松","REVIEWED","2025-08-27T15:41:13Z"
"1960729106964942848","国际漫游","roamacross","成都理工大学","Chengdu University of Technology","四川省","成都","刘俊","刘俊/杨轩宇/陈宇枫","李军","REVIEWED","2025-08-27T15:40:22Z"
"1960728634673729536","满穗说ACMYGO是睦头长期素食导致","ACMYGO","成都理工大学","Chengdu University of Technology","四川省","成都","张鹏","张鹏/郑川建/蔡沛君","李军","REVIEWED","2025-08-27T15:38:29Z"
"1960728409770954752","我嘞个豆豆啊","Oi my giao","成都理工大学","Chengdu University of Technology","四川省","成都","张晨瑀","张晨瑀/向坪君/陈家宝","李军","REVIEWED","2025-08-27T15:37:36Z"
"1960716879029473280","2025 南理 5 队","2025_NUT_T5","南昌理工学院","Nanchang Institute of Technology","江西省","南昌","项子岳","雷秋豪/项子岳/肖扬凡","谢杰伟","REVIEWED","2025-08-27T14:51:46Z"
"1960716810645540864","2025 南理 4 队","2025_NUT_T4","南昌理工学院","Nanchang Institute of Technology","江西省","南昌","黄超越","黄超越/黎坤/朱琳","谢杰伟","REVIEWED","2025-08-27T14:51:30Z"
"1960716759726690304","2025 南理 3 队","2025_NUT_T3","南昌理工学院","Nanchang Institute of Technology","江西省","南昌","曾正基","曹炫锋/曾好/曾正基","谢杰伟","REVIEWED","2025-08-27T14:51:18Z"
"1960716708484878336","2025 南理 2 队","2025_NUT_T2","南昌理工学院","Nanchang Institute of Technology","江西省","南昌","汤宇豪","廖龙浩/姜鸿鑫/汤宇豪","谢杰伟","REVIEWED","2025-08-27T14:51:06Z"
"1960716654709706752","2025 南理 1 队","2025_NUT_T1","南昌理工学院","Nanchang Institute of Technology","江西省","南昌","毛富豪","毛富豪/刘洋帆/李闪亮","谢杰伟","REVIEWED","2025-08-27T14:50:53Z"
"1960715725759451136","我们打得都队","all right tea","合肥工业大学宣城校区（重复）","","","","莫子扬","莫子扬/刘嘉傲/谭沛敏","吕俊伟","REVIEWED","2025-08-27T14:47:12Z"
"1960709720841523200","新世纪AC战士","Neon Genesis ACvangelion","湖北师范大学","Hubei Normal University","湖北省","黄石","华泰达","华泰达/孙紫阳/肖振顺","熊旭辉","REVIEWED","2025-08-27T14:23:20Z"
"1960707484333772800","Hb一队","Hb","河南理工大学","Henan Polytechnic University","河南省","焦作","田润森","田润森/赵志轩/李浩","陈改霞","REVIEWED","2025-08-27T14:14:27Z"
"1960706812695678976","AC未半而中道崩殂","ac","河南理工大学","Henan Polytechnic University","河南省","焦作","刘致远","杨森/刘致远/安保乐","陈桂英","REVIEWED","2025-08-27T14:11:46Z"
"1960699880769458176","NWAFU_4","NWAFU_4","西北农林科技大学","Northwest A&F University","陕西省","咸阳","刘书瑞","邓雅议/陈青泽/刘书瑞","耿耀君","REVIEWED","2025-08-27T13:44:14Z"
"1960699720991641600","NWAFU_3","NWAFU_3","西北农林科技大学","Northwest A&F University","陕西省","咸阳","郑枫","韩邦远/杨沐辰/郑枫","耿耀君","REVIEWED","2025-08-27T13:43:36Z"
"1960699557770301440","NWAFU_2","NWAFU_2","西北农林科技大学","Northwest A&F University","陕西省","咸阳","晏鹏昊","晏鹏昊/范中博/张益诚","耿耀君","REVIEWED","2025-08-27T13:42:57Z"
"1960699314496475136","NWAFU_1","NWAFU_1","西北农林科技大学","Northwest A&F University","陕西省","咸阳","段昊辰","窦维嘉/段昊辰/李彤","耿耀君","REVIEWED","2025-08-27T13:41:59Z"
"1960691142994038784","性情TV之都叫兄弟了那还说啥了牌子给你不完了吗这扯不扯","XCPC Freljord Bros","苏州科技大学","Suzhou University of Science and Technology","江苏省","苏州","邹昱","邹昱/沈钰阳/金亮","程成","REVIEWED","2025-08-27T13:09:31Z"
"1960690395942359040","我需要vscode","We need vscode","暨南大学","Jinan University","广东省","广州","林旭升","钱曼怡/何卓恒/林旭升","周德华","REVIEWED","2025-08-27T13:06:32Z"
"1960690231559196672","毛毛虫就是正解","cat cat bug is right","暨南大学","Jinan University","广东省","广州","梁子龙","梁子龙/郑天翔/姚沛雨","陈双平","REVIEWED","2025-08-27T13:05:53Z"
"1960689878621097984","不AC也要来滴茶","law year ball hall AC","暨南大学","Jinan University","广东省","广州","黄会焜","李宇航/林思煜/黄会焜","陈双平","REVIEWED","2025-08-27T13:04:29Z"
"1960689075130863616","momomorphism","momomorphism","清华大学","Tsinghua University","北京市","北京","闫陈效","陈实/闫陈效/曹立","邬晓钧","REVIEWED","2025-08-27T13:01:18Z"
"1960688306587570176","希腊奶","NOIP2023","华南理工大学","South China University of Technology","广东省","广州","湛蓝","白皓烨/付佳和/湛蓝","冼楚华","REVIEWED","2025-08-27T12:58:14Z"
"1960686898794598400","海底小纵队","The Octonauts","河南工程学院","Henan University of Engineering","河南省","郑州","陈嘉乐","陈嘉乐/王笑/张天硕","卢静","REVIEWED","2025-08-27T12:52:39Z"
"1960680919524839424","saber，saber，什么时候吃完饭","When will we finish eating, saber？","香港中文大学（深圳）","The Chinese University of Hong Kong, Shenzhen","广东省","深圳","梁皓","梁皓/余哲伟/许可捷","方一向","REVIEWED","2025-08-27T12:28:53Z"
"1960675554485735424","ecnu_new1","ecnu_new1","华东师范大学","East China Normal University","上海市","上海","罗文韬","许博文/龚泽钦/罗文韬","肖春芸","REVIEWED","2025-08-27T12:07:34Z"
"1960675160107913216","AAA铜牌批发","AAA Bronze Medal Wholesaler","华东师范大学","East China Normal University","上海市","上海","唐浩东","唐浩东/陈明阳/吴俊达","肖春芸","REVIEWED","2025-08-27T12:06:00Z"
"1960674753717604352","在上海天文馆会遇到临港小企鹅吗","Tomorin at Shanghai Astronomy Museum","华东师范大学","East China Normal University","上海市","上海","李俊辰","李俊辰/陈涵/张潮","肖春芸","REVIEWED","2025-08-27T12:04:23Z"
"1960672827185696768","三目运算符","The Ternary Operators","合肥工业大学宣城校区（重复）","","","","冯舶钊","冯舶钊/于鸥鹿/马久贺","吕俊伟","REVIEWED","2025-08-27T11:56:44Z"
"1960672347780943872","三缺一","threetoone","华中科技大学","Huazhong University of Science and Technology","湖北省","武汉","张涛","张涛/刘习羽/卢宇磊","何琨","REVIEWED","2025-08-27T11:54:49Z"
"1960669627703496704","码力全开队","Hello world!","河南工程学院","Henan University of Engineering","河南省","郑州","高若颖","高若颖","卢静","REVIEWED","2025-08-27T11:44:01Z"
"1960667790606733312","罚时罚到外婆桥","Ctrl+C Ctrl+V Team","北京电子科技学院","Beijing Electronic Science and Technology Institute","北京市","北京","于凯","于凯/于笑尘/林丹阳","李晓东","REVIEWED","2025-08-27T11:36:43Z"
"1960667580648263680","丢掉幻想准备斗争","Vegetable ACMer","北京电子科技学院","Beijing Electronic Science and Technology Institute","北京市","北京","张锐","张锐/邱贤达/李炫睿","李晓东","REVIEWED","2025-08-27T11:35:53Z"
"1960667093479854080","从零到一的指针","P01NTER","北京电子科技学院","Beijing Electronic Science and Technology Institute","北京市","北京","叶抒宇","叶抒宇/段锦坤/王乐天","李晓东","REVIEWED","2025-08-27T11:33:57Z"
"1960666543556268032","RE: 0","重启人生","辽宁师范大学","Liaoning Normal University","辽宁省","大连","黄毅颖","黄毅颖/王若婷","崔晓松","REVIEWED","2025-08-27T11:31:46Z"
"1960666409950908416","不知道叫什么队","No Name","北京电子科技学院","Beijing Electronic Science and Technology Institute","北京市","北京","马新宇","马新宇/洪子轩/汪子涵","李晓东","REVIEWED","2025-08-27T11:31:14Z"
"1960666065187508224","蒙的全队","twtg","北京电子科技学院","Beijing Electronic Science and Technology Institute","北京市","北京","余岢璇","余岢璇/胡谐/戴露","李晓东","REVIEWED","2025-08-27T11:29:52Z"
"1960664095831756800","名字好也没用","No need for a good name","滁州学院","Chuzhou University","安徽省","滁州","陈林国然","陈林国然/李乐乐/刘峻熙","程辉","REVIEWED","2025-08-27T11:22:02Z"
"1960663826255450112","别让TLE找上我","Keep TLE Away from Me","郑州工商学院","Zhengzhou Technology and Business University","河南省","郑州","王炳博","王炳博/徐建业/张鹏军","万双全","REVIEWED","2025-08-27T11:20:58Z"
"1960656001877807104","壹队南瞳","Three Bros","黑龙江工程学院","Heilongjiang Institute of Technology","黑龙江省","哈尔滨","王怀哲","王怀哲/张平昊/孙浩然","邢传军","REVIEWED","2025-08-27T10:49:52Z"
"1960654254476234752","预测试2答案错误","Wrong Answer on Pretest 2","潍坊学院","Weifang University","山东省","潍坊","王治乔","王治乔/徐昊/何滕辉","刘洋","REVIEWED","2025-08-27T10:42:56Z"
"1960653685925744640","无名","null","潍坊学院","Weifang University","山东省","潍坊","马晓成","马晓成/刘若涵/孙康程","刘洋","REVIEWED","2025-08-27T10:40:40Z"
"1960653605332193280","大三难铜的最后一舞","Overture to the End","潍坊学院","Weifang University","山东省","潍坊","宋国静","宋国静/刘礼赫/李政凯","刘洋","REVIEWED","2025-08-27T10:40:21Z"
"1960642638850428928","请输入文本","please enter text","香港科技大学（广州）","The Hong Kong University of Science and Technology (Guangzhou)","广东省","广州","梁君豪","张思达/刘秋悦/梁君豪","熊辉","REVIEWED","2025-08-27T09:56:46Z"
"1960642166022344704","猫馔","CatFeast","上海对外经贸大学","Shanghai University of International Business and Economics","上海市","上海","卢靖元","卢靖元/罗晟屹/任至烨","韩逸卿","REVIEWED","2025-08-27T09:54:54Z"
"1960638142262939648","鹿鹿鹿","lll","苏州科技大学","Suzhou University of Science and Technology","江苏省","苏州","贺鹏飞","贺鹏飞/倪翊诚/李衍庆","程成","REVIEWED","2025-08-27T09:38:54Z"
"1960637795561771008","鹅鹅鹅","eee","苏州科技大学","Suzhou University of Science and Technology","江苏省","苏州","王永刚","王永刚/徐照杰/陈泽玮","程成","REVIEWED","2025-08-27T09:37:32Z"
"1960634304432836608","这一次，我要夺回我失去的一切","This time, I want to take back everything I have lost","厦门理工学院","Xiamen University of Technology","福建省","厦门","张子漠","张子漠","张伟疆","REVIEWED","2025-08-27T09:23:39Z"
"1960632058391433216","今日无八哥","AllDayAC","沈阳理工大学","Shenyang Ligong University","辽宁省","沈阳","赵丰满","赵丰满/丁成龙/常怡涵","李鹤群","REVIEWED","2025-08-27T09:14:44Z"
"1960631129206296576","WA_Automatons","WA_Automatons","湖南农业大学","Hunan Agricultural University","湖南省","长沙","杨鑫","杨鑫/杨皓程","王奕","REVIEWED","2025-08-27T09:11:02Z"
"1960630934754168832","被资本针队","Needle team by capital","湖南农业大学","Hunan Agricultural University","湖南省","长沙","杨铭浩","李恩泽/王俊辉/杨铭浩","刁洪祥","REVIEWED","2025-08-27T09:10:16Z"
"1960630612350603264","不要指望我们","linchen","湖南农业大学","Hunan Agricultural University","湖南省","长沙","邓从权","邓从权/丰硕/黄恩豪","王奕","REVIEWED","2025-08-27T09:08:59Z"
"1960630359064973312","湘农码农突击队","Xiangnong Code Farmer Commando","湖南农业大学","Hunan Agricultural University","湖南省","长沙","沈彦君","沈彦君/单齐/王淑芳","刁洪祥","REVIEWED","2025-08-27T09:07:59Z"
"1960630158824706048","零罚时","0 penalty","湖南农业大学","Hunan Agricultural University","湖南省","长沙","周静","周静/黄瑞莎/颜诗祺","王奕","REVIEWED","2025-08-27T09:07:11Z"
"1960629601636585472","会赢吗","will we win","湖南农业大学","Hunan Agricultural University","湖南省","长沙","李磊","李磊/许健强/周辉","刁洪祥","REVIEWED","2025-08-27T09:04:58Z"
"1960629432304144384","会赢的","we will win","湖南农业大学","Hunan Agricultural University","湖南省","长沙","李海芬","李海芬/李南翃/董振华","王奕","REVIEWED","2025-08-27T09:04:18Z"
"1960626774038155264","合肥工业大学2队","hfut002","合肥工业大学宣城校区（重复）","","","","高远","傅添成/高远/张力翔","吕俊伟","REVIEWED","2025-08-27T08:53:44Z"
"1960626584975708160","一三一四","一三一四 one three one four","合肥工业大学宣城校区（重复）","","","","江博文","江博文/谭轶宸","吕俊伟","REVIEWED","2025-08-27T08:52:59Z"
"1960626382717980672","青春期考研学长不会遇到打a学妹","qingchunkaoyanxuezhangbuhuiyudaoxuemei","黑龙江工程学院","Heilongjiang Institute of Technology","黑龙江省","哈尔滨","李昂","岳柯印/李昂/谢文俊","邢传军","REVIEWED","2025-08-27T08:52:10Z"
"1960621732526690304","最近公共祖先","LCA","郑州轻工业大学","Zhengzhou University of Light Industry","河南省","郑州","王梓博","王梓博/王少杰/高福涛","李晔","REVIEWED","2025-08-27T08:33:42Z"
"1960621320339853312","BSH","BSH","陕西科技大学","Shaanxi University of Science and Technology","陕西省","西安","张炜旌","张炜旌/赵正浩/董士渝","吕舒","REVIEWED","2025-08-27T08:32:04Z"
"1960612936634994688","WA学弟这招太狠了","WA Lad's Insane Trick","石家庄铁道大学","Shijiazhuang Tiedao University","河北省","石家庄","张国迅","张国迅/王天淼/吴佳乐","沙金","REVIEWED","2025-08-27T07:58:45Z"
"1960612709081419776","打瓦找妈堵桥花","play valo find mum,block bridge lose mun","石家庄铁道大学","Shijiazhuang Tiedao University","河北省","石家庄","谭海杰","刘瑞冀/赵晨越/谭海杰","沙金","REVIEWED","2025-08-27T07:57:50Z"
"1960612571302727680","浙大宁理12队","nbt-12","浙大宁波理工学院","NingboTech University","浙江省","宁波","邓俊豪","邓俊豪/郭玥/李婷云","洪焕杰","REVIEWED","2025-08-27T07:57:18Z"
"1960612528508243968","崩坏：庄窠铁道","Honkai：Village Rail","石家庄铁道大学","Shijiazhuang Tiedao University","河北省","石家庄","任磊康","任磊康/陈昀/冯子涵","沙金","REVIEWED","2025-08-27T07:57:07Z"
"1960612475886505984","浙大宁理11队","nbt-11","浙大宁波理工学院","NingboTech University","浙江省","宁波","李坤鑫","李坤鑫/俞亿/蔡麒雯","洪焕杰","REVIEWED","2025-08-27T07:56:55Z"
"1960612399457898496","浙大宁理10队","nbt-10","浙大宁波理工学院","NingboTech University","浙江省","宁波","杨大瑞","杨大瑞/李金亮/方凯垚","洪焕杰","REVIEWED","2025-08-27T07:56:37Z"
"1960612363252666368","今天你AC了吗","Today's AC secured?","沈阳理工大学","Shenyang Ligong University","辽宁省","沈阳","沈帅豪","沈帅豪/栾琇娴/王信鑫","李鹤群","REVIEWED","2025-08-27T07:56:28Z"
"1960612259217149952","测试账号⑨","ᗜᴗᗜ","石家庄铁道大学","Shijiazhuang Tiedao University","河北省","石家庄","陈林埒","陈林埒/徐傲/刘宇恒","沙金","REVIEWED","2025-08-27T07:56:03Z"
"1960611336583516160","CDNU-2","CDNU-2","成都师范学院","Chengdu Normal University","四川省","成都","陶琪","林圆圆/陶琪/胡又苹","孙睿","REVIEWED","2025-08-27T07:52:23Z"
"1960611158220738560","CDNU-1","CDNU-1","成都师范学院","Chengdu Normal University","四川省","成都","应月强","鄢浩/应月强/吴伟彬","孙睿","REVIEWED","2025-08-27T07:51:41Z"
"1960610780141981696","爸妈高兴的问我满屏红色是不是在炒股票队","WallStreetBulls But It's Just WA","华东理工大学","East China University of Science and Technology","上海市","上海","曾子航","曾子航/丁文翰/景梓云","罗勇军","REVIEWED","2025-08-27T07:50:11Z"
"1960610555893518336","回响形态","Echo Form","华东理工大学","East China University of Science and Technology","上海市","上海","傅正航","朱晨煊/傅正航","罗勇军","REVIEWED","2025-08-27T07:49:17Z"
"1960610302695968768","滴泛音特隆隆","define int long long","华东理工大学","East China University of Science and Technology","上海市","上海","张勉","张勉/孙启翔/贾正坤","罗勇军","REVIEWED","2025-08-27T07:48:17Z"
"1960610047933943808","珂朵莉最可爱了","Chtholly is the cutest","华东理工大学","East China University of Science and Technology","上海市","上海","仇俊杰","仇俊杰/余喆浩/徐池","罗勇军","REVIEWED","2025-08-27T07:47:16Z"
"1960609643896639488","通海湖裸泳君","Mr. Skinny–dip","华东理工大学","East China University of Science and Technology","上海市","上海","何昀羲","何昀羲/张语瞳/张智宇","罗勇军","REVIEWED","2025-08-27T07:45:40Z"
"1960609377306677248","都怪赵迪起了个能让记分牌缓冲区溢出的破队名害得我们现在不仅要跟 90 年代评测机死磕 O (2^n) 代码还得边吃冷披萨边用 printf 调试时间紧到连改名都来不及只能硬着头皮上队","O(1) or O(No)","华东理工大学","East China University of Science and Technology","上海市","上海","宋安迪","宋安迪/王渝情/赵迪","罗勇军","REVIEWED","2025-08-27T07:44:36Z"
"1960607338539388928","湘大零队","XTU-0","湘潭大学","Xiangtan University","湖南省","湘潭","卓越","贺正高/曾庆鑫/卓越","谢勇","REVIEWED","2025-08-27T07:36:30Z"
"1960605131333046272","RE 手动机","RE Manaton","苏州大学","Soochow University (Jiangsu)","江苏省","苏州","刘昕宇","刘昕宇/陈顾漪/沈杨卓凡","朱晓旭","REVIEWED","2025-08-27T07:27:44Z"
"1960604295768969216","江理托举","jxust support","江西理工大学","Jiangxi University of Science and Technology","江西省","赣州","简政","简政/陈云杰/张宇凡","管希东","REVIEWED","2025-08-27T07:24:25Z"
"1960603703122202624","队长霸占机子疯狂A题","Captain Seize Machine Crazy A Question","沈阳师范大学","Shenyang Normal University","辽宁省","沈阳","刘钧然","左秉昕/刘钧然/杜福君","穆宝良","REVIEWED","2025-08-27T07:22:03Z"
"1960603304206143488","样例过了就行","Just Pass the Sample","江西理工大学","Jiangxi University of Science and Technology","江西省","赣州","刘学萍","余庭轩/虞诗敏/刘学萍","管希东","REVIEWED","2025-08-27T07:20:28Z"
"1960603181245927424","中二病也要AC","Even Chuunibyou Patients Need AC","江西理工大学","Jiangxi University of Science and Technology","江西省","赣州","钟伟","华振峰/钟伟/罗健","管希东","REVIEWED","2025-08-27T07:19:59Z"
"1960602827053731840","神经网络过载","Neural Network Overload","江西理工大学","Jiangxi University of Science and Technology","江西省","赣州","黄伟宸","黄伟宸/丁康/吴吕明","管希东","REVIEWED","2025-08-27T07:18:34Z"
"1960602663719145472","霜月猫","frost moon cat","江西理工大学","Jiangxi University of Science and Technology","江西省","赣州","喻文建","潘建民/喻文建/李文畅","管希东","REVIEWED","2025-08-27T07:17:55Z"
"1960602399666737152","EXO e不发音","tree new bee","江西理工大学","Jiangxi University of Science and Technology","江西省","赣州","邹佳怡","谢琰/陈文发/邹佳怡","管希东","REVIEWED","2025-08-27T07:16:52Z"
"1960602055180161024","报了名还想拿牌子？","you can't have your cake and eat it too","广州城市理工学院","Guangzhou City University of Technology","广东省","广州","黄伟杰","林俊彬/黄伟杰/王顶成","张丽","REVIEWED","2025-08-27T07:15:30Z"
"1960601292131405824","塞翁失码","Saiweng lost his code","广州城市理工学院","Guangzhou City University of Technology","广东省","广州","刘小康","刘小康/孙瑞/陈虹东","黄驰","REVIEWED","2025-08-27T07:12:28Z"
"1960601083343147008","这题超纲了","I can't ac this out","广州城市理工学院","Guangzhou City University of Technology","广东省","广州","黄铭玥","黄铭玥/陈思仰/梁泽桦","廖玲","REVIEWED","2025-08-27T07:11:39Z"
"1960600817210363904","ac不在话下","aceasy","广州城市理工学院","Guangzhou City University of Technology","广东省","广州","吴志威","吴志威/郑权峰/王建元","林煜东","REVIEWED","2025-08-27T07:10:35Z"
"1960600624125579264","码码带我打wa","Tile with me, mama","广州城市理工学院","Guangzhou City University of Technology","广东省","广州","韦力","韦力/丘嘉文/荘铸","陈雪松","REVIEWED","2025-08-27T07:09:49Z"
"1960600323972796416","AC穿梭在银河的火箭队","AC Rocket Team","广州城市理工学院","Guangzhou City University of Technology","广东省","广州","胡贺闵","胡贺闵/邱佳烁/林书涵","蔡沂","REVIEWED","2025-08-27T07:08:38Z"
"1960598987097116672","今夜，星光灿烂","JY,XGCL","沈阳师范大学","Shenyang Normal University","辽宁省","沈阳","章传亮","章传亮/谌致远/李文杰","穆宝良","REVIEWED","2025-08-27T07:03:19Z"
"1960598802740678656","下班","Off work","南京航空航天大学","Nanjing University of Aeronautics and Astronautics","江苏省","南京","杨恩祺","杨恩祺/张润州/顾一帆","邹春然","REVIEWED","2025-08-27T07:02:35Z"
"1960598545449488384","原子牌锅贴","Atom Fan's Club","南京航空航天大学","Nanjing University of Aeronautics and Astronautics","江苏省","南京","黄耘青","黄耘青/桑浩然/池明轩","邹春然","REVIEWED","2025-08-27T07:01:34Z"
"1960598233447796736","Wrongtime Error","Wrongtime Error","南京航空航天大学","Nanjing University of Aeronautics and Astronautics","江苏省","南京","顾恒源","顾恒源/周子博/吴承骏","邹春然","REVIEWED","2025-08-27T07:00:19Z"
"1960598047258447872","逸群之彦","WHiZ","南京航空航天大学","Nanjing University of Aeronautics and Astronautics","江苏省","南京","王煜文","王煜文/郑策/何东泽","邹春然","REVIEWED","2025-08-27T06:59:35Z"
"1960597819180584960","星群","ASTERiSM","南京航空航天大学","Nanjing University of Aeronautics and Astronautics","江苏省","南京","徐皓","徐皓/明昇/李立星","邹春然","REVIEWED","2025-08-27T06:58:40Z"
"1960597606617452544","青春猪头少年不会梦到WA","Young pig man never WA","南京航空航天大学","Nanjing University of Aeronautics and Astronautics","江苏省","南京","肖昊哲","肖昊哲/林育成/孟超凡","邹春然","REVIEWED","2025-08-27T06:57:50Z"
"1960597369198874624","那一天的AC，AC起来","-a","南京航空航天大学","Nanjing University of Aeronautics and Astronautics","江苏省","南京","王思雨","王思雨/刘金颜/赵天屹","邹春然","REVIEWED","2025-08-27T06:56:53Z"
"1960596868017295360","跳舞的彩色蟑螂","Bronze code","南京航空航天大学","Nanjing University of Aeronautics and Astronautics","江苏省","南京","王一焱","王一焱/张书航/郭思媛","邹春然","REVIEWED","2025-08-27T06:54:54Z"
"1960594876326875136","0xAC小队","0xAC小队","南京航空航天大学","Nanjing University of Aeronautics and Astronautics","江苏省","南京","王一博","王一博/蒋天鹏/魏钊","邹春然","REVIEWED","2025-08-27T06:46:59Z"
"1960594541923405824","爆栈仙人","Overflow Immortal","南京航空航天大学","Nanjing University of Aeronautics and Astronautics","江苏省","南京","龚书剑","龚书剑/高雅田/林志恒","邹春然","REVIEWED","2025-08-27T06:45:39Z"
"1960594325019168768","深度睡眠","Deepsleep","岳阳学院","Yueyang University","湖南省","岳阳","任品玮","任品玮/袁亮/陈亮","白天","REVIEWED","2025-08-27T06:44:47Z"
"1960594317331009536","透明","Not Found","南京航空航天大学","Nanjing University of Aeronautics and Astronautics","江苏省","南京","付孜逸","付孜逸/唐观乾/周浩然","邹春然","REVIEWED","2025-08-27T06:44:45Z"
"1960594137395367936","干就完了","Just Do It","太原科技大学","Taiyuan University of Science and Technology","山西省","太原","滕健飞","滕健飞/蔡文滨/马佳鑫","赵月高","REVIEWED","2025-08-27T06:44:03Z"
"1960594021452222464","XML","XML","南京航空航天大学","Nanjing University of Aeronautics and Astronautics","江苏省","南京","任衍硕","任衍硕/邵嘉奇/张鑫雨","邹春然","REVIEWED","2025-08-27T06:43:35Z"
"1960593858713227264","早睡早起队","day day up","太原科技大学","Taiyuan University of Science and Technology","山西省","太原","张天娇","张天娇/高亚东/未耀","闫丽华","REVIEWED","2025-08-27T06:42:56Z"
"1960593157694033920","hum","hum","南京航空航天大学","Nanjing University of Aeronautics and Astronautics","江苏省","南京","吕海亮","吕海亮/黄子源/胡弘泰","邹春然","REVIEWED","2025-08-27T06:40:09Z"
"1960593027649638400","空悲切","LuBian","南京航空航天大学","Nanjing University of Aeronautics and Astronautics","江苏省","南京","胡昊天","胡昊天/赵乐坤/匡显然","邹春然","REVIEWED","2025-08-27T06:39:38Z"
"1960590307286978560","挂科可以补考打a不行","You can retake an exam if you fail, but you can't get an A","成都东软学院","Chengdu Neusoft Institute of Information","四川省","成都","黄静怡","黄静怡/费诗婕/辛炳池","田霖","REVIEWED","2025-08-27T06:28:49Z"
"1960588701690630144","#N/A","#N/A","西北工业大学","Northwestern Polytechnical University","陕西省","西安","牛马思元","牛马思元/张天翔","刘君瑞","REVIEWED","2025-08-27T06:22:27Z"
"1960585763849113600","已经没有什么好害怕的了","Nothing to fear, Just do it","上海交通大学","Shanghai Jiao Tong University","上海市","上海","黄致远","黄致远/刘子赫/李秉烨","俞勇","REVIEWED","2025-08-27T06:10:46Z"
"1960582539230449664","好想玩道德与法治6","I want to play gta6","河南大学","Henan University","河南省","开封","张帆","宋明贤/张帆/范恒嘉","王震","REVIEWED","2025-08-27T05:57:57Z"
"1960581183782391808","我要睡觉了","I want to go to sleep","河南大学","Henan University","河南省","开封","胡靖铭","胡靖铭/田沈聪/李耘辉","王震","REVIEWED","2025-08-27T05:52:34Z"
"1960580935961939968","不协和音程","Dissonant Interval","河南大学","Henan University","河南省","开封","曹家宁","曹家宁/孙小文/罗施达","王震","REVIEWED","2025-08-27T05:51:35Z"
"1960579965630681088","无名","Nameless","沈阳工业大学","Shenyang University of Technology","辽宁省","沈阳","薛雯龙","薛雯龙/郑奕煊/任昭权","王佳英","REVIEWED","2025-08-27T05:47:44Z"
"1960578639735689216","WA!AC!","WrongAnswersAllCorrected","湖北师范大学","Hubei Normal University","湖北省","黄石","胡玉灿","胡玉灿/彭宇锐/黄有阳","熊旭辉","REVIEWED","2025-08-27T05:42:28Z"
"1960575028817432576","她不一样","she is different","宁波职业技术大学","Ningbo Polytechnic University","浙江省","宁波","何家安","陈明磊/何家安/蓝春涛","陈磊","REVIEWED","2025-08-27T05:28:07Z"
"1960574962643898368","铁牌也是牌","Delta Force","宁波职业技术大学","Ningbo Polytechnic University","浙江省","宁波","黄崇建","安可军/黄崇建/叶东宁","章雁宁","REVIEWED","2025-08-27T05:27:51Z"
"1960574916179398656","牢大","What can I say","宁波职业技术大学","Ningbo Polytechnic University","浙江省","宁波","吴泽康","陈宇劼/陈怀俊/吴泽康","陈磊","REVIEWED","2025-08-27T05:27:40Z"
"1960571310923452416","后来的我们","Later","华南师范大学","South China Normal University","广东省","广州","罗锦程","罗锦程/袁沛希/吴锦东","梁军","REVIEWED","2025-08-27T05:13:20Z"
"1960570804209586176","我不知道","cdggg","华南师范大学","South China Normal University","广东省","广州","丁鹏飞","丁鹏飞/陈泽鹏/陈福樵","梁军","REVIEWED","2025-08-27T05:11:20Z"
"1960570242030243840","三百五十四种番茄炒蛋的做法","354 ways to fried egg with tmt","华南师范大学","South China Normal University","广东省","广州","王紫凡","王紫凡/梁琼尹/张楚阳","梁军","REVIEWED","2025-08-27T05:09:05Z"
"1960569961209008128","风依旧在","wind stills","华南师范大学","South China Normal University","广东省","广州","李嘉鼎","李嘉鼎/林楷楠","梁军","REVIEWED","2025-08-27T05:07:59Z"
"1960569570694139904","一路向南","All the way south","华南师范大学","South China Normal University","广东省","广州","于昊炜","于昊炜/曾祥康/朱宬华","梁军","REVIEWED","2025-08-27T05:06:25Z"
"1960569473092685824","超级飞侠快使用后仰跳投","super wings' mamba out","福建师范大学","Fujian Normal University","福建省","福州","魏陈源","陈屹城/魏陈源/李舒韩","林丽玉","REVIEWED","2025-08-27T05:06:02Z"
"1960569187632549888","π的暗面","The dark side of π","福建师范大学","Fujian Normal University","福建省","福州","熊依婷","吴铠东/廖子涵/熊依婷","肖如良","REVIEWED","2025-08-27T05:04:54Z"
"1960569126743838720","智麻惠队","team chimame","华南师范大学","South China Normal University","广东省","广州","王云飞","黄兴平/王云飞/马伟立","梁军","REVIEWED","2025-08-27T05:04:40Z"
"1960569032439107584","抹茶芭菲","No Wa","湖南理工大学","Hunan Institute of Science and Technology","湖南省","岳阳","王模东","刘俊茗/王模东/林友能","范波","REVIEWED","2025-08-27T05:04:17Z"
"1960568995273379840","雾织月渡","Mooncross in Mistweave","福建师范大学","Fujian Normal University","福建省","福州","欧阳圣默","欧阳圣默/徐大淦/周傲宇","肖如良","REVIEWED","2025-08-27T05:04:08Z"
"1960568871499468800","区间合并","Interval Merging","华南师范大学","South China Normal University","广东省","广州","陈华昊","陈华昊/蓝子童/林昊","梁军","REVIEWED","2025-08-27T05:03:39Z"
"1960568504330096640","A 了这题就吃麦旋风","/give @AC McFlurry","华南师范大学","South China Normal University","广东省","广州","袁浩轩","袁浩轩/黄家谦/侯俊宇","梁军","REVIEWED","2025-08-27T05:02:11Z"
"1960568185017733120","A了这题就当归宅部","Home after AC","华南师范大学","South China Normal University","广东省","广州","林浩杰","林浩杰/黄骞胤/李泊霖","梁军","REVIEWED","2025-08-27T05:00:55Z"
"1960567689854980096","wa学弟幻想ac","waxuedihuanxiangac","华南师范大学","South China Normal University","广东省","广州","胡涵之","胡涵之/谭子安/朱瑶","梁军","REVIEWED","2025-08-27T04:58:57Z"
"1960567266880393216","江南行者","Cinderella","华南师范大学","South China Normal University","广东省","广州","熊铮煌","熊铮煌/李建新/陈育瀚","梁军","REVIEWED","2025-08-27T04:57:16Z"
"1960566599008784384","二进制舒芙蕾","Binary Souffle","华南师范大学","South China Normal University","广东省","广州","施铄","施铄/李雅雯/吴瑞涵","梁军","REVIEWED","2025-08-27T04:54:37Z"
"1960566146455965696","注意到用Zeta(1)表示素数阶乘的魔法","magic::notice.trans(p!,H)","华南师范大学","South China Normal University","广东省","广州","蔡润钦","蔡润钦/余昕烨/温则葆","梁军","REVIEWED","2025-08-27T04:52:49Z"
"1960559601391374336","RELX悦刻幻影PRO","The Litang ruler","武汉科技大学","Wuhan University of Science and Technology","湖北省","武汉","孙煜恒","孙煜恒","李顺新","REVIEWED","2025-08-27T04:26:49Z"
"1960559152164638720","C++是世界上最好的语言.py","C plus plus is the best language in the world.py","郑州航空工业管理学院","Zhengzhou University of Aeronautics","河南省","郑州","吴峥","吴峥/张获昌/李旭生","余建国","REVIEWED","2025-08-27T04:25:01Z"
"1960558193225109504","超胖的猫","Half-moon Cat","南京师范大学","Nanjing Normal University","江苏省","南京","刘岂尘","刘岂尘/李泽钦/汤艺齐","王琼","REVIEWED","2025-08-27T04:21:13Z"
"1960556276348489728","重生之我在东软打a，从最弱逆袭到最强，并走上人生巅峰","Reborn: I Competed in ACM at Dalian University of Technology, Rising from the Weakest to the Strongest and Reaching the Peak of My Life","成都东软学院","Chengdu Neusoft Institute of Information","四川省","成都","胡晏宁","胡晏宁/谢韵/杨永佳","田霖","REVIEWED","2025-08-27T04:13:36Z"
"1960556126871883776","蛋黄瑞士卷","Egg yolk Swiss roll","成都东软学院","Chengdu Neusoft Institute of Information","四川省","成都","郭滨淞","郭滨淞/罗朋/杨美雪","田霖","REVIEWED","2025-08-27T04:13:00Z"
"1960555985540616192","编译报错一定是主办方动我机子了","Compilation error? Organizers messed machine!","成都东软学院","Chengdu Neusoft Institute of Information","四川省","成都","罗婉婷","罗婉婷/曾宝艺/柳蕊瑶","田霖","REVIEWED","2025-08-27T04:12:26Z"
"1960555812273917952","晚安","goodnight","成都东软学院","Chengdu Neusoft Institute of Information","四川省","成都","刘云飞","刘云飞/张择优/崔艺","田霖","REVIEWED","2025-08-27T04:11:45Z"
"1960555664726691840","没过四级的两人抱上了过四级的大腿","Failed CET-4 but Got Carried by an Ace","成都东软学院","Chengdu Neusoft Institute of Information","四川省","成都","陈一夫","陈一夫/桑常晟/张馨溢","田霖","REVIEWED","2025-08-27T04:11:10Z"
"1960555468366155776","到底是谁过了英语四级啊","mud,who go the CET-4？","成都东软学院","Chengdu Neusoft Institute of Information","四川省","成都","吴庭信","吴庭信/王俊喆/金玉琳","田霖","REVIEWED","2025-08-27T04:10:23Z"
"1960554526820405248","魔都咔咔","modukaka","天津科技大学","Tianjin University of Science and Technology","天津市","天津","韩高臻","韩高臻/贺江阳/朱世乐","张传雷","REVIEWED","2025-08-27T04:06:39Z"
"1960550421838303232","蛹","PUPA","上海交通大学","Shanghai Jiao Tong University","上海市","上海","徐君翊","徐君翊/蒋宇涵/张铭轩","俞勇","REVIEWED","2025-08-27T03:50:20Z"
"1960550349134237696","空月之歌","Song of the Welkin Moon","上海交通大学","Shanghai Jiao Tong University","上海市","上海","朱一铭","朱一铭/周学信/任子杭","俞勇","REVIEWED","2025-08-27T03:50:03Z"
"1960550305593167872","华丽收场+","Grand Finale+","上海交通大学","Shanghai Jiao Tong University","上海市","上海","梁航宇","梁航宇/蒋天杭/黄烨威","俞勇","REVIEWED","2025-08-27T03:49:52Z"
"1960550254468796416","且歌","Chant On","上海交通大学","Shanghai Jiao Tong University","上海市","上海","魏可臻","魏可臻/于恩帝/秦一苇","俞勇","REVIEWED","2025-08-27T03:49:40Z"
"1960550206058139648","霞染长空","Twilight Aloft","上海交通大学","Shanghai Jiao Tong University","上海市","上海","黄佳瑞","黄佳瑞/钱智煊/林乐逍","俞勇","REVIEWED","2025-08-27T03:49:29Z"
"1960550163574034432","青蘋之末","Where the Wind Rises","上海交通大学","Shanghai Jiao Tong University","上海市","上海","谭钧豪","谭钧豪/江若泓/朱添翼","俞勇","REVIEWED","2025-08-27T03:49:18Z"
"1960550111585636352","启明星","Stella Primus","上海交通大学","Shanghai Jiao Tong University","上海市","上海","杨崇烨","杨崇烨/李俊毅/唐星珣","俞勇","REVIEWED","2025-08-27T03:49:06Z"
"1960548864245764096","文酱の万事屋","Wen no yorozuya","东北林业大学","Northeast Forestry University","黑龙江省","哈尔滨","肖高","戈群翔/程风帆/肖高","陈宇","REVIEWED","2025-08-27T03:44:09Z"
"1960541682498408448","二星省一","二星省一","华北水利水电大学","North China University of Water Resources and Electric Power","河南省","郑州","左永欣","左永欣/文一帆/卢亚昕","陈欢欢","REVIEWED","2025-08-27T03:15:36Z"
"1960537528136765440","12345","12345","安徽财经大学","Anhui University of Finance and Economics","安徽省","蚌埠","吴洋","吴洋/梁焯/王靖博","张林","REVIEWED","2025-08-27T02:59:06Z"
"1960531605473333248","最优解在左","The Left Seat","武昌理工学院","Wuchang University of Technology","湖北省","武汉","聂鑫栋","聂鑫栋/邓皓文/胡瀟涵","黄薇","REVIEWED","2025-08-27T02:35:34Z"
"1960523380128616448","New一个奖牌","New一个奖牌","华北水利水电大学","North China University of Water Resources and Electric Power","河南省","郑州","朱志博","朱志博/梁志洋","毋沁萍","REVIEWED","2025-08-27T02:02:53Z"
"1960521547368763392","青山","Steadfast Mountain","南京农业大学","Nanjing Agricultural University","江苏省","南京","顾慎之","邵筠淇/戴昕宇/顾慎之","车建华","REVIEWED","2025-08-27T01:55:36Z"
"1960521280166432768","冗定","Apex coders","南京农业大学","Nanjing Agricultural University","江苏省","南京","高筠豪","高筠豪/李俊福/陈可航","车建华","REVIEWED","2025-08-27T01:54:32Z"
"1960521228102537216","金草莓","ChrysoBerry","南京农业大学","Nanjing Agricultural University","江苏省","南京","李嘉熙","李嘉熙/王文圣/周进","车建华","REVIEWED","2025-08-27T01:54:20Z"
"1960521048733126656","三--缺一不可","Alll for one","南京农业大学","Nanjing Agricultural University","江苏省","南京","宋来宇","宋来宇/申壮壮/闫小凯","车建华","REVIEWED","2025-08-27T01:53:37Z"
"1960520994773405696","没有人比我更懂AC","No one knows AC better than me","南京农业大学","Nanjing Agricultural University","江苏省","南京","魏尧选","黄子琰/张博轩/魏尧选","车建华","REVIEWED","2025-08-27T01:53:24Z"
"1960520912225308672","码到成功","Program until success","南京农业大学","Nanjing Agricultural University","江苏省","南京","张贤成","张贤成/陈锦坤/吴雨凡","车建华","REVIEWED","2025-08-27T01:53:04Z"
"1960517955215822848","LTA1","LTA1","成都锦城学院","Chengdu Jincheng College","四川省","成都","赵燚","赵燚/但飞锐/郑媛","黎秀","REVIEWED","2025-08-27T01:41:19Z"
"1960511750481252352","icpc后援队","icpc helpererer","韶关学院","Shaoguan University","广东省","韶关","王鹏凯","王鹏凯/陈俊东/马嘉亮","饶浩","REVIEWED","2025-08-27T01:16:40Z"
"1960511535036633088","MyALGO!!!","MyALGO!!!","韶关学院","Shaoguan University","广东省","韶关","叶福都","叶福都/陈思琪/黄家宝","饶浩","REVIEWED","2025-08-27T01:15:49Z"
"1960511407382990848","灌注hsn8086","Follow hsn8086","韶关学院","Shaoguan University","广东省","韶关","冯诺维","冯诺维/谢泽栩/朱子睿","饶浩","REVIEWED","2025-08-27T01:15:18Z"
"1960506713461886976","随缘","Go with the flow","安徽师范大学","Anhui Normal University","安徽省","芜湖","邵俊杨","邵俊杨/余文乐/尹子靖","赵诚","REVIEWED","2025-08-27T00:56:39Z"
"1960506407671959552","天绫绫地宁宁","TLLDNN","安徽师范大学","Anhui Normal University","安徽省","芜湖","许译涛","许译涛/黄锐杰/袁文晟","赵诚","REVIEWED","2025-08-27T00:55:26Z"
"1960505940518768640","銀霜流萤","Icy_firefly","澳门大学","University of Macau","澳门特别行政区","澳门","席跃","高淼悦/席跃/张容嘉","林泽瀚","REVIEWED","2025-08-27T00:53:35Z"
"1960490047231365120","enjoy yourself","enjoy yourself","东北师范大学","Northeast Normal University","吉林省","长春","戴云磊","戴云磊/杨鑫山/谭皓","李宏博","REVIEWED","2025-08-26T23:50:26Z"
"1960489742473236480","能不能全队","The Whole Team","东北师范大学","Northeast Normal University","吉林省","长春","王佳玉","王佳玉/庞运明/孙静","李宏博","REVIEWED","2025-08-26T23:49:13Z"
"1960489428529582080","碱基互补配队","A+G=T+C","东北师范大学","Northeast Normal University","吉林省","长春","徐海翔","徐海翔/陈建坤/田博文","李宏博","REVIEWED","2025-08-26T23:47:58Z"
"1960489123721121792","我重生了","Rebirth","东北师范大学","Northeast Normal University","吉林省","长春","梁博芳","梁博芳/张鸿昊/李杰俊","李宏博","REVIEWED","2025-08-26T23:46:45Z"
"1960488528712962048","AC不自动机","Aho-Corasick unautomaton","东北师范大学","Northeast Normal University","吉林省","长春","张恒硕","张恒硕/仵星驰/贾沁岩","李宏博","REVIEWED","2025-08-26T23:44:24Z"
"1960488228551790592","ac不wa队","WANT AC","东北师范大学","Northeast Normal University","吉林省","长春","李金瑞","李金瑞/张竣恒/张俊才","李宏博","REVIEWED","2025-08-26T23:43:12Z"
"1960487952537227264","重生成为侠盗猎车手在斯普拉遁狩猎历战黑蚀龙","Reborn as GTA Hunting the Fierce Black Erosion Dragon in Splatoon","东北师范大学","Northeast Normal University","吉林省","长春","林律融","林律融/潘可欣/李超平","罗娜","REVIEWED","2025-08-26T23:42:06Z"
"1960487648689262592","鼠鼠猛攻acm","DeltaCode","东北师范大学","Northeast Normal University","吉林省","长春","张步豪","张步豪/郭宇政/刘向涛","胡书丽","REVIEWED","2025-08-26T23:40:54Z"
"1960487217409953792","骑士","Knights","东北师范大学","Northeast Normal University","吉林省","长春","陈琦煜","陈琦煜/叶鹏辉/高宇轩","王艺源","REVIEWED","2025-08-26T23:39:11Z"
"1960486937096228864","DeepSleep_V3","DeepSleep_V3","东北师范大学","Northeast Normal University","吉林省","长春","张稷穗","张稷穗/缪弘毅/赵新睿","周治国","REVIEWED","2025-08-26T23:38:04Z"
"1960486687128293376","运行错误","RuntimeError","东北师范大学","Northeast Normal University","吉林省","长春","齐昊坤","齐昊坤/曹勇麟/周文琦","李宏博","REVIEWED","2025-08-26T23:37:04Z"
"1960425250255147008","打xcpc导致的","Playing xcpc caused it","广东技术师范大学","Guangdong Polytechnic Normal University","广东省","广州","何铭棋","江宇/何铭棋/伍恩泽","刘兰","REVIEWED","2025-08-26T19:32:57Z"
"1960424862105866240","那就这个了","Then this one","广东技术师范大学","Guangdong Polytechnic Normal University","广东省","广州","刘佳","吴楚骞/刘佳/丘文超","刘兰","REVIEWED","2025-08-26T19:31:24Z"
"1960424493996969984","南北绿豆队","Hajimi","广东技术师范大学","Guangdong Polytechnic Normal University","广东省","广州","莫梓浩","莫梓浩/叶伊杰/李国金","刘兰","REVIEWED","2025-08-26T19:29:56Z"
"1960424114345349120","不要给我WAWA叫","I Beg You，No More WA","广东技术师范大学","Guangdong Polytechnic Normal University","广东省","广州","陈政柱","陈政柱/高睿梓/李瑾沁","刘兰","REVIEWED","2025-08-26T19:28:26Z"
"1960423328706072576","无敌的h","Newbee_h","广东技术师范大学","Guangdong Polytechnic Normal University","广东省","广州","黄冠","黄俊浩/黄冠/何家睿","刘兰","REVIEWED","2025-08-26T19:25:19Z"
"1960404375661318144","四小时下班","Four hour overtime","郑州工商学院","Zhengzhou Technology and Business University","河南省","郑州","张朝阳","张朝阳/周智贤/张志恒","万双全","REVIEWED","2025-08-26T18:10:00Z"
"1960370532573122560","我野外生存把人<censored>了你<censored>过吗？","I <censored> someone in the wild, have you ever <censored>?","西北工业大学","Northwestern Polytechnical University","陕西省","西安","罗隆华","罗隆华/黄煜/刘锦奇","刘君瑞","REVIEWED","2025-08-26T15:55:31Z"
"1960370442211037184","2085","2085","西北工业大学","Northwestern Polytechnical University","陕西省","西安","陆华飞","郭锦程/陆华飞/余丁宸睿","刘君瑞","REVIEWED","2025-08-26T15:55:10Z"
"1960370109380431872","temp","temp","西北工业大学","Northwestern Polytechnical University","陕西省","西安","田旃","田旃/蔡思博/温智杰","刘君瑞","REVIEWED","2025-08-26T15:53:50Z"
"1960370017722306560","呼神护卫","Expecto Patronum","西北工业大学","Northwestern Polytechnical University","陕西省","西安","魏子尧","刘骐铭/万梓宸/魏子尧","刘君瑞","REVIEWED","2025-08-26T15:53:28Z"
"1960369910314569728","阿比斯深渊","Abyss","西北工业大学","Northwestern Polytechnical University","陕西省","西安","黄知远","吕昊临/黄知远/欧阳家杰","刘君瑞","REVIEWED","2025-08-26T15:53:03Z"
"1960369655053422592","北极星","North star","西北工业大学","Northwestern Polytechnical University","陕西省","西安","代常睿","代常睿/于博源/文煜州","刘君瑞","REVIEWED","2025-08-26T15:52:02Z"
"1960369254757437440","wanna be free","wanna be free","西北工业大学","Northwestern Polytechnical University","陕西省","西安","龚熙尧","尹新祥/龚熙尧/程文楷","刘君瑞","REVIEWED","2025-08-26T15:50:26Z"
"1960369159743868928","众神眷恋的幻想乡","The Gensokyo the Gods Loved","西北工业大学","Northwestern Polytechnical University","陕西省","西安","邵嘉豪","郭知宇/王彦淞/邵嘉豪","刘君瑞","REVIEWED","2025-08-26T15:50:04Z"
"1960368971876798464","憧憬成为算法少女","Gushing over Programming Girls","西北工业大学","Northwestern Polytechnical University","陕西省","西安","甘云帆","刘雨萱/钟礼恩/甘云帆","刘君瑞","REVIEWED","2025-08-26T15:49:19Z"
"1960364107247521792","雪野秋月","Garden of Words","中国科学院大学","University of Chinese Academy of Sciences","北京市","北京","尤俊翔","蓝天朗/尤俊翔","刘慧","REVIEWED","2025-08-26T15:29:59Z"
"1960361906798202880","Running on Test 826","Running on Test 826","清华大学","Tsinghua University","北京市","北京","梁宸铭","胡梓康/吴理源/梁宸铭","邬晓钧","REVIEWED","2025-08-26T15:21:15Z"
"1960360555661889536","WTYTO","WTYTO","香港中文大学（深圳）","The Chinese University of Hong Kong, Shenzhen","广东省","深圳","孙悠然","孙悠然/涂宵箫/杨久知","方一向","REVIEWED","2025-08-26T15:15:52Z"
"1960360361251704832","Trio Leveling","Trio Leveling","香港中文大学（深圳）","The Chinese University of Hong Kong, Shenzhen","广东省","深圳","Christian Angelo Velarde","Christian Angelo Velarde/Gantulga Khantugs/Assylzhan Rakhmatullin","方一向","REVIEWED","2025-08-26T15:15:06Z"
"1960357971769298944","燎原之盒","The Spreading Box","郑州轻工业大学","Zhengzhou University of Light Industry","河南省","郑州","王天宇","杜永恒/李振田/王天宇","李晔","REVIEWED","2025-08-26T15:05:36Z"
"1960357711852474368","太嚣张了放学怕被堵","Snowdreams","郑州轻工业大学","Zhengzhou University of Light Industry","河南省","郑州","王宇博","牛培宇/冯留帅/王宇博","李晔","REVIEWED","2025-08-26T15:04:34Z"
"1960357331533959168","非人类大队","Team_Spirit","郑州轻工业大学","Zhengzhou University of Light Industry","河南省","郑州","范双学","甘承璞/窦万锦/范双学","李晔","REVIEWED","2025-08-26T15:03:04Z"
"1960357097621819392","样例对了就是过了","JiJiJi","郑州轻工业大学","Zhengzhou University of Light Industry","河南省","郑州","吴钰欣","吴钰欣/李彤/马梦茹","李晔","REVIEWED","2025-08-26T15:02:08Z"
"1960356875608920064","略去过程QED","Attention is ALL you need","西安欧亚学院","Xi'an Eurasia University","陕西省","西安","林川翔","林川翔/刘家瑞/吴天乐","张文胜","REVIEWED","2025-08-26T15:01:15Z"
"1960356847058292736","遥遥领先","Far Away Win","郑州轻工业大学","Zhengzhou University of Light Industry","河南省","郑州","尹航","尹航/马艺轩/吕浩源","李晔","REVIEWED","2025-08-26T15:01:08Z"
"1960356652320952320","石中剑","The Sword on the Stone","郑州轻工业大学","Zhengzhou University of Light Industry","河南省","郑州","任展麟","任展麟/董孟欣/胡胜杰","李晔","REVIEWED","2025-08-26T15:00:22Z"
"1960356394295758848","我没意见","No idea","郑州轻工业大学","Zhengzhou University of Light Industry","河南省","郑州","陈浩","陈显皓/陈艺杰/陈浩","李晔","REVIEWED","2025-08-26T14:59:20Z"
"1960355299750187008","苏坡比个卡普","Super big cup","郑州轻工业大学","Zhengzhou University of Light Industry","河南省","郑州","夏高祥","栗闫恒/薛晓煜/夏高祥","李晔","REVIEWED","2025-08-26T14:54:59Z"
"1960349625561518080","一轮游","one-and-done","广州大学","Guangzhou University","广东省","广州","胡淳","胡淳/陈梅琳/陈博","赵睿","REVIEWED","2025-08-26T14:32:26Z"
"1960349302008713216","绝对不爆零","No-Zero Guarantee","广州大学","Guangzhou University","广东省","广州","黄泽林","黄泽林/胡梦佳/林培鑫","赵睿","REVIEWED","2025-08-26T14:31:09Z"
"1960348918095679488","暴力美学","BruteForce","广州大学","Guangzhou University","广东省","广州","吕涛涛","吕涛涛/冯凌熙/陈皓森","赵睿","REVIEWED","2025-08-26T14:29:38Z"
"1960348666638766080","比赛时在做什么？有没有AC？可以来debug吗？","Willem, Chtholly and Seniorious","广州大学","Guangzhou University","广东省","广州","郭子锋","郭子锋/同舒泽/黄明海","赵睿","REVIEWED","2025-08-26T14:28:38Z"
"1960348357589864448","哈基米南北绿多","Hajimi","广州大学","Guangzhou University","广东省","广州","李轩","李轩/周昊焌/杨尚华","赵睿","REVIEWED","2025-08-26T14:27:24Z"
"1960347712149393408","无条件相信草神","Unconditional trust Nahida","广州大学","Guangzhou University","广东省","广州","杨逍","杨逍/王承宇/谢宇峰","赵睿","REVIEWED","2025-08-26T14:24:50Z"
"1960347329045860352","放学后茶会","After-school Tea Party","广州大学","Guangzhou University","广东省","广州","张荣炜","张荣炜/简炜槟/钟梓国","丘凯伦","REVIEWED","2025-08-26T14:23:19Z"
"1960346889927397376","蛞蝓猫猫队","Limax cat","广州大学","Guangzhou University","广东省","广州","陈邦泽","陈邦泽/贾竞尧/郑凱銮","丘凯伦","REVIEWED","2025-08-26T14:21:34Z"
"1960346505188085760","我不是瓦批","Valorant","广州大学","Guangzhou University","广东省","广州","乔俊杰","乔俊杰/帅军锐/曹宇超","丘凯伦","REVIEWED","2025-08-26T14:20:02Z"
"1960346098336403456","样例过了就AC","Once Sample Passed Then AC","广州大学","Guangzhou University","广东省","广州","韦云海","韦云海/李东阳/陈嘉林","丘凯伦","REVIEWED","2025-08-26T14:18:25Z"
"1960345771793059840","宵宫流萤","yoimiyafirefly","广州大学","Guangzhou University","广东省","广州","陈思翀","陈思翀/曹志成/张正浩","丘凯伦","REVIEWED","2025-08-26T14:17:08Z"
"1960345399225618432","西哈诺","Cyrano","广州大学","Guangzhou University","广东省","广州","郑灵杰","郑灵杰/陈全隆/潘胜云","丘凯伦","REVIEWED","2025-08-26T14:15:39Z"
"1960343218497916928","启发式暴力","IntelliForce","复旦大学","Fudan University","上海市","上海","周裕博","沈奕鸣/周吴凡/周裕博","孙未未","REVIEWED","2025-08-26T14:06:59Z"
"1960341884084293632","天码行空","tianmaxingkong","安徽师范大学","Anhui Normal University","安徽省","芜湖","张春龙","张春龙/吕金霖/梁峻铭","赵诚","REVIEWED","2025-08-26T14:01:41Z"
"1960338905918738432","时光流逝AC依旧未到","Waiting for the AC","常州工学院","Changzhou Institute of Technology","江苏省","常州","唐胡煜","唐胡煜/姜鑫杰/郑绍恺","刘文杰","REVIEWED","2025-08-26T13:49:51Z"
"1960336475621560320","北风与秋水","North Wind and Autumn Water","哈尔滨工业大学","Harbin Institute of Technology","黑龙江省","哈尔滨","谢书泱","朱峰/王羽婷/谢书泱","赵文博","REVIEWED","2025-08-26T13:40:11Z"
"1960336342230110208","让HIT再次伟大","Make HIT Great Again","哈尔滨工业大学","Harbin Institute of Technology","黑龙江省","哈尔滨","白恒宇","罗星宇/郭道玮/白恒宇","赵文博","REVIEWED","2025-08-26T13:39:39Z"
"1960336238777602048","为无机世界增添色彩-1","Redraw the Colorless World-1","哈尔滨工业大学","Harbin Institute of Technology","黑龙江省","哈尔滨","吴钦鸿","吴钦鸿","赵文博","REVIEWED","2025-08-26T13:39:15Z"
"1960336185975508992","因为太怕WA所以全点AC了","tech_otakus","长安大学","Chang'an University","陕西省","西安","张杰丞","张杰丞/贺一恒/姚学成","荆树旭","REVIEWED","2025-08-26T13:39:02Z"
"1960336126340894720","这能不Ac_O！","how could it Acn't_O!","长安大学","Chang'an University","陕西省","西安","张宇睿","韩韬/许明虎/张宇睿","荆树旭","REVIEWED","2025-08-26T13:38:48Z"
"1960336110964576256","为无机世界增添色彩-2","Redraw the Colorless World-2","哈尔滨工业大学","Harbin Institute of Technology","黑龙江省","哈尔滨","李嘉弘","卢思吉/李嘉弘","赵文博","REVIEWED","2025-08-26T13:38:44Z"
"1960336069432578048","丝玛龙仆","SMNA","长安大学","Chang'an University","陕西省","西安","刘葆骐","辜颖燊/高源/刘葆骐","荆树旭","REVIEWED","2025-08-26T13:38:34Z"
"1960335983478706176","你有一块真正的金牌吗","win a real ring","哈尔滨工业大学","Harbin Institute of Technology","黑龙江省","哈尔滨","郭昕旸","郭昕旸/杜沛键/邱思宇","赵文博","REVIEWED","2025-08-26T13:38:14Z"
"1960335839945428992","睡到自然醒","Wake up whenever you want","哈尔滨工业大学","Harbin Institute of Technology","黑龙江省","哈尔滨","徐明拯","曾浩锐/徐明拯/任相龙","赵文博","REVIEWED","2025-08-26T13:37:40Z"
"1960335722735603712","长崎不爽世-2","Nagasaki Soyorin-2","哈尔滨工业大学","Harbin Institute of Technology","黑龙江省","哈尔滨","黎子川","黎子川/陈信帆","赵文博","REVIEWED","2025-08-26T13:37:12Z"
"1960335545337516032","先入黄金乡者赏芙蓉王","my Frieren‌","长安大学","Chang'an University","陕西省","西安","刘新语","靳泽宇/刘新语/陈炎松","荆树旭","REVIEWED","2025-08-26T13:36:29Z"
"1960335490614431744","重生之憧憬成为菜狗","Re:wanna be the vegetable dog","长安大学","Chang'an University","陕西省","西安","蒙禹龙","蒙禹龙/龙炜枫/冯瀚文","荆树旭","REVIEWED","2025-08-26T13:36:16Z"
"1960335404471816192","斑斓色彩","Chromatic complex","长安大学","Chang'an University","陕西省","西安","胡艺瀚","钱麦曲/周乐恒/胡艺瀚","荆树旭","REVIEWED","2025-08-26T13:35:56Z"
"1960335383957475328","不知道叫啥队","No Clue Squad","安徽财经大学","Anhui University of Finance and Economics","安徽省","蚌埠","尤海珍","尤海珍/叶梦婷/吴思梦","张林","REVIEWED","2025-08-26T13:35:51Z"
"1960333745586835456","来我淮理玩吖","Come play in HuaiLi","淮北理工学院","Huaibei Institute of Technology","安徽省","淮北","尹洪超","尹洪超/霍宇成/朱宏伟","杨振仁","REVIEWED","2025-08-26T13:29:20Z"
"1960332173989515264","若能绽放光芒","Hikalirale","沈阳化工大学","Shenyang University of Chemical Technology","辽宁省","沈阳","徐兴球","徐兴球/刁炜宁/郑郭楠","王军","REVIEWED","2025-08-26T13:23:06Z"
"1960331846208851968","打完回家吃饭","wu hu","沈阳化工大学","Shenyang University of Chemical Technology","辽宁省","沈阳","鲍方乐","鲍方乐/杨呈旭/刘鑫泽","王雅娜","REVIEWED","2025-08-26T13:21:47Z"
"1960331733105250304","长崎不爽世-1","Nagasaki Soyorin-1","哈尔滨工业大学","Harbin Institute of Technology","黑龙江省","哈尔滨","杜宇丰","杜宇丰","赵文博","REVIEWED","2025-08-26T13:21:21Z"
"1960331593443315712","鼠鼠我两眼懵逼感觉看到了太奶","The Road to Heaven of Mice and Rats","沈阳化工大学","Shenyang University of Chemical Technology","辽宁省","沈阳","孟闯","孟闯/马海娇/彭清莲","王军","REVIEWED","2025-08-26T13:20:47Z"
"1960331568793391104","加载中，请稍候","404 not found","哈尔滨工业大学","Harbin Institute of Technology","黑龙江省","哈尔滨","刘明卓","刘靖文/郭健桓/刘明卓","赵文博","REVIEWED","2025-08-26T13:20:41Z"
"1960331482738855936","状态好AC一个","Hold on","内蒙古大学","Inner Mongolia University","内蒙古自治区","呼和浩特","高赵吉星","高赵吉星/王岩松/渠发辉","崔波","REVIEWED","2025-08-26T13:20:21Z"
"1960331455941447680","想成为人类-1","Ningen ni Naritai-1","哈尔滨工业大学","Harbin Institute of Technology","黑龙江省","哈尔滨","姜郑康","姜郑康","赵文博","REVIEWED","2025-08-26T13:20:14Z"
"1960331342598770688","想成为人类-2","Ningen ni Naritai-2","哈尔滨工业大学","Harbin Institute of Technology","黑龙江省","哈尔滨","许岩","王君迈/许岩","赵文博","REVIEWED","2025-08-26T13:19:47Z"
"1960331229054767104","咦咦咦","BinaryBard","内蒙古大学","Inner Mongolia University","内蒙古自治区","呼和浩特","张思怡","张思怡/周佳鑫/王诗淼","崔波","REVIEWED","2025-08-26T13:19:20Z"
"1960331188537790464","哈工大ACM招新美女学姐即将跑路有意者私","Nananananani&Wawawawawawi&Tatatatatati","哈尔滨工业大学","Harbin Institute of Technology","黑龙江省","哈尔滨","丁文涛","张城玮/张彭凯/丁文涛","赵文博","REVIEWED","2025-08-26T13:19:11Z"
"1960331004063911936","又活一天","One day less to be living","沈阳化工大学","Shenyang University of Chemical Technology","辽宁省","沈阳","罗祥","罗祥/刘洪运/杨鹏瑞","王雅娜","REVIEWED","2025-08-26T13:18:27Z"
"1960330961533669376","CQOI Flames","CQOI Flames","哈尔滨工业大学","Harbin Institute of Technology","黑龙江省","哈尔滨","陈泺嘉","陈泺嘉/方智鉴/雷钧森","赵文博","REVIEWED","2025-08-26T13:18:17Z"
"1960330925949194240","哇哇哇","wawawa","内蒙古大学","Inner Mongolia University","内蒙古自治区","呼和浩特","高文林","高文林/章玉衡/包胡呢斯图","崔波","REVIEWED","2025-08-26T13:18:08Z"
"1960330783124754432","等我长小了也要打OI","play OI when we grow down","内蒙古大学","Inner Mongolia University","内蒙古自治区","呼和浩特","岳宗博","岳宗博/戴维/邓宇沛","崔波","REVIEWED","2025-08-26T13:17:34Z"
"1960330591168237568","铁匠","Iron People","内蒙古大学","Inner Mongolia University","内蒙古自治区","呼和浩特","张琦","张琦/许书豪/季昊天","崔波","REVIEWED","2025-08-26T13:16:48Z"
"1960326035927601152","中山大学-无限天堂","SYSU_infinity heaven","中山大学","Sun Yat-sen University","广东省","广州","邱恺铭","韩冠东/李昊洲/邱恺铭","张子臻","REVIEWED","2025-08-26T12:58:42Z"
"1960325761427181568","中山大学-寂静呼唤","SYSU_call of silence","中山大学","Sun Yat-sen University","广东省","广州","杨志宸","杨志宸/陈政宇/郭翊涛","张子臻","REVIEWED","2025-08-26T12:57:37Z"
"1960325622058848256","中山大学-山中大学","SYSU_Taskkill","中山大学","Sun Yat-sen University","广东省","广州","吴天轶","张殷豪/饶瀚宸/吴天轶","张子臻","REVIEWED","2025-08-26T12:57:04Z"
"1960325374225813504","中山大学-梦呓潮落","SYSU_Fate of Waves","中山大学","Sun Yat-sen University","广东省","广州","何宇扬","何宇扬/杨立伟/覃锐麟","张子臻","REVIEWED","2025-08-26T12:56:04Z"
"1960325137742565376","中山大学-512526","SYSU_512526","中山大学","Sun Yat-sen University","广东省","广州","陈睿泓","何杨炀/毛子弘/陈睿泓","张子臻","REVIEWED","2025-08-26T12:55:08Z"
"1960325011921833984","中山大学-打铁旅游","SYSU_irontravel","中山大学","Sun Yat-sen University","广东省","广州","苏律硕","肖淇/苏律硕/吴明禹","张子臻","REVIEWED","2025-08-26T12:54:38Z"
"1960324896985321472","中山大学-Ainbow","SYSU_ainbow","中山大学","Sun Yat-sen University","广东省","广州","张宸睿","张益晟/周睿韬/张宸睿","张子臻","REVIEWED","2025-08-26T12:54:11Z"
"1960324711169265664","中山大学-爱谁打谁打","SYSU_Casually-Solving","中山大学","Sun Yat-sen University","广东省","广州","陈鸿睿","卓郅杰/黄淇轩/陈鸿睿","张子臻","REVIEWED","2025-08-26T12:53:26Z"
"1960324462006636544","中山大学-喵喵队想旷工","SYSU_miaomiaomiao","中山大学","Sun Yat-sen University","广东省","广州","邱泽敏","陈悠然/邱泽敏/曹子键","张子臻","REVIEWED","2025-08-26T12:52:27Z"
"1960324343756623872","中山大学-中大25一队","SYSU_sysu25team1","中山大学","Sun Yat-sen University","广东省","广州","董睿嘉","刘铭仁/董睿嘉/孔德锐","张子臻","REVIEWED","2025-08-26T12:51:59Z"
"1960324164433350656","中山大学-队","SYSU_team","中山大学","Sun Yat-sen University","广东省","广州","吴振熙","吴振熙/谭栋泽/万耀文","张子臻","REVIEWED","2025-08-26T12:51:16Z"
"1960324010972155904","中山大学-345","SYSU_345","中山大学","Sun Yat-sen University","广东省","广州","蔡震轩","钟梓俊/蔡震轩/江雨桐","张子臻","REVIEWED","2025-08-26T12:50:39Z"
"1960323850389032960","中山大学-深度睡眠","SYSU_DeepSleep-R1","中山大学","Sun Yat-sen University","广东省","广州","刘亘煊","黄一凡/刘亘煊/许钢帆","张子臻","REVIEWED","2025-08-26T12:50:01Z"
"1960323666842095616","中山大学-永不倒闭","SYSU_Unsolved No More","中山大学","Sun Yat-sen University","广东省","广州","廖海涛","廖海涛/何亮/陈浩贤","张子臻","REVIEWED","2025-08-26T12:49:17Z"
"1960323464068468736","中山大学-2333er","SYSU_2333er","中山大学","Sun Yat-sen University","广东省","广州","刘翔乐","高艺桐/刘翔乐/高祖伟","张子臻","REVIEWED","2025-08-26T12:48:29Z"
"1960320285843001344","延边大学1队","Yanbian University Team 1","延边大学","Yanbian University","吉林省","延边朝鲜族自治州","陈子谦","陈子谦/成子鸣/周煊毅","王金祥","REVIEWED","2025-08-26T12:35:51Z"
"1960311524298461184","雨","rain","河南大学","Henan University","河南省","开封","朱德良","朱德良/刘永斌/陈俊峰","王建林","REVIEWED","2025-08-26T12:01:02Z"
"1960311476999294976","自由发挥","freestyle","河南大学","Henan University","河南省","开封","李锦辉","尤铭/李锦辉/魏文博","王建林","REVIEWED","2025-08-26T12:00:51Z"
"1960310640457945088","其实我更会种树","Actually, I'm better at planting trees","东北林业大学","Northeast Forestry University","黑龙江省","哈尔滨","吕亮","吕亮/李轶/王中宇","陈宇","REVIEWED","2025-08-26T11:57:32Z"
"1960310573084839936","哈计迷","Ha Ji Fan","东北林业大学","Northeast Forestry University","黑龙江省","哈尔滨","张连鹏","李辉宇/吴桐/张连鹏","陈宇","REVIEWED","2025-08-26T11:57:16Z"
"1960309586286743552","绝不会忘记","never forget","集美大学","Jimei University","福建省","厦门","刘烨冬","刘烨冬/韩斌/李清域","张庆","REVIEWED","2025-08-26T11:53:20Z"
"1960306735082770432","沉入奈落之底","Drown in the Abyss","上海电力大学","Shanghai University of Electric Power","上海市","上海","朱凯年","朱凯年/胡凌/王鼎皓","李博","REVIEWED","2025-08-26T11:42:01Z"
"1960306377455439872","真的纯粹嘛","Truly Pure?","上海电力大学","Shanghai University of Electric Power","上海市","上海","岑之皓","岑之皓/雷健/苏梓豪","李博","REVIEWED","2025-08-26T11:40:35Z"
"1960306035334451200","三个火枪手","The Three Musketeers","上海电力大学","Shanghai University of Electric Power","上海市","上海","陈铭","陈铭/霍渝陈/熊佳豪","李博","REVIEWED","2025-08-26T11:39:14Z"
"1960305733608804352","爆裂黎明","beng！","上海电力大学","Shanghai University of Electric Power","上海市","上海","徐思睿","徐思睿/朱建诚/李昊","李博","REVIEWED","2025-08-26T11:38:02Z"
"1960304568540205056","哈基米","South-North Long Way","上海电力大学","Shanghai University of Electric Power","上海市","上海","林奕恒","林奕恒/刘栩年/许青峰","李博","REVIEWED","2025-08-26T11:33:24Z"
"1960304166067376128","ac是你的谎言","AC is a Lie","上海电力大学","Shanghai University of Electric Power","上海市","上海","杨逸凡","杨逸凡/吴浩天/鲍梦佳","李博","REVIEWED","2025-08-26T11:31:48Z"
"1960303701837615104","鼠鼠也能得吃ICPC大金吗？","The Threshold Breakers","上海电力大学","Shanghai University of Electric Power","上海市","上海","余子豪","余子豪/陈多/李玥辰","李博","REVIEWED","2025-08-26T11:29:57Z"
"1960303206536450048","迪亦昂牧","Damn","广东东软学院","Neusoft Institute Guangdong","广东省","佛山","康忠毅","康忠毅/程林雄/彭忠政","杨超","REVIEWED","2025-08-26T11:27:59Z"
"1960298122171781120","什么都不队","all  or  nothing","中原工学院","Zhongyuan University Of Technology","河南省","郑州","赵松伟","赵松伟/陈万通/郭浩","崔岩","REVIEWED","2025-08-26T11:07:47Z"
"1960291288635543552","ICPC速通队","ICPC Speedrun AK%","香港科技大学（广州）","The Hong Kong University of Science and Technology (Guangzhou)","广东省","广州","王海彬","王海彬/张子涵/司徒子瑄","孙莹","REVIEWED","2025-08-26T10:40:38Z"
"1960289303697952768","无限罚时制","Unlimitted Penalty Works","香港科技大学（广州）","The Hong Kong University of Science and Technology (Guangzhou)","广东省","广州","王智渊","陈志屹/黎志凌/王智渊","孙莹","REVIEWED","2025-08-26T10:32:45Z"
"1960283207675547648","酒笙清栀","AC Without Pain","吉林大学","Jilin University","吉林省","长春","柳湛博","柳湛博/高珺/梁家铭","吕帅","REVIEWED","2025-08-26T10:08:31Z"
"1960283046949818368","松弛感","being zen","武昌理工学院","Wuchang University of Technology","湖北省","武汉","赵子谦","赵子谦/张庆颖/姜金成","黄薇","REVIEWED","2025-08-26T10:07:53Z"
"1960282993396944896","幻日","Die Nebensonnen","吉林大学","Jilin University","吉林省","长春","刘鑫宇","刘鑫宇/龙麒旭/杨翔宇","吕帅","REVIEWED","2025-08-26T10:07:40Z"
"1960282678325022720","夏日空调幻想时刻","Final Fantasy: Summer Aircondition","吉林大学","Jilin University","吉林省","长春","周浩宇","周浩宇/朱明昊/王福峥","吕帅","REVIEWED","2025-08-26T10:06:25Z"
"1960282452663078912","罚时天王","The King of Penalty","吉林大学","Jilin University","吉林省","长春","钟姝伶","钟姝伶/鞠学深/李雨隆","吕帅","REVIEWED","2025-08-26T10:05:31Z"
"1960282267773964288","白毛红瞳小萝莉","Shiro","吉林大学","Jilin University","吉林省","长春","何旭","何旭/林辰旭/林钰博","吕帅","REVIEWED","2025-08-26T10:04:47Z"
"1960282075519651840","栈深不知处","Bottomless Stack","吉林大学","Jilin University","吉林省","长春","毛胜超","毛胜超/王星皓/石津豪","吕帅","REVIEWED","2025-08-26T10:04:01Z"
"1960281844883263488","火箭毛毛虫","RocketWorm","吉林大学","Jilin University","吉林省","长春","康德润","康德润/刘雅奇/程宇星","吕帅","REVIEWED","2025-08-26T10:03:06Z"
"1960281641937670144","一发猜对","One-shot Guess","吉林大学","Jilin University","吉林省","长春","拱垲","拱垲/张健哲/袁英麒","吕帅","REVIEWED","2025-08-26T10:02:18Z"
"1960281415499780096","未来纵澜","Surging Into The Future","吉林大学","Jilin University","吉林省","长春","刘昱","刘昱/王宗凡/张力文","吕帅","REVIEWED","2025-08-26T10:01:24Z"
"1960281216345837568","终焉夜雨","Ending Rain","吉林大学","Jilin University","吉林省","长春","席乐媛","席乐媛/欧阳承风/唐德睿","吕帅","REVIEWED","2025-08-26T10:00:36Z"
"1960281065531248640","久世浮倾","Eons Adrift","吉林大学","Jilin University","吉林省","长春","孔泉智","孔泉智/邱天/赵星宇","吕帅","REVIEWED","2025-08-26T10:00:00Z"
"1960280816670609408","故障吉奇人","The Defect","吉林大学","Jilin University","吉林省","长春","于之航","于之航/陈鹏旭/徐梓博","吕帅","REVIEWED","2025-08-26T09:59:01Z"
"1960277618840965120","亚托莉","atri","河南财经政法大学","Henan University of Economics and Law","河南省","郑州","赵政","赵政/丁鑫钰/冯哲","万金梁","REVIEWED","2025-08-26T09:46:19Z"
"1960276301980504064","爆零这种事不要啊","No Zero Score Please!","河南财经政法大学","Henan University of Economics and Law","河南省","郑州","平泽川","平泽川/崔英骙/张奕彤","万金梁","REVIEWED","2025-08-26T09:41:05Z"
"1960275485945106432","三人行","sanrenxing","新疆大学","Xinjiang University","新疆维吾尔自治区","乌鲁木齐","赵文彪","赵文彪/梁家祥/肖甲昊","张凯","REVIEWED","2025-08-26T09:37:50Z"
"1960274642453794816","宝了个贝的","Muddle Fudger","新疆大学","Xinjiang University","新疆维吾尔自治区","乌鲁木齐","张立","张立/邱桐/陶文喆","张凯","REVIEWED","2025-08-26T09:34:29Z"
"1960274417144172544","iron medal show show way","iron medal show show way","新疆大学","Xinjiang University","新疆维吾尔自治区","乌鲁木齐","张家豪","张家豪/李昊宇/马凯","张凯","REVIEWED","2025-08-26T09:33:35Z"
"1960274030794248192","AC自动机不能自动AC","AC auto j no can auto AC","新疆大学","Xinjiang University","新疆维吾尔自治区","乌鲁木齐","李康森","李康森/耿子卓/谢安","张凯","REVIEWED","2025-08-26T09:32:03Z"
"1960272921799299072","我是小菜菜","I am Xiao Caicai","新疆大学","Xinjiang University","新疆维吾尔自治区","乌鲁木齐","唐成思","唐成思/杨傢惠/陈亦红","张凯","REVIEWED","2025-08-26T09:27:39Z"
"1960270493829959680","过了样例就能队","sleep and accepted","香港科技大学（广州）","The Hong Kong University of Science and Technology (Guangzhou)","广东省","广州","黄方哲","黄方哲/廖家民/郑杨一轩","孙莹","REVIEWED","2025-08-26T09:18:00Z"
"1960265853897936896","科成4队","CDUESTC-4","电子科技大学成都学院","Chengdu College of University of Electronic Science and Technology of China","四川省","成都","蒋丽国","高冷越/蒋丽国/张鹏程","龙茵","REVIEWED","2025-08-26T08:59:34Z"
"1960265098747056128","科成3队","CDUESTC-3","电子科技大学成都学院","Chengdu College of University of Electronic Science and Technology of China","四川省","成都","周永发","许锐/杨乐雨/周永发","龙茵","REVIEWED","2025-08-26T08:56:34Z"
"1960264425204748288","科成2队","CDUESTC-2","电子科技大学成都学院","Chengdu College of University of Electronic Science and Technology of China","四川省","成都","王硕","王硕/尹建鸿/胡新隆","龙茵","REVIEWED","2025-08-26T08:53:53Z"
"1960263712198234112","科成1队","CDUESTC-1","电子科技大学成都学院","Chengdu College of University of Electronic Science and Technology of China","四川省","成都","蒋一","卢林烁/蒋一/杨喻鹏","龙茵","REVIEWED","2025-08-26T08:51:03Z"
"1960258803478433792","仲夏夜之金梦","Once Upon a Dream in Guangzhou","香港科技大学（广州）","The Hong Kong University of Science and Technology (Guangzhou)","广东省","广州","钟嘉宸","王语诺/钟嘉宸/吴星智","孙莹","REVIEWED","2025-08-26T08:31:33Z"
"1960257121243762688","破茧成蝶","Break into butterfly","齐齐哈尔大学","Qiqihar University","黑龙江省","齐齐哈尔","卢家昊","卢家昊/黄泽辉/廖君辉","金涛","REVIEWED","2025-08-26T08:24:52Z"
"1960256026945654784","因为太怕 WA 就全点大模拟了","Fear WA, all in inplementation","香港科技大学（广州）","The Hong Kong University of Science and Technology (Guangzhou)","广东省","广州","王向前","王向前/罗浩/储文皓","熊辉","REVIEWED","2025-08-26T08:20:31Z"
"1960255157822951424","那很有生活了","That's good","香港科技大学（广州）","The Hong Kong University of Science and Technology (Guangzhou)","广东省","广州","刘芮宇","刘芮宇/许博涵/左眩瑞","孙莹","REVIEWED","2025-08-26T08:17:04Z"
"1960254724983361536","#define long long long","#define long long long","香港科技大学（广州）","The Hong Kong University of Science and Technology (Guangzhou)","广东省","广州","张晋杰","张晋杰/郑凯文/叶秉宪","熊辉","REVIEWED","2025-08-26T08:15:20Z"
"1960254266805981184","我坐戏子楼台前","Firefly on the star","香港科技大学（广州）","The Hong Kong University of Science and Technology (Guangzhou)","广东省","广州","郭沣","宋锦儒/郭沣/赖宣宇","熊辉","REVIEWED","2025-08-26T08:13:31Z"
"1960253803683516416","惠风和畅，鹏程万里","xh good,zpc best","香港科技大学（广州）","The Hong Kong University of Science and Technology (Guangzhou)","广东省","广州","李小乐","李小乐/黄彦杰/陈欣怡","熊辉","REVIEWED","2025-08-26T08:11:41Z"
"1960253462472691712","火龙果队","Dragon Fruit","香港科技大学（广州）","The Hong Kong University of Science and Technology (Guangzhou)","广东省","广州","王子翔","王子翔/黎殷豪/王浩然","孙莹","REVIEWED","2025-08-26T08:10:19Z"
"1960241053469118464","无所谓，我会 AC","return AC;","常熟理工学院（已改名）","","江苏省","","张威","张威/黄尔嘉/陈家瑞","聂盼红","REVIEWED","2025-08-26T07:21:01Z"
"1960239210580021248","那就不要再留遗憾了吧","do better!","南京理工大学泰州科技学院","Taizhou Institute of Sci. & Tech., NJUST.","江苏省","泰州市","王烨炜","王烨炜/姜浩琦/王浩","李丛","REVIEWED","2025-08-26T07:13:41Z"
"1960233093695148032","好好好","New Bee","大连民族大学","Dalian Minzu University","辽宁省","大连","钟子卿","叶柏驿/钟子卿/徐鹏程","于艳莉","REVIEWED","2025-08-26T06:49:23Z"
"1960232791260663808","不说话就随便取一个","All the Best","大连民族大学","Dalian Minzu University","辽宁省","大连","袁进","陈彦达/袁进/邱连庆","于艳莉","REVIEWED","2025-08-26T06:48:11Z"
"1960232452457369600","该起队名了","English team name","大连民族大学","Dalian Minzu University","辽宁省","大连","卜龙宇","卜龙宇/郭莹莹/丁维昌","于艳莉","REVIEWED","2025-08-26T06:46:50Z"
"1960232236022894592","我们有个队员六级没过哈哈哈","CET-6 is too hard!!!","大连民族大学","Dalian Minzu University","辽宁省","大连","乌汗图","乌汗图/徐永琦/王发兴","于艳莉","REVIEWED","2025-08-26T06:45:59Z"
"1960231995538280448","获得成就:拼好队","AC Online","大连民族大学","Dalian Minzu University","辽宁省","大连","王玲","王玲/廖立华/赵烺","于艳莉","REVIEWED","2025-08-26T06:45:01Z"
"1960229335275802624","SZTU_云中锦书","SZTU_CloudLetter","深圳技术大学","Shenzhen Technology University","广东省","深圳","徐鑫","徐鑫/杨丰瑜/张可怡","郭云镝","REVIEWED","2025-08-26T06:34:27Z"
"1960229159580602368","SZTU_鸡砖挖掘机","SZTU_developer","深圳技术大学","Shenzhen Technology University","广东省","深圳","王正","王正/张家乐/许榕鑫","郭云镝","REVIEWED","2025-08-26T06:33:45Z"
"1960228918546534400","SZTU_没有她的四月","SZTU_The April without her","深圳技术大学","Shenzhen Technology University","广东省","深圳","邹宇峰","邹宇峰/郑彬涛/纪锐津","郭云镝","REVIEWED","2025-08-26T06:32:48Z"
"1960228679471206400","SZTU_睡一觉就AC","SZTU_SleepSort","深圳技术大学","Shenzhen Technology University","广东省","深圳","邓浩盛","邓浩盛/王枫/孟晖","郭云镝","REVIEWED","2025-08-26T06:31:51Z"
"1960228477687435264","SZTU_未闻WA名","SZTU_Never Heard WA","深圳技术大学","Shenzhen Technology University","广东省","深圳","伊轩文","伊轩文/罗星辉/武家辉","郭云镝","REVIEWED","2025-08-26T06:31:03Z"
"1960228279573680128","SZTU_水银之毒","SZTU_Mercury Poison","深圳技术大学","Shenzhen Technology University","广东省","深圳","蔡泽垲","蔡泽垲/林坚炜/刘俊豪","郭云镝","REVIEWED","2025-08-26T06:30:15Z"
"1960224051794939904","TJUT_样例杀手不杀样例","TUT Algorists","天津理工大学","Tianjin University of Technology","天津市","天津","阴乐琪","陈丽多/董金帅/阴乐琪","王海燕","REVIEWED","2025-08-26T06:13:27Z"
"1960222637270110208","bug里找代码","Debug dog","绍兴理工学院","Shaoxing Institute of Technology","浙江省","绍兴","吴宇承","吴宇承/吕橙昱/王舒琪","杨婷","REVIEWED","2025-08-26T06:07:50Z"
"1960222330012176384","省赛没牌全怪奶龙","NaiLong's fault","绍兴理工学院","Shaoxing Institute of Technology","浙江省","绍兴","童晨旭","童晨旭/陈其康/刘洋","唐晓平","REVIEWED","2025-08-26T06:06:37Z"
"1960222102915780608","难道说","whenfield","绍兴理工学院","Shaoxing Institute of Technology","浙江省","绍兴","孙永勇","蔡佳音/胡凯淇/孙永勇","杨婷","REVIEWED","2025-08-26T06:05:43Z"
"1960221862636687360","做题5分钟翻译两小时","Not that short","绍兴理工学院","Shaoxing Institute of Technology","浙江省","绍兴","全仪","全仪/王李浩/刘思颖","唐晓平","REVIEWED","2025-08-26T06:04:45Z"
"1960221330375315456","因为怕看不懂题就全点翻译了","translation++","绍兴理工学院","Shaoxing Institute of Technology","浙江省","绍兴","陈佳俊","陈佳俊/马莉斯/谢琳涵","唐晓平","REVIEWED","2025-08-26T06:02:38Z"
"1960217553643638784","小猫雪豹和小学生","Kittens, snow leopards, and pupils","湖北第二师范学院","Hubei University of Education","湖北省","武汉","贺宇杰","贺宇杰/余子晗/陈仕钰","王海军","REVIEWED","2025-08-26T05:47:38Z"
"1960217226622144512","剑溯流光","Sword Tracing Back Time","湖北第二师范学院","Hubei University of Education","湖北省","武汉","胡博康","胡博康/陈愈仁/曾浩","王海军","REVIEWED","2025-08-26T05:46:20Z"
"1960216886120157184","whynot","whynot","湖北第二师范学院","Hubei University of Education","湖北省","武汉","陈瑞杰","陈瑞杰/魏传旭/肖梓恒","王海军","REVIEWED","2025-08-26T05:44:59Z"
"1960215910361468928","三世同堂","Three people play together","陕西科技大学","Shaanxi University of Science and Technology","陕西省","西安","崔宇乐","崔宇乐/马凌峰/何科航","吕舒","REVIEWED","2025-08-26T05:41:06Z"
"1960214088863322112","样例过了就是对","Sample Passed, Problem Passed!","韩山师范学院","Hanshan Normal University","广东省","潮州","陈震宇","吴楚斌/陈震宇/陈佳尉","田小霞","REJECTED","2025-08-26T05:33:52Z"
"1960213959582289920","深藏blue队","hide blue","河南科技学院","Henan Institute of Science and Technology","河南省","新乡","谢玉琳","谢玉琳/马华恩/徐飞","孙甲霞","REVIEWED","2025-08-26T05:33:21Z"
"1960213921690947584","Rose","玫瑰常开警告常在","韩山师范学院","Hanshan Normal University","广东省","潮州","黄梓颍","黄梓颍/黄子彪/韩健笙","田小霞","REJECTED","2025-08-26T05:33:12Z"
"1960213865696989184","重生ACM赛场之欢迎来到王者荣耀","honor of kings","河南科技学院","Henan Institute of Science and Technology","河南省","新乡","王得贤","王得贤/杨春露/王永卓","孙甲霞","REVIEWED","2025-08-26T05:32:59Z"
"1960213757353922560","这有一个队","this is dui","河南科技学院","Henan Institute of Science and Technology","河南省","新乡","龚晴晴","龚晴晴/孙景涵/李志伟","孙甲霞","REVIEWED","2025-08-26T05:32:33Z"
"1960213619852054528","重生之我在ACM赛场上原神启动","abcdefg","河南科技学院","Henan Institute of Science and Technology","河南省","新乡","赵禹铭","赵禹铭/马肖阳/田家杰","孙甲霞","REVIEWED","2025-08-26T05:32:00Z"
"1960209776951037952","兄弟你好香","bro you are fragrant","西安建筑科技大学","Xi’an University of Architecture and Technology","陕西省","西安","刘济荣","刘济荣/王思远/井宇航","王可","REVIEWED","2025-08-26T05:16:44Z"
"1960208516910813184","我样例过了","Wrong answer on test two","集美大学","Jimei University","福建省","厦门","林敬炜","林敬炜/王志珑/林卓毅","郑翠玲","REVIEWED","2025-08-26T05:11:44Z"
"1960207706952962048","远方","Beyond the Horizon","集美大学","Jimei University","福建省","厦门","洪韩毅","洪韩毅/陈华弘/廖杰如","贺冰琰","REVIEWED","2025-08-26T05:08:30Z"
"1960205571012038656","ak？蒜鸟，下次一定","CDJCACM3","成都锦城学院","Chengdu Jincheng College","四川省","成都","邱添骏","邱添骏/熊子晗/周咫轩","李丹","REVIEWED","2025-08-26T05:00:01Z"
"1960205212046725120","重在参与","CDJCACM2","成都锦城学院","Chengdu Jincheng College","四川省","成都","张锟鹏","张锟鹏/王依峡/张星童","李丹","REVIEWED","2025-08-26T04:58:36Z"
"1960204803295023104","哈基米南北绿豆","hachimi gogogo","常熟理工学院（已改名）","","江苏省","","刘震轩","刘震轩/杭雷/陈格格","聂盼红","REVIEWED","2025-08-26T04:56:58Z"
"1960204496741732352","樱花泪","CDJCACM1","成都锦城学院","Chengdu Jincheng College","四川省","成都","程义威","程义威/邓力豪","李丹","REVIEWED","2025-08-26T04:55:45Z"
"1960204438474461184","铁团","Team Iron","常熟理工学院（已改名）","","江苏省","","许家轩","许家轩/王豪龙/韩锐杰","聂盼红","REVIEWED","2025-08-26T04:55:31Z"
"1960202814377037824","超级卡比猎人队","50086-MW1","常熟理工学院（已改名）","","江苏省","","陈依高","陈依高/郑雨成/顾心媛","聂盼红","REVIEWED","2025-08-26T04:49:04Z"
"1960202737919070208","好好学习，天天向上","good good study,day day up.","江苏海洋大学","Jiangsu Ocean University","江苏省","连云港","房鸿铭","房鸿铭/刘好/孙京权","汪前进","REVIEWED","2025-08-26T04:48:46Z"
"1960195981637718016","昆杜四队","DKU Team 4","昆山杜克大学","Duke Kunshan University","江苏省","昆山","詹彭俊逸","徐奕天/陈缙举/詹彭俊逸","黄名畯","REVIEWED","2025-08-26T04:21:55Z"
"1960195874171260928","地平线号","SKD 176","山东科技大学","Shandong University of Science and Technology","山东省","青岛","邵嘉毅","邵嘉毅/张健/李瑞恒","吴振寰","REVIEWED","2025-08-26T04:21:29Z"
"1960195757724798976","昆杜三队","DKU Team 3","昆山杜克大学","Duke Kunshan University","江苏省","昆山","袁帅","袁帅/邱喆/虞颜裴","黄名畯","REVIEWED","2025-08-26T04:21:01Z"
"1960195439653949440","心宿号","SKD 9844","山东科技大学","Shandong University of Science and Technology","山东省","青岛","陈家祺","于冠华/陈家祺/马锐","吴振寰","REVIEWED","2025-08-26T04:19:46Z"
"1960195364559130624","昆杜二队","DKU Team 2","昆山杜克大学","Duke Kunshan University","江苏省","昆山","胡子","胡子/孙厚旻/袁天骏","黄名畯","REVIEWED","2025-08-26T04:19:28Z"
"1960195049491402752","昆杜一队","DKU Team 1","昆山杜克大学","Duke Kunshan University","江苏省","昆山","成秉翰","成秉翰/冯昊扬/吴以恒","黄名畯","REVIEWED","2025-08-26T04:18:13Z"
"1960194079768317952","就是玩","JustForFun","中国海洋大学","Ocean University Of China","山东省","青岛","肖昊然","肖昊然/肖逸轩/张斐翔","刘培顺","REVIEWED","2025-08-26T04:14:21Z"
"1960193796132704256","JavaFriedRice","JavaFriedRice","中国海洋大学","Ocean University Of China","山东省","青岛","王桂鑫","王杰/黄家伟/王桂鑫","刘培顺","REVIEWED","2025-08-26T04:13:14Z"
"1960193666046365696","STAYTER","STAYTER","中国海洋大学","Ocean University Of China","山东省","青岛","王楷宇","丁翊君/王楷宇/梁晁玮","刘培顺","REVIEWED","2025-08-26T04:12:43Z"
"1960193605090545664","天堂之风","Heavenly Gale","苏州大学","Soochow University (Jiangsu)","江苏省","苏州","李守旭","李守旭/刘雨欣/张博闻","李溍溍","REVIEWED","2025-08-26T04:12:28Z"
"1960193457459433472","养马王","HorseKing Cultivators","中国海洋大学","Ocean University Of China","山东省","青岛","杨辰方","王佳昊/杨辰方/马英硕","刘培顺","REVIEWED","2025-08-26T04:11:53Z"
"1960193069289181184","AC收割机","AC killer","中国海洋大学","Ocean University Of China","山东省","青岛","刘云松","刘云松/何禹颃/罗标麟","刘培顺","REVIEWED","2025-08-26T04:10:21Z"
"1960192813931565056","请输入文本","""Please enter the text ""","中国海洋大学","Ocean University Of China","山东省","青岛","彭俊皓","彭俊皓/真笑君/韩欣宇","刘培顺","REVIEWED","2025-08-26T04:09:20Z"
"1960190997542080512","全部都给我AC队","Binary Overlord Command Unit","中国海洋大学","Ocean University Of China","山东省","青岛","李曾洋","袁晨/李曾洋/罗雅芳","刘培顺","REVIEWED","2025-08-26T04:02:07Z"
"1960190888850886656","海马程序员","SeahorseProgrammers","中国海洋大学","Ocean University Of China","山东省","青岛","聂宇航","聂宇航/袁东霖/单衍喆","刘培顺","REVIEWED","2025-08-26T04:01:41Z"
"1960189553678094336","星座号","SKD 1017","山东科技大学","Shandong University of Science and Technology","山东省","青岛","彭越高","陈新杰/王文琪/彭越高","吴振寰","REVIEWED","2025-08-26T03:56:22Z"
"1960189210273648640","普林斯顿号","SKD 59804","山东科技大学","Shandong University of Science and Technology","山东省","青岛","高宇","郭文凯/高宇/密启正","吴振寰","REVIEWED","2025-08-26T03:55:00Z"
"1960188983441494016","章鱼法师","Ominous Umbral Cephalopod","中国海洋大学","Ocean University Of China","山东省","青岛","袁瑞彬","袁瑞彬/朱先锐/李明朗","刘培顺","REVIEWED","2025-08-26T03:54:06Z"
"1960188877371740160","疯马号","SKD 50446","山东科技大学","Shandong University of Science and Technology","山东省","青岛","姜山","孟振江/马亿南/姜山","吴振寰","REVIEWED","2025-08-26T03:53:41Z"
"1960188524806934528","阿瓦隆号","SKD 63284","山东科技大学","Shandong University of Science and Technology","山东省","青岛","董鑫磊","魏恒焱/董鑫磊/王浩然","吴振寰","REVIEWED","2025-08-26T03:52:17Z"
"1960188005275275264","真理号","SKD 97001","山东科技大学","Shandong University of Science and Technology","山东省","青岛","曹嘉豪","曹嘉豪/荣耀/白峻豪","吴振寰","REVIEWED","2025-08-26T03:50:13Z"
"1960186420272959488","Auntitled","Auntitled","中国海洋大学","Ocean University Of China","山东省","青岛","李好","李好/杨恩睿/马子杰","刘培顺","REVIEWED","2025-08-26T03:43:55Z"
"1960186178911735808","结束乐队","Kessoku banndo","中国海洋大学","Ocean University Of China","山东省","青岛","汪希","汪希/汤琦/刘翼晨","刘培顺","REVIEWED","2025-08-26T03:42:58Z"
"1960184177243066368","黄金9","Gold-9","天津大学","Tianjin University","天津市","天津","李佳璘","李佳璘/刘天轩/冯开淇","赵满坤","REVIEWED","2025-08-26T03:35:00Z"
"1960184124524859392","八骏宏图","Eight Steeds' Aspiration","天津大学","Tianjin University","天津市","天津","崔亚鑫","崔亚鑫/郑铮/靳佳琦","赵满坤","REVIEWED","2025-08-26T03:34:48Z"
"1960184084884492288","你们好啊，我是铁墓，我要感染评测机了","runtime terror","天津大学","Tianjin University","天津市","天津","王琳瑄","王琳瑄/沈陈林/秦成信","赵满坤","REVIEWED","2025-08-26T03:34:38Z"
"1960184042337472512","WA不哇塞","WA?Nah,WoW!","天津大学","Tianjin University","天津市","天津","赵文瑞","张文正/赵文瑞/陈文韬","赵满坤","REVIEWED","2025-08-26T03:34:28Z"
"1960183999371022336","调一下午还不队","Debug whole day, WA, sad sad","天津大学","Tianjin University","天津市","天津","周北辰","周北辰/王心桐/刘泽培","赵满坤","REVIEWED","2025-08-26T03:34:18Z"
"1960183958778548224","【已被标记为菜鸡】","[has been flaged as CAI]","天津大学","Tianjin University","天津市","天津","韦德敏","刘清源/韦德敏/张纪同","赵满坤","REVIEWED","2025-08-26T03:34:08Z"
"1960183903313072128","玩三角洲玩的","played delta force","天津大学","Tianjin University","天津市","天津","黄文聪","黄文聪/山武弘/王煜杰","赵满坤","REVIEWED","2025-08-26T03:33:55Z"
"1960183860006883328","^v^","^v^","天津大学","Tianjin University","天津市","天津","王嘉晨","王嘉晨/万文彬/张翔智","赵满坤","REVIEWED","2025-08-26T03:33:45Z"
"1960183812313452544","WA自动机","WA automation","天津大学","Tianjin University","天津市","天津","郭智柯","郭智柯/曾瑞/丁浩然","赵满坤","REVIEWED","2025-08-26T03:33:33Z"
"1960178093052792832","队仨","Three Points","清华大学","Tsinghua University","北京市","北京","宋浩然","张力玺/宋浩然/刘乐天","邬晓钧","REVIEWED","2025-08-26T03:10:50Z"
"1960177638897750016","菜狗之我要重生","if(vegetable())practice();","常熟理工学院（已改名）","","江苏省","","戈心宇","戈心宇/丁钰铸/宋顾嘉","聂盼红","REVIEWED","2025-08-26T03:09:02Z"
"1960175369808646144","测评机再救我一次","The evaluation machine saved me again","西安建筑科技大学","Xi’an University of Architecture and Technology","陕西省","西安","张渊博","张渊博/邹凯/李家琦","王可","REVIEWED","2025-08-26T03:00:01Z"
"1960170488670588928","队都的说哀原灰","oG stginkrA","安徽师范大学","Anhui Normal University","安徽省","芜湖","许居尚","许居尚/高翔/火天宝","赵诚","REVIEWED","2025-08-26T02:40:37Z"
"1960169806592872448","很弱的低手","Legendary Grand Newbie","武汉大学","Wuhan University","湖北省","武汉","罗汇翔","张心悦/罗汇翔/蔡骐羽","董文永","REVIEWED","2025-08-26T02:37:54Z"
"1960168753726099456","AC智能体","AC Agent","陕西科技大学","Shaanxi University of Science and Technology","陕西省","西安","胡跃","胡跃/段焜元/李瑜佳","吕舒","REVIEWED","2025-08-26T02:33:43Z"
"1960167086909689856","丁真和他的动物朋友","DingZhen with his animal friends","华北电力大学（保定）","North China Electric Power University (Baoding)","河北省","保定","唐逸凡","唐逸凡/杨依桐/余彭","刘军","REVIEWED","2025-08-26T02:27:06Z"
"1960166841983307776","pwq不会起名字、","PwQ Can't Name It","华北电力大学（保定）","North China Electric Power University (Baoding)","河北省","保定","潘语博","王宇灿/潘语博/朱欣旗","刘军","REVIEWED","2025-08-26T02:26:07Z"
"1960166791899123712","SMU2505","SMU2505","西南民族大学","Southwest Minzu University","四川省","成都","傅子益","傅子益/甘梓廷/江星星","周绪川","REVIEWED","2025-08-26T02:25:55Z"
"1960166661456269312","四个二带双王","Four Deuces with Twin Jokers","华北电力大学（保定）","North China Electric Power University (Baoding)","河北省","保定","梁朝阳","梁朝阳/戴炜轩/武献宇","刘军","REVIEWED","2025-08-26T02:25:24Z"
"1960166472402210816","红绿色奶龙","Red and Green Milk Loong","华北电力大学（保定）","North China Electric Power University (Baoding)","河北省","保定","朱浩宇","黄佳乐/刘强/朱浩宇","刘军","REVIEWED","2025-08-26T02:24:39Z"
"1960166443667034112","SMU2504","SMU2504","西南民族大学","Southwest Minzu University","四川省","成都","项若楚","项若楚/李涛/王杰","周绪川","REVIEWED","2025-08-26T02:24:32Z"
"1960163373126127616","0d00爆吃0721发罚时用粉色起爆器炸毁评测机","Ciallo","河海大学","Hohai University","江苏省","南京","蔡志谦","蔡志谦/郭景星/高铎","张雪洁","REVIEWED","2025-08-26T02:12:20Z"
"1960161852980334592","长征5队","Long March 5","哈尔滨理工大学威海校区","Harbin University of Science and Technology, Wei Hai","山东省","威海","宋嘉铭","宋嘉铭/王颖辉/李佳馨","李胜利","REJECTED","2025-08-26T02:06:18Z"
"1960161778086842368","长征4队","Long March 4","哈尔滨理工大学威海校区","Harbin University of Science and Technology, Wei Hai","山东省","威海","姜鸿勃","姜鸿勃/王映清/袁佳树","李胜利","REJECTED","2025-08-26T02:06:00Z"
"1960161719341420544","长征3队","Long March 3","哈尔滨理工大学威海校区","Harbin University of Science and Technology, Wei Hai","山东省","威海","崔智身","车广浩/张迈/崔智身","李胜利","REJECTED","2025-08-26T02:05:46Z"
"1960161658167496704","长征2队","Long March  2","哈尔滨理工大学威海校区","Harbin University of Science and Technology, Wei Hai","山东省","威海","田文彬","田文彬/姜文韬/杨炎明","李胜利","REJECTED","2025-08-26T02:05:32Z"
"1960161589930364928","长征1队","Long March 1","哈尔滨理工大学威海校区","Harbin University of Science and Technology, Wei Hai","山东省","威海","董骐睿","董骐睿/赵兴广/晁鲁","李胜利","REJECTED","2025-08-26T02:05:15Z"
"1960158371930312704","acmer也是五字神人","fosu1","佛山大学","Foshan University","广东省","佛山","沈珈庆","沈珈庆/冯嘉华/刘剑东","闫凯","REVIEWED","2025-08-26T01:52:28Z"
"1960158225653960704","粉狗冲鸭","DoroGO!!!!!","佛山大学","Foshan University","广东省","佛山","洪凯泰","洪凯泰/刘骏学/陈凯鹏","闫凯","REVIEWED","2025-08-26T01:51:53Z"
"1960154969330552832","别骂了我在努力A了","Stop scolding，I'm trying to Accept","南京理工大学泰州科技学院","Taizhou Institute of Sci. & Tech., NJUST.","江苏省","泰州市","祁凯宇","祁凯宇/王文楠/黄凯斌","李丛","REVIEWED","2025-08-26T01:38:57Z"
"1960149845115801600","Hello World","Hello World","安阳师范学院","Anyang Normal University","河南省","安阳","李聪","李聪/刘金梁/王镜卓","刘凌霞","REVIEWED","2025-08-26T01:18:35Z"
"1960149551246086144","栈满为患","L+2Z","安阳师范学院","Anyang Normal University","河南省","安阳","张常璞","张常璞/张靖博/刘航宇","刘凌霞","REVIEWED","2025-08-26T01:17:25Z"
"1960147883213328384","把你们都变成猫娘喵!","Catgirl Creation, Begin!","西交利物浦大学","Xi’an Jiaotong-Liverpool University","江苏省","苏州","陈冬彦","陈冬彦/沙思航/王子谦","潘昱杉","REVIEWED","2025-08-26T01:10:47Z"
"1960139715737423872","哈基米南北绿豆哈西","Honey and Mung Beans from Northern & Southern China","惠州学院","Huizhou University","广东省","惠州","廖炬鸿","廖炬鸿/蔡智锋/蔡贵顺","关兵","REVIEWED","2025-08-26T00:38:20Z"
"1960127029012205568","想不出来队名","no name","太原科技大学","Taiyuan University of Science and Technology","山西省","太原","马君宇","马君宇/王雯斐/王栋骞","武雯昱","REVIEWED","2025-08-25T23:47:55Z"
"1960110988647337984","寒蝉鸣泣之时","Higurashi","上海大学","Shanghai University","上海市","上海","邢儒戈","邢儒戈/李嘉诚/阮一城","沈俊","REVIEWED","2025-08-25T22:44:11Z"
"1960110670333218816","我们仍未知道那天金牌题的做法","how gold","上海大学","Shanghai University","上海市","上海","焦艺峰","蔡轩/焦艺峰/董晨阳","沈俊","REVIEWED","2025-08-25T22:42:55Z"
"1960110360990715904","鼠SHU不想WA","SHU04","上海大学","Shanghai University","上海市","上海","陈启鸿","陈启鸿/刘洲宏/尚锦浩","沈俊","REVIEWED","2025-08-25T22:41:41Z"
"1960109923772272640","全做不队","404teamfound","上海大学","Shanghai University","上海市","上海","郭懿涵","郭懿涵/赵文宇/陈亦善","沈俊","REVIEWED","2025-08-25T22:39:57Z"
"1960109602882850816","对对对","ACACAC","上海大学","Shanghai University","上海市","上海","潘子扬","潘子扬/吴宇辉/聂冬亮","沈俊","REVIEWED","2025-08-25T22:38:41Z"
"1960108394671640576","蒟蒻联盟","Konjoke Alliance","上海大学","Shanghai University","上海市","上海","陈仕杰","陈仕杰/戴于洋/包嘉旻","沈俊","REVIEWED","2025-08-25T22:33:52Z"
"1960107926667005952","i64","i64","上海大学","Shanghai University","上海市","上海","陈勇","陈勇/邱吉睿/韦杰恒","沈俊","REVIEWED","2025-08-25T22:32:01Z"
"1960107390605594624","树上猫猫头","Hajimi in the tree","上海大学","Shanghai University","上海市","上海","房辰燏","房辰燏/耿鹏成/松浩然","沈俊","REVIEWED","2025-08-25T22:29:53Z"
"1960049809744859136","亡命之徒","Desperado","大连理工大学盘锦校区（重复）","","","","曹瀚文","陈嘉佑/曹瀚文/杨镇熙","焦力宾","REVIEWED","2025-08-25T18:41:05Z"
"1960013722838241280","答案飞来","Accepted Locally","南昌航空大学科技学院","Science and Technology College of NCHU","江西省","九江","黄宇","黄宇/杨国栋/郭阳","方正儒","REVIEWED","2025-08-25T16:17:41Z"
"1960012864050302976","陈佳茜最可爱了","Zzzz","南昌航空大学科技学院","Science and Technology College of NCHU","江西省","九江","陈子政","陈子政/丁佳逸/陈佳茜","方正儒","REVIEWED","2025-08-25T16:14:16Z"
"1960006457414520832","终帆","The Last Voyage","华中科技大学","Huazhong University of Science and Technology","湖北省","武汉","吴高宇","吴高宇/朱雨程/阮弘毅","何琨","REVIEWED","2025-08-25T15:48:49Z"
"1960005471400759296","这是一个很重要的问题","An important problem","武汉大学","Wuhan University","湖北省","武汉","苏雨硕","苏雨硕/杨博文/陈明德","董文永","REVIEWED","2025-08-25T15:44:54Z"
"1960005284175417344","菠萝催学","Pineapple Snow","武汉大学","Wuhan University","湖北省","武汉","张明宇","扶阳/黄羽翔/张明宇","董文永","REVIEWED","2025-08-25T15:44:09Z"
"1960000981964558336","关于想取一个抽象的名字但是想不出来这件事","without name","南昌航空大学科技学院","Science and Technology College of NCHU","江西省","九江","陈泳旭","陈泳旭/吴盈凯/梁瀚森","方正儒","REVIEWED","2025-08-25T15:27:03Z"
"1960000794873434112","三蓝两题，铁定晋级","3Blues2Solves1Iron, GGWP","华南理工大学","South China University of Technology","广东省","广州","马成均","欧天毅/邵弈/马成均","冼楚华","REVIEWED","2025-08-25T15:26:19Z"
"1960000709846503424","不喝可乐","No Cola","华南理工大学","South China University of Technology","广东省","广州","李霖峰","李霖峰/郭浩宸/崔东旭","冼楚华","REVIEWED","2025-08-25T15:25:58Z"
"1959998376139952128","广外2队","gdufs2","广东外语外贸大学","Guangdong University of Foreign Studies","广东省","广州","罗梓元","罗梓元/甄浩鹏/钟振宇","郑琪","REVIEWED","2025-08-25T15:16:42Z"
"1959998301061910528","广外1队","gdufs1","广东外语外贸大学","Guangdong University of Foreign Studies","广东省","广州","麦思睿","麦思睿/梁国祥/王祉乔","郑琪","REVIEWED","2025-08-25T15:16:24Z"
"1959992209321889792","平院1队","pdsu01","平顶山学院","Pingdingshan University","河南省","平顶山","安博森","安博森/马利航/张亳滔","李永明","REVIEWED","2025-08-25T14:52:12Z"
"1959987122021208064","再A一题","TGU11","天津工业大学","Tiangong University","天津市","天津","尹子恒","尹子恒/尹灵宝/马英程","任淑霞","REVIEWED","2025-08-25T14:31:59Z"
"1959987051707895808","发际线和我作队","Boonie Bears‌","湖南财政经济学院","Hunan University of Finance and Economics","湖南省","长沙","王宇盛","王宇盛/凡琪勇/李忠雲","卢泽斌","REVIEWED","2025-08-25T14:31:42Z"
"1959986897307176960","算法三剑客","TGU10","天津工业大学","Tiangong University","天津市","天津","蒋胜贤","蒋胜贤/鹿晓帅/张一诺","任淑霞","REVIEWED","2025-08-25T14:31:05Z"
"1959986876222410752","铁汁，别生气","LXZ","湖南财政经济学院","Hunan University of Finance and Economics","湖南省","长沙","肖科","肖科/曾锐敏/罗上","卢泽斌","REVIEWED","2025-08-25T14:31:00Z"
"1959986751483809792","死手快敲","Dead hands knock quickly","湖南财政经济学院","Hunan University of Finance and Economics","湖南省","长沙","阳金波","阳金波/申维聪/张帆","卢泽斌","REVIEWED","2025-08-25T14:30:31Z"
"1959986636220141568","为美好的世界献上AC！","Offer an AC to this wonderful world!","湖南财政经济学院","Hunan University of Finance and Economics","湖南省","长沙","彭美青","彭美青/彭嘉庆/孙国力","卢泽斌","REVIEWED","2025-08-25T14:30:03Z"
"1959986560269684736","""代码对不""队","TGU09","天津工业大学","Tiangong University","天津市","天津","李文浩","李文浩/周祉佑/刘川川","任淑霞","REVIEWED","2025-08-25T14:29:45Z"
"1959986264340566016","疯狂星期四V我50","TGU08","天津工业大学","Tiangong University","天津市","天津","吴嘉琪","吴嘉琪/王宇亮/宋佳烨","任淑霞","REVIEWED","2025-08-25T14:28:34Z"
"1959986048220663808","#include<队友的脑子>","TGU06","天津工业大学","Tiangong University","天津市","天津","黎尚京","黎尚京/韩博成/李昊轩","任淑霞","REVIEWED","2025-08-25T14:27:43Z"
"1959985799896895488","组一辈子乐队","TGU05","天津工业大学","Tiangong University","天津市","天津","黄劲","黄劲/王伊杰/崔翔栋","任淑霞","REVIEWED","2025-08-25T14:26:44Z"
"1959985593683939328","贪心全靠猜","TGU04","天津工业大学","Tiangong University","天津市","天津","韩奕霖","韩奕霖/姚盛源/吴一凡","任淑霞","REVIEWED","2025-08-25T14:25:54Z"
"1959985360778432512","香香软软白白嫩嫩可可爱爱队","TGU03","天津工业大学","Tiangong University","天津市","天津","孙海杭","孙海杭/李俊贤/宫昌禹","任淑霞","REVIEWED","2025-08-25T14:24:59Z"
"1959985121535332352","祥子帮帮写","TGU02","天津工业大学","Tiangong University","天津市","天津","周浩","周浩/章若晨/水博翔","任淑霞","REVIEWED","2025-08-25T14:24:02Z"
"1959984931663384576","良田满穗","TGU01","天津工业大学","Tiangong University","天津市","天津","侯仁正","侯仁正/应嘉宇/李翊萌","任淑霞","REVIEWED","2025-08-25T14:23:17Z"
"1959984547972648960","师从王津","Teached by WJ","北京建筑大学","Beijing University of Civil Engineering and Architecture","北京市","北京","朱智睿","朱智睿/王弘毅/张禾","钱丽萍","REVIEWED","2025-08-25T14:21:45Z"
"1959976030364635136","你知道吗","Did you know","山西工程科技职业大学","Shanxi Vocational University of Engineering Science and Technology","山西省","晋中","王旭帆","王旭帆/唐震宇/王映鑫","杨丽英","REVIEWED","2025-08-25T13:47:54Z"
"1959972640347787264","只是有点难度","a bit challenging","中原工学院","Zhongyuan University Of Technology","河南省","郑州","倪中阳","张景杨/倪中阳/张朝伟","崔岩","REVIEWED","2025-08-25T13:34:26Z"
"1959972351511236608","当太阳升起，就把WA忘掉","When the sun rises, forget about WA.","厦门理工学院","Xiamen University of Technology","福建省","厦门","郑炜钦","郑炜钦/丁尔为/黄伟彬","谢彦麒","REVIEWED","2025-08-25T13:33:17Z"
"1959972215057944576","有了有了","YES,yes","厦门理工学院","Xiamen University of Technology","福建省","厦门","周子峰","周子峰/林佳剑/黄锦浩","张伟疆","REVIEWED","2025-08-25T13:32:45Z"
"1959972131985559552","我再也不玩mc了","I will never play MC again","厦门理工学院","Xiamen University of Technology","福建省","厦门","黄策","黄策/康宇/陈长志","谢彦麒","REVIEWED","2025-08-25T13:32:25Z"
"1959971896458612736","摆烂怪/亦或是新的开始","lumos/linbao","四川农业大学","Sichuan Agricultural University","四川省","雅安","林宝","林宝/周嘉诚","危疆树","REVIEWED","2025-08-25T13:31:29Z"
"1959971858063953920","烧烤一下队名","Barbecue Team Name","华南师范大学","South China Normal University","广东省","广州","梁敏豪","梁敏豪/呙荸帏/黄凯愉","陈寅","REVIEWED","2025-08-25T13:31:20Z"
"1959971729630171136","四世同堂——计院版","Four generations living together","华南师范大学","South China Normal University","广东省","广州","李寿炜","李寿炜/严雍泽/吴彪生","陈寅","REVIEWED","2025-08-25T13:30:49Z"
"1959971599078264832","过了样例就算对","Passing the Sample Counts as Correct","华南师范大学","South China Normal University","广东省","广州","丁林","曾翔/何文标/丁林","陈寅","REVIEWED","2025-08-25T13:30:18Z"
"1959971442869800960","队伍一定要有队名","A Team MUST Have a Name​","华南师范大学","South China Normal University","广东省","广州","陈理元","陈理元/肖逸/江炜健","陈寅","REVIEWED","2025-08-25T13:29:41Z"
"1959968197879402496","柏勒洛丰号","SKD 74705","山东科技大学","Shandong University of Science and Technology","山东省","青岛","张铭睿","徐学辉/张铭睿/朱继涛","吴振寰","REVIEWED","2025-08-25T13:16:47Z"
"1959967697322774528","鹰号","SKD 956","山东科技大学","Shandong University of Science and Technology","山东省","青岛","秦立杰","徐涵煜/秦立杰/杨竣凯","吴振寰","REVIEWED","2025-08-25T13:14:48Z"
"1959966386044932096","亚特兰蒂斯号","SKD 72007","山东科技大学","Shandong University of Science and Technology","山东省","青岛","张高鸣","李卓航/郭一鸣/张高鸣","吴振寰","REVIEWED","2025-08-25T13:09:35Z"
"1959964081941778432","再拿一个银她就会回来找我","Take another silver and she will come back to me","广东东软学院","Neusoft Institute Guangdong","广东省","佛山","朱梓瀚","朱梓瀚/黄琳峰/黄炜填","杨超","REVIEWED","2025-08-25T13:00:26Z"
"1959961905861365760","无惧号","SKD 1576","山东科技大学","Shandong University of Science and Technology","山东省","青岛","曹喜鹏","曹喜鹏/周彦萌/叶晓玥","吴振寰","REVIEWED","2025-08-25T12:51:47Z"
"1959961030191353856","托尔斯泰号","SKD 62095","山东科技大学","Shandong University of Science and Technology","山东省","青岛","张世林","张世林/董秦汗/肖秋德","吴振寰","REVIEWED","2025-08-25T12:48:18Z"
"1959959080158760960","赤城号","SKD 17474","山东科技大学","Shandong University of Science and Technology","山东省","青岛","王世奇","王世奇/黄涛/周景然","吴振寰","REVIEWED","2025-08-25T12:40:33Z"
"1959953338894782464","哈基易秒开棘背龙打acm","Hajiyi is battling fiercely against ACM","井冈山大学","Jinggangshan University","江西省","吉安","易传承","易传承/陈晓霖/庄子琪","汤鹏杰","REVIEWED","2025-08-25T12:17:44Z"
"1959953229150818304","dora一拳打死猫猫虫","Dora hits cat cat bugs","井冈山大学","Jinggangshan University","江西省","吉安","王琼","王琼/徐明/杨文源","谭云兰","REVIEWED","2025-08-25T12:17:18Z"
"1959952765395013632","吓我一跳我释放忍术","Scare me, Release my Ninjutsu!","嘉应学院","Jiaying University","广东省","梅州","曾家俊","陈昌垚/曾家俊/谢浩欣","陈生庆","REVIEWED","2025-08-25T12:15:28Z"
"1959952645895098368","蒜鸟蒜鸟大家都不yong易对不队","SuanNiaoSuanNiaoDaJiaDouBuYongYiDuiBu","嘉应学院","Jiaying University","广东省","梅州","周银淑","周银淑/叶雅怡/詹欣烁","陈生庆","REVIEWED","2025-08-25T12:14:59Z"
"1959952492324851712","蓝胖子","Blue Chubby","嘉应学院","Jiaying University","广东省","梅州","曾怡霖","刘润华/郑小欢/曾怡霖","陈生庆","REVIEWED","2025-08-25T12:14:22Z"
"1959952474733940736","中山学院4队","CDZSC-T4","电子科技大学中山学院","University of Electronic Science and Technology of China, Zhongshan Institute","广东省","中山","梁乐彦","潘子安/林力弘/梁乐彦","吴舜歆","REVIEWED","2025-08-25T12:14:18Z"
"1959952046646497280","中山学院3队","CDZSC-T3","电子科技大学中山学院","University of Electronic Science and Technology of China, Zhongshan Institute","广东省","中山","胡明杰","胡明杰/侯骏辉/林铠琦","吴舜歆","REVIEWED","2025-08-25T12:12:36Z"
"1959951457925599232","柏林号","SKD 14232","山东科技大学","Shandong University of Science and Technology","山东省","青岛","岳立冬","岳立冬/张一炜/徐熙睿","吴振寰","REVIEWED","2025-08-25T12:10:16Z"
"1959951360303173632","AAA 算法建材集团","Algorithm Gang","嘉应学院","Jiaying University","广东省","梅州","吴烨昊","吴烨昊/罗海明/郑景升","陈广明","REVIEWED","2025-08-25T12:09:53Z"
"1959951353055416320","随便做都队","Greedy gain enlightenment","电子科技大学中山学院","University of Electronic Science and Technology of China, Zhongshan Institute","广东省","中山","黄潇岳","黄潇岳/赵英炜/程旭","吴舜歆","REVIEWED","2025-08-25T12:09:51Z"
"1959951232863440896","渡鸦号","SKD 32450","山东科技大学","Shandong University of Science and Technology","山东省","青岛","邢子建","邢子建/李屹然/宋明翰","吴振寰","REVIEWED","2025-08-25T12:09:22Z"
"1959951185585246208","三个老大爷强闯幼儿园","old man break kindergarten","嘉应学院","Jiaying University","广东省","梅州","陈嘉伟","曾灿铿/陈嘉伟/刘翔","陈广明","REVIEWED","2025-08-25T12:09:11Z"
"1959951033831133184","白羊号","SKD 45167","山东科技大学","Shandong University of Science and Technology","山东省","青岛","吴佳璇","吴佳璇/冯湛博/杨永智","吴振寰","REVIEWED","2025-08-25T12:08:35Z"
"1959950953594097664","超级卡比呆猫在ICPC现场推广错误贪心","Super Kirby Dumb Cat: AC.cpp","电子科技大学中山学院","University of Electronic Science and Technology of China, Zhongshan Institute","广东省","中山","谭昊","谭昊/徐子希/雷旻屹","吴舜歆","REVIEWED","2025-08-25T12:08:16Z"
"1959950914230554624","W°C可以煮鱼L!","W°C Can Cook Fish L!","嘉应学院","Jiaying University","广东省","梅州","俞玄康","翁杰豪/廖世毅/俞玄康","陈广明","REVIEWED","2025-08-25T12:08:06Z"
"1959946363066781696","牧马人","housefeeder","陕西师范大学","Shaanxi Normal University","陕西省","西安","杨洋","杨洋/郭湄潭/钱岩","王涛","REVIEWED","2025-08-25T11:50:01Z"
"1959946092961992704","陇月天山雪未消","Moon Over Longxi, Snow on Celestial Mountains","兰州大学","Lanzhou University","甘肃省","兰州","邵逸帆","邵逸帆/吴平/时哲涵","马俊","REVIEWED","2025-08-25T11:48:57Z"
"1959945455813660672","樱井鹿初雪","YinJinLuChuXue","兰州大学","Lanzhou University","甘肃省","兰州","吕宁","吕宁/张潇锋/任宇航","马俊","REVIEWED","2025-08-25T11:46:25Z"
"1959944743696338944","温大五队","WZU Team 5","温州大学","Wenzhou University","浙江省","温州","肖泽龙","肖泽龙/徐嘉成/朱文博","胡明晓","REVIEWED","2025-08-25T11:43:35Z"
"1959944247598256128","舞舞舞","Dance dance dance","安阳师范学院","Anyang Normal University","河南省","安阳","周兴科","周兴科/余卓豪/王枫","刘凌霞","REVIEWED","2025-08-25T11:41:37Z"
"1959939728474771456","鹅鹅鹅鹅","Goose goose goose","宁夏大学","Ningxia University","宁夏回族自治区","银川","刘城","郑英祺/刘城/杜鑫宇","宋丽娟","REVIEWED","2025-08-25T11:23:39Z"
"1959939273761886208","一谈了过","One Talk Pass","宁夏大学","Ningxia University","宁夏回族自治区","银川","林奕淞","谈丽琴/林奕淞/廖浩然","宋丽娟","REVIEWED","2025-08-25T11:21:51Z"
"1959937130262827008","温大三队","WZU Team 3","温州大学","Wenzhou University","浙江省","温州","杨嘉诚","杨嘉诚/盛飞扬/张宇濠","胡明晓","REVIEWED","2025-08-25T11:13:20Z"
"1959933962393096192","香尼乐铁汁","miss you","西南科技大学","Southwest University of Science and Technology","四川省","绵阳","陈亮旭","陈亮旭/吴子杨/童博文","杨春明","REVIEWED","2025-08-25T11:00:45Z"
"1959932834112737280","广海某队","GDOU","广东海洋大学","Guangdong Ocean University","广东省","湛江","程伟峻","陈汇鑫/周嘉琪/程伟峻","张莹","REVIEWED","2025-08-25T10:56:16Z"
"1959929781498286080","蓝色夜晚的记忆","A Whiter Shade Of Pale","衡阳师范学院","Hengyang Normal University","湖南省","衡阳","王葡豪","冯世杰/王葡豪/谢成","罗泽","REVIEWED","2025-08-25T10:44:08Z"
"1959923021819547648","耄耋是铜不打铁","Fine Cat Won't Forge Iron","中国矿业大学徐海学院","Xuhai College, China University of Mining and Technology","江苏省","徐州","陈虞豪","刘子涛/王牌/陈虞豪","刘昆","REVIEWED","2025-08-25T10:17:16Z"
"1959922164650610688","ACM也有小巧思吗","ParallelAc","武汉大学","Wuhan University","湖北省","武汉","李泽基","袁磊/袁仁远/李泽基","董文永","REVIEWED","2025-08-25T10:13:52Z"
"1959922037517062144","哇多麼好的機會啊","Now's your chance to be a","武汉大学","Wuhan University","湖北省","武汉","吴悠","吴悠/文质彬/肖涵卓","董文永","REVIEWED","2025-08-25T10:13:21Z"
"1959921867475783680","星河剪枝","Starlit Pruning","武汉大学","Wuhan University","湖北省","武汉","白睿起","孙家明/曾涵飞/白睿起","董文永","REVIEWED","2025-08-25T10:12:41Z"
"1959921333746405376","摇曳到软冬去露营","random camp random where","武汉大学","Wuhan University","湖北省","武汉","林喆霖","范锦炜/林喆霖/崔祯航","董文永","REVIEWED","2025-08-25T10:10:34Z"
"1959921084122402816","栈中星河","Galaxy in the Stack","武汉大学","Wuhan University","湖北省","武汉","张宇华","张宇华/骆贝尔/杨曦","董文永","REVIEWED","2025-08-25T10:09:34Z"
"1959920886725873664","春日延长计划","Haruhi Extension Project","武汉大学","Wuhan University","湖北省","武汉","陈茂源","胡方驰/万博文/陈茂源","董文永","REVIEWED","2025-08-25T10:08:47Z"
"1959920739291893760","有个队友在机房睡了一暑假地铺","Allen loves floor bed!","武汉大学","Wuhan University","湖北省","武汉","黄祯","李书纬/黄祯/丁启航","董文永","REVIEWED","2025-08-25T10:08:12Z"
"1959920570026561536","永恒的武汉大学","WHU_Permanent","武汉大学","Wuhan University","湖北省","武汉","李致远","赵天星/田子轶/李致远","董文永","REVIEWED","2025-08-25T10:07:32Z"
"1959920256984682496","WA就是AC","WA is AC","衡阳师范学院","Hengyang Normal University","湖南省","衡阳","戴璐瑶","戴璐瑶/郑庆/万嘉超","罗泽","REVIEWED","2025-08-25T10:06:17Z"
"1959919133120925696","绝密ACM，堵判题机来","DuQiaoLai","山东农业大学","Shandong Agricultural University","山东省","泰安","侯成国","侯成国/孔文卓/孙浩天","范昊","REVIEWED","2025-08-25T10:01:49Z"
"1959918961678749696","人闲桂花落","Free People And Falling Flowers","山东农业大学","Shandong Agricultural University","山东省","泰安","范鹏","范鹏/陈文达/刘祥健","范昊","REVIEWED","2025-08-25T10:01:08Z"
"1959917124414214144","386旅独立团","Diamond A","哈尔滨工程大学","Harbin Engineering University","黑龙江省","哈尔滨","金庆涵","金庆涵/刘子恒/沙庆鹏","国林","REVIEWED","2025-08-25T09:53:50Z"
"1959917067510091776","哈基米徳","Hakimide","安徽农业大学","Anhui Agricultural University","安徽省","合肥","韩贺宇","陈溪/韩贺宇/杨皓宇","涂立静","REVIEWED","2025-08-25T09:53:37Z"
"1959916985263984640","备用账号0721","0721","哈尔滨工程大学","Harbin Engineering University","黑龙江省","哈尔滨","蒋渡","蒋渡/金炜东/孙张畅","国林","REVIEWED","2025-08-25T09:53:17Z"
"1959916788513378304","不故障机器人使用创造性AI创造WA","The Defect use Creative AI create WA","哈尔滨工程大学","Harbin Engineering University","黑龙江省","哈尔滨","李泽东","李泽东/张艺凡/徐子煊","国林","REVIEWED","2025-08-25T09:52:30Z"
"1959916626554523648","go学长带着瓦妈妈逃离三角洲去打舞萌","go valorant esacpe delta dance","哈尔滨工程大学","Harbin Engineering University","黑龙江省","哈尔滨","赵新凯","赵新凯/孙江吉/闫力仁","国林","REVIEWED","2025-08-25T09:51:51Z"
"1959916470840987648","购入了一支名为AC的绿色股票","AC Stock","哈尔滨工程大学","Harbin Engineering University","黑龙江省","哈尔滨","王玥琪","王玥琪/汪明珠/余双霜","国林","REVIEWED","2025-08-25T09:51:14Z"
"1959916244755419136","关于我转生变成桐人君爱上亚丝娜这件事","Kirito love Asuna","哈尔滨工程大学","Harbin Engineering University","黑龙江省","哈尔滨","鲁又铭","鲁又铭/黄瑞轩/杨帆","国林","REVIEWED","2025-08-25T09:50:20Z"
"1959916095719215104","恩师可爱柚子厨（空间已更新）（已有闺）","Ave mujica “Crychic” Mygo","哈尔滨工程大学","Harbin Engineering University","黑龙江省","哈尔滨","夏天","夏天/龙敖/刘宸硕","国林","REVIEWED","2025-08-25T09:49:45Z"
"1959915908221243392","注定伟大","Destined for Greatness","哈尔滨工程大学","Harbin Engineering University","黑龙江省","哈尔滨","周凡城","周凡城/李伯轩/刘书宇","国林","REVIEWED","2025-08-25T09:49:00Z"
"1959915723122413568","起个人类队名吧球球了","ChatGGBond","哈尔滨工程大学","Harbin Engineering University","黑龙江省","哈尔滨","郭奕辰","郭奕辰/李昀轩/欧阳龙池","国林","REVIEWED","2025-08-25T09:48:16Z"
"1959915553341181952","Cia修啊噗llo派～(∠・ω< )⌒☆","ApplePie","哈尔滨工程大学","Harbin Engineering University","黑龙江省","哈尔滨","赵文定","赵文定/冯望/杨一鸣","国林","REVIEWED","2025-08-25T09:47:36Z"
"1959915389431975936","队里只有一只二刺猿所以起名还是问fufu吧¿","fufu is right","哈尔滨工程大学","Harbin Engineering University","黑龙江省","哈尔滨","赵艺凯","赵艺凯/李焱冉/万德俊","国林","REVIEWED","2025-08-25T09:46:56Z"
"1959915255021309952","猫猫虫可爱捏","Capoo is cute!!!","武汉理工大学","Wuhan University of Technology","湖北省","武汉","朱振傲","朱振傲/段宇坤/朱选文","赵冬冬","REVIEWED","2025-08-25T09:46:24Z"
"1959914942575022080","力扣大神","leetcode god","武汉理工大学","Wuhan University of Technology","湖北省","武汉","李晨","李晨/俞烨宸/李意峰","赵冬冬","REVIEWED","2025-08-25T09:45:10Z"
"1959914397198061568","败犬ACMer太多啦","MaKeAcmerGaOoSuGiRu!","武汉理工大学","Wuhan University of Technology","湖北省","武汉","张震宇","张震宇/张旭东/王泽宁","赵冬冬","REVIEWED","2025-08-25T09:43:00Z"
"1959914164007342080","灵感枯竭","No Wisdom","武汉理工大学","Wuhan University of Technology","湖北省","武汉","詹万炜","詹万炜/吴习凡/苏文康","赵冬冬","REVIEWED","2025-08-25T09:42:04Z"
"1959913867809787904","少女周末旅行","Girls’ Weekends Tour","武汉理工大学","Wuhan University of Technology","湖北省","武汉","唐一弘","唐一弘/王起东/刘向奥","赵冬冬","REVIEWED","2025-08-25T09:40:54Z"
"1959913689715445760","败犬小鞠是我的！！","It is my go ！！！","武汉理工大学","Wuhan University of Technology","湖北省","武汉","史佳尚","史佳尚/余翔宇/陆冠丞","赵冬冬","REVIEWED","2025-08-25T09:40:11Z"
"1959913354087239680","样例没过也要交","example","武汉理工大学","Wuhan University of Technology","湖北省","武汉","翟鹏杰","翟鹏杰/蔡斌/王晨","赵冬冬","REVIEWED","2025-08-25T09:38:51Z"
"1959913061903634432","最速WA传说","fastest WAWAWA","武汉理工大学","Wuhan University of Technology","湖北省","武汉","徐炳戌","徐炳戌/郭逸非/吴一铭","赵冬冬","REVIEWED","2025-08-25T09:37:42Z"
"1959912886804025344","我是米猪","I'm pig","北京师范大学珠海校区","Beijing Normal University at Zhuhai","广东省","珠海","叶林奥格","叶林奥格/叶砾彬/陈思彤","叶梦杰","REVIEWED","2025-08-25T09:37:00Z"
"1959912684722458624","WA出三室一厅","WA Realty","武汉理工大学","Wuhan University of Technology","湖北省","武汉","罗韬","罗韬/倪锋/杨发通","赵冬冬","REVIEWED","2025-08-25T09:36:12Z"
"1959912611754151936","如此简单的梦","Such a simple dream","中国计量大学现代科技学院","China Jiliang University College of Modern Science and Technology","浙江省","义乌","金鸿睿","金鸿睿/俞佳辰/邓瑞琦","张晓莹","REVIEWED","2025-08-25T09:35:54Z"
"1959912321931939840","不再曼波","Manbo no more ~","武汉理工大学","Wuhan University of Technology","湖北省","武汉","周泽鹏","周泽鹏/孙晨奥/邢家童","赵冬冬","REVIEWED","2025-08-25T09:34:45Z"
"1959910379088384000","说话都带泥土味儿的AC蒟蒻机","A solid Cucumber automation","中国地质大学（武汉）","China University of Geosciences","湖北省","武汉","王中才","王中才/蔡明哲/李嘉明","张锋","REVIEWED","2025-08-25T09:27:02Z"
"1959908550808047616","泪水打湿ide,发誓不要tle","ty","唐山学院","Tangshan University","河北省","唐山","张雨卓","张雨卓/李美言/任爱佳","刘梦宇","REVIEWED","2025-08-25T09:19:46Z"
"1959907973202055168","AC MEM","AC MEM","海南大学","Hainan University","海南省","海口","苏境航","苏境航/张易川/田楸铠","刘华中","REVIEWED","2025-08-25T09:17:28Z"
"1959907367938822144","进行一个象的抽","Deboox","清华大学","Tsinghua University","北京市","北京","王锦博","王锦博/张睿阳/张怀沙","邬晓钧","REVIEWED","2025-08-25T09:15:04Z"
"1959907251551080448","惊觉往事历历已经年","Ephemeral Eternity","清华大学","Tsinghua University","北京市","北京","郭米乐","苏明阳/李宁远/郭米乐","邬晓钧","REVIEWED","2025-08-25T09:14:36Z"
"1959907103408263168","雾里看花","Physics to see flowers","清华大学","Tsinghua University","北京市","北京","李昕然","李昕然/黄洛天/胡赵阳","邬晓钧","REVIEWED","2025-08-25T09:14:01Z"
"1959906403324399616","新风","New Trend","太原理工大学","Taiyuan University of Technology","山西省","太原","夏晓鹏","李宁逸/夏晓鹏/张籽初","林福平","REVIEWED","2025-08-25T09:11:14Z"
"1959905589230964736","TLE on Test 114514","TLE on Test 114514","中国计量大学现代科技学院","China Jiliang University College of Modern Science and Technology","浙江省","义乌","罗明涵","罗明涵/张景轩/徐驰","张晓莹","REVIEWED","2025-08-25T09:08:00Z"
"1959905560260907008","算竞没有数据结构和数竞有什么区别","brute force plus data structure equal AC","桂林电子科技大学","Guilin University of Electronic Technology","广西壮族自治区","桂林","王靖凯","廖飞扬/王靖凯/曹轩玮","王子民","REJECTED","2025-08-25T09:07:53Z"
"1959900140280614912","赛前不要喝拿铁","Don't drink latte before the game.","海南大学","Hainan University","海南省","海口","吴越涵","吴越涵/时钓丞/冯磊","黎才茂","REVIEWED","2025-08-25T08:46:21Z"
"1959900027583860736","上厕所","God in WC","浙江工商大学","Zhejiang Gongshang University","浙江省","杭州","戴成龙","戴成龙/叶子祥/金欣哲","周静静","REVIEWED","2025-08-25T08:45:54Z"
"1959899950119260160","博神带俩坑","BoGodAndTwoPits","浙江工商大学","Zhejiang Gongshang University","浙江省","杭州","李杰","李杰/李博/胡奕斐","周静静","REVIEWED","2025-08-25T08:45:35Z"
"1959899891399004160","三人行","Three Together","浙江工商大学","Zhejiang Gongshang University","浙江省","杭州","吴畅婧","吴畅婧/黄雨涵/卢倩莹","周静静","REVIEWED","2025-08-25T08:45:21Z"
"1959899815763120128","哆啦ak","duolaak","浙江工商大学","Zhejiang Gongshang University","浙江省","杭州","刘泽轩","刘泽轩/方存轩/于天佑","周静静","REVIEWED","2025-08-25T08:45:03Z"
"1959899701011156992","瑞神和他的队友们","Rui god and his teammates","浙江工商大学","Zhejiang Gongshang University","浙江省","杭州","熊雷","熊雷/邵瑞敏/李泽齐","周静静","REVIEWED","2025-08-25T08:44:36Z"
"1959899636519538688","超级无敌暴龙战士","cjwdblzs","浙江工商大学","Zhejiang Gongshang University","浙江省","杭州","郑安乔元","郑安乔元/於泊臻/姚心成","朱旭东","REVIEWED","2025-08-25T08:44:21Z"
"1959899566441107456","为什么大家都在膜拜吴神因为他帅","Charirit","浙江工商大学","Zhejiang Gongshang University","浙江省","杭州","贾伊阳","贾伊阳/吴雨航/廖赢煜","朱旭东","REVIEWED","2025-08-25T08:44:04Z"
"1959899474871062528","魔法火焰","function<Accept(WA,TLE,MLE,RE)>","浙江工商大学","Zhejiang Gongshang University","浙江省","杭州","邬子阳","邬子阳/徐晓轩/詹海吉","朱旭东","REVIEWED","2025-08-25T08:43:42Z"
"1959899371468886016","锋芳施韵","FengFang Rhythm","浙江工商大学","Zhejiang Gongshang University","浙江省","杭州","施泽昊","施泽昊/陈可欣/田宇晗","刘文强","REVIEWED","2025-08-25T08:43:17Z"
"1959899272969850880","浮梦","Floating Dream","浙江工商大学","Zhejiang Gongshang University","浙江省","杭州","蒋辰亮","蒋辰亮/徐伟航/顾周涵","刘文强","REVIEWED","2025-08-25T08:42:54Z"
"1959898041249566720","不可思议之国的爱丽丝正在梦游仙境","Dream Of Alice","中国地质大学（武汉）","China University of Geosciences","湖北省","武汉","陈学海","陈学海/李诏天/毛郅皓","张锋","REVIEWED","2025-08-25T08:38:00Z"
"1959896742982455296","咕咕嘎嘎","gugugaga","浙江工商大学","Zhejiang Gongshang University","浙江省","杭州","李翔宇","李翔宇/赵想/竺姚俊","刘文强","REVIEWED","2025-08-25T08:32:51Z"
"1959896647318769664","重生之我是奶龙","Reborn Milk Dragon","浙江工商大学","Zhejiang Gongshang University","浙江省","杭州","林裕轲","林裕轲/李泽晨/沈宏立","刘文强","REVIEWED","2025-08-25T08:32:28Z"
"1959896572861485056","迷迭香_fan","Rosmontis_Fan","浙江工商大学","Zhejiang Gongshang University","浙江省","杭州","沈士渊","沈士渊/魏嘉豪/徐晨阳","刘文强","REVIEWED","2025-08-25T08:32:10Z"
"1959896492293099520","男生ACM单字极品ID","ACM_EmoSolochar_ID","浙江工商大学","Zhejiang Gongshang University","浙江省","杭州","姚益浩","姚益浩/丁豪/邬博丞","刘文强","REVIEWED","2025-08-25T08:31:51Z"
"1959890351899082752","想获得名额的人脸上是没有笑容的","T﹏T","上海海事大学","Shanghai Maritime University","上海市","上海","李海涵","李海涵/沈彦君/朱炳泽","周卫祥","REVIEWED","2025-08-25T08:07:27Z"
"1959889075400409088","FastIO","FastIO","上海科技大学","ShanghaiTech University","上海市","上海","陈豪","陈豪/朱星吉/叶浩徐","屠可伟","REVIEWED","2025-08-25T08:02:23Z"
"1959888980898545664","魔法大佬给予我我ac的能量！","mfdljywwacdnl","上海科技大学","ShanghaiTech University","上海市","上海","樊锶宸","樊锶宸/李怡蕙/朱佳林","屠可伟","REVIEWED","2025-08-25T08:02:00Z"
"1959888837193302016","惊天大涅槃","jtdnp","上海科技大学","ShanghaiTech University","上海市","上海","杨子烆","居然/杨子烆/王旻昊","屠可伟","REVIEWED","2025-08-25T08:01:26Z"
"1959888706737864704","不知道什么队","bzdsmd","上海科技大学","ShanghaiTech University","上海市","上海","田洋","程逸悠/田洋/岳明琨","屠可伟","REVIEWED","2025-08-25T08:00:55Z"
"1959888589297352704","羽生萌萌香鱼子酱一个好名字可以让人记住你唉，唉唉","ysmmxyzj","上海科技大学","ShanghaiTech University","上海市","上海","李承熙","陶孜铖/黄扬铭/李承熙","屠可伟","REVIEWED","2025-08-25T08:00:27Z"
"1959888426948427776","南泵","pumpking","上海科技大学","ShanghaiTech University","上海市","上海","马锐泽","马锐泽/周小攀/钟睿丹","屠可伟","REVIEWED","2025-08-25T07:59:48Z"
"1959888306706120704","军训时在做什么？有没有空？可以来打ICPC网络赛吗？","jxszzsm","上海科技大学","ShanghaiTech University","上海市","上海","姜昕宇","姜昕宇/王俊篪/陈钊堃","屠可伟","REVIEWED","2025-08-25T07:59:19Z"
"1959888145800036352","WACMLE","WACMLE","上海科技大学","ShanghaiTech University","上海市","上海","付余阳光","陈冠宇/李卓轩/付余阳光","屠可伟","REVIEWED","2025-08-25T07:58:41Z"
"1959888002208038912","scanf(""%s"", team)","scanf(""%s"", team)","上海科技大学","ShanghaiTech University","上海市","上海","徐振羽","徐振羽/王子睿/张哲轩","屠可伟","REVIEWED","2025-08-25T07:58:07Z"
"1959886434050048000","广铁集团","CRGZ","同济大学","Tongji University","上海市","上海","李堂辉","吴晶承/李堂辉","叶晨","REVIEWED","2025-08-25T07:51:53Z"
"1959886332233318400","队名++;","dm++","上海科技大学","ShanghaiTech University","上海市","上海","陈籽安","陈籽安/何宗原/伍行","屠可伟","REVIEWED","2025-08-25T07:51:29Z"
"1959886161017634816","请输入文本","qsrwb","上海科技大学","ShanghaiTech University","上海市","上海","方梓轩","刘志伟/方梓轩/周子杰","屠可伟","REVIEWED","2025-08-25T07:50:48Z"
"1959885996416368640","WA的一声就哭了","WAdysjkl","上海科技大学","ShanghaiTech University","上海市","上海","刘清莹","申佳俊/刘清莹/张皓天","屠可伟","REVIEWED","2025-08-25T07:50:09Z"
"1959884822229352448","只因你太美","kun","南昌航空大学科技学院","Science and Technology College of NCHU","江西省","九江","胡策昇","胡策昇/惠永佳/谢伟平","方正儒","REVIEWED","2025-08-25T07:45:29Z"
"1959879577231228928","育英五队","yyteam5","浙江育英职业技术学院","Zhejiang Yuying College of Vocational Technology","浙江省","杭州","吴玥葳","吴玥葳/胡壹楠/陈旌","汪黎杰","REVIEWED","2025-08-25T07:24:38Z"
"1959879371831967744","育英七队","yyteam7","浙江育英职业技术学院","Zhejiang Yuying College of Vocational Technology","浙江省","杭州","潘彬泽","潘彬泽/宋新雨/孙明轩","张驰","REVIEWED","2025-08-25T07:23:49Z"
"1959875051879202816","灰姑娘的故事","Fairytale Cinderella","湖南城市学院","Hunan City University","湖南省","益阳","王钦荣","王钦荣/周忠武/张文杰","廖枝平","REVIEWED","2025-08-25T07:06:39Z"
"1959873134520229888","求求你让我a一题","sleep after ac once","东莞理工学院","Dongguan University of Technology","广东省","东莞","欧志豪","欧志豪/陈子扬/林航","陈传祥","REVIEWED","2025-08-25T06:59:02Z"
"1959872985609854976","三小零铜大战42号混凝土","Three little boy vs No.42 hunningtu","东莞理工学院","Dongguan University of Technology","广东省","东莞","伍孝轩","伍孝轩/唐明川/蔡星晨","陈传祥","REVIEWED","2025-08-25T06:58:27Z"
"1959872760304427008","心态就是力量","Team is Powerful","东莞理工学院","Dongguan University of Technology","广东省","东莞","黄海","黄海/林恬烁/林志龙","陈传祥","REVIEWED","2025-08-25T06:57:33Z"
"1959871512108916736","那一天的寂寞寂寞起来","That day's loneliness began to stir","长春理工大学","Changchun University of Science and Technology","吉林省","长春","李佳阳","李佳阳/满统勋/何宇航","王睿","REVIEWED","2025-08-25T06:52:35Z"
"1959871400041308160","手动ac机","Manual AC machine","长春理工大学","Changchun University of Science and Technology","吉林省","长春","史振宜","史振宜/梁寒兵/周熙众","王睿","REVIEWED","2025-08-25T06:52:09Z"
"1959871226078355456","是长理不是厂里","cust is not just cu","长春理工大学","Changchun University of Science and Technology","吉林省","长春","罗卫泽","罗卫泽/徐瑞奇/骆柏荣","王睿","REVIEWED","2025-08-25T06:51:27Z"
"1959871104972021760","两人爬塔一人匡扶汉室","2Jianta1Sanguosha","长春理工大学","Changchun University of Science and Technology","吉林省","长春","黄炳睿","黄炳睿/唐海原/周易非","王睿","REVIEWED","2025-08-25T06:50:58Z"
"1959865107738058752","对","yes","湖南城市学院","Hunan City University","湖南省","益阳","申宇健","黄家祥/曹杰林/申宇健","廖枝平","REVIEWED","2025-08-25T06:27:08Z"
"1959862012907937792","黎明调试者","Debug at Dawn","河南师范大学","Henan Normal University","河南省","新乡","马傲博","吴静轩/马傲博/赵柯行","熊青青","REVIEWED","2025-08-25T06:14:51Z"
"1959861900810969088","正经的队名","Serious Team Name","河南师范大学","Henan Normal University","河南省","新乡","申海辰","申海辰/任梓源/强锦铭","熊青青","REVIEWED","2025-08-25T06:14:24Z"
"1959861788583976960","星愿残响","Stardust Echo","河南师范大学","Henan Normal University","河南省","新乡","宁思禹","宁思禹/彭伟泰/余锦昊","熊青青","REVIEWED","2025-08-25T06:13:57Z"
"1959861668899512320","我有一计","I have an idea","河南师范大学","Henan Normal University","河南省","新乡","翟景旺","王兴浩/翟景旺/孙家琪","熊青青","REVIEWED","2025-08-25T06:13:28Z"
"1959861577212026880","师大旺爷爷后援团3群","HTU ""Grandpa Wang"" Fan Squad - Group 3","河南师范大学","Henan Normal University","河南省","新乡","侯炳旭","曹继喆/吴帅甫/侯炳旭","熊青青","REVIEWED","2025-08-25T06:13:07Z"
"1959856748276277248","能过样例就是赢","Passing the sample input is a win.","惠州学院","Huizhou University","广东省","惠州","郑育津","郑承杰/郑育津/林泽锐","杨雄","REVIEWED","2025-08-25T05:53:55Z"
"1959854631520100352","雷鸣","Thunder","河南师范大学","Henan Normal University","河南省","新乡","袁聪捷","刘志锋/刘格格/袁聪捷","李文凤","REVIEWED","2025-08-25T05:45:31Z"
"1959854601971228672","省赛三人行","it takes three","河南师范大学","Henan Normal University","河南省","新乡","白汝凯","白汝凯/宋宇凡/郭嘉一","范海菊","REVIEWED","2025-08-25T05:45:24Z"
"1959854564579008512","卡皮巴拉不吃素","Capybara","河南师范大学","Henan Normal University","河南省","新乡","王丁慧","赵好/吕科雅/王丁慧","李功丽","REVIEWED","2025-08-25T05:45:15Z"
"1959854524162695168","彩云归","When the Spring Breeze Blows","河南师范大学","Henan Normal University","河南省","新乡","陈春宇","孙胜锺/陈春宇/董天逸","李文凤","REVIEWED","2025-08-25T05:45:05Z"
"1959854491304517632","加载中","Loading","河南师范大学","Henan Normal University","河南省","新乡","谢添点","谢添点/闫浩文/阴珂珂","范海菊","REVIEWED","2025-08-25T05:44:57Z"
"1959854453912297472","所以爱会消失对不队dT-Tb","Yes","河南师范大学","Henan Normal University","河南省","新乡","管紫汀","管紫汀/陈雨涵/刘钞萍","李功丽","REVIEWED","2025-08-25T05:44:48Z"
"1959854378473545728","天天向上","day day up","河南师范大学","Henan Normal University","河南省","新乡","刘资成","刘资成/赵恒/刚毅","李文凤","REVIEWED","2025-08-25T05:44:30Z"
"1959854301776502784","今天我在富士山","Today at Mount Fuji","河南师范大学","Henan Normal University","河南省","新乡","刘雨欣","刘雨欣/马若航/黄英娇","范海菊","REVIEWED","2025-08-25T05:44:12Z"
"1959854261821562880","帘外芭蕉惹骤雨门环惹铜绿","Wowowo","河南师范大学","Henan Normal University","河南省","新乡","杨泓延","杨泓延/郝国栋/张云翔","李功丽","REVIEWED","2025-08-25T05:44:03Z"
"1959854190661001216","别指望我们队","Don't believe us","河南师范大学","Henan Normal University","河南省","新乡","周俊鑫","周俊鑫/李明哲/李玉翰","李文凤","REVIEWED","2025-08-25T05:43:46Z"
"1959854146788581376","能赢吗","Win","河南师范大学","Henan Normal University","河南省","新乡","赵振安","孙易飞/董健豪/赵振安","范海菊","REVIEWED","2025-08-25T05:43:35Z"
"1959854111418015744","日入99999w+","Making 999M + A Day","河南师范大学","Henan Normal University","河南省","新乡","刘默涵","肖无双/王子馨/刘默涵","李功丽","REVIEWED","2025-08-25T05:43:27Z"
"1959854078702444544","哈气三小只","HaQiMi","河南师范大学","Henan Normal University","河南省","新乡","王嘉诚","王嘉诚/吴劭鹏/郭明贺","李文凤","REVIEWED","2025-08-25T05:43:19Z"
"1959854048360849408","她说你是个好人","Think as friends","河南师范大学","Henan Normal University","河南省","新乡","刘轩豪","高继凯/陈晗/刘轩豪","范海菊","REVIEWED","2025-08-25T05:43:12Z"
"1959854015733358592","起个简单点的吧","Simple","河南师范大学","Henan Normal University","河南省","新乡","荆文超","骆怡娉/许恩铎/荆文超","李功丽","REVIEWED","2025-08-25T05:43:04Z"
"1959851141347467264","抹茶芭菲","Matcha Parfait","北华大学","Beihua University","吉林省","吉林","严梓彬","严梓彬/周春旭/龚浩喆","曹洪宇","REVIEWED","2025-08-25T05:31:39Z"
"1959851036494061568","对右不能左爱","ave mujica","北华大学","Beihua University","吉林省","吉林","张鑫","秦翔宇/赵文浩/张鑫","曹洪宇","REVIEWED","2025-08-25T05:31:14Z"
"1959841511812685824","hziee2","hziee2","杭州电子科技大学信息工程学院","Hangzhou Dianzi University Information Engineering College","浙江省","杭州","徐俊豪","兰德涵/徐俊豪/黄楚彬","李钧","REVIEWED","2025-08-25T04:53:23Z"
"1959841450139639808","hziee1","hziee1","杭州电子科技大学信息工程学院","Hangzhou Dianzi University Information Engineering College","浙江省","杭州","杨鑫","杨鑫/吴锦豪/尹凯乐","李钧","REVIEWED","2025-08-25T04:53:08Z"
"1959835506844426240","宁波财经学院","nbufe","宁波财经学院","Ningbo University of Finance and Economics","浙江省","宁波","王泽宇","张泽洋/李辉鸿/王泽宇","蔡尚真","REVIEWED","2025-08-25T04:29:31Z"
"1959827580213846016","生命诞生于运动","sports create lives","西北大学","Northwest University","陕西省","西安","梁家瑞","梁家瑞/罗穰杰/朱珈成","冯筠","REVIEWED","2025-08-25T03:58:01Z"
"1959827386655105024","欲买桂花同载酒","flowers with wine","西北大学","Northwest University","陕西省","西安","李佳铭","赵嘉伟/费文强/李佳铭","杨建锋","REVIEWED","2025-08-25T03:57:15Z"
"1959827107905855488","忆月葬雪","Bury Snow","西北大学","Northwest University","陕西省","西安","安俊杰","安俊杰/顾舜天/蒋宏烨","杨建锋","REVIEWED","2025-08-25T03:56:09Z"
"1959826721723703296","去有风的地方","DNS","华东师范大学","East China Normal University","上海市","上海","单敏杰","单敏杰/江楠/杜霖","肖春芸","REVIEWED","2025-08-25T03:54:36Z"
"1959826278067003392","164ovo fan club","164ovo fan club","华东师范大学","East China Normal University","上海市","上海","谢书骁","谢书骁/程籽实","肖春芸","REVIEWED","2025-08-25T03:52:51Z"
"1959825844258529280","至此，一锤定音","Now, the final decision is made","华东师范大学","East China Normal University","上海市","上海","冯顾炜","冯顾炜/冯嘉一/许乐","肖春芸","REVIEWED","2025-08-25T03:51:07Z"
"1959825538099503104","猫猫虫","Capoo Cat","湖北工业大学","Hubei University of Technology","湖北省","武汉","谭宇杰","赵瑞杰/陈京宇/谭宇杰","徐承志","REVIEWED","2025-08-25T03:49:54Z"
"1959825297736523776","猫真的尽力了","Cats Really Tried Their Best","湖北工业大学","Hubei University of Technology","湖北省","武汉","余腾辉","余腾辉/吴凌睿/杜海旗","徐承志","REVIEWED","2025-08-25T03:48:57Z"
"1959825035256979456","小丑派对","joker party","湖北工业大学","Hubei University of Technology","湖北省","武汉","解哲曦","张忆周/梅子恒/解哲曦","徐承志","REVIEWED","2025-08-25T03:47:54Z"
"1959824769531043840","备用机位","Spare Seat","湖北工业大学","Hubei University of Technology","湖北省","武汉","周奕昊","祝浩/周奕昊/张哲","徐承志","REVIEWED","2025-08-25T03:46:51Z"
"1959815208879316992","jxut1","jxut1","江西科技学院","Jiangxi University of Technology","江西省","南昌","何显超","何显超/张炜翔/胡佳辉","蔡爱平","REVIEWED","2025-08-25T03:08:52Z"
"1959814311478616064","江郎不想才尽","Just do it","北京理工大学珠海学院","Beijing Institute of Technology, Zhuhai","广东省","珠海","王壮辉","王壮辉/蔡炆沅/杨秋佳","于明慧","REVIEWED","2025-08-25T03:05:18Z"
"1959807868335611904","BJTU05","BJTU05","北京交通大学","Beijing Jiaotong University","北京市","北京","刘孟哲","刘孟哲/王云瑜/李禹澎","许华婷","REVIEWED","2025-08-25T02:39:41Z"
"1959806869147541504","堵桥来","ComeBlockBridge","河海大学","Hohai University","江苏省","南京","钱子恒","钱子恒/张紫轩/李昱泓","张雪洁","REVIEWED","2025-08-25T02:35:43Z"
"1959806712762916864","我的铁牌哪去了","Error:*Medal=NULL","河海大学","Hohai University","江苏省","南京","袁哲","袁哲/欧阳闻泽/高胜寒","张雪洁","REVIEWED","2025-08-25T02:35:06Z"
"1959806558609661952","在网络赛寻求奖牌是否搞错了什么","Is there something wrong with seeking a medal in an online contest?","河海大学","Hohai University","江苏省","南京","李仕哲","李仕哲/宋宇/姚必顺","张雪洁","REVIEWED","2025-08-25T02:34:29Z"
"1959806375532486656","快给我取个名字","Qn","河海大学","Hohai University","江苏省","南京","仵柳飒","仵柳飒/赵俊儒/杜珈颖","张雪洁","REVIEWED","2025-08-25T02:33:46Z"
"1959806198495109120","关于我转生成acm蒟蒻这档事","stories of becoming acm newbie","河海大学","Hohai University","江苏省","南京","熊云齐","熊云齐/赵家辉/黄奕琛","张雪洁","REVIEWED","2025-08-25T02:33:03Z"
"1959806059328102400","青春acm少女不会梦到黑红名学姐","the girl acmers wish to be newbee","河海大学","Hohai University","江苏省","南京","廖开欣","廖开欣/刘宁/刘利娇","张雪洁","REVIEWED","2025-08-25T02:32:30Z"
"1959805858643238912","如果是勇者辛美尔的话一定会AC的","I love Frieren","河海大学","Hohai University","江苏省","南京","金泽楷","金泽楷/王涵/陈敏树","张雪洁","REVIEWED","2025-08-25T02:31:42Z"
"1959805500349014016","三重积分","iiintegral","河海大学","Hohai University","江苏省","南京","杨帆","杨帆/蔡松廷/江晟东","张雪洁","REVIEWED","2025-08-25T02:30:17Z"
"1959805089474994176","LGBTQIPKDXUSACM","LGBTQIPKDXUSACM","河海大学","Hohai University","江苏省","南京","马王丰","马王丰/肖爱伦/林煜斌","张雪洁","REVIEWED","2025-08-25T02:28:39Z"
"1959804872176492544","罚时之羽如深渊相伴 血色acm人生！","Bloody la vie en ACM!","河海大学","Hohai University","江苏省","南京","林桁","林桁/周厚望/吕广信","张雪洁","REVIEWED","2025-08-25T02:27:47Z"
"1959804720892141568","落英缤纷之期","ln 7/b","河海大学","Hohai University","江苏省","南京","陈培印","陈培印/谭炜烨/邵然","朱云","REVIEWED","2025-08-25T02:27:11Z"
"1959804474338369536","从零开始的ACM生活","Zero to ACM","河海大学","Hohai University","江苏省","南京","金炬光","金炬光/曾国琳/罗誉","朱云","REVIEWED","2025-08-25T02:26:12Z"
"1959800561681883136","请神自动机","God please","福州外语外贸学院","Fuzhou University of International Studies and Trade","福建省","福州","林远浩","林远浩/陈婧","王磊","REVIEWED","2025-08-25T02:10:39Z"
"1959787548648202240","衡水学院一队","Hengshui University Team 1","衡水学院","Hengshui University","河北省","衡水","王南凯","王南凯/杨嘉琳/陈昶潇","马倩","REVIEWED","2025-08-25T01:18:57Z"
"1959782287241961472","浙工院2队","zjipc2","浙江工业职业技术学院","Zhejiang Industry Polytechnic College","浙江省","绍兴","曹泽明","曹泽明/孙新杨/余子悦","陈暄","REVIEWED","2025-08-25T00:58:02Z"
"1959781640438341632","浙工院1队","zjipc1","浙江工业职业技术学院","Zhejiang Industry Polytechnic College","浙江省","绍兴","戚焱晅","马诗慧/戚焱晅/朱翎莉","陈暄","REVIEWED","2025-08-25T00:55:28Z"
"1959777087278080000","咪啪啊呜Ciallo喵~","Ciallo nya nya nya~","郑州轻工业大学","Zhengzhou University of Light Industry","河南省","郑州","罗立凯","罗立凯/雷祖涛/李嘉硕","马军霞","REVIEWED","2025-08-25T00:37:23Z"
"1959681519126110208","冰红茶说的都队","laoda is right","南京信息工程大学","Nanjing University of Information Science and Technology","江苏省","南京","赵彬宏","赵彬宏/田轹文/俞卓群","郑关胜","REVIEWED","2025-08-24T18:17:37Z"
"1959674814602469376","低语的月亮","Luna Whisperans","中央民族大学","Minzu University of China","北京市","北京","马雨衡","马雨衡/盛楠/谌恒骏","孙娜","REVIEWED","2025-08-24T17:50:59Z"
"1959649461628624896","零","Zero","华中科技大学","Huazhong University of Science and Technology","湖北省","武汉","刘星佳","黄暄骜/刘星佳/刘铖","何琨","REVIEWED","2025-08-24T16:10:14Z"
"1959649371908268032","仿生Huster会梦见电子野猪吗","Hujimide","华中科技大学","Huazhong University of Science and Technology","湖北省","武汉","代康琪","代康琪/李叙儒/陈子澍","何琨","REVIEWED","2025-08-24T16:09:53Z"
"1959649224700780544","黄叶换秋色","Autumn's Golden Shift","华中科技大学","Huazhong University of Science and Technology","湖北省","武汉","张俊焕","黄子齐/徐烨/张俊焕","何琨","REVIEWED","2025-08-24T16:09:18Z"
"1959649111622344704","真的没摆烂","Aren't Slacking Off","华中科技大学","Huazhong University of Science and Technology","湖北省","武汉","郭际泽","郭际泽/赵佳义/李凌凯","何琨","REVIEWED","2025-08-24T16:08:51Z"
"1959647935879241728","哈斯特坐牢领域大神","Hust114514","华中科技大学","Huazhong University of Science and Technology","湖北省","武汉","杨逸轩","杨逸轩/武琪峻/潘裕洲","何琨","REVIEWED","2025-08-24T16:04:11Z"
"1959647717788016640","再过一题","AC again","华中科技大学","Huazhong University of Science and Technology","湖北省","武汉","邱卓珩","孙航雨/邱卓珩/王凯俊","何琨","REVIEWED","2025-08-24T16:03:19Z"
"1959647617934221312","长夜杯空","lies hollow","华中科技大学","Huazhong University of Science and Technology","湖北省","武汉","万睿朋","万睿朋/李鑫/邓本永","何琨","REVIEWED","2025-08-24T16:02:55Z"
"1959646985282183168","我不到啊，听说有学分我就来了","Credits? Where? When?","华中科技大学","Huazhong University of Science and Technology","湖北省","武汉","游佳浩","黄博鸿/刘瑞鹏/游佳浩","何琨","REVIEWED","2025-08-24T16:00:24Z"
"1959646862582013952","糖果酱","Sugar of Pb","华中科技大学","Huazhong University of Science and Technology","湖北省","武汉","赵亮亮","赵亮亮/丁易然/李嘉明","何琨","REVIEWED","2025-08-24T15:59:55Z"
"1959646139869880320","再WA我要哈气了","WA?HA!","华中科技大学","Huazhong University of Science and Technology","湖北省","武汉","李东豪","黄国栋/李东豪/万仁杰","何琨","REVIEWED","2025-08-24T15:57:02Z"
"1959644719439470592","本队名因违规已被删除","Invalid team name","华中科技大学","Huazhong University of Science and Technology","湖北省","武汉","梁彦伦","李思远/邢钦典/梁彦伦","何琨","REVIEWED","2025-08-24T15:51:24Z"
"1959644427717238784","昔之软糯者，已然逝去","yee","华中科技大学","Huazhong University of Science and Technology","湖北省","武汉","严原一","赖明恺/严原一/盖政华","何琨","REVIEWED","2025-08-24T15:50:14Z"
"1959644034509627392","长歌","Sings","华中科技大学","Huazhong University of Science and Technology","湖北省","武汉","潘喆","冯元宁/向恩泽/潘喆","何琨","REVIEWED","2025-08-24T15:48:40Z"
"1959643845510094848","stick16","stick16","华中科技大学","Huazhong University of Science and Technology","湖北省","武汉","王子石","刘嘉恒/王子石/郭梓洋","何琨","REVIEWED","2025-08-24T15:47:55Z"
"1959640840433885184","初生二进制","Neon Binary","中央民族大学","Minzu University of China","北京市","北京","徐德衡","徐德衡/张乙一/管士钦","孙娜","REVIEWED","2025-08-24T15:35:59Z"
"1959633487206604800","蒟蒻排队","newbie lining","北京大学","Peking University","北京市","北京","史皓嘉","史皓嘉/袁浩为/鲜博宇","张勤健","REVIEWED","2025-08-24T15:06:46Z"
"1959633375134793728","曾叶翔","Zengyexiang","北京大学","Peking University","北京市","北京","官文翔","叶浩瀚/曾于轩/官文翔","张勤健","REVIEWED","2025-08-24T15:06:19Z"
"1959633247997050880","占位符","Placeholder","北京大学","Peking University","北京市","北京","郑熠","郑熠/傅翔宇/左欣颖","张勤健","REVIEWED","2025-08-24T15:05:49Z"
"1959633132599164928","缘分的天空","sky zone","北京大学","Peking University","北京市","北京","赵一鸣","赵一鸣/宋魏晨/杨圳","张勤健","REVIEWED","2025-08-24T15:05:21Z"
"1959632991855099904","IMI","IMI","北京大学","Peking University","北京市","北京","徐勤","徐勤/戴明睿/张仡乐","张勤健","REVIEWED","2025-08-24T15:04:48Z"
"1959632872946581504","我们___是不可战胜的","code on your gunners","北京大学","Peking University","北京市","北京","郑皓元","汪之茗/闫昕/郑皓元","张勤健","REVIEWED","2025-08-24T15:04:19Z"
"1959632718336147456","膜拜ljc大队-二代目","Worship ljc Team - Second Generation","北京大学","Peking University","北京市","北京","潘致辰","潘致辰/周俊豪/陈文灏","张勤健","REVIEWED","2025-08-24T15:03:42Z"
"1959632572022046720","呆呆鸟","Naive birds","北京大学","Peking University","北京市","北京","朱剑枫","王蔚澄/朱剑枫/李羿辰","张勤健","REVIEWED","2025-08-24T15:03:08Z"
"1959632427637325824","呜呜杂班","wuwuzaban","北京大学","Peking University","北京市","北京","李嘉佑","蔡立一/马未然/李嘉佑","张勤健","REVIEWED","2025-08-24T15:02:33Z"
"1959632270640332800","你先别急","do not worry","北京大学","Peking University","北京市","北京","吴泽岳","吴泽岳/孙恒喆/陈凯丰","张勤健","REVIEWED","2025-08-24T15:01:56Z"
"1959632141933920256","不渡轮回","Metempsychosis","北京大学","Peking University","北京市","北京","郭羽冲","陈昕阳/郭羽冲/沈吉滪","张勤健","REVIEWED","2025-08-24T15:01:25Z"
"1959631922433409024","温大六队","WZU Team 6","温州大学","Wenzhou University","浙江省","温州","王展博","王展博/俞智杰/何泉涛","胡明晓","REVIEWED","2025-08-24T15:00:33Z"
"1959631886735687680","飞带不长队","Captain take me not","北京大学","Peking University","北京市","北京","方心童","蒋承佑/郑钧/方心童","张勤健","REVIEWED","2025-08-24T15:00:24Z"
"1959631753088385024","叮咚鸡","DaGouJiao","北京大学","Peking University","北京市","北京","舒俊喜","苏政鑫/邓庭宇/舒俊喜","张勤健","REVIEWED","2025-08-24T14:59:52Z"
"1959631584481558528","一步之遥","One Step Away","北京大学","Peking University","北京市","北京","钱易","施开成/钱易/彭博","张勤健","REVIEWED","2025-08-24T14:59:12Z"
"1959631450012172288","能不能想一个队名","Think of a Team Name","北京大学","Peking University","北京市","北京","胡一凡","胡一凡/金浩贤/杨博","张勤健","REVIEWED","2025-08-24T14:58:40Z"
"1959631309918224384","为你而来","coming for you","北京大学","Peking University","北京市","北京","焦思源","焦思源/徐恺/周泽坤","张勤健","REVIEWED","2025-08-24T14:58:07Z"
"1959631168888946688","仨人成行","it takes three","北京大学","Peking University","北京市","北京","王冠尧","王冠尧/刘鹏飞/宋来恒","张勤健","REVIEWED","2025-08-24T14:57:33Z"
"1959630843293515776","温大十队","WZU Team 10","温州大学","Wenzhou University","浙江省","温州","管焌羽","管焌羽/是凯宁/周圣涵","胡明晓","REVIEWED","2025-08-24T14:56:15Z"
"1959630750737809408","笨笨X","BBX","北京大学","Peking University","北京市","北京","张宇卓","张宇卓/刘君实/王尧","罗国杰","REVIEWED","2025-08-24T14:55:53Z"
"1959630609083580416","码盯零","throwing up","北京大学","Peking University","北京市","北京","温昊麟","温昊麟/冯睿阳/吴蕴章","罗国杰","REVIEWED","2025-08-24T14:55:20Z"
"1959630435246456832","花花朵朵叉叉","flower x flower","北京大学","Peking University","北京市","北京","徐皓天","王语然/王艺霏/徐皓天","罗国杰","REVIEWED","2025-08-24T14:54:38Z"
"1959630268011167744","请输入文本","[press any key to auto-win]","北京大学","Peking University","北京市","北京","苏泓燃","刘佳未/陆梓炀/苏泓燃","罗国杰","REVIEWED","2025-08-24T14:53:58Z"
"1959630142987354112","牌入栈 栈溢出","Medal Push, Stack Overflow","温州大学","Wenzhou University","浙江省","温州","韦乾平","韦乾平/李家诚/王楚怡","胡明晓","REVIEWED","2025-08-24T14:53:28Z"
"1959629926213140480","抹茶小蛋糕","mochaxiaodangao","北京大学","Peking University","北京市","北京","孙培轩","章弥炫/孙培轩/陈哲章","罗国杰","REVIEWED","2025-08-24T14:52:37Z"
"1959629735955316736","注意到不难发现","It's observed that","北京大学","Peking University","北京市","北京","刘洋","刘洋/罗锐/聂于涵","罗国杰","REVIEWED","2025-08-24T14:51:51Z"
"1959629649116446720","温大一队","WZU Team 1","温州大学","Wenzhou University","浙江省","温州","陈宇锋","陈宇锋/何卓睿/莫皓翔","胡明晓","REVIEWED","2025-08-24T14:51:31Z"
"1959629358589591552","TJUT_极速AC","lightning-fast AC","天津理工大学","Tianjin University of Technology","天津市","天津","赵浩然","赵浩然/李蒙海/刘鑫星","张颖","REVIEWED","2025-08-24T14:50:21Z"
"1959629164590448640","该用户名已被占用","username is occupied","北京大学","Peking University","北京市","北京","胡家哲","冯天琦/胡家哲/陈浩霆","罗国杰","REVIEWED","2025-08-24T14:49:35Z"
"1959629012588871680","随机匹配","Random Matched","北京大学","Peking University","北京市","北京","柯绎思","谢梓涵/柯怿憬/柯绎思","罗国杰","REVIEWED","2025-08-24T14:48:59Z"
"1959628876819251200","很显然我有意见","Hen Xianran Wo You Yijian","北京大学","Peking University","北京市","北京","咸浩哲","金天/陈睿泽/咸浩哲","罗国杰","REVIEWED","2025-08-24T14:48:27Z"
"1959628736448479232","东方永雏塔","Touhou Taffy Tower","北京大学","Peking University","北京市","北京","朱汶宣","朱汶宣/金点/谢钟傲","罗国杰","REVIEWED","2025-08-24T14:47:53Z"
"1959628558232502272","135+187+199=521","got ccpc ag last year","北京大学","Peking University","北京市","北京","黄彦涛","支扬帆/黄彦涛/王亦木","罗国杰","REVIEWED","2025-08-24T14:47:11Z"
"1959628125900423168","没队名","Noname","北京大学","Peking University","北京市","北京","张恒毅","张恒毅/李铭乐洋/翟锦程","罗国杰","REVIEWED","2025-08-24T14:45:28Z"
"1959627963354365952","小怪兽训练中心","Little Monster Training Center","北京大学","Peking University","北京市","北京","严思珩","葛致远/翟鹏昊/严思珩","罗国杰","REVIEWED","2025-08-24T14:44:49Z"
"1959627776418430976","补队","WA","北京大学","Peking University","北京市","北京","陈果熠","陈果熠/祁亮哲/陈威滔","罗国杰","REVIEWED","2025-08-24T14:44:04Z"
"1959627565629489152","饿鳄鱼","Hungry Crocodile","北京大学","Peking University","北京市","北京","陈易涵","程伟伦/张乐天/陈易涵","罗国杰","REVIEWED","2025-08-24T14:43:14Z"
"1959627004582608896","现充队友太多了!","Too many riaju teammates!","北京大学","Peking University","北京市","北京","杨卓凡","杨卓凡/谈一鸣/彭乙桐","罗国杰","REVIEWED","2025-08-24T14:41:00Z"
"1959626786097119232","家园火锅点特辣","hotpot.chili++","北京大学","Peking University","北京市","北京","李雷思问","李雷思问/汪煦康/王飞扬","罗国杰","REVIEWED","2025-08-24T14:40:08Z"
"1959625909995094016","爆零就去玩原神","Genshin or AC","山东师范大学","Shandong Normal University","山东省","济南","李佳恒","李佳恒/吕俊东/孙智毅","李圣涛","REVIEWED","2025-08-24T14:36:39Z"
"1959624958605312000","复制粘贴王","Ctrl CV King","山东师范大学","Shandong Normal University","山东省","济南","刘郑","刘郑/戴文星/杜彦贞","李圣涛","REVIEWED","2025-08-24T14:32:52Z"
"1959624402033754112","无限流bug","Infinite Loop Bug","山东师范大学","Shandong Normal University","山东省","济南","吴章平","吴章平/庄政","李圣涛","REVIEWED","2025-08-24T14:30:40Z"
"1959624061636624384","未言终局","NSN","山东师范大学","Shandong Normal University","山东省","济南","王曦","王曦/田文慧/张凯悦","李圣涛","REVIEWED","2025-08-24T14:29:19Z"
"1959622140532146176","最后亿舞","Endless Eve","山东师范大学","Shandong Normal University","山东省","济南","杨静颖","杨静颖/石政坤/杜甲玉","李圣涛","REVIEWED","2025-08-24T14:21:40Z"
"1959619939621453824","T就是A","TLE Accept","山东师范大学","Shandong Normal University","山东省","济南","程佳星","程佳星/王永恺/宋文远","李圣涛","REVIEWED","2025-08-24T14:12:56Z"
"1959616259883057152","樱高轻音部","K-ON!!!","山东师范大学","Shandong Normal University","山东省","济南","张兴晨","张兴晨/路宇欣/魏淑英","李圣涛","REVIEWED","2025-08-24T13:58:18Z"
"1959614838420848640","不知道起什么名字队","404 Not Found","中国科学院大学","University of Chinese Academy of Sciences","北京市","北京","许晋升","许晋升/吴墨林","刘慧","REVIEWED","2025-08-24T13:52:40Z"
"1959611067947073536","Not Found 404","Not Found 404","陕西师范大学","Shaanxi Normal University","陕西省","西安","赵紫轩","赵紫轩/何雨轩/胡志昂","王涛","REVIEWED","2025-08-24T13:37:41Z"
"1959608214918578176","样例收割机","Sample Harvester","北方工业大学","North China University of Technology","北京市","北京","刘屹鸥","刘屹鸥/张阳扬/徐华泽","李源","REVIEWED","2025-08-24T13:26:20Z"
"1959607214770012160","明天再补题","Compile Starlight","北方工业大学","North China University of Technology","北京市","北京","王锦涛","王锦涛/李金承/刘启炫","孙晶","REVIEWED","2025-08-24T13:22:22Z"
"1959606488136204288","流光碎影","None","北方工业大学","North China University of Technology","北京市","北京","黄梨宸","黄梨宸/程鹏/张鑫洋","李源","REVIEWED","2025-08-24T13:19:29Z"
"1959606061189611520","代码不会WAWA叫","No WAWA Code","北方工业大学","North China University of Technology","北京市","北京","邱睿","邱睿/王浩轩/黄子迪","孙晶","REVIEWED","2025-08-24T13:17:47Z"
"1959603878331203584","落榜程序员","Failed Programmer","北方工业大学","North China University of Technology","北京市","北京","王思诚","王思诚/周易/邵奕涵","李源","REVIEWED","2025-08-24T13:09:06Z"
"1959602573340622848","蒸蒸日上","steam 66","琼台师范学院","Qiongtai Normal University","海南省","海口","詹宇栋","李宇浩/詹宇栋/潘玮强","邢琦玮","REVIEWED","2025-08-24T13:03:55Z"
"1959602387163856896","贪得吴彦组","TFgirls","琼台师范学院","Qiongtai Normal University","海南省","海口","唐娜","唐娜/宋诗涵/蒋皖湘","邢琦玮","REVIEWED","2025-08-24T13:03:11Z"
"1959602157433438208","好石头在火山","Deficiency of Water in the Five Elements","琼台师范学院","Qiongtai Normal University","海南省","海口","杨豪","杨豪/冉明灿/农元磊","邢琦玮","REVIEWED","2025-08-24T13:02:16Z"
"1959601884795289600","从容硬队","Aetheris","琼台师范学院","Qiongtai Normal University","海南省","海口","李幸睿","李幸睿/黄晓雅/熊雨欣","邢琦玮","REVIEWED","2025-08-24T13:01:11Z"
"1959601578422353920","卡拉彼丘死了喵","Strinova","琼台师范学院","Qiongtai Normal University","海南省","海口","朱勇勇","范传勇/朱勇勇/岳灿林","邢琦玮","REVIEWED","2025-08-24T12:59:58Z"
"1959601273446121472","忘了我也无所谓","It's doesn't metter for forgetting me.","琼台师范学院","Qiongtai Normal University","海南省","海口","吕思远","黄梓源/吕思远/邓翔","邢琦玮","REVIEWED","2025-08-24T12:58:45Z"
"1959601058093776896","25ZJUT9","25ZJUT9","浙江工业大学","Zhejiang University of Technology","浙江省","杭州","刘伯亮","刘伯亮/郭谨志/王锦燊","韩姗姗","REVIEWED","2025-08-24T12:57:54Z"
"1959601014292660224","25ZJUT8","25ZJUT8","浙江工业大学","Zhejiang University of Technology","浙江省","杭州","吕天玉","吕天玉/卜凡/程煜泽","王春平","REVIEWED","2025-08-24T12:57:44Z"
"1959600972416729088","25ZJUT7","25ZJUT7","浙江工业大学","Zhejiang University of Technology","浙江省","杭州","马哲超","马哲超/张聪/权烨","侯向辉","REVIEWED","2025-08-24T12:57:34Z"
"1959600929609662464","25ZJUT6","25ZJUT6","浙江工业大学","Zhejiang University of Technology","浙江省","杭州","李明锋","李明锋/陈圣威/庄榕程","侯向辉","REVIEWED","2025-08-24T12:57:23Z"
"1959600887800840192","25ZJUT5","25ZJUT5","浙江工业大学","Zhejiang University of Technology","浙江省","杭州","俞佳毅","俞佳毅/叶许乐/蒋徐杰","韩姗姗","REVIEWED","2025-08-24T12:57:13Z"
"1959600849192271872","25ZJUT4","25ZJUT4","浙江工业大学","Zhejiang University of Technology","浙江省","杭州","马浩俊","马浩俊/付鹏汇/林雨铖","王春平","REVIEWED","2025-08-24T12:57:04Z"
"1959600812433391616","25ZJUT3","25ZJUT3","浙江工业大学","Zhejiang University of Technology","浙江省","杭州","蔡柏航","蔡柏航/雷昊喆/王池康","王春平","REVIEWED","2025-08-24T12:56:55Z"
"1959600770922364928","25ZJUT2","25ZJUT2","浙江工业大学","Zhejiang University of Technology","浙江省","杭州","周泳良","周泳良/闵士轩/周睿","侯向辉","REVIEWED","2025-08-24T12:56:46Z"
"1959600703201132544","25ZJUT1","25ZJUT1","浙江工业大学","Zhejiang University of Technology","浙江省","杭州","陈泓睿","陈泓睿/冯梓航/陆仙梁","韩姗姗","REVIEWED","2025-08-24T12:56:29Z"
"1959599798913384448","三个幸福南梁","3 happy trans","西华师范大学","China West Normal University","四川省","南充","蒋瑞","苟立军/吴福阳/蒋瑞","潘伟","REVIEWED","2025-08-24T12:52:54Z"
"1959599440719822848","从爆零开始的算竞生活","Code Zero","西华师范大学","China West Normal University","四川省","南充","陈龙骏","陈龙骏/卢银强/曹荣智","潘伟","REVIEWED","2025-08-24T12:51:28Z"
"1959599193662734336","倒着ac","Reverse AC","西华师范大学","China West Normal University","四川省","南充","何杨","何杨/李佳乐/王亦飞","周坤","REVIEWED","2025-08-24T12:50:30Z"
"1959596345323470848","张强","Qiang zhang","太原理工大学","Taiyuan University of Technology","山西省","太原","聂致远","郭超逸/王炎博/聂致远","林福平","REVIEWED","2025-08-24T12:39:10Z"
"1959596130835152896","为什么不给我判队","Why this WA？！","太原理工大学","Taiyuan University of Technology","山西省","太原","王廷俣浩","王廷俣浩/李昞辰/雷晨涛","林福平","REVIEWED","2025-08-24T12:38:19Z"
"1959592518167871488","这是什么天气","what weather is this?","五邑大学","Wuyi University (Guangdong)","广东省","江门","魏国梁","魏国梁/莫晨曦/钟辉","王柱","REVIEWED","2025-08-24T12:23:58Z"
"1959592486496681984","纳豆拌饭","NatooRice","陕西师范大学","Shaanxi Normal University","陕西省","西安","王鲲","王鲲/余寒顺/索梓恒","王涛","REVIEWED","2025-08-24T12:23:50Z"
"1959592296008171520","飞天猛威龙带着乌蒙吃和旮旯给木大神在ICPC里摸金","woc Heart of Africa","陕西师范大学","Shaanxi Normal University","陕西省","西安","王永政","王永政/陈明坤/左祖光","王涛","REVIEWED","2025-08-24T12:23:05Z"
"1959592194686369792","宋","Tang was over","陕西师范大学","Shaanxi Normal University","陕西省","西安","杜振东","王嘉轩/徐颢恺/杜振东","王涛","REVIEWED","2025-08-24T12:22:41Z"
"1959592120501714944","第一次参加这一块","tree tree","湖北汽车工业学院","Hubei University of Automotive Technology","湖北省","十堰","项文诚","项文诚/刘泽宇/王超毅","杨新年","REVIEWED","2025-08-24T12:22:23Z"
"1959592076117590016","线段树上长麦当劳","Crocodile Never Eat McDonald's","陕西师范大学","Shaanxi Normal University","陕西省","西安","赵欣颖","赵欣颖/吴若晗/谢黎涛","王涛","REVIEWED","2025-08-24T12:22:13Z"
"1959591951056027648","不能说的秘密","Secret","陕西师范大学","Shaanxi Normal University","陕西省","西安","王柯文","杨云皓/王柯文/张天成","王涛","REVIEWED","2025-08-24T12:21:43Z"
"1959591819975639040","恒卷时刻","JUAN TIMe HighAqC3","陕西师范大学","Shaanxi Normal University","陕西省","西安","张雨涵","勾治华/张雨涵/毛英灿","王涛","REVIEWED","2025-08-24T12:21:11Z"
"1959589241023938560","楼上拉我一把","SynergyCode","惠州学院","Huizhou University","广东省","惠州","黄海龙","黄海龙/车文伟/翁敏航","李卫华","REVIEWED","2025-08-24T12:10:57Z"
"1959589021787668480","编译器说没问题","WA Warriors","惠州学院","Huizhou University","广东省","惠州","玉彩妮","粟王霞/玉彩妮/卢诗音","黄震","REVIEWED","2025-08-24T12:10:04Z"
"1959588860453765120","三人成伍","three people team","惠州学院","Huizhou University","广东省","惠州","黄琪智","黄琪智/徐才智/朱嘉瑞","黄震","REVIEWED","2025-08-24T12:09:26Z"
"1959588640621903872","Debug到凌晨三点半","Debug very long time","惠州学院","Huizhou University","广东省","惠州","骆智胜","骆智胜/洪彦斌/范宇轩","黄震","REVIEWED","2025-08-24T12:08:33Z"
"1959588283338506240","废柴精灵队","Fei Chai Elves","惠州学院","Huizhou University","广东省","惠州","黄浩琪","黄浩琪/李佩萱/李嘉琪","黄震","REVIEWED","2025-08-24T12:07:08Z"
"1959588079776350208","闪电苦力怕","charged creeper","惠州学院","Huizhou University","广东省","惠州","韩乐天","韩乐天/贾敬轩/林锭炜","黄震","REVIEWED","2025-08-24T12:06:20Z"
"1959585214613733376","狱卒未到乡","import torch.nn as nn","河北师范大学","Hebei Normal University","河北省","石家庄","李延栋","李延栋/闫亚磊/徐锦杰","丁盟","REVIEWED","2025-08-24T11:54:57Z"
"1959584916579074048","宇宙无敌小队","universe no1","河北师范大学","Hebei Normal University","河北省","石家庄","孙博杨","孙博杨/孙杰/倪宏博","丁盟","REVIEWED","2025-08-24T11:53:46Z"
"1959584357990055936","面向样例编程","Sample-Oriented Programming","河北师范大学","Hebei Normal University","河北省","石家庄","张翔","张翔/徐亦豪/张若松","丁盟","REVIEWED","2025-08-24T11:51:32Z"
"1959583958537125888","我和评委站一队","referee's side","河北师范大学","Hebei Normal University","河北省","石家庄","汪嘉豪","汪嘉豪/杨颜铭/赵文康","丁盟","REVIEWED","2025-08-24T11:49:57Z"
"1959583079595556864","WA终将走进千家万户","WA Diffusion Effect","河北师范大学","Hebei Normal University","河北省","石家庄","袁凯鑫","袁凯鑫/桂晟航/张坤元","王烨","REVIEWED","2025-08-24T11:46:28Z"
"1959582849793835008","码划疼我们会赢吗","Shall we win？CodeScratchAche","河北师范大学","Hebei Normal University","河北省","石家庄","郑杰鸣","郑杰鸣/张星/余杰","张培欣","REVIEWED","2025-08-24T11:45:33Z"
"1959582551096475648","指尖破晓","Dawn at Your Fingertips","河北师范大学","Hebei Normal University","河北省","石家庄","曾云昊","曾云昊/贺雪杭/秦晓","张培欣","REVIEWED","2025-08-24T11:44:22Z"
"1959582314483204096","AAA校园卡诚招代理","AAA Campus Card is now seeking agents","河北师范大学","Hebei Normal University","河北省","石家庄","孙传炜","孙传炜/向清弘/李武","王烨","REVIEWED","2025-08-24T11:43:25Z"
"1959568299124113408","仙宫四队","XATU-4","西安工业大学","Xi’an Technological University","陕西省","西安","陈佳怡","陈佳怡/许竞元/祝程","赵莉","REVIEWED","2025-08-24T10:47:44Z"
"1959568232623423488","仙宫三队","XATU-3","西安工业大学","Xi’an Technological University","陕西省","西安","褚泽涵","张子颜/陈侯成谦/褚泽涵","赵莉","REVIEWED","2025-08-24T10:47:28Z"
"1959568198104301568","zhgg再飞高高","Zhgg fly higher and higher again","西安工业大学","Xi’an Technological University","陕西省","西安","杨忠浩","杨忠浩/张超/王伟","赵莉","REVIEWED","2025-08-24T10:47:20Z"
"1959568153313329152","敢同恶鬼争高下，不向霸王让寸分","Dare to defy demons, yield not to tyrants.","西安工业大学","Xi’an Technological University","陕西省","西安","邓琦文","肖兴隃/施昺琛/邓琦文","赵莉","REVIEWED","2025-08-24T10:47:09Z"
"1959565386754605056","南极洲的return","Antarctica Returns","山东工商学院","Shandong Technology and Business University","山东省","烟台","国耀泽","国耀泽/卜世陀/单高焱","肖进杰","REVIEWED","2025-08-24T10:36:09Z"
"1959565142117629952","古希腊掌管时间与空间的神","The Gods of Time and Space in Ancient Greek Mythology","山东工商学院","Shandong Technology and Business University","山东省","烟台","牛清华","牛清华/陈新语/李文哲","肖进杰","REVIEWED","2025-08-24T10:35:11Z"
"1959563148221005824","折磨评测机","0xBADC0DE","中国地质大学（武汉）","China University of Geosciences","湖北省","武汉","王晗宇","王晗宇/吴易凡/胡绮芮","张锋","REVIEWED","2025-08-24T10:27:16Z"
"1959552856497897472","旧梦新章","Burning Quest: Legacy","南京信息工程大学","Nanjing University of Information Science and Technology","江苏省","南京","魏天佑","魏天佑/刘阳元/边上策","郑关胜","REVIEWED","2025-08-24T09:46:22Z"
"1959548396220497920","内师五队","IMNU5","内蒙古师范大学","Inner Mongolia Normal University","内蒙古自治区","呼和浩特","王政昊","王政昊/范北鑫/马佳乐","孟繁军","REVIEWED","2025-08-24T09:28:38Z"
"1959547816236335104","内师四队","IMNU4","内蒙古师范大学","Inner Mongolia Normal University","内蒙古自治区","呼和浩特","杜雯月","杜雯月/侯越茜/张冉","徐行健","REVIEWED","2025-08-24T09:26:20Z"
"1959547546869743616","内师三队","IMNU3","内蒙古师范大学","Inner Mongolia Normal University","内蒙古自治区","呼和浩特","张松涛","张松涛/杨博岩/乔家博","孟繁军","REVIEWED","2025-08-24T09:25:16Z"
"1959547252970668032","内师二队","IMNU2","内蒙古师范大学","Inner Mongolia Normal University","内蒙古自治区","呼和浩特","牛笑茁","牛笑茁/池佳裕/张志扬","徐行健","REVIEWED","2025-08-24T09:24:06Z"
"1959541557542043648","湘大六队","XTU-6","湘潭大学","Xiangtan University","湖南省","湘潭","黄明广","黄明广/王文渊/邹泽林","谢勇","REVIEWED","2025-08-24T09:01:28Z"
"1959541492798767104","湘大七队","XTU-7","湘潭大学","Xiangtan University","湖南省","湘潭","郑新杰","郑新杰/陈梓轩/贺谦昊","谢勇","REVIEWED","2025-08-24T09:01:13Z"
"1959541431356407808","湘大三队","XTU-3","湘潭大学","Xiangtan University","湖南省","湘潭","刘璟轩","刘璟轩/郑智彬/范文涵","谢勇","REVIEWED","2025-08-24T09:00:58Z"
"1959541361009541120","湘大二队","XTU-2","湘潭大学","Xiangtan University","湖南省","湘潭","谭诚","谭诚/颜伟斌/王兮","谢勇","REVIEWED","2025-08-24T09:00:41Z"
"1959541294433353728","湘大一队","XTU-1","湘潭大学","Xiangtan University","湖南省","湘潭","谢东骏","谢东骏/李名杰/谢先皓","谢勇","REVIEWED","2025-08-24T09:00:25Z"
"1959535574061203456","真的热爱ACM吗","do I really love ACM","怀化学院","Huaihua University","湖南省","怀化","董朝科","董朝科/袁琦/潘腾","彭新怀","REVIEWED","2025-08-24T08:37:41Z"
"1959534299068284928","玄机策揽玲珑霄","Aetheris","南京信息工程大学","Nanjing University of Information Science and Technology","江苏省","南京","何家齐","何家齐/宋安之/姚天舜","郑关胜","REVIEWED","2025-08-24T08:32:37Z"
"1959534167891427328","绿色结晶猫","Mon3trrr","南京信息工程大学","Nanjing University of Information Science and Technology","江苏省","南京","苗睿","苗睿/王浩/胡永平","潘锦基","REVIEWED","2025-08-24T08:32:06Z"
"1959533983308496896","那就先ai生成吧","Bohemia","南京信息工程大学","Nanjing University of Information Science and Technology","江苏省","南京","李腾飞","李腾飞/陆智昊/汪琪","潘锦基","REVIEWED","2025-08-24T08:31:22Z"
"1959533743100706816","想想","ThinkThink","南京信息工程大学","Nanjing University of Information Science and Technology","江苏省","南京","赵柯帆","赵柯帆/吴家骐/程天乐","郑关胜","REVIEWED","2025-08-24T08:30:25Z"
"1959533027732799488","鲤鱼移动的速度是二米每秒","tongtongtongsahur","南京信息工程大学","Nanjing University of Information Science and Technology","江苏省","南京","栗雨","栗雨/刘思奇/何文煜","宋彪","REVIEWED","2025-08-24T08:27:34Z"
"1959532643840737280","今天也是随机做题的一天","another day of random programming","南京信息工程大学","Nanjing University of Information Science and Technology","江苏省","南京","余天成","余天成/刘城垚/李鸿硕","潘锦基","REVIEWED","2025-08-24T08:26:03Z"
"1959532406514434048","异世界编程使者","Hello Another World","南京信息工程大学","Nanjing University of Information Science and Technology","江苏省","南京","姜钟珩","姜钟珩/王欣悦/陈东","宋彪","REVIEWED","2025-08-24T08:25:06Z"
"1959530408205402112","城建一队","Champion","河南城建学院","Henan University of Urban Construction","河南省","平顶山","杜宇扬","杜宇扬/张林豪/马啟元","杜小杰","REVIEWED","2025-08-24T08:17:10Z"
"1959522770440732672","当然！当然！当然！","a，so，so，so","西南科技大学","Southwest University of Science and Technology","四川省","绵阳","程立坤","程立坤/黄浩翔/唐娅东","杨春明","REVIEWED","2025-08-24T07:46:49Z"
"1959522475560189952","喵喵队","nyaneko","西南科技大学","Southwest University of Science and Technology","四川省","绵阳","谭淇匀","王思咏/谭淇匀/刘星宇","杨春明","REVIEWED","2025-08-24T07:45:39Z"
"1959522462520098816","重庆工业大学一队","first team","重庆文理学院","Chongqing University of Arts and Sciences","重庆市","重庆","田康乐","田康乐/刘泽凝/张柒鑫","严海升","REVIEWED","2025-08-24T07:45:35Z"
"1959522241853571072","No Responds","No Responds","西南科技大学","Southwest University of Science and Technology","四川省","绵阳","谢世杰","刘卓志/官畅宇/谢世杰","杨春明","REVIEWED","2025-08-24T07:44:43Z"
"1959522008830623744","霜天大战外星人","STvsET","西南科技大学","Southwest University of Science and Technology","四川省","绵阳","李立娅","王钦洲/黄义/李立娅","杨春明","REVIEWED","2025-08-24T07:43:47Z"
"1959521634992308224","事不过10086","10086 and Out","太原理工大学","Taiyuan University of Technology","山西省","太原","程景柯","程景柯/李誉/张博晗","林福平","REVIEWED","2025-08-24T07:42:18Z"
"1959520930244378624","O（1）头发量","O(1)hair","太原理工大学","Taiyuan University of Technology","山西省","太原","林挺","林挺/路汶泰/李冠翰","林福平","REVIEWED","2025-08-24T07:39:30Z"
"1959520721288347648","优先队列","Greedy But Optimal","太原理工大学","Taiyuan University of Technology","山西省","太原","宁昱杰","宁昱杰/高翊城/郭兴源","林福平","REVIEWED","2025-08-24T07:38:40Z"
"1959520519773011968","我有一个绝妙的算法，但空白处太少，我写不下","truly miracle algorithms but no space to write","太原理工大学","Taiyuan University of Technology","山西省","太原","许星宇","许星宇/荀思杰/王振琛","林福平","REVIEWED","2025-08-24T07:37:52Z"
"1959519638033842176","破芒之拳","The Fist of Shattered Radiance","惠州学院","Huizhou University","广东省","惠州","钟志杰","钟志杰/蒋从东/罗科杰","刘利","REVIEWED","2025-08-24T07:34:22Z"
"1959519065519734784","那年人杰地灵","Blessed Legends","惠州学院","Huizhou University","广东省","惠州","钟剑益","钟剑益/刘炫桐/刘培烁","刘利","REVIEWED","2025-08-24T07:32:05Z"
"1959518741631385600","嘉心彬干","Jia Xinbin","惠州学院","Huizhou University","广东省","惠州","康心悦","康心悦/王彬琦/李嘉慧","刘利","REVIEWED","2025-08-24T07:30:48Z"
"1959518473124626432","寒蝉鸣泣之时","No Love No Acm","惠州学院","Huizhou University","广东省","惠州","梁浩霆","梁浩霆/余德滢/陈润","刘利","REVIEWED","2025-08-24T07:29:44Z"
"1959517987692658688","时茧织光","Chronicle's Chrysalis","惠州学院","Huizhou University","广东省","惠州","冼健民","冼健民/孙昊/吴海杰","刘利","REVIEWED","2025-08-24T07:27:49Z"
"1959513734811009024","比赛没一个是醒的","All Asleep In The Contest","华南农业大学","South China Agricultural University","广东省","广州","邓皓泽","黄卓铭/邓皓泽/李炫彰","祝胜林","REVIEWED","2025-08-24T07:10:55Z"
"1959513613083918336","妈妈说名字太长会被记住","todolist","华南农业大学","South China Agricultural University","广东省","广州","陈博凯","陈博凯/吴承俊/池敬瑭","祝胜林","REVIEWED","2025-08-24T07:10:26Z"
"1959513514429693952","没那么对","Not exactly correct","华南农业大学","South China Agricultural University","广东省","广州","江煊杰","袁菱/江煊杰/钟启航","林旭东","REVIEWED","2025-08-24T07:10:02Z"
"1959513387824627712","那一天的鬼火再响起来","Phantom Echo Return","华南农业大学","South China Agricultural University","广东省","广州","谢易居","谢易居/袁熙/梁嘉俊","祝胜林","REVIEWED","2025-08-24T07:09:32Z"
"1959513126376882176","签完到就去出勤","maimai gogogo","华南农业大学","South China Agricultural University","广东省","广州","阮贵鹏","邹炜泉/阮贵鹏/叶子琦","祝胜林","REVIEWED","2025-08-24T07:08:29Z"
"1959512892695429120","天鹅繁育中心","no Ciallo","华南农业大学","South China Agricultural University","广东省","广州","温雨佳","钱志远/温雨佳/钟志轩","林旭东","REVIEWED","2025-08-24T07:07:34Z"
"1959512773413617664","三个键盘手也能组一辈子的乐队吗","3 ap = 1band = 1 life?","华南农业大学","South China Agricultural University","广东省","广州","谭伟杰","颜乾彪/陈钢/谭伟杰","林旭东","REVIEWED","2025-08-24T07:07:05Z"
"1959512640567427072","交了就ac队","submit then accepted","华南农业大学","South China Agricultural University","广东省","广州","丘磊","何曼玲/丘磊","祝胜林","REVIEWED","2025-08-24T07:06:34Z"
"1959512460166217728","Ciallo的每一天","Ciallo everyday","华南农业大学","South China Agricultural University","广东省","广州","许俊泓","赖德文/张嘉鹏/许俊泓","祝胜林","REVIEWED","2025-08-24T07:05:51Z"
"1959512338019696640","老爷保号队","LaoyeBaohao","华南农业大学","South China Agricultural University","广东省","广州","李文浩","李文浩/廖凯颖/赵齐","林旭东","REVIEWED","2025-08-24T07:05:22Z"
"1959512118737289216","scau—9","scau—9","华南农业大学","South China Agricultural University","广东省","广州","黄俊谕","黄俊谕/彭玉菡/甘俊宏","祝胜林","REVIEWED","2025-08-24T07:04:29Z"
"1959511974692306944","一一得一","11ac","华南农业大学","South China Agricultural University","广东省","广州","梁凯","冯诗哲/梁凯/林业茂","祝胜林","REVIEWED","2025-08-24T07:03:55Z"
"1959511831242915840","你WA我不WA队","scau_13","华南农业大学","South China Agricultural University","广东省","广州","邱逸淳","阳悦/邱逸淳/张嘉怡","祝胜林","REVIEWED","2025-08-24T07:03:21Z"
"1959511500480102400","想队名这种事情不要啊","Ugh, I don't want to come up with a team name.","华南农业大学","South China Agricultural University","广东省","广州","陈伟鹏","刘晓宇/陈伟鹏/辛运滋","林旭东","REVIEWED","2025-08-24T07:02:02Z"
"1959509098649665536","原地RE三次改完发现样例都没过后悲惨printf(“AC”)","cout << “AC” << endl;","海南大学","Hainan University","海南省","海口","王宇烁","王宇烁/伊柏赫/陈诺","刘华中","REVIEWED","2025-08-24T06:52:29Z"
"1959508813285998592","溢出即自由","Overflow == Freedom","海南大学","Hainan University","海南省","海口","赵博","赵博/余睿涵/陆晓宇","刘华中","REVIEWED","2025-08-24T06:51:21Z"
"1959508500105707520","洗澡不跳舞等于没洗","No dance,no shower","海南大学","Hainan University","海南省","海口","陈皓月","李俊飞/蔡佳城/陈皓月","黎才茂","REVIEWED","2025-08-24T06:50:06Z"
"1959508199453802496","队友带个我都能AC","Teammate carries me to AC","海南大学","Hainan University","海南省","海口","朱桐庆","郑朴/朱桐庆/丁彦文","刘华中","REVIEWED","2025-08-24T06:48:55Z"
"1959496275429212160","南工院1队","Apex","南京工业职业技术大学","Nanjing University of Industry Technology","江苏省","南京","高子健","李易鑫/高子健/章序","高景菊","REVIEWED","2025-08-24T06:01:32Z"
"1959495947728240640","南工院2队","Valor","南京工业职业技术大学","Nanjing University of Industry Technology","江苏省","南京","骆瑞阳","骆瑞阳/张乐贤/罗定","徐林","REVIEWED","2025-08-24T06:00:14Z"
"1959478791993081856","奈落圆舞曲","To the Abyss, and Beyond.","浙江工商大学","Zhejiang Gongshang University","浙江省","杭州","王暾","王暾/曾大君/薛道民","胡毓励","REVIEWED","2025-08-24T04:52:04Z"
"1959478699462541312","猫猫骑士团","KnightCats","浙江工商大学","Zhejiang Gongshang University","浙江省","杭州","卢嘉亮","卢嘉亮/张任杰/杨毅博","胡毓励","REVIEWED","2025-08-24T04:51:41Z"
"1959478678264528896","中国出版大学","China Publishing University","北京印刷学院","Beijing Institute of Graphic Communication","北京市","北京","张玉龙","张玉龙/陈孟哲/郭音","徐长波","REVIEWED","2025-08-24T04:51:36Z"
"1959478553186189312","因人RE","Wings of Freedom","北京印刷学院","Beijing Institute of Graphic Communication","北京市","北京","李嘉乐","李嘉乐/陈玉溪/黄沼洋","徐长波","REVIEWED","2025-08-24T04:51:07Z"
"1959478461335126016","双人成行","it takes two","浙江工商大学","Zhejiang Gongshang University","浙江省","杭州","谢相逸","谢相逸/郭宇豪","胡毓励","REVIEWED","2025-08-24T04:50:45Z"
"1959473131867914240","取名字太难了","naming's tough","浙江农林大学","Zhejiang A&F University","浙江省","杭州","邵卿桓","邵卿桓/金辰航/黄兆鑫","童孟军","REVIEWED","2025-08-24T04:29:34Z"
"1959472708146741248","AveMujica","AveMujica","浙江农林大学","Zhejiang A&F University","浙江省","杭州","姚沣城","姚沣城/徐思远/章京","童孟军","REVIEWED","2025-08-24T04:27:53Z"
"1959472319317983232","计算练习生^_^","computational trainee^_^","浙江农林大学","Zhejiang A&F University","浙江省","杭州","赵利泺","赵利泺/熊奕炫/徐凯杭","童孟军","REVIEWED","2025-08-24T04:26:20Z"
"1959471878802817024","脑子逝去的夏天","The summer that has passed in my mind","浙江农林大学","Zhejiang A&F University","浙江省","杭州","赵舒影","赵舒影/陈少凯/郑天予","童孟军","REVIEWED","2025-08-24T04:24:35Z"
"1959471355471118336","TLE艺术家","TLE artist","浙江农林大学","Zhejiang A&F University","浙江省","杭州","陈炜鑫","陈炜鑫/贾豫宁/翁清源","童孟军","REVIEWED","2025-08-24T04:22:31Z"
"1959470758290309120","再给我十分钟","Give me another ten minutes","浙江农林大学","Zhejiang A&F University","浙江省","杭州","庞军","庞军/郑灵轩/余和喆","童孟军","REVIEWED","2025-08-24T04:20:08Z"
"1959470420934049792","acm菜鸟","acm  rookie","浙江农林大学","Zhejiang A&F University","浙江省","杭州","吴文超","吴文超/陈家乐/毛亦秀","童孟军","REVIEWED","2025-08-24T04:18:48Z"
"1959470063810035712","我不是黄毛，谁是呢？","I'm not a blonde, who is？","浙江农林大学","Zhejiang A&F University","浙江省","杭州","黄志腾","黄志腾/赵亭旭/陈镇锋","童孟军","REVIEWED","2025-08-24T04:17:23Z"
"1959468861214998528","Blessing","Blessing","浙江农林大学","Zhejiang A&F University","浙江省","杭州","程培哲","程培哲/潘宇健/罗俊升","童孟军","REVIEWED","2025-08-24T04:12:36Z"
"1959468482951692288","天河圣芒斩","The average of CET is 3.3","浙江农林大学","Zhejiang A&F University","浙江省","杭州","任益超","任益超/朱冠霖/陈柳","童孟军","REVIEWED","2025-08-24T04:11:06Z"
"1959465504593199104","茉法少女","mako","广州南方学院","Nanfang College Guangzhou","广东省","广州","张国栋","张国栋/冯昊岚/刘炫堉","张鉴新","REVIEWED","2025-08-24T03:59:16Z"
"1959465402512228352","狂怒","Fury","广州南方学院","Nanfang College Guangzhou","广东省","广州","童希玮","童希玮/曾昱恺/魏廷锋","张鉴新","REVIEWED","2025-08-24T03:58:51Z"
"1959458271713083392","京矿分队","CUMTB-2","中国矿业大学（北京）","China University of Mining and Technology, Beijing","北京市","北京","金大业","顾连江/金大业/饶汉青","周法国","REVIEWED","2025-08-24T03:30:31Z"
"1959457266556518400","京矿小分队","CUMTB-1","中国矿业大学（北京）","China University of Mining and Technology, Beijing","北京市","北京","高晨博","李佳豪/高晨博/何听雨","周法国","REVIEWED","2025-08-24T03:26:31Z"
"1959456928273317888","北矿九队","ninemine","中国矿业大学（北京）","China University of Mining and Technology, Beijing","北京市","北京","郭天茁","吴瑞阳/杨文强/郭天茁","周法国","REVIEWED","2025-08-24T03:25:11Z"
"1959456785453072384","Fortune","Fortune","中国矿业大学（北京）","China University of Mining and Technology, Beijing","北京市","北京","梁凯","杜若琳/梁凯/崔文水","周法国","REVIEWED","2025-08-24T03:24:37Z"
"1959456530938511360","云淡风清","legend","中国矿业大学（北京）","China University of Mining and Technology, Beijing","北京市","北京","王晨","周发顺/王晨/徐靖涵","周法国","REVIEWED","2025-08-24T03:23:36Z"
"1959451092721385472","一A二C三M","three man fight with acm","乐山师范学院","Leshan Normal University","四川省","乐山","张锐彬","张锐彬/王铖/鲜沅辛","李中华","REVIEWED","2025-08-24T03:02:00Z"
"1959451009460256768","三张王牌","three joker","乐山师范学院","Leshan Normal University","四川省","乐山","任力恒","任力恒/范俊滔/汤青峰","李中华","REVIEWED","2025-08-24T03:01:40Z"
"1959450847367184384","我的名字","kylin","乐山师范学院","Leshan Normal University","四川省","乐山","吕文涛","吕文涛/蒋明枝/陈思妍","李中华","REVIEWED","2025-08-24T03:01:01Z"
"1959450766815576064","我怎么可能成为acmer，不行不行！","Murimuri","乐山师范学院","Leshan Normal University","四川省","乐山","曾绍武","曾绍武/陈曦/李沐翰","李中华","REVIEWED","2025-08-24T03:00:42Z"
"1959450674268258304","我是甜菜","achaha","乐山师范学院","Leshan Normal University","四川省","乐山","孙鹏","孙鹏/陈洪钢/李诚鑫","李中华","REVIEWED","2025-08-24T03:00:20Z"
"1959450245669109760","1FB","1FB","兰州大学","Lanzhou University","甘肃省","兰州","奚子涵","奚子涵/王之翼/王泽涵","马俊","REVIEWED","2025-08-24T02:58:38Z"
"1959448945204183040","多娜多娜~一起来打代码吧","dohnadohna~isyoniCODEsiyo","深圳大学","Shenzhen University","广东省","深圳","方昊哲","方昊哲/陈俊年/苏力哲","王天雨","REVIEWED","2025-08-24T02:53:27Z"
"1959448834306785280","待甲为四才弊","anytime_anywhere","深圳大学","Shenzhen University","广东省","深圳","张博汉","梅刚浩/张博汉/姜顺元","罗笑玲","REVIEWED","2025-08-24T02:53:01Z"
"1959448734218108928","扣1生成队名","ciallo","深圳大学","Shenzhen University","广东省","深圳","邹文博","陈昂雄/邹文博/杨毅博","孙玉玺","REVIEWED","2025-08-24T02:52:37Z"
"1959448595126599680","躺赢狗","szu_OvO","深圳大学","Shenzhen University","广东省","深圳","岑健锋","熊鑫辉/张楠/岑健锋","罗笑玲","REVIEWED","2025-08-24T02:52:04Z"
"1959448466881560576","太空曼波","Space Manbo","深圳大学","Shenzhen University","广东省","深圳","肖俊祺","廖昱堃/肖俊祺/温家燊","孙玉玺","REVIEWED","2025-08-24T02:51:33Z"
"1959448342805659648","关注Akie秋绘谢谢喵～","Akie_Yuki_Keqing","深圳大学","Shenzhen University","广东省","深圳","王荟斐","邹瀚泓/梁展宇/王荟斐","罗笑玲","REVIEWED","2025-08-24T02:51:04Z"
"1959448119521886208","起名真是难","Hard to name a name","深圳大学","Shenzhen University","广东省","深圳","赵昱棠","赵昱棠/杨哲/黄一展","孙玉玺","REVIEWED","2025-08-24T02:50:11Z"
"1959447971139993600","加睡不如加睡","sleeeeeep","深圳大学","Shenzhen University","广东省","深圳","王锐源","王锐源/陈子洪/梁志鸿","王天雨","REVIEWED","2025-08-24T02:49:35Z"
"1959447855524003840","只是参加xcpc就被管家打断了双腿","Both legs were broken by the housekeeper just for participating in XCPC.","深圳大学","Shenzhen University","广东省","深圳","曾圳烽","曾圳烽/吕鹏/潘宝怡","罗笑玲","REVIEWED","2025-08-24T02:49:08Z"
"1959447676804710400","古故菇","goodgoodgood","深圳大学","Shenzhen University","广东省","深圳","李子炫","李子炫/李晗/林文伟","孙玉玺","REVIEWED","2025-08-24T02:48:25Z"
"1959447538841468928","青春ACM少年不会梦见5d0学姐","I Don't Dream","深圳大学","Shenzhen University","广东省","深圳","徐嘉哲","徐嘉哲/吴岱琳/冉起","王天雨","REVIEWED","2025-08-24T02:47:52Z"
"1959442135474814976","UPC1999","UPC1999","中国石油大学（华东）","China University of Petroleum","山东省","青岛","张淇贺","张淇贺/彭健坤/钟智勇","张学辉","REVIEWED","2025-08-24T02:26:24Z"
"1959441735908638720","UPC2013","UPC2013","中国石油大学（华东）","China University of Petroleum","山东省","青岛","张兴硕","张兴硕/李治欣/王祾祯","张学辉","REVIEWED","2025-08-24T02:24:49Z"
"1959441472133054464","UPC2053","UPC2053","中国石油大学（华东）","China University of Petroleum","山东省","青岛","曹广驰","曹广驰/王子豪/王康振","张学辉","REVIEWED","2025-08-24T02:23:46Z"
"1959441409579204608","UPC2025","UPC2025","中国石油大学（华东）","China University of Petroleum","山东省","青岛","赵海威","赵海威/杨帮兴/郝铭宇","张学辉","REVIEWED","2025-08-24T02:23:31Z"
"1959441365815836672","UPC2021","UPC2021","中国石油大学（华东）","China University of Petroleum","山东省","青岛","王钧泽","王钧泽/吉时渊/黄升钦","张学辉","REVIEWED","2025-08-24T02:23:20Z"
"1959441228905365504","UPC2011","UPC2011","中国石油大学（华东）","China University of Petroleum","山东省","青岛","俞桐","俞桐/庄坤鹏/尹瑞阳","张学辉","REVIEWED","2025-08-24T02:22:48Z"
"1959441082310246400","UPC2005","UPC2005","中国石油大学（华东）","China University of Petroleum","山东省","青岛","杨皓月","杨皓月/陈淑雯/王世宇","张学辉","REVIEWED","2025-08-24T02:22:13Z"
"1959441044678950912","UPC2003","UPC2003","中国石油大学（华东）","China University of Petroleum","山东省","青岛","舒心悦","舒心悦/范兆蕊/聂书瑜","张学辉","REVIEWED","2025-08-24T02:22:04Z"
"1959440896355778560","UPC1997","UPC1997","中国石油大学（华东）","China University of Petroleum","山东省","青岛","王一同","王一同/徐烨/林嘉伟","张学辉","REVIEWED","2025-08-24T02:21:29Z"
"1959440854752477184","UPC1988","UPC1988","中国石油大学（华东）","China University of Petroleum","山东省","青岛","刘亚宁","刘亚宁/杨立鑫/王亚飞","张学辉","REVIEWED","2025-08-24T02:21:19Z"
"1959440820388544512","UPC1969","UPC1969","中国石油大学（华东）","China University of Petroleum","山东省","青岛","吕恒欣","吕恒欣/杨若熙/袁露菡","张学辉","REVIEWED","2025-08-24T02:21:10Z"
"1959440756798701568","UPC1953","UPC1953","中国石油大学（华东）","China University of Petroleum","山东省","青岛","刘志恒","刘志恒/黄阔/钱智昊","张学辉","REVIEWED","2025-08-24T02:20:55Z"
"1959437957004312576","谷涨稷萁稔","Cornty Millbot","沈阳农业大学","Shenyang Agricultural University","辽宁省","沈阳","潘岩","潘岩/金龙杰/苏紫辰","栗庆吉","REVIEWED","2025-08-24T02:09:48Z"
"1959437219586949120","零基础新生 1 队","Beginner Freshmen Team 1","清华大学","Tsinghua University","北京市","北京","刘海峰","刘海峰/陈诺/徐骁扬","邬晓钧","REVIEWED","2025-08-24T02:06:52Z"
"1959435063819550720","B站多于20粉丝","Bilibili more than 20 fans","清华大学","Tsinghua University","北京市","北京","牛宏昊","牛宏昊/周子哲/朱珈良","邬晓钧","REVIEWED","2025-08-24T01:58:18Z"
"1959434911717310464","你们这是什么队啊","You are What Team A?","清华大学","Tsinghua University","北京市","北京","唐一文","唐一文/马梓航/舒熙皓","邬晓钧","REVIEWED","2025-08-24T01:57:42Z"
"1959434707093995520","HFOI2018","HFOI2018","清华大学","Tsinghua University","北京市","北京","区庆亮","贺睿杰/区庆亮/罗以彬","邬晓钧","REVIEWED","2025-08-24T01:56:53Z"
"1959302547062177792","涅槃重生队","Rebirth from Nirvana","湖北经济学院","Hubei University of Economics","湖北省","武汉","陈宵阳","陈宵阳/陈怡冰/黄翰名","周刚","REVIEWED","2025-08-23T17:11:43Z"
"1959287368849080320","禁忌「O(1)の弹幕结界」","Taboo「O(1) Danmaku Barrier」","香港中文大学（深圳）","The Chinese University of Hong Kong, Shenzhen","广东省","深圳","周信言","周信言/叶嘉泓/Adam Tejasukmana","方一向","REVIEWED","2025-08-23T16:11:25Z"
"1959278197294546944","Fast Fast TLE","Fast Fast TLE","华南理工大学","South China University of Technology","广东省","广州","吴挺宇","吴尚鸿/吴挺宇/甘景贤","冼楚华","REVIEWED","2025-08-23T15:34:58Z"
"1959278138771423232","您的AC订单正在配送","A Delivery Crew","华南理工大学","South China University of Technology","广东省","广州","王雨豪","王雨豪/文建荣/胡轩瑞","冼楚华","REVIEWED","2025-08-23T15:34:44Z"
"1959278028767412224","走地鸡的幻想乡","Gensokyo of Walking Chicken","华南理工大学","South China University of Technology","广东省","广州","杨燊杰","杨燊杰/杨舒翔/何佳晟","冼楚华","REVIEWED","2025-08-23T15:34:18Z"
"1959277913767985152","不要哇","try not wa","华南理工大学","South China University of Technology","广东省","广州","张驰铖","谭勤智/张驰铖/何旭禹","冼楚华","REVIEWED","2025-08-23T15:33:50Z"
"1959277815709351936","散养走地鸡","Chikémon GO","华南理工大学","South China University of Technology","广东省","广州","张麟","张麟/王奕凯/陈祖榆","冼楚华","REVIEWED","2025-08-23T15:33:27Z"
"1959277734193053696","失落之城","The Lost City","华南理工大学","South China University of Technology","广东省","广州","王雅恒","王雅恒/叶文煜/黄烁韩","冼楚华","REVIEWED","2025-08-23T15:33:08Z"
"1959277592920506368","SCUT第零店","SCUT Chireiden ~ Successfully Accepted","华南理工大学","South China University of Technology","广东省","广州","袁昊朗","袁昊朗/郑理耀/陈弘毅","冼楚华","REVIEWED","2025-08-23T15:32:34Z"
"1959277390268514304","天降之物","heaven's lost property","华南理工大学","South China University of Technology","广东省","广州","何嘉骅","何嘉骅/陆韦陶/黄嘉坤","冼楚华","REVIEWED","2025-08-23T15:31:46Z"
"1959277270126870528","组一辈子乐队","foreverband","华南理工大学","South China University of Technology","广东省","广州","吴鸿菊","吴鸿菊/王鹏/邢天宇","冼楚华","REVIEWED","2025-08-23T15:31:17Z"
"1959277145220497408","HowA","HowA","华南理工大学","South China University of Technology","广东省","广州","郑培磊","彭代杰/鲁金梓/郑培磊","冼楚华","REVIEWED","2025-08-23T15:30:47Z"
"1959276911685844992","树上猫猫虫","BugCat On Tree","华南理工大学","South China University of Technology","广东省","广州","刘俊祺","刘俊祺/王思哲/刘兆宇","冼楚华","REVIEWED","2025-08-23T15:29:52Z"
"1959276801618919424","ECF","Enjoy coding forever","华南理工大学","South China University of Technology","广东省","广州","陈泓森","林子尊/陈泓森/王俊杰","冼楚华","REVIEWED","2025-08-23T15:29:25Z"
"1959276664997855232","我WA故我在","iWAthereforeIam","华南理工大学","South China University of Technology","广东省","广州","梁祖章","张圣渤/梁祖章/黄皓炜","冼楚华","REVIEWED","2025-08-23T15:28:53Z"
"1959276562279350272","袁宇阳粉丝团","YYY_FanClub","华南理工大学","South China University of Technology","广东省","广州","吕浩天","吕浩天/梁立州/徐睿","冼楚华","REVIEWED","2025-08-23T15:28:28Z"
"1959276417617805312","请你吃好吃的","treat you nice","华南理工大学","South China University of Technology","广东省","广州","王烁云","黄仕填/王烁云/徐烨辉","冼楚华","REVIEWED","2025-08-23T15:27:54Z"
"1959275728741122048","喵喵队立大功","miaomiaomiao","华南理工大学","South China University of Technology","广东省","广州","陈浩宇","陈浩宇/姚嘉晟/陈照睿","冼楚华","REVIEWED","2025-08-23T15:25:09Z"
"1959255858209144832","递归到天亮","RecurseForever","大连东软信息学院","Dalian Neusoft University of Information","辽宁省","大连","千昊正","千昊正/李童/吴文琪","褚娜","REVIEWED","2025-08-23T14:06:12Z"
"1959252607145394176","面无波澜","poker_fACe","中国科学院大学","University of Chinese Academy of Sciences","北京市","北京","马宇骏","韩旭成/马宇骏/邱宇峰","刘慧","REVIEWED","2025-08-23T13:53:17Z"
"1959244511647940608","使题来袭╭(╯ε╰)╮AC力场全开","Problem Sheet Coming","复旦大学","Fudan University","上海市","上海","陈佳鹏","陈佳鹏/徐子恩/阚子淳","孙未未","REVIEWED","2025-08-23T13:21:07Z"
"1959244478697488384","倒头就睡","DeepSleep","复旦大学","Fudan University","上海市","上海","张圣皓","张圣皓/王瑞藻/朱翔宇","孙未未","REVIEWED","2025-08-23T13:20:59Z"
"1959244448980844544","所以我们队名叫啥 [思考]","Don't ask me, I don't know","复旦大学","Fudan University","上海市","上海","曾添琪","曾添琪/郑杞珩/李天呈","孙未未","REVIEWED","2025-08-23T13:20:52Z"
"1959244419981426688","随机一个字符串得了","Randomly select a string","复旦大学","Fudan University","上海市","上海","胡予衡","文凯杰/胡予衡/苏逸恒","孙未未","REVIEWED","2025-08-23T13:20:45Z"
"1959244389006491648","三棱镜","Triprism","复旦大学","Fudan University","上海市","上海","戴承皓","戴承皓/杨辰浩/潘梓睿","孙未未","REVIEWED","2025-08-23T13:20:37Z"
"1959244350188208128","AAA专业歪榜修正奶龙","Nai Loongs Fix The Corrupted Ranklist","复旦大学","Fudan University","上海市","上海","李佳骏","施陈豪/李佳骏/吴童","孙未未","REVIEWED","2025-08-23T13:20:28Z"
"1959244319112609792","奶龙的小七","Xiao Qi with Nai Long","复旦大学","Fudan University","上海市","上海","邹丰羽","姚奕/沈高畅/邹丰羽","孙未未","REVIEWED","2025-08-23T13:20:21Z"
"1959244285600120832","五行缺金","Five Ag Zero Au","复旦大学","Fudan University","上海市","上海","沈子轩","沈子轩/张勖扬/林诗航","孙未未","REVIEWED","2025-08-23T13:20:13Z"
"1959244255501795328","做AC梦","Accepted Dreamer","复旦大学","Fudan University","上海市","上海","王子铭","王子铭/李泽昊/张一博","孙未未","REVIEWED","2025-08-23T13:20:06Z"
"1959244215580409856","心雨无声","Silent Storm","复旦大学","Fudan University","上海市","上海","袁子彦","袁子彦/高山青/包一凡","孙未未","REVIEWED","2025-08-23T13:19:56Z"
"1959214978618146816","纱布铁匠","Fe2O3","大连东软信息学院","Dalian Neusoft University of Information","辽宁省","大连","齐天祺","齐天祺/沈昊霆/杨凯森","褚娜","REVIEWED","2025-08-23T11:23:46Z"
"1959209638849724416","为青大之崛起而AC","AC for the rise of QDU","青岛大学","Qingdao University","山东省","青岛","王毅翔","王毅翔/温瑞波/何亚汀","张志梅","REVIEWED","2025-08-23T11:02:32Z"
"1959195386604732416","济医之星2024","JnmcStar2024","济宁医学院","Jining Medical University","山东省","济宁","韩子柱","韩子柱/宋坤远/卢忠阳","王猛","REVIEWED","2025-08-23T10:05:54Z"
"1959194784042631168","济医之星2023","JnmcStar2023","济宁医学院","Jining Medical University","山东省","济宁","张富涵","李衍坤/张富涵/程家贺","王猛","REVIEWED","2025-08-23T10:03:31Z"
"1959177205848784896","你好，编程","Hello,world.","大连东软信息学院","Dalian Neusoft University of Information","辽宁省","大连","张萌","张萌/方天箫/李泉","褚娜","REVIEWED","2025-08-23T08:53:40Z"
"1959172773773885440","假飞了！","Faults fly","华东师范大学","East China Normal University","上海市","上海","冯中信","冯中信/姜朝顺/陈赵润","杜育根","REVIEWED","2025-08-23T08:36:03Z"
"1959172251755003904","Rebellion","Rebellion","华东师范大学","East China Normal University","上海市","上海","刘子沛","刘子沛/孙育泉/汪子昊","杜育根","REVIEWED","2025-08-23T08:33:59Z"
"1959171679320588288","讨厌TLE","NO TLE PLZ","华东师范大学","East China Normal University","上海市","上海","蒋道勤","郑允翔/蒋道勤/莫景羽","杜育根","REVIEWED","2025-08-23T08:31:42Z"
"1959171131741618176","憧憬成为代码强迫传奇大主人","I wanna be cf LGM","华东师范大学","East China Normal University","上海市","上海","张春晓","袁友保/王佳程/张春晓","杜育根","REVIEWED","2025-08-23T08:29:32Z"
"1959170580610072576","combo","combo","华东师范大学","East China Normal University","上海市","上海","陈泽康","王语晴/陈泽康/张博凯","杜育根","REVIEWED","2025-08-23T08:27:20Z"
"1959170063569829888","东中国瓷器大学","ecnu","华东师范大学","East China Normal University","上海市","上海","俞啸海","俞啸海/潘延霖/陈苏杭","杜育根","REVIEWED","2025-08-23T08:25:17Z"
"1959169570718138368","例方体","cubeforce","华东师范大学","East China Normal University","上海市","上海","蓝寒","韦思成/蓝寒/陶雨捷","杜育根","REVIEWED","2025-08-23T08:23:19Z"
"1959169167477751808","河西食堂转生队","Hexi canteen reincarnation team","华东师范大学","East China Normal University","上海市","上海","沈崇焕","沈崇焕/刘昕东/宗乃一","杜育根","REVIEWED","2025-08-23T08:21:43Z"
"1959168779060035584","mex｛fe，cu，ag｝","mex｛fe，cu，ag｝","华东师范大学","East China Normal University","上海市","上海","刘俊毅","刘俊毅/严之皓/王江扬","杜育根","REVIEWED","2025-08-23T08:20:11Z"
"1959163370999955456","摇奖出力","afhrxyyyzzz","清华大学","Tsinghua University","北京市","北京","黄子睿","黄子睿/周与锋/颜桉","邬晓钧","REVIEWED","2025-08-23T07:58:41Z"
"1959163142523633664","家里蹲","Hikikomori","清华大学","Tsinghua University","北京市","北京","史家丞","史家丞/仲煦北/李静榕","邬晓钧","REVIEWED","2025-08-23T07:57:47Z"
"1959162961656856576","报名晚了","Late Registration","清华大学","Tsinghua University","北京市","北京","董亦骐","董亦骐/钟自厚/崔隽章","邬晓钧","REVIEWED","2025-08-23T07:57:04Z"
"1959162878324424704","有标号带花树计数","Counting Labelled Blossoms","清华大学","Tsinghua University","北京市","北京","黄思远","林卓铖/汪直方/黄思远","邬晓钧","REVIEWED","2025-08-23T07:56:44Z"
"1959162673814355968","因为我要转ai了哈哈哈哈哈哈","Because I'm going to switch to AI hahahahahaha","清华大学","Tsinghua University","北京市","北京","冯政玮","冯政玮/肖子尧/吴畅","邬晓钧","REVIEWED","2025-08-23T07:55:55Z"
"1959162421422112768","皮卡丘快想啊","Pikachu will solve it","清华大学","Tsinghua University","北京市","北京","吴佰霆","吴佰霆/胡夏玮/石昕潼","邬晓钧","REVIEWED","2025-08-23T07:54:55Z"
"1959162237220864000","击中月亮","hit the moon","清华大学","Tsinghua University","北京市","北京","程思元","程思元/戚朗瑞/魏佳泽","邬晓钧","REVIEWED","2025-08-23T07:54:11Z"
"1959162077338189824","天宫抛物二世","Throw From the Moon II","清华大学","Tsinghua University","北京市","北京","孙乐然","孙乐然/方睿泉/周子涵","邬晓钧","REVIEWED","2025-08-23T07:53:33Z"
"1959161864804417536","泰拉大陆打星队","Terra Unofficial","清华大学","Tsinghua University","北京市","北京","戈卿辉","华恒逸/戈卿辉/程誉","邬晓钧","REVIEWED","2025-08-23T07:52:42Z"
"1959161659530985472","BJTU04","BJTU04","北京交通大学","Beijing Jiaotong University","北京市","北京","宋杲行","宋杲行/张恩崎/陈昊廷","许华婷","REVIEWED","2025-08-23T07:51:53Z"
"1959161645278740480","罚时小队","Less penalty","清华大学","Tsinghua University","北京市","北京","孙梓皓","华羽帆/李春进/孙梓皓","邬晓钧","REVIEWED","2025-08-23T07:51:50Z"
"1959161572704698368","BJTU03","BJTU03","北京交通大学","Beijing Jiaotong University","北京市","北京","邬健翔","王欣洋/邬健翔/方瑞年","黄华","REVIEWED","2025-08-23T07:51:33Z"
"1959161572687921152","BJTU02","BJTU02","北京交通大学","Beijing Jiaotong University","北京市","北京","刘泽晖","刘泽晖/王嘉胜/孙宁","许华婷","REVIEWED","2025-08-23T07:51:33Z"
"1959161520976347136","BJTU01","BJTU01","北京交通大学","Beijing Jiaotong University","北京市","北京","陈可致","陈可致/杨展宇/李沛桐","黄华","REVIEWED","2025-08-23T07:51:20Z"
"1959161370425999360","青一色","All in Green","清华大学","Tsinghua University","北京市","北京","陈紫阳","胡昊/褚轩宇/陈紫阳","邬晓钧","REVIEWED","2025-08-23T07:50:44Z"
"1959161044050427904","Escape","Escape","清华大学","Tsinghua University","北京市","北京","任舍予","任舍予/郭雨豪/郑玄晔","邬晓钧","REVIEWED","2025-08-23T07:49:27Z"
"1959160638113103872","2025杭电13队","2025HDU-T13","杭州电子科技大学","Hangzhou Dianzi University","浙江省","杭州","蔡兴宇","蔡兴宇/王策/吴朝阳","刘春英","REVIEWED","2025-08-23T07:47:50Z"
"1959160342234316800","2025杭电10队","2025HDU-T10","杭州电子科技大学","Hangzhou Dianzi University","浙江省","杭州","吴宝欣","吴宝欣/叶育豪/张王彬","刘春英","REVIEWED","2025-08-23T07:46:39Z"
"1959158430634131456","2025杭电5队","2025HDU-T05","杭州电子科技大学","Hangzhou Dianzi University","浙江省","杭州","杨钧昊","杨钧昊/徐中天/蔡睿诚","刘春英","REVIEWED","2025-08-23T07:39:03Z"
"1959158127335620608","2025杭电2队","2025HDU-T02","杭州电子科技大学","Hangzhou Dianzi University","浙江省","杭州","乐星宇","乐星宇/张雨泽/王秉杭","刘春英","REVIEWED","2025-08-23T07:37:51Z"
"1959156371339919360","2025杭电14队","2025HDU-T14","杭州电子科技大学","Hangzhou Dianzi University","浙江省","杭州","张湛天","张湛天/黄佳慧/徐天天","刘春英","REVIEWED","2025-08-23T07:30:52Z"
"1959155928303976448","招魂时刻","Wings","南京大学","Nanjing University","江苏省","南京","陈煜航","何平/陈煜航/杨涵宇","马骏","REVIEWED","2025-08-23T07:29:07Z"
"1959155749928615936","师大壹队","HUNNU1","湖南师范大学","Hunan Normal University","湖南省","长沙","朱雯娜","朱雯娜/陈碧晖/钟秋乐","罗迅","REVIEWED","2025-08-23T07:28:24Z"
"1959155730722897920","悠扬华章","Melocode","南京大学","Nanjing University","江苏省","南京","杨照华","沈悠然/谢邹阳/杨照华","张志伟","REVIEWED","2025-08-23T07:28:20Z"
"1959155560954249216","师大肆队","HUNNU4","湖南师范大学","Hunan Normal University","湖南省","长沙","董爵硕","董爵硕/高嘉鑫/殷浩文","罗迅","REVIEWED","2025-08-23T07:27:39Z"
"1959155551877775360","赛前不小心通宵了","Stayed up all night","上海师范大学","Shanghai Normal University","上海市","上海","张越群","李睿/张越群/姜启材","郭庆林","REVIEWED","2025-08-23T07:27:37Z"
"1959155531447320576","叉烧猫大战奶茶鼠","CHARSIUCAT-v.s.-BOBARAT","南京大学","Nanjing University","江苏省","南京","张铭恺","戚俊涵/张铭恺/龚亮","张志伟","REVIEWED","2025-08-23T07:27:32Z"
"1959155347447398400","爆搜挂着机，打表出省一","BruteSleep，TableLeap","南京大学","Nanjing University","江苏省","南京","吴同","张哲城/沈诺/吴同","张志伟","REVIEWED","2025-08-23T07:26:48Z"
"1959154430908088320","胡萝卜炖鱼梨","pear fish soup with carrots","南京大学","Nanjing University","江苏省","南京","胡恩齐","罗伟亮/胡恩齐/叶玉立","张志伟","REVIEWED","2025-08-23T07:23:10Z"
"1959154234673381376","无名队","this.name=null","南京大学","Nanjing University","江苏省","南京","林晨浩","计昀/林晨浩/蒋雨泽","张志伟","REVIEWED","2025-08-23T07:22:23Z"
"1959154056017002496","拂晓之刃","Dawnblade","南京大学","Nanjing University","江苏省","南京","张罗亮","张罗亮/黄哲轩/钟佳伦","马骏","REVIEWED","2025-08-23T07:21:40Z"
"1959153779079692288","2025杭电12队","2025HDU-T12","杭州电子科技大学","Hangzhou Dianzi University","浙江省","杭州","吴俞寰","吴俞寰/林苏阳/潘俊龙","刘春英","REVIEWED","2025-08-23T07:20:34Z"
"1959153438888083456","2025杭电7队","2025HDU-T07","杭州电子科技大学","Hangzhou Dianzi University","浙江省","杭州","高书捷","高书捷/王磊/祁梵森","刘春英","REVIEWED","2025-08-23T07:19:13Z"
"1959153156292657152","非空集合","Nonempty Set","南京大学","Nanjing University","江苏省","南京","冯梓轩","冯梓轩/金涵彬/苏敬烨","马骏","REVIEWED","2025-08-23T07:18:06Z"
"1959153021458366464","Never break;","never break","南京大学","Nanjing University","江苏省","南京","李冠辰","范成/李冠辰/李响","马骏","REVIEWED","2025-08-23T07:17:34Z"
"1959152664535678976","不对不对哦对的对的","NoNoYesYes","南京大学","Nanjing University","江苏省","南京","胡世远","黄嘉扬/宣天宇/胡世远","马骏","REVIEWED","2025-08-23T07:16:09Z"
"1959152487125008384","CS-408","CS-408","南京大学","Nanjing University","江苏省","南京","黄亮","黄亮/刘玉琢/叶昱圻","马骏","REVIEWED","2025-08-23T07:15:26Z"
"1959152297391472640","最后一舞","One last dance","南京大学","Nanjing University","江苏省","南京","张道涵","胡伟江/李豪/张道涵","马骏","REVIEWED","2025-08-23T07:14:41Z"
"1959151133090430976","九九","Revue Starlight","南京大学","Nanjing University","江苏省","南京","许世泽","朱伟鹏/张宸源/许世泽","马骏","REVIEWED","2025-08-23T07:10:04Z"
"1959150893306265600","不是解散了只是没人来","Not disbanded just absented","南京大学","Nanjing University","江苏省","南京","张成禹","张弛/邓铭越/张成禹","马骏","REVIEWED","2025-08-23T07:09:06Z"
"1959150747977826304","随家仓","264 Guangzhou Road, Gulou","南京大学","Nanjing University","江苏省","南京","李承泽","李承泽/邓淇/樊书岩","马骏","REVIEWED","2025-08-23T07:08:32Z"
"1959150595422601216","哥布林重生","Goblin's Rebirth","南京大学","Nanjing University","江苏省","南京","徐梓鸣","徐梓鸣/刘子健/李熠城","马骏","REVIEWED","2025-08-23T07:07:55Z"
"1959150276051517440","该名称已被占用","This name is already taken","南京大学","Nanjing University","江苏省","南京","罗荣鑫","汪文韬/罗荣鑫/卢林强","马骏","REVIEWED","2025-08-23T07:06:39Z"
"1959150085542035456","RE的怪物正从窗边看着","REadaptation Window","南京大学","Nanjing University","江苏省","南京","金昕炜","李睿星/陈新/金昕炜","马骏","REVIEWED","2025-08-23T07:05:54Z"
"1959150034413469696","2025杭电16队","2025HDU-T16","杭州电子科技大学","Hangzhou Dianzi University","浙江省","杭州","张舟","张舟/木义豪/谢之晗","刘春英","REVIEWED","2025-08-23T07:05:42Z"
"1959149735594475520","点银成金","Lapis Philosophorum","南京大学","Nanjing University","江苏省","南京","熊俊淇","李方泽/熊俊淇/陈哲敏","马骏","REVIEWED","2025-08-23T07:04:30Z"
"1959149370660667392","会二分会图论会博弈论啥都会","No game theory plz","南京大学","Nanjing University","江苏省","南京","张植翔","张植翔/陈端锐/葛文清","马骏","REVIEWED","2025-08-23T07:03:03Z"
"1959149224342372352","2025杭电4队","2025HDU-T04","杭州电子科技大学","Hangzhou Dianzi University","浙江省","杭州","帅嘉洋","帅嘉洋/王麒润/刘翔","刘春英","REVIEWED","2025-08-23T07:02:28Z"
"1959149039503589376","平流层","Stratosphere","南京大学","Nanjing University","江苏省","南京","潘谟天","潘谟天/陈梓睿/陆华均","马骏","REVIEWED","2025-08-23T07:01:44Z"
"1959148626243010560","黑骑士","Black Knight","南京大学","Nanjing University","江苏省","南京","鲍辰睿","鲍辰睿/寇裕林/周尹丞","马骏","REVIEWED","2025-08-23T07:00:06Z"
"1959148437402861568","2025杭电3队","2025HDU-T03","杭州电子科技大学","Hangzhou Dianzi University","浙江省","杭州","王佳栋","王佳栋/吴启航/王远涛","刘春英","REVIEWED","2025-08-23T06:59:21Z"
"1959148404775370752","呢喃得了mvp","We're lie-down-and-win dogs","南京大学","Nanjing University","江苏省","南京","王意诚","卢泰烨/王意诚/荣恒嬉","马骏","REVIEWED","2025-08-23T06:59:13Z"
"1959148200621817856","农村入见世面","rural people broaden their horizons","泉州信息工程学院","Quanzhou University of Information Engineering","福建省","泉州","叶凡","叶凡/高明凯/吴能杰","杨岚","REVIEWED","2025-08-23T06:58:24Z"
"1959148174998814720","我们仍未知道那天所看见的acmer的名字","Anohana","南京大学","Nanjing University","江苏省","南京","张瑞珉","张瑞珉/陈子达/朱羽宽","马骏","REVIEWED","2025-08-23T06:58:18Z"
"1959146253185499136","2025杭电9队","2025HDU-T09","杭州电子科技大学","Hangzhou Dianzi University","浙江省","杭州","黄泽彬","黄泽彬/金品曦/吴晨涛","刘春英","REVIEWED","2025-08-23T06:50:40Z"
"1959145147827011584","2025杭电11队","2025HDU-T11","杭州电子科技大学","Hangzhou Dianzi University","浙江省","杭州","张裼旭","张裼旭/黄昊/李俊达","刘春英","REVIEWED","2025-08-23T06:46:17Z"
"1959143653513936896","2025杭电8队","2025HDU-T08","杭州电子科技大学","Hangzhou Dianzi University","浙江省","杭州","陈旭","陈旭/罗立诚/陈瀚锐","刘春英","REVIEWED","2025-08-23T06:40:20Z"
"1959143571758563328","2025杭电6队","2025HDU-T06","杭州电子科技大学","Hangzhou Dianzi University","浙江省","杭州","伍耀文","伍耀文/姜浥尘/王泽","刘春英","REVIEWED","2025-08-23T06:40:01Z"
"1959143229222338560","火箭虫子吃的马铃薯是土豆","data structure potato","泉州信息工程学院","Quanzhou University of Information Engineering","福建省","泉州","胡力中","胡力中/何韵楚/陈凌涵","杨岚","REVIEWED","2025-08-23T06:38:39Z"
"1959138026146283520","今天必须取个队名","Team name ddl today","香港大学","The University of Hong Kong","香港特别行政区","香港岛","杨明天","杨明天/罗靖宇/孙圣尧","邝启鹏","REVIEWED","2025-08-23T06:17:59Z"
"1959135717110628352","芒果派队","mango party","同济大学","Tongji University","上海市","上海","和亚琦","陈雷诗语/易阳/和亚琦","叶晨","REVIEWED","2025-08-23T06:08:48Z"
"1959135635497861120","小粉兔大战僵尸","Pinkie vs Zombies","同济大学","Tongji University","上海市","上海","顾顺","何嘉乐/陶禹哲/顾顺","叶晨","REVIEWED","2025-08-23T06:08:29Z"
"1959135523438641152","边缘者","outsiders","同济大学","Tongji University","上海市","上海","刘子康","李晨恺/刘相成/刘子康","叶晨","REVIEWED","2025-08-23T06:08:02Z"
"1959135259369455616","哪来那么多队","abcdefg","同济大学","Tongji University","上海市","上海","李胤龙","许柯琪/董涵玉/李胤龙","叶晨","REVIEWED","2025-08-23T06:06:59Z"
"1959135162820771840","静态规划","static programming","同济大学","Tongji University","上海市","上海","农国达","张翼洋/农国达/杨一达","叶晨","REVIEWED","2025-08-23T06:06:36Z"
"1959135069791109120","cia不多得llo～(∠・ω< )⌒☆","ciallo～","同济大学","Tongji University","上海市","上海","王奕博","王奕博/刘宸瑞/杨东旭","叶晨","REVIEWED","2025-08-23T06:06:14Z"
"1959134984323776512","路边三条","Kerb-Curb-Roadside","同济大学","Tongji University","上海市","上海","王梓彦","严梓杰/陈志宇/王梓彦","叶晨","REVIEWED","2025-08-23T06:05:53Z"
"1959134877226418176","春田花花","Haruta Hanahana","同济大学","Tongji University","上海市","上海","王钧涛","朱泽凯/王钧涛/孙治弘","叶晨","REVIEWED","2025-08-23T06:05:28Z"
"1959134763632082944","Caliburn~石中神剑","Caliburn~Lengendary Sword In Stone","同济大学","Tongji University","上海市","上海","尹承昊","尹誉/吕思涵/尹承昊","叶晨","REVIEWED","2025-08-23T06:05:01Z"
"1959134652831154176","队的队的哦不队不队","djwcb","同济大学","Tongji University","上海市","上海","莫怀淇","蓝浩/莫怀淇/蒋肸","叶晨","REVIEWED","2025-08-23T06:04:34Z"
"1959134538519592960","菜的 Fe 弃子队","cdqz Fe","同济大学","Tongji University","上海市","上海","宋冠程","杨欣然/付伟吉/宋冠程","叶晨","REVIEWED","2025-08-23T06:04:07Z"
"1959134447649996800","健康完赛队","AC one = AK","同济大学","Tongji University","上海市","上海","陈山璞","陈远卓/孙一涵/陈山璞","叶晨","REVIEWED","2025-08-23T06:03:45Z"
"1959134338744893440","C++养老院","C++ nursing home","同济大学","Tongji University","上海市","上海","马凯","胡沛荻/李天成/马凯","叶晨","REVIEWED","2025-08-23T06:03:19Z"
"1959134228585693184","Islands","Islands","同济大学","Tongji University","上海市","上海","王琨瑀","王琨瑀/韩廷叙/但泰然","叶晨","REVIEWED","2025-08-23T06:02:53Z"
"1959134149061689344","云开自天明","Radiance After Clouds","同济大学","Tongji University","上海市","上海","姜乃珲","李烨/杜宇轩/姜乃珲","叶晨","REVIEWED","2025-08-23T06:02:34Z"
"1959134043436531712","重生之不可以总司令","Reborn: No Commander","同济大学","Tongji University","上海市","上海","韩昊苏","韩昊苏/宋瑞/武煦","叶晨","REVIEWED","2025-08-23T06:02:09Z"
"1959133949698031616","过了样例就算队","example pass=AC","同济大学","Tongji University","上海市","上海","郑梓健","邓双南/郑梓健/张丞玮","叶晨","REVIEWED","2025-08-23T06:01:47Z"
"1959133851089944576","青春猪头少年们不会梦见算法王学姐","ACDREAM","同济大学","Tongji University","上海市","上海","张孙霖","陈佳浩/王衡宇/张孙霖","叶晨","REVIEWED","2025-08-23T06:01:23Z"
"1959133741777993728","待兼诗歌剧","ocean sunfish","同济大学","Tongji University","上海市","上海","胡正华","沈灿雨/胡正华/温玳宁","叶晨","REVIEWED","2025-08-23T06:00:57Z"
"1959133220329537536","于‎离别之朝束起约定之花","Morning Flower and Evening Oath","同济大学","Tongji University","上海市","上海","高胜寒","高胜寒/刘诗奇/靳嘉成","叶晨","REVIEWED","2025-08-23T05:58:53Z"
"1959133124842012672","Non-Trivial TLE","Non-Trivial TLE","同济大学","Tongji University","上海市","上海","潘越","上官思洋/潘越/许思源","叶晨","REVIEWED","2025-08-23T05:58:30Z"
"1959129341990846464","屠零","Fe equal none","南通大学","Nantong University","江苏省","南通","王见祖","仝乾/王见祖/俞丞","陈翔","REVIEWED","2025-08-23T05:43:28Z"
"1959129205332033536","复制粘贴","Ctrl+C+V","南通大学","Nantong University","江苏省","南通","牛小帅","牛小帅/陈乾/魏炜宸","陈翔","REVIEWED","2025-08-23T05:42:56Z"
"1959128396800245760","唐完之后是宋","After Tang Comes Song","南通大学","Nantong University","江苏省","南通","曲子研","曲子研/朱正康/傅子杰","陈翔","REVIEWED","2025-08-23T05:39:43Z"
"1959126071272587264","九江大学","Jiujiang University","九江学院","Jiujiang University","江西省","九江","陈亮","陈亮/朱涛/左鹏","曾怡","REVIEWED","2025-08-23T05:30:28Z"
"1959118846311317504","苍筤","BambooVerdict","湖南理工大学","Hunan Institute of Science and Technology","湖南省","岳阳","胡岩松","胡岩松/颜文渝/岳宾","范波","REVIEWED","2025-08-23T05:01:46Z"
"1959091817062907904","米奇妙妙屋","MickeyMouse","香港中文大学（深圳）","The Chinese University of Hong Kong, Shenzhen","广东省","深圳","张翔","张翔/庞天一/田佳畅","方一向","REVIEWED","2025-08-23T03:14:22Z"
"1959090880516767744","赤色风铃","Red Windbell","武汉科技大学","Wuhan University of Science and Technology","湖北省","武汉","王宇杰","王宇杰/明正阳/左新宇","李顺新","REVIEWED","2025-08-23T03:10:38Z"
"1959090616229478400","天地一家大爱盟","The Great Love Alliance: Heaven and Earth as One Family","武汉科技大学","Wuhan University of Science and Technology","湖北省","武汉","洪志轩","洪志轩/卢盛翔/周炜皓","李顺新","REVIEWED","2025-08-23T03:09:35Z"
"1959090263962468352","超时陆战队","TLE Survivors","武汉科技大学","Wuhan University of Science and Technology","湖北省","武汉","朱继德","朱继德/聂天宇/陶佳乐","李顺新","REVIEWED","2025-08-23T03:08:11Z"
"1959089888744226816","Re:从零开始的acm打铁生活","Re: Starting from Scratch: An ACM Training Journey","武汉科技大学","Wuhan University of Science and Technology","湖北省","武汉","汤师睿","汤师睿/周梓阳/张晨阳","李顺新","REVIEWED","2025-08-23T03:06:42Z"
"1959089874248712192","没时间想队名了!","Three terrifying people","东北农业大学","Northeast Agricultural University","黑龙江省","哈尔滨","戚晏嘉","戚晏嘉/祝宏睿/宋秉轩","李晓明","REVIEWED","2025-08-23T03:06:38Z"
"1959089598192205824","漫步AC","WAnder ACcept","武汉科技大学","Wuhan University of Science and Technology","湖北省","武汉","刘思瑜","刘思瑜/许良彬","李顺新","REVIEWED","2025-08-23T03:05:32Z"
"1959089244792733696","样例过了就AC","correct sample just is AC","武汉科技大学","Wuhan University of Science and Technology","湖北省","武汉","施卓凡","施卓凡/荣成/李文卓","李顺新","REVIEWED","2025-08-23T03:04:08Z"
"1959088946254757888","超级无敌究极无敌永恒无敌霸王龙战队","Super Wudi BaWang Dragon Team","武汉科技大学","Wuhan University of Science and Technology","湖北省","武汉","段铭一","段铭一/刘帅/程辉","李顺新","REVIEWED","2025-08-23T03:02:57Z"
"1959088507018854400","您的骑手正在赶往ICPC的路上","ICPC Takeaway Rider","武汉科技大学","Wuhan University of Science and Technology","湖北省","武汉","杨少坡","杨少坡/杨正午/王祥安","李顺新","REVIEWED","2025-08-23T03:01:12Z"
"1959087097820790784","是我太贪心试图规划未来","tralalero tralala","东北农业大学","Northeast Agricultural University","黑龙江省","哈尔滨","王志伟","周博昂/薛宇航/王志伟","李晓明","REVIEWED","2025-08-23T02:55:36Z"
"1959086975753961472","这偌大集训队真没有第四个麻将er吗","ACM?nonono MAJIANG?gogogo~","东北农业大学","Northeast Agricultural University","黑龙江省","哈尔滨","程雨","陈朋/程雨/张卓然","李晓明","REVIEWED","2025-08-23T02:55:07Z"
"1959086836448542720","叶公好龙，但是奶龙","milk dragon king","东北农业大学","Northeast Agricultural University","黑龙江省","哈尔滨","李源泉","李源泉/童家瑶/廖贝贝","李晓明","REVIEWED","2025-08-23T02:54:34Z"
"1959086709822504960","广告位招租","sim","东北农业大学","Northeast Agricultural University","黑龙江省","哈尔滨","韩茗","韩茗/苑永蔚/王路宁","李晓明","REVIEWED","2025-08-23T02:54:04Z"
"1959086536958459904","二星糖豆人","Three one-star Fall Guys","东北农业大学","Northeast Agricultural University","黑龙江省","哈尔滨","金迪","金迪/张慧祥/田旭东","李晓明","REVIEWED","2025-08-23T02:53:23Z"
"1959086417689231360","那一天的咕咕嘎嘎嘎嘎咕咕起来","gugugagagagagugu","东北农业大学","Northeast Agricultural University","黑龙江省","哈尔滨","郝孝彬","王亚男/郝孝彬/王策翔","李晓明","REVIEWED","2025-08-23T02:52:54Z"
"1959086077589897216","服务器繁忙，请稍后再试","DeepSeek","东北农业大学","Northeast Agricultural University","黑龙江省","哈尔滨","杨煜","史东伟/杨家浩/杨煜","李晓明","REVIEWED","2025-08-23T02:51:33Z"
"1959078613389721600","Synthesis","Synthesis","北京邮电大学","Beijing University of Posts and Telecommunications","北京市","北京","吴显熠","吴显熠/詹笙平/李天阳","杨亚","REVIEWED","2025-08-23T02:21:54Z"
"1959078360292835328","此队伍名由AI生成","(AI generated)","北京邮电大学","Beijing University of Posts and Telecommunications","北京市","北京","蔡芝林","蔡芝林/张鲁豫/赵思涵","杨亚","REVIEWED","2025-08-23T02:20:53Z"
"1959078022219350016","MC启动","Launching Minecraft","北京邮电大学","Beijing University of Posts and Telecommunications","北京市","北京","谭斯允","谭斯允/姜博然/李健","杨亚","REVIEWED","2025-08-23T02:19:33Z"
"1959077660754231296","三只企鹅","gugugaga","北京邮电大学","Beijing University of Posts and Telecommunications","北京市","北京","吴俞彤","吴俞彤/丁培钊/张哲源","杨亚","REVIEWED","2025-08-23T02:18:06Z"
"1959077337314672640","我不道啊","I do know","北京邮电大学","Beijing University of Posts and Telecommunications","北京市","北京","陈启元","陈启元/唐士淼/刘永琰","杨亚","REVIEWED","2025-08-23T02:16:49Z"
"1959076999421542400","逐月之城","LagQuaraProject","北京邮电大学","Beijing University of Posts and Telecommunications","北京市","北京","雷童","雷童/吴语乐天/毕皓天","杨亚","REVIEWED","2025-08-23T02:15:29Z"
"1959076840360951808","const AC宇宙的尽头","The Edge of the Universe","山东石油化工学院","Shandong Institute of Petroleum and Chemical Technology","山东省","东营","何海扬","何海扬/隋咏江/周正","陈强","REVIEWED","2025-08-23T02:14:51Z"
"1959076648853225472","RE冒号0","RE:0","北京邮电大学","Beijing University of Posts and Telecommunications","北京市","北京","马廷良","马廷良/吴宗阳/周一鸣","杨亚","REVIEWED","2025-08-23T02:14:05Z"
"1959076293239160832","注意力涣散导致的","Attention is all you need","北京邮电大学","Beijing University of Posts and Telecommunications","北京市","北京","梁浩然","梁浩然/周弋然/王晨阳","杨亚","REVIEWED","2025-08-23T02:12:40Z"
"1959076057057902592","来猜来财","Guessing","山东石油化工学院","Shandong Institute of Petroleum and Chemical Technology","山东省","东营","许津冬","许津冬/姚神忠/李子杰","陈强","REVIEWED","2025-08-23T02:11:44Z"
"1959075956113588224","吃堡饱队","Humgry","北京邮电大学","Beijing University of Posts and Telecommunications","北京市","北京","金旭一","金旭一/单一凡/吴优","杨亚","REVIEWED","2025-08-23T02:11:20Z"
"1959075792095330304","(σ≧︎▽︎≦︎)σ。","(σ≧︎▽︎≦︎)σ。","山东石油化工学院","Shandong Institute of Petroleum and Chemical Technology","山东省","东营","邵志浩","张优异/邵志浩/胡灿阳","陈强","REVIEWED","2025-08-23T02:10:41Z"
"1959075600721821696","以上队伍通过图灵测试","Human Baseline","北京邮电大学","Beijing University of Posts and Telecommunications","北京市","北京","吴宇锴","吴宇锴/施岩焜/李子俊","杨亚","REVIEWED","2025-08-23T02:09:55Z"
"1959075237591564288","天绫绫地宁宁","Why AvemujicaCrychicMygo is not ACM","北京邮电大学","Beijing University of Posts and Telecommunications","北京市","北京","秦维斌","秦维斌/谢楠/徐慕政","杨亚","REVIEWED","2025-08-23T02:08:29Z"
"1959074890722623488","太空漫游999ms","Lucky9Exception","北京邮电大学","Beijing University of Posts and Telecommunications","北京市","北京","马云霄","马云霄/侯尔为/刘奕安","杨亚","REVIEWED","2025-08-23T02:07:06Z"
"1959074413909950464","我太想进步了","we want to win","北京邮电大学","Beijing University of Posts and Telecommunications","北京市","北京","蔡佩霖","蔡佩霖/黄志阳/徐嘉晨","杨亚","REVIEWED","2025-08-23T02:05:12Z"
"1959073968877518848","金牌厨师","Gold Chef","北京邮电大学","Beijing University of Posts and Telecommunications","北京市","北京","乔函祺","乔函祺/李思远/马铂凯","杨亚","REVIEWED","2025-08-23T02:03:26Z"
"1959073646071300096","LAA is ALL","LAA is ALL","北京邮电大学","Beijing University of Posts and Telecommunications","北京市","北京","林米乐","林米乐/安奕轩/安澍","杨亚","REVIEWED","2025-08-23T02:02:09Z"
"1959073254298140672","邮男之旅","The Travel of Postman","北京邮电大学","Beijing University of Posts and Telecommunications","北京市","北京","王昰妍","王昰妍/蔡禹煊/冯仁宇","杨亚","REVIEWED","2025-08-23T02:00:36Z"
"1959072600741691392","天命人勇go_icpc","天命人勇go_icpc","华北水利水电大学","North China University of Water Resources and Electric Power","河南省","郑州","李家乐","李家乐/李家宝/黄赛一","白娟","REVIEWED","2025-08-23T01:58:00Z"
"1959071620893556736","这是什么学院","What academy is this？","五邑大学","Wuyi University (Guangdong)","广东省","江门","黄灿豪","黄灿豪/陈泽峰/梁信滔","熊利平","REVIEWED","2025-08-23T01:54:06Z"
"1959071559606386688","这是什么专业","what brick yeah is this?","五邑大学","Wuyi University (Guangdong)","广东省","江门","郑柔昀","郑柔昀/史媛露/李静怡","容振邦","REVIEWED","2025-08-23T01:53:52Z"
"1959071443864567808","这是什么大专","What big brick is this?","五邑大学","Wuyi University (Guangdong)","广东省","江门","张文涛","张文涛/陈伟强/刘文浩","王柱","REVIEWED","2025-08-23T01:53:24Z"
"1959071387828666368","这是什么学校","What school is this?","五邑大学","Wuyi University (Guangdong)","广东省","江门","张艺钟","张艺钟/陈晋钦/曾智聪","容振邦","REVIEWED","2025-08-23T01:53:11Z"
"1959071329615921152","这是什么中专","What middle brick is this?","五邑大学","Wuyi University (Guangdong)","广东省","江门","冯凯翔","冯凯翔/黄达聪/李晟熙","熊利平","REVIEWED","2025-08-23T01:52:57Z"
"1958911108536909824","啊对对对","ohrrright","宁波诺丁汉大学","University of Nottingham Ningbo China","浙江省","宁波","谢行健","谢行健/周宇阳/杨泽昊","杨笑迎","REVIEWED","2025-08-22T15:16:17Z"
"1958908365168492544","njupt25team020","njupt25team020","南京邮电大学","Nanjing University of Posts and Telecommunications","江苏省","南京","史恬乐","段柯帆/王睿阳/史恬乐","陈志","REVIEWED","2025-08-22T15:05:23Z"
"1958908332847185920","njupt25team019","njupt25team019","南京邮电大学","Nanjing University of Posts and Telecommunications","江苏省","南京","杨译骞","杨译骞/罗正中/王绍泽","陈志","REVIEWED","2025-08-22T15:05:15Z"
"1958908303029878784","njupt25team018","njupt25team018","南京邮电大学","Nanjing University of Posts and Telecommunications","江苏省","南京","唐浩","唐浩/姚震阳/陈徐鹏","陈志","REVIEWED","2025-08-22T15:05:08Z"
"1958908275171311616","njupt25team017","njupt25team017","南京邮电大学","Nanjing University of Posts and Telecommunications","江苏省","南京","赵博","韩宇桐/成文清/赵博","陈志","REVIEWED","2025-08-22T15:05:02Z"
"1958908248315183104","njupt25team016","njupt25team016","南京邮电大学","Nanjing University of Posts and Telecommunications","江苏省","南京","袁润川","袁润川/付来/王子文","陈志","REVIEWED","2025-08-22T15:04:55Z"
"1958908218153943040","njupt25team015","njupt25team015","南京邮电大学","Nanjing University of Posts and Telecommunications","江苏省","南京","赵梦雨","赵烨楠/赵梦雨/龚艺翰","陈志","REVIEWED","2025-08-22T15:04:48Z"
"1958908190190518272","njupt25team014","njupt25team014","南京邮电大学","Nanjing University of Posts and Telecommunications","江苏省","南京","余冠华","余冠华/许瑞兴/吴昊","陈志","REVIEWED","2025-08-22T15:04:41Z"
"1958908156212461568","njupt25team013","njupt25team013","南京邮电大学","Nanjing University of Posts and Telecommunications","江苏省","南京","江明轩","江明轩/徐文韬/李树泓","陈志","REVIEWED","2025-08-22T15:04:33Z"
"1958908123962458112","njupt25team012","njupt25team012","南京邮电大学","Nanjing University of Posts and Telecommunications","江苏省","南京","刘会敏","张悦/陈吉/刘会敏","陈志","REVIEWED","2025-08-22T15:04:26Z"
"1958908094833016832","njupt25team011","njupt25team011","南京邮电大学","Nanjing University of Posts and Telecommunications","江苏省","南京","杨小莹","吴嘉敏/杨小莹/李箐","陈志","REVIEWED","2025-08-22T15:04:19Z"
"1958908065909096448","njupt25team010","njupt25team010","南京邮电大学","Nanjing University of Posts and Telecommunications","江苏省","南京","卫鸿飞","刘君涵/卫鸿飞/贲振豪","陈志","REVIEWED","2025-08-22T15:04:12Z"
"1958908031935234048","njupt25team009","njupt25team009","南京邮电大学","Nanjing University of Posts and Telecommunications","江苏省","南京","王魁博","王魁博/马思博/王淦禄","陈志","REVIEWED","2025-08-22T15:04:04Z"
"1958907999437766656","njupt25team008","njupt25team008","南京邮电大学","Nanjing University of Posts and Telecommunications","江苏省","南京","李永鑫","白耀文/杨颖翔/李永鑫","陈志","REVIEWED","2025-08-22T15:03:56Z"
"1958907968378945536","njupt25team007","njupt25team007","南京邮电大学","Nanjing University of Posts and Telecommunications","江苏省","南京","阚文博","张艺翀/阚文博/陈昊泽","陈志","REVIEWED","2025-08-22T15:03:49Z"
"1958907933444587520","njupt25team006","njupt25team006","南京邮电大学","Nanjing University of Posts and Telecommunications","江苏省","南京","曾援","宋名玮/曾援/周希明","陈志","REVIEWED","2025-08-22T15:03:40Z"
"1958907896312414208","njupt25team005","njupt25team005","南京邮电大学","Nanjing University of Posts and Telecommunications","江苏省","南京","王瑞阳","王瑞阳/廖梓轩/陈华柯焱","陈志","REVIEWED","2025-08-22T15:03:31Z"
"1958907868562898944","njupt25team004","njupt25team004","南京邮电大学","Nanjing University of Posts and Telecommunications","江苏省","南京","金宇轩","陈子清/金宇轩/陶顾韬","陈志","REVIEWED","2025-08-22T15:03:25Z"
"1958907840221986816","njupt25team003","njupt25team003","南京邮电大学","Nanjing University of Posts and Telecommunications","江苏省","南京","熊鼎","熊鼎/耿嘉泽/杨珈懿","陈志","REVIEWED","2025-08-22T15:03:18Z"
"1958907773943595008","njupt25team002","njupt25team002","南京邮电大学","Nanjing University of Posts and Telecommunications","江苏省","南京","王普立","田晓亮/赵聿祺/王普立","陈志","REVIEWED","2025-08-22T15:03:02Z"
"1958907729387503616","njupt25team001","njupt25team001","南京邮电大学","Nanjing University of Posts and Telecommunications","江苏省","南京","胡乐安","胡乐安/崔晨曦/展翼","陈志","REVIEWED","2025-08-22T15:02:52Z"
"1958907638731816960","Mynoghra","Mynoghra","香港中文大学（深圳）","The Chinese University of Hong Kong, Shenzhen","广东省","深圳","周莫非","周莫非/王泽诚/陈嘉年","方一向","REVIEWED","2025-08-22T15:02:30Z"
"1958900411316879360","你渴望找到真正的奶龙吗?","nailong always lie","绍兴大学","Shaoxing University","浙江省","绍兴","游龙威","游龙威/倪锦程/赵依婷","黄龙军","REVIEWED","2025-08-22T14:33:47Z"
"1958883089667637248","口胡银牌题","gogogo!!!","莆田学院","Putian University","福建省","莆田","沈炜程","沈炜程/何源泉/林兴荣","吴敏敏","REVIEWED","2025-08-22T13:24:57Z"
"1958882925724876800","口胡金牌题","GOGOGO!!!","莆田学院","Putian University","福建省","莆田","许庆华","许庆华/龚磊/柳永康","吴敏敏","REVIEWED","2025-08-22T13:24:18Z"
"1958864938427006976","从容应队","Take it in stride","香港中文大学（深圳）","The Chinese University of Hong Kong, Shenzhen","广东省","深圳","王中天","王中天/苏祈骁/欧奕阳","方一向","REVIEWED","2025-08-22T12:12:49Z"
"1958864395956699136","栓Q大队","Thanks Team","武汉纺织大学","Wuhan Textile University","湖北省","武汉","黄彬菊","黄彬菊/王荣智/简晓","张自力","REVIEWED","2025-08-22T12:10:40Z"
"1958863203088252928","超级无敌宇宙第一暴龙战士","SIFTRW","武汉纺织大学","Wuhan Textile University","湖北省","武汉","李浩淋","李浩淋/谢文轩/荣小明","张自力","REVIEWED","2025-08-22T12:05:56Z"
"1958862311614103552","对对队","yesyes","中国科学院大学","University of Chinese Academy of Sciences","北京市","北京","梁辰","梁辰/尚凌睿/张西源","刘慧","REVIEWED","2025-08-22T12:02:23Z"
"1958862209243725824","原神启动队","genshin impact, start!","中国科学院大学","University of Chinese Academy of Sciences","北京市","北京","胡格致","胡格致/黄铮舸/唐睿","刘慧","REVIEWED","2025-08-22T12:01:59Z"
"1958831603285803008","贝利亚骑奶龙","Belial riding Nailoong","中国计量大学","China Jiliang University","浙江省","杭州","王宇杰","王宇杰/陈嘉豪/沈耀晖","闻育","REVIEWED","2025-08-22T10:00:22Z"
"1958831447513546752","倒影","Reflection","中国计量大学","China Jiliang University","浙江省","杭州","陈柄宇","陈柄宇/方志伟/赵星亮","闻育","REVIEWED","2025-08-22T09:59:45Z"
"1958831363518414848","whpu01","whpu01","武汉轻工大学","Wuhan Polytechnic University","湖北省","武汉","丁锦烨","丁锦烨/姚绮翔/刘俊泽","李皞","REVIEWED","2025-08-22T09:59:25Z"
"1958831278239825920","樱梦殇","Sakura Tears","中国计量大学","China Jiliang University","浙江省","杭州","赖俊文","赖俊文/倪晓宇/李熠轩","陈晓竹","REVIEWED","2025-08-22T09:59:04Z"
"1958831130067648512","天生赢家","NatusVincere","中国计量大学","China Jiliang University","浙江省","杭州","温鸿","李锦豪/温鸿/张天保","陈晓竹","REVIEWED","2025-08-22T09:58:29Z"
"1958830986416930816","兄弟，我还想拿牌","WE WILL WIN","中国计量大学","China Jiliang University","浙江省","杭州","曹炳涛","曹炳涛/何劭弘/吴仁钘","陈晓竹","REVIEWED","2025-08-22T09:57:55Z"
"1958825483003543552","又幻想了","Fantasy again","怀化学院","Huaihua University","湖南省","怀化","郑岳桓","郑岳桓/孟正浩/陈皓","彭新怀","REVIEWED","2025-08-22T09:36:03Z"
"1958817353733554176","房苑刘","FWL","河南理工大学","Henan Polytechnic University","河南省","焦作","刘鸿庆","刘鸿庆/苑新龙/房静","王建芳","REVIEWED","2025-08-22T09:03:44Z"
"1958812146572247040","算命代码","Fortune telling codes","南昌航空大学","Nanchang Hangkong University","江西省","南昌","陶正奕","谢易昊/陶正奕/吴昊洋","杨词慧","REVIEWED","2025-08-22T08:43:03Z"
"1958811383821287424","码上就好","Fringe Finalists","南昌航空大学","Nanchang Hangkong University","江西省","南昌","张茜","付洪涛/邹静峰/张茜","杨词慧","REVIEWED","2025-08-22T08:40:01Z"
"1958811101842423808","码到成功","Code and conquer","南昌航空大学","Nanchang Hangkong University","江西省","南昌","邹伊扬","邹伊扬/龚子贤/陈少聪","杨词慧","REVIEWED","2025-08-22T08:38:54Z"
"1958810842189840384","码力全开","Debugging at max","南昌航空大学","Nanchang Hangkong University","江西省","南昌","李毅伟","李毅伟/曾葵炫/雷林平","杨词慧","REVIEWED","2025-08-22T08:37:52Z"
"1958807095304830976","队长说拿牌cos银狼","golden and team leader cos Silverwolf","南京工程学院","Nanjing Institute of Technology","江苏省","南京","丁昊","丁昊/崔东靖/陈昱安","霍瑛","REVIEWED","2025-08-22T08:22:59Z"
"1958806976949960704","牢大队","manba out","中国人民解放军网络空间部队信息工程大学","Information Engineering University","河南省","郑州","董琦","董琦/陈朝旭/孙浤家","禹璐","REVIEWED","2025-08-22T08:22:30Z"
"1958801151183339520","浙外X队","ZISUx","浙江外国语学院","Zhejiang International Studies University","浙江省","杭州","张佳乐","张佳乐/吴建强/王湘豫","张锦祥","REVIEWED","2025-08-22T07:59:21Z"
"1958797005063503872","不Seek会死","DeepSick","南京师范大学","Nanjing Normal University","江苏省","南京","业强","业强/周铭铭/尹庆杰","王琼","REVIEWED","2025-08-22T07:42:53Z"
"1958795306886283264","不知道起什么就不起了吧","Untitled World","西安交通大学","Xi'an Jiaotong University","陕西省","西安","李维逸","王皓文/李维逸/陈智","王龙翔","REVIEWED","2025-08-22T07:36:08Z"
"1958795109166792704","与蝶共舞 与花同寂","Dissolve into petals","西安交通大学","Xi'an Jiaotong University","陕西省","西安","方亦晨","陈儒恒/殷嘉鹏/方亦晨","王龙翔","REVIEWED","2025-08-22T07:35:21Z"
"1958795002446921728","过往的画面全都是我不队","The penalties were all on me","西安交通大学","Xi'an Jiaotong University","陕西省","西安","石皓文","邱宇成/石皓文/王博想","王龙翔","REVIEWED","2025-08-22T07:34:55Z"
"1958794817159348224","六兆年零一夜的 ACM","ACM of Six Trillion Years and a Night","西安交通大学","Xi'an Jiaotong University","陕西省","西安","薛楠恺","黄万平/薛楠恺/李子涵","王龙翔","REVIEWED","2025-08-22T07:34:11Z"
"1958794637911572480","齐宣王","Jade Crown Wardens","西安交通大学","Xi'an Jiaotong University","陕西省","西安","姜宇骋","王君睿/姜宇骋/陈弘烜","王龙翔","REVIEWED","2025-08-22T07:33:28Z"
"1958794528566067200","这是一个ACM队","This is an ACM team","西安交通大学","Xi'an Jiaotong University","陕西省","西安","林子涵","林子涵/张未艾/陈骏翔","王龙翔","REVIEWED","2025-08-22T07:33:02Z"
"1958794274336718848","锦筝叹","Zither chant","西安交通大学","Xi'an Jiaotong University","陕西省","西安","李牧远","李牧远/钟宇/胡辰同","王龙翔","REVIEWED","2025-08-22T07:32:02Z"
"1958792847707127808","天狼星的心脏","The Heart of Sirius","西安交通大学","Xi'an Jiaotong University","陕西省","西安","洪家庆","许孜诚/刘一可/洪家庆","王龙翔","REVIEWED","2025-08-22T07:26:22Z"
"1958792600880726016","今日澄","General Kasumi","西安交通大学","Xi'an Jiaotong University","陕西省","西安","刘欣楠","刘欣楠/杨润轩/杨一帆","王龙翔","REVIEWED","2025-08-22T07:25:23Z"
"1958792357120360448","吉利太美","Geely_Tie_May","吉利学院","Geely University of China","四川省","成都","罗志豪","罗志豪/何正","温然","REVIEWED","2025-08-22T07:24:25Z"
"1958792084561903616","真的好难铜","ciallo","吉利学院","Geely University of China","四川省","成都","白恩齐","白恩齐/甘晓喻/周杨","张静","REVIEWED","2025-08-22T07:23:20Z"
"1958773151968575488","哈气之路","its my ha!!!","青岛理工大学","Qingdao University of Technology","山东省","青岛","付俊潇","付俊潇/方同俊/姚淅文","张军能","REVIEWED","2025-08-22T06:08:06Z"
"1958772944769957888","起名废来的","Null Pointers","青岛理工大学","Qingdao University of Technology","山东省","青岛","张芸菲","张芸菲/郑启钰/黎彬源","张军能","REVIEWED","2025-08-22T06:07:16Z"
"1958772752008134656","你好","Hello","青岛理工大学","Qingdao University of Technology","山东省","青岛","王梓宁","王梓宁/田堃/方禺尧","张军能","REVIEWED","2025-08-22T06:06:30Z"
"1958772557925105664","一键三连了","","青岛理工大学","Qingdao University of Technology","山东省","青岛","邢少洋","邢少洋/黄从恺/李若晗","张军能","REVIEWED","2025-08-22T06:05:44Z"
"1958772329301983232","等下一个天亮","Wait for the next dawn","青岛理工大学","Qingdao University of Technology","山东省","青岛","刘晓宇","刘晓宇/徐雪瑶/蔡旻轩","吴万春","REVIEWED","2025-08-22T06:04:50Z"
"1958772113207246848","因为没过四级看不懂题面","I don't know","青岛理工大学","Qingdao University of Technology","山东省","青岛","陈文卓","陈文卓/金慧玲/赵增豪","吴万春","REVIEWED","2025-08-22T06:03:58Z"
"1958771890716196864","把我的汉堡还给我！","They ate my hamburger T-T！","青岛理工大学","Qingdao University of Technology","山东省","青岛","王鹏宇","王鹏宇/吴秀彦/刘敬苛","吴万春","REVIEWED","2025-08-22T06:03:05Z"
"1958765639470989312","#include <ACMer东山再起>","AC Maker","山东管理学院","Shandong Management University","山东省","济南","商玉颖","商玉颖/王之星/袁洋","高雷亭","REVIEWED","2025-08-22T05:38:15Z"
"1958762898057117696","华侨大学2队","HQUteam2","华侨大学","Huaqiao University","福建省","泉州","赵阳","赵阳/韩志军/罗胜豪","罗伟","REVIEWED","2025-08-22T05:27:21Z"
"1958762467620864000","华侨大学1队","HQUteam1","华侨大学","Huaqiao University","福建省","泉州","张伟鹏","张伟鹏/赵政然/肖雅琴","罗伟","REVIEWED","2025-08-22T05:25:38Z"
"1958750099138461696","沈工程只有一队","Shen Engineering has only one team","沈阳工程学院","Shenyang Institute of Engineering","辽宁省","沈阳","姜方锦","杨家懿/杨钰澎/姜方锦","周强","REVIEWED","2025-08-22T04:36:30Z"
"1958737974881992704","彩虹小队","Rainbow Team","中国民航大学","Civil Aviation University of China","天津市","天津","王振羽","王振羽/李雨泽/王子骏","张智","REVIEWED","2025-08-22T03:48:19Z"
"1958732029745479680","都叫兄弟了那还说啥","Xiu Gou","山东女子学院","Shandong Women’s University","山东省","济南","于铠源","于铠源/高嫣然/王一凡","杨福强","REVIEWED","2025-08-22T03:24:42Z"
"1958731614693933056","while(true) accepted;","while(true) accepted;","山东女子学院","Shandong Women’s University","山东省","济南","张鑫宇","张鑫宇/魏俊宇/赵信博","杨福强","REVIEWED","2025-08-22T03:23:03Z"
"1958725539248783360","黑手冲锋队","Black Hand Go Go Go","汕头大学","Shantou University","广东省","汕头","朱星宇","朱星宇/方松杰/刘瀚元","杨晓毅","REVIEWED","2025-08-22T02:58:54Z"
"1958716525739819008","gzist","gzist","广州理工学院","Guangzhou Institute of Science and Technology","广东省","广州","姚澎豪","姚澎豪/蔡博鑫/陈俊烁","胡安明","REVIEWED","2025-08-22T02:23:05Z"
"1958716389173280768","一","focus","西南财经大学","Southwestern University of Finance and Economics","四川省","成都","刘亿","刘亿/张译匀/沈昱兵","陈智","REVIEWED","2025-08-22T02:22:33Z"
"1958707720171864064","可乐没糖","Coke without sugar","湖南理工大学","Hunan Institute of Science and Technology","湖南省","岳阳","邓婷尹","邓蕴珍/邓婷尹/陈佳慧","李文彬","REVIEWED","2025-08-22T01:48:06Z"
"1958707560360493056","我不要拿铁","I don't want a latte.","湖南理工大学","Hunan Institute of Science and Technology","湖南省","岳阳","谢东辉","潘彧达/谢东辉/胡彬秦","李文彬","REVIEWED","2025-08-22T01:47:28Z"
"1958707444773863424","君不见高堂评测悲全WA","The review was all WA","湖南理工大学","Hunan Institute of Science and Technology","湖南省","岳阳","费峥宇","林卫昱/费峥宇/陈天好","李文彬","REVIEWED","2025-08-22T01:47:00Z"
"1958698116083924992","算法猎手","Algorithm  Hunters","南京审计大学","Nanjing Audit University","江苏省","南京","曾乙腾","贾梦圆/曾乙腾/崔旭东","崔应留","REVIEWED","2025-08-22T01:09:56Z"
"1958597338849656832","超时是日常队","TLE Is Routine Team","南京林业大学","Nanjing Forestry University","江苏省","南京","徐玮枫","徐玮枫/程文翔/陈真","刘晓峰","REVIEWED","2025-08-21T18:29:29Z"
"1958531407880437760","过过过","accepted","绍兴大学","Shaoxing University","浙江省","绍兴","毛小艺","毛小艺/陈盈璇/陈荟蓉","黄龙军","REVIEWED","2025-08-21T14:07:30Z"
"1958531253471330304","可爱星星飞天撞","Twinkle Tackle","绍兴大学","Shaoxing University","浙江省","绍兴","李明轩","李明轩/葛至洲/洪振博","黄龙军","REVIEWED","2025-08-21T14:06:53Z"
"1958531151826567168","大宝一刀把复杂度劈成O(1)了","Da Bao is still too manipulative","绍兴大学","Shaoxing University","浙江省","绍兴","贺克屿","贺克屿/曹安迪/余振东","黄龙军","REVIEWED","2025-08-21T14:06:29Z"
"1958523138944319488","删粥删农只为空月之歌，启动！","delete foot, delete shit for O","河南财经政法大学","Henan University of Economics and Law","河南省","郑州","靳智博","郭凌志/潘垣丞/靳智博","万金梁","REVIEWED","2025-08-21T13:34:38Z"
"1958520907683643392","内师一队","IMNU1","内蒙古师范大学","Inner Mongolia Normal University","内蒙古自治区","呼和浩特","刘思宇","刘思宇/李佳峻/康婕","孟繁军","REVIEWED","2025-08-21T13:25:46Z"
"1958506888595816448","願いが叶う場所","Key_Fans_Club","重庆移通学院","Chongqing College of Mobile Communication","重庆市","重庆","李德立","李德立/韩世杰/李中冉","王燚","REVIEWED","2025-08-21T12:30:04Z"
"1958505182172594176","重新编译","Relink","湖北中医药大学","Hubei University of Chinese Medicine","湖北省","武汉","钟奥","钟奥/张瀚烽/汪昊洋","肖瑞","REVIEWED","2025-08-21T12:23:17Z"
"1958505006150238208","我依然故我，于终幕之上","shine on crazy opal","湖北中医药大学","Hubei University of Chinese Medicine","湖北省","武汉","周钲墙","周钲墙/阮鹏宇/李乐乐","肖瑞","REVIEWED","2025-08-21T12:22:35Z"
"1958502931932692480","分母","fenmu","中国民航大学","Civil Aviation University of China","天津市","天津","孟维浩","孟维浩/闵安迪/程徐赞","范龙飞","REVIEWED","2025-08-21T12:14:20Z"
"1958502790123274240","盖世双谐","Peerless Twin Harmony","中国民航大学","Civil Aviation University of China","天津市","天津","冀胤含","冀胤含/王明骏/曹王熙","范龙飞","REVIEWED","2025-08-21T12:13:47Z"
"1958502537861054464","四渡赤水2.0","The Four Crossings of the Chishui River2.0","中国民航大学","Civil Aviation University of China","天津市","天津","崔凌宵","颜一鸣/崔凌宵/刘俊杰","张智","REVIEWED","2025-08-21T12:12:46Z"
"1958502354377031680","星星之火","Sparks of fire","中国民航大学","Civil Aviation University of China","天津市","天津","梁永琰","孙皓/梁永琰/王璟鸿","范龙飞","REVIEWED","2025-08-21T12:12:03Z"
"1958501708848480256","非暴力不ac","no more violence","中国民航大学","Civil Aviation University of China","天津市","天津","王宇鑫","吴栩睿/耿曼淳/王宇鑫","范龙飞","REVIEWED","2025-08-21T12:09:29Z"
"1958501513293250560","样例AC也是AC","Wrong Answer on Pretest 2","中国民航大学","Civil Aviation University of China","天津市","天津","任豪凯","曹奕杰/任豪凯/韩彤飞","张智","REVIEWED","2025-08-21T12:08:42Z"
"1958501342744461312","记得开龙龙","long long","中国民航大学","Civil Aviation University of China","天津市","天津","陈跃","陈跃/乔立雨/牛佳琳","张智","REVIEWED","2025-08-21T12:08:01Z"
"1958501121616560128","基本演绎法","Elementary","中国民航大学","Civil Aviation University of China","天津市","天津","李林芮","李林芮/姚远/马佳昶","范龙飞","REVIEWED","2025-08-21T12:07:09Z"
"1958499763794526208","哈吉米","404_runtime_error","西安电子科技大学","Xidian University","陕西省","西安","曹润初","曹润初/刘佳/宋文博","张淑平","REVIEWED","2025-08-21T12:01:45Z"
"1958499566620295168","封榜的135秒","135 seconds of blocked lists","西安电子科技大学","Xidian University","陕西省","西安","吴宜放","吴宜放/江俊宇/郭立轩","张淑平","REVIEWED","2025-08-21T12:00:58Z"
"1958499209009741824","咖啡馆的贴贴物语","When We Snuggle at Cafe Time","西安电子科技大学","Xidian University","陕西省","西安","邹文定","邹文定/王翼天/洪健力","张淑平","REVIEWED","2025-08-21T11:59:33Z"
"1958498959322824704","耄耋可爱捏","Cute Cat Dad","西安电子科技大学","Xidian University","陕西省","西安","高琦","高琦/顾梓骞/薛思宇","张淑平","REVIEWED","2025-08-21T11:58:33Z"
"1958498642208276480","憧憬成为ACM高手","I admire ACM experts, and...","西安电子科技大学","Xidian University","陕西省","西安","周川旸","郑冬阳/周川旸/郑少寒","张淑平","REVIEWED","2025-08-21T11:57:18Z"
"1958498356211269632","AC0721发用0d00起爆器炸毁测评机","One Last Dance","西安电子科技大学","Xidian University","陕西省","西安","李隆生","李隆生/李景生/王泉贺","张淑平","REVIEWED","2025-08-21T11:56:09Z"
"1958498050391982080","突然想到一个O(N^N)的做法","Stu dying in studying","西安电子科技大学","Xidian University","陕西省","西安","李梓祺","应豪/李梓祺/李鑫皓","张淑平","REVIEWED","2025-08-21T11:54:57Z"
"1958497638276448256","但愿你的道路漫长长长长长长长","Ask That Your Way Be Longgggggggggg","西安电子科技大学","Xidian University","陕西省","西安","李熙源","李熙源/曾海滨/田业顺","张淑平","REVIEWED","2025-08-21T11:53:18Z"
"1958497229205979136","无色透明","Crystal Clear","西安电子科技大学","Xidian University","陕西省","西安","杨润彬","杨润彬/李聿垲/卢宇欣","张淑平","REVIEWED","2025-08-21T11:51:41Z"
"1958496980030767104","喵亦或鱼","Meow oplus fish","西安电子科技大学","Xidian University","陕西省","西安","谢睿杰","谢睿杰/文童宇/冯子诚","张淑平","REVIEWED","2025-08-21T11:50:41Z"
"1958496784047718400","什么都不会也能参加ACM吗？","ACM for everyone","西安电子科技大学","Xidian University","陕西省","西安","汤修齐","汤修齐/吴晨/潘振","张淑平","REVIEWED","2025-08-21T11:49:55Z"
"1958496424755249152","GXB，我们喜欢你","GXB，We Like You","西安电子科技大学","Xidian University","陕西省","西安","陈奕玮","陈奕玮/邓思哲/洪怀博","张淑平","REVIEWED","2025-08-21T11:48:29Z"
"1958496121402212352","嘻小癫学院超自研","XDU Occult Research Society","西安电子科技大学","Xidian University","陕西省","西安","张力文","张力文/童彦闽/周佳暄","张淑平","REVIEWED","2025-08-21T11:47:17Z"
"1958495942070550528","风起鹰翔","As High As Honor","西安电子科技大学","Xidian University","陕西省","西安","陈俊睿","陈俊睿/洪龙颖/王骏杰","张淑平","REVIEWED","2025-08-21T11:46:34Z"
"1958495461105516544","秦始皇","Qin Shi Huang","中原工学院","Zhongyuan University Of Technology","河南省","郑州","刘祥懿","刘祥懿/徐逸飞/吴林涛","崔岩","REVIEWED","2025-08-21T11:44:39Z"
"1958493000361885696","前面忘了，坚决抵制c++本子，后面忘了","auto auto = new auto();","湖北汽车工业学院","Hubei University of Automotive Technology","湖北省","十堰","李振超","李振超/曾宇恒/陈子扬","谢晋","REVIEWED","2025-08-21T11:34:52Z"
"1958488391283163136","别吃外卖了","Don't eat so much takeout","安阳工学院","Anyang Institute of Technology","河南省","安阳","董艺琳","董艺琳/董家欣/陈梦茹","朱丽华","REVIEWED","2025-08-21T11:16:34Z"
"1958488088865456128","读不懂题目就睡觉","I want sleeeep","安阳工学院","Anyang Institute of Technology","河南省","安阳","赵益辉","赵益辉/张龙飞/刘景甲","王瑞平","REVIEWED","2025-08-21T11:15:21Z"
"1958487897743605760","摆烂摸鱼打铁队","A team of slackers, slackers and blacksmiths","安阳工学院","Anyang Institute of Technology","河南省","安阳","侯帅鹏","鲁昕阳/裴武珂/侯帅鹏","朱丽华","REVIEWED","2025-08-21T11:14:36Z"
"1958487717103321088","不要WaWa叫","Don't cry","安阳工学院","Anyang Institute of Technology","河南省","安阳","牛金鑫","牛金鑫/王胜举/杜泳君","王瑞平","REVIEWED","2025-08-21T11:13:53Z"
"1958487553479327744","代码突击队","Code Commandos","安阳工学院","Anyang Institute of Technology","河南省","安阳","朱宁","朱宁/王静渊/焦梓珈","朱丽华","REVIEWED","2025-08-21T11:13:14Z"
"1958487385052856320","我要AC队","Wanting AC","安阳工学院","Anyang Institute of Technology","河南省","安阳","康琼硕","刘一楠/赵永恒/康琼硕","王瑞平","REVIEWED","2025-08-21T11:12:34Z"
"1958486988032622592","让我AC好不好","I want AC","安阳工学院","Anyang Institute of Technology","河南省","安阳","刘浩楠","刘浩楠/冯鼎/张金博","朱丽华","REVIEWED","2025-08-21T11:10:59Z"
"1958473867398266880","月光化樱吹雪成泥","","华中师范大学","Central China Normal University","湖北省","武汉","贺向阳","王宇/贺向阳/徐金涛","叶俊民","REVIEWED","2025-08-21T10:18:51Z"
"1958473744349970432","一二九四四","12944","华中师范大学","Central China Normal University","湖北省","武汉","李雨佳","蔡雯雯/李雨佳/明子钧","叶俊民","REVIEWED","2025-08-21T10:18:21Z"
"1958473609012363264","T34-灰风","","华中师范大学","Central China Normal University","湖北省","武汉","刘孟谦","刘孟谦/彭雅晨/杨璟欣","叶俊民","REVIEWED","2025-08-21T10:17:49Z"
"1958473463545511936","我重生了，这一世我要拿北京金牌娶回zzz","","华中师范大学","Central China Normal University","湖北省","武汉","王绪毅","邹卓昂/王绪毅/晏维阳","叶俊民","REVIEWED","2025-08-21T10:17:15Z"
"1958473361133191168","射杀太阳","","华中师范大学","Central China Normal University","湖北省","武汉","李坤霖","李坤霖/陈晓鸣/史家业","叶俊民","REVIEWED","2025-08-21T10:16:50Z"
"1958473153955545088","请输入文本","","华中师范大学","Central China Normal University","湖北省","武汉","徐吴朗","赵子毅/魏子洲/徐吴朗","叶俊民","REVIEWED","2025-08-21T10:16:01Z"
"1958472978881101824","兄弟我来助你","bro i‘m here to help you","华中师范大学","Central China Normal University","湖北省","武汉","郑壹腾","郑壹腾/张凯文/杨哲灏","叶俊民","REVIEWED","2025-08-21T10:15:19Z"
"1958472746218864640","人生何处不青山","gold steps","华中师范大学","Central China Normal University","湖北省","武汉","余成鸣","余成鸣/赵毅/项思语","叶俊民","REVIEWED","2025-08-21T10:14:24Z"
"1958460204142608384","下午茶时间","Tea Time","重庆科技大学","Chongqing University of Science and Technology","重庆市","重庆","廖章昊","廖章昊/代一/程琪淋","焦晓军","REVIEWED","2025-08-21T09:24:33Z"
"1958455474481840128","福大14队","Fuzhou U T14","福州大学","Fuzhou University","福建省","福州","邢皓翔","梁宇恒/吴峥鸣/邢皓翔","傅仰耿","REVIEWED","2025-08-21T09:05:46Z"
"1958455410967494656","福大13队","Fuzhou U T13","福州大学","Fuzhou University","福建省","福州","王镜翔","王镜翔/吴玮航/林陈邦","傅仰耿","REVIEWED","2025-08-21T09:05:30Z"
"1958455410195742720","你怎么知道队友六级423？","CET6 423","江南大学","Jiangnan University","江苏省","无锡","董万里","董万里/赵泓博/刘珺哲","蒋敏","REVIEWED","2025-08-21T09:05:30Z"
"1958455346354241536","福大12队","Fuzhou U T12","福州大学","Fuzhou University","福建省","福州","翁俊龙","楼鑫宇/翁俊龙/陈奕闽","傅仰耿","REVIEWED","2025-08-21T09:05:15Z"
"1958455284043661312","福大11队","Fuzhou U T11","福州大学","Fuzhou University","福建省","福州","郎易恒","方林升/王盛明/郎易恒","傅仰耿","REVIEWED","2025-08-21T09:05:00Z"
"1958455280340090880","凹嗷奥熬袄","ao1ao2ao4ao2ao3","江南大学","Jiangnan University","江苏省","无锡","钱逸晗","钱逸晗/杨滔/洪昱","蒋敏","REVIEWED","2025-08-21T09:04:59Z"
"1958455227554775040","福大10队","Fuzhou U T10","福州大学","Fuzhou University","福建省","福州","江子健","何翔宇/江子健/邱添","傅仰耿","REVIEWED","2025-08-21T09:04:47Z"
"1958455166569594880","福大9队","Fuzhou U T9","福州大学","Fuzhou University","福建省","福州","黄佳鹏","王郑涵/蔡永康/黄佳鹏","傅仰耿","REVIEWED","2025-08-21T09:04:32Z"
"1958455108654645248","福大8队","Fuzhou U T8","福州大学","Fuzhou University","福建省","福州","叶芷","陈封/丁诗怡/叶芷","傅仰耿","REVIEWED","2025-08-21T09:04:18Z"
"1958455042770518016","福大7队","Fuzhou U T7","福州大学","Fuzhou University","福建省","福州","连伟成","游逸晨/林嘉祚/连伟成","傅仰耿","REVIEWED","2025-08-21T09:04:03Z"
"1958454987346984960","福大6队","Fuzhou U T6","福州大学","Fuzhou University","福建省","福州","颜荣琛","李子墨/颜荣琛/陈泽煦","傅仰耿","REVIEWED","2025-08-21T09:03:49Z"
"1958454899300155392","关于我转生成acmer的这档事","That Time I Got Reincarnated as a Acmer","江南大学","Jiangnan University","江苏省","无锡","杨一哲","杨一哲/郭子豪/刘之瀚","蒋敏","REVIEWED","2025-08-21T09:03:28Z"
"1958454813866377216","福大5队","Fuzhou U T5","福州大学","Fuzhou University","福建省","福州","张仁杰","洪佳盛/林宏宇/张仁杰","傅仰耿","REVIEWED","2025-08-21T09:03:08Z"
"1958454708828422144","福大4队","Fuzhou U T4","福州大学","Fuzhou University","福建省","福州","傅世杰","傅世杰/何顺康/何楚杰","傅仰耿","REVIEWED","2025-08-21T09:02:43Z"
"1958454638573830144","我79连上网了 切不动题就用电网惩罚全场","I 079 LAN web No AC I will zap all via tesla","江南大学","Jiangnan University","江苏省","无锡","周辰屹","周辰屹/周俊恺/幸峻毅","蒋敏","REVIEWED","2025-08-21T09:02:26Z"
"1958454616104943616","福大3队","Fuzhou U T3","福州大学","Fuzhou University","福建省","福州","饶凯辰","饶凯辰/官瑜/肖羽石","傅仰耿","REVIEWED","2025-08-21T09:02:21Z"
"1958454488761679872","福大2队","Fuzhou U T2","福州大学","Fuzhou University","福建省","福州","邱镇海","邱镇海/叶志杰/王志浩","傅仰耿","REVIEWED","2025-08-21T09:01:51Z"
"1958454393920077824","福大1队","Fuzhou U T1","福州大学","Fuzhou University","福建省","福州","陈建涛","程棋晖/陈建涛/陈宇","傅仰耿","REVIEWED","2025-08-21T09:01:28Z"
"1958454291449036800","无牌转生，来到ACM就拿出真本事","Medal-less Reincarnation: Bring Your Best to ACM","江南大学","Jiangnan University","江苏省","无锡","徐兢","徐兢/陈一鸣/杨学钊","蒋敏","REVIEWED","2025-08-21T09:01:04Z"
"1958450613728100352","啊对对对对对队","ayesyesyesyesyes","南京理工大学","Nanjing University of Science and Technology","江苏省","南京","金子轩","金子轩/邓浩宇/凌励","余立功","REVIEWED","2025-08-21T08:46:27Z"
"1958449888545521664","你怎么知道我在四级考试得了433分","expected:'impossible',found:'impossible'","南京理工大学","Nanjing University of Science and Technology","江苏省","南京","陈静波","刘懿臻/陈静波/彭锐政","余立功","REVIEWED","2025-08-21T08:43:34Z"
"1958449311354765312","猛攻!就是要猛攻","wuwuwu x_x","广州软件学院","Guangzhou University of Software","广东省","广州","陈文定","黄智源/陈平俊/陈文定","陈坚强","REVIEWED","2025-08-21T08:41:16Z"
"1958449164940001280","熊大，光头强又来砍二叉树了","Big Xiong,Gaoqiqiang cut down the binary tree again","燕京理工学院","Yanching Institute of Technology","河北省","廊坊","张子航","张子航/马翔/郭鑫","赵暄","REVIEWED","2025-08-21T08:40:41Z"
"1958449156903714816","太空猫猫头","space","南京理工大学","Nanjing University of Science and Technology","江苏省","南京","陈宇航","陈宇航/许廷阳/谭清海","余立功","REVIEWED","2025-08-21T08:40:39Z"
"1958449069997735936","东北大学_我都可以","NEU_All Fine","东北大学","Northeastern University","辽宁省","沈阳","林星希","刘美妤/林星希/刘佳鑫","刘小锋","REVIEWED","2025-08-21T08:40:19Z"
"1958448897062387712","东北大学_必码温","NEUforces","东北大学","Northeastern University","辽宁省","沈阳","钟炳毅","钟炳毅/唐俊杰/王浩旸","刘小锋","REVIEWED","2025-08-21T08:39:37Z"
"1958448752002383872","队长正在探索前面的题目","Cap is exploring problems unsolved","南京理工大学","Nanjing University of Science and Technology","江苏省","南京","刘岩","刘岩/高威/喻昕之","余立功","REVIEWED","2025-08-21T08:39:03Z"
"1958448748277841920","东北大学_College_Coding_Boys","NEU_College_Coding_Boys","东北大学","Northeastern University","辽宁省","沈阳","乔泽冠","夏子晨/乔泽冠/李卓恒","刘小锋","REVIEWED","2025-08-21T08:39:02Z"
"1958448590920138752","东北大学_迈出起名第一步ovo","NEU_Alpha","东北大学","Northeastern University","辽宁省","沈阳","陈梓轩","聂天一/陈梓轩/袁家铭","刘小锋","REVIEWED","2025-08-21T08:38:24Z"
"1958448381368516608","东北大学_氕氘氚氦氖氩氪氙氡鿫","NEU_Atomic_Coders","东北大学","Northeastern University","辽宁省","沈阳","吴皓天","吴皓天/施禛祾/李天宇","刘小锋","REVIEWED","2025-08-21T08:37:34Z"
"1958448370241028096","做题一定要AC","AC is all you need","南京理工大学","Nanjing University of Science and Technology","江苏省","南京","高昂","刘宇/高昂/王玉毅","余立功","REVIEWED","2025-08-21T08:37:32Z"
"1958448175914729472","东北大学_Summer_Pockets","NEU_Summer_Pockets","东北大学","Northeastern University","辽宁省","沈阳","李京洲","张绍宸/华俊澄/李京洲","刘小锋","REVIEWED","2025-08-21T08:36:46Z"
"1958447910876659712","彩虹猫猫头","Rainbow CacatHead","南京理工大学","Nanjing University of Science and Technology","江苏省","南京","冯宇杰","刘一欢/吴东来/冯宇杰","余立功","REVIEWED","2025-08-21T08:35:42Z"
"1958447550938267648","东北大学_软炸理计","NEU_Soft-Fried Filet","东北大学","Northeastern University","辽宁省","沈阳","黄宇帆","黄宇帆/潘炼/罗子涵","刘小锋","REVIEWED","2025-08-21T08:34:16Z"
"1958447377164058624","东北大学_实在不行输出随机数吧","NEU_cout<<rand();","东北大学","Northeastern University","辽宁省","沈阳","王百汇","施博文/王百汇/董新畅","刘小锋","REVIEWED","2025-08-21T08:33:35Z"
"1958447304560656384","流明猫猫头","Lumen CacatHead","南京理工大学","Nanjing University of Science and Technology","江苏省","南京","谢景帆","谢景帆/郭思易/黄苏闽","余立功","REVIEWED","2025-08-21T08:33:18Z"
"1958447214945157120","东北大学_你是一只猫娘","NEU_nya","东北大学","Northeastern University","辽宁省","沈阳","孙祥坤","张天一/孙祥坤/卢逸衡","刘小锋","REVIEWED","2025-08-21T08:32:56Z"
"1958447035831599104","东北大学_狐生一梦","NEU_Fox Dream","东北大学","Northeastern University","辽宁省","沈阳","谢天石","谢天石/张佳栋/苏焜","刘小锋","REVIEWED","2025-08-21T08:32:14Z"
"1958446964847198208","喜欢的题目直接AC","favorite problems AC directly","南京理工大学","Nanjing University of Science and Technology","江苏省","南京","吴可泓","薄闻乐/吴可泓/杨炫","余立功","REVIEWED","2025-08-21T08:31:57Z"
"1958442940915826688","AC娘单推人","a devotee of Miss AC","香港中文大学（深圳）","The Chinese University of Hong Kong, Shenzhen","广东省","深圳","邵辰航","邵辰航/邓沣庭/潘彦","方一向","REVIEWED","2025-08-21T08:15:57Z"
"1958442658253291520","开发党","Development Party","景德镇陶瓷大学","Jingdezhen Ceramic University","江西省","景德镇","陈明耀","楼家煜/屈继根/陈明耀","李娟","REVIEWED","2025-08-21T08:14:50Z"
"1958438968943493120","夜静语，思无形","Night Silent Coding","武汉工商学院","Wuhan Technology and Business University","湖北省","武汉","胡凯豪","胡凯豪/戴佳乐/王世正","杨杰","REVIEWED","2025-08-21T08:00:10Z"
"1958438875154661376","中文口德法色斯队","Code Phantasm Squad","烟台大学","Yantai University","山东省","烟台","张幸通","张幸通/祝詞峰/李健哲","卢云宏","REVIEWED","2025-08-21T07:59:48Z"
"1958433073756946432","爆炒代码","The Sizzling Solvers","南京中医药大学","Nanjing University of Chinese Medicine","江苏省","南京","高心阳","高心阳/吴梦/陈坤镈","李新霞","REVIEWED","2025-08-21T07:36:45Z"
"1958431069504585728","赢得对","get-right","西南财经大学","Southwestern University of Finance and Economics","四川省","成都","方俊杰","方俊杰/钟楷文/李宛潼","陈智","REVIEWED","2025-08-21T07:28:47Z"
"1958428848192798720","我做的都队","I think I'm Accepted","上海工程技术大学","Shanghai University of Engineering Science","上海市","上海","徐韵淞","徐韵淞/王慧轩/罗德亮","岳敏","REVIEWED","2025-08-21T07:19:57Z"
"1958423541450326016","罪人舞步旋","Last Dance","重庆邮电大学","Chongqing University of Posts and Telecommunications","重庆市","重庆","舒显航","舒显航/黄宇哲/向炳权","李盘林","REVIEWED","2025-08-21T06:58:52Z"
"1958423444436074496","流离之人追逐幻影","Hunting Triumph","重庆邮电大学","Chongqing University of Posts and Telecommunications","重庆市","重庆","欧阳馨","欧阳馨/任明乾/孙艺恒","李盘林","REVIEWED","2025-08-21T06:58:29Z"
"1958423323610759168","蓝桥杯汪之队","Basketball Beginner","重庆邮电大学","Chongqing University of Posts and Telecommunications","重庆市","重庆","吴志煜","吴志煜/汪涛/赵俊超","李盘林","REVIEWED","2025-08-21T06:58:00Z"
"1958423153619812352","3G联盟","Array of Cqupt Monkeys","重庆邮电大学","Chongqing University of Posts and Telecommunications","重庆市","重庆","冯禹杰","冯禹杰/汪炜杰/林新雨","李盘林","REVIEWED","2025-08-21T06:57:20Z"
"1958422995070926848","憧憬成为ACM高手","Aspiring to Be Magic Meow","重庆邮电大学","Chongqing University of Posts and Telecommunications","重庆市","重庆","李永康","李永康/张志学/王磊铭","李盘林","REVIEWED","2025-08-21T06:56:42Z"
"1958422858332422144","蓝桥杯喵之队","Basketball Dreamer Meow","重庆邮电大学","Chongqing University of Posts and Telecommunications","重庆市","重庆","李悦","李悦/陈楷文/朱易轩","李盘林","REVIEWED","2025-08-21T06:56:09Z"
"1958422828162793472","苦读题面五小时，赛后翻似烂柯人","I can do all things！","上海海事大学","Shanghai Maritime University","上海市","上海","倪嘉宏","倪嘉宏/谢奕扬/王睿","周卫祥","REVIEWED","2025-08-21T06:56:02Z"
"1958417859795795968","因为太怕wa就不交而爆零的世界是否搞错了什么","the best on the best","西南财经大学","Southwestern University of Finance and Economics","四川省","成都","黄循志","黄循志/赵识开/陈梓岩","陈智","REVIEWED","2025-08-21T06:36:18Z"
"1958404178768871424","珂朵莉","Chtholly","浙江工商大学","Zhejiang Gongshang University","浙江省","杭州","林仁豪","林仁豪/陈孝乐/郑铁峥","胡毓励","REVIEWED","2025-08-21T05:41:56Z"
"1958400871094599680","以我残躯化烈火","Avego","浙江工商大学","Zhejiang Gongshang University","浙江省","杭州","陈林赟","陈林赟/干宸骅/吴天昊","胡毓励","REVIEWED","2025-08-21T05:28:47Z"
"1958387789970587648","Guessforces","Guessforces","广州华立学院","Guangzhou Huali College","广东省","广州","王润峰","王润峰/廖俊杰","高宇宁","REVIEWED","2025-08-21T04:36:48Z"
"1958381469523558400","造梦者","prodigy","上海理工大学","University of Shanghai for Science and Technology","上海市","上海","曹元耀","曹元耀/肖学勋/张鑫蕴","周春樵","REVIEWED","2025-08-21T04:11:41Z"
"1958377409496006656","Doro给你带了哦润吉","Doro has taken oranges for you","湖北工业大学","Hubei University of Technology","湖北省","武汉","梅锦昕","黄胡智宇/李怡爽/梅锦昕","徐承志","REVIEWED","2025-08-21T03:55:33Z"
"1958372693412200448","艰难依旧坚持","Hearthstone starts","山东大学（威海）","Shandong University , Weihai","山东省","威海","王建烨","王建烨/郭正扬/黄元昊","孔晓明","REVIEWED","2025-08-21T03:36:49Z"
"1958372676148445184","我大概一辈子也忘不了xcpc吧","MyACM","山东大学（威海）","Shandong University , Weihai","山东省","威海","曾嘉乐","曾嘉乐/李昊阳/姜龙翔","孔晓明","REVIEWED","2025-08-21T03:36:45Z"
"1958372658117132288","ACM狗队","potato","山东大学（威海）","Shandong University , Weihai","山东省","威海","华雨晨","华雨晨/刘一帆/李万钧","孔晓明","REVIEWED","2025-08-21T03:36:41Z"
"1958372640878542848","ACM笑传之冲冲榜","ACM joker : create code badly","山东大学（威海）","Shandong University , Weihai","山东省","威海","张民科","秦修元/叶增耀/张民科","孔晓明","REVIEWED","2025-08-21T03:36:37Z"
"1958372609253490688","咕咕嘎嘎","gugugaga","山东大学（威海）","Shandong University , Weihai","山东省","威海","陆柯旭","陆柯旭/连君朴/童延","孔晓明","REVIEWED","2025-08-21T03:36:29Z"
"1958372589053722624","AC自动基米","Auto AC Cat","山东大学（威海）","Shandong University , Weihai","山东省","威海","张佑","华靖文/王伯源/张佑","孔晓明","REVIEWED","2025-08-21T03:36:24Z"
"1958372572188426240","进击的奶龙","Attack on Nailong","山东大学（威海）","Shandong University , Weihai","山东省","威海","温泽林","温泽林/陈汶泽/赵禹权","孔晓明","REVIEWED","2025-08-21T03:36:20Z"
"1958372550612926464","青春蟒蛇少年不会梦到TLE学姐","Python never TLE","山东大学（威海）","Shandong University , Weihai","山东省","威海","刘旸","刘旸/刘艺航/陈甲申","孔晓明","REVIEWED","2025-08-21T03:36:15Z"
"1958372532669693952","是谁在叫我宝宝","Darling","山东大学（威海）","Shandong University , Weihai","山东省","威海","靳可欣","靳可欣/郑甫/殷越","孔晓明","REVIEWED","2025-08-21T03:36:11Z"
"1958365431293591552","Null","Null","江苏大学","Jiangsu University","江苏省","镇江","杨皓煜","杨润楷/杨宇骞/杨皓煜","潘雨青","REVIEWED","2025-08-21T03:07:58Z"
"1958356387292037120","正在验证该队是否是真人。","Verifying we are human.","香港中文大学（深圳）","The Chinese University of Hong Kong, Shenzhen","广东省","深圳","孙超逸","孙超逸/张力文/周天","方一向","REVIEWED","2025-08-21T02:32:01Z"
"1958355421213802496","啊对对队","ACCEPTED","怀化学院","Huaihua University","湖南省","怀化","郑禹彤","郑禹彤/王惜林/王齐齐","彭新怀","REVIEWED","2025-08-21T02:28:11Z"
"1958347687122747392","派大星暴打猫猫头","SpongeBob Smashing Kitten","江苏海洋大学","Jiangsu Ocean University","江苏省","连云港","沈乃至","沈乃至/马迪/刘岩","朱强","REVIEWED","2025-08-21T01:57:27Z"
"1958326930720210944","冰舞的祈愿","Dancing Ice","重庆城市科技学院","Chongqing Metropolitan College of Science and Technology","重庆市","重庆","吴广平","吴广平/张鲜慕/刘英凯","颜烨","REVIEWED","2025-08-21T00:34:58Z"
"1958311133209739264","师大玖队","HUNNU9","湖南师范大学","Hunan Normal University","湖南省","长沙","段天琦","段天琦/钟啸/曾磊鑫","罗迅","REVIEWED","2025-08-20T23:32:12Z"
"1958204331126210560","宝宝呼啦圈","Baby Hula Hoopers","新疆大学","Xinjiang University","新疆维吾尔自治区","乌鲁木齐","于文硕","于文硕/吴华威/雍景雄","张凯","REVIEWED","2025-08-20T16:27:48Z"
"1958204231851229184","TQL","TQL","新疆大学","Xinjiang University","新疆维吾尔自治区","乌鲁木齐","邱开崟","邱开崟/田野/刘宇轩","张凯","REVIEWED","2025-08-20T16:27:25Z"
"1958200767205130240","1145141919810","1145141919810","泉州师范学院","Quanzhou Normal University","福建省","泉州","吴城","吴城/李良波/王靖锋","高大利","REVIEWED","2025-08-20T16:13:39Z"
"1958200494340489216","0123456789","0123456789","泉州师范学院","Quanzhou Normal University","福建省","泉州","王嘉铭","王嘉铭/崔韩磊/阳捷","高大利","REVIEWED","2025-08-20T16:12:34Z"
"1958197943905861632","证明？向出题人要去吧!","Wake Up To Wa","上海理工大学","University of Shanghai for Science and Technology","上海市","上海","李健","周靖涵/李健","周春樵","REVIEWED","2025-08-20T16:02:26Z"
"1958197726343118848","随机起名","mt19937_64","上海理工大学","University of Shanghai for Science and Technology","上海市","上海","周正杰","周天昊/周正杰/胡术淇","周春樵","REVIEWED","2025-08-20T16:01:34Z"
"1958197542347390976","你不是会变红色吗？变给我看啊！","Contingency Contract Battleplan","上海理工大学","University of Shanghai for Science and Technology","上海市","上海","李俊毅","周博涵/李俊毅/王嘉程","周春樵","REVIEWED","2025-08-20T16:00:50Z"
"1958197333856927744","妈妈","Sage","上海理工大学","University of Shanghai for Science and Technology","上海市","上海","董柯演","张皓宇/章振杰/董柯演","周春樵","REVIEWED","2025-08-20T16:00:00Z"
"1958174269697998848","长夜未央","NightWithoutDawn","长江大学","Yangtze University","湖北省","荆州","郑建斌","郑建斌/陈迪路/唐祎敏","陈中举","REVIEWED","2025-08-20T14:28:21Z"
"1958173918898995200","深海探索者大战旭日宝宝","Deepseek VS xubaby","长江大学","Yangtze University","湖北省","荆州","柯业鑫","柯业鑫/周旭/张为晖","崔艳荣","REVIEWED","2025-08-20T14:26:58Z"
"1958173585439244288","代码复仇者","code avengers","长江大学","Yangtze University","湖北省","荆州","袁宇轩","袁宇轩/吕奕含/张瑜","詹炜","REVIEWED","2025-08-20T14:25:38Z"
"1958173162632429568","破晓","Dawn","长江大学","Yangtze University","湖北省","荆州","纪方嘉","纪方嘉/童炎/任文","崔艳荣","REVIEWED","2025-08-20T14:23:57Z"
"1958166208178601984","算法捕猎队","code hunters","四川大学","Sichuan University","四川省","成都","黄雨阳","黄雨阳/付乙淼/陈启越","左劼","REVIEWED","2025-08-20T13:56:19Z"
"1958166069963702272","今晚来我床上打舞萌中二","Come to my bed and play maimai & chunithm tonight","四川大学","Sichuan University","四川省","成都","黄叙豪","黄叙豪/石童鸣/唐闻博","左劼","REVIEWED","2025-08-20T13:55:46Z"
"1958165858897936384","重生之全都能做队","Great again","四川大学","Sichuan University","四川省","成都","唐文可","唐文可/王凯睿/张翰辰","左劼","REVIEWED","2025-08-20T13:54:56Z"
"1958165710138556416","你们在干什么喵？在罚时喵！补药罚我时喵！","time penalty mu ri mu ri","四川大学","Sichuan University","四川省","成都","赵勇哲","赵勇哲/晏然","左劼","REVIEWED","2025-08-20T13:54:20Z"
"1958165504768655360","loveless","loveless","四川大学","Sichuan University","四川省","成都","吴卓航","吴卓航/刘雨彤/潘运胜","左劼","REVIEWED","2025-08-20T13:53:31Z"
"1958165451035426816","熊猫茶盐鸭","Problem Solving Ducks","四川大学","Sichuan University","四川省","成都","夏知齐","夏知齐/张逸涵/邹昔贝","左劼","REVIEWED","2025-08-20T13:53:19Z"
"1958165291899338752","超级洋医","Super Western Doctors","四川大学","Sichuan University","四川省","成都","熊一鸣","熊一鸣/王鹏超/杨轶涵","左劼","REVIEWED","2025-08-20T13:52:41Z"
"1958165041671356416","想学水利水电工程","Wanting to learn shuilishuidiangongcheng","四川大学","Sichuan University","四川省","成都","冯朝航","冯朝航/蔡相渔/陈燚","左劼","REVIEWED","2025-08-20T13:51:41Z"
"1958164834527264768","打ACM从没开心过","ACM NO HAPPY","四川大学","Sichuan University","四川省","成都","钟诚","钟诚/刘泽勋/许圳达","左劼","REVIEWED","2025-08-20T13:50:52Z"
"1958164601282019328","猫鼬砼","OG-C","四川大学","Sichuan University","四川省","成都","吴卓琦","吴卓琦/黄奕浩/江来","左劼","REVIEWED","2025-08-20T13:49:56Z"
"1958164403013074944","说的道理","otto","贵州大学","Guizhou University","贵州省","贵阳","程航","唐辰宸/程航/周俊翔","徐晶","REVIEWED","2025-08-20T13:49:09Z"
"1958162330326450176","OA","once again","贵州大学","Guizhou University","贵州省","贵阳","汪一明","汪一明/张文哲","徐晶","REVIEWED","2025-08-20T13:40:55Z"
"1958156459806605312","HPU-6","HPU-6","河南理工大学","Henan Polytechnic University","河南省","焦作","王彦钊","王彦钊/黄泰钦/宋雨杭","王建芳","REVIEWED","2025-08-20T13:17:35Z"
"1958155892866727936","合工大3队","HFUT003","合肥工业大学","Hefei University of Technology","安徽省","合肥","张力中","张力中/丁帅","曹力","REVIEWED","2025-08-20T13:15:20Z"
"1958153076374814720","GZMU一队","gzmut1","贵州民族大学","Guizhou Minzu University","贵州省","贵阳","田坤","田坤/曹宪浙/杨俊丰","张凯琳","REVIEWED","2025-08-20T13:04:08Z"
"1958152599876714496","流星亮晶晶","Shining Meteor","贵州民族大学","Guizhou Minzu University","贵州省","贵阳","刘欣哲","刘欣哲/郭晶/唐子蕃","张凯琳","REVIEWED","2025-08-20T13:02:15Z"
"1958144219778957312","A了","Dontkonw","武汉纺织大学","Wuhan Textile University","湖北省","武汉","杜康琪","毛子祺/万福辉/杜康琪","张自力","REVIEWED","2025-08-20T12:28:57Z"
"1958143930887880704","零式镇魂曲","Zero Requiem","武汉纺织大学","Wuhan Textile University","湖北省","武汉","林舒乐","林舒乐/饶林辉/张智宇","张自力","REVIEWED","2025-08-20T12:27:48Z"
"1958143590436225024","扣1送金牌","111zhensongma","武汉纺织大学","Wuhan Textile University","湖北省","武汉","曾繁昊","曾繁昊/孙嘉麒/朱佳伟","张自力","REVIEWED","2025-08-20T12:26:27Z"
"1958143241755344896","2007","2007","武汉纺织大学","Wuhan Textile University","湖北省","武汉","费文伟","费文伟/孔浩杰/刘洋","张自力","REVIEWED","2025-08-20T12:25:04Z"
"1958143037169778688","我的青春AC果然物语","My AC Odyssey","武汉纺织大学","Wuhan Textile University","湖北省","武汉","裘贺宝","裘贺宝/周黄灏/高智翔","张自力","REVIEWED","2025-08-20T12:24:15Z"
"1958142823025393664","满月三人组","full moon full life","武汉纺织大学","Wuhan Textile University","湖北省","武汉","范赫","范赫/钟宇峰/游为与","张自力","REVIEWED","2025-08-20T12:23:24Z"
"1958128009691578368","算鸟捞AC队","Calculating Birds Fetch AC Team","山东女子学院","Shandong Women’s University","山东省","济南","程智","程智/赵浩然/吕昊键","杨福强","REVIEWED","2025-08-20T11:24:32Z"
"1958125985591771136","AI可以取代程序员但无法取代家里蹲","AIagainstotaku","上海师范大学","Shanghai Normal University","上海市","上海","王刚","王刚/危祎/王祎慜","郭庆林","REVIEWED","2025-08-20T11:16:29Z"
"1958125482203987968","我讨厌你","i hate U","江苏大学","Jiangsu University","江苏省","镇江","张道正","张道正/庞政/薛志康","潘雨青","REVIEWED","2025-08-20T11:14:29Z"
"1958124377076187136","马猴烧酒鹿目圆蒸","Ma Hou Shao Jiu Lu Mu Yuan Zheng","石河子大学","Shihezi University","新疆维吾尔自治区","石河子市","邱志磊","李飞宏/邱志磊/苏田梦","王晨旭","REVIEWED","2025-08-20T11:10:06Z"
"1958122280381366272","帕斯","pass","厦门大学嘉庚学院","Xiamen University Tan Kah Kee College","福建省","漳州","孟高奇","孟高奇/陈晴/徐露","郭一晶","REVIEWED","2025-08-20T11:01:46Z"
"1958105329470849024","AC永动机","AC Automata","中国矿业大学","China University of Mining and Technology","江苏省","徐州","温家豪","温家豪/刘梓轩/朱翠峰","毕方明","REVIEWED","2025-08-20T09:54:25Z"
"1958105220637048832","不是只过样例","Beyond Sample","中国矿业大学","China University of Mining and Technology","江苏省","徐州","马哲涵","杨洪斌/丁铭哲/马哲涵","毕方明","REVIEWED","2025-08-20T09:53:59Z"
"1958105086771642368","wawa队立大功","Wawa team made great contribution","中国矿业大学","China University of Mining and Technology","江苏省","徐州","王若同","李和霂/王若同/李跃辉","毕方明","REVIEWED","2025-08-20T09:53:27Z"
"1958104961059962880","宇宙兄弟","XAG","中国矿业大学","China University of Mining and Technology","江苏省","徐州","严川浙","周博岩/严川浙/唐嘉诣","毕方明","REVIEWED","2025-08-20T09:52:57Z"
"1958104812875202560","三只煤球想成金","Three Coals to Gold","中国矿业大学","China University of Mining and Technology","江苏省","徐州","杜重阳","吴帅/杜重阳/倪浩宸","毕方明","REVIEWED","2025-08-20T09:52:21Z"
"1958104679915765760","矿兵出击","Mining-soldier Sortie","中国矿业大学","China University of Mining and Technology","江苏省","徐州","杨骐玮","杨骐玮/卜炜珏/赵际云","毕方明","REVIEWED","2025-08-20T09:51:50Z"
"1958104378903150592","5年oi三年io","richdown.oi","中国矿业大学","China University of Mining and Technology","江苏省","徐州","杨肖宇熊","张梓墨/陈子涵/杨肖宇熊","毕方明","REVIEWED","2025-08-20T09:50:38Z"
"1958104238192640000","洛创某","Luochuangmou","中国矿业大学","China University of Mining and Technology","江苏省","徐州","李浩华","李浩华/周方楠/曾进河","毕方明","REVIEWED","2025-08-20T09:50:04Z"
"1958104109804994560","重生之我们打进了wf","champion in World Final","中国矿业大学","China University of Mining and Technology","江苏省","徐州","吕亚蒙","吕亚蒙/池凡宇/覃浩育","毕方明","REVIEWED","2025-08-20T09:49:34Z"
"1958103983443197952","抽奖","lottery","中国矿业大学","China University of Mining and Technology","江苏省","徐州","龚子贤","梁浩均/黄科海/龚子贤","毕方明","REVIEWED","2025-08-20T09:49:04Z"
"1958103552012894208","码到成功","O(nly)1%","中国矿业大学","China University of Mining and Technology","江苏省","徐州","晁荣卫","晁荣卫/何铭昊/林昱达","毕方明","REVIEWED","2025-08-20T09:47:21Z"
"1958103399172456448","不想仅通过样例","passed the pretest","中国矿业大学","China University of Mining and Technology","江苏省","徐州","陈思澎","陈思澎/周天翊/李文全","毕方明","REVIEWED","2025-08-20T09:46:44Z"
"1958103350581444608","我的青春acm物语果然有问题","My Teen acm Comedy SNAFU","中国矿业大学","China University of Mining and Technology","江苏省","徐州","王虹博","王虹博/陈品睿/兰翔思宏","毕方明","REVIEWED","2025-08-20T09:46:33Z"
"1958094621907664896","还在划水","King of Slacking Off","莆田学院","Putian University","福建省","莆田","缪高峰","缪高峰/曾煌斌/游千惠","郑继绍","REVIEWED","2025-08-20T09:11:52Z"
"1958091377986813952","蒟蒻想拿名额","A novice is eager to get a spot","南阳师范学院","Nanyang Normal University","河南省","南阳","黄雯建","闵龙隆/黄雯建/黄景焜","郭金良","REVIEWED","2025-08-20T08:58:58Z"
"1958081500308619264","那一天的WA AC起来","all WA to AC","上海理工大学","University of Shanghai for Science and Technology","上海市","上海","陈思昀","钟瑶萍/陈思昀/南若彤","周春樵","REVIEWED","2025-08-20T08:19:43Z"
"1958080404257292288","交一发试试对不队","OTZ OTZ OTZ","南昌航空大学","Nanchang Hangkong University","江西省","南昌","马铭宇","马铭宇/李声欢/王云博","陈英","REVIEWED","2025-08-20T08:15:22Z"
"1958080100744871936","Bit求逆序队","itn man","南昌航空大学","Nanchang Hangkong University","江西省","南昌","刘英祺","严嘉康/刘英祺/舒康","陈英","REVIEWED","2025-08-20T08:14:10Z"
"1958079882792058880","严曰.pdf","Yan Yue.pdf","阜阳师范大学","Fuyang Normal University","安徽省","阜阳","彭杰峰","彭杰峰/刘徐瑞/周俊豪","王茂华","REVIEWED","2025-08-20T08:13:18Z"
"1958079881084977152","无牌不叫","no medal no call","南昌航空大学","Nanchang Hangkong University","江西省","南昌","于峰","邹仁杰/于峰/赖剑峰","陈英","REVIEWED","2025-08-20T08:13:17Z"
"1958079568835821568","那一天的算法,算法起来","orz orz orz","南昌航空大学","Nanchang Hangkong University","江西省","南昌","林培豪","曾钦文/张进超/林培豪","陈英","REVIEWED","2025-08-20T08:12:03Z"
"1958079507984859136","金银铜","golden win bro","阜阳师范大学","Fuyang Normal University","安徽省","阜阳","束明伟","束明伟/方鼎/石道成","王茂华","REVIEWED","2025-08-20T08:11:48Z"
"1958076542477713408","第一次来ACM","First time at ACM","安徽财经大学","Anhui University of Finance and Economics","安徽省","蚌埠","路文浩","路文浩/徐赵宇/潘誉文","张林","REVIEWED","2025-08-20T08:00:01Z"
"1958075772625797120","offer四面八方来","offer offer come to me","中南民族大学","South-Central Minzu University","湖北省","武汉","方可","李子安/方可/刘宽","刘卫平","REVIEWED","2025-08-20T07:56:58Z"
"1958075450893320192","番茄","Need ToMato","中南民族大学","South-Central Minzu University","湖北省","武汉","邹俊璐","罗炯/邹俊璐/胡航","刘卫平","REVIEWED","2025-08-20T07:55:41Z"
"1958075126082224128","404","Team Name Not Found","中南民族大学","South-Central Minzu University","湖北省","武汉","陈乐怡","山含玉/李泉灵/陈乐怡","刘卫平","REVIEWED","2025-08-20T07:54:23Z"
"1958074298181140480","我是刻晴 璃月七星中的电弧星","I am KeQin, the electric arc star among the seven stars of Liyue","中南民族大学","South-Central Minzu University","湖北省","武汉","易滨磊","韩昊润/易滨磊/郭耀","刘卫平","REVIEWED","2025-08-20T07:51:06Z"
"1958073784731222016","关注华黎卡喵！关注华黎卡谢谢喵！","Thanks for subscribing Whalica Meow qwq","中南民族大学","South-Central Minzu University","湖北省","武汉","张宇豪","赖臣霖/冯钰航/张宇豪","刘卫平","REVIEWED","2025-08-20T07:49:04Z"
"1958073349945475072","曙光","Aurora","中南民族大学","South-Central Minzu University","湖北省","武汉","梁玉龙","梁玉龙/李虹睿/胡田琪","刘卫平","REVIEWED","2025-08-20T07:47:20Z"
"1958072909333839872","好难","so easy","中南民族大学","South-Central Minzu University","湖北省","武汉","雷雨禾","刘冠权/雷雨禾/曾安琪","刘卫平","REVIEWED","2025-08-20T07:45:35Z"
"1958072488397684736","哈基仙","cat cat god","中南民族大学","South-Central Minzu University","湖北省","武汉","连怡祥","连怡祥/黄炜超/钟佑安","刘卫平","REVIEWED","2025-08-20T07:43:55Z"
"1958071947319885824","自由曲面","Freeform Surface","上海理工大学","University of Shanghai for Science and Technology","上海市","上海","丁晓强","孙乐彦/严子安/丁晓强","周春樵","REVIEWED","2025-08-20T07:41:46Z"
"1958071771112980480","3英大战ACM","3 YING VS ACM","上海理工大学","University of Shanghai for Science and Technology","上海市","上海","高灿洋","刘继彬/高灿洋/徐能","周春樵","REVIEWED","2025-08-20T07:41:04Z"
"1958071718147309568","哈基高","cat cat best","中南民族大学","South-Central Minzu University","湖北省","武汉","林俊彦","魏子杰/林俊彦/陈宇轩","刘卫平","REVIEWED","2025-08-20T07:40:51Z"
"1958071555135684608","三行代码让评测机哭着喊AC","Three Lines Make Judge Cry","上海理工大学","University of Shanghai for Science and Technology","上海市","上海","吕泽文","倪郑杰/吕泽文/张少丹","周春樵","REVIEWED","2025-08-20T07:40:12Z"
"1958071108429725696","二兆亿的流年","The Endless Flow of Two Hundred Quintillion Years","中南民族大学","South-Central Minzu University","湖北省","武汉","吴佳明","吴佳明/丁墨涵/李赛","刘卫平","REVIEWED","2025-08-20T07:38:26Z"
"1958070349898235904","一个NPC","A npc","合肥大学","Hefei University","安徽省","合肥","胡畔然","陈源/田思洋/胡畔然","胡春玲","REVIEWED","2025-08-20T07:35:25Z"
"1958070302527766528","反正能过样例","AnywayPassSample","合肥大学","Hefei University","安徽省","合肥","杨帅","杨帅/汝豪杰/瞿康辰","胡春玲","REVIEWED","2025-08-20T07:35:13Z"
"1958070240754057216","暴力出奇迹，TLE也诗意","O(n^n!) or Brute","武汉工商学院","Wuhan Technology and Business University","湖北省","武汉","郑康","郑康/金紫祥/刘韩猛","杨杰","REVIEWED","2025-08-20T07:34:59Z"
"1958070222739521536","一切都是命运石之门的选择","Everything is the choice of the Door of the Destiny Stone","合肥大学","Hefei University","安徽省","合肥","曾一凡","曾一凡/田润泽/张旭锋","胡春玲","REVIEWED","2025-08-20T07:34:54Z"
"1958070159707521024","好心态确定一生","three good-for-nothing","合肥大学","Hefei University","安徽省","合肥","叶铠睿","叶咨含/叶铠睿/蔡庆喜","胡春玲","REVIEWED","2025-08-20T07:34:39Z"
"1958070056968044544","Amusing Cat","Amusing Cat","合肥大学","Hefei University","安徽省","合肥","杨仕超","吕文杰/杨仕超/许志航","胡春玲","REVIEWED","2025-08-20T07:34:15Z"
"1958068746206101504","SMU2503","SMU2503","西南民族大学","Southwest Minzu University","四川省","成都","詹宁康","詹宁康/张楚豪/苗家纯","周绪川","REVIEWED","2025-08-20T07:29:02Z"
"1958068507181105152","SMU2502","SMU2502","西南民族大学","Southwest Minzu University","四川省","成都","俞欣","韦慧欣/俞欣/俞铭泽","周绪川","REVIEWED","2025-08-20T07:28:05Z"
"1958068213638545408","SMU2501","SMU2501","西南民族大学","Southwest Minzu University","四川省","成都","王海潮","王海潮/张伟模/石珈豪","周绪川","REVIEWED","2025-08-20T07:26:55Z"
"1958067147647795200","中二病也要当A批","Even a Chunibyo Wants to Be an ACMer","莆田学院","Putian University","福建省","莆田","黄佳威","黄佳威/王羿捷/卢竑宇","郑继绍","REVIEWED","2025-08-20T07:22:41Z"
"1958057857323155456","三只蒟蒻","league of newbies","上饶师范学院","Shangrao Normal University","江西省","上饶","谢光辉","谢光辉/朱建豪/黄加乐","贾银锁","REVIEWED","2025-08-20T06:45:46Z"
"1958057770580754432","浩琪冲一发","HQ One Shot","上饶师范学院","Shangrao Normal University","江西省","上饶","王浩","王浩/张琪量/王云冲","贾银锁","REVIEWED","2025-08-20T06:45:26Z"
"1958057638225297408","铁匠队","the smith","上饶师范学院","Shangrao Normal University","江西省","上饶","黄钰珀","黄钰珀/董云帆/陈灏","贾银锁","REVIEWED","2025-08-20T06:44:54Z"
"1958054455897800704","夜西湖","yexihu","山东财经大学","Shandong University of Finance and Economics","山东省","济南","李中楠","李中楠","孟宪静","REVIEWED","2025-08-20T06:32:15Z"
"1958050673721917440","哈门","Disciples of HA","北京信息科技大学","Beijing Information Science and Technology University","北京市","北京","陈沫","陈沫/崔耘硕/孙子鹤","周淑一","REVIEWED","2025-08-20T06:17:14Z"
"1958048654609137664","苯环，我将亲手操办你的退役仪式","BenH's Last Dance","北京信息科技大学","Beijing Information Science and Technology University","北京市","北京","朱默涵","朱默涵/方梓谦/房承烨","周淑一","REVIEWED","2025-08-20T06:09:12Z"
"1958046454717661184","指尖风暴","Fingerstorm","大连工程学院","Dalian University of Engineering","辽宁省","大连","高在毅","高在毅/毕洺瑞/刘骐锋","朱志刚","REVIEWED","2025-08-20T06:00:28Z"
"1958046242997583872","OPPO A5","OPPO A5","大连工程学院","Dalian University of Engineering","辽宁省","大连","王需","王需/王莫涵/郑世凯","朱志刚","REVIEWED","2025-08-20T05:59:37Z"
"1958045818743734272","击碎黑暗","shatter the darkness","大连工程学院","Dalian University of Engineering","辽宁省","大连","闫屹伟","闫屹伟/高小柯/赵艺景","朱志刚","REVIEWED","2025-08-20T05:57:56Z"
"1958018324024004608","HRBUST15","HRBUST15","哈尔滨理工大学","Harbin University of Science and Technology","黑龙江省","哈尔滨","刘友智","刘友智/万星佑/张晋蕾","叶飞","REVIEWED","2025-08-20T04:08:41Z"
"1958008942859128832","想鼠","Dream mouse","北京邮电大学世纪学院","Century College, Beijing University of Posts and Telecommunications","北京市","北京","闫奕龙","闫奕龙/余泽锋/李影","夏素霞","REVIEWED","2025-08-20T03:31:24Z"
"1958005618877403136","HRBUST14","HRBUST14","哈尔滨理工大学","Harbin University of Science and Technology","黑龙江省","哈尔滨","李世海","何添毓/李响/李世海","叶飞","REVIEWED","2025-08-20T03:18:12Z"
"1958005377793003520","HRBUST13","HRBUST13","哈尔滨理工大学","Harbin University of Science and Technology","黑龙江省","哈尔滨","侯建宇","侯建宇/许泽霖/王诗淋","叶飞","REVIEWED","2025-08-20T03:17:14Z"
"1958005135240597504","HRBUST12","HRBUST12","哈尔滨理工大学","Harbin University of Science and Technology","黑龙江省","哈尔滨","梁震宇","赵晨曦/梁震宇/周泊丞","叶飞","REVIEWED","2025-08-20T03:16:16Z"
"1958004853337231360","HRBUST11","HRBUST11","哈尔滨理工大学","Harbin University of Science and Technology","黑龙江省","哈尔滨","闫隽溪","闫隽溪/王炳凯/胡栩鸣","叶飞","REVIEWED","2025-08-20T03:15:09Z"
"1958004662337015808","HRBUST10","HRBUST10","哈尔滨理工大学","Harbin University of Science and Technology","黑龙江省","哈尔滨","林赫洋","李其原/林赫洋/王承勋","叶飞","REVIEWED","2025-08-20T03:14:24Z"
"1958004289396281344","HRBUST9","HRBUST9","哈尔滨理工大学","Harbin University of Science and Technology","黑龙江省","哈尔滨","张昊","周浩宇/王慈恩/张昊","叶飞","REVIEWED","2025-08-20T03:12:55Z"
"1958004041793933312","HRBUST8","HRBUST8","哈尔滨理工大学","Harbin University of Science and Technology","黑龙江省","哈尔滨","冉渝旭","冉渝旭/王春龙/刘名洋","叶飞","REVIEWED","2025-08-20T03:11:56Z"
"1958003786113355776","HRBUST7","HRBUST7","哈尔滨理工大学","Harbin University of Science and Technology","黑龙江省","哈尔滨","杨博翔","纪鸥齐/杨博翔/孙越峤","叶飞","REVIEWED","2025-08-20T03:10:55Z"
"1958003454310354944","HRBUST6","HRBUST6","哈尔滨理工大学","Harbin University of Science and Technology","黑龙江省","哈尔滨","张天时","李乘远/贝明轩/张天时","叶飞","REVIEWED","2025-08-20T03:09:36Z"
"1958003083831676928","HRBUST5","HRBUST5","哈尔滨理工大学","Harbin University of Science and Technology","黑龙江省","哈尔滨","张昊晨","张昊晨/朱泽宇/杜鑫宇","叶飞","REVIEWED","2025-08-20T03:08:07Z"
"1958002823617056768","HRBUST4","HRBUST4","哈尔滨理工大学","Harbin University of Science and Technology","黑龙江省","哈尔滨","谢天城","李黛希/谢天城/王芷安","叶飞","REVIEWED","2025-08-20T03:07:05Z"
"1958002490568347648","HRBUST3","HRBUST3","哈尔滨理工大学","Harbin University of Science and Technology","黑龙江省","哈尔滨","莫文泰","陈鑫/莫文泰/相鸿博","叶飞","REVIEWED","2025-08-20T03:05:46Z"
"1958002291720589312","HRBUST2","HRBUST2","哈尔滨理工大学","Harbin University of Science and Technology","黑龙江省","哈尔滨","雍徽","雍徽/蒋圣国/刘玉博","叶飞","REVIEWED","2025-08-20T03:04:58Z"
"1958001886383050752","HRBUST1","HRBUST1","哈尔滨理工大学","Harbin University of Science and Technology","黑龙江省","哈尔滨","陈子权","王哲学/陈子权/黄策","叶飞","REVIEWED","2025-08-20T03:03:22Z"
"1957991924973965312","广度优先摸鱼","Breadth-first fishing","广东工业大学揭阳校区","Guangdong University of Technology, Jieyang Campus","广东省","揭阳","黄兆康","黄兆康/罗启文/姚博译","李泓澍","REVIEWED","2025-08-20T02:23:47Z"
"1957991757570904064","WA与蒟蒻同在","WAWAWA","广东工业大学揭阳校区","Guangdong University of Technology, Jieyang Campus","广东省","揭阳","石晨阳","石晨阳/谭经纬/龚鼎","李泓澍","REVIEWED","2025-08-20T02:23:07Z"
"1957991622333960192","和队友关闭思维流同步了","ios::sync_with_think(false)","广东工业大学揭阳校区","Guangdong University of Technology, Jieyang Campus","广东省","揭阳","陈智谦","陈锦涛/宋阳/陈智谦","李泓澍","REVIEWED","2025-08-20T02:22:35Z"
"1957991539689394176","横扫一切","AKall","北京市第八十中学","Beijing No.80 High School","北京市","北京","王家寰","王家寰/申屠泰然/贺宜量","贾志勇","REJECTED","2025-08-20T02:22:15Z"
"1957991291747307520","深度优先睡眠","深度优先睡眠","广东工业大学揭阳校区","Guangdong University of Technology, Jieyang Campus","广东省","揭阳","邓乃添","邓乃添/夏子豪","李泓澍","REVIEWED","2025-08-20T02:21:16Z"
"1957990840003989504","三条摸水的鱼","Three fish","南通理工学院","Nantong Institute of Technology","江苏省","南通","陶俊杰","陶俊杰/叶凡/潘俊杰","支影亚","REVIEWED","2025-08-20T02:19:28Z"
"1957983943897124864","深度睡眠","GDUT_DeepSleep","广东工业大学","Guangdong University of Technology","广东省","广州","梁国聚","梁国聚/孔维德/黎甜甜","孙宣东","REVIEWED","2025-08-20T01:52:04Z"
"1957983764255084544","无限随机","GDUT_RandInf","广东工业大学","Guangdong University of Technology","广东省","广州","许圣坤","许圣坤/吴小鹏/何炜华","孙宣东","REVIEWED","2025-08-20T01:51:21Z"
"1957983534713409536","起名最麻烦了","GDUT_Noname","广东工业大学","Guangdong University of Technology","广东省","广州","梁永洪","陈锦清/林梓豪/梁永洪","孙宣东","REVIEWED","2025-08-20T01:50:26Z"
"1957983271076237312","循序渐进","GDUT_BitByBit","广东工业大学","Guangdong University of Technology","广东省","广州","郭敏哲","郭敏哲/邱启涵","孙宣东","REVIEWED","2025-08-20T01:49:24Z"
"1957982421217972224","暗黑寻猎者","GDUT_darkseek","广东工业大学","Guangdong University of Technology","广东省","广州","谭一峰","蔡鋈/赖国华/谭一峰","孙宣东","REVIEWED","2025-08-20T01:46:01Z"
"1957982165172490240","呜哇","GDUT_awa","广东工业大学","Guangdong University of Technology","广东省","广州","陶齐晖","陶齐晖/林鸿永/侯宇鹏","孙宣东","REVIEWED","2025-08-20T01:45:00Z"
"1957981977150230528","打灰猫猫虫","GDUT_The Capoos","广东工业大学","Guangdong University of Technology","广东省","广州","徐非池","徐非池/林琮皓/张炜","孙宣东","REVIEWED","2025-08-20T01:44:15Z"
"1957981786007408640","螺旋上升","GDUT_LuoxuanRUSH","广东工业大学","Guangdong University of Technology","广东省","广州","吴伟涛","陈栖羽/吴伟涛/梁展榕","孙宣东","REVIEWED","2025-08-20T01:43:29Z"
"1957981588153700352","做得都队","GDUT_AC，AC and AC","广东工业大学","Guangdong University of Technology","广东省","广州","彭文昊","彭文昊/石飏/齐思贤","孙宣东","REVIEWED","2025-08-20T01:42:42Z"
"1957981384100810752","静声","GDUT_sound of silencing","广东工业大学","Guangdong University of Technology","广东省","广州","谢嘉骏","许晓喆/谢嘉骏/袁镇清","孙宣东","REVIEWED","2025-08-20T01:41:54Z"
"1957981120593661952","AC发电机","GDUT_AC Generator","广东工业大学","Guangdong University of Technology","广东省","广州","何彦憬","何彦憬/郭靖扬/王耀廷","孙宣东","REVIEWED","2025-08-20T01:40:51Z"
"1957980920982540288","AC手动机","GDUT_AC by hands","广东工业大学","Guangdong University of Technology","广东省","广州","高泽彤","许铭宇/高泽彤/关泽霖","孙宣东","REVIEWED","2025-08-20T01:40:03Z"
"1957980686441254912","qwq","GDUT_qwq","广东工业大学","Guangdong University of Technology","广东省","广州","廖家健","廖家健/欧俊希/冯天翔","孙宣东","REVIEWED","2025-08-20T01:39:07Z"
"1957979924956975104","加睡","GDUT_Add Sleep","广东工业大学","Guangdong University of Technology","广东省","广州","梁若飞","梁若飞/梁伟/倪润东","孙宣东","REVIEWED","2025-08-20T01:36:06Z"
"1957979732404867072","打ACM导致的","GDUT_Caused by ACM","广东工业大学","Guangdong University of Technology","广东省","广州","庞翔","庞翔/林正/杨子弘","孙宣东","REVIEWED","2025-08-20T01:35:20Z"
"1957823220822839296","纯爱战士","Romanticist","江苏科技大学","Jiangsu University of Science and Technology","江苏省","镇江","朱一可","朱一可/王富庆/张明峰","景国良","REVIEWED","2025-08-19T15:13:25Z"
"1957823023061405696","样例能过我就交","（AC OR WA）","江苏科技大学","Jiangsu University of Science and Technology","江苏省","镇江","韩天睿","韩天睿/梅宇杰/朱永康","景国良","REVIEWED","2025-08-19T15:12:37Z"
"1957810398701293568","合工大2队","HFUT002","合肥工业大学","Hefei University of Technology","安徽省","合肥","王熠辉","王熠辉/张麒麟/程云哲","曹力","REVIEWED","2025-08-19T14:22:28Z"
"1957810187660693504","被流放到广州的菜鸟","Noob","贵州工程应用技术学院","Guizhou University of Engineering Science","贵州省","毕节","王乐翔","王乐翔","黄正鹏","REVIEWED","2025-08-19T14:21:37Z"
"1957808451411775488","风际空","ncu3","南昌大学","Nanchang University","江西省","南昌","罗宜睿","罗宜睿/彭博文/韩先磊","汪宇翔","REVIEWED","2025-08-19T14:14:43Z"
"1957808306616012800","雪月花","ncu2","南昌大学","Nanchang University","江西省","南昌","何超","吴帅兵/满曜嘉/何超","汪宇翔","REVIEWED","2025-08-19T14:14:09Z"
"1957808152253042688","不会helloworld","ncu1","南昌大学","Nanchang University","江西省","南昌","唐昊梓","欧阳曦/唐昊梓/曾宇辉","汪宇翔","REVIEWED","2025-08-19T14:13:32Z"
"1957805016612343808","合工大1队","HFUT001","合肥工业大学","Hefei University of Technology","安徽省","合肥","王腾昊","王腾昊/韩昆桦/舒雨飞","曹力","REVIEWED","2025-08-19T14:01:04Z"
"1957800252805746688","数论能不能放过我这一次","Can number theory let me off this time?","武昌首义学院","Wuchang Shouyi University","湖北省","武汉","汤龙飞","汤龙飞/李明辉/褚佳丽","金兰","REVIEWED","2025-08-19T13:42:09Z"
"1957797081832230912","他与银牌皆失","I miss him and the silver medal","山东女子学院","Shandong Women’s University","山东省","济南","颜瑞临","颜瑞临/朱昊城/李骋","杨福强","REVIEWED","2025-08-19T13:29:33Z"
"1957797054162407424","队友起队名突然病倒我发誓一定要写出救赎队友的队名却发现没有起队名的才能崩溃的我被队友丢进鱼缸边哭边喊我讨厌你们的温柔","SwornToSaveMyFallenTeammateYetCrushedByMyLackOfNamingThrownIntoTheFishTankCryingIHateYourGentleKindness","上海工程技术大学","Shanghai University of Engineering Science","上海市","上海","胡耀杰","胡耀杰/甘祺正/赵承麟","潘昊君","REVIEWED","2025-08-19T13:29:26Z"
"1957792351944970240","柚子醋蒸虾头","Yuzu and Shrimp","扬州大学","Yangzhou University","江苏省","扬州","余兴正","余兴正/宋世荣/蒋蠡","徐晓华","REVIEWED","2025-08-19T13:10:45Z"
"1957789218359480320","1341","DSs Alliance","中国人民解放军网络空间部队信息工程大学","Information Engineering University","河南省","郑州","李可心","李可心/况雨含/贺浩原","侯玉亮","REVIEWED","2025-08-19T12:58:18Z"
"1957783730678927360","穿越之我是菜狗","Rebirth as Newbies","四川农业大学","Sichuan Agricultural University","四川省","雅安","陈俊炜","陈俊炜/唐源泉/聂宇豪","危疆树","REVIEWED","2025-08-19T12:36:29Z"
"1957783326268329984","我们有铁牌","we are iron!!","四川农业大学","Sichuan Agricultural University","四川省","雅安","江雅奥","李鑫/江雅奥/刁戈","危疆树","REVIEWED","2025-08-19T12:34:53Z"
"1957777215611998208","您的AC已到账","Hello Accept","广东海洋大学","Guangdong Ocean University","广东省","湛江","张耀天","植秋怡/谢绍煜/张耀天","张莹","REVIEWED","2025-08-19T12:10:36Z"
"1957764284128169984","队名忘起了","404name","常州大学","Changzhou University","江苏省","常州","汪文健","汪文健/夏君哲/韩琪霖","林逸峰","REVIEWED","2025-08-19T11:19:13Z"
"1957763210575089664","叫什么队","WLH","常州大学","Changzhou University","江苏省","常州","侯飞","侯飞/刘泽鸿/吴明轩","林逸峰","REVIEWED","2025-08-19T11:14:57Z"
"1957747051544973312","助力六级听力全队","CET6666","北京林业大学","Beijing Forestry University","北京市","北京","陈昊然","陈昊然/黄泽升/应旭东","徐艳艳","REVIEWED","2025-08-19T10:10:44Z"
"1957746788943794176","小AC找码码","little ACs hunting for codeMa","北京林业大学","Beijing Forestry University","北京市","北京","张秉鸿","张秉鸿/张文乐/聂纪坤","徐艳艳","REVIEWED","2025-08-19T10:09:42Z"
"1957746512711127040","万一给我们创对了呢","what if the test data are poor","北京林业大学","Beijing Forestry University","北京市","北京","杨昊田","杨昊田/张森柏/杨尧天","徐艳艳","REVIEWED","2025-08-19T10:08:36Z"
"1957746012380991488","深度烧烤","DeepBBQ","北京林业大学","Beijing Forestry University","北京市","北京","戴正宇","戴正宇/李振梁/陈嘉轩","徐艳艳","REVIEWED","2025-08-19T10:06:37Z"
"1957745834467004416","创4我算了","acm hit me","北京林业大学","Beijing Forestry University","北京市","北京","付耀刚","付耀刚/张锦秀/周欣潼","徐艳艳","REVIEWED","2025-08-19T10:05:54Z"
"1957743966596632576","喵喵喵","miaomiaomiao","河北工程大学","Hebei University of Engineering","河北省","邯郸","郭圳涛","郭圳涛/王宇乐/牟昱霖","杜瑞庆","REVIEWED","2025-08-19T09:58:29Z"
"1957743767090368512","请允许我再交一发","Send one more","兰州大学","Lanzhou University","甘肃省","兰州","任墨涵","任墨涵/马泽文/王浩翔","马俊","REVIEWED","2025-08-19T09:57:41Z"
"1957743657132494848","菜菜也能AC吗","CanCaiCaiAC","山东大学（威海）","Shandong University , Weihai","山东省","威海","张博渊","张博渊/邱海鹏/张靖敏","孔晓明","REVIEWED","2025-08-19T09:57:15Z"
"1957737186532515840","长夜破晓","Break of Dawn","河南工业大学","Henan University of Technology","河南省","郑州","凡亚豪","凡亚豪/曹子鹏/远明威","李磊","REVIEWED","2025-08-19T09:31:32Z"
"1957736884110614528","球状闪电","ball lightning","四川大学","Sichuan University","四川省","成都","韩子睿","韩子睿/林宸/李祉橙","左劼","REVIEWED","2025-08-19T09:30:20Z"
"1957729671350575104","聚云峰队","Juyunfeng Team","烟台大学","Yantai University","山东省","烟台","察蒙璐","邢玉婷/察蒙璐/马欣欣","卢云宏","REVIEWED","2025-08-19T09:01:41Z"
"1957729025956241408","魔晶","Crystal of Magic and Wisdom","烟台大学","Yantai University","山东省","烟台","王守乐","柴守栋/王守乐","卢云宏","REVIEWED","2025-08-19T08:59:07Z"
"1957724549413330944","空指针指向我的心","&My_Heart = nullptr;","中国民航大学","Civil Aviation University of China","天津市","天津","罗凯","宋禹/汪林辰/罗凯","范龙飞","REVIEWED","2025-08-19T08:41:20Z"
"1957721321959317504","执迷不悟","Time stop","湖州师范大学","Huzhou Normal University","浙江省","湖州","肖伊静","肖伊静/郑佳盈/彭静茹","计培良","REVIEWED","2025-08-19T08:28:30Z"
"1957720789903466496","包包","Bag","湖州师范大学","Huzhou Normal University","浙江省","湖州","胡舒涵","胡舒涵/曾洁仪/徐伊冉","计培良","REVIEWED","2025-08-19T08:26:23Z"
"1957720466287747072","哦！只因多!!!","Oi! chicken much!!!","湖州师范大学","Huzhou Normal University","浙江省","湖州","郑恩祈","郑恩祈/王伟翔/候鹏程","计培良","REVIEWED","2025-08-19T08:25:06Z"
"1957720298704330752","WA乃AC之母","WA is the mother of AC","湖州师范大学","Huzhou Normal University","浙江省","湖州","瞿宁浠","瞿宁浠/彭美青/沈佳欣","计培良","REVIEWED","2025-08-19T08:24:26Z"
"1957719992725659648","像正式演出那样练习，像练习那样正式演出","man! what can ac","湖州师范大学","Huzhou Normal University","浙江省","湖州","孙新皓","孙新皓/欧阳许多/金凯杰","计培良","REVIEWED","2025-08-19T08:23:13Z"
"1957719706325999616","给予智慧","Grant wisdom","湖州师范大学","Huzhou Normal University","浙江省","湖州","叶潇奇","叶潇奇/张嘉昌/胡渊炜","计培良","REVIEWED","2025-08-19T08:22:05Z"
"1957716588817268736","都行","All clear","大连海事大学","Dalian Maritime University","辽宁省","大连","宋昊霖","宋昊霖/刘欣晨/苏启明","曹志英","REVIEWED","2025-08-19T08:09:42Z"
"1957716423087734784","雀魂低手","Mahjong Soul Noob","大连海事大学","Dalian Maritime University","辽宁省","大连","刘震","刘震/任毅/戈晟年","曹志英","REVIEWED","2025-08-19T08:09:02Z"
"1957716293429215232","忘记CF REG","Forget REG!!!","大连海事大学","Dalian Maritime University","辽宁省","大连","王满阳","王满阳/陆遥/蒋宜廷","曹志英","REVIEWED","2025-08-19T08:08:31Z"
"1957716174944321536","debug不如喝奶茶","Debugging: A Terrible Distraction from Bubble Tea","大连海事大学","Dalian Maritime University","辽宁省","大连","李涵杨","李涵杨/陆宸熠/童恒奕","曹志英","REVIEWED","2025-08-19T08:08:03Z"
"1957715999626608640","放不下绩点","Can't let go of the GPA.","大连海事大学","Dalian Maritime University","辽宁省","大连","谢镕腾","谢镕腾/庄思煜/卞一名","曹志英","REVIEWED","2025-08-19T08:07:21Z"
"1957715855304802304","偶然相遇Acceptism","Aleatory Acceptism of Encounter","大连海事大学","Dalian Maritime University","辽宁省","大连","任品豪","任品豪/梅宇涵/石俊锋","曹志英","REVIEWED","2025-08-19T08:06:47Z"
"1957715659837648896","躺平？加盐喵","Lie flat? Add salt meow.","大连海事大学","Dalian Maritime University","辽宁省","大连","王金洋","王金洋/张文豪/何文韬","曹志英","REVIEWED","2025-08-19T08:06:00Z"
"1957698349127098368","编译月华曲","Compile Yuehua Song","鲁东大学","Ludong University","山东省","烟台","高俊腾","高俊腾/靳思同/张连祥","张小峰","REVIEWED","2025-08-19T06:57:13Z"
"1957698230411517952","太阳花","Sun Flower","鲁东大学","Ludong University","山东省","烟台","佘继萱","佘继萱/禹艳芳","张小峰","REVIEWED","2025-08-19T06:56:45Z"
"1957693023027912704","AC不停","Continue  AC","齐齐哈尔大学","Qiqihar University","黑龙江省","齐齐哈尔","郭继远","郭继远/程广宇/马军","金涛","REVIEWED","2025-08-19T06:36:03Z"
"1957683418797367296","让豆包生成一个","let doubao create","南京晓庄学院","NanJing XiaoZhuang University","江苏省","南京","黄齐","黄齐/佘亦纲/王思博","周恺","REVIEWED","2025-08-19T05:57:53Z"
"1957683334173089792","河南队长飞井盖","Captain Henan: Flying Manhole Covers","南京晓庄学院","NanJing XiaoZhuang University","江苏省","南京","彭帅豪","彭帅豪/王嘉蔓/祝佳漪","周恺","REVIEWED","2025-08-19T05:57:33Z"
"1957683156569481216","CET还我钱","CET give me money","南京晓庄学院","NanJing XiaoZhuang University","江苏省","南京","董晨育","董晨育/王妍/叶开","周恺","REVIEWED","2025-08-19T05:56:51Z"
"1957682557744504832","六兆年ap大佬带我飞","Six Trillion Years AP bro carry me fly","南京晓庄学院","NanJing XiaoZhuang University","江苏省","南京","王杰","王杰/陈冠旭/李宗骏","周恺","REVIEWED","2025-08-19T05:54:28Z"
"1957682368623337472","你是什么π","带π吗，老铁","南京晓庄学院","NanJing XiaoZhuang University","江苏省","南京","盖礼杰","盖礼杰/周稳/杜汶诗","周恺","REVIEWED","2025-08-19T05:53:43Z"
"1957682289162248192","青春猪头少年才不会在图书馆遇到xyy学姐","Young Pig Boy Not Meet XYY","南京晓庄学院","NanJing XiaoZhuang University","江苏省","南京","从亚申","从亚申/余学齐/兰坤","周恺","REVIEWED","2025-08-19T05:53:24Z"
"1957679156092657664","透明人","unbelievable","大连东软信息学院","Dalian Neusoft University of Information","辽宁省","大连","潘鸣曦","潘鸣曦/曹润贤/胡春雨","褚娜","REVIEWED","2025-08-19T05:40:57Z"
"1957676363076263936","哇哈哈哈哈哈","whhhhh","广西师范大学","Guangxi Normal University","广西壮族自治区","桂林","周紫阳","陈毅逊/马振涛/周紫阳","王金艳","REVIEWED","2025-08-19T05:29:51Z"
"1957676324429946880","哦吼吼吼吼吼","ohhhhh","广西师范大学","Guangxi Normal University","广西壮族自治区","桂林","王功磊","詹炜翔/王功磊/李娇娇","王金艳","REVIEWED","2025-08-19T05:29:42Z"
"1957667141664038912","机电3队","ZUME Team 3","浙江机电职业技术大学","Zhejiang Polytechnic University of Mechanical and Electrical Engineering","浙江省","杭州","陈宗全","陈宗全/陈贤沪/林宋浬冰","邹会来","REVIEWED","2025-08-19T04:53:12Z"
"1957666880048521216","机电2队","ZUME Team 2","浙江机电职业技术大学","Zhejiang Polytechnic University of Mechanical and Electrical Engineering","浙江省","杭州","田振民","田振民/陈泽澎/沈芸","邹会来","REVIEWED","2025-08-19T04:52:10Z"
"1957666713677258752","机电1队","ZUME Team 1","浙江机电职业技术大学","Zhejiang Polytechnic University of Mechanical and Electrical Engineering","浙江省","杭州","洪志伦","洪志伦/游晨昕/孙宇帆","邹会来","REVIEWED","2025-08-19T04:51:30Z"
"1957640180417880064","RuntimeError","RuntimeError","江西师范大学","Jiangxi Normal University","江西省","南昌","胡天翊","胡天翊/林泉/赖猛忠","李萍","REVIEWED","2025-08-19T03:06:04Z"
"1957639997789495296","梨蛋汤","pear_egg_soup","江西师范大学","Jiangxi Normal University","江西省","南昌","汤海峰","汤海峰/黎朔鸣/何建伟","李萍","REVIEWED","2025-08-19T03:05:21Z"
"1957632071792254976","不要指望我们队2.0","Don't expect our team 2.0","贵州大学","Guizhou University","贵州省","贵阳","宋彩蝶","宋彩蝶/唐思雨/杜博冉","徐晶","REVIEWED","2025-08-19T02:33:51Z"
"1957631889541357568","ITZY","ITZY","贵州大学","Guizhou University","贵州省","贵阳","杨尚卫","杨尚卫/宋超/覃思越","徐晶","REVIEWED","2025-08-19T02:33:08Z"
"1957631731911024640","我要吃纸包鱼","Fish in Paper Bag","贵州大学","Guizhou University","贵州省","贵阳","史昌盛","史昌盛/傅锦灿/黄康","徐晶","REVIEWED","2025-08-19T02:32:30Z"
"1957630279239000064","夜 向日葵","night sunflower","河南工业大学","Henan University of Technology","河南省","郑州","张宏泽","张宏泽/马家硕/马贺","程立","REVIEWED","2025-08-19T02:26:44Z"
"1957618346125352960","Starlight Woven","Starlight Woven","广东工业大学揭阳校区","Guangdong University of Technology, Jieyang Campus","广东省","揭阳","林旭","林旭/黄以齐/贺恩桐","李泓澍","REVIEWED","2025-08-19T01:39:19Z"
"1957589336355954688","最短路原来不是让脑子短路的算法啊","teamNameEn","成都理工大学工程技术学院","The Engineering and Technical College of Chengdu University of Technology","四川省","乐山","孔维杰","孔维杰/税渝恩/王泽君","张玺","REVIEWED","2025-08-18T23:44:02Z"
"1957589226343555072","新建文件","New File","成都理工大学工程技术学院","The Engineering and Technical College of Chengdu University of Technology","四川省","乐山","张恢勇","吴钟业/张恢勇/王淼","张玺","REVIEWED","2025-08-18T23:43:36Z"
"1957588505120399360","海底小纵队","goof off","成都理工大学工程技术学院","The Engineering and Technical College of Chengdu University of Technology","四川省","乐山","刘灏锃","刘灏锃/王平瑞/何书航","张玺","REVIEWED","2025-08-18T23:40:44Z"
"1957499426152308736","奇异递归模板","crtp","南京信息工程大学","Nanjing University of Information Science and Technology","江苏省","南京","龚敏","崔嘉豪/龚敏/刘一鸣","郑关胜","REVIEWED","2025-08-18T17:46:46Z"
"1957474611341221888","我开挂了求针对","Looking my eyes","浙江工业大学之江学院","Zhijiang College, Zhejiang University of Technology","浙江省","绍兴","钱憬琦","钱憬琦/陈宇昊/赵豪磊","戴青锋","REVIEWED","2025-08-18T16:08:10Z"
"1957474382613241856","做博丽灵梦谈古明地恋睡古明地觉","HakureiReimuKomeijiKoishiKomeijiSatori","浙江工业大学之江学院","Zhijiang College, Zhejiang University of Technology","浙江省","绍兴","徐锐","徐锐/钱嘉炜/肖方涛","戴青锋","REVIEWED","2025-08-18T16:07:15Z"
"1957465993942327296","能够做出图论的队伍做什么都能成功的","ciallo","石河子大学","Shihezi University","新疆维吾尔自治区","石河子市","邱宇晨","邱宇晨/周鹏程/张敏讷","王晨旭","REVIEWED","2025-08-18T15:33:55Z"
"1957465524012507136","算法届的泥石流","Debris flow of the algorithm stage","石河子大学","Shihezi University","新疆维吾尔自治区","石河子市","胡锦程","胡锦程/余泓淏/方永康","王晨旭","REVIEWED","2025-08-18T15:32:03Z"
"1957431084175515648","葫芦大金刚","MonkeyKing","浙江科技大学","Zhejiang University of Science & Technology","浙江省","杭州","华浩天","钱炎峰/华浩天/曾梦楠","薛林林","REVIEWED","2025-08-18T13:15:12Z"
"1957430951811670016","逆水行舟","water","浙江科技大学","Zhejiang University of Science & Technology","浙江省","杭州","林天皓","周淇裕/林天皓/王其阳","林焕祥","REVIEWED","2025-08-18T13:14:40Z"
"1957430809205334016","土申王","Kun King","浙江科技大学","Zhejiang University of Science & Technology","浙江省","杭州","金昀","金昀/祝嘉豪/祁佳乐","林志洁","REVIEWED","2025-08-18T13:14:06Z"
"1957430682688348160","看不懂英文","Can not understond English","浙江科技大学","Zhejiang University of Science & Technology","浙江省","杭州","朱睿哲","赵科竣/朱睿哲/杨佳涵","孙奕鸣","REVIEWED","2025-08-18T13:13:36Z"
"1957430364420366336","对对队","double check","浙江科技大学","Zhejiang University of Science & Technology","浙江省","杭州","於泽楷","於泽楷/蔡乐/杨成德","琚洁慧","REVIEWED","2025-08-18T13:12:20Z"
"1957430209579245568","分母","denominator","浙江科技大学","Zhejiang University of Science & Technology","浙江省","杭州","潘至前","逯向前/林好/潘至前","庄儿","REVIEWED","2025-08-18T13:11:43Z"
"1957429949972799488","这个真好吃 nya ٩(๑´∀`๑)۶","Kore wa oishii nya","浙江科技大学","Zhejiang University of Science & Technology","浙江省","杭州","吴家炜","朱哲/吴家炜/陈佳鹏","楼宋江","REVIEWED","2025-08-18T13:10:42Z"
"1957429755650695168","我不会再遇幻想乡","shiori :v","浙江科技大学","Zhejiang University of Science & Technology","浙江省","杭州","周宁辉","周宁辉/汪文玥/杨睿","琚洁慧","REVIEWED","2025-08-18T13:09:55Z"
"1957429587471687680","老人带新人","laorendaixinren","浙江科技大学","Zhejiang University of Science & Technology","浙江省","杭州","范思哲","范思哲/孙以恒/徐林灿","林志洁","REVIEWED","2025-08-18T13:09:15Z"
"1957410127687901184","猫猫大队","Cat Squad","山东管理学院","Shandong Management University","山东省","济南","康嘉浩","康嘉浩/李佳龙/宋俊航","高雷亭","REVIEWED","2025-08-18T11:51:56Z"
"1957409866617643008","暮光闪闪","twilight sparkle","山东管理学院","Shandong Management University","山东省","济南","梁勋浩","梁勋浩/卢明煜/纪佳礼","高雷亭","REVIEWED","2025-08-18T11:50:53Z"
"1957409350932160512","无TL无WA一发过","NO WA","西南科技大学","Southwest University of Science and Technology","四川省","绵阳","颜靖焘","颜靖焘/廖宇飞/彭曜耀","谭顺华","REVIEWED","2025-08-18T11:48:50Z"
"1957408397269065728","还是人类吗","Bot","西南科技大学","Southwest University of Science and Technology","四川省","绵阳","郄启","郄启/武艺嘉/冯鑫","谭顺华","REVIEWED","2025-08-18T11:45:03Z"
"1957407492125679616","植物大战僵尸 杂交版","PVZ Hybrid version","西南科技大学","Southwest University of Science and Technology","四川省","绵阳","钟妍","刘诗璐/柯涵/钟妍","谭顺华","REVIEWED","2025-08-18T11:41:27Z"
"1957406588538380288","你说天堂支点TLE是什么意思","Celestial Pivot: TLE","北京语言大学","Beijing Language and Culture University","北京市","北京","李安然","李安然/陈川/刘馥翊","杨麟儿","REVIEWED","2025-08-18T11:37:52Z"
"1957406341401600000","我有一个小构思","small trick","西南科技大学","Southwest University of Science and Technology","四川省","绵阳","李翔宇","黄洪杰/李翔宇/邓俊熙","谭顺华","REVIEWED","2025-08-18T11:36:53Z"
"1957404925824000000","植物大战僵尸","zombies vs plants","西南科技大学","Southwest University of Science and Technology","四川省","绵阳","石申圆","石申圆/陈阳/杜嘉瑜","谭顺华","REVIEWED","2025-08-18T11:31:15Z"
"1957402362244423680","黑大舞队","Black Dance Team","黑龙江大学","Heilongjiang University","黑龙江省","哈尔滨","李书鑫","李书鑫/钟志烨/刘基淯","徐辉","REVIEWED","2025-08-18T11:21:04Z"
"1957401935947948032","地灵殿刷铁机","sanbai ice cream","黑龙江大学","Heilongjiang University","黑龙江省","哈尔滨","连振翔","杨宇轩/倪子钧/连振翔","徐辉","REVIEWED","2025-08-18T11:19:22Z"
"1957401688215576576","飞屋历险记","flying house","黑龙江大学","Heilongjiang University","黑龙江省","哈尔滨","魏全宏","信自强/魏全宏/肖梦圆","徐辉","REVIEWED","2025-08-18T11:18:23Z"
"1957401513564758016","惊鸿萝莉来","MOON WILL COME","黑龙江大学","Heilongjiang University","黑龙江省","哈尔滨","陈秋雨","陈秋雨/何恩培/张煦","徐辉","REVIEWED","2025-08-18T11:17:42Z"
"1957373185973739520","只会暴力模拟的蒟蒻在ICPC上该如何是好","ICPCTASHI","北京语言大学","Beijing Language and Culture University","北京市","北京","孙浩语","孙浩语/李贵龙/石静迪","杨麟儿","REVIEWED","2025-08-18T09:25:08Z"
"1957370022810017792","Town In Go能不能AC？回答我！","Aggressive Contestants","北京语言大学","Beijing Language and Culture University","北京市","北京","王震逍","王震逍/刘鹏辉/王宇航","杨麟儿","REVIEWED","2025-08-18T09:12:34Z"
"1957369011546546176","三行杀码客","Coder Biubiubiu","北京语言大学","Beijing Language and Culture University","北京市","北京","李萌","李萌/马敬宇/刘桢雅","杨麟儿","REVIEWED","2025-08-18T09:08:33Z"
"1957357976571797504","给我们名额吧，我们真的想旅游","Give us a shot, we really want to travel","浙江广厦建设职业技术大学","Zhejiang Guangsha Vocational and Technical University of Construction","浙江省","东阳","陈硕","陈道磊/陈硕/曹政业","陆东城","REVIEWED","2025-08-18T08:24:42Z"
"1957355312979042304","咕噜咕噜","Grunt","浙江水利水电学院","Zhejiang University of Water Resources and Electric Power","浙江省","杭州","邵宇鹏","李云龙/郑子龙/邵宇鹏","王红霞","REVIEWED","2025-08-18T08:14:07Z"
"1957352359312416768","调参不如摸鱼","Better slacking than tuning","徐州工程学院","Xuzhou University of Technology","江苏省","徐州","高志炜","高志炜/朱宸禹/李子阳","鞠训光","REVIEWED","2025-08-18T08:02:22Z"
"1957352036669775872","变量名随便取","Variable names can be arbitrary","徐州工程学院","Xuzhou University of Technology","江苏省","徐州","段大磊","宋石林/陈一鸣/段大磊","鞠训光","REVIEWED","2025-08-18T08:01:06Z"
"1957351748030357504","O(梦)","O(Dream)","徐州工程学院","Xuzhou University of Technology","江苏省","徐州","赵志程","赵志程/王畅/王子阳","鞠训光","REVIEWED","2025-08-18T07:59:57Z"
"1957351615658123264","以上成绩全部无效","All the above results are invalid","烟台大学","Yantai University","山东省","烟台","邓俊涵","邓俊涵/黄一沣/朱铭","卢云宏","REVIEWED","2025-08-18T07:59:25Z"
"1957351501698883584","我来劈开这座山","Let's split this mountain","徐州工程学院","Xuzhou University of Technology","江苏省","徐州","唐杨","唐杨/陈禹/杜紫萱","鞠训光","REVIEWED","2025-08-18T07:58:58Z"
"1957351093425332224","奶龙宝宝巴士","Baby Bus but nailong","徐州工程学院","Xuzhou University of Technology","江苏省","徐州","陈光雨","陈光雨/尹基胜/顾宇燿","鞠训光","REVIEWED","2025-08-18T07:57:21Z"
"1957322420517068800","一遍过","include_luck","暨南大学","Jinan University","广东省","广州","沈炳利","沈炳利/李梓星","周德华","REVIEWED","2025-08-18T06:03:25Z"
"1957320433037729792","甘文崔","Misfit Minds","烟台大学","Yantai University","山东省","烟台","戚靖博","刘一/戚靖博/吴振","卢云宏","REVIEWED","2025-08-18T05:55:31Z"
"1957320245640421376","评测机的那边是AC","AC call call back","烟台大学","Yantai University","山东省","烟台","张云卓","张云卓/刘奇/杨奇","卢云宏","REVIEWED","2025-08-18T05:54:46Z"
"1957319158011256832","开始做","start to do","北京市第八十中学","Beijing No.80 High School","北京市","北京","宗成鑫","宗成鑫/周杰夫/李良昊","贾志勇","REJECTED","2025-08-18T05:50:27Z"
"1957317575777181696","知行合一","Unity of Knowledge and Action","北京市第八十中学","Beijing No.80 High School","北京市","北京","高胜寒","高胜寒/王博阳/闫荣晟","贾志勇","REJECTED","2025-08-18T05:44:09Z"
"1957316544192307200","Sumimi","Sumimi","广东工业大学揭阳校区","Guangdong University of Technology, Jieyang Campus","广东省","揭阳","刘子恒","刘子恒/林杰钗","李泓澍","REVIEWED","2025-08-18T05:40:03Z"
"1957316431264866304","彼岸之约","彼岸之约","广东工业大学揭阳校区","Guangdong University of Technology, Jieyang Campus","广东省","揭阳","黄浩天","黄浩天/向宇飞/陈煜祺","李泓澍","REVIEWED","2025-08-18T05:39:37Z"
"1957312024578088960","代码小魔仙","byte witch","青岛农业大学","Qingdao Agricultural University","山东省","青岛","付志远","付志远/孟祥迪/张宝文","王静","REVIEWED","2025-08-18T05:22:06Z"
"1957310814219395072","不懂，我推兰音的","Reine，thanks","南京师范大学","Nanjing Normal University","江苏省","南京","张昊宇","张昊宇/朱禹丞/华博文","王琼","REVIEWED","2025-08-18T05:17:17Z"
"1957310548900306944","极光之集","Aurora Assembly","南京师范大学","Nanjing Normal University","江苏省","南京","杨宇晨","杨宇晨/许思伟/师鹏焱","王琼","REVIEWED","2025-08-18T05:16:14Z"
"1957308594677604352","ACMer转生，到了xcpc就拿出0721次罚时","Re:ACMer","中北大学","North University of China","山西省","太原","杨庆伟","杨庆伟/王泽仁/李镇道","潘广贞","REVIEWED","2025-08-18T05:08:28Z"
"1957292776694734848","Icpcwewin","Icpcwewin","信阳师范大学","Xinyang Normal University","河南省","信阳","秦子阳","秦子阳/庞腾飞/刘洪宇","樊建伟","REVIEWED","2025-08-18T04:05:37Z"
"1957283765991759872","三羧酸队","S^3 team","北京市第八十中学","Beijing No.80 High School","北京市","北京","石景然","石景然/孙万家/孙昌灏","贾志勇","REJECTED","2025-08-18T03:29:49Z"
"1957282973889060864","创造奇迹","create miracles","北京市第八十中学","Beijing No.80 High School","北京市","北京","曾明睿","曾明睿/刘益嘉/边嘉晨","贾志勇","REJECTED","2025-08-18T03:26:40Z"
"1957276850784034816","自定义名称4","heatsink","中国石油大学（北京）克拉玛依校区","China University of Petroleum-Beijing at Karamay","新疆维吾尔自治区","克拉玛依","王悦辛","王悦辛/李健豪/李子俊","胡鸿铭","REVIEWED","2025-08-18T03:02:20Z"
"1957275586566283264","燃尽仍未知道那题AC的模样","The Unknown AC","南京工业大学","Nanjing Tech University","江苏省","南京","张华熠","张华熠/刘奕/朱意东","刘斌","REVIEWED","2025-08-18T02:57:18Z"
"1957275424104112128","超时者联盟","TLE Avengers","青岛农业大学","Qingdao Agricultural University","山东省","青岛","巴成航","巴成航/于豪/潘丽冰","王静","REVIEWED","2025-08-18T02:56:40Z"
"1957275316578934784","做AK梦","AK dreams","南京工业大学","Nanjing Tech University","江苏省","南京","刘珂","刘珂/盘英章/宋申辉","刘斌","REVIEWED","2025-08-18T02:56:14Z"
"1957274897635074048","AC一题就算win","Accepted for one equals win","南京工业大学","Nanjing Tech University","江苏省","南京","张伯衡","张伯衡/蔡家豪/胡成超","刘斌","REVIEWED","2025-08-18T02:54:34Z"
"1957274640163528704","小飞机来喽","little flight","南京工业大学","Nanjing Tech University","江苏省","南京","戴钰宸","戴钰宸/王一涵","刘斌","REVIEWED","2025-08-18T02:53:33Z"
"1957274435062063104","我太想进步了","EagerProgress","南京工业大学","Nanjing Tech University","江苏省","南京","叶劭伟","叶劭伟/钱致宁","刘斌","REVIEWED","2025-08-18T02:52:44Z"
"1957270954360168448","无敌暴力战士","violent warror","暨南大学","Jinan University","广东省","广州","彭子超","彭子超/郑力华/李金","周德华","REVIEWED","2025-08-18T02:38:54Z"
"1957246704995786752","熵减新生","Respawn of entropy","山东理工大学","Shandong University of Technology","山东省","淄博","刘超","刘超/袁烨/张俊","王海鹏","REVIEWED","2025-08-18T01:02:33Z"
"1957123925310955520","长夜月","Evernight","南京林业大学","Nanjing Forestry University","江苏省","南京","苏锦翔","唐俊峰/许子由/苏锦翔","刘晓峰","REVIEWED","2025-08-17T16:54:40Z"
"1957091217172062208","不吃奶龙","No eat milk dragon","青岛农业大学","Qingdao Agricultural University","山东省","青岛","徐大好","徐大好/赵鸿宇/马晨阳","王静","REVIEWED","2025-08-17T14:44:41Z"
"1957070309451620352","普通和理所当然是什么","Ordinary.exe","厦门大学嘉庚学院","Xiamen University Tan Kah Kee College","福建省","漳州","孙硕","孙硕/吴宇轩/卓子翔","郭一晶","REVIEWED","2025-08-17T13:21:37Z"
"1957056899842301952","卡常概念神人们","mi_social_club","暨南大学","Jinan University","广东省","广州","陈梓宏","周嘉杰/陈梓宏/王睿鑫","周德华","REVIEWED","2025-08-17T12:28:19Z"
"1957056299511570432","糖的霉变","Tang's Boundless","中国人民解放军网络空间部队信息工程大学","Information Engineering University","河南省","郑州","余朝阳","余朝阳/王彦鑫/杜宇谭","左宗","REVIEWED","2025-08-17T12:25:56Z"
"1957054859481178112","火箭汪汪队","Rocket of Pups Team","大连交通大学","Dalian Jiaotong University","辽宁省","大连","丁留安","丁留安/矫金明/周涛","高放","REVIEWED","2025-08-17T12:20:13Z"
"1957051798574587904","broken23","broken23","宁波大学","Ningbo University","浙江省","宁波","金焕磊","金焕磊/陈昕宇/袁铭都","陈叶芳","REVIEWED","2025-08-17T12:08:03Z"
"1957049631600009216","旧照片","jzp","宁波大学","Ningbo University","浙江省","宁波","蒋正友","蒋正友/郑思远/潘奕喆","陈叶芳","REVIEWED","2025-08-17T11:59:27Z"
"1957049267928686592","帮狗猫","bongocat","宁波大学","Ningbo University","浙江省","宁波","蔡昕洋","蔡昕洋/林泓杰","陈叶芳","REVIEWED","2025-08-17T11:58:00Z"
"1957047727302107136","初音未来-纳西妲-芙宁娜第一可爱喵","Hatsune Miku-Nahida-Furina de Fontaine","宁波大学","Ningbo University","浙江省","宁波","杨晨","杨晨/方梓安/何沐","陈叶芳","REVIEWED","2025-08-17T11:51:53Z"
"1957040983595278336","重蹈覆辙","fail again","南京师范大学","Nanjing Normal University","江苏省","南京","周译顺","周译顺/陆昊宇/徐杰克","王琼","REVIEWED","2025-08-17T11:25:05Z"
"1957039225892495360","编译通过就下班","Compile & Go","西南财经大学","Southwestern University of Finance and Economics","四川省","成都","王心瑶","王心瑶/林乐瑜/李甜甜","陈智","REVIEWED","2025-08-17T11:18:06Z"
"1957034674070216704","手写的从前","tick away","青岛农业大学","Qingdao Agricultural University","山东省","青岛","刘世征","王科锦/张方博/刘世征","王静","REVIEWED","2025-08-17T11:00:00Z"
"1957028487069163520","晋级就行","Just Advance","暨南大学","Jinan University","广东省","广州","黄一帆","郭志翔/陈弈帆/黄一帆","周德华","REVIEWED","2025-08-17T10:35:25Z"
"1957028106851311616","没测样例就交","mei ce yang li jiu jiao","暨南大学","Jinan University","广东省","广州","刘昌源","王宇涛/刘昌源/杨希桐","周德华","REVIEWED","2025-08-17T10:33:55Z"
"1957027628369305600","Byd Fan Club","bYD fAN cLUB","暨南大学","Jinan University","广东省","广州","曹哲睿","曹哲睿/谢正心/潘城樟","周德华","REVIEWED","2025-08-17T10:32:01Z"
"1956979041295917056","红鲤鱼与绿鲤鱼与驴o.〇","AC","四川信息职业技术学院","Sichuan Vocational College of Information Technology","四川省","广元","张天浩","杨夕平/张天浩/王垚","张俊晖","REVIEWED","2025-08-17T07:18:57Z"
"1956969689902211072","AAA在线AK","AK Online","重庆大学","Chongqing University","重庆市","重庆","康懿骢","康懿骢/侯楠/方勇豪","李佳","REVIEWED","2025-08-17T06:41:47Z"
"1956969449644089344","三模哈希米","3 modulus hash me","重庆大学","Chongqing University","重庆市","重庆","胡远卓","胡远卓/杨展途/周骁坤","李佳","REVIEWED","2025-08-17T06:40:50Z"
"1956969232425279488","嘉陵江有色金属货轮","Jialinjiang Non-Fe Metals Cargo Ship","重庆大学","Chongqing University","重庆市","重庆","刘家齐","刘家齐/鲁永卓/李欣悦","李佳","REVIEWED","2025-08-17T06:39:58Z"
"1956969103874056192","周瑜字公瑾","Zhou yu zi Gong jin","重庆大学","Chongqing University","重庆市","重庆","张盛阳","张盛阳/贺绍凯/徐养默","李佳","REVIEWED","2025-08-17T06:39:27Z"
"1956968943156715520","小青草","little grass","重庆大学","Chongqing University","重庆市","重庆","林继清","林继清/曹泽阳/彭小轩","李佳","REVIEWED","2025-08-17T06:38:49Z"
"1956968780413526016","小AC找妈妈","WA Babies","重庆大学","Chongqing University","重庆市","重庆","刘佳庆","刘佳庆/焦耀天/沈祺昊","李佳","REVIEWED","2025-08-17T06:38:10Z"
"1956968577761533952","emmm","emmm","重庆大学","Chongqing University","重庆市","重庆","王培霖","王培霖/李子恒/赵叶涵","李佳","REVIEWED","2025-08-17T06:37:22Z"
"1956968401709817856","代码奇点","Code Singularity","重庆大学","Chongqing University","重庆市","重庆","魏宏伟","魏宏伟/吴毓宗","李佳","REVIEWED","2025-08-17T06:36:40Z"
"1956968202023198720","次元沸腾","dimension boiling","重庆大学","Chongqing University","重庆市","重庆","陈孙一硕","陈孙一硕/包函睿/韩金东","李佳","REVIEWED","2025-08-17T06:35:52Z"
"1956958935471874048","gogogo粗发咯","Gooogogo","南京师范大学","Nanjing Normal University","江苏省","南京","陈竹阳","陈竹阳/许添/胡立","王琼","REVIEWED","2025-08-17T05:59:03Z"
"1956948079396773888","三思后行","think twice code once","北京市第八十中学","Beijing No.80 High School","北京市","北京","郑子健","郑子健/李馨雨/陈彦旭","贾志勇","REJECTED","2025-08-17T05:15:55Z"
"1956947547085070336","飞跃巅峰","over the top","北京市第八十中学","Beijing No.80 High School","北京市","北京","杨瑾华","杨瑾华/武祺峰/何修齐","贾志勇","REJECTED","2025-08-17T05:13:48Z"
"1956926172060442624","负重越野","Loaded cross-country march","齐鲁工业大学（山东省科学院）","Qilu University of Technology","山东省","济南","吴斌","吴斌/魏文泽/廉昌业","鹿文鹏","REVIEWED","2025-08-17T03:48:52Z"
"1956732122606854144","UESTC_十斤鸭梨","UESTC_DECAYALI","电子科技大学","University of Electronic Science and Technology of China","四川省","成都","黄霖","祁泓金/黄霖/徐辰烨","杨鹏","REVIEWED","2025-08-16T14:57:47Z"
"1956731999910879232","UESTC_desuwa","UESTC_desuwa","电子科技大学","University of Electronic Science and Technology of China","四川省","成都","包航","包航/雷霖/覃子睿","杨鹏","REVIEWED","2025-08-16T14:57:17Z"
"1956731574700728320","UESTC_在理工学校想邂逅艺术学妹搞错了什么","UESTC_want_art_sisters","电子科技大学","University of Electronic Science and Technology of China","四川省","成都","王振波","冉泽宇/许庆山/王振波","杨鹏","REVIEWED","2025-08-16T14:55:36Z"
"1956731348728406016","UESTC_DebugSimulator","UESTC_DebugSimulator","电子科技大学","University of Electronic Science and Technology of China","四川省","成都","徐立","褚睿极/李文硕/徐立","杨鹏","REVIEWED","2025-08-16T14:54:42Z"
"1956731237147336704","UESTC_等下掉线一会","UESTC_AFK","电子科技大学","University of Electronic Science and Technology of China","四川省","成都","赵锐枫","赵锐枫/蔡锦哲/王东威","杨鹏","REVIEWED","2025-08-16T14:54:15Z"
"1956731081639321600","UESTC_______","UESTC_______","电子科技大学","University of Electronic Science and Technology of China","四川省","成都","吕东阳","林子豪/吕东阳/赵聪","杨鹏","REVIEWED","2025-08-16T14:53:38Z"
"1956730809294774272","UESTC_undefined_WiFi","UESTC_undefined_WiFi","电子科技大学","University of Electronic Science and Technology of China","四川省","成都","梁育诚","梁育诚/陈奕可/汪澄","杨鹏","REVIEWED","2025-08-16T14:52:33Z"
"1956730203616305152","UESTC_雪色光晕","UESTC_Snow_Halation","电子科技大学","University of Electronic Science and Technology of China","四川省","成都","吕书武","吕书武/陈治臻/李毅远","杨鹏","REVIEWED","2025-08-16T14:50:09Z"
"1956729990583410688","UESTC_EndlessEmbrace","UESTC_EndlessEmbrace","电子科技大学","University of Electronic Science and Technology of China","四川省","成都","余天羽","王彬丞/王鹏/余天羽","杨鹏","REVIEWED","2025-08-16T14:49:18Z"
"1956729661590593536","UESTC_3fairies","UESTC_3fairies","电子科技大学","University of Electronic Science and Technology of China","四川省","成都","徐俊杰","潘君/张鑫/徐俊杰","杨鹏","REVIEWED","2025-08-16T14:48:00Z"
"1956729430497026048","UESTC_封榜后北伐","UESTC_FFT","电子科技大学","University of Electronic Science and Technology of China","四川省","成都","黄雪锋","丁柏宇/晋睿博/黄雪锋","杨鹏","REVIEWED","2025-08-16T14:47:05Z"
"1956729127332732928","UESTC_MyCode!!!","UESTC_MyCode!!!","电子科技大学","University of Electronic Science and Technology of China","四川省","成都","杨云皓","余鑫杰/刘子豪/杨云皓","杨鹏","REVIEWED","2025-08-16T14:45:52Z"
"1956728919488192512","UESTC_Null_Pointer_Titans","UESTC_Null_Pointer_Titans","电子科技大学","University of Electronic Science and Technology of China","四川省","成都","胡新奇","蒋帅泉/胡新奇/李书奇","杨鹏","REVIEWED","2025-08-16T14:45:03Z"
"1956728595700506624","UESTC_lyc_fan_club","UESTC_lyc_fan_club","电子科技大学","University of Electronic Science and Technology of China","四川省","成都","周蛰粼","徐明君/赵城尧/周蛰粼","杨鹏","REVIEWED","2025-08-16T14:43:46Z"
"1956728283916918784","UESTC_BYR","UESTC_BYR","电子科技大学","University of Electronic Science and Technology of China","四川省","成都","张诗杨","张诗杨/幸子豪/郑祯宇","杨鹏","REVIEWED","2025-08-16T14:42:31Z"
"1956727903401271296","UESTC_MatchaParfait","UESTC_MatchaParfait","电子科技大学","University of Electronic Science and Technology of China","四川省","成都","孙博林","李鸣宇/孙博林/滕鎧泽","杨鹏","REVIEWED","2025-08-16T14:41:01Z"
"1956697529996533760","好家伙","good boy","四川师范大学","Sichuan Normal University","四川省","成都","侯欢","侯欢/季明轩/黄扬","徐勇","REVIEWED","2025-08-16T12:40:19Z"
"1956697010783641600","算法小白凑数队","Algorithm","四川师范大学","Sichuan Normal University","四川省","成都","林桐","林桐/潘语涵/钟召意","徐勇","REVIEWED","2025-08-16T12:38:15Z"
"1956696617156599808","304不相信眼泪","Boys don't cry","四川师范大学","Sichuan Normal University","四川省","成都","魏健","魏健/谢廷串/谢林","徐勇","REVIEWED","2025-08-16T12:36:41Z"
"1956696193095688192","吃个冻梨不嘻嘻","chigedonglibuxixi","东华理工大学","East China University of Technology","江西省","南昌","邹涛","邹涛/黄瑞扬/郑超","余小军","REVIEWED","2025-08-16T12:35:00Z"
"1956696191355052032","写都写了，交一发吧","Give it a try","四川师范大学","Sichuan Normal University","四川省","成都","唐宇","唐宇/武恒/李嘉乐","徐勇","REVIEWED","2025-08-16T12:35:00Z"
"1956695087611371520","不想打铁","Fight for medal","深圳职业技术大学","Shenzhen Polytechnic University","广东省","深圳","林浩然","林浩然/侯增豪/周楠","杨玮民","REVIEWED","2025-08-16T12:30:37Z"
"1956694867238445056","逐光掠影","Flit shadow overtook light","深圳职业技术大学","Shenzhen Polytechnic University","广东省","深圳","胡峰贤","胡峰贤/陈泽锦/黄勇文","李粤平","REVIEWED","2025-08-16T12:29:44Z"
"1956688365287104512","希望别爆零","Trying","兰州大学","Lanzhou University","甘肃省","兰州","谷承霄","谷承霄/毛耀庆/王璐","马俊","REVIEWED","2025-08-16T12:03:54Z"
"1956687545577496576","今晚来我床上打三国杀","Battle in Bed","兰州大学","Lanzhou University","甘肃省","兰州","曹家硕","曹家硕/沈天辰/张照博","马俊","REVIEWED","2025-08-16T12:00:39Z"
"1956682278223732736","福商一队","FJBU-A","福建商学院","Fujian Business University","福建省","福州","朱耀邦","朱耀邦/黄舒芃/黄煌荣","黄梅红","REVIEWED","2025-08-16T11:39:43Z"
"1956676165327642624","TJUT_抹茶喵芽","Matcha Meow Sprout","天津理工大学","Tianjin University of Technology","天津市","天津","李衍硕","李衍硕/成冰阳/陆思成","石凯","REVIEWED","2025-08-16T11:15:25Z"
"1956637779661414400","莲子粥","Lianzi Zhou","兰州大学","Lanzhou University","甘肃省","兰州","朱靖祥","朱靖祥/李秋颖/张鑫晖","马俊","REVIEWED","2025-08-16T08:42:53Z"
"1956637482679525376","纽币","Newbies","兰州大学","Lanzhou University","甘肃省","兰州","刘亦霄","刘亦霄/张展博/李腾昌","马俊","REVIEWED","2025-08-16T08:41:43Z"
"1956635179763359744","月影宵行","Moonlit Firefly","辽宁大学","Liaoning University","辽宁省","沈阳","高斐鸿","高斐鸿/庞宇呈/夏宇杰","曲大鹏","REVIEWED","2025-08-16T08:32:34Z"
"1956621421141811200","夜航星","The star of night voyage","山东理工大学","Shandong University of Technology","山东省","淄博","汤星宇","汤星宇/吕宏业/吴文斌","张艳华","REVIEWED","2025-08-16T07:37:53Z"
"1956621110704594944","不要再打铁啦","O1dreamers","山东理工大学","Shandong University of Technology","山东省","淄博","孙文桓","孙文桓/何洪哲/王一博","张先伟","REVIEWED","2025-08-16T07:36:39Z"
"1956620818428715008","arknights重度依赖吗？","HappyTriangle","山东理工大学","Shandong University of Technology","山东省","淄博","岳墨涵","岳墨涵/柳爱于/王玉彤","张艳华","REVIEWED","2025-08-16T07:35:30Z"
"1956620541533347840","我是天选，也是唯一","I am the one,I am the only one","山东理工大学","Shandong University of Technology","山东省","淄博","梁嘉坤","梁嘉坤/张龙庆/王一铭","曲志坚","REVIEWED","2025-08-16T07:34:24Z"
"1956620209847787520","唐龙历险记","The Adventures of Tang Loong","山东理工大学","Shandong University of Technology","山东省","淄博","安鹏飞","安鹏飞/徐煜峰/吴宇威","曲志坚","REVIEWED","2025-08-16T07:33:04Z"
"1956619815339941888","果宝特攻","IDolYuuukinOwO","山东理工大学","Shandong University of Technology","山东省","淄博","李彦硕","李彦硕/马新皓/姚翰洋","王海鹏","REVIEWED","2025-08-16T07:31:30Z"
"1956619437290545152","我每天打ACM也没上瘾啊","EXcalibur!","山东理工大学","Shandong University of Technology","山东省","淄博","杨庭硕","杨庭硕/崔立栋/王佳丽","张先伟","REVIEWED","2025-08-16T07:30:00Z"
"1956616026386063360","浙大宁理9队","NBT-9","浙大宁波理工学院","NingboTech University","浙江省","宁波","涂荣基","吴泽坤/涂荣基/吴东","郭新友","REVIEWED","2025-08-16T07:16:27Z"
"1956615941027782656","浙大宁理8队","NBT-8","浙大宁波理工学院","NingboTech University","浙江省","宁波","陈泽楷","周艺杰/余健林/陈泽楷","郭新友","REVIEWED","2025-08-16T07:16:07Z"
"1956615846874046464","浙大宁理7队","NBT-7","浙大宁波理工学院","NingboTech University","浙江省","宁波","方泓堃","方泓堃/谢佳灏/李洋","郭新友","REVIEWED","2025-08-16T07:15:44Z"
"1956615750535077888","浙大宁理6队","NBT-6","浙大宁波理工学院","NingboTech University","浙江省","宁波","蒋宝源","蒋宝源/黄鑫宇/罗子琛","郭新友","REVIEWED","2025-08-16T07:15:21Z"
"1956615661137682432","浙大宁理5队","NBT-5","浙大宁波理工学院","NingboTech University","浙江省","宁波","樊鹏程","樊鹏程/卢乙迅/郑城坤","郭新友","REVIEWED","2025-08-16T07:15:00Z"
"1956615497870204928","浙大宁理4队","NBT-4","浙大宁波理工学院","NingboTech University","浙江省","宁波","何家俊","周宇/何家俊/张欧尚","郭新友","REVIEWED","2025-08-16T07:14:21Z"
"1956615392010166272","浙大宁理3队","NBT-3","浙大宁波理工学院","NingboTech University","浙江省","宁波","宋欣远","虞琦/宋欣远","郭新友","REVIEWED","2025-08-16T07:13:56Z"
"1956615308900032512","浙大宁理2队","NBT-2","浙大宁波理工学院","NingboTech University","浙江省","宁波","陈洪逸","陈洪逸/钱晨/张奔晟","郭新友","REVIEWED","2025-08-16T07:13:36Z"
"1956614625832460288","浙大宁理1队","NBT-1","浙大宁波理工学院","NingboTech University","浙江省","宁波","丁智宇","叶仲豪/刘佳乐/丁智宇","郭新友","REVIEWED","2025-08-16T07:10:53Z"
"1956590348764700672","仨人机","threeseater","保定学院","Baoding University","河北省","保定","侯宇轩","侯宇轩/李志勃/马朝阳","李爱华","REVIEWED","2025-08-16T05:34:25Z"
"1956575658542096384","嘻嘻，我要赢口牙","can't win at all","江西师范大学","Jiangxi Normal University","江西省","南昌","张志伟","张志伟/徐磊/冯尉旺","曾雪强","REVIEWED","2025-08-16T04:36:03Z"
"1956416814998347776","罚坐艺术家","Genshin Impact start","江西师范大学","Jiangxi Normal University","江西省","南昌","刘家福","刘家福/罗一鸣/龚向阳","曾雪强","REVIEWED","2025-08-15T18:04:51Z"
"1956416660312416256","Wrong_answer_on_test_1","Wrong_answer_on_test_1","江西师范大学","Jiangxi Normal University","江西省","南昌","杨扬骁","杨扬骁/刘俊豪/叶潮辉","曾雪强","REVIEWED","2025-08-15T18:04:14Z"
"1956362436534853632","牢铁传说之陨落的天才","Silver please","上海海洋大学","Shanghai Ocean University","上海市","上海","张华文","张华文/庄勇腾/杨镇宇","于庆梅","REVIEWED","2025-08-15T14:28:46Z"
"1956361864721195008","胡萝卜(^u^)","Carrot","上海海洋大学","Shanghai Ocean University","上海市","上海","周子恒","周子恒/周郁涵/吕天佑","于庆梅","REVIEWED","2025-08-15T14:26:30Z"
"1956360994562498560","Beyond the Sky","Beyond the Sky","上海海洋大学","Shanghai Ocean University","上海市","上海","芦思聪","芦思聪/刘道鸿/谢天久","于庆梅","REVIEWED","2025-08-15T14:23:03Z"
"1956347552808034304","跨越斑驳之紫","Through Patches of Violent","宁波大学","Ningbo University","浙江省","宁波","张增城","张增城/郭轩阳/杨耀康","陈叶芳","REVIEWED","2025-08-15T13:29:38Z"
"1956335476358242304","去玛尼那买只小鸡取名叫AC","Go to Mani and buy chicken named Accept","杭州师范大学","Hangzhou Normal University","浙江省","杭州","黄焰","吴睿萱/黄焰/王昊琛","单振宇","REVIEWED","2025-08-15T12:41:39Z"
"1956335276885532672","哈哈请冷静","haha","杭州师范大学","Hangzhou Normal University","浙江省","杭州","冷题名","冷题名/黄祺恺/乔迪","单振宇","REVIEWED","2025-08-15T12:40:51Z"
"1956331425377804288","反抗勾勾联盟","fight against dog","南京师范大学","Nanjing Normal University","江苏省","南京","马澎飞","马澎飞/宋智增/王子晨","王琼","REVIEWED","2025-08-15T12:25:33Z"
"1956331089187561472","哈基米","Hakimi","南京师范大学","Nanjing Normal University","江苏省","南京","沈国丰","沈国丰/李优昊/梁臣","王琼","REVIEWED","2025-08-15T12:24:13Z"
"1956288841297158144","贪生pass","Greedy make pass","鲁东大学","Ludong University","山东省","烟台","李福超","李福超/王凌志/李鹏辉","张小峰","REVIEWED","2025-08-15T09:36:20Z"
"1956288722116009984","卤蛋栋梁","LDU Backbone","鲁东大学","Ludong University","山东省","烟台","朱乐民","朱乐民/陈真棒/王义超","张小峰","REVIEWED","2025-08-15T09:35:52Z"
"1956287707463540736","哈基米南北绿豆","Hakimi North and South Green Beans","东华理工大学","East China University of Technology","江西省","南昌","尚志超","尚志超/欧阳嘉隆/薛笑运","余小军","REVIEWED","2025-08-15T09:31:50Z"
"1956278681103228928","中石大克","CUPK","中国石油大学（北京）克拉玛依校区","China University of Petroleum-Beijing at Karamay","新疆维吾尔自治区","克拉玛依","董玉贤","董玉贤/梁博雅/刘东升","胡鸿铭","REVIEWED","2025-08-15T08:55:58Z"
"1956278507387740160","三个绿名","Pupils","中国石油大学（北京）克拉玛依校区","China University of Petroleum-Beijing at Karamay","新疆维吾尔自治区","克拉玛依","蔡昊烨","邬圣锋/蔡昊烨/刘佳一","胡鸿铭","REVIEWED","2025-08-15T08:55:16Z"
"1956277116434898944","狂炫麦当劳","Crazy Thursday","上海海事大学","Shanghai Maritime University","上海市","上海","彭思航","彭思航/唐逸凡/汪文博","周卫祥","REVIEWED","2025-08-15T08:49:45Z"
"1956275504228327424","新建文件夹","Creat a new folder","上海杉达学院","Shanghai Sanda University","上海市","上海","龚瀚霖","龚瀚霖/顾逸凡/薛弈傲","阙程晟","REVIEWED","2025-08-15T08:43:20Z"
"1956271248247087104","熵减引擎","Entropy Reduction Engine","上海海事大学","Shanghai Maritime University","上海市","上海","王梓凡","徐臻/王锦程/王梓凡","周卫祥","REVIEWED","2025-08-15T08:26:26Z"
"1956214320653393920","时间紧任务重","No More Time Machine","宁波大学","Ningbo University","浙江省","宁波","赵翰韬","赵翰韬/黄博翼/汪博","陈叶芳","REVIEWED","2025-08-15T04:40:13Z"
"1956213969695006720","骨钉斩奎隆","Nail Strike Quilon","宁波大学","Ningbo University","浙江省","宁波","金施成","金施成/赵晨翔/刘洁","陈叶芳","REVIEWED","2025-08-15T04:38:49Z"
"1956213704279449600","蜜雪三分糖加AC","25% sugar, with AC","宁波大学","Ningbo University","浙江省","宁波","王泽豪","郑依林/王泽豪/虞卓军","陈叶芳","REVIEWED","2025-08-15T04:37:46Z"
"1956213180763201536","求求你们慢一点","PrayerX","宁波大学","Ningbo University","浙江省","宁波","黄纤雨","赖诗亮/陈嘉晟/黄纤雨","陈叶芳","REVIEWED","2025-08-15T04:35:41Z"
"1956212857642409984","泥巴动物园","NBUZOO","宁波大学","Ningbo University","浙江省","宁波","吴镇桥","吴镇桥/沈天佑/胡健山","陈叶芳","REVIEWED","2025-08-15T04:34:24Z"
"1956184861296549888","融化的梦","melted dream","西南财经大学","Southwestern University of Finance and Economics","四川省","成都","刘俊宏","刘勇杰/刘俊宏/谢天翊","陈智","REVIEWED","2025-08-15T02:43:09Z"
"1956182863553748992","春天的草莓和夏天的啤酒花","Strawberries in spring and lupulus in summer","杭州师范大学","Hangzhou Normal University","浙江省","杭州","林丰","林丰/邵茹怡/尤馨然","单振宇","REVIEWED","2025-08-15T02:35:13Z"
"1956182792015699968","星弈","the Quantum leap","杭州师范大学","Hangzhou Normal University","浙江省","杭州","徐鑫懿","徐鑫懿/王科然/葛先步","单振宇","REVIEWED","2025-08-15T02:34:56Z"
"1956182621068451840","楚庾风月","QF","杭州师范大学","Hangzhou Normal University","浙江省","杭州","徐浩哲","张俊涛/徐浩哲/戴子晟","单振宇","REVIEWED","2025-08-15T02:34:15Z"
"1956182411843985408","我要对你实行我的AC专属权","ACACACACACACAC","杭州师范大学","Hangzhou Normal University","浙江省","杭州","葛宇逍","陈宇雯/陈玥汕/葛宇逍","单振宇","REVIEWED","2025-08-15T02:33:25Z"
"1956182246550659072","时代马戏团","joker","杭州师范大学","Hangzhou Normal University","浙江省","杭州","唐嘉奇","吴佳鹏/杨兰欣/唐嘉奇","单振宇","REVIEWED","2025-08-15T02:32:46Z"
"1956181966824136704","尽欣杰力还是做不到吗","Fruity Robo","杭州师范大学","Hangzhou Normal University","浙江省","杭州","黄子力","黄子力/龚俊杰/黄欣怡","单振宇","REVIEWED","2025-08-15T02:31:39Z"
"1956181821067878400","long long","long long","杭州师范大学","Hangzhou Normal University","浙江省","杭州","贾宜儒","贾宜儒/刘彦冰/穆浩元","单振宇","REVIEWED","2025-08-15T02:31:04Z"
"1956181599877062656","猫猫虫大战acm","accept","杭州师范大学","Hangzhou Normal University","浙江省","杭州","胡文涵","王振晓/李书暄/胡文涵","单振宇","REVIEWED","2025-08-15T02:30:12Z"
"1956181249426186240","刷子得了MVP","brush got MVP","杭州师范大学","Hangzhou Normal University","浙江省","杭州","应亦君","胡嘉皓/应亦君/余司成","单振宇","REVIEWED","2025-08-15T02:28:48Z"
"1956181053577355264","散落飘零","Scattered and drifting","杭州师范大学","Hangzhou Normal University","浙江省","杭州","潘铖棋","潘铖棋/詹伟/邓量","单振宇","REVIEWED","2025-08-15T02:28:01Z"
"1956180989089931264","知识学爆","knowledge_explosion","杭州师范大学","Hangzhou Normal University","浙江省","杭州","叶志汉","叶志汉/金岸/王熠楠","单振宇","REVIEWED","2025-08-15T02:27:46Z"
"1956180795778654208","柳浪湾流浪汉","The homeless","西南财经大学","Southwestern University of Finance and Economics","四川省","成都","董翼恺","董翼恺/雷雨豪/黄俊尧","陈智","REVIEWED","2025-08-15T02:27:00Z"
"1956180214745915392","调和线束","Harmonic Lines","杭州师范大学","Hangzhou Normal University","浙江省","杭州","温从锭","张卓/温从锭/何敏璐","单振宇","REVIEWED","2025-08-15T02:24:41Z"
"1956161550072143872","北岭观雨","ZQU_McLaren","肇庆学院","Zhaoqing University","广东省","肇庆","朱金禹","朱金禹/李伟俊","钟鏸","REVIEWED","2025-08-15T01:10:31Z"
"1956147984862535680","时间复杂度","Time Complexity","厦门大学马来西亚分校","Xiamen University Malaysia","","","高佳越","崔泽禹/高佳越/刘臻","余铭泉","REJECTED","2025-08-15T00:16:37Z"
"1955989485633396736","南苑四队","Nanyuan Team 4","河南工程学院","Henan University of Engineering","河南省","郑州","李涵","李涵/陈瑾/王星画","张天伍","REVIEWED","2025-08-14T13:46:48Z"
"1955989156699299840","南苑三队","Nanyuan Team 3","河南工程学院","Henan University of Engineering","河南省","郑州","贾坤","贾坤/周子航/王大鹏","张天伍","REVIEWED","2025-08-14T13:45:30Z"
"1955988839467311104","南苑二队","Nanyuan Team 2","河南工程学院","Henan University of Engineering","河南省","郑州","李卫","李卫/崔润霖/秦子明","张天伍","REVIEWED","2025-08-14T13:44:14Z"
"1955988541579452416","南苑一队","Nanyuan Team 1","河南工程学院","Henan University of Engineering","河南省","郑州","胡亚灿","胡亚灿/刘朝阳/毛成琦","张天伍","REVIEWED","2025-08-14T13:43:03Z"
"1955986769389543424","试试又如何","Why not try","河北工程大学","Hebei University of Engineering","河北省","邯郸","高语艳","郭晨冉/高语艳","杜瑞庆","REVIEWED","2025-08-14T13:36:00Z"
"1955983112384274432","三大2队","ctgu2","三峡大学","China Three Gorges University","湖北省","宜昌","宋兴宜","宋兴宜/李文娟/隗嘉乐","徐义春","REVIEWED","2025-08-14T13:21:29Z"
"1955980778543505408","三大1队","ctgu1","三峡大学","China Three Gorges University","湖北省","宜昌","吴世恺","冯成宽/吴潇/吴世恺","徐义春","REVIEWED","2025-08-14T13:12:12Z"
"1955965282456690688","猫，架子与水杯","the round-head older","浙大城市学院","Hangzhou City University","浙江省","杭州","陈至之","郭申申/鲁俊杰/陈至之","柯海丰","REVIEWED","2025-08-14T12:10:38Z"
"1955965151971893248","云水璃灯外","Lanterns in the mist","浙大城市学院","Hangzhou City University","浙江省","杭州","林嘉亮","林景阳/张洋鸣/林嘉亮","柯海丰","REVIEWED","2025-08-14T12:10:06Z"
"1955965033990316032","从容应队","Serendipity","浙大城市学院","Hangzhou City University","浙江省","杭州","张敬晨","潘岩/王怡然/张敬晨","柯海丰","REVIEWED","2025-08-14T12:09:38Z"
"1955964929287905280","未命名1","untiled1","浙大城市学院","Hangzhou City University","浙江省","杭州","章敏涛","方文锦/章敏涛/张永乐","柯海丰","REVIEWED","2025-08-14T12:09:13Z"
"1955964804880654336","熔岩烤鸡","Lava Chicken","浙大城市学院","Hangzhou City University","浙江省","杭州","俞轩昂","胡译涵/何鑫星/俞轩昂","柯海丰","REVIEWED","2025-08-14T12:08:44Z"
"1955964693739986944","不如睡大觉","DeepSleep","浙大城市学院","Hangzhou City University","浙江省","杭州","张雪松","谢尚哲/张雪松/颜硕建","柯海丰","REVIEWED","2025-08-14T12:08:17Z"
"1955964574500118528","AC控","Ctrl+AC","浙大城市学院","Hangzhou City University","浙江省","杭州","虞子琰","吴锦豪/易仁喜/虞子琰","柯海丰","REVIEWED","2025-08-14T12:07:49Z"
"1955964443319066624","二三四","twothreefour","浙大城市学院","Hangzhou City University","浙江省","杭州","许航杰","许航杰/林盛/宋珂鑫","柯海丰","REVIEWED","2025-08-14T12:07:18Z"
"1955964300825976832","别碰我键盘","keyboard forbidden","浙大城市学院","Hangzhou City University","浙江省","杭州","项天聪","张宸赫/杨烨锋/项天聪","柯海丰","REVIEWED","2025-08-14T12:06:44Z"
"1955934102982221824","不会起名","grass fly","无锡学院","Wuxi University","江苏省","无锡","李志豪","李志豪/张万里/吴梓平","刘伟","REVIEWED","2025-08-14T10:06:44Z"
"1955928241987641344","哩哩啦哩啦","lililalila","信阳师范大学","Xinyang Normal University","河南省","信阳","宋之涵","宋之涵/付航旗/郭鑫明","樊建伟","REVIEWED","2025-08-14T09:43:26Z"
"1955926264180367360","关注红烧猪猪头喵","we love sls","江西财经大学","Jiangxi University of Finance and Economics","江西省","南昌","李鑫","肖俊杰/李鑫/彭俊杰","焦贤沛","REVIEWED","2025-08-14T09:35:35Z"
"1955922178945048576","我需要题目意思","I need problem's meaning","长沙学院","Changsha University","湖南省","长沙","曾俊","曾俊/杨李兵/张方林","黄娟","REVIEWED","2025-08-14T09:19:21Z"
"1955920775375740928","重在参与队","Just Ac One","四川师范大学","Sichuan Normal University","四川省","成都","罗家乐","罗家乐/应永秋/杨航","徐勇","REVIEWED","2025-08-14T09:13:46Z"
"1955917840591872000","管她对不队","Team or not","浙江万里学院","Zhejiang Wanli University","浙江省","宁波","任函语","任函语/杜彦冰/林奕彤","柴本成","REVIEWED","2025-08-14T09:02:07Z"
"1955916129806573568","缝纫机糕手","Stitching Sufferers","东华大学","Donghua University","上海市","上海","徐张琪","徐张琪/申森/苏王宸","黄永锋","REVIEWED","2025-08-14T08:55:19Z"
"1955916059648450560","远航者的幻想乡","Harukanaru Gensokyo","广西大学","Guangxi University","广西壮族自治区","南宁","张健明","张健明/陶康/孙怿翔","詹锋","REVIEWED","2025-08-14T08:55:02Z"
"1955883542597853184","驾着马车的OIer","OIers from the Netherlands","兰州大学","Lanzhou University","甘肃省","兰州","马良","马良/万全/张皓然","马俊","REVIEWED","2025-08-14T06:45:49Z"
"1955855846455107584","AC不了一点","AC? Never Heard","辽宁师范大学","Liaoning Normal University","辽宁省","大连","廖晓亮","廖晓亮/李会意/吴宇璠","崔晓松","REVIEWED","2025-08-14T04:55:46Z"
"1955820449926733824","奶龙给我力量","Thinktime Error","四川师范大学","Sichuan Normal University","四川省","成都","吕鸣睿","吕鸣睿/周怡佳/李庚润","徐勇","REVIEWED","2025-08-14T02:35:07Z"
"1955786180995047424","go学长想要拿冠军","gogogo","四川师范大学","Sichuan Normal University","四川省","成都","唐佳毅","丁顺锋/唐佳毅/赖星兆","徐勇","REVIEWED","2025-08-14T00:18:56Z"
"1955665783943323648","江南可乐","Eastern Cola","桂林航天工业学院","Guilin University of Aerospace Technology","广西壮族自治区","桂林","李勇强","李勇强/江文彬/梁远贵","何金花","REVIEWED","2025-08-13T16:20:32Z"
"1955664094796439552","因为在0721和我推的绫地宁宁组一辈子乐队","onanii","东华大学","Donghua University","上海市","上海","王飘飏","孙鹏辉/徐之恒/王飘飏","黄永锋","REVIEWED","2025-08-13T16:13:49Z"
"1955663015056760832","不吃蔬菜","Not eating vegetables","东华大学","Donghua University","上海市","上海","王朝勋","王朝勋/叶起源/赵雨康","黄永锋","REVIEWED","2025-08-13T16:09:31Z"
"1955662898719350784","不可视境界线","Invisible Boundary","东华大学","Donghua University","上海市","上海","杨韵清","杨韵清/沈兴波/金浩帆","黄永锋","REVIEWED","2025-08-13T16:09:04Z"
"1955662780687441920","句点，终焉扭转","Period, the Reversal of Finality","东华大学","Donghua University","上海市","上海","鲍威凌","鲍威凌/张晓高/蔡晋","黄永锋","REVIEWED","2025-08-13T16:08:36Z"
"1955662635329642496","猫尾草","Uraria","东华大学","Donghua University","上海市","上海","刘一杰","刘一杰/占宏/詹子涵","黄永锋","REVIEWED","2025-08-13T16:08:01Z"
"1955662456627126272","福音摇滚","Gospel rock","东华大学","Donghua University","上海市","上海","钟卓远","钟卓远/程君豪/刘亚锐","黄永锋","REVIEWED","2025-08-13T16:07:18Z"
"1955662296450850816","凌梦舟","Mirage Levitate Zodiac","东华大学","Donghua University","上海市","上海","刘逸伦","刘逸伦/马显轩/赵胜文","黄永锋","REVIEWED","2025-08-13T16:06:40Z"
"1955655199524904960","顺境吃圆博，逆境洗澡澡，绝境靠建强","Jianqiang got MVP","安徽大学","Anhui University","安徽省","合肥","许子桢","许子桢/吕建强/刘圆博","周健","REVIEWED","2025-08-13T15:38:28Z"
"1955655048408326144","喵喵喵~","=^●ω●^=","安徽大学","Anhui University","安徽省","合肥","董劲豪","郑皓天/姚天翔/董劲豪","周健","REVIEWED","2025-08-13T15:37:52Z"
"1955654922184941568","神秘WA学弟","WAWAWA","安徽大学","Anhui University","安徽省","合肥","李子涵","李子涵/高源/吴元斌","周健","REVIEWED","2025-08-13T15:37:22Z"
"1955654783584165888","众梦之聚","all for dream","安徽大学","Anhui University","安徽省","合肥","许钧剑","周宇轩/许钧剑/姚锐","李春春","REVIEWED","2025-08-13T15:36:49Z"
"1955654621503676416","WA是没有理由的，只是今天没能调出bug罢了","Overlooking View","安徽大学","Anhui University","安徽省","合肥","潘灿","潘灿/杜天正/甘佩俊","周健","REVIEWED","2025-08-13T15:36:10Z"
"1955654305580310528","想要飞升萝莉星球","LolitaParadise","安徽大学","Anhui University","安徽省","合肥","高研","高研/程良杰/李宇齐","周健","REVIEWED","2025-08-13T15:34:55Z"
"1955650848551067648","枚举连接大脑，暴力代替思考","Heard nothing but ""wa""","西南财经大学","Southwestern University of Finance and Economics","四川省","成都","张玲玲","张玲玲/胡泽滨/杨富贵","陈智","REVIEWED","2025-08-13T15:21:11Z"
"1955650366843641856","队友队友要不要和我一起打xcpc喵喵喵喵喵","Meow meow meow","西南财经大学","Southwestern University of Finance and Economics","四川省","成都","朱哲含","朱哲含/陈瑾/郭子欣","陈智","REVIEWED","2025-08-13T15:19:16Z"
"1955648970752778240","微笑面队","Confront with a smile","西南财经大学","Southwestern University of Finance and Economics","四川省","成都","吕烨","吕烨/向莘玉/张欣宇","陈智","REVIEWED","2025-08-13T15:13:43Z"
"1955647017805144064","狼狼狼","wolf wolf wolf","西南财经大学","Southwestern University of Finance and Economics","四川省","成都","吴晗","吴晗/杨龙皓/匡政宇","陈智","REVIEWED","2025-08-13T15:05:57Z"
"1955646006873022464","我们要2打3了","We're going two against three","广东培正学院","Guang Dong Peizheng College","广东","广州","沈亦鱼","沈亦鱼/黄铭锋","龙君芳","REVIEWED","2025-08-13T15:01:56Z"
"1955644246288752640","全数队","Terminator","西南财经大学","Southwestern University of Finance and Economics","四川省","成都","陈沐灵","陈沐灵/林祥兴/王道涵","陈智","REVIEWED","2025-08-13T14:54:57Z"
"1955642148230782976","呆头呆脑","HPU-4","河南理工大学","Henan Polytechnic University","河南省","焦作","张立攀","张立攀/宋幸威/张科文","王建芳","REVIEWED","2025-08-13T14:46:36Z"
"1955641825542004736","琪亚娜出击队","HPU-3","河南理工大学","Henan Polytechnic University","河南省","焦作","刘逸潇","刘逸潇/李玉龙/刘成成","王建芳","REVIEWED","2025-08-13T14:45:19Z"
"1955641263182307328","蛋仔派队","HPU-2","河南理工大学","Henan Polytechnic University","河南省","焦作","李博","李博/赵彪/李子恒","王建芳","REVIEWED","2025-08-13T14:43:05Z"
"1955640811397046272","春秋蝉鸣泣之时","HPU-1","河南理工大学","Henan Polytechnic University","河南省","焦作","李梦洋","李梦洋/熊佳乐/马俊超","王建芳","REVIEWED","2025-08-13T14:41:18Z"
"1955632462513299456","打网络赛被管家活活打断了双腿","hide ilya","宁波工程学院","Ningbo University of Technology","浙江省","宁波","陈南丞","陈南丞/叶德坚/郑坚淳","宣江华","REVIEWED","2025-08-13T14:08:07Z"
"1955622876951601152","泥，蒸！","Hebut,thriving!","河北工业大学","Hebei University of Technology","河北省","天津","黄文","黄文/赵子涵/黄锦翔","石陆魁","REVIEWED","2025-08-13T13:30:02Z"
"1955615014141550592","没有下次再见吧","Fondness? Delusion!","江西财经大学","Jiangxi University of Finance and Economics","江西省","南昌","黄亦诚","万俊哲/衷铭川/黄亦诚","焦贤沛","REVIEWED","2025-08-13T12:58:47Z"
"1955614702076944384","让我拿个奖吧求求了","happy new year","江西财经大学","Jiangxi University of Finance and Economics","江西省","南昌","王天浩","胡强/黄辉/王天浩","焦贤沛","REVIEWED","2025-08-13T12:57:33Z"
"1955614569117507584","我很贪心很想赢","Greedy But Ac","江西财经大学","Jiangxi University of Finance and Economics","江西省","南昌","刘文浩","刘文浩/胡剑东/王征","焦贤沛","REVIEWED","2025-08-13T12:57:01Z"
"1955614221803970560","鱼跃千帆过，羊踏万里程","Killer Queen","江西财经大学","Jiangxi University of Finance and Economics","江西省","南昌","陈帆","陈帆/杨镇宁/钟俊","焦贤沛","REVIEWED","2025-08-13T12:55:38Z"
"1955613992983715840","阳光彩虹不白码","Sunshine Black Coder","江西财经大学","Jiangxi University of Finance and Economics","江西省","南昌","陶金杰","陶金杰/李润卓/李承志","焦贤沛","REVIEWED","2025-08-13T12:54:44Z"
"1955612721656619008","愿此行，终抵Final","May this voyage culminate in the Final","西南财经大学","Southwestern University of Finance and Economics","四川省","成都","刘彻","刘彻/祝亚辉/蒋思翔","陈智","REVIEWED","2025-08-13T12:49:41Z"
"1955609545016598528","姜还是老的辣知道不","Older Ginger Is Spicier","浙江师范大学","Zhejiang Normal University","浙江省","金华","刘思源","童培峻/刘思源/许凯胤","邱晟","REVIEWED","2025-08-13T12:37:03Z"
"1955609483561656320","我是猫娘","u r catgirl","浙江师范大学","Zhejiang Normal University","浙江省","金华","潘锦桦","潘锦桦/曹钰超/俞天琦","韩建民","REVIEWED","2025-08-13T12:36:49Z"
"1955609433557164032","我将以猫形态出击 Gundam Cat","miaomiaomiaomiao","浙江师范大学","Zhejiang Normal University","浙江省","金华","兰博望","兰博望/周雨星/余健原","邱晟","REVIEWED","2025-08-13T12:36:37Z"
"1955609364623777792","ACM（★）| 花开富贵（崭新出厂）","Blossoms of prosperity (brand new)","浙江师范大学","Zhejiang Normal University","浙江省","金华","李燕斌","李燕斌/张之娴/吴昂泽","韩建民","REVIEWED","2025-08-13T12:36:20Z"
"1955609290241990656","主包,主包,这一次能拿牌吗?","Streamer, streamer, can we win a medal this time?","浙江师范大学","Zhejiang Normal University","浙江省","金华","金涵博","金涵博/汪暄暄/陈佳宜","邱晟","REVIEWED","2025-08-13T12:36:02Z"
"1955609211061919744","面向样例贪心","Always in jail","浙江师范大学","Zhejiang Normal University","浙江省","金华","陈智","陈智/姜翔元/周纪恺","韩建民","REVIEWED","2025-08-13T12:35:44Z"
"1955609159178379264","未名征途烙星痕","Untitled_Dream","浙江师范大学","Zhejiang Normal University","浙江省","金华","杨琳","杨琳/曹海/沈睿","邱晟","REVIEWED","2025-08-13T12:35:31Z"
"1955609099074002944","不是我喜欢的题目，直接哈气","Where there's a will, Heaven makes a way beneath my feet.","浙江师范大学","Zhejiang Normal University","浙江省","金华","李侑轩","李侑轩/黄玉景/刘彦博","韩建民","REVIEWED","2025-08-13T12:35:17Z"
"1955609024176316416","样例能过就AC","example==AC","浙江师范大学","Zhejiang Normal University","浙江省","金华","林初凡","林初凡/李宇廷/严惟傲","邱晟","REVIEWED","2025-08-13T12:34:59Z"
"1955608949920358400","听取WA声一片","WA WA WA","浙江师范大学","Zhejiang Normal University","浙江省","金华","赵文博","赵文博/樊彬/倪千淇","韩建民","REVIEWED","2025-08-13T12:34:41Z"
"1955608680079810560","蒟蒻三巨头","Newbie","浙江师范大学","Zhejiang Normal University","浙江省","金华","余柏翰","黄炫皓/邵一航/余柏翰","邱晟","REVIEWED","2025-08-13T12:33:37Z"
"1955608617236553728","给我吃一口脑子","eat eat brain","浙江师范大学","Zhejiang Normal University","浙江省","金华","方佳莹","方佳莹/郑演琪/鄢博威","韩建民","REVIEWED","2025-08-13T12:33:22Z"
"1955571693864083456","迷路的ACMer不打铁","Au Dream! It's ACMer!!!","山西大学","Shanxi University","山西省","太原","王嘉硕","王嘉硕/王盛宇/于亚玄","曹学飞","REVIEWED","2025-08-13T10:06:39Z"
"1955541209784246272","给我丢把AK","We haven't AK","山东财经大学","Shandong University of Finance and Economics","山东省","济南","孙晨雨","孙晨雨/罗荣怀/张志强","李恒武","REVIEWED","2025-08-13T08:05:31Z"
"1955535657075204096","月相人生","Full Moon, Full Life","丽水学院","Lishui University","浙江省","丽水","杨楠","杨楠/孙愉超/江安煜","卢诚波","REVIEWED","2025-08-13T07:43:27Z"
"1955535234729762816","萌萌香后援团","Mengmengxiang Fan Club","丽水学院","Lishui University","浙江省","丽水","欧烨","欧烨/胡峻豪/张威皓","卢诚波","REVIEWED","2025-08-13T07:41:46Z"
"1955534979934183424","为了AC练就铁腚","AC ButtForged","丽水学院","Lishui University","浙江省","丽水","王烨","王烨/邱嘉琦/郑钧升","卢诚波","REVIEWED","2025-08-13T07:40:45Z"
"1955534619639275520","404NotFound","404NotFound","丽水学院","Lishui University","浙江省","丽水","吴松泽","吴松泽/黄宇硕/徐宇帆","卢诚波","REVIEWED","2025-08-13T07:39:20Z"
"1955534353145782272","希翼之门","Steins Gate","丽水学院","Lishui University","浙江省","丽水","王运城","王运城/王丰源/刘世超","卢诚波","REVIEWED","2025-08-13T07:38:16Z"
"1955533895727570944","AK培养手册","AK Training Manual","丽水学院","Lishui University","浙江省","丽水","桂桢喃","桂桢喃/刘怡辰/张苏梦","卢诚波","REVIEWED","2025-08-13T07:36:27Z"
"1955531738215342080","CDU3","CDU3","成都大学","Chengdu University","四川省","成都","张发亮","张发亮/罗志林/胡昱璠","鄢涛","REVIEWED","2025-08-13T07:27:53Z"
"1955531710956560384","CDU2","CDU2","成都大学","Chengdu University","四川省","成都","陈纪元","陈纪元/郭名伟/张凡盛","鄢涛","REVIEWED","2025-08-13T07:27:46Z"
"1955531616911876096","妹相随～黑白世界的缤纷冒险～","CDU1","成都大学","Chengdu University","四川省","成都","万名森","万名森/冉天祺/赵嘉源","鄢涛","REVIEWED","2025-08-13T07:27:24Z"
"1955522763293974528","你好","Yeah","四川师范大学","Sichuan Normal University","四川省","成都","刘镇涛","刘镇涛/桂林秀/谌泽轩","徐勇","REVIEWED","2025-08-13T06:52:13Z"
"1955522663113023488","代码对不队","Knight","湖南人文科技学院","Hunan University of Humanities, Science and Technology","湖南省","娄底","孙洁龙","孙洁龙/李珩华/王兴典","肖敏雷","REVIEWED","2025-08-13T06:51:49Z"
"1955519517733150720","重生之我在信大","Reborn: My Life in IEU","中国人民解放军网络空间部队信息工程大学","Information Engineering University","河南省","郑州","蔡智勋","蔡智勋/闫国基/赵凌睿","周刚","REVIEWED","2025-08-13T06:39:19Z"
"1955519445679202304","花生可","H_songkai","中国人民解放军网络空间部队信息工程大学","Information Engineering University","河南省","郑州","黄颂凯","黄颂凯/李鸣铭/王瑞雪","房礼国","REVIEWED","2025-08-13T06:39:02Z"
"1955519366264250368","新旬拔队","new8","中国人民解放军网络空间部队信息工程大学","Information Engineering University","河南省","郑州","林万新","林万新/张裕颉/丁钧铖","王婧","REVIEWED","2025-08-13T06:38:43Z"
"1955519316641439744","208","208","中国人民解放军网络空间部队信息工程大学","Information Engineering University","河南省","郑州","唐日文","史秉轩/陈铮/唐日文","刘晨阳","REVIEWED","2025-08-13T06:38:31Z"
"1955513829564866560","垫底超人","Hello World","四川师范大学","Sichuan Normal University","四川省","成都","肖思伽","肖思伽/龚柯予/梁芸溪","徐勇","REVIEWED","2025-08-13T06:16:43Z"
"1955511415688388608","一觉醒来，全球算法水平下降一万倍","Code Fade","四川师范大学","Sichuan Normal University","四川省","成都","陈雨泉","陈雨泉/刘航志/罗志","徐勇","REVIEWED","2025-08-13T06:07:07Z"
"1955510296098627584","哈基米南北绿豆","Hachimi","四川师范大学","Sichuan Normal University","四川省","成都","王梓","王梓/李海正/林诗淇","徐勇","REVIEWED","2025-08-13T06:02:40Z"
"1955506658789810176","复制粘贴战士","Ctrl CV Warriors","山东财经大学","Shandong University of Finance and Economics","山东省","济南","孙博畅","孙博畅/林烨洋/高昌宇","李恒武","REVIEWED","2025-08-13T05:48:13Z"
"1955499514040410112","睡到太阳下","lingran","湖南人文科技学院","Hunan University of Humanities, Science and Technology","湖南省","娄底","仇宇弘","仇宇弘/孙金城/朱佳悦","肖敏雷","REVIEWED","2025-08-13T05:19:50Z"
"1955497947652415488","队里有猫娘","catwoman on the team","湖南人文科技学院","Hunan University of Humanities, Science and Technology","湖南省","娄底","周念祖","周念祖/戴宇豪/李泽哲","肖敏雷","REVIEWED","2025-08-13T05:13:36Z"
"1955491265664770048","安慕希暴力打铁Ciallo～(∠・ω< )⌒★","Minecraft violence earns iron medal Ciallo~(∠·ω< )⌒★","山西大学","Shanxi University","山西省","太原","汪杨涛","汪杨涛/党雨乐/康家昊","曹学飞","REVIEWED","2025-08-13T04:47:03Z"
"1955307209354371072","破晓星","DawnStar","东华理工大学","East China University of Technology","江西省","南昌","魏嘉豪","魏嘉豪/涂嘉乐/熊永荣","余小军","REVIEWED","2025-08-12T16:35:41Z"
"1955279758989451264","！","""\n\u000d\u000a!","山东财经大学","Shandong University of Finance and Economics","山东省","济南","张承洲","张承洲/孟庆睿/袁硕","孟宪静","REVIEWED","2025-08-12T14:46:36Z"
"1955262419665412096","起名不比算法简单","name easy","山东财经大学","Shandong University of Finance and Economics","山东省","济南","宋家浩","宋家浩/钱玮浩/樊宣","李恒武","REVIEWED","2025-08-12T13:37:42Z"
"1955260523974221824","看起来菜但很能编","404 Not Found","山东财经大学","Shandong University of Finance and Economics","山东省","济南","曹萌萌","曹萌萌/胡宇涵/郝方岚","孟宪静","REVIEWED","2025-08-12T13:30:10Z"
"1955249221381906432","请输入文本","Please enter text","山东财经大学","Shandong University of Finance and Economics","山东省","济南","李林诺","李林诺/范志博/张轩铭","孟宪静","REVIEWED","2025-08-12T12:45:15Z"
"1955231120951074816","叮咚哈基米","hachimi not included","宁波工程学院","Ningbo University of Technology","浙江省","宁波","胡一鸣","胡一鸣/蔡浩宇/陆弘杰","宣江华","REVIEWED","2025-08-12T11:33:20Z"
"1955228907138703360","在ICPC上花35分钟切了0道题排行第234","hidesuwa(lie in the sand desperately)","宁波工程学院","Ningbo University of Technology","浙江省","宁波","蔡佳君","蔡佳君/叶双强/郑一罕","宣江华","REVIEWED","2025-08-12T11:24:32Z"
"1955220574101037056","WRL","WRL","中原工学院","Zhongyuan University Of Technology","河南省","郑州","李梦阳","李梦阳/杨仕尧/丁凯","刘安战","REVIEWED","2025-08-12T10:51:25Z"
"1955200332402515968","饶师院一队","SRNU Team 1","上饶师范学院","Shangrao Normal University","江西省","上饶","黄佳宇","黄佳宇/吴柏康/侯赵琪","蒋昌猛","REVIEWED","2025-08-12T09:30:59Z"
"1955192079668994048","天然愚蠢","Authentic Ignorance","北京师范大学珠海校区","Beijing Normal University at Zhuhai","广东省","珠海","蔡泽俊","蔡泽俊/周大智/何晋熙","叶梦杰","REVIEWED","2025-08-12T08:58:12Z"
"1955191843433209856","一条咸鱼","A Salted Fish","北京师范大学珠海校区","Beijing Normal University at Zhuhai","广东省","珠海","许愉璇","许愉璇/李芮贤/黄逸菲","叶梦杰","REVIEWED","2025-08-12T08:57:15Z"
"1955190176558080000","唯有遗忘是最漫长","Time is the best medicine","四川现代职业学院","Sichuan Modern Vocational College","四川省","成都","何彦儒","何彦儒/王广仁/冯婕雨","孙中兵","REVIEWED","2025-08-12T08:50:38Z"
"1955184204255059968","愿此行，终抵群星","Star Journey","鲁东大学","Ludong University","山东省","烟台","张瑞哲","张瑞哲","张小峰","REVIEWED","2025-08-12T08:26:54Z"
"1955180566174490624","完赛后舞萌俱乐部","After Competition MaiMai Club","上海杉达学院","Shanghai Sanda University","上海市","上海","陆剑峰","张晟源/陆剑峰/姜欣楠","张圣筛","REVIEWED","2025-08-12T08:12:27Z"
"1955176730227630080","Dreamfire","Dreamfire","北京城市学院","Beijing City University","北京市","北京","党金鹏","张依林/姜耀东/党金鹏","吉鹏硕","REVIEWED","2025-08-12T07:57:12Z"
"1955175240922554368","这次别叫奶龙了","No MilkDragon This Time","上海第二工业大学","Shanghai Polytechnic University","上海市","上海","刘俊威","邬恩轶/罗博航/刘俊威","曹校林","REVIEWED","2025-08-12T07:51:17Z"
"1955174848943874048","⑨","Cirno","上海第二工业大学","Shanghai Polytechnic University","上海市","上海","何易","何易/马建强/马韩明轩","曹校林","REVIEWED","2025-08-12T07:49:44Z"
"1955142420342710272","真寻教","Mahiro","宁夏理工学院","Ningxia Institute of Science and Technology","宁夏回族自治区","石嘴山","吴子翔","吴子翔","","REJECTED","2025-08-12T05:40:52Z"
"1955118363077451776","希远","Seer","内蒙古工业大学","Inner Mongolia University of Technology","内蒙古自治区","呼和浩特","李耀","李耀/苏耀文/刘天祥","安兴亚","REVIEWED","2025-08-12T04:05:16Z"
"1955077231886934016","轮椅压牛算猪脚吗","Runtime Terrorist","北京语言大学","Beijing Language and Culture University","北京市","北京","林之钦","许中豪/蒋帅/林之钦","杨麟儿","REVIEWED","2025-08-12T01:21:50Z"
"1955063473735147520","阿比盖尔之花","Abiyin's flower","郑州经贸学院","Zhengzhou University of Economics and Business","河南省","郑州","王哲","王哲/席玮辰/张海乐","薛峰","REVIEWED","2025-08-12T00:27:10Z"
"1955046568966168576","汪汪汪汪汪汪队","wangwangteam","阜阳师范大学","Fuyang Normal University","安徽省","阜阳","张学治","张学治/孙健/王欣","范建中","REVIEWED","2025-08-11T23:19:59Z"
"1955046177960566784","偷偷打比赛","Secret Squad","阜阳师范大学","Fuyang Normal University","安徽省","阜阳","徐翔宇","徐翔宇/黄光亚/李航","范建中","REVIEWED","2025-08-11T23:18:26Z"
"1954907709208993792","不需要 ap 和 aj，需要 ac","Dont' need ap and aj,need ac","河北工业大学","Hebei University of Technology","河北省","天津","朱宸岐","朱宸岐/张天铄/杜凌文","石陆魁","REVIEWED","2025-08-11T14:08:12Z"
"1954906881073029120","曼波曼波","manbo manbo","河北工业大学","Hebei University of Technology","河北省","天津","刘弈廷","李瀚文/黄思惟/刘弈廷","石陆魁","REVIEWED","2025-08-11T14:04:55Z"
"1954900566925844480","老Java炒河粉","Old Java Chow Fun","哈尔滨石油学院","Harbin Institute of Petroleum","黑龙江省","哈尔滨","莫柳靖","莫柳靖/张家铭/申家欣","冯尔达","REVIEWED","2025-08-11T13:39:50Z"
"1954854840820768768","爆裂黎明","Dawn BOOM","阜阳师范大学","Fuyang Normal University","安徽省","阜阳","张鹏程","张鹏程/严航/刘欣怡","范建中","REVIEWED","2025-08-11T10:38:08Z"
"1954853981210746880","南蛮入侵","Nanman invasion","阿坝师范学院","Aba Teachers College","四川省","阿坝","胡航","胡航/刘付焮/冯浩","谢科","REVIEWED","2025-08-11T10:34:43Z"
"1954853403147575296","我从没觉得打算法竞赛开心过","CRYCHIC","宁德师范学院","Ningde Normal University","福建省","宁德","杨哲凯","杨哲凯/张耀隆","范业仙","REVIEWED","2025-08-11T10:32:25Z"
"1954845809381154816","风滚金轮草","Wind rolling goldenrod","中国传媒大学","Communication University Of China","北京市","北京","谢嘉彤","谢嘉彤/蔡奕麟/龙岑华","黄玮","REVIEWED","2025-08-11T10:02:14Z"
"1954845723234344960","再演","Pretests Passed (3)","中国传媒大学","Communication University Of China","北京市","北京","陈旻庚","陈旻庚/朱霁/叶阳","杨丽芳","REVIEWED","2025-08-11T10:01:54Z"
"1954845634692587520","return inv(wa);","return inv(wa);","中国传媒大学","Communication University Of China","北京市","北京","范金旭","范金旭/刘钰/杜可","杨丽芳","REVIEWED","2025-08-11T10:01:33Z"
"1954845455444811776","葬送的acmer与香辛料","Burial of the ACMers and Spices","中国传媒大学","Communication University Of China","北京市","北京","李善朔","李善朔/余逸阳/赵俊凯","黄玮","REVIEWED","2025-08-11T10:00:50Z"
"1954845155669516288","天衣无缝","AC loves us again","中国传媒大学","Communication University Of China","北京市","北京","马博浩","马博浩/张雨姗/朱思彤","黄玮","REVIEWED","2025-08-11T09:59:39Z"
"1954845080461451264","爱WA还是Go","WA or Go?","中国传媒大学","Communication University Of China","北京市","北京","李萌","李萌/卢嘉诚/梁峻搏","黄玮","REVIEWED","2025-08-11T09:59:21Z"
"1954843267809091584","三只珍妮","Triple Jenny","鲁东大学","Ludong University","山东省","烟台","孙健强","孙健强/袁正杰/李俊锋","张小峰","REVIEWED","2025-08-11T09:52:08Z"
"1954839487642279936","独木难成林","A single tree cannot make a forest","郑州经贸学院","Zhengzhou University of Economics and Business","河南省","郑州","张云飞","张云飞/顾陆军/杨兴州","夏辉丽","REVIEWED","2025-08-11T09:37:07Z"